{
  "cell_id": "n16_f10_vsketch_r2",
  "n": 16,
  "f_hz": 10,
  "view": "sketch",
  "rep": 2,
  "duration_s": 20.0,
  "actual_elapsed_s": 20.007696628570557,
  "n_state_updates": 3200,
  "n_dispatch_queries": 3878,
  "n_deadline_missed": 0,
  "size": {
    "avg": 432.3784375,
    "p50": 432,
    "p95": 436,
    "p99": 437,
    "min": 423,
    "max": 438
  },
  "build_us_p95": 57.057,
  "ser_us_p95": 6.057,
  "deser_us_p95": 11.963,
  "merge_us_p95": 1.958,
  "total_us_p95": 79.502,
  "dispatch_latency_us_p50": 21.26,
  "dispatch_latency_us_p95": 28.48,
  "dispatch_latency_us_p99": 34.986
}