{
  "cell_id": "n4_f10.0_vsketch_r2",
  "n": 4,
  "f_hz": 10.0,
  "view": "sketch",
  "rep": 2,
  "duration_s": 30,
  "n_updates": 300,
  "size_avg": 426.32,
  "size_p95": 429,
  "size_p99": 429,
  "size_max": 429,
  "traffic_Bps": 17052.8,
  "traffic_MBps": 0.0170528,
  "ser_us_p95": 6.358,
  "deser_us_p95": 11.94,
  "merge_us_p95": 133.183,
  "total_us_p95": 184.134,
  "dispatch_p50": 6.735,
  "dispatch_p95": 7.396,
  "dispatch_p99": 9.141,
  "dispatch_q_count": 97,
  "actual_elapsed_s": 30.50152325630188,
  "achieved_hz": 9.835574357356641
}