{
  "cell_id": "round-robin_f5_none_r3_w12_s10_c4",
  "policy": "round-robin",
  "rep": 3,
  "noise_targets": null,
  "noise_rps": 2.0,
  "freq_hz": 5.0,
  "n_workflows": 12,
  "n_steps": 10,
  "concurrent": 4,
  "duration_s": 75.0,
  "n_state_updates": 263,
  "ttft_p50": 106.79443,
  "ttft_p95": 276.250839,
  "ttft_p99": 1412.578313,
  "tpot_p50": 47.20225190625,
  "tpot_p95": 63.59372034375,
  "tpot_p99": 65.06280842857143,
  "cache_hit_rate": 0.8900422475269107,
  "cache_hits_delta": 85744.0,
  "cache_queries_delta": 96337.0,
  "load_stdev": 0.5080103152198798,
  "sla_success_rate": 0.9916666666666667,
  "workflow_completion_p50": 14611.122726,
  "workflow_completion_p95": 23985.459329,
  "workflow_completion_p99": 24691.413367,
  "n_total_steps": 120,
  "n_failed_steps": 0,
  "failure_rate": 0.0,
  "state_size_avg": 341.1539923954373,
  "state_size_p95": 363,
  "state_traffic_Bps": 13646.159695817492,
  "dispatch_decision_p50": 54.271,
  "dispatch_decision_p95": 67.957,
  "dispatch_decision_p99": 86.466,
  "ttft_raw": [
    276.250839,
    100.867719,
    261.607394,
    95.893274,
    117.097282,
    98.904981,
    137.201096,
    64.756738,
    143.884082,
    121.085172,
    208.179834,
    66.834792,
    62.040726,
    126.724752,
    104.410838,
    69.432998,
    115.223423,
    107.852861,
    108.941096,
    295.244139,
    60.0131,
    104.674514,
    130.218935,
    142.686144,
    54.150699,
    423.663303,
    57.746077,
    83.103814,
    111.661395,
    68.182917,
    52.721552,
    80.789501,
    156.236405,
    56.241432,
    59.746473,
    197.559175,
    64.510914,
    104.021061,
    101.908888,
    53.173377,
    61.990633,
    150.525839,
    62.232493,
    63.875746,
    192.67153,
    160.515992,
    72.707096,
    73.708526,
    55.163497,
    117.161804,
    128.461844,
    57.867715,
    118.228139,
    61.792396,
    191.444863,
    141.800535,
    102.481568,
    98.391025,
    117.137385,
    150.847828,
    1412.578313,
    165.642207,
    1225.104941,
    6866.359483,
    150.355908,
    190.284033,
    80.308266,
    262.630926,
    117.580215,
    97.745529,
    191.241217,
    157.293748,
    54.400097,
    100.983825,
    65.704669,
    109.442727,
    94.682781,
    82.638849,
    141.146991,
    132.759726,
    148.266029,
    127.560141,
    73.137123,
    224.564023,
    54.904117,
    85.310024,
    93.7649,
    118.906811,
    108.094005,
    59.188797,
    151.930838,
    150.593413,
    163.786527,
    63.562536,
    61.923354,
    131.14877,
    144.823688,
    85.4104,
    182.478526,
    101.389047,
    80.264732,
    110.788479,
    89.587682,
    127.559784,
    99.538653,
    64.577131,
    99.203289,
    294.891869,
    64.410441,
    112.897755,
    89.697674,
    106.79443,
    141.750509,
    102.102597,
    98.469303,
    174.353947,
    77.767277,
    108.92522,
    89.927469,
    69.703395
  ],
  "decision_raw": [
    85.508,
    69.27199999999999,
    64.124,
    65.287,
    55.171,
    52.681,
    53.838,
    55.763,
    44.933,
    55.442,
    54.736,
    56.697,
    64.93100000000001,
    55.791999999999994,
    55.392,
    52.3,
    53.185,
    54.231,
    61.297000000000004,
    63.465,
    57.065000000000005,
    69.14099999999999,
    53.251000000000005,
    54.507,
    57.528,
    49.907000000000004,
    51.961,
    62.691,
    54.056,
    52.317,
    43.661,
    53.291000000000004,
    53.126,
    59.528000000000006,
    59.197,
    55.747,
    56.572,
    54.117,
    49.649,
    92.64099999999999,
    57.951,
    54.153999999999996,
    53.555,
    43.946000000000005,
    49.821000000000005,
    54.271,
    56.301,
    46.551,
    63.955999999999996,
    50.226000000000006,
    54.937,
    54.297,
    29.162,
    50.86,
    49.97,
    61.008,
    48.8,
    54.131,
    43.951,
    62.388,
    39.018,
    51.086,
    51.251,
    57.635,
    53.977999999999994,
    58.748,
    48.375,
    51.927,
    74.171,
    51.434000000000005,
    57.701,
    58.839999999999996,
    67.957,
    53.107,
    51.585,
    53.403999999999996,
    52.267,
    50.907,
    51.557,
    52.869,
    52.163999999999994,
    52.410000000000004,
    50.007,
    50.156,
    52.03,
    52.970000000000006,
    52.035,
    56.824999999999996,
    34.962999999999994,
    53.297999999999995,
    54.448,
    55.821,
    63.741,
    64.371,
    56.314,
    50.952999999999996,
    42.456999999999994,
    42.315,
    53.542,
    60.722,
    59.1,
    51.78,
    41.421,
    58.316,
    62.105000000000004,
    52.474,
    61.442,
    56.415,
    57.191,
    86.466,
    60.717,
    60.036,
    24.714000000000002,
    61.077,
    65.227,
    66.548,
    67.462,
    57.617,
    53.336,
    57.665
  ]
}