{
  "cell_id": "coarse_chatbot_coarse_f10_r2",
  "policy": "coarse",
  "workload": "chatbot",
  "view": "coarse",
  "freq_hz": 10,
  "rep": 2,
  "ctx_tokens": 512,
  "tool_delay_ms": 0,
  "n_workflows": 600,
  "n_steps": 1,
  "concurrent": 16,
  "duration_s": 75,
  "n_state_updates": 882,
  "state_size_avg": 359.7488662131519,
  "state_size_p95": 365,
  "state_size_max": 365,
  "state_traffic_Bps": 28779.909297052152,
  "dispatch_decision_p50": 82.532,
  "dispatch_decision_p95": 107.21300000000001,
  "dispatch_decision_p99": 133.27599999999998,
  "dispatch_decision_p99_mean": 83.403475,
  "ttft_p50": 124.607469,
  "ttft_p95": 292.025665,
  "ttft_p99": 470.792626,
  "request_latency_p95": 0,
  "workflow_completion_p50": 2874.792717,
  "workflow_completion_p95": 7816.029997,
  "workflow_completion_p99": 11043.267441,
  "cache_hits_delta": 137376.0,
  "cache_queries_delta": 143472.0,
  "cache_hit_rate": 0.9575108732017397,
  "same_instance_step_ratio": 0,
  "n_total_requests": 600,
  "n_failed_requests": 0,
  "load_stdev": 1.1592665135449693
}