{
  "cell_id": "oracle_oracle_prefix_locality_ctx1024_s8_w12_c4_td0_f10_r1",
  "policy": "oracle",
  "view": "oracle",
  "workload": "prefix_locality",
  "ctx_tokens": 1024,
  "n_steps": 8,
  "n_workflows": 12,
  "concurrent": 4,
  "duration_s": 120,
  "rep": 1,
  "freq_hz": 10,
  "tool_delay_ms": 0,
  "n_state_updates": 570,
  "ttft_p50": 157.754961,
  "ttft_p95": 349.031295,
  "ttft_p99": 366.293725,
  "tpot_p50": 129.32418883333335,
  "tpot_p95": 161.17849025,
  "workflow_completion_p50": 24828.356078,
  "workflow_completion_p95": 28674.160615,
  "workflow_completion_p99": 29073.510743,
  "cache_hit_rate": 0.9742166559927892,
  "cache_hits_delta": 82144.0,
  "cache_queries_delta": 84318.0,
  "n_total_steps": 84,
  "cross_instance_switches": 7,
  "same_instance_step_ratio": 0.9166666666666666,
  "n_total_workflows": 12,
  "n_successful_workflows": 12,
  "n_failed_requests": 0,
  "load_stdev": 0.6661887019053633,
  "state_size_avg": 2473.2991228070177,
  "state_size_p95": 4909,
  "state_size_max": 5068,
  "state_traffic_Bps": 197863.9298245614,
  "dispatch_decision_p50": 55.802,
  "dispatch_decision_p95": 71.931,
  "dispatch_decision_p99": 86.345
}