{
  "cell_id": "n128_f50_vsketch_r1",
  "n": 128,
  "f_hz": 50,
  "view": "sketch",
  "rep": 1,
  "duration_s": 20.0,
  "actual_elapsed_s": 20.136757850646973,
  "n_state_updates": 128000,
  "n_dispatch_queries": 3002,
  "n_deadline_missed": 0,
  "size": {
    "avg": 747.1884765625,
    "p50": 747,
    "p95": 755,
    "p99": 758,
    "min": 726,
    "max": 766
  },
  "build_us_p95": 86.954,
  "ser_us_p95": 2.74,
  "deser_us_p95": 6.815,
  "merge_us_p95": 1.197,
  "total_us_p95": 97.897,
  "dispatch_latency_us_p50": 98.786,
  "dispatch_latency_us_p95": 105.571,
  "dispatch_latency_us_p99": 115.323
}