{
  "cell_id": "oracle_oracle_prefix_locality_ctx1536_s8_w12_c4_td0_f10_r1",
  "policy": "oracle",
  "view": "oracle",
  "workload": "prefix_locality",
  "ctx_tokens": 1536,
  "n_steps": 8,
  "n_workflows": 12,
  "concurrent": 4,
  "duration_s": 120,
  "rep": 1,
  "freq_hz": 10,
  "tool_delay_ms": 0,
  "n_state_updates": 638,
  "ttft_p50": 206.82925,
  "ttft_p95": 475.945672,
  "ttft_p99": 512.784467,
  "tpot_p50": 130.08287220833333,
  "tpot_p95": 209.06093220833336,
  "workflow_completion_p50": 27201.677218,
  "workflow_completion_p95": 42003.675652,
  "workflow_completion_p99": 42201.258159,
  "cache_hit_rate": 0.9634827532309413,
  "cache_hits_delta": 117120.0,
  "cache_queries_delta": 121559.0,
  "n_total_steps": 84,
  "cross_instance_switches": 4,
  "same_instance_step_ratio": 0.9523809523809523,
  "n_total_workflows": 12,
  "n_successful_workflows": 12,
  "n_failed_requests": 0,
  "load_stdev": 0.6428766898072589,
  "state_size_avg": 2397.379898119122,
  "state_size_p95": 4393,
  "state_size_max": 4801,
  "state_traffic_Bps": 191790.39184952975,
  "dispatch_decision_p50": 55.801,
  "dispatch_decision_p95": 70.336,
  "dispatch_decision_p99": 81.296
}