{
  "cell_id": "n64_f10.0_vsketch_r2",
  "n": 64,
  "f_hz": 10.0,
  "view": "sketch",
  "rep": 2,
  "duration_s": 30,
  "n_updates": 300,
  "size_avg": 594.93,
  "size_p95": 601,
  "size_p99": 602,
  "size_max": 606,
  "traffic_Bps": 380755.19999999995,
  "traffic_MBps": 0.38075519999999996,
  "ser_us_p95": 8.943,
  "deser_us_p95": 16.815,
  "merge_us_p95": 6746.333,
  "total_us_p95": 6886.834,
  "dispatch_p50": 86.019,
  "dispatch_p95": 101.773,
  "dispatch_p99": 112.154,
  "dispatch_q_count": 96,
  "actual_elapsed_s": 30.504033088684082,
  "achieved_hz": 9.834765099021919
}