{
  "cell_id": "rich_rich_prefix_locality_ctx1536_s8_w12_c4_td0_f10_r2",
  "policy": "rich",
  "view": "rich",
  "workload": "prefix_locality",
  "ctx_tokens": 1536,
  "n_steps": 8,
  "n_workflows": 12,
  "concurrent": 4,
  "duration_s": 120,
  "rep": 2,
  "freq_hz": 10,
  "tool_delay_ms": 0,
  "n_state_updates": 650,
  "ttft_p50": 266.945275,
  "ttft_p95": 675.259672,
  "ttft_p99": 778.097431,
  "tpot_p50": 138.18103429166666,
  "tpot_p95": 189.97529375,
  "workflow_completion_p50": 28076.364761,
  "workflow_completion_p95": 31939.201271,
  "workflow_completion_p99": 32051.149383,
  "cache_hit_rate": 0.9576027110633375,
  "cache_hits_delta": 116704.0,
  "cache_queries_delta": 121871.0,
  "n_total_steps": 84,
  "cross_instance_switches": 84,
  "same_instance_step_ratio": 0.0,
  "n_total_workflows": 12,
  "n_successful_workflows": 12,
  "n_failed_requests": 0,
  "load_stdev": 0.8794795469098026,
  "state_size_avg": 2388.6467307692305,
  "state_size_p95": 4925,
  "state_size_max": 7091,
  "state_traffic_Bps": 191091.73846153845,
  "dispatch_decision_p50": 81.505,
  "dispatch_decision_p95": 98.999,
  "dispatch_decision_p99": 107.269
}