cell,coverage_tokens,event,gateway_arrival_time,gateway_send_time,generation_time,op,owner,payload_bytes,policy,prefix_digest64,queue_age_s,selected,semantic_score,stage,suppression_reason,update_id
5402,4096,update,1785090047.1742465,,1785090047.1738896,upsert,0,64,Adaptive,15769623694692820738,0.00035691261291503906,True,,enqueued,,0
5402,4096,update,1785090047.175008,1785090047.175008,1785090047.1738896,upsert,0,64,Adaptive,15769623694692820738,0.0011184215545654297,True,,forwarded,,0
5402,4096,update,1785090047.175181,,1785090047.1740496,upsert,2,64,Adaptive,15769623694692820738,0.001131296157836914,True,,enqueued,,2
5402,4096,update,1785090047.1753275,,1785090047.1739872,upsert,1,64,Adaptive,15769623694692820738,0.0013403892517089844,False,,suppressed,duplicate_holder,1
5402,4096,update,1785090047.1754315,,1785090047.1740913,upsert,3,64,Adaptive,15769623694692820738,0.0013401508331298828,False,,suppressed,duplicate_holder,3
5402,4096,update,1785090047.1755996,1785090047.1755996,1785090047.1740496,upsert,2,64,Adaptive,15769623694692820738,0.0015499591827392578,True,,forwarded,,2
5402,1024,update,1785090048.606606,,1785090048.6062899,upsert,0,64,Adaptive,12613465747135452669,0.0003161430358886719,True,,enqueued,,4
5402,1024,update,1785090048.6068127,1785090048.6068127,1785090048.6062899,upsert,0,64,Adaptive,12613465747135452669,0.0005228519439697266,True,,forwarded,,4
5402,1024,update,1785090048.6068747,,1785090048.606456,upsert,3,64,Adaptive,12613465747135452669,0.00041866302490234375,True,,enqueued,,7
5402,1024,update,1785090048.6069865,1785090048.6069865,1785090048.606456,upsert,3,64,Adaptive,12613465747135452669,0.0005304813385009766,True,,forwarded,,7
5402,1024,update,1785090048.6070325,,1785090048.606421,upsert,2,64,Adaptive,12613465747135452669,0.0006115436553955078,False,,suppressed,duplicate_holder,6
5402,1024,update,1785090048.6070662,,1785090048.6063774,upsert,1,64,Adaptive,12613465747135452669,0.0006887912750244141,False,,suppressed,duplicate_holder,5
5402,2048,update,1785090052.6529546,,1785090052.6526012,upsert,0,64,Adaptive,12523743054995375112,0.0003533363342285156,True,,enqueued,,8
5402,2048,update,1785090052.6531441,1785090052.6531441,1785090052.6526012,upsert,0,64,Adaptive,12523743054995375112,0.0005428791046142578,True,,forwarded,,8
5402,2048,update,1785090052.6532035,,1785090052.6527903,upsert,3,64,Adaptive,12523743054995375112,0.0004131793975830078,True,,enqueued,,11
5402,2048,update,1785090052.6533146,1785090052.6533146,1785090052.6527903,upsert,3,64,Adaptive,12523743054995375112,0.0005242824554443359,True,,forwarded,,11
5402,2048,update,1785090052.6533604,,1785090052.6527424,upsert,2,64,Adaptive,12523743054995375112,0.00061798095703125,False,,suppressed,duplicate_holder,10
5402,2048,update,1785090052.6533945,,1785090052.6526976,upsert,1,64,Adaptive,12523743054995375112,0.0006968975067138672,False,,suppressed,duplicate_holder,9
5402,1024,update,1785090054.081787,,1785090054.0814195,upsert,0,64,Adaptive,9971321710674973507,0.0003676414489746094,True,,enqueued,,12
5402,1024,update,1785090054.082005,1785090054.082005,1785090054.0814195,upsert,0,64,Adaptive,9971321710674973507,0.0005855560302734375,True,,forwarded,,12
5402,1024,update,1785090054.0820668,,1785090054.081598,upsert,3,64,Adaptive,9971321710674973507,0.0004687309265136719,True,,enqueued,,15
5402,1024,update,1785090054.0821152,,1785090054.0815604,upsert,2,64,Adaptive,9971321710674973507,0.0005548000335693359,False,,suppressed,duplicate_holder,14
5402,1024,update,1785090054.082152,,1785090054.0815156,upsert,1,64,Adaptive,9971321710674973507,0.0006363391876220703,False,,suppressed,duplicate_holder,13
5402,1024,update,1785090054.0822008,1785090054.0822008,1785090054.081598,upsert,3,64,Adaptive,9971321710674973507,0.00060272216796875,True,,forwarded,,15
5402,1024,update,1785090055.5240963,,1785090055.5237432,upsert,0,64,Adaptive,4650049274038987083,0.00035309791564941406,True,,enqueued,,16
5402,1024,update,1785090055.5243015,1785090055.5243015,1785090055.5237432,upsert,0,64,Adaptive,4650049274038987083,0.0005583763122558594,True,,forwarded,,16
5402,1024,update,1785090055.5243711,,1785090055.523949,upsert,3,64,Adaptive,4650049274038987083,0.0004222393035888672,True,,enqueued,,19
5402,1024,update,1785090055.524504,1785090055.524504,1785090055.523949,upsert,3,64,Adaptive,4650049274038987083,0.0005550384521484375,True,,forwarded,,19
5402,1024,update,1785090055.524562,,1785090055.523911,upsert,2,64,Adaptive,4650049274038987083,0.0006508827209472656,False,,suppressed,duplicate_holder,18
5402,1024,update,1785090055.5246046,,1785090055.5238636,upsert,1,64,Adaptive,4650049274038987083,0.0007410049438476562,False,,suppressed,duplicate_holder,17
5402,2048,update,1785090059.6747417,,1785090059.67439,upsert,0,64,Adaptive,3163096543987652428,0.0003516674041748047,True,,enqueued,,20
5402,2048,update,1785090059.6749647,1785090059.6749647,1785090059.67439,upsert,0,64,Adaptive,3163096543987652428,0.0005745887756347656,True,,forwarded,,20
5402,2048,update,1785090059.675026,,1785090059.6745772,upsert,3,64,Adaptive,3163096543987652428,0.0004487037658691406,True,,enqueued,,23
5402,2048,update,1785090059.6750758,,1785090059.6744921,upsert,1,64,Adaptive,3163096543987652428,0.000583648681640625,False,,suppressed,duplicate_holder,21
5402,2048,update,1785090059.675159,1785090059.675159,1785090059.6745772,upsert,3,64,Adaptive,3163096543987652428,0.0005817413330078125,True,,forwarded,,23
5402,2048,update,1785090059.6752007,,1785090059.6745396,upsert,2,64,Adaptive,3163096543987652428,0.0006611347198486328,False,,suppressed,duplicate_holder,22
5402,1024,update,1785090061.0329628,,1785090061.0325983,upsert,0,64,Adaptive,10402019323283478844,0.00036454200744628906,True,,enqueued,,24
5402,1024,update,1785090061.0331662,1785090061.0331662,1785090061.0325983,upsert,0,64,Adaptive,10402019323283478844,0.0005679130554199219,True,,forwarded,,24
5402,1024,update,1785090061.0332239,,1785090061.0327685,upsert,3,64,Adaptive,10402019323283478844,0.0004553794860839844,True,,enqueued,,27
5402,1024,update,1785090061.0332713,,1785090061.0326905,upsert,1,64,Adaptive,10402019323283478844,0.0005807876586914062,False,,suppressed,duplicate_holder,25
5402,1024,update,1785090061.0333073,,1785090061.0327327,upsert,2,64,Adaptive,10402019323283478844,0.0005745887756347656,False,,suppressed,duplicate_holder,26
5402,1024,update,1785090061.033347,1785090061.033347,1785090061.0327685,upsert,3,64,Adaptive,10402019323283478844,0.0005784034729003906,True,,forwarded,,27
5402,1024,update,1785090062.4789538,,1785090062.4784663,upsert,0,64,Adaptive,14064140743279553366,0.0004875659942626953,True,,enqueued,,28
5402,1024,update,1785090062.4793851,1785090062.4793851,1785090062.4784663,upsert,0,64,Adaptive,14064140743279553366,0.0009188652038574219,True,,forwarded,,28
5402,1024,update,1785090062.4795272,,1785090062.4786532,upsert,3,64,Adaptive,14064140743279553366,0.0008740425109863281,True,,enqueued,,31
5402,1024,update,1785090062.4796562,,1785090062.4786158,upsert,2,64,Adaptive,14064140743279553366,0.0010404586791992188,False,,suppressed,duplicate_holder,30
5402,1024,update,1785090062.4797564,,1785090062.4785707,upsert,1,64,Adaptive,14064140743279553366,0.0011856555938720703,False,,suppressed,duplicate_holder,29
5402,1024,update,1785090062.479878,1785090062.479878,1785090062.4786532,upsert,3,64,Adaptive,14064140743279553366,0.0012247562408447266,True,,forwarded,,31
5402,2048,update,1785090066.6830087,,1785090066.6825206,upsert,0,64,Adaptive,12376960631178457983,0.00048804283142089844,True,,enqueued,,32
5402,2048,update,1785090066.6834347,,1785090066.6826987,upsert,3,64,Adaptive,12376960631178457983,0.0007359981536865234,True,,enqueued,,35
5402,2048,update,1785090066.6835847,,1785090066.6826625,upsert,2,64,Adaptive,12376960631178457983,0.0009222030639648438,False,,suppressed,duplicate_holder,34
5402,2048,update,1785090066.6836925,,1785090066.6826181,upsert,1,64,Adaptive,12376960631178457983,0.0010743141174316406,False,,suppressed,duplicate_holder,33
5402,2048,update,1785090067.717182,1785090067.717182,1785090066.6825206,upsert,0,64,Adaptive,12376960631178457983,1.0346612930297852,True,,forwarded,,32
5402,1024,update,1785090068.0864952,,1785090068.0861304,upsert,0,64,Adaptive,947483498426156190,0.0003647804260253906,True,,enqueued,,36
5402,1024,update,1785090068.0868447,,1785090068.0863051,upsert,3,64,Adaptive,947483498426156190,0.0005395412445068359,True,,enqueued,,39
5402,1024,update,1785090068.086998,,1785090068.0862672,upsert,2,64,Adaptive,947483498426156190,0.0007307529449462891,False,,suppressed,duplicate_holder,38
5402,1024,update,1785090068.0871878,,1785090068.0862226,upsert,1,64,Adaptive,947483498426156190,0.000965118408203125,False,,suppressed,duplicate_holder,37
5402,2048,update,1785090070.425499,1785090070.425499,1785090066.6826987,upsert,3,64,Adaptive,12376960631178457983,3.742800235748291,True,,forwarded,,35
5402,2048,update,1785090072.1599107,,1785090072.1594894,upsert,0,64,Adaptive,3073007241776570211,0.00042128562927246094,True,,enqueued,,40
5402,2048,update,1785090072.1602852,,1785090072.1596715,upsert,3,64,Adaptive,3073007241776570211,0.0006136894226074219,True,,enqueued,,43
5402,2048,update,1785090072.1604447,,1785090072.159588,upsert,1,64,Adaptive,3073007241776570211,0.0008566379547119141,False,,suppressed,duplicate_holder,41
5402,2048,update,1785090072.1605563,,1785090072.1596344,upsert,2,64,Adaptive,3073007241776570211,0.0009219646453857422,False,,suppressed,duplicate_holder,42
5402,2048,update,1785090076.3033922,,1785090076.3031306,upsert,0,64,Adaptive,14108233664250482536,0.00026154518127441406,True,,enqueued,,44
5402,2048,update,1785090076.3035595,,1785090076.3032675,upsert,2,64,Adaptive,14108233664250482536,0.00029206275939941406,True,,enqueued,,46
5402,2048,update,1785090076.3036191,,1785090076.3032217,upsert,1,64,Adaptive,14108233664250482536,0.0003974437713623047,False,,suppressed,duplicate_holder,45
5402,2048,update,1785090076.3036597,,1785090076.303303,upsert,3,64,Adaptive,14108233664250482536,0.0003566741943359375,False,,suppressed,duplicate_holder,47
5402,1024,update,1785090080.1336145,,1785090068.0861304,upsert,0,64,Adaptive,947483498426156190,12.047484159469604,False,,suppressed,low_utility,36
5402,1024,update,1785090080.133752,,1785090068.0863051,upsert,3,64,Adaptive,947483498426156190,12.047446966171265,False,,suppressed,low_utility,39
5402,2048,update,1785090080.133884,1785090080.133884,1785090072.1594894,upsert,0,64,Adaptive,3073007241776570211,7.9743945598602295,True,,forwarded,,40
5402,2048,update,1785090080.1339755,1785090080.1339755,1785090072.1596715,upsert,3,64,Adaptive,3073007241776570211,7.974303960800171,True,,forwarded,,43
5402,2048,update,1785090080.374364,,1785090080.3739326,upsert,0,64,Adaptive,14774026810505956694,0.00043129920959472656,True,,enqueued,,48
5402,2048,update,1785090080.3746974,,1785090080.374122,upsert,3,64,Adaptive,14774026810505956694,0.0005755424499511719,True,,enqueued,,51
5402,2048,update,1785090080.3748646,,1785090080.3741019,upsert,2,64,Adaptive,14774026810505956694,0.0007627010345458984,False,,suppressed,duplicate_holder,50
5402,2048,update,1785090080.374971,,1785090080.3740785,upsert,1,64,Adaptive,14774026810505956694,0.0008924007415771484,False,,suppressed,duplicate_holder,49
5402,2048,update,1785090084.5310545,,1785090084.530615,upsert,0,64,Adaptive,5281956220402968541,0.0004394054412841797,True,,enqueued,,52
5402,2048,update,1785090084.53146,,1785090084.5307655,upsert,2,64,Adaptive,5281956220402968541,0.0006945133209228516,True,,enqueued,,54
5402,2048,update,1785090084.5316257,,1785090084.530719,upsert,1,64,Adaptive,5281956220402968541,0.0009067058563232422,False,,suppressed,duplicate_holder,53
5402,2048,update,1785090084.5317414,,1785090084.5308266,upsert,3,64,Adaptive,5281956220402968541,0.0009148120880126953,False,,suppressed,duplicate_holder,55
5402,2048,update,1785090085.8422194,1785090085.8422194,1785090076.3031306,upsert,0,64,Adaptive,14108233664250482536,9.539088726043701,True,,forwarded,,44
5402,2048,update,1785090088.618682,,1785090088.6182466,upsert,0,64,Adaptive,1785562587857272681,0.0004353523254394531,True,,enqueued,,56
5402,2048,update,1785090088.619128,,1785090088.6183803,upsert,2,64,Adaptive,1785562587857272681,0.0007476806640625,True,,enqueued,,58
5402,2048,update,1785090088.619302,,1785090088.6183364,upsert,1,64,Adaptive,1785562587857272681,0.0009655952453613281,False,,suppressed,duplicate_holder,57
5402,2048,update,1785090088.6194198,,1785090088.618416,upsert,3,64,Adaptive,1785562587857272681,0.0010037422180175781,False,,suppressed,duplicate_holder,59
5402,2048,update,1785090091.8005142,,1785090076.3032675,upsert,2,64,Adaptive,14108233664250482536,15.497246742248535,False,,suppressed,low_utility,46
5402,2048,update,1785090091.8006601,,1785090080.3739326,upsert,0,64,Adaptive,14774026810505956694,11.426727533340454,False,,suppressed,low_utility,48
5402,2048,update,1785090091.8007433,,1785090080.374122,upsert,3,64,Adaptive,14774026810505956694,11.426621437072754,False,,suppressed,low_utility,51
5402,2048,update,1785090091.8008661,1785090091.8008661,1785090084.530615,upsert,0,64,Adaptive,5281956220402968541,7.270251035690308,True,,forwarded,,52
5402,2048,update,1785090092.936356,,1785090092.9358811,upsert,0,64,Adaptive,1610475058989402671,0.0004749298095703125,True,,enqueued,,60
5402,2048,update,1785090092.9367692,,1785090092.9360533,upsert,3,64,Adaptive,1610475058989402671,0.0007159709930419922,True,,enqueued,,63
5402,2048,update,1785090092.9369714,,1785090092.9360178,upsert,2,64,Adaptive,1610475058989402671,0.00095367431640625,False,,suppressed,duplicate_holder,62
5402,2048,update,1785090092.9370842,,1785090092.9359741,upsert,1,64,Adaptive,1610475058989402671,0.001110076904296875,False,,suppressed,duplicate_holder,61
5402,1024,update,1785090094.1359806,,1785090094.1354766,upsert,0,64,Adaptive,9971321710674973507,0.0005040168762207031,False,,suppressed,low_utility,64
5402,1024,update,1785090094.1361513,,1785090094.135664,upsert,0,64,Adaptive,9971321710674973507,0.00048732757568359375,False,,suppressed,low_utility,67
5402,2048,update,1785090094.136373,,1785090094.1355777,upsert,3,64,Adaptive,12523743054995375112,0.0007953643798828125,True,,enqueued,,65
5402,1024,update,1785090094.1365235,,1785090094.135626,upsert,3,64,Adaptive,4650049274038987083,0.0008974075317382812,False,,suppressed,low_utility,66
5402,4096,update,1785090095.9125006,,1785090095.912097,upsert,0,64,Adaptive,15769623694692820738,0.0004036426544189453,True,,enqueued,,68
5402,2048,update,1785090095.912698,,1785090094.1355777,upsert,3,64,Adaptive,12523743054995375112,1.7771203517913818,False,,suppressed,low_utility,65
5402,1024,update,1785090095.912849,,1785090095.912284,upsert,0,64,Adaptive,12613465747135452669,0.0005650520324707031,False,,suppressed,low_utility,71
5402,1024,update,1785090095.9131103,,1785090095.9121907,upsert,2,64,Adaptive,2611989042377627166,0.0009195804595947266,False,,suppressed,low_utility,69
5402,2048,update,1785090095.9132276,,1785090095.9122412,upsert,3,64,Adaptive,12523743054995375112,0.000986337661743164,True,,enqueued,,70
5402,2048,update,1785090095.9133346,,1785090095.9122412,upsert,3,64,Adaptive,12523743054995375112,0.0010933876037597656,False,,suppressed,low_utility,70
5402,2048,update,1785090097.508855,,1785090084.5307655,upsert,2,64,Adaptive,5281956220402968541,12.978089570999146,False,,suppressed,low_utility,54
5402,2048,update,1785090097.5089972,,1785090088.6182466,upsert,0,64,Adaptive,1785562587857272681,8.890750646591187,False,,suppressed,low_utility,56
5402,2048,update,1785090097.5090792,,1785090088.6183803,upsert,2,64,Adaptive,1785562587857272681,8.890698909759521,False,,suppressed,low_utility,58
5402,2048,update,1785090097.509148,,1785090092.9358811,upsert,0,64,Adaptive,1610475058989402671,4.5732667446136475,False,,suppressed,low_utility,60
5402,2048,update,1785090097.5092103,,1785090092.9360533,upsert,3,64,Adaptive,1610475058989402671,4.573157072067261,False,,suppressed,low_utility,63
5402,4096,update,1785090097.5092945,1785090097.5092945,1785090095.912097,upsert,0,64,Adaptive,15769623694692820738,1.5971975326538086,True,,forwarded,,68
5402,2048,update,1785090100.1319723,,1785090100.131558,upsert,3,64,Adaptive,1610475058989402671,0.0004143714904785156,True,,enqueued,,72
5402,2048,update,1785090100.1323316,1785090100.1323316,1785090100.131558,upsert,3,64,Adaptive,1610475058989402671,0.0007736682891845703,True,,forwarded,,72
5402,2048,update,1785090100.1324708,,1785090100.131652,upsert,1,64,Adaptive,3651397818491029696,0.0008187294006347656,True,,enqueued,,73
5402,1024,update,1785090100.1326044,,1785090100.131702,upsert,0,64,Adaptive,12613465747135452669,0.0009024143218994141,False,,suppressed,low_utility,74
5402,1024,update,1785090100.1326892,,1785090100.1317437,upsert,0,64,Adaptive,12613465747135452669,0.0009455680847167969,False,,suppressed,low_utility,75
5402,2048,update,1785090102.9254355,,1785090100.131652,upsert,1,64,Adaptive,3651397818491029696,2.79378342628479,False,,suppressed,low_utility,73
5402,2048,update,1785090105.0593765,,1785090105.0590723,upsert,0,64,Adaptive,12523743054995375112,0.00030422210693359375,True,,enqueued,,76
5402,2048,update,1785090105.0596914,1785090105.0596914,1785090105.0590723,upsert,0,64,Adaptive,12523743054995375112,0.0006191730499267578,True,,forwarded,,76
5402,1024,update,1785090105.059854,,1785090105.0592573,upsert,0,64,Adaptive,12613465747135452669,0.0005967617034912109,False,,suppressed,low_utility,79
5402,2048,update,1785090105.0599668,,1785090105.0591664,upsert,3,64,Adaptive,4141618429024808821,0.0008003711700439453,True,,enqueued,,77
5402,1024,update,1785090105.0600715,,1785090105.0592172,upsert,3,64,Adaptive,14064140743279553366,0.0008542537689208984,False,,suppressed,low_utility,78
5402,2048,update,1785090107.008846,,1785090105.0591664,upsert,3,64,Adaptive,4141618429024808821,1.9496796131134033,False,,suppressed,low_utility,77
5402,4096,update,1785090118.0260427,,1785090118.0256658,upsert,0,64,Adaptive,15769623694692820738,0.0003769397735595703,True,,enqueued,,80
5402,4096,update,1785090118.026558,1785090118.026558,1785090118.0256658,upsert,0,64,Adaptive,15769623694692820738,0.0008921623229980469,True,,forwarded,,80
5402,4096,update,1785090118.0267217,,1785090118.0257554,upsert,1,64,Adaptive,16048794067380282208,0.0009663105010986328,True,,enqueued,,81
5402,4096,update,1785090118.0269392,,1785090118.0258288,upsert,2,64,Adaptive,15769623694692820738,0.0011103153228759766,True,,enqueued,,82
5402,2048,update,1785090118.0271041,,1785090118.025874,upsert,3,64,Adaptive,12523743054995375112,0.0012302398681640625,True,,enqueued,,83
5402,4096,update,1785090118.0272746,1785090118.0272746,1785090118.0257554,upsert,1,64,Adaptive,16048794067380282208,0.0015192031860351562,True,,forwarded,,81
5402,4096,update,1785090118.0273876,1785090118.0273876,1785090118.0258288,upsert,2,64,Adaptive,15769623694692820738,0.0015587806701660156,True,,forwarded,,82
5402,2048,update,1785090118.027499,1785090118.027499,1785090118.025874,upsert,3,64,Adaptive,12523743054995375112,0.00162506103515625,True,,forwarded,,83
5402,2048,update,1785090122.7049854,,1785090122.704481,upsert,3,64,Adaptive,4596497935095405733,0.0005044937133789062,True,,enqueued,,84
5402,1024,update,1785090122.7051926,,1785090122.7046382,upsert,3,64,Adaptive,12613465747135452669,0.0005543231964111328,False,,suppressed,low_utility,86
5402,4096,update,1785090122.7055507,,1785090122.7046762,upsert,2,64,Adaptive,15769623694692820738,0.0008745193481445312,True,,enqueued,,87
5402,4096,update,1785090122.7057083,,1785090122.704589,upsert,0,64,Adaptive,15769623694692820738,0.001119375228881836,True,,enqueued,,85
5402,2048,update,1785090126.0921242,1785090126.0921242,1785090122.704481,upsert,3,64,Adaptive,4596497935095405733,3.387643337249756,True,,forwarded,,84
5402,2048,update,1785090126.810224,,1785090126.8097985,upsert,0,64,Adaptive,5281956220402968541,0.00042557716369628906,True,,enqueued,,88
5402,1024,update,1785090126.8105583,,1785090126.809998,upsert,3,64,Adaptive,10402019323283478844,0.0005602836608886719,False,,suppressed,low_utility,89
5402,2048,update,1785090126.8109143,,1785090126.810161,upsert,1,64,Adaptive,7230541217248033124,0.0007531642913818359,True,,enqueued,,90
5402,1024,update,1785090126.81109,,1785090126.810376,upsert,0,64,Adaptive,12613465747135452669,0.0007140636444091797,False,,suppressed,low_utility,91
5402,1024,update,1785090128.202171,,1785090128.2016149,upsert,1,64,Adaptive,13101894963583709654,0.0005562305450439453,False,,suppressed,low_utility,92
5402,2048,update,1785090128.2025306,,1785090128.2018812,upsert,3,64,Adaptive,1610475058989402671,0.0006494522094726562,True,,enqueued,,93
5402,1024,update,1785090128.2027094,,1785090128.2020805,upsert,3,64,Adaptive,4650049274038987083,0.0006289482116699219,False,,suppressed,low_utility,95
5402,2048,update,1785090128.202911,,1785090128.2019873,upsert,0,64,Adaptive,3163096543987652428,0.0009236335754394531,True,,enqueued,,94
5402,2048,update,1785090128.2030404,,1785090126.810161,upsert,1,64,Adaptive,7230541217248033124,1.3928792476654053,False,,suppressed,low_utility,90
5402,4096,update,1785090128.8004184,1785090128.8004184,1785090122.7046762,upsert,2,64,Adaptive,15769623694692820738,6.095742225646973,True,,forwarded,,87
5402,4096,update,1785090128.8005824,1785090128.8005824,1785090122.704589,upsert,0,64,Adaptive,15769623694692820738,6.095993518829346,True,,forwarded,,85
5402,2048,update,1785090130.2635741,,1785090130.263208,upsert,0,64,Adaptive,14774026810505956694,0.0003662109375,True,,enqueued,,96
5402,4096,update,1785090130.2639751,,1785090130.2633471,upsert,2,64,Adaptive,15769623694692820738,0.0006279945373535156,True,,enqueued,,97
5402,2048,update,1785090130.2641351,,1785090130.263208,upsert,0,64,Adaptive,14774026810505956694,0.0009272098541259766,False,,suppressed,low_utility,96
5402,4096,update,1785090130.2644513,,1785090130.2635121,upsert,0,64,Adaptive,15769623694692820738,0.0009391307830810547,True,,enqueued,,98
5402,1024,update,1785090130.2646294,,1785090130.2636573,upsert,3,64,Adaptive,947483498426156190,0.0009720325469970703,False,,suppressed,low_utility,99
5402,2048,update,1785090132.8420753,1785090132.8420753,1785090126.8097985,upsert,0,64,Adaptive,5281956220402968541,6.03227686882019,True,,forwarded,,88
5402,4096,update,1785090134.6632078,,1785090130.2633471,upsert,2,64,Adaptive,15769623694692820738,4.399860620498657,False,,suppressed,superseded,97
5402,4096,update,1785090134.663355,,1785090134.6627975,upsert,2,64,Adaptive,15769623694692820738,0.0005576610565185547,True,,enqueued,,100
5402,1024,update,1785090134.6637154,,1785090134.6632347,upsert,3,64,Adaptive,10402019323283478844,0.00048065185546875,False,,suppressed,low_utility,101
5402,2048,update,1785090134.6639946,,1785090134.6633942,upsert,0,64,Adaptive,16374985302794130926,0.0006003379821777344,True,,enqueued,,102
5402,1024,update,1785090134.66453,,1785090134.6636136,upsert,0,64,Adaptive,12613465747135452669,0.0009164810180664062,False,,suppressed,low_utility,103
5402,1024,update,1785090135.9733076,,1785090135.9728284,upsert,1,64,Adaptive,947483498426156190,0.0004792213439941406,False,,suppressed,low_utility,104
5402,2048,update,1785090135.9736276,,1785090135.9730537,upsert,3,64,Adaptive,3073007241776570211,0.0005738735198974609,True,,enqueued,,105
5402,2048,update,1785090135.9738045,,1785090134.6633942,upsert,0,64,Adaptive,16374985302794130926,1.3104102611541748,False,,suppressed,low_utility,102
5402,1024,update,1785090135.973921,,1785090135.973433,upsert,3,64,Adaptive,9971321710674973507,0.00048804283142089844,False,,suppressed,low_utility,107
5402,1024,update,1785090135.9741197,,1785090135.9732864,upsert,0,64,Adaptive,4650049274038987083,0.0008332729339599609,False,,suppressed,low_utility,106
5402,2048,update,1785090136.9253502,,1785090128.2018812,upsert,3,64,Adaptive,1610475058989402671,8.723469018936157,False,,suppressed,low_utility,93
5402,2048,update,1785090136.9254577,,1785090128.2019873,upsert,0,64,Adaptive,3163096543987652428,8.723470449447632,False,,suppressed,low_utility,94
5402,4096,update,1785090136.9255142,1785090136.9255142,1785090130.2635121,upsert,0,64,Adaptive,15769623694692820738,6.662002086639404,True,,forwarded,,98
5402,4096,update,1785090137.5113053,,1785090137.510964,upsert,0,64,Adaptive,15769623694692820738,0.0003414154052734375,True,,enqueued,,108
5402,1024,update,1785090137.5115404,,1785090137.5113995,upsert,3,64,Adaptive,12613465747135452669,0.00014090538024902344,False,,suppressed,low_utility,109
5402,1024,update,1785090137.5116746,,1785090137.5115662,upsert,3,64,Adaptive,10402019323283478844,0.00010848045349121094,False,,suppressed,low_utility,110
5402,4096,update,1785090137.5118272,,1785090134.6627975,upsert,2,64,Adaptive,15769623694692820738,2.849029779434204,False,,suppressed,superseded,100
5402,4096,update,1785090137.5118623,,1785090137.5117075,upsert,2,64,Adaptive,15769623694692820738,0.00015473365783691406,True,,enqueued,,111
5402,1024,update,1785090141.5736897,,1785090141.5732284,upsert,0,64,Adaptive,4650049274038987083,0.00046133995056152344,False,,suppressed,low_utility,112
5402,2048,update,1785090141.5740187,,1785090141.5734625,upsert,3,64,Adaptive,16374985302794130926,0.0005562305450439453,True,,enqueued,,113
5402,4096,update,1785090141.5742786,,1785090137.5117075,upsert,2,64,Adaptive,15769623694692820738,4.062571048736572,False,,suppressed,superseded,111
5402,4096,update,1785090141.5743747,,1785090141.5736923,upsert,2,64,Adaptive,15769623694692820738,0.0006823539733886719,True,,enqueued,,114
5402,1024,update,1785090141.574587,,1785090141.5741165,upsert,0,64,Adaptive,12613465747135452669,0.0004706382751464844,False,,suppressed,low_utility,115
5402,2048,update,1785090142.3838422,,1785090135.9730537,upsert,3,64,Adaptive,3073007241776570211,6.410788536071777,False,,suppressed,low_utility,105
5402,4096,update,1785090142.3840108,1785090142.3840108,1785090137.510964,upsert,0,64,Adaptive,15769623694692820738,4.873046875,True,,forwarded,,108
5402,2048,update,1785090142.3841176,1785090142.3841176,1785090141.5734625,upsert,3,64,Adaptive,16374985302794130926,0.8106551170349121,True,,forwarded,,113
5402,1024,update,1785090143.0537355,,1785090143.0532858,upsert,3,64,Adaptive,4650049274038987083,0.0004496574401855469,False,,suppressed,low_utility,116
5402,2048,update,1785090143.0539448,,1785090143.0533884,upsert,3,64,Adaptive,1610475058989402671,0.0005564689636230469,True,,enqueued,,117
5402,1024,update,1785090143.0542512,,1785090143.0534685,upsert,0,64,Adaptive,12613465747135452669,0.0007827281951904297,False,,suppressed,low_utility,118
5402,1024,update,1785090143.054374,,1785090143.0535202,upsert,2,64,Adaptive,15960031488910374299,0.0008537769317626953,False,,suppressed,low_utility,119
5402,1024,update,1785090145.6609075,,1785090145.6605031,upsert,2,64,Adaptive,16342886595574764735,0.00040435791015625,False,,suppressed,low_utility,120
5402,4096,update,1785090145.6611505,,1785090145.6607387,upsert,0,64,Adaptive,15769623694692820738,0.00041174888610839844,True,,enqueued,,121
5402,4096,update,1785090145.6614,,1785090145.6607387,upsert,0,64,Adaptive,15769623694692820738,0.0006613731384277344,False,,suppressed,superseded,121
5402,4096,update,1785090145.6614914,,1785090145.6611366,upsert,0,64,Adaptive,15769623694692820738,0.000354766845703125,True,,enqueued,,122
5402,4096,update,1785090145.6617029,,1785090141.5736923,upsert,2,64,Adaptive,15769623694692820738,4.088010549545288,False,,suppressed,superseded,114
5402,4096,update,1785090145.661809,,1785090145.661482,upsert,2,64,Adaptive,15769623694692820738,0.0003268718719482422,True,,enqueued,,123
5402,2048,update,1785090147.8004425,,1785090143.0533884,upsert,3,64,Adaptive,1610475058989402671,4.747054100036621,False,,suppressed,low_utility,117
5402,4096,update,1785090147.8006096,1785090147.8006096,1785090145.6611366,upsert,0,64,Adaptive,15769623694692820738,2.1394729614257812,True,,forwarded,,122
5402,2048,update,1785090149.9887497,,1785090149.9882946,upsert,1,64,Adaptive,5058081196632299908,0.0004551410675048828,True,,enqueued,,124
5402,2048,update,1785090149.9891057,,1785090149.9885895,upsert,2,64,Adaptive,17846715708891391149,0.0005161762237548828,True,,enqueued,,125
5402,2048,update,1785090149.9893541,,1785090149.988833,upsert,3,64,Adaptive,15507369539614680842,0.0005211830139160156,True,,enqueued,,126
5402,2048,update,1785090149.989583,,1785090149.989052,upsert,0,64,Adaptive,17846715708891391149,0.0005309581756591797,True,,enqueued,,127
5402,4096,update,1785090151.8839238,1785090151.8839238,1785090145.661482,upsert,2,64,Adaptive,15769623694692820738,6.222441673278809,True,,forwarded,,123
5402,2048,update,1785090157.3422844,,1785090149.9882946,upsert,1,64,Adaptive,5058081196632299908,7.353989839553833,False,,suppressed,low_utility,124
5402,2048,update,1785090157.3424325,,1785090149.9885895,upsert,2,64,Adaptive,17846715708891391149,7.3538429737091064,False,,suppressed,low_utility,125
5402,2048,update,1785090157.3425143,,1785090149.988833,upsert,3,64,Adaptive,15507369539614680842,7.353681325912476,False,,suppressed,low_utility,126
5402,2048,update,1785090157.3425817,,1785090149.989052,upsert,0,64,Adaptive,17846715708891391149,7.353529691696167,False,,suppressed,low_utility,127
5402,2048,update,1785090162.8991013,,1785090162.89877,upsert,1,64,Adaptive,17846715708891391149,0.0003311634063720703,True,,enqueued,,128
5402,2048,update,1785090162.8993437,1785090162.8993437,1785090162.89877,upsert,1,64,Adaptive,17846715708891391149,0.0005736351013183594,True,,forwarded,,128
5402,2048,update,1785090162.899569,,1785090162.8990862,upsert,3,64,Adaptive,5080278736125677280,0.00048279762268066406,True,,enqueued,,129
5402,2048,update,1785090162.8998418,1785090162.8998418,1785090162.8990862,upsert,3,64,Adaptive,5080278736125677280,0.0007555484771728516,True,,forwarded,,129
5402,4096,update,1785090162.8999689,,1785090162.899312,upsert,2,64,Adaptive,2615785228242663478,0.0006568431854248047,True,,enqueued,,130
5402,4096,update,1785090162.9001856,1785090162.9001856,1785090162.899312,upsert,2,64,Adaptive,2615785228242663478,0.000873565673828125,True,,forwarded,,130
5402,4096,update,1785090162.9002974,,1785090162.8996642,upsert,0,64,Adaptive,14333057367934485678,0.00063323974609375,True,,enqueued,,131
5402,4096,update,1785090166.84212,1785090166.84212,1785090162.8996642,upsert,0,64,Adaptive,14333057367934485678,3.942455768585205,True,,forwarded,,131
5402,2048,update,1785090167.0442696,,1785090167.043954,upsert,1,64,Adaptive,11821849661176330329,0.00031566619873046875,True,,enqueued,,132
5402,2048,update,1785090167.0445528,,1785090167.0442443,upsert,0,64,Adaptive,17846715708891391149,0.0003085136413574219,True,,enqueued,,133
5402,2048,update,1785090167.0448258,,1785090167.0444677,upsert,3,64,Adaptive,17846715708891391149,0.0003581047058105469,False,,suppressed,duplicate_holder,134
5402,2048,update,1785090167.0450222,,1785090167.0446754,upsert,2,64,Adaptive,17988401324918526512,0.00034689903259277344,True,,enqueued,,135
5402,2048,update,1785090172.3004947,1785090172.3004947,1785090167.043954,upsert,1,64,Adaptive,11821849661176330329,5.256540775299072,True,,forwarded,,132
5402,2048,update,1785090172.3006382,1785090172.3006382,1785090167.0442443,upsert,0,64,Adaptive,17846715708891391149,5.256393909454346,True,,forwarded,,133
5402,2048,update,1785090176.3421073,,1785090167.0446754,upsert,2,64,Adaptive,17988401324918526512,9.297431945800781,False,,suppressed,low_utility,135
5402,2048,update,1785090179.416577,,1785090179.416204,upsert,1,64,Adaptive,17846715708891391149,0.0003731250762939453,True,,enqueued,,136
5402,2048,update,1785090179.4168313,1785090179.4168313,1785090179.416204,upsert,1,64,Adaptive,17846715708891391149,0.0006272792816162109,True,,forwarded,,136
5402,4096,update,1785090179.4170585,,1785090179.4164972,upsert,2,64,Adaptive,14333057367934485678,0.0005612373352050781,True,,enqueued,,137
5402,2048,update,1785090179.417301,,1785090179.4168956,upsert,3,64,Adaptive,17846715708891391149,0.00040531158447265625,False,,suppressed,duplicate_holder,138
5402,2048,update,1785090179.417487,,1785090179.4171085,upsert,0,64,Adaptive,11592361518825428217,0.0003783702850341797,True,,enqueued,,139
5402,4096,update,1785090180.4254384,1785090180.4254384,1785090179.4164972,upsert,2,64,Adaptive,14333057367934485678,1.0089411735534668,True,,forwarded,,137
5402,2048,update,1785090184.4926765,,1785090184.4922822,upsert,1,64,Adaptive,11821849661176330329,0.0003943443298339844,True,,enqueued,,140
5402,2048,update,1785090184.4930058,,1785090184.492588,upsert,3,64,Adaptive,11821849661176330329,0.0004177093505859375,True,,enqueued,,141
5402,2048,update,1785090184.4931452,,1785090184.4928355,upsert,3,64,Adaptive,5080278736125677280,0.0003097057342529297,True,,enqueued,,142
5402,1024,update,1785090184.4933813,,1785090184.493052,upsert,2,64,Adaptive,13844655051170110805,0.0003292560577392578,False,,suppressed,low_utility,143
5402,2048,update,1785090184.5087333,,1785090179.4171085,upsert,0,64,Adaptive,11592361518825428217,5.091624736785889,False,,suppressed,low_utility,139
5402,2048,update,1785090184.5088973,1785090184.5088973,1785090184.4922822,upsert,1,64,Adaptive,11821849661176330329,0.01661515235900879,True,,forwarded,,140
5402,2048,update,1785090184.5090013,1785090184.5090013,1785090184.492588,upsert,3,64,Adaptive,11821849661176330329,0.016413211822509766,True,,forwarded,,141
5402,4096,update,1785090186.0619967,,1785090186.0616493,upsert,0,64,Adaptive,14333057367934485678,0.00034737586975097656,True,,enqueued,,144
5402,1024,update,1785090186.06225,,1785090186.0621083,upsert,3,64,Adaptive,17450960088959206076,0.00014162063598632812,False,,suppressed,low_utility,145
5402,2048,update,1785090186.06239,,1785090186.0622754,upsert,1,64,Adaptive,17846715708891391149,0.00011467933654785156,True,,enqueued,,146
5402,1024,update,1785090186.0626001,,1785090186.0624893,upsert,2,64,Adaptive,13844655051170110805,0.00011086463928222656,False,,suppressed,low_utility,147
5402,2048,update,1785090189.925479,1785090189.925479,1785090184.4928355,upsert,3,64,Adaptive,5080278736125677280,5.432643413543701,True,,forwarded,,142
5402,4096,update,1785090194.0088942,1785090194.0088942,1785090186.0616493,upsert,0,64,Adaptive,14333057367934485678,7.947244882583618,True,,forwarded,,144
5402,2048,update,1785090198.0922256,,1785090186.0622754,upsert,1,64,Adaptive,17846715708891391149,12.029950141906738,False,,suppressed,low_utility,146
5402,4096,update,1785090199.6304815,,1785090199.6300209,upsert,0,64,Adaptive,9961683114669445454,0.00046062469482421875,True,,enqueued,,148
5402,4096,update,1785090199.6307716,1785090199.6307716,1785090199.6300209,upsert,0,64,Adaptive,9961683114669445454,0.0007507801055908203,True,,forwarded,,148
5402,1024,update,1785090199.6311564,,1785090199.6304572,upsert,2,64,Adaptive,16959770370201147106,0.0006992816925048828,False,,suppressed,low_utility,149
5402,1024,update,1785090199.631282,,1785090199.630615,upsert,1,64,Adaptive,14718592730808615998,0.0006670951843261719,False,,suppressed,low_utility,150
5402,2048,update,1785090199.6315,,1785090199.6307604,upsert,0,64,Adaptive,17846715708891391149,0.0007395744323730469,True,,enqueued,,151
5402,2048,update,1785090199.631672,1785090199.631672,1785090199.6307604,upsert,0,64,Adaptive,17846715708891391149,0.0009114742279052734,True,,forwarded,,151
5402,4096,update,1785090212.302383,,1785090212.302038,upsert,1,64,Adaptive,15260451301505084502,0.00034499168395996094,True,,enqueued,,152
5402,4096,update,1785090212.3026145,1785090212.3026145,1785090212.302038,upsert,1,64,Adaptive,15260451301505084502,0.0005764961242675781,True,,forwarded,,152
5402,2048,update,1785090212.3028853,,1785090212.3024788,upsert,0,64,Adaptive,17846715708891391149,0.00040650367736816406,True,,enqueued,,153
5402,2048,update,1785090212.303053,1785090212.303053,1785090212.3024788,upsert,0,64,Adaptive,17846715708891391149,0.0005741119384765625,True,,forwarded,,153
5402,1024,update,1785090212.3032496,,1785090212.302798,upsert,2,64,Adaptive,13844655051170110805,0.0004515647888183594,False,,suppressed,low_utility,154
5402,2048,update,1785090212.3034298,,1785090212.3029757,upsert,3,64,Adaptive,11821849661176330329,0.00045418739318847656,True,,enqueued,,155
5402,2048,update,1785090212.3035822,1785090212.3035822,1785090212.3029757,upsert,3,64,Adaptive,11821849661176330329,0.000606536865234375,True,,forwarded,,155
5402,2048,update,1785090224.8632896,,1785090224.8628714,upsert,0,64,Adaptive,17846715708891391149,0.0004181861877441406,True,,enqueued,,156
5402,2048,update,1785090224.8635626,1785090224.8635626,1785090224.8628714,upsert,0,64,Adaptive,17846715708891391149,0.0006911754608154297,True,,forwarded,,156
5402,4096,update,1785090224.8638246,,1785090224.8631873,upsert,2,64,Adaptive,7759237608199543855,0.0006372928619384766,True,,enqueued,,157
5402,4096,update,1785090224.8640661,1785090224.8640661,1785090224.8631873,upsert,2,64,Adaptive,7759237608199543855,0.0008788108825683594,True,,forwarded,,157
5402,2048,update,1785090224.8641872,,1785090224.8635633,upsert,1,64,Adaptive,11821849661176330329,0.0006239414215087891,True,,enqueued,,158
5402,2048,update,1785090224.8644044,1785090224.8644044,1785090224.8635633,upsert,1,64,Adaptive,11821849661176330329,0.0008411407470703125,True,,forwarded,,158
5402,1024,update,1785090224.8645208,,1785090224.863789,upsert,3,64,Adaptive,9233738098189157673,0.0007317066192626953,False,,suppressed,low_utility,159
5402,1024,update,1785090227.0278635,,1785090227.027391,upsert,1,64,Adaptive,13844655051170110805,0.0004725456237792969,False,,suppressed,low_utility,160
5402,1024,update,1785090227.02815,,1785090227.027619,upsert,0,64,Adaptive,13844655051170110805,0.0005311965942382812,False,,suppressed,low_utility,161
5402,2048,update,1785090227.0283978,,1785090227.0280356,upsert,0,64,Adaptive,17846715708891391149,0.00036215782165527344,True,,enqueued,,163
5402,2048,update,1785090227.028546,,1785090227.0278103,upsert,3,64,Adaptive,11821849661176330329,0.0007357597351074219,True,,enqueued,,162
5402,2048,update,1785090227.0286963,1785090227.0286963,1785090227.0280356,upsert,0,64,Adaptive,17846715708891391149,0.0006606578826904297,True,,forwarded,,163
5402,2048,update,1785090229.3422563,1785090229.3422563,1785090227.0278103,upsert,3,64,Adaptive,11821849661176330329,2.314445972442627,True,,forwarded,,162
5402,2048,update,1785090231.186644,,1785090231.1862102,upsert,0,64,Adaptive,17846715708891391149,0.00043392181396484375,True,,enqueued,,164
5402,2048,update,1785090231.1870737,,1785090231.1865206,upsert,1,64,Adaptive,11821849661176330329,0.000553131103515625,True,,enqueued,,165
5402,2048,update,1785090231.1872284,,1785090231.1862102,upsert,0,64,Adaptive,17846715708891391149,0.0010182857513427734,False,,suppressed,superseded,164
5402,2048,update,1785090231.1873147,,1785090231.18675,upsert,0,64,Adaptive,17846715708891391149,0.0005648136138916016,True,,enqueued,,166
5402,2048,update,1785090231.1875372,,1785090231.1869974,upsert,3,64,Adaptive,13764273285245102789,0.0005397796630859375,True,,enqueued,,167
5402,2048,update,1785090232.0504754,1785090232.0504754,1785090231.1865206,upsert,1,64,Adaptive,11821849661176330329,0.8639547824859619,True,,forwarded,,165
5402,2048,update,1785090232.0506332,1785090232.0506332,1785090231.18675,upsert,0,64,Adaptive,17846715708891391149,0.8638832569122314,True,,forwarded,,166
5402,4096,update,1785090235.2827122,,1785090235.2822957,upsert,2,64,Adaptive,14333057367934485678,0.0004165172576904297,True,,enqueued,,168
5402,2048,update,1785090235.283071,,1785090235.282765,upsert,3,64,Adaptive,5794772519797049687,0.00030612945556640625,True,,enqueued,,169
5402,2048,update,1785090235.2836866,,1785090235.2830257,upsert,1,64,Adaptive,11821849661176330329,0.0006608963012695312,True,,enqueued,,170
5402,1024,update,1785090235.2839568,,1785090235.283241,upsert,0,64,Adaptive,16236083247640581049,0.0007157325744628906,False,,suppressed,low_utility,171
5402,2048,update,1785090236.092046,1785090236.092046,1785090231.1869974,upsert,3,64,Adaptive,13764273285245102789,4.905048608779907,True,,forwarded,,167
5402,2048,update,1785090239.3875241,,1785090239.3870478,upsert,0,64,Adaptive,3566375612704271676,0.0004763603210449219,True,,enqueued,,172
5402,2048,update,1785090239.3878932,,1785090239.3873537,upsert,1,64,Adaptive,17846715708891391149,0.0005395412445068359,True,,enqueued,,173
5402,2048,update,1785090239.3880372,,1785090239.3873537,upsert,1,64,Adaptive,17846715708891391149,0.0006835460662841797,False,,suppressed,low_utility,173
5402,4096,update,1785090239.3882473,,1785090239.3875856,upsert,2,64,Adaptive,7759237608199543855,0.0006616115570068359,True,,enqueued,,174
5402,2048,update,1785090239.3883631,,1785090235.2830257,upsert,1,64,Adaptive,11821849661176330329,4.105337381362915,False,,suppressed,low_utility,170
5402,2048,update,1785090239.388556,,1785090239.3879642,upsert,3,64,Adaptive,13764273285245102789,0.0005917549133300781,True,,enqueued,,175
5402,2048,update,1785090239.3886633,,1785090239.3879642,upsert,3,64,Adaptive,13764273285245102789,0.0006990432739257812,False,,suppressed,low_utility,175
5402,4096,update,1785090240.1754475,1785090240.1754475,1785090235.2822957,upsert,2,64,Adaptive,14333057367934485678,4.893151760101318,True,,forwarded,,168
5402,2048,update,1785090243.3528194,,1785090243.3523097,upsert,3,64,Adaptive,11821849661176330329,0.0005097389221191406,True,,enqueued,,176
5402,1024,update,1785090243.3531823,,1785090243.3526177,upsert,2,64,Adaptive,14718592730808615998,0.0005645751953125,False,,suppressed,low_utility,177
5402,2048,update,1785090243.3534975,,1785090243.3528118,upsert,1,64,Adaptive,15761329057692999658,0.0006856918334960938,True,,enqueued,,178
5402,2048,update,1785090243.3536386,,1785090243.3528118,upsert,1,64,Adaptive,15761329057692999658,0.0008268356323242188,False,,suppressed,low_utility,178
5402,1024,update,1785090243.3537967,,1785090243.3530326,upsert,0,64,Adaptive,13844655051170110805,0.0007641315460205078,False,,suppressed,low_utility,179
5402,2048,update,1785090244.2588973,1785090244.2588973,1785090235.282765,upsert,3,64,Adaptive,5794772519797049687,8.9761323928833,True,,forwarded,,169
5402,2048,update,1785090244.259061,1785090244.259061,1785090239.3870478,upsert,0,64,Adaptive,3566375612704271676,4.872013330459595,True,,forwarded,,172
5402,1024,update,1785090248.3521636,,1785090248.3517349,upsert,3,64,Adaptive,16959770370201147106,0.0004286766052246094,False,,suppressed,low_utility,180
5402,2048,update,1785090248.3524384,,1785090248.351985,upsert,0,64,Adaptive,12103029824873703222,0.0004534721374511719,True,,enqueued,,181
5402,2048,update,1785090248.352694,,1785090248.3522224,upsert,1,64,Adaptive,11821849661176330329,0.0004715919494628906,True,,enqueued,,182
5402,2048,update,1785090248.3529503,,1785090248.352439,upsert,0,64,Adaptive,17846715708891391149,0.0005114078521728516,True,,enqueued,,183
5402,4096,update,1785090249.6754537,1785090249.6754537,1785090239.3875856,upsert,2,64,Adaptive,7759237608199543855,10.287868022918701,True,,forwarded,,174
5402,2048,update,1785090253.758818,,1785090243.3523097,upsert,3,64,Adaptive,11821849661176330329,10.406508207321167,False,,suppressed,low_utility,176
5402,2048,update,1785090253.7589805,1785090253.7589805,1785090248.351985,upsert,0,64,Adaptive,12103029824873703222,5.406995534896851,True,,forwarded,,181
5402,2048,update,1785090257.8421955,,1785090248.3522224,upsert,1,64,Adaptive,11821849661176330329,9.489973068237305,False,,suppressed,low_utility,182
5402,2048,update,1785090257.8423347,,1785090248.352439,upsert,0,64,Adaptive,17846715708891391149,9.489895820617676,False,,suppressed,low_utility,183
5404,2048,update,1785090528.5938337,,1785090528.5932946,upsert,0,64,Adaptive,15769623694692820738,0.0005390644073486328,True,,enqueued,,0
5404,2048,update,1785090528.594377,1785090528.594377,1785090528.5932946,upsert,0,64,Adaptive,15769623694692820738,0.0010824203491210938,True,,forwarded,,0
5404,2048,update,1785090528.5945368,,1785090528.5934393,upsert,2,64,Adaptive,15769623694692820738,0.0010974407196044922,True,,enqueued,,2
5404,2048,update,1785090528.594677,,1785090528.5933871,upsert,1,64,Adaptive,15769623694692820738,0.0012898445129394531,False,,suppressed,duplicate_holder,1
5404,2048,update,1785090528.5947974,,1785090528.5934792,upsert,3,64,Adaptive,15769623694692820738,0.001318216323852539,False,,suppressed,duplicate_holder,3
5404,2048,update,1785090528.594965,1785090528.594965,1785090528.5934393,upsert,2,64,Adaptive,15769623694692820738,0.0015256404876708984,True,,forwarded,,2
5404,1024,update,1785090529.9845445,,1785090529.9842021,upsert,0,64,Adaptive,12613465747135452669,0.00034236907958984375,True,,enqueued,,4
5404,1024,update,1785090529.984738,1785090529.984738,1785090529.9842021,upsert,0,64,Adaptive,12613465747135452669,0.0005359649658203125,True,,forwarded,,4
5404,1024,update,1785090529.9848144,,1785090529.984382,upsert,3,64,Adaptive,12613465747135452669,0.0004324913024902344,True,,enqueued,,7
5404,1024,update,1785090529.9848633,,1785090529.9843447,upsert,2,64,Adaptive,12613465747135452669,0.0005185604095458984,False,,suppressed,duplicate_holder,6
5404,1024,update,1785090529.9849503,1785090529.9849503,1785090529.984382,upsert,3,64,Adaptive,12613465747135452669,0.000568389892578125,True,,forwarded,,7
5404,1024,update,1785090529.9849923,,1785090529.9843001,upsert,1,64,Adaptive,12613465747135452669,0.0006921291351318359,False,,suppressed,duplicate_holder,5
5404,1024,update,1785090531.3482413,,1785090531.3479056,upsert,0,64,Adaptive,12523743054995375112,0.000335693359375,True,,enqueued,,8
5404,1024,update,1785090531.348435,1785090531.348435,1785090531.3479056,upsert,0,64,Adaptive,12523743054995375112,0.0005292892456054688,True,,forwarded,,8
5404,1024,update,1785090531.3484905,,1785090531.3480864,upsert,3,64,Adaptive,12523743054995375112,0.00040411949157714844,True,,enqueued,,11
5404,1024,update,1785090531.3485396,,1785090531.3480477,upsert,2,64,Adaptive,12523743054995375112,0.0004918575286865234,False,,suppressed,duplicate_holder,10
5404,1024,update,1785090531.3486218,1785090531.3486218,1785090531.3480864,upsert,3,64,Adaptive,12523743054995375112,0.0005354881286621094,True,,forwarded,,11
5404,1024,update,1785090531.3486629,,1785090531.348002,upsert,1,64,Adaptive,12523743054995375112,0.0006608963012695312,False,,suppressed,duplicate_holder,9
5404,2048,update,1785090535.3641562,,1785090535.3638206,upsert,0,64,Adaptive,9971321710674973507,0.000335693359375,True,,enqueued,,12
5404,2048,update,1785090535.364336,1785090535.364336,1785090535.3638206,upsert,0,64,Adaptive,9971321710674973507,0.0005154609680175781,True,,forwarded,,12
5404,2048,update,1785090535.3643916,,1785090535.3640013,upsert,3,64,Adaptive,9971321710674973507,0.0003902912139892578,True,,enqueued,,15
5404,2048,update,1785090535.364499,1785090535.364499,1785090535.3640013,upsert,3,64,Adaptive,9971321710674973507,0.0004978179931640625,True,,forwarded,,15
5404,2048,update,1785090535.3645437,,1785090535.3639627,upsert,2,64,Adaptive,9971321710674973507,0.0005810260772705078,False,,suppressed,duplicate_holder,14
5404,2048,update,1785090535.3645778,,1785090535.3639164,upsert,1,64,Adaptive,9971321710674973507,0.0006613731384277344,False,,suppressed,duplicate_holder,13
5404,4096,update,1785090548.4002528,,1785090548.399915,upsert,0,64,Adaptive,4650049274038987083,0.00033783912658691406,True,,enqueued,,16
5404,4096,update,1785090548.400434,1785090548.400434,1785090548.399915,upsert,0,64,Adaptive,4650049274038987083,0.0005190372467041016,True,,forwarded,,16
5404,4096,update,1785090548.4004889,,1785090548.4000897,upsert,3,64,Adaptive,4650049274038987083,0.0003991127014160156,True,,enqueued,,19
5404,4096,update,1785090548.4005961,1785090548.4005961,1785090548.4000897,upsert,3,64,Adaptive,4650049274038987083,0.0005064010620117188,True,,forwarded,,19
5404,4096,update,1785090548.4006438,,1785090548.400007,upsert,1,64,Adaptive,4650049274038987083,0.0006368160247802734,False,,suppressed,duplicate_holder,17
5404,4096,update,1785090548.400678,,1785090548.400051,upsert,2,64,Adaptive,4650049274038987083,0.0006268024444580078,False,,suppressed,duplicate_holder,18
5404,2048,update,1785090552.4833753,,1785090552.4830294,upsert,0,64,Adaptive,3163096543987652428,0.0003459453582763672,True,,enqueued,,20
5404,2048,update,1785090552.4835632,1785090552.4835632,1785090552.4830294,upsert,0,64,Adaptive,3163096543987652428,0.0005338191986083984,True,,forwarded,,20
5404,2048,update,1785090552.4836183,,1785090552.483183,upsert,2,64,Adaptive,3163096543987652428,0.0004353523254394531,True,,enqueued,,22
5404,2048,update,1785090552.4837258,1785090552.4837258,1785090552.483183,upsert,2,64,Adaptive,3163096543987652428,0.0005428791046142578,True,,forwarded,,22
5404,2048,update,1785090552.4837701,,1785090552.4831343,upsert,1,64,Adaptive,3163096543987652428,0.0006358623504638672,False,,suppressed,duplicate_holder,21
5404,2048,update,1785090552.4838266,,1785090552.4832227,upsert,3,64,Adaptive,3163096543987652428,0.0006039142608642578,False,,suppressed,duplicate_holder,23
5404,2048,update,1785090556.6140656,,1785090556.6135902,upsert,0,64,Adaptive,10402019323283478844,0.0004754066467285156,True,,enqueued,,24
5404,2048,update,1785090556.6145408,1785090556.6145408,1785090556.6135902,upsert,0,64,Adaptive,10402019323283478844,0.0009505748748779297,True,,forwarded,,24
5404,2048,update,1785090556.6146853,,1785090556.6137927,upsert,3,64,Adaptive,10402019323283478844,0.00089263916015625,True,,enqueued,,27
5404,2048,update,1785090556.614834,,1785090556.6136944,upsert,1,64,Adaptive,10402019323283478844,0.0011396408081054688,False,,suppressed,duplicate_holder,25
5404,2048,update,1785090556.6149364,,1785090556.6137424,upsert,2,64,Adaptive,10402019323283478844,0.001194000244140625,False,,suppressed,duplicate_holder,26
5404,2048,update,1785090556.6150656,1785090556.6150656,1785090556.6137927,upsert,3,64,Adaptive,10402019323283478844,0.0012729167938232422,True,,forwarded,,27
5404,2048,update,1785090560.780422,,1785090560.7799866,upsert,0,64,Adaptive,14064140743279553366,0.0004353523254394531,True,,enqueued,,28
5404,2048,update,1785090560.7808616,1785090560.7808616,1785090560.7799866,upsert,0,64,Adaptive,14064140743279553366,0.0008749961853027344,True,,forwarded,,28
5404,2048,update,1785090560.7810042,,1785090560.7801683,upsert,3,64,Adaptive,14064140743279553366,0.0008358955383300781,True,,enqueued,,31
5404,2048,update,1785090560.7811363,,1785090560.7801306,upsert,2,64,Adaptive,14064140743279553366,0.0010056495666503906,False,,suppressed,duplicate_holder,30
5404,2048,update,1785090560.7812343,,1785090560.7800844,upsert,1,64,Adaptive,14064140743279553366,0.001149892807006836,False,,suppressed,duplicate_holder,29
5404,2048,update,1785090560.781342,1785090560.781342,1785090560.7801683,upsert,3,64,Adaptive,14064140743279553366,0.0011737346649169922,True,,forwarded,,31
5404,2048,update,1785090564.9834778,,1785090564.9830496,upsert,0,64,Adaptive,12376960631178457983,0.00042819976806640625,True,,enqueued,,32
5404,2048,update,1785090564.9839067,1785090564.9839067,1785090564.9830496,upsert,0,64,Adaptive,12376960631178457983,0.0008571147918701172,True,,forwarded,,32
5404,2048,update,1785090564.9840457,,1785090564.9831548,upsert,1,64,Adaptive,12376960631178457983,0.0008909702301025391,True,,enqueued,,33
5404,2048,update,1785090564.9841757,,1785090564.9832008,upsert,2,64,Adaptive,12376960631178457983,0.0009748935699462891,False,,suppressed,duplicate_holder,34
5404,2048,update,1785090564.9842746,,1785090564.9832408,upsert,3,64,Adaptive,12376960631178457983,0.001033782958984375,False,,suppressed,duplicate_holder,35
5404,2048,update,1785090564.9843833,1785090564.9843833,1785090564.9831548,upsert,1,64,Adaptive,12376960631178457983,0.0012285709381103516,True,,forwarded,,33
5404,2048,update,1785090569.1272323,,1785090569.1267624,upsert,0,64,Adaptive,947483498426156190,0.0004699230194091797,True,,enqueued,,36
5404,2048,update,1785090569.1276433,,1785090569.126934,upsert,2,64,Adaptive,947483498426156190,0.0007092952728271484,True,,enqueued,,38
5404,2048,update,1785090569.1278183,,1785090569.126887,upsert,1,64,Adaptive,947483498426156190,0.0009312629699707031,False,,suppressed,duplicate_holder,37
5404,2048,update,1785090569.1279287,,1785090569.1269734,upsert,3,64,Adaptive,947483498426156190,0.0009553432464599609,False,,suppressed,duplicate_holder,39
5404,2048,update,1785090574.7480648,1785090574.7480648,1785090569.1267624,upsert,0,64,Adaptive,947483498426156190,5.621302366256714,True,,forwarded,,36
5404,2048,update,1785090578.3591466,1785090578.3591466,1785090569.126934,upsert,2,64,Adaptive,947483498426156190,9.232212543487549,True,,forwarded,,38
5404,4096,update,1785090582.0789325,,1785090582.0784101,upsert,0,64,Adaptive,3073007241776570211,0.0005223751068115234,True,,enqueued,,40
5404,4096,update,1785090582.0793526,,1785090582.0785584,upsert,2,64,Adaptive,3073007241776570211,0.0007941722869873047,True,,enqueued,,42
5404,4096,update,1785090582.0795052,,1785090582.07861,upsert,3,64,Adaptive,3073007241776570211,0.0008952617645263672,False,,suppressed,duplicate_holder,43
5404,4096,update,1785090582.079614,,1785090582.0785115,upsert,1,64,Adaptive,3073007241776570211,0.001102447509765625,False,,suppressed,duplicate_holder,41
5404,2048,update,1785090586.3112915,,1785090586.3108187,upsert,0,64,Adaptive,14108233664250482536,0.00047278404235839844,True,,enqueued,,44
5404,2048,update,1785090586.3116982,,1785090586.3109984,upsert,3,64,Adaptive,14108233664250482536,0.0006997585296630859,True,,enqueued,,47
5404,2048,update,1785090586.311894,,1785090586.31096,upsert,2,64,Adaptive,14108233664250482536,0.0009338855743408203,False,,suppressed,duplicate_holder,46
5404,2048,update,1785090586.3120072,,1785090586.3109152,upsert,1,64,Adaptive,14108233664250482536,0.0010919570922851562,False,,suppressed,duplicate_holder,45
5404,1024,update,1785090587.7420392,,1785090587.7415717,upsert,0,64,Adaptive,14774026810505956694,0.00046753883361816406,False,,suppressed,low_utility,48
5404,1024,update,1785090587.742407,,1785090587.7417142,upsert,2,64,Adaptive,14774026810505956694,0.0006928443908691406,False,,suppressed,low_utility,50
5404,1024,update,1785090587.7425342,,1785090587.741671,upsert,1,64,Adaptive,14774026810505956694,0.0008630752563476562,False,,suppressed,low_utility,49
5404,1024,update,1785090587.742635,,1785090587.7417517,upsert,3,64,Adaptive,14774026810505956694,0.0008833408355712891,False,,suppressed,low_utility,51
5404,4096,update,1785090590.9699996,1785090590.9699996,1785090582.0784101,upsert,0,64,Adaptive,3073007241776570211,8.891589403152466,True,,forwarded,,40
5404,4096,update,1785090590.97014,1785090590.97014,1785090582.0785584,upsert,2,64,Adaptive,3073007241776570211,8.891581535339355,True,,forwarded,,42
5404,2048,update,1785090591.9485688,,1785090591.948054,upsert,0,64,Adaptive,5281956220402968541,0.0005147457122802734,True,,enqueued,,52
5404,2048,update,1785090591.9491048,,1785090591.9481874,upsert,1,64,Adaptive,5281956220402968541,0.0009174346923828125,True,,enqueued,,53
5404,2048,update,1785090591.9493008,,1785090591.9482982,upsert,3,64,Adaptive,5281956220402968541,0.0010025501251220703,False,,suppressed,duplicate_holder,55
5404,2048,update,1785090591.9494464,,1785090591.9482555,upsert,2,64,Adaptive,5281956220402968541,0.0011909008026123047,False,,suppressed,duplicate_holder,54
5404,2048,update,1785090596.1243148,,1785090596.1238186,upsert,0,64,Adaptive,1785562587857272681,0.0004961490631103516,True,,enqueued,,56
5404,2048,update,1785090596.1247478,,1785090596.1240096,upsert,3,64,Adaptive,1785562587857272681,0.0007381439208984375,True,,enqueued,,59
5404,2048,update,1785090596.124956,,1785090596.1239705,upsert,2,64,Adaptive,1785562587857272681,0.0009853839874267578,False,,suppressed,duplicate_holder,58
5404,2048,update,1785090596.1250737,,1785090596.1239233,upsert,1,64,Adaptive,1785562587857272681,0.001150369644165039,False,,suppressed,duplicate_holder,57
5404,2048,update,1785090598.5812557,,1785090586.3108187,upsert,0,64,Adaptive,14108233664250482536,12.270437002182007,False,,suppressed,low_utility,44
5404,2048,update,1785090598.581331,,1785090586.3109984,upsert,3,64,Adaptive,14108233664250482536,12.27033257484436,False,,suppressed,low_utility,47
5404,2048,update,1785090598.5813596,,1785090591.948054,upsert,0,64,Adaptive,5281956220402968541,6.633305549621582,False,,suppressed,low_utility,52
5404,2048,update,1785090598.5813818,,1785090591.9481874,upsert,1,64,Adaptive,5281956220402968541,6.633194446563721,False,,suppressed,low_utility,53
5404,2048,update,1785090598.5814166,1785090598.5814166,1785090596.1238186,upsert,0,64,Adaptive,1785562587857272681,2.4575979709625244,True,,forwarded,,56
5404,2048,update,1785090600.2945986,,1785090600.294105,upsert,0,64,Adaptive,1610475058989402671,0.0004935264587402344,True,,enqueued,,60
5404,2048,update,1785090600.2950327,,1785090600.2942889,upsert,3,64,Adaptive,1610475058989402671,0.000743865966796875,True,,enqueued,,63
5404,2048,update,1785090600.2951975,,1785090600.2942502,upsert,2,64,Adaptive,1610475058989402671,0.0009472370147705078,False,,suppressed,duplicate_holder,62
5404,2048,update,1785090600.2953098,,1785090600.2942033,upsert,1,64,Adaptive,1610475058989402671,0.0011065006256103516,False,,suppressed,duplicate_holder,61
5404,2048,update,1785090604.359068,,1785090596.1240096,upsert,3,64,Adaptive,1785562587857272681,8.235058307647705,False,,suppressed,low_utility,59
5404,2048,update,1785090604.3592088,,1785090600.294105,upsert,0,64,Adaptive,1610475058989402671,4.065103769302368,False,,suppressed,low_utility,60
5404,2048,update,1785090604.3592896,,1785090600.2942889,upsert,3,64,Adaptive,1610475058989402671,4.065000772476196,False,,suppressed,low_utility,63
5404,4096,update,1785090604.3909261,,1785090604.390581,upsert,0,64,Adaptive,3073007241776570211,0.0003452301025390625,True,,enqueued,,64
5404,4096,update,1785090604.3910913,,1785090604.3907163,upsert,0,64,Adaptive,4650049274038987083,0.0003750324249267578,True,,enqueued,,66
5404,4096,update,1785090604.3913329,1785090604.3913329,1785090604.390581,upsert,0,64,Adaptive,3073007241776570211,0.0007519721984863281,True,,forwarded,,64
5404,2048,update,1785090604.391464,,1785090604.3907542,upsert,2,64,Adaptive,17622982719236225751,0.0007097721099853516,True,,enqueued,,67
5404,1024,update,1785090604.391666,,1785090604.3906696,upsert,3,64,Adaptive,12613465747135452669,0.0009963512420654297,False,,suppressed,low_utility,65
5404,1024,update,1785090605.7970407,,1785090605.7965527,upsert,3,64,Adaptive,12613465747135452669,0.00048804283142089844,False,,suppressed,low_utility,68
5404,2048,update,1785090605.7972083,,1785090605.7966998,upsert,3,64,Adaptive,9971321710674973507,0.0005085468292236328,True,,enqueued,,70
5404,2048,update,1785090605.7975035,,1785090605.796745,upsert,2,64,Adaptive,15769623694692820738,0.0007584095001220703,True,,enqueued,,71
5404,4096,update,1785090605.7976482,,1785090604.3907163,upsert,0,64,Adaptive,4650049274038987083,1.4069318771362305,False,,suppressed,superseded,66
5404,4096,update,1785090605.797728,,1785090605.7966504,upsert,0,64,Adaptive,4650049274038987083,0.0010776519775390625,True,,enqueued,,69
5404,2048,update,1785090611.97026,,1785090604.3907542,upsert,2,64,Adaptive,17622982719236225751,7.579505681991577,False,,suppressed,low_utility,67
5404,2048,update,1785090611.970412,,1785090605.7966998,upsert,3,64,Adaptive,9971321710674973507,6.173712253570557,False,,suppressed,low_utility,70
5404,2048,update,1785090611.9704952,,1785090605.796745,upsert,2,64,Adaptive,15769623694692820738,6.173750162124634,False,,suppressed,low_utility,71
5404,4096,update,1785090611.9705873,1785090611.9705873,1785090605.7966504,upsert,0,64,Adaptive,4650049274038987083,6.17393684387207,True,,forwarded,,69
5404,1024,update,1785090618.3483663,,1785090618.347862,upsert,3,64,Adaptive,12613465747135452669,0.0005042552947998047,False,,suppressed,low_utility,72
5404,2048,update,1785090618.3488226,,1785090618.348057,upsert,0,64,Adaptive,15769623694692820738,0.0007655620574951172,False,,suppressed,low_utility,75
5404,4096,update,1785090618.34898,,1785090618.3480139,upsert,2,64,Adaptive,155989354309277790,0.0009660720825195312,True,,enqueued,,74
5404,4096,update,1785090618.3491528,,1785090618.3479638,upsert,1,64,Adaptive,155989354309277790,0.0011889934539794922,True,,enqueued,,73
5404,4096,update,1785090618.349327,1785090618.349327,1785090618.3480139,upsert,2,64,Adaptive,155989354309277790,0.0013132095336914062,True,,forwarded,,74
5404,4096,update,1785090619.192364,1785090619.192364,1785090618.3479638,upsert,1,64,Adaptive,155989354309277790,0.84440016746521,True,,forwarded,,73
5404,4096,update,1785090619.9020796,,1785090619.9016442,upsert,0,64,Adaptive,4650049274038987083,0.0004353523254394531,True,,enqueued,,76
5404,2048,update,1785090619.9025474,,1785090619.9017432,upsert,2,64,Adaptive,15769623694692820738,0.0008041858673095703,False,,suppressed,low_utility,77
5404,1024,update,1785090619.9026937,,1785090619.9018147,upsert,3,64,Adaptive,12613465747135452669,0.0008790493011474609,False,,suppressed,low_utility,78
5404,1024,update,1785090619.9028168,,1785090619.9018583,upsert,3,64,Adaptive,12523743054995375112,0.0009584426879882812,False,,suppressed,low_utility,79
5404,4096,update,1785090624.6368904,1785090624.6368904,1785090619.9016442,upsert,0,64,Adaptive,4650049274038987083,4.735246181488037,True,,forwarded,,76
5404,4096,update,1785090632.8619323,,1785090632.861435,upsert,0,64,Adaptive,5248254131891465233,0.0004973411560058594,True,,enqueued,,80
5404,4096,update,1785090632.8623164,1785090632.8623164,1785090632.861435,upsert,0,64,Adaptive,5248254131891465233,0.0008814334869384766,True,,forwarded,,80
5404,2048,update,1785090632.8624647,,1785090632.8615923,upsert,3,64,Adaptive,15960031488910374299,0.0008723735809326172,False,,suppressed,low_utility,82
5404,2048,update,1785090632.8625581,,1785090632.861633,upsert,3,64,Adaptive,10402019323283478844,0.0009250640869140625,False,,suppressed,low_utility,83
5404,2048,update,1785090632.8626485,,1785090632.8615444,upsert,2,64,Adaptive,15769623694692820738,0.001104116439819336,False,,suppressed,low_utility,81
5404,1024,update,1785090634.2461972,,1785090634.2457204,upsert,3,64,Adaptive,12613465747135452669,0.000476837158203125,False,,suppressed,low_utility,84
5404,1024,update,1785090634.2463598,,1785090634.2459004,upsert,3,64,Adaptive,12523743054995375112,0.00045943260192871094,False,,suppressed,low_utility,86
5404,2048,update,1785090634.2466154,,1785090634.2459414,upsert,2,64,Adaptive,15769623694692820738,0.0006740093231201172,False,,suppressed,low_utility,87
5404,4096,update,1785090634.2467322,,1785090634.2458482,upsert,0,64,Adaptive,4650049274038987083,0.0008840560913085938,True,,enqueued,,85
5404,4096,update,1785090634.2469244,1785090634.2469244,1785090634.2458482,upsert,0,64,Adaptive,4650049274038987083,0.0010762214660644531,True,,forwarded,,85
5404,1024,update,1785090635.785464,,1785090635.7850225,upsert,3,64,Adaptive,12613465747135452669,0.00044155120849609375,False,,suppressed,low_utility,88
5404,2048,update,1785090635.7857413,,1785090635.7852616,upsert,2,64,Adaptive,15769623694692820738,0.00047969818115234375,False,,suppressed,low_utility,89
5404,2048,update,1785090635.7859788,,1785090635.785497,upsert,0,64,Adaptive,15769623694692820738,0.0004818439483642578,False,,suppressed,low_utility,90
5404,1024,update,1785090635.7861655,,1785090635.7857301,upsert,1,64,Adaptive,16374985302794130926,0.0004353523254394531,False,,suppressed,low_utility,91
5404,4096,update,1785090648.0169678,,1785090648.0165045,upsert,0,64,Adaptive,3073007241776570211,0.00046324729919433594,True,,enqueued,,92
5404,4096,update,1785090648.0172286,1785090648.0172286,1785090648.0165045,upsert,0,64,Adaptive,3073007241776570211,0.0007240772247314453,True,,forwarded,,92
5404,4096,update,1785090648.0174558,,1785090648.0169957,upsert,1,64,Adaptive,16048794067380282208,0.0004601478576660156,True,,enqueued,,93
5404,4096,update,1785090648.0176253,1785090648.0176253,1785090648.0169957,upsert,1,64,Adaptive,16048794067380282208,0.0006296634674072266,True,,forwarded,,93
5404,2048,update,1785090648.0178428,,1785090648.0174108,upsert,2,64,Adaptive,5281956220402968541,0.00043201446533203125,False,,suppressed,low_utility,94
5404,2048,update,1785090648.018027,,1785090648.017671,upsert,0,64,Adaptive,15769623694692820738,0.0003559589385986328,False,,suppressed,low_utility,95
5404,1024,update,1785090650.050515,,1785090650.0500433,upsert,3,64,Adaptive,13063325218966850298,0.0004715919494628906,False,,suppressed,low_utility,96
5404,2048,update,1785090650.0508437,,1785090650.0502884,upsert,2,64,Adaptive,15769623694692820738,0.0005552768707275391,False,,suppressed,low_utility,97
5404,1024,update,1785090650.0511053,,1785090650.05053,upsert,0,64,Adaptive,12523743054995375112,0.0005753040313720703,False,,suppressed,low_utility,98
5404,1024,update,1785090650.0512228,,1785090650.050678,upsert,3,64,Adaptive,12613465747135452669,0.0005447864532470703,False,,suppressed,low_utility,99
5404,2048,update,1785090651.0661304,,1785090651.0656774,upsert,2,64,Adaptive,15769623694692820738,0.00045299530029296875,False,,suppressed,low_utility,100
5404,2048,update,1785090651.0664792,,1785090651.066,upsert,0,64,Adaptive,15769623694692820738,0.0004792213439941406,False,,suppressed,low_utility,101
5404,2048,update,1785090651.066603,,1785090651.0662262,upsert,2,64,Adaptive,15769623694692820738,0.00037670135498046875,False,,suppressed,low_utility,102
5404,1024,update,1785090651.0668309,,1785090651.066466,upsert,3,64,Adaptive,12613465747135452669,0.0003647804260253906,False,,suppressed,low_utility,103
5404,4096,update,1785090652.4060302,,1785090652.4055676,upsert,2,64,Adaptive,155989354309277790,0.00046253204345703125,True,,enqueued,,104
5404,4096,update,1785090652.4062893,1785090652.4062893,1785090652.4055676,upsert,2,64,Adaptive,155989354309277790,0.0007216930389404297,True,,forwarded,,104
5404,1024,update,1785090652.4065201,,1785090652.4060616,upsert,0,64,Adaptive,12613465747135452669,0.0004584789276123047,False,,suppressed,low_utility,105
5404,1024,update,1785090652.4067228,,1785090652.4062517,upsert,3,64,Adaptive,12613465747135452669,0.0004711151123046875,False,,suppressed,low_utility,106
5404,2048,update,1785090652.4068375,,1785090652.4064288,upsert,3,64,Adaptive,9971321710674973507,0.0004086494445800781,True,,enqueued,,107
5404,2048,update,1785090652.406977,1785090652.406977,1785090652.4064288,upsert,3,64,Adaptive,9971321710674973507,0.0005481243133544922,True,,forwarded,,107
5404,1024,update,1785090653.900829,,1785090653.9002936,upsert,3,64,Adaptive,12523743054995375112,0.0005354881286621094,False,,suppressed,low_utility,108
5404,1024,update,1785090653.9011264,,1785090653.9005337,upsert,2,64,Adaptive,13982934541694442251,0.0005927085876464844,False,,suppressed,low_utility,109
5404,2048,update,1785090653.9013782,,1785090653.9006965,upsert,0,64,Adaptive,15769623694692820738,0.0006816387176513672,True,,enqueued,,110
5404,1024,update,1785090653.9015281,,1785090653.9009442,upsert,1,64,Adaptive,13063325218966850298,0.0005838871002197266,False,,suppressed,low_utility,111
5404,2048,update,1785090655.3508348,,1785090655.3501952,upsert,0,64,Adaptive,9971321710674973507,0.0006396770477294922,True,,enqueued,,112
5404,2048,update,1785090655.35117,,1785090655.3505013,upsert,2,64,Adaptive,947483498426156190,0.0006687641143798828,True,,enqueued,,113
5404,2048,update,1785090655.351316,,1785090655.3507261,upsert,2,64,Adaptive,15769623694692820738,0.0005898475646972656,True,,enqueued,,114
5404,2048,update,1785090655.3515332,,1785090655.35097,upsert,3,64,Adaptive,10402019323283478844,0.0005631446838378906,True,,enqueued,,115
5404,2048,update,1785090657.1635828,,1785090653.9006965,upsert,0,64,Adaptive,15769623694692820738,3.2628862857818604,False,,suppressed,superseded,110
5404,2048,update,1785090657.1637318,,1785090657.16317,upsert,0,64,Adaptive,15769623694692820738,0.0005617141723632812,True,,enqueued,,116
5404,4096,update,1785090657.1640587,,1785090657.16347,upsert,3,64,Adaptive,4650049274038987083,0.0005886554718017578,True,,enqueued,,117
5404,2048,update,1785090657.1641858,,1785090655.3507261,upsert,2,64,Adaptive,15769623694692820738,1.8134596347808838,False,,suppressed,low_utility,114
5404,2048,update,1785090657.1642559,,1785090657.16317,upsert,0,64,Adaptive,15769623694692820738,0.0010857582092285156,False,,suppressed,low_utility,116
5404,2048,update,1785090657.164526,,1785090657.1639426,upsert,2,64,Adaptive,15769623694692820738,0.0005834102630615234,True,,enqueued,,118
5404,2048,update,1785090657.1646392,,1785090657.1639426,upsert,2,64,Adaptive,15769623694692820738,0.0006966590881347656,False,,suppressed,low_utility,118
5404,1024,update,1785090657.164744,,1785090657.1641948,upsert,3,64,Adaptive,12523743054995375112,0.0005490779876708984,False,,suppressed,low_utility,119
5404,1024,update,1785090658.3327477,,1785090658.3322718,upsert,0,64,Adaptive,14774026810505956694,0.00047588348388671875,False,,suppressed,low_utility,120
5404,2048,update,1785090658.3330772,,1785090658.3325045,upsert,2,64,Adaptive,15769623694692820738,0.0005726814270019531,True,,enqueued,,121
5404,2048,update,1785090658.3332222,,1785090658.3325045,upsert,2,64,Adaptive,15769623694692820738,0.0007176399230957031,False,,suppressed,low_utility,121
5404,2048,update,1785090658.333431,,1785090658.3327403,upsert,0,64,Adaptive,15769623694692820738,0.0006906986236572266,True,,enqueued,,122
5404,2048,update,1785090658.3335478,,1785090658.3327403,upsert,0,64,Adaptive,15769623694692820738,0.0008075237274169922,False,,suppressed,low_utility,122
5404,1024,update,1785090658.3337338,,1785090658.332975,upsert,3,64,Adaptive,12523743054995375112,0.0007588863372802734,False,,suppressed,low_utility,123
5404,2048,update,1785090660.914769,,1785090655.3501952,upsert,0,64,Adaptive,9971321710674973507,5.564573764801025,False,,suppressed,low_utility,112
5404,2048,update,1785090660.9149585,,1785090655.3505013,upsert,2,64,Adaptive,947483498426156190,5.564457178115845,False,,suppressed,low_utility,113
5404,2048,update,1785090660.915041,,1785090655.35097,upsert,3,64,Adaptive,10402019323283478844,5.5640709400177,False,,suppressed,low_utility,115
5404,4096,update,1785090660.9151332,1785090660.9151332,1785090657.16347,upsert,3,64,Adaptive,4650049274038987083,3.7516632080078125,True,,forwarded,,117
5404,2048,update,1785090662.0902796,,1785090662.0898051,upsert,3,64,Adaptive,6878038652119793510,0.0004744529724121094,True,,enqueued,,124
5404,2048,update,1785090662.090613,1785090662.090613,1785090662.0898051,upsert,3,64,Adaptive,6878038652119793510,0.0008077621459960938,True,,forwarded,,124
5404,1024,update,1785090662.090758,,1785090662.0901108,upsert,0,64,Adaptive,14333057367934485678,0.0006473064422607422,False,,suppressed,low_utility,125
5404,1024,update,1785090662.0910292,,1785090662.0902681,upsert,2,64,Adaptive,11592361518825428217,0.0007610321044921875,False,,suppressed,low_utility,126
5404,1024,update,1785090662.0911357,,1785090662.090409,upsert,1,64,Adaptive,3796152564256217897,0.0007266998291015625,False,,suppressed,low_utility,127
5404,2048,update,1785090666.3837683,,1785090666.3833418,upsert,3,64,Adaptive,17846715708891391149,0.0004265308380126953,True,,enqueued,,128
5404,2048,update,1785090666.3842928,,1785090666.383642,upsert,1,64,Adaptive,14470901837808647390,0.0006508827209472656,True,,enqueued,,129
5404,1024,update,1785090666.38462,,1785090666.383886,upsert,2,64,Adaptive,11821849661176330329,0.0007338523864746094,False,,suppressed,low_utility,130
5404,1024,update,1785090666.3849294,,1785090666.384029,upsert,0,64,Adaptive,11821849661176330329,0.0009005069732666016,False,,suppressed,low_utility,131
5404,2048,update,1785090669.9702392,,1785090666.3833418,upsert,3,64,Adaptive,17846715708891391149,3.586897373199463,False,,suppressed,low_utility,128
5404,2048,update,1785090669.9703953,,1785090666.383642,upsert,1,64,Adaptive,14470901837808647390,3.5867533683776855,False,,suppressed,low_utility,129
5404,1024,update,1785090670.4646637,,1785090670.4642053,upsert,3,64,Adaptive,14333057367934485678,0.0004584789276123047,False,,suppressed,low_utility,132
5404,2048,update,1785090670.4649534,,1785090670.464437,upsert,2,64,Adaptive,17846715708891391149,0.0005164146423339844,True,,enqueued,,133
5404,2048,update,1785090670.465209,1785090670.465209,1785090670.464437,upsert,2,64,Adaptive,17846715708891391149,0.0007719993591308594,True,,forwarded,,133
5404,2048,update,1785090670.4653337,,1785090670.4646683,upsert,1,64,Adaptive,17846715708891391149,0.0006654262542724609,True,,enqueued,,134
5404,2048,update,1785090670.465539,1785090670.465539,1785090670.4646683,upsert,1,64,Adaptive,17846715708891391149,0.0008707046508789062,True,,forwarded,,134
5404,2048,update,1785090670.4656563,,1785090670.464905,upsert,0,64,Adaptive,17846715708891391149,0.0007512569427490234,False,,suppressed,duplicate_holder,135
5404,1024,update,1785090682.9681973,,1785090682.967851,upsert,3,64,Adaptive,14333057367934485678,0.0003464221954345703,False,,suppressed,low_utility,136
5404,2048,update,1785090682.9683363,,1785090682.9680889,upsert,0,64,Adaptive,17846715708891391149,0.0002474784851074219,False,,suppressed,duplicate_holder,137
5404,4096,update,1785090682.9684443,,1785090682.968318,upsert,2,64,Adaptive,11084610101891187946,0.00012636184692382812,True,,enqueued,,138
5404,4096,update,1785090682.9685156,1785090682.9685156,1785090682.968318,upsert,2,64,Adaptive,11084610101891187946,0.0001976490020751953,True,,forwarded,,138
5404,2048,update,1785090682.968824,,1785090682.9686866,upsert,1,64,Adaptive,15542353749932536880,0.0001373291015625,True,,enqueued,,139
5404,2048,update,1785090682.968878,1785090682.968878,1785090682.9686866,upsert,1,64,Adaptive,15542353749932536880,0.0001914501190185547,True,,forwarded,,139
5404,4096,update,1785090695.6011214,,1785090695.600636,upsert,3,64,Adaptive,13844655051170110805,0.00048542022705078125,True,,enqueued,,140
5404,4096,update,1785090695.6014073,1785090695.6014073,1785090695.600636,upsert,3,64,Adaptive,13844655051170110805,0.0007712841033935547,True,,forwarded,,140
5404,1024,update,1785090695.6016479,,1785090695.6011221,upsert,1,64,Adaptive,14333057367934485678,0.0005257129669189453,False,,suppressed,low_utility,141
5404,1024,update,1785090695.6019287,,1785090695.601292,upsert,2,64,Adaptive,594533630581776597,0.0006368160247802734,False,,suppressed,low_utility,142
5404,2048,update,1785090695.6020432,,1785090695.6014366,upsert,0,64,Adaptive,14470901837808647390,0.000606536865234375,True,,enqueued,,143
5404,2048,update,1785090695.602182,1785090695.602182,1785090695.6014366,upsert,0,64,Adaptive,14470901837808647390,0.0007452964782714844,True,,forwarded,,143
5404,4096,update,1785090708.4066176,,1785090708.4062514,upsert,3,64,Adaptive,5080278736125677280,0.0003662109375,True,,enqueued,,144
5404,4096,update,1785090708.4069114,1785090708.4069114,1785090708.4062514,upsert,3,64,Adaptive,5080278736125677280,0.000659942626953125,True,,forwarded,,144
5404,2048,update,1785090708.4071445,,1785090708.4066997,upsert,2,64,Adaptive,7207950530426667890,0.0004448890686035156,True,,enqueued,,145
5404,2048,update,1785090708.4073803,1785090708.4073803,1785090708.4066997,upsert,2,64,Adaptive,7207950530426667890,0.0006806850433349609,True,,forwarded,,145
5404,2048,update,1785090708.4074967,,1785090708.4069605,upsert,1,64,Adaptive,17846715708891391149,0.0005362033843994141,True,,enqueued,,146
5404,2048,update,1785090708.4077077,1785090708.4077077,1785090708.4069605,upsert,1,64,Adaptive,17846715708891391149,0.0007472038269042969,True,,forwarded,,146
5404,2048,update,1785090708.4078355,,1785090708.4071798,upsert,0,64,Adaptive,14718592730808615998,0.0006556510925292969,True,,enqueued,,147
5404,2048,update,1785090708.4079647,1785090708.4079647,1785090708.4071798,upsert,0,64,Adaptive,14718592730808615998,0.0007848739624023438,True,,forwarded,,147
5404,2048,update,1785090721.2506266,,1785090721.2502406,upsert,3,64,Adaptive,6878038652119793510,0.0003859996795654297,True,,enqueued,,148
5404,2048,update,1785090721.2508285,1785090721.2508285,1785090721.2502406,upsert,3,64,Adaptive,6878038652119793510,0.0005879402160644531,True,,forwarded,,148
5404,2048,update,1785090721.2509544,,1785090721.2505467,upsert,2,64,Adaptive,7759237608199543855,0.0004076957702636719,True,,enqueued,,149
5404,2048,update,1785090721.2510915,1785090721.2510915,1785090721.2505467,upsert,2,64,Adaptive,7759237608199543855,0.0005447864532470703,True,,forwarded,,149
5404,4096,update,1785090721.2511542,,1785090721.2507954,upsert,1,64,Adaptive,8795327467627576569,0.00035881996154785156,True,,enqueued,,150
5404,4096,update,1785090721.251225,1785090721.251225,1785090721.2507954,upsert,1,64,Adaptive,8795327467627576569,0.0004296302795410156,True,,forwarded,,150
5404,1024,update,1785090721.2513373,,1785090721.2511714,upsert,0,64,Adaptive,11821849661176330329,0.0001659393310546875,False,,suppressed,low_utility,151
5404,4096,update,1785090734.1845524,,1785090734.1842284,upsert,1,64,Adaptive,15507369539614680842,0.00032401084899902344,True,,enqueued,,152
5404,4096,update,1785090734.1846752,1785090734.1846752,1785090734.1842284,upsert,1,64,Adaptive,15507369539614680842,0.0004467964172363281,True,,forwarded,,152
5404,1024,update,1785090734.1848357,,1785090734.1846845,upsert,0,64,Adaptive,14333057367934485678,0.00015115737915039062,False,,suppressed,low_utility,153
5404,4096,update,1785090734.1849833,,1785090734.1848679,upsert,3,64,Adaptive,5080278736125677280,0.00011539459228515625,True,,enqueued,,154
5404,4096,update,1785090734.185049,1785090734.185049,1785090734.1848679,upsert,3,64,Adaptive,5080278736125677280,0.0001811981201171875,True,,forwarded,,154
5404,1024,update,1785090734.1853313,,1785090734.1852129,upsert,2,64,Adaptive,14333057367934485678,0.00011849403381347656,False,,suppressed,low_utility,155
5404,4096,update,1785090738.3094633,,1785090738.30899,upsert,2,64,Adaptive,11084610101891187946,0.00047326087951660156,True,,enqueued,,156
5404,4096,update,1785090738.3097517,1785090738.3097517,1785090738.30899,upsert,2,64,Adaptive,11084610101891187946,0.0007617473602294922,True,,forwarded,,156
5404,2048,update,1785090738.310054,,1785090738.30945,upsert,1,64,Adaptive,17846715708891391149,0.0006041526794433594,True,,enqueued,,157
5404,2048,update,1785090738.310354,1785090738.310354,1785090738.30945,upsert,1,64,Adaptive,17846715708891391149,0.000904083251953125,True,,forwarded,,157
5404,2048,update,1785090738.3105042,,1785090738.3096886,upsert,0,64,Adaptive,17368355320037658727,0.0008156299591064453,True,,enqueued,,158
5404,4096,update,1785090738.310629,,1785090738.3099225,upsert,3,64,Adaptive,13844655051170110805,0.0007064342498779297,True,,enqueued,,159
5404,2048,update,1785090744.1924412,1785090744.1924412,1785090738.3096886,upsert,0,64,Adaptive,17368355320037658727,5.8827526569366455,True,,forwarded,,158
5404,4096,update,1785090744.1925936,1785090744.1925936,1785090738.3099225,upsert,3,64,Adaptive,13844655051170110805,5.882671117782593,True,,forwarded,,159
5404,2048,update,1785090751.7358122,,1785090751.7353735,upsert,3,64,Adaptive,6878038652119793510,0.000438690185546875,True,,enqueued,,160
5404,2048,update,1785090751.7360811,1785090751.7360811,1785090751.7353735,upsert,3,64,Adaptive,6878038652119793510,0.0007076263427734375,True,,forwarded,,160
5404,4096,update,1785090751.7363164,,1785090751.7356775,upsert,1,64,Adaptive,8870018519622387243,0.0006389617919921875,True,,enqueued,,161
5404,4096,update,1785090751.7365515,1785090751.7365515,1785090751.7356775,upsert,1,64,Adaptive,8870018519622387243,0.0008740425109863281,True,,forwarded,,161
5404,1024,update,1785090751.7366757,,1785090751.7360904,upsert,0,64,Adaptive,11821849661176330329,0.0005853176116943359,False,,suppressed,low_utility,162
5404,2048,update,1785090751.7368693,,1785090751.73624,upsert,2,64,Adaptive,2791082597034988524,0.000629425048828125,True,,enqueued,,163
5404,1024,update,1785090753.8455963,,1785090753.8451502,upsert,2,64,Adaptive,16959770370201147106,0.00044608116149902344,False,,suppressed,low_utility,164
5404,2048,update,1785090753.8459592,,1785090753.8454008,upsert,1,64,Adaptive,17846715708891391149,0.0005583763122558594,True,,enqueued,,165
5404,2048,update,1785090753.8461223,,1785090753.8454008,upsert,1,64,Adaptive,17846715708891391149,0.0007214546203613281,False,,suppressed,superseded,165
5404,2048,update,1785090753.8462226,,1785090753.845639,upsert,1,64,Adaptive,17846715708891391149,0.000583648681640625,True,,enqueued,,166
5404,2048,update,1785090753.8464913,,1785090753.8458626,upsert,2,64,Adaptive,17846715708891391149,0.0006287097930908203,True,,enqueued,,167
5404,1024,update,1785090755.3352058,,1785090755.33476,upsert,1,64,Adaptive,7868677391643418442,0.0004458427429199219,False,,suppressed,low_utility,168
5404,1024,update,1785090755.3355088,,1785090755.3350148,upsert,0,64,Adaptive,11828416008499956572,0.0004940032958984375,False,,suppressed,low_utility,169
5404,4096,update,1785090755.3357563,,1785090755.3351824,upsert,3,64,Adaptive,13844655051170110805,0.0005738735198974609,True,,enqueued,,170
5404,1024,update,1785090755.3360655,,1785090755.3355577,upsert,2,64,Adaptive,5810489706710392208,0.0005078315734863281,False,,suppressed,low_utility,171
5404,2048,update,1785090758.636968,,1785090751.73624,upsert,2,64,Adaptive,2791082597034988524,6.900727987289429,False,,suppressed,low_utility,163
5404,2048,update,1785090758.6371408,1785090758.6371408,1785090753.845639,upsert,1,64,Adaptive,17846715708891391149,4.791501760482788,True,,forwarded,,166
5404,2048,update,1785090758.637274,1785090758.637274,1785090753.8458626,upsert,2,64,Adaptive,17846715708891391149,4.791411399841309,True,,forwarded,,167
5404,4096,update,1785090765.8591604,1785090765.8591604,1785090755.3351824,upsert,3,64,Adaptive,13844655051170110805,10.523977994918823,True,,forwarded,,170
5404,2048,update,1785090767.7088954,,1785090767.7084656,upsert,2,64,Adaptive,17846715708891391149,0.0004298686981201172,True,,enqueued,,172
5404,2048,update,1785090767.7091649,1785090767.7091649,1785090767.7084656,upsert,2,64,Adaptive,17846715708891391149,0.0006992816925048828,True,,forwarded,,172
5404,2048,update,1785090767.7094219,,1785090767.7088077,upsert,1,64,Adaptive,17846715708891391149,0.000614166259765625,True,,enqueued,,173
5404,4096,update,1785090767.7096994,,1785090767.7090437,upsert,2,64,Adaptive,11084610101891187946,0.0006556510925292969,True,,enqueued,,174
5404,4096,update,1785090767.7099602,,1785090767.7093973,upsert,0,64,Adaptive,16508625817180621701,0.0005629062652587891,True,,enqueued,,175
5404,2048,update,1785090771.8395052,,1785090767.7088077,upsert,1,64,Adaptive,17846715708891391149,4.13069748878479,False,,suppressed,superseded,173
5404,2048,update,1785090771.8396616,,1785090771.8390603,upsert,1,64,Adaptive,17846715708891391149,0.0006012916564941406,True,,enqueued,,176
5404,2048,update,1785090771.8400712,,1785090771.8393703,upsert,2,64,Adaptive,3239139471102595402,0.0007009506225585938,True,,enqueued,,177
5404,2048,update,1785090771.840245,,1785090771.8395984,upsert,0,64,Adaptive,3239139471102595402,0.0006465911865234375,True,,enqueued,,178
5404,1024,update,1785090771.8405051,,1785090771.839824,upsert,3,64,Adaptive,11821849661176330329,0.0006811618804931641,False,,suppressed,low_utility,179
5404,4096,update,1785090773.0812569,1785090773.0812569,1785090767.7090437,upsert,2,64,Adaptive,11084610101891187946,5.372213125228882,True,,forwarded,,174
5404,4096,update,1785090773.0814056,1785090773.0814056,1785090767.7093973,upsert,0,64,Adaptive,16508625817180621701,5.372008323669434,True,,forwarded,,175
5404,2048,update,1785090780.3036225,,1785090771.8390603,upsert,1,64,Adaptive,17846715708891391149,8.464562177658081,False,,suppressed,low_utility,176
5404,2048,update,1785090780.3037705,,1785090771.8393703,upsert,2,64,Adaptive,3239139471102595402,8.464400291442871,False,,suppressed,low_utility,177
5404,2048,update,1785090780.303905,,1785090771.8395984,upsert,0,64,Adaptive,3239139471102595402,8.464306592941284,False,,suppressed,low_utility,178
5404,1024,update,1785090784.6001348,,1785090784.5996644,upsert,2,64,Adaptive,11828416008499956572,0.0004703998565673828,False,,suppressed,low_utility,180
5404,2048,update,1785090784.6004453,,1785090784.5999513,upsert,1,64,Adaptive,17846715708891391149,0.0004940032958984375,True,,enqueued,,181
5404,2048,update,1785090784.600743,1785090784.600743,1785090784.5999513,upsert,1,64,Adaptive,17846715708891391149,0.0007917881011962891,True,,forwarded,,181
5404,2048,update,1785090784.6009195,,1785090784.6001956,upsert,3,64,Adaptive,13764273285245102789,0.0007238388061523438,True,,enqueued,,182
5404,2048,update,1785090784.6011803,1785090784.6011803,1785090784.6001956,upsert,3,64,Adaptive,13764273285245102789,0.0009846687316894531,True,,forwarded,,182
5404,4096,update,1785090784.6013098,,1785090784.6004114,upsert,0,64,Adaptive,16236083247640581049,0.0008983612060546875,True,,enqueued,,183
5404,4096,update,1785090787.5257616,1785090787.5257616,1785090784.6004114,upsert,0,64,Adaptive,16236083247640581049,2.9253501892089844,True,,forwarded,,183
5406,4096,update,1785091064.958562,,1785091064.9580324,upsert,0,64,Adaptive,15769623694692820738,0.0005295276641845703,True,,enqueued,,0
5406,4096,update,1785091064.9592695,1785091064.9592695,1785091064.9580324,upsert,0,64,Adaptive,15769623694692820738,0.0012371540069580078,True,,forwarded,,0
5406,4096,update,1785091064.9594982,,1785091064.9581811,upsert,2,64,Adaptive,15769623694692820738,0.0013170242309570312,True,,enqueued,,2
5406,4096,update,1785091064.959715,,1785091064.9581163,upsert,1,64,Adaptive,15769623694692820738,0.0015985965728759766,False,,suppressed,duplicate_holder,1
5406,4096,update,1785091064.959909,,1785091064.9582381,upsert,3,64,Adaptive,15769623694692820738,0.00167083740234375,False,,suppressed,duplicate_holder,3
5406,4096,update,1785091064.9601762,1785091064.9601762,1785091064.9581811,upsert,2,64,Adaptive,15769623694692820738,0.001995086669921875,True,,forwarded,,2
5406,1024,update,1785091066.3522084,,1785091066.351726,upsert,0,64,Adaptive,12613465747135452669,0.00048232078552246094,True,,enqueued,,4
5406,1024,update,1785091066.3528368,1785091066.3528368,1785091066.351726,upsert,0,64,Adaptive,12613465747135452669,0.0011107921600341797,True,,forwarded,,4
5406,1024,update,1785091066.3530529,,1785091066.3518424,upsert,1,64,Adaptive,12613465747135452669,0.0012104511260986328,True,,enqueued,,5
5406,1024,update,1785091066.3532684,,1785091066.351899,upsert,2,64,Adaptive,12613465747135452669,0.001369476318359375,False,,suppressed,duplicate_holder,6
5406,1024,update,1785091066.3534336,,1785091066.3519554,upsert,3,64,Adaptive,12613465747135452669,0.0014781951904296875,False,,suppressed,duplicate_holder,7
5406,1024,update,1785091066.3536525,1785091066.3536525,1785091066.3518424,upsert,1,64,Adaptive,12613465747135452669,0.0018100738525390625,True,,forwarded,,5
5406,2048,update,1785091070.3767636,,1785091070.376271,upsert,0,64,Adaptive,12523743054995375112,0.0004925727844238281,True,,enqueued,,8
5406,2048,update,1785091070.377411,1785091070.377411,1785091070.376271,upsert,0,64,Adaptive,12523743054995375112,0.0011398792266845703,True,,forwarded,,8
5406,2048,update,1785091070.3776183,,1785091070.3763692,upsert,1,64,Adaptive,12523743054995375112,0.001249074935913086,True,,enqueued,,9
5406,2048,update,1785091070.377837,,1785091070.3764193,upsert,2,64,Adaptive,12523743054995375112,0.0014176368713378906,False,,suppressed,duplicate_holder,10
5406,2048,update,1785091070.3780034,,1785091070.3764741,upsert,3,64,Adaptive,12523743054995375112,0.0015292167663574219,False,,suppressed,duplicate_holder,11
5406,2048,update,1785091070.3782341,1785091070.3782341,1785091070.3763692,upsert,1,64,Adaptive,12523743054995375112,0.0018649101257324219,True,,forwarded,,9
5406,4096,update,1785091083.2986462,,1785091083.2982025,upsert,0,64,Adaptive,9971321710674973507,0.0004436969757080078,True,,enqueued,,12
5406,4096,update,1785091083.299259,1785091083.299259,1785091083.2982025,upsert,0,64,Adaptive,9971321710674973507,0.0010564327239990234,True,,forwarded,,12
5406,4096,update,1785091083.2994668,,1785091083.2982998,upsert,1,64,Adaptive,9971321710674973507,0.0011670589447021484,True,,enqueued,,13
5406,4096,update,1785091083.2996764,,1785091083.2983534,upsert,2,64,Adaptive,9971321710674973507,0.0013229846954345703,False,,suppressed,duplicate_holder,14
5406,4096,update,1785091083.2998676,,1785091083.2984126,upsert,3,64,Adaptive,9971321710674973507,0.001455068588256836,False,,suppressed,duplicate_holder,15
5406,4096,update,1785091083.3000925,1785091083.3000925,1785091083.2982998,upsert,1,64,Adaptive,9971321710674973507,0.0017926692962646484,True,,forwarded,,13
5406,2048,update,1785091087.510678,,1785091087.51025,upsert,0,64,Adaptive,4650049274038987083,0.0004279613494873047,True,,enqueued,,16
5406,2048,update,1785091087.5111406,1785091087.5111406,1785091087.51025,upsert,0,64,Adaptive,4650049274038987083,0.0008904933929443359,True,,forwarded,,16
5406,2048,update,1785091087.511284,,1785091087.5104306,upsert,3,64,Adaptive,4650049274038987083,0.0008535385131835938,True,,enqueued,,19
5406,2048,update,1785091087.5114136,,1785091087.5103476,upsert,1,64,Adaptive,4650049274038987083,0.001065969467163086,False,,suppressed,duplicate_holder,17
5406,2048,update,1785091087.5115108,,1785091087.5103931,upsert,2,64,Adaptive,4650049274038987083,0.001117706298828125,False,,suppressed,duplicate_holder,18
5406,2048,update,1785091087.5116494,1785091087.5116494,1785091087.5104306,upsert,3,64,Adaptive,4650049274038987083,0.0012187957763671875,True,,forwarded,,19
5406,1024,update,1785091088.8938444,,1785091088.8933506,upsert,0,64,Adaptive,3163096543987652428,0.0004937648773193359,True,,enqueued,,20
5406,1024,update,1785091088.894253,1785091088.894253,1785091088.8933506,upsert,0,64,Adaptive,3163096543987652428,0.0009024143218994141,True,,forwarded,,20
5406,1024,update,1785091088.8943918,,1785091088.893538,upsert,3,64,Adaptive,3163096543987652428,0.0008537769317626953,True,,enqueued,,23
5406,1024,update,1785091088.894519,,1785091088.8934956,upsert,2,64,Adaptive,3163096543987652428,0.0010235309600830078,False,,suppressed,duplicate_holder,22
5406,1024,update,1785091088.8947377,1785091088.8947377,1785091088.893538,upsert,3,64,Adaptive,3163096543987652428,0.0011997222900390625,True,,forwarded,,23
5406,1024,update,1785091088.8948696,,1785091088.8934484,upsert,1,64,Adaptive,3163096543987652428,0.001421213150024414,False,,suppressed,duplicate_holder,21
5406,4096,update,1785091102.0853195,,1785091102.0847578,upsert,0,64,Adaptive,10402019323283478844,0.0005617141723632812,True,,enqueued,,24
5406,4096,update,1785091102.0859816,1785091102.0859816,1785091102.0847578,upsert,0,64,Adaptive,10402019323283478844,0.0012238025665283203,True,,forwarded,,24
5406,4096,update,1785091102.0862005,,1785091102.0849726,upsert,3,64,Adaptive,10402019323283478844,0.0012278556823730469,True,,enqueued,,27
5406,4096,update,1785091102.086419,,1785091102.0849252,upsert,2,64,Adaptive,10402019323283478844,0.0014939308166503906,False,,suppressed,duplicate_holder,26
5406,4096,update,1785091102.0865834,,1785091102.0848794,upsert,1,64,Adaptive,10402019323283478844,0.0017039775848388672,False,,suppressed,duplicate_holder,25
5406,4096,update,1785091102.0868173,1785091102.0868173,1785091102.0849726,upsert,3,64,Adaptive,10402019323283478844,0.001844644546508789,True,,forwarded,,27
5406,2048,update,1785091106.3146818,,1785091106.314271,upsert,0,64,Adaptive,14064140743279553366,0.0004107952117919922,True,,enqueued,,28
5406,2048,update,1785091106.3151455,1785091106.3151455,1785091106.314271,upsert,0,64,Adaptive,14064140743279553366,0.0008745193481445312,True,,forwarded,,28
5406,2048,update,1785091106.3152936,,1785091106.3144546,upsert,3,64,Adaptive,14064140743279553366,0.0008389949798583984,True,,enqueued,,31
5406,2048,update,1785091106.3154233,,1785091106.314368,upsert,1,64,Adaptive,14064140743279553366,0.0010552406311035156,False,,suppressed,duplicate_holder,29
5406,2048,update,1785091106.3155205,,1785091106.3144145,upsert,2,64,Adaptive,14064140743279553366,0.0011060237884521484,False,,suppressed,duplicate_holder,30
5406,2048,update,1785091106.3156583,1785091106.3156583,1785091106.3144546,upsert,3,64,Adaptive,14064140743279553366,0.001203775405883789,True,,forwarded,,31
5406,2048,update,1785091110.4606285,,1785091110.4601543,upsert,0,64,Adaptive,12376960631178457983,0.0004742145538330078,True,,enqueued,,32
5406,2048,update,1785091110.461121,1785091110.461121,1785091110.4601543,upsert,0,64,Adaptive,12376960631178457983,0.0009667873382568359,True,,forwarded,,32
5406,2048,update,1785091110.4612691,,1785091110.4603362,upsert,3,64,Adaptive,12376960631178457983,0.0009329319000244141,True,,enqueued,,35
5406,2048,update,1785091110.4614015,,1785091110.4602962,upsert,2,64,Adaptive,12376960631178457983,0.0011053085327148438,False,,suppressed,duplicate_holder,34
5406,2048,update,1785091110.4615018,,1785091110.4602516,upsert,1,64,Adaptive,12376960631178457983,0.0012502670288085938,False,,suppressed,duplicate_holder,33
5406,2048,update,1785091110.4616425,1785091110.4616425,1785091110.4603362,upsert,3,64,Adaptive,12376960631178457983,0.001306295394897461,True,,forwarded,,35
5406,2048,update,1785091114.6296775,,1785091114.6292005,upsert,0,64,Adaptive,947483498426156190,0.00047707557678222656,True,,enqueued,,36
5406,2048,update,1785091114.630143,1785091114.630143,1785091114.6292005,upsert,0,64,Adaptive,947483498426156190,0.0009424686431884766,True,,forwarded,,36
5406,2048,update,1785091114.6302824,,1785091114.6293833,upsert,3,64,Adaptive,947483498426156190,0.0008990764617919922,True,,enqueued,,39
5406,2048,update,1785091114.6304142,,1785091114.6293006,upsert,1,64,Adaptive,947483498426156190,0.0011136531829833984,False,,suppressed,duplicate_holder,37
5406,2048,update,1785091114.6305132,,1785091114.629345,upsert,2,64,Adaptive,947483498426156190,0.0011682510375976562,False,,suppressed,duplicate_holder,38
5406,2048,update,1785091114.6306374,1785091114.6306374,1785091114.6293833,upsert,3,64,Adaptive,947483498426156190,0.0012540817260742188,True,,forwarded,,39
5406,4096,update,1785091127.956602,,1785091127.9561443,upsert,0,64,Adaptive,3073007241776570211,0.000457763671875,True,,enqueued,,40
5406,4096,update,1785091127.9570396,1785091127.9570396,1785091127.9561443,upsert,0,64,Adaptive,3073007241776570211,0.0008952617645263672,True,,forwarded,,40
5406,4096,update,1785091127.9571822,,1785091127.956335,upsert,3,64,Adaptive,3073007241776570211,0.0008471012115478516,True,,enqueued,,43
5406,4096,update,1785091127.9573133,,1785091127.9562922,upsert,2,64,Adaptive,3073007241776570211,0.0010211467742919922,False,,suppressed,duplicate_holder,42
5406,4096,update,1785091127.9574146,,1785091127.9562433,upsert,1,64,Adaptive,3073007241776570211,0.0011713504791259766,False,,suppressed,duplicate_holder,41
5406,4096,update,1785091127.9575238,1785091127.9575238,1785091127.956335,upsert,3,64,Adaptive,3073007241776570211,0.0011887550354003906,True,,forwarded,,43
5406,2048,update,1785091132.0953064,,1785091132.0948052,upsert,0,64,Adaptive,14108233664250482536,0.0005011558532714844,True,,enqueued,,44
5406,2048,update,1785091132.0957365,1785091132.0957365,1785091132.0948052,upsert,0,64,Adaptive,14108233664250482536,0.0009312629699707031,True,,forwarded,,44
5406,2048,update,1785091132.0959127,,1785091132.0949898,upsert,3,64,Adaptive,14108233664250482536,0.0009229183197021484,True,,enqueued,,47
5406,2048,update,1785091132.0960486,,1785091132.0949512,upsert,2,64,Adaptive,14108233664250482536,0.0010974407196044922,False,,suppressed,duplicate_holder,46
5406,2048,update,1785091132.0961509,,1785091132.0949047,upsert,1,64,Adaptive,14108233664250482536,0.0012462139129638672,False,,suppressed,duplicate_holder,45
5406,2048,update,1785091132.0962625,1785091132.0962625,1785091132.0949898,upsert,3,64,Adaptive,14108233664250482536,0.0012726783752441406,True,,forwarded,,47
5406,4096,update,1785091145.269612,,1785091145.269098,upsert,0,64,Adaptive,14774026810505956694,0.0005140304565429688,True,,enqueued,,48
5406,4096,update,1785091145.270203,1785091145.270203,1785091145.269098,upsert,0,64,Adaptive,14774026810505956694,0.0011050701141357422,True,,forwarded,,48
5406,4096,update,1785091145.2704146,,1785091145.269291,upsert,3,64,Adaptive,14774026810505956694,0.001123666763305664,True,,enqueued,,51
5406,4096,update,1785091145.2706409,,1785091145.2691998,upsert,1,64,Adaptive,14774026810505956694,0.0014410018920898438,False,,suppressed,duplicate_holder,49
5406,4096,update,1785091145.2708452,,1785091145.2692442,upsert,2,64,Adaptive,14774026810505956694,0.0016009807586669922,False,,suppressed,duplicate_holder,50
5406,4096,update,1785091145.271031,1785091145.271031,1785091145.269291,upsert,3,64,Adaptive,14774026810505956694,0.0017399787902832031,True,,forwarded,,51
5406,2048,update,1785091149.5826964,,1785091149.582179,upsert,0,64,Adaptive,5281956220402968541,0.0005173683166503906,True,,enqueued,,52
5406,2048,update,1785091149.5833066,,1785091149.5823195,upsert,2,64,Adaptive,5281956220402968541,0.0009870529174804688,True,,enqueued,,54
5406,2048,update,1785091149.583544,,1785091149.5822742,upsert,1,64,Adaptive,5281956220402968541,0.0012698173522949219,False,,suppressed,duplicate_holder,53
5406,2048,update,1785091149.5837266,,1785091149.5823677,upsert,3,64,Adaptive,5281956220402968541,0.0013589859008789062,False,,suppressed,duplicate_holder,55
5406,2048,update,1785091150.7975373,1785091150.7975373,1785091149.582179,upsert,0,64,Adaptive,5281956220402968541,1.2153582572937012,True,,forwarded,,52
5406,2048,update,1785091150.7976928,1785091150.7976928,1785091149.5823195,upsert,2,64,Adaptive,5281956220402968541,1.2153732776641846,True,,forwarded,,54
5406,1024,update,1785091151.0120437,,1785091151.011685,upsert,0,64,Adaptive,1785562587857272681,0.00035881996154785156,False,,suppressed,low_utility,56
5406,1024,update,1785091151.012353,,1785091151.011794,upsert,3,64,Adaptive,1785562587857272681,0.0005588531494140625,False,,suppressed,low_utility,59
5406,1024,update,1785091151.0124643,,1785091151.0117538,upsert,2,64,Adaptive,1785562587857272681,0.0007104873657226562,False,,suppressed,low_utility,58
5406,1024,update,1785091151.012554,,1785091151.0117333,upsert,1,64,Adaptive,1785562587857272681,0.0008206367492675781,False,,suppressed,low_utility,57
5406,2048,update,1785091155.2188177,,1785091155.2183518,upsert,0,64,Adaptive,1610475058989402671,0.0004658699035644531,True,,enqueued,,60
5406,2048,update,1785091155.2192304,,1785091155.218448,upsert,3,64,Adaptive,1610475058989402671,0.0007824897766113281,True,,enqueued,,63
5406,2048,update,1785091155.219379,,1785091155.2184246,upsert,2,64,Adaptive,1610475058989402671,0.0009543895721435547,False,,suppressed,duplicate_holder,62
5406,2048,update,1785091155.2194853,,1785091155.2184043,upsert,1,64,Adaptive,1610475058989402671,0.0010809898376464844,False,,suppressed,duplicate_holder,61
5406,4096,update,1785091156.9704633,,1785091156.9699848,upsert,0,64,Adaptive,15769623694692820738,0.00047850608825683594,True,,enqueued,,64
5406,1024,update,1785091156.9708612,,1785091156.9701536,upsert,3,64,Adaptive,3163096543987652428,0.0007076263427734375,False,,suppressed,low_utility,66
5406,4096,update,1785091156.9710014,,1785091156.9700882,upsert,1,64,Adaptive,9971321710674973507,0.0009131431579589844,True,,enqueued,,65
5406,1024,update,1785091156.9711232,,1785091156.9702036,upsert,1,64,Adaptive,12613465747135452669,0.0009195804595947266,False,,suppressed,low_utility,67
5406,2048,update,1785091159.9326906,1785091159.9326906,1785091155.2183518,upsert,0,64,Adaptive,1610475058989402671,4.714338779449463,True,,forwarded,,60
5406,2048,update,1785091159.9328654,1785091159.9328654,1785091155.218448,upsert,3,64,Adaptive,1610475058989402671,4.714417457580566,True,,forwarded,,63
5406,2048,update,1785091161.6802647,,1785091161.679861,upsert,0,64,Adaptive,13143428811662154315,0.0004036426544189453,True,,enqueued,,68
5406,1024,update,1785091161.6804426,,1785091161.68004,upsert,0,64,Adaptive,12613465747135452669,0.00040268898010253906,False,,suppressed,low_utility,70
5406,1024,update,1785091161.6807232,,1785091161.6799707,upsert,1,64,Adaptive,12613465747135452669,0.0007524490356445312,False,,suppressed,low_utility,69
5406,2048,update,1785091161.6808956,,1785091161.6800883,upsert,3,64,Adaptive,16342886595574764735,0.0008072853088378906,True,,enqueued,,71
5406,1024,update,1785091163.2519722,,1785091163.251577,upsert,1,64,Adaptive,12613465747135452669,0.0003952980041503906,False,,suppressed,low_utility,72
5406,4096,update,1785091163.25216,,1785091163.251683,upsert,3,64,Adaptive,3073007241776570211,0.00047707557678222656,True,,enqueued,,75
5406,2048,update,1785091163.2522383,,1785091161.6800883,upsert,3,64,Adaptive,16342886595574764735,1.5721499919891357,False,,suppressed,low_utility,71
5406,4096,update,1785091163.2523715,,1785091163.251661,upsert,2,64,Adaptive,15769623694692820738,0.0007104873657226562,True,,enqueued,,74
5406,4096,update,1785091163.2524552,,1785091163.2516391,upsert,0,64,Adaptive,9971321710674973507,0.0008161067962646484,True,,enqueued,,73
5406,4096,update,1785091164.6431892,,1785091163.251661,upsert,2,64,Adaptive,15769623694692820738,1.3915281295776367,False,,suppressed,superseded,74
5406,4096,update,1785091164.6433365,,1785091164.6427479,upsert,2,64,Adaptive,15769623694692820738,0.0005886554718017578,True,,enqueued,,76
5406,1024,update,1785091164.6436858,,1785091164.6428642,upsert,1,64,Adaptive,12613465747135452669,0.0008215904235839844,False,,suppressed,low_utility,79
5406,1024,update,1785091164.643835,,1785091164.6428132,upsert,0,64,Adaptive,3163096543987652428,0.0010218620300292969,False,,suppressed,low_utility,77
5406,1024,update,1785091164.6439369,,1785091164.6428378,upsert,3,64,Adaptive,3163096543987652428,0.0010991096496582031,False,,suppressed,low_utility,78
5406,4096,update,1785091168.7650323,,1785091168.7646024,upsert,3,64,Adaptive,10402019323283478844,0.0004298686981201172,True,,enqueued,,80
5406,2048,update,1785091168.7652092,,1785091161.679861,upsert,0,64,Adaptive,13143428811662154315,7.085348129272461,False,,suppressed,low_utility,68
5406,2048,update,1785091168.7655258,,1785091168.764823,upsert,2,64,Adaptive,17381650270951867770,0.0007028579711914062,True,,enqueued,,83
5406,2048,update,1785091168.7656543,,1785091168.764823,upsert,2,64,Adaptive,17381650270951867770,0.0008313655853271484,False,,suppressed,low_utility,83
5406,4096,update,1785091168.7658284,,1785091168.7647033,upsert,0,64,Adaptive,14774026810505956694,0.0011250972747802734,True,,enqueued,,81
5406,4096,update,1785091168.7659333,,1785091156.9699848,upsert,0,64,Adaptive,15769623694692820738,11.795948505401611,False,,suppressed,low_utility,64
5406,4096,update,1785091168.766002,,1785091164.6427479,upsert,2,64,Adaptive,15769623694692820738,4.123254060745239,False,,suppressed,low_utility,76
5406,2048,update,1785091168.7661114,,1785091168.7647548,upsert,1,64,Adaptive,14859122926912323385,0.0013566017150878906,True,,enqueued,,82
5406,2048,update,1785091168.7662082,,1785091168.7647548,upsert,1,64,Adaptive,14859122926912323385,0.001453399658203125,False,,suppressed,low_utility,82
5406,2048,update,1785091170.2959282,,1785091170.2954817,upsert,0,64,Adaptive,947483498426156190,0.00044655799865722656,True,,enqueued,,84
5406,2048,update,1785091170.2961104,,1785091170.2954817,upsert,0,64,Adaptive,947483498426156190,0.0006287097930908203,False,,suppressed,low_utility,84
5406,1024,update,1785091170.2964268,,1785091170.2956312,upsert,1,64,Adaptive,12613465747135452669,0.0007956027984619141,False,,suppressed,low_utility,86
5406,4096,update,1785091170.2965422,,1785091168.7646024,upsert,3,64,Adaptive,10402019323283478844,1.5319397449493408,False,,suppressed,superseded,80
5406,4096,update,1785091170.2966182,,1785091170.2955797,upsert,3,64,Adaptive,10402019323283478844,0.0010385513305664062,True,,enqueued,,85
5406,4096,update,1785091170.2967434,,1785091170.2956734,upsert,2,64,Adaptive,15769623694692820738,0.0010700225830078125,True,,enqueued,,87
5406,4096,update,1785091170.2968605,,1785091170.2956734,upsert,2,64,Adaptive,15769623694692820738,0.0011870861053466797,False,,suppressed,low_utility,87
5406,4096,update,1785091170.8516273,1785091170.8516273,1785091156.9700882,upsert,1,64,Adaptive,9971321710674973507,13.881539106369019,True,,forwarded,,65
5406,4096,update,1785091170.85181,1785091170.85181,1785091163.251683,upsert,3,64,Adaptive,3073007241776570211,7.6001269817352295,True,,forwarded,,75
5406,4096,update,1785091172.0191782,,1785091172.0188148,upsert,0,64,Adaptive,15769623694692820738,0.00036334991455078125,True,,enqueued,,88
5406,1024,update,1785091172.0194938,,1785091172.0192604,upsert,1,64,Adaptive,12613465747135452669,0.0002334117889404297,False,,suppressed,low_utility,89
5406,4096,update,1785091172.0197084,,1785091170.2955797,upsert,3,64,Adaptive,10402019323283478844,1.7241287231445312,False,,suppressed,superseded,85
5406,4096,update,1785091172.0198288,,1785091172.019471,upsert,3,64,Adaptive,10402019323283478844,0.0003578662872314453,True,,enqueued,,90
5406,4096,update,1785091172.0202627,,1785091172.0200515,upsert,1,64,Adaptive,9971321710674973507,0.00021123886108398438,True,,enqueued,,91
5406,4096,update,1785091176.1062267,,1785091163.2516391,upsert,0,64,Adaptive,9971321710674973507,12.85458755493164,False,,suppressed,superseded,73
5406,4096,update,1785091176.106372,,1785091176.1058354,upsert,0,64,Adaptive,9971321710674973507,0.0005366802215576172,True,,enqueued,,92
5406,4096,update,1785091176.1066368,,1785091172.0200515,upsert,1,64,Adaptive,9971321710674973507,4.086585283279419,False,,suppressed,superseded,91
5406,4096,update,1785091176.1067302,,1785091176.1062818,upsert,1,64,Adaptive,9971321710674973507,0.00044846534729003906,True,,enqueued,,93
5406,2048,update,1785091176.1069958,,1785091176.106696,upsert,2,64,Adaptive,155989354309277790,0.0002999305725097656,True,,enqueued,,94
5406,2048,update,1785091176.1071157,,1785091176.106696,upsert,2,64,Adaptive,155989354309277790,0.00041985511779785156,False,,suppressed,low_utility,94
5406,2048,update,1785091176.1073182,,1785091176.1069849,upsert,3,64,Adaptive,14064140743279553366,0.0003333091735839844,True,,enqueued,,95
5406,2048,update,1785091176.10743,,1785091176.1069849,upsert,3,64,Adaptive,14064140743279553366,0.0004451274871826172,False,,suppressed,low_utility,95
5406,4096,update,1785091178.8329866,,1785091172.0188148,upsert,0,64,Adaptive,15769623694692820738,6.81417179107666,False,,suppressed,superseded,88
5406,4096,update,1785091178.8331437,,1785091178.832553,upsert,0,64,Adaptive,15769623694692820738,0.0005908012390136719,True,,enqueued,,96
5406,2048,update,1785091178.8334308,,1785091178.8330247,upsert,3,64,Adaptive,14064140743279553366,0.00040602684020996094,True,,enqueued,,97
5406,2048,update,1785091178.8335626,,1785091178.8330247,upsert,3,64,Adaptive,14064140743279553366,0.000537872314453125,False,,suppressed,low_utility,97
5406,4096,update,1785091178.83376,,1785091178.8333085,upsert,0,64,Adaptive,10402019323283478844,0.0004515647888183594,True,,enqueued,,98
5406,4096,update,1785091178.8340173,,1785091178.8337674,upsert,2,64,Adaptive,15769623694692820738,0.0002498626708984375,True,,enqueued,,99
5406,4096,update,1785091179.6623766,1785091179.6623766,1785091168.7647033,upsert,0,64,Adaptive,14774026810505956694,10.89767336845398,True,,forwarded,,81
5406,4096,update,1785091179.6625137,1785091179.6625137,1785091172.019471,upsert,3,64,Adaptive,10402019323283478844,7.643042802810669,True,,forwarded,,90
5406,1024,update,1785091180.7236586,,1785091180.7232776,upsert,3,64,Adaptive,3163096543987652428,0.0003809928894042969,False,,suppressed,low_utility,100
5406,4096,update,1785091180.7239172,,1785091176.1058354,upsert,0,64,Adaptive,9971321710674973507,4.61808180809021,False,,suppressed,superseded,92
5406,4096,update,1785091180.724019,,1785091180.7235167,upsert,0,64,Adaptive,9971321710674973507,0.0005023479461669922,True,,enqueued,,101
5406,1024,update,1785091180.724265,,1785091180.7239206,upsert,2,64,Adaptive,17622982719236225751,0.0003445148468017578,False,,suppressed,low_utility,102
5406,4096,update,1785091180.7244494,,1785091180.7241054,upsert,3,64,Adaptive,10402019323283478844,0.0003440380096435547,True,,enqueued,,103
5406,4096,update,1785091188.4732745,1785091188.4732745,1785091176.1062818,upsert,1,64,Adaptive,9971321710674973507,12.366992712020874,True,,forwarded,,93
5406,4096,update,1785091188.4734175,1785091188.4734175,1785091178.832553,upsert,0,64,Adaptive,15769623694692820738,9.640864610671997,True,,forwarded,,96
5406,2048,update,1785091193.342438,,1785091193.3420687,upsert,3,64,Adaptive,1610475058989402671,0.0003693103790283203,False,,suppressed,low_utility,104
5406,4096,update,1785091193.3426924,,1785091178.8337674,upsert,2,64,Adaptive,15769623694692820738,14.508924961090088,False,,suppressed,superseded,99
5406,4096,update,1785091193.3428164,,1785091193.3423824,upsert,2,64,Adaptive,15769623694692820738,0.00043392181396484375,True,,enqueued,,105
5406,2048,update,1785091193.3430753,,1785091193.3428478,upsert,0,64,Adaptive,947483498426156190,0.00022745132446289062,False,,suppressed,low_utility,106
5406,4096,update,1785091193.3433347,,1785091193.3431292,upsert,1,64,Adaptive,1187225797315579929,0.00020551681518554688,True,,enqueued,,107
5406,1024,update,1785091195.311268,,1785091195.3108728,upsert,1,64,Adaptive,1785562587857272681,0.0003952980041503906,False,,suppressed,low_utility,108
5406,4096,update,1785091195.3115237,,1785091193.3423824,upsert,2,64,Adaptive,15769623694692820738,1.9691412448883057,False,,suppressed,superseded,105
5406,4096,update,1785091195.3116243,,1785091195.3111777,upsert,2,64,Adaptive,15769623694692820738,0.00044655799865722656,True,,enqueued,,109
5406,4096,update,1785091195.3118975,,1785091178.8333085,upsert,0,64,Adaptive,10402019323283478844,16.478589057922363,False,,suppressed,superseded,98
5406,4096,update,1785091195.3120115,,1785091195.311614,upsert,0,64,Adaptive,10402019323283478844,0.0003974437713623047,True,,enqueued,,110
5406,4096,update,1785091195.3122413,,1785091195.3111777,upsert,2,64,Adaptive,15769623694692820738,0.0010635852813720703,False,,suppressed,superseded,109
5406,4096,update,1785091195.3123255,,1785091195.31204,upsert,2,64,Adaptive,15769623694692820738,0.0002853870391845703,True,,enqueued,,111
5406,1024,update,1785091196.7176356,,1785091196.7171166,upsert,0,64,Adaptive,12613465747135452669,0.0005190372467041016,False,,suppressed,low_utility,112
5406,1024,update,1785091196.7180781,,1785091196.7173998,upsert,1,64,Adaptive,12613465747135452669,0.0006783008575439453,False,,suppressed,low_utility,113
5406,4096,update,1785091196.718365,,1785091195.31204,upsert,2,64,Adaptive,15769623694692820738,1.406324863433838,False,,suppressed,superseded,111
5406,4096,update,1785091196.718506,,1785091196.7176564,upsert,2,64,Adaptive,15769623694692820738,0.0008497238159179688,True,,enqueued,,114
5406,1024,update,1785091196.7189124,,1785091196.7182858,upsert,3,64,Adaptive,3163096543987652428,0.0006265640258789062,False,,suppressed,low_utility,115
5406,4096,update,1785091197.2841156,1785091197.2841156,1785091180.7235167,upsert,0,64,Adaptive,9971321710674973507,16.560598850250244,True,,forwarded,,101
5406,4096,update,1785091197.284277,1785091197.284277,1785091180.7241054,upsert,3,64,Adaptive,10402019323283478844,16.560171604156494,True,,forwarded,,103
5406,4096,update,1785091206.0949018,1785091206.0949018,1785091193.3431292,upsert,1,64,Adaptive,1187225797315579929,12.75177264213562,True,,forwarded,,107
5406,4096,update,1785091206.0950415,1785091206.0950415,1785091195.311614,upsert,0,64,Adaptive,10402019323283478844,10.783427476882935,True,,forwarded,,110
5406,4096,update,1785091209.335085,,1785091209.3346822,upsert,0,64,Adaptive,13378001954599623759,0.00040268898010253906,True,,enqueued,,116
5406,2048,update,1785091209.3354113,,1785091209.3351703,upsert,1,64,Adaptive,12523743054995375112,0.0002410411834716797,False,,suppressed,low_utility,117
5406,4096,update,1785091209.3356636,,1785091209.3354197,upsert,3,64,Adaptive,13063325218966850298,0.00024390220642089844,True,,enqueued,,118
5406,2048,update,1785091209.3359847,,1785091209.3357692,upsert,2,64,Adaptive,17730309890119328358,0.0002155303955078125,False,,suppressed,low_utility,119
5406,4096,update,1785091214.905651,,1785091196.7176564,upsert,2,64,Adaptive,15769623694692820738,18.187994718551636,False,,suppressed,low_utility,114
5406,4096,update,1785091214.9058337,1785091214.9058337,1785091209.3346822,upsert,0,64,Adaptive,13378001954599623759,5.571151494979858,True,,forwarded,,116
5406,4096,update,1785091214.9059386,1785091214.9059386,1785091209.3354197,upsert,3,64,Adaptive,13063325218966850298,5.570518970489502,True,,forwarded,,118
5406,2048,update,1785091222.2131126,,1785091222.2127168,upsert,1,64,Adaptive,12523743054995375112,0.00039577484130859375,False,,suppressed,low_utility,120
5406,1024,update,1785091222.2133932,,1785091222.2130578,upsert,0,64,Adaptive,12613465747135452669,0.00033545494079589844,False,,suppressed,low_utility,121
5406,4096,update,1785091222.2135975,,1785091222.2132251,upsert,3,64,Adaptive,5248254131891465233,0.0003724098205566406,True,,enqueued,,122
5406,1024,update,1785091222.2138772,,1785091222.2135882,upsert,2,64,Adaptive,16954395879792744941,0.00028896331787109375,False,,suppressed,low_utility,123
5406,4096,update,1785091223.7165287,1785091223.7165287,1785091222.2132251,upsert,3,64,Adaptive,5248254131891465233,1.5033035278320312,True,,forwarded,,122
5406,1024,update,1785091235.1671143,,1785091235.1666598,upsert,3,64,Adaptive,17846715708891391149,0.0004544258117675781,False,,suppressed,low_utility,124
5406,4096,update,1785091235.1674082,,1785091235.1669292,upsert,0,64,Adaptive,13844655051170110805,0.00047898292541503906,True,,enqueued,,125
5406,4096,update,1785091235.1676133,1785091235.1676133,1785091235.1669292,upsert,0,64,Adaptive,13844655051170110805,0.0006840229034423828,True,,forwarded,,125
5406,1024,update,1785091235.1679091,,1785091235.1673112,upsert,2,64,Adaptive,17846715708891391149,0.0005979537963867188,False,,suppressed,low_utility,126
5406,1024,update,1785091235.1680207,,1785091235.167482,upsert,1,64,Adaptive,17846715708891391149,0.0005388259887695312,False,,suppressed,low_utility,127
5406,2048,update,1785091239.5695455,,1785091239.5691504,upsert,3,64,Adaptive,5810489706710392208,0.00039505958557128906,False,,suppressed,low_utility,128
5406,1024,update,1785091239.5699673,,1785091239.569545,upsert,1,64,Adaptive,11821849661176330329,0.0004222393035888672,False,,suppressed,low_utility,129
5406,1024,update,1785091239.5703135,,1785091239.5698414,upsert,2,64,Adaptive,17846715708891391149,0.00047206878662109375,False,,suppressed,low_utility,130
5406,1024,update,1785091239.5706122,,1785091239.5701106,upsert,0,64,Adaptive,17846715708891391149,0.0005016326904296875,False,,suppressed,low_utility,131
5406,1024,update,1785091252.0514138,,1785091252.0509264,upsert,3,64,Adaptive,17846715708891391149,0.00048732757568359375,False,,suppressed,low_utility,132
5406,1024,update,1785091252.0518227,,1785091252.0512087,upsert,2,64,Adaptive,17846715708891391149,0.0006139278411865234,False,,suppressed,low_utility,133
5406,4096,update,1785091252.0521162,,1785091252.051469,upsert,1,64,Adaptive,5080278736125677280,0.0006470680236816406,True,,enqueued,,134
5406,4096,update,1785091252.0524442,1785091252.0524442,1785091252.051469,upsert,1,64,Adaptive,5080278736125677280,0.0009751319885253906,True,,forwarded,,134
5406,1024,update,1785091252.0527914,,1785091252.0521085,upsert,0,64,Adaptive,17846715708891391149,0.000682830810546875,False,,suppressed,low_utility,135
5406,2048,update,1785091264.2709792,,1785091264.2704744,upsert,3,64,Adaptive,2615785228242663478,0.0005047321319580078,True,,enqueued,,136
5406,2048,update,1785091264.2713597,1785091264.2713597,1785091264.2704744,upsert,3,64,Adaptive,2615785228242663478,0.0008852481842041016,True,,forwarded,,136
5406,1024,update,1785091264.2717288,,1785091264.2709022,upsert,0,64,Adaptive,17846715708891391149,0.0008265972137451172,False,,suppressed,low_utility,137
5406,1024,update,1785091264.272097,,1785091264.2711813,upsert,2,64,Adaptive,11821849661176330329,0.0009157657623291016,False,,suppressed,low_utility,138
5406,4096,update,1785091264.2722752,,1785091264.2714381,upsert,1,64,Adaptive,15761329057692999658,0.0008370876312255859,True,,enqueued,,139
5406,4096,update,1785091264.2725492,1785091264.2725492,1785091264.2714381,upsert,1,64,Adaptive,15761329057692999658,0.0011110305786132812,True,,forwarded,,139
5406,1024,update,1785091268.188821,,1785091268.1883025,upsert,3,64,Adaptive,17846715708891391149,0.0005185604095458984,False,,suppressed,low_utility,140
5406,1024,update,1785091268.1892028,,1785091268.188573,upsert,1,64,Adaptive,3610348553927340733,0.0006299018859863281,False,,suppressed,low_utility,141
5406,2048,update,1785091268.1895173,,1785091268.1888568,upsert,2,64,Adaptive,3796152564256217897,0.0006604194641113281,True,,enqueued,,142
5406,2048,update,1785091268.1899538,1785091268.1899538,1785091268.1888568,upsert,2,64,Adaptive,3796152564256217897,0.001096963882446289,True,,forwarded,,142
5406,1024,update,1785091268.1901588,,1785091268.189229,upsert,0,64,Adaptive,17846715708891391149,0.0009298324584960938,False,,suppressed,low_utility,143
5406,1024,update,1785091272.1205423,,1785091272.1201081,upsert,3,64,Adaptive,11592361518825428217,0.0004341602325439453,False,,suppressed,low_utility,144
5406,2048,update,1785091272.1208801,,1785091272.120349,upsert,2,64,Adaptive,5794772519797049687,0.0005311965942382812,True,,enqueued,,145
5406,2048,update,1785091272.1212733,1785091272.1212733,1785091272.120349,upsert,2,64,Adaptive,5794772519797049687,0.0009243488311767578,True,,forwarded,,145
5406,1024,update,1785091272.121427,,1785091272.1205995,upsert,1,64,Adaptive,17846715708891391149,0.0008275508880615234,False,,suppressed,low_utility,146
5406,1024,update,1785091272.1215572,,1785091272.1207461,upsert,0,64,Adaptive,2763046690965461559,0.0008111000061035156,False,,suppressed,low_utility,147
5406,1024,update,1785091284.627362,,1785091284.6268225,upsert,3,64,Adaptive,17846715708891391149,0.0005395412445068359,False,,suppressed,low_utility,148
5406,4096,update,1785091284.627724,,1785091284.6271026,upsert,0,64,Adaptive,8870018519622387243,0.0006213188171386719,True,,enqueued,,149
5406,4096,update,1785091284.6280947,1785091284.6280947,1785091284.6271026,upsert,0,64,Adaptive,8870018519622387243,0.0009920597076416016,True,,forwarded,,149
5406,1024,update,1785091284.628427,,1785091284.627706,upsert,2,64,Adaptive,11821849661176330329,0.000720977783203125,False,,suppressed,low_utility,150
5406,2048,update,1785091284.628728,,1785091284.6280048,upsert,1,64,Adaptive,15507369539614680842,0.0007231235504150391,True,,enqueued,,151
5406,2048,update,1785091284.6290448,1785091284.6290448,1785091284.6280048,upsert,1,64,Adaptive,15507369539614680842,0.0010399818420410156,True,,forwarded,,151
5406,2048,update,1785091288.9294045,,1785091288.929016,upsert,3,64,Adaptive,13764273285245102789,0.0003883838653564453,True,,enqueued,,152
5406,2048,update,1785091288.9296966,1785091288.9296966,1785091288.929016,upsert,3,64,Adaptive,13764273285245102789,0.0006804466247558594,True,,forwarded,,152
5406,4096,update,1785091288.9299707,,1785091288.9293246,upsert,0,64,Adaptive,13844655051170110805,0.0006461143493652344,True,,enqueued,,153
5406,4096,update,1785091288.9302235,1785091288.9302235,1785091288.9293246,upsert,0,64,Adaptive,13844655051170110805,0.0008988380432128906,True,,forwarded,,153
5406,1024,update,1785091288.9303463,,1785091288.9297388,upsert,1,64,Adaptive,17846715708891391149,0.0006074905395507812,False,,suppressed,low_utility,154
5406,1024,update,1785091288.9305222,,1785091288.9299197,upsert,2,64,Adaptive,11821849661176330329,0.0006024837493896484,False,,suppressed,low_utility,155
5406,2048,update,1785091293.2842293,,1785091293.2838335,upsert,0,64,Adaptive,14333057367934485678,0.00039577484130859375,True,,enqueued,,156
5406,2048,update,1785091293.2845006,1785091293.2845006,1785091293.2838335,upsert,0,64,Adaptive,14333057367934485678,0.0006670951843261719,True,,forwarded,,156
5406,1024,update,1785091293.2848027,,1785091293.284141,upsert,1,64,Adaptive,11592361518825428217,0.0006616115570068359,False,,suppressed,low_utility,157
5406,2048,update,1785091293.2849257,,1785091293.284299,upsert,2,64,Adaptive,15924242497558048196,0.0006268024444580078,True,,enqueued,,158
5406,2048,update,1785091293.285137,1785091293.285137,1785091293.284299,upsert,2,64,Adaptive,15924242497558048196,0.0008380413055419922,True,,forwarded,,158
5406,2048,update,1785091293.2852514,,1785091293.2845082,upsert,3,64,Adaptive,14333057367934485678,0.0007431507110595703,True,,enqueued,,159
5406,2048,update,1785091293.2853968,1785091293.2853968,1785091293.2845082,upsert,3,64,Adaptive,14333057367934485678,0.0008885860443115234,True,,forwarded,,159
5406,1024,update,1785091295.9939458,,1785091295.99353,upsert,0,64,Adaptive,11821849661176330329,0.000415802001953125,False,,suppressed,low_utility,160
5406,1024,update,1785091295.9942012,,1785091295.9937975,upsert,2,64,Adaptive,17846715708891391149,0.0004036426544189453,False,,suppressed,low_utility,161
5406,1024,update,1785091295.9944003,,1785091295.9939668,upsert,1,64,Adaptive,11821849661176330329,0.0004334449768066406,False,,suppressed,low_utility,162
5406,4096,update,1785091295.9945831,,1785091295.9941144,upsert,0,64,Adaptive,13844655051170110805,0.0004687309265136719,True,,enqueued,,163
5406,4096,update,1785091295.994748,1785091295.994748,1785091295.9941144,upsert,0,64,Adaptive,13844655051170110805,0.0006337165832519531,True,,forwarded,,163
5406,1024,update,1785091298.5736377,,1785091298.5732117,upsert,1,64,Adaptive,11592361518825428217,0.0004260540008544922,False,,suppressed,low_utility,164
5406,1024,update,1785091298.57408,,1785091298.5734887,upsert,0,64,Adaptive,17846715708891391149,0.000591278076171875,False,,suppressed,low_utility,165
5406,2048,update,1785091298.5742564,,1785091298.5737526,upsert,0,64,Adaptive,14333057367934485678,0.0005037784576416016,True,,enqueued,,166
5406,2048,update,1785091298.5745165,1785091298.5745165,1785091298.5737526,upsert,0,64,Adaptive,14333057367934485678,0.0007638931274414062,True,,forwarded,,166
5406,4096,update,1785091298.574825,,1785091298.5741389,upsert,0,64,Adaptive,13844655051170110805,0.0006861686706542969,True,,enqueued,,167
5406,4096,update,1785091298.5750878,1785091298.5750878,1785091298.5741389,upsert,0,64,Adaptive,13844655051170110805,0.0009489059448242188,True,,forwarded,,167
5406,1024,update,1785091300.162501,,1785091300.1620355,upsert,3,64,Adaptive,11821849661176330329,0.00046563148498535156,False,,suppressed,low_utility,168
5406,1024,update,1785091300.1629217,,1785091300.162323,upsert,0,64,Adaptive,11821849661176330329,0.0005986690521240234,False,,suppressed,low_utility,169
5406,1024,update,1785091300.163241,,1785091300.1625798,upsert,2,64,Adaptive,17846715708891391149,0.0006611347198486328,False,,suppressed,low_utility,170
5406,1024,update,1785091300.1635344,,1785091300.1628475,upsert,1,64,Adaptive,17846715708891391149,0.0006868839263916016,False,,suppressed,low_utility,171
5406,1024,update,1785091301.6106586,,1785091301.610324,upsert,3,64,Adaptive,6878038652119793510,0.00033473968505859375,False,,suppressed,low_utility,172
5406,1024,update,1785091301.610996,,1785091301.610564,upsert,1,64,Adaptive,17846715708891391149,0.00043201446533203125,False,,suppressed,low_utility,173
5406,1024,update,1785091301.6111214,,1785091301.6107283,upsert,2,64,Adaptive,17846715708891391149,0.00039315223693847656,False,,suppressed,low_utility,174
5406,1024,update,1785091301.6112924,,1785091301.6108966,upsert,0,64,Adaptive,17846715708891391149,0.00039577484130859375,False,,suppressed,low_utility,175
5406,4096,update,1785091314.7598171,,1785091314.7594216,upsert,3,64,Adaptive,7868677391643418442,0.0003955364227294922,True,,enqueued,,176
5406,4096,update,1785091314.7600663,1785091314.7600663,1785091314.7594216,upsert,3,64,Adaptive,7868677391643418442,0.000644683837890625,True,,forwarded,,176
5406,1024,update,1785091314.7602968,,1785091314.7599032,upsert,2,64,Adaptive,17846715708891391149,0.0003936290740966797,False,,suppressed,low_utility,177
5406,2048,update,1785091314.7605028,,1785091314.7600706,upsert,1,64,Adaptive,7759237608199543855,0.0004322528839111328,True,,enqueued,,178
5406,2048,update,1785091314.7607224,1785091314.7607224,1785091314.7600706,upsert,1,64,Adaptive,7759237608199543855,0.0006518363952636719,True,,forwarded,,178
5406,1024,update,1785091314.7608535,,1785091314.7602854,upsert,0,64,Adaptive,17846715708891391149,0.0005681514739990234,False,,suppressed,low_utility,179
5406,1024,update,1785091315.3818445,,1785091315.3813934,upsert,3,64,Adaptive,17846715708891391149,0.00045108795166015625,False,,suppressed,low_utility,180
5406,1024,update,1785091315.3821206,,1785091315.3816328,upsert,0,64,Adaptive,11821849661176330329,0.0004878044128417969,False,,suppressed,low_utility,181
5406,1024,update,1785091315.3823638,,1785091315.3818257,upsert,2,64,Adaptive,17846715708891391149,0.0005381107330322266,False,,suppressed,low_utility,182
5406,1024,update,1785091315.3824704,,1785091315.3819773,upsert,1,64,Adaptive,11821849661176330329,0.0004930496215820312,False,,suppressed,low_utility,183
5407,2048,update,1785091333.0991817,,1785091333.0988326,upsert,0,64,Adaptive,15769623694692820738,0.0003490447998046875,True,,enqueued,,0
5407,2048,update,1785091333.0995798,1785091333.0995798,1785091333.0988326,upsert,0,64,Adaptive,15769623694692820738,0.0007472038269042969,True,,forwarded,,0
5407,2048,update,1785091333.0997255,,1785091333.0989716,upsert,2,64,Adaptive,15769623694692820738,0.0007538795471191406,True,,enqueued,,2
5407,2048,update,1785091333.099892,,1785091333.0989168,upsert,1,64,Adaptive,15769623694692820738,0.0009751319885253906,False,,suppressed,duplicate_holder,1
5407,2048,update,1785091333.0999913,,1785091333.0990117,upsert,3,64,Adaptive,15769623694692820738,0.0009796619415283203,False,,suppressed,duplicate_holder,3
5407,2048,update,1785091333.1001008,1785091333.1001008,1785091333.0989716,upsert,2,64,Adaptive,15769623694692820738,0.001129150390625,True,,forwarded,,2
5407,2048,update,1785091337.1529844,,1785091337.152647,upsert,0,64,Adaptive,12613465747135452669,0.00033736228942871094,True,,enqueued,,4
5407,2048,update,1785091337.1532216,1785091337.1532216,1785091337.152647,upsert,0,64,Adaptive,12613465747135452669,0.0005745887756347656,True,,forwarded,,4
5407,2048,update,1785091337.1532893,,1785091337.1527321,upsert,3,64,Adaptive,12613465747135452669,0.0005571842193603516,True,,enqueued,,7
5407,2048,update,1785091337.1533465,,1785091337.1527157,upsert,2,64,Adaptive,12613465747135452669,0.0006308555603027344,False,,suppressed,duplicate_holder,6
5407,2048,update,1785091337.1533883,,1785091337.1526966,upsert,1,64,Adaptive,12613465747135452669,0.0006916522979736328,False,,suppressed,duplicate_holder,5
5407,2048,update,1785091337.1534343,1785091337.1534343,1785091337.1527321,upsert,3,64,Adaptive,12613465747135452669,0.0007021427154541016,True,,forwarded,,7
5407,1024,update,1785091338.5660264,,1785091338.5655696,upsert,0,64,Adaptive,12523743054995375112,0.00045680999755859375,True,,enqueued,,8
5407,1024,update,1785091338.5664463,,1785091338.565665,upsert,1,64,Adaptive,12523743054995375112,0.0007812976837158203,True,,enqueued,,9
5407,1024,update,1785091338.5665956,,1785091338.5657096,upsert,2,64,Adaptive,12523743054995375112,0.0008859634399414062,False,,suppressed,duplicate_holder,10
5407,1024,update,1785091338.566703,,1785091338.5657468,upsert,3,64,Adaptive,12523743054995375112,0.0009562969207763672,False,,suppressed,duplicate_holder,11
5407,1024,update,1785091338.6353636,1785091338.6353636,1785091338.5655696,upsert,0,64,Adaptive,12523743054995375112,0.0697939395904541,True,,forwarded,,8
5407,1024,update,1785091343.9326682,,1785091338.565665,upsert,1,64,Adaptive,12523743054995375112,5.3670032024383545,False,,suppressed,low_utility,9
5407,4096,update,1785091351.468835,,1785091351.468471,upsert,0,64,Adaptive,9971321710674973507,0.00036406517028808594,True,,enqueued,,12
5407,4096,update,1785091351.4692209,1785091351.4692209,1785091351.468471,upsert,0,64,Adaptive,9971321710674973507,0.0007498264312744141,True,,forwarded,,12
5407,4096,update,1785091351.4693623,,1785091351.4685662,upsert,1,64,Adaptive,9971321710674973507,0.0007960796356201172,True,,enqueued,,13
5407,4096,update,1785091351.469494,,1785091351.4686124,upsert,2,64,Adaptive,9971321710674973507,0.0008816719055175781,False,,suppressed,duplicate_holder,14
5407,4096,update,1785091351.4695952,,1785091351.4686503,upsert,3,64,Adaptive,9971321710674973507,0.0009448528289794922,False,,suppressed,duplicate_holder,15
5407,4096,update,1785091351.4697258,1785091351.4697258,1785091351.4685662,upsert,1,64,Adaptive,9971321710674973507,0.00115966796875,True,,forwarded,,13
5407,1024,update,1785091352.9056234,,1785091352.905204,upsert,0,64,Adaptive,4650049274038987083,0.00041937828063964844,False,,suppressed,low_utility,16
5407,1024,update,1785091352.9060388,,1785091352.9052856,upsert,3,64,Adaptive,4650049274038987083,0.0007531642913818359,False,,suppressed,low_utility,19
5407,1024,update,1785091352.906176,,1785091352.9052684,upsert,2,64,Adaptive,4650049274038987083,0.0009076595306396484,False,,suppressed,low_utility,18
5407,1024,update,1785091352.9062722,,1785091352.9052498,upsert,1,64,Adaptive,4650049274038987083,0.0010223388671875,False,,suppressed,low_utility,17
5407,1024,update,1785091354.3650749,,1785091354.3646474,upsert,0,64,Adaptive,3163096543987652428,0.00042748451232910156,False,,suppressed,low_utility,20
5407,1024,update,1785091354.3654428,,1785091354.364748,upsert,1,64,Adaptive,3163096543987652428,0.0006947517395019531,False,,suppressed,low_utility,21
5407,1024,update,1785091354.3655677,,1785091354.3648489,upsert,2,64,Adaptive,3163096543987652428,0.0007188320159912109,False,,suppressed,low_utility,22
5407,1024,update,1785091354.365663,,1785091354.3648968,upsert,3,64,Adaptive,3163096543987652428,0.0007662773132324219,False,,suppressed,low_utility,23
5407,2048,update,1785091358.5670736,,1785091358.5666244,upsert,0,64,Adaptive,10402019323283478844,0.00044918060302734375,True,,enqueued,,24
5407,2048,update,1785091358.5675344,1785091358.5675344,1785091358.5666244,upsert,0,64,Adaptive,10402019323283478844,0.0009100437164306641,True,,forwarded,,24
5407,2048,update,1785091358.5676863,,1785091358.566728,upsert,3,64,Adaptive,10402019323283478844,0.0009582042694091797,True,,enqueued,,27
5407,2048,update,1785091358.567841,,1785091358.5667028,upsert,2,64,Adaptive,10402019323283478844,0.0011382102966308594,False,,suppressed,duplicate_holder,26
5407,2048,update,1785091358.5679502,,1785091358.5666814,upsert,1,64,Adaptive,10402019323283478844,0.0012688636779785156,False,,suppressed,duplicate_holder,25
5407,2048,update,1785091358.568066,1785091358.568066,1785091358.566728,upsert,3,64,Adaptive,10402019323283478844,0.0013377666473388672,True,,forwarded,,27
5407,1024,update,1785091359.9609287,,1785091359.9604294,upsert,0,64,Adaptive,14064140743279553366,0.0004992485046386719,False,,suppressed,low_utility,28
5407,1024,update,1785091359.9612942,,1785091359.9606068,upsert,3,64,Adaptive,14064140743279553366,0.0006873607635498047,False,,suppressed,low_utility,31
5407,1024,update,1785091359.9614189,,1785091359.9605246,upsert,1,64,Adaptive,14064140743279553366,0.0008943080902099609,False,,suppressed,low_utility,29
5407,1024,update,1785091359.9615133,,1785091359.9605687,upsert,2,64,Adaptive,14064140743279553366,0.0009446144104003906,False,,suppressed,low_utility,30
5407,4096,update,1785091374.0716848,,1785091374.0712686,upsert,0,64,Adaptive,12376960631178457983,0.0004162788391113281,True,,enqueued,,32
5407,4096,update,1785091374.0721378,1785091374.0721378,1785091374.0712686,upsert,0,64,Adaptive,12376960631178457983,0.0008692741394042969,True,,forwarded,,32
5407,4096,update,1785091374.072289,,1785091374.0714395,upsert,3,64,Adaptive,12376960631178457983,0.0008494853973388672,True,,enqueued,,35
5407,4096,update,1785091374.0724273,,1785091374.071403,upsert,2,64,Adaptive,12376960631178457983,0.0010242462158203125,False,,suppressed,duplicate_holder,34
5407,4096,update,1785091374.072533,,1785091374.071361,upsert,1,64,Adaptive,12376960631178457983,0.0011718273162841797,False,,suppressed,duplicate_holder,33
5407,4096,update,1785091374.0726469,1785091374.0726469,1785091374.0714395,upsert,3,64,Adaptive,12376960631178457983,0.0012073516845703125,True,,forwarded,,35
5407,1024,update,1785091375.513496,,1785091375.5130854,upsert,0,64,Adaptive,947483498426156190,0.0004105567932128906,False,,suppressed,low_utility,36
5407,1024,update,1785091375.5138772,,1785091375.5132582,upsert,3,64,Adaptive,947483498426156190,0.0006189346313476562,False,,suppressed,low_utility,39
5407,1024,update,1785091375.5140047,,1785091375.5131783,upsert,1,64,Adaptive,947483498426156190,0.0008263587951660156,False,,suppressed,low_utility,37
5407,1024,update,1785091375.5140996,,1785091375.513222,upsert,2,64,Adaptive,947483498426156190,0.0008776187896728516,False,,suppressed,low_utility,38
5407,1024,update,1785091376.966184,,1785091376.9657009,upsert,0,64,Adaptive,3073007241776570211,0.0004830360412597656,False,,suppressed,low_utility,40
5407,1024,update,1785091376.9665413,,1785091376.9658637,upsert,2,64,Adaptive,3073007241776570211,0.0006775856018066406,False,,suppressed,low_utility,42
5407,1024,update,1785091376.966665,,1785091376.965916,upsert,3,64,Adaptive,3073007241776570211,0.0007491111755371094,False,,suppressed,low_utility,43
5407,1024,update,1785091376.966762,,1785091376.965816,upsert,1,64,Adaptive,3073007241776570211,0.000946044921875,False,,suppressed,low_utility,41
5407,2048,update,1785091381.2600489,,1785091381.2595813,upsert,0,64,Adaptive,14108233664250482536,0.00046753883361816406,True,,enqueued,,44
5407,2048,update,1785091381.2604775,1785091381.2604775,1785091381.2595813,upsert,0,64,Adaptive,14108233664250482536,0.0008962154388427734,True,,forwarded,,44
5407,2048,update,1785091381.2606232,,1785091381.259763,upsert,3,64,Adaptive,14108233664250482536,0.0008602142333984375,True,,enqueued,,47
5407,2048,update,1785091381.2607582,,1785091381.2597263,upsert,2,64,Adaptive,14108233664250482536,0.0010318756103515625,False,,suppressed,duplicate_holder,46
5407,2048,update,1785091381.2608762,,1785091381.2596796,upsert,1,64,Adaptive,14108233664250482536,0.0011966228485107422,False,,suppressed,duplicate_holder,45
5407,2048,update,1785091381.260989,1785091381.260989,1785091381.259763,upsert,3,64,Adaptive,14108233664250482536,0.0012259483337402344,True,,forwarded,,47
5407,2048,update,1785091385.635324,,1785091385.6348329,upsert,0,64,Adaptive,14774026810505956694,0.0004911422729492188,True,,enqueued,,48
5407,2048,update,1785091385.6357358,1785091385.6357358,1785091385.6348329,upsert,0,64,Adaptive,14774026810505956694,0.0009028911590576172,True,,forwarded,,48
5407,2048,update,1785091385.6359076,,1785091385.6350052,upsert,3,64,Adaptive,14774026810505956694,0.0009024143218994141,True,,enqueued,,51
5407,2048,update,1785091385.636043,,1785091385.6349676,upsert,2,64,Adaptive,14774026810505956694,0.0010755062103271484,False,,suppressed,duplicate_holder,50
5407,2048,update,1785091385.6361437,,1785091385.634924,upsert,1,64,Adaptive,14774026810505956694,0.0012197494506835938,False,,suppressed,duplicate_holder,49
5407,2048,update,1785091386.257052,1785091386.257052,1785091385.6350052,upsert,3,64,Adaptive,14774026810505956694,0.622046709060669,True,,forwarded,,51
5407,2048,update,1785091389.9551053,,1785091389.9545925,upsert,0,64,Adaptive,5281956220402968541,0.0005128383636474609,True,,enqueued,,52
5407,2048,update,1785091389.9555712,1785091389.9555712,1785091389.9545925,upsert,0,64,Adaptive,5281956220402968541,0.000978708267211914,True,,forwarded,,52
5407,2048,update,1785091389.9557245,,1785091389.954734,upsert,2,64,Adaptive,5281956220402968541,0.0009903907775878906,True,,enqueued,,54
5407,2048,update,1785091389.9559133,,1785091389.9546897,upsert,1,64,Adaptive,5281956220402968541,0.0012235641479492188,False,,suppressed,duplicate_holder,53
5407,2048,update,1785091389.9560385,,1785091389.9547708,upsert,3,64,Adaptive,5281956220402968541,0.0012676715850830078,False,,suppressed,duplicate_holder,55
5407,2048,update,1785091391.5002718,1785091391.5002718,1785091389.954734,upsert,2,64,Adaptive,5281956220402968541,1.5455377101898193,True,,forwarded,,54
5407,2048,update,1785091394.147141,,1785091394.146681,upsert,0,64,Adaptive,1785562587857272681,0.00045990943908691406,True,,enqueued,,56
5407,2048,update,1785091394.147598,,1785091394.1468055,upsert,1,64,Adaptive,1785562587857272681,0.0007925033569335938,True,,enqueued,,57
5407,2048,update,1785091394.1477687,,1785091394.1468523,upsert,2,64,Adaptive,1785562587857272681,0.0009164810180664062,False,,suppressed,duplicate_holder,58
5407,2048,update,1785091394.1479564,,1785091394.1468894,upsert,3,64,Adaptive,1785562587857272681,0.0010669231414794922,False,,suppressed,duplicate_holder,59
5407,2048,update,1785091396.7976444,1785091396.7976444,1785091394.146681,upsert,0,64,Adaptive,1785562587857272681,2.650963306427002,True,,forwarded,,56
5407,2048,update,1785091398.5226312,,1785091398.522151,upsert,0,64,Adaptive,1610475058989402671,0.0004801750183105469,True,,enqueued,,60
5407,2048,update,1785091398.523085,,1785091398.5223267,upsert,3,64,Adaptive,1610475058989402671,0.0007584095001220703,True,,enqueued,,63
5407,2048,update,1785091398.5232537,,1785091398.5222452,upsert,1,64,Adaptive,1610475058989402671,0.0010085105895996094,False,,suppressed,duplicate_holder,61
5407,2048,update,1785091398.5233693,,1785091398.5222895,upsert,2,64,Adaptive,1610475058989402671,0.0010797977447509766,False,,suppressed,duplicate_holder,62
5407,2048,update,1785091399.5580564,,1785091399.5576189,upsert,0,64,Adaptive,15769623694692820738,0.0004374980926513672,True,,enqueued,,64
5407,2048,update,1785091399.558401,,1785091394.1468055,upsert,1,64,Adaptive,1785562587857272681,5.411595582962036,False,,suppressed,superseded,57
5407,2048,update,1785091399.5585077,,1785091399.5578308,upsert,1,64,Adaptive,1785562587857272681,0.0006768703460693359,True,,enqueued,,66
5407,2048,update,1785091399.558645,,1785091399.557732,upsert,2,64,Adaptive,15769623694692820738,0.0009129047393798828,True,,enqueued,,65
5407,2048,update,1785091399.5588818,,1785091399.5576189,upsert,0,64,Adaptive,15769623694692820738,0.0012629032135009766,False,,suppressed,superseded,64
5407,2048,update,1785091399.5589705,,1785091399.5578947,upsert,0,64,Adaptive,15769623694692820738,0.00107574462890625,True,,enqueued,,67
5407,2048,update,1785091400.3514018,,1785091399.5578947,upsert,0,64,Adaptive,15769623694692820738,0.7935070991516113,False,,suppressed,superseded,67
5407,2048,update,1785091400.3515594,,1785091400.350931,upsert,0,64,Adaptive,15769623694692820738,0.0006284713745117188,True,,enqueued,,68
5407,2048,update,1785091400.3519437,,1785091400.351114,upsert,3,64,Adaptive,12613465747135452669,0.0008296966552734375,True,,enqueued,,70
5407,2048,update,1785091400.352104,,1785091399.557732,upsert,2,64,Adaptive,15769623694692820738,0.7943718433380127,False,,suppressed,superseded,65
5407,2048,update,1785091400.352183,,1785091400.3510418,upsert,2,64,Adaptive,15769623694692820738,0.0011413097381591797,True,,enqueued,,69
5407,2048,update,1785091400.3523004,,1785091399.5578308,upsert,1,64,Adaptive,1785562587857272681,0.7944695949554443,False,,suppressed,superseded,66
5407,2048,update,1785091400.3523717,,1785091400.3511837,upsert,1,64,Adaptive,1785562587857272681,0.001188039779663086,True,,enqueued,,71
5407,2048,update,1785091403.8786273,1785091403.8786273,1785091398.522151,upsert,0,64,Adaptive,1610475058989402671,5.356476306915283,True,,forwarded,,60
5407,2048,update,1785091403.8788042,1785091403.8788042,1785091398.5223267,upsert,3,64,Adaptive,1610475058989402671,5.356477499008179,True,,forwarded,,63
5407,1024,update,1785091404.4004068,,1785091404.3999972,upsert,2,64,Adaptive,17187779738238350693,0.0004096031188964844,False,,suppressed,low_utility,72
5407,2048,update,1785091404.4007268,,1785091404.4000964,upsert,0,64,Adaptive,5248254131891465233,0.0006303787231445312,True,,enqueued,,73
5407,2048,update,1785091404.4009192,,1785091400.351114,upsert,3,64,Adaptive,12613465747135452669,4.049805164337158,False,,suppressed,superseded,70
5407,2048,update,1785091404.401007,,1785091404.4001737,upsert,3,64,Adaptive,12613465747135452669,0.0008332729339599609,True,,enqueued,,74
5407,1024,update,1785091404.4012215,,1785091404.4002445,upsert,1,64,Adaptive,3163096543987652428,0.0009770393371582031,False,,suppressed,low_utility,75
5407,2048,update,1785091408.6285932,,1785091400.350931,upsert,0,64,Adaptive,15769623694692820738,8.27766227722168,False,,suppressed,superseded,68
5407,2048,update,1785091408.6287515,,1785091408.6281397,upsert,0,64,Adaptive,15769623694692820738,0.0006117820739746094,True,,enqueued,,76
5407,2048,update,1785091408.629134,,1785091408.6281397,upsert,0,64,Adaptive,15769623694692820738,0.0009942054748535156,False,,suppressed,superseded,76
5407,2048,update,1785091408.6292286,,1785091408.6283925,upsert,0,64,Adaptive,15769623694692820738,0.0008361339569091797,True,,enqueued,,79
5407,2048,update,1785091408.6293643,,1785091408.6283228,upsert,2,64,Adaptive,4596497935095405733,0.001041412353515625,True,,enqueued,,78
5407,2048,update,1785091408.6294656,,1785091400.3510418,upsert,2,64,Adaptive,15769623694692820738,8.27842378616333,False,,suppressed,low_utility,69
5407,2048,update,1785091408.6295342,,1785091408.6283925,upsert,0,64,Adaptive,15769623694692820738,0.0011417865753173828,False,,suppressed,low_utility,79
5407,1024,update,1785091408.6296349,,1785091408.6282523,upsert,1,64,Adaptive,947483498426156190,0.001382589340209961,False,,suppressed,low_utility,77
5407,4096,update,1785091410.1580672,,1785091410.1576557,upsert,1,64,Adaptive,9971321710674973507,0.0004115104675292969,True,,enqueued,,80
5407,2048,update,1785091410.1581817,,1785091404.4001737,upsert,3,64,Adaptive,12613465747135452669,5.758008003234863,False,,suppressed,low_utility,74
5407,1024,update,1785091410.1583197,,1785091410.1578696,upsert,3,64,Adaptive,3163096543987652428,0.00045013427734375,False,,suppressed,low_utility,82
5407,2048,update,1785091410.1583686,,1785091410.1579385,upsert,3,64,Adaptive,12613465747135452669,0.00043010711669921875,True,,enqueued,,83
5407,2048,update,1785091410.1584148,,1785091410.1579385,upsert,3,64,Adaptive,12613465747135452669,0.0004763603210449219,False,,suppressed,low_utility,83
5407,1024,update,1785091410.1584625,,1785091410.1577587,upsert,0,64,Adaptive,12523743054995375112,0.0007038116455078125,False,,suppressed,low_utility,81
5407,2048,update,1785091410.9056551,,1785091400.3511837,upsert,1,64,Adaptive,1785562587857272681,10.554471492767334,False,,suppressed,low_utility,71
5407,2048,update,1785091410.9058537,1785091410.9058537,1785091404.4000964,upsert,0,64,Adaptive,5248254131891465233,6.5057573318481445,True,,forwarded,,73
5407,4096,update,1785091411.5614603,,1785091411.5610695,upsert,0,64,Adaptive,9971321710674973507,0.00039076805114746094,True,,enqueued,,84
5407,2048,update,1785091411.5618238,,1785091411.561165,upsert,2,64,Adaptive,15769623694692820738,0.0006587505340576172,True,,enqueued,,85
5407,2048,update,1785091411.5619695,,1785091411.561165,upsert,2,64,Adaptive,15769623694692820738,0.0008044242858886719,False,,suppressed,superseded,85
5407,2048,update,1785091411.562047,,1785091411.561213,upsert,2,64,Adaptive,15769623694692820738,0.0008339881896972656,True,,enqueued,,86
5407,2048,update,1785091411.5621667,,1785091411.561251,upsert,3,64,Adaptive,12613465747135452669,0.0009157657623291016,True,,enqueued,,87
5407,2048,update,1785091415.707809,,1785091415.7074225,upsert,0,64,Adaptive,15769623694692820738,0.0003864765167236328,True,,enqueued,,88
5407,2048,update,1785091415.708117,,1785091415.7075915,upsert,1,64,Adaptive,13063325218966850298,0.0005254745483398438,True,,enqueued,,89
5407,2048,update,1785091415.7082539,,1785091411.561213,upsert,2,64,Adaptive,15769623694692820738,4.147040843963623,False,,suppressed,low_utility,86
5407,2048,update,1785091415.708329,,1785091415.7074225,upsert,0,64,Adaptive,15769623694692820738,0.0009064674377441406,False,,suppressed,low_utility,88
5407,1024,update,1785091415.7085304,,1785091415.7077022,upsert,3,64,Adaptive,4650049274038987083,0.0008282661437988281,False,,suppressed,low_utility,90
5407,2048,update,1785091415.7086282,,1785091415.707792,upsert,3,64,Adaptive,10402019323283478844,0.0008361339569091797,True,,enqueued,,91
5407,2048,update,1785091415.7087247,,1785091415.7075915,upsert,1,64,Adaptive,13063325218966850298,0.0011332035064697266,False,,suppressed,low_utility,89
5407,2048,update,1785091416.2030017,,1785091408.6283228,upsert,2,64,Adaptive,4596497935095405733,7.574678897857666,False,,suppressed,low_utility,78
5407,4096,update,1785091416.20318,1785091416.20318,1785091410.1576557,upsert,1,64,Adaptive,9971321710674973507,6.04552435874939,True,,forwarded,,80
5407,1024,update,1785091417.0980628,,1785091417.0974576,upsert,0,64,Adaptive,12523743054995375112,0.0006051063537597656,False,,suppressed,low_utility,92
5407,2048,update,1785091417.0983481,,1785091417.0976937,upsert,2,64,Adaptive,15769623694692820738,0.0006544589996337891,True,,enqueued,,93
5407,4096,update,1785091417.0986068,,1785091417.0979593,upsert,1,64,Adaptive,9971321710674973507,0.0006475448608398438,True,,enqueued,,94
5407,1024,update,1785091417.0988767,,1785091417.0983312,upsert,3,64,Adaptive,4650049274038987083,0.000545501708984375,False,,suppressed,low_utility,95
5407,2048,update,1785091421.2250276,,1785091421.224544,upsert,1,64,Adaptive,14859122926912323385,0.00048351287841796875,True,,enqueued,,96
5407,2048,update,1785091421.2252316,,1785091417.0976937,upsert,2,64,Adaptive,15769623694692820738,4.127537965774536,False,,suppressed,low_utility,93
5407,1024,update,1785091421.2255986,,1785091421.2248828,upsert,0,64,Adaptive,3163096543987652428,0.0007157325744628906,False,,suppressed,low_utility,97
5407,2048,update,1785091421.2257223,,1785091411.561251,upsert,3,64,Adaptive,12613465747135452669,9.66447138786316,False,,suppressed,superseded,87
5407,2048,update,1785091421.2258196,,1785091421.225048,upsert,3,64,Adaptive,12613465747135452669,0.0007715225219726562,True,,enqueued,,98
5407,2048,update,1785091421.225951,,1785091421.225263,upsert,2,64,Adaptive,15769623694692820738,0.0006878376007080078,True,,enqueued,,99
5407,2048,update,1785091421.2260532,,1785091421.225263,upsert,2,64,Adaptive,15769623694692820738,0.0007901191711425781,False,,suppressed,low_utility,99
5407,1024,update,1785091422.741663,,1785091422.7411866,upsert,3,64,Adaptive,4650049274038987083,0.0004763603210449219,False,,suppressed,low_utility,100
5407,2048,update,1785091422.7419975,,1785091422.741414,upsert,0,64,Adaptive,15769623694692820738,0.0005834102630615234,True,,enqueued,,101
5407,2048,update,1785091422.742149,,1785091422.741414,upsert,0,64,Adaptive,15769623694692820738,0.0007350444793701172,False,,suppressed,low_utility,101
5407,1024,update,1785091422.7424018,,1785091422.7416506,upsert,1,64,Adaptive,4650049274038987083,0.0007512569427490234,False,,suppressed,low_utility,102
5407,1024,update,1785091422.7425172,,1785091422.7418256,upsert,2,64,Adaptive,9971467602450215698,0.0006916522979736328,False,,suppressed,low_utility,103
5407,4096,update,1785091423.2841027,1785091423.2841027,1785091411.5610695,upsert,0,64,Adaptive,9971321710674973507,11.72303318977356,True,,forwarded,,84
5407,2048,update,1785091423.2842627,,1785091415.707792,upsert,3,64,Adaptive,10402019323283478844,7.576470613479614,False,,suppressed,low_utility,91
5407,4096,update,1785091423.284361,1785091423.284361,1785091417.0979593,upsert,1,64,Adaptive,9971321710674973507,6.186401605606079,True,,forwarded,,94
5407,2048,update,1785091430.3111465,,1785091421.224544,upsert,1,64,Adaptive,14859122926912323385,9.086602449417114,False,,suppressed,low_utility,96
5407,2048,update,1785091430.311295,,1785091421.225048,upsert,3,64,Adaptive,12613465747135452669,9.086246967315674,False,,suppressed,low_utility,98
5407,2048,update,1785091435.9702897,,1785091435.9699895,upsert,0,64,Adaptive,14108233664250482536,0.0003001689910888672,False,,suppressed,low_utility,104
5407,4096,update,1785091435.9705505,,1785091435.970291,upsert,1,64,Adaptive,15960031488910374299,0.00025963783264160156,True,,enqueued,,105
5407,4096,update,1785091435.9707344,1785091435.9707344,1785091435.970291,upsert,1,64,Adaptive,15960031488910374299,0.00044345855712890625,True,,forwarded,,105
5407,1024,update,1785091435.970986,,1785091435.970676,upsert,3,64,Adaptive,4650049274038987083,0.00030994415283203125,False,,suppressed,low_utility,106
5407,1024,update,1785091435.9711642,,1785091435.9708388,upsert,0,64,Adaptive,12523743054995375112,0.0003254413604736328,False,,suppressed,low_utility,107
5407,2048,update,1785091437.3654344,,1785091437.3649821,upsert,3,64,Adaptive,12613465747135452669,0.00045228004455566406,False,,suppressed,low_utility,108
5407,1024,update,1785091437.3657072,,1785091437.3652854,upsert,0,64,Adaptive,14064140743279553366,0.00042176246643066406,False,,suppressed,low_utility,109
5407,2048,update,1785091437.3658478,,1785091437.365446,upsert,0,64,Adaptive,12613465747135452669,0.0004017353057861328,False,,suppressed,low_utility,110
5407,2048,update,1785091437.3660564,,1785091437.3656561,upsert,2,64,Adaptive,15769623694692820738,0.00040030479431152344,False,,suppressed,low_utility,111
5407,2048,update,1785091438.865569,,1785091438.8651197,upsert,0,64,Adaptive,15769623694692820738,0.0004494190216064453,False,,suppressed,low_utility,112
5407,4096,update,1785091438.865868,,1785091438.8654168,upsert,1,64,Adaptive,9971321710674973507,0.0004513263702392578,True,,enqueued,,113
5407,4096,update,1785091438.866064,1785091438.866064,1785091438.8654168,upsert,1,64,Adaptive,9971321710674973507,0.0006473064422607422,True,,forwarded,,113
5407,4096,update,1785091438.8662713,,1785091438.8658013,upsert,3,64,Adaptive,12376960631178457983,0.0004699230194091797,True,,enqueued,,114
5407,2048,update,1785091438.8664906,,1785091438.8661437,upsert,0,64,Adaptive,12613465747135452669,0.00034689903259277344,False,,suppressed,low_utility,115
5407,2048,update,1785091440.07039,,1785091440.0699384,upsert,0,64,Adaptive,12613465747135452669,0.0004515647888183594,False,,suppressed,low_utility,116
5407,1024,update,1785091440.0706637,,1785091440.070246,upsert,0,64,Adaptive,12523743054995375112,0.0004177093505859375,False,,suppressed,low_utility,117
5407,2048,update,1785091440.0708961,,1785091440.0704062,upsert,2,64,Adaptive,15769623694692820738,0.0004899501800537109,False,,suppressed,low_utility,118
5407,2048,update,1785091440.0709963,,1785091440.070616,upsert,2,64,Adaptive,15769623694692820738,0.0003802776336669922,False,,suppressed,low_utility,119
5407,4096,update,1785091440.9056797,1785091440.9056797,1785091438.8658013,upsert,3,64,Adaptive,12376960631178457983,2.0398783683776855,True,,forwarded,,114
5407,1024,update,1785091453.2198408,,1785091453.2193716,upsert,1,64,Adaptive,3073007241776570211,0.000469207763671875,False,,suppressed,low_utility,120
5407,1024,update,1785091453.2201252,,1785091453.2196062,upsert,2,64,Adaptive,16374985302794130926,0.0005190372467041016,False,,suppressed,low_utility,121
5407,2048,update,1785091453.2203362,,1785091453.2197666,upsert,0,64,Adaptive,15769623694692820738,0.0005695819854736328,True,,enqueued,,122
5407,2048,update,1785091453.220575,1785091453.220575,1785091453.2197666,upsert,0,64,Adaptive,15769623694692820738,0.0008084774017333984,True,,forwarded,,122
5407,4096,update,1785091453.220701,,1785091453.220019,upsert,3,64,Adaptive,13982934541694442251,0.0006818771362304688,True,,enqueued,,123
5407,4096,update,1785091453.2208698,1785091453.2208698,1785091453.220019,upsert,3,64,Adaptive,13982934541694442251,0.000850677490234375,True,,forwarded,,123
5407,4096,update,1785091465.8849275,,1785091465.8844926,upsert,2,64,Adaptive,13844655051170110805,0.00043487548828125,True,,enqueued,,124
5407,4096,update,1785091465.8852015,1785091465.8852015,1785091465.8844926,upsert,2,64,Adaptive,13844655051170110805,0.0007088184356689453,True,,forwarded,,124
5407,4096,update,1785091465.885435,,1785091465.8849547,upsert,0,64,Adaptive,13844655051170110805,0.00048041343688964844,True,,enqueued,,125
5407,4096,update,1785091465.8856652,1785091465.8856652,1785091465.8849547,upsert,0,64,Adaptive,13844655051170110805,0.0007104873657226562,True,,forwarded,,125
5407,2048,update,1785091465.8857965,,1785091465.8853145,upsert,1,64,Adaptive,11821849661176330329,0.0004820823669433594,True,,enqueued,,126
5407,2048,update,1785091465.8860226,1785091465.8860226,1785091465.8853145,upsert,1,64,Adaptive,11821849661176330329,0.0007081031799316406,True,,forwarded,,126
5407,2048,update,1785091465.8861365,,1785091465.885526,upsert,3,64,Adaptive,17846715708891391149,0.0006105899810791016,True,,enqueued,,127
5407,2048,update,1785091465.8862648,1785091465.8862648,1785091465.885526,upsert,3,64,Adaptive,17846715708891391149,0.0007388591766357422,True,,forwarded,,127
5407,2048,update,1785091470.1323283,,1785091470.1319268,upsert,2,64,Adaptive,17846715708891391149,0.00040149688720703125,True,,enqueued,,128
5407,2048,update,1785091470.1326776,,1785091470.1322293,upsert,1,64,Adaptive,11592361518825428217,0.0004482269287109375,True,,enqueued,,129
5407,2048,update,1785091470.132995,,1785091470.132455,upsert,0,64,Adaptive,17846715708891391149,0.0005397796630859375,False,,suppressed,duplicate_holder,130
5407,2048,update,1785091470.1332207,,1785091470.1326857,upsert,3,64,Adaptive,11821849661176330329,0.0005350112915039062,True,,enqueued,,131
5407,2048,update,1785091470.8517132,1785091470.8517132,1785091470.1319268,upsert,2,64,Adaptive,17846715708891391149,0.7197864055633545,True,,forwarded,,128
5407,2048,update,1785091474.3651724,1785091474.3651724,1785091470.1322293,upsert,1,64,Adaptive,11592361518825428217,4.232943058013916,True,,forwarded,,129
5407,2048,update,1785091474.3653352,1785091474.3653352,1785091470.1326857,upsert,3,64,Adaptive,11821849661176330329,4.232649564743042,True,,forwarded,,131
5407,2048,update,1785091482.797555,,1785091482.7971318,upsert,2,64,Adaptive,5810489706710392208,0.00042319297790527344,True,,enqueued,,132
5407,2048,update,1785091482.7979412,1785091482.7979412,1785091482.7971318,upsert,2,64,Adaptive,5810489706710392208,0.0008094310760498047,True,,forwarded,,132
5407,2048,update,1785091482.7981012,,1785091482.7973664,upsert,3,64,Adaptive,13764273285245102789,0.0007348060607910156,True,,enqueued,,133
5407,1024,update,1785091482.7984612,,1785091482.7975383,upsert,0,64,Adaptive,3653934292717507175,0.0009229183197021484,False,,suppressed,low_utility,134
5407,4096,update,1785091482.7985833,,1785091482.797656,upsert,1,64,Adaptive,15507369539614680842,0.0009272098541259766,True,,enqueued,,135
5407,2048,update,1785091484.9057133,1785091484.9057133,1785091482.7973664,upsert,3,64,Adaptive,13764273285245102789,2.108346939086914,True,,forwarded,,133
5407,1024,update,1785091486.7283227,,1785091486.7278926,upsert,2,64,Adaptive,12395577753972294123,0.00043010711669921875,False,,suppressed,low_utility,136
5407,2048,update,1785091486.7286289,,1785091486.728131,upsert,3,64,Adaptive,17846715708891391149,0.0004978179931640625,True,,enqueued,,137
5407,2048,update,1785091486.7289445,,1785091486.728366,upsert,1,64,Adaptive,15260451301505084502,0.0005786418914794922,True,,enqueued,,138
5407,4096,update,1785091486.7292128,,1785091486.7285783,upsert,0,64,Adaptive,13844655051170110805,0.0006344318389892578,True,,enqueued,,139
5407,4096,update,1785091490.2031002,1785091490.2031002,1785091482.797656,upsert,1,64,Adaptive,15507369539614680842,7.405444145202637,True,,forwarded,,135
5407,2048,update,1785091490.2032626,1785091490.2032626,1785091486.728131,upsert,3,64,Adaptive,17846715708891391149,3.4751315116882324,True,,forwarded,,137
5407,2048,update,1785091497.2300124,,1785091486.728366,upsert,1,64,Adaptive,15260451301505084502,10.501646518707275,False,,suppressed,low_utility,138
5407,4096,update,1785091497.230184,1785091497.230184,1785091486.7285783,upsert,0,64,Adaptive,13844655051170110805,10.501605749130249,True,,forwarded,,139
5407,2048,update,1785091499.4369495,,1785091499.4364908,upsert,0,64,Adaptive,3610348553927340733,0.00045871734619140625,True,,enqueued,,140
5407,4096,update,1785091499.4373484,,1785091499.43683,upsert,1,64,Adaptive,15507369539614680842,0.0005183219909667969,True,,enqueued,,141
5407,4096,update,1785091499.437612,,1785091499.4372103,upsert,2,64,Adaptive,15507369539614680842,0.0004017353057861328,True,,enqueued,,142
5407,2048,update,1785091499.4379218,,1785091499.4375558,upsert,1,64,Adaptive,11821849661176330329,0.00036597251892089844,True,,enqueued,,143
5407,1024,update,1785091500.9093714,,1785091500.908908,upsert,1,64,Adaptive,7759237608199543855,0.0004634857177734375,False,,suppressed,low_utility,144
5407,2048,update,1785091500.9096863,,1785091500.909144,upsert,3,64,Adaptive,17846715708891391149,0.0005424022674560547,True,,enqueued,,145
5407,2048,update,1785091500.910036,,1785091500.909377,upsert,2,64,Adaptive,17846715708891391149,0.0006589889526367188,True,,enqueued,,146
5407,2048,update,1785091500.910312,,1785091500.909144,upsert,3,64,Adaptive,17846715708891391149,0.0011680126190185547,False,,suppressed,superseded,145
5407,2048,update,1785091500.9104097,,1785091500.9095912,upsert,3,64,Adaptive,17846715708891391149,0.0008184909820556641,True,,enqueued,,147
5407,2048,update,1785091502.527221,1785091502.527221,1785091499.4364908,upsert,0,64,Adaptive,3610348553927340733,3.0907301902770996,True,,forwarded,,140
5407,2048,update,1785091505.111756,,1785091505.1112883,upsert,0,64,Adaptive,8844125626369699122,0.0004677772521972656,True,,enqueued,,148
5407,2048,update,1785091505.1121833,,1785091505.1115868,upsert,1,64,Adaptive,14333057367934485678,0.0005965232849121094,True,,enqueued,,149
5407,2048,update,1785091505.112335,,1785091500.909377,upsert,2,64,Adaptive,17846715708891391149,4.20295786857605,False,,suppressed,low_utility,146
5407,2048,update,1785091505.1124275,,1785091500.9095912,upsert,3,64,Adaptive,17846715708891391149,4.202836275100708,False,,suppressed,low_utility,147
5407,1024,update,1785091505.1127481,,1785091505.1118526,upsert,2,64,Adaptive,12395577753972294123,0.0008955001831054688,False,,suppressed,low_utility,150
5407,1024,update,1785091505.112886,,1785091505.1120107,upsert,3,64,Adaptive,8870018519622387243,0.0008752346038818359,False,,suppressed,low_utility,151
5407,4096,update,1785091507.8246956,1785091507.8246956,1785091499.43683,upsert,1,64,Adaptive,15507369539614680842,8.387865543365479,True,,forwarded,,141
5407,4096,update,1785091507.8248813,1785091507.8248813,1785091499.4372103,upsert,2,64,Adaptive,15507369539614680842,8.387670993804932,True,,forwarded,,142
5407,2048,update,1785091514.851678,,1785091499.4375558,upsert,1,64,Adaptive,11821849661176330329,15.414122104644775,False,,suppressed,low_utility,143
5407,2048,update,1785091514.8518658,,1785091505.1112883,upsert,0,64,Adaptive,8844125626369699122,9.740577459335327,False,,suppressed,low_utility,148
5407,2048,update,1785091514.851973,,1785091505.1115868,upsert,1,64,Adaptive,14333057367934485678,9.740386247634888,False,,suppressed,low_utility,149
5407,2048,update,1785091517.855754,,1785091517.8553276,upsert,3,64,Adaptive,17846715708891391149,0.00042629241943359375,True,,enqueued,,152
5407,2048,update,1785091517.8560686,1785091517.8560686,1785091517.8553276,upsert,3,64,Adaptive,17846715708891391149,0.0007410049438476562,True,,forwarded,,152
5407,2048,update,1785091517.8563564,,1785091517.8556337,upsert,2,64,Adaptive,17846715708891391149,0.0007226467132568359,True,,enqueued,,153
5407,4096,update,1785091517.8565028,,1785091517.8558838,upsert,0,64,Adaptive,15507369539614680842,0.0006189346313476562,False,,suppressed,duplicate_holder,154
5407,4096,update,1785091517.856702,,1785091517.8562448,upsert,1,64,Adaptive,4146034437482887754,0.0004572868347167969,True,,enqueued,,155
5407,2048,update,1785091520.1490355,,1785091517.8556337,upsert,2,64,Adaptive,17846715708891391149,2.2934017181396484,False,,suppressed,low_utility,153
5407,4096,update,1785091520.1492069,1785091520.1492069,1785091517.8562448,upsert,1,64,Adaptive,4146034437482887754,2.292962074279785,True,,forwarded,,155
5407,2048,update,1785091522.163189,,1785091522.1627717,upsert,2,64,Adaptive,15761329057692999658,0.0004172325134277344,True,,enqueued,,156
5407,2048,update,1785091522.1635048,,1785091522.1631024,upsert,1,64,Adaptive,11821849661176330329,0.0004024505615234375,True,,enqueued,,157
5407,4096,update,1785091522.1637306,,1785091522.1633334,upsert,0,64,Adaptive,13844655051170110805,0.0003972053527832031,True,,enqueued,,158
5407,4096,update,1785091522.1639996,,1785091522.1633334,upsert,0,64,Adaptive,13844655051170110805,0.0006661415100097656,False,,suppressed,superseded,158
5407,4096,update,1785091522.1640894,,1785091522.1636906,upsert,0,64,Adaptive,13844655051170110805,0.00039887428283691406,True,,enqueued,,159
5407,4096,update,1785091523.720077,,1785091522.1636906,upsert,0,64,Adaptive,13844655051170110805,1.5563864707946777,False,,suppressed,superseded,159
5407,4096,update,1785091523.7201927,,1785091523.71975,upsert,0,64,Adaptive,13844655051170110805,0.00044274330139160156,True,,enqueued,,160
5407,2048,update,1785091523.7204392,,1785091523.7202044,upsert,1,64,Adaptive,14333057367934485678,0.00023484230041503906,True,,enqueued,,161
5407,2048,update,1785091523.7206755,,1785091523.720437,upsert,2,64,Adaptive,17846715708891391149,0.0002384185791015625,True,,enqueued,,162
5407,2048,update,1785091523.7208138,,1785091523.720437,upsert,2,64,Adaptive,17846715708891391149,0.00037670135498046875,False,,suppressed,low_utility,162
5407,2048,update,1785091523.7210205,,1785091523.7206473,upsert,3,64,Adaptive,17846715708891391149,0.0003731250762939453,True,,enqueued,,163
5407,2048,update,1785091523.7211275,,1785091523.7206473,upsert,3,64,Adaptive,17846715708891391149,0.0004801750183105469,False,,suppressed,low_utility,163
5407,2048,update,1785091525.4461908,,1785091522.1627717,upsert,2,64,Adaptive,15761329057692999658,3.283419132232666,False,,suppressed,low_utility,156
5407,2048,update,1785091525.4463089,,1785091522.1631024,upsert,1,64,Adaptive,11821849661176330329,3.2832064628601074,False,,suppressed,low_utility,157
5407,4096,update,1785091525.4464056,1785091525.4464056,1785091523.71975,upsert,0,64,Adaptive,13844655051170110805,1.7266557216644287,True,,forwarded,,160
5407,2048,update,1785091525.4464853,,1785091523.7202044,upsert,1,64,Adaptive,14333057367934485678,1.726280927658081,False,,suppressed,low_utility,161
5407,2048,update,1785091527.8309977,,1785091527.8306031,upsert,0,64,Adaptive,14333057367934485678,0.00039458274841308594,False,,suppressed,low_utility,164
5407,4096,update,1785091527.831263,,1785091527.8309393,upsert,1,64,Adaptive,15507369539614680842,0.0003237724304199219,True,,enqueued,,165
5407,4096,update,1785091527.8314505,1785091527.8314505,1785091527.8309393,upsert,1,64,Adaptive,15507369539614680842,0.00051116943359375,True,,forwarded,,165
5407,2048,update,1785091527.8316486,,1785091527.831314,upsert,3,64,Adaptive,11821849661176330329,0.0003345012664794922,False,,suppressed,low_utility,166
5407,4096,update,1785091527.831839,,1785091527.8315294,upsert,1,64,Adaptive,15507369539614680842,0.0003097057342529297,True,,enqueued,,167
5407,2048,update,1785091528.9929416,,1785091528.992514,upsert,3,64,Adaptive,17846715708891391149,0.0004277229309082031,False,,suppressed,low_utility,168
5407,2048,update,1785091528.9931362,,1785091528.9928336,upsert,2,64,Adaptive,17846715708891391149,0.0003025531768798828,False,,suppressed,low_utility,169
5407,2048,update,1785091528.9932559,,1785091528.9930608,upsert,2,64,Adaptive,17846715708891391149,0.00019502639770507812,False,,suppressed,low_utility,170
5407,2048,update,1785091528.993446,,1785091528.9932678,upsert,3,64,Adaptive,17846715708891391149,0.00017833709716796875,False,,suppressed,low_utility,171
5407,4096,update,1785091532.4735332,1785091532.4735332,1785091527.8315294,upsert,1,64,Adaptive,15507369539614680842,4.642003774642944,True,,forwarded,,167
5407,4096,update,1785091541.7833562,,1785091541.7829914,upsert,0,64,Adaptive,13844655051170110805,0.0003647804260253906,True,,enqueued,,172
5407,4096,update,1785091541.7835793,1785091541.7835793,1785091541.7829914,upsert,0,64,Adaptive,13844655051170110805,0.0005879402160644531,True,,forwarded,,172
5407,4096,update,1785091541.7838206,,1785091541.783441,upsert,2,64,Adaptive,13485819553775059313,0.0003795623779296875,True,,enqueued,,173
5407,2048,update,1785091541.7840743,,1785091541.7838151,upsert,1,64,Adaptive,14333057367934485678,0.00025916099548339844,True,,enqueued,,174
5407,4096,update,1785091541.7843015,,1785091541.784033,upsert,0,64,Adaptive,13844655051170110805,0.0002684593200683594,True,,enqueued,,175
5407,2048,update,1785091542.9445014,,1785091542.9441729,upsert,2,64,Adaptive,17846715708891391149,0.0003285408020019531,True,,enqueued,,176
5407,2048,update,1785091542.9447477,,1785091542.9444852,upsert,1,64,Adaptive,11821849661176330329,0.0002624988555908203,True,,enqueued,,177
5407,2048,update,1785091542.9449055,,1785091542.9441729,upsert,2,64,Adaptive,17846715708891391149,0.0007326602935791016,False,,suppressed,low_utility,176
5407,2048,update,1785091542.9451823,,1785091542.944713,upsert,3,64,Adaptive,17846715708891391149,0.000469207763671875,True,,enqueued,,178
5407,2048,update,1785091542.9452975,,1785091542.944713,upsert,3,64,Adaptive,17846715708891391149,0.0005843639373779297,False,,suppressed,low_utility,178
5407,2048,update,1785091542.9454007,,1785091542.9444852,upsert,1,64,Adaptive,11821849661176330329,0.00091552734375,False,,suppressed,superseded,177
5407,2048,update,1785091542.9454725,,1785091542.944938,upsert,1,64,Adaptive,11821849661176330329,0.0005345344543457031,True,,enqueued,,179
5407,4096,update,1785091543.0677476,1785091543.0677476,1785091541.783441,upsert,2,64,Adaptive,13485819553775059313,1.284306526184082,True,,forwarded,,173
5407,2048,update,1785091543.06789,1785091543.06789,1785091541.7838151,upsert,1,64,Adaptive,14333057367934485678,1.2840747833251953,True,,forwarded,,174
5407,2048,update,1785091547.8166814,,1785091542.944938,upsert,1,64,Adaptive,11821849661176330329,4.871743440628052,False,,suppressed,superseded,179
5407,2048,update,1785091547.8168318,,1785091547.8163042,upsert,1,64,Adaptive,11821849661176330329,0.0005276203155517578,True,,enqueued,,180
5407,2048,update,1785091547.817152,,1785091547.8166144,upsert,2,64,Adaptive,17846715708891391149,0.0005376338958740234,True,,enqueued,,181
5407,2048,update,1785091547.8172982,,1785091547.816856,upsert,3,64,Adaptive,6878038652119793510,0.00044226646423339844,True,,enqueued,,182
5407,2048,update,1785091547.817523,,1785091547.8170748,upsert,3,64,Adaptive,11821849661176330329,0.0004482269287109375,True,,enqueued,,183
5407,4096,update,1785091550.0948865,1785091550.0948865,1785091541.784033,upsert,0,64,Adaptive,13844655051170110805,8.310853481292725,True,,forwarded,,175
5407,2048,update,1785091555.428849,,1785091547.8163042,upsert,1,64,Adaptive,11821849661176330329,7.612544775009155,False,,suppressed,low_utility,180
5407,2048,update,1785091555.4289408,,1785091547.8166144,upsert,2,64,Adaptive,17846715708891391149,7.612326383590698,False,,suppressed,low_utility,181
5407,2048,update,1785091555.42898,,1785091547.816856,upsert,3,64,Adaptive,6878038652119793510,7.61212420463562,False,,suppressed,low_utility,182
5407,2048,update,1785091555.4290137,,1785091547.8170748,upsert,3,64,Adaptive,11821849661176330329,7.611938953399658,False,,suppressed,low_utility,183
5410,2048,update,1785092014.62239,,1785092014.6219811,upsert,0,64,Adaptive,15769623694692820738,0.0004088878631591797,True,,enqueued,,0
5410,2048,update,1785092014.6229517,1785092014.6229517,1785092014.6219811,upsert,0,64,Adaptive,15769623694692820738,0.0009706020355224609,True,,forwarded,,0
5410,2048,update,1785092014.6231215,,1785092014.6220675,upsert,1,64,Adaptive,15769623694692820738,0.0010540485382080078,True,,enqueued,,1
5410,2048,update,1785092014.623289,,1785092014.6221204,upsert,2,64,Adaptive,15769623694692820738,0.0011687278747558594,False,,suppressed,duplicate_holder,2
5410,2048,update,1785092014.623409,,1785092014.62216,upsert,3,64,Adaptive,15769623694692820738,0.001249074935913086,False,,suppressed,duplicate_holder,3
5410,2048,update,1785092014.6236002,1785092014.6236002,1785092014.6220675,upsert,1,64,Adaptive,15769623694692820738,0.0015327930450439453,True,,forwarded,,1
5410,2048,update,1785092018.813587,,1785092018.8131354,upsert,0,64,Adaptive,12613465747135452669,0.0004515647888183594,True,,enqueued,,4
5410,2048,update,1785092018.814109,1785092018.814109,1785092018.8131354,upsert,0,64,Adaptive,12613465747135452669,0.0009737014770507812,True,,forwarded,,4
5410,2048,update,1785092018.8142705,,1785092018.8132827,upsert,2,64,Adaptive,12613465747135452669,0.0009877681732177734,True,,enqueued,,6
5410,2048,update,1785092018.814457,,1785092018.813321,upsert,3,64,Adaptive,12613465747135452669,0.0011358261108398438,False,,suppressed,duplicate_holder,7
5410,2048,update,1785092018.8145783,,1785092018.813236,upsert,1,64,Adaptive,12613465747135452669,0.0013422966003417969,False,,suppressed,duplicate_holder,5
5410,2048,update,1785092018.8147304,1785092018.8147304,1785092018.8132827,upsert,2,64,Adaptive,12613465747135452669,0.0014476776123046875,True,,forwarded,,6
5410,4096,update,1785092032.1758754,,1785092032.1754804,upsert,0,64,Adaptive,12523743054995375112,0.00039505958557128906,True,,enqueued,,8
5410,4096,update,1785092032.1763117,1785092032.1763117,1785092032.1754804,upsert,0,64,Adaptive,12523743054995375112,0.0008313655853271484,True,,forwarded,,8
5410,4096,update,1785092032.1764648,,1785092032.1755798,upsert,1,64,Adaptive,12523743054995375112,0.000885009765625,True,,enqueued,,9
5410,4096,update,1785092032.1766627,,1785092032.175624,upsert,2,64,Adaptive,12523743054995375112,0.0010387897491455078,False,,suppressed,duplicate_holder,10
5410,4096,update,1785092032.176796,,1785092032.1756637,upsert,3,64,Adaptive,12523743054995375112,0.0011322498321533203,False,,suppressed,duplicate_holder,11
5410,4096,update,1785092032.1769938,1785092032.1769938,1785092032.1755798,upsert,1,64,Adaptive,12523743054995375112,0.0014140605926513672,True,,forwarded,,9
5410,1024,update,1785092033.611166,,1785092033.6107144,upsert,0,64,Adaptive,9971321710674973507,0.0004515647888183594,True,,enqueued,,12
5410,1024,update,1785092033.6116226,1785092033.6116226,1785092033.6107144,upsert,0,64,Adaptive,9971321710674973507,0.0009081363677978516,True,,forwarded,,12
5410,1024,update,1785092033.6118152,,1785092033.6108763,upsert,2,64,Adaptive,9971321710674973507,0.0009388923645019531,True,,enqueued,,14
5410,1024,update,1785092033.61202,,1785092033.6109176,upsert,3,64,Adaptive,9971321710674973507,0.001102447509765625,False,,suppressed,duplicate_holder,15
5410,1024,update,1785092033.6121423,,1785092033.6108274,upsert,1,64,Adaptive,9971321710674973507,0.0013148784637451172,False,,suppressed,duplicate_holder,13
5410,1024,update,1785092033.6123483,1785092033.6123483,1785092033.6108763,upsert,2,64,Adaptive,9971321710674973507,0.0014719963073730469,True,,forwarded,,14
5410,2048,update,1785092037.782271,,1785092037.7817981,upsert,0,64,Adaptive,4650049274038987083,0.00047278404235839844,True,,enqueued,,16
5410,2048,update,1785092037.782758,1785092037.782758,1785092037.7817981,upsert,0,64,Adaptive,4650049274038987083,0.0009598731994628906,True,,forwarded,,16
5410,2048,update,1785092037.7829406,,1785092037.7819805,upsert,3,64,Adaptive,4650049274038987083,0.0009601116180419922,True,,enqueued,,19
5410,2048,update,1785092037.7831047,,1785092037.7819421,upsert,2,64,Adaptive,4650049274038987083,0.0011625289916992188,False,,suppressed,duplicate_holder,18
5410,2048,update,1785092037.7832303,,1785092037.7818973,upsert,1,64,Adaptive,4650049274038987083,0.001332998275756836,False,,suppressed,duplicate_holder,17
5410,2048,update,1785092037.783402,1785092037.783402,1785092037.7819805,upsert,3,64,Adaptive,4650049274038987083,0.0014214515686035156,True,,forwarded,,19
5410,4096,update,1785092051.104434,,1785092051.1039762,upsert,0,64,Adaptive,3163096543987652428,0.000457763671875,True,,enqueued,,20
5410,4096,update,1785092051.104942,1785092051.104942,1785092051.1039762,upsert,0,64,Adaptive,3163096543987652428,0.0009658336639404297,True,,forwarded,,20
5410,4096,update,1785092051.1050916,,1785092051.1041634,upsert,3,64,Adaptive,3163096543987652428,0.0009281635284423828,True,,enqueued,,23
5410,4096,update,1785092051.105224,,1785092051.1041229,upsert,2,64,Adaptive,3163096543987652428,0.0011010169982910156,False,,suppressed,duplicate_holder,22
5410,4096,update,1785092051.105323,,1785092051.1040757,upsert,1,64,Adaptive,3163096543987652428,0.001247406005859375,False,,suppressed,duplicate_holder,21
5410,4096,update,1785092051.1054635,1785092051.1054635,1785092051.1041634,upsert,3,64,Adaptive,3163096543987652428,0.0013000965118408203,True,,forwarded,,23
5410,2048,update,1785092055.3243294,,1785092055.32387,upsert,0,64,Adaptive,10402019323283478844,0.00045943260192871094,True,,enqueued,,24
5410,2048,update,1785092055.3248487,1785092055.3248487,1785092055.32387,upsert,0,64,Adaptive,10402019323283478844,0.000978708267211914,True,,forwarded,,24
5410,2048,update,1785092055.3250053,,1785092055.324051,upsert,3,64,Adaptive,10402019323283478844,0.0009543895721435547,True,,enqueued,,27
5410,2048,update,1785092055.3251739,,1785092055.324013,upsert,2,64,Adaptive,10402019323283478844,0.0011608600616455078,False,,suppressed,duplicate_holder,26
5410,2048,update,1785092055.3252926,,1785092055.3239663,upsert,1,64,Adaptive,10402019323283478844,0.0013263225555419922,False,,suppressed,duplicate_holder,25
5410,2048,update,1785092055.325468,1785092055.325468,1785092055.324051,upsert,3,64,Adaptive,10402019323283478844,0.0014171600341796875,True,,forwarded,,27
5410,2048,update,1785092059.5480464,,1785092059.5475538,upsert,0,64,Adaptive,14064140743279553366,0.0004925727844238281,True,,enqueued,,28
5410,2048,update,1785092059.5485342,1785092059.5485342,1785092059.5475538,upsert,0,64,Adaptive,14064140743279553366,0.000980377197265625,True,,forwarded,,28
5410,2048,update,1785092059.5486856,,1785092059.547734,upsert,3,64,Adaptive,14064140743279553366,0.0009515285491943359,True,,enqueued,,31
5410,2048,update,1785092059.5488696,,1785092059.5476482,upsert,1,64,Adaptive,14064140743279553366,0.0012214183807373047,False,,suppressed,duplicate_holder,29
5410,2048,update,1785092059.548994,,1785092059.547695,upsert,2,64,Adaptive,14064140743279553366,0.001299142837524414,False,,suppressed,duplicate_holder,30
5410,2048,update,1785092059.5491726,1785092059.5491726,1785092059.547734,upsert,3,64,Adaptive,14064140743279553366,0.0014386177062988281,True,,forwarded,,31
5410,1024,update,1785092061.0076456,,1785092061.007205,upsert,0,64,Adaptive,12376960631178457983,0.0004405975341796875,True,,enqueued,,32
5410,1024,update,1785092061.0081468,1785092061.0081468,1785092061.007205,upsert,0,64,Adaptive,12376960631178457983,0.0009417533874511719,True,,forwarded,,32
5410,1024,update,1785092061.0082948,,1785092061.007385,upsert,3,64,Adaptive,12376960631178457983,0.0009098052978515625,True,,enqueued,,35
5410,1024,update,1785092061.008452,,1785092061.007348,upsert,2,64,Adaptive,12376960631178457983,0.0011038780212402344,False,,suppressed,duplicate_holder,34
5410,1024,update,1785092061.0085688,,1785092061.0072994,upsert,1,64,Adaptive,12376960631178457983,0.0012693405151367188,False,,suppressed,duplicate_holder,33
5410,1024,update,1785092061.0087266,1785092061.0087266,1785092061.007385,upsert,3,64,Adaptive,12376960631178457983,0.0013415813446044922,True,,forwarded,,35
5410,2048,update,1785092065.2914789,,1785092065.2910793,upsert,0,64,Adaptive,947483498426156190,0.00039958953857421875,True,,enqueued,,36
5410,2048,update,1785092065.2919278,1785092065.2919278,1785092065.2910793,upsert,0,64,Adaptive,947483498426156190,0.0008485317230224609,True,,forwarded,,36
5410,2048,update,1785092065.2920713,,1785092065.291222,upsert,2,64,Adaptive,947483498426156190,0.0008492469787597656,True,,enqueued,,38
5410,2048,update,1785092065.2922254,,1785092065.2911766,upsert,1,64,Adaptive,947483498426156190,0.0010488033294677734,False,,suppressed,duplicate_holder,37
5410,2048,update,1785092065.2923284,,1785092065.2912612,upsert,3,64,Adaptive,947483498426156190,0.0010671615600585938,False,,suppressed,duplicate_holder,39
5410,2048,update,1785092065.2924395,1785092065.2924395,1785092065.291222,upsert,2,64,Adaptive,947483498426156190,0.0012173652648925781,True,,forwarded,,38
5410,4096,update,1785092079.2157521,,1785092079.2152903,upsert,0,64,Adaptive,3073007241776570211,0.00046181678771972656,True,,enqueued,,40
5410,4096,update,1785092079.2162106,1785092079.2162106,1785092079.2152903,upsert,0,64,Adaptive,3073007241776570211,0.0009202957153320312,True,,forwarded,,40
5410,4096,update,1785092079.2163541,,1785092079.2154734,upsert,3,64,Adaptive,3073007241776570211,0.0008807182312011719,True,,enqueued,,43
5410,4096,update,1785092079.216514,,1785092079.2153864,upsert,1,64,Adaptive,3073007241776570211,0.0011277198791503906,False,,suppressed,duplicate_holder,41
5410,4096,update,1785092079.2166336,,1785092079.215433,upsert,2,64,Adaptive,3073007241776570211,0.0012006759643554688,False,,suppressed,duplicate_holder,42
5410,4096,update,1785092079.216772,1785092079.216772,1785092079.2154734,upsert,3,64,Adaptive,3073007241776570211,0.001298666000366211,True,,forwarded,,43
5410,4096,update,1785092093.149754,,1785092093.1493378,upsert,0,64,Adaptive,14108233664250482536,0.0004162788391113281,True,,enqueued,,44
5410,4096,update,1785092093.1502345,1785092093.1502345,1785092093.1493378,upsert,0,64,Adaptive,14108233664250482536,0.0008966922760009766,True,,forwarded,,44
5410,4096,update,1785092093.1503808,,1785092093.149474,upsert,2,64,Adaptive,14108233664250482536,0.0009069442749023438,True,,enqueued,,46
5410,4096,update,1785092093.150542,,1785092093.1495125,upsert,3,64,Adaptive,14108233664250482536,0.0010294914245605469,False,,suppressed,duplicate_holder,47
5410,4096,update,1785092093.1506662,,1785092093.1494303,upsert,1,64,Adaptive,14108233664250482536,0.0012359619140625,False,,suppressed,duplicate_holder,45
5410,4096,update,1785092093.1508248,1785092093.1508248,1785092093.149474,upsert,2,64,Adaptive,14108233664250482536,0.0013508796691894531,True,,forwarded,,46
5410,4096,update,1785092106.870002,,1785092106.8695343,upsert,0,64,Adaptive,14774026810505956694,0.0004677772521972656,True,,enqueued,,48
5410,4096,update,1785092106.870452,1785092106.870452,1785092106.8695343,upsert,0,64,Adaptive,14774026810505956694,0.0009176731109619141,True,,forwarded,,48
5410,4096,update,1785092106.8706026,,1785092106.8697162,upsert,3,64,Adaptive,14774026810505956694,0.0008864402770996094,True,,enqueued,,51
5410,4096,update,1785092106.8707366,,1785092106.8696342,upsert,1,64,Adaptive,14774026810505956694,0.001102447509765625,False,,suppressed,duplicate_holder,49
5410,4096,update,1785092106.8708572,,1785092106.8696787,upsert,2,64,Adaptive,14774026810505956694,0.0011785030364990234,False,,suppressed,duplicate_holder,50
5410,4096,update,1785092106.870987,1785092106.870987,1785092106.8697162,upsert,3,64,Adaptive,14774026810505956694,0.0012707710266113281,True,,forwarded,,51
5410,4096,update,1785092120.6894376,,1785092120.6889956,upsert,0,64,Adaptive,5281956220402968541,0.0004420280456542969,True,,enqueued,,52
5410,4096,update,1785092120.689955,1785092120.689955,1785092120.6889956,upsert,0,64,Adaptive,5281956220402968541,0.0009593963623046875,True,,forwarded,,52
5410,4096,update,1785092120.690113,,1785092120.689175,upsert,3,64,Adaptive,5281956220402968541,0.0009381771087646484,True,,enqueued,,55
5410,4096,update,1785092120.6902802,,1785092120.6891375,upsert,2,64,Adaptive,5281956220402968541,0.001142740249633789,False,,suppressed,duplicate_holder,54
5410,4096,update,1785092120.6904097,,1785092120.6890922,upsert,1,64,Adaptive,5281956220402968541,0.0013175010681152344,False,,suppressed,duplicate_holder,53
5410,4096,update,1785092120.6905828,1785092120.6905828,1785092120.689175,upsert,3,64,Adaptive,5281956220402968541,0.0014078617095947266,True,,forwarded,,55
5410,2048,update,1785092124.9052515,,1785092124.904813,upsert,0,64,Adaptive,1785562587857272681,0.00043845176696777344,True,,enqueued,,56
5410,2048,update,1785092124.9057424,1785092124.9057424,1785092124.904813,upsert,0,64,Adaptive,1785562587857272681,0.0009293556213378906,True,,forwarded,,56
5410,2048,update,1785092124.905927,,1785092124.9049313,upsert,1,64,Adaptive,1785562587857272681,0.000995635986328125,True,,enqueued,,57
5410,2048,update,1785092124.9060943,,1785092124.9049807,upsert,2,64,Adaptive,1785562587857272681,0.0011136531829833984,False,,suppressed,duplicate_holder,58
5410,2048,update,1785092124.906225,,1785092124.9050198,upsert,3,64,Adaptive,1785562587857272681,0.0012052059173583984,False,,suppressed,duplicate_holder,59
5410,2048,update,1785092124.9063864,1785092124.9063864,1785092124.9049313,upsert,1,64,Adaptive,1785562587857272681,0.001455068588256836,True,,forwarded,,57
5410,2048,update,1785092129.352067,,1785092129.3515887,upsert,0,64,Adaptive,1610475058989402671,0.0004782676696777344,True,,enqueued,,60
5410,2048,update,1785092129.352521,1785092129.352521,1785092129.3515887,upsert,0,64,Adaptive,1610475058989402671,0.0009322166442871094,True,,forwarded,,60
5410,2048,update,1785092129.3526676,,1785092129.3518207,upsert,3,64,Adaptive,1610475058989402671,0.00084686279296875,True,,enqueued,,63
5410,2048,update,1785092129.3528602,,1785092129.3517544,upsert,2,64,Adaptive,1610475058989402671,0.0011057853698730469,False,,suppressed,duplicate_holder,62
5410,2048,update,1785092129.352986,,1785092129.3517065,upsert,1,64,Adaptive,1610475058989402671,0.001279592514038086,False,,suppressed,duplicate_holder,61
5410,2048,update,1785092129.353127,1785092129.353127,1785092129.3518207,upsert,3,64,Adaptive,1610475058989402671,0.001306295394897461,True,,forwarded,,63
5410,2048,update,1785092130.3696465,,1785092130.3692439,upsert,0,64,Adaptive,12613465747135452669,0.00040268898010253906,True,,enqueued,,64
5410,2048,update,1785092130.3700616,1785092130.3700616,1785092130.3692439,upsert,0,64,Adaptive,12613465747135452669,0.0008177757263183594,True,,forwarded,,64
5410,2048,update,1785092130.3702054,,1785092130.3694317,upsert,2,64,Adaptive,12613465747135452669,0.0007736682891845703,True,,enqueued,,67
5410,2048,update,1785092130.3703644,,1785092130.36935,upsert,1,64,Adaptive,15769623694692820738,0.0010144710540771484,True,,enqueued,,65
5410,2048,update,1785092130.3704956,,1785092130.36935,upsert,1,64,Adaptive,15769623694692820738,0.0011456012725830078,False,,suppressed,superseded,65
5410,2048,update,1785092130.3705761,,1785092130.3693953,upsert,1,64,Adaptive,15769623694692820738,0.001180887222290039,True,,enqueued,,66
5410,2048,update,1785092130.370734,1785092130.370734,1785092130.3694317,upsert,2,64,Adaptive,12613465747135452669,0.0013022422790527344,True,,forwarded,,67
5410,1024,update,1785092132.353751,,1785092132.3533523,upsert,0,64,Adaptive,9971321710674973507,0.0003986358642578125,False,,suppressed,low_utility,68
5410,2048,update,1785092132.3540957,,1785092132.3535018,upsert,2,64,Adaptive,12613465747135452669,0.0005939006805419922,True,,enqueued,,70
5410,2048,update,1785092132.3542745,,1785092132.3534517,upsert,3,64,Adaptive,4650049274038987083,0.0008227825164794922,True,,enqueued,,69
5410,4096,update,1785092132.3544168,,1785092132.353542,upsert,3,64,Adaptive,3163096543987652428,0.0008747577667236328,True,,enqueued,,71
5410,2048,update,1785092134.3087718,1785092134.3087718,1785092130.3693953,upsert,1,64,Adaptive,15769623694692820738,3.9393765926361084,True,,forwarded,,66
5410,2048,update,1785092137.7300022,1785092137.7300022,1785092132.3535018,upsert,2,64,Adaptive,12613465747135452669,5.376500368118286,True,,forwarded,,70
5410,2048,update,1785092137.7301512,1785092137.7301512,1785092132.3534517,upsert,3,64,Adaptive,4650049274038987083,5.376699447631836,True,,forwarded,,69
5410,4096,update,1785092142.8352408,1785092142.8352408,1785092132.353542,upsert,3,64,Adaptive,3163096543987652428,10.481698751449585,True,,forwarded,,71
5410,4096,update,1785092146.6193273,,1785092146.6188982,upsert,0,64,Adaptive,1187225797315579929,0.0004291534423828125,True,,enqueued,,72
5410,2048,update,1785092146.6195347,,1785092146.6190963,upsert,0,64,Adaptive,15769623694692820738,0.00043845176696777344,True,,enqueued,,75
5410,2048,update,1785092146.619925,,1785092146.6190546,upsert,1,64,Adaptive,15769623694692820738,0.0008704662322998047,True,,enqueued,,74
5410,2048,update,1785092146.6200979,,1785092146.6190047,upsert,2,64,Adaptive,12613465747135452669,0.001093149185180664,True,,enqueued,,73
5410,4096,update,1785092147.9931064,1785092147.9931064,1785092146.6188982,upsert,0,64,Adaptive,1187225797315579929,1.3742082118988037,True,,forwarded,,72
5410,1024,update,1785092148.10561,,1785092148.105286,upsert,3,64,Adaptive,3651397818491029696,0.00032401084899902344,False,,suppressed,low_utility,76
5410,2048,update,1785092148.1060019,,1785092146.6190963,upsert,0,64,Adaptive,15769623694692820738,1.486905574798584,False,,suppressed,superseded,75
5410,2048,update,1785092148.1061175,,1785092148.1053772,upsert,0,64,Adaptive,15769623694692820738,0.0007402896881103516,True,,enqueued,,77
5410,2048,update,1785092148.1062927,,1785092146.6190047,upsert,2,64,Adaptive,12613465747135452669,1.487287998199463,False,,suppressed,superseded,73
5410,2048,update,1785092148.106379,,1785092148.105426,upsert,2,64,Adaptive,12613465747135452669,0.0009529590606689453,True,,enqueued,,78
5410,2048,update,1785092148.1065278,,1785092146.6190546,upsert,1,64,Adaptive,15769623694692820738,1.4874732494354248,False,,suppressed,superseded,74
5410,2048,update,1785092148.106609,,1785092148.1054726,upsert,1,64,Adaptive,15769623694692820738,0.0011365413665771484,True,,enqueued,,79
5410,1024,update,1785092149.499588,,1785092149.4991608,upsert,2,64,Adaptive,9971321710674973507,0.00042724609375,False,,suppressed,low_utility,80
5410,4096,update,1785092149.4999988,,1785092149.4993184,upsert,3,64,Adaptive,3073007241776570211,0.0006804466247558594,True,,enqueued,,82
5410,2048,update,1785092149.500188,,1785092149.4992614,upsert,0,64,Adaptive,12613465747135452669,0.0009267330169677734,True,,enqueued,,81
5410,2048,update,1785092149.500343,,1785092148.1054726,upsert,1,64,Adaptive,15769623694692820738,1.3948705196380615,False,,suppressed,superseded,79
5410,2048,update,1785092149.5004318,,1785092149.4993613,upsert,1,64,Adaptive,15769623694692820738,0.0010704994201660156,True,,enqueued,,83
5410,2048,update,1785092153.387309,,1785092149.4993613,upsert,1,64,Adaptive,15769623694692820738,3.8879477977752686,False,,suppressed,superseded,83
5410,2048,update,1785092153.387451,,1785092153.3869262,upsert,1,64,Adaptive,15769623694692820738,0.0005247592926025391,True,,enqueued,,84
5410,2048,update,1785092153.3878663,,1785092148.1053772,upsert,0,64,Adaptive,15769623694692820738,5.282489061355591,False,,suppressed,superseded,77
5410,2048,update,1785092153.3879774,,1785092153.3870237,upsert,0,64,Adaptive,15769623694692820738,0.00095367431640625,True,,enqueued,,85
5410,2048,update,1785092153.3881578,,1785092153.3870733,upsert,2,64,Adaptive,18366711127789728831,0.0010845661163330078,True,,enqueued,,86
5410,2048,update,1785092153.3883138,,1785092153.387118,upsert,3,64,Adaptive,4650049274038987083,0.001195669174194336,True,,enqueued,,87
5410,2048,update,1785092153.3884454,,1785092153.3870733,upsert,2,64,Adaptive,18366711127789728831,0.0013720989227294922,False,,suppressed,low_utility,86
5410,2048,update,1785092154.8878536,1785092154.8878536,1785092148.105426,upsert,2,64,Adaptive,12613465747135452669,6.782427549362183,True,,forwarded,,78
5410,4096,update,1785092154.8880079,1785092154.8880079,1785092149.4993184,upsert,3,64,Adaptive,3073007241776570211,5.3886895179748535,True,,forwarded,,82
5410,1024,update,1785092155.6047301,,1785092155.6043527,upsert,1,64,Adaptive,17730309890119328358,0.00037741661071777344,False,,suppressed,low_utility,88
5410,2048,update,1785092155.6050262,,1785092153.3870237,upsert,0,64,Adaptive,15769623694692820738,2.2180025577545166,False,,suppressed,superseded,85
5410,2048,update,1785092155.6051316,,1785092155.604585,upsert,0,64,Adaptive,15769623694692820738,0.0005466938018798828,True,,enqueued,,89
5410,2048,update,1785092155.605398,,1785092153.3869262,upsert,1,64,Adaptive,15769623694692820738,2.2184717655181885,False,,suppressed,superseded,84
5410,2048,update,1785092155.6054912,,1785092155.6048784,upsert,1,64,Adaptive,15769623694692820738,0.0006127357482910156,True,,enqueued,,90
5410,2048,update,1785092155.605734,,1785092155.604585,upsert,0,64,Adaptive,15769623694692820738,0.0011491775512695312,False,,suppressed,superseded,89
5410,2048,update,1785092155.605841,,1785092155.6051023,upsert,0,64,Adaptive,15769623694692820738,0.0007386207580566406,True,,enqueued,,91
5410,4096,update,1785092157.649709,,1785092157.6493006,upsert,0,64,Adaptive,12523743054995375112,0.00040841102600097656,True,,enqueued,,92
5410,4096,update,1785092157.6500943,,1785092157.6497576,upsert,1,64,Adaptive,12523743054995375112,0.00033664703369140625,True,,enqueued,,93
5410,2048,update,1785092157.6503854,,1785092155.6048784,upsert,1,64,Adaptive,15769623694692820738,2.0455069541931152,False,,suppressed,superseded,90
5410,2048,update,1785092157.6504924,,1785092157.650143,upsert,1,64,Adaptive,15769623694692820738,0.0003495216369628906,True,,enqueued,,94
5410,2048,update,1785092157.6507711,,1785092157.6503537,upsert,2,64,Adaptive,12613465747135452669,0.00041747093200683594,True,,enqueued,,95
5410,2048,update,1785092159.027998,,1785092155.6051023,upsert,0,64,Adaptive,15769623694692820738,3.422895669937134,False,,suppressed,superseded,91
5410,2048,update,1785092159.0281487,,1785092159.027646,upsert,0,64,Adaptive,15769623694692820738,0.0005025863647460938,True,,enqueued,,96
5410,4096,update,1785092159.0284836,,1785092157.6497576,upsert,1,64,Adaptive,12523743054995375112,1.3787260055541992,False,,suppressed,superseded,93
5410,4096,update,1785092159.0285912,,1785092159.027983,upsert,1,64,Adaptive,12523743054995375112,0.0006082057952880859,True,,enqueued,,97
5410,2048,update,1785092159.028894,,1785092153.387118,upsert,3,64,Adaptive,4650049274038987083,5.641775846481323,False,,suppressed,superseded,87
5410,2048,update,1785092159.0289967,,1785092159.0283659,upsert,3,64,Adaptive,4650049274038987083,0.0006308555603027344,True,,enqueued,,98
5410,2048,update,1785092159.0291524,,1785092159.0283659,upsert,3,64,Adaptive,4650049274038987083,0.0007865428924560547,False,,suppressed,superseded,98
5410,2048,update,1785092159.0292306,,1785092159.02858,upsert,3,64,Adaptive,4650049274038987083,0.0006506443023681641,True,,enqueued,,99
5410,1024,update,1785092159.90174,,1785092159.9013238,upsert,0,64,Adaptive,9971321710674973507,0.0004162788391113281,False,,suppressed,low_utility,100
5410,2048,update,1785092159.902058,,1785092157.650143,upsert,1,64,Adaptive,15769623694692820738,2.2519149780273438,False,,suppressed,superseded,94
5410,2048,update,1785092159.9021845,,1785092159.9015665,upsert,1,64,Adaptive,15769623694692820738,0.00061798095703125,True,,enqueued,,101
5410,2048,update,1785092159.9024677,,1785092157.6503537,upsert,2,64,Adaptive,12613465747135452669,2.2521140575408936,False,,suppressed,superseded,95
5410,2048,update,1785092159.902569,,1785092159.9018314,upsert,2,64,Adaptive,12613465747135452669,0.0007376670837402344,True,,enqueued,,102
5410,2048,update,1785092159.902841,,1785092159.02858,upsert,3,64,Adaptive,4650049274038987083,0.8742611408233643,False,,suppressed,superseded,99
5410,2048,update,1785092159.9029355,,1785092159.9020472,upsert,3,64,Adaptive,4650049274038987083,0.0008883476257324219,True,,enqueued,,103
5410,4096,update,1785092161.3226402,,1785092157.6493006,upsert,0,64,Adaptive,12523743054995375112,3.673339605331421,False,,suppressed,superseded,92
5410,4096,update,1785092161.32284,,1785092161.3222318,upsert,0,64,Adaptive,12523743054995375112,0.0006082057952880859,True,,enqueued,,104
5410,2048,update,1785092161.3232303,,1785092159.9018314,upsert,2,64,Adaptive,12613465747135452669,1.4213988780975342,False,,suppressed,superseded,102
5410,2048,update,1785092161.3233366,,1785092161.3226886,upsert,2,64,Adaptive,12613465747135452669,0.0006480216979980469,True,,enqueued,,105
5410,2048,update,1785092161.3235188,,1785092159.9020472,upsert,3,64,Adaptive,4650049274038987083,1.4214715957641602,False,,suppressed,superseded,103
5410,2048,update,1785092161.323606,,1785092161.3229506,upsert,3,64,Adaptive,4650049274038987083,0.0006554126739501953,True,,enqueued,,106
5410,2048,update,1785092161.3238943,,1785092161.3226886,upsert,2,64,Adaptive,12613465747135452669,0.0012056827545166016,False,,suppressed,superseded,105
5410,2048,update,1785092161.323987,,1785092161.3231673,upsert,2,64,Adaptive,12613465747135452669,0.0008196830749511719,True,,enqueued,,107
5410,2048,update,1785092161.7298808,,1785092149.4992614,upsert,0,64,Adaptive,12613465747135452669,12.230619430541992,False,,suppressed,low_utility,81
5410,2048,update,1785092161.73003,1785092161.73003,1785092159.027646,upsert,0,64,Adaptive,15769623694692820738,2.7023839950561523,True,,forwarded,,96
5410,2048,update,1785092162.6818545,,1785092162.681461,upsert,0,64,Adaptive,4650049274038987083,0.0003933906555175781,True,,enqueued,,108
5410,2048,update,1785092162.6821632,,1785092159.9015665,upsert,1,64,Adaptive,15769623694692820738,2.7805967330932617,False,,suppressed,superseded,101
5410,2048,update,1785092162.6822674,,1785092162.68177,upsert,1,64,Adaptive,15769623694692820738,0.0004973411560058594,True,,enqueued,,109
5410,4096,update,1785092162.6824913,,1785092162.6820269,upsert,3,64,Adaptive,3163096543987652428,0.00046443939208984375,True,,enqueued,,110
5410,2048,update,1785092162.6826136,,1785092162.68177,upsert,1,64,Adaptive,15769623694692820738,0.0008435249328613281,False,,suppressed,low_utility,109
5410,2048,update,1785092162.6828184,,1785092162.6823819,upsert,1,64,Adaptive,15769623694692820738,0.00043654441833496094,True,,enqueued,,111
5410,2048,update,1785092162.682933,,1785092162.6823819,upsert,1,64,Adaptive,15769623694692820738,0.0005512237548828125,False,,suppressed,low_utility,111
5410,4096,update,1785092164.093309,,1785092164.092846,upsert,0,64,Adaptive,14108233664250482536,0.0004630088806152344,True,,enqueued,,112
5410,2048,update,1785092164.093495,,1785092161.3231673,upsert,2,64,Adaptive,12613465747135452669,2.770327568054199,False,,suppressed,low_utility,107
5410,2048,update,1785092164.0938268,,1785092164.0933065,upsert,2,64,Adaptive,12613465747135452669,0.0005202293395996094,True,,enqueued,,113
5410,2048,update,1785092164.0939584,,1785092164.0933065,upsert,2,64,Adaptive,12613465747135452669,0.0006518363952636719,False,,suppressed,low_utility,113
5410,1024,update,1785092164.0940733,,1785092164.0935369,upsert,3,64,Adaptive,12376960631178457983,0.0005364418029785156,False,,suppressed,low_utility,114
5410,2048,update,1785092164.0942566,,1785092164.093688,upsert,1,64,Adaptive,15769623694692820738,0.0005686283111572266,True,,enqueued,,115
5410,2048,update,1785092164.09437,,1785092164.093688,upsert,1,64,Adaptive,15769623694692820738,0.0006818771362304688,False,,suppressed,low_utility,115
5410,4096,update,1785092165.5569096,,1785092165.5564694,upsert,0,64,Adaptive,14774026810505956694,0.0004401206970214844,True,,enqueued,,116
5410,2048,update,1785092165.557102,,1785092161.3229506,upsert,3,64,Adaptive,4650049274038987083,4.234151363372803,False,,suppressed,low_utility,106
5410,2048,update,1785092165.5571847,,1785092162.681461,upsert,0,64,Adaptive,4650049274038987083,2.8757236003875732,False,,suppressed,low_utility,108
5410,2048,update,1785092165.5574834,,1785092165.5569565,upsert,2,64,Adaptive,12613465747135452669,0.0005269050598144531,True,,enqueued,,117
5410,2048,update,1785092165.5576065,,1785092165.5569565,upsert,2,64,Adaptive,12613465747135452669,0.0006499290466308594,False,,suppressed,low_utility,117
5410,4096,update,1785092165.5577168,,1785092165.5571918,upsert,3,64,Adaptive,5281956220402968541,0.0005249977111816406,True,,enqueued,,118
5410,4096,update,1785092165.5578275,,1785092165.5564694,upsert,0,64,Adaptive,14774026810505956694,0.0013580322265625,False,,suppressed,low_utility,116
5410,2048,update,1785092165.5580447,,1785092165.5575352,upsert,1,64,Adaptive,15769623694692820738,0.0005095005035400391,True,,enqueued,,119
5410,2048,update,1785092165.5581558,,1785092165.5575352,upsert,1,64,Adaptive,15769623694692820738,0.0006206035614013672,False,,suppressed,low_utility,119
5410,4096,update,1785092166.8877723,1785092166.8877723,1785092159.027983,upsert,1,64,Adaptive,12523743054995375112,7.8597893714904785,True,,forwarded,,97
5410,4096,update,1785092172.045736,1785092172.045736,1785092161.3222318,upsert,0,64,Adaptive,12523743054995375112,10.723504304885864,True,,forwarded,,104
5410,4096,update,1785092172.0459223,1785092172.0459223,1785092162.6820269,upsert,3,64,Adaptive,3163096543987652428,9.363895416259766,True,,forwarded,,110
5410,4096,update,1785092178.8879316,1785092178.8879316,1785092164.092846,upsert,0,64,Adaptive,14108233664250482536,14.795085668563843,True,,forwarded,,112
5410,1024,update,1785092179.2824137,,1785092179.2820554,upsert,0,64,Adaptive,2611989042377627166,0.00035834312438964844,False,,suppressed,low_utility,120
5410,4096,update,1785092179.2826731,,1785092179.2822957,upsert,2,64,Adaptive,1187225797315579929,0.00037741661071777344,True,,enqueued,,121
5410,2048,update,1785092179.2829561,,1785092179.282687,upsert,2,64,Adaptive,12613465747135452669,0.00026917457580566406,True,,enqueued,,122
5410,2048,update,1785092179.2831957,,1785092179.2829173,upsert,1,64,Adaptive,15769623694692820738,0.000278472900390625,True,,enqueued,,123
5410,4096,update,1785092184.0458684,1785092184.0458684,1785092165.5571918,upsert,3,64,Adaptive,5281956220402968541,18.48867654800415,True,,forwarded,,118
5410,4096,update,1785092189.2036483,1785092189.2036483,1785092179.2822957,upsert,2,64,Adaptive,1187225797315579929,9.921352624893188,True,,forwarded,,121
5410,2048,update,1785092189.2038186,,1785092179.282687,upsert,2,64,Adaptive,12613465747135452669,9.921131610870361,False,,suppressed,low_utility,122
5410,2048,update,1785092189.203911,,1785092179.2829173,upsert,1,64,Adaptive,15769623694692820738,9.92099380493164,False,,suppressed,low_utility,123
5410,1024,update,1785092192.5240936,,1785092192.523558,upsert,2,64,Adaptive,17846715708891391149,0.0005357265472412109,False,,suppressed,low_utility,124
5410,1024,update,1785092192.524392,,1785092192.5238464,upsert,1,64,Adaptive,17846715708891391149,0.000545501708984375,False,,suppressed,low_utility,125
5410,4096,update,1785092192.5246067,,1785092192.5240154,upsert,0,64,Adaptive,5794772519797049687,0.000591278076171875,True,,enqueued,,126
5410,4096,update,1785092192.5248668,1785092192.5248668,1785092192.5240154,upsert,0,64,Adaptive,5794772519797049687,0.0008513927459716797,True,,forwarded,,126
5410,4096,update,1785092192.5249949,,1785092192.5243893,upsert,3,64,Adaptive,13485819553775059313,0.0006055831909179688,True,,enqueued,,127
5410,4096,update,1785092196.0458896,1785092196.0458896,1785092192.5243893,upsert,3,64,Adaptive,13485819553775059313,3.5215003490448,True,,forwarded,,127
5410,2048,update,1785092196.736608,,1785092196.7362242,upsert,2,64,Adaptive,16959770370201147106,0.0003838539123535156,False,,suppressed,low_utility,128
5410,1024,update,1785092196.7369568,,1785092196.736529,upsert,3,64,Adaptive,6011659882065852394,0.0004277229309082031,False,,suppressed,low_utility,129
5410,2048,update,1785092196.737081,,1785092196.7366886,upsert,0,64,Adaptive,11821849661176330329,0.0003924369812011719,False,,suppressed,low_utility,130
5410,1024,update,1785092196.737291,,1785092196.7369184,upsert,1,64,Adaptive,17846715708891391149,0.0003726482391357422,False,,suppressed,low_utility,131
5410,2048,update,1785092200.785567,,1785092200.7851863,upsert,2,64,Adaptive,14333057367934485678,0.0003807544708251953,False,,suppressed,low_utility,132
5410,1024,update,1785092200.7858665,,1785092200.7854905,upsert,0,64,Adaptive,6878038652119793510,0.00037598609924316406,False,,suppressed,low_utility,133
5410,1024,update,1785092200.786077,,1785092200.78565,upsert,1,64,Adaptive,6878038652119793510,0.00042700767517089844,False,,suppressed,low_utility,134
5410,1024,update,1785092200.7862625,,1785092200.7858515,upsert,3,64,Adaptive,12169285934737722315,0.00041103363037109375,False,,suppressed,low_utility,135
5410,1024,update,1785092205.0219367,,1785092205.021468,upsert,2,64,Adaptive,17846715708891391149,0.0004687309265136719,False,,suppressed,low_utility,136
5410,2048,update,1785092205.0222278,,1785092205.0217032,upsert,1,64,Adaptive,11821849661176330329,0.0005245208740234375,False,,suppressed,low_utility,137
5410,2048,update,1785092205.02244,,1785092205.0219588,upsert,0,64,Adaptive,11821849661176330329,0.0004811286926269531,False,,suppressed,low_utility,138
5410,2048,update,1785092205.0226276,,1785092205.0221725,upsert,3,64,Adaptive,13844655051170110805,0.0004551410675048828,False,,suppressed,low_utility,139
5410,2048,update,1785092209.0664835,,1785092209.0661469,upsert,2,64,Adaptive,13844655051170110805,0.00033664703369140625,False,,suppressed,low_utility,140
5410,1024,update,1785092209.06674,,1785092209.0664582,upsert,3,64,Adaptive,11592361518825428217,0.0002818107604980469,False,,suppressed,low_utility,141
5410,1024,update,1785092209.06698,,1785092209.0666237,upsert,0,64,Adaptive,17846715708891391149,0.0003561973571777344,False,,suppressed,low_utility,142
5410,2048,update,1785092209.0671651,,1785092209.066768,upsert,1,64,Adaptive,13844655051170110805,0.0003972053527832031,False,,suppressed,low_utility,143
5410,4096,update,1785092221.760808,,1785092221.7602878,upsert,2,64,Adaptive,5058081196632299908,0.0005202293395996094,True,,enqueued,,144
5410,4096,update,1785092221.7611115,1785092221.7611115,1785092221.7602878,upsert,2,64,Adaptive,5058081196632299908,0.0008237361907958984,True,,forwarded,,144
5410,2048,update,1785092221.7613537,,1785092221.7608256,upsert,0,64,Adaptive,11821849661176330329,0.0005280971527099609,False,,suppressed,low_utility,145
5410,1024,update,1785092221.7615921,,1785092221.7610724,upsert,1,64,Adaptive,8795327467627576569,0.0005197525024414062,False,,suppressed,low_utility,146
5410,1024,update,1785092221.7616982,,1785092221.7612257,upsert,3,64,Adaptive,17846715708891391149,0.0004725456237792969,False,,suppressed,low_utility,147
5410,1024,update,1785092222.3516488,,1785092222.3512583,upsert,2,64,Adaptive,17846715708891391149,0.0003905296325683594,False,,suppressed,low_utility,148
5410,1024,update,1785092222.351994,,1785092222.3515246,upsert,1,64,Adaptive,17846715708891391149,0.00046944618225097656,False,,suppressed,low_utility,149
5410,1024,update,1785092222.3521175,,1785092222.351692,upsert,0,64,Adaptive,17846715708891391149,0.00042557716369628906,False,,suppressed,low_utility,150
5410,1024,update,1785092222.3522909,,1785092222.3518603,upsert,3,64,Adaptive,17846715708891391149,0.0004305839538574219,False,,suppressed,low_utility,151
5410,2048,update,1785092226.5137599,,1785092226.513264,upsert,2,64,Adaptive,11821849661176330329,0.00049591064453125,True,,enqueued,,152
5410,2048,update,1785092226.5141447,1785092226.5141447,1785092226.513264,upsert,2,64,Adaptive,11821849661176330329,0.0008807182312011719,True,,forwarded,,152
5410,1024,update,1785092226.5142863,,1785092226.5135508,upsert,3,64,Adaptive,17846715708891391149,0.0007355213165283203,False,,suppressed,low_utility,153
5410,2048,update,1785092226.5143933,,1785092226.513618,upsert,0,64,Adaptive,11821849661176330329,0.0007753372192382812,True,,enqueued,,154
5410,2048,update,1785092226.5146036,1785092226.5146036,1785092226.513618,upsert,0,64,Adaptive,11821849661176330329,0.0009856224060058594,True,,forwarded,,154
5410,1024,update,1785092226.5147164,,1785092226.5136957,upsert,1,64,Adaptive,17846715708891391149,0.001020669937133789,False,,suppressed,low_utility,155
5410,2048,update,1785092239.5157063,,1785092239.515338,upsert,2,64,Adaptive,14333057367934485678,0.00036835670471191406,True,,enqueued,,156
5410,2048,update,1785092239.5159009,1785092239.5159009,1785092239.515338,upsert,2,64,Adaptive,14333057367934485678,0.0005629062652587891,True,,forwarded,,156
5410,2048,update,1785092239.5160162,,1785092239.5156877,upsert,0,64,Adaptive,13844655051170110805,0.0003285408020019531,True,,enqueued,,157
5410,2048,update,1785092239.5160975,1785092239.5160975,1785092239.5156877,upsert,0,64,Adaptive,13844655051170110805,0.00040984153747558594,True,,forwarded,,157
5410,4096,update,1785092239.516184,,1785092239.515978,upsert,1,64,Adaptive,14718592730808615998,0.00020599365234375,True,,enqueued,,158
5410,4096,update,1785092239.5162456,1785092239.5162456,1785092239.515978,upsert,1,64,Adaptive,14718592730808615998,0.0002675056457519531,True,,forwarded,,158
5410,1024,update,1785092239.5165105,,1785092239.5163796,upsert,3,64,Adaptive,17846715708891391149,0.0001308917999267578,False,,suppressed,low_utility,159
5410,2048,update,1785092243.8310506,,1785092243.8306549,upsert,2,64,Adaptive,11821849661176330329,0.00039577484130859375,True,,enqueued,,160
5410,2048,update,1785092243.8313754,1785092243.8313754,1785092243.8306549,upsert,2,64,Adaptive,11821849661176330329,0.0007205009460449219,True,,forwarded,,160
5410,2048,update,1785092243.8315132,,1785092243.830819,upsert,3,64,Adaptive,14333057367934485678,0.00069427490234375,True,,enqueued,,161
5410,2048,update,1785092243.8318226,1785092243.8318226,1785092243.830819,upsert,3,64,Adaptive,14333057367934485678,0.0010037422180175781,True,,forwarded,,161
5410,1024,update,1785092243.8319507,,1785092243.830928,upsert,1,64,Adaptive,5080278736125677280,0.0010225772857666016,False,,suppressed,low_utility,162
5410,1024,update,1785092243.832044,,1785092243.8311212,upsert,0,64,Adaptive,17846715708891391149,0.0009226799011230469,False,,suppressed,low_utility,163
5410,4096,update,1785092256.3428771,,1785092256.3425515,upsert,3,64,Adaptive,12395577753972294123,0.0003256797790527344,True,,enqueued,,164
5410,4096,update,1785092256.3431106,1785092256.3431106,1785092256.3425515,upsert,3,64,Adaptive,12395577753972294123,0.0005590915679931641,True,,forwarded,,164
5410,2048,update,1785092256.3433557,,1785092256.343051,upsert,2,64,Adaptive,14333057367934485678,0.0003046989440917969,True,,enqueued,,165
5410,2048,update,1785092256.3435357,1785092256.3435357,1785092256.343051,upsert,2,64,Adaptive,14333057367934485678,0.00048470497131347656,True,,forwarded,,165
5410,1024,update,1785092256.3437397,,1785092256.3433268,upsert,0,64,Adaptive,17846715708891391149,0.00041294097900390625,False,,suppressed,low_utility,166
5410,1024,update,1785092256.3439388,,1785092256.343509,upsert,1,64,Adaptive,11084610101891187946,0.0004298686981201172,False,,suppressed,low_utility,167
5410,1024,update,1785092257.803371,,1785092257.8030035,upsert,0,64,Adaptive,17846715708891391149,0.0003674030303955078,False,,suppressed,low_utility,168
5410,1024,update,1785092257.8037124,,1785092257.8031163,upsert,3,64,Adaptive,5080278736125677280,0.0005960464477539062,False,,suppressed,low_utility,169
5410,1024,update,1785092257.8038735,,1785092257.8031862,upsert,1,64,Adaptive,17846715708891391149,0.0006873607635498047,False,,suppressed,low_utility,170
5410,1024,update,1785092257.803969,,1785092257.8032496,upsert,2,64,Adaptive,17846715708891391149,0.0007193088531494141,False,,suppressed,low_utility,171
5410,1024,update,1785092270.424729,,1785092270.4243624,upsert,0,64,Adaptive,17846715708891391149,0.0003666877746582031,False,,suppressed,low_utility,172
5410,1024,update,1785092270.4248948,,1785092270.424637,upsert,1,64,Adaptive,17846715708891391149,0.00025773048400878906,False,,suppressed,low_utility,173
5410,4096,update,1785092270.4250133,,1785092270.4248326,upsert,2,64,Adaptive,2791082597034988524,0.00018072128295898438,True,,enqueued,,174
5410,4096,update,1785092270.4251108,1785092270.4251108,1785092270.4248326,upsert,2,64,Adaptive,2791082597034988524,0.00027823448181152344,True,,forwarded,,174
5410,2048,update,1785092270.4253922,,1785092270.425257,upsert,0,64,Adaptive,11821849661176330329,0.00013518333435058594,True,,enqueued,,175
5410,2048,update,1785092270.4254553,1785092270.4254553,1785092270.425257,upsert,0,64,Adaptive,11821849661176330329,0.0001983642578125,True,,forwarded,,175
5410,2048,update,1785092274.5242934,,1785092274.52391,upsert,1,64,Adaptive,15924242497558048196,0.0003833770751953125,True,,enqueued,,176
5410,2048,update,1785092274.5245416,1785092274.5245416,1785092274.52391,upsert,1,64,Adaptive,15924242497558048196,0.0006315708160400391,True,,forwarded,,176
5410,1024,update,1785092274.524852,,1785092274.5242136,upsert,3,64,Adaptive,5810489706710392208,0.0006384849548339844,False,,suppressed,low_utility,177
5410,2048,update,1785092274.5249715,,1785092274.5243804,upsert,2,64,Adaptive,11821849661176330329,0.0005910396575927734,True,,enqueued,,178
5410,2048,update,1785092274.5251868,1785092274.5251868,1785092274.5243804,upsert,2,64,Adaptive,11821849661176330329,0.0008063316345214844,True,,forwarded,,178
5410,1024,update,1785092274.5253005,,1785092274.5246027,upsert,0,64,Adaptive,17846715708891391149,0.0006978511810302734,False,,suppressed,low_utility,179
5410,1024,update,1785092278.7300794,,1785092278.7297502,upsert,2,64,Adaptive,15507369539614680842,0.0003292560577392578,False,,suppressed,low_utility,180
5410,2048,update,1785092278.7303605,,1785092278.7300067,upsert,1,64,Adaptive,3610348553927340733,0.00035381317138671875,True,,enqueued,,181
5410,2048,update,1785092278.7306187,1785092278.7306187,1785092278.7300067,upsert,1,64,Adaptive,3610348553927340733,0.0006120204925537109,True,,forwarded,,181
5410,2048,update,1785092278.7307487,,1785092278.73024,upsert,0,64,Adaptive,7868677391643418442,0.0005085468292236328,True,,enqueued,,182
5410,2048,update,1785092278.731008,1785092278.731008,1785092278.73024,upsert,0,64,Adaptive,7868677391643418442,0.0007679462432861328,True,,forwarded,,182
5410,1024,update,1785092278.7311249,,1785092278.7304554,upsert,3,64,Adaptive,5080278736125677280,0.0006694793701171875,False,,suppressed,low_utility,183
