{
  "cell_id": "rich_rich_prefix_locality_ctx1024_s8_w12_c4_td200_f10_r2",
  "policy": "rich",
  "view": "rich",
  "workload": "prefix_locality",
  "ctx_tokens": 1024,
  "n_steps": 8,
  "n_workflows": 12,
  "concurrent": 4,
  "duration_s": 120,
  "rep": 2,
  "freq_hz": 10,
  "tool_delay_ms": 200,
  "n_state_updates": 475,
  "ttft_p50": 153.089595,
  "ttft_p95": 306.189652,
  "ttft_p99": 361.326572,
  "tpot_p50": 100.25918708333334,
  "tpot_p95": 149.70341045833334,
  "workflow_completion_p50": 21517.170128,
  "workflow_completion_p95": 23167.567778,
  "workflow_completion_p99": 23299.584025,
  "cache_hit_rate": 0.9786976777268039,
  "cache_hits_delta": 82560.0,
  "cache_queries_delta": 84357.0,
  "n_total_steps": 84,
  "cross_instance_switches": 84,
  "same_instance_step_ratio": 0.0,
  "n_total_workflows": 12,
  "n_successful_workflows": 12,
  "n_failed_requests": 0,
  "load_stdev": 0.9065394191032616,
  "state_size_avg": 2360.9255826271187,
  "state_size_p95": 5155,
  "state_size_max": 7899,
  "state_traffic_Bps": 188874.0466101695,
  "dispatch_decision_p50": 81.991,
  "dispatch_decision_p95": 127.906,
  "dispatch_decision_p99": 155.934
}