{
  "cell_id": "stress_n64_f10_vcoarse_r2",
  "n": 64,
  "f_hz": 10,
  "view": "coarse",
  "rep": 2,
  "duration_s": 60,
  "n_updates": 600,
  "target_f": 10,
  "achieved_f": 9.999997735024012,
  "size_p95": 376,
  "size_avg": 373.7695052083333,
  "target_traffic_MBps": 0.23921248333333334,
  "achieved_traffic_MBps": 0.23921242915228025,
  "ser_us_p95": 2.24,
  "deser_us_p95": 4.912,
  "merge_us_p95": 0.312,
  "total_us_p95": 8.196,
  "missed_deadline_rate": 2.2649759878756726e-07,
  "sustainable": true
}