{
  "cell_id": "oracle_oracle_prefix_locality_ctx1024_s4_w12_c4_td200_f10_r3",
  "policy": "oracle",
  "view": "oracle",
  "workload": "prefix_locality",
  "ctx_tokens": 1024,
  "n_steps": 4,
  "n_workflows": 12,
  "concurrent": 4,
  "duration_s": 120,
  "rep": 3,
  "freq_hz": 10,
  "tool_delay_ms": 200,
  "n_state_updates": 317,
  "ttft_p50": 217.771883,
  "ttft_p95": 374.035028,
  "ttft_p99": 449.496356,
  "tpot_p50": 130.72482383333332,
  "tpot_p95": 169.46154241666667,
  "workflow_completion_p50": 14718.531162,
  "workflow_completion_p95": 15302.366003,
  "workflow_completion_p99": 15459.392268,
  "cache_hit_rate": 0.9715649892452786,
  "cache_hits_delta": 41104.0,
  "cache_queries_delta": 42307.0,
  "n_total_steps": 36,
  "cross_instance_switches": 14,
  "same_instance_step_ratio": 0.6111111111111112,
  "n_total_workflows": 12,
  "n_successful_workflows": 12,
  "n_failed_requests": 0,
  "load_stdev": 0.9215788607238747,
  "state_size_avg": 2230.389195583596,
  "state_size_p95": 4975,
  "state_size_max": 5534,
  "state_traffic_Bps": 178431.1356466877,
  "dispatch_decision_p50": 53.506,
  "dispatch_decision_p95": 76.284,
  "dispatch_decision_p99": 82.662
}