{
  "cell_id": "stress_n4_f10_vcoarse_r2",
  "n": 4,
  "f_hz": 10,
  "view": "coarse",
  "rep": 2,
  "duration_s": 60,
  "n_updates": 600,
  "target_f": 10,
  "achieved_f": 9.999996781350218,
  "size_p95": 375,
  "size_avg": 372.94875,
  "target_traffic_MBps": 0.014917950000000001,
  "achieved_traffic_MBps": 0.014917945198434349,
  "ser_us_p95": 4.069,
  "deser_us_p95": 7.416,
  "merge_us_p95": 0.324,
  "total_us_p95": 12.777,
  "missed_deadline_rate": 3.2186497822550564e-07,
  "sustainable": true
}