{
  "cell_id": "n128_f1_vcoarse_r2",
  "n": 128,
  "f_hz": 1,
  "view": "coarse",
  "rep": 2,
  "duration_s": 20.0,
  "actual_elapsed_s": 20.01090097427368,
  "n_state_updates": 2560,
  "n_dispatch_queries": 3793,
  "n_deadline_missed": 0,
  "size": {
    "avg": 382.517578125,
    "p50": 383,
    "p95": 385,
    "p99": 386,
    "min": 377,
    "max": 388
  },
  "build_us_p95": 16.18,
  "ser_us_p95": 2.671,
  "deser_us_p95": 5.769,
  "merge_us_p95": 1.243,
  "total_us_p95": 26.961,
  "dispatch_latency_us_p50": 183.259,
  "dispatch_latency_us_p95": 200.177,
  "dispatch_latency_us_p99": 208.207
}