{
  "cell_id": "n256_f50.0_vsketch_r2",
  "n": 256,
  "f_hz": 50.0,
  "view": "sketch",
  "rep": 2,
  "duration_s": 30,
  "n_updates": 1004,
  "size_avg": 1132.965139442231,
  "size_p95": 1143,
  "size_p99": 1147,
  "size_max": 1153,
  "traffic_Bps": 14501953.784860557,
  "traffic_MBps": 14.501953784860557,
  "ser_us_p95": 4.173,
  "deser_us_p95": 8.805,
  "merge_us_p95": 29870.072,
  "total_us_p95": 29999.315,
  "dispatch_p50": 385.698,
  "dispatch_p95": 396.987,
  "dispatch_p99": 403.674,
  "dispatch_q_count": 89,
  "actual_elapsed_s": 30.502448081970215,
  "achieved_hz": 32.915390833611724
}