{
  "cell_id": "round-robin_chatbot_none_f1_r2",
  "policy": "round-robin",
  "workload": "chatbot",
  "view": "none",
  "freq_hz": 1,
  "rep": 2,
  "ctx_tokens": 512,
  "tool_delay_ms": 0,
  "n_workflows": 600,
  "n_steps": 1,
  "concurrent": 16,
  "duration_s": 75,
  "n_state_updates": 147,
  "state_size_avg": 358.8316326530612,
  "state_size_p95": 365,
  "state_size_max": 365,
  "state_traffic_Bps": 2870.6530612244896,
  "dispatch_decision_p50": 52.797000000000004,
  "dispatch_decision_p95": 71.227,
  "dispatch_decision_p99": 98.815,
  "dispatch_decision_p99_mean": 54.913063333333334,
  "ttft_p50": 124.738748,
  "ttft_p95": 401.371551,
  "ttft_p99": 572.420861,
  "request_latency_p95": 0,
  "workflow_completion_p50": 2961.526641,
  "workflow_completion_p95": 11243.814422,
  "workflow_completion_p99": 14601.484922,
  "cache_hits_delta": 133456.0,
  "cache_queries_delta": 142590.0,
  "cache_hit_rate": 0.9359422119363209,
  "same_instance_step_ratio": 0,
  "n_total_requests": 600,
  "n_failed_requests": 0,
  "load_stdev": 1.4279255988813246
}