{
  "cell_id": "n256_f50_vcoarse_r2",
  "n": 256,
  "f_hz": 50,
  "view": "coarse",
  "rep": 2,
  "duration_s": 20.0,
  "actual_elapsed_s": 20.23480772972107,
  "n_state_updates": 256000,
  "n_dispatch_queries": 2220,
  "n_deadline_missed": 0,
  "size": {
    "avg": 382.92420703125,
    "p50": 383,
    "p95": 385,
    "p99": 386,
    "min": 375,
    "max": 390
  },
  "build_us_p95": 16.166,
  "ser_us_p95": 2.413,
  "deser_us_p95": 5.51,
  "merge_us_p95": 1.2,
  "total_us_p95": 27.126,
  "dispatch_latency_us_p50": 436.717,
  "dispatch_latency_us_p95": 450.997,
  "dispatch_latency_us_p99": 456.677
}