{
  "cell_id": "stress_n256_f10_vsketch_r1",
  "n": 256,
  "f_hz": 10,
  "view": "sketch",
  "rep": 1,
  "duration_s": 60,
  "n_updates": 600,
  "target_f": 10,
  "achieved_f": 9.999996741613813,
  "size_p95": 896,
  "size_avg": 895.2729427083333,
  "target_traffic_MBps": 2.2918987333333334,
  "achieved_traffic_MBps": 2.291897986544216,
  "ser_us_p95": 6.903,
  "deser_us_p95": 15.245,
  "merge_us_p95": 0.341,
  "total_us_p95": 24.121,
  "missed_deadline_rate": 3.2583861864221575e-07,
  "sustainable": true
}