{
  "cell_id": "coarse_c4_r3_ok_f5",
  "policy": "coarse",
  "concurrent": 4,
  "rep": 3,
  "fail_mode": false,
  "freq_hz": 5,
  "duration_s": 30,
  "n_dispatch": 115,
  "n_success": 115,
  "n_fail": 0,
  "n_unreachable": 0,
  "success_rate": 1.0,
  "state_collect_avg_us": 136252.8613495935,
  "state_collect_p95_us": 157405.373,
  "state_collect_max_us": 166937.529,
  "state_collect_n": 123,
  "decision_avg_us": 209.97280869565216,
  "decision_p95_us": 326.126,
  "decision_p99_us": 368.043,
  "ttft_avg_us": 84187.62371304347,
  "ttft_p95_us": 118289.629,
  "same_inst_step_ratio": 0.13131313131313127,
  "load_stdev": 1.7122614804539007,
  "load_max": 5,
  "load_min": 0,
  "load_unreachable": 0
}