{
  "cell_id": "n64_f10_vcoarse_r1",
  "n": 64,
  "f_hz": 10,
  "view": "coarse",
  "rep": 1,
  "duration_s": 20.0,
  "actual_elapsed_s": 20.02049446105957,
  "n_state_updates": 12800,
  "n_dispatch_queries": 3800,
  "n_deadline_missed": 0,
  "size": {
    "avg": 382.1959375,
    "p50": 382,
    "p95": 384,
    "p99": 385,
    "min": 374,
    "max": 388
  },
  "build_us_p95": 16.817,
  "ser_us_p95": 3.049,
  "deser_us_p95": 6.039,
  "merge_us_p95": 1.254,
  "total_us_p95": 28.382,
  "dispatch_latency_us_p50": 86.478,
  "dispatch_latency_us_p95": 98.898,
  "dispatch_latency_us_p99": 103.057
}