{
  "cell_id": "rich_rich_chatbot_ctx512_s1_w100_c16_td0_f10_r3_notool_nolat",
  "policy": "rich",
  "view": "rich",
  "workload": "chatbot",
  "ctx_tokens": 512,
  "n_steps": 1,
  "n_workflows": 100,
  "concurrent": 16,
  "duration_s": 60,
  "rep": 3,
  "freq_hz": 10,
  "tool_delay_ms": 0,
  "n_state_updates": 147,
  "ttft_p50": 163.522692,
  "ttft_p95": 321.336465,
  "ttft_p99": 322.752954,
  "tpot_p50": 86.691063125,
  "tpot_p95": 187.03832196875,
  "workflow_completion_p50": 2421.737089,
  "workflow_completion_p95": 6288.315598,
  "workflow_completion_p99": 6289.258993,
  "cache_hit_rate": 0.7771165290842772,
  "cache_hits_delta": 8096.0,
  "cache_queries_delta": 10418.0,
  "n_total_steps": 0,
  "cross_instance_switches": 0,
  "same_instance_step_ratio": 1.0,
  "n_total_workflows": 100,
  "n_successful_workflows": 100,
  "n_failed_requests": 0,
  "load_stdev": 3.48954269487772,
  "state_size_avg": 5687.028911564626,
  "state_size_p95": 13193,
  "state_size_max": 20217,
  "state_traffic_Bps": 454962.31292517006,
  "dispatch_decision_p50": 75.077,
  "dispatch_decision_p95": 91.368,
  "dispatch_decision_p99": 113.705
}