{
  "cell_id": "oracle_oracle_prefix_locality_ctx1024_s8_w12_c4_td200_f10_r5",
  "policy": "oracle",
  "view": "oracle",
  "workload": "prefix_locality",
  "ctx_tokens": 1024,
  "n_steps": 8,
  "n_workflows": 12,
  "concurrent": 4,
  "duration_s": 120,
  "rep": 5,
  "freq_hz": 10,
  "tool_delay_ms": 200,
  "n_state_updates": 491,
  "ttft_p50": 151.691876,
  "ttft_p95": 284.301467,
  "ttft_p99": 439.892957,
  "tpot_p50": 91.323758625,
  "tpot_p95": 154.106921625,
  "workflow_completion_p50": 23172.513064,
  "workflow_completion_p95": 24928.434775,
  "workflow_completion_p99": 25059.478194,
  "cache_hit_rate": 0.969553818173229,
  "cache_hits_delta": 82096.0,
  "cache_queries_delta": 84674.0,
  "n_total_steps": 84,
  "cross_instance_switches": 19,
  "same_instance_step_ratio": 0.7738095238095238,
  "n_total_workflows": 12,
  "n_successful_workflows": 12,
  "n_failed_requests": 0,
  "load_stdev": 0.7085415764692738,
  "state_size_avg": 2524.933299389002,
  "state_size_p95": 4507,
  "state_size_max": 5659,
  "state_traffic_Bps": 201994.66395112016,
  "dispatch_decision_p50": 55.822,
  "dispatch_decision_p95": 79.14,
  "dispatch_decision_p99": 80.129
}