{
  "cell_id": "rich_chatbot_rich_f1_r1",
  "policy": "rich",
  "workload": "chatbot",
  "view": "rich",
  "freq_hz": 1,
  "rep": 1,
  "ctx_tokens": 512,
  "tool_delay_ms": 0,
  "n_workflows": 600,
  "n_steps": 1,
  "concurrent": 16,
  "duration_s": 75,
  "n_state_updates": 145,
  "state_size_avg": 14714.624137931034,
  "state_size_p95": 32678,
  "state_size_max": 44351,
  "state_traffic_Bps": 117716.99310344827,
  "dispatch_decision_p50": 59.468,
  "dispatch_decision_p95": 72.908,
  "dispatch_decision_p99": 89.59,
  "dispatch_decision_p99_mean": 58.90070166666667,
  "ttft_p50": 108.819692,
  "ttft_p95": 389.519797,
  "ttft_p99": 524.40618,
  "request_latency_p95": 0,
  "workflow_completion_p50": 2873.510022,
  "workflow_completion_p95": 10748.762868,
  "workflow_completion_p99": 19575.906718,
  "cache_hits_delta": 134352.0,
  "cache_queries_delta": 140477.0,
  "cache_hit_rate": 0.9563985563473024,
  "same_instance_step_ratio": 0,
  "n_total_requests": 600,
  "n_failed_requests": 0,
  "load_stdev": 2.3399086775439004
}