{
  "cell_id": "oracle_oracle_prefix_locality_ctx1024_s16_w12_c4_td200_f10_r2",
  "policy": "oracle",
  "view": "oracle",
  "workload": "prefix_locality",
  "ctx_tokens": 1024,
  "n_steps": 16,
  "n_workflows": 12,
  "concurrent": 4,
  "duration_s": 120,
  "rep": 2,
  "freq_hz": 10,
  "tool_delay_ms": 200,
  "n_state_updates": 984,
  "ttft_p50": 157.631534,
  "ttft_p95": 343.293263,
  "ttft_p99": 401.344081,
  "tpot_p50": 90.290504125,
  "tpot_p95": 152.73707879166668,
  "workflow_completion_p50": 41869.407335,
  "workflow_completion_p95": 50074.220587,
  "workflow_completion_p99": 52962.274338,
  "cache_hit_rate": 0.9485167644494711,
  "cache_hits_delta": 161024.0,
  "cache_queries_delta": 169764.0,
  "n_total_steps": 180,
  "cross_instance_switches": 29,
  "same_instance_step_ratio": 0.8388888888888889,
  "n_total_workflows": 12,
  "n_successful_workflows": 12,
  "n_failed_requests": 0,
  "load_stdev": 0.6816077635877812,
  "state_size_avg": 2802.6755589430895,
  "state_size_p95": 4848,
  "state_size_max": 5394,
  "state_traffic_Bps": 224214.04471544718,
  "dispatch_decision_p50": 53.345,
  "dispatch_decision_p95": 68.081,
  "dispatch_decision_p99": 76.228
}