{
  "cell_id": "coarse_coarse_prefix_locality_ctx1024_s8_w12_c4_td0_f10_r3",
  "policy": "coarse",
  "view": "coarse",
  "workload": "prefix_locality",
  "ctx_tokens": 1024,
  "n_steps": 8,
  "n_workflows": 12,
  "concurrent": 4,
  "duration_s": 120,
  "rep": 3,
  "freq_hz": 10,
  "tool_delay_ms": 0,
  "n_state_updates": 461,
  "ttft_p50": 155.840709,
  "ttft_p95": 327.962927,
  "ttft_p99": 432.941546,
  "tpot_p50": 98.27297895833334,
  "tpot_p95": 132.87424183333334,
  "workflow_completion_p50": 18922.359718,
  "workflow_completion_p95": 22848.248468,
  "workflow_completion_p99": 22892.236132,
  "cache_hit_rate": 0.9801484427714052,
  "cache_hits_delta": 82800.0,
  "cache_queries_delta": 84477.0,
  "n_total_steps": 84,
  "cross_instance_switches": 84,
  "same_instance_step_ratio": 0.0,
  "n_total_workflows": 12,
  "n_successful_workflows": 12,
  "n_failed_requests": 0,
  "load_stdev": 0.8636388222962793,
  "state_size_avg": 349.45715835141,
  "state_size_p95": 375,
  "state_size_max": 375,
  "state_traffic_Bps": 27956.5726681128,
  "dispatch_decision_p50": 68.393,
  "dispatch_decision_p95": 109.956,
  "dispatch_decision_p99": 113.102
}