{
  "cell_id": "oracle_oracle_prefix_locality_ctx1536_s8_w12_c4_td0_f10_r3",
  "policy": "oracle",
  "view": "oracle",
  "workload": "prefix_locality",
  "ctx_tokens": 1536,
  "n_steps": 8,
  "n_workflows": 12,
  "concurrent": 4,
  "duration_s": 120,
  "rep": 3,
  "freq_hz": 10,
  "tool_delay_ms": 0,
  "n_state_updates": 700,
  "ttft_p50": 213.849829,
  "ttft_p95": 471.094163,
  "ttft_p99": 542.806115,
  "tpot_p50": 136.51235954166665,
  "tpot_p95": 195.61335466666665,
  "workflow_completion_p50": 32596.529749,
  "workflow_completion_p95": 35177.002321,
  "workflow_completion_p99": 36797.643682,
  "cache_hit_rate": 0.9608826972031006,
  "cache_hits_delta": 117392.0,
  "cache_queries_delta": 122171.0,
  "n_total_steps": 84,
  "cross_instance_switches": 7,
  "same_instance_step_ratio": 0.9166666666666666,
  "n_total_workflows": 12,
  "n_successful_workflows": 12,
  "n_failed_requests": 0,
  "load_stdev": 0.615495905797417,
  "state_size_avg": 2556.5364285714286,
  "state_size_p95": 4417,
  "state_size_max": 4497,
  "state_traffic_Bps": 204522.91428571427,
  "dispatch_decision_p50": 55.162,
  "dispatch_decision_p95": 66.741,
  "dispatch_decision_p99": 71.919
}