{
  "cell_id": "rich_rich_prefix_locality_ctx1024_s16_w12_c4_td200_f10_r2",
  "policy": "rich",
  "view": "rich",
  "workload": "prefix_locality",
  "ctx_tokens": 1024,
  "n_steps": 16,
  "n_workflows": 12,
  "concurrent": 4,
  "duration_s": 120,
  "rep": 2,
  "freq_hz": 10,
  "tool_delay_ms": 200,
  "n_state_updates": 1000,
  "ttft_p50": 215.628822,
  "ttft_p95": 434.732456,
  "ttft_p99": 557.131747,
  "tpot_p50": 99.05236545833333,
  "tpot_p95": 139.46340420833334,
  "workflow_completion_p50": 46001.453908,
  "workflow_completion_p95": 46982.277523,
  "workflow_completion_p99": 47288.902632,
  "cache_hit_rate": 0.9368591727838212,
  "cache_hits_delta": 158896.0,
  "cache_queries_delta": 169605.0,
  "n_total_steps": 180,
  "cross_instance_switches": 180,
  "same_instance_step_ratio": 0.0,
  "n_total_workflows": 12,
  "n_successful_workflows": 12,
  "n_failed_requests": 0,
  "load_stdev": 0.9779348598186998,
  "state_size_avg": 2637.014625,
  "state_size_p95": 5594,
  "state_size_max": 7554,
  "state_traffic_Bps": 210961.16999999998,
  "dispatch_decision_p50": 81.568,
  "dispatch_decision_p95": 131.397,
  "dispatch_decision_p99": 133.612
}