{
  "cell_id": "rich_rich_chatbot_ctx512_s1_w100_c16_td0_f10_r2_nolat",
  "policy": "rich",
  "view": "rich",
  "workload": "chatbot",
  "ctx_tokens": 512,
  "n_steps": 1,
  "n_workflows": 100,
  "concurrent": 16,
  "duration_s": 60,
  "rep": 2,
  "freq_hz": 10,
  "tool_delay_ms": 0,
  "n_state_updates": 106,
  "ttft_p50": 115.050385,
  "ttft_p95": 330.769181,
  "ttft_p99": 332.9098,
  "tpot_p50": 59.48573828125,
  "tpot_p95": 175.714384,
  "workflow_completion_p50": 1840.511698,
  "workflow_completion_p95": 5959.400875,
  "workflow_completion_p99": 5960.012058,
  "cache_hit_rate": 0.8022969647251845,
  "cache_hits_delta": 7824.0,
  "cache_queries_delta": 9752.0,
  "n_total_steps": 0,
  "cross_instance_switches": 0,
  "same_instance_step_ratio": 1.0,
  "n_total_workflows": 100,
  "n_successful_workflows": 100,
  "n_failed_requests": 0,
  "load_stdev": 2.8711725152874292,
  "state_size_avg": 8675.495283018869,
  "state_size_p95": 17057,
  "state_size_max": 21688,
  "state_traffic_Bps": 694039.6226415095,
  "dispatch_decision_p50": 76.775,
  "dispatch_decision_p95": 123.253,
  "dispatch_decision_p99": 130.613
}