{
  "cell_id": "rich_agentic_rich_f10_r2",
  "policy": "rich",
  "workload": "agentic",
  "view": "rich",
  "freq_hz": 10,
  "rep": 2,
  "ctx_tokens": 512,
  "tool_delay_ms": 200,
  "n_workflows": 8,
  "n_steps": 8,
  "concurrent": 4,
  "duration_s": 75,
  "n_state_updates": 195,
  "state_size_avg": 927.998076923077,
  "state_size_p95": 2340,
  "state_size_max": 2468,
  "state_traffic_Bps": 74239.84615384616,
  "dispatch_decision_p50": 80.241,
  "dispatch_decision_p95": 99.772,
  "dispatch_decision_p99": 118.386,
  "dispatch_decision_p99_mean": 77.650234375,
  "ttft_p50": 88.46273,
  "ttft_p95": 252.093792,
  "ttft_p99": 318.500882,
  "request_latency_p95": 0,
  "workflow_completion_p50": 12373.690061,
  "workflow_completion_p95": 14520.780558,
  "workflow_completion_p99": 14520.780558,
  "cache_hits_delta": 5600.0,
  "cache_queries_delta": 9123.0,
  "cache_hit_rate": 0.6138331689137345,
  "same_instance_step_ratio": 0.3541666666666667,
  "n_total_requests": 64,
  "n_failed_requests": 0,
  "load_stdev": 0.7758221857893198
}