{
  "cell_id": "n128_f1_vrich_r1",
  "n": 128,
  "f_hz": 1,
  "view": "rich",
  "rep": 1,
  "duration_s": 20.0,
  "actual_elapsed_s": 20.164280891418457,
  "n_state_updates": 2560,
  "n_dispatch_queries": 3423,
  "n_deadline_missed": 0,
  "size": {
    "avg": 21109.25078125,
    "p50": 21109,
    "p95": 21166,
    "p99": 21186,
    "min": 21010,
    "max": 21213
  },
  "build_us_p95": 2018.183,
  "ser_us_p95": 69.114,
  "deser_us_p95": 293.486,
  "merge_us_p95": 62.851,
  "total_us_p95": 2438.922,
  "dispatch_latency_us_p50": 187.621,
  "dispatch_latency_us_p95": 211.201,
  "dispatch_latency_us_p99": 250.554
}