{
  "cell_id": "n4_f50.0_vrich_r1",
  "n": 4,
  "f_hz": 50.0,
  "view": "rich",
  "rep": 1,
  "duration_s": 30,
  "n_updates": 1500,
  "size_avg": 5337.105333333333,
  "size_p95": 5421,
  "size_p99": 5455,
  "size_max": 5499,
  "traffic_Bps": 1067421.0666666667,
  "traffic_MBps": 1.0674210666666666,
  "ser_us_p95": 24.16,
  "deser_us_p95": 77.552,
  "merge_us_p95": 1044.565,
  "total_us_p95": 1404.877,
  "dispatch_p50": 6.62,
  "dispatch_p95": 7.116,
  "dispatch_p99": 8.983,
  "dispatch_q_count": 97,
  "actual_elapsed_s": 30.502828121185303,
  "achieved_hz": 49.175768031758224
}