{
  "cell_id": "sketch_bursty_sketch_f10_r2",
  "policy": "sketch",
  "workload": "bursty",
  "view": "sketch",
  "freq_hz": 10,
  "rep": 2,
  "ctx_tokens": 512,
  "tool_delay_ms": 200,
  "n_workflows": 12,
  "n_steps": 8,
  "concurrent": 4,
  "duration_s": 180,
  "n_state_updates": 273,
  "state_size_avg": 357.6717032967033,
  "state_size_p95": 362,
  "state_size_max": 363,
  "state_traffic_Bps": 28613.736263736264,
  "dispatch_decision_p50": 65.715,
  "dispatch_decision_p95": 90.87700000000001,
  "dispatch_decision_p99": 96.75699999999999,
  "dispatch_decision_p99_mean": 59.080020833333336,
  "ttft_p50": 66.290348,
  "ttft_p95": 128.559121,
  "ttft_p99": 198.906947,
  "request_latency_p95": 0,
  "workflow_completion_p50": 11761.806269,
  "workflow_completion_p95": 13615.141991,
  "workflow_completion_p99": 14567.28763,
  "cache_hits_delta": 11600.0,
  "cache_queries_delta": 13404.0,
  "cache_hit_rate": 0.8654133094598627,
  "same_instance_step_ratio": 0.375,
  "n_total_requests": 96,
  "n_failed_requests": 0,
  "load_stdev": 0.7236639051186251
}