{
  "cell_id": "coarse_coarse_prefix_locality_ctx1536_s8_w12_c4_td0_f10_r3",
  "policy": "coarse",
  "view": "coarse",
  "workload": "prefix_locality",
  "ctx_tokens": 1536,
  "n_steps": 8,
  "n_workflows": 12,
  "concurrent": 4,
  "duration_s": 120,
  "rep": 3,
  "freq_hz": 10,
  "tool_delay_ms": 0,
  "n_state_updates": 612,
  "ttft_p50": 314.794961,
  "ttft_p95": 583.403561,
  "ttft_p99": 838.293108,
  "tpot_p50": 126.472313375,
  "tpot_p95": 178.35435345833332,
  "workflow_completion_p50": 27948.570197,
  "workflow_completion_p95": 28304.4333,
  "workflow_completion_p99": 28831.292396,
  "cache_hit_rate": 0.9467075389734931,
  "cache_hits_delta": 115504.0,
  "cache_queries_delta": 122006.0,
  "n_total_steps": 84,
  "cross_instance_switches": 84,
  "same_instance_step_ratio": 0.0,
  "n_total_workflows": 12,
  "n_successful_workflows": 12,
  "n_failed_requests": 0,
  "load_stdev": 1.0112549580806058,
  "state_size_avg": 348.09558823529414,
  "state_size_p95": 375,
  "state_size_max": 375,
  "state_traffic_Bps": 27847.64705882353,
  "dispatch_decision_p50": 68.225,
  "dispatch_decision_p95": 83.886,
  "dispatch_decision_p99": 98.283
}