cell,coverage_tokens,event,gateway_arrival_time,gateway_send_time,generation_time,op,owner,payload_bytes,policy,prefix_digest64,queue_age_s,selected,semantic_score,stage,suppression_reason,update_id
41245,2048,update,1785062763.8348913,,1785062763.8343406,upsert,0,64,RateFIFO,15769623694692820738,0.0005507469177246094,True,,enqueued,,0
41245,2048,update,1785062763.8353882,1785062763.8353882,1785062763.8343406,upsert,0,64,RateFIFO,15769623694692820738,0.0010476112365722656,True,,forwarded,,0
41245,2048,update,1785062763.8355486,,1785062763.83444,upsert,1,64,RateFIFO,15769623694692820738,0.0011086463928222656,False,,suppressed,rate_limit,1
41245,2048,update,1785062763.8356562,,1785062763.8345935,upsert,3,64,RateFIFO,15769623694692820738,0.001062631607055664,False,,suppressed,rate_limit,3
41245,2048,update,1785062763.8357465,,1785062763.8345244,upsert,2,64,RateFIFO,15769623694692820738,0.0012221336364746094,False,,suppressed,rate_limit,2
41245,2048,update,1785062767.7838671,,1785062767.783408,upsert,0,64,RateFIFO,12613465747135452669,0.0004591941833496094,True,,enqueued,,4
41245,2048,update,1785062767.784285,1785062767.784285,1785062767.783408,upsert,0,64,RateFIFO,12613465747135452669,0.0008771419525146484,True,,forwarded,,4
41245,2048,update,1785062767.7844338,,1785062767.7835853,upsert,3,64,RateFIFO,12613465747135452669,0.0008485317230224609,False,,suppressed,rate_limit,7
41245,2048,update,1785062767.784535,,1785062767.783549,upsert,2,64,RateFIFO,12613465747135452669,0.000985860824584961,False,,suppressed,rate_limit,6
41245,2048,update,1785062767.7846222,,1785062767.783505,upsert,1,64,RateFIFO,12613465747135452669,0.0011172294616699219,False,,suppressed,rate_limit,5
41245,1024,update,1785062769.128543,,1785062769.1280496,upsert,0,64,RateFIFO,12523743054995375112,0.0004932880401611328,False,,suppressed,rate_limit,8
41245,1024,update,1785062769.128957,,1785062769.1282332,upsert,3,64,RateFIFO,12523743054995375112,0.0007238388061523438,False,,suppressed,rate_limit,11
41245,1024,update,1785062769.1290874,,1785062769.1281483,upsert,1,64,RateFIFO,12523743054995375112,0.0009391307830810547,False,,suppressed,rate_limit,9
41245,1024,update,1785062769.1291869,,1785062769.1281955,upsert,2,64,RateFIFO,12523743054995375112,0.0009913444519042969,False,,suppressed,rate_limit,10
41245,1024,update,1785062770.5222483,,1785062770.5218635,upsert,0,64,RateFIFO,9971321710674973507,0.0003848075866699219,True,,enqueued,,12
41245,1024,update,1785062770.522659,1785062770.522659,1785062770.5218635,upsert,0,64,RateFIFO,9971321710674973507,0.0007956027984619141,True,,forwarded,,12
41245,1024,update,1785062770.5228252,,1785062770.5220466,upsert,3,64,RateFIFO,9971321710674973507,0.0007786750793457031,False,,suppressed,rate_limit,15
41245,1024,update,1785062770.5229282,,1785062770.5219622,upsert,1,64,RateFIFO,9971321710674973507,0.0009660720825195312,False,,suppressed,rate_limit,13
41245,1024,update,1785062770.5230136,,1785062770.5220096,upsert,2,64,RateFIFO,9971321710674973507,0.0010039806365966797,False,,suppressed,rate_limit,14
41245,4096,update,1785062782.5510046,,1785062782.5506618,upsert,0,64,RateFIFO,4650049274038987083,0.0003428459167480469,True,,enqueued,,16
41245,4096,update,1785062782.5512912,1785062782.5512912,1785062782.5506618,upsert,0,64,RateFIFO,4650049274038987083,0.000629425048828125,True,,forwarded,,16
41245,4096,update,1785062782.5513954,,1785062782.5507593,upsert,3,64,RateFIFO,4650049274038987083,0.0006361007690429688,False,,suppressed,rate_limit,19
41245,4096,update,1785062782.5514724,,1785062782.5507402,upsert,2,64,RateFIFO,4650049274038987083,0.0007321834564208984,False,,suppressed,rate_limit,18
41245,4096,update,1785062782.5515413,,1785062782.5507164,upsert,1,64,RateFIFO,4650049274038987083,0.0008249282836914062,False,,suppressed,rate_limit,17
41245,4096,update,1785062795.1567183,,1785062795.1562457,upsert,0,64,RateFIFO,3163096543987652428,0.0004725456237792969,True,,enqueued,,20
41245,4096,update,1785062795.1572418,1785062795.1572418,1785062795.1562457,upsert,0,64,RateFIFO,3163096543987652428,0.0009961128234863281,True,,forwarded,,20
41245,4096,update,1785062795.1574128,,1785062795.156436,upsert,3,64,RateFIFO,3163096543987652428,0.0009768009185791016,False,,suppressed,rate_limit,23
41245,4096,update,1785062795.1575484,,1785062795.156397,upsert,2,64,RateFIFO,3163096543987652428,0.0011513233184814453,False,,suppressed,rate_limit,22
41245,4096,update,1785062795.1576645,,1785062795.1563482,upsert,1,64,RateFIFO,3163096543987652428,0.0013163089752197266,False,,suppressed,rate_limit,21
41245,2048,update,1785062799.2270925,,1785062799.2265964,upsert,0,64,RateFIFO,10402019323283478844,0.0004961490631103516,True,,enqueued,,24
41245,2048,update,1785062799.227573,1785062799.227573,1785062799.2265964,upsert,0,64,RateFIFO,10402019323283478844,0.0009765625,True,,forwarded,,24
41245,2048,update,1785062799.227736,,1785062799.2267878,upsert,3,64,RateFIFO,10402019323283478844,0.0009481906890869141,False,,suppressed,rate_limit,27
41245,2048,update,1785062799.2278876,,1785062799.2267387,upsert,2,64,RateFIFO,10402019323283478844,0.0011489391326904297,False,,suppressed,rate_limit,26
41245,2048,update,1785062799.2280028,,1785062799.2266924,upsert,1,64,RateFIFO,10402019323283478844,0.0013103485107421875,False,,suppressed,rate_limit,25
41245,1024,update,1785062800.6190798,,1785062800.6186562,upsert,0,64,RateFIFO,14064140743279553366,0.00042366981506347656,False,,suppressed,rate_limit,28
41245,1024,update,1785062800.6194744,,1785062800.6188214,upsert,2,64,RateFIFO,14064140743279553366,0.0006530284881591797,False,,suppressed,rate_limit,30
41245,1024,update,1785062800.6196108,,1785062800.6187499,upsert,1,64,RateFIFO,14064140743279553366,0.0008609294891357422,False,,suppressed,rate_limit,29
41245,1024,update,1785062800.6197278,,1785062800.6188598,upsert,3,64,RateFIFO,14064140743279553366,0.0008680820465087891,False,,suppressed,rate_limit,31
41245,1024,update,1785062802.028015,,1785062802.0275145,upsert,0,64,RateFIFO,12376960631178457983,0.0005004405975341797,True,,enqueued,,32
41245,1024,update,1785062802.028473,1785062802.028473,1785062802.0275145,upsert,0,64,RateFIFO,12376960631178457983,0.0009584426879882812,True,,forwarded,,32
41245,1024,update,1785062802.0286272,,1785062802.0276508,upsert,2,64,RateFIFO,12376960631178457983,0.0009763240814208984,False,,suppressed,rate_limit,34
41245,1024,update,1785062802.0287294,,1785062802.0276883,upsert,3,64,RateFIFO,12376960631178457983,0.0010411739349365234,False,,suppressed,rate_limit,35
41245,1024,update,1785062802.0288377,,1785062802.0276072,upsert,1,64,RateFIFO,12376960631178457983,0.001230478286743164,False,,suppressed,rate_limit,33
41245,1024,update,1785062803.4336455,,1785062803.4332182,upsert,0,64,RateFIFO,947483498426156190,0.00042724609375,False,,suppressed,rate_limit,36
41245,1024,update,1785062803.434059,,1785062803.4333522,upsert,2,64,RateFIFO,947483498426156190,0.0007066726684570312,False,,suppressed,rate_limit,38
41245,1024,update,1785062803.4341977,,1785062803.4333072,upsert,1,64,RateFIFO,947483498426156190,0.0008904933929443359,False,,suppressed,rate_limit,37
41245,1024,update,1785062803.4343164,,1785062803.433388,upsert,3,64,RateFIFO,947483498426156190,0.0009284019470214844,False,,suppressed,rate_limit,39
41245,2048,update,1785062807.4231687,,1785062807.4226832,upsert,0,64,RateFIFO,3073007241776570211,0.00048542022705078125,True,,enqueued,,40
41245,2048,update,1785062807.4236593,1785062807.4236593,1785062807.4226832,upsert,0,64,RateFIFO,3073007241776570211,0.0009760856628417969,True,,forwarded,,40
41245,2048,update,1785062807.4238536,,1785062807.4228826,upsert,2,64,RateFIFO,3073007241776570211,0.0009710788726806641,False,,suppressed,rate_limit,42
41245,2048,update,1785062807.4239836,,1785062807.4228299,upsert,1,64,RateFIFO,3073007241776570211,0.001153707504272461,False,,suppressed,rate_limit,41
41245,2048,update,1785062807.4240952,,1785062807.4229217,upsert,3,64,RateFIFO,3073007241776570211,0.0011734962463378906,False,,suppressed,rate_limit,43
41245,4096,update,1785062820.0130775,,1785062820.012653,upsert,0,64,RateFIFO,14108233664250482536,0.00042438507080078125,True,,enqueued,,44
41245,4096,update,1785062820.013508,1785062820.013508,1785062820.012653,upsert,0,64,RateFIFO,14108233664250482536,0.0008549690246582031,True,,forwarded,,44
41245,4096,update,1785062820.0136611,,1785062820.012821,upsert,2,64,RateFIFO,14108233664250482536,0.0008401870727539062,False,,suppressed,rate_limit,46
41245,4096,update,1785062820.0137649,,1785062820.0127497,upsert,1,64,RateFIFO,14108233664250482536,0.0010151863098144531,False,,suppressed,rate_limit,45
41245,4096,update,1785062820.013884,,1785062820.0128593,upsert,3,64,RateFIFO,14108233664250482536,0.0010247230529785156,False,,suppressed,rate_limit,47
41245,2048,update,1785062823.9631078,,1785062823.9627159,upsert,0,64,RateFIFO,14774026810505956694,0.00039196014404296875,True,,enqueued,,48
41245,2048,update,1785062823.9633896,1785062823.9633896,1785062823.9627159,upsert,0,64,RateFIFO,14774026810505956694,0.0006737709045410156,True,,forwarded,,48
41245,2048,update,1785062823.9634755,,1785062823.9628918,upsert,2,64,RateFIFO,14774026810505956694,0.000583648681640625,False,,suppressed,rate_limit,50
41245,2048,update,1785062823.9635313,,1785062823.9629285,upsert,3,64,RateFIFO,14774026810505956694,0.00060272216796875,False,,suppressed,rate_limit,51
41245,2048,update,1785062823.9635818,,1785062823.9628384,upsert,1,64,RateFIFO,14774026810505956694,0.0007433891296386719,False,,suppressed,rate_limit,49
41245,2048,update,1785062828.0255625,,1785062828.025131,upsert,0,64,RateFIFO,5281956220402968541,0.0004315376281738281,True,,enqueued,,52
41245,2048,update,1785062828.0261233,1785062828.0261233,1785062828.025131,upsert,0,64,RateFIFO,5281956220402968541,0.0009922981262207031,True,,forwarded,,52
41245,2048,update,1785062828.0262878,,1785062828.025229,upsert,1,64,RateFIFO,5281956220402968541,0.001058816909790039,False,,suppressed,rate_limit,53
41245,2048,update,1785062828.0264268,,1785062828.0252764,upsert,2,64,RateFIFO,5281956220402968541,0.001150369644165039,False,,suppressed,rate_limit,54
41245,2048,update,1785062828.0265656,,1785062828.025315,upsert,3,64,RateFIFO,5281956220402968541,0.0012505054473876953,False,,suppressed,rate_limit,55
41245,4096,update,1785062840.9858518,,1785062840.985334,upsert,0,64,RateFIFO,1785562587857272681,0.0005178451538085938,True,,enqueued,,56
41245,4096,update,1785062840.9863331,1785062840.9863331,1785062840.985334,upsert,0,64,RateFIFO,1785562587857272681,0.0009992122650146484,True,,forwarded,,56
41245,4096,update,1785062840.9865067,,1785062840.9855258,upsert,3,64,RateFIFO,1785562587857272681,0.0009808540344238281,False,,suppressed,rate_limit,59
41245,4096,update,1785062840.986642,,1785062840.985488,upsert,2,64,RateFIFO,1785562587857272681,0.0011539459228515625,False,,suppressed,rate_limit,58
41245,4096,update,1785062840.9867566,,1785062840.9854403,upsert,1,64,RateFIFO,1785562587857272681,0.0013163089752197266,False,,suppressed,rate_limit,57
41245,2048,update,1785062844.9617267,,1785062844.9612885,upsert,0,64,RateFIFO,1610475058989402671,0.0004382133483886719,True,,enqueued,,60
41245,2048,update,1785062844.9622169,1785062844.9622169,1785062844.9612885,upsert,0,64,RateFIFO,1610475058989402671,0.0009284019470214844,True,,forwarded,,60
41245,2048,update,1785062844.96238,,1785062844.9614403,upsert,2,64,RateFIFO,1610475058989402671,0.0009396076202392578,False,,suppressed,rate_limit,62
41245,2048,update,1785062844.9625146,,1785062844.96139,upsert,1,64,RateFIFO,1610475058989402671,0.0011246204376220703,False,,suppressed,rate_limit,61
41245,2048,update,1785062844.9626298,,1785062844.9614785,upsert,3,64,RateFIFO,1610475058989402671,0.0011513233184814453,False,,suppressed,rate_limit,63
41245,4096,update,1785062857.4177225,,1785062857.417221,upsert,0,64,RateFIFO,13378001954599623759,0.0005013942718505859,True,,enqueued,,64
41245,4096,update,1785062857.4183242,1785062857.4183242,1785062857.417221,upsert,0,64,RateFIFO,13378001954599623759,0.0011031627655029297,True,,forwarded,,64
41245,4096,update,1785062857.4185033,,1785062857.4174013,upsert,3,64,RateFIFO,13378001954599623759,0.0011019706726074219,False,,suppressed,rate_limit,67
41245,4096,update,1785062857.4186122,,1785062857.417364,upsert,2,64,RateFIFO,13378001954599623759,0.0012483596801757812,False,,suppressed,rate_limit,66
41245,4096,update,1785062857.4187014,,1785062857.41732,upsert,1,64,RateFIFO,13378001954599623759,0.0013813972473144531,False,,suppressed,rate_limit,65
41245,2048,update,1785062861.4848151,,1785062861.48429,upsert,0,64,RateFIFO,155989354309277790,0.0005252361297607422,True,,enqueued,,68
41245,2048,update,1785062861.485387,1785062861.485387,1785062861.48429,upsert,0,64,RateFIFO,155989354309277790,0.0010972023010253906,True,,forwarded,,68
41245,2048,update,1785062861.4855464,,1785062861.4844863,upsert,3,64,RateFIFO,155989354309277790,0.0010600090026855469,False,,suppressed,rate_limit,71
41245,2048,update,1785062861.4856517,,1785062861.4844472,upsert,2,64,RateFIFO,155989354309277790,0.0012044906616210938,False,,suppressed,rate_limit,70
41245,2048,update,1785062861.4857392,,1785062861.484396,upsert,1,64,RateFIFO,155989354309277790,0.0013432502746582031,False,,suppressed,rate_limit,69
41245,2048,update,1785062865.3899186,,1785062865.3893955,upsert,0,64,RateFIFO,1187225797315579929,0.0005230903625488281,True,,enqueued,,72
41245,2048,update,1785062865.3904643,1785062865.3904643,1785062865.3893955,upsert,0,64,RateFIFO,1187225797315579929,0.0010688304901123047,True,,forwarded,,72
41245,2048,update,1785062865.3906248,,1785062865.389579,upsert,3,64,RateFIFO,1187225797315579929,0.0010457038879394531,False,,suppressed,rate_limit,75
41245,2048,update,1785062865.390731,,1785062865.3895419,upsert,2,64,RateFIFO,1187225797315579929,0.0011892318725585938,False,,suppressed,rate_limit,74
41245,2048,update,1785062865.3908362,,1785062865.3894956,upsert,1,64,RateFIFO,1187225797315579929,0.001340627670288086,False,,suppressed,rate_limit,73
41245,2048,update,1785062869.373131,,1785062869.3727474,upsert,0,64,RateFIFO,15960031488910374299,0.00038361549377441406,True,,enqueued,,76
41245,2048,update,1785062869.3734355,1785062869.3734355,1785062869.3727474,upsert,0,64,RateFIFO,15960031488910374299,0.0006880760192871094,True,,forwarded,,76
41245,2048,update,1785062869.3735092,,1785062869.3729103,upsert,2,64,RateFIFO,15960031488910374299,0.000598907470703125,False,,suppressed,rate_limit,78
41245,2048,update,1785062869.3735554,,1785062869.3728638,upsert,1,64,RateFIFO,15960031488910374299,0.0006916522979736328,False,,suppressed,rate_limit,77
41245,2048,update,1785062869.3735957,,1785062869.372949,upsert,3,64,RateFIFO,15960031488910374299,0.0006468296051025391,False,,suppressed,rate_limit,79
41245,4096,update,1785062882.106002,,1785062882.1054835,upsert,0,64,RateFIFO,4596497935095405733,0.0005185604095458984,True,,enqueued,,80
41245,4096,update,1785062882.1065528,1785062882.1065528,1785062882.1054835,upsert,0,64,RateFIFO,4596497935095405733,0.0010693073272705078,True,,forwarded,,80
41245,4096,update,1785062882.106713,,1785062882.1056683,upsert,3,64,RateFIFO,4596497935095405733,0.0010447502136230469,False,,suppressed,rate_limit,83
41245,4096,update,1785062882.1068366,,1785062882.1056306,upsert,2,64,RateFIFO,4596497935095405733,0.0012059211730957031,False,,suppressed,rate_limit,82
41245,4096,update,1785062882.1069257,,1785062882.1055837,upsert,1,64,RateFIFO,4596497935095405733,0.0013420581817626953,False,,suppressed,rate_limit,81
41245,2048,update,1785062886.0382638,,1785062886.037772,upsert,0,64,RateFIFO,13063325218966850298,0.0004918575286865234,True,,enqueued,,84
41245,2048,update,1785062886.0388837,1785062886.0388837,1785062886.037772,upsert,0,64,RateFIFO,13063325218966850298,0.001111745834350586,True,,forwarded,,84
41245,2048,update,1785062886.0390632,,1785062886.0379705,upsert,3,64,RateFIFO,13063325218966850298,0.001092672348022461,False,,suppressed,rate_limit,87
41245,2048,update,1785062886.0391948,,1785062886.0378819,upsert,1,64,RateFIFO,13063325218966850298,0.0013129711151123047,False,,suppressed,rate_limit,85
41245,2048,update,1785062886.0393093,,1785062886.0379305,upsert,2,64,RateFIFO,13063325218966850298,0.001378774642944336,False,,suppressed,rate_limit,86
41245,2048,update,1785062890.111248,,1785062890.1105757,upsert,0,64,RateFIFO,8862197794517271531,0.0006723403930664062,True,,enqueued,,88
41245,2048,update,1785062890.1118433,1785062890.1118433,1785062890.1105757,upsert,0,64,RateFIFO,8862197794517271531,0.0012676715850830078,True,,forwarded,,88
41245,2048,update,1785062890.1120234,,1785062890.1107514,upsert,3,64,RateFIFO,8862197794517271531,0.001271963119506836,False,,suppressed,rate_limit,91
41245,2048,update,1785062890.1121566,,1785062890.1107156,upsert,2,64,RateFIFO,8862197794517271531,0.0014410018920898438,False,,suppressed,rate_limit,90
41245,2048,update,1785062890.1122715,,1785062890.1106722,upsert,1,64,RateFIFO,8862197794517271531,0.0015993118286132812,False,,suppressed,rate_limit,89
41245,2048,update,1785062894.245583,,1785062894.2451565,upsert,0,64,RateFIFO,13367182244321225226,0.0004265308380126953,True,,enqueued,,92
41245,2048,update,1785062894.2461689,1785062894.2461689,1785062894.2451565,upsert,0,64,RateFIFO,13367182244321225226,0.0010123252868652344,True,,forwarded,,92
41245,2048,update,1785062894.2463307,,1785062894.2453382,upsert,3,64,RateFIFO,13367182244321225226,0.0009925365447998047,False,,suppressed,rate_limit,95
41245,2048,update,1785062894.246437,,1785062894.245253,upsert,1,64,RateFIFO,13367182244321225226,0.0011839866638183594,False,,suppressed,rate_limit,93
41245,2048,update,1785062894.2465272,,1785062894.2453,upsert,2,64,RateFIFO,13367182244321225226,0.0012271404266357422,False,,suppressed,rate_limit,94
41245,2048,update,1785062898.3838413,,1785062898.3834555,upsert,0,64,RateFIFO,17730309890119328358,0.0003857612609863281,True,,enqueued,,96
41245,2048,update,1785062898.3841417,1785062898.3841417,1785062898.3834555,upsert,0,64,RateFIFO,17730309890119328358,0.0006861686706542969,True,,forwarded,,96
41245,2048,update,1785062898.3842227,,1785062898.3836272,upsert,3,64,RateFIFO,17730309890119328358,0.0005955696105957031,False,,suppressed,rate_limit,99
41245,2048,update,1785062898.3842714,,1785062898.3835924,upsert,2,64,RateFIFO,17730309890119328358,0.00067901611328125,False,,suppressed,rate_limit,98
41245,2048,update,1785062898.384313,,1785062898.3835497,upsert,1,64,RateFIFO,17730309890119328358,0.0007634162902832031,False,,suppressed,rate_limit,97
41245,2048,update,1785062902.402276,,1785062902.4019608,upsert,0,64,RateFIFO,16342886595574764735,0.0003151893615722656,True,,enqueued,,100
41245,2048,update,1785062902.4025161,1785062902.4025161,1785062902.4019608,upsert,0,64,RateFIFO,16342886595574764735,0.0005552768707275391,True,,forwarded,,100
41245,2048,update,1785062902.4025776,,1785062902.4021084,upsert,2,64,RateFIFO,16342886595574764735,0.000469207763671875,False,,suppressed,rate_limit,102
41245,2048,update,1785062902.4026139,,1785062902.4020607,upsert,1,64,RateFIFO,16342886595574764735,0.000553131103515625,False,,suppressed,rate_limit,101
41245,2048,update,1785062902.4026458,,1785062902.4021473,upsert,3,64,RateFIFO,16342886595574764735,0.0004985332489013672,False,,suppressed,rate_limit,103
41245,2048,update,1785062906.457722,,1785062906.457362,upsert,0,64,RateFIFO,13143428811662154315,0.0003600120544433594,True,,enqueued,,104
41245,2048,update,1785062906.457953,1785062906.457953,1785062906.457362,upsert,0,64,RateFIFO,13143428811662154315,0.0005910396575927734,True,,forwarded,,104
41245,2048,update,1785062906.4580126,,1785062906.457536,upsert,2,64,RateFIFO,13143428811662154315,0.00047659873962402344,False,,suppressed,rate_limit,106
41245,2048,update,1785062906.45805,,1785062906.4574702,upsert,1,64,RateFIFO,13143428811662154315,0.000579833984375,False,,suppressed,rate_limit,105
41245,2048,update,1785062906.4581273,,1785062906.457595,upsert,3,64,RateFIFO,13143428811662154315,0.0005321502685546875,False,,suppressed,rate_limit,107
41245,4096,update,1785062919.342254,,1785062919.3419607,upsert,0,64,RateFIFO,5248254131891465233,0.0002932548522949219,True,,enqueued,,108
41245,4096,update,1785062919.3424711,1785062919.3424711,1785062919.3419607,upsert,0,64,RateFIFO,5248254131891465233,0.0005104541778564453,True,,forwarded,,108
41245,4096,update,1785062919.3425295,,1785062919.3420613,upsert,1,64,RateFIFO,5248254131891465233,0.00046825408935546875,False,,suppressed,rate_limit,109
41245,4096,update,1785062919.3425655,,1785062919.3421102,upsert,2,64,RateFIFO,5248254131891465233,0.0004553794860839844,False,,suppressed,rate_limit,110
41245,4096,update,1785062919.3425958,,1785062919.3421497,upsert,3,64,RateFIFO,5248254131891465233,0.00044608116149902344,False,,suppressed,rate_limit,111
41245,2048,update,1785062923.406891,,1785062923.4065268,upsert,0,64,RateFIFO,6602759660674530941,0.0003643035888671875,True,,enqueued,,112
41245,2048,update,1785062923.4071083,1785062923.4071083,1785062923.4065268,upsert,0,64,RateFIFO,6602759660674530941,0.0005815029144287109,True,,forwarded,,112
41245,2048,update,1785062923.4071696,,1785062923.4067087,upsert,3,64,RateFIFO,6602759660674530941,0.0004608631134033203,False,,suppressed,rate_limit,115
41245,2048,update,1785062923.4072056,,1785062923.4066699,upsert,2,64,RateFIFO,6602759660674530941,0.0005357265472412109,False,,suppressed,rate_limit,114
41245,2048,update,1785062923.4073966,,1785062923.4066212,upsert,1,64,RateFIFO,6602759660674530941,0.0007753372192382812,False,,suppressed,rate_limit,113
41245,2048,update,1785062927.3814929,,1785062927.3810208,upsert,0,64,RateFIFO,16374985302794130926,0.00047206878662109375,True,,enqueued,,116
41245,2048,update,1785062927.3820882,1785062927.3820882,1785062927.3810208,upsert,0,64,RateFIFO,16374985302794130926,0.0010673999786376953,True,,forwarded,,116
41245,2048,update,1785062927.382264,,1785062927.3812032,upsert,3,64,RateFIFO,16374985302794130926,0.0010607242584228516,False,,suppressed,rate_limit,119
41245,2048,update,1785062927.3824,,1785062927.3811657,upsert,2,64,RateFIFO,16374985302794130926,0.001234292984008789,False,,suppressed,rate_limit,118
41245,2048,update,1785062927.382518,,1785062927.3811195,upsert,1,64,RateFIFO,16374985302794130926,0.0013985633850097656,False,,suppressed,rate_limit,117
41245,2048,update,1785062931.330599,,1785062931.3301332,upsert,0,64,RateFIFO,11074190661555870271,0.0004658699035644531,True,,enqueued,,120
41245,2048,update,1785062931.3311946,1785062931.3311946,1785062931.3301332,upsert,0,64,RateFIFO,11074190661555870271,0.0010614395141601562,True,,forwarded,,120
41245,2048,update,1785062931.3313687,,1785062931.3303025,upsert,2,64,RateFIFO,11074190661555870271,0.0010662078857421875,False,,suppressed,rate_limit,122
41245,2048,update,1785062931.3315024,,1785062931.3302338,upsert,1,64,RateFIFO,11074190661555870271,0.001268625259399414,False,,suppressed,rate_limit,121
41245,2048,update,1785062931.331617,,1785062931.3303654,upsert,3,64,RateFIFO,11074190661555870271,0.0012516975402832031,False,,suppressed,rate_limit,123
41245,2048,update,1785062935.3255758,,1785062935.3251278,upsert,0,64,RateFIFO,12578487649826242535,0.00044798851013183594,True,,enqueued,,124
41245,2048,update,1785062935.3261514,1785062935.3261514,1785062935.3251278,upsert,0,64,RateFIFO,12578487649826242535,0.0010235309600830078,True,,forwarded,,124
41245,2048,update,1785062935.3263116,,1785062935.3252742,upsert,2,64,RateFIFO,12578487649826242535,0.0010373592376708984,False,,suppressed,rate_limit,126
41245,2048,update,1785062935.326418,,1785062935.3252265,upsert,1,64,RateFIFO,12578487649826242535,0.0011913776397705078,False,,suppressed,rate_limit,125
41245,2048,update,1785062935.3265057,,1785062935.325313,upsert,3,64,RateFIFO,12578487649826242535,0.0011925697326660156,False,,suppressed,rate_limit,127
41245,2048,update,1785062939.2966318,,1785062939.2961445,upsert,0,64,RateFIFO,9971467602450215698,0.00048732757568359375,True,,enqueued,,128
41245,2048,update,1785062939.2972345,1785062939.2972345,1785062939.2961445,upsert,0,64,RateFIFO,9971467602450215698,0.0010900497436523438,True,,forwarded,,128
41245,2048,update,1785062939.2974098,,1785062939.296326,upsert,3,64,RateFIFO,9971467602450215698,0.0010838508605957031,False,,suppressed,rate_limit,131
41245,2048,update,1785062939.2975743,,1785062939.296287,upsert,2,64,RateFIFO,9971467602450215698,0.001287221908569336,False,,suppressed,rate_limit,130
41245,2048,update,1785062939.2976968,,1785062939.2962406,upsert,1,64,RateFIFO,9971467602450215698,0.0014562606811523438,False,,suppressed,rate_limit,129
41245,2048,update,1785062943.239871,,1785062943.2393785,upsert,0,64,RateFIFO,16048794067380282208,0.0004925727844238281,True,,enqueued,,132
41245,2048,update,1785062943.2404423,1785062943.2404423,1785062943.2393785,upsert,0,64,RateFIFO,16048794067380282208,0.0010638236999511719,True,,forwarded,,132
41245,2048,update,1785062943.2406209,,1785062943.2395587,upsert,3,64,RateFIFO,16048794067380282208,0.001062154769897461,False,,suppressed,rate_limit,135
41245,2048,update,1785062943.240751,,1785062943.2395213,upsert,2,64,RateFIFO,16048794067380282208,0.0012297630310058594,False,,suppressed,rate_limit,134
41245,2048,update,1785062943.2408829,,1785062943.2394757,upsert,1,64,RateFIFO,16048794067380282208,0.0014071464538574219,False,,suppressed,rate_limit,133
41245,2048,update,1785062947.1395428,,1785062947.1391172,upsert,0,64,RateFIFO,17622982719236225751,0.00042557716369628906,True,,enqueued,,136
41245,2048,update,1785062947.1401498,1785062947.1401498,1785062947.1391172,upsert,0,64,RateFIFO,17622982719236225751,0.0010325908660888672,True,,forwarded,,136
41245,2048,update,1785062947.1403236,,1785062947.13929,upsert,3,64,RateFIFO,17622982719236225751,0.0010335445404052734,False,,suppressed,rate_limit,139
41245,2048,update,1785062947.1404767,,1785062947.1392536,upsert,2,64,RateFIFO,17622982719236225751,0.0012230873107910156,False,,suppressed,rate_limit,138
41245,2048,update,1785062947.1406102,,1785062947.1392093,upsert,1,64,RateFIFO,17622982719236225751,0.0014009475708007812,False,,suppressed,rate_limit,137
41245,1024,update,1785062948.514642,,1785062948.5141883,upsert,0,64,RateFIFO,2684601022077970021,0.00045371055603027344,False,,suppressed,rate_limit,140
41245,1024,update,1785062948.5151796,,1785062948.5143554,upsert,3,64,RateFIFO,2684601022077970021,0.0008242130279541016,False,,suppressed,rate_limit,143
41245,1024,update,1785062948.5153265,,1785062948.5143197,upsert,2,64,RateFIFO,2684601022077970021,0.0010068416595458984,False,,suppressed,rate_limit,142
41245,1024,update,1785062948.5154529,,1785062948.5142744,upsert,1,64,RateFIFO,2684601022077970021,0.0011785030364990234,False,,suppressed,rate_limit,141
41245,2048,update,1785062952.4986358,,1785062952.4981632,upsert,0,64,RateFIFO,16954395879792744941,0.0004725456237792969,True,,enqueued,,144
41245,2048,update,1785062952.4993489,1785062952.4993489,1785062952.4981632,upsert,0,64,RateFIFO,16954395879792744941,0.0011856555938720703,True,,forwarded,,144
41245,2048,update,1785062952.4995468,,1785062952.4983351,upsert,3,64,RateFIFO,16954395879792744941,0.0012116432189941406,False,,suppressed,rate_limit,147
41245,2048,update,1785062952.4996634,,1785062952.4982986,upsert,2,64,RateFIFO,16954395879792744941,0.0013647079467773438,False,,suppressed,rate_limit,146
41245,2048,update,1785062952.4997585,,1785062952.498255,upsert,1,64,RateFIFO,16954395879792744941,0.0015034675598144531,False,,suppressed,rate_limit,145
41245,2048,update,1785062956.4852736,,1785062956.4847715,upsert,0,64,RateFIFO,4132850298606047245,0.0005021095275878906,True,,enqueued,,148
41245,2048,update,1785062956.4858694,1785062956.4858694,1785062956.4847715,upsert,0,64,RateFIFO,4132850298606047245,0.0010979175567626953,True,,forwarded,,148
41245,2048,update,1785062956.4860327,,1785062956.4849687,upsert,3,64,RateFIFO,4132850298606047245,0.0010640621185302734,False,,suppressed,rate_limit,151
41245,2048,update,1785062956.4861414,,1785062956.4849308,upsert,2,64,RateFIFO,4132850298606047245,0.0012106895446777344,False,,suppressed,rate_limit,150
41245,2048,update,1785062956.4862318,,1785062956.484887,upsert,1,64,RateFIFO,4132850298606047245,0.001344919204711914,False,,suppressed,rate_limit,149
41245,2048,update,1785062960.4930387,,1785062960.4925327,upsert,0,64,RateFIFO,4141618429024808821,0.0005059242248535156,True,,enqueued,,152
41245,2048,update,1785062960.4935944,1785062960.4935944,1785062960.4925327,upsert,0,64,RateFIFO,4141618429024808821,0.0010616779327392578,True,,forwarded,,152
41245,2048,update,1785062960.4937534,,1785062960.4927049,upsert,3,64,RateFIFO,4141618429024808821,0.0010485649108886719,False,,suppressed,rate_limit,155
41245,2048,update,1785062960.4938798,,1785062960.4926226,upsert,1,64,RateFIFO,4141618429024808821,0.001257181167602539,False,,suppressed,rate_limit,153
41245,2048,update,1785062960.4939697,,1785062960.4926677,upsert,2,64,RateFIFO,4141618429024808821,0.0013020038604736328,False,,suppressed,rate_limit,154
41245,2048,update,1785062964.5595758,,1785062964.5591063,upsert,0,64,RateFIFO,7638769856617818995,0.00046944618225097656,True,,enqueued,,156
41245,2048,update,1785062964.5601897,1785062964.5601897,1785062964.5591063,upsert,0,64,RateFIFO,7638769856617818995,0.0010833740234375,True,,forwarded,,156
41245,2048,update,1785062964.5603673,,1785062964.5592752,upsert,3,64,RateFIFO,7638769856617818995,0.0010921955108642578,False,,suppressed,rate_limit,159
41245,2048,update,1785062964.5604997,,1785062964.5591936,upsert,1,64,RateFIFO,7638769856617818995,0.0013060569763183594,False,,suppressed,rate_limit,157
41245,2048,update,1785062964.5606182,,1785062964.5592387,upsert,2,64,RateFIFO,7638769856617818995,0.0013794898986816406,False,,suppressed,rate_limit,158
41245,2048,update,1785062968.3965783,,1785062968.3961267,upsert,0,64,RateFIFO,9940797030998834804,0.0004515647888183594,True,,enqueued,,160
41245,2048,update,1785062968.397194,1785062968.397194,1785062968.3961267,upsert,0,64,RateFIFO,9940797030998834804,0.0010671615600585938,True,,forwarded,,160
41245,2048,update,1785062968.397369,,1785062968.3962994,upsert,3,64,RateFIFO,9940797030998834804,0.0010695457458496094,False,,suppressed,rate_limit,163
41245,2048,update,1785062968.3975027,,1785062968.3962188,upsert,1,64,RateFIFO,9940797030998834804,0.001283884048461914,False,,suppressed,rate_limit,161
41245,2048,update,1785062968.3976166,,1785062968.3962626,upsert,2,64,RateFIFO,9940797030998834804,0.0013539791107177734,False,,suppressed,rate_limit,162
41245,2048,update,1785062972.3077652,,1785062972.3073034,upsert,0,64,RateFIFO,14361523986587977395,0.00046181678771972656,True,,enqueued,,164
41245,2048,update,1785062972.3083625,1785062972.3083625,1785062972.3073034,upsert,0,64,RateFIFO,14361523986587977395,0.0010590553283691406,True,,forwarded,,164
41245,2048,update,1785062972.308518,,1785062972.3074944,upsert,3,64,RateFIFO,14361523986587977395,0.0010235309600830078,False,,suppressed,rate_limit,167
41245,2048,update,1785062972.308622,,1785062972.3074553,upsert,2,64,RateFIFO,14361523986587977395,0.0011665821075439453,False,,suppressed,rate_limit,166
41245,2048,update,1785062972.3087106,,1785062972.3074045,upsert,1,64,RateFIFO,14361523986587977395,0.0013060569763183594,False,,suppressed,rate_limit,165
41245,2048,update,1785062976.393813,,1785062976.3933277,upsert,0,64,RateFIFO,14694726361257372,0.0004851818084716797,True,,enqueued,,168
41245,2048,update,1785062976.3943596,1785062976.3943596,1785062976.3933277,upsert,0,64,RateFIFO,14694726361257372,0.0010318756103515625,True,,forwarded,,168
41245,2048,update,1785062976.3945193,,1785062976.3934815,upsert,2,64,RateFIFO,14694726361257372,0.0010378360748291016,False,,suppressed,rate_limit,170
41245,2048,update,1785062976.394626,,1785062976.3934295,upsert,1,64,RateFIFO,14694726361257372,0.0011963844299316406,False,,suppressed,rate_limit,169
41245,2048,update,1785062976.3947153,,1785062976.3935246,upsert,3,64,RateFIFO,14694726361257372,0.0011906623840332031,False,,suppressed,rate_limit,171
41245,2048,update,1785062980.515609,,1785062980.515132,upsert,0,64,RateFIFO,9417075026054648240,0.00047707557678222656,True,,enqueued,,172
41245,2048,update,1785062980.51619,1785062980.51619,1785062980.515132,upsert,0,64,RateFIFO,9417075026054648240,0.0010581016540527344,True,,forwarded,,172
41245,2048,update,1785062980.5163522,,1785062980.5153105,upsert,3,64,RateFIFO,9417075026054648240,0.0010416507720947266,False,,suppressed,rate_limit,175
41245,2048,update,1785062980.516458,,1785062980.5152273,upsert,1,64,RateFIFO,9417075026054648240,0.0012307167053222656,False,,suppressed,rate_limit,173
41245,2048,update,1785062980.5165448,,1785062980.5152738,upsert,2,64,RateFIFO,9417075026054648240,0.0012710094451904297,False,,suppressed,rate_limit,174
41245,2048,update,1785062984.5234818,,1785062984.5230207,upsert,0,64,RateFIFO,7230541217248033124,0.0004611015319824219,True,,enqueued,,176
41245,2048,update,1785062984.5240905,1785062984.5240905,1785062984.5230207,upsert,0,64,RateFIFO,7230541217248033124,0.001069784164428711,True,,forwarded,,176
41245,2048,update,1785062984.5242493,,1785062984.5231977,upsert,3,64,RateFIFO,7230541217248033124,0.0010516643524169922,False,,suppressed,rate_limit,179
41245,2048,update,1785062984.5243526,,1785062984.5231605,upsert,2,64,RateFIFO,7230541217248033124,0.0011920928955078125,False,,suppressed,rate_limit,178
41245,2048,update,1785062984.5244403,,1785062984.5231156,upsert,1,64,RateFIFO,7230541217248033124,0.0013246536254882812,False,,suppressed,rate_limit,177
41245,2048,update,1785062988.6544483,,1785062988.6539958,upsert,0,64,RateFIFO,12426261210083601366,0.0004525184631347656,True,,enqueued,,180
41245,2048,update,1785062988.6550426,1785062988.6550426,1785062988.6539958,upsert,0,64,RateFIFO,12426261210083601366,0.001046895980834961,True,,forwarded,,180
41245,2048,update,1785062988.6552038,,1785062988.6541417,upsert,2,64,RateFIFO,12426261210083601366,0.001062154769897461,False,,suppressed,rate_limit,182
41245,2048,update,1785062988.6553104,,1785062988.6541817,upsert,3,64,RateFIFO,12426261210083601366,0.0011286735534667969,False,,suppressed,rate_limit,183
41245,2048,update,1785062988.6553981,,1785062988.6540937,upsert,1,64,RateFIFO,12426261210083601366,0.0013043880462646484,False,,suppressed,rate_limit,181
41245,4096,update,1785063001.4272122,,1785063001.426772,upsert,0,64,RateFIFO,18366711127789728831,0.0004401206970214844,True,,enqueued,,184
41245,0,update,1785063001.4273753,,1785063001.426892,tombstone,0,64,RateFIFO,15769623694692820738,0.0004832744598388672,False,,suppressed,rate_limit,185
41245,4096,update,1785063001.427765,1785063001.427765,1785063001.426772,upsert,0,64,RateFIFO,18366711127789728831,0.0009927749633789062,True,,forwarded,,184
41245,4096,update,1785063001.4279518,,1785063001.426947,upsert,1,64,RateFIFO,18366711127789728831,0.0010046958923339844,False,,suppressed,rate_limit,186
41245,0,update,1785063001.4280386,,1785063001.4269874,tombstone,1,64,RateFIFO,15769623694692820738,0.001051187515258789,False,,suppressed,rate_limit,187
41245,4096,update,1785063001.4281287,,1785063001.427028,upsert,2,64,RateFIFO,18366711127789728831,0.001100778579711914,False,,suppressed,rate_limit,188
41245,0,update,1785063001.4282017,,1785063001.4270625,tombstone,2,64,RateFIFO,15769623694692820738,0.0011391639709472656,False,,suppressed,rate_limit,189
41245,4096,update,1785063001.4284153,,1785063001.4270983,upsert,3,64,RateFIFO,18366711127789728831,0.0013170242309570312,False,,suppressed,rate_limit,190
41245,0,update,1785063001.4284966,,1785063001.4271324,tombstone,3,64,RateFIFO,15769623694692820738,0.0013642311096191406,False,,suppressed,rate_limit,191
41245,2048,update,1785063005.390718,,1785063005.3903687,upsert,0,64,RateFIFO,10435555625340500992,0.00034928321838378906,True,,enqueued,,192
41245,0,update,1785063005.3908262,,1785063005.3904624,tombstone,0,64,RateFIFO,12613465747135452669,0.0003638267517089844,False,,suppressed,rate_limit,193
41245,2048,update,1785063005.3909955,1785063005.3909955,1785063005.3903687,upsert,0,64,RateFIFO,10435555625340500992,0.0006268024444580078,True,,forwarded,,192
41245,2048,update,1785063005.391054,,1785063005.3905125,upsert,1,64,RateFIFO,10435555625340500992,0.0005414485931396484,False,,suppressed,rate_limit,194
41245,0,update,1785063005.3910837,,1785063005.3905494,tombstone,1,64,RateFIFO,12613465747135452669,0.0005342960357666016,False,,suppressed,rate_limit,195
41245,2048,update,1785063005.3911152,,1785063005.390589,upsert,2,64,RateFIFO,10435555625340500992,0.0005261898040771484,False,,suppressed,rate_limit,196
41245,0,update,1785063005.3911395,,1785063005.3906221,tombstone,2,64,RateFIFO,12613465747135452669,0.0005173683166503906,False,,suppressed,rate_limit,197
41245,2048,update,1785063005.3912137,,1785063005.3906562,upsert,3,64,RateFIFO,10435555625340500992,0.0005574226379394531,False,,suppressed,rate_limit,198
41245,0,update,1785063005.3912413,,1785063005.3906887,tombstone,3,64,RateFIFO,12613465747135452669,0.0005526542663574219,False,,suppressed,rate_limit,199
41245,1024,update,1785063010.0919893,,1785063010.0914836,upsert,0,64,RateFIFO,13982934541694442251,0.0005056858062744141,True,,enqueued,,200
41245,0,update,1785063010.0921547,,1785063010.0915823,tombstone,0,64,RateFIFO,12523743054995375112,0.0005724430084228516,False,,suppressed,rate_limit,201
41245,4096,update,1785063010.0922468,,1785063010.0916348,upsert,0,64,RateFIFO,13378001954599623759,0.0006120204925537109,False,,suppressed,rate_limit,202
41245,4096,update,1785063010.0923204,,1785063010.0916746,upsert,0,64,RateFIFO,5248254131891465233,0.0006458759307861328,False,,suppressed,rate_limit,203
41245,1024,update,1785063010.0925634,1785063010.0925634,1785063010.0914836,upsert,0,64,RateFIFO,13982934541694442251,0.0010797977447509766,True,,forwarded,,200
41245,4096,update,1785063010.0926836,,1785063010.091711,upsert,0,64,RateFIFO,1785562587857272681,0.0009725093841552734,False,,suppressed,rate_limit,204
41245,2048,update,1785063014.2785163,,1785063014.2781088,upsert,0,64,RateFIFO,15769623694692820738,0.0004074573516845703,True,,enqueued,,205
41245,0,update,1785063014.2786803,,1785063014.278199,tombstone,0,64,RateFIFO,9971321710674973507,0.0004813671112060547,False,,suppressed,rate_limit,206
41245,0,update,1785063014.278771,,1785063014.278238,tombstone,0,64,RateFIFO,4650049274038987083,0.0005328655242919922,False,,suppressed,rate_limit,207
41245,2048,update,1785063014.2788756,,1785063014.2782807,upsert,0,64,RateFIFO,15769623694692820738,0.0005948543548583984,False,,suppressed,rate_limit,208
41245,2048,update,1785063014.2789452,,1785063014.278317,upsert,0,64,RateFIFO,15769623694692820738,0.0006282329559326172,False,,suppressed,rate_limit,209
41245,2048,update,1785063014.2791963,1785063014.2791963,1785063014.2781088,upsert,0,64,RateFIFO,15769623694692820738,0.0010874271392822266,True,,forwarded,,205
41245,2048,update,1785063014.279317,,1785063014.2783525,upsert,0,64,RateFIFO,15769623694692820738,0.0009644031524658203,False,,suppressed,rate_limit,210
41245,2048,update,1785063016.6978476,,1785063016.6975148,upsert,0,64,RateFIFO,15769623694692820738,0.00033283233642578125,True,,enqueued,,211
41245,4096,update,1785063016.6979365,,1785063016.6976118,upsert,0,64,RateFIFO,3163096543987652428,0.0003247261047363281,False,,suppressed,rate_limit,212
41245,2048,update,1785063016.698073,1785063016.698073,1785063016.6975148,upsert,0,64,RateFIFO,15769623694692820738,0.0005581378936767578,True,,forwarded,,211
41245,1024,update,1785063016.6981263,,1785063016.697662,upsert,2,64,RateFIFO,6282787983175785235,0.0004642009735107422,False,,suppressed,rate_limit,213
41245,0,update,1785063016.6981544,,1785063016.6976988,tombstone,2,64,RateFIFO,12523743054995375112,0.00045561790466308594,False,,suppressed,rate_limit,214
41245,2048,update,1785063016.6982179,,1785063016.6977386,upsert,0,64,RateFIFO,15769623694692820738,0.0004792213439941406,False,,suppressed,rate_limit,215
41245,0,update,1785063016.7078047,,1785063016.7076428,tombstone,1,64,RateFIFO,12523743054995375112,0.00016188621520996094,False,,suppressed,rate_limit,216
41245,0,update,1785063016.707888,,1785063016.7077124,tombstone,1,64,RateFIFO,9971321710674973507,0.00017547607421875,False,,suppressed,rate_limit,217
41245,0,update,1785063016.7079196,,1785063016.707749,tombstone,1,64,RateFIFO,4650049274038987083,0.00017070770263671875,False,,suppressed,rate_limit,218
41245,0,update,1785063016.7079432,,1785063016.7077954,tombstone,1,64,RateFIFO,3163096543987652428,0.00014781951904296875,False,,suppressed,rate_limit,219
41245,0,update,1785063016.7080104,,1785063016.7078283,tombstone,1,64,RateFIFO,10402019323283478844,0.00018215179443359375,False,,suppressed,rate_limit,220
41245,0,update,1785063016.708038,,1785063016.7078629,tombstone,1,64,RateFIFO,14064140743279553366,0.00017523765563964844,False,,suppressed,rate_limit,221
41245,0,update,1785063016.7080598,,1785063016.7078924,tombstone,1,64,RateFIFO,12376960631178457983,0.00016736984252929688,False,,suppressed,rate_limit,222
41245,0,update,1785063016.7080815,,1785063016.7079208,tombstone,1,64,RateFIFO,947483498426156190,0.00016069412231445312,False,,suppressed,rate_limit,223
41245,0,update,1785063016.7081482,,1785063016.707956,tombstone,1,64,RateFIFO,3073007241776570211,0.00019216537475585938,False,,suppressed,rate_limit,224
41245,0,update,1785063016.7081754,,1785063016.7079854,tombstone,1,64,RateFIFO,14108233664250482536,0.0001900196075439453,False,,suppressed,rate_limit,225
41245,0,update,1785063016.7081969,,1785063016.7080138,tombstone,1,64,RateFIFO,14774026810505956694,0.00018310546875,False,,suppressed,rate_limit,226
41245,0,update,1785063016.7082186,,1785063016.708042,tombstone,1,64,RateFIFO,5281956220402968541,0.0001766681671142578,False,,suppressed,rate_limit,227
41245,0,update,1785063016.708242,,1785063016.7080698,tombstone,1,64,RateFIFO,1785562587857272681,0.00017213821411132812,False,,suppressed,rate_limit,228
41245,0,update,1785063016.7083151,,1785063016.7080984,tombstone,1,64,RateFIFO,1610475058989402671,0.0002167224884033203,False,,suppressed,rate_limit,229
41245,0,update,1785063016.7083445,,1785063016.7081265,tombstone,1,64,RateFIFO,13378001954599623759,0.00021791458129882812,False,,suppressed,rate_limit,230
41245,0,update,1785063016.708366,,1785063016.7081552,tombstone,1,64,RateFIFO,155989354309277790,0.00021076202392578125,False,,suppressed,rate_limit,231
41245,0,update,1785063016.708388,,1785063016.7081852,tombstone,1,64,RateFIFO,1187225797315579929,0.0002028942108154297,False,,suppressed,rate_limit,232
41245,0,update,1785063016.708461,,1785063016.7082117,tombstone,1,64,RateFIFO,15960031488910374299,0.0002493858337402344,False,,suppressed,rate_limit,233
41245,0,update,1785063016.7084882,,1785063016.7082329,tombstone,1,64,RateFIFO,4596497935095405733,0.00025534629821777344,False,,suppressed,rate_limit,234
41245,0,update,1785063016.7085097,,1785063016.708254,tombstone,1,64,RateFIFO,13063325218966850298,0.000255584716796875,False,,suppressed,rate_limit,235
41245,0,update,1785063016.7085316,,1785063016.7082808,tombstone,1,64,RateFIFO,8862197794517271531,0.00025081634521484375,False,,suppressed,rate_limit,236
41245,0,update,1785063016.7085533,,1785063016.708308,tombstone,1,64,RateFIFO,13367182244321225226,0.0002453327178955078,False,,suppressed,rate_limit,237
41245,0,update,1785063016.7085748,,1785063016.7083316,tombstone,1,64,RateFIFO,17730309890119328358,0.00024318695068359375,False,,suppressed,rate_limit,238
41245,0,update,1785063016.708595,,1785063016.7083557,tombstone,1,64,RateFIFO,16342886595574764735,0.00023937225341796875,False,,suppressed,rate_limit,239
41245,0,update,1785063016.708662,,1785063016.7083805,tombstone,1,64,RateFIFO,13143428811662154315,0.0002815723419189453,False,,suppressed,rate_limit,240
41245,0,update,1785063016.7086887,,1785063016.708404,tombstone,1,64,RateFIFO,5248254131891465233,0.0002846717834472656,False,,suppressed,rate_limit,241
41245,0,update,1785063016.7087097,,1785063016.7084274,tombstone,1,64,RateFIFO,6602759660674530941,0.00028228759765625,False,,suppressed,rate_limit,242
41245,0,update,1785063016.7087312,,1785063016.708452,tombstone,1,64,RateFIFO,16374985302794130926,0.0002791881561279297,False,,suppressed,rate_limit,243
41245,0,update,1785063016.7087524,,1785063016.7084749,tombstone,1,64,RateFIFO,11074190661555870271,0.00027751922607421875,False,,suppressed,rate_limit,244
41245,0,update,1785063016.7087796,,1785063016.7085,tombstone,1,64,RateFIFO,12578487649826242535,0.0002796649932861328,False,,suppressed,rate_limit,245
41245,0,update,1785063016.7088017,,1785063016.7085235,tombstone,1,64,RateFIFO,9971467602450215698,0.00027823448181152344,False,,suppressed,rate_limit,246
41245,0,update,1785063016.7088218,,1785063016.7085469,tombstone,1,64,RateFIFO,16048794067380282208,0.00027489662170410156,False,,suppressed,rate_limit,247
41245,0,update,1785063016.7088428,,1785063016.7085712,tombstone,1,64,RateFIFO,17622982719236225751,0.0002715587615966797,False,,suppressed,rate_limit,248
41245,0,update,1785063016.708913,,1785063016.708596,tombstone,1,64,RateFIFO,2684601022077970021,0.0003170967102050781,False,,suppressed,rate_limit,249
41245,0,update,1785063016.70894,,1785063016.7086205,tombstone,1,64,RateFIFO,16954395879792744941,0.00031948089599609375,False,,suppressed,rate_limit,250
41245,0,update,1785063016.708961,,1785063016.708644,tombstone,1,64,RateFIFO,4132850298606047245,0.0003170967102050781,False,,suppressed,rate_limit,251
41245,0,update,1785063016.7089822,,1785063016.7086625,tombstone,1,64,RateFIFO,4141618429024808821,0.0003197193145751953,False,,suppressed,rate_limit,252
41245,0,update,1785063016.7090034,,1785063016.708682,tombstone,1,64,RateFIFO,7638769856617818995,0.00032138824462890625,False,,suppressed,rate_limit,253
41245,0,update,1785063016.7090256,,1785063016.708706,tombstone,1,64,RateFIFO,9940797030998834804,0.0003197193145751953,False,,suppressed,rate_limit,254
41245,0,update,1785063016.7090461,,1785063016.708731,tombstone,1,64,RateFIFO,14361523986587977395,0.0003151893615722656,False,,suppressed,rate_limit,255
41245,0,update,1785063016.709067,,1785063016.7087553,tombstone,1,64,RateFIFO,14694726361257372,0.00031185150146484375,False,,suppressed,rate_limit,256
41245,0,update,1785063016.7090893,,1785063016.7087886,tombstone,1,64,RateFIFO,9417075026054648240,0.0003006458282470703,False,,suppressed,rate_limit,257
41245,0,update,1785063016.7091107,,1785063016.70881,tombstone,1,64,RateFIFO,7230541217248033124,0.0003006458282470703,False,,suppressed,rate_limit,258
41245,0,update,1785063016.7091763,,1785063016.7088296,tombstone,1,64,RateFIFO,12426261210083601366,0.0003466606140136719,False,,suppressed,rate_limit,259
41245,0,update,1785063016.7092037,,1785063016.7088518,tombstone,1,64,RateFIFO,18366711127789728831,0.00035190582275390625,False,,suppressed,rate_limit,260
41245,0,update,1785063016.7092242,,1785063016.7088702,tombstone,1,64,RateFIFO,10435555625340500992,0.0003540515899658203,False,,suppressed,rate_limit,261
41245,1024,update,1785063019.430994,,1785063019.4306695,upsert,0,64,RateFIFO,9971321710674973507,0.00032448768615722656,True,,enqueued,,262
41245,4096,update,1785063019.4310763,,1785063019.430769,upsert,0,64,RateFIFO,18366711127789728831,0.00030732154846191406,False,,suppressed,rate_limit,263
41245,1024,update,1785063019.4311707,1785063019.4311707,1785063019.4306695,upsert,0,64,RateFIFO,9971321710674973507,0.0005011558532714844,True,,forwarded,,262
41245,1024,update,1785063019.4313111,,1785063019.4308858,upsert,2,64,RateFIFO,12523743054995375112,0.0004253387451171875,False,,suppressed,rate_limit,265
41245,0,update,1785063019.4313464,,1785063019.4309204,tombstone,2,64,RateFIFO,9971321710674973507,0.0004260540008544922,False,,suppressed,rate_limit,266
41245,1024,update,1785063019.4313781,,1785063019.4308393,upsert,3,64,RateFIFO,12523743054995375112,0.0005388259887695312,False,,suppressed,rate_limit,264
41245,1024,update,1785063020.8566227,,1785063020.8562875,upsert,0,64,RateFIFO,947483498426156190,0.0003352165222167969,False,,suppressed,rate_limit,267
41245,2048,update,1785063020.8567467,,1785063020.8563824,upsert,0,64,RateFIFO,15769623694692820738,0.0003643035888671875,False,,suppressed,rate_limit,268
41245,2048,update,1785063020.8568559,,1785063020.8564239,upsert,0,64,RateFIFO,15769623694692820738,0.00043201446533203125,False,,suppressed,rate_limit,269
41245,2048,update,1785063020.856929,,1785063020.8564594,upsert,0,64,RateFIFO,15769623694692820738,0.0004696846008300781,False,,suppressed,rate_limit,270
41245,2048,update,1785063026.2576714,,1785063026.2572405,upsert,0,64,RateFIFO,15769623694692820738,0.00043082237243652344,True,,enqueued,,271
41245,2048,update,1785063026.2578723,,1785063026.2573333,upsert,0,64,RateFIFO,12613465747135452669,0.0005390644073486328,False,,suppressed,rate_limit,272
41245,2048,update,1785063026.2579663,,1785063026.2574189,upsert,0,64,RateFIFO,15769623694692820738,0.0005474090576171875,False,,suppressed,rate_limit,274
41245,2048,update,1785063026.25827,1785063026.25827,1785063026.2572405,upsert,0,64,RateFIFO,15769623694692820738,0.0010294914245605469,True,,forwarded,,271
41245,1024,update,1785063026.2584014,,1785063026.2573776,upsert,1,64,RateFIFO,12523743054995375112,0.0010237693786621094,False,,suppressed,rate_limit,273
41245,0,update,1785063026.2695434,,1785063026.2693293,tombstone,2,64,RateFIFO,4650049274038987083,0.00021409988403320312,False,,suppressed,rate_limit,275
41245,0,update,1785063026.2695997,,1785063026.2693942,tombstone,2,64,RateFIFO,3163096543987652428,0.00020551681518554688,False,,suppressed,rate_limit,276
41245,0,update,1785063026.2696276,,1785063026.2694285,tombstone,2,64,RateFIFO,10402019323283478844,0.0001990795135498047,False,,suppressed,rate_limit,277
41245,0,update,1785063026.269714,,1785063026.2694588,tombstone,2,64,RateFIFO,14064140743279553366,0.00025534629821777344,False,,suppressed,rate_limit,278
41245,0,update,1785063026.2697444,,1785063026.269487,tombstone,2,64,RateFIFO,12376960631178457983,0.0002574920654296875,False,,suppressed,rate_limit,279
41245,0,update,1785063026.2697673,,1785063026.269515,tombstone,2,64,RateFIFO,947483498426156190,0.0002522468566894531,False,,suppressed,rate_limit,280
41245,0,update,1785063026.2697988,,1785063026.2695427,tombstone,2,64,RateFIFO,3073007241776570211,0.0002560615539550781,False,,suppressed,rate_limit,281
41245,0,update,1785063026.2698216,,1785063026.269571,tombstone,2,64,RateFIFO,14108233664250482536,0.0002505779266357422,False,,suppressed,rate_limit,282
41245,0,update,1785063026.269846,,1785063026.269601,tombstone,2,64,RateFIFO,14774026810505956694,0.0002448558807373047,False,,suppressed,rate_limit,283
41245,0,update,1785063026.2698665,,1785063026.2696288,tombstone,2,64,RateFIFO,5281956220402968541,0.0002377033233642578,False,,suppressed,rate_limit,284
41245,0,update,1785063026.2699456,,1785063026.2696567,tombstone,2,64,RateFIFO,1785562587857272681,0.00028896331787109375,False,,suppressed,rate_limit,285
41245,0,update,1785063026.2699735,,1785063026.269685,tombstone,2,64,RateFIFO,1610475058989402671,0.0002884864807128906,False,,suppressed,rate_limit,286
41245,0,update,1785063026.269995,,1785063026.2697139,tombstone,2,64,RateFIFO,13378001954599623759,0.0002810955047607422,False,,suppressed,rate_limit,287
41245,0,update,1785063026.270017,,1785063026.2697477,tombstone,2,64,RateFIFO,155989354309277790,0.00026917457580566406,False,,suppressed,rate_limit,288
41245,0,update,1785063026.27004,,1785063026.2697902,tombstone,2,64,RateFIFO,1187225797315579929,0.0002498626708984375,False,,suppressed,rate_limit,289
41245,0,update,1785063026.2700613,,1785063026.2698224,tombstone,2,64,RateFIFO,15960031488910374299,0.00023889541625976562,False,,suppressed,rate_limit,290
41245,0,update,1785063026.2700827,,1785063026.2698514,tombstone,2,64,RateFIFO,4596497935095405733,0.00023126602172851562,False,,suppressed,rate_limit,291
41245,0,update,1785063026.2701619,,1785063026.2698734,tombstone,2,64,RateFIFO,13063325218966850298,0.0002884864807128906,False,,suppressed,rate_limit,292
41245,0,update,1785063026.2701893,,1785063026.269901,tombstone,2,64,RateFIFO,8862197794517271531,0.00028824806213378906,False,,suppressed,rate_limit,293
41245,0,update,1785063026.2702105,,1785063026.2699273,tombstone,2,64,RateFIFO,13367182244321225226,0.00028324127197265625,False,,suppressed,rate_limit,294
41245,0,update,1785063026.270236,,1785063026.2699513,tombstone,2,64,RateFIFO,17730309890119328358,0.0002846717834472656,False,,suppressed,rate_limit,295
41245,0,update,1785063026.270258,,1785063026.269975,tombstone,2,64,RateFIFO,16342886595574764735,0.0002830028533935547,False,,suppressed,rate_limit,296
41245,0,update,1785063026.2702794,,1785063026.2699986,tombstone,2,64,RateFIFO,13143428811662154315,0.0002808570861816406,False,,suppressed,rate_limit,297
41245,0,update,1785063026.2703001,,1785063026.2700236,tombstone,2,64,RateFIFO,5248254131891465233,0.0002765655517578125,False,,suppressed,rate_limit,298
41245,0,update,1785063026.2703211,,1785063026.2700481,tombstone,2,64,RateFIFO,6602759660674530941,0.00027298927307128906,False,,suppressed,rate_limit,299
41245,0,update,1785063026.2703996,,1785063026.2700744,tombstone,2,64,RateFIFO,16374985302794130926,0.00032520294189453125,False,,suppressed,rate_limit,300
41245,0,update,1785063026.2704263,,1785063026.2700982,tombstone,2,64,RateFIFO,11074190661555870271,0.00032806396484375,False,,suppressed,rate_limit,301
41245,0,update,1785063026.270447,,1785063026.2701225,tombstone,2,64,RateFIFO,12578487649826242535,0.00032448768615722656,False,,suppressed,rate_limit,302
41245,0,update,1785063026.2704687,,1785063026.270145,tombstone,2,64,RateFIFO,9971467602450215698,0.0003237724304199219,False,,suppressed,rate_limit,303
41245,0,update,1785063026.2704897,,1785063026.270169,tombstone,2,64,RateFIFO,16048794067380282208,0.00032067298889160156,False,,suppressed,rate_limit,304
41245,0,update,1785063026.2705119,,1785063026.2701926,tombstone,2,64,RateFIFO,17622982719236225751,0.0003192424774169922,False,,suppressed,rate_limit,305
41245,0,update,1785063026.2705326,,1785063026.270218,tombstone,2,64,RateFIFO,2684601022077970021,0.0003147125244140625,False,,suppressed,rate_limit,306
41245,0,update,1785063026.2705538,,1785063026.2702413,tombstone,2,64,RateFIFO,16954395879792744941,0.00031256675720214844,False,,suppressed,rate_limit,307
41245,0,update,1785063026.2705753,,1785063026.2702649,tombstone,2,64,RateFIFO,4132850298606047245,0.0003104209899902344,False,,suppressed,rate_limit,308
41245,0,update,1785063026.2705963,,1785063026.2702892,tombstone,2,64,RateFIFO,4141618429024808821,0.0003070831298828125,False,,suppressed,rate_limit,309
41245,0,update,1785063026.2706668,,1785063026.2703125,tombstone,2,64,RateFIFO,7638769856617818995,0.0003542900085449219,False,,suppressed,rate_limit,310
41245,0,update,1785063026.2706938,,1785063026.2703357,tombstone,2,64,RateFIFO,9940797030998834804,0.0003581047058105469,False,,suppressed,rate_limit,311
41245,0,update,1785063026.270715,,1785063026.270359,tombstone,2,64,RateFIFO,14361523986587977395,0.0003559589385986328,False,,suppressed,rate_limit,312
41245,0,update,1785063026.2707431,,1785063026.2703826,tombstone,2,64,RateFIFO,14694726361257372,0.0003604888916015625,False,,suppressed,rate_limit,313
41245,0,update,1785063026.2707655,,1785063026.2704086,tombstone,2,64,RateFIFO,9417075026054648240,0.00035691261291503906,False,,suppressed,rate_limit,314
41245,0,update,1785063026.2707994,,1785063026.2704332,tombstone,2,64,RateFIFO,7230541217248033124,0.0003662109375,False,,suppressed,rate_limit,315
41245,0,update,1785063026.2708209,,1785063026.2704568,tombstone,2,64,RateFIFO,12426261210083601366,0.00036406517028808594,False,,suppressed,rate_limit,316
41245,0,update,1785063026.270842,,1785063026.27048,tombstone,2,64,RateFIFO,18366711127789728831,0.00036215782165527344,False,,suppressed,rate_limit,317
41245,0,update,1785063026.2708623,,1785063026.2705038,tombstone,2,64,RateFIFO,10435555625340500992,0.00035858154296875,False,,suppressed,rate_limit,318
41245,0,update,1785063026.270883,,1785063026.270528,tombstone,2,64,RateFIFO,6282787983175785235,0.00035500526428222656,False,,suppressed,rate_limit,319
41245,0,update,1785063026.2709029,,1785063026.2705507,tombstone,2,64,RateFIFO,12523743054995375112,0.0003521442413330078,False,,suppressed,rate_limit,320
41245,2048,update,1785063028.5144846,,1785063028.5140667,upsert,0,64,RateFIFO,15769623694692820738,0.00041794776916503906,True,,enqueued,,321
41245,2048,update,1785063028.5147703,1785063028.5147703,1785063028.5140667,upsert,0,64,RateFIFO,15769623694692820738,0.0007035732269287109,True,,forwarded,,321
41245,1024,update,1785063028.5151217,,1785063028.5143762,upsert,3,64,RateFIFO,12523743054995375112,0.0007455348968505859,False,,suppressed,rate_limit,322
41245,2048,update,1785063028.5152466,,1785063028.514544,upsert,0,64,RateFIFO,5281956220402968541,0.0007026195526123047,False,,suppressed,rate_limit,323
41245,2048,update,1785063028.515327,,1785063028.5147583,upsert,0,64,RateFIFO,17622982719236225751,0.0005686283111572266,False,,suppressed,rate_limit,324
41245,2048,update,1785063030.405014,,1785063030.404612,upsert,0,64,RateFIFO,9971467602450215698,0.0004019737243652344,True,,enqueued,,325
41245,2048,update,1785063030.4052775,1785063030.4052775,1785063030.404612,upsert,0,64,RateFIFO,9971467602450215698,0.0006654262542724609,True,,forwarded,,325
41245,2048,update,1785063030.4055066,,1785063030.4049459,upsert,0,64,RateFIFO,15769623694692820738,0.000560760498046875,False,,suppressed,rate_limit,326
41245,1024,update,1785063030.405603,,1785063030.4053235,upsert,0,64,RateFIFO,9971321710674973507,0.00027942657470703125,False,,suppressed,rate_limit,328
41245,1024,update,1785063030.4058504,,1785063030.4051733,upsert,3,64,RateFIFO,12523743054995375112,0.0006771087646484375,False,,suppressed,rate_limit,327
41245,2048,update,1785063032.2880247,,1785063032.287579,upsert,0,64,RateFIFO,15769623694692820738,0.0004456043243408203,True,,enqueued,,329
41245,2048,update,1785063032.2882764,1785063032.2882764,1785063032.287579,upsert,0,64,RateFIFO,15769623694692820738,0.0006973743438720703,True,,forwarded,,329
41245,1024,update,1785063032.2885077,,1785063032.287904,upsert,0,64,RateFIFO,9971321710674973507,0.0006036758422851562,False,,suppressed,rate_limit,330
41245,2048,update,1785063032.2886052,,1785063032.2880683,upsert,0,64,RateFIFO,8862197794517271531,0.0005369186401367188,False,,suppressed,rate_limit,331
41245,1024,update,1785063032.2888463,,1785063032.2882767,upsert,3,64,RateFIFO,2684601022077970021,0.0005695819854736328,False,,suppressed,rate_limit,332
41245,0,update,1785063032.2987032,,1785063032.2984478,tombstone,3,64,RateFIFO,9971321710674973507,0.00025534629821777344,False,,suppressed,rate_limit,333
41245,0,update,1785063032.2988133,,1785063032.2985103,tombstone,3,64,RateFIFO,4650049274038987083,0.00030303001403808594,False,,suppressed,rate_limit,334
41245,0,update,1785063032.2988858,,1785063032.2985444,tombstone,3,64,RateFIFO,3163096543987652428,0.0003414154052734375,False,,suppressed,rate_limit,335
41245,0,update,1785063032.299132,,1785063032.298574,tombstone,3,64,RateFIFO,10402019323283478844,0.0005581378936767578,False,,suppressed,rate_limit,336
41245,0,update,1785063032.2992158,,1785063032.298611,tombstone,3,64,RateFIFO,14064140743279553366,0.0006048679351806641,False,,suppressed,rate_limit,337
41245,0,update,1785063032.2992833,,1785063032.2986395,tombstone,3,64,RateFIFO,12376960631178457983,0.0006437301635742188,False,,suppressed,rate_limit,338
41245,0,update,1785063032.2993467,,1785063032.2986681,tombstone,3,64,RateFIFO,947483498426156190,0.0006785392761230469,False,,suppressed,rate_limit,339
41245,0,update,1785063032.2994125,,1785063032.2986963,tombstone,3,64,RateFIFO,3073007241776570211,0.0007162094116210938,False,,suppressed,rate_limit,340
41245,0,update,1785063032.299476,,1785063032.2987256,tombstone,3,64,RateFIFO,14108233664250482536,0.0007503032684326172,False,,suppressed,rate_limit,341
41245,0,update,1785063032.2995386,,1785063032.2987542,tombstone,3,64,RateFIFO,14774026810505956694,0.0007843971252441406,False,,suppressed,rate_limit,342
41245,0,update,1785063032.2996008,,1785063032.2987976,tombstone,3,64,RateFIFO,5281956220402968541,0.0008032321929931641,False,,suppressed,rate_limit,343
41245,0,update,1785063032.299663,,1785063032.298828,tombstone,3,64,RateFIFO,1785562587857272681,0.0008351802825927734,False,,suppressed,rate_limit,344
41245,0,update,1785063032.2997239,,1785063032.298856,tombstone,3,64,RateFIFO,1610475058989402671,0.0008678436279296875,False,,suppressed,rate_limit,345
41245,0,update,1785063032.2999845,,1785063032.298884,tombstone,3,64,RateFIFO,13378001954599623759,0.0011005401611328125,False,,suppressed,rate_limit,346
41245,0,update,1785063032.3000681,,1785063032.2989118,tombstone,3,64,RateFIFO,155989354309277790,0.0011563301086425781,False,,suppressed,rate_limit,347
41245,0,update,1785063032.3001351,,1785063032.298943,tombstone,3,64,RateFIFO,1187225797315579929,0.0011920928955078125,False,,suppressed,rate_limit,348
41245,0,update,1785063032.3001976,,1785063032.2989657,tombstone,3,64,RateFIFO,15960031488910374299,0.0012319087982177734,False,,suppressed,rate_limit,349
41245,0,update,1785063032.3002603,,1785063032.2989924,tombstone,3,64,RateFIFO,4596497935095405733,0.0012679100036621094,False,,suppressed,rate_limit,350
41245,0,update,1785063032.3003225,,1785063032.2990158,tombstone,3,64,RateFIFO,13063325218966850298,0.001306772232055664,False,,suppressed,rate_limit,351
41245,0,update,1785063032.300385,,1785063032.2990398,tombstone,3,64,RateFIFO,8862197794517271531,0.0013451576232910156,False,,suppressed,rate_limit,352
41245,0,update,1785063032.3004472,,1785063032.2990623,tombstone,3,64,RateFIFO,13367182244321225226,0.0013849735260009766,False,,suppressed,rate_limit,353
41245,0,update,1785063032.3005092,,1785063032.2990806,tombstone,3,64,RateFIFO,17730309890119328358,0.0014286041259765625,False,,suppressed,rate_limit,354
41245,0,update,1785063032.300571,,1785063032.2991016,tombstone,3,64,RateFIFO,16342886595574764735,0.0014693737030029297,False,,suppressed,rate_limit,355
41245,0,update,1785063032.300632,,1785063032.2991278,tombstone,3,64,RateFIFO,13143428811662154315,0.0015041828155517578,False,,suppressed,rate_limit,356
41245,0,update,1785063032.3007112,,1785063032.2991521,tombstone,3,64,RateFIFO,5248254131891465233,0.0015590190887451172,False,,suppressed,rate_limit,357
41245,0,update,1785063032.3007898,,1785063032.2991767,tombstone,3,64,RateFIFO,6602759660674530941,0.0016131401062011719,False,,suppressed,rate_limit,358
41245,0,update,1785063032.300854,,1785063032.2991996,tombstone,3,64,RateFIFO,16374985302794130926,0.0016543865203857422,False,,suppressed,rate_limit,359
41245,0,update,1785063032.3009155,,1785063032.299222,tombstone,3,64,RateFIFO,11074190661555870271,0.0016934871673583984,False,,suppressed,rate_limit,360
41245,0,update,1785063032.300977,,1785063032.2992454,tombstone,3,64,RateFIFO,12578487649826242535,0.0017316341400146484,False,,suppressed,rate_limit,361
41245,0,update,1785063032.3010378,,1785063032.299269,tombstone,3,64,RateFIFO,9971467602450215698,0.0017688274383544922,False,,suppressed,rate_limit,362
41245,0,update,1785063032.3010998,,1785063032.2992935,tombstone,3,64,RateFIFO,16048794067380282208,0.0018062591552734375,False,,suppressed,rate_limit,363
41245,0,update,1785063032.301162,,1785063032.2993176,tombstone,3,64,RateFIFO,17622982719236225751,0.0018444061279296875,False,,suppressed,rate_limit,364
41245,0,update,1785063032.3012235,,1785063032.299342,tombstone,3,64,RateFIFO,16954395879792744941,0.0018815994262695312,False,,suppressed,rate_limit,365
41245,0,update,1785063032.301285,,1785063032.2993655,tombstone,3,64,RateFIFO,4132850298606047245,0.0019195079803466797,False,,suppressed,rate_limit,366
41245,0,update,1785063032.301346,,1785063032.2993891,tombstone,3,64,RateFIFO,4141618429024808821,0.001956939697265625,False,,suppressed,rate_limit,367
41245,0,update,1785063032.3014064,,1785063032.299412,tombstone,3,64,RateFIFO,7638769856617818995,0.0019943714141845703,False,,suppressed,rate_limit,368
41245,0,update,1785063032.3015964,,1785063032.2994356,tombstone,3,64,RateFIFO,9940797030998834804,0.002160787582397461,False,,suppressed,rate_limit,369
41245,0,update,1785063032.3016741,,1785063032.2994616,tombstone,3,64,RateFIFO,14361523986587977395,0.0022125244140625,False,,suppressed,rate_limit,370
41245,0,update,1785063032.3017375,,1785063032.2994864,tombstone,3,64,RateFIFO,14694726361257372,0.002251148223876953,False,,suppressed,rate_limit,371
41245,0,update,1785063032.301825,,1785063032.2995117,tombstone,3,64,RateFIFO,9417075026054648240,0.002313375473022461,False,,suppressed,rate_limit,372
41245,0,update,1785063032.3019361,,1785063032.2995365,tombstone,3,64,RateFIFO,7230541217248033124,0.0023996829986572266,False,,suppressed,rate_limit,373
41245,0,update,1785063032.3020303,,1785063032.299561,tombstone,3,64,RateFIFO,12426261210083601366,0.002469301223754883,False,,suppressed,rate_limit,374
41245,0,update,1785063032.3021197,,1785063032.2995846,tombstone,3,64,RateFIFO,18366711127789728831,0.002535104751586914,False,,suppressed,rate_limit,375
41245,0,update,1785063032.3022082,,1785063032.2996075,tombstone,3,64,RateFIFO,10435555625340500992,0.0026006698608398438,False,,suppressed,rate_limit,376
41245,0,update,1785063032.302299,,1785063032.2996314,tombstone,3,64,RateFIFO,12523743054995375112,0.002667665481567383,False,,suppressed,rate_limit,377
41245,0,update,1785063032.3023865,,1785063032.2996547,tombstone,3,64,RateFIFO,2684601022077970021,0.002731800079345703,False,,suppressed,rate_limit,378
41245,2048,update,1785063033.7166855,,1785063033.716344,upsert,0,64,RateFIFO,12613465747135452669,0.0003414154052734375,False,,suppressed,rate_limit,379
41245,2048,update,1785063033.716833,,1785063033.7166367,upsert,0,64,RateFIFO,12613465747135452669,0.0001964569091796875,False,,suppressed,rate_limit,380
41245,1024,update,1785063033.7170215,,1785063033.7168806,upsert,2,64,RateFIFO,14064140743279553366,0.00014090538024902344,False,,suppressed,rate_limit,381
41245,2048,update,1785063033.7171326,,1785063033.717036,upsert,0,64,RateFIFO,12613465747135452669,9.655952453613281e-05,False,,suppressed,rate_limit,382
41245,4096,update,1785063049.6146824,,1785063049.614328,upsert,0,64,RateFIFO,4596497935095405733,0.00035452842712402344,True,,enqueued,,383
41245,4096,update,1785063049.614933,1785063049.614933,1785063049.614328,upsert,0,64,RateFIFO,4596497935095405733,0.0006051063537597656,True,,forwarded,,383
41245,2048,update,1785063049.6151705,,1785063049.6148088,upsert,0,64,RateFIFO,15769623694692820738,0.0003616809844970703,False,,suppressed,rate_limit,384
41245,2048,update,1785063049.6153579,,1785063049.6150472,upsert,0,64,RateFIFO,15769623694692820738,0.00031065940856933594,False,,suppressed,rate_limit,385
41245,4096,update,1785063049.6155334,,1785063049.615266,upsert,0,64,RateFIFO,4650049274038987083,0.00026726722717285156,False,,suppressed,rate_limit,386
41245,0,update,1785063049.6156213,,1785063049.6153047,tombstone,0,64,RateFIFO,10402019323283478844,0.000316619873046875,False,,suppressed,rate_limit,387
41245,0,update,1785063049.615696,,1785063049.6153376,tombstone,0,64,RateFIFO,14064140743279553366,0.00035834312438964844,False,,suppressed,rate_limit,388
41245,0,update,1785063049.6157634,,1785063049.6153681,tombstone,0,64,RateFIFO,12376960631178457983,0.0003952980041503906,False,,suppressed,rate_limit,389
41245,1024,update,1785063054.0926297,,1785063054.0922835,upsert,0,64,RateFIFO,9971321710674973507,0.00034618377685546875,True,,enqueued,,390
41245,1024,update,1785063054.092832,1785063054.092832,1785063054.0922835,upsert,0,64,RateFIFO,9971321710674973507,0.0005486011505126953,True,,forwarded,,390
41245,2048,update,1785063054.093034,,1785063054.0925283,upsert,0,64,RateFIFO,12613465747135452669,0.0005056858062744141,False,,suppressed,rate_limit,391
41245,4096,update,1785063054.0931208,,1785063054.09276,upsert,0,64,RateFIFO,14108233664250482536,0.00036072731018066406,False,,suppressed,rate_limit,392
41245,2048,update,1785063054.0933242,,1785063054.0931454,upsert,0,64,RateFIFO,12613465747135452669,0.00017881393432617188,False,,suppressed,rate_limit,393
41245,0,update,1785063054.1018498,,1785063054.1016102,tombstone,0,64,RateFIFO,3073007241776570211,0.0002396106719970703,False,,suppressed,rate_limit,394
41245,0,update,1785063054.1019394,,1785063054.1016722,tombstone,0,64,RateFIFO,14774026810505956694,0.00026726722717285156,False,,suppressed,rate_limit,395
41245,0,update,1785063054.102008,,1785063054.101707,tombstone,0,64,RateFIFO,1610475058989402671,0.00030112266540527344,False,,suppressed,rate_limit,396
41245,0,update,1785063054.1022315,,1785063054.1017382,tombstone,0,64,RateFIFO,155989354309277790,0.0004932880401611328,False,,suppressed,rate_limit,397
41245,0,update,1785063054.1023173,,1785063054.1017683,tombstone,0,64,RateFIFO,1187225797315579929,0.0005490779876708984,False,,suppressed,rate_limit,398
41245,0,update,1785063054.102383,,1785063054.1018112,tombstone,0,64,RateFIFO,15960031488910374299,0.0005717277526855469,False,,suppressed,rate_limit,399
41245,0,update,1785063054.1024466,,1785063054.1018405,tombstone,0,64,RateFIFO,13063325218966850298,0.0006060600280761719,False,,suppressed,rate_limit,400
41245,0,update,1785063054.1025093,,1785063054.1018708,tombstone,0,64,RateFIFO,13367182244321225226,0.0006384849548339844,False,,suppressed,rate_limit,401
41245,0,update,1785063054.1025732,,1785063054.1018991,tombstone,0,64,RateFIFO,17730309890119328358,0.0006740093231201172,False,,suppressed,rate_limit,402
41245,0,update,1785063054.1026351,,1785063054.1019278,tombstone,0,64,RateFIFO,16342886595574764735,0.0007073879241943359,False,,suppressed,rate_limit,403
41245,0,update,1785063054.1026964,,1785063054.1019557,tombstone,0,64,RateFIFO,13143428811662154315,0.0007407665252685547,False,,suppressed,rate_limit,404
41245,0,update,1785063054.1027582,,1785063054.1019838,tombstone,0,64,RateFIFO,6602759660674530941,0.000774383544921875,False,,suppressed,rate_limit,405
41245,0,update,1785063054.1028397,,1785063054.102013,tombstone,0,64,RateFIFO,16374985302794130926,0.0008265972137451172,False,,suppressed,rate_limit,406
41245,0,update,1785063054.102901,,1785063054.1020353,tombstone,0,64,RateFIFO,11074190661555870271,0.0008656978607177734,False,,suppressed,rate_limit,407
41245,0,update,1785063054.1031382,,1785063054.10206,tombstone,0,64,RateFIFO,12578487649826242535,0.0010781288146972656,False,,suppressed,rate_limit,408
41245,0,update,1785063054.1032197,,1785063054.102081,tombstone,0,64,RateFIFO,16048794067380282208,0.0011386871337890625,False,,suppressed,rate_limit,409
41245,0,update,1785063054.1032853,,1785063054.102102,tombstone,0,64,RateFIFO,2684601022077970021,0.0011832714080810547,False,,suppressed,rate_limit,410
41245,0,update,1785063054.1033487,,1785063054.1021292,tombstone,0,64,RateFIFO,16954395879792744941,0.0012195110321044922,False,,suppressed,rate_limit,411
41245,0,update,1785063054.1034148,,1785063054.1021533,tombstone,0,64,RateFIFO,4132850298606047245,0.0012614727020263672,False,,suppressed,rate_limit,412
41245,0,update,1785063054.1034782,,1785063054.102176,tombstone,0,64,RateFIFO,4141618429024808821,0.0013022422790527344,False,,suppressed,rate_limit,413
41245,0,update,1785063054.103541,,1785063054.102199,tombstone,0,64,RateFIFO,7638769856617818995,0.0013418197631835938,False,,suppressed,rate_limit,414
41245,0,update,1785063054.103604,,1785063054.1022227,tombstone,0,64,RateFIFO,9940797030998834804,0.0013813972473144531,False,,suppressed,rate_limit,415
41245,0,update,1785063054.1036665,,1785063054.102246,tombstone,0,64,RateFIFO,14361523986587977395,0.0014204978942871094,False,,suppressed,rate_limit,416
41245,0,update,1785063054.103728,,1785063054.102271,tombstone,0,64,RateFIFO,14694726361257372,0.0014569759368896484,False,,suppressed,rate_limit,417
41245,0,update,1785063054.1038082,,1785063054.1022964,tombstone,0,64,RateFIFO,9417075026054648240,0.0015118122100830078,False,,suppressed,rate_limit,418
41245,0,update,1785063054.1040058,,1785063054.102321,tombstone,0,64,RateFIFO,7230541217248033124,0.0016849040985107422,False,,suppressed,rate_limit,419
41245,0,update,1785063054.1040845,,1785063054.102347,tombstone,0,64,RateFIFO,12426261210083601366,0.0017375946044921875,False,,suppressed,rate_limit,420
41245,0,update,1785063054.1041493,,1785063054.1023693,tombstone,0,64,RateFIFO,10435555625340500992,0.0017800331115722656,False,,suppressed,rate_limit,421
41245,0,update,1785063054.1042125,,1785063054.1023932,tombstone,0,64,RateFIFO,13982934541694442251,0.0018193721771240234,False,,suppressed,rate_limit,422
41245,0,update,1785063054.1042745,,1785063054.102417,tombstone,0,64,RateFIFO,13378001954599623759,0.0018575191497802734,False,,suppressed,rate_limit,423
41245,0,update,1785063054.1043367,,1785063054.1024404,tombstone,0,64,RateFIFO,5248254131891465233,0.0018963813781738281,False,,suppressed,rate_limit,424
41245,0,update,1785063054.104399,,1785063054.1024654,tombstone,0,64,RateFIFO,1785562587857272681,0.0019335746765136719,False,,suppressed,rate_limit,425
41245,0,update,1785063054.1044607,,1785063054.1024888,tombstone,0,64,RateFIFO,3163096543987652428,0.0019719600677490234,False,,suppressed,rate_limit,426
41245,0,update,1785063054.104523,,1785063054.1025128,tombstone,0,64,RateFIFO,18366711127789728831,0.0020101070404052734,False,,suppressed,rate_limit,427
41245,0,update,1785063054.1045845,,1785063054.1025355,tombstone,0,64,RateFIFO,947483498426156190,0.002048969268798828,False,,suppressed,rate_limit,428
41245,0,update,1785063054.104649,,1785063054.1025596,tombstone,0,64,RateFIFO,5281956220402968541,0.0020895004272460938,False,,suppressed,rate_limit,429
41245,0,update,1785063054.1047122,,1785063054.1025825,tombstone,0,64,RateFIFO,17622982719236225751,0.002129793167114258,False,,suppressed,rate_limit,430
41245,0,update,1785063054.1047919,,1785063054.1026056,tombstone,0,64,RateFIFO,9971467602450215698,0.002186298370361328,False,,suppressed,rate_limit,431
41245,0,update,1785063054.1048582,,1785063054.1026287,tombstone,0,64,RateFIFO,8862197794517271531,0.002229452133178711,False,,suppressed,rate_limit,432
41245,0,update,1785063054.10492,,1785063054.1026533,tombstone,0,64,RateFIFO,4596497935095405733,0.0022666454315185547,False,,suppressed,rate_limit,433
41245,0,update,1785063054.104982,,1785063054.1026835,tombstone,0,64,RateFIFO,15769623694692820738,0.0022983551025390625,False,,suppressed,rate_limit,434
41245,0,update,1785063054.105044,,1785063054.1027057,tombstone,0,64,RateFIFO,4650049274038987083,0.0023381710052490234,False,,suppressed,rate_limit,435
41245,0,update,1785063054.1051056,,1785063054.1027296,tombstone,0,64,RateFIFO,9971321710674973507,0.002376079559326172,False,,suppressed,rate_limit,436
41245,0,update,1785063054.1051667,,1785063054.1027522,tombstone,0,64,RateFIFO,14108233664250482536,0.0024144649505615234,False,,suppressed,rate_limit,437
41245,0,update,1785063054.105227,,1785063054.1027896,tombstone,0,64,RateFIFO,12613465747135452669,0.0024373531341552734,False,,suppressed,rate_limit,438
41245,1024,update,1785063074.2604601,,1785063074.2600415,upsert,0,64,RateFIFO,12376960631178457983,0.00041866302490234375,True,,enqueued,,439
41245,1024,update,1785063074.2608476,1785063074.2608476,1785063074.2600415,upsert,0,64,RateFIFO,12376960631178457983,0.0008060932159423828,True,,forwarded,,439
41245,2048,update,1785063074.2610068,,1785063074.2602878,upsert,0,64,RateFIFO,15769623694692820738,0.0007190704345703125,False,,suppressed,rate_limit,440
41245,4096,update,1785063074.2610984,,1785063074.2605166,upsert,0,64,RateFIFO,3163096543987652428,0.0005817413330078125,False,,suppressed,rate_limit,441
41245,1024,update,1785063074.2613015,,1785063074.2608945,upsert,0,64,RateFIFO,9971321710674973507,0.0004069805145263672,False,,suppressed,rate_limit,442
41245,2048,update,1785063088.6199238,,1785063088.6194634,upsert,0,64,RateFIFO,15769623694692820738,0.0004603862762451172,True,,enqueued,,443
41245,2048,update,1785063088.6202133,1785063088.6202133,1785063088.6194634,upsert,0,64,RateFIFO,15769623694692820738,0.0007498264312744141,True,,forwarded,,443
41245,1024,update,1785063088.6205113,,1785063088.6197684,upsert,1,64,RateFIFO,12523743054995375112,0.0007429122924804688,False,,suppressed,rate_limit,444
41245,4096,update,1785063088.6206305,,1785063088.6199963,upsert,0,64,RateFIFO,4650049274038987083,0.0006341934204101562,False,,suppressed,rate_limit,445
41245,1024,update,1785063088.6208138,,1785063088.6203704,upsert,3,64,RateFIFO,5420781037229794373,0.00044345855712890625,False,,suppressed,rate_limit,446
41245,2048,update,1785063094.8136714,,1785063094.81324,upsert,0,64,RateFIFO,12613465747135452669,0.00043129920959472656,True,,enqueued,,447
41245,2048,update,1785063094.8139842,1785063094.8139842,1785063094.81324,upsert,0,64,RateFIFO,12613465747135452669,0.0007441043853759766,True,,forwarded,,447
41245,1024,update,1785063094.8142748,,1785063094.8135495,upsert,1,64,RateFIFO,12523743054995375112,0.0007252693176269531,False,,suppressed,rate_limit,448
41245,2048,update,1785063094.814396,,1785063094.813716,upsert,0,64,RateFIFO,15769623694692820738,0.0006799697875976562,False,,suppressed,rate_limit,449
41245,4096,update,1785063094.8144755,,1785063094.813945,upsert,0,64,RateFIFO,4650049274038987083,0.0005304813385009766,False,,suppressed,rate_limit,450
41245,0,update,1785063094.822357,,1785063094.8221571,tombstone,1,64,RateFIFO,12523743054995375112,0.00019979476928710938,False,,suppressed,rate_limit,451
41245,2048,update,1785063099.057271,,1785063099.0570273,upsert,3,64,RateFIFO,17846715708891391149,0.00024366378784179688,True,,enqueued,,452
41245,2048,update,1785063099.0573914,1785063099.0573914,1785063099.0570273,upsert,3,64,RateFIFO,17846715708891391149,0.00036406517028808594,True,,forwarded,,452
41245,2048,update,1785063099.0575042,,1785063099.0573301,upsert,0,64,RateFIFO,5375664322877317861,0.00017404556274414062,False,,suppressed,rate_limit,453
41245,2048,update,1785063099.0576496,,1785063099.0575554,upsert,2,64,RateFIFO,17846715708891391149,9.417533874511719e-05,False,,suppressed,rate_limit,454
41245,2048,update,1785063099.0578668,,1785063099.0577621,upsert,1,64,RateFIFO,11821849661176330329,0.00010466575622558594,False,,suppressed,rate_limit,455
41245,2048,update,1785063103.549475,,1785063103.5491192,upsert,3,64,RateFIFO,17846715708891391149,0.00035572052001953125,True,,enqueued,,456
41245,2048,update,1785063103.5496726,1785063103.5496726,1785063103.5491192,upsert,3,64,RateFIFO,17846715708891391149,0.0005533695220947266,True,,forwarded,,456
41245,2048,update,1785063103.5498488,,1785063103.5494225,upsert,1,64,RateFIFO,11821849661176330329,0.00042629241943359375,False,,suppressed,rate_limit,457
41245,2048,update,1785063103.5499673,,1785063103.5496478,upsert,2,64,RateFIFO,13764273285245102789,0.00031948089599609375,False,,suppressed,rate_limit,458
41245,2048,update,1785063103.5500662,,1785063103.5498726,upsert,0,64,RateFIFO,17846715708891391149,0.00019359588623046875,False,,suppressed,rate_limit,459
41245,1024,update,1785063115.4730961,,1785063115.4726524,upsert,3,64,RateFIFO,14333057367934485678,0.0004436969757080078,True,,enqueued,,460
41245,1024,update,1785063115.4734607,1785063115.4734607,1785063115.4726524,upsert,3,64,RateFIFO,14333057367934485678,0.0008082389831542969,True,,forwarded,,460
41245,4096,update,1785063115.4736152,,1785063115.472945,upsert,2,64,RateFIFO,17450960088959206076,0.0006701946258544922,False,,suppressed,rate_limit,461
41245,2048,update,1785063115.473918,,1785063115.473335,upsert,1,64,RateFIFO,16959770370201147106,0.0005829334259033203,False,,suppressed,rate_limit,462
41245,2048,update,1785063115.4740279,,1785063115.4735463,upsert,3,64,RateFIFO,17846715708891391149,0.00048160552978515625,False,,suppressed,rate_limit,463
41245,0,update,1785063115.480535,,1785063115.4803467,tombstone,2,64,RateFIFO,14064140743279553366,0.00018835067749023438,False,,suppressed,rate_limit,464
41245,0,update,1785063115.4806366,,1785063115.4804077,tombstone,2,64,RateFIFO,17846715708891391149,0.0002288818359375,False,,suppressed,rate_limit,465
41245,0,update,1785063115.4808216,,1785063115.4804425,tombstone,2,64,RateFIFO,13764273285245102789,0.0003790855407714844,False,,suppressed,rate_limit,466
41245,0,update,1785063115.4809062,,1785063115.4804726,tombstone,2,64,RateFIFO,17450960088959206076,0.0004336833953857422,False,,suppressed,rate_limit,467
41245,2048,update,1785063127.7414763,,1785063127.7410316,upsert,3,64,RateFIFO,17846715708891391149,0.00044465065002441406,True,,enqueued,,468
41245,2048,update,1785063127.741947,1785063127.741947,1785063127.7410316,upsert,3,64,RateFIFO,17846715708891391149,0.0009152889251708984,True,,forwarded,,468
41245,4096,update,1785063127.7421083,,1785063127.741163,upsert,2,64,RateFIFO,6878038652119793510,0.0009453296661376953,False,,suppressed,rate_limit,469
41245,2048,update,1785063127.7422135,,1785063127.7413096,upsert,1,64,RateFIFO,11821849661176330329,0.0009038448333740234,False,,suppressed,rate_limit,470
41245,2048,update,1785063127.7424,,1785063127.7413862,upsert,0,64,RateFIFO,11821849661176330329,0.0010137557983398438,False,,suppressed,rate_limit,471
41245,2048,update,1785063141.513722,,1785063141.5133147,upsert,1,64,RateFIFO,15260451301505084502,0.00040721893310546875,True,,enqueued,,472
41245,2048,update,1785063141.5140674,1785063141.5140674,1785063141.5133147,upsert,1,64,RateFIFO,15260451301505084502,0.0007526874542236328,True,,forwarded,,472
41245,1024,update,1785063141.5144117,,1785063141.5136166,upsert,3,64,RateFIFO,14333057367934485678,0.0007951259613037109,False,,suppressed,rate_limit,473
41245,4096,update,1785063141.5145373,,1785063141.513808,upsert,0,64,RateFIFO,15148276972076288962,0.0007293224334716797,False,,suppressed,rate_limit,474
41245,1024,update,1785063141.514786,,1785063141.514178,upsert,2,64,RateFIFO,13844655051170110805,0.0006079673767089844,False,,suppressed,rate_limit,475
41245,2048,update,1785063154.617062,,1785063154.6166193,upsert,2,64,RateFIFO,11592361518825428217,0.00044274330139160156,True,,enqueued,,476
41245,2048,update,1785063154.6173515,1785063154.6173515,1785063154.6166193,upsert,2,64,RateFIFO,11592361518825428217,0.0007321834564208984,True,,forwarded,,476
41245,4096,update,1785063154.6176364,,1785063154.616949,upsert,3,64,RateFIFO,7868677391643418442,0.0006873607635498047,False,,suppressed,rate_limit,477
41245,2048,update,1785063154.6177442,,1785063154.6173315,upsert,3,64,RateFIFO,17846715708891391149,0.0004127025604248047,False,,suppressed,rate_limit,478
41245,2048,update,1785063154.6180413,,1785063154.6175447,upsert,0,64,RateFIFO,15507369539614680842,0.0004966259002685547,False,,suppressed,rate_limit,479
41245,0,update,1785063154.625038,,1785063154.6248317,tombstone,3,64,RateFIFO,5420781037229794373,0.00020623207092285156,False,,suppressed,rate_limit,480
41245,0,update,1785063154.6251354,,1785063154.6248927,tombstone,3,64,RateFIFO,14333057367934485678,0.00024271011352539062,False,,suppressed,rate_limit,481
41245,0,update,1785063154.625365,,1785063154.6249273,tombstone,3,64,RateFIFO,7868677391643418442,0.00043773651123046875,False,,suppressed,rate_limit,482
41245,0,update,1785063154.6254523,,1785063154.6249578,tombstone,3,64,RateFIFO,17846715708891391149,0.0004944801330566406,False,,suppressed,rate_limit,483
41245,2048,update,1785063158.6459067,,1785063158.6454334,upsert,3,64,RateFIFO,17846715708891391149,0.00047326087951660156,True,,enqueued,,484
41245,2048,update,1785063158.6462872,1785063158.6462872,1785063158.6454334,upsert,3,64,RateFIFO,17846715708891391149,0.0008537769317626953,True,,forwarded,,484
41245,2048,update,1785063158.6464362,,1785063158.6457448,upsert,3,64,RateFIFO,17846715708891391149,0.0006914138793945312,False,,suppressed,rate_limit,485
41245,1024,update,1785063158.6466377,,1785063158.6459973,upsert,1,64,RateFIFO,1138219160345481599,0.0006403923034667969,False,,suppressed,rate_limit,486
41245,2048,update,1785063158.64684,,1785063158.646154,upsert,0,64,RateFIFO,11821849661176330329,0.0006861686706542969,False,,suppressed,rate_limit,487
41245,2048,update,1785063170.5632179,,1785063170.5627668,upsert,3,64,RateFIFO,17846715708891391149,0.00045108795166015625,True,,enqueued,,488
41245,2048,update,1785063170.5635116,1785063170.5635116,1785063170.5627668,upsert,3,64,RateFIFO,17846715708891391149,0.0007448196411132812,True,,forwarded,,488
41245,4096,update,1785063170.5637574,,1785063170.5630832,upsert,2,64,RateFIFO,3653934292717507175,0.0006742477416992188,False,,suppressed,rate_limit,489
41245,2048,update,1785063170.5639975,,1785063170.5634654,upsert,0,64,RateFIFO,11084610101891187946,0.0005321502685546875,False,,suppressed,rate_limit,490
41245,2048,update,1785063170.564223,,1785063170.5636797,upsert,3,64,RateFIFO,17846715708891391149,0.0005433559417724609,False,,suppressed,rate_limit,491
41245,1024,update,1785063174.7995842,,1785063174.7990851,upsert,3,64,RateFIFO,13844655051170110805,0.0004990100860595703,True,,enqueued,,492
41245,1024,update,1785063174.8000016,1785063174.8000016,1785063174.7990851,upsert,3,64,RateFIFO,13844655051170110805,0.0009164810180664062,True,,forwarded,,492
41245,2048,update,1785063174.800154,,1785063174.7993338,upsert,3,64,RateFIFO,17846715708891391149,0.000820159912109375,False,,suppressed,rate_limit,493
41245,2048,update,1785063174.8004303,,1785063174.7997875,upsert,3,64,RateFIFO,17846715708891391149,0.0006427764892578125,False,,suppressed,rate_limit,495
41245,2048,update,1785063174.8005404,,1785063174.7995613,upsert,0,64,RateFIFO,16959770370201147106,0.0009791851043701172,False,,suppressed,rate_limit,494
41245,0,update,1785063174.8086739,,1785063174.8081203,tombstone,0,64,RateFIFO,12376960631178457983,0.0005536079406738281,False,,suppressed,rate_limit,496
41245,0,update,1785063174.8088655,,1785063174.8082085,tombstone,0,64,RateFIFO,3163096543987652428,0.0006570816040039062,False,,suppressed,rate_limit,497
41245,0,update,1785063174.8089619,,1785063174.808234,tombstone,0,64,RateFIFO,9971321710674973507,0.0007278919219970703,False,,suppressed,rate_limit,498
41245,0,update,1785063174.8090413,,1785063174.8082683,tombstone,0,64,RateFIFO,12613465747135452669,0.0007729530334472656,False,,suppressed,rate_limit,499
41245,0,update,1785063174.8091137,,1785063174.808299,tombstone,0,64,RateFIFO,15769623694692820738,0.0008146762847900391,False,,suppressed,rate_limit,500
41245,0,update,1785063174.8091812,,1785063174.8083284,tombstone,0,64,RateFIFO,4650049274038987083,0.0008528232574462891,False,,suppressed,rate_limit,501
41245,0,update,1785063174.8092456,,1785063174.808358,tombstone,0,64,RateFIFO,5375664322877317861,0.0008876323699951172,False,,suppressed,rate_limit,502
41245,0,update,1785063174.8093095,,1785063174.8083882,tombstone,0,64,RateFIFO,17846715708891391149,0.0009212493896484375,False,,suppressed,rate_limit,503
41245,0,update,1785063174.8095,,1785063174.8084166,tombstone,0,64,RateFIFO,15148276972076288962,0.0010833740234375,False,,suppressed,rate_limit,504
41245,0,update,1785063174.809582,,1785063174.8084452,tombstone,0,64,RateFIFO,15507369539614680842,0.00113677978515625,False,,suppressed,rate_limit,505
41245,0,update,1785063174.8096478,,1785063174.808474,tombstone,0,64,RateFIFO,11821849661176330329,0.0011737346649169922,False,,suppressed,rate_limit,506
41245,0,update,1785063174.8097126,,1785063174.8085022,tombstone,0,64,RateFIFO,11084610101891187946,0.0012104511260986328,False,,suppressed,rate_limit,507
41245,0,update,1785063174.8097935,,1785063174.8085315,tombstone,0,64,RateFIFO,16959770370201147106,0.0012619495391845703,False,,suppressed,rate_limit,508
41245,1024,update,1785063179.7260907,,1785063179.7256649,upsert,1,64,RateFIFO,12169285934737722315,0.0004258155822753906,True,,enqueued,,509
41245,1024,update,1785063179.7264397,1785063179.7264397,1785063179.7256649,upsert,1,64,RateFIFO,12169285934737722315,0.0007748603820800781,True,,forwarded,,509
41245,1024,update,1785063179.7265873,,1785063179.7259223,upsert,2,64,RateFIFO,12395577753972294123,0.0006649494171142578,False,,suppressed,rate_limit,510
41245,2048,update,1785063179.7268572,,1785063179.726082,upsert,3,64,RateFIFO,3174386350051304381,0.0007750988006591797,False,,suppressed,rate_limit,511
41245,2048,update,1785063179.726955,,1785063179.726305,upsert,3,64,RateFIFO,17846715708891391149,0.0006499290466308594,False,,suppressed,rate_limit,512
41245,2048,update,1785063191.792946,,1785063191.7923772,upsert,3,64,RateFIFO,17846715708891391149,0.0005688667297363281,True,,enqueued,,513
41245,2048,update,1785063191.7933152,1785063191.7933152,1785063191.7923772,upsert,3,64,RateFIFO,17846715708891391149,0.0009379386901855469,True,,forwarded,,513
41245,4096,update,1785063191.7934654,,1785063191.7927027,upsert,1,64,RateFIFO,3653934292717507175,0.0007627010345458984,False,,suppressed,rate_limit,514
41245,4096,update,1785063191.7936635,,1785063191.793104,upsert,2,64,RateFIFO,6878038652119793510,0.0005595684051513672,False,,suppressed,rate_limit,515
41245,2048,update,1785063191.793896,,1785063191.7934494,upsert,3,64,RateFIFO,17846715708891391149,0.00044655799865722656,False,,suppressed,rate_limit,516
41245,2048,update,1785063193.0526683,,1785063193.052119,upsert,3,64,RateFIFO,17846715708891391149,0.00054931640625,False,,suppressed,rate_limit,517
41245,2048,update,1785063193.0530353,,1785063193.0524487,upsert,3,64,RateFIFO,17846715708891391149,0.0005865097045898438,False,,suppressed,rate_limit,518
41245,2048,update,1785063193.0531454,,1785063193.0526748,upsert,3,64,RateFIFO,17846715708891391149,0.0004706382751464844,False,,suppressed,rate_limit,519
41245,2048,update,1785063193.0533519,,1785063193.052907,upsert,3,64,RateFIFO,17846715708891391149,0.0004448890686035156,False,,suppressed,rate_limit,520
41245,0,update,1785063193.062046,,1785063193.061581,tombstone,1,64,RateFIFO,16959770370201147106,0.00046515464782714844,False,,suppressed,rate_limit,521
41245,0,update,1785063193.0622087,,1785063193.0616794,tombstone,1,64,RateFIFO,11821849661176330329,0.0005292892456054688,False,,suppressed,rate_limit,522
41245,0,update,1785063193.062302,,1785063193.061707,tombstone,1,64,RateFIFO,15260451301505084502,0.0005950927734375,False,,suppressed,rate_limit,523
41245,0,update,1785063193.0623794,,1785063193.0617425,tombstone,1,64,RateFIFO,1138219160345481599,0.0006368160247802734,False,,suppressed,rate_limit,524
41245,0,update,1785063193.0624533,,1785063193.0617926,tombstone,1,64,RateFIFO,12169285934737722315,0.0006606578826904297,False,,suppressed,rate_limit,525
41245,0,update,1785063193.062522,,1785063193.0618227,tombstone,1,64,RateFIFO,3653934292717507175,0.0006992816925048828,False,,suppressed,rate_limit,526
41245,4096,update,1785063206.2068822,,1785063206.2063959,upsert,0,64,RateFIFO,3796152564256217897,0.0004863739013671875,True,,enqueued,,527
41245,4096,update,1785063206.2071989,1785063206.2071989,1785063206.2063959,upsert,0,64,RateFIFO,3796152564256217897,0.0008029937744140625,True,,forwarded,,527
41245,4096,update,1785063206.2075236,,1785063206.2068913,upsert,3,64,RateFIFO,3653934292717507175,0.0006322860717773438,False,,suppressed,rate_limit,528
41245,2048,update,1785063206.207797,,1785063206.2073073,upsert,1,64,RateFIFO,11821849661176330329,0.0004897117614746094,False,,suppressed,rate_limit,529
41245,1024,update,1785063206.208063,,1785063206.2075548,upsert,3,64,RateFIFO,13844655051170110805,0.0005080699920654297,False,,suppressed,rate_limit,530
41245,2048,update,1785063210.118527,,1785063210.1180437,upsert,1,64,RateFIFO,16508625817180621701,0.0004832744598388672,True,,enqueued,,531
41245,2048,update,1785063210.119078,1785063210.119078,1785063210.1180437,upsert,1,64,RateFIFO,16508625817180621701,0.0010342597961425781,True,,forwarded,,531
41245,2048,update,1785063210.1192422,,1785063210.1181812,upsert,2,64,RateFIFO,7759237608199543855,0.0010609626770019531,False,,suppressed,rate_limit,532
41245,2048,update,1785063210.1193933,,1785063210.118264,upsert,3,64,RateFIFO,17846715708891391149,0.0011293888092041016,False,,suppressed,rate_limit,533
41245,2048,update,1785063210.1195238,,1785063210.11834,upsert,3,64,RateFIFO,17846715708891391149,0.0011837482452392578,False,,suppressed,rate_limit,534
41245,2048,update,1785063222.3371913,,1785063222.3366814,upsert,3,64,RateFIFO,17846715708891391149,0.0005099773406982422,True,,enqueued,,535
41245,2048,update,1785063222.3375378,1785063222.3375378,1785063222.3366814,upsert,3,64,RateFIFO,17846715708891391149,0.0008563995361328125,True,,forwarded,,535
41245,1024,update,1785063222.3376877,,1785063222.3370187,upsert,2,64,RateFIFO,13538448680538938220,0.0006690025329589844,False,,suppressed,rate_limit,536
41245,2048,update,1785063222.3379161,,1785063222.3371809,upsert,0,64,RateFIFO,16508625817180621701,0.0007352828979492188,False,,suppressed,rate_limit,537
41245,4096,update,1785063222.3381026,,1785063222.3373919,upsert,1,64,RateFIFO,16031388937053417897,0.0007107257843017578,False,,suppressed,rate_limit,538
41247,2048,update,1785063612.9792986,,1785063612.9788408,upsert,0,64,RateFIFO,15769623694692820738,0.000457763671875,True,,enqueued,,0
41247,2048,update,1785063612.9798102,1785063612.9798102,1785063612.9788408,upsert,0,64,RateFIFO,15769623694692820738,0.0009694099426269531,True,,forwarded,,0
41247,2048,update,1785063612.9799685,,1785063612.9789236,upsert,3,64,RateFIFO,15769623694692820738,0.0010449886322021484,False,,suppressed,rate_limit,3
41247,2048,update,1785063612.9800732,,1785063612.9789064,upsert,2,64,RateFIFO,15769623694692820738,0.0011668205261230469,False,,suppressed,rate_limit,2
41247,2048,update,1785063612.980161,,1785063612.9788826,upsert,1,64,RateFIFO,15769623694692820738,0.0012784004211425781,False,,suppressed,rate_limit,1
41247,1024,update,1785063614.3528922,,1785063614.352463,upsert,0,64,RateFIFO,12613465747135452669,0.0004291534423828125,False,,suppressed,rate_limit,4
41247,1024,update,1785063614.353236,,1785063614.3525538,upsert,3,64,RateFIFO,12613465747135452669,0.0006821155548095703,False,,suppressed,rate_limit,7
41247,1024,update,1785063614.3533523,,1785063614.3525355,upsert,2,64,RateFIFO,12613465747135452669,0.0008168220520019531,False,,suppressed,rate_limit,6
41247,1024,update,1785063614.353441,,1785063614.3525147,upsert,1,64,RateFIFO,12613465747135452669,0.0009262561798095703,False,,suppressed,rate_limit,5
41247,1024,update,1785063615.6911285,,1785063615.6907341,upsert,0,64,RateFIFO,12523743054995375112,0.0003943443298339844,True,,enqueued,,8
41247,1024,update,1785063615.691539,1785063615.691539,1785063615.6907341,upsert,0,64,RateFIFO,12523743054995375112,0.000804901123046875,True,,forwarded,,8
41247,1024,update,1785063615.6916816,,1785063615.6908379,upsert,3,64,RateFIFO,12523743054995375112,0.0008437633514404297,False,,suppressed,rate_limit,11
41247,1024,update,1785063615.691808,,1785063615.6908195,upsert,2,64,RateFIFO,12523743054995375112,0.0009884834289550781,False,,suppressed,rate_limit,10
41247,1024,update,1785063615.6918986,,1785063615.690798,upsert,1,64,RateFIFO,12523743054995375112,0.0011005401611328125,False,,suppressed,rate_limit,9
41247,4096,update,1785063628.5318995,,1785063628.5314193,upsert,0,64,RateFIFO,9971321710674973507,0.0004801750183105469,True,,enqueued,,12
41247,4096,update,1785063628.5323236,1785063628.5323236,1785063628.5314193,upsert,0,64,RateFIFO,9971321710674973507,0.0009043216705322266,True,,forwarded,,12
41247,4096,update,1785063628.5324757,,1785063628.5315058,upsert,3,64,RateFIFO,9971321710674973507,0.0009698867797851562,False,,suppressed,rate_limit,15
41247,4096,update,1785063628.5325778,,1785063628.5314894,upsert,2,64,RateFIFO,9971321710674973507,0.0010883808135986328,False,,suppressed,rate_limit,14
41247,4096,update,1785063628.5326645,,1785063628.531469,upsert,1,64,RateFIFO,9971321710674973507,0.0011954307556152344,False,,suppressed,rate_limit,13
41247,1024,update,1785063629.8701417,,1785063629.869751,upsert,0,64,RateFIFO,4650049274038987083,0.00039076805114746094,False,,suppressed,rate_limit,16
41247,1024,update,1785063629.8704813,,1785063629.8698487,upsert,3,64,RateFIFO,4650049274038987083,0.0006325244903564453,False,,suppressed,rate_limit,19
41247,1024,update,1785063629.8705976,,1785063629.8698304,upsert,2,64,RateFIFO,4650049274038987083,0.0007672309875488281,False,,suppressed,rate_limit,18
41247,1024,update,1785063629.8706872,,1785063629.8698084,upsert,1,64,RateFIFO,4650049274038987083,0.0008788108825683594,False,,suppressed,rate_limit,17
41247,1024,update,1785063631.3069558,,1785063631.3065348,upsert,0,64,RateFIFO,3163096543987652428,0.0004210472106933594,True,,enqueued,,20
41247,1024,update,1785063631.3073764,1785063631.3073764,1785063631.3065348,upsert,0,64,RateFIFO,3163096543987652428,0.0008416175842285156,True,,forwarded,,20
41247,1024,update,1785063631.3075185,,1785063631.3066232,upsert,3,64,RateFIFO,3163096543987652428,0.0008952617645263672,False,,suppressed,rate_limit,23
41247,1024,update,1785063631.3076193,,1785063631.3066049,upsert,2,64,RateFIFO,3163096543987652428,0.0010144710540771484,False,,suppressed,rate_limit,22
41247,1024,update,1785063631.307705,,1785063631.3065834,upsert,1,64,RateFIFO,3163096543987652428,0.00112152099609375,False,,suppressed,rate_limit,21
41247,4096,update,1785063644.063758,,1785063644.0632625,upsert,0,64,RateFIFO,10402019323283478844,0.0004954338073730469,True,,enqueued,,24
41247,4096,update,1785063644.0642195,1785063644.0642195,1785063644.0632625,upsert,0,64,RateFIFO,10402019323283478844,0.0009570121765136719,True,,forwarded,,24
41247,4096,update,1785063644.064365,,1785063644.0634406,upsert,3,64,RateFIFO,10402019323283478844,0.0009243488311767578,False,,suppressed,rate_limit,27
41247,4096,update,1785063644.0644658,,1785063644.0633574,upsert,1,64,RateFIFO,10402019323283478844,0.001108407974243164,False,,suppressed,rate_limit,25
41247,4096,update,1785063644.064551,,1785063644.0634027,upsert,2,64,RateFIFO,10402019323283478844,0.0011484622955322266,False,,suppressed,rate_limit,26
41247,2048,update,1785063648.22934,,1785063648.2288427,upsert,0,64,RateFIFO,14064140743279553366,0.0004973411560058594,True,,enqueued,,28
41247,2048,update,1785063648.2297616,1785063648.2297616,1785063648.2288427,upsert,0,64,RateFIFO,14064140743279553366,0.0009188652038574219,True,,forwarded,,28
41247,2048,update,1785063648.229944,,1785063648.229023,upsert,3,64,RateFIFO,14064140743279553366,0.0009210109710693359,False,,suppressed,rate_limit,31
41247,2048,update,1785063648.230046,,1785063648.22894,upsert,1,64,RateFIFO,14064140743279553366,0.0011060237884521484,False,,suppressed,rate_limit,29
41247,2048,update,1785063648.2301333,,1785063648.2289858,upsert,2,64,RateFIFO,14064140743279553366,0.0011475086212158203,False,,suppressed,rate_limit,30
41247,2048,update,1785063652.3003428,,1785063652.2999446,upsert,0,64,RateFIFO,12376960631178457983,0.0003981590270996094,True,,enqueued,,32
41247,2048,update,1785063652.30076,1785063652.30076,1785063652.2999446,upsert,0,64,RateFIFO,12376960631178457983,0.0008153915405273438,True,,forwarded,,32
41247,2048,update,1785063652.3009336,,1785063652.3000824,upsert,2,64,RateFIFO,12376960631178457983,0.0008511543273925781,False,,suppressed,rate_limit,34
41247,2048,update,1785063652.3010345,,1785063652.3001204,upsert,3,64,RateFIFO,12376960631178457983,0.0009140968322753906,False,,suppressed,rate_limit,35
41247,2048,update,1785063652.30112,,1785063652.3000374,upsert,1,64,RateFIFO,12376960631178457983,0.0010826587677001953,False,,suppressed,rate_limit,33
41247,2048,update,1785063656.4833853,,1785063656.4830031,upsert,0,64,RateFIFO,947483498426156190,0.0003821849822998047,True,,enqueued,,36
41247,2048,update,1785063656.4838746,1785063656.4838746,1785063656.4830031,upsert,0,64,RateFIFO,947483498426156190,0.0008714199066162109,True,,forwarded,,36
41247,2048,update,1785063656.484028,,1785063656.4831367,upsert,2,64,RateFIFO,947483498426156190,0.0008914470672607422,False,,suppressed,rate_limit,38
41247,2048,update,1785063656.4841306,,1785063656.4831753,upsert,3,64,RateFIFO,947483498426156190,0.0009553432464599609,False,,suppressed,rate_limit,39
41247,2048,update,1785063656.4842174,,1785063656.483092,upsert,1,64,RateFIFO,947483498426156190,0.001125335693359375,False,,suppressed,rate_limit,37
41247,2048,update,1785063660.6671827,,1785063660.6666842,upsert,0,64,RateFIFO,3073007241776570211,0.0004985332489013672,True,,enqueued,,40
41247,2048,update,1785063660.6676238,1785063660.6676238,1785063660.6666842,upsert,0,64,RateFIFO,3073007241776570211,0.0009396076202392578,True,,forwarded,,40
41247,2048,update,1785063660.6678052,,1785063660.6668434,upsert,2,64,RateFIFO,3073007241776570211,0.0009617805480957031,False,,suppressed,rate_limit,42
41247,2048,update,1785063660.6679163,,1785063660.6669025,upsert,3,64,RateFIFO,3073007241776570211,0.0010137557983398438,False,,suppressed,rate_limit,43
41247,2048,update,1785063660.6680045,,1785063660.666793,upsert,1,64,RateFIFO,3073007241776570211,0.001211404800415039,False,,suppressed,rate_limit,41
41247,1024,update,1785063662.1046584,,1785063662.1042135,upsert,0,64,RateFIFO,14108233664250482536,0.0004448890686035156,False,,suppressed,rate_limit,44
41247,1024,update,1785063662.10504,,1785063662.10439,upsert,3,64,RateFIFO,14108233664250482536,0.0006501674652099609,False,,suppressed,rate_limit,47
41247,1024,update,1785063662.1051602,,1785063662.104352,upsert,2,64,RateFIFO,14108233664250482536,0.0008082389831542969,False,,suppressed,rate_limit,46
41247,1024,update,1785063662.1052585,,1785063662.104307,upsert,1,64,RateFIFO,14108233664250482536,0.0009515285491943359,False,,suppressed,rate_limit,45
41247,1024,update,1785063663.514586,,1785063663.5141609,upsert,0,64,RateFIFO,14774026810505956694,0.00042510032653808594,True,,enqueued,,48
41247,1024,update,1785063663.5149944,1785063663.5149944,1785063663.5141609,upsert,0,64,RateFIFO,14774026810505956694,0.0008335113525390625,True,,forwarded,,48
41247,1024,update,1785063663.5151367,,1785063663.5143316,upsert,3,64,RateFIFO,14774026810505956694,0.0008051395416259766,False,,suppressed,rate_limit,51
41247,1024,update,1785063663.5152364,,1785063663.5142512,upsert,1,64,RateFIFO,14774026810505956694,0.0009851455688476562,False,,suppressed,rate_limit,49
41247,1024,update,1785063663.5153213,,1785063663.514295,upsert,2,64,RateFIFO,14774026810505956694,0.001026153564453125,False,,suppressed,rate_limit,50
41247,2048,update,1785063667.6022065,,1785063667.6018147,upsert,0,64,RateFIFO,5281956220402968541,0.0003917217254638672,True,,enqueued,,52
41247,2048,update,1785063667.602601,1785063667.602601,1785063667.6018147,upsert,0,64,RateFIFO,5281956220402968541,0.0007863044738769531,True,,forwarded,,52
41247,2048,update,1785063667.602741,,1785063667.601991,upsert,3,64,RateFIFO,5281956220402968541,0.0007500648498535156,False,,suppressed,rate_limit,55
41247,2048,update,1785063667.602872,,1785063667.601908,upsert,1,64,RateFIFO,5281956220402968541,0.0009639263153076172,False,,suppressed,rate_limit,53
41247,2048,update,1785063667.6029618,,1785063667.6019518,upsert,2,64,RateFIFO,5281956220402968541,0.0010099411010742188,False,,suppressed,rate_limit,54
41247,2048,update,1785063671.751489,,1785063671.7510486,upsert,0,64,RateFIFO,1785562587857272681,0.00044035911560058594,True,,enqueued,,56
41247,2048,update,1785063671.7519205,1785063671.7519205,1785063671.7510486,upsert,0,64,RateFIFO,1785562587857272681,0.0008718967437744141,True,,forwarded,,56
41247,2048,update,1785063671.752064,,1785063671.7512288,upsert,3,64,RateFIFO,1785562587857272681,0.0008351802825927734,False,,suppressed,rate_limit,59
41247,2048,update,1785063671.7521636,,1785063671.7511444,upsert,1,64,RateFIFO,1785562587857272681,0.0010192394256591797,False,,suppressed,rate_limit,57
41247,2048,update,1785063671.752249,,1785063671.7511902,upsert,2,64,RateFIFO,1785562587857272681,0.001058816909790039,False,,suppressed,rate_limit,58
41247,4096,update,1785063684.9060016,,1785063684.9055,upsert,0,64,RateFIFO,1610475058989402671,0.0005016326904296875,True,,enqueued,,60
41247,4096,update,1785063684.9064326,1785063684.9064326,1785063684.9055,upsert,0,64,RateFIFO,1610475058989402671,0.0009326934814453125,True,,forwarded,,60
41247,4096,update,1785063684.9065776,,1785063684.9056923,upsert,3,64,RateFIFO,1610475058989402671,0.0008852481842041016,False,,suppressed,rate_limit,63
41247,4096,update,1785063684.9066796,,1785063684.9056535,upsert,2,64,RateFIFO,1610475058989402671,0.001026153564453125,False,,suppressed,rate_limit,62
41247,4096,update,1785063684.9067655,,1785063684.9056048,upsert,1,64,RateFIFO,1610475058989402671,0.0011606216430664062,False,,suppressed,rate_limit,61
41247,4096,update,1785063697.9249454,,1785063697.924433,upsert,0,64,RateFIFO,13378001954599623759,0.0005123615264892578,True,,enqueued,,64
41247,4096,update,1785063697.9254758,1785063697.9254758,1785063697.924433,upsert,0,64,RateFIFO,13378001954599623759,0.0010428428649902344,True,,forwarded,,64
41247,4096,update,1785063697.9256265,,1785063697.9246082,upsert,3,64,RateFIFO,13378001954599623759,0.0010182857513427734,False,,suppressed,rate_limit,67
41247,4096,update,1785063697.92573,,1785063697.9245703,upsert,2,64,RateFIFO,13378001954599623759,0.00115966796875,False,,suppressed,rate_limit,66
41247,4096,update,1785063697.9258344,,1785063697.9245253,upsert,1,64,RateFIFO,13378001954599623759,0.0013091564178466797,False,,suppressed,rate_limit,65
41247,2048,update,1785063702.0079777,,1785063702.0074883,upsert,0,64,RateFIFO,155989354309277790,0.0004894733428955078,True,,enqueued,,68
41247,2048,update,1785063702.008494,1785063702.008494,1785063702.0074883,upsert,0,64,RateFIFO,155989354309277790,0.0010056495666503906,True,,forwarded,,68
41247,2048,update,1785063702.0086417,,1785063702.0076618,upsert,3,64,RateFIFO,155989354309277790,0.0009799003601074219,False,,suppressed,rate_limit,71
41247,2048,update,1785063702.0087438,,1785063702.0076237,upsert,2,64,RateFIFO,155989354309277790,0.0011200904846191406,False,,suppressed,rate_limit,70
41247,2048,update,1785063702.0088568,,1785063702.0075798,upsert,1,64,RateFIFO,155989354309277790,0.0012769699096679688,False,,suppressed,rate_limit,69
41247,2048,update,1785063706.2101665,,1785063706.2096424,upsert,0,64,RateFIFO,1187225797315579929,0.0005240440368652344,True,,enqueued,,72
41247,2048,update,1785063706.2107103,1785063706.2107103,1785063706.2096424,upsert,0,64,RateFIFO,1187225797315579929,0.0010678768157958984,True,,forwarded,,72
41247,2048,update,1785063706.2109025,,1785063706.20984,upsert,3,64,RateFIFO,1187225797315579929,0.0010623931884765625,False,,suppressed,rate_limit,75
41247,2048,update,1785063706.211009,,1785063706.2097995,upsert,2,64,RateFIFO,1187225797315579929,0.0012094974517822266,False,,suppressed,rate_limit,74
41247,2048,update,1785063706.2110963,,1785063706.2097378,upsert,1,64,RateFIFO,1187225797315579929,0.0013585090637207031,False,,suppressed,rate_limit,73
41247,2048,update,1785063710.3799982,,1785063710.3794541,upsert,0,64,RateFIFO,15960031488910374299,0.0005440711975097656,True,,enqueued,,76
41247,2048,update,1785063710.3805144,1785063710.3805144,1785063710.3794541,upsert,0,64,RateFIFO,15960031488910374299,0.0010602474212646484,True,,forwarded,,76
41247,2048,update,1785063710.3806622,,1785063710.3796318,upsert,3,64,RateFIFO,15960031488910374299,0.0010304450988769531,False,,suppressed,rate_limit,79
41247,2048,update,1785063710.380764,,1785063710.3795936,upsert,2,64,RateFIFO,15960031488910374299,0.0011703968048095703,False,,suppressed,rate_limit,78
41247,2048,update,1785063710.3808718,,1785063710.3795478,upsert,1,64,RateFIFO,15960031488910374299,0.0013239383697509766,False,,suppressed,rate_limit,77
41247,2048,update,1785063714.5870237,,1785063714.5865283,upsert,0,64,RateFIFO,4596497935095405733,0.0004954338073730469,True,,enqueued,,80
41247,2048,update,1785063714.5875456,1785063714.5875456,1785063714.5865283,upsert,0,64,RateFIFO,4596497935095405733,0.0010173320770263672,True,,forwarded,,80
41247,2048,update,1785063714.587694,,1785063714.5867054,upsert,3,64,RateFIFO,4596497935095405733,0.0009884834289550781,False,,suppressed,rate_limit,83
41247,2048,update,1785063714.5878148,,1785063714.586621,upsert,1,64,RateFIFO,4596497935095405733,0.0011937618255615234,False,,suppressed,rate_limit,81
41247,2048,update,1785063714.5879045,,1785063714.5866668,upsert,2,64,RateFIFO,4596497935095405733,0.001237630844116211,False,,suppressed,rate_limit,82
41247,2048,update,1785063718.75963,,1785063718.7591386,upsert,0,64,RateFIFO,13063325218966850298,0.0004913806915283203,True,,enqueued,,84
41247,2048,update,1785063718.7601802,1785063718.7601802,1785063718.7591386,upsert,0,64,RateFIFO,13063325218966850298,0.0010416507720947266,True,,forwarded,,84
41247,2048,update,1785063718.7603312,,1785063718.7593234,upsert,3,64,RateFIFO,13063325218966850298,0.0010077953338623047,False,,suppressed,rate_limit,87
41247,2048,update,1785063718.7604346,,1785063718.7592356,upsert,1,64,RateFIFO,13063325218966850298,0.0011990070343017578,False,,suppressed,rate_limit,85
41247,2048,update,1785063718.760522,,1785063718.7592828,upsert,2,64,RateFIFO,13063325218966850298,0.0012390613555908203,False,,suppressed,rate_limit,86
41247,2048,update,1785063722.928552,,1785063722.9280725,upsert,0,64,RateFIFO,8862197794517271531,0.0004794597625732422,True,,enqueued,,88
41247,2048,update,1785063722.9291315,1785063722.9291315,1785063722.9280725,upsert,0,64,RateFIFO,8862197794517271531,0.0010590553283691406,True,,forwarded,,88
41247,2048,update,1785063722.9292948,,1785063722.9282534,upsert,3,64,RateFIFO,8862197794517271531,0.001041412353515625,False,,suppressed,rate_limit,91
41247,2048,update,1785063722.9294024,,1785063722.9282136,upsert,2,64,RateFIFO,8862197794517271531,0.0011887550354003906,False,,suppressed,rate_limit,90
41247,2048,update,1785063722.929493,,1785063722.928167,upsert,1,64,RateFIFO,8862197794517271531,0.001325845718383789,False,,suppressed,rate_limit,89
41247,2048,update,1785063727.0391574,,1785063727.0386653,upsert,0,64,RateFIFO,13367182244321225226,0.000492095947265625,True,,enqueued,,92
41247,2048,update,1785063727.0396984,1785063727.0396984,1785063727.0386653,upsert,0,64,RateFIFO,13367182244321225226,0.0010330677032470703,True,,forwarded,,92
41247,2048,update,1785063727.039882,,1785063727.0388627,upsert,3,64,RateFIFO,13367182244321225226,0.0010192394256591797,False,,suppressed,rate_limit,95
41247,2048,update,1785063727.0399892,,1785063727.038824,upsert,2,64,RateFIFO,13367182244321225226,0.001165151596069336,False,,suppressed,rate_limit,94
41247,2048,update,1785063727.0400777,,1785063727.0387595,upsert,1,64,RateFIFO,13367182244321225226,0.001318216323852539,False,,suppressed,rate_limit,93
41247,2048,update,1785063731.2278085,,1785063731.2273371,upsert,0,64,RateFIFO,17730309890119328358,0.00047135353088378906,True,,enqueued,,96
41247,2048,update,1785063731.2283566,1785063731.2283566,1785063731.2273371,upsert,0,64,RateFIFO,17730309890119328358,0.0010194778442382812,True,,forwarded,,96
41247,2048,update,1785063731.2285113,,1785063731.2274756,upsert,2,64,RateFIFO,17730309890119328358,0.0010356903076171875,False,,suppressed,rate_limit,98
41247,2048,update,1785063731.228617,,1785063731.2274318,upsert,1,64,RateFIFO,17730309890119328358,0.0011851787567138672,False,,suppressed,rate_limit,97
41247,2048,update,1785063731.2287037,,1785063731.227513,upsert,3,64,RateFIFO,17730309890119328358,0.0011906623840332031,False,,suppressed,rate_limit,99
41247,4096,update,1785063744.5168219,,1785063744.5163505,upsert,0,64,RateFIFO,16342886595574764735,0.00047135353088378906,True,,enqueued,,100
41247,4096,update,1785063744.5173447,1785063744.5173447,1785063744.5163505,upsert,0,64,RateFIFO,16342886595574764735,0.0009942054748535156,True,,forwarded,,100
41247,4096,update,1785063744.5174978,,1785063744.516526,upsert,3,64,RateFIFO,16342886595574764735,0.0009717941284179688,False,,suppressed,rate_limit,103
41247,4096,update,1785063744.5176017,,1785063744.5164895,upsert,2,64,RateFIFO,16342886595574764735,0.001112222671508789,False,,suppressed,rate_limit,102
41247,4096,update,1785063744.517689,,1785063744.5164456,upsert,1,64,RateFIFO,16342886595574764735,0.0012433528900146484,False,,suppressed,rate_limit,101
41247,2048,update,1785063748.548954,,1785063748.5484464,upsert,0,64,RateFIFO,13143428811662154315,0.0005075931549072266,True,,enqueued,,104
41247,2048,update,1785063748.5494738,1785063748.5494738,1785063748.5484464,upsert,0,64,RateFIFO,13143428811662154315,0.0010273456573486328,True,,forwarded,,104
41247,2048,update,1785063748.549627,,1785063748.5486443,upsert,3,64,RateFIFO,13143428811662154315,0.0009827613830566406,False,,suppressed,rate_limit,107
41247,2048,update,1785063748.5497339,,1785063748.548589,upsert,2,64,RateFIFO,13143428811662154315,0.0011448860168457031,False,,suppressed,rate_limit,106
41247,2048,update,1785063748.5498488,,1785063748.5485418,upsert,1,64,RateFIFO,13143428811662154315,0.0013070106506347656,False,,suppressed,rate_limit,105
41247,2048,update,1785063752.6541247,,1785063752.65363,upsert,0,64,RateFIFO,5248254131891465233,0.0004947185516357422,True,,enqueued,,108
41247,2048,update,1785063752.6546345,1785063752.6546345,1785063752.65363,upsert,0,64,RateFIFO,5248254131891465233,0.0010044574737548828,True,,forwarded,,108
41247,2048,update,1785063752.6548202,,1785063752.6538353,upsert,3,64,RateFIFO,5248254131891465233,0.0009849071502685547,False,,suppressed,rate_limit,111
41247,2048,update,1785063752.6549284,,1785063752.6537726,upsert,2,64,RateFIFO,5248254131891465233,0.001155853271484375,False,,suppressed,rate_limit,110
41247,2048,update,1785063752.6550326,,1785063752.6537266,upsert,1,64,RateFIFO,5248254131891465233,0.0013060569763183594,False,,suppressed,rate_limit,109
41247,2048,update,1785063756.823824,,1785063756.823336,upsert,0,64,RateFIFO,6602759660674530941,0.00048804283142089844,True,,enqueued,,112
41247,2048,update,1785063756.824345,1785063756.824345,1785063756.823336,upsert,0,64,RateFIFO,6602759660674530941,0.001009225845336914,True,,forwarded,,112
41247,2048,update,1785063756.8244917,,1785063756.8235145,upsert,3,64,RateFIFO,6602759660674530941,0.0009772777557373047,False,,suppressed,rate_limit,115
41247,2048,update,1785063756.8245933,,1785063756.8234746,upsert,2,64,RateFIFO,6602759660674530941,0.0011186599731445312,False,,suppressed,rate_limit,114
41247,2048,update,1785063756.824679,,1785063756.8234293,upsert,1,64,RateFIFO,6602759660674530941,0.001249551773071289,False,,suppressed,rate_limit,113
41247,2048,update,1785063760.84673,,1785063760.846272,upsert,0,64,RateFIFO,16374985302794130926,0.00045800209045410156,True,,enqueued,,116
41247,2048,update,1785063760.8472834,1785063760.8472834,1785063760.846272,upsert,0,64,RateFIFO,16374985302794130926,0.0010113716125488281,True,,forwarded,,116
41247,2048,update,1785063760.8474352,,1785063760.8464468,upsert,3,64,RateFIFO,16374985302794130926,0.0009884834289550781,False,,suppressed,rate_limit,119
41247,2048,update,1785063760.84754,,1785063760.8463643,upsert,1,64,RateFIFO,16374985302794130926,0.0011756420135498047,False,,suppressed,rate_limit,117
41247,2048,update,1785063760.8476298,,1785063760.8464088,upsert,2,64,RateFIFO,16374985302794130926,0.0012209415435791016,False,,suppressed,rate_limit,118
41247,1024,update,1785063762.23898,,1785063762.2385035,upsert,0,64,RateFIFO,11074190661555870271,0.00047659873962402344,False,,suppressed,rate_limit,120
41247,1024,update,1785063762.2394514,,1785063762.2386818,upsert,3,64,RateFIFO,11074190661555870271,0.0007696151733398438,False,,suppressed,rate_limit,123
41247,1024,update,1785063762.239577,,1785063762.2385967,upsert,1,64,RateFIFO,11074190661555870271,0.000980377197265625,False,,suppressed,rate_limit,121
41247,1024,update,1785063762.239669,,1785063762.2386434,upsert,2,64,RateFIFO,11074190661555870271,0.0010256767272949219,False,,suppressed,rate_limit,122
41247,4096,update,1785063775.3485193,,1785063775.3480558,upsert,0,64,RateFIFO,12578487649826242535,0.0004634857177734375,True,,enqueued,,124
41247,4096,update,1785063775.349078,1785063775.349078,1785063775.3480558,upsert,0,64,RateFIFO,12578487649826242535,0.0010221004486083984,True,,forwarded,,124
41247,4096,update,1785063775.3492317,,1785063775.3482304,upsert,3,64,RateFIFO,12578487649826242535,0.0010013580322265625,False,,suppressed,rate_limit,127
41247,4096,update,1785063775.349335,,1785063775.3481479,upsert,1,64,RateFIFO,12578487649826242535,0.0011870861053466797,False,,suppressed,rate_limit,125
41247,4096,update,1785063775.3494215,,1785063775.3481936,upsert,2,64,RateFIFO,12578487649826242535,0.0012278556823730469,False,,suppressed,rate_limit,126
41247,2048,update,1785063779.2676265,,1785063779.2671556,upsert,0,64,RateFIFO,9971467602450215698,0.00047087669372558594,True,,enqueued,,128
41247,2048,update,1785063779.2681856,1785063779.2681856,1785063779.2671556,upsert,0,64,RateFIFO,9971467602450215698,0.00102996826171875,True,,forwarded,,128
41247,2048,update,1785063779.2683392,,1785063779.267334,upsert,3,64,RateFIFO,9971467602450215698,0.0010051727294921875,False,,suppressed,rate_limit,131
41247,2048,update,1785063779.2684448,,1785063779.2672956,upsert,2,64,RateFIFO,9971467602450215698,0.0011491775512695312,False,,suppressed,rate_limit,130
41247,2048,update,1785063779.2685318,,1785063779.2672493,upsert,1,64,RateFIFO,9971467602450215698,0.0012824535369873047,False,,suppressed,rate_limit,129
41247,4096,update,1785063792.5502245,,1785063792.5497503,upsert,0,64,RateFIFO,16048794067380282208,0.0004742145538330078,True,,enqueued,,132
41247,4096,update,1785063792.5507476,1785063792.5507476,1785063792.5497503,upsert,0,64,RateFIFO,16048794067380282208,0.000997304916381836,True,,forwarded,,132
41247,4096,update,1785063792.5509503,,1785063792.5499423,upsert,3,64,RateFIFO,16048794067380282208,0.0010080337524414062,False,,suppressed,rate_limit,135
41247,4096,update,1785063792.551112,,1785063792.5498598,upsert,1,64,RateFIFO,16048794067380282208,0.0012521743774414062,False,,suppressed,rate_limit,133
41247,4096,update,1785063792.5512588,,1785063792.5499048,upsert,2,64,RateFIFO,16048794067380282208,0.0013539791107177734,False,,suppressed,rate_limit,134
41247,2048,update,1785063796.6006234,,1785063796.6002026,upsert,0,64,RateFIFO,17622982719236225751,0.0004208087921142578,True,,enqueued,,136
41247,2048,update,1785063796.6011572,1785063796.6011572,1785063796.6002026,upsert,0,64,RateFIFO,17622982719236225751,0.0009546279907226562,True,,forwarded,,136
41247,2048,update,1785063796.6013024,,1785063796.6003802,upsert,3,64,RateFIFO,17622982719236225751,0.0009222030639648438,False,,suppressed,rate_limit,139
41247,2048,update,1785063796.601402,,1785063796.6003408,upsert,2,64,RateFIFO,17622982719236225751,0.0010612010955810547,False,,suppressed,rate_limit,138
41247,2048,update,1785063796.6014867,,1785063796.600294,upsert,1,64,RateFIFO,17622982719236225751,0.0011925697326660156,False,,suppressed,rate_limit,137
41247,1024,update,1785063797.9815876,,1785063797.9811516,upsert,0,64,RateFIFO,2684601022077970021,0.0004360675811767578,False,,suppressed,rate_limit,140
41247,1024,update,1785063797.982077,,1785063797.981331,upsert,3,64,RateFIFO,2684601022077970021,0.0007457733154296875,False,,suppressed,rate_limit,143
41247,1024,update,1785063797.982206,,1785063797.9812922,upsert,2,64,RateFIFO,2684601022077970021,0.0009138584136962891,False,,suppressed,rate_limit,142
41247,1024,update,1785063797.9822996,,1785063797.9812453,upsert,1,64,RateFIFO,2684601022077970021,0.0010542869567871094,False,,suppressed,rate_limit,141
41247,2048,update,1785063802.2775671,,1785063802.2771413,upsert,0,64,RateFIFO,16954395879792744941,0.0004258155822753906,True,,enqueued,,144
41247,2048,update,1785063802.278101,1785063802.278101,1785063802.2771413,upsert,0,64,RateFIFO,16954395879792744941,0.0009596347808837891,True,,forwarded,,144
41247,2048,update,1785063802.2782495,,1785063802.2773228,upsert,3,64,RateFIFO,16954395879792744941,0.0009267330169677734,False,,suppressed,rate_limit,147
41247,2048,update,1785063802.2783513,,1785063802.2772372,upsert,1,64,RateFIFO,16954395879792744941,0.0011141300201416016,False,,suppressed,rate_limit,145
41247,2048,update,1785063802.2784383,,1785063802.2772834,upsert,2,64,RateFIFO,16954395879792744941,0.0011548995971679688,False,,suppressed,rate_limit,146
41247,2048,update,1785063806.2230651,,1785063806.222603,upsert,0,64,RateFIFO,4132850298606047245,0.0004620552062988281,True,,enqueued,,148
41247,2048,update,1785063806.2236285,1785063806.2236285,1785063806.222603,upsert,0,64,RateFIFO,4132850298606047245,0.0010254383087158203,True,,forwarded,,148
41247,2048,update,1785063806.2238114,,1785063806.2226992,upsert,3,64,RateFIFO,4132850298606047245,0.001112222671508789,False,,suppressed,rate_limit,151
41247,2048,update,1785063806.2239242,,1785063806.2226574,upsert,1,64,RateFIFO,4132850298606047245,0.0012667179107666016,False,,suppressed,rate_limit,149
41247,2048,update,1785063806.2240133,,1785063806.22268,upsert,2,64,RateFIFO,4132850298606047245,0.0013332366943359375,False,,suppressed,rate_limit,150
41247,2048,update,1785063810.2041025,,1785063810.2036185,upsert,0,64,RateFIFO,4141618429024808821,0.0004839897155761719,True,,enqueued,,152
41247,2048,update,1785063810.2046282,1785063810.2046282,1785063810.2036185,upsert,0,64,RateFIFO,4141618429024808821,0.0010097026824951172,True,,forwarded,,152
41247,2048,update,1785063810.2048132,,1785063810.2038279,upsert,3,64,RateFIFO,4141618429024808821,0.0009853839874267578,False,,suppressed,rate_limit,155
41247,2048,update,1785063810.2049224,,1785063810.2037637,upsert,2,64,RateFIFO,4141618429024808821,0.0011587142944335938,False,,suppressed,rate_limit,154
41247,2048,update,1785063810.2050083,,1785063810.2037165,upsert,1,64,RateFIFO,4141618429024808821,0.0012917518615722656,False,,suppressed,rate_limit,153
41247,1024,update,1785063811.5352628,,1785063811.5348158,upsert,0,64,RateFIFO,7638769856617818995,0.0004470348358154297,False,,suppressed,rate_limit,156
41247,1024,update,1785063811.5357196,,1785063811.5349886,upsert,3,64,RateFIFO,7638769856617818995,0.0007309913635253906,False,,suppressed,rate_limit,159
41247,1024,update,1785063811.5358808,,1785063811.5349507,upsert,2,64,RateFIFO,7638769856617818995,0.0009300708770751953,False,,suppressed,rate_limit,158
41247,1024,update,1785063811.5359921,,1785063811.5349078,upsert,1,64,RateFIFO,7638769856617818995,0.0010843276977539062,False,,suppressed,rate_limit,157
41247,2048,update,1785063815.6819088,,1785063815.6814737,upsert,0,64,RateFIFO,9940797030998834804,0.00043511390686035156,True,,enqueued,,160
41247,2048,update,1785063815.6824315,1785063815.6824315,1785063815.6814737,upsert,0,64,RateFIFO,9940797030998834804,0.0009577274322509766,True,,forwarded,,160
41247,2048,update,1785063815.68258,,1785063815.6816468,upsert,3,64,RateFIFO,9940797030998834804,0.0009331703186035156,False,,suppressed,rate_limit,163
41247,2048,update,1785063815.682681,,1785063815.6816094,upsert,2,64,RateFIFO,9940797030998834804,0.0010716915130615234,False,,suppressed,rate_limit,162
41247,2048,update,1785063815.6827683,,1785063815.681565,upsert,1,64,RateFIFO,9940797030998834804,0.001203298568725586,False,,suppressed,rate_limit,161
41247,1024,update,1785063817.0705311,,1785063817.0700705,upsert,0,64,RateFIFO,14361523986587977395,0.00046062469482421875,False,,suppressed,rate_limit,164
41247,1024,update,1785063817.0710351,,1785063817.0702472,upsert,3,64,RateFIFO,14361523986587977395,0.0007879734039306641,False,,suppressed,rate_limit,167
41247,1024,update,1785063817.0711634,,1785063817.070209,upsert,2,64,RateFIFO,14361523986587977395,0.0009543895721435547,False,,suppressed,rate_limit,166
41247,1024,update,1785063817.0712578,,1785063817.0701644,upsert,1,64,RateFIFO,14361523986587977395,0.0010933876037597656,False,,suppressed,rate_limit,165
41247,2048,update,1785063821.3272192,,1785063821.3267436,upsert,0,64,RateFIFO,14694726361257372,0.0004756450653076172,True,,enqueued,,168
41247,2048,update,1785063821.3277245,1785063821.3277245,1785063821.3267436,upsert,0,64,RateFIFO,14694726361257372,0.0009808540344238281,True,,forwarded,,168
41247,2048,update,1785063821.3279037,,1785063821.3269246,upsert,2,64,RateFIFO,14694726361257372,0.0009791851043701172,False,,suppressed,rate_limit,170
41247,2048,update,1785063821.3280067,,1785063821.3268723,upsert,1,64,RateFIFO,14694726361257372,0.0011343955993652344,False,,suppressed,rate_limit,169
41247,2048,update,1785063821.3280935,,1785063821.326969,upsert,3,64,RateFIFO,14694726361257372,0.0011246204376220703,False,,suppressed,rate_limit,171
41247,2048,update,1785063825.435167,,1785063825.4348168,upsert,0,64,RateFIFO,9417075026054648240,0.0003502368927001953,True,,enqueued,,172
41247,2048,update,1785063825.435444,1785063825.435444,1785063825.4348168,upsert,0,64,RateFIFO,9417075026054648240,0.0006272792816162109,True,,forwarded,,172
41247,2048,update,1785063825.435519,,1785063825.4350014,upsert,3,64,RateFIFO,9417075026054648240,0.0005176067352294922,False,,suppressed,rate_limit,175
41247,2048,update,1785063825.4355674,,1785063825.4349635,upsert,2,64,RateFIFO,9417075026054648240,0.0006039142608642578,False,,suppressed,rate_limit,174
41247,2048,update,1785063825.4356084,,1785063825.4349165,upsert,1,64,RateFIFO,9417075026054648240,0.0006918907165527344,False,,suppressed,rate_limit,173
41247,2048,update,1785063829.5152526,,1785063829.5148008,upsert,0,64,RateFIFO,7230541217248033124,0.00045180320739746094,True,,enqueued,,176
41247,2048,update,1785063829.51577,1785063829.51577,1785063829.5148008,upsert,0,64,RateFIFO,7230541217248033124,0.0009691715240478516,True,,forwarded,,176
41247,2048,update,1785063829.5159526,,1785063829.5149748,upsert,3,64,RateFIFO,7230541217248033124,0.0009777545928955078,False,,suppressed,rate_limit,179
41247,2048,update,1785063829.5160568,,1785063829.5148923,upsert,1,64,RateFIFO,7230541217248033124,0.0011644363403320312,False,,suppressed,rate_limit,177
41247,2048,update,1785063829.5161443,,1785063829.514938,upsert,2,64,RateFIFO,7230541217248033124,0.0012061595916748047,False,,suppressed,rate_limit,178
41247,4096,update,1785063842.4096951,,1785063842.40921,upsert,0,64,RateFIFO,12426261210083601366,0.0004851818084716797,True,,enqueued,,180
41247,4096,update,1785063842.4102762,1785063842.4102762,1785063842.40921,upsert,0,64,RateFIFO,12426261210083601366,0.0010662078857421875,True,,forwarded,,180
41247,4096,update,1785063842.4104292,,1785063842.4093957,upsert,3,64,RateFIFO,12426261210083601366,0.0010335445404052734,False,,suppressed,rate_limit,183
41247,4096,update,1785063842.4105334,,1785063842.4093578,upsert,2,64,RateFIFO,12426261210083601366,0.0011756420135498047,False,,suppressed,rate_limit,182
41247,4096,update,1785063842.410621,,1785063842.4093108,upsert,1,64,RateFIFO,12426261210083601366,0.001310110092163086,False,,suppressed,rate_limit,181
41247,2048,update,1785063846.5535655,,1785063846.5531085,upsert,0,64,RateFIFO,18366711127789728831,0.0004570484161376953,True,,enqueued,,184
41247,2048,update,1785063846.5541317,1785063846.5541317,1785063846.5531085,upsert,0,64,RateFIFO,18366711127789728831,0.0010232925415039062,True,,forwarded,,184
41247,2048,update,1785063846.5542836,,1785063846.5532877,upsert,3,64,RateFIFO,18366711127789728831,0.0009958744049072266,False,,suppressed,rate_limit,187
41247,2048,update,1785063846.5543888,,1785063846.553203,upsert,1,64,RateFIFO,18366711127789728831,0.0011856555938720703,False,,suppressed,rate_limit,185
41247,2048,update,1785063846.5544784,,1785063846.5532496,upsert,2,64,RateFIFO,18366711127789728831,0.0012288093566894531,False,,suppressed,rate_limit,186
41247,2048,update,1785063850.5646522,,1785063850.5642047,upsert,0,64,RateFIFO,10435555625340500992,0.0004475116729736328,True,,enqueued,,188
41247,2048,update,1785063850.5652063,1785063850.5652063,1785063850.5642047,upsert,0,64,RateFIFO,10435555625340500992,0.001001596450805664,True,,forwarded,,188
41247,2048,update,1785063850.565358,,1785063850.5643826,upsert,3,64,RateFIFO,10435555625340500992,0.0009753704071044922,False,,suppressed,rate_limit,191
41247,2048,update,1785063850.565461,,1785063850.5643458,upsert,2,64,RateFIFO,10435555625340500992,0.0011150836944580078,False,,suppressed,rate_limit,190
41247,2048,update,1785063850.5655468,,1785063850.5643015,upsert,1,64,RateFIFO,10435555625340500992,0.001245260238647461,False,,suppressed,rate_limit,189
41247,1024,update,1785063856.8713882,,1785063856.8709333,upsert,0,64,RateFIFO,4650049274038987083,0.00045490264892578125,True,,enqueued,,192
41247,2048,update,1785063856.8715637,,1785063856.871034,upsert,0,64,RateFIFO,5281956220402968541,0.0005297660827636719,False,,suppressed,rate_limit,193
41247,2048,update,1785063856.8716564,,1785063856.8710802,upsert,0,64,RateFIFO,15769623694692820738,0.0005762577056884766,False,,suppressed,rate_limit,194
41247,4096,update,1785063856.8717325,,1785063856.8711183,upsert,0,64,RateFIFO,9971321710674973507,0.000614166259765625,False,,suppressed,rate_limit,195
41247,1024,update,1785063856.8719435,1785063856.8719435,1785063856.8709333,upsert,0,64,RateFIFO,4650049274038987083,0.0010101795196533203,True,,forwarded,,192
41247,2048,update,1785063859.4605253,,1785063859.4601347,upsert,0,64,RateFIFO,15769623694692820738,0.0003905296325683594,True,,enqueued,,196
41247,2048,update,1785063859.4607148,,1785063859.4602468,upsert,0,64,RateFIFO,15769623694692820738,0.0004680156707763672,False,,suppressed,rate_limit,197
41247,1024,update,1785063859.4608464,,1785063859.4602942,upsert,0,64,RateFIFO,12523743054995375112,0.0005521774291992188,False,,suppressed,rate_limit,198
41247,2048,update,1785063859.4609253,,1785063859.4603324,upsert,0,64,RateFIFO,15769623694692820738,0.0005929470062255859,False,,suppressed,rate_limit,199
41247,2048,update,1785063859.4611099,1785063859.4611099,1785063859.4601347,upsert,0,64,RateFIFO,15769623694692820738,0.0009751319885253906,True,,forwarded,,196
41247,1024,update,1785063860.7393274,,1785063860.7388606,upsert,0,64,RateFIFO,14774026810505956694,0.0004668235778808594,False,,suppressed,rate_limit,200
41247,2048,update,1785063860.7394876,,1785063860.7390196,upsert,0,64,RateFIFO,15769623694692820738,0.0004680156707763672,False,,suppressed,rate_limit,202
41247,2048,update,1785063860.7395756,,1785063860.7390559,upsert,0,64,RateFIFO,15769623694692820738,0.0005197525024414062,False,,suppressed,rate_limit,203
41247,1024,update,1785063860.7398565,,1785063860.7389681,upsert,3,64,RateFIFO,12613465747135452669,0.0008883476257324219,False,,suppressed,rate_limit,201
41247,0,update,1785063860.750192,,1785063860.749651,tombstone,1,64,RateFIFO,15769623694692820738,0.0005409717559814453,False,,suppressed,rate_limit,204
41247,0,update,1785063860.7503607,,1785063860.7497354,tombstone,1,64,RateFIFO,12613465747135452669,0.0006253719329833984,False,,suppressed,rate_limit,205
41247,0,update,1785063860.7504516,,1785063860.749771,tombstone,1,64,RateFIFO,12523743054995375112,0.0006804466247558594,False,,suppressed,rate_limit,206
41247,0,update,1785063860.7505257,,1785063860.7498214,tombstone,1,64,RateFIFO,9971321710674973507,0.0007042884826660156,False,,suppressed,rate_limit,207
41247,0,update,1785063860.7505941,,1785063860.749849,tombstone,1,64,RateFIFO,4650049274038987083,0.0007450580596923828,False,,suppressed,rate_limit,208
41247,0,update,1785063860.7506588,,1785063860.7498777,tombstone,1,64,RateFIFO,3163096543987652428,0.0007810592651367188,False,,suppressed,rate_limit,209
41247,0,update,1785063860.7507224,,1785063860.7499065,tombstone,1,64,RateFIFO,10402019323283478844,0.0008158683776855469,False,,suppressed,rate_limit,210
41247,0,update,1785063860.7508059,,1785063860.749935,tombstone,1,64,RateFIFO,14064140743279553366,0.0008709430694580078,False,,suppressed,rate_limit,211
41247,0,update,1785063860.7510538,,1785063860.7499657,tombstone,1,64,RateFIFO,12376960631178457983,0.0010881423950195312,False,,suppressed,rate_limit,212
41247,0,update,1785063860.7511368,,1785063860.749995,tombstone,1,64,RateFIFO,947483498426156190,0.0011417865753173828,False,,suppressed,rate_limit,213
41247,0,update,1785063860.7512033,,1785063860.7500236,tombstone,1,64,RateFIFO,3073007241776570211,0.0011796951293945312,False,,suppressed,rate_limit,214
41247,0,update,1785063860.7512677,,1785063860.7500525,tombstone,1,64,RateFIFO,14108233664250482536,0.001215219497680664,False,,suppressed,rate_limit,215
41247,0,update,1785063860.7513301,,1785063860.7500808,tombstone,1,64,RateFIFO,14774026810505956694,0.0012493133544921875,False,,suppressed,rate_limit,216
41247,0,update,1785063860.7513928,,1785063860.7501087,tombstone,1,64,RateFIFO,5281956220402968541,0.0012841224670410156,False,,suppressed,rate_limit,217
41247,0,update,1785063860.7514555,,1785063860.750137,tombstone,1,64,RateFIFO,1785562587857272681,0.0013184547424316406,False,,suppressed,rate_limit,218
41247,0,update,1785063860.7515178,,1785063860.750166,tombstone,1,64,RateFIFO,1610475058989402671,0.0013518333435058594,False,,suppressed,rate_limit,219
41247,0,update,1785063860.7515798,,1785063860.7501957,tombstone,1,64,RateFIFO,13378001954599623759,0.0013840198516845703,False,,suppressed,rate_limit,220
41247,0,update,1785063860.7516437,,1785063860.750219,tombstone,1,64,RateFIFO,155989354309277790,0.001424551010131836,False,,suppressed,rate_limit,221
41247,0,update,1785063860.7517068,,1785063860.7502456,tombstone,1,64,RateFIFO,1187225797315579929,0.0014612674713134766,False,,suppressed,rate_limit,222
41247,0,update,1785063860.7517684,,1785063860.7502701,tombstone,1,64,RateFIFO,15960031488910374299,0.0014982223510742188,False,,suppressed,rate_limit,223
41247,0,update,1785063860.7518463,,1785063860.7502968,tombstone,1,64,RateFIFO,4596497935095405733,0.0015494823455810547,False,,suppressed,rate_limit,224
41247,0,update,1785063860.7519088,,1785063860.7503197,tombstone,1,64,RateFIFO,13063325218966850298,0.001589059829711914,False,,suppressed,rate_limit,225
41247,0,update,1785063860.7519708,,1785063860.7503395,tombstone,1,64,RateFIFO,8862197794517271531,0.0016312599182128906,False,,suppressed,rate_limit,226
41247,0,update,1785063860.7520325,,1785063860.7503593,tombstone,1,64,RateFIFO,13367182244321225226,0.0016732215881347656,False,,suppressed,rate_limit,227
41247,0,update,1785063860.7520947,,1785063860.7503848,tombstone,1,64,RateFIFO,17730309890119328358,0.0017099380493164062,False,,suppressed,rate_limit,228
41247,0,update,1785063860.7521563,,1785063860.7504048,tombstone,1,64,RateFIFO,16342886595574764735,0.0017514228820800781,False,,suppressed,rate_limit,229
41247,0,update,1785063860.7522185,,1785063860.7504249,tombstone,1,64,RateFIFO,13143428811662154315,0.0017936229705810547,False,,suppressed,rate_limit,230
41247,0,update,1785063860.7523057,,1785063860.7504487,tombstone,1,64,RateFIFO,5248254131891465233,0.0018570423126220703,False,,suppressed,rate_limit,231
41247,0,update,1785063860.7523723,,1785063860.750468,tombstone,1,64,RateFIFO,6602759660674530941,0.0019042491912841797,False,,suppressed,rate_limit,232
41247,0,update,1785063860.7524338,,1785063860.7504873,tombstone,1,64,RateFIFO,16374985302794130926,0.0019464492797851562,False,,suppressed,rate_limit,233
41247,0,update,1785063860.7524953,,1785063860.7505133,tombstone,1,64,RateFIFO,11074190661555870271,0.001981973648071289,False,,suppressed,rate_limit,234
41247,0,update,1785063860.752556,,1785063860.750533,tombstone,1,64,RateFIFO,12578487649826242535,0.002022981643676758,False,,suppressed,rate_limit,235
41247,0,update,1785063860.7526174,,1785063860.7505536,tombstone,1,64,RateFIFO,9971467602450215698,0.002063751220703125,False,,suppressed,rate_limit,236
41247,0,update,1785063860.7526789,,1785063860.7505782,tombstone,1,64,RateFIFO,16048794067380282208,0.002100706100463867,False,,suppressed,rate_limit,237
41247,0,update,1785063860.7527397,,1785063860.7506003,tombstone,1,64,RateFIFO,17622982719236225751,0.0021393299102783203,False,,suppressed,rate_limit,238
41247,0,update,1785063860.7528183,,1785063860.75062,tombstone,1,64,RateFIFO,2684601022077970021,0.002198457717895508,False,,suppressed,rate_limit,239
41247,0,update,1785063860.752881,,1785063860.7506394,tombstone,1,64,RateFIFO,16954395879792744941,0.0022416114807128906,False,,suppressed,rate_limit,240
41247,0,update,1785063860.7529438,,1785063860.7506638,tombstone,1,64,RateFIFO,4132850298606047245,0.002279996871948242,False,,suppressed,rate_limit,241
41247,0,update,1785063860.7530048,,1785063860.7506824,tombstone,1,64,RateFIFO,4141618429024808821,0.0023224353790283203,False,,suppressed,rate_limit,242
41247,0,update,1785063860.7530656,,1785063860.7507021,tombstone,1,64,RateFIFO,7638769856617818995,0.002363443374633789,False,,suppressed,rate_limit,243
41247,0,update,1785063860.753126,,1785063860.7507286,tombstone,1,64,RateFIFO,9940797030998834804,0.002397298812866211,False,,suppressed,rate_limit,244
41247,0,update,1785063860.7531865,,1785063860.750751,tombstone,1,64,RateFIFO,14361523986587977395,0.002435445785522461,False,,suppressed,rate_limit,245
41247,0,update,1785063860.753255,,1785063860.7507715,tombstone,1,64,RateFIFO,14694726361257372,0.002483367919921875,False,,suppressed,rate_limit,246
41247,0,update,1785063860.7533176,,1785063860.7508023,tombstone,1,64,RateFIFO,9417075026054648240,0.0025153160095214844,False,,suppressed,rate_limit,247
41247,0,update,1785063860.7533793,,1785063860.7508264,tombstone,1,64,RateFIFO,7230541217248033124,0.0025529861450195312,False,,suppressed,rate_limit,248
41247,0,update,1785063860.7534397,,1785063860.750846,tombstone,1,64,RateFIFO,12426261210083601366,0.0025937557220458984,False,,suppressed,rate_limit,249
41247,0,update,1785063860.7536573,,1785063860.750865,tombstone,1,64,RateFIFO,18366711127789728831,0.0027923583984375,False,,suppressed,rate_limit,250
41247,0,update,1785063860.7537382,,1785063860.7508886,tombstone,1,64,RateFIFO,10435555625340500992,0.002849578857421875,False,,suppressed,rate_limit,251
41247,1024,update,1785063861.7404208,,1785063861.7399752,upsert,2,64,RateFIFO,11074190661555870271,0.0004456043243408203,True,,enqueued,,252
41247,1024,update,1785063861.740839,1785063861.740839,1785063861.7399752,upsert,2,64,RateFIFO,11074190661555870271,0.0008637905120849609,True,,forwarded,,252
41247,2048,update,1785063861.740991,,1785063861.7400758,upsert,0,64,RateFIFO,15769623694692820738,0.0009152889251708984,False,,suppressed,rate_limit,253
41247,2048,update,1785063861.741079,,1785063861.740124,upsert,0,64,RateFIFO,15769623694692820738,0.0009551048278808594,False,,suppressed,rate_limit,254
41247,1024,update,1785063861.7411647,,1785063861.740163,upsert,3,64,RateFIFO,12613465747135452669,0.001001596450805664,False,,suppressed,rate_limit,255
41247,1024,update,1785063863.9205272,,1785063863.9201322,upsert,0,64,RateFIFO,4650049274038987083,0.00039505958557128906,True,,enqueued,,256
41247,1024,update,1785063863.9206808,,1785063863.9202828,upsert,0,64,RateFIFO,12523743054995375112,0.0003979206085205078,False,,suppressed,rate_limit,258
41247,1024,update,1785063863.9207723,,1785063863.9203217,upsert,0,64,RateFIFO,3163096543987652428,0.0004506111145019531,False,,suppressed,rate_limit,259
41247,1024,update,1785063863.921105,1785063863.921105,1785063863.9201322,upsert,0,64,RateFIFO,4650049274038987083,0.000972747802734375,True,,forwarded,,256
41247,1024,update,1785063863.921239,,1785063863.9202316,upsert,1,64,RateFIFO,12613465747135452669,0.0010073184967041016,False,,suppressed,rate_limit,257
41247,2048,update,1785063866.88994,,1785063866.889546,upsert,0,64,RateFIFO,15769623694692820738,0.0003941059112548828,True,,enqueued,,260
41247,2048,update,1785063866.890093,,1785063866.889649,upsert,0,64,RateFIFO,17622982719236225751,0.00044417381286621094,False,,suppressed,rate_limit,261
41247,4096,update,1785063866.8901703,,1785063866.889696,upsert,0,64,RateFIFO,9971321710674973507,0.0004744529724121094,False,,suppressed,rate_limit,262
41247,2048,update,1785063866.8902318,,1785063866.8897326,upsert,0,64,RateFIFO,15769623694692820738,0.0004992485046386719,False,,suppressed,rate_limit,263
41247,2048,update,1785063866.8903797,1785063866.8903797,1785063866.889546,upsert,0,64,RateFIFO,15769623694692820738,0.0008337497711181641,True,,forwarded,,260
41247,0,update,1785063866.9000263,,1785063866.8995562,tombstone,2,64,RateFIFO,15769623694692820738,0.00047016143798828125,False,,suppressed,rate_limit,264
41247,0,update,1785063866.9001827,,1785063866.8996344,tombstone,2,64,RateFIFO,12613465747135452669,0.0005483627319335938,False,,suppressed,rate_limit,265
41247,0,update,1785063866.9002757,,1785063866.8996704,tombstone,2,64,RateFIFO,12523743054995375112,0.0006053447723388672,False,,suppressed,rate_limit,266
41247,0,update,1785063866.9003491,,1785063866.899703,tombstone,2,64,RateFIFO,9971321710674973507,0.0006461143493652344,False,,suppressed,rate_limit,267
41247,0,update,1785063866.9004157,,1785063866.8997345,tombstone,2,64,RateFIFO,4650049274038987083,0.0006811618804931641,False,,suppressed,rate_limit,268
41247,0,update,1785063866.9006853,,1785063866.899765,tombstone,2,64,RateFIFO,3163096543987652428,0.0009202957153320312,False,,suppressed,rate_limit,269
41247,0,update,1785063866.9007697,,1785063866.8998163,tombstone,2,64,RateFIFO,10402019323283478844,0.0009534358978271484,False,,suppressed,rate_limit,270
41247,0,update,1785063866.900852,,1785063866.8998466,tombstone,2,64,RateFIFO,14064140743279553366,0.001005411148071289,False,,suppressed,rate_limit,271
41247,0,update,1785063866.9009175,,1785063866.899876,tombstone,2,64,RateFIFO,12376960631178457983,0.001041412353515625,False,,suppressed,rate_limit,272
41247,0,update,1785063866.9009814,,1785063866.8999054,tombstone,2,64,RateFIFO,947483498426156190,0.0010759830474853516,False,,suppressed,rate_limit,273
41247,0,update,1785063866.901047,,1785063866.8999355,tombstone,2,64,RateFIFO,3073007241776570211,0.0011115074157714844,False,,suppressed,rate_limit,274
41247,0,update,1785063866.9011102,,1785063866.8999655,tombstone,2,64,RateFIFO,14108233664250482536,0.0011446475982666016,False,,suppressed,rate_limit,275
41247,0,update,1785063866.9011748,,1785063866.8999932,tombstone,2,64,RateFIFO,14774026810505956694,0.0011816024780273438,False,,suppressed,rate_limit,276
41247,0,update,1785063866.9012377,,1785063866.9000208,tombstone,2,64,RateFIFO,5281956220402968541,0.001216888427734375,False,,suppressed,rate_limit,277
41247,0,update,1785063866.9013004,,1785063866.900048,tombstone,2,64,RateFIFO,1785562587857272681,0.0012524127960205078,False,,suppressed,rate_limit,278
41247,0,update,1785063866.9013627,,1785063866.9000762,tombstone,2,64,RateFIFO,1610475058989402671,0.0012865066528320312,False,,suppressed,rate_limit,279
41247,0,update,1785063866.9014254,,1785063866.900104,tombstone,2,64,RateFIFO,13378001954599623759,0.0013213157653808594,False,,suppressed,rate_limit,280
41247,0,update,1785063866.9014888,,1785063866.900126,tombstone,2,64,RateFIFO,155989354309277790,0.0013628005981445312,False,,suppressed,rate_limit,281
41247,0,update,1785063866.901553,,1785063866.900154,tombstone,2,64,RateFIFO,1187225797315579929,0.0013988018035888672,False,,suppressed,rate_limit,282
41247,0,update,1785063866.9016151,,1785063866.900194,tombstone,2,64,RateFIFO,15960031488910374299,0.001421213150024414,False,,suppressed,rate_limit,283
41247,0,update,1785063866.9018528,,1785063866.900229,tombstone,2,64,RateFIFO,4596497935095405733,0.0016238689422607422,False,,suppressed,rate_limit,284
41247,0,update,1785063866.901938,,1785063866.9002662,tombstone,2,64,RateFIFO,13063325218966850298,0.0016717910766601562,False,,suppressed,rate_limit,285
41247,0,update,1785063866.902002,,1785063866.9003048,tombstone,2,64,RateFIFO,8862197794517271531,0.0016973018646240234,False,,suppressed,rate_limit,286
41247,0,update,1785063866.902066,,1785063866.9003341,tombstone,2,64,RateFIFO,13367182244321225226,0.00173187255859375,False,,suppressed,rate_limit,287
41247,0,update,1785063866.9021275,,1785063866.90037,tombstone,2,64,RateFIFO,17730309890119328358,0.0017576217651367188,False,,suppressed,rate_limit,288
41247,0,update,1785063866.9021904,,1785063866.9004083,tombstone,2,64,RateFIFO,16342886595574764735,0.0017821788787841797,False,,suppressed,rate_limit,289
41247,0,update,1785063866.9022515,,1785063866.900449,tombstone,2,64,RateFIFO,13143428811662154315,0.0018024444580078125,False,,suppressed,rate_limit,290
41247,0,update,1785063866.9023135,,1785063866.9004843,tombstone,2,64,RateFIFO,5248254131891465233,0.0018291473388671875,False,,suppressed,rate_limit,291
41247,0,update,1785063866.9023783,,1785063866.9005234,tombstone,2,64,RateFIFO,6602759660674530941,0.0018548965454101562,False,,suppressed,rate_limit,292
41247,0,update,1785063866.9024408,,1785063866.900551,tombstone,2,64,RateFIFO,16374985302794130926,0.0018897056579589844,False,,suppressed,rate_limit,293
41247,0,update,1785063866.9025018,,1785063866.9005737,tombstone,2,64,RateFIFO,12578487649826242535,0.001928091049194336,False,,suppressed,rate_limit,294
41247,0,update,1785063866.9025633,,1785063866.900594,tombstone,2,64,RateFIFO,9971467602450215698,0.0019693374633789062,False,,suppressed,rate_limit,295
41247,0,update,1785063866.9026248,,1785063866.9006195,tombstone,2,64,RateFIFO,16048794067380282208,0.002005338668823242,False,,suppressed,rate_limit,296
41247,0,update,1785063866.9026873,,1785063866.9006445,tombstone,2,64,RateFIFO,17622982719236225751,0.0020427703857421875,False,,suppressed,rate_limit,297
41247,0,update,1785063866.90275,,1785063866.90067,tombstone,2,64,RateFIFO,2684601022077970021,0.0020799636840820312,False,,suppressed,rate_limit,298
41247,0,update,1785063866.9028277,,1785063866.900695,tombstone,2,64,RateFIFO,16954395879792744941,0.0021326541900634766,False,,suppressed,rate_limit,299
41247,0,update,1785063866.9028912,,1785063866.9007194,tombstone,2,64,RateFIFO,4132850298606047245,0.002171754837036133,False,,suppressed,rate_limit,300
41247,0,update,1785063866.9029534,,1785063866.9007437,tombstone,2,64,RateFIFO,4141618429024808821,0.0022096633911132812,False,,suppressed,rate_limit,301
41247,0,update,1785063866.9030159,,1785063866.9007847,tombstone,2,64,RateFIFO,7638769856617818995,0.002231121063232422,False,,suppressed,rate_limit,302
41247,0,update,1785063866.903078,,1785063866.900823,tombstone,2,64,RateFIFO,9940797030998834804,0.002254962921142578,False,,suppressed,rate_limit,303
41247,0,update,1785063866.9031405,,1785063866.9008653,tombstone,2,64,RateFIFO,14361523986587977395,0.002275228500366211,False,,suppressed,rate_limit,304
41247,0,update,1785063866.903203,,1785063866.9009025,tombstone,2,64,RateFIFO,14694726361257372,0.0023005008697509766,False,,suppressed,rate_limit,305
41247,0,update,1785063866.9032676,,1785063866.900939,tombstone,2,64,RateFIFO,9417075026054648240,0.002328634262084961,False,,suppressed,rate_limit,306
41247,0,update,1785063866.9033282,,1785063866.9009778,tombstone,2,64,RateFIFO,7230541217248033124,0.002350330352783203,False,,suppressed,rate_limit,307
41247,0,update,1785063866.90339,,1785063866.901015,tombstone,2,64,RateFIFO,12426261210083601366,0.002374887466430664,False,,suppressed,rate_limit,308
41247,0,update,1785063866.903452,,1785063866.9010499,tombstone,2,64,RateFIFO,18366711127789728831,0.002402067184448242,False,,suppressed,rate_limit,309
41247,0,update,1785063866.9035132,,1785063866.901085,tombstone,2,64,RateFIFO,10435555625340500992,0.002428293228149414,False,,suppressed,rate_limit,310
41247,0,update,1785063866.9035733,,1785063866.9011164,tombstone,2,64,RateFIFO,11074190661555870271,0.0024569034576416016,False,,suppressed,rate_limit,311
41247,1024,update,1785063868.3925292,,1785063868.3919866,upsert,3,64,RateFIFO,12613465747135452669,0.0005426406860351562,True,,enqueued,,312
41247,1024,update,1785063868.3929954,1785063868.3929954,1785063868.3919866,upsert,3,64,RateFIFO,12613465747135452669,0.001008749008178711,True,,forwarded,,312
41247,2048,update,1785063868.393211,,1785063868.39226,upsert,0,64,RateFIFO,18366711127789728831,0.0009508132934570312,False,,suppressed,rate_limit,313
41247,2048,update,1785063868.3933532,,1785063868.3926232,upsert,0,64,RateFIFO,15769623694692820738,0.0007300376892089844,False,,suppressed,rate_limit,314
41247,1024,update,1785063868.3937392,,1785063868.3930078,upsert,1,64,RateFIFO,12613465747135452669,0.0007314682006835938,False,,suppressed,rate_limit,315
41247,4096,update,1785063875.8064485,,1785063875.8059893,upsert,0,64,RateFIFO,10402019323283478844,0.0004591941833496094,True,,enqueued,,316
41247,4096,update,1785063875.806749,1785063875.806749,1785063875.8059893,upsert,0,64,RateFIFO,10402019323283478844,0.0007598400115966797,True,,forwarded,,316
41247,1024,update,1785063875.8070695,,1785063875.8064406,upsert,1,64,RateFIFO,14361523986587977395,0.0006289482116699219,False,,suppressed,rate_limit,317
41247,2048,update,1785063875.8072786,,1785063875.8066154,upsert,0,64,RateFIFO,12376960631178457983,0.0006632804870605469,False,,suppressed,rate_limit,318
41247,4096,update,1785063875.807371,,1785063875.8068397,upsert,0,64,RateFIFO,12578487649826242535,0.0005311965942382812,False,,suppressed,rate_limit,319
41247,1024,update,1785063881.2076447,,1785063881.20715,upsert,3,64,RateFIFO,12613465747135452669,0.0004947185516357422,True,,enqueued,,320
41247,1024,update,1785063881.2080154,1785063881.2080154,1785063881.20715,upsert,3,64,RateFIFO,12613465747135452669,0.0008654594421386719,True,,forwarded,,320
41247,4096,update,1785063881.2081687,,1785063881.2073963,upsert,0,64,RateFIFO,12426261210083601366,0.0007724761962890625,False,,suppressed,rate_limit,321
41247,2048,update,1785063881.208259,,1785063881.2077713,upsert,0,64,RateFIFO,14064140743279553366,0.0004878044128417969,False,,suppressed,rate_limit,322
41247,2048,update,1785063881.2084575,,1785063881.208,upsert,0,64,RateFIFO,15769623694692820738,0.00045752525329589844,False,,suppressed,rate_limit,323
41247,0,update,1785063881.2208252,,1785063881.2202032,tombstone,3,64,RateFIFO,15769623694692820738,0.0006220340728759766,False,,suppressed,rate_limit,324
41247,0,update,1785063881.2210643,,1785063881.220286,tombstone,3,64,RateFIFO,12523743054995375112,0.0007784366607666016,False,,suppressed,rate_limit,325
41247,0,update,1785063881.221211,,1785063881.220323,tombstone,3,64,RateFIFO,9971321710674973507,0.0008878707885742188,False,,suppressed,rate_limit,326
41247,0,update,1785063881.22135,,1785063881.2203536,tombstone,3,64,RateFIFO,4650049274038987083,0.0009963512420654297,False,,suppressed,rate_limit,327
41247,0,update,1785063881.2214785,,1785063881.220392,tombstone,3,64,RateFIFO,3163096543987652428,0.0010864734649658203,False,,suppressed,rate_limit,328
41247,0,update,1785063881.2216012,,1785063881.2204344,tombstone,3,64,RateFIFO,10402019323283478844,0.0011668205261230469,False,,suppressed,rate_limit,329
41247,0,update,1785063881.221722,,1785063881.2204757,tombstone,3,64,RateFIFO,14064140743279553366,0.0012462139129638672,False,,suppressed,rate_limit,330
41247,0,update,1785063881.2221415,,1785063881.2205274,tombstone,3,64,RateFIFO,12376960631178457983,0.0016140937805175781,False,,suppressed,rate_limit,331
41247,0,update,1785063881.2222843,,1785063881.220575,tombstone,3,64,RateFIFO,947483498426156190,0.0017092227935791016,False,,suppressed,rate_limit,332
41247,0,update,1785063881.2224102,,1785063881.2206233,tombstone,3,64,RateFIFO,3073007241776570211,0.001786947250366211,False,,suppressed,rate_limit,333
41247,0,update,1785063881.2225344,,1785063881.2206714,tombstone,3,64,RateFIFO,14108233664250482536,0.0018630027770996094,False,,suppressed,rate_limit,334
41247,0,update,1785063881.2226536,,1785063881.220718,tombstone,3,64,RateFIFO,14774026810505956694,0.001935720443725586,False,,suppressed,rate_limit,335
41247,0,update,1785063881.2227697,,1785063881.220763,tombstone,3,64,RateFIFO,5281956220402968541,0.0020067691802978516,False,,suppressed,rate_limit,336
41247,0,update,1785063881.2229037,,1785063881.2208314,tombstone,3,64,RateFIFO,1785562587857272681,0.0020723342895507812,False,,suppressed,rate_limit,337
41247,0,update,1785063881.22302,,1785063881.2208781,tombstone,3,64,RateFIFO,1610475058989402671,0.0021419525146484375,False,,suppressed,rate_limit,338
41247,0,update,1785063881.223129,,1785063881.220923,tombstone,3,64,RateFIFO,13378001954599623759,0.002206087112426758,False,,suppressed,rate_limit,339
41247,0,update,1785063881.2232358,,1785063881.2209585,tombstone,3,64,RateFIFO,155989354309277790,0.002277374267578125,False,,suppressed,rate_limit,340
41247,0,update,1785063881.2233386,,1785063881.220999,tombstone,3,64,RateFIFO,1187225797315579929,0.002339601516723633,False,,suppressed,rate_limit,341
41247,0,update,1785063881.2234354,,1785063881.2210355,tombstone,3,64,RateFIFO,15960031488910374299,0.002399921417236328,False,,suppressed,rate_limit,342
41247,0,update,1785063881.2235374,,1785063881.221072,tombstone,3,64,RateFIFO,4596497935095405733,0.002465486526489258,False,,suppressed,rate_limit,343
41247,0,update,1785063881.2236433,,1785063881.2211084,tombstone,3,64,RateFIFO,13063325218966850298,0.0025348663330078125,False,,suppressed,rate_limit,344
41247,0,update,1785063881.223753,,1785063881.2211444,tombstone,3,64,RateFIFO,8862197794517271531,0.0026085376739501953,False,,suppressed,rate_limit,345
41247,0,update,1785063881.2241607,,1785063881.2211795,tombstone,3,64,RateFIFO,13367182244321225226,0.0029811859130859375,False,,suppressed,rate_limit,346
41247,0,update,1785063881.224303,,1785063881.2212176,tombstone,3,64,RateFIFO,17730309890119328358,0.0030853748321533203,False,,suppressed,rate_limit,347
41247,0,update,1785063881.2244189,,1785063881.2212548,tombstone,3,64,RateFIFO,16342886595574764735,0.003164052963256836,False,,suppressed,rate_limit,348
41247,0,update,1785063881.2245207,,1785063881.221296,tombstone,3,64,RateFIFO,13143428811662154315,0.003224611282348633,False,,suppressed,rate_limit,349
41247,0,update,1785063881.2246242,,1785063881.2213366,tombstone,3,64,RateFIFO,5248254131891465233,0.0032875537872314453,False,,suppressed,rate_limit,350
41247,0,update,1785063881.2247362,,1785063881.2213774,tombstone,3,64,RateFIFO,6602759660674530941,0.0033588409423828125,False,,suppressed,rate_limit,351
41247,0,update,1785063881.22487,,1785063881.2214172,tombstone,3,64,RateFIFO,16374985302794130926,0.003452777862548828,False,,suppressed,rate_limit,352
41247,0,update,1785063881.2249866,,1785063881.2214541,tombstone,3,64,RateFIFO,11074190661555870271,0.00353240966796875,False,,suppressed,rate_limit,353
41247,0,update,1785063881.2251046,,1785063881.2214952,tombstone,3,64,RateFIFO,12578487649826242535,0.0036094188690185547,False,,suppressed,rate_limit,354
41247,0,update,1785063881.2252204,,1785063881.2215407,tombstone,3,64,RateFIFO,9971467602450215698,0.0036797523498535156,False,,suppressed,rate_limit,355
41247,0,update,1785063881.2253306,,1785063881.2215798,tombstone,3,64,RateFIFO,16048794067380282208,0.0037508010864257812,False,,suppressed,rate_limit,356
41247,0,update,1785063881.2254357,,1785063881.2216206,tombstone,3,64,RateFIFO,17622982719236225751,0.003815174102783203,False,,suppressed,rate_limit,357
41247,0,update,1785063881.2255478,,1785063881.2216609,tombstone,3,64,RateFIFO,2684601022077970021,0.0038869380950927734,False,,suppressed,rate_limit,358
41247,0,update,1785063881.225666,,1785063881.2216992,tombstone,3,64,RateFIFO,16954395879792744941,0.003966808319091797,False,,suppressed,rate_limit,359
41247,0,update,1785063881.225794,,1785063881.2217386,tombstone,3,64,RateFIFO,4132850298606047245,0.004055500030517578,False,,suppressed,rate_limit,360
41247,0,update,1785063881.2259154,,1785063881.2217944,tombstone,3,64,RateFIFO,4141618429024808821,0.004121065139770508,False,,suppressed,rate_limit,361
41247,0,update,1785063881.2260325,,1785063881.2218425,tombstone,3,64,RateFIFO,7638769856617818995,0.004189968109130859,False,,suppressed,rate_limit,362
41247,0,update,1785063881.2261362,,1785063881.2218826,tombstone,3,64,RateFIFO,9940797030998834804,0.0042536258697509766,False,,suppressed,rate_limit,363
41247,0,update,1785063881.2262504,,1785063881.221925,tombstone,3,64,RateFIFO,14361523986587977395,0.004325389862060547,False,,suppressed,rate_limit,364
41247,0,update,1785063881.2263622,,1785063881.2219648,tombstone,3,64,RateFIFO,14694726361257372,0.004397392272949219,False,,suppressed,rate_limit,365
41247,0,update,1785063881.2264748,,1785063881.222001,tombstone,3,64,RateFIFO,9417075026054648240,0.004473686218261719,False,,suppressed,rate_limit,366
41247,0,update,1785063881.2265837,,1785063881.222044,tombstone,3,64,RateFIFO,7230541217248033124,0.0045397281646728516,False,,suppressed,rate_limit,367
41247,0,update,1785063881.226695,,1785063881.2220798,tombstone,3,64,RateFIFO,12426261210083601366,0.004615306854248047,False,,suppressed,rate_limit,368
41247,0,update,1785063881.226822,,1785063881.2221153,tombstone,3,64,RateFIFO,18366711127789728831,0.004706621170043945,False,,suppressed,rate_limit,369
41247,0,update,1785063881.2269342,,1785063881.2221518,tombstone,3,64,RateFIFO,10435555625340500992,0.004782438278198242,False,,suppressed,rate_limit,370
41247,0,update,1785063881.2270472,,1785063881.2221894,tombstone,3,64,RateFIFO,12613465747135452669,0.004857778549194336,False,,suppressed,rate_limit,371
41247,4096,update,1785063884.05544,,1785063884.0549822,upsert,0,64,RateFIFO,13378001954599623759,0.000457763671875,True,,enqueued,,372
41247,4096,update,1785063884.0557604,1785063884.0557604,1785063884.0549822,upsert,0,64,RateFIFO,13378001954599623759,0.0007781982421875,True,,forwarded,,372
41247,2048,update,1785063884.0561693,,1785063884.05559,upsert,0,64,RateFIFO,15769623694692820738,0.0005793571472167969,False,,suppressed,rate_limit,373
41247,1024,update,1785063884.0565145,,1785063884.056003,upsert,3,64,RateFIFO,7638769856617818995,0.0005114078521728516,False,,suppressed,rate_limit,374
41247,1024,update,1785063884.056667,,1785063884.0562766,upsert,3,64,RateFIFO,12613465747135452669,0.0003905296325683594,False,,suppressed,rate_limit,375
41247,2048,update,1785063887.439465,,1785063887.4390223,upsert,0,64,RateFIFO,15769623694692820738,0.00044274330139160156,True,,enqueued,,376
41247,2048,update,1785063887.4397633,1785063887.4397633,1785063887.4390223,upsert,0,64,RateFIFO,15769623694692820738,0.0007410049438476562,True,,forwarded,,376
41247,2048,update,1785063887.4400394,,1785063887.4393404,upsert,0,64,RateFIFO,15769623694692820738,0.0006990432739257812,False,,suppressed,rate_limit,377
41247,4096,update,1785063887.4401412,,1785063887.4395635,upsert,0,64,RateFIFO,16048794067380282208,0.0005776882171630859,False,,suppressed,rate_limit,378
41247,4096,update,1785063887.440339,,1785063887.4399283,upsert,0,64,RateFIFO,16342886595574764735,0.0004107952117919922,False,,suppressed,rate_limit,379
41247,1024,update,1785063888.5152423,,1785063888.5147429,upsert,3,64,RateFIFO,12613465747135452669,0.0004994869232177734,False,,suppressed,rate_limit,380
41247,2048,update,1785063888.5155149,,1785063888.5150108,upsert,0,64,RateFIFO,15769623694692820738,0.0005040168762207031,False,,suppressed,rate_limit,381
41247,2048,update,1785063888.5158129,,1785063888.5153873,upsert,0,64,RateFIFO,15769623694692820738,0.00042557716369628906,False,,suppressed,rate_limit,383
41247,1024,update,1785063888.5159245,,1785063888.5152426,upsert,3,64,RateFIFO,12613465747135452669,0.0006818771362304688,False,,suppressed,rate_limit,382
41247,0,update,1785063888.5247388,,1785063888.524498,tombstone,0,64,RateFIFO,12613465747135452669,0.00024080276489257812,False,,suppressed,rate_limit,384
41247,0,update,1785063888.5248456,,1785063888.5245624,tombstone,0,64,RateFIFO,947483498426156190,0.00028324127197265625,False,,suppressed,rate_limit,385
41247,0,update,1785063888.5249186,,1785063888.5245962,tombstone,0,64,RateFIFO,3073007241776570211,0.0003223419189453125,False,,suppressed,rate_limit,386
41247,0,update,1785063888.5250866,,1785063888.524627,tombstone,0,64,RateFIFO,14108233664250482536,0.0004596710205078125,False,,suppressed,rate_limit,387
41247,0,update,1785063888.5251646,,1785063888.5246565,tombstone,0,64,RateFIFO,1785562587857272681,0.0005080699920654297,False,,suppressed,rate_limit,388
41247,0,update,1785063888.5252292,,1785063888.524686,tombstone,0,64,RateFIFO,1610475058989402671,0.0005431175231933594,False,,suppressed,rate_limit,389
41247,0,update,1785063888.5252924,,1785063888.5247147,tombstone,0,64,RateFIFO,155989354309277790,0.0005776882171630859,False,,suppressed,rate_limit,390
41247,0,update,1785063888.525357,,1785063888.5247426,tombstone,0,64,RateFIFO,1187225797315579929,0.0006144046783447266,False,,suppressed,rate_limit,391
41247,0,update,1785063888.525421,,1785063888.524772,tombstone,0,64,RateFIFO,15960031488910374299,0.0006489753723144531,False,,suppressed,rate_limit,392
41247,0,update,1785063888.5254848,,1785063888.524816,tombstone,0,64,RateFIFO,4596497935095405733,0.0006687641143798828,False,,suppressed,rate_limit,393
41247,0,update,1785063888.525547,,1785063888.524845,tombstone,0,64,RateFIFO,13063325218966850298,0.0007021427154541016,False,,suppressed,rate_limit,394
41247,0,update,1785063888.5256083,,1785063888.5248723,tombstone,0,64,RateFIFO,8862197794517271531,0.0007359981536865234,False,,suppressed,rate_limit,395
41247,0,update,1785063888.525669,,1785063888.5248997,tombstone,0,64,RateFIFO,13367182244321225226,0.0007693767547607422,False,,suppressed,rate_limit,396
41247,0,update,1785063888.5257287,,1785063888.5249279,tombstone,0,64,RateFIFO,17730309890119328358,0.0008008480072021484,False,,suppressed,rate_limit,397
41247,0,update,1785063888.5260217,,1785063888.5249546,tombstone,0,64,RateFIFO,13143428811662154315,0.0010671615600585938,False,,suppressed,rate_limit,398
41247,0,update,1785063888.526107,,1785063888.5249772,tombstone,0,64,RateFIFO,5248254131891465233,0.0011298656463623047,False,,suppressed,rate_limit,399
41247,0,update,1785063888.5261722,,1785063888.5249987,tombstone,0,64,RateFIFO,6602759660674530941,0.0011734962463378906,False,,suppressed,rate_limit,400
41247,0,update,1785063888.526235,,1785063888.525021,tombstone,0,64,RateFIFO,16374985302794130926,0.0012140274047851562,False,,suppressed,rate_limit,401
41247,0,update,1785063888.526298,,1785063888.5250418,tombstone,0,64,RateFIFO,11074190661555870271,0.0012562274932861328,False,,suppressed,rate_limit,402
41247,0,update,1785063888.5263608,,1785063888.5250614,tombstone,0,64,RateFIFO,9971467602450215698,0.0012993812561035156,False,,suppressed,rate_limit,403
41247,0,update,1785063888.526423,,1785063888.525092,tombstone,0,64,RateFIFO,2684601022077970021,0.0013310909271240234,False,,suppressed,rate_limit,404
41247,0,update,1785063888.5264852,,1785063888.525112,tombstone,0,64,RateFIFO,16954395879792744941,0.001373291015625,False,,suppressed,rate_limit,405
41247,0,update,1785063888.5265474,,1785063888.5251374,tombstone,0,64,RateFIFO,4132850298606047245,0.0014100074768066406,False,,suppressed,rate_limit,406
41247,0,update,1785063888.526609,,1785063888.5251627,tombstone,0,64,RateFIFO,4141618429024808821,0.0014462471008300781,False,,suppressed,rate_limit,407
41247,0,update,1785063888.5266874,,1785063888.5251896,tombstone,0,64,RateFIFO,7638769856617818995,0.0014977455139160156,False,,suppressed,rate_limit,408
41247,0,update,1785063888.5267534,,1785063888.5252142,tombstone,0,64,RateFIFO,9940797030998834804,0.0015392303466796875,False,,suppressed,rate_limit,409
41247,0,update,1785063888.526829,,1785063888.525234,tombstone,0,64,RateFIFO,14361523986587977395,0.0015950202941894531,False,,suppressed,rate_limit,410
41247,0,update,1785063888.5268905,,1785063888.5252545,tombstone,0,64,RateFIFO,14694726361257372,0.0016360282897949219,False,,suppressed,rate_limit,411
41247,0,update,1785063888.5269542,,1785063888.5252743,tombstone,0,64,RateFIFO,9417075026054648240,0.0016798973083496094,False,,suppressed,rate_limit,412
41247,0,update,1785063888.5270162,,1785063888.5252957,tombstone,0,64,RateFIFO,7230541217248033124,0.001720428466796875,False,,suppressed,rate_limit,413
41247,0,update,1785063888.5270782,,1785063888.5253155,tombstone,0,64,RateFIFO,10435555625340500992,0.0017626285552978516,False,,suppressed,rate_limit,414
41247,0,update,1785063888.5271401,,1785063888.5253425,tombstone,0,64,RateFIFO,5281956220402968541,0.0017976760864257812,False,,suppressed,rate_limit,415
41247,0,update,1785063888.5272012,,1785063888.5253618,tombstone,0,64,RateFIFO,14774026810505956694,0.0018393993377685547,False,,suppressed,rate_limit,416
41247,0,update,1785063888.5272624,,1785063888.525382,tombstone,0,64,RateFIFO,4650049274038987083,0.0018804073333740234,False,,suppressed,rate_limit,417
41247,0,update,1785063888.5273235,,1785063888.525401,tombstone,0,64,RateFIFO,12523743054995375112,0.0019223690032958984,False,,suppressed,rate_limit,418
41247,0,update,1785063888.5275214,,1785063888.5254254,tombstone,0,64,RateFIFO,3163096543987652428,0.002095937728881836,False,,suppressed,rate_limit,419
41247,0,update,1785063888.5276012,,1785063888.5254447,tombstone,0,64,RateFIFO,17622982719236225751,0.002156496047973633,False,,suppressed,rate_limit,420
41247,0,update,1785063888.5276647,,1785063888.5254648,tombstone,0,64,RateFIFO,9971321710674973507,0.002199888229370117,False,,suppressed,rate_limit,421
41247,0,update,1785063888.5277276,,1785063888.525484,tombstone,0,64,RateFIFO,18366711127789728831,0.002243518829345703,False,,suppressed,rate_limit,422
41247,0,update,1785063888.5278,,1785063888.5255082,tombstone,0,64,RateFIFO,10402019323283478844,0.0022919178009033203,False,,suppressed,rate_limit,423
41247,0,update,1785063888.5278652,,1785063888.5255344,tombstone,0,64,RateFIFO,12376960631178457983,0.002330780029296875,False,,suppressed,rate_limit,424
41247,0,update,1785063888.527932,,1785063888.5255578,tombstone,0,64,RateFIFO,12578487649826242535,0.0023741722106933594,False,,suppressed,rate_limit,425
41247,0,update,1785063888.5279937,,1785063888.5255818,tombstone,0,64,RateFIFO,12426261210083601366,0.0024118423461914062,False,,suppressed,rate_limit,426
41247,0,update,1785063888.5280557,,1785063888.5256052,tombstone,0,64,RateFIFO,14064140743279553366,0.0024504661560058594,False,,suppressed,rate_limit,427
41247,0,update,1785063888.5281172,,1785063888.5256293,tombstone,0,64,RateFIFO,13378001954599623759,0.0024878978729248047,False,,suppressed,rate_limit,428
41247,0,update,1785063888.5281796,,1785063888.5256546,tombstone,0,64,RateFIFO,16048794067380282208,0.0025250911712646484,False,,suppressed,rate_limit,429
41247,0,update,1785063888.5282416,,1785063888.525679,tombstone,0,64,RateFIFO,16342886595574764735,0.0025625228881835938,False,,suppressed,rate_limit,430
41247,0,update,1785063888.5283031,,1785063888.5257034,tombstone,0,64,RateFIFO,15769623694692820738,0.0025997161865234375,False,,suppressed,rate_limit,431
41247,2048,update,1785063896.8329735,,1785063896.8325322,upsert,0,64,RateFIFO,15769623694692820738,0.0004413127899169922,True,,enqueued,,432
41247,2048,update,1785063896.8332696,1785063896.8332696,1785063896.8325322,upsert,0,64,RateFIFO,15769623694692820738,0.0007374286651611328,True,,forwarded,,432
41247,2048,update,1785063896.8335083,,1785063896.832875,upsert,0,64,RateFIFO,15769623694692820738,0.00063323974609375,False,,suppressed,rate_limit,433
41247,2048,update,1785063896.8336108,,1785063896.8331103,upsert,0,64,RateFIFO,15769623694692820738,0.0005004405975341797,False,,suppressed,rate_limit,434
41247,2048,update,1785063896.8336852,,1785063896.8333192,upsert,0,64,RateFIFO,4596497935095405733,0.00036597251892089844,False,,suppressed,rate_limit,435
41247,1024,update,1785063910.539378,,1785063910.538924,upsert,3,64,RateFIFO,12613465747135452669,0.000453948974609375,True,,enqueued,,436
41247,1024,update,1785063910.5397382,1785063910.5397382,1785063910.538924,upsert,3,64,RateFIFO,12613465747135452669,0.0008141994476318359,True,,forwarded,,436
41247,1024,update,1785063910.5399194,,1785063910.5391672,upsert,1,64,RateFIFO,2684601022077970021,0.0007522106170654297,False,,suppressed,rate_limit,437
41247,4096,update,1785063910.5401163,,1785063910.5393307,upsert,0,64,RateFIFO,16342886595574764735,0.0007855892181396484,False,,suppressed,rate_limit,438
41247,2048,update,1785063910.5402057,,1785063910.5396867,upsert,0,64,RateFIFO,15769623694692820738,0.0005190372467041016,False,,suppressed,rate_limit,439
41247,4096,update,1785063925.989742,,1785063925.989372,upsert,0,64,RateFIFO,1610475058989402671,0.000370025634765625,True,,enqueued,,440
41247,4096,update,1785063925.990041,1785063925.990041,1785063925.989372,upsert,0,64,RateFIFO,1610475058989402671,0.0006690025329589844,True,,forwarded,,440
41247,1024,update,1785063925.9902852,,1785063925.9898338,upsert,3,64,RateFIFO,14108233664250482536,0.0004513263702392578,False,,suppressed,rate_limit,441
41247,1024,update,1785063925.990482,,1785063925.990003,upsert,0,64,RateFIFO,12523743054995375112,0.00047898292541503906,False,,suppressed,rate_limit,442
41247,2048,update,1785063925.9905741,,1785063925.990151,upsert,0,64,RateFIFO,15769623694692820738,0.00042319297790527344,False,,suppressed,rate_limit,443
41247,0,update,1785063925.9981847,,1785063925.9979725,tombstone,1,64,RateFIFO,12613465747135452669,0.00021219253540039062,False,,suppressed,rate_limit,444
41247,0,update,1785063925.9983318,,1785063925.9980392,tombstone,1,64,RateFIFO,14361523986587977395,0.0002925395965576172,False,,suppressed,rate_limit,445
41247,0,update,1785063925.9985251,,1785063925.9980745,tombstone,1,64,RateFIFO,2684601022077970021,0.0004506111145019531,False,,suppressed,rate_limit,446
41247,2048,update,1785063937.720514,,1785063937.7200606,upsert,1,64,RateFIFO,17846715708891391149,0.0004534721374511719,True,,enqueued,,447
41247,2048,update,1785063937.7209556,1785063937.7209556,1785063937.7200606,upsert,1,64,RateFIFO,17846715708891391149,0.0008950233459472656,True,,forwarded,,447
41247,1024,update,1785063937.7211182,,1785063937.7203834,upsert,3,64,RateFIFO,16959770370201147106,0.0007348060607910156,False,,suppressed,rate_limit,448
41247,4096,update,1785063937.7213287,,1785063937.720545,upsert,2,64,RateFIFO,15507369539614680842,0.0007836818695068359,False,,suppressed,rate_limit,449
41247,2048,update,1785063937.7215126,,1785063937.720904,upsert,0,64,RateFIFO,17846715708891391149,0.0006084442138671875,False,,suppressed,rate_limit,450
41247,1024,update,1785063941.9921198,,1785063941.99169,upsert,1,64,RateFIFO,3610348553927340733,0.0004298686981201172,True,,enqueued,,451
41247,1024,update,1785063941.9924464,1785063941.9924464,1785063941.99169,upsert,1,64,RateFIFO,3610348553927340733,0.0007565021514892578,True,,forwarded,,451
41247,2048,update,1785063941.9925869,,1785063941.9919553,upsert,0,64,RateFIFO,16508625817180621701,0.0006315708160400391,False,,suppressed,rate_limit,452
41247,2048,update,1785063941.9928153,,1785063941.9921923,upsert,3,64,RateFIFO,17846715708891391149,0.0006229877471923828,False,,suppressed,rate_limit,453
41247,2048,update,1785063941.9930074,,1785063941.9924018,upsert,2,64,RateFIFO,11821849661176330329,0.0006055831909179688,False,,suppressed,rate_limit,454
41247,2048,update,1785063945.9844778,,1785063945.9840665,upsert,1,64,RateFIFO,11821849661176330329,0.0004112720489501953,True,,enqueued,,455
41247,2048,update,1785063945.9847445,1785063945.9847445,1785063945.9840665,upsert,1,64,RateFIFO,11821849661176330329,0.0006780624389648438,True,,forwarded,,455
41247,1024,update,1785063945.9850764,,1785063945.9843724,upsert,2,64,RateFIFO,14333057367934485678,0.0007040500640869141,False,,suppressed,rate_limit,456
41247,1024,update,1785063945.9852133,,1785063945.9845319,upsert,3,64,RateFIFO,6011659882065852394,0.0006814002990722656,False,,suppressed,rate_limit,457
41247,1024,update,1785063945.9854772,,1785063945.9846742,upsert,0,64,RateFIFO,13844655051170110805,0.0008029937744140625,False,,suppressed,rate_limit,458
41247,0,update,1785063945.9916887,,1785063945.9913945,tombstone,2,64,RateFIFO,15507369539614680842,0.0002942085266113281,False,,suppressed,rate_limit,459
41247,0,update,1785063945.9918535,,1785063945.9914594,tombstone,2,64,RateFIFO,11821849661176330329,0.0003941059112548828,False,,suppressed,rate_limit,460
41247,0,update,1785063945.991953,,1785063945.9914951,tombstone,2,64,RateFIFO,14333057367934485678,0.000457763671875,False,,suppressed,rate_limit,461
41247,1024,update,1785063957.3360665,,1785063957.335749,upsert,1,64,RateFIFO,6878038652119793510,0.00031757354736328125,True,,enqueued,,462
41247,1024,update,1785063957.3362248,1785063957.3362248,1785063957.335749,upsert,1,64,RateFIFO,6878038652119793510,0.00047588348388671875,True,,forwarded,,462
41247,1024,update,1785063957.3363392,,1785063957.3360374,upsert,3,64,RateFIFO,6878038652119793510,0.0003018379211425781,False,,suppressed,rate_limit,463
41247,4096,update,1785063957.3364289,,1785063957.336228,upsert,2,64,RateFIFO,15507369539614680842,0.0002009868621826172,False,,suppressed,rate_limit,464
41247,1024,update,1785063957.3367245,,1785063957.3366177,upsert,0,64,RateFIFO,13844655051170110805,0.0001068115234375,False,,suppressed,rate_limit,465
41247,4096,update,1785063971.0701709,,1785063971.0697289,upsert,1,64,RateFIFO,15260451301505084502,0.0004420280456542969,True,,enqueued,,466
41247,4096,update,1785063971.0704505,1785063971.0704505,1785063971.0697289,upsert,1,64,RateFIFO,15260451301505084502,0.0007216930389404297,True,,forwarded,,466
41247,4096,update,1785063971.0706801,,1785063971.07022,upsert,0,64,RateFIFO,13764273285245102789,0.0004601478576660156,False,,suppressed,rate_limit,467
41247,2048,update,1785063971.0709236,,1785063971.0706306,upsert,1,64,RateFIFO,17846715708891391149,0.0002930164337158203,False,,suppressed,rate_limit,468
41247,2048,update,1785063971.0711217,,1785063971.0709374,upsert,1,64,RateFIFO,11821849661176330329,0.0001842975616455078,False,,suppressed,rate_limit,469
41247,2048,update,1785063975.0913918,,1785063975.0910017,upsert,1,64,RateFIFO,11821849661176330329,0.00039005279541015625,True,,enqueued,,470
41247,2048,update,1785063975.0916603,1785063975.0916603,1785063975.0910017,upsert,1,64,RateFIFO,11821849661176330329,0.0006585121154785156,True,,forwarded,,470
41247,2048,update,1785063975.0919387,,1785063975.0913165,upsert,1,64,RateFIFO,17846715708891391149,0.0006222724914550781,False,,suppressed,rate_limit,471
41247,1024,update,1785063975.0921843,,1785063975.0915432,upsert,0,64,RateFIFO,16959770370201147106,0.0006411075592041016,False,,suppressed,rate_limit,472
41247,2048,update,1785063975.0922863,,1785063975.0917196,upsert,2,64,RateFIFO,3653934292717507175,0.0005667209625244141,False,,suppressed,rate_limit,473
41247,0,update,1785063975.101413,,1785063975.100945,tombstone,3,64,RateFIFO,7638769856617818995,0.0004680156707763672,False,,suppressed,rate_limit,474
41247,0,update,1785063975.1015813,,1785063975.1010292,tombstone,3,64,RateFIFO,12613465747135452669,0.0005521774291992188,False,,suppressed,rate_limit,475
41247,0,update,1785063975.1016765,,1785063975.1010554,tombstone,3,64,RateFIFO,14108233664250482536,0.0006210803985595703,False,,suppressed,rate_limit,476
41247,0,update,1785063975.1017582,,1785063975.1010919,tombstone,3,64,RateFIFO,16959770370201147106,0.0006663799285888672,False,,suppressed,rate_limit,477
41247,0,update,1785063975.1018465,,1785063975.1011229,tombstone,3,64,RateFIFO,17846715708891391149,0.0007236003875732422,False,,suppressed,rate_limit,478
41247,0,update,1785063975.1019142,,1785063975.1011515,tombstone,3,64,RateFIFO,6011659882065852394,0.0007627010345458984,False,,suppressed,rate_limit,479
41247,0,update,1785063975.1019773,,1785063975.1011815,tombstone,3,64,RateFIFO,6878038652119793510,0.0007958412170410156,False,,suppressed,rate_limit,480
41247,2048,update,1785063980.8662882,,1785063980.8657932,upsert,1,64,RateFIFO,11084610101891187946,0.0004949569702148438,True,,enqueued,,481
41247,2048,update,1785063980.866654,1785063980.866654,1785063980.8657932,upsert,1,64,RateFIFO,11084610101891187946,0.0008606910705566406,True,,forwarded,,481
41247,2048,update,1785063980.866845,,1785063980.8661034,upsert,1,64,RateFIFO,17846715708891391149,0.0007414817810058594,False,,suppressed,rate_limit,482
41247,2048,update,1785063980.866942,,1785063980.86633,upsert,1,64,RateFIFO,11821849661176330329,0.0006120204925537109,False,,suppressed,rate_limit,483
41247,2048,update,1785063980.8672018,,1785063980.8665645,upsert,1,64,RateFIFO,17846715708891391149,0.0006372928619384766,False,,suppressed,rate_limit,484
41247,2048,update,1785063985.0418844,,1785063985.0414305,upsert,0,64,RateFIFO,3239139471102595402,0.000453948974609375,True,,enqueued,,485
41247,2048,update,1785063985.0421593,1785063985.0421593,1785063985.0414305,upsert,0,64,RateFIFO,3239139471102595402,0.0007288455963134766,True,,forwarded,,485
41247,1024,update,1785063985.0424368,,1785063985.0417676,upsert,1,64,RateFIFO,6878038652119793510,0.0006692409515380859,False,,suppressed,rate_limit,486
41247,2048,update,1785063985.0425382,,1785063985.042168,upsert,1,64,RateFIFO,17846715708891391149,0.00037026405334472656,False,,suppressed,rate_limit,488
41247,1024,update,1785063985.042715,,1785063985.0419872,upsert,3,64,RateFIFO,5375664322877317861,0.0007278919219970703,False,,suppressed,rate_limit,487
41247,2048,update,1785063999.239959,,1785063999.2394688,upsert,2,64,RateFIFO,16508625817180621701,0.0004901885986328125,True,,enqueued,,489
41247,2048,update,1785063999.240266,1785063999.240266,1785063999.2394688,upsert,2,64,RateFIFO,16508625817180621701,0.000797271728515625,True,,forwarded,,489
41247,4096,update,1785063999.2405405,,1785063999.2398226,upsert,1,64,RateFIFO,13764273285245102789,0.0007178783416748047,False,,suppressed,rate_limit,490
41247,2048,update,1785063999.2406445,,1785063999.2402413,upsert,1,64,RateFIFO,17846715708891391149,0.0004031658172607422,False,,suppressed,rate_limit,491
41247,4096,update,1785063999.2408993,,1785063999.2404873,upsert,1,64,RateFIFO,15260451301505084502,0.0004119873046875,False,,suppressed,rate_limit,492
41247,0,update,1785063999.2510173,,1785063999.250759,tombstone,0,64,RateFIFO,4596497935095405733,0.00025844573974609375,False,,suppressed,rate_limit,493
41247,0,update,1785063999.251124,,1785063999.2508528,tombstone,0,64,RateFIFO,16342886595574764735,0.00027108192443847656,False,,suppressed,rate_limit,494
41247,0,update,1785063999.251306,,1785063999.2509034,tombstone,0,64,RateFIFO,1610475058989402671,0.00040268898010253906,False,,suppressed,rate_limit,495
41247,0,update,1785063999.2513897,,1785063999.250937,tombstone,0,64,RateFIFO,12523743054995375112,0.0004527568817138672,False,,suppressed,rate_limit,496
41247,0,update,1785063999.2514584,,1785063999.2509773,tombstone,0,64,RateFIFO,15769623694692820738,0.0004811286926269531,False,,suppressed,rate_limit,497
41247,0,update,1785063999.2515247,,1785063999.2510157,tombstone,0,64,RateFIFO,17846715708891391149,0.0005090236663818359,False,,suppressed,rate_limit,498
41247,0,update,1785063999.2515898,,1785063999.251051,tombstone,0,64,RateFIFO,16508625817180621701,0.0005388259887695312,False,,suppressed,rate_limit,499
41247,0,update,1785063999.2516541,,1785063999.2510893,tombstone,0,64,RateFIFO,13844655051170110805,0.0005648136138916016,False,,suppressed,rate_limit,500
41247,0,update,1785063999.2517161,,1785063999.251119,tombstone,0,64,RateFIFO,13764273285245102789,0.0005972385406494141,False,,suppressed,rate_limit,501
41247,0,update,1785063999.2517884,,1785063999.25116,tombstone,0,64,RateFIFO,16959770370201147106,0.0006284713745117188,False,,suppressed,rate_limit,502
41247,0,update,1785063999.2519486,,1785063999.2511818,tombstone,0,64,RateFIFO,3239139471102595402,0.000766754150390625,False,,suppressed,rate_limit,503
41247,1024,update,1785064000.7910974,,1785064000.7906446,upsert,0,64,RateFIFO,14333057367934485678,0.0004527568817138672,True,,enqueued,,504
41247,1024,update,1785064000.7915082,1785064000.7915082,1785064000.7906446,upsert,0,64,RateFIFO,14333057367934485678,0.0008635520935058594,True,,forwarded,,504
41247,2048,update,1785064000.791666,,1785064000.7909071,upsert,1,64,RateFIFO,17846715708891391149,0.0007588863372802734,False,,suppressed,rate_limit,505
41247,2048,update,1785064000.7917569,,1785064000.791142,upsert,1,64,RateFIFO,17846715708891391149,0.0006148815155029297,False,,suppressed,rate_limit,506
41247,1024,update,1785064000.7919707,,1785064000.7913494,upsert,3,64,RateFIFO,16959770370201147106,0.0006213188171386719,False,,suppressed,rate_limit,507
41247,2048,update,1785064002.2327223,,1785064002.2323363,upsert,2,64,RateFIFO,16508625817180621701,0.0003859996795654297,False,,suppressed,rate_limit,508
41247,2048,update,1785064002.233085,,1785064002.2326431,upsert,1,64,RateFIFO,11821849661176330329,0.0004417896270751953,False,,suppressed,rate_limit,509
41247,2048,update,1785064002.2333262,,1785064002.2328932,upsert,1,64,RateFIFO,17846715708891391149,0.0004329681396484375,False,,suppressed,rate_limit,510
41247,1024,update,1785064002.233519,,1785064002.233106,upsert,0,64,RateFIFO,5375664322877317861,0.0004131793975830078,False,,suppressed,rate_limit,511
41247,1024,update,1785064006.1633935,,1785064006.1629386,upsert,1,64,RateFIFO,13844655051170110805,0.00045490264892578125,True,,enqueued,,512
41247,1024,update,1785064006.1637301,1785064006.1637301,1785064006.1629386,upsert,1,64,RateFIFO,13844655051170110805,0.0007915496826171875,True,,forwarded,,512
41247,1024,update,1785064006.1639116,,1785064006.1631722,upsert,3,64,RateFIFO,13844655051170110805,0.0007393360137939453,False,,suppressed,rate_limit,513
41247,2048,update,1785064006.1641893,,1785064006.1633337,upsert,0,64,RateFIFO,3239139471102595402,0.0008556842803955078,False,,suppressed,rate_limit,514
41247,2048,update,1785064006.164295,,1785064006.1635556,upsert,1,64,RateFIFO,17846715708891391149,0.0007393360137939453,False,,suppressed,rate_limit,515
41247,0,update,1785064006.1709573,,1785064006.1706934,tombstone,1,64,RateFIFO,3610348553927340733,0.0002639293670654297,False,,suppressed,rate_limit,516
41247,0,update,1785064006.171057,,1785064006.1707566,tombstone,1,64,RateFIFO,11084610101891187946,0.00030040740966796875,False,,suppressed,rate_limit,517
41247,0,update,1785064006.1712596,,1785064006.1708071,tombstone,1,64,RateFIFO,6878038652119793510,0.0004525184631347656,False,,suppressed,rate_limit,518
41247,0,update,1785064006.171346,,1785064006.1708386,tombstone,1,64,RateFIFO,13764273285245102789,0.000507354736328125,False,,suppressed,rate_limit,519
41247,0,update,1785064006.1714153,,1785064006.170867,tombstone,1,64,RateFIFO,15260451301505084502,0.0005483627319335938,False,,suppressed,rate_limit,520
41247,0,update,1785064006.1714804,,1785064006.1708956,tombstone,1,64,RateFIFO,11821849661176330329,0.0005848407745361328,False,,suppressed,rate_limit,521
41247,0,update,1785064006.1715434,,1785064006.1709328,tombstone,1,64,RateFIFO,13844655051170110805,0.0006105899810791016,False,,suppressed,rate_limit,522
41247,0,update,1785064006.1716046,,1785064006.170962,tombstone,1,64,RateFIFO,17846715708891391149,0.0006425380706787109,False,,suppressed,rate_limit,523
41247,2048,update,1785064014.382447,,1785064014.382026,upsert,1,64,RateFIFO,17846715708891391149,0.0004210472106933594,True,,enqueued,,524
41247,2048,update,1785064014.3826978,1785064014.3826978,1785064014.382026,upsert,1,64,RateFIFO,17846715708891391149,0.0006718635559082031,True,,forwarded,,524
41247,2048,update,1785064014.3830006,,1785064014.3823354,upsert,1,64,RateFIFO,11821849661176330329,0.0006651878356933594,False,,suppressed,rate_limit,525
41247,2048,update,1785064014.3831043,,1785064014.3825605,upsert,1,64,RateFIFO,17846715708891391149,0.0005438327789306641,False,,suppressed,rate_limit,526
41247,2048,update,1785064014.3831785,,1785064014.3827684,upsert,1,64,RateFIFO,17846715708891391149,0.0004100799560546875,False,,suppressed,rate_limit,527
41247,1024,update,1785064026.7154741,,1785064026.7150111,upsert,0,64,RateFIFO,14333057367934485678,0.0004630088806152344,True,,enqueued,,528
41247,1024,update,1785064026.715929,1785064026.715929,1785064026.7150111,upsert,0,64,RateFIFO,14333057367934485678,0.0009179115295410156,True,,forwarded,,528
41247,1024,update,1785064026.716089,,1785064026.715255,upsert,1,64,RateFIFO,13844655051170110805,0.0008339881896972656,False,,suppressed,rate_limit,529
41247,2048,update,1785064026.7161813,,1785064026.7154174,upsert,1,64,RateFIFO,17846715708891391149,0.0007638931274414062,False,,suppressed,rate_limit,530
41247,4096,update,1785064026.7163641,,1785064026.7156317,upsert,3,64,RateFIFO,15761329057692999658,0.000732421875,False,,suppressed,rate_limit,531
41247,2048,update,1785064027.9709542,,1785064027.970555,upsert,1,64,RateFIFO,17846715708891391149,0.0003991127014160156,False,,suppressed,rate_limit,532
41247,2048,update,1785064027.9712565,,1785064027.970898,upsert,1,64,RateFIFO,17846715708891391149,0.00035858154296875,False,,suppressed,rate_limit,533
41247,2048,update,1785064027.9714978,,1785064027.9711258,upsert,1,64,RateFIFO,17846715708891391149,0.0003719329833984375,False,,suppressed,rate_limit,534
41247,2048,update,1785064027.9717095,,1785064027.971333,upsert,1,64,RateFIFO,17846715708891391149,0.0003764629364013672,False,,suppressed,rate_limit,535
41248,2048,update,1785064038.1824462,,1785064038.1820252,upsert,0,64,RateFIFO,15769623694692820738,0.0004210472106933594,True,,enqueued,,0
41248,2048,update,1785064038.1829817,1785064038.1829817,1785064038.1820252,upsert,0,64,RateFIFO,15769623694692820738,0.0009565353393554688,True,,forwarded,,0
41248,2048,update,1785064038.18314,,1785064038.182107,upsert,1,64,RateFIFO,15769623694692820738,0.0010330677032470703,False,,suppressed,rate_limit,1
41248,2048,update,1785064038.1832533,,1785064038.1821566,upsert,2,64,RateFIFO,15769623694692820738,0.0010967254638671875,False,,suppressed,rate_limit,2
41248,2048,update,1785064038.183345,,1785064038.1821945,upsert,3,64,RateFIFO,15769623694692820738,0.0011506080627441406,False,,suppressed,rate_limit,3
41248,1024,update,1785064039.5343914,,1785064039.534052,upsert,0,64,RateFIFO,12613465747135452669,0.000339508056640625,False,,suppressed,rate_limit,4
41248,1024,update,1785064039.53458,,1785064039.5341942,upsert,2,64,RateFIFO,12613465747135452669,0.0003857612609863281,False,,suppressed,rate_limit,6
41248,1024,update,1785064039.534639,,1785064039.5341496,upsert,1,64,RateFIFO,12613465747135452669,0.0004892349243164062,False,,suppressed,rate_limit,5
41248,1024,update,1785064039.5346744,,1785064039.534232,upsert,3,64,RateFIFO,12613465747135452669,0.0004425048828125,False,,suppressed,rate_limit,7
41248,2048,update,1785064043.552297,,1785064043.5518298,upsert,0,64,RateFIFO,12523743054995375112,0.0004673004150390625,True,,enqueued,,8
41248,2048,update,1785064043.552823,1785064043.552823,1785064043.5518298,upsert,0,64,RateFIFO,12523743054995375112,0.0009932518005371094,True,,forwarded,,8
41248,2048,update,1785064043.552983,,1785064043.5520186,upsert,3,64,RateFIFO,12523743054995375112,0.0009644031524658203,False,,suppressed,rate_limit,11
41248,2048,update,1785064043.553087,,1785064043.5519788,upsert,2,64,RateFIFO,12523743054995375112,0.0011081695556640625,False,,suppressed,rate_limit,10
41248,2048,update,1785064043.5531747,,1785064043.5519311,upsert,1,64,RateFIFO,12523743054995375112,0.00124359130859375,False,,suppressed,rate_limit,9
41248,1024,update,1785064044.9876854,,1785064044.9873219,upsert,0,64,RateFIFO,9971321710674973507,0.0003635883331298828,False,,suppressed,rate_limit,12
41248,1024,update,1785064044.9879599,,1785064044.9874997,upsert,3,64,RateFIFO,9971321710674973507,0.0004601478576660156,False,,suppressed,rate_limit,15
41248,1024,update,1785064044.9880257,,1785064044.987462,upsert,2,64,RateFIFO,9971321710674973507,0.0005636215209960938,False,,suppressed,rate_limit,14
41248,1024,update,1785064044.9880698,,1785064044.9874187,upsert,1,64,RateFIFO,9971321710674973507,0.0006511211395263672,False,,suppressed,rate_limit,13
41248,1024,update,1785064046.364461,,1785064046.3641496,upsert,0,64,RateFIFO,4650049274038987083,0.0003113746643066406,True,,enqueued,,16
41248,1024,update,1785064046.3646996,1785064046.3646996,1785064046.3641496,upsert,0,64,RateFIFO,4650049274038987083,0.0005500316619873047,True,,forwarded,,16
41248,1024,update,1785064046.364801,,1785064046.3642519,upsert,3,64,RateFIFO,4650049274038987083,0.0005490779876708984,False,,suppressed,rate_limit,19
41248,1024,update,1785064046.3648512,,1785064046.3642328,upsert,2,64,RateFIFO,4650049274038987083,0.0006184577941894531,False,,suppressed,rate_limit,18
41248,1024,update,1785064046.3649564,,1785064046.364208,upsert,1,64,RateFIFO,4650049274038987083,0.0007483959197998047,False,,suppressed,rate_limit,17
41248,1024,update,1785064047.696015,,1785064047.695563,upsert,0,64,RateFIFO,3163096543987652428,0.00045180320739746094,False,,suppressed,rate_limit,20
41248,1024,update,1785064047.6964445,,1785064047.6957076,upsert,2,64,RateFIFO,3163096543987652428,0.0007369518280029297,False,,suppressed,rate_limit,22
41248,1024,update,1785064047.6965697,,1785064047.6956625,upsert,1,64,RateFIFO,3163096543987652428,0.0009071826934814453,False,,suppressed,rate_limit,21
41248,1024,update,1785064047.6966612,,1785064047.6957474,upsert,3,64,RateFIFO,3163096543987652428,0.0009138584136962891,False,,suppressed,rate_limit,23
41248,4096,update,1785064060.640521,,1785064060.6401517,upsert,0,64,RateFIFO,10402019323283478844,0.0003693103790283203,True,,enqueued,,24
41248,4096,update,1785064060.6408682,1785064060.6408682,1785064060.6401517,upsert,0,64,RateFIFO,10402019323283478844,0.0007164478302001953,True,,forwarded,,24
41248,4096,update,1785064060.6409628,,1785064060.6403346,upsert,3,64,RateFIFO,10402019323283478844,0.0006282329559326172,False,,suppressed,rate_limit,27
41248,4096,update,1785064060.6410215,,1785064060.640297,upsert,2,64,RateFIFO,10402019323283478844,0.0007245540618896484,False,,suppressed,rate_limit,26
41248,4096,update,1785064060.6410708,,1785064060.6402502,upsert,1,64,RateFIFO,10402019323283478844,0.0008206367492675781,False,,suppressed,rate_limit,25
41248,2048,update,1785064064.5999749,,1785064064.599536,upsert,0,64,RateFIFO,14064140743279553366,0.00043892860412597656,True,,enqueued,,28
41248,2048,update,1785064064.6004906,1785064064.6004906,1785064064.599536,upsert,0,64,RateFIFO,14064140743279553366,0.0009546279907226562,True,,forwarded,,28
41248,2048,update,1785064064.6006467,,1785064064.5996304,upsert,1,64,RateFIFO,14064140743279553366,0.001016378402709961,False,,suppressed,rate_limit,29
41248,2048,update,1785064064.6007495,,1785064064.5996757,upsert,2,64,RateFIFO,14064140743279553366,0.0010738372802734375,False,,suppressed,rate_limit,30
41248,2048,update,1785064064.600855,,1785064064.5997224,upsert,3,64,RateFIFO,14064140743279553366,0.0011327266693115234,False,,suppressed,rate_limit,31
41248,1024,update,1785064065.9994483,,1785064065.9990807,upsert,0,64,RateFIFO,12376960631178457983,0.0003676414489746094,False,,suppressed,rate_limit,32
41248,1024,update,1785064065.9998612,,1785064065.9992614,upsert,3,64,RateFIFO,12376960631178457983,0.0005998611450195312,False,,suppressed,rate_limit,35
41248,1024,update,1785064065.999977,,1785064065.9991784,upsert,1,64,RateFIFO,12376960631178457983,0.0007987022399902344,False,,suppressed,rate_limit,33
41248,1024,update,1785064066.0000622,,1785064065.999224,upsert,2,64,RateFIFO,12376960631178457983,0.0008382797241210938,False,,suppressed,rate_limit,34
41248,1024,update,1785064067.4147162,,1785064067.4143374,upsert,0,64,RateFIFO,947483498426156190,0.0003788471221923828,True,,enqueued,,36
41248,1024,update,1785064067.415213,1785064067.415213,1785064067.4143374,upsert,0,64,RateFIFO,947483498426156190,0.0008757114410400391,True,,forwarded,,36
41248,1024,update,1785064067.4153514,,1785064067.4144752,upsert,2,64,RateFIFO,947483498426156190,0.0008761882781982422,False,,suppressed,rate_limit,38
41248,1024,update,1785064067.4154437,,1785064067.4144316,upsert,1,64,RateFIFO,947483498426156190,0.0010120868682861328,False,,suppressed,rate_limit,37
41248,1024,update,1785064067.4155257,,1785064067.4145129,upsert,3,64,RateFIFO,947483498426156190,0.0010128021240234375,False,,suppressed,rate_limit,39
41248,2048,update,1785064071.6231527,,1785064071.6227498,upsert,0,64,RateFIFO,3073007241776570211,0.0004029273986816406,True,,enqueued,,40
41248,2048,update,1785064071.6236506,1785064071.6236506,1785064071.6227498,upsert,0,64,RateFIFO,3073007241776570211,0.0009007453918457031,True,,forwarded,,40
41248,2048,update,1785064071.6238377,,1785064071.622856,upsert,1,64,RateFIFO,3073007241776570211,0.0009818077087402344,False,,suppressed,rate_limit,41
41248,2048,update,1785064071.6239464,,1785064071.6229033,upsert,2,64,RateFIFO,3073007241776570211,0.001043081283569336,False,,suppressed,rate_limit,42
41248,2048,update,1785064071.624036,,1785064071.6229403,upsert,3,64,RateFIFO,3073007241776570211,0.0010957717895507812,False,,suppressed,rate_limit,43
41248,2048,update,1785064075.7033718,,1785064075.7028413,upsert,0,64,RateFIFO,14108233664250482536,0.0005304813385009766,True,,enqueued,,44
41248,2048,update,1785064075.7036374,1785064075.7036374,1785064075.7028413,upsert,0,64,RateFIFO,14108233664250482536,0.0007960796356201172,True,,forwarded,,44
41248,2048,update,1785064075.7037144,,1785064075.7030253,upsert,3,64,RateFIFO,14108233664250482536,0.0006890296936035156,False,,suppressed,rate_limit,47
41248,2048,update,1785064075.7037942,,1785064075.7029877,upsert,2,64,RateFIFO,14108233664250482536,0.0008065700531005859,False,,suppressed,rate_limit,46
41248,2048,update,1785064075.7038383,,1785064075.7029438,upsert,1,64,RateFIFO,14108233664250482536,0.0008945465087890625,False,,suppressed,rate_limit,45
41248,2048,update,1785064079.9024396,,1785064079.901824,upsert,0,64,RateFIFO,14774026810505956694,0.0006155967712402344,True,,enqueued,,48
41248,2048,update,1785064079.9029572,1785064079.9029572,1785064079.901824,upsert,0,64,RateFIFO,14774026810505956694,0.0011332035064697266,True,,forwarded,,48
41248,2048,update,1785064079.9031138,,1785064079.9020016,upsert,3,64,RateFIFO,14774026810505956694,0.001112222671508789,False,,suppressed,rate_limit,51
41248,2048,update,1785064079.9032187,,1785064079.901919,upsert,1,64,RateFIFO,14774026810505956694,0.0012998580932617188,False,,suppressed,rate_limit,49
41248,2048,update,1785064079.9033089,,1785064079.901965,upsert,2,64,RateFIFO,14774026810505956694,0.0013439655303955078,False,,suppressed,rate_limit,50
41248,2048,update,1785064084.1163814,,1785064084.115995,upsert,0,64,RateFIFO,5281956220402968541,0.0003864765167236328,True,,enqueued,,52
41248,2048,update,1785064084.1168785,1785064084.1168785,1785064084.115995,upsert,0,64,RateFIFO,5281956220402968541,0.0008835792541503906,True,,forwarded,,52
41248,2048,update,1785064084.1170301,,1785064084.116169,upsert,3,64,RateFIFO,5281956220402968541,0.0008611679077148438,False,,suppressed,rate_limit,55
41248,2048,update,1785064084.1171334,,1785064084.1161318,upsert,2,64,RateFIFO,5281956220402968541,0.001001596450805664,False,,suppressed,rate_limit,54
41248,2048,update,1785064084.1172218,,1785064084.1160855,upsert,1,64,RateFIFO,5281956220402968541,0.0011363029479980469,False,,suppressed,rate_limit,53
41248,4096,update,1785064097.246244,,1785064097.2458363,upsert,0,64,RateFIFO,1785562587857272681,0.0004076957702636719,True,,enqueued,,56
41248,4096,update,1785064097.2467306,1785064097.2467306,1785064097.2458363,upsert,0,64,RateFIFO,1785562587857272681,0.0008943080902099609,True,,forwarded,,56
41248,4096,update,1785064097.2469115,,1785064097.2459366,upsert,1,64,RateFIFO,1785562587857272681,0.0009748935699462891,False,,suppressed,rate_limit,57
41248,4096,update,1785064097.2470107,,1785064097.2459815,upsert,2,64,RateFIFO,1785562587857272681,0.0010292530059814453,False,,suppressed,rate_limit,58
41248,4096,update,1785064097.2470932,,1785064097.246019,upsert,3,64,RateFIFO,1785562587857272681,0.0010743141174316406,False,,suppressed,rate_limit,59
41248,2048,update,1785064101.4305966,,1785064101.4301324,upsert,0,64,RateFIFO,1610475058989402671,0.0004642009735107422,True,,enqueued,,60
41248,2048,update,1785064101.431144,1785064101.431144,1785064101.4301324,upsert,0,64,RateFIFO,1610475058989402671,0.0010116100311279297,True,,forwarded,,60
41248,2048,update,1785064101.431301,,1785064101.430314,upsert,3,64,RateFIFO,1610475058989402671,0.0009870529174804688,False,,suppressed,rate_limit,63
41248,2048,update,1785064101.4314082,,1785064101.430227,upsert,1,64,RateFIFO,1610475058989402671,0.0011811256408691406,False,,suppressed,rate_limit,61
41248,2048,update,1785064101.4314988,,1785064101.4302754,upsert,2,64,RateFIFO,1610475058989402671,0.0012233257293701172,False,,suppressed,rate_limit,62
41248,2048,update,1785064105.47951,,1785064105.4790556,upsert,0,64,RateFIFO,13378001954599623759,0.0004544258117675781,True,,enqueued,,64
41248,2048,update,1785064105.4800968,1785064105.4800968,1785064105.4790556,upsert,0,64,RateFIFO,13378001954599623759,0.0010411739349365234,True,,forwarded,,64
41248,2048,update,1785064105.4802582,,1785064105.4792295,upsert,3,64,RateFIFO,13378001954599623759,0.0010287761688232422,False,,suppressed,rate_limit,67
41248,2048,update,1785064105.4803646,,1785064105.4791481,upsert,1,64,RateFIFO,13378001954599623759,0.0012164115905761719,False,,suppressed,rate_limit,65
41248,2048,update,1785064105.480451,,1785064105.479193,upsert,2,64,RateFIFO,13378001954599623759,0.0012581348419189453,False,,suppressed,rate_limit,66
41248,2048,update,1785064109.5672266,,1785064109.5666492,upsert,0,64,RateFIFO,155989354309277790,0.0005774497985839844,True,,enqueued,,68
41248,2048,update,1785064109.5677586,1785064109.5677586,1785064109.5666492,upsert,0,64,RateFIFO,155989354309277790,0.0011093616485595703,True,,forwarded,,68
41248,2048,update,1785064109.5679703,,1785064109.5668585,upsert,3,64,RateFIFO,155989354309277790,0.001111745834350586,False,,suppressed,rate_limit,71
41248,2048,update,1785064109.568075,,1785064109.5668173,upsert,2,64,RateFIFO,155989354309277790,0.0012576580047607422,False,,suppressed,rate_limit,70
41248,2048,update,1785064109.5681636,,1785064109.5667436,upsert,1,64,RateFIFO,155989354309277790,0.0014200210571289062,False,,suppressed,rate_limit,69
41248,4096,update,1785064122.4428897,,1785064122.4425662,upsert,0,64,RateFIFO,1187225797315579929,0.0003235340118408203,True,,enqueued,,72
41248,4096,update,1785064122.443206,1785064122.443206,1785064122.4425662,upsert,0,64,RateFIFO,1187225797315579929,0.0006399154663085938,True,,forwarded,,72
41248,4096,update,1785064122.4433603,,1785064122.4426646,upsert,1,64,RateFIFO,1187225797315579929,0.0006957054138183594,False,,suppressed,rate_limit,73
41248,4096,update,1785064122.4434648,,1785064122.4427109,upsert,2,64,RateFIFO,1187225797315579929,0.0007538795471191406,False,,suppressed,rate_limit,74
41248,4096,update,1785064122.443551,,1785064122.4427478,upsert,3,64,RateFIFO,1187225797315579929,0.0008032321929931641,False,,suppressed,rate_limit,75
41248,2048,update,1785064126.5458019,,1785064126.5453727,upsert,0,64,RateFIFO,15960031488910374299,0.0004291534423828125,True,,enqueued,,76
41248,2048,update,1785064126.5463316,1785064126.5463316,1785064126.5453727,upsert,0,64,RateFIFO,15960031488910374299,0.0009589195251464844,True,,forwarded,,76
41248,2048,update,1785064126.5464833,,1785064126.5454707,upsert,1,64,RateFIFO,15960031488910374299,0.001012563705444336,False,,suppressed,rate_limit,77
41248,2048,update,1785064126.5465846,,1785064126.545517,upsert,2,64,RateFIFO,15960031488910374299,0.0010676383972167969,False,,suppressed,rate_limit,78
41248,2048,update,1785064126.5466697,,1785064126.5455554,upsert,3,64,RateFIFO,15960031488910374299,0.0011143684387207031,False,,suppressed,rate_limit,79
41248,2048,update,1785064130.8186095,,1785064130.8180966,upsert,0,64,RateFIFO,4596497935095405733,0.0005128383636474609,True,,enqueued,,80
41248,2048,update,1785064130.8191624,1785064130.8191624,1785064130.8180966,upsert,0,64,RateFIFO,4596497935095405733,0.0010657310485839844,True,,forwarded,,80
41248,2048,update,1785064130.8193185,,1785064130.8182695,upsert,3,64,RateFIFO,4596497935095405733,0.001049041748046875,False,,suppressed,rate_limit,83
41248,2048,update,1785064130.8194234,,1785064130.8182328,upsert,2,64,RateFIFO,4596497935095405733,0.0011906623840332031,False,,suppressed,rate_limit,82
41248,2048,update,1785064130.819512,,1785064130.8181882,upsert,1,64,RateFIFO,4596497935095405733,0.001323699951171875,False,,suppressed,rate_limit,81
41248,2048,update,1785064135.0069144,,1785064135.0065181,upsert,0,64,RateFIFO,13063325218966850298,0.0003962516784667969,True,,enqueued,,84
41248,2048,update,1785064135.0074406,1785064135.0074406,1785064135.0065181,upsert,0,64,RateFIFO,13063325218966850298,0.0009224414825439453,True,,forwarded,,84
41248,2048,update,1785064135.0075953,,1785064135.006619,upsert,1,64,RateFIFO,13063325218966850298,0.0009763240814208984,False,,suppressed,rate_limit,85
41248,2048,update,1785064135.007697,,1785064135.0066688,upsert,2,64,RateFIFO,13063325218966850298,0.001028299331665039,False,,suppressed,rate_limit,86
41248,2048,update,1785064135.0077975,,1785064135.006709,upsert,3,64,RateFIFO,13063325218966850298,0.0010883808135986328,False,,suppressed,rate_limit,87
41248,2048,update,1785064138.964739,,1785064138.9643073,upsert,0,64,RateFIFO,8862197794517271531,0.0004317760467529297,True,,enqueued,,88
41248,2048,update,1785064138.9652975,1785064138.9652975,1785064138.9643073,upsert,0,64,RateFIFO,8862197794517271531,0.000990152359008789,True,,forwarded,,88
41248,2048,update,1785064138.9654512,,1785064138.9644866,upsert,3,64,RateFIFO,8862197794517271531,0.0009646415710449219,False,,suppressed,rate_limit,91
41248,2048,update,1785064138.9655588,,1785064138.9644027,upsert,1,64,RateFIFO,8862197794517271531,0.0011560916900634766,False,,suppressed,rate_limit,89
41248,2048,update,1785064138.965648,,1785064138.9644496,upsert,2,64,RateFIFO,8862197794517271531,0.0011982917785644531,False,,suppressed,rate_limit,90
41248,2048,update,1785064143.1019459,,1785064143.1014576,upsert,0,64,RateFIFO,13367182244321225226,0.00048828125,True,,enqueued,,92
41248,2048,update,1785064143.102471,1785064143.102471,1785064143.1014576,upsert,0,64,RateFIFO,13367182244321225226,0.0010135173797607422,True,,forwarded,,92
41248,2048,update,1785064143.1026266,,1785064143.1016326,upsert,3,64,RateFIFO,13367182244321225226,0.000993967056274414,False,,suppressed,rate_limit,95
41248,2048,update,1785064143.1027281,,1785064143.101596,upsert,2,64,RateFIFO,13367182244321225226,0.0011320114135742188,False,,suppressed,rate_limit,94
41248,2048,update,1785064143.1028337,,1785064143.1015496,upsert,1,64,RateFIFO,13367182244321225226,0.0012841224670410156,False,,suppressed,rate_limit,93
41248,2048,update,1785064146.9906301,,1785064146.9902637,upsert,0,64,RateFIFO,17730309890119328358,0.00036644935607910156,True,,enqueued,,96
41248,2048,update,1785064146.9910717,1785064146.9910717,1785064146.9902637,upsert,0,64,RateFIFO,17730309890119328358,0.0008080005645751953,True,,forwarded,,96
41248,2048,update,1785064146.9912345,,1785064146.9904418,upsert,3,64,RateFIFO,17730309890119328358,0.0007927417755126953,False,,suppressed,rate_limit,99
41248,2048,update,1785064146.9913409,,1785064146.9903595,upsert,1,64,RateFIFO,17730309890119328358,0.0009813308715820312,False,,suppressed,rate_limit,97
41248,2048,update,1785064146.9914308,,1785064146.9904044,upsert,2,64,RateFIFO,17730309890119328358,0.0010263919830322266,False,,suppressed,rate_limit,98
41248,2048,update,1785064151.1406755,,1785064151.1402264,upsert,0,64,RateFIFO,16342886595574764735,0.00044918060302734375,True,,enqueued,,100
41248,2048,update,1785064151.1412444,1785064151.1412444,1785064151.1402264,upsert,0,64,RateFIFO,16342886595574764735,0.0010180473327636719,True,,forwarded,,100
41248,2048,update,1785064151.1413996,,1785064151.1404066,upsert,3,64,RateFIFO,16342886595574764735,0.0009930133819580078,False,,suppressed,rate_limit,103
41248,2048,update,1785064151.141504,,1785064151.1403236,upsert,1,64,RateFIFO,16342886595574764735,0.001180410385131836,False,,suppressed,rate_limit,101
41248,2048,update,1785064151.1415923,,1785064151.1403697,upsert,2,64,RateFIFO,16342886595574764735,0.0012226104736328125,False,,suppressed,rate_limit,102
41248,1024,update,1785064152.546307,,1785064152.5459118,upsert,0,64,RateFIFO,13143428811662154315,0.0003952980041503906,False,,suppressed,rate_limit,104
41248,1024,update,1785064152.5467594,,1785064152.546088,upsert,3,64,RateFIFO,13143428811662154315,0.00067138671875,False,,suppressed,rate_limit,107
41248,1024,update,1785064152.5469172,,1785064152.5460033,upsert,1,64,RateFIFO,13143428811662154315,0.0009138584136962891,False,,suppressed,rate_limit,105
41248,1024,update,1785064152.5470142,,1785064152.54605,upsert,2,64,RateFIFO,13143428811662154315,0.0009641647338867188,False,,suppressed,rate_limit,106
41248,2048,update,1785064156.7834847,,1785064156.7830284,upsert,0,64,RateFIFO,5248254131891465233,0.0004563331604003906,True,,enqueued,,108
41248,2048,update,1785064156.7839918,1785064156.7839918,1785064156.7830284,upsert,0,64,RateFIFO,5248254131891465233,0.0009634494781494141,True,,forwarded,,108
41248,2048,update,1785064156.784147,,1785064156.783179,upsert,2,64,RateFIFO,5248254131891465233,0.0009679794311523438,False,,suppressed,rate_limit,110
41248,2048,update,1785064156.7842503,,1785064156.7831304,upsert,1,64,RateFIFO,5248254131891465233,0.001119852066040039,False,,suppressed,rate_limit,109
41248,2048,update,1785064156.7844567,,1785064156.7832174,upsert,3,64,RateFIFO,5248254131891465233,0.0012392997741699219,False,,suppressed,rate_limit,111
41248,2048,update,1785064160.837491,,1785064160.8370633,upsert,0,64,RateFIFO,6602759660674530941,0.0004277229309082031,True,,enqueued,,112
41248,2048,update,1785064160.838071,1785064160.838071,1785064160.8370633,upsert,0,64,RateFIFO,6602759660674530941,0.0010077953338623047,True,,forwarded,,112
41248,2048,update,1785064160.8382292,,1785064160.8371665,upsert,3,64,RateFIFO,6602759660674530941,0.001062631607055664,False,,suppressed,rate_limit,115
41248,2048,update,1785064160.8383348,,1785064160.837145,upsert,2,64,RateFIFO,6602759660674530941,0.0011897087097167969,False,,suppressed,rate_limit,114
41248,2048,update,1785064160.8384264,,1785064160.83712,upsert,1,64,RateFIFO,6602759660674530941,0.001306295394897461,False,,suppressed,rate_limit,113
41248,2048,update,1785064164.935761,,1785064164.93532,upsert,0,64,RateFIFO,16374985302794130926,0.0004410743713378906,True,,enqueued,,116
41248,2048,update,1785064164.9363098,1785064164.9363098,1785064164.93532,upsert,0,64,RateFIFO,16374985302794130926,0.0009899139404296875,True,,forwarded,,116
41248,2048,update,1785064164.9364629,,1785064164.9355028,upsert,3,64,RateFIFO,16374985302794130926,0.0009601116180419922,False,,suppressed,rate_limit,119
41248,2048,update,1785064164.9365685,,1785064164.9354644,upsert,2,64,RateFIFO,16374985302794130926,0.001104116439819336,False,,suppressed,rate_limit,118
41248,2048,update,1785064164.9366572,,1785064164.9354186,upsert,1,64,RateFIFO,16374985302794130926,0.0012385845184326172,False,,suppressed,rate_limit,117
41248,2048,update,1785064169.0261517,,1785064169.0257132,upsert,0,64,RateFIFO,11074190661555870271,0.00043845176696777344,True,,enqueued,,120
41248,2048,update,1785064169.026672,1785064169.026672,1785064169.0257132,upsert,0,64,RateFIFO,11074190661555870271,0.0009586811065673828,True,,forwarded,,120
41248,2048,update,1785064169.0268517,,1785064169.0258842,upsert,2,64,RateFIFO,11074190661555870271,0.0009675025939941406,False,,suppressed,rate_limit,122
41248,2048,update,1785064169.0269582,,1785064169.0259218,upsert,3,64,RateFIFO,11074190661555870271,0.0010364055633544922,False,,suppressed,rate_limit,123
41248,2048,update,1785064169.0270462,,1785064169.025835,upsert,1,64,RateFIFO,11074190661555870271,0.0012111663818359375,False,,suppressed,rate_limit,121
41248,1024,update,1785064170.4920003,,1785064170.491623,upsert,0,64,RateFIFO,12578487649826242535,0.00037741661071777344,True,,enqueued,,124
41248,1024,update,1785064170.4924958,1785064170.4924958,1785064170.491623,upsert,0,64,RateFIFO,12578487649826242535,0.0008728504180908203,True,,forwarded,,124
41248,1024,update,1785064170.492643,,1785064170.4918156,upsert,3,64,RateFIFO,12578487649826242535,0.0008275508880615234,False,,suppressed,rate_limit,127
41248,1024,update,1785064170.492742,,1785064170.4917593,upsert,2,64,RateFIFO,12578487649826242535,0.0009827613830566406,False,,suppressed,rate_limit,126
41248,1024,update,1785064170.4928591,,1785064170.4917164,upsert,1,64,RateFIFO,12578487649826242535,0.001142740249633789,False,,suppressed,rate_limit,125
41248,2048,update,1785064174.5991104,,1785064174.5986423,upsert,0,64,RateFIFO,9971467602450215698,0.0004680156707763672,True,,enqueued,,128
41248,2048,update,1785064174.5996456,1785064174.5996456,1785064174.5986423,upsert,0,64,RateFIFO,9971467602450215698,0.001003265380859375,True,,forwarded,,128
41248,2048,update,1785064174.5998313,,1785064174.59884,upsert,3,64,RateFIFO,9971467602450215698,0.0009913444519042969,False,,suppressed,rate_limit,131
41248,2048,update,1785064174.5999396,,1785064174.5988002,upsert,2,64,RateFIFO,9971467602450215698,0.0011394023895263672,False,,suppressed,rate_limit,130
41248,2048,update,1785064174.6000297,,1785064174.5987349,upsert,1,64,RateFIFO,9971467602450215698,0.001294851303100586,False,,suppressed,rate_limit,129
41248,2048,update,1785064178.6259773,,1785064178.6255047,upsert,0,64,RateFIFO,16048794067380282208,0.0004725456237792969,True,,enqueued,,132
41248,2048,update,1785064178.6265118,1785064178.6265118,1785064178.6255047,upsert,0,64,RateFIFO,16048794067380282208,0.001007080078125,True,,forwarded,,132
41248,2048,update,1785064178.6266682,,1785064178.6256804,upsert,3,64,RateFIFO,16048794067380282208,0.0009877681732177734,False,,suppressed,rate_limit,135
41248,2048,update,1785064178.6267724,,1785064178.625643,upsert,2,64,RateFIFO,16048794067380282208,0.0011293888092041016,False,,suppressed,rate_limit,134
41248,2048,update,1785064178.626886,,1785064178.6255984,upsert,1,64,RateFIFO,16048794067380282208,0.0012874603271484375,False,,suppressed,rate_limit,133
41248,2048,update,1785064182.635972,,1785064182.6354983,upsert,0,64,RateFIFO,17622982719236225751,0.0004737377166748047,True,,enqueued,,136
41248,2048,update,1785064182.6365001,1785064182.6365001,1785064182.6354983,upsert,0,64,RateFIFO,17622982719236225751,0.0010018348693847656,True,,forwarded,,136
41248,2048,update,1785064182.636655,,1785064182.635674,upsert,3,64,RateFIFO,17622982719236225751,0.0009810924530029297,False,,suppressed,rate_limit,139
41248,2048,update,1785064182.6367614,,1785064182.6356359,upsert,2,64,RateFIFO,17622982719236225751,0.0011255741119384766,False,,suppressed,rate_limit,138
41248,2048,update,1785064182.6368735,,1785064182.6355922,upsert,1,64,RateFIFO,17622982719236225751,0.0012812614440917969,False,,suppressed,rate_limit,137
41248,2048,update,1785064186.6959944,,1785064186.695504,upsert,0,64,RateFIFO,2684601022077970021,0.0004904270172119141,True,,enqueued,,140
41248,2048,update,1785064186.6965299,1785064186.6965299,1785064186.695504,upsert,0,64,RateFIFO,2684601022077970021,0.0010259151458740234,True,,forwarded,,140
41248,2048,update,1785064186.6966844,,1785064186.6956851,upsert,3,64,RateFIFO,2684601022077970021,0.0009992122650146484,False,,suppressed,rate_limit,143
41248,2048,update,1785064186.6968055,,1785064186.6956472,upsert,2,64,RateFIFO,2684601022077970021,0.0011582374572753906,False,,suppressed,rate_limit,142
41248,2048,update,1785064186.6968951,,1785064186.6956015,upsert,1,64,RateFIFO,2684601022077970021,0.0012936592102050781,False,,suppressed,rate_limit,141
41248,2048,update,1785064190.8289986,,1785064190.8284898,upsert,0,64,RateFIFO,16954395879792744941,0.0005087852478027344,True,,enqueued,,144
41248,2048,update,1785064190.8295496,1785064190.8295496,1785064190.8284898,upsert,0,64,RateFIFO,16954395879792744941,0.0010597705841064453,True,,forwarded,,144
41248,2048,update,1785064190.8297067,,1785064190.8286712,upsert,3,64,RateFIFO,16954395879792744941,0.001035451889038086,False,,suppressed,rate_limit,147
41248,2048,update,1785064190.8298314,,1785064190.8286333,upsert,2,64,RateFIFO,16954395879792744941,0.0011980533599853516,False,,suppressed,rate_limit,146
41248,2048,update,1785064190.8299232,,1785064190.8285856,upsert,1,64,RateFIFO,16954395879792744941,0.0013375282287597656,False,,suppressed,rate_limit,145
41248,2048,update,1785064194.8536742,,1785064194.8532894,upsert,0,64,RateFIFO,4132850298606047245,0.0003848075866699219,True,,enqueued,,148
41248,2048,update,1785064194.853935,1785064194.853935,1785064194.8532894,upsert,0,64,RateFIFO,4132850298606047245,0.0006456375122070312,True,,forwarded,,148
41248,2048,update,1785064194.8540182,,1785064194.8533895,upsert,3,64,RateFIFO,4132850298606047245,0.0006287097930908203,False,,suppressed,rate_limit,151
41248,2048,update,1785064194.8541648,,1785064194.8533692,upsert,2,64,RateFIFO,4132850298606047245,0.0007956027984619141,False,,suppressed,rate_limit,150
41248,2048,update,1785064194.8542168,,1785064194.8533437,upsert,1,64,RateFIFO,4132850298606047245,0.0008730888366699219,False,,suppressed,rate_limit,149
41248,2048,update,1785064198.9094567,,1785064198.908855,upsert,0,64,RateFIFO,4141618429024808821,0.0006017684936523438,True,,enqueued,,152
41248,2048,update,1785064198.9100215,1785064198.9100215,1785064198.908855,upsert,0,64,RateFIFO,4141618429024808821,0.0011665821075439453,True,,forwarded,,152
41248,2048,update,1785064198.9101772,,1785064198.9090295,upsert,3,64,RateFIFO,4141618429024808821,0.0011477470397949219,False,,suppressed,rate_limit,155
41248,2048,update,1785064198.9102829,,1785064198.9089932,upsert,2,64,RateFIFO,4141618429024808821,0.0012896060943603516,False,,suppressed,rate_limit,154
41248,2048,update,1785064198.9103703,,1785064198.9089475,upsert,1,64,RateFIFO,4141618429024808821,0.001422882080078125,False,,suppressed,rate_limit,153
41248,2048,update,1785064202.9347117,,1785064202.9342623,upsert,0,64,RateFIFO,7638769856617818995,0.0004494190216064453,True,,enqueued,,156
41248,2048,update,1785064202.9353006,1785064202.9353006,1785064202.9342623,upsert,0,64,RateFIFO,7638769856617818995,0.0010383129119873047,True,,forwarded,,156
41248,2048,update,1785064202.9354591,,1785064202.9344428,upsert,3,64,RateFIFO,7638769856617818995,0.001016378402709961,False,,suppressed,rate_limit,159
41248,2048,update,1785064202.9355655,,1785064202.9344046,upsert,2,64,RateFIFO,7638769856617818995,0.0011608600616455078,False,,suppressed,rate_limit,158
41248,2048,update,1785064202.935655,,1785064202.934359,upsert,1,64,RateFIFO,7638769856617818995,0.0012960433959960938,False,,suppressed,rate_limit,157
41248,2048,update,1785064206.9467366,,1785064206.9463027,upsert,0,64,RateFIFO,9940797030998834804,0.00043392181396484375,True,,enqueued,,160
41248,2048,update,1785064206.9473045,1785064206.9473045,1785064206.9463027,upsert,0,64,RateFIFO,9940797030998834804,0.0010018348693847656,True,,forwarded,,160
41248,2048,update,1785064206.9474626,,1785064206.9464002,upsert,3,64,RateFIFO,9940797030998834804,0.0010623931884765625,False,,suppressed,rate_limit,163
41248,2048,update,1785064206.9475656,,1785064206.9463565,upsert,1,64,RateFIFO,9940797030998834804,0.0012090206146240234,False,,suppressed,rate_limit,161
41248,2048,update,1785064206.9476514,,1785064206.9463797,upsert,2,64,RateFIFO,9940797030998834804,0.0012717247009277344,False,,suppressed,rate_limit,162
41248,2048,update,1785064211.0608733,,1785064211.0604134,upsert,0,64,RateFIFO,14361523986587977395,0.00045990943908691406,True,,enqueued,,164
41248,2048,update,1785064211.061398,1785064211.061398,1785064211.0604134,upsert,0,64,RateFIFO,14361523986587977395,0.0009846687316894531,True,,forwarded,,164
41248,2048,update,1785064211.0615563,,1785064211.0605948,upsert,3,64,RateFIFO,14361523986587977395,0.0009615421295166016,False,,suppressed,rate_limit,167
41248,2048,update,1785064211.0616596,,1785064211.060556,upsert,2,64,RateFIFO,14361523986587977395,0.0011036396026611328,False,,suppressed,rate_limit,166
41248,2048,update,1785064211.0617468,,1785064211.0605104,upsert,1,64,RateFIFO,14361523986587977395,0.0012364387512207031,False,,suppressed,rate_limit,165
41248,2048,update,1785064215.1148107,,1785064215.114352,upsert,0,64,RateFIFO,14694726361257372,0.00045871734619140625,True,,enqueued,,168
41248,2048,update,1785064215.1153579,1785064215.1153579,1785064215.114352,upsert,0,64,RateFIFO,14694726361257372,0.0010058879852294922,True,,forwarded,,168
41248,2048,update,1785064215.1155174,,1785064215.1144521,upsert,1,64,RateFIFO,14694726361257372,0.0010652542114257812,False,,suppressed,rate_limit,169
41248,2048,update,1785064215.115621,,1785064215.1145039,upsert,2,64,RateFIFO,14694726361257372,0.0011172294616699219,False,,suppressed,rate_limit,170
41248,2048,update,1785064215.115709,,1785064215.1145482,upsert,3,64,RateFIFO,14694726361257372,0.0011608600616455078,False,,suppressed,rate_limit,171
41248,2048,update,1785064219.2785983,,1785064219.278141,upsert,0,64,RateFIFO,9417075026054648240,0.0004572868347167969,True,,enqueued,,172
41248,2048,update,1785064219.2791727,1785064219.2791727,1785064219.278141,upsert,0,64,RateFIFO,9417075026054648240,0.001031637191772461,True,,forwarded,,172
41248,2048,update,1785064219.2793314,,1785064219.2783248,upsert,3,64,RateFIFO,9417075026054648240,0.0010066032409667969,False,,suppressed,rate_limit,175
41248,2048,update,1785064219.279438,,1785064219.2782872,upsert,2,64,RateFIFO,9417075026054648240,0.0011508464813232422,False,,suppressed,rate_limit,174
41248,2048,update,1785064219.2795272,,1785064219.2782416,upsert,1,64,RateFIFO,9417075026054648240,0.001285552978515625,False,,suppressed,rate_limit,173
41248,2048,update,1785064223.3715324,,1785064223.3710985,upsert,0,64,RateFIFO,7230541217248033124,0.00043392181396484375,True,,enqueued,,176
41248,2048,update,1785064223.3720994,1785064223.3720994,1785064223.3710985,upsert,0,64,RateFIFO,7230541217248033124,0.0010008811950683594,True,,forwarded,,176
41248,2048,update,1785064223.3722563,,1785064223.3712053,upsert,3,64,RateFIFO,7230541217248033124,0.0010509490966796875,False,,suppressed,rate_limit,179
41248,2048,update,1785064223.3723621,,1785064223.3711617,upsert,1,64,RateFIFO,7230541217248033124,0.0012004375457763672,False,,suppressed,rate_limit,177
41248,2048,update,1785064223.3724504,,1785064223.371186,upsert,2,64,RateFIFO,7230541217248033124,0.001264333724975586,False,,suppressed,rate_limit,178
41248,2048,update,1785064227.2881727,,1785064227.2877119,upsert,0,64,RateFIFO,12426261210083601366,0.0004608631134033203,True,,enqueued,,180
41248,2048,update,1785064227.2887242,1785064227.2887242,1785064227.2877119,upsert,0,64,RateFIFO,12426261210083601366,0.0010123252868652344,True,,forwarded,,180
41248,2048,update,1785064227.2889116,,1785064227.2878814,upsert,2,64,RateFIFO,12426261210083601366,0.0010302066802978516,False,,suppressed,rate_limit,182
41248,2048,update,1785064227.28902,,1785064227.287833,upsert,1,64,RateFIFO,12426261210083601366,0.0011870861053466797,False,,suppressed,rate_limit,181
41248,2048,update,1785064227.2891119,,1785064227.2879186,upsert,3,64,RateFIFO,12426261210083601366,0.0011932849884033203,False,,suppressed,rate_limit,183
41248,4096,update,1785064239.879865,,1785064239.8793726,upsert,0,64,RateFIFO,18366711127789728831,0.0004923343658447266,True,,enqueued,,184
41248,4096,update,1785064239.880409,1785064239.880409,1785064239.8793726,upsert,0,64,RateFIFO,18366711127789728831,0.0010364055633544922,True,,forwarded,,184
41248,4096,update,1785064239.8805652,,1785064239.8795152,upsert,2,64,RateFIFO,18366711127789728831,0.0010499954223632812,False,,suppressed,rate_limit,186
41248,4096,update,1785064239.8806763,,1785064239.8795528,upsert,3,64,RateFIFO,18366711127789728831,0.0011234283447265625,False,,suppressed,rate_limit,187
41248,4096,update,1785064239.880765,,1785064239.8794692,upsert,1,64,RateFIFO,18366711127789728831,0.0012958049774169922,False,,suppressed,rate_limit,185
41248,2048,update,1785064244.036142,,1785064244.0357273,upsert,0,64,RateFIFO,10435555625340500992,0.00041484832763671875,True,,enqueued,,188
41248,2048,update,1785064244.036648,1785064244.036648,1785064244.0357273,upsert,0,64,RateFIFO,10435555625340500992,0.0009207725524902344,True,,forwarded,,188
41248,2048,update,1785064244.0368311,,1785064244.0358987,upsert,2,64,RateFIFO,10435555625340500992,0.0009324550628662109,False,,suppressed,rate_limit,190
41248,2048,update,1785064244.0369382,,1785064244.0358515,upsert,1,64,RateFIFO,10435555625340500992,0.0010867118835449219,False,,suppressed,rate_limit,189
41248,2048,update,1785064244.0370257,,1785064244.035936,upsert,3,64,RateFIFO,10435555625340500992,0.0010895729064941406,False,,suppressed,rate_limit,191
41248,1024,update,1785064246.1621363,,1785064246.1617212,upsert,0,64,RateFIFO,5420781037229794373,0.0004150867462158203,True,,enqueued,,192
41248,2048,update,1785064246.1622994,,1785064246.1618538,upsert,0,64,RateFIFO,15769623694692820738,0.0004456043243408203,False,,suppressed,rate_limit,193
41248,2048,update,1785064246.162391,,1785064246.1619017,upsert,0,64,RateFIFO,15769623694692820738,0.0004892349243164062,False,,suppressed,rate_limit,194
41248,2048,update,1785064246.1624675,,1785064246.1619391,upsert,0,64,RateFIFO,15769623694692820738,0.0005283355712890625,False,,suppressed,rate_limit,195
41248,1024,update,1785064246.1626494,1785064246.1626494,1785064246.1617212,upsert,0,64,RateFIFO,5420781037229794373,0.0009281635284423828,True,,forwarded,,192
41248,2048,update,1785064247.9158294,,1785064247.915369,upsert,0,64,RateFIFO,15769623694692820738,0.0004603862762451172,True,,enqueued,,196
41248,2048,update,1785064247.915999,,1785064247.9154735,upsert,0,64,RateFIFO,15769623694692820738,0.0005254745483398438,False,,suppressed,rate_limit,197
41248,2048,update,1785064247.9160874,,1785064247.9155188,upsert,0,64,RateFIFO,14774026810505956694,0.0005686283111572266,False,,suppressed,rate_limit,198
41248,2048,update,1785064247.9163826,1785064247.9163826,1785064247.915369,upsert,0,64,RateFIFO,15769623694692820738,0.0010135173797607422,True,,forwarded,,196
41248,1024,update,1785064247.916512,,1785064247.9155595,upsert,2,64,RateFIFO,3163096543987652428,0.0009524822235107422,False,,suppressed,rate_limit,199
41248,2048,update,1785064249.7157671,,1785064249.7151873,upsert,0,64,RateFIFO,15769623694692820738,0.000579833984375,True,,enqueued,,200
41248,2048,update,1785064249.715968,,1785064249.7152805,upsert,0,64,RateFIFO,15769623694692820738,0.0006873607635498047,False,,suppressed,rate_limit,201
41248,2048,update,1785064249.716059,,1785064249.7153256,upsert,0,64,RateFIFO,9971467602450215698,0.0007333755493164062,False,,suppressed,rate_limit,202
41248,2048,update,1785064249.7161353,,1785064249.7153614,upsert,0,64,RateFIFO,15769623694692820738,0.0007739067077636719,False,,suppressed,rate_limit,203
41248,2048,update,1785064249.7162817,1785064249.7162817,1785064249.7151873,upsert,0,64,RateFIFO,15769623694692820738,0.0010943412780761719,True,,forwarded,,200
41248,0,update,1785064249.7273214,,1785064249.7270122,tombstone,1,64,RateFIFO,15769623694692820738,0.00030922889709472656,False,,suppressed,rate_limit,204
41248,0,update,1785064249.727419,,1785064249.7270803,tombstone,1,64,RateFIFO,12613465747135452669,0.00033855438232421875,False,,suppressed,rate_limit,205
41248,0,update,1785064249.7274885,,1785064249.7271152,tombstone,1,64,RateFIFO,12523743054995375112,0.0003733634948730469,False,,suppressed,rate_limit,206
41248,0,update,1785064249.7277026,,1785064249.727148,tombstone,1,64,RateFIFO,9971321710674973507,0.0005545616149902344,False,,suppressed,rate_limit,207
41248,0,update,1785064249.7277977,,1785064249.727177,tombstone,1,64,RateFIFO,4650049274038987083,0.0006208419799804688,False,,suppressed,rate_limit,208
41248,0,update,1785064249.7278676,,1785064249.7272048,tombstone,1,64,RateFIFO,3163096543987652428,0.0006628036499023438,False,,suppressed,rate_limit,209
41248,0,update,1785064249.7279308,,1785064249.727233,tombstone,1,64,RateFIFO,10402019323283478844,0.0006978511810302734,False,,suppressed,rate_limit,210
41248,0,update,1785064249.7279932,,1785064249.727262,tombstone,1,64,RateFIFO,14064140743279553366,0.0007312297821044922,False,,suppressed,rate_limit,211
41248,0,update,1785064249.7280548,,1785064249.72729,tombstone,1,64,RateFIFO,12376960631178457983,0.0007648468017578125,False,,suppressed,rate_limit,212
41248,0,update,1785064249.7281177,,1785064249.7273183,tombstone,1,64,RateFIFO,947483498426156190,0.0007994174957275391,False,,suppressed,rate_limit,213
41248,0,update,1785064249.728181,,1785064249.7273471,tombstone,1,64,RateFIFO,3073007241776570211,0.0008337497711181641,False,,suppressed,rate_limit,214
41248,0,update,1785064249.7282434,,1785064249.7273765,tombstone,1,64,RateFIFO,14108233664250482536,0.0008668899536132812,False,,suppressed,rate_limit,215
41248,0,update,1785064249.728309,,1785064249.7274046,tombstone,1,64,RateFIFO,14774026810505956694,0.0009043216705322266,False,,suppressed,rate_limit,216
41248,0,update,1785064249.7283716,,1785064249.7274323,tombstone,1,64,RateFIFO,5281956220402968541,0.0009393692016601562,False,,suppressed,rate_limit,217
41248,0,update,1785064249.7284338,,1785064249.7274604,tombstone,1,64,RateFIFO,1785562587857272681,0.0009734630584716797,False,,suppressed,rate_limit,218
41248,0,update,1785064249.728496,,1785064249.7274885,tombstone,1,64,RateFIFO,1610475058989402671,0.0010075569152832031,False,,suppressed,rate_limit,219
41248,0,update,1785064249.728557,,1785064249.7275212,tombstone,1,64,RateFIFO,13378001954599623759,0.001035928726196289,False,,suppressed,rate_limit,220
41248,0,update,1785064249.7287638,,1785064249.7275577,tombstone,1,64,RateFIFO,155989354309277790,0.0012061595916748047,False,,suppressed,rate_limit,221
41248,0,update,1785064249.7288613,,1785064249.7275975,tombstone,1,64,RateFIFO,1187225797315579929,0.0012638568878173828,False,,suppressed,rate_limit,222
41248,0,update,1785064249.7289262,,1785064249.727624,tombstone,1,64,RateFIFO,15960031488910374299,0.0013022422790527344,False,,suppressed,rate_limit,223
41248,0,update,1785064249.7289886,,1785064249.7276473,tombstone,1,64,RateFIFO,4596497935095405733,0.0013413429260253906,False,,suppressed,rate_limit,224
41248,0,update,1785064249.72905,,1785064249.7276714,tombstone,1,64,RateFIFO,13063325218966850298,0.0013785362243652344,False,,suppressed,rate_limit,225
41248,0,update,1785064249.729111,,1785064249.7276947,tombstone,1,64,RateFIFO,8862197794517271531,0.0014162063598632812,False,,suppressed,rate_limit,226
41248,0,update,1785064249.7291718,,1785064249.7277145,tombstone,1,64,RateFIFO,13367182244321225226,0.00145721435546875,False,,suppressed,rate_limit,227
41248,0,update,1785064249.7292333,,1785064249.727735,tombstone,1,64,RateFIFO,17730309890119328358,0.0014982223510742188,False,,suppressed,rate_limit,228
41248,0,update,1785064249.7292936,,1785064249.7277603,tombstone,1,64,RateFIFO,16342886595574764735,0.0015332698822021484,False,,suppressed,rate_limit,229
41248,0,update,1785064249.7293541,,1785064249.7277944,tombstone,1,64,RateFIFO,13143428811662154315,0.0015597343444824219,False,,suppressed,rate_limit,230
41248,0,update,1785064249.7294147,,1785064249.7278192,tombstone,1,64,RateFIFO,5248254131891465233,0.0015954971313476562,False,,suppressed,rate_limit,231
41248,0,update,1785064249.7294745,,1785064249.7278402,tombstone,1,64,RateFIFO,6602759660674530941,0.001634359359741211,False,,suppressed,rate_limit,232
41248,0,update,1785064249.7295349,,1785064249.727866,tombstone,1,64,RateFIFO,16374985302794130926,0.0016689300537109375,False,,suppressed,rate_limit,233
41248,0,update,1785064249.729595,,1785064249.7278845,tombstone,1,64,RateFIFO,11074190661555870271,0.0017104148864746094,False,,suppressed,rate_limit,234
41248,0,update,1785064249.729655,,1785064249.7279038,tombstone,1,64,RateFIFO,12578487649826242535,0.0017511844635009766,False,,suppressed,rate_limit,235
41248,0,update,1785064249.729716,,1785064249.7279284,tombstone,1,64,RateFIFO,9971467602450215698,0.0017876625061035156,False,,suppressed,rate_limit,236
41248,0,update,1785064249.729786,,1785064249.7279465,tombstone,1,64,RateFIFO,16048794067380282208,0.0018393993377685547,False,,suppressed,rate_limit,237
41248,0,update,1785064249.7298496,,1785064249.7279677,tombstone,1,64,RateFIFO,17622982719236225751,0.0018818378448486328,False,,suppressed,rate_limit,238
41248,0,update,1785064249.7299278,,1785064249.7279923,tombstone,1,64,RateFIFO,2684601022077970021,0.0019354820251464844,False,,suppressed,rate_limit,239
41248,0,update,1785064249.7299893,,1785064249.7280154,tombstone,1,64,RateFIFO,16954395879792744941,0.001973867416381836,False,,suppressed,rate_limit,240
41248,0,update,1785064249.73005,,1785064249.7280347,tombstone,1,64,RateFIFO,4132850298606047245,0.002015352249145508,False,,suppressed,rate_limit,241
41248,0,update,1785064249.7301104,,1785064249.728054,tombstone,1,64,RateFIFO,4141618429024808821,0.0020563602447509766,False,,suppressed,rate_limit,242
41248,0,update,1785064249.730171,,1785064249.7280777,tombstone,1,64,RateFIFO,7638769856617818995,0.0020933151245117188,False,,suppressed,rate_limit,243
41248,0,update,1785064249.7302318,,1785064249.728096,tombstone,1,64,RateFIFO,9940797030998834804,0.002135753631591797,False,,suppressed,rate_limit,244
41248,0,update,1785064249.7302926,,1785064249.7281168,tombstone,1,64,RateFIFO,14361523986587977395,0.0021758079528808594,False,,suppressed,rate_limit,245
41248,0,update,1785064249.730352,,1785064249.7281415,tombstone,1,64,RateFIFO,14694726361257372,0.002210378646850586,False,,suppressed,rate_limit,246
41248,0,update,1785064249.730412,,1785064249.7281613,tombstone,1,64,RateFIFO,9417075026054648240,0.00225067138671875,False,,suppressed,rate_limit,247
41248,0,update,1785064249.7304726,,1785064249.7281814,tombstone,1,64,RateFIFO,7230541217248033124,0.0022912025451660156,False,,suppressed,rate_limit,248
41248,0,update,1785064249.7305326,,1785064249.7282076,tombstone,1,64,RateFIFO,12426261210083601366,0.0023250579833984375,False,,suppressed,rate_limit,249
41248,0,update,1785064249.730593,,1785064249.7282255,tombstone,1,64,RateFIFO,18366711127789728831,0.0023674964904785156,False,,suppressed,rate_limit,250
41248,0,update,1785064249.7306519,,1785064249.7282453,tombstone,1,64,RateFIFO,10435555625340500992,0.002406597137451172,False,,suppressed,rate_limit,251
41248,1024,update,1785064252.8388543,,1785064252.8383923,upsert,0,64,RateFIFO,12578487649826242535,0.0004620552062988281,True,,enqueued,,252
41248,2048,update,1785064252.8390324,,1785064252.8384888,upsert,0,64,RateFIFO,12523743054995375112,0.0005435943603515625,False,,suppressed,rate_limit,253
41248,2048,update,1785064252.8391259,,1785064252.8385324,upsert,0,64,RateFIFO,15769623694692820738,0.0005934238433837891,False,,suppressed,rate_limit,254
41248,4096,update,1785064252.8392022,,1785064252.838569,upsert,0,64,RateFIFO,1187225797315579929,0.00063323974609375,False,,suppressed,rate_limit,255
41248,1024,update,1785064252.8393307,1785064252.8393307,1785064252.8383923,upsert,0,64,RateFIFO,12578487649826242535,0.00093841552734375,True,,forwarded,,252
41248,2048,update,1785064254.347207,,1785064254.3466175,upsert,0,64,RateFIFO,15769623694692820738,0.0005896091461181641,True,,enqueued,,256
41248,2048,update,1785064254.3474042,,1785064254.346715,upsert,0,64,RateFIFO,15769623694692820738,0.0006892681121826172,False,,suppressed,rate_limit,257
41248,2048,update,1785064254.347502,,1785064254.3467586,upsert,0,64,RateFIFO,15769623694692820738,0.0007433891296386719,False,,suppressed,rate_limit,258
41248,2048,update,1785064254.347763,1785064254.347763,1785064254.3466175,upsert,0,64,RateFIFO,15769623694692820738,0.0011456012725830078,True,,forwarded,,256
41248,1024,update,1785064254.3479269,,1785064254.3468263,upsert,0,64,RateFIFO,4650049274038987083,0.0011005401611328125,False,,suppressed,rate_limit,259
41248,1024,update,1785064256.087617,,1785064256.087124,upsert,2,64,RateFIFO,12376960631178457983,0.0004928112030029297,True,,enqueued,,260
41248,1024,update,1785064256.0879474,1785064256.0879474,1785064256.087124,upsert,2,64,RateFIFO,12376960631178457983,0.0008232593536376953,True,,forwarded,,260
41248,2048,update,1785064256.0881026,,1785064256.0872211,upsert,0,64,RateFIFO,15769623694692820738,0.0008814334869384766,False,,suppressed,rate_limit,261
41248,2048,update,1785064256.0881975,,1785064256.0872712,upsert,0,64,RateFIFO,9971467602450215698,0.0009262561798095703,False,,suppressed,rate_limit,262
41248,2048,update,1785064256.0882711,,1785064256.0873077,upsert,0,64,RateFIFO,15769623694692820738,0.0009634494781494141,False,,suppressed,rate_limit,263
41248,0,update,1785064256.0983388,,1785064256.098,tombstone,2,64,RateFIFO,15769623694692820738,0.0003387928009033203,False,,suppressed,rate_limit,264
41248,0,update,1785064256.0984387,,1785064256.0980706,tombstone,2,64,RateFIFO,12613465747135452669,0.0003681182861328125,False,,suppressed,rate_limit,265
41248,0,update,1785064256.0985103,,1785064256.0981054,tombstone,2,64,RateFIFO,12523743054995375112,0.0004048347473144531,False,,suppressed,rate_limit,266
41248,0,update,1785064256.098603,,1785064256.098136,tombstone,2,64,RateFIFO,9971321710674973507,0.00046706199645996094,False,,suppressed,rate_limit,267
41248,0,update,1785064256.098887,,1785064256.098168,tombstone,2,64,RateFIFO,4650049274038987083,0.0007190704345703125,False,,suppressed,rate_limit,268
41248,0,update,1785064256.0989711,,1785064256.0981994,tombstone,2,64,RateFIFO,10402019323283478844,0.0007717609405517578,False,,suppressed,rate_limit,269
41248,0,update,1785064256.0990367,,1785064256.098229,tombstone,2,64,RateFIFO,14064140743279553366,0.0008077621459960938,False,,suppressed,rate_limit,270
41248,0,update,1785064256.0991008,,1785064256.0982583,tombstone,2,64,RateFIFO,947483498426156190,0.0008425712585449219,False,,suppressed,rate_limit,271
41248,0,update,1785064256.099165,,1785064256.0982878,tombstone,2,64,RateFIFO,3073007241776570211,0.0008771419525146484,False,,suppressed,rate_limit,272
41248,0,update,1785064256.0992286,,1785064256.0983174,tombstone,2,64,RateFIFO,14108233664250482536,0.0009112358093261719,False,,suppressed,rate_limit,273
41248,0,update,1785064256.0992913,,1785064256.0983458,tombstone,2,64,RateFIFO,14774026810505956694,0.0009455680847167969,False,,suppressed,rate_limit,274
41248,0,update,1785064256.0993528,,1785064256.0983741,tombstone,2,64,RateFIFO,5281956220402968541,0.000978708267211914,False,,suppressed,rate_limit,275
41248,0,update,1785064256.0994153,,1785064256.0984025,tombstone,2,64,RateFIFO,1785562587857272681,0.0010128021240234375,False,,suppressed,rate_limit,276
41248,0,update,1785064256.0994766,,1785064256.0984402,tombstone,2,64,RateFIFO,1610475058989402671,0.0010364055633544922,False,,suppressed,rate_limit,277
41248,0,update,1785064256.0997684,,1785064256.098484,tombstone,2,64,RateFIFO,13378001954599623759,0.0012843608856201172,False,,suppressed,rate_limit,278
41248,0,update,1785064256.0998738,,1785064256.0985317,tombstone,2,64,RateFIFO,155989354309277790,0.0013420581817626953,False,,suppressed,rate_limit,279
41248,0,update,1785064256.099953,,1785064256.098569,tombstone,2,64,RateFIFO,1187225797315579929,0.0013840198516845703,False,,suppressed,rate_limit,280
41248,0,update,1785064256.100064,,1785064256.0986123,tombstone,2,64,RateFIFO,15960031488910374299,0.001451730728149414,False,,suppressed,rate_limit,281
41248,0,update,1785064256.1001525,,1785064256.0986528,tombstone,2,64,RateFIFO,4596497935095405733,0.0014996528625488281,False,,suppressed,rate_limit,282
41248,0,update,1785064256.1002598,,1785064256.0986974,tombstone,2,64,RateFIFO,13063325218966850298,0.001562356948852539,False,,suppressed,rate_limit,283
41248,0,update,1785064256.1003504,,1785064256.0987358,tombstone,2,64,RateFIFO,8862197794517271531,0.0016145706176757812,False,,suppressed,rate_limit,284
41248,0,update,1785064256.1004593,,1785064256.0987632,tombstone,2,64,RateFIFO,13367182244321225226,0.0016961097717285156,False,,suppressed,rate_limit,285
41248,0,update,1785064256.1005464,,1785064256.0988,tombstone,2,64,RateFIFO,17730309890119328358,0.0017464160919189453,False,,suppressed,rate_limit,286
41248,0,update,1785064256.100651,,1785064256.0988219,tombstone,2,64,RateFIFO,16342886595574764735,0.0018291473388671875,False,,suppressed,rate_limit,287
41248,0,update,1785064256.100737,,1785064256.0988467,tombstone,2,64,RateFIFO,13143428811662154315,0.001890420913696289,False,,suppressed,rate_limit,288
41248,0,update,1785064256.100869,,1785064256.0988712,tombstone,2,64,RateFIFO,5248254131891465233,0.001997709274291992,False,,suppressed,rate_limit,289
41248,0,update,1785064256.1010153,,1785064256.0988953,tombstone,2,64,RateFIFO,6602759660674530941,0.0021200180053710938,False,,suppressed,rate_limit,290
41248,0,update,1785064256.1011145,,1785064256.09892,tombstone,2,64,RateFIFO,16374985302794130926,0.0021944046020507812,False,,suppressed,rate_limit,291
41248,0,update,1785064256.1012027,,1785064256.0989442,tombstone,2,64,RateFIFO,11074190661555870271,0.0022585391998291016,False,,suppressed,rate_limit,292
41248,0,update,1785064256.1013086,,1785064256.0989678,tombstone,2,64,RateFIFO,12578487649826242535,0.0023407936096191406,False,,suppressed,rate_limit,293
41248,0,update,1785064256.101396,,1785064256.0990007,tombstone,2,64,RateFIFO,9971467602450215698,0.0023953914642333984,False,,suppressed,rate_limit,294
41248,0,update,1785064256.1015007,,1785064256.0990434,tombstone,2,64,RateFIFO,16048794067380282208,0.0024573802947998047,False,,suppressed,rate_limit,295
41248,0,update,1785064256.1015856,,1785064256.0990832,tombstone,2,64,RateFIFO,17622982719236225751,0.00250244140625,False,,suppressed,rate_limit,296
41248,0,update,1785064256.1016905,,1785064256.0991168,tombstone,2,64,RateFIFO,2684601022077970021,0.002573728561401367,False,,suppressed,rate_limit,297
41248,0,update,1785064256.101792,,1785064256.099144,tombstone,2,64,RateFIFO,16954395879792744941,0.0026481151580810547,False,,suppressed,rate_limit,298
41248,0,update,1785064256.101903,,1785064256.09918,tombstone,2,64,RateFIFO,4132850298606047245,0.0027229785919189453,False,,suppressed,rate_limit,299
41248,0,update,1785064256.1019917,,1785064256.099214,tombstone,2,64,RateFIFO,4141618429024808821,0.002777576446533203,False,,suppressed,rate_limit,300
41248,0,update,1785064256.1020985,,1785064256.099251,tombstone,2,64,RateFIFO,7638769856617818995,0.002847433090209961,False,,suppressed,rate_limit,301
41248,0,update,1785064256.1023757,,1785064256.0992844,tombstone,2,64,RateFIFO,9940797030998834804,0.0030913352966308594,False,,suppressed,rate_limit,302
41248,0,update,1785064256.1024647,,1785064256.099317,tombstone,2,64,RateFIFO,14361523986587977395,0.003147602081298828,False,,suppressed,rate_limit,303
41248,0,update,1785064256.102548,,1785064256.0993502,tombstone,2,64,RateFIFO,14694726361257372,0.0031976699829101562,False,,suppressed,rate_limit,304
41248,0,update,1785064256.1026564,,1785064256.0993874,tombstone,2,64,RateFIFO,9417075026054648240,0.0032689571380615234,False,,suppressed,rate_limit,305
41248,0,update,1785064256.1027436,,1785064256.0994298,tombstone,2,64,RateFIFO,7230541217248033124,0.003313779830932617,False,,suppressed,rate_limit,306
41248,0,update,1785064256.1028666,,1785064256.099468,tombstone,2,64,RateFIFO,12426261210083601366,0.0033986568450927734,False,,suppressed,rate_limit,307
41248,0,update,1785064256.1029553,,1785064256.099502,tombstone,2,64,RateFIFO,18366711127789728831,0.0034532546997070312,False,,suppressed,rate_limit,308
41248,0,update,1785064256.10306,,1785064256.0995417,tombstone,2,64,RateFIFO,10435555625340500992,0.003518342971801758,False,,suppressed,rate_limit,309
41248,0,update,1785064256.1031473,,1785064256.0995798,tombstone,2,64,RateFIFO,3163096543987652428,0.0035674571990966797,False,,suppressed,rate_limit,310
41248,0,update,1785064256.1032507,,1785064256.09961,tombstone,2,64,RateFIFO,12376960631178457983,0.0036406517028808594,False,,suppressed,rate_limit,311
41248,1024,update,1785064257.4036891,,1785064257.4031696,upsert,1,64,RateFIFO,12613465747135452669,0.0005195140838623047,False,,suppressed,rate_limit,312
41248,1024,update,1785064257.4040902,,1785064257.403404,upsert,2,64,RateFIFO,12613465747135452669,0.0006861686706542969,False,,suppressed,rate_limit,313
41248,2048,update,1785064257.4043489,,1785064257.403569,upsert,0,64,RateFIFO,15769623694692820738,0.0007798671722412109,False,,suppressed,rate_limit,314
41248,2048,update,1785064257.4044507,,1785064257.403819,upsert,0,64,RateFIFO,15769623694692820738,0.0006315708160400391,False,,suppressed,rate_limit,315
41248,1024,update,1785064258.8705263,,1785064258.8698597,upsert,3,64,RateFIFO,12613465747135452669,0.0006666183471679688,True,,enqueued,,316
41248,1024,update,1785064258.8709042,1785064258.8709042,1785064258.8698597,upsert,3,64,RateFIFO,12613465747135452669,0.0010445117950439453,True,,forwarded,,316
41248,2048,update,1785064258.871061,,1785064258.8700945,upsert,0,64,RateFIFO,12523743054995375112,0.0009665489196777344,False,,suppressed,rate_limit,317
41248,2048,update,1785064258.8711817,,1785064258.8703244,upsert,0,64,RateFIFO,12523743054995375112,0.0008573532104492188,False,,suppressed,rate_limit,318
41248,1024,update,1785064258.8713014,,1785064258.8705359,upsert,0,64,RateFIFO,4650049274038987083,0.0007655620574951172,False,,suppressed,rate_limit,319
41248,4096,update,1785064271.4415615,,1785064271.4412134,upsert,0,64,RateFIFO,10402019323283478844,0.00034809112548828125,True,,enqueued,,320
41248,4096,update,1785064271.4418118,1785064271.4418118,1785064271.4412134,upsert,0,64,RateFIFO,10402019323283478844,0.0005984306335449219,True,,forwarded,,320
41248,2048,update,1785064271.4420383,,1785064271.4416494,upsert,0,64,RateFIFO,155989354309277790,0.00038886070251464844,False,,suppressed,rate_limit,321
41248,4096,update,1785064271.4422877,,1785064271.4419117,upsert,3,64,RateFIFO,17626756171492301456,0.00037598609924316406,False,,suppressed,rate_limit,322
41248,1024,update,1785064271.4425287,,1785064271.4422636,upsert,2,64,RateFIFO,12613465747135452669,0.0002651214599609375,False,,suppressed,rate_limit,323
41248,0,update,1785064271.4519966,,1785064271.4517322,tombstone,3,64,RateFIFO,15769623694692820738,0.0002644062042236328,False,,suppressed,rate_limit,324
41248,0,update,1785064271.4520962,,1785064271.4518132,tombstone,3,64,RateFIFO,12523743054995375112,0.0002830028533935547,False,,suppressed,rate_limit,325
41248,0,update,1785064271.4523318,,1785064271.4518564,tombstone,3,64,RateFIFO,9971321710674973507,0.0004754066467285156,False,,suppressed,rate_limit,326
41248,0,update,1785064271.4524186,,1785064271.4518874,tombstone,3,64,RateFIFO,4650049274038987083,0.0005311965942382812,False,,suppressed,rate_limit,327
41248,0,update,1785064271.4524865,,1785064271.45192,tombstone,3,64,RateFIFO,3163096543987652428,0.0005664825439453125,False,,suppressed,rate_limit,328
41248,0,update,1785064271.452552,,1785064271.451951,tombstone,3,64,RateFIFO,10402019323283478844,0.0006010532379150391,False,,suppressed,rate_limit,329
41248,0,update,1785064271.452616,,1785064271.4519808,tombstone,3,64,RateFIFO,14064140743279553366,0.0006351470947265625,False,,suppressed,rate_limit,330
41248,0,update,1785064271.4526796,,1785064271.452011,tombstone,3,64,RateFIFO,12376960631178457983,0.0006685256958007812,False,,suppressed,rate_limit,331
41248,0,update,1785064271.4527423,,1785064271.4520397,tombstone,3,64,RateFIFO,947483498426156190,0.0007026195526123047,False,,suppressed,rate_limit,332
41248,0,update,1785064271.452831,,1785064271.4520683,tombstone,3,64,RateFIFO,3073007241776570211,0.0007627010345458984,False,,suppressed,rate_limit,333
41248,0,update,1785064271.4528947,,1785064271.4520981,tombstone,3,64,RateFIFO,14108233664250482536,0.0007965564727783203,False,,suppressed,rate_limit,334
41248,0,update,1785064271.4529564,,1785064271.4521327,tombstone,3,64,RateFIFO,14774026810505956694,0.0008237361907958984,False,,suppressed,rate_limit,335
41248,0,update,1785064271.4532185,,1785064271.452164,tombstone,3,64,RateFIFO,5281956220402968541,0.001054525375366211,False,,suppressed,rate_limit,336
41248,0,update,1785064271.4533014,,1785064271.4521995,tombstone,3,64,RateFIFO,1785562587857272681,0.0011019706726074219,False,,suppressed,rate_limit,337
41248,0,update,1785064271.453367,,1785064271.4522312,tombstone,3,64,RateFIFO,1610475058989402671,0.0011358261108398438,False,,suppressed,rate_limit,338
41248,0,update,1785064271.4534304,,1785064271.452261,tombstone,3,64,RateFIFO,13378001954599623759,0.001169443130493164,False,,suppressed,rate_limit,339
41248,0,update,1785064271.4534926,,1785064271.452284,tombstone,3,64,RateFIFO,155989354309277790,0.0012085437774658203,False,,suppressed,rate_limit,340
41248,0,update,1785064271.4535565,,1785064271.452309,tombstone,3,64,RateFIFO,1187225797315579929,0.0012476444244384766,False,,suppressed,rate_limit,341
41248,0,update,1785064271.4536195,,1785064271.452332,tombstone,3,64,RateFIFO,15960031488910374299,0.0012874603271484375,False,,suppressed,rate_limit,342
41248,0,update,1785064271.4536815,,1785064271.452351,tombstone,3,64,RateFIFO,4596497935095405733,0.0013303756713867188,False,,suppressed,rate_limit,343
41248,0,update,1785064271.4537437,,1785064271.4523723,tombstone,3,64,RateFIFO,13063325218966850298,0.0013713836669921875,False,,suppressed,rate_limit,344
41248,0,update,1785064271.4538212,,1785064271.452397,tombstone,3,64,RateFIFO,8862197794517271531,0.0014240741729736328,False,,suppressed,rate_limit,345
41248,0,update,1785064271.4539013,,1785064271.452421,tombstone,3,64,RateFIFO,13367182244321225226,0.0014803409576416016,False,,suppressed,rate_limit,346
41248,0,update,1785064271.4539673,,1785064271.4524436,tombstone,3,64,RateFIFO,17730309890119328358,0.001523733139038086,False,,suppressed,rate_limit,347
41248,0,update,1785064271.4540288,,1785064271.4524708,tombstone,3,64,RateFIFO,16342886595574764735,0.001558065414428711,False,,suppressed,rate_limit,348
41248,0,update,1785064271.4540899,,1785064271.4524953,tombstone,3,64,RateFIFO,13143428811662154315,0.00159454345703125,False,,suppressed,rate_limit,349
41248,0,update,1785064271.4541512,,1785064271.4525187,tombstone,3,64,RateFIFO,5248254131891465233,0.0016324520111083984,False,,suppressed,rate_limit,350
41248,0,update,1785064271.4542122,,1785064271.4525428,tombstone,3,64,RateFIFO,6602759660674530941,0.0016694068908691406,False,,suppressed,rate_limit,351
41248,0,update,1785064271.4542737,,1785064271.4525683,tombstone,3,64,RateFIFO,16374985302794130926,0.0017054080963134766,False,,suppressed,rate_limit,352
41248,0,update,1785064271.4543352,,1785064271.4525933,tombstone,3,64,RateFIFO,11074190661555870271,0.0017418861389160156,False,,suppressed,rate_limit,353
41248,0,update,1785064271.4543962,,1785064271.452619,tombstone,3,64,RateFIFO,12578487649826242535,0.0017771720886230469,False,,suppressed,rate_limit,354
41248,0,update,1785064271.454457,,1785064271.4526432,tombstone,3,64,RateFIFO,9971467602450215698,0.0018138885498046875,False,,suppressed,rate_limit,355
41248,0,update,1785064271.4545214,,1785064271.4526672,tombstone,3,64,RateFIFO,16048794067380282208,0.0018541812896728516,False,,suppressed,rate_limit,356
41248,0,update,1785064271.4547162,,1785064271.4526904,tombstone,3,64,RateFIFO,17622982719236225751,0.0020258426666259766,False,,suppressed,rate_limit,357
41248,0,update,1785064271.454813,,1785064271.4527152,tombstone,3,64,RateFIFO,2684601022077970021,0.0020978450775146484,False,,suppressed,rate_limit,358
41248,0,update,1785064271.45488,,1785064271.4527388,tombstone,3,64,RateFIFO,16954395879792744941,0.002141237258911133,False,,suppressed,rate_limit,359
41248,0,update,1785064271.454943,,1785064271.452763,tombstone,3,64,RateFIFO,4132850298606047245,0.002179861068725586,False,,suppressed,rate_limit,360
41248,0,update,1785064271.4550061,,1785064271.4527948,tombstone,3,64,RateFIFO,4141618429024808821,0.002211332321166992,False,,suppressed,rate_limit,361
41248,0,update,1785064271.4550676,,1785064271.4528146,tombstone,3,64,RateFIFO,7638769856617818995,0.0022530555725097656,False,,suppressed,rate_limit,362
41248,0,update,1785064271.4551299,,1785064271.4528337,tombstone,3,64,RateFIFO,9940797030998834804,0.0022962093353271484,False,,suppressed,rate_limit,363
41248,0,update,1785064271.4551902,,1785064271.4528568,tombstone,3,64,RateFIFO,14361523986587977395,0.002333402633666992,False,,suppressed,rate_limit,364
41248,0,update,1785064271.4552696,,1785064271.4528828,tombstone,3,64,RateFIFO,14694726361257372,0.002386808395385742,False,,suppressed,rate_limit,365
41248,0,update,1785064271.4553335,,1785064271.452907,tombstone,3,64,RateFIFO,9417075026054648240,0.0024263858795166016,False,,suppressed,rate_limit,366
41248,0,update,1785064271.455395,,1785064271.452938,tombstone,3,64,RateFIFO,7230541217248033124,0.0024569034576416016,False,,suppressed,rate_limit,367
41248,0,update,1785064271.4554558,,1785064271.4529629,tombstone,3,64,RateFIFO,12426261210083601366,0.0024929046630859375,False,,suppressed,rate_limit,368
41248,0,update,1785064271.455518,,1785064271.4529867,tombstone,3,64,RateFIFO,18366711127789728831,0.002531290054321289,False,,suppressed,rate_limit,369
41248,0,update,1785064271.455578,,1785064271.4530118,tombstone,3,64,RateFIFO,10435555625340500992,0.0025663375854492188,False,,suppressed,rate_limit,370
41248,0,update,1785064271.4556386,,1785064271.4530368,tombstone,3,64,RateFIFO,12613465747135452669,0.0026018619537353516,False,,suppressed,rate_limit,371
41248,0,update,1785064271.4556983,,1785064271.4530618,tombstone,3,64,RateFIFO,17626756171492301456,0.002636432647705078,False,,suppressed,rate_limit,372
41248,2048,update,1785064273.6076345,,1785064273.60724,upsert,0,64,RateFIFO,15769623694692820738,0.00039458274841308594,True,,enqueued,,373
41248,2048,update,1785064273.6078973,1785064273.6078973,1785064273.60724,upsert,0,64,RateFIFO,15769623694692820738,0.0006573200225830078,True,,forwarded,,373
41248,1024,update,1785064273.6081223,,1785064273.60755,upsert,0,64,RateFIFO,4650049274038987083,0.0005724430084228516,False,,suppressed,rate_limit,374
41248,2048,update,1785064273.6082225,,1785064273.6077094,upsert,0,64,RateFIFO,12523743054995375112,0.0005130767822265625,False,,suppressed,rate_limit,375
41248,1024,update,1785064273.6083,,1785064273.6079304,upsert,0,64,RateFIFO,4650049274038987083,0.0003695487976074219,False,,suppressed,rate_limit,376
41248,2048,update,1785064276.2355742,,1785064276.2351978,upsert,0,64,RateFIFO,15769623694692820738,0.0003764629364013672,True,,enqueued,,377
41248,2048,update,1785064276.2358198,1785064276.2358198,1785064276.2351978,upsert,0,64,RateFIFO,15769623694692820738,0.0006220340728759766,True,,forwarded,,377
41248,2048,update,1785064276.2360454,,1785064276.2355018,upsert,0,64,RateFIFO,15769623694692820738,0.0005435943603515625,False,,suppressed,rate_limit,378
41248,4096,update,1785064276.2361462,,1785064276.2357268,upsert,0,64,RateFIFO,1785562587857272681,0.00041937828063964844,False,,suppressed,rate_limit,379
41248,1024,update,1785064276.2363348,,1785064276.2360992,upsert,0,64,RateFIFO,12578487649826242535,0.00023555755615234375,False,,suppressed,rate_limit,380
41248,4096,update,1785064277.9625561,,1785064277.9621089,upsert,0,64,RateFIFO,18366711127789728831,0.00044727325439453125,True,,enqueued,,381
41248,4096,update,1785064277.9628341,1785064277.9628341,1785064277.9621089,upsert,0,64,RateFIFO,18366711127789728831,0.0007252693176269531,True,,forwarded,,381
41248,1024,update,1785064277.9631264,,1785064277.9625437,upsert,2,64,RateFIFO,13143428811662154315,0.0005826950073242188,False,,suppressed,rate_limit,382
41248,1024,update,1785064277.9634116,,1785064277.962711,upsert,3,64,RateFIFO,3163096543987652428,0.0007004737854003906,False,,suppressed,rate_limit,383
41248,1024,update,1785064277.9635215,,1785064277.9628754,upsert,0,64,RateFIFO,947483498426156190,0.0006461143493652344,False,,suppressed,rate_limit,384
41248,0,update,1785064277.9729543,,1785064277.972676,tombstone,0,64,RateFIFO,12613465747135452669,0.00027823448181152344,False,,suppressed,rate_limit,385
41248,0,update,1785064277.9730656,,1785064277.972738,tombstone,0,64,RateFIFO,9971321710674973507,0.0003275871276855469,False,,suppressed,rate_limit,386
41248,0,update,1785064277.9731386,,1785064277.9727721,tombstone,0,64,RateFIFO,3163096543987652428,0.00036644935607910156,False,,suppressed,rate_limit,387
41248,0,update,1785064277.9733746,,1785064277.9728212,tombstone,0,64,RateFIFO,14064140743279553366,0.0005533695220947266,False,,suppressed,rate_limit,388
41248,0,update,1785064277.9734573,,1785064277.9728494,tombstone,0,64,RateFIFO,12376960631178457983,0.0006079673767089844,False,,suppressed,rate_limit,389
41248,0,update,1785064277.9735236,,1785064277.972878,tombstone,0,64,RateFIFO,3073007241776570211,0.0006456375122070312,False,,suppressed,rate_limit,390
41248,0,update,1785064277.9735885,,1785064277.972907,tombstone,0,64,RateFIFO,14108233664250482536,0.0006814002990722656,False,,suppressed,rate_limit,391
41248,0,update,1785064277.9736521,,1785064277.9729352,tombstone,0,64,RateFIFO,5281956220402968541,0.0007169246673583984,False,,suppressed,rate_limit,392
41248,0,update,1785064277.9737148,,1785064277.972967,tombstone,0,64,RateFIFO,1610475058989402671,0.0007479190826416016,False,,suppressed,rate_limit,393
41248,0,update,1785064277.9737897,,1785064277.9729962,tombstone,0,64,RateFIFO,13378001954599623759,0.00079345703125,False,,suppressed,rate_limit,394
41248,0,update,1785064277.973856,,1785064277.9730253,tombstone,0,64,RateFIFO,15960031488910374299,0.0008306503295898438,False,,suppressed,rate_limit,395
41248,0,update,1785064277.9739184,,1785064277.973054,tombstone,0,64,RateFIFO,4596497935095405733,0.0008645057678222656,False,,suppressed,rate_limit,396
41248,0,update,1785064277.9739804,,1785064277.9730823,tombstone,0,64,RateFIFO,13063325218966850298,0.0008981227874755859,False,,suppressed,rate_limit,397
41248,0,update,1785064277.9740422,,1785064277.9731104,tombstone,0,64,RateFIFO,8862197794517271531,0.0009317398071289062,False,,suppressed,rate_limit,398
41248,0,update,1785064277.974103,,1785064277.9731386,tombstone,0,64,RateFIFO,13367182244321225226,0.0009644031524658203,False,,suppressed,rate_limit,399
41248,0,update,1785064277.9741654,,1785064277.9731607,tombstone,0,64,RateFIFO,17730309890119328358,0.0010046958923339844,False,,suppressed,rate_limit,400
41248,0,update,1785064277.9742272,,1785064277.9731867,tombstone,0,64,RateFIFO,16342886595574764735,0.0010404586791992188,False,,suppressed,rate_limit,401
41248,0,update,1785064277.97447,,1785064277.9732137,tombstone,0,64,RateFIFO,13143428811662154315,0.0012562274932861328,False,,suppressed,rate_limit,402
41248,0,update,1785064277.974553,,1785064277.9732392,tombstone,0,64,RateFIFO,5248254131891465233,0.001313924789428711,False,,suppressed,rate_limit,403
41248,0,update,1785064277.974618,,1785064277.973264,tombstone,0,64,RateFIFO,6602759660674530941,0.0013539791107177734,False,,suppressed,rate_limit,404
41248,0,update,1785064277.974681,,1785064277.973287,tombstone,0,64,RateFIFO,16374985302794130926,0.0013937950134277344,False,,suppressed,rate_limit,405
41248,0,update,1785064277.974743,,1785064277.9733112,tombstone,0,64,RateFIFO,11074190661555870271,0.0014317035675048828,False,,suppressed,rate_limit,406
41248,0,update,1785064277.9748206,,1785064277.9733348,tombstone,0,64,RateFIFO,16048794067380282208,0.0014858245849609375,False,,suppressed,rate_limit,407
41248,0,update,1785064277.974884,,1785064277.9733577,tombstone,0,64,RateFIFO,17622982719236225751,0.0015263557434082031,False,,suppressed,rate_limit,408
41248,0,update,1785064277.974946,,1785064277.9733815,tombstone,0,64,RateFIFO,2684601022077970021,0.0015645027160644531,False,,suppressed,rate_limit,409
41248,0,update,1785064277.9750068,,1785064277.9734051,tombstone,0,64,RateFIFO,16954395879792744941,0.0016016960144042969,False,,suppressed,rate_limit,410
41248,0,update,1785064277.9750676,,1785064277.9734294,tombstone,0,64,RateFIFO,4132850298606047245,0.001638174057006836,False,,suppressed,rate_limit,411
41248,0,update,1785064277.975273,,1785064277.9734535,tombstone,0,64,RateFIFO,4141618429024808821,0.0018193721771240234,False,,suppressed,rate_limit,412
41248,0,update,1785064277.9753523,,1785064277.9734762,tombstone,0,64,RateFIFO,7638769856617818995,0.0018761157989501953,False,,suppressed,rate_limit,413
41248,0,update,1785064277.9754171,,1785064277.9734988,tombstone,0,64,RateFIFO,9940797030998834804,0.0019183158874511719,False,,suppressed,rate_limit,414
41248,0,update,1785064277.9754796,,1785064277.9735217,tombstone,0,64,RateFIFO,14361523986587977395,0.0019578933715820312,False,,suppressed,rate_limit,415
41248,0,update,1785064277.9755423,,1785064277.973546,tombstone,0,64,RateFIFO,14694726361257372,0.001996278762817383,False,,suppressed,rate_limit,416
41248,0,update,1785064277.9756072,,1785064277.973573,tombstone,0,64,RateFIFO,9417075026054648240,0.0020341873168945312,False,,suppressed,rate_limit,417
41248,0,update,1785064277.9756687,,1785064277.9735966,tombstone,0,64,RateFIFO,7230541217248033124,0.0020720958709716797,False,,suppressed,rate_limit,418
41248,0,update,1785064277.9757304,,1785064277.9736202,tombstone,0,64,RateFIFO,12426261210083601366,0.0021102428436279297,False,,suppressed,rate_limit,419
41248,0,update,1785064277.9758067,,1785064277.9736435,tombstone,0,64,RateFIFO,10435555625340500992,0.0021631717681884766,False,,suppressed,rate_limit,420
41248,0,update,1785064277.9758701,,1785064277.9736662,tombstone,0,64,RateFIFO,5420781037229794373,0.0022039413452148438,False,,suppressed,rate_limit,421
41248,0,update,1785064277.9759324,,1785064277.973689,tombstone,0,64,RateFIFO,14774026810505956694,0.0022432804107666016,False,,suppressed,rate_limit,422
41248,0,update,1785064277.9760122,,1785064277.9737127,tombstone,0,64,RateFIFO,1187225797315579929,0.0022995471954345703,False,,suppressed,rate_limit,423
41248,0,update,1785064277.9760776,,1785064277.9737356,tombstone,0,64,RateFIFO,9971467602450215698,0.0023419857025146484,False,,suppressed,rate_limit,424
41248,0,update,1785064277.976139,,1785064277.9737597,tombstone,0,64,RateFIFO,10402019323283478844,0.0023794174194335938,False,,suppressed,rate_limit,425
41248,0,update,1785064277.9762003,,1785064277.973793,tombstone,0,64,RateFIFO,155989354309277790,0.0024073123931884766,False,,suppressed,rate_limit,426
41248,0,update,1785064277.9762628,,1785064277.9738183,tombstone,0,64,RateFIFO,12523743054995375112,0.0024445056915283203,False,,suppressed,rate_limit,427
41248,0,update,1785064277.9763236,,1785064277.9738407,tombstone,0,64,RateFIFO,4650049274038987083,0.002482891082763672,False,,suppressed,rate_limit,428
41248,0,update,1785064277.9763858,,1785064277.973865,tombstone,0,64,RateFIFO,15769623694692820738,0.0025207996368408203,False,,suppressed,rate_limit,429
41248,0,update,1785064277.9764466,,1785064277.9738865,tombstone,0,64,RateFIFO,1785562587857272681,0.002560138702392578,False,,suppressed,rate_limit,430
41248,0,update,1785064277.976508,,1785064277.9739096,tombstone,0,64,RateFIFO,12578487649826242535,0.002598285675048828,False,,suppressed,rate_limit,431
41248,0,update,1785064277.97657,,1785064277.973934,tombstone,0,64,RateFIFO,18366711127789728831,0.002635955810546875,False,,suppressed,rate_limit,432
41248,0,update,1785064277.976632,,1785064277.9739563,tombstone,0,64,RateFIFO,947483498426156190,0.002675771713256836,False,,suppressed,rate_limit,433
41248,4096,update,1785064289.600602,,1785064289.6001205,upsert,2,64,RateFIFO,6282787983175785235,0.0004813671112060547,True,,enqueued,,434
41248,4096,update,1785064289.6008642,1785064289.6008642,1785064289.6001205,upsert,2,64,RateFIFO,6282787983175785235,0.0007436275482177734,True,,forwarded,,434
41248,2048,update,1785064289.6010962,,1785064289.6005611,upsert,0,64,RateFIFO,5281956220402968541,0.0005350112915039062,False,,suppressed,rate_limit,435
41248,2048,update,1785064289.601196,,1785064289.6008317,upsert,0,64,RateFIFO,15769623694692820738,0.0003643035888671875,False,,suppressed,rate_limit,436
41248,1024,update,1785064289.60144,,1785064289.6010506,upsert,3,64,RateFIFO,12613465747135452669,0.00038933753967285156,False,,suppressed,rate_limit,437
41248,2048,update,1785064308.262511,,1785064308.2621565,upsert,0,64,RateFIFO,12523743054995375112,0.00035452842712402344,True,,enqueued,,438
41248,2048,update,1785064308.2627547,1785064308.2627547,1785064308.2621565,upsert,0,64,RateFIFO,12523743054995375112,0.0005981922149658203,True,,forwarded,,438
41248,1024,update,1785064308.2631068,,1785064308.2624614,upsert,3,64,RateFIFO,9971321710674973507,0.0006453990936279297,False,,suppressed,rate_limit,439
41248,4096,update,1785064308.2632327,,1785064308.2626235,upsert,0,64,RateFIFO,10402019323283478844,0.0006091594696044922,False,,suppressed,rate_limit,440
41248,1024,update,1785064308.2633128,,1785064308.2629876,upsert,0,64,RateFIFO,12578487649826242535,0.00032520294189453125,False,,suppressed,rate_limit,441
41248,1024,update,1785064310.3194537,,1785064310.3189783,upsert,3,64,RateFIFO,12613465747135452669,0.0004754066467285156,True,,enqueued,,442
41248,1024,update,1785064310.3197453,1785064310.3197453,1785064310.3189783,upsert,3,64,RateFIFO,12613465747135452669,0.0007669925689697266,True,,forwarded,,442
41248,1024,update,1785064310.3199253,,1785064310.3192291,upsert,0,64,RateFIFO,13143428811662154315,0.0006961822509765625,False,,suppressed,rate_limit,443
41248,2048,update,1785064310.3200161,,1785064310.3195405,upsert,0,64,RateFIFO,15769623694692820738,0.0004756450653076172,False,,suppressed,rate_limit,445
41248,1024,update,1785064310.3201911,,1785064310.3193924,upsert,2,64,RateFIFO,3163096543987652428,0.0007987022399902344,False,,suppressed,rate_limit,444
41248,0,update,1785064310.3274932,,1785064310.3272738,tombstone,1,64,RateFIFO,12613465747135452669,0.0002193450927734375,False,,suppressed,rate_limit,446
41248,4096,update,1785064323.5216992,,1785064323.5212507,upsert,2,64,RateFIFO,17846715708891391149,0.00044846534729003906,True,,enqueued,,447
41248,4096,update,1785064323.5220027,1785064323.5220027,1785064323.5212507,upsert,2,64,RateFIFO,17846715708891391149,0.0007519721984863281,True,,forwarded,,447
41248,4096,update,1785064323.5222905,,1785064323.5216897,upsert,3,64,RateFIFO,17846715708891391149,0.0006008148193359375,False,,suppressed,rate_limit,448
41248,4096,update,1785064323.522493,,1785064323.5221584,upsert,0,64,RateFIFO,17846715708891391149,0.0003345012664794922,False,,suppressed,rate_limit,449
41248,4096,update,1785064323.5227957,,1785064323.5225782,upsert,1,64,RateFIFO,17846715708891391149,0.000217437744140625,False,,suppressed,rate_limit,450
41248,2048,update,1785064327.548332,,1785064327.5478687,upsert,2,64,RateFIFO,13844655051170110805,0.00046324729919433594,True,,enqueued,,451
41248,2048,update,1785064327.5486617,1785064327.5486617,1785064327.5478687,upsert,2,64,RateFIFO,13844655051170110805,0.0007929801940917969,True,,forwarded,,451
41248,4096,update,1785064327.5488455,,1785064327.548176,upsert,0,64,RateFIFO,17846715708891391149,0.0006694793701171875,False,,suppressed,rate_limit,452
41248,2048,update,1785064327.549251,,1785064327.5485451,upsert,1,64,RateFIFO,11828416008499956572,0.0007059574127197266,False,,suppressed,rate_limit,453
41248,2048,update,1785064327.5493758,,1785064327.5488458,upsert,3,64,RateFIFO,13844655051170110805,0.0005300045013427734,False,,suppressed,rate_limit,454
41248,4096,update,1785064340.6012857,,1785064340.6009507,upsert,2,64,RateFIFO,17846715708891391149,0.0003349781036376953,True,,enqueued,,455
41248,4096,update,1785064340.6014497,1785064340.6014497,1785064340.6009507,upsert,2,64,RateFIFO,17846715708891391149,0.0004990100860595703,True,,forwarded,,455
41248,2048,update,1785064340.601604,,1785064340.6013908,upsert,1,64,RateFIFO,11828416008499956572,0.00021314620971679688,False,,suppressed,rate_limit,456
41248,1024,update,1785064340.6018584,,1785064340.601692,upsert,0,64,RateFIFO,14333057367934485678,0.00016641616821289062,False,,suppressed,rate_limit,457
41248,4096,update,1785064340.6020567,,1785064340.601884,upsert,3,64,RateFIFO,6878038652119793510,0.0001728534698486328,False,,suppressed,rate_limit,458
41248,0,update,1785064340.6116345,,1785064340.6113985,tombstone,2,64,RateFIFO,12613465747135452669,0.00023603439331054688,False,,suppressed,rate_limit,459
41248,0,update,1785064340.6117728,,1785064340.6114624,tombstone,2,64,RateFIFO,13143428811662154315,0.0003104209899902344,False,,suppressed,rate_limit,460
41248,0,update,1785064340.6119976,,1785064340.611497,tombstone,2,64,RateFIFO,6282787983175785235,0.0005006790161132812,False,,suppressed,rate_limit,461
41248,0,update,1785064340.6120925,,1785064340.6115267,tombstone,2,64,RateFIFO,3163096543987652428,0.0005657672882080078,False,,suppressed,rate_limit,462
41248,0,update,1785064340.6121664,,1785064340.611555,tombstone,2,64,RateFIFO,13844655051170110805,0.0006113052368164062,False,,suppressed,rate_limit,463
41248,0,update,1785064340.6122334,,1785064340.6115837,tombstone,2,64,RateFIFO,17846715708891391149,0.0006496906280517578,False,,suppressed,rate_limit,464
41248,2048,update,1785064357.3796442,,1785064357.3791652,upsert,2,64,RateFIFO,16031388937053417897,0.00047898292541503906,True,,enqueued,,465
41248,2048,update,1785064357.3801048,1785064357.3801048,1785064357.3791652,upsert,2,64,RateFIFO,16031388937053417897,0.0009396076202392578,True,,forwarded,,465
41248,4096,update,1785064357.38027,,1785064357.3794782,upsert,2,64,RateFIFO,17846715708891391149,0.0007917881011962891,False,,suppressed,rate_limit,466
41248,4096,update,1785064357.3805315,,1785064357.3798559,upsert,2,64,RateFIFO,17846715708891391149,0.0006756782531738281,False,,suppressed,rate_limit,467
41248,4096,update,1785064357.3806307,,1785064357.3802004,upsert,2,64,RateFIFO,17846715708891391149,0.0004303455352783203,False,,suppressed,rate_limit,468
41248,4096,update,1785064369.8995063,,1785064369.8990607,upsert,2,64,RateFIFO,17846715708891391149,0.0004456043243408203,True,,enqueued,,469
41248,4096,update,1785064369.899839,1785064369.899839,1785064369.8990607,upsert,2,64,RateFIFO,17846715708891391149,0.0007781982421875,True,,forwarded,,469
41248,4096,update,1785064369.9001276,,1785064369.8995013,upsert,2,64,RateFIFO,17846715708891391149,0.0006263256072998047,False,,suppressed,rate_limit,470
41248,4096,update,1785064369.9003675,,1785064369.8998692,upsert,0,64,RateFIFO,3653934292717507175,0.0004982948303222656,False,,suppressed,rate_limit,471
41248,2048,update,1785064369.9005718,,1785064369.9002159,upsert,1,64,RateFIFO,11821849661176330329,0.0003559589385986328,False,,suppressed,rate_limit,472
41248,4096,update,1785064374.1391797,,1785064374.1387365,upsert,2,64,RateFIFO,17846715708891391149,0.0004432201385498047,True,,enqueued,,473
41248,4096,update,1785064374.1394439,1785064374.1394439,1785064374.1387365,upsert,2,64,RateFIFO,17846715708891391149,0.0007073879241943359,True,,forwarded,,473
41248,4096,update,1785064374.1397479,,1785064374.139211,upsert,2,64,RateFIFO,17846715708891391149,0.0005369186401367188,False,,suppressed,rate_limit,474
41248,2048,update,1785064374.1400437,,1785064374.1396482,upsert,0,64,RateFIFO,11821849661176330329,0.0003955364227294922,False,,suppressed,rate_limit,475
41248,4096,update,1785064374.1403036,,1785064374.139908,upsert,2,64,RateFIFO,17846715708891391149,0.0003955364227294922,False,,suppressed,rate_limit,476
41248,0,update,1785064374.1489959,,1785064374.148763,tombstone,3,64,RateFIFO,3163096543987652428,0.00023293495178222656,False,,suppressed,rate_limit,477
41248,0,update,1785064374.1491013,,1785064374.1488402,tombstone,3,64,RateFIFO,9971321710674973507,0.00026106834411621094,False,,suppressed,rate_limit,478
41248,0,update,1785064374.1493423,,1785064374.1488764,tombstone,3,64,RateFIFO,12613465747135452669,0.0004658699035644531,False,,suppressed,rate_limit,479
41248,0,update,1785064374.1494339,,1785064374.1489074,tombstone,3,64,RateFIFO,17846715708891391149,0.00052642822265625,False,,suppressed,rate_limit,480
41248,0,update,1785064374.149549,,1785064374.148937,tombstone,3,64,RateFIFO,13844655051170110805,0.0006120204925537109,False,,suppressed,rate_limit,481
41248,0,update,1785064374.149643,,1785064374.1489658,tombstone,3,64,RateFIFO,6878038652119793510,0.0006771087646484375,False,,suppressed,rate_limit,482
41248,4096,update,1785064386.4664404,,1785064386.4659932,upsert,2,64,RateFIFO,17846715708891391149,0.00044727325439453125,True,,enqueued,,483
41248,4096,update,1785064386.4667127,1785064386.4667127,1785064386.4659932,upsert,2,64,RateFIFO,17846715708891391149,0.0007195472717285156,True,,forwarded,,483
41248,4096,update,1785064386.4670753,,1785064386.4664311,upsert,2,64,RateFIFO,17846715708891391149,0.0006442070007324219,False,,suppressed,rate_limit,484
41248,4096,update,1785064386.467304,,1785064386.4668694,upsert,1,64,RateFIFO,6878038652119793510,0.00043463706970214844,False,,suppressed,rate_limit,485
41248,4096,update,1785064386.4675875,,1785064386.467286,upsert,2,64,RateFIFO,17846715708891391149,0.000301361083984375,False,,suppressed,rate_limit,486
41248,4096,update,1785064399.2601328,,1785064399.2597578,upsert,2,64,RateFIFO,17846715708891391149,0.0003750324249267578,True,,enqueued,,487
41248,4096,update,1785064399.2602875,1785064399.2602875,1785064399.2597578,upsert,2,64,RateFIFO,17846715708891391149,0.0005297660827636719,True,,forwarded,,487
41248,4096,update,1785064399.2604213,,1785064399.2602258,upsert,0,64,RateFIFO,6878038652119793510,0.00019550323486328125,False,,suppressed,rate_limit,488
41248,1024,update,1785064399.2607174,,1785064399.2605865,upsert,1,64,RateFIFO,14333057367934485678,0.0001308917999267578,False,,suppressed,rate_limit,489
41248,4096,update,1785064399.2608786,,1785064399.260735,upsert,2,64,RateFIFO,17846715708891391149,0.00014352798461914062,False,,suppressed,rate_limit,490
41248,2048,update,1785064403.4331133,,1785064403.4326904,upsert,3,64,RateFIFO,15507369539614680842,0.0004229545593261719,True,,enqueued,,491
41248,2048,update,1785064403.4333909,1785064403.4333909,1785064403.4326904,upsert,3,64,RateFIFO,15507369539614680842,0.0007004737854003906,True,,forwarded,,491
41248,4096,update,1785064403.4336646,,1785064403.4330277,upsert,2,64,RateFIFO,17846715708891391149,0.0006368160247802734,False,,suppressed,rate_limit,492
41248,2048,update,1785064403.4339023,,1785064403.4334126,upsert,0,64,RateFIFO,15507369539614680842,0.0004897117614746094,False,,suppressed,rate_limit,493
41248,2048,update,1785064403.434116,,1785064403.4336333,upsert,1,64,RateFIFO,11821849661176330329,0.0004825592041015625,False,,suppressed,rate_limit,494
41248,0,update,1785064403.4414592,,1785064403.4412644,tombstone,0,64,RateFIFO,5281956220402968541,0.00019478797912597656,False,,suppressed,rate_limit,495
41248,0,update,1785064403.4415598,,1785064403.4413297,tombstone,0,64,RateFIFO,12523743054995375112,0.0002300739288330078,False,,suppressed,rate_limit,496
41248,0,update,1785064403.4417312,,1785064403.4413662,tombstone,0,64,RateFIFO,10402019323283478844,0.0003650188446044922,False,,suppressed,rate_limit,497
41248,0,update,1785064403.4418294,,1785064403.4413989,tombstone,0,64,RateFIFO,12578487649826242535,0.0004305839538574219,False,,suppressed,rate_limit,498
41248,0,update,1785064403.4418967,,1785064403.441432,tombstone,0,64,RateFIFO,13143428811662154315,0.0004646778106689453,False,,suppressed,rate_limit,499
41248,0,update,1785064403.4419613,,1785064403.4414635,tombstone,0,64,RateFIFO,15769623694692820738,0.0004978179931640625,False,,suppressed,rate_limit,500
41248,0,update,1785064403.4420257,,1785064403.4414945,tombstone,0,64,RateFIFO,17846715708891391149,0.0005311965942382812,False,,suppressed,rate_limit,501
41248,0,update,1785064403.4420888,,1785064403.4415245,tombstone,0,64,RateFIFO,14333057367934485678,0.0005643367767333984,False,,suppressed,rate_limit,502
41248,0,update,1785064403.4421518,,1785064403.441555,tombstone,0,64,RateFIFO,3653934292717507175,0.0005967617034912109,False,,suppressed,rate_limit,503
41248,0,update,1785064403.4422138,,1785064403.4415853,tombstone,0,64,RateFIFO,11821849661176330329,0.0006284713745117188,False,,suppressed,rate_limit,504
41248,0,update,1785064403.4422746,,1785064403.441615,tombstone,0,64,RateFIFO,6878038652119793510,0.0006594657897949219,False,,suppressed,rate_limit,505
41248,0,update,1785064403.4424295,,1785064403.441645,tombstone,0,64,RateFIFO,15507369539614680842,0.0007846355438232422,False,,suppressed,rate_limit,506
41248,4096,update,1785064407.1333473,,1785064407.1328669,upsert,2,64,RateFIFO,17846715708891391149,0.00048041343688964844,True,,enqueued,,507
41248,4096,update,1785064407.1336267,1785064407.1336267,1785064407.1328669,upsert,2,64,RateFIFO,17846715708891391149,0.0007598400115966797,True,,forwarded,,507
41248,2048,update,1785064407.1339052,,1785064407.1333218,upsert,3,64,RateFIFO,11821849661176330329,0.0005834102630615234,False,,suppressed,rate_limit,508
41248,1024,update,1785064407.1341555,,1785064407.133552,upsert,1,64,RateFIFO,15887908940016499529,0.0006034374237060547,False,,suppressed,rate_limit,509
41248,1024,update,1785064407.1342616,,1785064407.1336975,upsert,0,64,RateFIFO,14333057367934485678,0.0005640983581542969,False,,suppressed,rate_limit,510
41248,4096,update,1785064411.2462623,,1785064411.2457485,upsert,2,64,RateFIFO,17846715708891391149,0.0005137920379638672,True,,enqueued,,511
41248,4096,update,1785064411.246543,1785064411.246543,1785064411.2457485,upsert,2,64,RateFIFO,17846715708891391149,0.0007944107055664062,True,,forwarded,,511
41248,2048,update,1785064411.2468185,,1785064411.2462232,upsert,1,64,RateFIFO,12395577753972294123,0.0005953311920166016,False,,suppressed,rate_limit,512
41248,4096,update,1785064411.247061,,1785064411.2464545,upsert,2,64,RateFIFO,17846715708891391149,0.000606536865234375,False,,suppressed,rate_limit,513
41248,1024,update,1785064411.2472484,,1785064411.2468178,upsert,0,64,RateFIFO,14333057367934485678,0.0004305839538574219,False,,suppressed,rate_limit,514
41248,4096,update,1785064415.2492194,,1785064415.2486928,upsert,2,64,RateFIFO,17846715708891391149,0.0005266666412353516,True,,enqueued,,515
41248,4096,update,1785064415.2494984,1785064415.2494984,1785064415.2486928,upsert,2,64,RateFIFO,17846715708891391149,0.0008056163787841797,True,,forwarded,,515
41248,4096,update,1785064415.2497637,,1785064415.249157,upsert,2,64,RateFIFO,17846715708891391149,0.0006067752838134766,False,,suppressed,rate_limit,516
41248,2048,update,1785064415.2500005,,1785064415.2495146,upsert,0,64,RateFIFO,11821849661176330329,0.0004858970642089844,False,,suppressed,rate_limit,517
41248,1024,update,1785064415.250174,,1785064415.2497294,upsert,1,64,RateFIFO,14333057367934485678,0.00044465065002441406,False,,suppressed,rate_limit,518
41248,0,update,1785064415.2580657,,1785064415.257791,tombstone,1,64,RateFIFO,17846715708891391149,0.000274658203125,False,,suppressed,rate_limit,519
41248,0,update,1785064415.2581775,,1785064415.2578638,tombstone,1,64,RateFIFO,11828416008499956572,0.00031375885009765625,False,,suppressed,rate_limit,520
41248,0,update,1785064415.258253,,1785064415.2578993,tombstone,1,64,RateFIFO,6878038652119793510,0.00035381317138671875,False,,suppressed,rate_limit,521
41248,0,update,1785064415.2584157,,1785064415.2579303,tombstone,1,64,RateFIFO,11821849661176330329,0.00048542022705078125,False,,suppressed,rate_limit,522
41248,0,update,1785064415.2584965,,1785064415.2579594,tombstone,1,64,RateFIFO,15887908940016499529,0.0005371570587158203,False,,suppressed,rate_limit,523
41248,0,update,1785064415.2585628,,1785064415.2579882,tombstone,1,64,RateFIFO,12395577753972294123,0.0005745887756347656,False,,suppressed,rate_limit,524
41248,0,update,1785064415.2586255,,1785064415.2580166,tombstone,1,64,RateFIFO,14333057367934485678,0.0006089210510253906,False,,suppressed,rate_limit,525
41248,4096,update,1785064419.339888,,1785064419.3393614,upsert,2,64,RateFIFO,17846715708891391149,0.0005266666412353516,True,,enqueued,,526
41248,4096,update,1785064419.3401713,1785064419.3401713,1785064419.3393614,upsert,2,64,RateFIFO,17846715708891391149,0.0008099079132080078,True,,forwarded,,526
41248,4096,update,1785064419.340443,,1785064419.339833,upsert,2,64,RateFIFO,17846715708891391149,0.0006098747253417969,False,,suppressed,rate_limit,527
41248,1024,update,1785064419.3406515,,1785064419.34019,upsert,0,64,RateFIFO,13764273285245102789,0.000461578369140625,False,,suppressed,rate_limit,528
41248,2048,update,1785064419.3408494,,1785064419.340339,upsert,1,64,RateFIFO,11821849661176330329,0.0005104541778564453,False,,suppressed,rate_limit,529
41248,4096,update,1785064421.3282218,,1785064421.327749,upsert,2,64,RateFIFO,17846715708891391149,0.00047278404235839844,True,,enqueued,,530
41248,4096,update,1785064421.3284879,1785064421.3284879,1785064421.327749,upsert,2,64,RateFIFO,17846715708891391149,0.0007388591766357422,True,,forwarded,,530
41248,4096,update,1785064421.3287516,,1785064421.3282177,upsert,2,64,RateFIFO,17846715708891391149,0.0005338191986083984,False,,suppressed,rate_limit,531
41248,2048,update,1785064421.3289907,,1785064421.3285732,upsert,0,64,RateFIFO,11821849661176330329,0.00041747093200683594,False,,suppressed,rate_limit,532
41248,4096,update,1785064421.3291988,,1785064421.3287966,upsert,2,64,RateFIFO,17846715708891391149,0.00040221214294433594,False,,suppressed,rate_limit,533
41248,1024,update,1785064426.4684153,,1785064426.4679716,upsert,2,64,RateFIFO,16236083247640581049,0.0004436969757080078,True,,enqueued,,534
41248,1024,update,1785064426.468748,1785064426.468748,1785064426.4679716,upsert,2,64,RateFIFO,16236083247640581049,0.0007765293121337891,True,,forwarded,,534
41248,2048,update,1785064426.4689226,,1785064426.468196,upsert,1,64,RateFIFO,5080278736125677280,0.0007266998291015625,False,,suppressed,rate_limit,535
41248,2048,update,1785064426.46912,,1785064426.4684238,upsert,0,64,RateFIFO,5080278736125677280,0.0006961822509765625,False,,suppressed,rate_limit,536
41248,2048,update,1785064426.469337,,1785064426.4686317,upsert,2,64,RateFIFO,13844655051170110805,0.0007052421569824219,False,,suppressed,rate_limit,537
41251,4096,update,1785065205.8445094,,1785065205.8440354,upsert,0,64,RateFIFO,15769623694692820738,0.00047397613525390625,True,,enqueued,,0
41251,4096,update,1785065205.8450322,1785065205.8450322,1785065205.8440354,upsert,0,64,RateFIFO,15769623694692820738,0.0009968280792236328,True,,forwarded,,0
41251,4096,update,1785065205.845196,,1785065205.844178,upsert,2,64,RateFIFO,15769623694692820738,0.0010180473327636719,False,,suppressed,rate_limit,2
41251,4096,update,1785065205.8453054,,1785065205.8441203,upsert,1,64,RateFIFO,15769623694692820738,0.0011851787567138672,False,,suppressed,rate_limit,1
41251,4096,update,1785065205.845396,,1785065205.844217,upsert,3,64,RateFIFO,15769623694692820738,0.0011789798736572266,False,,suppressed,rate_limit,3
41251,4096,update,1785065218.7877204,,1785065218.7872732,upsert,0,64,RateFIFO,12613465747135452669,0.00044727325439453125,True,,enqueued,,4
41251,4096,update,1785065218.788204,1785065218.788204,1785065218.7872732,upsert,0,64,RateFIFO,12613465747135452669,0.0009307861328125,True,,forwarded,,4
41251,4096,update,1785065218.7883558,,1785065218.7873685,upsert,3,64,RateFIFO,12613465747135452669,0.0009872913360595703,False,,suppressed,rate_limit,7
41251,4096,update,1785065218.7884605,,1785065218.7873485,upsert,2,64,RateFIFO,12613465747135452669,0.0011119842529296875,False,,suppressed,rate_limit,6
41251,4096,update,1785065218.7885492,,1785065218.7873259,upsert,1,64,RateFIFO,12613465747135452669,0.0012233257293701172,False,,suppressed,rate_limit,5
41251,4096,update,1785065231.7606065,,1785065231.7601373,upsert,0,64,RateFIFO,12523743054995375112,0.000469207763671875,True,,enqueued,,8
41251,4096,update,1785065231.7610795,1785065231.7610795,1785065231.7601373,upsert,0,64,RateFIFO,12523743054995375112,0.000942230224609375,True,,forwarded,,8
41251,4096,update,1785065231.7612329,,1785065231.760324,upsert,3,64,RateFIFO,12523743054995375112,0.0009088516235351562,False,,suppressed,rate_limit,11
41251,4096,update,1785065231.7613375,,1785065231.7602859,upsert,2,64,RateFIFO,12523743054995375112,0.0010516643524169922,False,,suppressed,rate_limit,10
41251,4096,update,1785065231.7614276,,1785065231.7602394,upsert,1,64,RateFIFO,12523743054995375112,0.0011882781982421875,False,,suppressed,rate_limit,9
41251,1024,update,1785065233.1672263,,1785065233.1668541,upsert,0,64,RateFIFO,9971321710674973507,0.00037217140197753906,False,,suppressed,rate_limit,12
41251,1024,update,1785065233.1675549,,1785065233.1670265,upsert,3,64,RateFIFO,9971321710674973507,0.0005283355712890625,False,,suppressed,rate_limit,15
41251,1024,update,1785065233.1676736,,1785065233.1669893,upsert,2,64,RateFIFO,9971321710674973507,0.0006842613220214844,False,,suppressed,rate_limit,14
41251,1024,update,1785065233.1677647,,1785065233.166945,upsert,1,64,RateFIFO,9971321710674973507,0.0008196830749511719,False,,suppressed,rate_limit,13
41251,4096,update,1785065246.214423,,1785065246.213964,upsert,0,64,RateFIFO,4650049274038987083,0.0004589557647705078,True,,enqueued,,16
41251,4096,update,1785065246.214893,1785065246.214893,1785065246.213964,upsert,0,64,RateFIFO,4650049274038987083,0.0009291172027587891,True,,forwarded,,16
41251,4096,update,1785065246.2150471,,1785065246.214148,upsert,3,64,RateFIFO,4650049274038987083,0.0008990764617919922,False,,suppressed,rate_limit,19
41251,4096,update,1785065246.2151499,,1785065246.21411,upsert,2,64,RateFIFO,4650049274038987083,0.0010399818420410156,False,,suppressed,rate_limit,18
41251,4096,update,1785065246.2152379,,1785065246.2140632,upsert,1,64,RateFIFO,4650049274038987083,0.0011746883392333984,False,,suppressed,rate_limit,17
41251,4096,update,1785065259.0779307,,1785065259.077487,upsert,0,64,RateFIFO,3163096543987652428,0.0004436969757080078,True,,enqueued,,20
41251,4096,update,1785065259.0783858,1785065259.0783858,1785065259.077487,upsert,0,64,RateFIFO,3163096543987652428,0.0008988380432128906,True,,forwarded,,20
41251,4096,update,1785065259.0785403,,1785065259.0775826,upsert,1,64,RateFIFO,3163096543987652428,0.0009577274322509766,False,,suppressed,rate_limit,21
41251,4096,update,1785065259.0786424,,1785065259.077629,upsert,2,64,RateFIFO,3163096543987652428,0.0010132789611816406,False,,suppressed,rate_limit,22
41251,4096,update,1785065259.0787308,,1785065259.0776691,upsert,3,64,RateFIFO,3163096543987652428,0.0010616779327392578,False,,suppressed,rate_limit,23
41251,2048,update,1785065263.1591425,,1785065263.1586945,upsert,0,64,RateFIFO,10402019323283478844,0.00044798851013183594,True,,enqueued,,24
41251,2048,update,1785065263.159563,1785065263.159563,1785065263.1586945,upsert,0,64,RateFIFO,10402019323283478844,0.0008685588836669922,True,,forwarded,,24
41251,2048,update,1785065263.1597164,,1785065263.1589003,upsert,3,64,RateFIFO,10402019323283478844,0.0008161067962646484,False,,suppressed,rate_limit,27
41251,2048,update,1785065263.1598527,,1785065263.158815,upsert,1,64,RateFIFO,10402019323283478844,0.0010378360748291016,False,,suppressed,rate_limit,25
41251,2048,update,1785065263.1599426,,1785065263.158863,upsert,2,64,RateFIFO,10402019323283478844,0.001079559326171875,False,,suppressed,rate_limit,26
41251,2048,update,1785065267.276963,,1785065267.2765594,upsert,0,64,RateFIFO,14064140743279553366,0.0004036426544189453,True,,enqueued,,28
41251,2048,update,1785065267.2773964,1785065267.2773964,1785065267.2765594,upsert,0,64,RateFIFO,14064140743279553366,0.0008370876312255859,True,,forwarded,,28
41251,2048,update,1785065267.277548,,1785065267.276652,upsert,1,64,RateFIFO,14064140743279553366,0.0008959770202636719,False,,suppressed,rate_limit,29
41251,2048,update,1785065267.2776513,,1785065267.2766955,upsert,2,64,RateFIFO,14064140743279553366,0.0009558200836181641,False,,suppressed,rate_limit,30
41251,2048,update,1785065267.2777376,,1785065267.2767315,upsert,3,64,RateFIFO,14064140743279553366,0.0010061264038085938,False,,suppressed,rate_limit,31
41251,2048,update,1785065271.3193734,,1785065271.3189824,upsert,0,64,RateFIFO,12376960631178457983,0.0003910064697265625,True,,enqueued,,32
41251,2048,update,1785065271.3198273,1785065271.3198273,1785065271.3189824,upsert,0,64,RateFIFO,12376960631178457983,0.0008449554443359375,True,,forwarded,,32
41251,2048,update,1785065271.3199818,,1785065271.319078,upsert,1,64,RateFIFO,12376960631178457983,0.0009038448333740234,False,,suppressed,rate_limit,33
41251,2048,update,1785065271.3200836,,1785065271.319122,upsert,2,64,RateFIFO,12376960631178457983,0.0009615421295166016,False,,suppressed,rate_limit,34
41251,2048,update,1785065271.3201716,,1785065271.3191595,upsert,3,64,RateFIFO,12376960631178457983,0.0010120868682861328,False,,suppressed,rate_limit,35
41251,2048,update,1785065275.523181,,1785065275.522734,upsert,0,64,RateFIFO,947483498426156190,0.0004470348358154297,True,,enqueued,,36
41251,2048,update,1785065275.5236146,1785065275.5236146,1785065275.522734,upsert,0,64,RateFIFO,947483498426156190,0.0008807182312011719,True,,forwarded,,36
41251,2048,update,1785065275.5237668,,1785065275.5229347,upsert,3,64,RateFIFO,947483498426156190,0.0008320808410644531,False,,suppressed,rate_limit,39
41251,2048,update,1785065275.5239153,,1785065275.5228984,upsert,2,64,RateFIFO,947483498426156190,0.001016855239868164,False,,suppressed,rate_limit,38
41251,2048,update,1785065275.524004,,1785065275.5228531,upsert,1,64,RateFIFO,947483498426156190,0.0011508464813232422,False,,suppressed,rate_limit,37
41251,4096,update,1785065288.8705633,,1785065288.8701124,upsert,0,64,RateFIFO,3073007241776570211,0.0004508495330810547,True,,enqueued,,40
41251,4096,update,1785065288.8710365,1785065288.8710365,1785065288.8701124,upsert,0,64,RateFIFO,3073007241776570211,0.0009241104125976562,True,,forwarded,,40
41251,4096,update,1785065288.8711953,,1785065288.870267,upsert,2,64,RateFIFO,3073007241776570211,0.0009284019470214844,False,,suppressed,rate_limit,42
41251,4096,update,1785065288.8712995,,1785065288.8702068,upsert,1,64,RateFIFO,3073007241776570211,0.001092672348022461,False,,suppressed,rate_limit,41
41251,4096,update,1785065288.871386,,1785065288.8703077,upsert,3,64,RateFIFO,3073007241776570211,0.0010783672332763672,False,,suppressed,rate_limit,43
41251,2048,update,1785065292.82275,,1785065292.822253,upsert,0,64,RateFIFO,14108233664250482536,0.0004971027374267578,True,,enqueued,,44
41251,2048,update,1785065292.8232598,1785065292.8232598,1785065292.822253,upsert,0,64,RateFIFO,14108233664250482536,0.0010068416595458984,True,,forwarded,,44
41251,2048,update,1785065292.823416,,1785065292.822431,upsert,3,64,RateFIFO,14108233664250482536,0.0009849071502685547,False,,suppressed,rate_limit,47
41251,2048,update,1785065292.8235228,,1785065292.8223932,upsert,2,64,RateFIFO,14108233664250482536,0.0011296272277832031,False,,suppressed,rate_limit,46
41251,2048,update,1785065292.8236127,,1785065292.8223486,upsert,1,64,RateFIFO,14108233664250482536,0.0012640953063964844,False,,suppressed,rate_limit,45
41251,2048,update,1785065296.9556005,,1785065296.955154,upsert,0,64,RateFIFO,14774026810505956694,0.00044655799865722656,True,,enqueued,,48
41251,2048,update,1785065296.9560533,1785065296.9560533,1785065296.955154,upsert,0,64,RateFIFO,14774026810505956694,0.0008993148803710938,True,,forwarded,,48
41251,2048,update,1785065296.9562027,,1785065296.955331,upsert,3,64,RateFIFO,14774026810505956694,0.0008716583251953125,False,,suppressed,rate_limit,51
41251,2048,update,1785065296.95631,,1785065296.955293,upsert,2,64,RateFIFO,14774026810505956694,0.0010170936584472656,False,,suppressed,rate_limit,50
41251,2048,update,1785065296.956399,,1785065296.9552486,upsert,1,64,RateFIFO,14774026810505956694,0.001150369644165039,False,,suppressed,rate_limit,49
41251,2048,update,1785065300.9832997,,1785065300.982854,upsert,0,64,RateFIFO,5281956220402968541,0.0004458427429199219,True,,enqueued,,52
41251,2048,update,1785065300.983725,1785065300.983725,1785065300.982854,upsert,0,64,RateFIFO,5281956220402968541,0.0008711814880371094,True,,forwarded,,52
41251,2048,update,1785065300.9838996,,1785065300.9830308,upsert,3,64,RateFIFO,5281956220402968541,0.0008687973022460938,False,,suppressed,rate_limit,55
41251,2048,update,1785065300.9840028,,1785065300.982945,upsert,1,64,RateFIFO,5281956220402968541,0.0010578632354736328,False,,suppressed,rate_limit,53
41251,2048,update,1785065300.98409,,1785065300.9829907,upsert,2,64,RateFIFO,5281956220402968541,0.0010993480682373047,False,,suppressed,rate_limit,54
41251,1024,update,1785065302.3894458,,1785065302.3889987,upsert,0,64,RateFIFO,1785562587857272681,0.0004470348358154297,False,,suppressed,rate_limit,56
41251,1024,update,1785065302.3898478,,1785065302.389183,upsert,3,64,RateFIFO,1785562587857272681,0.0006647109985351562,False,,suppressed,rate_limit,59
41251,1024,update,1785065302.3899717,,1785065302.3890975,upsert,1,64,RateFIFO,1785562587857272681,0.0008742809295654297,False,,suppressed,rate_limit,57
41251,1024,update,1785065302.3900645,,1785065302.3891428,upsert,2,64,RateFIFO,1785562587857272681,0.0009217262268066406,False,,suppressed,rate_limit,58
41251,4096,update,1785065314.9901166,,1785065314.9896502,upsert,0,64,RateFIFO,1610475058989402671,0.00046634674072265625,True,,enqueued,,60
41251,4096,update,1785065314.9905908,1785065314.9905908,1785065314.9896502,upsert,0,64,RateFIFO,1610475058989402671,0.0009405612945556641,True,,forwarded,,60
41251,4096,update,1785065314.9907558,,1785065314.9898522,upsert,3,64,RateFIFO,1610475058989402671,0.0009036064147949219,False,,suppressed,rate_limit,63
41251,4096,update,1785065314.9908857,,1785065314.9898121,upsert,2,64,RateFIFO,1610475058989402671,0.001073598861694336,False,,suppressed,rate_limit,62
41251,4096,update,1785065314.9909742,,1785065314.9897413,upsert,1,64,RateFIFO,1610475058989402671,0.0012328624725341797,False,,suppressed,rate_limit,61
41251,2048,update,1785065319.1862428,,1785065319.1857493,upsert,0,64,RateFIFO,13378001954599623759,0.0004935264587402344,True,,enqueued,,64
41251,2048,update,1785065319.1868193,1785065319.1868193,1785065319.1857493,upsert,0,64,RateFIFO,13378001954599623759,0.0010700225830078125,True,,forwarded,,64
41251,2048,update,1785065319.1869829,,1785065319.1859558,upsert,3,64,RateFIFO,13378001954599623759,0.0010271072387695312,False,,suppressed,rate_limit,67
41251,2048,update,1785065319.1870897,,1785065319.1859171,upsert,2,64,RateFIFO,13378001954599623759,0.0011725425720214844,False,,suppressed,rate_limit,66
41251,2048,update,1785065319.1871777,,1785065319.1858711,upsert,1,64,RateFIFO,13378001954599623759,0.0013065338134765625,False,,suppressed,rate_limit,65
41251,2048,update,1785065323.207768,,1785065323.207264,upsert,0,64,RateFIFO,155989354309277790,0.0005040168762207031,True,,enqueued,,68
41251,2048,update,1785065323.2083714,1785065323.2083714,1785065323.207264,upsert,0,64,RateFIFO,155989354309277790,0.0011074542999267578,True,,forwarded,,68
41251,2048,update,1785065323.2085335,,1785065323.2074528,upsert,3,64,RateFIFO,155989354309277790,0.0010807514190673828,False,,suppressed,rate_limit,71
41251,2048,update,1785065323.2086446,,1785065323.2074146,upsert,2,64,RateFIFO,155989354309277790,0.001230001449584961,False,,suppressed,rate_limit,70
41251,2048,update,1785065323.208735,,1785065323.207366,upsert,1,64,RateFIFO,155989354309277790,0.0013689994812011719,False,,suppressed,rate_limit,69
41251,4096,update,1785065336.1752765,,1785065336.174792,upsert,0,64,RateFIFO,1187225797315579929,0.000484466552734375,True,,enqueued,,72
41251,4096,update,1785065336.1758533,1785065336.1758533,1785065336.174792,upsert,0,64,RateFIFO,1187225797315579929,0.0010612010955810547,True,,forwarded,,72
41251,4096,update,1785065336.176015,,1785065336.1749816,upsert,3,64,RateFIFO,1187225797315579929,0.0010333061218261719,False,,suppressed,rate_limit,75
41251,4096,update,1785065336.176124,,1785065336.1748965,upsert,1,64,RateFIFO,1187225797315579929,0.0012276172637939453,False,,suppressed,rate_limit,73
41251,4096,update,1785065336.176211,,1785065336.1749434,upsert,2,64,RateFIFO,1187225797315579929,0.0012676715850830078,False,,suppressed,rate_limit,74
41251,2048,update,1785065340.2793565,,1785065340.278912,upsert,0,64,RateFIFO,15960031488910374299,0.0004444122314453125,True,,enqueued,,76
41251,2048,update,1785065340.2799032,1785065340.2799032,1785065340.278912,upsert,0,64,RateFIFO,15960031488910374299,0.0009911060333251953,True,,forwarded,,76
41251,2048,update,1785065340.2800581,,1785065340.2790935,upsert,3,64,RateFIFO,15960031488910374299,0.0009646415710449219,False,,suppressed,rate_limit,79
41251,2048,update,1785065340.280162,,1785065340.2790556,upsert,2,64,RateFIFO,15960031488910374299,0.0011065006256103516,False,,suppressed,rate_limit,78
41251,2048,update,1785065340.2802505,,1785065340.27901,upsert,1,64,RateFIFO,15960031488910374299,0.0012404918670654297,False,,suppressed,rate_limit,77
41251,2048,update,1785065344.340831,,1785065344.3403466,upsert,0,64,RateFIFO,4596497935095405733,0.000484466552734375,True,,enqueued,,80
41251,2048,update,1785065344.341368,1785065344.341368,1785065344.3403466,upsert,0,64,RateFIFO,4596497935095405733,0.0010213851928710938,True,,forwarded,,80
41251,2048,update,1785065344.3415287,,1785065344.3405244,upsert,3,64,RateFIFO,4596497935095405733,0.0010042190551757812,False,,suppressed,rate_limit,83
41251,2048,update,1785065344.341636,,1785065344.3404877,upsert,2,64,RateFIFO,4596497935095405733,0.001148223876953125,False,,suppressed,rate_limit,82
41251,2048,update,1785065344.341724,,1785065344.3404427,upsert,1,64,RateFIFO,4596497935095405733,0.0012812614440917969,False,,suppressed,rate_limit,81
41251,2048,update,1785065348.370027,,1785065348.3695426,upsert,0,64,RateFIFO,13063325218966850298,0.000484466552734375,True,,enqueued,,84
41251,2048,update,1785065348.3705637,1785065348.3705637,1785065348.3695426,upsert,0,64,RateFIFO,13063325218966850298,0.0010211467742919922,True,,forwarded,,84
41251,2048,update,1785065348.3707213,,1785065348.3696976,upsert,2,64,RateFIFO,13063325218966850298,0.0010237693786621094,False,,suppressed,rate_limit,86
41251,2048,update,1785065348.3708498,,1785065348.3696444,upsert,1,64,RateFIFO,13063325218966850298,0.0012054443359375,False,,suppressed,rate_limit,85
41251,2048,update,1785065348.3709373,,1785065348.369741,upsert,3,64,RateFIFO,13063325218966850298,0.0011963844299316406,False,,suppressed,rate_limit,87
41251,2048,update,1785065352.4265425,,1785065352.4260843,upsert,0,64,RateFIFO,8862197794517271531,0.0004582405090332031,True,,enqueued,,88
41251,2048,update,1785065352.4271247,1785065352.4271247,1785065352.4260843,upsert,0,64,RateFIFO,8862197794517271531,0.0010404586791992188,True,,forwarded,,88
41251,2048,update,1785065352.4272847,,1785065352.4262698,upsert,3,64,RateFIFO,8862197794517271531,0.0010149478912353516,False,,suppressed,rate_limit,91
41251,2048,update,1785065352.427389,,1785065352.4262311,upsert,2,64,RateFIFO,8862197794517271531,0.0011577606201171875,False,,suppressed,rate_limit,90
41251,2048,update,1785065352.4274755,,1785065352.4261827,upsert,1,64,RateFIFO,8862197794517271531,0.0012927055358886719,False,,suppressed,rate_limit,89
41251,2048,update,1785065356.4636695,,1785065356.463239,upsert,0,64,RateFIFO,13367182244321225226,0.0004305839538574219,True,,enqueued,,92
41251,2048,update,1785065356.4642205,1785065356.4642205,1785065356.463239,upsert,0,64,RateFIFO,13367182244321225226,0.0009815692901611328,True,,forwarded,,92
41251,2048,update,1785065356.464377,,1785065356.4633358,upsert,1,64,RateFIFO,13367182244321225226,0.0010411739349365234,False,,suppressed,rate_limit,93
41251,2048,update,1785065356.4644823,,1785065356.463381,upsert,2,64,RateFIFO,13367182244321225226,0.0011012554168701172,False,,suppressed,rate_limit,94
41251,2048,update,1785065356.4645698,,1785065356.4634187,upsert,3,64,RateFIFO,13367182244321225226,0.0011510848999023438,False,,suppressed,rate_limit,95
41251,2048,update,1785065360.580506,,1785065360.5801017,upsert,0,64,RateFIFO,17730309890119328358,0.00040435791015625,True,,enqueued,,96
41251,2048,update,1785065360.5810657,1785065360.5810657,1785065360.5801017,upsert,0,64,RateFIFO,17730309890119328358,0.0009639263153076172,True,,forwarded,,96
41251,2048,update,1785065360.5812213,,1785065360.5801952,upsert,1,64,RateFIFO,17730309890119328358,0.001026153564453125,False,,suppressed,rate_limit,97
41251,2048,update,1785065360.581328,,1785065360.580241,upsert,2,64,RateFIFO,17730309890119328358,0.0010869503021240234,False,,suppressed,rate_limit,98
41251,2048,update,1785065360.5814161,,1785065360.5802815,upsert,3,64,RateFIFO,17730309890119328358,0.001134634017944336,False,,suppressed,rate_limit,99
41251,2048,update,1785065364.5269785,,1785065364.5265398,upsert,0,64,RateFIFO,16342886595574764735,0.000438690185546875,True,,enqueued,,100
41251,2048,update,1785065364.5275009,1785065364.5275009,1785065364.5265398,upsert,0,64,RateFIFO,16342886595574764735,0.0009610652923583984,True,,forwarded,,100
41251,2048,update,1785065364.527656,,1785065364.526633,upsert,1,64,RateFIFO,16342886595574764735,0.0010230541229248047,False,,suppressed,rate_limit,101
41251,2048,update,1785065364.5277617,,1785065364.5266778,upsert,2,64,RateFIFO,16342886595574764735,0.0010838508605957031,False,,suppressed,rate_limit,102
41251,2048,update,1785065364.527876,,1785065364.526715,upsert,3,64,RateFIFO,16342886595574764735,0.0011608600616455078,False,,suppressed,rate_limit,103
41251,2048,update,1785065368.6383777,,1785065368.6379552,upsert,0,64,RateFIFO,13143428811662154315,0.00042247772216796875,True,,enqueued,,104
41251,2048,update,1785065368.638961,1785065368.638961,1785065368.6379552,upsert,0,64,RateFIFO,13143428811662154315,0.0010058879852294922,True,,forwarded,,104
41251,2048,update,1785065368.6391237,,1785065368.6380332,upsert,3,64,RateFIFO,13143428811662154315,0.0010905265808105469,False,,suppressed,rate_limit,107
41251,2048,update,1785065368.6392293,,1785065368.6380181,upsert,2,64,RateFIFO,13143428811662154315,0.0012111663818359375,False,,suppressed,rate_limit,106
41251,2048,update,1785065368.6393168,,1785065368.638,upsert,1,64,RateFIFO,13143428811662154315,0.0013167858123779297,False,,suppressed,rate_limit,105
41251,1024,update,1785065370.0119834,,1785065370.0115507,upsert,0,64,RateFIFO,5248254131891465233,0.00043272972106933594,False,,suppressed,rate_limit,108
41251,1024,update,1785065370.0124478,,1785065370.0116336,upsert,3,64,RateFIFO,5248254131891465233,0.0008141994476318359,False,,suppressed,rate_limit,111
41251,1024,update,1785065370.0125773,,1785065370.0116167,upsert,2,64,RateFIFO,5248254131891465233,0.0009605884552001953,False,,suppressed,rate_limit,110
41251,1024,update,1785065370.01267,,1785065370.0115972,upsert,1,64,RateFIFO,5248254131891465233,0.0010728836059570312,False,,suppressed,rate_limit,109
41251,2048,update,1785065374.0944254,,1785065374.0939903,upsert,0,64,RateFIFO,6602759660674530941,0.00043511390686035156,True,,enqueued,,112
41251,2048,update,1785065374.09499,1785065374.09499,1785065374.0939903,upsert,0,64,RateFIFO,6602759660674530941,0.0009996891021728516,True,,forwarded,,112
41251,2048,update,1785065374.0951517,,1785065374.0941772,upsert,3,64,RateFIFO,6602759660674530941,0.0009744167327880859,False,,suppressed,rate_limit,115
41251,2048,update,1785065374.0952563,,1785065374.094093,upsert,1,64,RateFIFO,6602759660674530941,0.0011632442474365234,False,,suppressed,rate_limit,113
41251,2048,update,1785065374.095343,,1785065374.0941396,upsert,2,64,RateFIFO,6602759660674530941,0.0012035369873046875,False,,suppressed,rate_limit,114
41251,2048,update,1785065378.118083,,1785065378.1176336,upsert,0,64,RateFIFO,16374985302794130926,0.0004494190216064453,True,,enqueued,,116
41251,2048,update,1785065378.1186328,1785065378.1186328,1785065378.1176336,upsert,0,64,RateFIFO,16374985302794130926,0.0009992122650146484,True,,forwarded,,116
41251,2048,update,1785065378.1188314,,1785065378.1177256,upsert,3,64,RateFIFO,16374985302794130926,0.0011057853698730469,False,,suppressed,rate_limit,119
41251,2048,update,1785065378.1189427,,1785065378.1177068,upsert,2,64,RateFIFO,16374985302794130926,0.0012359619140625,False,,suppressed,rate_limit,118
41251,2048,update,1785065378.1190324,,1785065378.1176841,upsert,1,64,RateFIFO,16374985302794130926,0.001348257064819336,False,,suppressed,rate_limit,117
41251,2048,update,1785065382.0080428,,1785065382.0076246,upsert,0,64,RateFIFO,11074190661555870271,0.0004181861877441406,True,,enqueued,,120
41251,2048,update,1785065382.0085547,1785065382.0085547,1785065382.0076246,upsert,0,64,RateFIFO,11074190661555870271,0.0009300708770751953,True,,forwarded,,120
41251,2048,update,1785065382.0087056,,1785065382.0077147,upsert,3,64,RateFIFO,11074190661555870271,0.0009908676147460938,False,,suppressed,rate_limit,123
41251,2048,update,1785065382.008831,,1785065382.0076935,upsert,2,64,RateFIFO,11074190661555870271,0.0011374950408935547,False,,suppressed,rate_limit,122
41251,2048,update,1785065382.0089219,,1785065382.0076716,upsert,1,64,RateFIFO,11074190661555870271,0.0012502670288085938,False,,suppressed,rate_limit,121
41251,2048,update,1785065386.1814315,,1785065386.1810007,upsert,0,64,RateFIFO,12578487649826242535,0.00043082237243652344,True,,enqueued,,124
41251,2048,update,1785065386.1819754,1785065386.1819754,1785065386.1810007,upsert,0,64,RateFIFO,12578487649826242535,0.0009746551513671875,True,,forwarded,,124
41251,2048,update,1785065386.1821294,,1785065386.1811802,upsert,3,64,RateFIFO,12578487649826242535,0.0009491443634033203,False,,suppressed,rate_limit,127
41251,2048,update,1785065386.1822321,,1785065386.1811411,upsert,2,64,RateFIFO,12578487649826242535,0.00109100341796875,False,,suppressed,rate_limit,126
41251,2048,update,1785065386.1823187,,1785065386.1810951,upsert,1,64,RateFIFO,12578487649826242535,0.0012235641479492188,False,,suppressed,rate_limit,125
41251,2048,update,1785065390.1668239,,1785065390.1663651,upsert,0,64,RateFIFO,9971467602450215698,0.00045871734619140625,True,,enqueued,,128
41251,2048,update,1785065390.1673508,1785065390.1673508,1785065390.1663651,upsert,0,64,RateFIFO,9971467602450215698,0.0009856224060058594,True,,forwarded,,128
41251,2048,update,1785065390.1675,,1785065390.1665425,upsert,3,64,RateFIFO,9971467602450215698,0.000957489013671875,False,,suppressed,rate_limit,131
41251,2048,update,1785065390.1676013,,1785065390.1664598,upsert,1,64,RateFIFO,9971467602450215698,0.0011415481567382812,False,,suppressed,rate_limit,129
41251,2048,update,1785065390.1676877,,1785065390.1665046,upsert,2,64,RateFIFO,9971467602450215698,0.0011830329895019531,False,,suppressed,rate_limit,130
41251,2048,update,1785065394.2239614,,1785065394.2234616,upsert,0,64,RateFIFO,16048794067380282208,0.000499725341796875,True,,enqueued,,132
41251,2048,update,1785065394.2245138,1785065394.2245138,1785065394.2234616,upsert,0,64,RateFIFO,16048794067380282208,0.0010521411895751953,True,,forwarded,,132
41251,2048,update,1785065394.2246675,,1785065394.2236423,upsert,3,64,RateFIFO,16048794067380282208,0.0010251998901367188,False,,suppressed,rate_limit,135
41251,2048,update,1785065394.2247937,,1785065394.223607,upsert,2,64,RateFIFO,16048794067380282208,0.0011866092681884766,False,,suppressed,rate_limit,134
41251,2048,update,1785065394.2249007,,1785065394.2235646,upsert,1,64,RateFIFO,16048794067380282208,0.0013360977172851562,False,,suppressed,rate_limit,133
41251,2048,update,1785065398.3144295,,1785065398.3139875,upsert,0,64,RateFIFO,17622982719236225751,0.0004420280456542969,True,,enqueued,,136
41251,2048,update,1785065398.3149226,1785065398.3149226,1785065398.3139875,upsert,0,64,RateFIFO,17622982719236225751,0.0009350776672363281,True,,forwarded,,136
41251,2048,update,1785065398.3150764,,1785065398.3141618,upsert,3,64,RateFIFO,17622982719236225751,0.0009145736694335938,False,,suppressed,rate_limit,139
41251,2048,update,1785065398.3151793,,1785065398.3140795,upsert,1,64,RateFIFO,17622982719236225751,0.0010998249053955078,False,,suppressed,rate_limit,137
41251,2048,update,1785065398.3153849,,1785065398.314124,upsert,2,64,RateFIFO,17622982719236225751,0.0012607574462890625,False,,suppressed,rate_limit,138
41251,2048,update,1785065402.412126,,1785065402.4116635,upsert,0,64,RateFIFO,2684601022077970021,0.00046253204345703125,True,,enqueued,,140
41251,2048,update,1785065402.4126682,1785065402.4126682,1785065402.4116635,upsert,0,64,RateFIFO,2684601022077970021,0.0010046958923339844,True,,forwarded,,140
41251,2048,update,1785065402.412859,,1785065402.411827,upsert,2,64,RateFIFO,2684601022077970021,0.0010318756103515625,False,,suppressed,rate_limit,142
41251,2048,update,1785065402.4129672,,1785065402.411866,upsert,3,64,RateFIFO,2684601022077970021,0.0011012554168701172,False,,suppressed,rate_limit,143
41251,2048,update,1785065402.4130545,,1785065402.4117587,upsert,1,64,RateFIFO,2684601022077970021,0.0012958049774169922,False,,suppressed,rate_limit,141
41251,2048,update,1785065406.4025261,,1785065406.4020593,upsert,0,64,RateFIFO,16954395879792744941,0.0004668235778808594,True,,enqueued,,144
41251,2048,update,1785065406.4031146,1785065406.4031146,1785065406.4020593,upsert,0,64,RateFIFO,16954395879792744941,0.0010552406311035156,True,,forwarded,,144
41251,2048,update,1785065406.4032755,,1785065406.4022396,upsert,3,64,RateFIFO,16954395879792744941,0.001035928726196289,False,,suppressed,rate_limit,147
41251,2048,update,1785065406.4033804,,1785065406.4021564,upsert,1,64,RateFIFO,16954395879792744941,0.0012240409851074219,False,,suppressed,rate_limit,145
41251,2048,update,1785065406.4034665,,1785065406.4022028,upsert,2,64,RateFIFO,16954395879792744941,0.0012636184692382812,False,,suppressed,rate_limit,146
41251,2048,update,1785065410.613026,,1785065410.6123538,upsert,0,64,RateFIFO,4132850298606047245,0.0006721019744873047,True,,enqueued,,148
41251,2048,update,1785065410.613562,1785065410.613562,1785065410.6123538,upsert,0,64,RateFIFO,4132850298606047245,0.0012083053588867188,True,,forwarded,,148
41251,2048,update,1785065410.6137187,,1785065410.6125405,upsert,3,64,RateFIFO,4132850298606047245,0.0011782646179199219,False,,suppressed,rate_limit,151
41251,2048,update,1785065410.6138442,,1785065410.6125023,upsert,2,64,RateFIFO,4132850298606047245,0.0013418197631835938,False,,suppressed,rate_limit,150
41251,2048,update,1785065410.613933,,1785065410.6124542,upsert,1,64,RateFIFO,4132850298606047245,0.0014789104461669922,False,,suppressed,rate_limit,149
41251,2048,update,1785065414.5958543,,1785065414.595503,upsert,0,64,RateFIFO,4141618429024808821,0.00035119056701660156,True,,enqueued,,152
41251,2048,update,1785065414.5961027,1785065414.5961027,1785065414.595503,upsert,0,64,RateFIFO,4141618429024808821,0.0005996227264404297,True,,forwarded,,152
41251,2048,update,1785065414.5961685,,1785065414.5956812,upsert,3,64,RateFIFO,4141618429024808821,0.00048732757568359375,False,,suppressed,rate_limit,155
41251,2048,update,1785065414.5962057,,1785065414.5956452,upsert,2,64,RateFIFO,4141618429024808821,0.0005605220794677734,False,,suppressed,rate_limit,154
41251,2048,update,1785065414.5962367,,1785065414.5955994,upsert,1,64,RateFIFO,4141618429024808821,0.0006372928619384766,False,,suppressed,rate_limit,153
41251,2048,update,1785065418.7042472,,1785065418.7037697,upsert,0,64,RateFIFO,7638769856617818995,0.0004775524139404297,True,,enqueued,,156
41251,2048,update,1785065418.7048085,1785065418.7048085,1785065418.7037697,upsert,0,64,RateFIFO,7638769856617818995,0.0010387897491455078,True,,forwarded,,156
41251,2048,update,1785065418.7049677,,1785065418.7039702,upsert,3,64,RateFIFO,7638769856617818995,0.0009975433349609375,False,,suppressed,rate_limit,159
41251,2048,update,1785065418.7050712,,1785065418.7039335,upsert,2,64,RateFIFO,7638769856617818995,0.0011377334594726562,False,,suppressed,rate_limit,158
41251,2048,update,1785065418.7051582,,1785065418.7038875,upsert,1,64,RateFIFO,7638769856617818995,0.0012707710266113281,False,,suppressed,rate_limit,157
41251,2048,update,1785065422.8205876,,1785065422.820189,upsert,0,64,RateFIFO,9940797030998834804,0.0003986358642578125,True,,enqueued,,160
41251,2048,update,1785065422.8211374,1785065422.8211374,1785065422.820189,upsert,0,64,RateFIFO,9940797030998834804,0.0009484291076660156,True,,forwarded,,160
41251,2048,update,1785065422.821292,,1785065422.8203292,upsert,2,64,RateFIFO,9940797030998834804,0.0009627342224121094,False,,suppressed,rate_limit,162
41251,2048,update,1785065422.8213968,,1785065422.8202817,upsert,1,64,RateFIFO,9940797030998834804,0.0011150836944580078,False,,suppressed,rate_limit,161
41251,2048,update,1785065422.8214853,,1785065422.8203673,upsert,3,64,RateFIFO,9940797030998834804,0.0011179447174072266,False,,suppressed,rate_limit,163
41251,2048,update,1785065426.7996635,,1785065426.7992356,upsert,0,64,RateFIFO,14361523986587977395,0.0004279613494873047,True,,enqueued,,164
41251,2048,update,1785065426.8002124,1785065426.8002124,1785065426.7992356,upsert,0,64,RateFIFO,14361523986587977395,0.0009768009185791016,True,,forwarded,,164
41251,2048,update,1785065426.8003697,,1785065426.799376,upsert,2,64,RateFIFO,14361523986587977395,0.0009937286376953125,False,,suppressed,rate_limit,166
41251,2048,update,1785065426.8004763,,1785065426.7993293,upsert,1,64,RateFIFO,14361523986587977395,0.0011470317840576172,False,,suppressed,rate_limit,165
41251,2048,update,1785065426.800564,,1785065426.7994132,upsert,3,64,RateFIFO,14361523986587977395,0.0011508464813232422,False,,suppressed,rate_limit,167
41251,2048,update,1785065430.86935,,1785065430.8689144,upsert,0,64,RateFIFO,14694726361257372,0.0004355907440185547,True,,enqueued,,168
41251,2048,update,1785065430.8699117,1785065430.8699117,1785065430.8689144,upsert,0,64,RateFIFO,14694726361257372,0.000997304916381836,True,,forwarded,,168
41251,2048,update,1785065430.8700707,,1785065430.8690689,upsert,2,64,RateFIFO,14694726361257372,0.0010018348693847656,False,,suppressed,rate_limit,170
41251,2048,update,1785065430.8701777,,1785065430.869015,upsert,1,64,RateFIFO,14694726361257372,0.0011627674102783203,False,,suppressed,rate_limit,169
41251,2048,update,1785065430.8702664,,1785065430.8691118,upsert,3,64,RateFIFO,14694726361257372,0.0011546611785888672,False,,suppressed,rate_limit,171
41251,2048,update,1785065434.7690737,,1785065434.7685883,upsert,0,64,RateFIFO,9417075026054648240,0.00048542022705078125,True,,enqueued,,172
41251,2048,update,1785065434.769615,1785065434.769615,1785065434.7685883,upsert,0,64,RateFIFO,9417075026054648240,0.0010266304016113281,True,,forwarded,,172
41251,2048,update,1785065434.7697704,,1785065434.7687318,upsert,2,64,RateFIFO,9417075026054648240,0.0010385513305664062,False,,suppressed,rate_limit,174
41251,2048,update,1785065434.7698958,,1785065434.7686846,upsert,1,64,RateFIFO,9417075026054648240,0.0012111663818359375,False,,suppressed,rate_limit,173
41251,2048,update,1785065434.7699866,,1785065434.7687702,upsert,3,64,RateFIFO,9417075026054648240,0.0012164115905761719,False,,suppressed,rate_limit,175
41251,2048,update,1785065438.771818,,1785065438.77132,upsert,0,64,RateFIFO,7230541217248033124,0.0004978179931640625,True,,enqueued,,176
41251,0,update,1785065438.7720013,,1785065438.7714105,tombstone,0,64,RateFIFO,15769623694692820738,0.0005908012390136719,False,,suppressed,rate_limit,177
41251,2048,update,1785065438.7724519,1785065438.7724519,1785065438.77132,upsert,0,64,RateFIFO,7230541217248033124,0.0011317729949951172,True,,forwarded,,176
41251,2048,update,1785065438.7726007,,1785065438.771533,upsert,2,64,RateFIFO,7230541217248033124,0.0010676383972167969,False,,suppressed,rate_limit,180
41251,0,update,1785065438.772686,,1785065438.7715666,tombstone,2,64,RateFIFO,15769623694692820738,0.001119375228881836,False,,suppressed,rate_limit,181
41251,2048,update,1785065438.7727919,,1785065438.7714593,upsert,1,64,RateFIFO,7230541217248033124,0.0013325214385986328,False,,suppressed,rate_limit,178
41251,0,update,1785065438.772867,,1785065438.771495,tombstone,1,64,RateFIFO,15769623694692820738,0.0013718605041503906,False,,suppressed,rate_limit,179
41251,2048,update,1785065438.772948,,1785065438.7716022,upsert,3,64,RateFIFO,7230541217248033124,0.0013458728790283203,False,,suppressed,rate_limit,182
41251,0,update,1785065438.7730145,,1785065438.7716374,tombstone,3,64,RateFIFO,15769623694692820738,0.001377105712890625,False,,suppressed,rate_limit,183
41251,2048,update,1785065442.816285,,1785065442.815918,upsert,0,64,RateFIFO,12426261210083601366,0.0003669261932373047,True,,enqueued,,184
41251,2048,update,1785065442.8165655,1785065442.8165655,1785065442.815918,upsert,0,64,RateFIFO,12426261210083601366,0.0006475448608398438,True,,forwarded,,184
41251,2048,update,1785065442.8166382,,1785065442.8160973,upsert,3,64,RateFIFO,12426261210083601366,0.0005409717559814453,False,,suppressed,rate_limit,187
41251,2048,update,1785065442.8166897,,1785065442.8160133,upsert,1,64,RateFIFO,12426261210083601366,0.0006763935089111328,False,,suppressed,rate_limit,185
41251,2048,update,1785065442.816728,,1785065442.8160594,upsert,2,64,RateFIFO,12426261210083601366,0.0006687641143798828,False,,suppressed,rate_limit,186
41251,2048,update,1785065446.8307018,,1785065446.8302379,upsert,0,64,RateFIFO,18366711127789728831,0.0004639625549316406,True,,enqueued,,188
41251,0,update,1785065446.8309178,,1785065446.8303282,tombstone,0,64,RateFIFO,12613465747135452669,0.0005896091461181641,False,,suppressed,rate_limit,189
41251,2048,update,1785065446.831336,1785065446.831336,1785065446.8302379,upsert,0,64,RateFIFO,18366711127789728831,0.0010981559753417969,True,,forwarded,,188
41251,2048,update,1785065446.8314826,,1785065446.8303783,upsert,1,64,RateFIFO,18366711127789728831,0.0011043548583984375,False,,suppressed,rate_limit,190
41251,0,update,1785065446.831573,,1785065446.8304157,tombstone,1,64,RateFIFO,12613465747135452669,0.0011572837829589844,False,,suppressed,rate_limit,191
41251,2048,update,1785065446.8316627,,1785065446.8304539,upsert,2,64,RateFIFO,18366711127789728831,0.0012087821960449219,False,,suppressed,rate_limit,192
41251,0,update,1785065446.831734,,1785065446.830488,tombstone,2,64,RateFIFO,12613465747135452669,0.0012459754943847656,False,,suppressed,rate_limit,193
41251,2048,update,1785065446.8318331,,1785065446.8305206,upsert,3,64,RateFIFO,18366711127789728831,0.0013124942779541016,False,,suppressed,rate_limit,194
41251,0,update,1785065446.8319023,,1785065446.830553,tombstone,3,64,RateFIFO,12613465747135452669,0.0013492107391357422,False,,suppressed,rate_limit,195
41251,2048,update,1785065450.875408,,1785065450.8749685,upsert,0,64,RateFIFO,10435555625340500992,0.0004394054412841797,True,,enqueued,,196
41251,2048,update,1785065450.8759668,1785065450.8759668,1785065450.8749685,upsert,0,64,RateFIFO,10435555625340500992,0.0009982585906982422,True,,forwarded,,196
41251,2048,update,1785065450.8761253,,1785065450.8751473,upsert,3,64,RateFIFO,10435555625340500992,0.0009779930114746094,False,,suppressed,rate_limit,199
41251,2048,update,1785065450.8762293,,1785065450.875111,upsert,2,64,RateFIFO,10435555625340500992,0.0011181831359863281,False,,suppressed,rate_limit,198
41251,2048,update,1785065450.876318,,1785065450.8750658,upsert,1,64,RateFIFO,10435555625340500992,0.0012521743774414062,False,,suppressed,rate_limit,197
41251,4096,update,1785065478.2688637,,1785065478.2684293,upsert,0,64,RateFIFO,12613465747135452669,0.0004343986511230469,True,,enqueued,,200
41251,0,update,1785065478.2690313,,1785065478.2685168,tombstone,0,64,RateFIFO,12523743054995375112,0.0005145072937011719,False,,suppressed,rate_limit,201
41251,4096,update,1785065478.2691262,,1785065478.268571,upsert,0,64,RateFIFO,15769623694692820738,0.0005552768707275391,False,,suppressed,rate_limit,202
41251,0,update,1785065478.2692063,,1785065478.268605,tombstone,0,64,RateFIFO,9971321710674973507,0.0006012916564941406,False,,suppressed,rate_limit,203
41251,4096,update,1785065478.2694325,1785065478.2694325,1785065478.2684293,upsert,0,64,RateFIFO,12613465747135452669,0.001003265380859375,True,,forwarded,,200
41251,0,update,1785065478.2695565,,1785065478.2686353,tombstone,0,64,RateFIFO,4650049274038987083,0.0009212493896484375,False,,suppressed,rate_limit,204
41251,4096,update,1785065478.2696328,,1785065478.2686646,upsert,0,64,RateFIFO,15769623694692820738,0.0009682178497314453,False,,suppressed,rate_limit,205
41251,4096,update,1785065478.2697003,,1785065478.2687,upsert,0,64,RateFIFO,1610475058989402671,0.0010004043579101562,False,,suppressed,rate_limit,206
41251,4096,update,1785065494.0061405,,1785065494.0056849,upsert,0,64,RateFIFO,12523743054995375112,0.00045561790466308594,True,,enqueued,,207
41251,0,update,1785065494.006319,,1785065494.0057955,tombstone,0,64,RateFIFO,3163096543987652428,0.0005235671997070312,False,,suppressed,rate_limit,208
41251,4096,update,1785065494.0064163,,1785065494.0058494,upsert,0,64,RateFIFO,3073007241776570211,0.0005669593811035156,False,,suppressed,rate_limit,209
41251,4096,update,1785065494.0064948,,1785065494.0058885,upsert,0,64,RateFIFO,12613465747135452669,0.0006062984466552734,False,,suppressed,rate_limit,210
41251,2048,update,1785065494.006564,,1785065494.0059159,upsert,0,64,RateFIFO,10402019323283478844,0.0006480216979980469,False,,suppressed,rate_limit,211
41251,4096,update,1785065494.0067377,1785065494.0067377,1785065494.0056849,upsert,0,64,RateFIFO,12523743054995375112,0.0010528564453125,True,,forwarded,,207
41251,1024,update,1785065497.5035856,,1785065497.5032237,upsert,0,64,RateFIFO,1785562587857272681,0.0003619194030761719,True,,enqueued,,212
41251,4096,update,1785065497.5037308,,1785065497.5033295,upsert,0,64,RateFIFO,15769623694692820738,0.0004012584686279297,False,,suppressed,rate_limit,213
41251,4096,update,1785065497.5038493,,1785065497.5033762,upsert,0,64,RateFIFO,12613465747135452669,0.0004730224609375,False,,suppressed,rate_limit,214
41251,2048,update,1785065497.5039253,,1785065497.503414,upsert,0,64,RateFIFO,13063325218966850298,0.0005114078521728516,False,,suppressed,rate_limit,215
41251,1024,update,1785065497.5040958,1785065497.5040958,1785065497.5032237,upsert,0,64,RateFIFO,1785562587857272681,0.0008721351623535156,True,,forwarded,,212
41251,0,update,1785065497.5149148,,1785065497.5146878,tombstone,1,64,RateFIFO,12523743054995375112,0.0002269744873046875,False,,suppressed,rate_limit,216
41251,0,update,1785065497.5150125,,1785065497.514754,tombstone,1,64,RateFIFO,9971321710674973507,0.00025844573974609375,False,,suppressed,rate_limit,217
41251,0,update,1785065497.5151892,,1785065497.5148041,tombstone,1,64,RateFIFO,4650049274038987083,0.00038504600524902344,False,,suppressed,rate_limit,218
41251,0,update,1785065497.5152714,,1785065497.514836,tombstone,1,64,RateFIFO,3163096543987652428,0.0004353523254394531,False,,suppressed,rate_limit,219
41251,0,update,1785065497.5153394,,1785065497.5148652,tombstone,1,64,RateFIFO,10402019323283478844,0.0004742145538330078,False,,suppressed,rate_limit,220
41251,0,update,1785065497.515408,,1785065497.514894,tombstone,1,64,RateFIFO,14064140743279553366,0.0005140304565429688,False,,suppressed,rate_limit,221
41251,0,update,1785065497.5154717,,1785065497.514924,tombstone,1,64,RateFIFO,12376960631178457983,0.0005476474761962891,False,,suppressed,rate_limit,222
41251,0,update,1785065497.5155356,,1785065497.5149534,tombstone,1,64,RateFIFO,947483498426156190,0.0005822181701660156,False,,suppressed,rate_limit,223
41251,0,update,1785065497.5156019,,1785065497.5149825,tombstone,1,64,RateFIFO,3073007241776570211,0.0006194114685058594,False,,suppressed,rate_limit,224
41251,0,update,1785065497.515668,,1785065497.515012,tombstone,1,64,RateFIFO,14108233664250482536,0.0006558895111083984,False,,suppressed,rate_limit,225
41251,0,update,1785065497.5157294,,1785065497.5150409,tombstone,1,64,RateFIFO,14774026810505956694,0.0006885528564453125,False,,suppressed,rate_limit,226
41251,0,update,1785065497.515805,,1785065497.5150688,tombstone,1,64,RateFIFO,5281956220402968541,0.000736236572265625,False,,suppressed,rate_limit,227
41251,0,update,1785065497.5159895,,1785065497.5150967,tombstone,1,64,RateFIFO,1785562587857272681,0.0008928775787353516,False,,suppressed,rate_limit,228
41251,0,update,1785065497.5160675,,1785065497.5151246,tombstone,1,64,RateFIFO,1610475058989402671,0.0009429454803466797,False,,suppressed,rate_limit,229
41251,0,update,1785065497.516132,,1785065497.5151541,tombstone,1,64,RateFIFO,13378001954599623759,0.0009779930114746094,False,,suppressed,rate_limit,230
41251,0,update,1785065497.516195,,1785065497.515184,tombstone,1,64,RateFIFO,155989354309277790,0.0010111331939697266,False,,suppressed,rate_limit,231
41251,0,update,1785065497.516261,,1785065497.515212,tombstone,1,64,RateFIFO,1187225797315579929,0.001049041748046875,False,,suppressed,rate_limit,232
41251,0,update,1785065497.5163236,,1785065497.5152338,tombstone,1,64,RateFIFO,15960031488910374299,0.0010898113250732422,False,,suppressed,rate_limit,233
41251,0,update,1785065497.5163858,,1785065497.51526,tombstone,1,64,RateFIFO,4596497935095405733,0.0011258125305175781,False,,suppressed,rate_limit,234
41251,0,update,1785065497.5164475,,1785065497.515285,tombstone,1,64,RateFIFO,13063325218966850298,0.0011625289916992188,False,,suppressed,rate_limit,235
41251,0,update,1785065497.5165088,,1785065497.515309,tombstone,1,64,RateFIFO,8862197794517271531,0.0011997222900390625,False,,suppressed,rate_limit,236
41251,0,update,1785065497.5165708,,1785065497.515333,tombstone,1,64,RateFIFO,13367182244321225226,0.0012378692626953125,False,,suppressed,rate_limit,237
41251,0,update,1785065497.5166326,,1785065497.5153544,tombstone,1,64,RateFIFO,17730309890119328358,0.0012781620025634766,False,,suppressed,rate_limit,238
41251,0,update,1785065497.5166943,,1785065497.5153787,tombstone,1,64,RateFIFO,16342886595574764735,0.0013155937194824219,False,,suppressed,rate_limit,239
41251,0,update,1785065497.5167558,,1785065497.5153975,tombstone,1,64,RateFIFO,13143428811662154315,0.0013582706451416016,False,,suppressed,rate_limit,240
41251,0,update,1785065497.516833,,1785065497.5154176,tombstone,1,64,RateFIFO,5248254131891465233,0.0014154911041259766,False,,suppressed,rate_limit,241
41251,0,update,1785065497.5168955,,1785065497.515443,tombstone,1,64,RateFIFO,6602759660674530941,0.0014524459838867188,False,,suppressed,rate_limit,242
41251,0,update,1785065497.5169566,,1785065497.5154629,tombstone,1,64,RateFIFO,16374985302794130926,0.001493692398071289,False,,suppressed,rate_limit,243
41251,0,update,1785065497.5170195,,1785065497.5154824,tombstone,1,64,RateFIFO,11074190661555870271,0.0015370845794677734,False,,suppressed,rate_limit,244
41251,0,update,1785065497.5170813,,1785065497.5155067,tombstone,1,64,RateFIFO,12578487649826242535,0.0015745162963867188,False,,suppressed,rate_limit,245
41251,0,update,1785065497.5171425,,1785065497.5155292,tombstone,1,64,RateFIFO,9971467602450215698,0.0016133785247802734,False,,suppressed,rate_limit,246
41251,0,update,1785065497.5172029,,1785065497.5155487,tombstone,1,64,RateFIFO,16048794067380282208,0.0016541481018066406,False,,suppressed,rate_limit,247
41251,0,update,1785065497.5172632,,1785065497.515568,tombstone,1,64,RateFIFO,17622982719236225751,0.0016951560974121094,False,,suppressed,rate_limit,248
41251,0,update,1785065497.5173233,,1785065497.5155928,tombstone,1,64,RateFIFO,2684601022077970021,0.0017304420471191406,False,,suppressed,rate_limit,249
41251,0,update,1785065497.517383,,1785065497.5156114,tombstone,1,64,RateFIFO,16954395879792744941,0.001771688461303711,False,,suppressed,rate_limit,250
41251,0,update,1785065497.5174434,,1785065497.5156314,tombstone,1,64,RateFIFO,4132850298606047245,0.001811981201171875,False,,suppressed,rate_limit,251
41251,0,update,1785065497.5175033,,1785065497.5156543,tombstone,1,64,RateFIFO,4141618429024808821,0.0018489360809326172,False,,suppressed,rate_limit,252
41251,0,update,1785065497.5175645,,1785065497.5156841,tombstone,1,64,RateFIFO,7638769856617818995,0.0018804073333740234,False,,suppressed,rate_limit,253
41251,0,update,1785065497.5176253,,1785065497.5157094,tombstone,1,64,RateFIFO,9940797030998834804,0.0019159317016601562,False,,suppressed,rate_limit,254
41251,0,update,1785065497.5176857,,1785065497.5157335,tombstone,1,64,RateFIFO,14361523986587977395,0.0019521713256835938,False,,suppressed,rate_limit,255
41251,0,update,1785065497.5177467,,1785065497.515757,tombstone,1,64,RateFIFO,14694726361257372,0.001989603042602539,False,,suppressed,rate_limit,256
41251,0,update,1785065497.5178246,,1785065497.5157871,tombstone,1,64,RateFIFO,9417075026054648240,0.002037525177001953,False,,suppressed,rate_limit,257
41251,0,update,1785065497.5178885,,1785065497.5158093,tombstone,1,64,RateFIFO,7230541217248033124,0.0020792484283447266,False,,suppressed,rate_limit,258
41251,0,update,1785065497.5179508,,1785065497.5158331,tombstone,1,64,RateFIFO,12426261210083601366,0.002117633819580078,False,,suppressed,rate_limit,259
41251,0,update,1785065497.5180116,,1785065497.5158536,tombstone,1,64,RateFIFO,18366711127789728831,0.002157926559448242,False,,suppressed,rate_limit,260
41251,0,update,1785065497.5181909,,1785065497.5158734,tombstone,1,64,RateFIFO,10435555625340500992,0.0023174285888671875,False,,suppressed,rate_limit,261
41251,4096,update,1785065500.5854032,,1785065500.5849912,upsert,0,64,RateFIFO,15769623694692820738,0.0004119873046875,True,,enqueued,,262
41251,4096,update,1785065500.5855672,,1785065500.5850892,upsert,0,64,RateFIFO,12613465747135452669,0.0004780292510986328,False,,suppressed,rate_limit,263
41251,4096,update,1785065500.5856564,,1785065500.5851765,upsert,0,64,RateFIFO,15769623694692820738,0.0004799365997314453,False,,suppressed,rate_limit,265
41251,4096,update,1785065500.5859766,1785065500.5859766,1785065500.5849912,upsert,0,64,RateFIFO,15769623694692820738,0.0009853839874267578,True,,forwarded,,262
41251,1024,update,1785065500.586106,,1785065500.5851338,upsert,1,64,RateFIFO,9971321710674973507,0.0009722709655761719,False,,suppressed,rate_limit,264
41251,4096,update,1785065504.8074617,,1785065504.8070428,upsert,0,64,RateFIFO,12523743054995375112,0.0004189014434814453,True,,enqueued,,266
41251,2048,update,1785065504.8076322,,1785065504.807136,upsert,0,64,RateFIFO,12376960631178457983,0.0004961490631103516,False,,suppressed,rate_limit,267
41251,4096,update,1785065504.8077261,,1785065504.8071818,upsert,0,64,RateFIFO,12613465747135452669,0.0005443096160888672,False,,suppressed,rate_limit,268
41251,4096,update,1785065504.8078332,,1785065504.8072197,upsert,0,64,RateFIFO,15769623694692820738,0.0006134510040283203,False,,suppressed,rate_limit,269
41251,4096,update,1785065504.8080132,1785065504.8080132,1785065504.8070428,upsert,0,64,RateFIFO,12523743054995375112,0.0009703636169433594,True,,forwarded,,266
41251,4096,update,1785065508.2899778,,1785065508.2895453,upsert,0,64,RateFIFO,15769623694692820738,0.0004324913024902344,True,,enqueued,,270
41251,2048,update,1785065508.2901468,,1785065508.2896411,upsert,0,64,RateFIFO,12376960631178457983,0.0005056858062744141,False,,suppressed,rate_limit,271
41251,4096,update,1785065508.2902372,,1785065508.2896852,upsert,0,64,RateFIFO,12613465747135452669,0.0005519390106201172,False,,suppressed,rate_limit,272
41251,4096,update,1785065508.2903109,,1785065508.289723,upsert,0,64,RateFIFO,12613465747135452669,0.0005879402160644531,False,,suppressed,rate_limit,273
41251,4096,update,1785065508.2904544,1785065508.2904544,1785065508.2895453,upsert,0,64,RateFIFO,15769623694692820738,0.0009090900421142578,True,,forwarded,,270
41251,0,update,1785065508.302065,,1785065508.3018112,tombstone,2,64,RateFIFO,12523743054995375112,0.0002536773681640625,False,,suppressed,rate_limit,274
41251,0,update,1785065508.3021584,,1785065508.3018768,tombstone,2,64,RateFIFO,9971321710674973507,0.0002815723419189453,False,,suppressed,rate_limit,275
41251,0,update,1785065508.302231,,1785065508.3019118,tombstone,2,64,RateFIFO,4650049274038987083,0.0003192424774169922,False,,suppressed,rate_limit,276
41251,0,update,1785065508.3024092,,1785065508.301942,tombstone,2,64,RateFIFO,3163096543987652428,0.00046706199645996094,False,,suppressed,rate_limit,277
41251,0,update,1785065508.3024893,,1785065508.301972,tombstone,2,64,RateFIFO,10402019323283478844,0.0005173683166503906,False,,suppressed,rate_limit,278
41251,0,update,1785065508.3025563,,1785065508.3020005,tombstone,2,64,RateFIFO,14064140743279553366,0.0005557537078857422,False,,suppressed,rate_limit,279
41251,0,update,1785065508.3026214,,1785065508.3020296,tombstone,2,64,RateFIFO,12376960631178457983,0.0005917549133300781,False,,suppressed,rate_limit,280
41251,0,update,1785065508.3026843,,1785065508.3020575,tombstone,2,64,RateFIFO,947483498426156190,0.0006268024444580078,False,,suppressed,rate_limit,281
41251,0,update,1785065508.3027496,,1785065508.3020866,tombstone,2,64,RateFIFO,3073007241776570211,0.0006630420684814453,False,,suppressed,rate_limit,282
41251,0,update,1785065508.302832,,1785065508.3021164,tombstone,2,64,RateFIFO,14108233664250482536,0.0007154941558837891,False,,suppressed,rate_limit,283
41251,0,update,1785065508.3028953,,1785065508.3021467,tombstone,2,64,RateFIFO,14774026810505956694,0.0007486343383789062,False,,suppressed,rate_limit,284
41251,0,update,1785065508.3029575,,1785065508.3021753,tombstone,2,64,RateFIFO,5281956220402968541,0.0007822513580322266,False,,suppressed,rate_limit,285
41251,0,update,1785065508.303019,,1785065508.3022034,tombstone,2,64,RateFIFO,1785562587857272681,0.0008156299591064453,False,,suppressed,rate_limit,286
41251,0,update,1785065508.3030798,,1785065508.3022318,tombstone,2,64,RateFIFO,1610475058989402671,0.0008480548858642578,False,,suppressed,rate_limit,287
41251,0,update,1785065508.3031406,,1785065508.3022609,tombstone,2,64,RateFIFO,13378001954599623759,0.0008797645568847656,False,,suppressed,rate_limit,288
41251,0,update,1785065508.303201,,1785065508.3022895,tombstone,2,64,RateFIFO,155989354309277790,0.0009114742279052734,False,,suppressed,rate_limit,289
41251,0,update,1785065508.3034644,,1785065508.302318,tombstone,2,64,RateFIFO,1187225797315579929,0.0011463165283203125,False,,suppressed,rate_limit,290
41251,0,update,1785065508.3035495,,1785065508.3023405,tombstone,2,64,RateFIFO,15960031488910374299,0.0012090206146240234,False,,suppressed,rate_limit,291
41251,0,update,1785065508.3036146,,1785065508.3023682,tombstone,2,64,RateFIFO,4596497935095405733,0.0012464523315429688,False,,suppressed,rate_limit,292
41251,0,update,1785065508.3036795,,1785065508.3023946,tombstone,2,64,RateFIFO,13063325218966850298,0.0012848377227783203,False,,suppressed,rate_limit,293
41251,0,update,1785065508.3037426,,1785065508.3024192,tombstone,2,64,RateFIFO,8862197794517271531,0.0013234615325927734,False,,suppressed,rate_limit,294
41251,0,update,1785065508.3038216,,1785065508.302444,tombstone,2,64,RateFIFO,13367182244321225226,0.0013775825500488281,False,,suppressed,rate_limit,295
41251,0,update,1785065508.303886,,1785065508.3024673,tombstone,2,64,RateFIFO,17730309890119328358,0.0014185905456542969,False,,suppressed,rate_limit,296
41251,0,update,1785065508.3039484,,1785065508.3024905,tombstone,2,64,RateFIFO,16342886595574764735,0.0014579296112060547,False,,suppressed,rate_limit,297
41251,0,update,1785065508.3040102,,1785065508.3025136,tombstone,2,64,RateFIFO,13143428811662154315,0.0014965534210205078,False,,suppressed,rate_limit,298
41251,0,update,1785065508.3040714,,1785065508.3025393,tombstone,2,64,RateFIFO,5248254131891465233,0.0015320777893066406,False,,suppressed,rate_limit,299
41251,0,update,1785065508.3042696,,1785065508.3025634,tombstone,2,64,RateFIFO,6602759660674530941,0.0017061233520507812,False,,suppressed,rate_limit,300
41251,0,update,1785065508.3043497,,1785065508.3025866,tombstone,2,64,RateFIFO,16374985302794130926,0.0017631053924560547,False,,suppressed,rate_limit,301
41251,0,update,1785065508.304415,,1785065508.3026102,tombstone,2,64,RateFIFO,11074190661555870271,0.0018048286437988281,False,,suppressed,rate_limit,302
41251,0,update,1785065508.3044782,,1785065508.3026338,tombstone,2,64,RateFIFO,12578487649826242535,0.0018444061279296875,False,,suppressed,rate_limit,303
41251,0,update,1785065508.3045406,,1785065508.3026567,tombstone,2,64,RateFIFO,9971467602450215698,0.0018839836120605469,False,,suppressed,rate_limit,304
41251,0,update,1785065508.3046021,,1785065508.302679,tombstone,2,64,RateFIFO,16048794067380282208,0.0019230842590332031,False,,suppressed,rate_limit,305
41251,0,update,1785065508.3046637,,1785065508.3027027,tombstone,2,64,RateFIFO,17622982719236225751,0.0019609928131103516,False,,suppressed,rate_limit,306
41251,0,update,1785065508.3047261,,1785065508.302727,tombstone,2,64,RateFIFO,2684601022077970021,0.0019991397857666016,False,,suppressed,rate_limit,307
41251,0,update,1785065508.304806,,1785065508.302756,tombstone,2,64,RateFIFO,16954395879792744941,0.0020499229431152344,False,,suppressed,rate_limit,308
41251,0,update,1785065508.3048708,,1785065508.302788,tombstone,2,64,RateFIFO,4132850298606047245,0.00208282470703125,False,,suppressed,rate_limit,309
41251,0,update,1785065508.3049347,,1785065508.3028138,tombstone,2,64,RateFIFO,4141618429024808821,0.0021209716796875,False,,suppressed,rate_limit,310
41251,0,update,1785065508.3049965,,1785065508.3028364,tombstone,2,64,RateFIFO,7638769856617818995,0.0021600723266601562,False,,suppressed,rate_limit,311
41251,0,update,1785065508.3050582,,1785065508.3028595,tombstone,2,64,RateFIFO,9940797030998834804,0.0021986961364746094,False,,suppressed,rate_limit,312
41251,0,update,1785065508.30512,,1785065508.3028836,tombstone,2,64,RateFIFO,14361523986587977395,0.0022363662719726562,False,,suppressed,rate_limit,313
41251,0,update,1785065508.3051813,,1785065508.3029094,tombstone,2,64,RateFIFO,14694726361257372,0.002271890640258789,False,,suppressed,rate_limit,314
41251,0,update,1785065508.3052447,,1785065508.302934,tombstone,2,64,RateFIFO,9417075026054648240,0.0023107528686523438,False,,suppressed,rate_limit,315
41251,0,update,1785065508.3053064,,1785065508.3029573,tombstone,2,64,RateFIFO,7230541217248033124,0.0023491382598876953,False,,suppressed,rate_limit,316
41251,0,update,1785065508.305368,,1785065508.302981,tombstone,2,64,RateFIFO,12426261210083601366,0.0023870468139648438,False,,suppressed,rate_limit,317
41251,0,update,1785065508.3054292,,1785065508.3030043,tombstone,2,64,RateFIFO,18366711127789728831,0.002424955368041992,False,,suppressed,rate_limit,318
41251,0,update,1785065508.305489,,1785065508.3030267,tombstone,2,64,RateFIFO,10435555625340500992,0.0024623870849609375,False,,suppressed,rate_limit,319
41251,1024,update,1785065510.8396823,,1785065510.8393137,upsert,2,64,RateFIFO,9971321710674973507,0.0003685951232910156,True,,enqueued,,320
41251,1024,update,1785065510.840006,1785065510.840006,1785065510.8393137,upsert,2,64,RateFIFO,9971321710674973507,0.0006923675537109375,True,,forwarded,,320
41251,4096,update,1785065510.8401513,,1785065510.839446,upsert,0,64,RateFIFO,15769623694692820738,0.0007052421569824219,False,,suppressed,rate_limit,321
41251,4096,update,1785065510.8402395,,1785065510.8396313,upsert,0,64,RateFIFO,15769623694692820738,0.0006082057952880859,False,,suppressed,rate_limit,322
41251,2048,update,1785065510.8403113,,1785065510.8398054,upsert,0,64,RateFIFO,12376960631178457983,0.0005059242248535156,False,,suppressed,rate_limit,323
41251,4096,update,1785065527.4985037,,1785065527.4981604,upsert,0,64,RateFIFO,12613465747135452669,0.00034332275390625,True,,enqueued,,324
41251,4096,update,1785065527.4987438,1785065527.4987438,1785065527.4981604,upsert,0,64,RateFIFO,12613465747135452669,0.0005834102630615234,True,,forwarded,,324
41251,4096,update,1785065527.4990373,,1785065527.4986162,upsert,0,64,RateFIFO,3163096543987652428,0.0004210472106933594,False,,suppressed,rate_limit,325
41251,0,update,1785065527.499142,,1785065527.4986675,tombstone,0,64,RateFIFO,14064140743279553366,0.0004744529724121094,False,,suppressed,rate_limit,326
41251,4096,update,1785065527.4993324,,1785065527.4990284,upsert,0,64,RateFIFO,15769623694692820738,0.0003039836883544922,False,,suppressed,rate_limit,327
41251,4096,update,1785065527.4995162,,1785065527.4993684,upsert,0,64,RateFIFO,15769623694692820738,0.00014781951904296875,False,,suppressed,rate_limit,328
41251,4096,update,1785065529.4559965,,1785065529.4554563,upsert,0,64,RateFIFO,15769623694692820738,0.0005402565002441406,True,,enqueued,,329
41251,4096,update,1785065529.4562378,1785065529.4562378,1785065529.4554563,upsert,0,64,RateFIFO,15769623694692820738,0.0007815361022949219,True,,forwarded,,329
41251,4096,update,1785065529.456464,,1785065529.455939,upsert,0,64,RateFIFO,15769623694692820738,0.0005249977111816406,False,,suppressed,rate_limit,330
41251,4096,update,1785065529.4565613,,1785065529.4562988,upsert,0,64,RateFIFO,15769623694692820738,0.0002624988555908203,False,,suppressed,rate_limit,331
41251,1024,update,1785065529.4569256,,1785065529.4566367,upsert,2,64,RateFIFO,5248254131891465233,0.00028896331787109375,False,,suppressed,rate_limit,332
41251,0,update,1785065529.4673483,,1785065529.467138,tombstone,3,64,RateFIFO,12523743054995375112,0.00021028518676757812,False,,suppressed,rate_limit,333
41251,0,update,1785065529.467446,,1785065529.4672031,tombstone,3,64,RateFIFO,9971321710674973507,0.0002429485321044922,False,,suppressed,rate_limit,334
41251,0,update,1785065529.4676178,,1785065529.4672368,tombstone,3,64,RateFIFO,4650049274038987083,0.0003809928894042969,False,,suppressed,rate_limit,335
41251,0,update,1785065529.467702,,1785065529.4672675,tombstone,3,64,RateFIFO,3163096543987652428,0.0004343986511230469,False,,suppressed,rate_limit,336
41251,0,update,1785065529.46777,,1785065529.467297,tombstone,3,64,RateFIFO,10402019323283478844,0.0004730224609375,False,,suppressed,rate_limit,337
41251,0,update,1785065529.467853,,1785065529.4673278,tombstone,3,64,RateFIFO,14064140743279553366,0.0005252361297607422,False,,suppressed,rate_limit,338
41251,0,update,1785065529.4679182,,1785065529.467357,tombstone,3,64,RateFIFO,12376960631178457983,0.0005612373352050781,False,,suppressed,rate_limit,339
41251,0,update,1785065529.4679823,,1785065529.4673855,tombstone,3,64,RateFIFO,947483498426156190,0.0005967617034912109,False,,suppressed,rate_limit,340
41251,0,update,1785065529.4680479,,1785065529.467414,tombstone,3,64,RateFIFO,3073007241776570211,0.0006339550018310547,False,,suppressed,rate_limit,341
41251,0,update,1785065529.4681106,,1785065529.4674423,tombstone,3,64,RateFIFO,14108233664250482536,0.0006682872772216797,False,,suppressed,rate_limit,342
41251,0,update,1785065529.4681728,,1785065529.4674711,tombstone,3,64,RateFIFO,14774026810505956694,0.0007016658782958984,False,,suppressed,rate_limit,343
41251,0,update,1785065529.4684446,,1785065529.4674988,tombstone,3,64,RateFIFO,5281956220402968541,0.0009458065032958984,False,,suppressed,rate_limit,344
41251,0,update,1785065529.4685297,,1785065529.4675272,tombstone,3,64,RateFIFO,1785562587857272681,0.0010025501251220703,False,,suppressed,rate_limit,345
41251,0,update,1785065529.4685967,,1785065529.467558,tombstone,3,64,RateFIFO,1610475058989402671,0.0010387897491455078,False,,suppressed,rate_limit,346
41251,0,update,1785065529.4686608,,1785065529.4675875,tombstone,3,64,RateFIFO,13378001954599623759,0.0010733604431152344,False,,suppressed,rate_limit,347
41251,0,update,1785065529.468724,,1785065529.4676166,tombstone,3,64,RateFIFO,155989354309277790,0.0011074542999267578,False,,suppressed,rate_limit,348
41251,0,update,1785065529.4688048,,1785065529.4676452,tombstone,3,64,RateFIFO,1187225797315579929,0.00115966796875,False,,suppressed,rate_limit,349
41251,0,update,1785065529.4688697,,1785065529.467667,tombstone,3,64,RateFIFO,15960031488910374299,0.0012025833129882812,False,,suppressed,rate_limit,350
41251,0,update,1785065529.468932,,1785065529.4676936,tombstone,3,64,RateFIFO,4596497935095405733,0.0012383460998535156,False,,suppressed,rate_limit,351
41251,0,update,1785065529.4689941,,1785065529.4677129,tombstone,3,64,RateFIFO,13063325218966850298,0.0012812614440917969,False,,suppressed,rate_limit,352
41251,0,update,1785065529.4690564,,1785065529.4677362,tombstone,3,64,RateFIFO,8862197794517271531,0.0013201236724853516,False,,suppressed,rate_limit,353
41251,0,update,1785065529.469119,,1785065529.4677558,tombstone,3,64,RateFIFO,13367182244321225226,0.0013632774353027344,False,,suppressed,rate_limit,354
41251,0,update,1785065529.4691808,,1785065529.4677954,tombstone,3,64,RateFIFO,17730309890119328358,0.0013854503631591797,False,,suppressed,rate_limit,355
41251,0,update,1785065529.4692621,,1785065529.4678159,tombstone,3,64,RateFIFO,16342886595574764735,0.0014462471008300781,False,,suppressed,rate_limit,356
41251,0,update,1785065529.4693286,,1785065529.4678423,tombstone,3,64,RateFIFO,13143428811662154315,0.0014863014221191406,False,,suppressed,rate_limit,357
41251,0,update,1785065529.4693902,,1785065529.4678617,tombstone,3,64,RateFIFO,5248254131891465233,0.0015285015106201172,False,,suppressed,rate_limit,358
41251,0,update,1785065529.4694552,,1785065529.4678836,tombstone,3,64,RateFIFO,6602759660674530941,0.0015716552734375,False,,suppressed,rate_limit,359
41251,0,update,1785065529.4695175,,1785065529.4679034,tombstone,3,64,RateFIFO,16374985302794130926,0.0016140937805175781,False,,suppressed,rate_limit,360
41251,0,update,1785065529.469579,,1785065529.4679317,tombstone,3,64,RateFIFO,11074190661555870271,0.0016472339630126953,False,,suppressed,rate_limit,361
41251,0,update,1785065529.4696414,,1785065529.467955,tombstone,3,64,RateFIFO,12578487649826242535,0.0016863346099853516,False,,suppressed,rate_limit,362
41251,0,update,1785065529.4697037,,1785065529.4679756,tombstone,3,64,RateFIFO,9971467602450215698,0.001728057861328125,False,,suppressed,rate_limit,363
41251,0,update,1785065529.469767,,1785065529.467998,tombstone,3,64,RateFIFO,16048794067380282208,0.0017690658569335938,False,,suppressed,rate_limit,364
41251,0,update,1785065529.469847,,1785065529.468017,tombstone,3,64,RateFIFO,17622982719236225751,0.0018298625946044922,False,,suppressed,rate_limit,365
41251,0,update,1785065529.4699097,,1785065529.468041,tombstone,3,64,RateFIFO,2684601022077970021,0.0018687248229980469,False,,suppressed,rate_limit,366
41251,0,update,1785065529.469971,,1785065529.4680593,tombstone,3,64,RateFIFO,16954395879792744941,0.0019116401672363281,False,,suppressed,rate_limit,367
41251,0,update,1785065529.4701695,,1785065529.4680789,tombstone,3,64,RateFIFO,4132850298606047245,0.0020906925201416016,False,,suppressed,rate_limit,368
41251,0,update,1785065529.4702497,,1785065529.4680986,tombstone,3,64,RateFIFO,4141618429024808821,0.002151012420654297,False,,suppressed,rate_limit,369
41251,0,update,1785065529.4703135,,1785065529.4681187,tombstone,3,64,RateFIFO,7638769856617818995,0.0021948814392089844,False,,suppressed,rate_limit,370
41251,0,update,1785065529.4703755,,1785065529.4681385,tombstone,3,64,RateFIFO,9940797030998834804,0.002237081527709961,False,,suppressed,rate_limit,371
41251,0,update,1785065529.4704368,,1785065529.4681594,tombstone,3,64,RateFIFO,14361523986587977395,0.002277374267578125,False,,suppressed,rate_limit,372
41251,0,update,1785065529.4704993,,1785065529.468184,tombstone,3,64,RateFIFO,14694726361257372,0.0023152828216552734,False,,suppressed,rate_limit,373
41251,0,update,1785065529.4705617,,1785065529.4682083,tombstone,3,64,RateFIFO,9417075026054648240,0.0023534297943115234,False,,suppressed,rate_limit,374
41251,0,update,1785065529.4706233,,1785065529.4682279,tombstone,3,64,RateFIFO,7230541217248033124,0.0023953914642333984,False,,suppressed,rate_limit,375
41251,0,update,1785065529.4706845,,1785065529.4682488,tombstone,3,64,RateFIFO,12426261210083601366,0.0024356842041015625,False,,suppressed,rate_limit,376
41251,0,update,1785065529.4707456,,1785065529.4682727,tombstone,3,64,RateFIFO,18366711127789728831,0.0024728775024414062,False,,suppressed,rate_limit,377
41251,0,update,1785065529.4708188,,1785065529.4682963,tombstone,3,64,RateFIFO,10435555625340500992,0.0025224685668945312,False,,suppressed,rate_limit,378
41251,1024,update,1785065543.8936377,,1785065543.8931835,upsert,2,64,RateFIFO,9971321710674973507,0.00045418739318847656,True,,enqueued,,379
41251,1024,update,1785065543.8940244,1785065543.8940244,1785065543.8931835,upsert,2,64,RateFIFO,9971321710674973507,0.0008409023284912109,True,,forwarded,,379
41251,1024,update,1785065543.8941727,,1785065543.8933852,upsert,2,64,RateFIFO,9971321710674973507,0.0007874965667724609,False,,suppressed,rate_limit,380
41251,4096,update,1785065543.894377,,1785065543.8935509,upsert,0,64,RateFIFO,4650049274038987083,0.0008261203765869141,False,,suppressed,rate_limit,381
41251,0,update,1785065543.8944716,,1785065543.8935964,tombstone,0,64,RateFIFO,947483498426156190,0.0008752346038818359,False,,suppressed,rate_limit,382
41251,0,update,1785065543.8945506,,1785065543.8936284,tombstone,0,64,RateFIFO,14108233664250482536,0.0009222030639648438,False,,suppressed,rate_limit,383
41251,4096,update,1785065543.8946202,,1785065543.8939948,upsert,0,64,RateFIFO,15769623694692820738,0.0006253719329833984,False,,suppressed,rate_limit,384
41251,1024,update,1785065547.1620905,,1785065547.1615932,upsert,2,64,RateFIFO,9971321710674973507,0.0004973411560058594,True,,enqueued,,385
41251,1024,update,1785065547.1624267,1785065547.1624267,1785065547.1615932,upsert,2,64,RateFIFO,9971321710674973507,0.0008335113525390625,True,,forwarded,,385
41251,2048,update,1785065547.162576,,1785065547.161861,upsert,0,64,RateFIFO,155989354309277790,0.0007150173187255859,False,,suppressed,rate_limit,386
41251,4096,update,1785065547.1626642,,1785065547.1620927,upsert,0,64,RateFIFO,12613465747135452669,0.0005714893341064453,False,,suppressed,rate_limit,387
41251,4096,update,1785065547.1628833,,1785065547.1624587,upsert,0,64,RateFIFO,15769623694692820738,0.0004246234893798828,False,,suppressed,rate_limit,388
41251,2048,update,1785065550.019303,,1785065550.0189607,upsert,0,64,RateFIFO,10402019323283478844,0.00034236907958984375,True,,enqueued,,389
41251,2048,update,1785065550.0195603,1785065550.0195603,1785065550.0189607,upsert,0,64,RateFIFO,10402019323283478844,0.0005996227264404297,True,,forwarded,,389
41251,1024,update,1785065550.0198476,,1785065550.019261,upsert,2,64,RateFIFO,9971321710674973507,0.0005867481231689453,False,,suppressed,rate_limit,390
41251,4096,update,1785065550.0200453,,1785065550.0194259,upsert,0,64,RateFIFO,12523743054995375112,0.0006194114685058594,False,,suppressed,rate_limit,391
41251,2048,update,1785065550.0201359,,1785065550.0198007,upsert,0,64,RateFIFO,12376960631178457983,0.0003352165222167969,False,,suppressed,rate_limit,392
41251,0,update,1785065550.0287025,,1785065550.0283976,tombstone,0,64,RateFIFO,14774026810505956694,0.00030493736267089844,False,,suppressed,rate_limit,393
41251,0,update,1785065550.0288386,,1785065550.0284588,tombstone,0,64,RateFIFO,5281956220402968541,0.00037980079650878906,False,,suppressed,rate_limit,394
41251,0,update,1785065550.028915,,1785065550.0284932,tombstone,0,64,RateFIFO,13378001954599623759,0.00042176246643066406,False,,suppressed,rate_limit,395
41251,0,update,1785065550.0291495,,1785065550.0285249,tombstone,0,64,RateFIFO,1187225797315579929,0.0006246566772460938,False,,suppressed,rate_limit,396
41251,0,update,1785065550.0292356,,1785065550.0285537,tombstone,0,64,RateFIFO,15960031488910374299,0.0006818771362304688,False,,suppressed,rate_limit,397
41251,0,update,1785065550.0293067,,1785065550.0285816,tombstone,0,64,RateFIFO,4596497935095405733,0.0007250308990478516,False,,suppressed,rate_limit,398
41251,0,update,1785065550.0293722,,1785065550.0286098,tombstone,0,64,RateFIFO,8862197794517271531,0.0007624626159667969,False,,suppressed,rate_limit,399
41251,0,update,1785065550.0294354,,1785065550.028638,tombstone,0,64,RateFIFO,13367182244321225226,0.0007975101470947266,False,,suppressed,rate_limit,400
41251,0,update,1785065550.029498,,1785065550.0286658,tombstone,0,64,RateFIFO,17730309890119328358,0.0008323192596435547,False,,suppressed,rate_limit,401
41251,0,update,1785065550.029561,,1785065550.028694,tombstone,0,64,RateFIFO,16342886595574764735,0.0008671283721923828,False,,suppressed,rate_limit,402
41251,0,update,1785065550.0296235,,1785065550.0287223,tombstone,0,64,RateFIFO,13143428811662154315,0.0009012222290039062,False,,suppressed,rate_limit,403
41251,0,update,1785065550.0296876,,1785065550.0287523,tombstone,0,64,RateFIFO,5248254131891465233,0.0009353160858154297,False,,suppressed,rate_limit,404
41251,0,update,1785065550.0297494,,1785065550.0287955,tombstone,0,64,RateFIFO,6602759660674530941,0.0009539127349853516,False,,suppressed,rate_limit,405
41251,0,update,1785065550.0298245,,1785065550.0288253,tombstone,0,64,RateFIFO,16374985302794130926,0.0009992122650146484,False,,suppressed,rate_limit,406
41251,0,update,1785065550.0298882,,1785065550.028848,tombstone,0,64,RateFIFO,11074190661555870271,0.0010402202606201172,False,,suppressed,rate_limit,407
41251,0,update,1785065550.0299509,,1785065550.0288737,tombstone,0,64,RateFIFO,12578487649826242535,0.0010771751403808594,False,,suppressed,rate_limit,408
41251,0,update,1785065550.0300138,,1785065550.0288947,tombstone,0,64,RateFIFO,9971467602450215698,0.0011191368103027344,False,,suppressed,rate_limit,409
41251,0,update,1785065550.030075,,1785065550.0289245,tombstone,0,64,RateFIFO,16048794067380282208,0.0011506080627441406,False,,suppressed,rate_limit,410
41251,0,update,1785065550.030136,,1785065550.028948,tombstone,0,64,RateFIFO,17622982719236225751,0.001188039779663086,False,,suppressed,rate_limit,411
41251,0,update,1785065550.0303714,,1785065550.028969,tombstone,0,64,RateFIFO,2684601022077970021,0.0014023780822753906,False,,suppressed,rate_limit,412
41251,0,update,1785065550.0304523,,1785065550.028995,tombstone,0,64,RateFIFO,16954395879792744941,0.00145721435546875,False,,suppressed,rate_limit,413
41251,0,update,1785065550.0305164,,1785065550.029014,tombstone,0,64,RateFIFO,4132850298606047245,0.0015022754669189453,False,,suppressed,rate_limit,414
41251,0,update,1785065550.0305786,,1785065550.0290332,tombstone,0,64,RateFIFO,4141618429024808821,0.0015454292297363281,False,,suppressed,rate_limit,415
41251,0,update,1785065550.0306406,,1785065550.0290532,tombstone,0,64,RateFIFO,7638769856617818995,0.0015873908996582031,False,,suppressed,rate_limit,416
41251,0,update,1785065550.030702,,1785065550.0290809,tombstone,0,64,RateFIFO,9940797030998834804,0.001621246337890625,False,,suppressed,rate_limit,417
41251,0,update,1785065550.030765,,1785065550.0291052,tombstone,0,64,RateFIFO,14361523986587977395,0.0016598701477050781,False,,suppressed,rate_limit,418
41251,0,update,1785065550.03084,,1785065550.0291324,tombstone,0,64,RateFIFO,14694726361257372,0.0017075538635253906,False,,suppressed,rate_limit,419
41251,0,update,1785065550.0309079,,1785065550.0291567,tombstone,0,64,RateFIFO,9417075026054648240,0.0017511844635009766,False,,suppressed,rate_limit,420
41251,0,update,1785065550.0309699,,1785065550.029181,tombstone,0,64,RateFIFO,7230541217248033124,0.0017888545989990234,False,,suppressed,rate_limit,421
41251,0,update,1785065550.0310314,,1785065550.029205,tombstone,0,64,RateFIFO,12426261210083601366,0.0018262863159179688,False,,suppressed,rate_limit,422
41251,0,update,1785065550.031092,,1785065550.0292282,tombstone,0,64,RateFIFO,18366711127789728831,0.001863718032836914,False,,suppressed,rate_limit,423
41251,0,update,1785065550.0312908,,1785065550.0292518,tombstone,0,64,RateFIFO,10435555625340500992,0.0020389556884765625,False,,suppressed,rate_limit,424
41251,0,update,1785065550.03137,,1785065550.029272,tombstone,0,64,RateFIFO,1610475058989402671,0.0020978450775146484,False,,suppressed,rate_limit,425
41251,0,update,1785065550.031434,,1785065550.0292928,tombstone,0,64,RateFIFO,3073007241776570211,0.002141237258911133,False,,suppressed,rate_limit,426
41251,0,update,1785065550.0314975,,1785065550.0293133,tombstone,0,64,RateFIFO,1785562587857272681,0.002184152603149414,False,,suppressed,rate_limit,427
41251,0,update,1785065550.0315588,,1785065550.0293338,tombstone,0,64,RateFIFO,13063325218966850298,0.0022249221801757812,False,,suppressed,rate_limit,428
41251,0,update,1785065550.03162,,1785065550.0293584,tombstone,0,64,RateFIFO,3163096543987652428,0.002261638641357422,False,,suppressed,rate_limit,429
41251,0,update,1785065550.031682,,1785065550.029382,tombstone,0,64,RateFIFO,4650049274038987083,0.0023000240325927734,False,,suppressed,rate_limit,430
41251,0,update,1785065550.031743,,1785065550.0294049,tombstone,0,64,RateFIFO,155989354309277790,0.0023381710052490234,False,,suppressed,rate_limit,431
41251,0,update,1785065550.0318203,,1785065550.0294242,tombstone,0,64,RateFIFO,12613465747135452669,0.002396106719970703,False,,suppressed,rate_limit,432
41251,0,update,1785065550.0318823,,1785065550.0294425,tombstone,0,64,RateFIFO,15769623694692820738,0.002439737319946289,False,,suppressed,rate_limit,433
41251,0,update,1785065550.0319426,,1785065550.0294657,tombstone,0,64,RateFIFO,10402019323283478844,0.002476930618286133,False,,suppressed,rate_limit,434
41251,0,update,1785065550.032003,,1785065550.029493,tombstone,0,64,RateFIFO,12523743054995375112,0.0025098323822021484,False,,suppressed,rate_limit,435
41251,0,update,1785065550.0320625,,1785065550.0295181,tombstone,0,64,RateFIFO,12376960631178457983,0.002544403076171875,False,,suppressed,rate_limit,436
41251,4096,update,1785065569.0999644,,1785065569.0994945,upsert,0,64,RateFIFO,15769623694692820738,0.0004699230194091797,True,,enqueued,,437
41251,4096,update,1785065569.1002707,1785065569.1002707,1785065569.0994945,upsert,0,64,RateFIFO,15769623694692820738,0.0007762908935546875,True,,forwarded,,437
41251,4096,update,1785065569.1005151,,1785065569.0999038,upsert,0,64,RateFIFO,15769623694692820738,0.0006113052368164062,False,,suppressed,rate_limit,438
41251,2048,update,1785065569.1006181,,1785065569.100205,upsert,0,64,RateFIFO,8862197794517271531,0.0004131793975830078,False,,suppressed,rate_limit,439
41251,4096,update,1785065569.100843,,1785065569.100387,upsert,0,64,RateFIFO,15769623694692820738,0.0004558563232421875,False,,suppressed,rate_limit,440
41251,4096,update,1785065603.5598743,,1785065603.5594926,upsert,0,64,RateFIFO,15769623694692820738,0.00038170814514160156,True,,enqueued,,441
41251,4096,update,1785065603.5601246,1785065603.5601246,1785065603.5594926,upsert,0,64,RateFIFO,15769623694692820738,0.0006320476531982422,True,,forwarded,,441
41251,4096,update,1785065603.5603783,,1785065603.559968,upsert,0,64,RateFIFO,12613465747135452669,0.00041031837463378906,False,,suppressed,rate_limit,442
41251,2048,update,1785065603.5605896,,1785065603.5603302,upsert,0,64,RateFIFO,14064140743279553366,0.0002593994140625,False,,suppressed,rate_limit,443
41251,4096,update,1785065603.5607975,,1785065603.5605416,upsert,0,64,RateFIFO,1187225797315579929,0.00025582313537597656,False,,suppressed,rate_limit,444
41251,4096,update,1785065610.0698478,,1785065610.0694335,upsert,0,64,RateFIFO,15769623694692820738,0.0004143714904785156,True,,enqueued,,445
41251,4096,update,1785065610.070109,1785065610.070109,1785065610.0694335,upsert,0,64,RateFIFO,15769623694692820738,0.0006754398345947266,True,,forwarded,,445
41251,2048,update,1785065610.0703468,,1785065610.0699048,upsert,0,64,RateFIFO,17730309890119328358,0.0004420280456542969,False,,suppressed,rate_limit,446
41251,4096,update,1785065610.0704448,,1785065610.0701487,upsert,0,64,RateFIFO,15769623694692820738,0.0002961158752441406,False,,suppressed,rate_limit,447
41251,4096,update,1785065610.0706692,,1785065610.0704908,upsert,0,64,RateFIFO,15769623694692820738,0.00017833709716796875,False,,suppressed,rate_limit,448
41251,0,update,1785065610.0798023,,1785065610.0795472,tombstone,1,64,RateFIFO,9971321710674973507,0.0002551078796386719,False,,suppressed,rate_limit,449
41251,4096,update,1785065622.4304984,,1785065622.4300838,upsert,0,64,RateFIFO,1138219160345481599,0.0004146099090576172,True,,enqueued,,450
41251,4096,update,1785065622.4308007,1785065622.4308007,1785065622.4300838,upsert,0,64,RateFIFO,1138219160345481599,0.0007169246673583984,True,,forwarded,,450
41251,2048,update,1785065622.4310553,,1785065622.4305363,upsert,1,64,RateFIFO,11821849661176330329,0.0005190372467041016,False,,suppressed,rate_limit,451
41251,1024,update,1785065622.4313004,,1785065622.430769,upsert,2,64,RateFIFO,17846715708891391149,0.0005314350128173828,False,,suppressed,rate_limit,452
41251,2048,update,1785065622.4314063,,1785065622.4309294,upsert,3,64,RateFIFO,3653934292717507175,0.000476837158203125,False,,suppressed,rate_limit,453
41251,1024,update,1785065623.836726,,1785065623.8364544,upsert,0,64,RateFIFO,17846715708891391149,0.0002715587615966797,False,,suppressed,rate_limit,454
41251,1024,update,1785065623.8369012,,1785065623.8365798,upsert,2,64,RateFIFO,17846715708891391149,0.00032138824462890625,False,,suppressed,rate_limit,455
41251,1024,update,1785065623.8370168,,1785065623.836655,upsert,1,64,RateFIFO,17846715708891391149,0.0003619194030761719,False,,suppressed,rate_limit,456
41251,1024,update,1785065623.8370664,,1785065623.8367207,upsert,3,64,RateFIFO,17846715708891391149,0.0003457069396972656,False,,suppressed,rate_limit,457
41251,2048,update,1785065628.0062249,,1785065628.0058153,upsert,0,64,RateFIFO,13560130478010026927,0.0004096031188964844,True,,enqueued,,458
41251,2048,update,1785065628.006513,1785065628.006513,1785065628.0058153,upsert,0,64,RateFIFO,13560130478010026927,0.0006978511810302734,True,,forwarded,,458
41251,1024,update,1785065628.0068247,,1785065628.0061235,upsert,3,64,RateFIFO,17846715708891391149,0.0007011890411376953,False,,suppressed,rate_limit,459
41251,1024,update,1785065628.0069425,,1785065628.006287,upsert,1,64,RateFIFO,17846715708891391149,0.0006554126739501953,False,,suppressed,rate_limit,460
41251,1024,update,1785065628.0071106,,1785065628.0064309,upsert,2,64,RateFIFO,17846715708891391149,0.0006797313690185547,False,,suppressed,rate_limit,461
41251,0,update,1785065628.0142791,,1785065628.01407,tombstone,2,64,RateFIFO,5248254131891465233,0.0002090930938720703,False,,suppressed,rate_limit,462
41251,0,update,1785065628.0143738,,1785065628.0141354,tombstone,2,64,RateFIFO,9971321710674973507,0.0002384185791015625,False,,suppressed,rate_limit,463
41251,0,update,1785065628.0145288,,1785065628.0141685,tombstone,2,64,RateFIFO,17846715708891391149,0.00036025047302246094,False,,suppressed,rate_limit,464
41251,1024,update,1785065631.9948559,,1785065631.9944375,upsert,0,64,RateFIFO,17846715708891391149,0.0004184246063232422,True,,enqueued,,465
41251,1024,update,1785065631.9951916,1785065631.9951916,1785065631.9944375,upsert,0,64,RateFIFO,17846715708891391149,0.0007541179656982422,True,,forwarded,,465
41251,1024,update,1785065631.9953406,,1785065631.9946742,upsert,1,64,RateFIFO,17846715708891391149,0.0006663799285888672,False,,suppressed,rate_limit,466
41251,2048,update,1785065631.9955366,,1785065631.9948626,upsert,2,64,RateFIFO,11084610101891187946,0.0006740093231201172,False,,suppressed,rate_limit,467
41251,1024,update,1785065631.9957142,,1785065631.9950836,upsert,3,64,RateFIFO,17846715708891391149,0.0006306171417236328,False,,suppressed,rate_limit,468
41251,1024,update,1785065635.8887627,,1785065635.8883169,upsert,0,64,RateFIFO,17846715708891391149,0.0004458427429199219,True,,enqueued,,469
41251,1024,update,1785065635.8891659,1785065635.8891659,1785065635.8883169,upsert,0,64,RateFIFO,17846715708891391149,0.0008490085601806641,True,,forwarded,,469
41251,1024,update,1785065635.8893168,,1785065635.888563,upsert,2,64,RateFIFO,17846715708891391149,0.0007538795471191406,False,,suppressed,rate_limit,470
41251,1024,update,1785065635.889552,,1785065635.8887236,upsert,1,64,RateFIFO,17846715708891391149,0.0008285045623779297,False,,suppressed,rate_limit,471
41251,2048,update,1785065635.8896558,,1785065635.8888981,upsert,3,64,RateFIFO,11821849661176330329,0.0007576942443847656,False,,suppressed,rate_limit,472
41251,2048,update,1785065640.4381714,,1785065640.4376998,upsert,0,64,RateFIFO,3610348553927340733,0.0004715919494628906,True,,enqueued,,473
41251,2048,update,1785065640.438474,1785065640.438474,1785065640.4376998,upsert,0,64,RateFIFO,3610348553927340733,0.0007741451263427734,True,,forwarded,,473
41251,1024,update,1785065640.4388034,,1785065640.438028,upsert,3,64,RateFIFO,3566375612704271676,0.0007753372192382812,False,,suppressed,rate_limit,474
41251,1024,update,1785065640.4389262,,1785065640.4381933,upsert,0,64,RateFIFO,17846715708891391149,0.0007328987121582031,False,,suppressed,rate_limit,475
41251,2048,update,1785065640.4391007,,1785065640.4383433,upsert,1,64,RateFIFO,11821849661176330329,0.0007574558258056641,False,,suppressed,rate_limit,476
41251,0,update,1785065640.4457166,,1785065640.445508,tombstone,3,64,RateFIFO,3653934292717507175,0.0002086162567138672,False,,suppressed,rate_limit,477
41251,0,update,1785065640.4458308,,1785065640.445572,tombstone,3,64,RateFIFO,17846715708891391149,0.0002589225769042969,False,,suppressed,rate_limit,478
41251,0,update,1785065640.4460037,,1785065640.445606,tombstone,3,64,RateFIFO,11821849661176330329,0.00039768218994140625,False,,suppressed,rate_limit,479
41251,0,update,1785065640.446085,,1785065640.445636,tombstone,3,64,RateFIFO,3566375612704271676,0.0004489421844482422,False,,suppressed,rate_limit,480
41251,1024,update,1785065641.8828716,,1785065641.8825517,upsert,1,64,RateFIFO,14718592730808615998,0.0003199577331542969,False,,suppressed,rate_limit,481
41251,1024,update,1785065641.8830178,,1785065641.8827991,upsert,2,64,RateFIFO,6878038652119793510,0.0002186298370361328,False,,suppressed,rate_limit,482
41251,1024,update,1785065641.8831756,,1785065641.8829598,upsert,3,64,RateFIFO,14333057367934485678,0.00021576881408691406,False,,suppressed,rate_limit,483
41251,1024,update,1785065641.8833706,,1785065641.8831568,upsert,0,64,RateFIFO,14333057367934485678,0.00021386146545410156,False,,suppressed,rate_limit,484
41251,1024,update,1785065645.6892662,,1785065645.689007,upsert,0,64,RateFIFO,17846715708891391149,0.00025916099548339844,True,,enqueued,,485
41251,1024,update,1785065645.689416,1785065645.689416,1785065645.689007,upsert,0,64,RateFIFO,17846715708891391149,0.0004088878631591797,True,,forwarded,,485
41251,2048,update,1785065645.6896493,,1785065645.6892414,upsert,1,64,RateFIFO,7759237608199543855,0.00040793418884277344,False,,suppressed,rate_limit,486
41251,2048,update,1785065645.689873,,1785065645.689478,upsert,2,64,RateFIFO,11821849661176330329,0.00039505958557128906,False,,suppressed,rate_limit,487
41251,2048,update,1785065645.6900506,,1785065645.6896863,upsert,3,64,RateFIFO,14470901837808647390,0.0003643035888671875,False,,suppressed,rate_limit,488
41251,2048,update,1785065657.8192036,,1785065657.8187351,upsert,2,64,RateFIFO,11084610101891187946,0.0004684925079345703,True,,enqueued,,489
41251,2048,update,1785065657.81954,1785065657.81954,1785065657.8187351,upsert,2,64,RateFIFO,11084610101891187946,0.000804901123046875,True,,forwarded,,489
41251,2048,update,1785065657.8198717,,1785065657.8190706,upsert,1,64,RateFIFO,7759237608199543855,0.00080108642578125,False,,suppressed,rate_limit,490
41251,2048,update,1785065657.8199952,,1785065657.8192983,upsert,0,64,RateFIFO,11821849661176330329,0.0006968975067138672,False,,suppressed,rate_limit,491
41251,4096,update,1785065657.8201644,,1785065657.8195326,upsert,3,64,RateFIFO,2791082597034988524,0.0006318092346191406,False,,suppressed,rate_limit,492
41251,0,update,1785065657.8271635,,1785065657.8269484,tombstone,0,64,RateFIFO,8862197794517271531,0.00021505355834960938,False,,suppressed,rate_limit,493
41251,0,update,1785065657.8272622,,1785065657.8270135,tombstone,0,64,RateFIFO,12613465747135452669,0.0002486705780029297,False,,suppressed,rate_limit,494
41251,0,update,1785065657.8274343,,1785065657.8270466,tombstone,0,64,RateFIFO,14064140743279553366,0.0003876686096191406,False,,suppressed,rate_limit,495
41251,0,update,1785065657.827517,,1785065657.8270776,tombstone,0,64,RateFIFO,1187225797315579929,0.0004394054412841797,False,,suppressed,rate_limit,496
41251,0,update,1785065657.8275843,,1785065657.8271072,tombstone,0,64,RateFIFO,17730309890119328358,0.00047707557678222656,False,,suppressed,rate_limit,497
41251,0,update,1785065657.8276482,,1785065657.8271353,tombstone,0,64,RateFIFO,15769623694692820738,0.0005128383636474609,False,,suppressed,rate_limit,498
41251,0,update,1785065657.8277123,,1785065657.8271656,tombstone,0,64,RateFIFO,1138219160345481599,0.0005466938018798828,False,,suppressed,rate_limit,499
41251,0,update,1785065657.8277893,,1785065657.827195,tombstone,0,64,RateFIFO,13560130478010026927,0.0005943775177001953,False,,suppressed,rate_limit,500
41251,0,update,1785065657.8278549,,1785065657.827224,tombstone,0,64,RateFIFO,3610348553927340733,0.0006308555603027344,False,,suppressed,rate_limit,501
41251,0,update,1785065657.827917,,1785065657.8272526,tombstone,0,64,RateFIFO,14333057367934485678,0.0006644725799560547,False,,suppressed,rate_limit,502
41251,0,update,1785065657.827978,,1785065657.8272824,tombstone,0,64,RateFIFO,17846715708891391149,0.0006954669952392578,False,,suppressed,rate_limit,503
41251,0,update,1785065657.8281279,,1785065657.8273287,tombstone,0,64,RateFIFO,11821849661176330329,0.0007991790771484375,False,,suppressed,rate_limit,504
41251,2048,update,1785065663.2536023,,1785065663.253185,upsert,2,64,RateFIFO,11592361518825428217,0.0004172325134277344,True,,enqueued,,505
41251,2048,update,1785065663.2539287,1785065663.2539287,1785065663.253185,upsert,2,64,RateFIFO,11592361518825428217,0.0007436275482177734,True,,forwarded,,505
41251,2048,update,1785065663.2542245,,1785065663.253495,upsert,3,64,RateFIFO,16236083247640581049,0.0007295608520507812,False,,suppressed,rate_limit,506
41251,2048,update,1785065663.254347,,1785065663.2537198,upsert,0,64,RateFIFO,3653934292717507175,0.0006272792816162109,False,,suppressed,rate_limit,507
41251,1024,update,1785065663.2544267,,1785065663.2539675,upsert,0,64,RateFIFO,17846715708891391149,0.0004591941833496094,False,,suppressed,rate_limit,508
41251,1024,update,1785065664.5728364,,1785065664.5723698,upsert,0,64,RateFIFO,17846715708891391149,0.0004665851593017578,False,,suppressed,rate_limit,509
41251,4096,update,1785065664.5731225,,1785065664.5726054,upsert,3,64,RateFIFO,2791082597034988524,0.0005171298980712891,False,,suppressed,rate_limit,510
41251,1024,update,1785065664.5733242,,1785065664.5730028,upsert,0,64,RateFIFO,17846715708891391149,0.00032138824462890625,False,,suppressed,rate_limit,511
41251,2048,update,1785065664.5735059,,1785065664.5731802,upsert,1,64,RateFIFO,11821849661176330329,0.0003256797790527344,False,,suppressed,rate_limit,512
41251,1024,update,1785065665.2481632,,1785065665.2477212,upsert,0,64,RateFIFO,17846715708891391149,0.0004420280456542969,True,,enqueued,,513
41251,1024,update,1785065665.2485094,1785065665.2485094,1785065665.2477212,upsert,0,64,RateFIFO,17846715708891391149,0.0007882118225097656,True,,forwarded,,513
41251,1024,update,1785065665.2486556,,1785065665.247982,upsert,0,64,RateFIFO,17846715708891391149,0.0006735324859619141,False,,suppressed,rate_limit,514
41251,1024,update,1785065665.2487447,,1785065665.2481399,upsert,0,64,RateFIFO,17846715708891391149,0.0006048679351806641,False,,suppressed,rate_limit,515
41251,1024,update,1785065665.248845,,1785065665.2482805,upsert,0,64,RateFIFO,17846715708891391149,0.0005645751953125,False,,suppressed,rate_limit,516
41251,0,update,1785065665.255769,,1785065665.2555556,tombstone,1,64,RateFIFO,17846715708891391149,0.00021338462829589844,False,,suppressed,rate_limit,517
41251,0,update,1785065665.2558756,,1785065665.2556214,tombstone,1,64,RateFIFO,14718592730808615998,0.0002541542053222656,False,,suppressed,rate_limit,518
41251,0,update,1785065665.2560434,,1785065665.2556558,tombstone,1,64,RateFIFO,7759237608199543855,0.0003876686096191406,False,,suppressed,rate_limit,519
41251,0,update,1785065665.2561226,,1785065665.2556853,tombstone,1,64,RateFIFO,11821849661176330329,0.0004372596740722656,False,,suppressed,rate_limit,520
41251,2048,update,1785065677.127477,,1785065677.127039,upsert,1,64,RateFIFO,13844655051170110805,0.0004379749298095703,True,,enqueued,,521
41251,2048,update,1785065677.1277668,1785065677.1277668,1785065677.127039,upsert,1,64,RateFIFO,13844655051170110805,0.0007278919219970703,True,,forwarded,,521
41251,2048,update,1785065677.1280494,,1785065677.1273484,upsert,0,64,RateFIFO,11821849661176330329,0.0007009506225585938,False,,suppressed,rate_limit,522
41251,1024,update,1785065677.1281552,,1785065677.1275766,upsert,0,64,RateFIFO,17846715708891391149,0.0005786418914794922,False,,suppressed,rate_limit,523
41251,4096,update,1785065677.1283295,,1785065677.1277378,upsert,3,64,RateFIFO,5080278736125677280,0.0005917549133300781,False,,suppressed,rate_limit,524
41251,1024,update,1785065678.4439979,,1785065678.4435928,upsert,2,64,RateFIFO,5810489706710392208,0.0004050731658935547,False,,suppressed,rate_limit,525
41251,1024,update,1785065678.444259,,1785065678.443857,upsert,0,64,RateFIFO,17846715708891391149,0.0004019737243652344,False,,suppressed,rate_limit,526
41251,1024,update,1785065678.444516,,1785065678.444027,upsert,3,64,RateFIFO,14333057367934485678,0.0004889965057373047,False,,suppressed,rate_limit,527
41251,1024,update,1785065678.4447024,,1785065678.4441736,upsert,0,64,RateFIFO,17846715708891391149,0.0005288124084472656,False,,suppressed,rate_limit,528
41251,1024,update,1785065680.2213893,,1785065680.2209456,upsert,0,64,RateFIFO,13764273285245102789,0.0004436969757080078,True,,enqueued,,529
41251,1024,update,1785065680.2215717,,1785065680.221072,upsert,0,64,RateFIFO,17846715708891391149,0.000499725341796875,False,,suppressed,rate_limit,530
41251,1024,update,1785065680.2216663,,1785065680.221145,upsert,0,64,RateFIFO,17846715708891391149,0.0005214214324951172,False,,suppressed,rate_limit,531
41251,1024,update,1785065680.221999,1785065680.221999,1785065680.2209456,upsert,0,64,RateFIFO,13764273285245102789,0.0010533332824707031,True,,forwarded,,529
41251,1024,update,1785065680.2221367,,1785065680.2212083,upsert,1,64,RateFIFO,13764273285245102789,0.0009284019470214844,False,,suppressed,rate_limit,532
41253,2048,update,1785066069.7010646,,1785066069.700386,upsert,0,64,RateFIFO,15769623694692820738,0.0006785392761230469,True,,enqueued,,0
41253,2048,update,1785066069.7015328,1785066069.7015328,1785066069.700386,upsert,0,64,RateFIFO,15769623694692820738,0.0011467933654785156,True,,forwarded,,0
41253,2048,update,1785066069.701688,,1785066069.7007155,upsert,2,64,RateFIFO,15769623694692820738,0.0009725093841552734,False,,suppressed,rate_limit,2
41253,2048,update,1785066069.7018087,,1785066069.700661,upsert,1,64,RateFIFO,15769623694692820738,0.0011477470397949219,False,,suppressed,rate_limit,1
41253,2048,update,1785066069.7018993,,1785066069.7007551,upsert,3,64,RateFIFO,15769623694692820738,0.0011441707611083984,False,,suppressed,rate_limit,3
41253,2048,update,1785066073.8760073,,1785066073.875523,upsert,0,64,RateFIFO,12613465747135452669,0.00048422813415527344,True,,enqueued,,4
41253,2048,update,1785066073.8764367,1785066073.8764367,1785066073.875523,upsert,0,64,RateFIFO,12613465747135452669,0.0009136199951171875,True,,forwarded,,4
41253,2048,update,1785066073.8765829,,1785066073.875665,upsert,2,64,RateFIFO,12613465747135452669,0.0009179115295410156,False,,suppressed,rate_limit,6
41253,2048,update,1785066073.8766816,,1785066073.875618,upsert,1,64,RateFIFO,12613465747135452669,0.0010635852813720703,False,,suppressed,rate_limit,5
41253,2048,update,1785066073.8767674,,1785066073.8757036,upsert,3,64,RateFIFO,12613465747135452669,0.0010638236999511719,False,,suppressed,rate_limit,7
41253,4096,update,1785066086.7139068,,1785066086.7135122,upsert,0,64,RateFIFO,12523743054995375112,0.00039458274841308594,True,,enqueued,,8
41253,4096,update,1785066086.71419,1785066086.71419,1785066086.7135122,upsert,0,64,RateFIFO,12523743054995375112,0.0006778240203857422,True,,forwarded,,8
41253,4096,update,1785066086.7142818,,1785066086.7136974,upsert,3,64,RateFIFO,12523743054995375112,0.0005843639373779297,False,,suppressed,rate_limit,11
41253,4096,update,1785066086.714348,,1785066086.7136135,upsert,1,64,RateFIFO,12523743054995375112,0.0007345676422119141,False,,suppressed,rate_limit,9
41253,4096,update,1785066086.7144113,,1785066086.7136614,upsert,2,64,RateFIFO,12523743054995375112,0.0007498264312744141,False,,suppressed,rate_limit,10
41253,2048,update,1785066090.9143634,,1785066090.9139569,upsert,0,64,RateFIFO,9971321710674973507,0.00040650367736816406,True,,enqueued,,12
41253,2048,update,1785066090.9146783,1785066090.9146783,1785066090.9139569,upsert,0,64,RateFIFO,9971321710674973507,0.0007214546203613281,True,,forwarded,,12
41253,2048,update,1785066090.9148045,,1785066090.9141443,upsert,3,64,RateFIFO,9971321710674973507,0.0006601810455322266,False,,suppressed,rate_limit,15
41253,2048,update,1785066090.91488,,1785066090.91406,upsert,1,64,RateFIFO,9971321710674973507,0.0008199214935302734,False,,suppressed,rate_limit,13
41253,2048,update,1785066090.9149468,,1785066090.9141054,upsert,2,64,RateFIFO,9971321710674973507,0.0008413791656494141,False,,suppressed,rate_limit,14
41253,2048,update,1785066095.1226869,,1785066095.1222284,upsert,0,64,RateFIFO,4650049274038987083,0.0004584789276123047,True,,enqueued,,16
41253,2048,update,1785066095.1231484,1785066095.1231484,1785066095.1222284,upsert,0,64,RateFIFO,4650049274038987083,0.0009200572967529297,True,,forwarded,,16
41253,2048,update,1785066095.1233008,,1785066095.122402,upsert,3,64,RateFIFO,4650049274038987083,0.0008988380432128906,False,,suppressed,rate_limit,19
41253,2048,update,1785066095.123403,,1785066095.1223657,upsert,2,64,RateFIFO,4650049274038987083,0.0010373592376708984,False,,suppressed,rate_limit,18
41253,2048,update,1785066095.1234896,,1785066095.1223218,upsert,1,64,RateFIFO,4650049274038987083,0.0011677742004394531,False,,suppressed,rate_limit,17
41253,2048,update,1785066099.2685976,,1785066099.2682652,upsert,0,64,RateFIFO,3163096543987652428,0.0003323554992675781,True,,enqueued,,20
41253,2048,update,1785066099.2688584,1785066099.2688584,1785066099.2682652,upsert,0,64,RateFIFO,3163096543987652428,0.0005931854248046875,True,,forwarded,,20
41253,2048,update,1785066099.2689388,,1785066099.268364,upsert,3,64,RateFIFO,3163096543987652428,0.0005748271942138672,False,,suppressed,rate_limit,23
41253,2048,update,1785066099.268988,,1785066099.268318,upsert,1,64,RateFIFO,3163096543987652428,0.0006699562072753906,False,,suppressed,rate_limit,21
41253,2048,update,1785066099.2690284,,1785066099.2683423,upsert,2,64,RateFIFO,3163096543987652428,0.0006861686706542969,False,,suppressed,rate_limit,22
41253,1024,update,1785066100.7149942,,1785066100.7145064,upsert,0,64,RateFIFO,10402019323283478844,0.0004878044128417969,False,,suppressed,rate_limit,24
41253,1024,update,1785066100.7153509,,1785066100.7146783,upsert,3,64,RateFIFO,10402019323283478844,0.0006725788116455078,False,,suppressed,rate_limit,27
41253,1024,update,1785066100.715469,,1785066100.7146418,upsert,2,64,RateFIFO,10402019323283478844,0.0008270740509033203,False,,suppressed,rate_limit,26
41253,1024,update,1785066100.7155595,,1785066100.7145984,upsert,1,64,RateFIFO,10402019323283478844,0.0009610652923583984,False,,suppressed,rate_limit,25
41253,2048,update,1785066104.9762073,,1785066104.9758003,upsert,0,64,RateFIFO,14064140743279553366,0.0004069805145263672,True,,enqueued,,28
41253,2048,update,1785066104.976618,1785066104.976618,1785066104.9758003,upsert,0,64,RateFIFO,14064140743279553366,0.0008177757263183594,True,,forwarded,,28
41253,2048,update,1785066104.976762,,1785066104.9759843,upsert,3,64,RateFIFO,14064140743279553366,0.0007777214050292969,False,,suppressed,rate_limit,31
41253,2048,update,1785066104.9768894,,1785066104.9759452,upsert,2,64,RateFIFO,14064140743279553366,0.0009441375732421875,False,,suppressed,rate_limit,30
41253,2048,update,1785066104.976974,,1785066104.9759002,upsert,1,64,RateFIFO,14064140743279553366,0.0010738372802734375,False,,suppressed,rate_limit,29
41253,4096,update,1785066118.2274163,,1785066118.2270231,upsert,0,64,RateFIFO,12376960631178457983,0.00039315223693847656,True,,enqueued,,32
41253,4096,update,1785066118.2278504,1785066118.2278504,1785066118.2270231,upsert,0,64,RateFIFO,12376960631178457983,0.0008273124694824219,True,,forwarded,,32
41253,4096,update,1785066118.2279997,,1785066118.2271638,upsert,2,64,RateFIFO,12376960631178457983,0.0008358955383300781,False,,suppressed,rate_limit,34
41253,4096,update,1785066118.2280984,,1785066118.2271175,upsert,1,64,RateFIFO,12376960631178457983,0.0009808540344238281,False,,suppressed,rate_limit,33
41253,4096,update,1785066118.2281845,,1785066118.2272017,upsert,3,64,RateFIFO,12376960631178457983,0.0009827613830566406,False,,suppressed,rate_limit,35
41253,2048,update,1785066122.412858,,1785066122.4123845,upsert,0,64,RateFIFO,947483498426156190,0.0004734992980957031,True,,enqueued,,36
41253,2048,update,1785066122.4133065,1785066122.4133065,1785066122.4123845,upsert,0,64,RateFIFO,947483498426156190,0.0009219646453857422,True,,forwarded,,36
41253,2048,update,1785066122.4134567,,1785066122.412557,upsert,3,64,RateFIFO,947483498426156190,0.0008997917175292969,False,,suppressed,rate_limit,39
41253,2048,update,1785066122.4135585,,1785066122.4125214,upsert,2,64,RateFIFO,947483498426156190,0.0010371208190917969,False,,suppressed,rate_limit,38
41253,2048,update,1785066122.4136448,,1785066122.4124775,upsert,1,64,RateFIFO,947483498426156190,0.00116729736328125,False,,suppressed,rate_limit,37
41253,4096,update,1785066135.073616,,1785066135.0731738,upsert,0,64,RateFIFO,3073007241776570211,0.00044226646423339844,True,,enqueued,,40
41253,4096,update,1785066135.0740945,1785066135.0740945,1785066135.0731738,upsert,0,64,RateFIFO,3073007241776570211,0.0009207725524902344,True,,forwarded,,40
41253,4096,update,1785066135.0742486,,1785066135.0733302,upsert,2,64,RateFIFO,3073007241776570211,0.0009183883666992188,False,,suppressed,rate_limit,42
41253,4096,update,1785066135.074352,,1785066135.0732687,upsert,1,64,RateFIFO,3073007241776570211,0.0010833740234375,False,,suppressed,rate_limit,41
41253,4096,update,1785066135.0744407,,1785066135.0733716,upsert,3,64,RateFIFO,3073007241776570211,0.0010690689086914062,False,,suppressed,rate_limit,43
41253,2048,update,1785066139.2769144,,1785066139.2765012,upsert,0,64,RateFIFO,14108233664250482536,0.0004131793975830078,True,,enqueued,,44
41253,2048,update,1785066139.277338,1785066139.277338,1785066139.2765012,upsert,0,64,RateFIFO,14108233664250482536,0.0008368492126464844,True,,forwarded,,44
41253,2048,update,1785066139.2774863,,1785066139.2766407,upsert,2,64,RateFIFO,14108233664250482536,0.0008456707000732422,False,,suppressed,rate_limit,46
41253,2048,update,1785066139.277586,,1785066139.2765963,upsert,1,64,RateFIFO,14108233664250482536,0.000989675521850586,False,,suppressed,rate_limit,45
41253,2048,update,1785066139.2776716,,1785066139.276678,upsert,3,64,RateFIFO,14108233664250482536,0.000993490219116211,False,,suppressed,rate_limit,47
41253,4096,update,1785066151.9293475,,1785066151.9289405,upsert,0,64,RateFIFO,14774026810505956694,0.0004069805145263672,True,,enqueued,,48
41253,4096,update,1785066151.9297688,1785066151.9297688,1785066151.9289405,upsert,0,64,RateFIFO,14774026810505956694,0.0008282661437988281,True,,forwarded,,48
41253,4096,update,1785066151.9299507,,1785066151.929124,upsert,3,64,RateFIFO,14774026810505956694,0.0008265972137451172,False,,suppressed,rate_limit,51
41253,4096,update,1785066151.930054,,1785066151.9290864,upsert,2,64,RateFIFO,14774026810505956694,0.0009675025939941406,False,,suppressed,rate_limit,50
41253,4096,update,1785066151.9301403,,1785066151.9290385,upsert,1,64,RateFIFO,14774026810505956694,0.0011017322540283203,False,,suppressed,rate_limit,49
41253,1024,update,1785066153.2624736,,1785066153.2620955,upsert,0,64,RateFIFO,5281956220402968541,0.0003781318664550781,False,,suppressed,rate_limit,52
41253,1024,update,1785066153.2626593,,1785066153.2622714,upsert,2,64,RateFIFO,5281956220402968541,0.0003879070281982422,False,,suppressed,rate_limit,54
41253,1024,update,1785066153.2627106,,1785066153.2622037,upsert,1,64,RateFIFO,5281956220402968541,0.0005068778991699219,False,,suppressed,rate_limit,53
41253,1024,update,1785066153.2627523,,1785066153.2623336,upsert,3,64,RateFIFO,5281956220402968541,0.00041866302490234375,False,,suppressed,rate_limit,55
41253,2048,update,1785066157.2831776,,1785066157.282766,upsert,0,64,RateFIFO,1785562587857272681,0.0004115104675292969,True,,enqueued,,56
41253,2048,update,1785066157.2835605,1785066157.2835605,1785066157.282766,upsert,0,64,RateFIFO,1785562587857272681,0.0007944107055664062,True,,forwarded,,56
41253,2048,update,1785066157.2837045,,1785066157.2829654,upsert,3,64,RateFIFO,1785562587857272681,0.0007390975952148438,False,,suppressed,rate_limit,59
41253,2048,update,1785066157.2838278,,1785066157.2829285,upsert,2,64,RateFIFO,1785562587857272681,0.0008993148803710938,False,,suppressed,rate_limit,58
41253,2048,update,1785066157.2840054,,1785066157.2828841,upsert,1,64,RateFIFO,1785562587857272681,0.0011212825775146484,False,,suppressed,rate_limit,57
41253,4096,update,1785066169.8720026,,1785066169.871538,upsert,0,64,RateFIFO,1610475058989402671,0.0004646778106689453,True,,enqueued,,60
41253,4096,update,1785066169.8724349,1785066169.8724349,1785066169.871538,upsert,0,64,RateFIFO,1610475058989402671,0.0008969306945800781,True,,forwarded,,60
41253,4096,update,1785066169.8725834,,1785066169.8717139,upsert,2,64,RateFIFO,1610475058989402671,0.0008695125579833984,False,,suppressed,rate_limit,62
41253,4096,update,1785066169.872683,,1785066169.8716455,upsert,1,64,RateFIFO,1610475058989402671,0.00103759765625,False,,suppressed,rate_limit,61
41253,4096,update,1785066169.872771,,1785066169.8718023,upsert,3,64,RateFIFO,1610475058989402671,0.0009686946868896484,False,,suppressed,rate_limit,63
41253,2048,update,1785066173.8496046,,1785066173.8489497,upsert,0,64,RateFIFO,13378001954599623759,0.0006549358367919922,True,,enqueued,,64
41253,2048,update,1785066173.8501523,1785066173.8501523,1785066173.8489497,upsert,0,64,RateFIFO,13378001954599623759,0.0012025833129882812,True,,forwarded,,64
41253,2048,update,1785066173.8503072,,1785066173.8491807,upsert,3,64,RateFIFO,13378001954599623759,0.0011265277862548828,False,,suppressed,rate_limit,67
41253,2048,update,1785066173.8504121,,1785066173.8490586,upsert,1,64,RateFIFO,13378001954599623759,0.0013535022735595703,False,,suppressed,rate_limit,65
41253,2048,update,1785066173.8504963,,1785066173.8491275,upsert,2,64,RateFIFO,13378001954599623759,0.0013687610626220703,False,,suppressed,rate_limit,66
41253,2048,update,1785066177.846011,,1785066177.8455927,upsert,0,64,RateFIFO,155989354309277790,0.0004181861877441406,True,,enqueued,,68
41253,2048,update,1785066177.8465364,1785066177.8465364,1785066177.8455927,upsert,0,64,RateFIFO,155989354309277790,0.0009436607360839844,True,,forwarded,,68
41253,2048,update,1785066177.8466878,,1785066177.845689,upsert,3,64,RateFIFO,155989354309277790,0.0009987354278564453,False,,suppressed,rate_limit,71
41253,2048,update,1785066177.846808,,1785066177.8456688,upsert,2,64,RateFIFO,155989354309277790,0.0011391639709472656,False,,suppressed,rate_limit,70
41253,2048,update,1785066177.8469002,,1785066177.8456469,upsert,1,64,RateFIFO,155989354309277790,0.001253366470336914,False,,suppressed,rate_limit,69
41253,4096,update,1785066190.5930862,,1785066190.592724,upsert,0,64,RateFIFO,1187225797315579929,0.00036215782165527344,True,,enqueued,,72
41253,4096,update,1785066190.5933578,1785066190.5933578,1785066190.592724,upsert,0,64,RateFIFO,1187225797315579929,0.0006337165832519531,True,,forwarded,,72
41253,4096,update,1785066190.5934412,,1785066190.5929189,upsert,2,64,RateFIFO,1187225797315579929,0.0005223751068115234,False,,suppressed,rate_limit,74
41253,4096,update,1785066190.5934918,,1785066190.5928714,upsert,1,64,RateFIFO,1187225797315579929,0.0006203651428222656,False,,suppressed,rate_limit,73
41253,4096,update,1785066190.5935967,,1785066190.592959,upsert,3,64,RateFIFO,1187225797315579929,0.0006377696990966797,False,,suppressed,rate_limit,75
41253,2048,update,1785066194.5414984,,1785066194.5411038,upsert,0,64,RateFIFO,15960031488910374299,0.00039458274841308594,True,,enqueued,,76
41253,2048,update,1785066194.542027,1785066194.542027,1785066194.5411038,upsert,0,64,RateFIFO,15960031488910374299,0.00092315673828125,True,,forwarded,,76
41253,2048,update,1785066194.5421777,,1785066194.5412471,upsert,2,64,RateFIFO,15960031488910374299,0.0009305477142333984,False,,suppressed,rate_limit,78
41253,2048,update,1785066194.5422819,,1785066194.541284,upsert,3,64,RateFIFO,15960031488910374299,0.000997781753540039,False,,suppressed,rate_limit,79
41253,2048,update,1785066194.5423698,,1785066194.541201,upsert,1,64,RateFIFO,15960031488910374299,0.0011687278747558594,False,,suppressed,rate_limit,77
41253,2048,update,1785066198.5456798,,1785066198.5453186,upsert,0,64,RateFIFO,4596497935095405733,0.0003612041473388672,True,,enqueued,,80
41253,2048,update,1785066198.5459507,1785066198.5459507,1785066198.5453186,upsert,0,64,RateFIFO,4596497935095405733,0.0006320476531982422,True,,forwarded,,80
41253,2048,update,1785066198.5460153,,1785066198.5454993,upsert,3,64,RateFIFO,4596497935095405733,0.0005159378051757812,False,,suppressed,rate_limit,83
41253,2048,update,1785066198.546053,,1785066198.5454166,upsert,1,64,RateFIFO,4596497935095405733,0.0006363391876220703,False,,suppressed,rate_limit,81
41253,2048,update,1785066198.546084,,1785066198.5454621,upsert,2,64,RateFIFO,4596497935095405733,0.000621795654296875,False,,suppressed,rate_limit,82
41253,4096,update,1785066211.4523234,,1785066211.4519584,upsert,0,64,RateFIFO,13063325218966850298,0.0003650188446044922,True,,enqueued,,84
41253,4096,update,1785066211.452864,1785066211.452864,1785066211.4519584,upsert,0,64,RateFIFO,13063325218966850298,0.0009055137634277344,True,,forwarded,,84
41253,4096,update,1785066211.4530177,,1785066211.4520605,upsert,1,64,RateFIFO,13063325218966850298,0.0009572505950927734,False,,suppressed,rate_limit,85
41253,4096,update,1785066211.4531205,,1785066211.4521105,upsert,2,64,RateFIFO,13063325218966850298,0.0010099411010742188,False,,suppressed,rate_limit,86
41253,4096,update,1785066211.4532094,,1785066211.452154,upsert,3,64,RateFIFO,13063325218966850298,0.0010554790496826172,False,,suppressed,rate_limit,87
41253,2048,update,1785066215.4434667,,1785066215.443117,upsert,0,64,RateFIFO,8862197794517271531,0.0003497600555419922,True,,enqueued,,88
41253,2048,update,1785066215.443748,1785066215.443748,1785066215.443117,upsert,0,64,RateFIFO,8862197794517271531,0.0006310939788818359,True,,forwarded,,88
41253,2048,update,1785066215.4438403,,1785066215.443218,upsert,3,64,RateFIFO,8862197794517271531,0.0006222724914550781,False,,suppressed,rate_limit,91
41253,2048,update,1785066215.443887,,1785066215.4431984,upsert,2,64,RateFIFO,8862197794517271531,0.0006885528564453125,False,,suppressed,rate_limit,90
41253,2048,update,1785066215.4439244,,1785066215.4431763,upsert,1,64,RateFIFO,8862197794517271531,0.0007481575012207031,False,,suppressed,rate_limit,89
41253,2048,update,1785066219.4510593,,1785066219.450607,upsert,0,64,RateFIFO,13367182244321225226,0.00045228004455566406,True,,enqueued,,92
41253,2048,update,1785066219.45158,1785066219.45158,1785066219.450607,upsert,0,64,RateFIFO,13367182244321225226,0.0009729862213134766,True,,forwarded,,92
41253,2048,update,1785066219.4517357,,1785066219.4507475,upsert,2,64,RateFIFO,13367182244321225226,0.0009882450103759766,False,,suppressed,rate_limit,94
41253,2048,update,1785066219.4518607,,1785066219.4507036,upsert,1,64,RateFIFO,13367182244321225226,0.0011570453643798828,False,,suppressed,rate_limit,93
41253,2048,update,1785066219.4519506,,1785066219.4508557,upsert,3,64,RateFIFO,13367182244321225226,0.001094818115234375,False,,suppressed,rate_limit,95
41253,2048,update,1785066223.390105,,1785066223.3895347,upsert,0,64,RateFIFO,17730309890119328358,0.0005702972412109375,True,,enqueued,,96
41253,2048,update,1785066223.3906376,1785066223.3906376,1785066223.3895347,upsert,0,64,RateFIFO,17730309890119328358,0.0011029243469238281,True,,forwarded,,96
41253,2048,update,1785066223.390831,,1785066223.389714,upsert,3,64,RateFIFO,17730309890119328358,0.0011169910430908203,False,,suppressed,rate_limit,99
41253,2048,update,1785066223.3909447,,1785066223.389677,upsert,2,64,RateFIFO,17730309890119328358,0.0012676715850830078,False,,suppressed,rate_limit,98
41253,2048,update,1785066223.3910363,,1785066223.3896308,upsert,1,64,RateFIFO,17730309890119328358,0.001405477523803711,False,,suppressed,rate_limit,97
41253,2048,update,1785066227.3620799,,1785066227.3616695,upsert,0,64,RateFIFO,16342886595574764735,0.00041031837463378906,True,,enqueued,,100
41253,2048,update,1785066227.3625982,1785066227.3625982,1785066227.3616695,upsert,0,64,RateFIFO,16342886595574764735,0.0009286403656005859,True,,forwarded,,100
41253,2048,update,1785066227.3627481,,1785066227.3617642,upsert,1,64,RateFIFO,16342886595574764735,0.0009839534759521484,False,,suppressed,rate_limit,101
41253,2048,update,1785066227.3628857,,1785066227.3618386,upsert,2,64,RateFIFO,16342886595574764735,0.0010471343994140625,False,,suppressed,rate_limit,102
41253,2048,update,1785066227.3629756,,1785066227.3618765,upsert,3,64,RateFIFO,16342886595574764735,0.0010991096496582031,False,,suppressed,rate_limit,103
41253,2048,update,1785066231.2315505,,1785066231.231165,upsert,0,64,RateFIFO,13143428811662154315,0.00038552284240722656,True,,enqueued,,104
41253,2048,update,1785066231.2319133,1785066231.2319133,1785066231.231165,upsert,0,64,RateFIFO,13143428811662154315,0.0007483959197998047,True,,forwarded,,104
41253,2048,update,1785066231.2320046,,1785066231.2313502,upsert,3,64,RateFIFO,13143428811662154315,0.0006544589996337891,False,,suppressed,rate_limit,107
41253,2048,update,1785066231.232061,,1785066231.231313,upsert,2,64,RateFIFO,13143428811662154315,0.0007479190826416016,False,,suppressed,rate_limit,106
41253,2048,update,1785066231.2321112,,1785066231.231266,upsert,1,64,RateFIFO,13143428811662154315,0.0008451938629150391,False,,suppressed,rate_limit,105
41253,2048,update,1785066235.3339667,,1785066235.3334846,upsert,0,64,RateFIFO,5248254131891465233,0.0004820823669433594,True,,enqueued,,108
41253,2048,update,1785066235.3345017,1785066235.3345017,1785066235.3334846,upsert,0,64,RateFIFO,5248254131891465233,0.0010170936584472656,True,,forwarded,,108
41253,2048,update,1785066235.3346562,,1785066235.333661,upsert,3,64,RateFIFO,5248254131891465233,0.0009951591491699219,False,,suppressed,rate_limit,111
41253,2048,update,1785066235.3347616,,1785066235.3335772,upsert,1,64,RateFIFO,5248254131891465233,0.0011844635009765625,False,,suppressed,rate_limit,109
41253,2048,update,1785066235.334872,,1785066235.3336234,upsert,2,64,RateFIFO,5248254131891465233,0.0012485980987548828,False,,suppressed,rate_limit,110
41253,2048,update,1785066239.3107166,,1785066239.3099947,upsert,0,64,RateFIFO,6602759660674530941,0.0007219314575195312,True,,enqueued,,112
41253,2048,update,1785066239.311283,1785066239.311283,1785066239.3099947,upsert,0,64,RateFIFO,6602759660674530941,0.0012884140014648438,True,,forwarded,,112
41253,2048,update,1785066239.3114412,,1785066239.3101764,upsert,3,64,RateFIFO,6602759660674530941,0.001264810562133789,False,,suppressed,rate_limit,115
41253,2048,update,1785066239.3115478,,1785066239.3100915,upsert,1,64,RateFIFO,6602759660674530941,0.0014562606811523438,False,,suppressed,rate_limit,113
41253,2048,update,1785066239.3116357,,1785066239.3101394,upsert,2,64,RateFIFO,6602759660674530941,0.0014963150024414062,False,,suppressed,rate_limit,114
41253,2048,update,1785066243.1706207,,1785066243.1701798,upsert,0,64,RateFIFO,16374985302794130926,0.00044083595275878906,True,,enqueued,,116
41253,2048,update,1785066243.171181,1785066243.171181,1785066243.1701798,upsert,0,64,RateFIFO,16374985302794130926,0.001001119613647461,True,,forwarded,,116
41253,2048,update,1785066243.1713378,,1785066243.17028,upsert,1,64,RateFIFO,16374985302794130926,0.0010578632354736328,False,,suppressed,rate_limit,117
41253,2048,update,1785066243.1714427,,1785066243.170324,upsert,2,64,RateFIFO,16374985302794130926,0.0011186599731445312,False,,suppressed,rate_limit,118
41253,2048,update,1785066243.1715326,,1785066243.1703625,upsert,3,64,RateFIFO,16374985302794130926,0.0011701583862304688,False,,suppressed,rate_limit,119
41253,2048,update,1785066247.2264946,,1785066247.2260518,upsert,0,64,RateFIFO,11074190661555870271,0.00044274330139160156,True,,enqueued,,120
41253,2048,update,1785066247.2270637,1785066247.2270637,1785066247.2260518,upsert,0,64,RateFIFO,11074190661555870271,0.0010118484497070312,True,,forwarded,,120
41253,2048,update,1785066247.227221,,1785066247.226204,upsert,2,64,RateFIFO,11074190661555870271,0.0010170936584472656,False,,suppressed,rate_limit,122
41253,2048,update,1785066247.2273264,,1785066247.226242,upsert,3,64,RateFIFO,11074190661555870271,0.0010843276977539062,False,,suppressed,rate_limit,123
41253,2048,update,1785066247.2274141,,1785066247.2261586,upsert,1,64,RateFIFO,11074190661555870271,0.0012555122375488281,False,,suppressed,rate_limit,121
41253,2048,update,1785066251.153317,,1785066251.1529005,upsert,0,64,RateFIFO,12578487649826242535,0.0004165172576904297,True,,enqueued,,124
41253,2048,update,1785066251.1538682,1785066251.1538682,1785066251.1529005,upsert,0,64,RateFIFO,12578487649826242535,0.0009677410125732422,True,,forwarded,,124
41253,2048,update,1785066251.1540256,,1785066251.1529953,upsert,1,64,RateFIFO,12578487649826242535,0.0010302066802978516,False,,suppressed,rate_limit,125
41253,2048,update,1785066251.1541307,,1785066251.1530395,upsert,2,64,RateFIFO,12578487649826242535,0.0010912418365478516,False,,suppressed,rate_limit,126
41253,2048,update,1785066251.1542184,,1785066251.153077,upsert,3,64,RateFIFO,12578487649826242535,0.0011415481567382812,False,,suppressed,rate_limit,127
41253,4096,update,1785066263.8381882,,1785066263.8377213,upsert,0,64,RateFIFO,9971467602450215698,0.0004668235778808594,True,,enqueued,,128
41253,4096,update,1785066263.8386543,1785066263.8386543,1785066263.8377213,upsert,0,64,RateFIFO,9971467602450215698,0.0009329319000244141,True,,forwarded,,128
41253,4096,update,1785066263.838839,,1785066263.8379073,upsert,2,64,RateFIFO,9971467602450215698,0.0009317398071289062,False,,suppressed,rate_limit,130
41253,4096,update,1785066263.83895,,1785066263.8379428,upsert,3,64,RateFIFO,9971467602450215698,0.001007080078125,False,,suppressed,rate_limit,131
41253,4096,update,1785066263.8391635,,1785066263.8378534,upsert,1,64,RateFIFO,9971467602450215698,0.001310110092163086,False,,suppressed,rate_limit,129
41253,2048,update,1785066267.80354,,1785066267.8031435,upsert,0,64,RateFIFO,16048794067380282208,0.00039649009704589844,True,,enqueued,,132
41253,2048,update,1785066267.804105,1785066267.804105,1785066267.8031435,upsert,0,64,RateFIFO,16048794067380282208,0.0009615421295166016,True,,forwarded,,132
41253,2048,update,1785066267.8042624,,1785066267.803237,upsert,1,64,RateFIFO,16048794067380282208,0.0010254383087158203,False,,suppressed,rate_limit,133
41253,2048,update,1785066267.8043716,,1785066267.8032808,upsert,2,64,RateFIFO,16048794067380282208,0.0010907649993896484,False,,suppressed,rate_limit,134
41253,2048,update,1785066267.8044589,,1785066267.8033192,upsert,3,64,RateFIFO,16048794067380282208,0.0011396408081054688,False,,suppressed,rate_limit,135
41253,2048,update,1785066271.6688015,,1785066271.6683896,upsert,0,64,RateFIFO,17622982719236225751,0.0004119873046875,True,,enqueued,,136
41253,2048,update,1785066271.6693087,1785066271.6693087,1785066271.6683896,upsert,0,64,RateFIFO,17622982719236225751,0.0009191036224365234,True,,forwarded,,136
41253,2048,update,1785066271.6694663,,1785066271.6685274,upsert,2,64,RateFIFO,17622982719236225751,0.0009388923645019531,False,,suppressed,rate_limit,138
41253,2048,update,1785066271.6695719,,1785066271.6684842,upsert,1,64,RateFIFO,17622982719236225751,0.0010876655578613281,False,,suppressed,rate_limit,137
41253,2048,update,1785066271.66966,,1785066271.6685667,upsert,3,64,RateFIFO,17622982719236225751,0.0010933876037597656,False,,suppressed,rate_limit,139
41253,2048,update,1785066275.7157314,,1785066275.7152927,upsert,0,64,RateFIFO,2684601022077970021,0.000438690185546875,True,,enqueued,,140
41253,2048,update,1785066275.7162886,1785066275.7162886,1785066275.7152927,upsert,0,64,RateFIFO,2684601022077970021,0.0009958744049072266,True,,forwarded,,140
41253,2048,update,1785066275.7164414,,1785066275.7154696,upsert,2,64,RateFIFO,2684601022077970021,0.0009717941284179688,False,,suppressed,rate_limit,142
41253,2048,update,1785066275.716546,,1785066275.7155082,upsert,3,64,RateFIFO,2684601022077970021,0.0010378360748291016,False,,suppressed,rate_limit,143
41253,2048,update,1785066275.716636,,1785066275.7154095,upsert,1,64,RateFIFO,2684601022077970021,0.0012264251708984375,False,,suppressed,rate_limit,141
41253,2048,update,1785066279.7741184,,1785066279.7736378,upsert,0,64,RateFIFO,16954395879792744941,0.00048065185546875,True,,enqueued,,144
41253,2048,update,1785066279.7746475,1785066279.7746475,1785066279.7736378,upsert,0,64,RateFIFO,16954395879792744941,0.0010097026824951172,True,,forwarded,,144
41253,2048,update,1785066279.7748303,,1785066279.7738485,upsert,2,64,RateFIFO,16954395879792744941,0.0009818077087402344,False,,suppressed,rate_limit,146
41253,2048,update,1785066279.7749388,,1785066279.7737513,upsert,1,64,RateFIFO,16954395879792744941,0.0011875629425048828,False,,suppressed,rate_limit,145
41253,2048,update,1785066279.7750285,,1785066279.7739007,upsert,3,64,RateFIFO,16954395879792744941,0.0011277198791503906,False,,suppressed,rate_limit,147
41253,2048,update,1785066283.8677537,,1785066283.8673818,upsert,0,64,RateFIFO,4132850298606047245,0.0003719329833984375,True,,enqueued,,148
41253,2048,update,1785066283.868063,1785066283.868063,1785066283.8673818,upsert,0,64,RateFIFO,4132850298606047245,0.0006811618804931641,True,,forwarded,,148
41253,2048,update,1785066283.8681436,,1785066283.8675563,upsert,2,64,RateFIFO,4132850298606047245,0.0005872249603271484,False,,suppressed,rate_limit,150
41253,2048,update,1785066283.8681939,,1785066283.867496,upsert,1,64,RateFIFO,4132850298606047245,0.0006978511810302734,False,,suppressed,rate_limit,149
41253,2048,update,1785066283.8682353,,1785066283.867595,upsert,3,64,RateFIFO,4132850298606047245,0.0006403923034667969,False,,suppressed,rate_limit,151
41253,2048,update,1785066287.867511,,1785066287.8670688,upsert,0,64,RateFIFO,4141618429024808821,0.00044226646423339844,True,,enqueued,,152
41253,2048,update,1785066287.868079,1785066287.868079,1785066287.8670688,upsert,0,64,RateFIFO,4141618429024808821,0.0010101795196533203,True,,forwarded,,152
41253,2048,update,1785066287.8682384,,1785066287.8672402,upsert,3,64,RateFIFO,4141618429024808821,0.0009982585906982422,False,,suppressed,rate_limit,155
41253,2048,update,1785066287.8683436,,1785066287.867204,upsert,2,64,RateFIFO,4141618429024808821,0.0011396408081054688,False,,suppressed,rate_limit,154
41253,2048,update,1785066287.8684325,,1785066287.8671622,upsert,1,64,RateFIFO,4141618429024808821,0.001270294189453125,False,,suppressed,rate_limit,153
41253,1024,update,1785066289.2582843,,1785066289.2578254,upsert,0,64,RateFIFO,7638769856617818995,0.0004589557647705078,False,,suppressed,rate_limit,156
41253,1024,update,1785066289.2587543,,1785066289.257996,upsert,2,64,RateFIFO,7638769856617818995,0.0007581710815429688,False,,suppressed,rate_limit,158
41253,1024,update,1785066289.2589138,,1785066289.257938,upsert,1,64,RateFIFO,7638769856617818995,0.0009758472442626953,False,,suppressed,rate_limit,157
41253,1024,update,1785066289.2590106,,1785066289.2580328,upsert,3,64,RateFIFO,7638769856617818995,0.0009777545928955078,False,,suppressed,rate_limit,159
41253,2048,update,1785066293.300651,,1785066293.3001916,upsert,0,64,RateFIFO,9940797030998834804,0.00045943260192871094,True,,enqueued,,160
41253,2048,update,1785066293.301215,1785066293.301215,1785066293.3001916,upsert,0,64,RateFIFO,9940797030998834804,0.0010232925415039062,True,,forwarded,,160
41253,2048,update,1785066293.3013685,,1785066293.3003652,upsert,3,64,RateFIFO,9940797030998834804,0.001003265380859375,False,,suppressed,rate_limit,163
41253,2048,update,1785066293.3014722,,1785066293.3002846,upsert,1,64,RateFIFO,9940797030998834804,0.0011875629425048828,False,,suppressed,rate_limit,161
41253,2048,update,1785066293.3015616,,1785066293.3003297,upsert,2,64,RateFIFO,9940797030998834804,0.0012319087982177734,False,,suppressed,rate_limit,162
41253,2048,update,1785066297.3012123,,1785066297.300826,upsert,0,64,RateFIFO,14361523986587977395,0.00038623809814453125,True,,enqueued,,164
41253,2048,update,1785066297.3015115,1785066297.3015115,1785066297.300826,upsert,0,64,RateFIFO,14361523986587977395,0.0006854534149169922,True,,forwarded,,164
41253,2048,update,1785066297.3015947,,1785066297.3010266,upsert,3,64,RateFIFO,14361523986587977395,0.0005681514739990234,False,,suppressed,rate_limit,167
41253,2048,update,1785066297.3016462,,1785066297.3009403,upsert,1,64,RateFIFO,14361523986587977395,0.0007059574127197266,False,,suppressed,rate_limit,165
41253,2048,update,1785066297.3016887,,1785066297.3009892,upsert,2,64,RateFIFO,14361523986587977395,0.0006995201110839844,False,,suppressed,rate_limit,166
41253,2048,update,1785066301.2888412,,1785066301.2883453,upsert,0,64,RateFIFO,14694726361257372,0.00049591064453125,True,,enqueued,,168
41253,2048,update,1785066301.2893763,1785066301.2893763,1785066301.2883453,upsert,0,64,RateFIFO,14694726361257372,0.0010309219360351562,True,,forwarded,,168
41253,2048,update,1785066301.2895305,,1785066301.2885296,upsert,2,64,RateFIFO,14694726361257372,0.0010008811950683594,False,,suppressed,rate_limit,170
41253,2048,update,1785066301.2896338,,1785066301.2885723,upsert,3,64,RateFIFO,14694726361257372,0.0010614395141601562,False,,suppressed,rate_limit,171
41253,2048,update,1785066301.2897227,,1785066301.2884698,upsert,1,64,RateFIFO,14694726361257372,0.001252889633178711,False,,suppressed,rate_limit,169
41253,2048,update,1785066305.260855,,1785066305.260471,upsert,0,64,RateFIFO,9417075026054648240,0.0003838539123535156,True,,enqueued,,172
41253,2048,update,1785066305.2611175,1785066305.2611175,1785066305.260471,upsert,0,64,RateFIFO,9417075026054648240,0.0006463527679443359,True,,forwarded,,172
41253,2048,update,1785066305.2611883,,1785066305.2606435,upsert,2,64,RateFIFO,9417075026054648240,0.0005447864532470703,False,,suppressed,rate_limit,174
41253,2048,update,1785066305.2612286,,1785066305.2605827,upsert,1,64,RateFIFO,9417075026054648240,0.0006458759307861328,False,,suppressed,rate_limit,173
41253,2048,update,1785066305.2612596,,1785066305.2606828,upsert,3,64,RateFIFO,9417075026054648240,0.0005767345428466797,False,,suppressed,rate_limit,175
41253,2048,update,1785066309.208371,,1785066309.2079237,upsert,0,64,RateFIFO,7230541217248033124,0.00044727325439453125,True,,enqueued,,176
41253,0,update,1785066309.208558,,1785066309.2080126,tombstone,0,64,RateFIFO,15769623694692820738,0.000545501708984375,False,,suppressed,rate_limit,177
41253,2048,update,1785066309.2090847,1785066309.2090847,1785066309.2079237,upsert,0,64,RateFIFO,7230541217248033124,0.0011610984802246094,True,,forwarded,,176
41253,2048,update,1785066309.209236,,1785066309.2080586,upsert,1,64,RateFIFO,7230541217248033124,0.0011773109436035156,False,,suppressed,rate_limit,178
41253,0,update,1785066309.209324,,1785066309.2080953,tombstone,1,64,RateFIFO,15769623694692820738,0.0012285709381103516,False,,suppressed,rate_limit,179
41253,2048,update,1785066309.2094126,,1785066309.2081385,upsert,2,64,RateFIFO,7230541217248033124,0.00127410888671875,False,,suppressed,rate_limit,180
41253,0,update,1785066309.2094836,,1785066309.2081716,tombstone,2,64,RateFIFO,15769623694692820738,0.0013120174407958984,False,,suppressed,rate_limit,181
41253,2048,update,1785066309.2095628,,1785066309.208206,upsert,3,64,RateFIFO,7230541217248033124,0.0013568401336669922,False,,suppressed,rate_limit,182
41253,0,update,1785066309.2096293,,1785066309.208238,tombstone,3,64,RateFIFO,15769623694692820738,0.0013914108276367188,False,,suppressed,rate_limit,183
41253,2048,update,1785066313.264408,,1785066313.2640548,upsert,0,64,RateFIFO,12426261210083601366,0.0003533363342285156,True,,enqueued,,184
41253,0,update,1785066313.2645004,,1785066313.2641423,tombstone,0,64,RateFIFO,12613465747135452669,0.0003581047058105469,False,,suppressed,rate_limit,185
41253,2048,update,1785066313.2646399,1785066313.2646399,1785066313.2640548,upsert,0,64,RateFIFO,12426261210083601366,0.0005850791931152344,True,,forwarded,,184
41253,2048,update,1785066313.2646945,,1785066313.2642605,upsert,2,64,RateFIFO,12426261210083601366,0.00043392181396484375,False,,suppressed,rate_limit,188
41253,0,update,1785066313.264724,,1785066313.2642949,tombstone,2,64,RateFIFO,12613465747135452669,0.0004291534423828125,False,,suppressed,rate_limit,189
41253,2048,update,1785066313.2648475,,1785066313.264189,upsert,1,64,RateFIFO,12426261210083601366,0.0006585121154785156,False,,suppressed,rate_limit,186
41253,0,update,1785066313.26488,,1785066313.2642245,tombstone,1,64,RateFIFO,12613465747135452669,0.0006554126739501953,False,,suppressed,rate_limit,187
41253,2048,update,1785066313.2649102,,1785066313.26433,upsert,3,64,RateFIFO,12426261210083601366,0.0005803108215332031,False,,suppressed,rate_limit,190
41253,0,update,1785066313.2649336,,1785066313.2643638,tombstone,3,64,RateFIFO,12613465747135452669,0.0005698204040527344,False,,suppressed,rate_limit,191
41253,2048,update,1785066317.2090485,,1785066317.2085223,upsert,0,64,RateFIFO,18366711127789728831,0.0005261898040771484,True,,enqueued,,192
41253,0,update,1785066317.2092295,,1785066317.2086315,tombstone,0,64,RateFIFO,12523743054995375112,0.0005979537963867188,False,,suppressed,rate_limit,193
41253,2048,update,1785066317.2096727,1785066317.2096727,1785066317.2085223,upsert,0,64,RateFIFO,18366711127789728831,0.001150369644165039,True,,forwarded,,192
41253,2048,update,1785066317.20985,,1785066317.208693,upsert,1,64,RateFIFO,18366711127789728831,0.0011570453643798828,False,,suppressed,rate_limit,194
41253,0,update,1785066317.2099457,,1785066317.2087307,tombstone,1,64,RateFIFO,12523743054995375112,0.0012149810791015625,False,,suppressed,rate_limit,195
41253,2048,update,1785066317.210037,,1785066317.208769,upsert,2,64,RateFIFO,18366711127789728831,0.0012679100036621094,False,,suppressed,rate_limit,196
41253,0,update,1785066317.2101088,,1785066317.2088335,tombstone,2,64,RateFIFO,12523743054995375112,0.0012753009796142578,False,,suppressed,rate_limit,197
41253,2048,update,1785066317.2101886,,1785066317.2088692,upsert,3,64,RateFIFO,18366711127789728831,0.0013194084167480469,False,,suppressed,rate_limit,198
41253,0,update,1785066317.2102559,,1785066317.2089002,tombstone,3,64,RateFIFO,12523743054995375112,0.0013556480407714844,False,,suppressed,rate_limit,199
41253,1024,update,1785066318.6302555,,1785066318.6299071,upsert,0,64,RateFIFO,10435555625340500992,0.0003483295440673828,False,,suppressed,rate_limit,200
41253,1024,update,1785066318.630478,,1785066318.6300821,upsert,3,64,RateFIFO,10435555625340500992,0.00039577484130859375,False,,suppressed,rate_limit,203
41253,1024,update,1785066318.6305273,,1785066318.6300445,upsert,2,64,RateFIFO,10435555625340500992,0.00048279762268066406,False,,suppressed,rate_limit,202
41253,1024,update,1785066318.6305604,,1785066318.6300004,upsert,1,64,RateFIFO,10435555625340500992,0.0005600452423095703,False,,suppressed,rate_limit,201
41253,2048,update,1785066340.7461123,,1785066340.745718,upsert,0,64,RateFIFO,15769623694692820738,0.0003943443298339844,True,,enqueued,,204
41253,4096,update,1785066340.7462683,,1785066340.7458718,upsert,0,64,RateFIFO,12523743054995375112,0.00039649009704589844,False,,suppressed,rate_limit,205
41253,0,update,1785066340.7463598,,1785066340.7459238,tombstone,0,64,RateFIFO,9971321710674973507,0.0004360675811767578,False,,suppressed,rate_limit,206
41253,2048,update,1785066340.746621,1785066340.746621,1785066340.745718,upsert,0,64,RateFIFO,15769623694692820738,0.0009028911590576172,True,,forwarded,,204
41253,0,update,1785066340.7467504,,1785066340.745958,tombstone,0,64,RateFIFO,4650049274038987083,0.0007922649383544922,False,,suppressed,rate_limit,207
41253,2048,update,1785066340.746859,,1785066340.7460005,upsert,0,64,RateFIFO,12613465747135452669,0.0008585453033447266,False,,suppressed,rate_limit,208
41253,0,update,1785066340.7469304,,1785066340.7460318,tombstone,0,64,RateFIFO,3163096543987652428,0.0008985996246337891,False,,suppressed,rate_limit,209
41253,2048,update,1785066340.7469964,,1785066340.7460694,upsert,0,64,RateFIFO,15769623694692820738,0.000926971435546875,False,,suppressed,rate_limit,210
41253,2048,update,1785066343.2462513,,1785066343.2457566,upsert,0,64,RateFIFO,12613465747135452669,0.0004947185516357422,True,,enqueued,,211
41253,2048,update,1785066343.246449,,1785066343.2458813,upsert,0,64,RateFIFO,12613465747135452669,0.0005676746368408203,False,,suppressed,rate_limit,212
41253,2048,update,1785066343.2465534,,1785066343.245929,upsert,0,64,RateFIFO,12578487649826242535,0.0006244182586669922,False,,suppressed,rate_limit,213
41253,2048,update,1785066343.2466314,,1785066343.2459676,upsert,0,64,RateFIFO,15769623694692820738,0.00066375732421875,False,,suppressed,rate_limit,214
41253,2048,update,1785066343.246848,1785066343.246848,1785066343.2457566,upsert,0,64,RateFIFO,12613465747135452669,0.0010914802551269531,True,,forwarded,,211
41253,4096,update,1785066345.6225777,,1785066345.6221545,upsert,0,64,RateFIFO,12523743054995375112,0.00042319297790527344,True,,enqueued,,215
41253,2048,update,1785066345.6227481,,1785066345.622254,upsert,0,64,RateFIFO,12613465747135452669,0.0004942417144775391,False,,suppressed,rate_limit,216
41253,2048,update,1785066345.6228724,,1785066345.6222973,upsert,0,64,RateFIFO,12613465747135452669,0.0005750656127929688,False,,suppressed,rate_limit,217
41253,2048,update,1785066345.6229522,,1785066345.622335,upsert,0,64,RateFIFO,12613465747135452669,0.0006172657012939453,False,,suppressed,rate_limit,218
41253,4096,update,1785066345.6231296,1785066345.6231296,1785066345.6221545,upsert,0,64,RateFIFO,12523743054995375112,0.0009751319885253906,True,,forwarded,,215
41253,0,update,1785066345.6335535,,1785066345.6332924,tombstone,1,64,RateFIFO,9971321710674973507,0.00026106834411621094,False,,suppressed,rate_limit,219
41253,0,update,1785066345.6336546,,1785066345.633363,tombstone,1,64,RateFIFO,4650049274038987083,0.00029158592224121094,False,,suppressed,rate_limit,220
41253,0,update,1785066345.6337261,,1785066345.633397,tombstone,1,64,RateFIFO,3163096543987652428,0.00032901763916015625,False,,suppressed,rate_limit,221
41253,0,update,1785066345.633806,,1785066345.6334274,tombstone,1,64,RateFIFO,10402019323283478844,0.00037860870361328125,False,,suppressed,rate_limit,222
41253,0,update,1785066345.6339827,,1785066345.6334574,tombstone,1,64,RateFIFO,14064140743279553366,0.0005252361297607422,False,,suppressed,rate_limit,223
41253,0,update,1785066345.6340616,,1785066345.6334853,tombstone,1,64,RateFIFO,12376960631178457983,0.0005762577056884766,False,,suppressed,rate_limit,224
41253,0,update,1785066345.6341262,,1785066345.633514,tombstone,1,64,RateFIFO,947483498426156190,0.0006122589111328125,False,,suppressed,rate_limit,225
41253,0,update,1785066345.6341925,,1785066345.6335423,tombstone,1,64,RateFIFO,3073007241776570211,0.0006501674652099609,False,,suppressed,rate_limit,226
41253,0,update,1785066345.6342552,,1785066345.633571,tombstone,1,64,RateFIFO,14108233664250482536,0.0006842613220214844,False,,suppressed,rate_limit,227
41253,0,update,1785066345.6343179,,1785066345.633598,tombstone,1,64,RateFIFO,14774026810505956694,0.0007197856903076172,False,,suppressed,rate_limit,228
41253,0,update,1785066345.63438,,1785066345.6336267,tombstone,1,64,RateFIFO,5281956220402968541,0.0007534027099609375,False,,suppressed,rate_limit,229
41253,0,update,1785066345.6344428,,1785066345.6336544,tombstone,1,64,RateFIFO,1785562587857272681,0.0007884502410888672,False,,suppressed,rate_limit,230
41253,0,update,1785066345.6345055,,1785066345.6336846,tombstone,1,64,RateFIFO,1610475058989402671,0.0008208751678466797,False,,suppressed,rate_limit,231
41253,0,update,1785066345.6345682,,1785066345.6337142,tombstone,1,64,RateFIFO,13378001954599623759,0.0008540153503417969,False,,suppressed,rate_limit,232
41253,0,update,1785066345.6346297,,1785066345.6337426,tombstone,1,64,RateFIFO,155989354309277790,0.0008871555328369141,False,,suppressed,rate_limit,233
41253,0,update,1785066345.6346934,,1785066345.6337712,tombstone,1,64,RateFIFO,1187225797315579929,0.0009222030639648438,False,,suppressed,rate_limit,234
41253,0,update,1785066345.6347558,,1785066345.6338136,tombstone,1,64,RateFIFO,15960031488910374299,0.000942230224609375,False,,suppressed,rate_limit,235
41253,0,update,1785066345.6348326,,1785066345.6338348,tombstone,1,64,RateFIFO,4596497935095405733,0.000997781753540039,False,,suppressed,rate_limit,236
41253,0,update,1785066345.634996,,1785066345.6338582,tombstone,1,64,RateFIFO,13063325218966850298,0.0011377334594726562,False,,suppressed,rate_limit,237
41253,0,update,1785066345.6350722,,1785066345.6338792,tombstone,1,64,RateFIFO,8862197794517271531,0.0011930465698242188,False,,suppressed,rate_limit,238
41253,0,update,1785066345.6351364,,1785066345.6339004,tombstone,1,64,RateFIFO,13367182244321225226,0.0012359619140625,False,,suppressed,rate_limit,239
41253,0,update,1785066345.6351984,,1785066345.633921,tombstone,1,64,RateFIFO,17730309890119328358,0.0012774467468261719,False,,suppressed,rate_limit,240
41253,0,update,1785066345.6352599,,1785066345.6339417,tombstone,1,64,RateFIFO,16342886595574764735,0.001318216323852539,False,,suppressed,rate_limit,241
41253,0,update,1785066345.635321,,1785066345.6339607,tombstone,1,64,RateFIFO,13143428811662154315,0.001360177993774414,False,,suppressed,rate_limit,242
41253,0,update,1785066345.6353817,,1785066345.6339853,tombstone,1,64,RateFIFO,5248254131891465233,0.0013964176177978516,False,,suppressed,rate_limit,243
41253,0,update,1785066345.6354425,,1785066345.6340046,tombstone,1,64,RateFIFO,6602759660674530941,0.0014379024505615234,False,,suppressed,rate_limit,244
41253,0,update,1785066345.6355042,,1785066345.6340241,tombstone,1,64,RateFIFO,16374985302794130926,0.0014801025390625,False,,suppressed,rate_limit,245
41253,0,update,1785066345.6355648,,1785066345.634051,tombstone,1,64,RateFIFO,11074190661555870271,0.0015137195587158203,False,,suppressed,rate_limit,246
41253,0,update,1785066345.6356258,,1785066345.6340709,tombstone,1,64,RateFIFO,12578487649826242535,0.0015549659729003906,False,,suppressed,rate_limit,247
41253,0,update,1785066345.6356864,,1785066345.634091,tombstone,1,64,RateFIFO,9971467602450215698,0.0015954971313476562,False,,suppressed,rate_limit,248
41253,0,update,1785066345.6357467,,1785066345.6341152,tombstone,1,64,RateFIFO,16048794067380282208,0.0016314983367919922,False,,suppressed,rate_limit,249
41253,0,update,1785066345.635831,,1785066345.634135,tombstone,1,64,RateFIFO,17622982719236225751,0.0016961097717285156,False,,suppressed,rate_limit,250
41253,0,update,1785066345.6358933,,1785066345.6341548,tombstone,1,64,RateFIFO,2684601022077970021,0.0017385482788085938,False,,suppressed,rate_limit,251
41253,0,update,1785066345.635954,,1785066345.6341789,tombstone,1,64,RateFIFO,16954395879792744941,0.0017750263214111328,False,,suppressed,rate_limit,252
41253,0,update,1785066345.6360137,,1785066345.634198,tombstone,1,64,RateFIFO,4132850298606047245,0.0018157958984375,False,,suppressed,rate_limit,253
41253,0,update,1785066345.6360745,,1785066345.6342185,tombstone,1,64,RateFIFO,4141618429024808821,0.001856088638305664,False,,suppressed,rate_limit,254
41253,0,update,1785066345.6361353,,1785066345.6342447,tombstone,1,64,RateFIFO,7638769856617818995,0.0018906593322753906,False,,suppressed,rate_limit,255
41253,0,update,1785066345.636196,,1785066345.6342642,tombstone,1,64,RateFIFO,9940797030998834804,0.0019316673278808594,False,,suppressed,rate_limit,256
41253,0,update,1785066345.6362576,,1785066345.6342862,tombstone,1,64,RateFIFO,14361523986587977395,0.0019714832305908203,False,,suppressed,rate_limit,257
41253,0,update,1785066345.6363196,,1785066345.6343107,tombstone,1,64,RateFIFO,14694726361257372,0.0020089149475097656,False,,suppressed,rate_limit,258
41253,0,update,1785066345.6363826,,1785066345.6343355,tombstone,1,64,RateFIFO,9417075026054648240,0.0020470619201660156,False,,suppressed,rate_limit,259
41253,0,update,1785066345.6364431,,1785066345.6343591,tombstone,1,64,RateFIFO,7230541217248033124,0.002084016799926758,False,,suppressed,rate_limit,260
41253,0,update,1785066345.6365044,,1785066345.6343822,tombstone,1,64,RateFIFO,12426261210083601366,0.002122163772583008,False,,suppressed,rate_limit,261
41253,0,update,1785066345.636565,,1785066345.6344066,tombstone,1,64,RateFIFO,18366711127789728831,0.0021584033966064453,False,,suppressed,rate_limit,262
41253,0,update,1785066345.6366246,,1785066345.6344268,tombstone,1,64,RateFIFO,10435555625340500992,0.002197742462158203,False,,suppressed,rate_limit,263
41253,2048,update,1785066348.041026,,1785066348.040565,upsert,0,64,RateFIFO,15769623694692820738,0.0004611015319824219,True,,enqueued,,264
41253,4096,update,1785066348.0411942,,1785066348.0406625,upsert,0,64,RateFIFO,13063325218966850298,0.0005316734313964844,False,,suppressed,rate_limit,265
41253,2048,update,1785066348.0412853,,1785066348.0407047,upsert,0,64,RateFIFO,15769623694692820738,0.0005805492401123047,False,,suppressed,rate_limit,266
41253,2048,update,1785066348.0413604,,1785066348.04074,upsert,0,64,RateFIFO,15769623694692820738,0.0006203651428222656,False,,suppressed,rate_limit,267
41253,2048,update,1785066348.041534,1785066348.041534,1785066348.040565,upsert,0,64,RateFIFO,15769623694692820738,0.00096893310546875,True,,forwarded,,264
41253,4096,update,1785066350.2411315,,1785066350.2406619,upsert,0,64,RateFIFO,12376960631178457983,0.0004696846008300781,True,,enqueued,,268
41253,2048,update,1785066350.2413044,,1785066350.2407577,upsert,0,64,RateFIFO,15769623694692820738,0.0005466938018798828,False,,suppressed,rate_limit,269
41253,2048,update,1785066350.2413983,,1785066350.240824,upsert,0,64,RateFIFO,15769623694692820738,0.0005743503570556641,False,,suppressed,rate_limit,270
41253,4096,update,1785066350.241664,1785066350.241664,1785066350.2406619,upsert,0,64,RateFIFO,12376960631178457983,0.0010020732879638672,True,,forwarded,,268
41253,1024,update,1785066350.241817,,1785066350.2408638,upsert,3,64,RateFIFO,10402019323283478844,0.0009531974792480469,False,,suppressed,rate_limit,271
41253,4096,update,1785066357.7011647,,1785066357.7006712,upsert,0,64,RateFIFO,12376960631178457983,0.0004935264587402344,True,,enqueued,,272
41253,2048,update,1785066357.7013545,,1785066357.7008152,upsert,0,64,RateFIFO,15769623694692820738,0.0005393028259277344,False,,suppressed,rate_limit,273
41253,2048,update,1785066357.7014525,,1785066357.7008848,upsert,0,64,RateFIFO,9971321710674973507,0.0005676746368408203,False,,suppressed,rate_limit,274
41253,0,update,1785066357.7015338,,1785066357.7009208,tombstone,0,64,RateFIFO,10402019323283478844,0.0006129741668701172,False,,suppressed,rate_limit,275
41253,0,update,1785066357.7016068,,1785066357.700952,tombstone,0,64,RateFIFO,14064140743279553366,0.0006546974182128906,False,,suppressed,rate_limit,276
41253,4096,update,1785066357.7018995,1785066357.7018995,1785066357.7006712,upsert,0,64,RateFIFO,12376960631178457983,0.00122833251953125,True,,forwarded,,272
41253,4096,update,1785066357.7020273,,1785066357.7009892,upsert,0,64,RateFIFO,9971467602450215698,0.0010380744934082031,False,,suppressed,rate_limit,277
41253,0,update,1785066357.7119253,,1785066357.7116978,tombstone,2,64,RateFIFO,9971321710674973507,0.00022745132446289062,False,,suppressed,rate_limit,278
41253,0,update,1785066357.7120252,,1785066357.7117665,tombstone,2,64,RateFIFO,4650049274038987083,0.0002586841583251953,False,,suppressed,rate_limit,279
41253,0,update,1785066357.7121973,,1785066357.7118192,tombstone,2,64,RateFIFO,3163096543987652428,0.0003781318664550781,False,,suppressed,rate_limit,280
41253,0,update,1785066357.7122788,,1785066357.7118506,tombstone,2,64,RateFIFO,10402019323283478844,0.00042819976806640625,False,,suppressed,rate_limit,281
41253,0,update,1785066357.712346,,1785066357.711881,tombstone,2,64,RateFIFO,14064140743279553366,0.00046515464782714844,False,,suppressed,rate_limit,282
41253,0,update,1785066357.7124114,,1785066357.7119098,tombstone,2,64,RateFIFO,12376960631178457983,0.0005016326904296875,False,,suppressed,rate_limit,283
41253,0,update,1785066357.7124755,,1785066357.7119386,tombstone,2,64,RateFIFO,947483498426156190,0.0005369186401367188,False,,suppressed,rate_limit,284
41253,0,update,1785066357.7125416,,1785066357.7119687,tombstone,2,64,RateFIFO,3073007241776570211,0.0005729198455810547,False,,suppressed,rate_limit,285
41253,0,update,1785066357.712604,,1785066357.711998,tombstone,2,64,RateFIFO,14108233664250482536,0.0006060600280761719,False,,suppressed,rate_limit,286
41253,0,update,1785066357.7126665,,1785066357.7120264,tombstone,2,64,RateFIFO,14774026810505956694,0.0006401538848876953,False,,suppressed,rate_limit,287
41253,0,update,1785066357.7127275,,1785066357.712055,tombstone,2,64,RateFIFO,5281956220402968541,0.0006725788116455078,False,,suppressed,rate_limit,288
41253,0,update,1785066357.7129903,,1785066357.7120988,tombstone,2,64,RateFIFO,1785562587857272681,0.0008914470672607422,False,,suppressed,rate_limit,289
41253,0,update,1785066357.7130742,,1785066357.7121422,tombstone,2,64,RateFIFO,1610475058989402671,0.0009319782257080078,False,,suppressed,rate_limit,290
41253,0,update,1785066357.7131379,,1785066357.7121723,tombstone,2,64,RateFIFO,13378001954599623759,0.0009655952453613281,False,,suppressed,rate_limit,291
41253,0,update,1785066357.7132015,,1785066357.7122006,tombstone,2,64,RateFIFO,155989354309277790,0.0010008811950683594,False,,suppressed,rate_limit,292
41253,0,update,1785066357.7132678,,1785066357.7122312,tombstone,2,64,RateFIFO,1187225797315579929,0.0010366439819335938,False,,suppressed,rate_limit,293
41253,0,update,1785066357.7133312,,1785066357.7122612,tombstone,2,64,RateFIFO,15960031488910374299,0.0010700225830078125,False,,suppressed,rate_limit,294
41253,0,update,1785066357.7133946,,1785066357.712284,tombstone,2,64,RateFIFO,4596497935095405733,0.0011105537414550781,False,,suppressed,rate_limit,295
41253,0,update,1785066357.7134585,,1785066357.7123187,tombstone,2,64,RateFIFO,13063325218966850298,0.0011398792266845703,False,,suppressed,rate_limit,296
41253,0,update,1785066357.7135205,,1785066357.7123537,tombstone,2,64,RateFIFO,8862197794517271531,0.0011668205261230469,False,,suppressed,rate_limit,297
41253,0,update,1785066357.7135828,,1785066357.7123885,tombstone,2,64,RateFIFO,13367182244321225226,0.0011942386627197266,False,,suppressed,rate_limit,298
41253,0,update,1785066357.713645,,1785066357.7124243,tombstone,2,64,RateFIFO,17730309890119328358,0.001220703125,False,,suppressed,rate_limit,299
41253,0,update,1785066357.713708,,1785066357.71246,tombstone,2,64,RateFIFO,16342886595574764735,0.0012478828430175781,False,,suppressed,rate_limit,300
41253,0,update,1785066357.71377,,1785066357.7124977,tombstone,2,64,RateFIFO,13143428811662154315,0.0012722015380859375,False,,suppressed,rate_limit,301
41253,0,update,1785066357.7138479,,1785066357.7125368,tombstone,2,64,RateFIFO,5248254131891465233,0.0013110637664794922,False,,suppressed,rate_limit,302
41253,0,update,1785066357.7139087,,1785066357.7125742,tombstone,2,64,RateFIFO,6602759660674530941,0.0013344287872314453,False,,suppressed,rate_limit,303
41253,0,update,1785066357.7141173,,1785066357.7126133,tombstone,2,64,RateFIFO,16374985302794130926,0.0015039443969726562,False,,suppressed,rate_limit,304
41253,0,update,1785066357.7141967,,1785066357.7126436,tombstone,2,64,RateFIFO,11074190661555870271,0.0015530586242675781,False,,suppressed,rate_limit,305
41253,0,update,1785066357.714263,,1785066357.7126791,tombstone,2,64,RateFIFO,12578487649826242535,0.0015838146209716797,False,,suppressed,rate_limit,306
41253,0,update,1785066357.7143254,,1785066357.7127185,tombstone,2,64,RateFIFO,9971467602450215698,0.0016069412231445312,False,,suppressed,rate_limit,307
41253,0,update,1785066357.714387,,1785066357.7127607,tombstone,2,64,RateFIFO,16048794067380282208,0.0016262531280517578,False,,suppressed,rate_limit,308
41253,0,update,1785066357.7144475,,1785066357.7128165,tombstone,2,64,RateFIFO,17622982719236225751,0.001631021499633789,False,,suppressed,rate_limit,309
41253,0,update,1785066357.7145085,,1785066357.712855,tombstone,2,64,RateFIFO,2684601022077970021,0.001653432846069336,False,,suppressed,rate_limit,310
41253,0,update,1785066357.7145693,,1785066357.7128868,tombstone,2,64,RateFIFO,16954395879792744941,0.0016825199127197266,False,,suppressed,rate_limit,311
41253,0,update,1785066357.7146308,,1785066357.7129085,tombstone,2,64,RateFIFO,4132850298606047245,0.0017223358154296875,False,,suppressed,rate_limit,312
41253,0,update,1785066357.7146938,,1785066357.712933,tombstone,2,64,RateFIFO,4141618429024808821,0.001760721206665039,False,,suppressed,rate_limit,313
41253,0,update,1785066357.7147553,,1785066357.712952,tombstone,2,64,RateFIFO,7638769856617818995,0.0018033981323242188,False,,suppressed,rate_limit,314
41253,0,update,1785066357.7148392,,1785066357.712971,tombstone,2,64,RateFIFO,9940797030998834804,0.0018682479858398438,False,,suppressed,rate_limit,315
41253,0,update,1785066357.7149012,,1785066357.7129977,tombstone,2,64,RateFIFO,14361523986587977395,0.001903533935546875,False,,suppressed,rate_limit,316
41253,0,update,1785066357.7149625,,1785066357.7130237,tombstone,2,64,RateFIFO,14694726361257372,0.0019388198852539062,False,,suppressed,rate_limit,317
41253,0,update,1785066357.7150261,,1785066357.713047,tombstone,2,64,RateFIFO,9417075026054648240,0.0019791126251220703,False,,suppressed,rate_limit,318
41253,0,update,1785066357.7150872,,1785066357.7130702,tombstone,2,64,RateFIFO,7230541217248033124,0.0020170211791992188,False,,suppressed,rate_limit,319
41253,0,update,1785066357.7151475,,1785066357.7131028,tombstone,2,64,RateFIFO,12426261210083601366,0.002044677734375,False,,suppressed,rate_limit,320
41253,0,update,1785066357.7152088,,1785066357.7131402,tombstone,2,64,RateFIFO,18366711127789728831,0.0020685195922851562,False,,suppressed,rate_limit,321
41253,0,update,1785066357.7152686,,1785066357.7131763,tombstone,2,64,RateFIFO,10435555625340500992,0.0020923614501953125,False,,suppressed,rate_limit,322
41253,4096,update,1785066361.1260462,,1785066361.1256871,upsert,0,64,RateFIFO,3073007241776570211,0.0003590583801269531,True,,enqueued,,323
41253,4096,update,1785066361.1262157,1785066361.1262157,1785066361.1256871,upsert,0,64,RateFIFO,3073007241776570211,0.0005285739898681641,True,,forwarded,,323
41253,4096,update,1785066361.1263528,,1785066361.1261585,upsert,0,64,RateFIFO,12523743054995375112,0.00019431114196777344,False,,suppressed,rate_limit,324
41253,2048,update,1785066361.1266363,,1785066361.126518,upsert,0,64,RateFIFO,15769623694692820738,0.000118255615234375,False,,suppressed,rate_limit,325
41253,2048,update,1785066361.1268542,,1785066361.1267323,upsert,0,64,RateFIFO,15769623694692820738,0.00012183189392089844,False,,suppressed,rate_limit,326
41253,2048,update,1785066362.9186335,,1785066362.9182646,upsert,0,64,RateFIFO,15769623694692820738,0.0003688335418701172,True,,enqueued,,327
41253,2048,update,1785066362.9189436,1785066362.9189436,1785066362.9182646,upsert,0,64,RateFIFO,15769623694692820738,0.00067901611328125,True,,forwarded,,327
41253,2048,update,1785066362.9191856,,1785066362.9185665,upsert,0,64,RateFIFO,15769623694692820738,0.0006191730499267578,False,,suppressed,rate_limit,328
41253,2048,update,1785066362.9192865,,1785066362.9188082,upsert,0,64,RateFIFO,9971321710674973507,0.0004782676696777344,False,,suppressed,rate_limit,329
41253,2048,update,1785066362.9193616,,1785066362.9190285,upsert,0,64,RateFIFO,15769623694692820738,0.0003330707550048828,False,,suppressed,rate_limit,330
41253,2048,update,1785066365.8391705,,1785066365.8387678,upsert,0,64,RateFIFO,15769623694692820738,0.00040268898010253906,True,,enqueued,,331
41253,2048,update,1785066365.8394625,1785066365.8394625,1785066365.8387678,upsert,0,64,RateFIFO,15769623694692820738,0.0006947517395019531,True,,forwarded,,331
41253,2048,update,1785066365.839706,,1785066365.8390882,upsert,0,64,RateFIFO,7230541217248033124,0.0006177425384521484,False,,suppressed,rate_limit,332
41253,4096,update,1785066365.839835,,1785066365.8393142,upsert,0,64,RateFIFO,12376960631178457983,0.0005207061767578125,False,,suppressed,rate_limit,333
41253,2048,update,1785066365.8400328,,1785066365.8396747,upsert,0,64,RateFIFO,15769623694692820738,0.0003581047058105469,False,,suppressed,rate_limit,334
41253,0,update,1785066365.8503857,,1785066365.8501976,tombstone,3,64,RateFIFO,9971321710674973507,0.0001881122589111328,False,,suppressed,rate_limit,335
41253,0,update,1785066365.8504822,,1785066365.8502667,tombstone,3,64,RateFIFO,4650049274038987083,0.0002155303955078125,False,,suppressed,rate_limit,336
41253,0,update,1785066365.8506982,,1785066365.850303,tombstone,3,64,RateFIFO,3163096543987652428,0.0003952980041503906,False,,suppressed,rate_limit,337
41253,0,update,1785066365.8507998,,1785066365.8503337,tombstone,3,64,RateFIFO,14064140743279553366,0.0004661083221435547,False,,suppressed,rate_limit,338
41253,0,update,1785066365.8508706,,1785066365.850365,tombstone,3,64,RateFIFO,12376960631178457983,0.0005056858062744141,False,,suppressed,rate_limit,339
41253,0,update,1785066365.8509355,,1785066365.8503952,tombstone,3,64,RateFIFO,947483498426156190,0.0005402565002441406,False,,suppressed,rate_limit,340
41253,0,update,1785066365.8510005,,1785066365.8504255,tombstone,3,64,RateFIFO,3073007241776570211,0.0005750656127929688,False,,suppressed,rate_limit,341
41253,0,update,1785066365.8510642,,1785066365.850458,tombstone,3,64,RateFIFO,14108233664250482536,0.0006062984466552734,False,,suppressed,rate_limit,342
41253,0,update,1785066365.8511262,,1785066365.8504877,tombstone,3,64,RateFIFO,14774026810505956694,0.0006384849548339844,False,,suppressed,rate_limit,343
41253,0,update,1785066365.85119,,1785066365.8505185,tombstone,3,64,RateFIFO,5281956220402968541,0.0006716251373291016,False,,suppressed,rate_limit,344
41253,0,update,1785066365.851445,,1785066365.850548,tombstone,3,64,RateFIFO,1785562587857272681,0.0008969306945800781,False,,suppressed,rate_limit,345
41253,0,update,1785066365.8515263,,1785066365.850578,tombstone,3,64,RateFIFO,1610475058989402671,0.0009481906890869141,False,,suppressed,rate_limit,346
41253,0,update,1785066365.8515925,,1785066365.850608,tombstone,3,64,RateFIFO,13378001954599623759,0.0009844303131103516,False,,suppressed,rate_limit,347
41253,0,update,1785066365.8516562,,1785066365.8506384,tombstone,3,64,RateFIFO,155989354309277790,0.0010178089141845703,False,,suppressed,rate_limit,348
41253,0,update,1785066365.85172,,1785066365.850669,tombstone,3,64,RateFIFO,1187225797315579929,0.001051187515258789,False,,suppressed,rate_limit,349
41253,0,update,1785066365.8518035,,1785066365.8507001,tombstone,3,64,RateFIFO,15960031488910374299,0.0011034011840820312,False,,suppressed,rate_limit,350
41253,0,update,1785066365.8518696,,1785066365.8507307,tombstone,3,64,RateFIFO,4596497935095405733,0.001138925552368164,False,,suppressed,rate_limit,351
41253,0,update,1785066365.8519332,,1785066365.8507543,tombstone,3,64,RateFIFO,13063325218966850298,0.0011789798736572266,False,,suppressed,rate_limit,352
41253,0,update,1785066365.8519955,,1785066365.8508003,tombstone,3,64,RateFIFO,8862197794517271531,0.0011951923370361328,False,,suppressed,rate_limit,353
41253,0,update,1785066365.8520565,,1785066365.850838,tombstone,3,64,RateFIFO,13367182244321225226,0.001218557357788086,False,,suppressed,rate_limit,354
41253,0,update,1785066365.8521175,,1785066365.850871,tombstone,3,64,RateFIFO,17730309890119328358,0.0012464523315429688,False,,suppressed,rate_limit,355
41253,0,update,1785066365.852178,,1785066365.8509054,tombstone,3,64,RateFIFO,16342886595574764735,0.0012726783752441406,False,,suppressed,rate_limit,356
41253,0,update,1785066365.8522396,,1785066365.8509407,tombstone,3,64,RateFIFO,13143428811662154315,0.0012989044189453125,False,,suppressed,rate_limit,357
41253,0,update,1785066365.8523011,,1785066365.8509746,tombstone,3,64,RateFIFO,5248254131891465233,0.0013265609741210938,False,,suppressed,rate_limit,358
41253,0,update,1785066365.8523614,,1785066365.851,tombstone,3,64,RateFIFO,6602759660674530941,0.0013613700866699219,False,,suppressed,rate_limit,359
41253,0,update,1785066365.8525667,,1785066365.851024,tombstone,3,64,RateFIFO,16374985302794130926,0.001542806625366211,False,,suppressed,rate_limit,360
41253,0,update,1785066365.8526456,,1785066365.8510466,tombstone,3,64,RateFIFO,11074190661555870271,0.0015990734100341797,False,,suppressed,rate_limit,361
41253,0,update,1785066365.8527093,,1785066365.8510695,tombstone,3,64,RateFIFO,12578487649826242535,0.0016398429870605469,False,,suppressed,rate_limit,362
41253,0,update,1785066365.8527715,,1785066365.8510976,tombstone,3,64,RateFIFO,9971467602450215698,0.0016739368438720703,False,,suppressed,rate_limit,363
41253,0,update,1785066365.8528492,,1785066365.8511205,tombstone,3,64,RateFIFO,16048794067380282208,0.0017287731170654297,False,,suppressed,rate_limit,364
41253,0,update,1785066365.8529115,,1785066365.851145,tombstone,3,64,RateFIFO,17622982719236225751,0.0017664432525634766,False,,suppressed,rate_limit,365
41253,0,update,1785066365.8529723,,1785066365.8511689,tombstone,3,64,RateFIFO,2684601022077970021,0.0018033981323242188,False,,suppressed,rate_limit,366
41253,0,update,1785066365.853033,,1785066365.851192,tombstone,3,64,RateFIFO,16954395879792744941,0.0018410682678222656,False,,suppressed,rate_limit,367
41253,0,update,1785066365.8530936,,1785066365.8512156,tombstone,3,64,RateFIFO,4132850298606047245,0.0018780231475830078,False,,suppressed,rate_limit,368
41253,0,update,1785066365.8531547,,1785066365.8512385,tombstone,3,64,RateFIFO,4141618429024808821,0.0019161701202392578,False,,suppressed,rate_limit,369
41253,0,update,1785066365.8532171,,1785066365.851261,tombstone,3,64,RateFIFO,7638769856617818995,0.0019562244415283203,False,,suppressed,rate_limit,370
41253,0,update,1785066365.8532789,,1785066365.8512836,tombstone,3,64,RateFIFO,9940797030998834804,0.0019953250885009766,False,,suppressed,rate_limit,371
41253,0,update,1785066365.8533404,,1785066365.851306,tombstone,3,64,RateFIFO,14361523986587977395,0.002034425735473633,False,,suppressed,rate_limit,372
41253,0,update,1785066365.8534017,,1785066365.8513293,tombstone,3,64,RateFIFO,14694726361257372,0.0020723342895507812,False,,suppressed,rate_limit,373
41253,0,update,1785066365.8534634,,1785066365.8513534,tombstone,3,64,RateFIFO,9417075026054648240,0.002110004425048828,False,,suppressed,rate_limit,374
41253,0,update,1785066365.8535242,,1785066365.8513777,tombstone,3,64,RateFIFO,7230541217248033124,0.002146482467651367,False,,suppressed,rate_limit,375
41253,0,update,1785066365.853589,,1785066365.8514006,tombstone,3,64,RateFIFO,12426261210083601366,0.002188444137573242,False,,suppressed,rate_limit,376
41253,0,update,1785066365.8536496,,1785066365.8514235,tombstone,3,64,RateFIFO,18366711127789728831,0.002226114273071289,False,,suppressed,rate_limit,377
41253,0,update,1785066365.85371,,1785066365.8514466,tombstone,3,64,RateFIFO,10435555625340500992,0.002263307571411133,False,,suppressed,rate_limit,378
41253,0,update,1785066365.8537695,,1785066365.8514698,tombstone,3,64,RateFIFO,10402019323283478844,0.002299785614013672,False,,suppressed,rate_limit,379
41253,2048,update,1785066371.5677466,,1785066371.5674653,upsert,0,64,RateFIFO,12613465747135452669,0.00028133392333984375,True,,enqueued,,380
41253,2048,update,1785066371.567951,1785066371.567951,1785066371.5674653,upsert,0,64,RateFIFO,12613465747135452669,0.0004856586456298828,True,,forwarded,,380
41253,2048,update,1785066371.5680115,,1785066371.5676577,upsert,0,64,RateFIFO,15769623694692820738,0.00035381317138671875,False,,suppressed,rate_limit,381
41253,2048,update,1785066371.5680823,,1785066371.5678298,upsert,0,64,RateFIFO,4650049274038987083,0.0002524852752685547,False,,suppressed,rate_limit,382
41253,0,update,1785066371.5681129,,1785066371.567865,tombstone,0,64,RateFIFO,947483498426156190,0.000247955322265625,False,,suppressed,rate_limit,383
41253,1024,update,1785066371.5681984,,1785066371.5680366,upsert,3,64,RateFIFO,5281956220402968541,0.00016188621520996094,False,,suppressed,rate_limit,384
41253,2048,update,1785066373.9367137,,1785066373.9363918,upsert,0,64,RateFIFO,15769623694692820738,0.0003218650817871094,True,,enqueued,,385
41253,2048,update,1785066373.9369063,1785066373.9369063,1785066373.9363918,upsert,0,64,RateFIFO,15769623694692820738,0.0005145072937011719,True,,forwarded,,385
41253,2048,update,1785066373.93703,,1785066373.9366992,upsert,0,64,RateFIFO,15769623694692820738,0.00033092498779296875,False,,suppressed,rate_limit,386
41253,4096,update,1785066373.9371185,,1785066373.9369445,upsert,0,64,RateFIFO,14774026810505956694,0.00017404556274414062,False,,suppressed,rate_limit,387
41253,1024,update,1785066373.9374325,,1785066373.9373083,upsert,1,64,RateFIFO,10435555625340500992,0.00012421607971191406,False,,suppressed,rate_limit,388
41253,2048,update,1785066380.4344826,,1785066380.4341168,upsert,0,64,RateFIFO,15769623694692820738,0.0003657341003417969,True,,enqueued,,389
41253,2048,update,1785066380.4347372,1785066380.4347372,1785066380.4341168,upsert,0,64,RateFIFO,15769623694692820738,0.0006203651428222656,True,,forwarded,,389
41253,2048,update,1785066380.4349995,,1785066380.4344282,upsert,0,64,RateFIFO,3163096543987652428,0.0005712509155273438,False,,suppressed,rate_limit,390
41253,0,update,1785066380.4351017,,1785066380.4344769,tombstone,0,64,RateFIFO,14108233664250482536,0.0006248950958251953,False,,suppressed,rate_limit,391
41253,4096,update,1785066380.4351788,,1785066380.4346879,upsert,0,64,RateFIFO,1187225797315579929,0.0004909038543701172,False,,suppressed,rate_limit,392
41253,2048,update,1785066380.4353633,,1785066380.4350698,upsert,0,64,RateFIFO,15769623694692820738,0.00029349327087402344,False,,suppressed,rate_limit,393
41253,0,update,1785066380.443798,,1785066380.4435844,tombstone,0,64,RateFIFO,5281956220402968541,0.000213623046875,False,,suppressed,rate_limit,394
41253,0,update,1785066380.4438925,,1785066380.4436479,tombstone,0,64,RateFIFO,1785562587857272681,0.0002446174621582031,False,,suppressed,rate_limit,395
41253,0,update,1785066380.444064,,1785066380.4436817,tombstone,0,64,RateFIFO,1610475058989402671,0.0003821849822998047,False,,suppressed,rate_limit,396
41253,0,update,1785066380.4441447,,1785066380.4437118,tombstone,0,64,RateFIFO,13378001954599623759,0.0004329681396484375,False,,suppressed,rate_limit,397
41253,0,update,1785066380.4442117,,1785066380.443741,tombstone,0,64,RateFIFO,155989354309277790,0.0004706382751464844,False,,suppressed,rate_limit,398
41253,0,update,1785066380.4442792,,1785066380.4437702,tombstone,0,64,RateFIFO,15960031488910374299,0.0005090236663818359,False,,suppressed,rate_limit,399
41253,0,update,1785066380.4443438,,1785066380.443821,tombstone,0,64,RateFIFO,4596497935095405733,0.0005228519439697266,False,,suppressed,rate_limit,400
41253,0,update,1785066380.4444072,,1785066380.4438505,tombstone,0,64,RateFIFO,8862197794517271531,0.0005567073822021484,False,,suppressed,rate_limit,401
41253,0,update,1785066380.4444695,,1785066380.4438798,tombstone,0,64,RateFIFO,13367182244321225226,0.0005896091461181641,False,,suppressed,rate_limit,402
41253,0,update,1785066380.444532,,1785066380.4439085,tombstone,0,64,RateFIFO,17730309890119328358,0.0006234645843505859,False,,suppressed,rate_limit,403
41253,0,update,1785066380.4445937,,1785066380.4439363,tombstone,0,64,RateFIFO,16342886595574764735,0.0006573200225830078,False,,suppressed,rate_limit,404
41253,0,update,1785066380.4448578,,1785066380.443964,tombstone,0,64,RateFIFO,13143428811662154315,0.0008938312530517578,False,,suppressed,rate_limit,405
41253,0,update,1785066380.4449434,,1785066380.4439867,tombstone,0,64,RateFIFO,5248254131891465233,0.0009567737579345703,False,,suppressed,rate_limit,406
41253,0,update,1785066380.445009,,1785066380.4440064,tombstone,0,64,RateFIFO,6602759660674530941,0.0010025501251220703,False,,suppressed,rate_limit,407
41253,0,update,1785066380.4450734,,1785066380.4440265,tombstone,0,64,RateFIFO,16374985302794130926,0.001046895980834961,False,,suppressed,rate_limit,408
41253,0,update,1785066380.4451358,,1785066380.4440455,tombstone,0,64,RateFIFO,11074190661555870271,0.0010902881622314453,False,,suppressed,rate_limit,409
41253,0,update,1785066380.445198,,1785066380.4440665,tombstone,0,64,RateFIFO,16048794067380282208,0.0011315345764160156,False,,suppressed,rate_limit,410
41253,0,update,1785066380.44526,,1785066380.4440854,tombstone,0,64,RateFIFO,17622982719236225751,0.0011746883392333984,False,,suppressed,rate_limit,411
41253,0,update,1785066380.4453237,,1785066380.4441063,tombstone,0,64,RateFIFO,2684601022077970021,0.0012173652648925781,False,,suppressed,rate_limit,412
41253,0,update,1785066380.4453855,,1785066380.4441345,tombstone,0,64,RateFIFO,16954395879792744941,0.0012509822845458984,False,,suppressed,rate_limit,413
41253,0,update,1785066380.4454472,,1785066380.4441588,tombstone,0,64,RateFIFO,4132850298606047245,0.0012884140014648438,False,,suppressed,rate_limit,414
41253,0,update,1785066380.44551,,1785066380.444182,tombstone,0,64,RateFIFO,4141618429024808821,0.0013279914855957031,False,,suppressed,rate_limit,415
41253,0,update,1785066380.4455726,,1785066380.444203,tombstone,0,64,RateFIFO,7638769856617818995,0.0013697147369384766,False,,suppressed,rate_limit,416
41253,0,update,1785066380.4456384,,1785066380.4442227,tombstone,0,64,RateFIFO,9940797030998834804,0.0014157295227050781,False,,suppressed,rate_limit,417
41253,0,update,1785066380.4457,,1785066380.4442487,tombstone,0,64,RateFIFO,14361523986587977395,0.001451253890991211,False,,suppressed,rate_limit,418
41253,0,update,1785066380.4459126,,1785066380.444272,tombstone,0,64,RateFIFO,14694726361257372,0.0016405582427978516,False,,suppressed,rate_limit,419
41253,0,update,1785066380.445995,,1785066380.444291,tombstone,0,64,RateFIFO,9417075026054648240,0.0017039775848388672,False,,suppressed,rate_limit,420
41253,0,update,1785066380.4460595,,1785066380.4443114,tombstone,0,64,RateFIFO,12426261210083601366,0.0017480850219726562,False,,suppressed,rate_limit,421
41253,0,update,1785066380.4461222,,1785066380.4443333,tombstone,0,64,RateFIFO,18366711127789728831,0.0017888545989990234,False,,suppressed,rate_limit,422
41253,0,update,1785066380.4461842,,1785066380.4443545,tombstone,0,64,RateFIFO,10435555625340500992,0.0018296241760253906,False,,suppressed,rate_limit,423
41253,0,update,1785066380.4462461,,1785066380.4443786,tombstone,0,64,RateFIFO,12578487649826242535,0.001867532730102539,False,,suppressed,rate_limit,424
41253,0,update,1785066380.4463084,,1785066380.444402,tombstone,0,64,RateFIFO,13063325218966850298,0.0019063949584960938,False,,suppressed,rate_limit,425
41253,0,update,1785066380.4463704,,1785066380.4444234,tombstone,0,64,RateFIFO,9971467602450215698,0.0019469261169433594,False,,suppressed,rate_limit,426
41253,0,update,1785066380.4464312,,1785066380.4444456,tombstone,0,64,RateFIFO,3073007241776570211,0.0019855499267578125,False,,suppressed,rate_limit,427
41253,0,update,1785066380.4464936,,1785066380.4444633,tombstone,0,64,RateFIFO,12523743054995375112,0.0020303726196289062,False,,suppressed,rate_limit,428
41253,0,update,1785066380.446555,,1785066380.4444826,tombstone,0,64,RateFIFO,9971321710674973507,0.0020723342895507812,False,,suppressed,rate_limit,429
41253,0,update,1785066380.4466157,,1785066380.4445012,tombstone,0,64,RateFIFO,7230541217248033124,0.002114534378051758,False,,suppressed,rate_limit,430
41253,0,update,1785066380.4466763,,1785066380.4445236,tombstone,0,64,RateFIFO,12376960631178457983,0.002152681350708008,False,,suppressed,rate_limit,431
41253,0,update,1785066380.4467363,,1785066380.444548,tombstone,0,64,RateFIFO,12613465747135452669,0.002188444137573242,False,,suppressed,rate_limit,432
41253,0,update,1785066380.4468112,,1785066380.4445724,tombstone,0,64,RateFIFO,4650049274038987083,0.002238750457763672,False,,suppressed,rate_limit,433
41253,0,update,1785066380.4468732,,1785066380.4445918,tombstone,0,64,RateFIFO,14774026810505956694,0.0022814273834228516,False,,suppressed,rate_limit,434
41253,0,update,1785066380.4469333,,1785066380.4446118,tombstone,0,64,RateFIFO,3163096543987652428,0.002321481704711914,False,,suppressed,rate_limit,435
41253,0,update,1785066380.446994,,1785066380.444631,tombstone,0,64,RateFIFO,1187225797315579929,0.002362966537475586,False,,suppressed,rate_limit,436
41253,0,update,1785066380.447054,,1785066380.4446533,tombstone,0,64,RateFIFO,15769623694692820738,0.002400636672973633,False,,suppressed,rate_limit,437
41253,2048,update,1785066396.6256561,,1785066396.6252892,upsert,0,64,RateFIFO,15769623694692820738,0.0003669261932373047,True,,enqueued,,438
41253,2048,update,1785066396.625927,1785066396.625927,1785066396.6252892,upsert,0,64,RateFIFO,15769623694692820738,0.0006377696990966797,True,,forwarded,,438
41253,2048,update,1785066396.626159,,1785066396.6256027,upsert,0,64,RateFIFO,15769623694692820738,0.0005562305450439453,False,,suppressed,rate_limit,439
41253,2048,update,1785066396.6262565,,1785066396.6258852,upsert,0,64,RateFIFO,15769623694692820738,0.0003712177276611328,False,,suppressed,rate_limit,440
41253,4096,update,1785066396.626446,,1785066396.6261008,upsert,0,64,RateFIFO,1610475058989402671,0.0003452301025390625,False,,suppressed,rate_limit,441
41253,2048,update,1785066415.1864378,,1785066415.186056,upsert,0,64,RateFIFO,15769623694692820738,0.0003819465637207031,True,,enqueued,,442
41253,2048,update,1785066415.1867142,1785066415.1867142,1785066415.186056,upsert,0,64,RateFIFO,15769623694692820738,0.0006582736968994141,True,,forwarded,,442
41253,2048,update,1785066415.1870224,,1785066415.1863658,upsert,0,64,RateFIFO,15769623694692820738,0.0006566047668457031,False,,suppressed,rate_limit,443
41253,2048,update,1785066415.1871283,,1785066415.1865911,upsert,0,64,RateFIFO,9971321710674973507,0.0005371570587158203,False,,suppressed,rate_limit,444
41253,4096,update,1785066415.1873353,,1785066415.186827,upsert,0,64,RateFIFO,12523743054995375112,0.0005083084106445312,False,,suppressed,rate_limit,445
41253,2048,update,1785066420.613233,,1785066420.6127694,upsert,0,64,RateFIFO,15769623694692820738,0.00046372413635253906,True,,enqueued,,446
41253,2048,update,1785066420.6135075,1785066420.6135075,1785066420.6127694,upsert,0,64,RateFIFO,15769623694692820738,0.0007381439208984375,True,,forwarded,,446
41253,2048,update,1785066420.6138487,,1785066420.6132207,upsert,0,64,RateFIFO,12613465747135452669,0.0006279945373535156,False,,suppressed,rate_limit,447
41253,2048,update,1785066420.6141305,,1785066420.613631,upsert,0,64,RateFIFO,15769623694692820738,0.0004994869232177734,False,,suppressed,rate_limit,449
41253,1024,update,1785066420.6142395,,1785066420.6134539,upsert,3,64,RateFIFO,7638769856617818995,0.0007855892181396484,False,,suppressed,rate_limit,448
41253,0,update,1785066420.621519,,1785066420.6213095,tombstone,1,64,RateFIFO,10435555625340500992,0.00020956993103027344,False,,suppressed,rate_limit,450
41253,1024,update,1785066424.3638456,,1785066424.363419,upsert,0,64,RateFIFO,17846715708891391149,0.0004265308380126953,True,,enqueued,,451
41253,1024,update,1785066424.3644233,1785066424.3644233,1785066424.363419,upsert,0,64,RateFIFO,17846715708891391149,0.0010042190551757812,True,,forwarded,,451
41253,1024,update,1785066424.364579,,1785066424.3635526,upsert,1,64,RateFIFO,14333057367934485678,0.0010263919830322266,False,,suppressed,rate_limit,452
41253,1024,update,1785066424.3647034,,1785066424.3636272,upsert,2,64,RateFIFO,17846715708891391149,0.0010762214660644531,False,,suppressed,rate_limit,453
41253,2048,update,1785066424.364833,,1785066424.363693,upsert,3,64,RateFIFO,6878038652119793510,0.0011401176452636719,False,,suppressed,rate_limit,454
41253,1024,update,1785066428.1043887,,1785066428.103947,upsert,0,64,RateFIFO,13844655051170110805,0.0004417896270751953,True,,enqueued,,455
41253,1024,update,1785066428.104803,1785066428.104803,1785066428.103947,upsert,0,64,RateFIFO,13844655051170110805,0.0008561611175537109,True,,forwarded,,455
41253,2048,update,1785066428.1049662,,1785066428.1041908,upsert,2,64,RateFIFO,15507369539614680842,0.0007753372192382812,False,,suppressed,rate_limit,456
41253,1024,update,1785066428.1052566,,1785066428.1044254,upsert,1,64,RateFIFO,13844655051170110805,0.0008311271667480469,False,,suppressed,rate_limit,457
41253,1024,update,1785066428.105366,,1785066428.1045718,upsert,3,64,RateFIFO,17846715708891391149,0.0007941722869873047,False,,suppressed,rate_limit,458
41253,1024,update,1785066428.8740435,,1785066428.873685,upsert,0,64,RateFIFO,17846715708891391149,0.00035858154296875,False,,suppressed,rate_limit,459
41253,1024,update,1785066428.87422,,1785066428.8739474,upsert,0,64,RateFIFO,17846715708891391149,0.00027251243591308594,False,,suppressed,rate_limit,460
41253,1024,update,1785066428.8742745,,1785066428.8741066,upsert,0,64,RateFIFO,17846715708891391149,0.0001678466796875,False,,suppressed,rate_limit,461
41253,1024,update,1785066428.874427,,1785066428.8742988,upsert,0,64,RateFIFO,17846715708891391149,0.00012826919555664062,False,,suppressed,rate_limit,462
41253,0,update,1785066428.8811765,,1785066428.8810244,tombstone,2,64,RateFIFO,17846715708891391149,0.00015211105346679688,False,,suppressed,rate_limit,463
41253,0,update,1785066428.8812716,,1785066428.8810966,tombstone,2,64,RateFIFO,15507369539614680842,0.00017499923706054688,False,,suppressed,rate_limit,464
41253,2048,update,1785066433.5086088,,1785066433.508157,upsert,0,64,RateFIFO,15507369539614680842,0.00045180320739746094,True,,enqueued,,465
41253,2048,update,1785066433.5090046,1785066433.5090046,1785066433.508157,upsert,0,64,RateFIFO,15507369539614680842,0.0008475780487060547,True,,forwarded,,465
41253,1024,update,1785066433.5091567,,1785066433.5084715,upsert,0,64,RateFIFO,17846715708891391149,0.0006852149963378906,False,,suppressed,rate_limit,466
41253,2048,update,1785066433.5093563,,1785066433.5086353,upsert,1,64,RateFIFO,15507369539614680842,0.000720977783203125,False,,suppressed,rate_limit,467
41253,1024,update,1785066433.5095317,,1785066433.5089343,upsert,2,64,RateFIFO,14333057367934485678,0.0005974769592285156,False,,suppressed,rate_limit,468
41253,1024,update,1785066437.316549,,1785066437.316272,upsert,0,64,RateFIFO,17846715708891391149,0.0002770423889160156,True,,enqueued,,469
41253,1024,update,1785066437.3166864,1785066437.3166864,1785066437.316272,upsert,0,64,RateFIFO,17846715708891391149,0.0004143714904785156,True,,forwarded,,469
41253,1024,update,1785066437.316802,,1785066437.3165138,upsert,0,64,RateFIFO,17846715708891391149,0.00028824806213378906,False,,suppressed,rate_limit,470
41253,2048,update,1785066437.3168762,,1785066437.3166704,upsert,1,64,RateFIFO,15924242497558048196,0.00020575523376464844,False,,suppressed,rate_limit,471
41253,2048,update,1785066437.317013,,1785066437.3169155,upsert,2,64,RateFIFO,11821849661176330329,9.751319885253906e-05,False,,suppressed,rate_limit,472
41253,1024,update,1785066438.4051993,,1785066438.404872,upsert,0,64,RateFIFO,13844655051170110805,0.0003273487091064453,False,,suppressed,rate_limit,473
41253,1024,update,1785066438.40542,,1785066438.4051528,upsert,0,64,RateFIFO,17846715708891391149,0.00026726722717285156,False,,suppressed,rate_limit,474
41253,1024,update,1785066438.405602,,1785066438.4053125,upsert,0,64,RateFIFO,17846715708891391149,0.0002894401550292969,False,,suppressed,rate_limit,475
41253,2048,update,1785066438.4057698,,1785066438.4054525,upsert,3,64,RateFIFO,6878038652119793510,0.0003173351287841797,False,,suppressed,rate_limit,476
41253,0,update,1785066438.4127223,,1785066438.412429,tombstone,3,64,RateFIFO,5281956220402968541,0.0002932548522949219,False,,suppressed,rate_limit,477
41253,0,update,1785066438.4128726,,1785066438.4124942,tombstone,3,64,RateFIFO,7638769856617818995,0.0003783702850341797,False,,suppressed,rate_limit,478
41253,0,update,1785066438.4129612,,1785066438.4125278,tombstone,3,64,RateFIFO,17846715708891391149,0.0004334449768066406,False,,suppressed,rate_limit,479
41253,0,update,1785066438.4130352,,1785066438.4125588,tombstone,3,64,RateFIFO,6878038652119793510,0.0004763603210449219,False,,suppressed,rate_limit,480
41253,2048,update,1785066442.2209487,,1785066442.220612,upsert,2,64,RateFIFO,3653934292717507175,0.00033664703369140625,True,,enqueued,,481
41253,2048,update,1785066442.2211015,1785066442.2211015,1785066442.220612,upsert,2,64,RateFIFO,3653934292717507175,0.0004894733428955078,True,,forwarded,,481
41253,2048,update,1785066442.2212288,,1785066442.2209444,upsert,1,64,RateFIFO,11821849661176330329,0.00028443336486816406,False,,suppressed,rate_limit,482
41253,2048,update,1785066442.2213323,,1785066442.2211802,upsert,0,64,RateFIFO,15507369539614680842,0.00015211105346679688,False,,suppressed,rate_limit,483
41253,2048,update,1785066442.2214975,,1785066442.2213974,upsert,3,64,RateFIFO,3653934292717507175,0.00010013580322265625,False,,suppressed,rate_limit,484
41253,1024,update,1785066443.3890378,,1785066443.388544,upsert,0,64,RateFIFO,17846715708891391149,0.0004937648773193359,False,,suppressed,rate_limit,485
41253,1024,update,1785066443.3893428,,1785066443.3888285,upsert,0,64,RateFIFO,13844655051170110805,0.0005142688751220703,False,,suppressed,rate_limit,486
41253,1024,update,1785066443.3896365,,1785066443.3892179,upsert,0,64,RateFIFO,17846715708891391149,0.00041866302490234375,False,,suppressed,rate_limit,488
41253,2048,update,1785066443.3897557,,1785066443.3889954,upsert,1,64,RateFIFO,11821849661176330329,0.0007603168487548828,False,,suppressed,rate_limit,487
41253,2048,update,1785066444.4210148,,1785066444.4204912,upsert,2,64,RateFIFO,11821849661176330329,0.0005235671997070312,True,,enqueued,,489
41253,2048,update,1785066444.42139,1785066444.42139,1785066444.4204912,upsert,2,64,RateFIFO,11821849661176330329,0.0008988380432128906,True,,forwarded,,489
41253,1024,update,1785066444.421546,,1785066444.4208293,upsert,0,64,RateFIFO,13844655051170110805,0.0007166862487792969,False,,suppressed,rate_limit,490
41253,1024,update,1785066444.4216383,,1785066444.4210036,upsert,0,64,RateFIFO,17846715708891391149,0.0006346702575683594,False,,suppressed,rate_limit,491
41253,1024,update,1785066444.4217138,,1785066444.4211493,upsert,0,64,RateFIFO,17846715708891391149,0.0005645751953125,False,,suppressed,rate_limit,492
41253,0,update,1785066444.4284122,,1785066444.4281514,tombstone,0,64,RateFIFO,1610475058989402671,0.0002608299255371094,False,,suppressed,rate_limit,493
41253,0,update,1785066444.4285128,,1785066444.4282155,tombstone,0,64,RateFIFO,9971321710674973507,0.00029730796813964844,False,,suppressed,rate_limit,494
41253,0,update,1785066444.4285858,,1785066444.428239,tombstone,0,64,RateFIFO,12523743054995375112,0.0003466606140136719,False,,suppressed,rate_limit,495
41253,0,update,1785066444.4286525,,1785066444.4282753,tombstone,0,64,RateFIFO,12613465747135452669,0.0003771781921386719,False,,suppressed,rate_limit,496
41253,0,update,1785066444.4288254,,1785066444.428307,tombstone,0,64,RateFIFO,15769623694692820738,0.0005183219909667969,False,,suppressed,rate_limit,497
41253,0,update,1785066444.4289038,,1785066444.4283376,tombstone,0,64,RateFIFO,15507369539614680842,0.0005662441253662109,False,,suppressed,rate_limit,498
41253,0,update,1785066444.4289691,,1785066444.428368,tombstone,0,64,RateFIFO,13844655051170110805,0.0006010532379150391,False,,suppressed,rate_limit,499
41253,0,update,1785066444.4290311,,1785066444.4283967,tombstone,0,64,RateFIFO,17846715708891391149,0.0006344318389892578,False,,suppressed,rate_limit,500
41253,2048,update,1785066458.6955955,,1785066458.695115,upsert,2,64,RateFIFO,11821849661176330329,0.00048041343688964844,True,,enqueued,,501
41253,2048,update,1785066458.695928,1785066458.695928,1785066458.695115,upsert,2,64,RateFIFO,11821849661176330329,0.0008130073547363281,True,,forwarded,,501
41253,4096,update,1785066458.6961832,,1785066458.6954725,upsert,0,64,RateFIFO,13764273285245102789,0.0007107257843017578,False,,suppressed,rate_limit,502
41253,2048,update,1785066458.6963887,,1785066458.6959307,upsert,2,64,RateFIFO,11821849661176330329,0.00045800209045410156,False,,suppressed,rate_limit,503
41253,1024,update,1785066458.6965652,,1785066458.6962104,upsert,0,64,RateFIFO,17846715708891391149,0.000354766845703125,False,,suppressed,rate_limit,504
41253,2048,update,1785066463.213259,,1785066463.212834,upsert,0,64,RateFIFO,15148276972076288962,0.00042510032653808594,True,,enqueued,,505
41253,2048,update,1785066463.2135558,1785066463.2135558,1785066463.212834,upsert,0,64,RateFIFO,15148276972076288962,0.0007219314575195312,True,,forwarded,,505
41253,1024,update,1785066463.2138863,,1785066463.213201,upsert,0,64,RateFIFO,17846715708891391149,0.0006852149963378906,False,,suppressed,rate_limit,506
41253,1024,update,1785066463.2140088,,1785066463.2133684,upsert,3,64,RateFIFO,17368355320037658727,0.0006403923034667969,False,,suppressed,rate_limit,507
41253,2048,update,1785066463.21418,,1785066463.2135177,upsert,2,64,RateFIFO,11821849661176330329,0.0006623268127441406,False,,suppressed,rate_limit,508
41253,2048,update,1785066467.2194524,,1785066467.2190611,upsert,2,64,RateFIFO,5080278736125677280,0.00039124488830566406,True,,enqueued,,509
41253,2048,update,1785066467.2197347,1785066467.2197347,1785066467.2190611,upsert,2,64,RateFIFO,5080278736125677280,0.0006735324859619141,True,,forwarded,,509
41253,1024,update,1785066467.2200658,,1785066467.2193768,upsert,0,64,RateFIFO,17846715708891391149,0.0006890296936035156,False,,suppressed,rate_limit,510
41253,1024,update,1785066467.2201836,,1785066467.219542,upsert,3,64,RateFIFO,14333057367934485678,0.0006415843963623047,False,,suppressed,rate_limit,511
41253,2048,update,1785066467.2203555,,1785066467.2196877,upsert,1,64,RateFIFO,6878038652119793510,0.0006678104400634766,False,,suppressed,rate_limit,512
41253,0,update,1785066467.2274425,,1785066467.2272437,tombstone,1,64,RateFIFO,14333057367934485678,0.00019884109497070312,False,,suppressed,rate_limit,513
41253,0,update,1785066467.2275383,,1785066467.2273088,tombstone,1,64,RateFIFO,13844655051170110805,0.0002295970916748047,False,,suppressed,rate_limit,514
41253,0,update,1785066467.2277017,,1785066467.227343,tombstone,1,64,RateFIFO,15507369539614680842,0.00035858154296875,False,,suppressed,rate_limit,515
41253,0,update,1785066467.2277973,,1785066467.2273734,tombstone,1,64,RateFIFO,15924242497558048196,0.0004239082336425781,False,,suppressed,rate_limit,516
41253,0,update,1785066467.227869,,1785066467.2274027,tombstone,1,64,RateFIFO,11821849661176330329,0.00046634674072265625,False,,suppressed,rate_limit,517
41253,0,update,1785066467.2279372,,1785066467.2274332,tombstone,1,64,RateFIFO,6878038652119793510,0.0005040168762207031,False,,suppressed,rate_limit,518
41253,1024,update,1785066468.5768256,,1785066468.576468,upsert,0,64,RateFIFO,17846715708891391149,0.00035762786865234375,False,,suppressed,rate_limit,519
41253,1024,update,1785066468.5771284,,1785066468.5767045,upsert,1,64,RateFIFO,14333057367934485678,0.0004239082336425781,False,,suppressed,rate_limit,520
41253,1024,update,1785066468.5772433,,1785066468.5768974,upsert,0,64,RateFIFO,17846715708891391149,0.0003459453582763672,False,,suppressed,rate_limit,521
41253,1024,update,1785066468.5774267,,1785066468.5770466,upsert,0,64,RateFIFO,17846715708891391149,0.0003800392150878906,False,,suppressed,rate_limit,522
41253,1024,update,1785066470.7176132,,1785066470.7172558,upsert,0,64,RateFIFO,17846715708891391149,0.0003573894500732422,True,,enqueued,,523
41253,1024,update,1785066470.7179,1785066470.7179,1785066470.7172558,upsert,0,64,RateFIFO,17846715708891391149,0.0006442070007324219,True,,forwarded,,523
41253,1024,update,1785066470.7181826,,1785066470.7175007,upsert,2,64,RateFIFO,14333057367934485678,0.0006818771362304688,False,,suppressed,rate_limit,524
41253,1024,update,1785066470.7183037,,1785066470.7176592,upsert,0,64,RateFIFO,13844655051170110805,0.0006444454193115234,False,,suppressed,rate_limit,525
41253,1024,update,1785066470.7183824,,1785066470.7178333,upsert,0,64,RateFIFO,17846715708891391149,0.0005490779876708984,False,,suppressed,rate_limit,526
41253,2048,update,1785066482.9624586,,1785066482.96199,upsert,2,64,RateFIFO,11821849661176330329,0.0004684925079345703,True,,enqueued,,527
41253,2048,update,1785066482.9628613,1785066482.9628613,1785066482.96199,upsert,2,64,RateFIFO,11821849661176330329,0.0008711814880371094,True,,forwarded,,527
41253,1024,update,1785066482.9630158,,1785066482.9623048,upsert,0,64,RateFIFO,17846715708891391149,0.0007109642028808594,False,,suppressed,rate_limit,528
41253,4096,update,1785066482.963215,,1785066482.9624655,upsert,3,64,RateFIFO,13764273285245102789,0.0007495880126953125,False,,suppressed,rate_limit,529
41253,2048,update,1785066482.9633944,,1785066482.9628623,upsert,2,64,RateFIFO,5080278736125677280,0.0005321502685546875,False,,suppressed,rate_limit,530
