{
  "cell_id": "coarse_f5_['instance_0', 'instance_1']_r3_w12_s10_c4",
  "policy": "coarse",
  "rep": 3,
  "noise_targets": [
    "instance_0",
    "instance_1"
  ],
  "noise_rps": 2.0,
  "freq_hz": 5.0,
  "n_workflows": 12,
  "n_steps": 10,
  "concurrent": 4,
  "duration_s": 75.0,
  "n_state_updates": 239,
  "ttft_p50": 90.77613,
  "ttft_p95": 222.454556,
  "ttft_p99": 328.062717,
  "tpot_p50": 48.16093175,
  "tpot_p95": 72.04978478125,
  "tpot_p99": 75.6267833125,
  "cache_hit_rate": 0.9234895124744297,
  "cache_hits_delta": 94352.0,
  "cache_queries_delta": 102169.0,
  "load_stdev": 0.7731419829428464,
  "sla_success_rate": 1.0,
  "workflow_completion_p50": 15080.489499,
  "workflow_completion_p95": 18908.594192,
  "workflow_completion_p99": 19368.741287,
  "n_total_steps": 120,
  "n_failed_steps": 0,
  "failure_rate": 0.0,
  "state_size_avg": 338.6338912133891,
  "state_size_p95": 363,
  "state_traffic_Bps": 13545.355648535566,
  "dispatch_decision_p50": 82.789,
  "dispatch_decision_p95": 103.577,
  "dispatch_decision_p99": 123.10300000000001,
  "ttft_raw": [
    143.674345,
    222.454556,
    221.393068,
    222.025246,
    142.718362,
    68.135724,
    195.306516,
    300.471012,
    301.284121,
    64.402679,
    145.496157,
    124.625263,
    93.830745,
    221.657547,
    98.839334,
    72.531837,
    49.289199,
    161.075176,
    54.769148,
    71.965519,
    53.892318,
    171.362188,
    124.716394,
    138.711729,
    107.879351,
    75.085024,
    99.641544,
    56.073189,
    110.304919,
    101.214104,
    48.07942,
    210.596726,
    139.383055,
    188.560772,
    136.022297,
    85.892484,
    79.471086,
    112.231266,
    111.773438,
    46.203882,
    77.563108,
    90.379399,
    89.687226,
    82.409635,
    52.772567,
    96.497805,
    197.472543,
    354.007915,
    50.739468,
    56.336529,
    46.880999,
    225.081635,
    178.304616,
    89.449695,
    177.613882,
    119.226473,
    50.130515,
    137.408913,
    222.857277,
    80.218244,
    85.3091,
    77.77537,
    119.539582,
    56.097656,
    49.724696,
    102.255699,
    118.251765,
    58.419016,
    89.499037,
    45.908138,
    50.06533,
    53.777372,
    171.406796,
    55.840055,
    84.474619,
    328.062717,
    140.148012,
    86.283682,
    113.762385,
    89.868581,
    62.633661,
    80.197124,
    196.96926,
    96.052157,
    67.974857,
    57.630039,
    84.008546,
    131.582397,
    83.750251,
    122.892499,
    105.196312,
    144.392857,
    115.576009,
    57.576815,
    106.238763,
    90.77613,
    87.429928,
    88.956332,
    64.424307,
    94.428523,
    84.650903,
    85.038995,
    101.791769,
    111.978117,
    130.882413,
    48.043899,
    123.891768,
    76.424002,
    85.551393,
    122.310413,
    47.407484,
    75.952572,
    88.82303,
    46.020071,
    49.01301,
    168.080728,
    44.077997,
    140.001133,
    47.691785,
    48.049199
  ],
  "decision_raw": [
    118.12100000000001,
    91.298,
    84.167,
    86.828,
    83.04700000000001,
    103.577,
    83.162,
    75.476,
    66.28500000000001,
    81.487,
    82.791,
    85.202,
    83.08200000000001,
    64.175,
    84.506,
    81.137,
    80.894,
    81.432,
    85.746,
    71.30499999999999,
    80.198,
    85.665,
    94.62,
    84.474,
    71.819,
    84.373,
    83.997,
    106.087,
    82.75699999999999,
    80.693,
    85.886,
    82.693,
    84.142,
    82.789,
    84.28,
    138.25400000000002,
    83.311,
    83.961,
    101.24900000000001,
    82.025,
    84.02,
    81.03399999999999,
    65.197,
    82.052,
    81.485,
    81.28099999999999,
    83.458,
    65.36200000000001,
    83.70200000000001,
    74.787,
    82.871,
    81.521,
    78.932,
    82.87,
    87.135,
    83.039,
    81.548,
    89.052,
    83.418,
    78.836,
    101.044,
    84.714,
    82.673,
    82.57199999999999,
    85.828,
    83.41199999999999,
    80.206,
    34.268,
    82.091,
    79.863,
    47.925,
    49.324,
    46.400999999999996,
    82.205,
    79.757,
    93.725,
    93.879,
    82.361,
    84.43700000000001,
    99.227,
    82.187,
    86.79,
    89.982,
    81.895,
    80.456,
    94.182,
    100.037,
    82.168,
    82.098,
    81.672,
    80.46300000000001,
    82.662,
    83.819,
    79.027,
    80.788,
    90.30499999999999,
    94.749,
    81.197,
    83.658,
    82.97200000000001,
    123.10300000000001,
    81.891,
    82.11399999999999,
    79.04100000000001,
    77.815,
    80.818,
    84.92099999999999,
    82.49600000000001,
    82.031,
    75.517,
    104.65599999999999,
    94.99499999999999,
    84.964,
    117.042,
    93.122,
    80.767,
    80.908,
    80.193,
    79.837,
    84.27799999999999
  ]
}