workload,view,avg_bytes,p50,p95,p99,Rich/Coarse,Sketch/Coarse
agentic,sketch,357.3055481881488,361,361,0,,
bursty,sketch,357.75789786915504,362.1666666666667,362.1666666666667,0,,
mixed,sketch,357.7707272087098,362,362,0,,
prefix_locality,none,343.1630482891036,363,363,0,,
prefix_locality,sketch,358.66154954001416,365.6666666666667,365.6666666666667,0,,
