{
  "cell_id": "n4_f10.0_vrich_r2",
  "n": 4,
  "f_hz": 10.0,
  "view": "rich",
  "rep": 2,
  "duration_s": 30,
  "n_updates": 300,
  "size_avg": 5332.5,
  "size_p95": 5427,
  "size_p99": 5457,
  "size_max": 5470,
  "traffic_Bps": 213300.0,
  "traffic_MBps": 0.2133,
  "ser_us_p95": 24.286,
  "deser_us_p95": 78.642,
  "merge_us_p95": 1054.749,
  "total_us_p95": 1417.034,
  "dispatch_p50": 6.447,
  "dispatch_p95": 7.143,
  "dispatch_p99": 11.321,
  "dispatch_q_count": 97,
  "actual_elapsed_s": 30.501269578933716,
  "achieved_hz": 9.835656159283308
}