{
  "cell_id": "coarse_chatbot_coarse_f50_r2",
  "policy": "coarse",
  "workload": "chatbot",
  "view": "coarse",
  "freq_hz": 50,
  "rep": 2,
  "ctx_tokens": 512,
  "tool_delay_ms": 0,
  "n_workflows": 600,
  "n_steps": 1,
  "concurrent": 16,
  "duration_s": 75,
  "n_state_updates": 955,
  "state_size_avg": 359.4230366492147,
  "state_size_p95": 365,
  "state_size_max": 365,
  "state_traffic_Bps": 143769.21465968588,
  "dispatch_decision_p50": 83.22699999999999,
  "dispatch_decision_p95": 104.40799999999999,
  "dispatch_decision_p99": 149.422,
  "dispatch_decision_p99_mean": 84.90058166666667,
  "ttft_p50": 120.919276,
  "ttft_p95": 309.532607,
  "ttft_p99": 572.957761,
  "request_latency_p95": 0,
  "workflow_completion_p50": 3199.555764,
  "workflow_completion_p95": 7647.86127,
  "workflow_completion_p99": 11452.17734,
  "cache_hits_delta": 134880.0,
  "cache_queries_delta": 140893.0,
  "cache_hit_rate": 0.9573222232474289,
  "same_instance_step_ratio": 0,
  "n_total_requests": 600,
  "n_failed_requests": 0,
  "load_stdev": 1.339913635165183
}