{
  "cell_id": "sketch_f10_imbal_w10_s10_c4",
  "policy": "sketch",
  "imbalanced": true,
  "freq_hz": 10.0,
  "n_workflows": 10,
  "n_steps": 10,
  "concurrent": 4,
  "duration_s": 90.0,
  "n_state_updates": 662,
  "ttft_p50": 157.215303,
  "ttft_p95": 400.264654,
  "ttft_p99": 553.936136,
  "tpot_p50": 72.0341850625,
  "tpot_p95": 97.786729,
  "tpot_p99": 108.92080399999999,
  "cache_hit_rate": 0.8928485980882503,
  "load_stdev": 0.8639692266610863,
  "sla_success_rate": 1.0,
  "workflow_completion_p50": 21198.633699,
  "workflow_completion_p95": 26668.760621,
  "workflow_completion_p99": 26668.760621,
  "n_workflows_succeeded": 10,
  "n_total_steps": 100,
  "n_failed_steps": 0,
  "failure_rate": 0.0,
  "state_size_avg": 351.11480362537765,
  "state_size_p95": 353,
  "state_traffic_Bps": 14044.592145015105,
  "dispatch_decision_p50": 57.634,
  "dispatch_decision_p95": 80.441,
  "dispatch_decision_p99": 97.923
}