{
  "started_at_unix": 1784170849.6791875,
  "finished_at_unix": 1784170891.343642,
  "duration_s": 41.66445517539978,
  "arguments": {
    "source_jsonl": "supplemental_20260715/agenttrace_source_v3/agenttrace_nl2bash_1_7B.jsonl",
    "out_dir": "supplemental_20260715/agenttrace_admission_oracle_v4",
    "seed": 20260716,
    "repetitions": 10,
    "max_requests": 512,
    "warmup": 128,
    "cache_capacity": 128,
    "j": 4,
    "guard_tokens": 512
  },
  "cells": 880,
  "source_sha256": "250313ae096b0bb8c1986b6f571b68f4ff7617a12026db20214ad84188d12ae5"
}