{
  "cell_id": "coarse_agentic_coarse_f50_r1",
  "policy": "coarse",
  "workload": "agentic",
  "view": "coarse",
  "freq_hz": 50,
  "rep": 1,
  "ctx_tokens": 512,
  "tool_delay_ms": 200,
  "n_workflows": 8,
  "n_steps": 8,
  "concurrent": 4,
  "duration_s": 75,
  "n_state_updates": 179,
  "state_size_avg": 336.37988826815644,
  "state_size_p95": 365,
  "state_size_max": 365,
  "state_traffic_Bps": 134551.95530726257,
  "dispatch_decision_p50": 79.60300000000001,
  "dispatch_decision_p95": 96.553,
  "dispatch_decision_p99": 108.06099999999999,
  "dispatch_decision_p99_mean": 80.366921875,
  "ttft_p50": 110.746575,
  "ttft_p95": 344.628137,
  "ttft_p99": 368.411793,
  "request_latency_p95": 0,
  "workflow_completion_p50": 11364.641913,
  "workflow_completion_p95": 13481.987814,
  "workflow_completion_p99": 13481.987814,
  "cache_hits_delta": 3344.0,
  "cache_queries_delta": 8812.0,
  "cache_hit_rate": 0.37948252383113934,
  "same_instance_step_ratio": 0.3541666666666667,
  "n_total_requests": 64,
  "n_failed_requests": 0,
  "load_stdev": 0.8266234973300659
}