{
  "cell_id": "stress_n512_f50_vrich_r1",
  "n": 512,
  "f_hz": 50,
  "view": "rich",
  "rep": 1,
  "duration_s": 60,
  "n_updates": 2997,
  "target_f": 50,
  "achieved_f": 49.93832733540197,
  "size_p95": 1462,
  "size_avg": 1460.28125,
  "target_traffic_MBps": 37.3832,
  "achieved_traffic_MBps": 37.33708956889598,
  "ser_us_p95": 3.267,
  "deser_us_p95": 10.655,
  "merge_us_p95": 0.245,
  "total_us_p95": 15.841,
  "missed_deadline_rate": 0.0012334532919605623,
  "sustainable": true
}