{
  "cell_id": "coarse_prefix_locality_sketch_f10_r2",
  "policy": "coarse",
  "workload": "prefix_locality",
  "view": "sketch",
  "freq_hz": 10,
  "rep": 2,
  "ctx_tokens": 1024,
  "tool_delay_ms": 200,
  "n_workflows": 30,
  "n_steps": 8,
  "concurrent": 4,
  "duration_s": 120,
  "n_state_updates": 1096,
  "state_size_avg": 358.6811544759825,
  "state_size_p95": 366,
  "state_size_max": 369,
  "state_traffic_Bps": 28694.4923580786,
  "dispatch_decision_p50": 54.435,
  "dispatch_decision_p95": 74.953,
  "dispatch_decision_p99": 83.61500000000001,
  "dispatch_decision_p99_mean": 55.98635,
  "ttft_p50": 102.167464,
  "ttft_p95": 204.101094,
  "ttft_p99": 255.703531,
  "request_latency_p95": 0,
  "workflow_completion_p50": 19731.788677,
  "workflow_completion_p95": 23109.583481,
  "workflow_completion_p99": 24120.430847,
  "cache_hits_delta": 212288.0,
  "cache_queries_delta": 217015.0,
  "cache_hit_rate": 0.9782180955233509,
  "same_instance_step_ratio": 0.2611111111111111,
  "n_total_requests": 240,
  "n_failed_requests": 0,
  "load_stdev": 0.8212635589438302
}