{
  "cell_id": "stress_n64_f10_vcoarse_r1",
  "n": 64,
  "f_hz": 10,
  "view": "coarse",
  "rep": 1,
  "duration_s": 60,
  "n_updates": 600,
  "target_f": 10,
  "achieved_f": 9.999997814496837,
  "size_p95": 376,
  "size_avg": 373.77091145833333,
  "target_traffic_MBps": 0.23921338333333333,
  "achieved_traffic_MBps": 0.23921333105317275,
  "ser_us_p95": 2.28,
  "deser_us_p95": 5.026,
  "merge_us_p95": 0.306,
  "total_us_p95": 10.07,
  "missed_deadline_rate": 2.185503162888125e-07,
  "sustainable": true
}