{
  "cell_id": "coarse_c32_r1_ok_f5",
  "policy": "coarse",
  "concurrent": 32,
  "rep": 1,
  "fail_mode": false,
  "freq_hz": 5,
  "duration_s": 30,
  "n_dispatch": 221,
  "n_success": 221,
  "n_fail": 0,
  "n_unreachable": 0,
  "success_rate": 1.0,
  "state_collect_avg_us": 97562.69294308942,
  "state_collect_p95_us": 112861.696,
  "state_collect_max_us": 138689.216,
  "state_collect_n": 123,
  "decision_avg_us": 135.3756334841629,
  "decision_p95_us": 183.556,
  "decision_p99_us": 301.487,
  "ttft_avg_us": 81400.10695022624,
  "ttft_p95_us": 117598.299,
  "same_inst_step_ratio": 0.07526881720430112,
  "load_stdev": 1.7122614804539007,
  "load_max": 5,
  "load_min": 0,
  "load_unreachable": 0
}