{
  "cell_id": "coarse_coarse_prefix_locality_ctx1024_s16_w12_c4_td200_f10_r3",
  "policy": "coarse",
  "view": "coarse",
  "workload": "prefix_locality",
  "ctx_tokens": 1024,
  "n_steps": 16,
  "n_workflows": 12,
  "concurrent": 4,
  "duration_s": 120,
  "rep": 3,
  "freq_hz": 10,
  "tool_delay_ms": 200,
  "n_state_updates": 967,
  "ttft_p50": 196.033663,
  "ttft_p95": 448.895293,
  "ttft_p99": 505.358448,
  "tpot_p50": 99.00601095833333,
  "tpot_p95": 141.98346445833332,
  "workflow_completion_p50": 44130.688987,
  "workflow_completion_p95": 46188.562576,
  "workflow_completion_p99": 46505.081798,
  "cache_hit_rate": 0.930597121276899,
  "cache_hits_delta": 156720.0,
  "cache_queries_delta": 168408.0,
  "n_total_steps": 180,
  "cross_instance_switches": 180,
  "same_instance_step_ratio": 0.0,
  "n_total_workflows": 12,
  "n_successful_workflows": 12,
  "n_failed_requests": 0,
  "load_stdev": 0.8463806045620932,
  "state_size_avg": 349.2179420889349,
  "state_size_p95": 375,
  "state_size_max": 375,
  "state_traffic_Bps": 27937.43536711479,
  "dispatch_decision_p50": 67.625,
  "dispatch_decision_p95": 78.347,
  "dispatch_decision_p99": 89.622
}