{
  "cell_id": "n16_f10_vrich_r2",
  "n": 16,
  "f_hz": 10,
  "view": "rich",
  "rep": 2,
  "duration_s": 20.0,
  "actual_elapsed_s": 20.014883279800415,
  "n_state_updates": 3200,
  "n_dispatch_queries": 3799,
  "n_deadline_missed": 0,
  "size": {
    "avg": 6528.9453125,
    "p50": 6529,
    "p95": 6580,
    "p99": 6605,
    "min": 6416,
    "max": 6634
  },
  "build_us_p95": 425.106,
  "ser_us_p95": 27.846,
  "deser_us_p95": 90.559,
  "merge_us_p95": 16.106,
  "total_us_p95": 556.682,
  "dispatch_latency_us_p50": 21.937,
  "dispatch_latency_us_p95": 41.934,
  "dispatch_latency_us_p99": 45.466
}