{
  "cell_id": "n4_f10.0_vcoarse_r2",
  "n": 4,
  "f_hz": 10.0,
  "view": "coarse",
  "rep": 2,
  "duration_s": 30,
  "n_updates": 300,
  "size_avg": 476.0466666666667,
  "size_p95": 478,
  "size_p99": 480,
  "size_max": 480,
  "traffic_Bps": 19041.86666666667,
  "traffic_MBps": 0.019041866666666667,
  "ser_us_p95": 4.971,
  "deser_us_p95": 8.91,
  "merge_us_p95": 83.649,
  "total_us_p95": 115.163,
  "dispatch_p50": 6.461,
  "dispatch_p95": 7.011,
  "dispatch_p99": 10.594,
  "dispatch_q_count": 97,
  "actual_elapsed_s": 30.50172209739685,
  "achieved_hz": 9.83551023912854
}