{
  "cell_id": "n64_f50.0_vrich_r2",
  "n": 64,
  "f_hz": 50.0,
  "view": "rich",
  "rep": 2,
  "duration_s": 30,
  "n_updates": 1193,
  "size_avg": 12999.170997485331,
  "size_p95": 13091,
  "size_p99": 13126,
  "size_max": 13233,
  "traffic_Bps": 41597347.19195306,
  "traffic_MBps": 41.59734719195306,
  "ser_us_p95": 17.385,
  "deser_us_p95": 81.029,
  "merge_us_p95": 24938.544,
  "total_us_p95": 25427.028,
  "dispatch_p50": 86.766,
  "dispatch_p95": 97.103,
  "dispatch_p99": 104.663,
  "dispatch_q_count": 94,
  "actual_elapsed_s": 30.500993013381958,
  "achieved_hz": 39.11348064886232
}