{
  "cell_id": "n128_f10_vcoarse_r2",
  "n": 128,
  "f_hz": 10,
  "view": "coarse",
  "rep": 2,
  "duration_s": 20.0,
  "actual_elapsed_s": 20.03776717185974,
  "n_state_updates": 25600,
  "n_dispatch_queries": 3617,
  "n_deadline_missed": 0,
  "size": {
    "avg": 382.49953125,
    "p50": 383,
    "p95": 385,
    "p99": 386,
    "min": 375,
    "max": 389
  },
  "build_us_p95": 16.545,
  "ser_us_p95": 2.634,
  "deser_us_p95": 5.659,
  "merge_us_p95": 1.27,
  "total_us_p95": 27.524,
  "dispatch_latency_us_p50": 186.017,
  "dispatch_latency_us_p95": 212.873,
  "dispatch_latency_us_p99": 226.803
}