{
  "cell_id": "n64_f50_vsketch_r2",
  "n": 64,
  "f_hz": 50,
  "view": "sketch",
  "rep": 2,
  "duration_s": 20.0,
  "actual_elapsed_s": 20.092098236083984,
  "n_state_updates": 64000,
  "n_dispatch_queries": 2999,
  "n_deadline_missed": 0,
  "size": {
    "avg": 567.464203125,
    "p50": 568,
    "p95": 573,
    "p99": 575,
    "min": 552,
    "max": 580
  },
  "build_us_p95": 110.831,
  "ser_us_p95": 5.157,
  "deser_us_p95": 11.123,
  "merge_us_p95": 2.07,
  "total_us_p95": 129.566,
  "dispatch_latency_us_p50": 97.688,
  "dispatch_latency_us_p95": 110.472,
  "dispatch_latency_us_p99": 115.398
}