{
  "cell_id": "round-robin_f10_imbal_w10_s10_c4",
  "policy": "round-robin",
  "imbalanced": true,
  "freq_hz": 10.0,
  "n_workflows": 10,
  "n_steps": 10,
  "concurrent": 4,
  "duration_s": 90.0,
  "n_state_updates": 658,
  "ttft_p50": 154.758225,
  "ttft_p95": 374.676538,
  "ttft_p99": 446.19987,
  "tpot_p50": 68.67216171875,
  "tpot_p95": 85.63392996875,
  "tpot_p99": 95.3382681875,
  "cache_hit_rate": 0.8730486141638206,
  "load_stdev": 0.4692809352689975,
  "sla_success_rate": 1.0,
  "workflow_completion_p50": 22344.478703,
  "workflow_completion_p95": 23509.278243,
  "workflow_completion_p99": 23509.278243,
  "n_workflows_succeeded": 10,
  "n_total_steps": 100,
  "n_failed_steps": 0,
  "failure_rate": 0.0,
  "state_size_avg": 352.50911854103344,
  "state_size_p95": 365,
  "state_traffic_Bps": 14100.364741641337,
  "dispatch_decision_p50": 34.214999999999996,
  "dispatch_decision_p95": 45.312999999999995,
  "dispatch_decision_p99": 50.397
}