{
  "cell_id": "n64_f50.0_vsketch_r1",
  "n": 64,
  "f_hz": 50.0,
  "view": "sketch",
  "rep": 1,
  "duration_s": 30,
  "n_updates": 1500,
  "size_avg": 594.4326666666667,
  "size_p95": 600,
  "size_p99": 602,
  "size_max": 604,
  "traffic_Bps": 1902184.5333333334,
  "traffic_MBps": 1.9021845333333334,
  "ser_us_p95": 6.627,
  "deser_us_p95": 13.546,
  "merge_us_p95": 6704.49,
  "total_us_p95": 6834.344,
  "dispatch_p50": 85.525,
  "dispatch_p95": 98.235,
  "dispatch_p99": 106.808,
  "dispatch_q_count": 96,
  "actual_elapsed_s": 30.50416588783264,
  "achieved_hz": 49.17361141804939
}