{
  "cell_id": "coarse_coarse_prefix_locality_ctx1024_s4_w12_c4_td200_f10_r1",
  "policy": "coarse",
  "view": "coarse",
  "workload": "prefix_locality",
  "ctx_tokens": 1024,
  "n_steps": 4,
  "n_workflows": 12,
  "concurrent": 4,
  "duration_s": 120,
  "rep": 1,
  "freq_hz": 10,
  "tool_delay_ms": 200,
  "n_state_updates": 253,
  "ttft_p50": 346.456101,
  "ttft_p95": 725.505656,
  "ttft_p99": 726.475094,
  "tpot_p50": 94.93557025,
  "tpot_p95": 121.832776875,
  "workflow_completion_p50": 11189.738761,
  "workflow_completion_p95": 12560.723271,
  "workflow_completion_p99": 12560.728311,
  "cache_hit_rate": 0.8897220790176689,
  "cache_hits_delta": 37968.0,
  "cache_queries_delta": 42674.0,
  "n_total_steps": 36,
  "cross_instance_switches": 36,
  "same_instance_step_ratio": 0.0,
  "n_total_workflows": 12,
  "n_successful_workflows": 12,
  "n_failed_requests": 0,
  "load_stdev": 1.1698731250480865,
  "state_size_avg": 345.3843873517786,
  "state_size_p95": 375,
  "state_size_max": 375,
  "state_traffic_Bps": 27630.75098814229,
  "dispatch_decision_p50": 66.201,
  "dispatch_decision_p95": 110.27,
  "dispatch_decision_p99": 150.798
}