{
  "cell_id": "rich_rich_chatbot_ctx512_s1_w100_c16_td0_f10_r3_nohist_nolat",
  "policy": "rich",
  "view": "rich",
  "workload": "chatbot",
  "ctx_tokens": 512,
  "n_steps": 1,
  "n_workflows": 100,
  "concurrent": 16,
  "duration_s": 60,
  "rep": 3,
  "freq_hz": 10,
  "tool_delay_ms": 0,
  "n_state_updates": 118,
  "ttft_p50": 146.091225,
  "ttft_p95": 390.336681,
  "ttft_p99": 391.254064,
  "tpot_p50": 75.21051370588236,
  "tpot_p95": 159.9178425625,
  "workflow_completion_p50": 2177.793206,
  "workflow_completion_p95": 5511.89,
  "workflow_completion_p99": 5513.579323,
  "cache_hit_rate": 0.6595125865008524,
  "cache_hits_delta": 6576.0,
  "cache_queries_delta": 9971.0,
  "n_total_steps": 0,
  "cross_instance_switches": 0,
  "same_instance_step_ratio": 1.0,
  "n_total_workflows": 100,
  "n_successful_workflows": 100,
  "n_failed_requests": 0,
  "load_stdev": 3.1123935464944448,
  "state_size_avg": 7821.738347457627,
  "state_size_p95": 17140,
  "state_size_max": 19687,
  "state_traffic_Bps": 625739.0677966102,
  "dispatch_decision_p50": 75.896,
  "dispatch_decision_p95": 102.176,
  "dispatch_decision_p99": 120.857
}