{
  "cell_id": "oracle_oracle_prefix_locality_ctx1024_s16_w12_c4_td200_f10_r3",
  "policy": "oracle",
  "view": "oracle",
  "workload": "prefix_locality",
  "ctx_tokens": 1024,
  "n_steps": 16,
  "n_workflows": 12,
  "concurrent": 4,
  "duration_s": 120,
  "rep": 3,
  "freq_hz": 10,
  "tool_delay_ms": 200,
  "n_state_updates": 962,
  "ttft_p50": 152.442795,
  "ttft_p95": 304.036164,
  "ttft_p99": 428.938909,
  "tpot_p50": 97.91360100000001,
  "tpot_p95": 144.034285875,
  "workflow_completion_p50": 44667.492879,
  "workflow_completion_p95": 53677.022071,
  "workflow_completion_p99": 54562.543088,
  "cache_hit_rate": 0.9446786929522978,
  "cache_hits_delta": 160192.0,
  "cache_queries_delta": 169573.0,
  "n_total_steps": 180,
  "cross_instance_switches": 18,
  "same_instance_step_ratio": 0.9,
  "n_total_workflows": 12,
  "n_successful_workflows": 12,
  "n_failed_requests": 0,
  "load_stdev": 0.6341865509854538,
  "state_size_avg": 2761.1967255717254,
  "state_size_p95": 4756,
  "state_size_max": 4856,
  "state_traffic_Bps": 220895.73804573802,
  "dispatch_decision_p50": 54.568,
  "dispatch_decision_p95": 77.33,
  "dispatch_decision_p99": 81.652
}