cell,coverage_tokens,event,gateway_arrival_time,gateway_send_time,generation_time,op,owner,payload_bytes,policy,prefix_digest64,queue_age_s,selected,semantic_score,stage,suppression_reason,update_id
11204,1024,update,1785052238.617309,,1785052238.6169014,upsert,0,64,StaticSemantic,15769623694692820738,0.0004076957702636719,True,,enqueued,,0
11204,1024,update,1785052238.6177516,1785052238.6177516,1785052238.6169014,upsert,0,64,StaticSemantic,15769623694692820738,0.0008502006530761719,True,,forwarded,,0
11204,1024,update,1785052238.6179323,,1785052238.617015,upsert,3,64,StaticSemantic,15769623694692820738,0.0009174346923828125,True,,enqueued,,3
11204,1024,update,1785052238.6180477,,1785052238.616996,upsert,2,64,StaticSemantic,15769623694692820738,0.0010516643524169922,False,,suppressed,duplicate_holder,2
11204,1024,update,1785052238.6181421,,1785052238.616967,upsert,1,64,StaticSemantic,15769623694692820738,0.0011751651763916016,False,,suppressed,duplicate_holder,1
11204,1024,update,1785052238.6182947,1785052238.6182947,1785052238.617015,upsert,3,64,StaticSemantic,15769623694692820738,0.0012798309326171875,True,,forwarded,,3
11204,4096,update,1785052251.0620556,,1785052251.0616124,upsert,0,64,StaticSemantic,12613465747135452669,0.0004432201385498047,True,,enqueued,,4
11204,4096,update,1785052251.0624707,1785052251.0624707,1785052251.0616124,upsert,0,64,StaticSemantic,12613465747135452669,0.000858306884765625,True,,forwarded,,4
11204,4096,update,1785052251.062621,,1785052251.0618122,upsert,3,64,StaticSemantic,12613465747135452669,0.0008089542388916016,True,,enqueued,,7
11204,4096,update,1785052251.0627377,,1785052251.0617528,upsert,2,64,StaticSemantic,12613465747135452669,0.0009849071502685547,False,,suppressed,duplicate_holder,6
11204,4096,update,1785052251.0628695,,1785052251.061707,upsert,1,64,StaticSemantic,12613465747135452669,0.0011625289916992188,False,,suppressed,duplicate_holder,5
11204,4096,update,1785052251.0630097,1785052251.0630097,1785052251.0618122,upsert,3,64,StaticSemantic,12613465747135452669,0.0011975765228271484,True,,forwarded,,7
11204,4096,update,1785052264.0737655,,1785052264.0733106,upsert,0,64,StaticSemantic,12523743054995375112,0.00045490264892578125,True,,enqueued,,8
11204,4096,update,1785052264.0742702,1785052264.0742702,1785052264.0733106,upsert,0,64,StaticSemantic,12523743054995375112,0.0009596347808837891,True,,forwarded,,8
11204,4096,update,1785052264.0744271,,1785052264.0734656,upsert,2,64,StaticSemantic,12523743054995375112,0.0009615421295166016,True,,enqueued,,10
11204,4096,update,1785052264.0745466,,1785052264.0735047,upsert,3,64,StaticSemantic,12523743054995375112,0.0010418891906738281,False,,suppressed,duplicate_holder,11
11204,4096,update,1785052264.0746422,,1785052264.073418,upsert,1,64,StaticSemantic,12523743054995375112,0.0012242794036865234,False,,suppressed,duplicate_holder,9
11204,4096,update,1785052264.0747964,1785052264.0747964,1785052264.0734656,upsert,2,64,StaticSemantic,12523743054995375112,0.0013308525085449219,True,,forwarded,,10
11204,2048,update,1785052268.1222284,,1785052268.1217303,upsert,0,64,StaticSemantic,9971321710674973507,0.0004980564117431641,True,,enqueued,,12
11204,2048,update,1785052268.1226778,1785052268.1226778,1785052268.1217303,upsert,0,64,StaticSemantic,9971321710674973507,0.0009474754333496094,True,,forwarded,,12
11204,2048,update,1785052268.1228552,,1785052268.1219523,upsert,3,64,StaticSemantic,9971321710674973507,0.0009028911590576172,True,,enqueued,,15
11204,2048,update,1785052268.1229758,,1785052268.1219127,upsert,2,64,StaticSemantic,9971321710674973507,0.0010631084442138672,False,,suppressed,duplicate_holder,14
11204,2048,update,1785052268.1230707,,1785052268.1218636,upsert,1,64,StaticSemantic,9971321710674973507,0.001207113265991211,False,,suppressed,duplicate_holder,13
11204,2048,update,1785052268.1232197,1785052268.1232197,1785052268.1219523,upsert,3,64,StaticSemantic,9971321710674973507,0.0012674331665039062,True,,forwarded,,15
11204,2048,update,1785052272.0025508,,1785052272.002147,upsert,0,64,StaticSemantic,4650049274038987083,0.0004038810729980469,True,,enqueued,,16
11204,2048,update,1785052272.0028365,1785052272.0028365,1785052272.002147,upsert,0,64,StaticSemantic,4650049274038987083,0.0006895065307617188,True,,forwarded,,16
11204,2048,update,1785052272.0029185,,1785052272.0023417,upsert,3,64,StaticSemantic,4650049274038987083,0.0005767345428466797,True,,enqueued,,19
11204,2048,update,1785052272.0029757,,1785052272.0022552,upsert,1,64,StaticSemantic,4650049274038987083,0.0007205009460449219,False,,suppressed,duplicate_holder,17
11204,2048,update,1785052272.003019,,1785052272.0023038,upsert,2,64,StaticSemantic,4650049274038987083,0.0007152557373046875,False,,suppressed,duplicate_holder,18
11204,2048,update,1785052272.0030837,1785052272.0030837,1785052272.0023417,upsert,3,64,StaticSemantic,4650049274038987083,0.0007419586181640625,True,,forwarded,,19
11204,1024,update,1785052273.4417424,,1785052273.4412525,upsert,0,64,StaticSemantic,3163096543987652428,0.0004899501800537109,True,,enqueued,,20
11204,1024,update,1785052273.4422448,1785052273.4422448,1785052273.4412525,upsert,0,64,StaticSemantic,3163096543987652428,0.0009922981262207031,True,,forwarded,,20
11204,1024,update,1785052273.4424043,,1785052273.4414103,upsert,2,64,StaticSemantic,3163096543987652428,0.000993967056274414,True,,enqueued,,22
11204,1024,update,1785052273.4425268,,1785052273.441359,upsert,1,64,StaticSemantic,3163096543987652428,0.0011677742004394531,False,,suppressed,duplicate_holder,21
11204,1024,update,1785052273.4426217,,1785052273.4414494,upsert,3,64,StaticSemantic,3163096543987652428,0.0011723041534423828,False,,suppressed,duplicate_holder,23
11204,1024,update,1785052273.4427583,1785052273.4427583,1785052273.4414103,upsert,2,64,StaticSemantic,3163096543987652428,0.0013480186462402344,True,,forwarded,,22
11204,1024,update,1785052274.7824545,,1785052274.782103,upsert,0,64,StaticSemantic,10402019323283478844,0.0003514289855957031,True,,enqueued,,24
11204,1024,update,1785052274.7826998,1785052274.7826998,1785052274.782103,upsert,0,64,StaticSemantic,10402019323283478844,0.0005967617034912109,True,,forwarded,,24
11204,1024,update,1785052274.7828217,,1785052274.7822516,upsert,2,64,StaticSemantic,10402019323283478844,0.0005700588226318359,True,,enqueued,,26
11204,1024,update,1785052274.7829425,,1785052274.782204,upsert,1,64,StaticSemantic,10402019323283478844,0.0007386207580566406,False,,suppressed,duplicate_holder,25
11204,1024,update,1785052274.783038,,1785052274.7822907,upsert,3,64,StaticSemantic,10402019323283478844,0.0007472038269042969,False,,suppressed,duplicate_holder,27
11204,1024,update,1785052274.7831786,1785052274.7831786,1785052274.7822516,upsert,2,64,StaticSemantic,10402019323283478844,0.000926971435546875,True,,forwarded,,26
11204,1024,update,1785052276.1343248,,1785052276.1339025,upsert,0,64,StaticSemantic,14064140743279553366,0.0004222393035888672,True,,enqueued,,28
11204,1024,update,1785052276.1347468,1785052276.1347468,1785052276.1339025,upsert,0,64,StaticSemantic,14064140743279553366,0.0008442401885986328,True,,forwarded,,28
11204,1024,update,1785052276.1349323,,1785052276.1340883,upsert,3,64,StaticSemantic,14064140743279553366,0.0008440017700195312,True,,enqueued,,31
11204,1024,update,1785052276.1350513,,1785052276.1340501,upsert,2,64,StaticSemantic,14064140743279553366,0.001001119613647461,False,,suppressed,duplicate_holder,30
11204,1024,update,1785052276.1351469,,1785052276.1340022,upsert,1,64,StaticSemantic,14064140743279553366,0.0011446475982666016,False,,suppressed,duplicate_holder,29
11204,1024,update,1785052276.1352918,1785052276.1352918,1785052276.1340883,upsert,3,64,StaticSemantic,14064140743279553366,0.0012035369873046875,True,,forwarded,,31
11204,1024,update,1785052277.6016421,,1785052277.6011477,upsert,0,64,StaticSemantic,12376960631178457983,0.0004944801330566406,True,,enqueued,,32
11204,1024,update,1785052277.6021273,1785052277.6021273,1785052277.6011477,upsert,0,64,StaticSemantic,12376960631178457983,0.0009796619415283203,True,,forwarded,,32
11204,1024,update,1785052277.6022782,,1785052277.6013339,upsert,3,64,StaticSemantic,12376960631178457983,0.0009443759918212891,True,,enqueued,,35
11204,1024,update,1785052277.6024015,,1785052277.601296,upsert,2,64,StaticSemantic,12376960631178457983,0.0011055469512939453,False,,suppressed,duplicate_holder,34
11204,1024,update,1785052277.6024995,,1785052277.60125,upsert,1,64,StaticSemantic,12376960631178457983,0.001249551773071289,False,,suppressed,duplicate_holder,33
11204,1024,update,1785052277.6026444,1785052277.6026444,1785052277.6013339,upsert,3,64,StaticSemantic,12376960631178457983,0.001310586929321289,True,,forwarded,,35
11204,4096,update,1785052290.3712957,,1785052290.3708684,upsert,0,64,StaticSemantic,947483498426156190,0.00042724609375,True,,enqueued,,36
11204,4096,update,1785052290.3717384,1785052290.3717384,1785052290.3708684,upsert,0,64,StaticSemantic,947483498426156190,0.0008699893951416016,True,,forwarded,,36
11204,4096,update,1785052290.3719194,,1785052290.3710592,upsert,3,64,StaticSemantic,947483498426156190,0.0008602142333984375,True,,enqueued,,39
11204,4096,update,1785052290.3720403,,1785052290.3709748,upsert,1,64,StaticSemantic,947483498426156190,0.0010654926300048828,False,,suppressed,duplicate_holder,37
11204,4096,update,1785052290.3721366,,1785052290.3710222,upsert,2,64,StaticSemantic,947483498426156190,0.0011143684387207031,False,,suppressed,duplicate_holder,38
11204,4096,update,1785052290.372274,1785052290.372274,1785052290.3710592,upsert,3,64,StaticSemantic,947483498426156190,0.001214742660522461,True,,forwarded,,39
11204,4096,update,1785052302.1561887,,1785052302.15577,upsert,0,64,StaticSemantic,3073007241776570211,0.00041866302490234375,True,,enqueued,,40
11204,4096,update,1785052302.1566033,1785052302.1566033,1785052302.15577,upsert,0,64,StaticSemantic,3073007241776570211,0.0008332729339599609,True,,forwarded,,40
11204,4096,update,1785052302.1567483,,1785052302.1559768,upsert,3,64,StaticSemantic,3073007241776570211,0.0007715225219726562,True,,enqueued,,43
11204,4096,update,1785052302.156881,,1785052302.1558914,upsert,1,64,StaticSemantic,3073007241776570211,0.000989675521850586,False,,suppressed,duplicate_holder,41
11204,4096,update,1785052302.1569755,,1785052302.1559381,upsert,2,64,StaticSemantic,3073007241776570211,0.0010373592376708984,False,,suppressed,duplicate_holder,42
11204,4096,update,1785052302.1571116,1785052302.1571116,1785052302.1559768,upsert,3,64,StaticSemantic,3073007241776570211,0.0011348724365234375,True,,forwarded,,43
11204,2048,update,1785052306.0880733,,1785052306.087623,upsert,0,64,StaticSemantic,14108233664250482536,0.00045037269592285156,True,,enqueued,,44
11204,2048,update,1785052306.0884855,1785052306.0884855,1785052306.087623,upsert,0,64,StaticSemantic,14108233664250482536,0.0008625984191894531,True,,forwarded,,44
11204,2048,update,1785052306.0886335,,1785052306.0878127,upsert,3,64,StaticSemantic,14108233664250482536,0.0008208751678466797,True,,enqueued,,47
11204,2048,update,1785052306.0887508,,1785052306.0877597,upsert,2,64,StaticSemantic,14108233664250482536,0.0009911060333251953,False,,suppressed,duplicate_holder,46
11204,2048,update,1785052306.0888762,,1785052306.087716,upsert,1,64,StaticSemantic,14108233664250482536,0.0011601448059082031,False,,suppressed,duplicate_holder,45
11204,2048,update,1785052306.089015,1785052306.089015,1785052306.0878127,upsert,3,64,StaticSemantic,14108233664250482536,0.0012023448944091797,True,,forwarded,,47
11204,2048,update,1785052310.0213406,,1785052310.0208812,upsert,0,64,StaticSemantic,14774026810505956694,0.00045943260192871094,True,,enqueued,,48
11204,2048,update,1785052310.0218189,1785052310.0218189,1785052310.0208812,upsert,0,64,StaticSemantic,14774026810505956694,0.0009377002716064453,True,,forwarded,,48
11204,2048,update,1785052310.021972,,1785052310.0210614,upsert,3,64,StaticSemantic,14774026810505956694,0.0009105205535888672,True,,enqueued,,51
11204,2048,update,1785052310.022089,,1785052310.021025,upsert,2,64,StaticSemantic,14774026810505956694,0.0010640621185302734,False,,suppressed,duplicate_holder,50
11204,2048,update,1785052310.0221899,,1785052310.0209787,upsert,1,64,StaticSemantic,14774026810505956694,0.0012111663818359375,False,,suppressed,duplicate_holder,49
11204,2048,update,1785052310.0223322,1785052310.0223322,1785052310.0210614,upsert,3,64,StaticSemantic,14774026810505956694,0.0012707710266113281,True,,forwarded,,51
11204,2048,update,1785052313.8887718,,1785052313.8882744,upsert,0,64,StaticSemantic,5281956220402968541,0.0004973411560058594,True,,enqueued,,52
11204,2048,update,1785052313.8892145,1785052313.8892145,1785052313.8882744,upsert,0,64,StaticSemantic,5281956220402968541,0.0009400844573974609,True,,forwarded,,52
11204,2048,update,1785052313.8893557,,1785052313.888478,upsert,3,64,StaticSemantic,5281956220402968541,0.0008776187896728516,True,,enqueued,,55
11204,2048,update,1785052313.8894746,,1785052313.8884401,upsert,2,64,StaticSemantic,5281956220402968541,0.0010344982147216797,False,,suppressed,duplicate_holder,54
11204,2048,update,1785052313.8895664,,1785052313.8883944,upsert,1,64,StaticSemantic,5281956220402968541,0.0011720657348632812,False,,suppressed,duplicate_holder,53
11204,2048,update,1785052313.8896701,1785052313.8896701,1785052313.888478,upsert,3,64,StaticSemantic,5281956220402968541,0.0011920928955078125,True,,forwarded,,55
11204,1024,update,1785052315.2377403,,1785052315.2372706,upsert,0,64,StaticSemantic,1785562587857272681,0.0004696846008300781,True,,enqueued,,56
11204,1024,update,1785052315.2381868,1785052315.2381868,1785052315.2372706,upsert,0,64,StaticSemantic,1785562587857272681,0.0009162425994873047,True,,forwarded,,56
11204,1024,update,1785052315.2383347,,1785052315.237381,upsert,1,64,StaticSemantic,1785562587857272681,0.00095367431640625,True,,enqueued,,57
11204,1024,update,1785052315.2384543,,1785052315.237431,upsert,2,64,StaticSemantic,1785562587857272681,0.0010232925415039062,False,,suppressed,duplicate_holder,58
11204,1024,update,1785052315.2385504,,1785052315.2374718,upsert,3,64,StaticSemantic,1785562587857272681,0.0010786056518554688,False,,suppressed,duplicate_holder,59
11204,1024,update,1785052315.2386568,1785052315.2386568,1785052315.237381,upsert,1,64,StaticSemantic,1785562587857272681,0.001275777816772461,True,,forwarded,,57
11204,4096,update,1785052327.622169,,1785052327.621651,upsert,0,64,StaticSemantic,1610475058989402671,0.0005180835723876953,True,,enqueued,,60
11204,4096,update,1785052327.6225917,1785052327.6225917,1785052327.621651,upsert,0,64,StaticSemantic,1610475058989402671,0.0009407997131347656,True,,forwarded,,60
11204,4096,update,1785052327.6227407,,1785052327.6218736,upsert,3,64,StaticSemantic,1610475058989402671,0.0008671283721923828,True,,enqueued,,63
11204,4096,update,1785052327.6229386,,1785052327.6217647,upsert,1,64,StaticSemantic,1610475058989402671,0.0011739730834960938,False,,suppressed,duplicate_holder,61
11204,4096,update,1785052327.6230755,,1785052327.6218343,upsert,2,64,StaticSemantic,1610475058989402671,0.0012412071228027344,False,,suppressed,duplicate_holder,62
11204,2048,update,1785052328.9276214,,1785052328.9271808,upsert,0,64,StaticSemantic,14108233664250482536,0.0004405975341796875,True,,enqueued,,64
11204,4096,update,1785052328.9279685,,1785052328.9273705,upsert,2,64,StaticSemantic,12523743054995375112,0.0005979537963867188,True,,enqueued,,67
11204,1024,update,1785052328.928105,,1785052328.9272826,upsert,3,64,StaticSemantic,15769623694692820738,0.0008225440979003906,True,,enqueued,,65
11204,2048,update,1785052328.9281986,,1785052328.9273322,upsert,3,64,StaticSemantic,9971321710674973507,0.0008664131164550781,True,,enqueued,,66
11204,4096,update,1785052330.624866,,1785052330.6244204,upsert,0,64,StaticSemantic,12613465747135452669,0.0004456043243408203,True,,enqueued,,68
11204,1024,update,1785052330.6252322,,1785052330.6246228,upsert,0,64,StaticSemantic,15769623694692820738,0.0006093978881835938,True,,enqueued,,71
11204,4096,update,1785052330.6253653,,1785052330.6245828,upsert,3,64,StaticSemantic,12613465747135452669,0.0007824897766113281,True,,enqueued,,70
11204,1024,update,1785052330.625494,,1785052330.6245315,upsert,2,64,StaticSemantic,17730309890119328358,0.0009624958038330078,True,,enqueued,,69
11204,4096,update,1785052330.9261007,1785052330.9261007,1785052327.6218736,upsert,3,64,StaticSemantic,1610475058989402671,3.304227113723755,True,,forwarded,,63
11204,2048,update,1785052330.9262419,1785052330.9262419,1785052328.9271808,upsert,0,64,StaticSemantic,14108233664250482536,1.999061107635498,True,,forwarded,,64
11204,4096,update,1785052330.9263306,1785052330.9263306,1785052328.9273705,upsert,2,64,StaticSemantic,12523743054995375112,1.998960018157959,True,,forwarded,,67
11204,1024,update,1785052335.0423837,1785052335.0423837,1785052328.9272826,upsert,3,64,StaticSemantic,15769623694692820738,6.115101099014282,True,,forwarded,,65
11204,2048,update,1785052335.9874814,1785052335.9874814,1785052328.9273322,upsert,3,64,StaticSemantic,9971321710674973507,7.060149192810059,True,,forwarded,,66
11204,4096,update,1785052335.987659,1785052335.987659,1785052330.6244204,upsert,0,64,StaticSemantic,12613465747135452669,5.363238573074341,True,,forwarded,,68
11204,1024,update,1785052335.9877584,1785052335.9877584,1785052330.6246228,upsert,0,64,StaticSemantic,15769623694692820738,5.363135576248169,True,,forwarded,,71
11204,4096,update,1785052338.093454,1785052338.093454,1785052330.6245828,upsert,3,64,StaticSemantic,12613465747135452669,7.468871116638184,True,,forwarded,,70
11204,1024,update,1785052339.7669497,1785052339.7669497,1785052330.6245315,upsert,2,64,StaticSemantic,17730309890119328358,9.142418146133423,True,,forwarded,,69
11204,2048,update,1785052341.4935856,,1785052341.4932027,upsert,3,64,StaticSemantic,4650049274038987083,0.0003829002380371094,True,,enqueued,,72
11204,2048,update,1785052341.4938295,1785052341.4938295,1785052341.4932027,upsert,3,64,StaticSemantic,4650049274038987083,0.0006268024444580078,True,,forwarded,,72
11204,1024,update,1785052341.493976,,1785052341.4933128,upsert,0,64,StaticSemantic,15769623694692820738,0.0006632804870605469,True,,enqueued,,73
11204,2048,update,1785052341.4940763,,1785052341.4933643,upsert,0,64,StaticSemantic,14774026810505956694,0.0007119178771972656,True,,enqueued,,74
11204,4096,update,1785052341.4941747,,1785052341.4934046,upsert,2,64,StaticSemantic,6602759660674530941,0.0007700920104980469,True,,enqueued,,75
11204,1024,update,1785052341.4942834,1785052341.4942834,1785052341.4933128,upsert,0,64,StaticSemantic,15769623694692820738,0.0009706020355224609,True,,forwarded,,73
11204,2048,update,1785052341.9670672,1785052341.9670672,1785052341.4933643,upsert,0,64,StaticSemantic,14774026810505956694,0.47370290756225586,True,,forwarded,,74
11204,1024,update,1785052342.7136757,,1785052342.7133107,upsert,1,64,StaticSemantic,1785562587857272681,0.0003650188446044922,True,,enqueued,,76
11204,1024,update,1785052342.7140114,,1785052342.7134635,upsert,2,64,StaticSemantic,155989354309277790,0.0005478858947753906,True,,enqueued,,78
11204,1024,update,1785052342.7141368,,1785052342.7134137,upsert,0,64,StaticSemantic,15769623694692820738,0.0007231235504150391,True,,enqueued,,77
11204,1024,update,1785052342.7143128,,1785052342.7135084,upsert,3,64,StaticSemantic,12376960631178457983,0.0008044242858886719,True,,enqueued,,79
11204,4096,update,1785052344.6405783,1785052344.6405783,1785052341.4934046,upsert,2,64,StaticSemantic,6602759660674530941,3.1471736431121826,True,,forwarded,,75
11204,1024,update,1785052346.4505308,1785052346.4505308,1785052342.7133107,upsert,1,64,StaticSemantic,1785562587857272681,3.737220048904419,True,,forwarded,,76
11204,1024,update,1785052346.4506733,1785052346.4506733,1785052342.7134635,upsert,2,64,StaticSemantic,155989354309277790,3.7372097969055176,True,,forwarded,,78
11204,1024,update,1785052347.3140836,1785052347.3140836,1785052342.7134137,upsert,0,64,StaticSemantic,15769623694692820738,4.600669860839844,True,,forwarded,,77
11204,1024,update,1785052348.6405256,1785052348.6405256,1785052342.7135084,upsert,3,64,StaticSemantic,12376960631178457983,5.9270172119140625,True,,forwarded,,79
11204,1024,update,1785052354.4094205,,1785052354.408933,upsert,0,64,StaticSemantic,15769623694692820738,0.0004875659942626953,True,,enqueued,,80
11204,1024,update,1785052354.409876,1785052354.409876,1785052354.408933,upsert,0,64,StaticSemantic,15769623694692820738,0.0009431838989257812,True,,forwarded,,80
11204,4096,update,1785052354.4100213,,1785052354.409132,upsert,2,64,StaticSemantic,12523743054995375112,0.0008893013000488281,True,,enqueued,,82
11204,1024,update,1785052354.4101334,,1785052354.409053,upsert,3,64,StaticSemantic,15769623694692820738,0.0010802745819091797,True,,enqueued,,81
11204,4096,update,1785052354.4102325,,1785052354.4092014,upsert,1,64,StaticSemantic,16342886595574764735,0.0010311603546142578,True,,enqueued,,83
11204,4096,update,1785052354.4103425,1785052354.4103425,1785052354.409132,upsert,2,64,StaticSemantic,12523743054995375112,0.0012104511260986328,True,,forwarded,,82
11204,1024,update,1785052354.4104373,1785052354.4104373,1785052354.409053,upsert,3,64,StaticSemantic,15769623694692820738,0.0013842582702636719,True,,forwarded,,81
11204,4096,update,1785052354.4105165,1785052354.4105165,1785052354.4092014,upsert,1,64,StaticSemantic,16342886595574764735,0.0013151168823242188,True,,forwarded,,83
11204,4096,update,1785052355.887319,,1785052355.8868504,upsert,0,64,StaticSemantic,12523743054995375112,0.0004687309265136719,True,,enqueued,,84
11204,4096,update,1785052355.8877256,1785052355.8877256,1785052355.8868504,upsert,0,64,StaticSemantic,12523743054995375112,0.0008752346038818359,True,,forwarded,,84
11204,1024,update,1785052355.8878934,,1785052355.8869762,upsert,3,64,StaticSemantic,15769623694692820738,0.0009171962738037109,True,,enqueued,,87
11204,1024,update,1785052355.8880093,,1785052355.886953,upsert,1,64,StaticSemantic,16954395879792744941,0.0010561943054199219,True,,enqueued,,86
11204,4096,update,1785052355.8881063,,1785052355.8869283,upsert,2,64,StaticSemantic,12523743054995375112,0.0011780261993408203,True,,enqueued,,85
11204,1024,update,1785052355.967071,1785052355.967071,1785052355.8869762,upsert,3,64,StaticSemantic,15769623694692820738,0.08009481430053711,True,,forwarded,,87
11204,1024,update,1785052355.9672184,1785052355.9672184,1785052355.886953,upsert,1,64,StaticSemantic,16954395879792744941,0.08026528358459473,True,,forwarded,,86
11204,1024,update,1785052357.5647938,,1785052357.5644143,upsert,3,64,StaticSemantic,15769623694692820738,0.0003795623779296875,True,,enqueued,,88
11204,4096,update,1785052357.5650363,,1785052357.56466,upsert,0,64,StaticSemantic,12613465747135452669,0.0003762245178222656,True,,enqueued,,89
11204,1024,update,1785052357.5652976,,1785052357.56509,upsert,2,64,StaticSemantic,10402019323283478844,0.00020766258239746094,True,,enqueued,,90
11204,1024,update,1785052357.5655122,,1785052357.5653036,upsert,0,64,StaticSemantic,15769623694692820738,0.0002086162567138672,True,,enqueued,,91
11204,4096,update,1785052357.9466808,1785052357.9466808,1785052355.8869283,upsert,2,64,StaticSemantic,12523743054995375112,2.0597524642944336,True,,forwarded,,85
11204,1024,update,1785052358.8824415,,1785052357.5644143,upsert,3,64,StaticSemantic,15769623694692820738,1.3180272579193115,False,,suppressed,superseded,88
11204,1024,update,1785052358.8826234,,1785052358.881973,upsert,3,64,StaticSemantic,15769623694692820738,0.0006504058837890625,True,,enqueued,,92
11204,1024,update,1785052358.8829193,,1785052357.5653036,upsert,0,64,StaticSemantic,15769623694692820738,1.3176157474517822,False,,suppressed,superseded,91
11204,1024,update,1785052358.8830106,,1785052358.8822176,upsert,0,64,StaticSemantic,15769623694692820738,0.0007929801940917969,True,,enqueued,,93
11204,1024,update,1785052358.883098,,1785052358.8822176,upsert,0,64,StaticSemantic,15769623694692820738,0.0008802413940429688,False,,suppressed,superseded,93
11204,1024,update,1785052358.883161,,1785052358.882381,upsert,0,64,StaticSemantic,15769623694692820738,0.0007801055908203125,True,,enqueued,,94
11204,4096,update,1785052358.883344,,1785052358.8825254,upsert,2,64,StaticSemantic,12523743054995375112,0.0008184909820556641,True,,enqueued,,95
11204,4096,update,1785052359.946614,1785052359.946614,1785052357.56466,upsert,0,64,StaticSemantic,12613465747135452669,2.3819539546966553,True,,forwarded,,89
11204,4096,update,1785052361.1548316,,1785052361.1543663,upsert,3,64,StaticSemantic,3073007241776570211,0.00046539306640625,True,,enqueued,,96
11204,2048,update,1785052361.1552386,,1785052361.1548302,upsert,0,64,StaticSemantic,9971321710674973507,0.00040841102600097656,True,,enqueued,,97
11204,1024,update,1785052361.155523,,1785052358.882381,upsert,0,64,StaticSemantic,15769623694692820738,2.273142099380493,False,,suppressed,superseded,94
11204,1024,update,1785052361.1556244,,1785052361.1550632,upsert,0,64,StaticSemantic,15769623694692820738,0.0005612373352050781,True,,enqueued,,98
11204,4096,update,1785052361.1558294,,1785052361.155209,upsert,3,64,StaticSemantic,12613465747135452669,0.0006203651428222656,True,,enqueued,,99
11204,1024,update,1785052361.9466722,1785052361.9466722,1785052357.56509,upsert,2,64,StaticSemantic,10402019323283478844,4.381582260131836,True,,forwarded,,90
11204,1024,update,1785052361.9468718,1785052361.9468718,1785052358.881973,upsert,3,64,StaticSemantic,15769623694692820738,3.064898729324341,True,,forwarded,,92
11204,4096,update,1785052364.5997305,1785052364.5997305,1785052358.8825254,upsert,2,64,StaticSemantic,12523743054995375112,5.717205047607422,True,,forwarded,,95
11204,4096,update,1785052365.1721377,,1785052365.1716807,upsert,0,64,StaticSemantic,12523743054995375112,0.0004570484161376953,True,,enqueued,,100
11204,1024,update,1785052365.1725447,,1785052365.1721413,upsert,2,64,StaticSemantic,155989354309277790,0.00040340423583984375,True,,enqueued,,101
11204,2048,update,1785052365.17287,,1785052365.1723068,upsert,3,64,StaticSemantic,12578487649826242535,0.0005631446838378906,True,,enqueued,,102
11204,1024,update,1785052365.1729915,,1785052365.1725228,upsert,3,64,StaticSemantic,15769623694692820738,0.0004687309265136719,True,,enqueued,,103
11204,2048,update,1785052366.552155,,1785052366.5516944,upsert,3,64,StaticSemantic,14108233664250482536,0.00046062469482421875,True,,enqueued,,104
11204,1024,update,1785052366.5525923,,1785052366.5520203,upsert,2,64,StaticSemantic,3163096543987652428,0.0005719661712646484,True,,enqueued,,105
11204,1024,update,1785052366.5527325,,1785052361.1550632,upsert,0,64,StaticSemantic,15769623694692820738,5.397669315338135,False,,suppressed,superseded,98
11204,1024,update,1785052366.552856,,1785052366.5521855,upsert,0,64,StaticSemantic,15769623694692820738,0.0006704330444335938,True,,enqueued,,106
11204,2048,update,1785052366.5530486,,1785052366.5523293,upsert,3,64,StaticSemantic,9971321710674973507,0.0007193088531494141,True,,enqueued,,107
11204,4096,update,1785052366.599678,1785052366.599678,1785052361.1543663,upsert,3,64,StaticSemantic,3073007241776570211,5.445311784744263,True,,forwarded,,96
11204,2048,update,1785052368.5996373,1785052368.5996373,1785052361.1548302,upsert,0,64,StaticSemantic,9971321710674973507,7.444807052612305,True,,forwarded,,97
11204,4096,update,1785052368.5998044,1785052368.5998044,1785052361.155209,upsert,3,64,StaticSemantic,12613465747135452669,7.4445953369140625,True,,forwarded,,99
11204,2048,update,1785052370.2666776,,1785052366.5516944,upsert,3,64,StaticSemantic,14108233664250482536,3.7149832248687744,False,,suppressed,superseded,104
11204,2048,update,1785052370.26686,,1785052370.2662513,upsert,3,64,StaticSemantic,14108233664250482536,0.0006086826324462891,True,,enqueued,,108
11204,2048,update,1785052370.2671351,,1785052370.2664354,upsert,0,64,StaticSemantic,4650049274038987083,0.0006997585296630859,True,,enqueued,,109
11204,4096,update,1785052370.267393,,1785052370.2665567,upsert,3,64,StaticSemantic,12613465747135452669,0.0008363723754882812,True,,enqueued,,110
11204,2048,update,1785052370.2675128,,1785052370.266747,upsert,1,64,StaticSemantic,13982934541694442251,0.0007658004760742188,True,,enqueued,,111
11204,1024,update,1785052371.2232149,,1785052371.2227092,upsert,0,64,StaticSemantic,14064140743279553366,0.0005056858062744141,True,,enqueued,,112
11204,1024,update,1785052371.2235315,,1785052366.5520203,upsert,2,64,StaticSemantic,3163096543987652428,4.671511173248291,False,,suppressed,superseded,105
11204,1024,update,1785052371.2236402,,1785052371.2229903,upsert,2,64,StaticSemantic,3163096543987652428,0.0006499290466308594,True,,enqueued,,113
11204,2048,update,1785052371.2239118,,1785052370.2662513,upsert,3,64,StaticSemantic,14108233664250482536,0.957660436630249,False,,suppressed,superseded,108
11204,2048,update,1785052371.2240033,,1785052371.2231598,upsert,3,64,StaticSemantic,14108233664250482536,0.0008435249328613281,True,,enqueued,,114
11204,1024,update,1785052371.2241104,,1785052371.2233844,upsert,0,64,StaticSemantic,3163096543987652428,0.0007259845733642578,True,,enqueued,,115
11204,4096,update,1785052371.252771,1785052371.252771,1785052365.1716807,upsert,0,64,StaticSemantic,12523743054995375112,6.081090211868286,True,,forwarded,,100
11204,1024,update,1785052373.2529066,1785052373.2529066,1785052365.1721413,upsert,2,64,StaticSemantic,155989354309277790,8.08076524734497,True,,forwarded,,101
11204,2048,update,1785052375.2529395,1785052375.2529395,1785052365.1723068,upsert,3,64,StaticSemantic,12578487649826242535,10.08063268661499,True,,forwarded,,102
11204,1024,update,1785052375.253106,1785052375.253106,1785052365.1725228,upsert,3,64,StaticSemantic,15769623694692820738,10.080583333969116,True,,forwarded,,103
11204,1024,update,1785052377.905978,1785052377.905978,1785052366.5521855,upsert,0,64,StaticSemantic,15769623694692820738,11.353792428970337,True,,forwarded,,106
11204,2048,update,1785052379.2055404,1785052379.2055404,1785052366.5523293,upsert,3,64,StaticSemantic,9971321710674973507,12.653211116790771,True,,forwarded,,107
11204,2048,update,1785052379.9059477,1785052379.9059477,1785052370.2664354,upsert,0,64,StaticSemantic,4650049274038987083,9.639512300491333,True,,forwarded,,109
11204,4096,update,1785052379.9061031,1785052379.9061031,1785052370.2665567,upsert,3,64,StaticSemantic,12613465747135452669,9.639546394348145,True,,forwarded,,110
11204,2048,update,1785052381.5321438,1785052381.5321438,1785052370.266747,upsert,1,64,StaticSemantic,13982934541694442251,11.2653968334198,True,,forwarded,,111
11204,1024,update,1785052382.5321443,1785052382.5321443,1785052371.2227092,upsert,0,64,StaticSemantic,14064140743279553366,11.30943512916565,True,,forwarded,,112
11204,4096,update,1785052382.9554665,,1785052382.9550366,upsert,1,64,StaticSemantic,15960031488910374299,0.0004298686981201172,True,,enqueued,,116
11204,1024,update,1785052382.95589,,1785052382.9554834,upsert,3,64,StaticSemantic,15769623694692820738,0.00040650367736816406,True,,enqueued,,117
11204,1024,update,1785052382.9561603,,1785052382.955656,upsert,0,64,StaticSemantic,15769623694692820738,0.0005042552947998047,True,,enqueued,,118
11204,1024,update,1785052382.956363,,1785052382.9554834,upsert,3,64,StaticSemantic,15769623694692820738,0.0008795261383056641,False,,suppressed,superseded,117
11204,1024,update,1785052382.9564478,,1785052382.955822,upsert,3,64,StaticSemantic,15769623694692820738,0.0006258487701416016,True,,enqueued,,119
11204,1024,update,1785052383.2323549,1785052383.2323549,1785052371.2229903,upsert,2,64,StaticSemantic,3163096543987652428,12.009364604949951,True,,forwarded,,113
11204,2048,update,1785052383.2325037,1785052383.2325037,1785052371.2231598,upsert,3,64,StaticSemantic,14108233664250482536,12.00934386253357,True,,forwarded,,114
11204,1024,update,1785052385.8854856,1785052385.8854856,1785052371.2233844,upsert,0,64,StaticSemantic,3163096543987652428,14.66210126876831,True,,forwarded,,115
11204,4096,update,1785052387.211829,1785052387.211829,1785052382.9550366,upsert,1,64,StaticSemantic,15960031488910374299,4.256792306900024,True,,forwarded,,116
11204,1024,update,1785052388.53849,1785052388.53849,1785052382.955656,upsert,0,64,StaticSemantic,15769623694692820738,5.582834005355835,True,,forwarded,,118
11204,1024,update,1785052388.5386288,1785052388.5386288,1785052382.955822,upsert,3,64,StaticSemantic,15769623694692820738,5.582806825637817,True,,forwarded,,119
11204,2048,update,1785052394.4741988,,1785052394.4737673,upsert,0,64,StaticSemantic,14774026810505956694,0.0004315376281738281,True,,enqueued,,120
11204,2048,update,1785052394.474467,1785052394.474467,1785052394.4737673,upsert,0,64,StaticSemantic,14774026810505956694,0.0006997585296630859,True,,forwarded,,120
11204,4096,update,1785052394.4748087,,1785052394.4740927,upsert,3,64,StaticSemantic,12613465747135452669,0.0007159709930419922,True,,enqueued,,121
11204,1024,update,1785052394.474931,,1785052394.4744587,upsert,3,64,StaticSemantic,15769623694692820738,0.0004723072052001953,True,,enqueued,,122
11204,4096,update,1785052394.4751456,1785052394.4751456,1785052394.4740927,upsert,3,64,StaticSemantic,12613465747135452669,0.0010528564453125,True,,forwarded,,121
11204,1024,update,1785052394.4752462,1785052394.4752462,1785052394.4744587,upsert,3,64,StaticSemantic,15769623694692820738,0.0007874965667724609,True,,forwarded,,122
11204,4096,update,1785052394.4753456,,1785052394.474603,upsert,1,64,StaticSemantic,9940797030998834804,0.0007426738739013672,True,,enqueued,,123
11204,4096,update,1785052394.4754667,1785052394.4754667,1785052394.474603,upsert,1,64,StaticSemantic,9940797030998834804,0.0008637905120849609,True,,forwarded,,123
11204,1024,update,1785052396.4748936,,1785052396.4744062,upsert,3,64,StaticSemantic,12376960631178457983,0.00048732757568359375,True,,enqueued,,124
11204,1024,update,1785052396.4752214,1785052396.4752214,1785052396.4744062,upsert,3,64,StaticSemantic,12376960631178457983,0.0008151531219482422,True,,forwarded,,124
11204,1024,update,1785052396.4753637,,1785052396.4745572,upsert,0,64,StaticSemantic,15769623694692820738,0.0008065700531005859,True,,enqueued,,125
11204,4096,update,1785052396.4754655,,1785052396.47463,upsert,0,64,StaticSemantic,12613465747135452669,0.000835418701171875,True,,enqueued,,126
11204,1024,update,1785052396.4756513,1785052396.4756513,1785052396.4745572,upsert,0,64,StaticSemantic,15769623694692820738,0.0010941028594970703,True,,forwarded,,125
11204,1024,update,1785052396.4757662,,1785052396.4747944,upsert,2,64,StaticSemantic,10402019323283478844,0.0009717941284179688,True,,enqueued,,127
11204,4096,update,1785052396.4975061,1785052396.4975061,1785052396.47463,upsert,0,64,StaticSemantic,12613465747135452669,0.02287602424621582,True,,forwarded,,126
11204,1024,update,1785052396.4976125,1785052396.4976125,1785052396.4747944,upsert,2,64,StaticSemantic,10402019323283478844,0.02281808853149414,True,,forwarded,,127
11204,1024,update,1785052407.8352945,,1785052407.8348086,upsert,0,64,StaticSemantic,1785562587857272681,0.0004858970642089844,True,,enqueued,,128
11204,1024,update,1785052407.8357008,1785052407.8357008,1785052407.8348086,upsert,0,64,StaticSemantic,1785562587857272681,0.0008921623229980469,True,,forwarded,,128
11204,2048,update,1785052407.8359206,,1785052407.835056,upsert,3,64,StaticSemantic,4650049274038987083,0.0008645057678222656,True,,enqueued,,129
11204,2048,update,1785052407.8361824,1785052407.8361824,1785052407.835056,upsert,3,64,StaticSemantic,4650049274038987083,0.0011262893676757812,True,,forwarded,,129
11204,4096,update,1785052407.8363018,,1785052407.8352952,upsert,0,64,StaticSemantic,12613465747135452669,0.0010066032409667969,True,,enqueued,,130
11204,4096,update,1785052407.836521,1785052407.836521,1785052407.8352952,upsert,0,64,StaticSemantic,12613465747135452669,0.0012257099151611328,True,,forwarded,,130
11204,4096,update,1785052407.8366373,,1785052407.8356457,upsert,2,64,StaticSemantic,13063325218966850298,0.0009915828704833984,True,,enqueued,,131
11204,4096,update,1785052407.8367708,1785052407.8367708,1785052407.8356457,upsert,2,64,StaticSemantic,13063325218966850298,0.0011250972747802734,True,,forwarded,,131
11204,1024,update,1785052409.8681898,,1785052409.867651,upsert,3,64,StaticSemantic,15769623694692820738,0.0005388259887695312,True,,enqueued,,132
11204,1024,update,1785052409.8685946,1785052409.8685946,1785052409.867651,upsert,3,64,StaticSemantic,15769623694692820738,0.0009436607360839844,True,,forwarded,,132
11204,1024,update,1785052409.8687477,,1785052409.8679497,upsert,0,64,StaticSemantic,12376960631178457983,0.0007979869842529297,True,,enqueued,,133
11204,4096,update,1785052409.8688836,,1785052409.8683052,upsert,0,64,StaticSemantic,947483498426156190,0.0005784034729003906,True,,enqueued,,135
11204,1024,update,1785052409.8691127,1785052409.8691127,1785052409.8679497,upsert,0,64,StaticSemantic,12376960631178457983,0.0011630058288574219,True,,forwarded,,133
11204,4096,update,1785052409.8692243,1785052409.8692243,1785052409.8683052,upsert,0,64,StaticSemantic,947483498426156190,0.0009191036224365234,True,,forwarded,,135
11204,1024,update,1785052409.869324,,1785052409.8681512,upsert,3,64,StaticSemantic,14064140743279553366,0.001172780990600586,True,,enqueued,,134
11204,1024,update,1785052409.8694363,1785052409.8694363,1785052409.8681512,upsert,3,64,StaticSemantic,14064140743279553366,0.0012850761413574219,True,,forwarded,,134
11204,1024,update,1785052411.7021675,,1785052411.7018437,upsert,3,64,StaticSemantic,15769623694692820738,0.0003237724304199219,True,,enqueued,,136
11204,1024,update,1785052411.7024097,1785052411.7024097,1785052411.7018437,upsert,3,64,StaticSemantic,15769623694692820738,0.0005660057067871094,True,,forwarded,,136
11204,1024,update,1785052411.7026854,,1785052411.7020767,upsert,0,64,StaticSemantic,15769623694692820738,0.0006086826324462891,True,,enqueued,,137
11204,1024,update,1785052411.7028375,,1785052411.7022367,upsert,2,64,StaticSemantic,3163096543987652428,0.0006008148193359375,True,,enqueued,,138
11204,1024,update,1785052411.7030258,1785052411.7030258,1785052411.7020767,upsert,0,64,StaticSemantic,15769623694692820738,0.0009491443634033203,True,,forwarded,,137
11204,1024,update,1785052411.7031376,1785052411.7031376,1785052411.7022367,upsert,2,64,StaticSemantic,3163096543987652428,0.0009009838104248047,True,,forwarded,,138
11204,4096,update,1785052411.7032337,,1785052411.7023797,upsert,3,64,StaticSemantic,12613465747135452669,0.0008540153503417969,True,,enqueued,,139
11204,4096,update,1785052411.7033412,1785052411.7033412,1785052411.7023797,upsert,3,64,StaticSemantic,12613465747135452669,0.0009615421295166016,True,,forwarded,,139
11204,4096,update,1785052413.3901684,,1785052413.389731,upsert,2,64,StaticSemantic,12523743054995375112,0.0004374980926513672,True,,enqueued,,140
11204,2048,update,1785052413.390477,,1785052413.3901906,upsert,0,64,StaticSemantic,9971321710674973507,0.00028634071350097656,True,,enqueued,,141
11204,2048,update,1785052413.3907032,,1785052413.3904228,upsert,3,64,StaticSemantic,4650049274038987083,0.0002803802490234375,True,,enqueued,,142
11204,4096,update,1785052413.3909433,,1785052413.389731,upsert,2,64,StaticSemantic,12523743054995375112,0.0012123584747314453,False,,suppressed,superseded,140
11204,4096,update,1785052413.3910332,,1785052413.3906758,upsert,2,64,StaticSemantic,12523743054995375112,0.0003573894500732422,True,,enqueued,,143
11204,4096,update,1785052414.8512425,,1785052414.8508198,upsert,1,64,StaticSemantic,15960031488910374299,0.0004227161407470703,True,,enqueued,,144
11204,4096,update,1785052414.8515418,,1785052414.8512545,upsert,3,64,StaticSemantic,947483498426156190,0.0002872943878173828,True,,enqueued,,145
11204,1024,update,1785052414.8518786,,1785052414.851648,upsert,0,64,StaticSemantic,15769623694692820738,0.00023055076599121094,True,,enqueued,,146
11204,4096,update,1785052414.8520973,,1785052413.3906758,upsert,2,64,StaticSemantic,12523743054995375112,1.4614214897155762,False,,suppressed,superseded,143
11204,4096,update,1785052414.852186,,1785052414.8518434,upsert,2,64,StaticSemantic,12523743054995375112,0.0003426074981689453,True,,enqueued,,147
11204,2048,update,1785052415.1302466,1785052415.1302466,1785052413.3901906,upsert,0,64,StaticSemantic,9971321710674973507,1.740056037902832,True,,forwarded,,141
11204,2048,update,1785052416.4569187,1785052416.4569187,1785052413.3904228,upsert,3,64,StaticSemantic,4650049274038987083,3.066495895385742,True,,forwarded,,142
11204,4096,update,1785052416.457068,1785052416.457068,1785052414.8508198,upsert,1,64,StaticSemantic,15960031488910374299,1.606248140335083,True,,forwarded,,144
11204,4096,update,1785052416.7548673,,1785052416.7544744,upsert,3,64,StaticSemantic,12613465747135452669,0.000392913818359375,True,,enqueued,,148
11204,4096,update,1785052416.7551346,,1785052416.7549343,upsert,1,64,StaticSemantic,15960031488910374299,0.0002002716064453125,True,,enqueued,,149
11204,1024,update,1785052416.7555485,,1785052414.851648,upsert,0,64,StaticSemantic,15769623694692820738,1.903900384902954,False,,suppressed,superseded,146
11204,1024,update,1785052416.7556396,,1785052416.7553432,upsert,0,64,StaticSemantic,15769623694692820738,0.0002963542938232422,True,,enqueued,,150
11204,2048,update,1785052416.7558389,,1785052416.7555065,upsert,3,64,StaticSemantic,12578487649826242535,0.0003323554992675781,True,,enqueued,,151
11204,4096,update,1785052418.436437,1785052418.436437,1785052414.8512545,upsert,3,64,StaticSemantic,947483498426156190,3.5851824283599854,True,,forwarded,,145
11204,2048,update,1785052418.6094334,,1785052418.6090267,upsert,3,64,StaticSemantic,9971321710674973507,0.0004067420959472656,True,,enqueued,,152
11204,1024,update,1785052418.6098437,,1785052416.7553432,upsert,0,64,StaticSemantic,15769623694692820738,1.8545005321502686,False,,suppressed,superseded,150
11204,1024,update,1785052418.6099653,,1785052418.6093316,upsert,0,64,StaticSemantic,15769623694692820738,0.0006337165832519531,True,,enqueued,,153
11204,4096,update,1785052418.6101215,,1785052418.6094918,upsert,3,64,StaticSemantic,3073007241776570211,0.0006296634674072266,True,,enqueued,,154
11204,4096,update,1785052418.6103323,,1785052414.8518434,upsert,2,64,StaticSemantic,12523743054995375112,3.758488893508911,False,,suppressed,superseded,147
11204,4096,update,1785052418.6104176,,1785052418.6098797,upsert,2,64,StaticSemantic,12523743054995375112,0.000537872314453125,True,,enqueued,,155
11204,4096,update,1785052419.7630477,1785052419.7630477,1785052416.7544744,upsert,3,64,StaticSemantic,12613465747135452669,3.008573293685913,True,,forwarded,,148
11204,4096,update,1785052420.284462,,1785052420.2840128,upsert,3,64,StaticSemantic,12613465747135452669,0.00044918060302734375,True,,enqueued,,156
11204,1024,update,1785052420.2849855,,1785052418.6093316,upsert,0,64,StaticSemantic,15769623694692820738,1.6756539344787598,False,,suppressed,superseded,153
11204,1024,update,1785052420.2851002,,1785052420.2844465,upsert,0,64,StaticSemantic,15769623694692820738,0.0006537437438964844,True,,enqueued,,157
11204,1024,update,1785052420.2852154,,1785052420.284606,upsert,3,64,StaticSemantic,15769623694692820738,0.0006093978881835938,True,,enqueued,,158
11204,2048,update,1785052420.2854033,,1785052420.284754,upsert,0,64,StaticSemantic,4650049274038987083,0.0006492137908935547,True,,enqueued,,159
11204,2048,update,1785052421.6402078,,1785052421.6397061,upsert,3,64,StaticSemantic,14774026810505956694,0.0005016326904296875,True,,enqueued,,160
11204,2048,update,1785052421.640661,,1785052420.284754,upsert,0,64,StaticSemantic,4650049274038987083,1.3559069633483887,False,,suppressed,superseded,159
11204,2048,update,1785052421.6408007,,1785052421.64003,upsert,0,64,StaticSemantic,4650049274038987083,0.0007708072662353516,True,,enqueued,,161
11204,2048,update,1785052421.6409276,,1785052421.6402628,upsert,3,64,StaticSemantic,4650049274038987083,0.0006647109985351562,True,,enqueued,,162
11204,1024,update,1785052421.641122,,1785052420.2844465,upsert,0,64,StaticSemantic,15769623694692820738,1.356675624847412,False,,suppressed,superseded,157
11204,1024,update,1785052421.6412063,,1785052421.6404853,upsert,0,64,StaticSemantic,15769623694692820738,0.000720977783203125,True,,enqueued,,163
11204,4096,update,1785052421.762975,1785052421.762975,1785052416.7549343,upsert,1,64,StaticSemantic,15960031488910374299,5.0080406665802,True,,forwarded,,149
11204,2048,update,1785052421.763116,1785052421.763116,1785052416.7555065,upsert,3,64,StaticSemantic,12578487649826242535,5.0076093673706055,True,,forwarded,,151
11204,4096,update,1785052423.2695377,,1785052420.2840128,upsert,3,64,StaticSemantic,12613465747135452669,2.985524892807007,False,,suppressed,superseded,156
11204,4096,update,1785052423.2696924,,1785052423.269053,upsert,3,64,StaticSemantic,12613465747135452669,0.0006394386291503906,True,,enqueued,,164
11204,1024,update,1785052423.2700083,,1785052423.2692504,upsert,0,64,StaticSemantic,16374985302794130926,0.0007579326629638672,True,,enqueued,,165
11204,1024,update,1785052423.2701256,,1785052421.6404853,upsert,0,64,StaticSemantic,15769623694692820738,1.6296403408050537,False,,suppressed,superseded,163
11204,1024,update,1785052423.2701993,,1785052423.269372,upsert,0,64,StaticSemantic,15769623694692820738,0.0008273124694824219,True,,enqueued,,167
11204,1024,update,1785052423.2703085,,1785052423.2693162,upsert,1,64,StaticSemantic,16954395879792744941,0.0009922981262207031,True,,enqueued,,166
11204,2048,update,1785052424.4160197,1785052424.4160197,1785052418.6090267,upsert,3,64,StaticSemantic,9971321710674973507,5.806993007659912,True,,forwarded,,152
11204,4096,update,1785052425.8863719,,1785052425.8858805,upsert,0,64,StaticSemantic,12613465747135452669,0.0004913806915283203,True,,enqueued,,168
11204,1024,update,1785052425.886873,,1785052420.284606,upsert,3,64,StaticSemantic,15769623694692820738,5.602267026901245,False,,suppressed,superseded,158
11204,1024,update,1785052425.8869972,,1785052425.8863525,upsert,3,64,StaticSemantic,15769623694692820738,0.000644683837890625,True,,enqueued,,169
11204,1024,update,1785052425.887225,,1785052425.8865254,upsert,2,64,StaticSemantic,9971467602450215698,0.0006995201110839844,True,,enqueued,,170
11204,4096,update,1785052425.8873248,,1785052418.6098797,upsert,2,64,StaticSemantic,12523743054995375112,7.277445077896118,False,,suppressed,superseded,155
11204,4096,update,1785052425.8874025,,1785052425.8866777,upsert,2,64,StaticSemantic,12523743054995375112,0.00072479248046875,True,,enqueued,,171
11204,4096,update,1785052426.4159918,1785052426.4159918,1785052418.6094918,upsert,3,64,StaticSemantic,3073007241776570211,7.80649995803833,True,,forwarded,,154
11204,4096,update,1785052427.1866863,,1785052425.8858805,upsert,0,64,StaticSemantic,12613465747135452669,1.3008058071136475,False,,suppressed,superseded,168
11204,4096,update,1785052427.1868896,,1785052427.1861966,upsert,0,64,StaticSemantic,12613465747135452669,0.0006930828094482422,True,,enqueued,,172
11204,1024,update,1785052427.1872346,,1785052427.186663,upsert,3,64,StaticSemantic,12376960631178457983,0.0005717277526855469,True,,enqueued,,173
11204,1024,update,1785052427.1873548,,1785052425.8863525,upsert,3,64,StaticSemantic,15769623694692820738,1.3010022640228271,False,,suppressed,superseded,169
11204,1024,update,1785052427.1874306,,1785052427.1868467,upsert,3,64,StaticSemantic,15769623694692820738,0.0005838871002197266,True,,enqueued,,174
11204,1024,update,1785052427.1876247,,1785052427.186995,upsert,1,64,StaticSemantic,1785562587857272681,0.0006296634674072266,True,,enqueued,,175
11204,2048,update,1785052429.0895896,1785052429.0895896,1785052421.6397061,upsert,3,64,StaticSemantic,14774026810505956694,7.449883460998535,True,,forwarded,,160
11204,2048,update,1785052429.0897467,1785052429.0897467,1785052421.64003,upsert,0,64,StaticSemantic,4650049274038987083,7.449716806411743,True,,forwarded,,161
11204,4096,update,1785052429.5831919,,1785052429.5827303,upsert,0,64,StaticSemantic,12523743054995375112,0.000461578369140625,True,,enqueued,,176
11204,1024,update,1785052429.5835044,,1785052429.583224,upsert,2,64,StaticSemantic,17622982719236225751,0.0002803802490234375,True,,enqueued,,177
11204,2048,update,1785052429.5838268,,1785052421.6402628,upsert,3,64,StaticSemantic,4650049274038987083,7.943563938140869,False,,suppressed,superseded,162
11204,2048,update,1785052429.5839357,,1785052429.583393,upsert,3,64,StaticSemantic,4650049274038987083,0.0005426406860351562,True,,enqueued,,178
11204,4096,update,1785052429.5841265,,1785052427.1861966,upsert,0,64,StaticSemantic,12613465747135452669,2.3979299068450928,False,,suppressed,superseded,172
11204,4096,update,1785052429.5842118,,1785052429.583612,upsert,0,64,StaticSemantic,12613465747135452669,0.0005998611450195312,True,,enqueued,,179
11204,1024,update,1785052430.8771956,,1785052430.8766458,upsert,3,64,StaticSemantic,14064140743279553366,0.0005497932434082031,True,,enqueued,,180
11204,1024,update,1785052430.8775058,,1785052429.583224,upsert,2,64,StaticSemantic,17622982719236225751,1.2942817211151123,False,,suppressed,superseded,177
11204,1024,update,1785052430.8776078,,1785052430.8769255,upsert,2,64,StaticSemantic,17622982719236225751,0.0006823539733886719,True,,enqueued,,181
11204,4096,update,1785052430.8778436,,1785052429.5827303,upsert,0,64,StaticSemantic,12523743054995375112,1.2951133251190186,False,,suppressed,superseded,176
11204,4096,update,1785052430.877935,,1785052430.8770924,upsert,0,64,StaticSemantic,12523743054995375112,0.0008425712585449219,True,,enqueued,,182
11204,1024,update,1785052430.8781614,,1785052427.1868467,upsert,3,64,StaticSemantic,15769623694692820738,3.691314697265625,False,,suppressed,superseded,174
11204,1024,update,1785052430.8782477,,1785052430.8774478,upsert,3,64,StaticSemantic,15769623694692820738,0.0007998943328857422,True,,enqueued,,183
11204,4096,update,1785052431.7426357,1785052431.7426357,1785052423.269053,upsert,3,64,StaticSemantic,12613465747135452669,8.473582744598389,True,,forwarded,,164
11204,1024,update,1785052432.516668,,1785052430.8774478,upsert,3,64,StaticSemantic,15769623694692820738,1.6392202377319336,False,,suppressed,superseded,183
11204,1024,update,1785052432.5168521,,1785052432.5161242,upsert,3,64,StaticSemantic,15769623694692820738,0.0007278919219970703,True,,enqueued,,184
11204,4096,update,1785052432.5171824,,1785052432.5164063,upsert,3,64,StaticSemantic,12613465747135452669,0.0007760524749755859,True,,enqueued,,186
11204,4096,update,1785052432.5173175,,1785052429.583612,upsert,0,64,StaticSemantic,12613465747135452669,2.9337055683135986,False,,suppressed,superseded,179
11204,4096,update,1785052432.5173976,,1785052432.5162714,upsert,0,64,StaticSemantic,12613465747135452669,0.0011262893676757812,True,,enqueued,,185
11204,1024,update,1785052432.517583,,1785052432.5165262,upsert,2,64,StaticSemantic,155989354309277790,0.001056671142578125,True,,enqueued,,187
11204,1024,update,1785052433.7426736,1785052433.7426736,1785052423.2692504,upsert,0,64,StaticSemantic,16374985302794130926,10.47342324256897,True,,forwarded,,165
11204,1024,update,1785052434.165505,,1785052427.186663,upsert,3,64,StaticSemantic,12376960631178457983,6.97884202003479,False,,suppressed,superseded,173
11204,1024,update,1785052434.165651,,1785052434.1650672,upsert,3,64,StaticSemantic,12376960631178457983,0.0005838871002197266,True,,enqueued,,188
11204,1024,update,1785052434.1658967,,1785052423.269372,upsert,0,64,StaticSemantic,15769623694692820738,10.896524667739868,False,,suppressed,superseded,167
11204,1024,update,1785052434.1660006,,1785052434.1653016,upsert,0,64,StaticSemantic,15769623694692820738,0.0006990432739257812,True,,enqueued,,189
11204,4096,update,1785052434.1662376,,1785052432.5164063,upsert,3,64,StaticSemantic,12613465747135452669,1.6498312950134277,False,,suppressed,superseded,186
11204,4096,update,1785052434.1663241,,1785052434.165459,upsert,3,64,StaticSemantic,12613465747135452669,0.0008652210235595703,True,,enqueued,,190
11204,1024,update,1785052434.1665063,,1785052434.1653016,upsert,0,64,StaticSemantic,15769623694692820738,0.0012047290802001953,False,,suppressed,superseded,189
11204,1024,update,1785052434.1665819,,1785052434.1658175,upsert,0,64,StaticSemantic,15769623694692820738,0.0007643699645996094,True,,enqueued,,191
11204,1024,update,1785052435.7425926,1785052435.7425926,1785052423.2693162,upsert,1,64,StaticSemantic,16954395879792744941,12.473276376724243,True,,forwarded,,166
11204,1024,update,1785052435.7427504,1785052435.7427504,1785052425.8865254,upsert,2,64,StaticSemantic,9971467602450215698,9.85622501373291,True,,forwarded,,170
11204,4096,update,1785052438.3955915,1785052438.3955915,1785052425.8866777,upsert,2,64,StaticSemantic,12523743054995375112,12.50891375541687,True,,forwarded,,171
11204,1024,update,1785052440.3956249,1785052440.3956249,1785052427.186995,upsert,1,64,StaticSemantic,1785562587857272681,13.208629846572876,True,,forwarded,,175
11204,2048,update,1785052442.3956249,1785052442.3956249,1785052429.583393,upsert,3,64,StaticSemantic,4650049274038987083,12.81223177909851,True,,forwarded,,178
11204,1024,update,1785052442.3957615,1785052442.3957615,1785052430.8766458,upsert,3,64,StaticSemantic,14064140743279553366,11.519115686416626,True,,forwarded,,180
11204,1024,update,1785052445.0486526,1785052445.0486526,1785052430.8769255,upsert,2,64,StaticSemantic,17622982719236225751,14.171727180480957,True,,forwarded,,181
11204,4096,update,1785052445.7490191,,1785052445.7486243,upsert,2,64,StaticSemantic,14694726361257372,0.0003948211669921875,True,,enqueued,,192
11204,1024,update,1785052445.74931,,1785052445.7490942,upsert,0,64,StaticSemantic,10402019323283478844,0.00021576881408691406,True,,enqueued,,193
11204,1024,update,1785052445.749541,,1785052445.749265,upsert,3,64,StaticSemantic,5420781037229794373,0.0002760887145996094,True,,enqueued,,194
11204,1024,update,1785052445.7497447,,1785052432.5161242,upsert,3,64,StaticSemantic,15769623694692820738,13.233620405197144,False,,suppressed,superseded,184
11204,1024,update,1785052445.7498555,,1785052445.7494154,upsert,3,64,StaticSemantic,15769623694692820738,0.0004401206970214844,True,,enqueued,,195
11204,4096,update,1785052447.0487015,1785052447.0487015,1785052430.8770924,upsert,0,64,StaticSemantic,12523743054995375112,16.1716091632843,True,,forwarded,,182
11204,4096,update,1785052449.0487132,1785052449.0487132,1785052432.5162714,upsert,0,64,StaticSemantic,12613465747135452669,16.53244185447693,True,,forwarded,,185
11204,1024,update,1785052449.0489147,1785052449.0489147,1785052432.5165262,upsert,2,64,StaticSemantic,155989354309277790,16.53238844871521,True,,forwarded,,187
11204,2048,update,1785052449.619563,,1785052449.6192055,upsert,0,64,StaticSemantic,14361523986587977395,0.00035762786865234375,True,,enqueued,,196
11204,1024,update,1785052449.619933,,1785052449.6195054,upsert,2,64,StaticSemantic,3163096543987652428,0.00042748451232910156,True,,enqueued,,197
11204,4096,update,1785052449.6200645,,1785052434.165459,upsert,3,64,StaticSemantic,12613465747135452669,15.45460557937622,False,,suppressed,superseded,190
11204,4096,update,1785052449.6201482,,1785052449.6196725,upsert,3,64,StaticSemantic,12613465747135452669,0.0004756450653076172,True,,enqueued,,198
11204,2048,update,1785052449.6203706,,1785052449.620045,upsert,1,64,StaticSemantic,17626756171492301456,0.0003256797790527344,True,,enqueued,,199
11204,1024,update,1785052451.7018018,1785052451.7018018,1785052434.1650672,upsert,3,64,StaticSemantic,12376960631178457983,17.536734580993652,True,,forwarded,,188
11204,1024,update,1785052453.0543933,,1785052453.0540202,upsert,2,64,StaticSemantic,17730309890119328358,0.0003731250762939453,True,,enqueued,,200
11204,4096,update,1785052453.0546665,,1785052453.0542502,upsert,3,64,StaticSemantic,1610475058989402671,0.0004162788391113281,True,,enqueued,,201
11204,1024,update,1785052453.054925,,1785052434.1658175,upsert,0,64,StaticSemantic,15769623694692820738,18.88910746574402,False,,suppressed,superseded,191
11204,1024,update,1785052453.055028,,1785052453.0546193,upsert,0,64,StaticSemantic,15769623694692820738,0.0004086494445800781,True,,enqueued,,202
11204,2048,update,1785052453.055248,,1785052453.0547626,upsert,1,64,StaticSemantic,4132850298606047245,0.00048542022705078125,True,,enqueued,,203
11204,4096,update,1785052453.7017288,1785052453.7017288,1785052445.7486243,upsert,2,64,StaticSemantic,14694726361257372,7.953104496002197,True,,forwarded,,192
11204,4096,update,1785052454.8711984,,1785052454.8708289,upsert,0,64,StaticSemantic,12613465747135452669,0.0003695487976074219,True,,enqueued,,204
11204,1024,update,1785052454.8714662,,1785052445.7494154,upsert,3,64,StaticSemantic,15769623694692820738,9.122050762176514,False,,suppressed,superseded,195
11204,1024,update,1785052454.8715703,,1785052454.8710525,upsert,3,64,StaticSemantic,15769623694692820738,0.0005178451538085938,True,,enqueued,,205
11204,1024,update,1785052454.87167,,1785052454.8710525,upsert,3,64,StaticSemantic,15769623694692820738,0.0006175041198730469,False,,suppressed,superseded,205
11204,1024,update,1785052454.8717384,,1785052454.8711944,upsert,3,64,StaticSemantic,15769623694692820738,0.0005440711975097656,True,,enqueued,,207
11204,1024,update,1785052454.8719535,,1785052454.8711314,upsert,0,64,StaticSemantic,12376960631178457983,0.0008220672607421875,True,,enqueued,,206
11204,1024,update,1785052455.7017658,1785052455.7017658,1785052445.7490942,upsert,0,64,StaticSemantic,10402019323283478844,9.952671527862549,True,,forwarded,,193
11204,1024,update,1785052455.7019484,1785052455.7019484,1785052445.749265,upsert,3,64,StaticSemantic,5420781037229794373,9.952683448791504,True,,forwarded,,194
11204,4096,update,1785052456.5815775,,1785052456.5811598,upsert,0,64,StaticSemantic,947483498426156190,0.0004177093505859375,True,,enqueued,,208
11204,1024,update,1785052456.5818913,,1785052454.8711944,upsert,3,64,StaticSemantic,15769623694692820738,1.7106969356536865,False,,suppressed,superseded,207
11204,1024,update,1785052456.5819926,,1785052456.5816097,upsert,3,64,StaticSemantic,15769623694692820738,0.0003829002380371094,True,,enqueued,,209
11204,1024,update,1785052456.5822518,,1785052453.0546193,upsert,0,64,StaticSemantic,15769623694692820738,3.527632474899292,False,,suppressed,superseded,202
11204,1024,update,1785052456.582342,,1785052456.5817897,upsert,0,64,StaticSemantic,15769623694692820738,0.0005521774291992188,True,,enqueued,,210
11204,1024,update,1785052456.5824537,,1785052456.5816097,upsert,3,64,StaticSemantic,15769623694692820738,0.0008440017700195312,False,,suppressed,superseded,209
11204,1024,update,1785052456.5825207,,1785052456.5819368,upsert,3,64,StaticSemantic,15769623694692820738,0.0005838871002197266,True,,enqueued,,211
11204,2048,update,1785052458.3548803,1785052458.3548803,1785052449.6192055,upsert,0,64,StaticSemantic,14361523986587977395,8.735674858093262,True,,forwarded,,196
11204,1024,update,1785052460.3547332,1785052460.3547332,1785052449.6195054,upsert,2,64,StaticSemantic,3163096543987652428,10.735227823257446,True,,forwarded,,197
11204,2048,update,1785052460.4168372,,1785052460.4164944,upsert,1,64,StaticSemantic,4596497935095405733,0.0003428459167480469,True,,enqueued,,212
11204,1024,update,1785052460.4171147,,1785052456.5819368,upsert,3,64,StaticSemantic,15769623694692820738,3.8351778984069824,False,,suppressed,superseded,211
11204,1024,update,1785052460.4172103,,1785052460.4168284,upsert,3,64,StaticSemantic,15769623694692820738,0.0003819465637207031,True,,enqueued,,213
11204,2048,update,1785052460.4174068,,1785052460.417009,upsert,0,64,StaticSemantic,14774026810505956694,0.00039768218994140625,True,,enqueued,,214
11204,1024,update,1785052460.4175985,,1785052460.4168284,upsert,3,64,StaticSemantic,15769623694692820738,0.0007700920104980469,False,,suppressed,superseded,213
11204,1024,update,1785052460.4176776,,1785052460.41723,upsert,3,64,StaticSemantic,15769623694692820738,0.0004477500915527344,True,,enqueued,,215
11204,4096,update,1785052462.3548846,1785052462.3548846,1785052449.6196725,upsert,3,64,StaticSemantic,12613465747135452669,12.735212087631226,True,,forwarded,,198
11204,2048,update,1785052462.3550293,1785052462.3550293,1785052449.620045,upsert,1,64,StaticSemantic,17626756171492301456,12.734984397888184,True,,forwarded,,199
11204,2048,update,1785052464.6770701,,1785052464.6765795,upsert,0,64,StaticSemantic,4132850298606047245,0.0004906654357910156,True,,enqueued,,216
11204,1024,update,1785052464.6774514,,1785052464.6769211,upsert,2,64,StaticSemantic,3163096543987652428,0.000530242919921875,True,,enqueued,,217
11204,1024,update,1785052464.6775954,,1785052460.41723,upsert,3,64,StaticSemantic,15769623694692820738,4.2603654861450195,False,,suppressed,superseded,215
11204,1024,update,1785052464.6776805,,1785052464.677093,upsert,3,64,StaticSemantic,15769623694692820738,0.00058746337890625,True,,enqueued,,218
11204,1024,update,1785052464.6778765,,1785052456.5817897,upsert,0,64,StaticSemantic,15769623694692820738,8.096086740493774,False,,suppressed,superseded,210
11204,1024,update,1785052464.6779644,,1785052464.6772416,upsert,0,64,StaticSemantic,15769623694692820738,0.0007228851318359375,True,,enqueued,,219
11204,1024,update,1785052465.0079463,1785052465.0079463,1785052453.0540202,upsert,2,64,StaticSemantic,17730309890119328358,11.953926086425781,True,,forwarded,,200
11204,4096,update,1785052467.0079875,1785052467.0079875,1785052453.0542502,upsert,3,64,StaticSemantic,1610475058989402671,13.953737258911133,True,,forwarded,,201
11204,2048,update,1785052468.797466,1785052468.797466,1785052453.0547626,upsert,1,64,StaticSemantic,4132850298606047245,15.742703437805176,True,,forwarded,,203
11204,4096,update,1785052468.7976224,1785052468.7976224,1785052454.8708289,upsert,0,64,StaticSemantic,12613465747135452669,13.926793575286865,True,,forwarded,,204
11204,1024,update,1785052469.6813662,1785052469.6813662,1785052454.8711314,upsert,0,64,StaticSemantic,12376960631178457983,14.810234785079956,True,,forwarded,,206
11204,4096,update,1785052471.0078847,1785052471.0078847,1785052456.5811598,upsert,0,64,StaticSemantic,947483498426156190,14.426724910736084,True,,forwarded,,208
11204,2048,update,1785052472.124023,1785052472.124023,1785052460.4164944,upsert,1,64,StaticSemantic,4596497935095405733,11.707528591156006,True,,forwarded,,212
11204,2048,update,1785052472.1241786,1785052472.1241786,1785052460.417009,upsert,0,64,StaticSemantic,14774026810505956694,11.707169532775879,True,,forwarded,,214
11204,2048,update,1785052473.0079505,1785052473.0079505,1785052464.6765795,upsert,0,64,StaticSemantic,4132850298606047245,8.331371068954468,True,,forwarded,,216
11204,1024,update,1785052474.334323,1785052474.334323,1785052464.6769211,upsert,2,64,StaticSemantic,3163096543987652428,9.65740180015564,True,,forwarded,,217
11204,1024,update,1785052475.6610537,1785052475.6610537,1785052464.677093,upsert,3,64,StaticSemantic,15769623694692820738,10.983960628509521,True,,forwarded,,218
11204,1024,update,1785052475.6612096,1785052475.6612096,1785052464.6772416,upsert,0,64,StaticSemantic,15769623694692820738,10.983968019485474,True,,forwarded,,219
11204,2048,update,1785052476.0219483,,1785052476.0216634,upsert,3,64,StaticSemantic,4132850298606047245,0.0002849102020263672,False,,suppressed,duplicate_holder,220
11204,4096,update,1785052476.0221004,,1785052476.0218422,upsert,1,64,StaticSemantic,7230541217248033124,0.0002582073211669922,True,,enqueued,,221
11204,2048,update,1785052476.02221,,1785052476.0220172,upsert,2,64,StaticSemantic,17187779738238350693,0.0001926422119140625,True,,enqueued,,222
11204,1024,update,1785052476.0223022,,1785052476.0221195,upsert,0,64,StaticSemantic,15769623694692820738,0.00018262863159179688,True,,enqueued,,223
11204,4096,update,1785052478.3140686,1785052478.3140686,1785052476.0218422,upsert,1,64,StaticSemantic,7230541217248033124,2.2922263145446777,True,,forwarded,,221
11204,2048,update,1785052479.4606996,1785052479.4606996,1785052476.0220172,upsert,2,64,StaticSemantic,17187779738238350693,3.4386823177337646,True,,forwarded,,222
11204,1024,update,1785052480.314027,1785052480.314027,1785052476.0221195,upsert,0,64,StaticSemantic,15769623694692820738,4.291907548904419,True,,forwarded,,223
11204,2048,update,1785052486.7669199,,1785052486.7664697,upsert,0,64,StaticSemantic,3610348553927340733,0.00045013427734375,True,,enqueued,,224
11204,2048,update,1785052486.767197,1785052486.767197,1785052486.7664697,upsert,0,64,StaticSemantic,3610348553927340733,0.0007271766662597656,True,,forwarded,,224
11204,1024,update,1785052486.7674792,,1785052486.7667685,upsert,1,64,StaticSemantic,11592361518825428217,0.0007107257843017578,True,,enqueued,,225
11204,4096,update,1785052486.7676065,,1785052486.7669573,upsert,2,64,StaticSemantic,5080278736125677280,0.0006492137908935547,True,,enqueued,,226
11204,1024,update,1785052486.7678156,1785052486.7678156,1785052486.7667685,upsert,1,64,StaticSemantic,11592361518825428217,0.0010471343994140625,True,,forwarded,,225
11204,4096,update,1785052486.7679162,1785052486.7679162,1785052486.7669573,upsert,2,64,StaticSemantic,5080278736125677280,0.0009589195251464844,True,,forwarded,,226
11204,2048,update,1785052486.7680125,,1785052486.7673042,upsert,3,64,StaticSemantic,1138219160345481599,0.0007083415985107422,True,,enqueued,,227
11204,2048,update,1785052486.7681293,1785052486.7681293,1785052486.7673042,upsert,3,64,StaticSemantic,1138219160345481599,0.0008251667022705078,True,,forwarded,,227
11204,4096,update,1785052498.9808433,,1785052498.980411,upsert,0,64,StaticSemantic,17846715708891391149,0.0004322528839111328,True,,enqueued,,228
11204,4096,update,1785052498.9812381,1785052498.9812381,1785052498.980411,upsert,0,64,StaticSemantic,17846715708891391149,0.0008270740509033203,True,,forwarded,,228
11204,1024,update,1785052498.9813874,,1785052498.980589,upsert,2,64,StaticSemantic,2791082597034988524,0.0007984638214111328,True,,enqueued,,229
11204,4096,update,1785052498.9815001,,1785052498.9806507,upsert,1,64,StaticSemantic,17846715708891391149,0.0008494853973388672,True,,enqueued,,230
11204,1024,update,1785052498.9817145,1785052498.9817145,1785052498.980589,upsert,2,64,StaticSemantic,2791082597034988524,0.0011255741119384766,True,,forwarded,,229
11204,4096,update,1785052498.9818509,1785052498.9818509,1785052498.9806507,upsert,1,64,StaticSemantic,17846715708891391149,0.0012001991271972656,True,,forwarded,,230
11204,2048,update,1785052498.9819548,,1785052498.9807677,upsert,3,64,StaticSemantic,11821849661176330329,0.0011870861053466797,True,,enqueued,,231
11204,2048,update,1785052498.9820876,1785052498.9820876,1785052498.9807677,upsert,3,64,StaticSemantic,11821849661176330329,0.00131988525390625,True,,forwarded,,231
11204,2048,update,1785052510.6433444,,1785052510.642886,upsert,0,64,StaticSemantic,15761329057692999658,0.0004584789276123047,True,,enqueued,,232
11204,2048,update,1785052510.6436489,1785052510.6436489,1785052510.642886,upsert,0,64,StaticSemantic,15761329057692999658,0.000762939453125,True,,forwarded,,232
11204,4096,update,1785052510.6439323,,1785052510.6432195,upsert,3,64,StaticSemantic,17846715708891391149,0.0007128715515136719,False,,suppressed,duplicate_holder,233
11204,4096,update,1785052510.6441393,,1785052510.643601,upsert,2,64,StaticSemantic,5080278736125677280,0.0005383491516113281,True,,enqueued,,234
11204,4096,update,1785052510.6443734,1785052510.6443734,1785052510.643601,upsert,2,64,StaticSemantic,5080278736125677280,0.0007724761962890625,True,,forwarded,,234
11204,1024,update,1785052510.6444945,,1785052510.6439695,upsert,1,64,StaticSemantic,5794772519797049687,0.0005249977111816406,True,,enqueued,,235
11204,1024,update,1785052510.644634,1785052510.644634,1785052510.6439695,upsert,1,64,StaticSemantic,5794772519797049687,0.0006644725799560547,True,,forwarded,,235
11204,4096,update,1785052514.3702383,,1785052514.3698323,upsert,1,64,StaticSemantic,17846715708891391149,0.00040602684020996094,True,,enqueued,,236
11204,4096,update,1785052514.3705113,1785052514.3705113,1785052514.3698323,upsert,1,64,StaticSemantic,17846715708891391149,0.00067901611328125,True,,forwarded,,236
11204,1024,update,1785052514.3707538,,1785052514.3702884,upsert,3,64,StaticSemantic,10999959520160277610,0.00046539306640625,True,,enqueued,,237
11204,1024,update,1785052514.3710406,1785052514.3710406,1785052514.3702884,upsert,3,64,StaticSemantic,10999959520160277610,0.0007522106170654297,True,,forwarded,,237
11204,2048,update,1785052514.3711636,,1785052514.3704526,upsert,0,64,StaticSemantic,14333057367934485678,0.0007109642028808594,True,,enqueued,,238
11204,2048,update,1785052514.3713782,1785052514.3713782,1785052514.3704526,upsert,0,64,StaticSemantic,14333057367934485678,0.0009255409240722656,True,,forwarded,,238
11204,2048,update,1785052514.371492,,1785052514.3706617,upsert,2,64,StaticSemantic,12395577753972294123,0.0008301734924316406,True,,enqueued,,239
11204,2048,update,1785052514.3716285,1785052514.3716285,1785052514.3706617,upsert,2,64,StaticSemantic,12395577753972294123,0.0009667873382568359,True,,forwarded,,239
11204,2048,update,1785052517.9275894,,1785052517.9270985,upsert,2,64,StaticSemantic,14333057367934485678,0.0004909038543701172,True,,enqueued,,240
11204,2048,update,1785052517.927933,1785052517.927933,1785052517.9270985,upsert,2,64,StaticSemantic,14333057367934485678,0.0008344650268554688,True,,forwarded,,240
11204,2048,update,1785052517.9282312,,1785052517.927456,upsert,3,64,StaticSemantic,11821849661176330329,0.0007753372192382812,True,,enqueued,,241
11204,2048,update,1785052517.9283588,,1785052517.9276931,upsert,1,64,StaticSemantic,3796152564256217897,0.0006656646728515625,True,,enqueued,,242
11204,2048,update,1785052517.928575,1785052517.928575,1785052517.927456,upsert,3,64,StaticSemantic,11821849661176330329,0.0011191368103027344,True,,forwarded,,241
11204,2048,update,1785052517.9286983,1785052517.9286983,1785052517.9276931,upsert,1,64,StaticSemantic,3796152564256217897,0.0010051727294921875,True,,forwarded,,242
11204,4096,update,1785052517.9288132,,1785052517.9279258,upsert,0,64,StaticSemantic,17846715708891391149,0.0008873939514160156,True,,enqueued,,243
11204,4096,update,1785052517.9289505,1785052517.9289505,1785052517.9279258,upsert,0,64,StaticSemantic,17846715708891391149,0.0010247230529785156,True,,forwarded,,243
11204,2048,update,1785052521.55457,,1785052521.5541115,upsert,0,64,StaticSemantic,6878038652119793510,0.0004584789276123047,True,,enqueued,,244
11204,2048,update,1785052521.554923,1785052521.554923,1785052521.5541115,upsert,0,64,StaticSemantic,6878038652119793510,0.0008115768432617188,True,,forwarded,,244
11204,2048,update,1785052521.555226,,1785052521.5544453,upsert,3,64,StaticSemantic,11821849661176330329,0.0007808208465576172,True,,enqueued,,245
11204,1024,update,1785052521.5553572,,1785052521.5546796,upsert,2,64,StaticSemantic,13844655051170110805,0.0006775856018066406,True,,enqueued,,246
11204,2048,update,1785052521.5555725,1785052521.5555725,1785052521.5544453,upsert,3,64,StaticSemantic,11821849661176330329,0.0011272430419921875,True,,forwarded,,245
11204,1024,update,1785052521.5556984,1785052521.5556984,1785052521.5546796,upsert,2,64,StaticSemantic,13844655051170110805,0.0010187625885009766,True,,forwarded,,246
11204,1024,update,1785052521.555816,,1785052521.554846,upsert,1,64,StaticSemantic,16236083247640581049,0.0009698867797851562,True,,enqueued,,247
11204,1024,update,1785052521.5559626,1785052521.5559626,1785052521.554846,upsert,1,64,StaticSemantic,16236083247640581049,0.0011165142059326172,True,,forwarded,,247
11204,4096,update,1785052533.1802938,,1785052533.1798427,upsert,1,64,StaticSemantic,3653934292717507175,0.00045108795166015625,True,,enqueued,,248
11204,4096,update,1785052533.1807094,1785052533.1807094,1785052533.1798427,upsert,1,64,StaticSemantic,3653934292717507175,0.0008666515350341797,True,,forwarded,,248
11204,1024,update,1785052533.1808894,,1785052533.1800537,upsert,3,64,StaticSemantic,12103029824873703222,0.0008356571197509766,True,,enqueued,,249
11204,4096,update,1785052533.1810112,,1785052533.1801193,upsert,0,64,StaticSemantic,17846715708891391149,0.0008919239044189453,True,,enqueued,,250
11204,4096,update,1785052533.181101,,1785052533.1801193,upsert,0,64,StaticSemantic,17846715708891391149,0.0009818077087402344,False,,suppressed,superseded,250
11204,4096,update,1785052533.181168,,1785052533.1802435,upsert,0,64,StaticSemantic,17846715708891391149,0.0009245872497558594,True,,enqueued,,251
11204,1024,update,1785052533.1813056,1785052533.1813056,1785052533.1800537,upsert,3,64,StaticSemantic,12103029824873703222,0.0012519359588623047,True,,forwarded,,249
11204,4096,update,1785052533.1814158,1785052533.1814158,1785052533.1802435,upsert,0,64,StaticSemantic,17846715708891391149,0.0011723041534423828,True,,forwarded,,251
11204,1024,update,1785052537.6560135,,1785052537.6555147,upsert,1,64,StaticSemantic,16236083247640581049,0.0004987716674804688,True,,enqueued,,252
11204,1024,update,1785052537.6563797,1785052537.6563797,1785052537.6555147,upsert,1,64,StaticSemantic,16236083247640581049,0.0008649826049804688,True,,forwarded,,252
11204,4096,update,1785052537.6565251,,1785052537.6558034,upsert,0,64,StaticSemantic,17846715708891391149,0.0007216930389404297,True,,enqueued,,253
11204,4096,update,1785052537.6567624,1785052537.6567624,1785052537.6558034,upsert,0,64,StaticSemantic,17846715708891391149,0.0009589195251464844,True,,forwarded,,253
11204,2048,update,1785052537.6569073,,1785052537.6561818,upsert,3,64,StaticSemantic,15507369539614680842,0.0007255077362060547,True,,enqueued,,254
11204,2048,update,1785052537.6569993,,1785052537.6564157,upsert,3,64,StaticSemantic,11821849661176330329,0.000583648681640625,True,,enqueued,,255
11204,2048,update,1785052537.6571333,1785052537.6571333,1785052537.6561818,upsert,3,64,StaticSemantic,15507369539614680842,0.0009515285491943359,True,,forwarded,,254
11204,2048,update,1785052537.6572404,1785052537.6572404,1785052537.6564157,upsert,3,64,StaticSemantic,11821849661176330329,0.0008246898651123047,True,,forwarded,,255
11204,2048,update,1785052541.452471,,1785052541.452054,upsert,2,64,StaticSemantic,12686689457414215630,0.0004169940948486328,True,,enqueued,,256
11204,2048,update,1785052541.452749,1785052541.452749,1785052541.452054,upsert,2,64,StaticSemantic,12686689457414215630,0.0006949901580810547,True,,forwarded,,256
11204,2048,update,1785052541.4530294,,1785052541.4523573,upsert,0,64,StaticSemantic,14333057367934485678,0.0006721019744873047,True,,enqueued,,257
11204,2048,update,1785052541.453326,1785052541.453326,1785052541.4523573,upsert,0,64,StaticSemantic,14333057367934485678,0.0009686946868896484,True,,forwarded,,257
11204,2048,update,1785052541.453449,,1785052541.4525867,upsert,3,64,StaticSemantic,11821849661176330329,0.0008623600006103516,True,,enqueued,,258
11204,1024,update,1785052541.4535513,,1785052541.4528413,upsert,1,64,StaticSemantic,8870018519622387243,0.0007100105285644531,True,,enqueued,,259
11204,2048,update,1785052541.4536824,1785052541.4536824,1785052541.4525867,upsert,3,64,StaticSemantic,11821849661176330329,0.0010957717895507812,True,,forwarded,,258
11204,1024,update,1785052541.4538035,1785052541.4538035,1785052541.4528413,upsert,1,64,StaticSemantic,8870018519622387243,0.0009622573852539062,True,,forwarded,,259
11204,4096,update,1785052543.4682322,,1785052543.4677408,upsert,0,64,StaticSemantic,17846715708891391149,0.0004913806915283203,True,,enqueued,,260
11204,4096,update,1785052543.4685366,1785052543.4685366,1785052543.4677408,upsert,0,64,StaticSemantic,17846715708891391149,0.0007958412170410156,True,,forwarded,,260
11204,1024,update,1785052543.4688184,,1785052543.4682279,upsert,2,64,StaticSemantic,13844655051170110805,0.0005905628204345703,True,,enqueued,,261
11204,1024,update,1785052543.4690716,1785052543.4690716,1785052543.4682279,upsert,2,64,StaticSemantic,13844655051170110805,0.0008437633514404297,True,,forwarded,,261
11204,4096,update,1785052543.4691994,,1785052543.4683974,upsert,1,64,StaticSemantic,17846715708891391149,0.0008020401000976562,True,,enqueued,,262
11204,2048,update,1785052543.4692905,,1785052543.468746,upsert,1,64,StaticSemantic,3796152564256217897,0.0005445480346679688,True,,enqueued,,263
11204,4096,update,1785052543.469422,1785052543.469422,1785052543.4683974,upsert,1,64,StaticSemantic,17846715708891391149,0.0010247230529785156,True,,forwarded,,262
11204,2048,update,1785052543.469521,1785052543.469521,1785052543.468746,upsert,1,64,StaticSemantic,3796152564256217897,0.0007750988006591797,True,,forwarded,,263
11204,4096,update,1785052554.8405437,,1785052554.8401024,upsert,0,64,StaticSemantic,17846715708891391149,0.0004413127899169922,True,,enqueued,,264
11204,4096,update,1785052554.8408628,1785052554.8408628,1785052554.8401024,upsert,0,64,StaticSemantic,17846715708891391149,0.0007603168487548828,True,,forwarded,,264
11204,4096,update,1785052554.8411076,,1785052554.840567,upsert,1,64,StaticSemantic,17846715708891391149,0.0005404949188232422,True,,enqueued,,265
11204,4096,update,1785052554.8413498,1785052554.8413498,1785052554.840567,upsert,1,64,StaticSemantic,17846715708891391149,0.0007827281951904297,True,,forwarded,,265
11204,4096,update,1785052554.8414736,,1785052554.8409438,upsert,2,64,StaticSemantic,7207950530426667890,0.0005297660827636719,True,,enqueued,,266
11204,4096,update,1785052554.8416247,1785052554.8416247,1785052554.8409438,upsert,2,64,StaticSemantic,7207950530426667890,0.0006809234619140625,True,,forwarded,,266
11204,2048,update,1785052554.841821,,1785052554.8412933,upsert,3,64,StaticSemantic,15507369539614680842,0.0005276203155517578,True,,enqueued,,267
11204,2048,update,1785052554.8419714,1785052554.8419714,1785052554.8412933,upsert,3,64,StaticSemantic,15507369539614680842,0.0006780624389648438,True,,forwarded,,267
11204,2048,update,1785052556.2582715,,1785052556.257838,upsert,3,64,StaticSemantic,11821849661176330329,0.0004334449768066406,True,,enqueued,,268
11204,2048,update,1785052556.2585533,1785052556.2585533,1785052556.257838,upsert,3,64,StaticSemantic,11821849661176330329,0.0007152557373046875,True,,forwarded,,268
11204,4096,update,1785052556.2588148,,1785052556.2581635,upsert,2,64,StaticSemantic,5080278736125677280,0.0006513595581054688,True,,enqueued,,269
11204,4096,update,1785052556.2590666,1785052556.2590666,1785052556.2581635,upsert,2,64,StaticSemantic,5080278736125677280,0.0009031295776367188,True,,forwarded,,269
11204,4096,update,1785052556.2591908,,1785052556.2585273,upsert,1,64,StaticSemantic,17846715708891391149,0.0006635189056396484,True,,enqueued,,270
11204,4096,update,1785052556.2594008,1785052556.2594008,1785052556.2585273,upsert,1,64,StaticSemantic,17846715708891391149,0.000873565673828125,True,,forwarded,,270
11204,2048,update,1785052556.2595153,,1785052556.258881,upsert,3,64,StaticSemantic,11821849661176330329,0.0006341934204101562,True,,enqueued,,271
11204,2048,update,1785052556.2596514,1785052556.2596514,1785052556.258881,upsert,3,64,StaticSemantic,11821849661176330329,0.0007703304290771484,True,,forwarded,,271
11204,1024,update,1785052567.180853,,1785052567.1803842,upsert,3,64,StaticSemantic,15542353749932536880,0.0004687309265136719,True,,enqueued,,272
11204,1024,update,1785052567.1812708,1785052567.1812708,1785052567.1803842,upsert,3,64,StaticSemantic,15542353749932536880,0.0008866786956787109,True,,forwarded,,272
11204,2048,update,1785052567.1814244,,1785052567.1806498,upsert,0,64,StaticSemantic,6878038652119793510,0.0007746219635009766,True,,enqueued,,273
11204,2048,update,1785052567.1816761,1785052567.1816761,1785052567.1806498,upsert,0,64,StaticSemantic,6878038652119793510,0.0010263919830322266,True,,forwarded,,273
11204,2048,update,1785052567.181813,,1785052567.1809013,upsert,3,64,StaticSemantic,11821849661176330329,0.000911712646484375,True,,enqueued,,274
11204,2048,update,1785052567.1820388,1785052567.1820388,1785052567.1809013,upsert,3,64,StaticSemantic,11821849661176330329,0.0011374950408935547,True,,forwarded,,274
11204,4096,update,1785052567.182154,,1785052567.18112,upsert,1,64,StaticSemantic,6011659882065852394,0.0010340213775634766,True,,enqueued,,275
11204,4096,update,1785052567.182296,1785052567.182296,1785052567.18112,upsert,1,64,StaticSemantic,6011659882065852394,0.0011761188507080078,True,,forwarded,,275
11204,4096,update,1785052568.640704,,1785052568.6402757,upsert,1,64,StaticSemantic,17846715708891391149,0.00042819976806640625,True,,enqueued,,276
11204,4096,update,1785052568.6410396,1785052568.6410396,1785052568.6402757,upsert,1,64,StaticSemantic,17846715708891391149,0.0007638931274414062,True,,forwarded,,276
11204,2048,update,1785052568.641317,,1785052568.6407158,upsert,0,64,StaticSemantic,3610348553927340733,0.0006010532379150391,True,,enqueued,,277
11204,2048,update,1785052568.6416187,1785052568.6416187,1785052568.6407158,upsert,0,64,StaticSemantic,3610348553927340733,0.0009028911590576172,True,,forwarded,,277
11204,2048,update,1785052568.6417437,,1785052568.6409552,upsert,2,64,StaticSemantic,14333057367934485678,0.0007884502410888672,True,,enqueued,,278
11204,1024,update,1785052568.6418705,,1785052568.64117,upsert,3,64,StaticSemantic,14718592730808615998,0.0007004737854003906,True,,enqueued,,279
11204,2048,update,1785052568.642015,1785052568.642015,1785052568.6409552,upsert,2,64,StaticSemantic,14333057367934485678,0.0010597705841064453,True,,forwarded,,278
11204,1024,update,1785052568.642132,1785052568.642132,1785052568.64117,upsert,3,64,StaticSemantic,14718592730808615998,0.0009620189666748047,True,,forwarded,,279
11204,2048,update,1785052572.4917345,,1785052572.4914057,upsert,0,64,StaticSemantic,16508625817180621701,0.0003287792205810547,True,,enqueued,,280
11204,2048,update,1785052572.491932,1785052572.491932,1785052572.4914057,upsert,0,64,StaticSemantic,16508625817180621701,0.0005261898040771484,True,,forwarded,,280
11204,2048,update,1785052572.4920604,,1785052572.4917321,upsert,1,64,StaticSemantic,15887908940016499529,0.00032830238342285156,True,,enqueued,,281
11204,2048,update,1785052572.4921787,1785052572.4921787,1785052572.4917321,upsert,1,64,StaticSemantic,15887908940016499529,0.00044655799865722656,True,,forwarded,,281
11204,2048,update,1785052572.492238,,1785052572.491988,upsert,2,64,StaticSemantic,14333057367934485678,0.00025010108947753906,True,,enqueued,,282
11204,2048,update,1785052572.492314,1785052572.492314,1785052572.491988,upsert,2,64,StaticSemantic,14333057367934485678,0.0003261566162109375,True,,forwarded,,282
11204,2048,update,1785052572.492402,,1785052572.4922085,upsert,2,64,StaticSemantic,14333057367934485678,0.00019359588623046875,True,,enqueued,,283
11204,2048,update,1785052572.4924667,1785052572.4924667,1785052572.4922085,upsert,2,64,StaticSemantic,14333057367934485678,0.0002582073211669922,True,,forwarded,,283
11204,4096,update,1785052573.8771198,,1785052573.8767312,upsert,2,64,StaticSemantic,5080278736125677280,0.0003886222839355469,True,,enqueued,,284
11204,4096,update,1785052573.8773773,1785052573.8773773,1785052573.8767312,upsert,2,64,StaticSemantic,5080278736125677280,0.0006461143493652344,True,,forwarded,,284
11204,4096,update,1785052573.877595,,1785052573.8772016,upsert,1,64,StaticSemantic,17846715708891391149,0.0003933906555175781,True,,enqueued,,285
11204,4096,update,1785052573.8777418,1785052573.8777418,1785052573.8772016,upsert,1,64,StaticSemantic,17846715708891391149,0.0005402565002441406,True,,forwarded,,285
11204,4096,update,1785052573.8779595,,1785052573.8775668,upsert,0,64,StaticSemantic,17846715708891391149,0.00039267539978027344,True,,enqueued,,286
11204,4096,update,1785052573.8781085,1785052573.8781085,1785052573.8775668,upsert,0,64,StaticSemantic,17846715708891391149,0.00054168701171875,True,,forwarded,,286
11204,1024,update,1785052573.878291,,1785052573.8779294,upsert,3,64,StaticSemantic,13764273285245102789,0.00036144256591796875,True,,enqueued,,287
11204,1024,update,1785052573.8784142,1785052573.8784142,1785052573.8779294,upsert,3,64,StaticSemantic,13764273285245102789,0.00048470497131347656,True,,forwarded,,287
11204,2048,update,1785052577.4656036,,1785052577.4652839,upsert,1,64,StaticSemantic,12169285934737722315,0.0003197193145751953,True,,enqueued,,288
11204,2048,update,1785052577.465744,1785052577.465744,1785052577.4652839,upsert,1,64,StaticSemantic,12169285934737722315,0.0004601478576660156,True,,forwarded,,288
11204,1024,update,1785052577.4658685,,1785052577.465611,upsert,3,64,StaticSemantic,14718592730808615998,0.0002574920654296875,True,,enqueued,,289
11204,1024,update,1785052577.465968,1785052577.465968,1785052577.465611,upsert,3,64,StaticSemantic,14718592730808615998,0.00035691261291503906,True,,forwarded,,289
11204,2048,update,1785052577.4660168,,1785052577.4657948,upsert,3,64,StaticSemantic,11821849661176330329,0.0002219676971435547,True,,enqueued,,290
11204,2048,update,1785052577.4660664,1785052577.4660664,1785052577.4657948,upsert,3,64,StaticSemantic,11821849661176330329,0.0002715587615966797,True,,forwarded,,290
11204,1024,update,1785052577.4661558,,1785052577.4660125,upsert,0,64,StaticSemantic,7759237608199543855,0.00014328956604003906,True,,enqueued,,291
11204,1024,update,1785052579.1303444,1785052579.1303444,1785052577.4660125,upsert,0,64,StaticSemantic,7759237608199543855,1.6643319129943848,True,,forwarded,,291
11204,2048,update,1785052589.4537184,,1785052589.453261,upsert,0,64,StaticSemantic,6878038652119793510,0.00045752525329589844,True,,enqueued,,292
11204,2048,update,1785052589.4540493,1785052589.4540493,1785052589.453261,upsert,0,64,StaticSemantic,6878038652119793510,0.0007884502410888672,True,,forwarded,,292
11204,4096,update,1785052589.4542923,,1785052589.4535866,upsert,1,64,StaticSemantic,17846715708891391149,0.000705718994140625,True,,enqueued,,293
11204,4096,update,1785052589.454535,1785052589.454535,1785052589.4535866,upsert,1,64,StaticSemantic,17846715708891391149,0.0009484291076660156,True,,forwarded,,293
11204,4096,update,1785052589.4546583,,1785052589.4540265,upsert,3,64,StaticSemantic,15431656929541765248,0.0006318092346191406,True,,enqueued,,294
11204,4096,update,1785052589.454823,1785052589.454823,1785052589.4540265,upsert,3,64,StaticSemantic,15431656929541765248,0.0007965564727783203,True,,forwarded,,294
11204,1024,update,1785052589.4550192,,1785052589.4544723,upsert,2,64,StaticSemantic,7759237608199543855,0.0005469322204589844,True,,enqueued,,295
11204,1024,update,1785052589.4551694,1785052589.4551694,1785052589.4544723,upsert,2,64,StaticSemantic,7759237608199543855,0.0006971359252929688,True,,forwarded,,295
11204,1024,update,1785052593.317583,,1785052593.3171456,upsert,3,64,StaticSemantic,13764273285245102789,0.0004374980926513672,True,,enqueued,,296
11204,1024,update,1785052593.3179832,1785052593.3179832,1785052593.3171456,upsert,3,64,StaticSemantic,13764273285245102789,0.0008375644683837891,True,,forwarded,,296
11204,1024,update,1785052593.3181343,,1785052593.3173854,upsert,2,64,StaticSemantic,13844655051170110805,0.0007488727569580078,True,,enqueued,,297
11204,1024,update,1785052593.318381,1785052593.318381,1785052593.3173854,upsert,2,64,StaticSemantic,13844655051170110805,0.000995635986328125,True,,forwarded,,297
11204,2048,update,1785052593.3185058,,1785052593.317551,upsert,1,64,StaticSemantic,15260451301505084502,0.0009548664093017578,True,,enqueued,,298
11204,2048,update,1785052593.3187084,1785052593.3187084,1785052593.317551,upsert,1,64,StaticSemantic,15260451301505084502,0.001157522201538086,True,,forwarded,,298
11204,4096,update,1785052593.3188329,,1785052593.3177907,upsert,0,64,StaticSemantic,17846715708891391149,0.0010421276092529297,True,,enqueued,,299
11204,4096,update,1785052593.3189497,1785052593.3189497,1785052593.3177907,upsert,0,64,StaticSemantic,17846715708891391149,0.0011589527130126953,True,,forwarded,,299
11204,4096,update,1785052594.7693667,,1785052594.7690747,upsert,0,64,StaticSemantic,17846715708891391149,0.00029206275939941406,True,,enqueued,,300
11204,4096,update,1785052594.7695339,1785052594.7695339,1785052594.7690747,upsert,0,64,StaticSemantic,17846715708891391149,0.0004591941833496094,True,,forwarded,,300
11204,4096,update,1785052594.7696564,,1785052594.7693136,upsert,1,64,StaticSemantic,17846715708891391149,0.0003428459167480469,True,,enqueued,,301
11204,4096,update,1785052594.76976,1785052594.76976,1785052594.7693136,upsert,1,64,StaticSemantic,17846715708891391149,0.000446319580078125,True,,forwarded,,301
11204,2048,update,1785052594.769839,,1785052594.7694793,upsert,3,64,StaticSemantic,15507369539614680842,0.0003597736358642578,True,,enqueued,,302
11204,2048,update,1785052594.7699378,1785052594.7699378,1785052594.7694793,upsert,3,64,StaticSemantic,15507369539614680842,0.0004584789276123047,True,,forwarded,,302
11204,1024,update,1785052594.7699933,,1785052594.7696068,upsert,2,64,StaticSemantic,15148276972076288962,0.0003864765167236328,True,,enqueued,,303
11204,1024,update,1785052594.7700462,1785052594.7700462,1785052594.7696068,upsert,2,64,StaticSemantic,15148276972076288962,0.0004394054412841797,True,,forwarded,,303
11204,4096,update,1785052599.3723838,,1785052599.3720572,upsert,1,64,StaticSemantic,3653934292717507175,0.0003266334533691406,True,,enqueued,,304
11204,4096,update,1785052599.3726149,1785052599.3726149,1785052599.3720572,upsert,1,64,StaticSemantic,3653934292717507175,0.0005576610565185547,True,,forwarded,,304
11204,2048,update,1785052599.3729048,,1785052599.3725064,upsert,2,64,StaticSemantic,10946459298946968941,0.00039839744567871094,True,,enqueued,,305
11204,2048,update,1785052599.373118,1785052599.373118,1785052599.3725064,upsert,2,64,StaticSemantic,10946459298946968941,0.0006115436553955078,True,,forwarded,,305
11204,4096,update,1785052599.3732352,,1785052599.372738,upsert,0,64,StaticSemantic,17846715708891391149,0.0004973411560058594,True,,enqueued,,306
11204,4096,update,1785052599.3733716,1785052599.3733716,1785052599.372738,upsert,0,64,StaticSemantic,17846715708891391149,0.0006337165832519531,True,,forwarded,,306
11204,2048,update,1785052599.373544,,1785052599.3731022,upsert,2,64,StaticSemantic,14333057367934485678,0.0004417896270751953,True,,enqueued,,307
11204,2048,update,1785052599.373665,1785052599.373665,1785052599.3731022,upsert,2,64,StaticSemantic,14333057367934485678,0.0005629062652587891,True,,forwarded,,307
11204,2048,update,1785052600.8392684,,1785052600.8389394,upsert,3,64,StaticSemantic,11821849661176330329,0.00032901763916015625,True,,enqueued,,308
11204,4096,update,1785052600.8394392,,1785052600.8392634,upsert,1,64,StaticSemantic,17846715708891391149,0.00017571449279785156,True,,enqueued,,309
11204,1024,update,1785052600.8397672,,1785052600.8396373,upsert,2,64,StaticSemantic,13844655051170110805,0.00012993812561035156,True,,enqueued,,310
11204,2048,update,1785052600.8399305,,1785052600.8398037,upsert,0,64,StaticSemantic,6878038652119793510,0.00012683868408203125,True,,enqueued,,311
11204,2048,update,1785052602.4772809,1785052602.4772809,1785052600.8389394,upsert,3,64,StaticSemantic,11821849661176330329,1.6383414268493652,True,,forwarded,,308
11204,4096,update,1785052603.803936,1785052603.803936,1785052600.8392634,upsert,1,64,StaticSemantic,17846715708891391149,2.964672565460205,True,,forwarded,,309
11204,1024,update,1785052603.8040938,1785052603.8040938,1785052600.8396373,upsert,2,64,StaticSemantic,13844655051170110805,2.964456558227539,True,,forwarded,,310
11204,2048,update,1785052605.52809,1785052605.52809,1785052600.8398037,upsert,0,64,StaticSemantic,6878038652119793510,4.688286304473877,True,,forwarded,,311
11204,4096,update,1785052612.1341207,,1785052612.1336849,upsert,1,64,StaticSemantic,17846715708891391149,0.00043582916259765625,True,,enqueued,,312
11204,4096,update,1785052612.1344955,1785052612.1344955,1785052612.1336849,upsert,1,64,StaticSemantic,17846715708891391149,0.0008106231689453125,True,,forwarded,,312
11204,4096,update,1785052612.1346438,,1785052612.1339302,upsert,2,64,StaticSemantic,16959770370201147106,0.0007135868072509766,True,,enqueued,,313
11204,4096,update,1785052612.1349692,1785052612.1349692,1785052612.1339302,upsert,2,64,StaticSemantic,16959770370201147106,0.0010390281677246094,True,,forwarded,,313
11204,4096,update,1785052612.1350975,,1785052612.1341002,upsert,0,64,StaticSemantic,17846715708891391149,0.000997304916381836,True,,enqueued,,314
11204,1024,update,1785052612.1352003,,1785052612.1342518,upsert,3,64,StaticSemantic,10999959520160277610,0.0009484291076660156,True,,enqueued,,315
11204,4096,update,1785052612.1353195,1785052612.1353195,1785052612.1341002,upsert,0,64,StaticSemantic,17846715708891391149,0.0012192726135253906,True,,forwarded,,314
11204,1024,update,1785052612.1354058,1785052612.1354058,1785052612.1342518,upsert,3,64,StaticSemantic,10999959520160277610,0.0011539459228515625,True,,forwarded,,315
11204,1024,update,1785052614.2580318,,1785052614.2577314,upsert,1,64,StaticSemantic,11592361518825428217,0.00030040740966796875,True,,enqueued,,316
11204,1024,update,1785052614.2581813,1785052614.2581813,1785052614.2577314,upsert,1,64,StaticSemantic,11592361518825428217,0.00044989585876464844,True,,forwarded,,316
11204,2048,update,1785052614.2582905,,1785052614.2580073,upsert,0,64,StaticSemantic,14333057367934485678,0.00028324127197265625,True,,enqueued,,317
11204,2048,update,1785052614.2583582,1785052614.2583582,1785052614.2580073,upsert,0,64,StaticSemantic,14333057367934485678,0.0003509521484375,True,,forwarded,,317
11204,4096,update,1785052614.258441,,1785052614.2582462,upsert,0,64,StaticSemantic,17846715708891391149,0.00019478797912597656,True,,enqueued,,318
11204,4096,update,1785052614.2585046,1785052614.2585046,1785052614.2582462,upsert,0,64,StaticSemantic,17846715708891391149,0.00025844573974609375,True,,forwarded,,318
11204,4096,update,1785052614.2587202,,1785052614.2586064,upsert,1,64,StaticSemantic,17846715708891391149,0.00011372566223144531,True,,enqueued,,319
11204,4096,update,1785052614.2587976,1785052614.2587976,1785052614.2586064,upsert,1,64,StaticSemantic,17846715708891391149,0.00019121170043945312,True,,forwarded,,319
11204,4096,update,1785052616.0377614,,1785052616.0373044,upsert,1,64,StaticSemantic,17846715708891391149,0.0004570484161376953,True,,enqueued,,320
11204,1024,update,1785052616.0381286,,1785052616.0378006,upsert,2,64,StaticSemantic,13844655051170110805,0.00032806396484375,True,,enqueued,,321
11204,4096,update,1785052616.0382454,,1785052616.0379763,upsert,2,64,StaticSemantic,16959770370201147106,0.00026917457580566406,True,,enqueued,,322
11204,4096,update,1785052616.038527,,1785052616.0383203,upsert,0,64,StaticSemantic,17846715708891391149,0.0002067089080810547,True,,enqueued,,323
11204,4096,update,1785052616.4568682,1785052616.4568682,1785052616.0373044,upsert,1,64,StaticSemantic,17846715708891391149,0.41956377029418945,True,,forwarded,,320
11204,2048,update,1785052617.3405225,,1785052617.3400712,upsert,3,64,StaticSemantic,11821849661176330329,0.0004513263702392578,True,,enqueued,,324
11204,2048,update,1785052617.34093,,1785052617.3403842,upsert,0,64,StaticSemantic,14333057367934485678,0.0005457401275634766,True,,enqueued,,325
11204,1024,update,1785052617.3410695,,1785052616.0378006,upsert,2,64,StaticSemantic,13844655051170110805,1.3032689094543457,False,,suppressed,superseded,321
11204,1024,update,1785052617.3411539,,1785052617.3406148,upsert,2,64,StaticSemantic,13844655051170110805,0.0005390644073486328,True,,enqueued,,326
11204,4096,update,1785052617.3413277,,1785052617.3407617,upsert,1,64,StaticSemantic,17846715708891391149,0.0005660057067871094,True,,enqueued,,327
11204,4096,update,1785052617.783421,1785052617.783421,1785052616.0379763,upsert,2,64,StaticSemantic,16959770370201147106,1.7454447746276855,True,,forwarded,,322
11204,4096,update,1785052617.7835836,1785052617.7835836,1785052616.0383203,upsert,0,64,StaticSemantic,17846715708891391149,1.7452633380889893,True,,forwarded,,323
11204,1024,update,1785052618.251433,,1785052617.3406148,upsert,2,64,StaticSemantic,13844655051170110805,0.9108180999755859,False,,suppressed,superseded,326
11204,1024,update,1785052618.251525,,1785052618.251111,upsert,2,64,StaticSemantic,13844655051170110805,0.0004138946533203125,True,,enqueued,,328
11204,2048,update,1785052618.2516441,,1785052617.3400712,upsert,3,64,StaticSemantic,11821849661176330329,0.9115729331970215,False,,suppressed,superseded,324
11204,2048,update,1785052618.2516856,,1785052618.2513607,upsert,3,64,StaticSemantic,11821849661176330329,0.0003249645233154297,True,,enqueued,,329
11204,1024,update,1785052618.2518048,,1785052618.2516017,upsert,1,64,StaticSemantic,16236083247640581049,0.00020313262939453125,True,,enqueued,,330
11204,2048,update,1785052618.2519014,,1785052618.2513607,upsert,3,64,StaticSemantic,11821849661176330329,0.0005407333374023438,False,,suppressed,superseded,329
11204,2048,update,1785052618.2519386,,1785052618.251749,upsert,3,64,StaticSemantic,11821849661176330329,0.0001895427703857422,True,,enqueued,,331
11204,2048,update,1785052618.9615972,,1785052618.9611251,upsert,1,64,StaticSemantic,3796152564256217897,0.00047206878662109375,True,,enqueued,,332
11204,2048,update,1785052618.961933,,1785052618.9614391,upsert,0,64,StaticSemantic,6878038652119793510,0.0004937648773193359,True,,enqueued,,333
11204,2048,update,1785052618.9621592,,1785052618.251749,upsert,3,64,StaticSemantic,11821849661176330329,0.7104101181030273,False,,suppressed,superseded,331
11204,2048,update,1785052618.962251,,1785052618.9616718,upsert,3,64,StaticSemantic,11821849661176330329,0.0005791187286376953,True,,enqueued,,334
11204,1024,update,1785052618.9624264,,1785052618.251111,upsert,2,64,StaticSemantic,13844655051170110805,0.711315393447876,False,,suppressed,superseded,328
11204,1024,update,1785052618.9625077,,1785052618.9619105,upsert,2,64,StaticSemantic,13844655051170110805,0.0005972385406494141,True,,enqueued,,335
11204,2048,update,1785052619.7628527,1785052619.7628527,1785052617.3403842,upsert,0,64,StaticSemantic,14333057367934485678,2.422468423843384,True,,forwarded,,325
11204,4096,update,1785052620.266751,,1785052617.3407617,upsert,1,64,StaticSemantic,17846715708891391149,2.9259893894195557,False,,suppressed,superseded,327
11204,4096,update,1785052620.266922,,1785052620.2663612,upsert,1,64,StaticSemantic,17846715708891391149,0.000560760498046875,True,,enqueued,,336
11204,2048,update,1785052620.2671616,,1785052618.9616718,upsert,3,64,StaticSemantic,11821849661176330329,1.3054897785186768,False,,suppressed,superseded,334
11204,2048,update,1785052620.2672517,,1785052620.2668314,upsert,3,64,StaticSemantic,11821849661176330329,0.0004203319549560547,True,,enqueued,,337
11204,4096,update,1785052620.2674546,,1785052620.2670722,upsert,0,64,StaticSemantic,17846715708891391149,0.00038242340087890625,True,,enqueued,,338
11204,2048,update,1785052620.2676573,,1785052620.2668314,upsert,3,64,StaticSemantic,11821849661176330329,0.0008258819580078125,False,,suppressed,superseded,337
11204,2048,update,1785052620.2677364,,1785052620.2674193,upsert,3,64,StaticSemantic,11821849661176330329,0.0003170967102050781,True,,enqueued,,339
11204,2048,update,1785052621.0118332,,1785052621.0113637,upsert,1,64,StaticSemantic,15260451301505084502,0.00046944618225097656,True,,enqueued,,340
11204,2048,update,1785052621.012184,,1785052621.011532,upsert,0,64,StaticSemantic,14333057367934485678,0.0006518363952636719,True,,enqueued,,341
11204,1024,update,1785052621.0123234,,1785052618.9619105,upsert,2,64,StaticSemantic,13844655051170110805,2.050412893295288,False,,suppressed,superseded,335
11204,1024,update,1785052621.0124066,,1785052621.0116403,upsert,2,64,StaticSemantic,13844655051170110805,0.0007662773132324219,True,,enqueued,,342
11204,2048,update,1785052621.0125833,,1785052620.2674193,upsert,3,64,StaticSemantic,11821849661176330329,0.7451639175415039,False,,suppressed,superseded,339
11204,2048,update,1785052621.0126646,,1785052621.0117116,upsert,3,64,StaticSemantic,11821849661176330329,0.0009529590606689453,True,,enqueued,,343
11204,1024,update,1785052621.7629426,1785052621.7629426,1785052618.2516017,upsert,1,64,StaticSemantic,16236083247640581049,3.511340856552124,True,,forwarded,,330
11204,2048,update,1785052623.7630668,1785052623.7630668,1785052618.9611251,upsert,1,64,StaticSemantic,3796152564256217897,4.801941633224487,True,,forwarded,,332
11204,2048,update,1785052623.7632265,1785052623.7632265,1785052618.9614391,upsert,0,64,StaticSemantic,6878038652119793510,4.801787376403809,True,,forwarded,,333
11204,4096,update,1785052626.4160252,1785052626.4160252,1785052620.2663612,upsert,1,64,StaticSemantic,17846715708891391149,6.149663925170898,True,,forwarded,,336
11204,4096,update,1785052628.4159167,1785052628.4159167,1785052620.2670722,upsert,0,64,StaticSemantic,17846715708891391149,8.148844480514526,True,,forwarded,,338
11204,2048,update,1785052630.4160235,1785052630.4160235,1785052621.0113637,upsert,1,64,StaticSemantic,15260451301505084502,9.404659748077393,True,,forwarded,,340
11204,2048,update,1785052630.4161613,1785052630.4161613,1785052621.011532,upsert,0,64,StaticSemantic,14333057367934485678,9.404629230499268,True,,forwarded,,341
11204,4096,update,1785052632.176278,,1785052632.1758041,upsert,1,64,StaticSemantic,17846715708891391149,0.00047397613525390625,True,,enqueued,,344
11204,4096,update,1785052632.1765995,,1785052632.1762574,upsert,2,64,StaticSemantic,594533630581776597,0.0003421306610107422,True,,enqueued,,345
11204,1024,update,1785052632.176858,,1785052632.176619,upsert,1,64,StaticSemantic,8870018519622387243,0.00023889541625976562,True,,enqueued,,346
11204,2048,update,1785052632.1770754,,1785052632.1767676,upsert,0,64,StaticSemantic,6878038652119793510,0.0003077983856201172,True,,enqueued,,347
11204,1024,update,1785052633.0691364,1785052633.0691364,1785052621.0116403,upsert,2,64,StaticSemantic,13844655051170110805,12.057496070861816,True,,forwarded,,342
11204,2048,update,1785052635.0691857,1785052635.0691857,1785052621.0117116,upsert,3,64,StaticSemantic,11821849661176330329,14.057474136352539,True,,forwarded,,343
11204,4096,update,1785052636.956684,1785052636.956684,1785052632.1758041,upsert,1,64,StaticSemantic,17846715708891391149,4.780879974365234,True,,forwarded,,344
11204,4096,update,1785052636.956876,1785052636.956876,1785052632.1762574,upsert,2,64,StaticSemantic,594533630581776597,4.780618667602539,True,,forwarded,,345
11204,2048,update,1785052637.451339,,1785052637.4509134,upsert,1,64,StaticSemantic,15260451301505084502,0.00042557716369628906,True,,enqueued,,348
11204,2048,update,1785052637.451638,,1785052637.451229,upsert,3,64,StaticSemantic,15507369539614680842,0.0004088878631591797,True,,enqueued,,349
11204,2048,update,1785052637.4518871,,1785052637.4514585,upsert,0,64,StaticSemantic,7868677391643418442,0.0004286766052246094,True,,enqueued,,350
11204,4096,update,1785052637.451996,,1785052637.4516761,upsert,0,64,StaticSemantic,17846715708891391149,0.0003199577331542969,True,,enqueued,,351
11204,1024,update,1785052637.7424622,1785052637.7424622,1785052632.176619,upsert,1,64,StaticSemantic,8870018519622387243,5.565843105316162,True,,forwarded,,346
11204,2048,update,1785052639.7426841,1785052639.7426841,1785052632.1767676,upsert,0,64,StaticSemantic,6878038652119793510,7.565916538238525,True,,forwarded,,347
11204,2048,update,1785052641.6301973,1785052641.6301973,1785052637.4509134,upsert,1,64,StaticSemantic,15260451301505084502,4.179283857345581,True,,forwarded,,348
11204,2048,update,1785052641.6303585,1785052641.6303585,1785052637.451229,upsert,3,64,StaticSemantic,15507369539614680842,4.179129362106323,True,,forwarded,,349
11204,2048,update,1785052642.4160726,1785052642.4160726,1785052637.4514585,upsert,0,64,StaticSemantic,7868677391643418442,4.964614152908325,True,,forwarded,,350
11204,4096,update,1785052643.7425716,1785052643.7425716,1785052637.4516761,upsert,0,64,StaticSemantic,17846715708891391149,6.290895462036133,True,,forwarded,,351
11204,2048,update,1785052649.1295187,,1785052649.1292105,upsert,3,64,StaticSemantic,11821849661176330329,0.0003082752227783203,True,,enqueued,,352
11204,2048,update,1785052649.1297004,1785052649.1297004,1785052649.1292105,upsert,3,64,StaticSemantic,11821849661176330329,0.0004899501800537109,True,,forwarded,,352
11204,4096,update,1785052649.129866,,1785052649.1294591,upsert,0,64,StaticSemantic,14470901837808647390,0.0004067420959472656,True,,enqueued,,353
11204,4096,update,1785052649.1300707,1785052649.1300707,1785052649.1294591,upsert,0,64,StaticSemantic,14470901837808647390,0.0006115436553955078,True,,forwarded,,353
11204,1024,update,1785052649.1303136,,1785052649.1298683,upsert,1,64,StaticSemantic,16236083247640581049,0.00044536590576171875,True,,enqueued,,354
11204,1024,update,1785052649.130532,1785052649.130532,1785052649.1298683,upsert,1,64,StaticSemantic,16236083247640581049,0.00066375732421875,True,,forwarded,,354
11204,2048,update,1785052649.130647,,1785052649.130023,upsert,3,64,StaticSemantic,11821849661176330329,0.0006239414215087891,True,,enqueued,,355
11204,2048,update,1785052649.1308305,1785052649.1308305,1785052649.130023,upsert,3,64,StaticSemantic,11821849661176330329,0.0008075237274169922,True,,forwarded,,355
11204,2048,update,1785052650.5354042,,1785052650.535072,upsert,2,64,StaticSemantic,12395577753972294123,0.00033211708068847656,True,,enqueued,,356
11204,2048,update,1785052650.5356429,1785052650.5356429,1785052650.535072,upsert,2,64,StaticSemantic,12395577753972294123,0.0005707740783691406,True,,forwarded,,356
11204,4096,update,1785052650.5359545,,1785052650.5353773,upsert,1,64,StaticSemantic,3653934292717507175,0.0005772113800048828,True,,enqueued,,357
11204,4096,update,1785052650.536213,1785052650.536213,1785052650.5353773,upsert,1,64,StaticSemantic,3653934292717507175,0.0008356571197509766,True,,forwarded,,357
11204,2048,update,1785052650.5363388,,1785052650.5357592,upsert,0,64,StaticSemantic,6878038652119793510,0.0005795955657958984,True,,enqueued,,358
11204,1024,update,1785052650.5365796,,1785052650.535987,upsert,2,64,StaticSemantic,13844655051170110805,0.0005927085876464844,True,,enqueued,,359
11204,2048,update,1785052651.7222025,1785052651.7222025,1785052650.5357592,upsert,0,64,StaticSemantic,6878038652119793510,1.1864433288574219,True,,forwarded,,358
11204,1024,update,1785052651.7223673,1785052651.7223673,1785052650.535987,upsert,2,64,StaticSemantic,13844655051170110805,1.186380386352539,True,,forwarded,,359
11204,1024,update,1785052652.2159393,,1785052652.2154741,upsert,1,64,StaticSemantic,16236083247640581049,0.00046515464782714844,True,,enqueued,,360
11204,4096,update,1785052652.2162917,,1785052652.2157118,upsert,0,64,StaticSemantic,17846715708891391149,0.000579833984375,True,,enqueued,,361
11204,4096,update,1785052652.2165318,,1785052652.2161198,upsert,2,64,StaticSemantic,16959770370201147106,0.0004119873046875,True,,enqueued,,362
11204,4096,update,1785052652.2168171,,1785052652.2161198,upsert,2,64,StaticSemantic,16959770370201147106,0.0006973743438720703,False,,suppressed,superseded,362
11204,4096,update,1785052652.2169113,,1785052652.2165089,upsert,2,64,StaticSemantic,16959770370201147106,0.0004024505615234375,True,,enqueued,,363
11204,2048,update,1785052653.5135365,,1785052653.5130773,upsert,0,64,StaticSemantic,6878038652119793510,0.0004591941833496094,True,,enqueued,,364
11204,2048,update,1785052653.514014,,1785052653.5133955,upsert,3,64,StaticSemantic,11821849661176330329,0.0006184577941894531,True,,enqueued,,365
11204,4096,update,1785052653.5141642,,1785052653.5136268,upsert,1,64,StaticSemantic,17846715708891391149,0.0005373954772949219,True,,enqueued,,366
11204,2048,update,1785052653.5144432,,1785052653.514049,upsert,2,64,StaticSemantic,14333057367934485678,0.0003941059112548828,True,,enqueued,,367
11204,1024,update,1785052655.0487213,1785052655.0487213,1785052652.2154741,upsert,1,64,StaticSemantic,16236083247640581049,2.833247184753418,True,,forwarded,,360
11204,4096,update,1785052655.0489144,1785052655.0489144,1785052652.2157118,upsert,0,64,StaticSemantic,17846715708891391149,2.833202600479126,True,,forwarded,,361
11204,2048,update,1785052655.2068405,,1785052653.514049,upsert,2,64,StaticSemantic,14333057367934485678,1.69279146194458,False,,suppressed,superseded,367
11204,2048,update,1785052655.206954,,1785052655.2064779,upsert,2,64,StaticSemantic,14333057367934485678,0.0004761219024658203,True,,enqueued,,368
11204,2048,update,1785052655.207248,,1785052653.5130773,upsert,0,64,StaticSemantic,6878038652119793510,1.6941707134246826,False,,suppressed,superseded,364
11204,2048,update,1785052655.207344,,1785052655.2068064,upsert,0,64,StaticSemantic,6878038652119793510,0.0005376338958740234,True,,enqueued,,369
11204,4096,update,1785052655.2075858,,1785052653.5136268,upsert,1,64,StaticSemantic,17846715708891391149,1.6939589977264404,False,,suppressed,superseded,366
11204,4096,update,1785052655.2076726,,1785052655.2070386,upsert,1,64,StaticSemantic,17846715708891391149,0.0006339550018310547,True,,enqueued,,370
11204,4096,update,1785052655.2077897,,1785052655.2070386,upsert,1,64,StaticSemantic,17846715708891391149,0.0007510185241699219,False,,suppressed,superseded,370
11204,4096,update,1785052655.207878,,1785052655.2073958,upsert,1,64,StaticSemantic,17846715708891391149,0.00048232078552246094,True,,enqueued,,371
11204,2048,update,1785052656.295076,,1785052653.5133955,upsert,3,64,StaticSemantic,11821849661176330329,2.7816803455352783,False,,suppressed,superseded,365
11204,2048,update,1785052656.2952352,,1785052656.294618,upsert,3,64,StaticSemantic,11821849661176330329,0.0006172657012939453,True,,enqueued,,372
11204,2048,update,1785052656.2955892,,1785052656.294618,upsert,3,64,StaticSemantic,11821849661176330329,0.0009713172912597656,False,,suppressed,superseded,372
11204,2048,update,1785052656.295686,,1785052656.2948983,upsert,3,64,StaticSemantic,11821849661176330329,0.0007877349853515625,True,,enqueued,,374
11204,2048,update,1785052656.2958298,,1785052656.2948983,upsert,3,64,StaticSemantic,11821849661176330329,0.0009315013885498047,False,,suppressed,superseded,374
11204,2048,update,1785052656.2959118,,1785052656.2949905,upsert,3,64,StaticSemantic,11821849661176330329,0.0009212493896484375,True,,enqueued,,375
11204,1024,update,1785052656.2960134,,1785052656.2948174,upsert,2,64,StaticSemantic,13844655051170110805,0.0011959075927734375,True,,enqueued,,373
11204,4096,update,1785052657.5971527,,1785052655.2073958,upsert,1,64,StaticSemantic,17846715708891391149,2.389756917953491,False,,suppressed,superseded,371
11204,4096,update,1785052657.5973089,,1785052657.596681,upsert,1,64,StaticSemantic,17846715708891391149,0.0006277561187744141,True,,enqueued,,376
11204,1024,update,1785052657.5976138,,1785052657.5971622,upsert,3,64,StaticSemantic,13764273285245102789,0.0004515647888183594,True,,enqueued,,377
11204,2048,update,1785052657.5977418,,1785052657.5973322,upsert,0,64,StaticSemantic,14333057367934485678,0.0004096031188964844,True,,enqueued,,378
11204,2048,update,1785052657.597981,,1785052656.2949905,upsert,3,64,StaticSemantic,11821849661176330329,1.302990436553955,False,,suppressed,superseded,375
11204,2048,update,1785052657.5980682,,1785052657.5975733,upsert,3,64,StaticSemantic,11821849661176330329,0.0004949569702148438,True,,enqueued,,379
11204,4096,update,1785052657.7017636,1785052657.7017636,1785052652.2165089,upsert,2,64,StaticSemantic,16959770370201147106,5.485254764556885,True,,forwarded,,363
11204,2048,update,1785052657.701953,1785052657.701953,1785052655.2064779,upsert,2,64,StaticSemantic,14333057367934485678,2.4954750537872314,True,,forwarded,,368
11204,1024,update,1785052658.9054103,,1785052656.2948174,upsert,2,64,StaticSemantic,13844655051170110805,2.610592842102051,False,,suppressed,superseded,373
11204,1024,update,1785052658.9055133,,1785052658.9051323,upsert,2,64,StaticSemantic,13844655051170110805,0.0003809928894042969,True,,enqueued,,380
11204,2048,update,1785052658.9056213,,1785052658.90527,upsert,1,64,StaticSemantic,15260451301505084502,0.00035119056701660156,True,,enqueued,,381
11204,4096,update,1785052658.9057355,,1785052658.9053857,upsert,0,64,StaticSemantic,17846715708891391149,0.0003497600555419922,True,,enqueued,,382
11204,2048,update,1785052658.9058082,,1785052658.905555,upsert,2,64,StaticSemantic,12395577753972294123,0.0002532005310058594,True,,enqueued,,383
11204,2048,update,1785052660.354941,1785052660.354941,1785052655.2068064,upsert,0,64,StaticSemantic,6878038652119793510,5.148134469985962,True,,forwarded,,369
11204,4096,update,1785052660.3551118,1785052660.3551118,1785052657.596681,upsert,1,64,StaticSemantic,17846715708891391149,2.7584307193756104,True,,forwarded,,376
11204,1024,update,1785052663.0078468,1785052663.0078468,1785052657.5971622,upsert,3,64,StaticSemantic,13764273285245102789,5.410684585571289,True,,forwarded,,377
11204,2048,update,1785052663.0079322,1785052663.0079322,1785052657.5973322,upsert,0,64,StaticSemantic,14333057367934485678,5.410599946975708,True,,forwarded,,378
11204,2048,update,1785052665.6608746,1785052665.6608746,1785052657.5975733,upsert,3,64,StaticSemantic,11821849661176330329,8.06330132484436,True,,forwarded,,379
11204,1024,update,1785052665.660958,1785052665.660958,1785052658.9051323,upsert,2,64,StaticSemantic,13844655051170110805,6.755825757980347,True,,forwarded,,380
11204,2048,update,1785052668.314115,1785052668.314115,1785052658.90527,upsert,1,64,StaticSemantic,15260451301505084502,9.408844947814941,True,,forwarded,,381
11204,4096,update,1785052668.3142834,1785052668.3142834,1785052658.9053857,upsert,0,64,StaticSemantic,17846715708891391149,9.408897638320923,True,,forwarded,,382
11204,2048,update,1785052670.9670646,1785052670.9670646,1785052658.905555,upsert,2,64,StaticSemantic,12395577753972294123,12.061509609222412,True,,forwarded,,383
