cell,coverage_tokens,event,gateway_arrival_time,gateway_send_time,generation_time,op,owner,payload_bytes,policy,prefix_digest64,queue_age_s,selected,semantic_score,stage,suppression_reason,update_id
49244,1024,update,1785053843.8618221,,1785053843.8613865,upsert,0,64,StaticSemantic,15769623694692820738,0.0004355907440185547,True,,enqueued,,0
49244,1024,update,1785053843.862279,1785053843.862279,1785053843.8613865,upsert,0,64,StaticSemantic,15769623694692820738,0.0008924007415771484,True,,forwarded,,0
49244,1024,update,1785053843.8624325,,1785053843.8614771,upsert,1,64,StaticSemantic,15769623694692820738,0.0009553432464599609,True,,enqueued,,1
49244,1024,update,1785053843.8625515,,1785053843.8615344,upsert,2,64,StaticSemantic,15769623694692820738,0.0010170936584472656,False,,suppressed,duplicate_holder,2
49244,1024,update,1785053843.8626459,,1785053843.8615754,upsert,3,64,StaticSemantic,15769623694692820738,0.0010704994201660156,False,,suppressed,duplicate_holder,3
49244,1024,update,1785053843.8628097,1785053843.8628097,1785053843.8614771,upsert,1,64,StaticSemantic,15769623694692820738,0.0013325214385986328,True,,forwarded,,1
49244,2048,update,1785053847.835016,,1785053847.8346744,upsert,0,64,StaticSemantic,12613465747135452669,0.00034165382385253906,True,,enqueued,,4
49244,2048,update,1785053847.8352695,1785053847.8352695,1785053847.8346744,upsert,0,64,StaticSemantic,12613465747135452669,0.0005950927734375,True,,forwarded,,4
49244,2048,update,1785053847.8353472,,1785053847.834772,upsert,1,64,StaticSemantic,12613465747135452669,0.0005750656127929688,True,,enqueued,,5
49244,2048,update,1785053847.8354025,,1785053847.8348477,upsert,2,64,StaticSemantic,12613465747135452669,0.0005548000335693359,False,,suppressed,duplicate_holder,6
49244,2048,update,1785053847.8354473,,1785053847.834885,upsert,3,64,StaticSemantic,12613465747135452669,0.0005624294281005859,False,,suppressed,duplicate_holder,7
49244,2048,update,1785053847.8355103,1785053847.8355103,1785053847.834772,upsert,1,64,StaticSemantic,12613465747135452669,0.0007381439208984375,True,,forwarded,,5
49244,1024,update,1785053849.2656157,,1785053849.2649863,upsert,0,64,StaticSemantic,12523743054995375112,0.000629425048828125,True,,enqueued,,8
49244,1024,update,1785053849.266086,1785053849.266086,1785053849.2649863,upsert,0,64,StaticSemantic,12523743054995375112,0.0010998249053955078,True,,forwarded,,8
49244,1024,update,1785053849.266244,,1785053849.2651908,upsert,3,64,StaticSemantic,12523743054995375112,0.0010530948638916016,True,,enqueued,,11
49244,1024,update,1785053849.2663627,,1785053849.2651532,upsert,2,64,StaticSemantic,12523743054995375112,0.0012094974517822266,False,,suppressed,duplicate_holder,10
49244,1024,update,1785053849.2664578,,1785053849.2651024,upsert,1,64,StaticSemantic,12523743054995375112,0.0013554096221923828,False,,suppressed,duplicate_holder,9
49244,1024,update,1785053849.2665935,1785053849.2665935,1785053849.2651908,upsert,3,64,StaticSemantic,12523743054995375112,0.0014026165008544922,True,,forwarded,,11
49244,2048,update,1785053853.3020196,,1785053853.3015046,upsert,0,64,StaticSemantic,9971321710674973507,0.000514984130859375,True,,enqueued,,12
49244,2048,update,1785053853.3024724,1785053853.3024724,1785053853.3015046,upsert,0,64,StaticSemantic,9971321710674973507,0.0009677410125732422,True,,forwarded,,12
49244,2048,update,1785053853.302623,,1785053853.3016887,upsert,3,64,StaticSemantic,9971321710674973507,0.0009343624114990234,True,,enqueued,,15
49244,2048,update,1785053853.302742,,1785053853.301603,upsert,1,64,StaticSemantic,9971321710674973507,0.001138925552368164,False,,suppressed,duplicate_holder,13
49244,2048,update,1785053853.3028762,,1785053853.3016496,upsert,2,64,StaticSemantic,9971321710674973507,0.001226663589477539,False,,suppressed,duplicate_holder,14
49244,2048,update,1785053853.303017,1785053853.303017,1785053853.3016887,upsert,3,64,StaticSemantic,9971321710674973507,0.0013282299041748047,True,,forwarded,,15
49244,1024,update,1785053854.732275,,1785053854.7318602,upsert,0,64,StaticSemantic,4650049274038987083,0.00041484832763671875,True,,enqueued,,16
49244,1024,update,1785053854.7325716,1785053854.7325716,1785053854.7318602,upsert,0,64,StaticSemantic,4650049274038987083,0.0007114410400390625,True,,forwarded,,16
49244,1024,update,1785053854.7326725,,1785053854.732013,upsert,2,64,StaticSemantic,4650049274038987083,0.0006594657897949219,True,,enqueued,,18
49244,1024,update,1785053854.732804,,1785053854.7320504,upsert,3,64,StaticSemantic,4650049274038987083,0.0007536411285400391,False,,suppressed,duplicate_holder,19
49244,1024,update,1785053854.7328997,,1785053854.731965,upsert,1,64,StaticSemantic,4650049274038987083,0.000934600830078125,False,,suppressed,duplicate_holder,17
49244,1024,update,1785053854.7330296,1785053854.7330296,1785053854.732013,upsert,2,64,StaticSemantic,4650049274038987083,0.0010166168212890625,True,,forwarded,,18
49244,2048,update,1785053858.68064,,1785053858.68029,upsert,0,64,StaticSemantic,3163096543987652428,0.00034999847412109375,True,,enqueued,,20
49244,2048,update,1785053858.681054,1785053858.681054,1785053858.68029,upsert,0,64,StaticSemantic,3163096543987652428,0.0007641315460205078,True,,forwarded,,20
49244,2048,update,1785053858.6812081,,1785053858.680444,upsert,2,64,StaticSemantic,3163096543987652428,0.0007641315460205078,True,,enqueued,,22
49244,2048,update,1785053858.6813269,,1785053858.6803958,upsert,1,64,StaticSemantic,3163096543987652428,0.0009310245513916016,False,,suppressed,duplicate_holder,21
49244,2048,update,1785053858.681548,1785053858.681548,1785053858.680444,upsert,2,64,StaticSemantic,3163096543987652428,0.001104116439819336,True,,forwarded,,22
49244,2048,update,1785053858.681665,,1785053858.6804907,upsert,3,64,StaticSemantic,3163096543987652428,0.0011742115020751953,False,,suppressed,duplicate_holder,23
49244,1024,update,1785053860.045715,,1785053860.045235,upsert,0,64,StaticSemantic,10402019323283478844,0.0004801750183105469,True,,enqueued,,24
49244,1024,update,1785053860.0461967,1785053860.0461967,1785053860.045235,upsert,0,64,StaticSemantic,10402019323283478844,0.0009617805480957031,True,,forwarded,,24
49244,1024,update,1785053860.0463529,,1785053860.0454247,upsert,3,64,StaticSemantic,10402019323283478844,0.0009281635284423828,True,,enqueued,,27
49244,1024,update,1785053860.0464714,,1785053860.0453866,upsert,2,64,StaticSemantic,10402019323283478844,0.0010848045349121094,False,,suppressed,duplicate_holder,26
49244,1024,update,1785053860.0465646,,1785053860.0453398,upsert,1,64,StaticSemantic,10402019323283478844,0.0012247562408447266,False,,suppressed,duplicate_holder,25
49244,1024,update,1785053860.0467012,1785053860.0467012,1785053860.0454247,upsert,3,64,StaticSemantic,10402019323283478844,0.0012764930725097656,True,,forwarded,,27
49244,1024,update,1785053861.4841547,,1785053861.4837043,upsert,0,64,StaticSemantic,14064140743279553366,0.00045037269592285156,True,,enqueued,,28
49244,1024,update,1785053861.4845982,1785053861.4845982,1785053861.4837043,upsert,0,64,StaticSemantic,14064140743279553366,0.0008938312530517578,True,,forwarded,,28
49244,1024,update,1785053861.4847474,,1785053861.4838495,upsert,2,64,StaticSemantic,14064140743279553366,0.0008978843688964844,True,,enqueued,,30
49244,1024,update,1785053861.484906,,1785053861.483802,upsert,1,64,StaticSemantic,14064140743279553366,0.0011038780212402344,False,,suppressed,duplicate_holder,29
49244,1024,update,1785053861.4850082,,1785053861.4839141,upsert,3,64,StaticSemantic,14064140743279553366,0.0010941028594970703,False,,suppressed,duplicate_holder,31
49244,1024,update,1785053861.4851496,1785053861.4851496,1785053861.4838495,upsert,2,64,StaticSemantic,14064140743279553366,0.0013000965118408203,True,,forwarded,,30
49244,2048,update,1785053865.622051,,1785053865.6216552,upsert,0,64,StaticSemantic,12376960631178457983,0.00039577484130859375,True,,enqueued,,32
49244,2048,update,1785053865.622448,1785053865.622448,1785053865.6216552,upsert,0,64,StaticSemantic,12376960631178457983,0.0007927417755126953,True,,forwarded,,32
49244,2048,update,1785053865.6225946,,1785053865.6218257,upsert,2,64,StaticSemantic,12376960631178457983,0.0007688999176025391,True,,enqueued,,34
49244,2048,update,1785053865.62271,,1785053865.6217487,upsert,1,64,StaticSemantic,12376960631178457983,0.0009613037109375,False,,suppressed,duplicate_holder,33
49244,2048,update,1785053865.6228354,,1785053865.6218648,upsert,3,64,StaticSemantic,12376960631178457983,0.0009706020355224609,False,,suppressed,duplicate_holder,35
49244,2048,update,1785053865.6229784,1785053865.6229784,1785053865.6218257,upsert,2,64,StaticSemantic,12376960631178457983,0.0011527538299560547,True,,forwarded,,34
49244,4096,update,1785053878.1917305,,1785053878.1912494,upsert,0,64,StaticSemantic,947483498426156190,0.0004811286926269531,True,,enqueued,,36
49244,4096,update,1785053878.1922147,1785053878.1922147,1785053878.1912494,upsert,0,64,StaticSemantic,947483498426156190,0.0009653568267822266,True,,forwarded,,36
49244,4096,update,1785053878.1923702,,1785053878.1914275,upsert,3,64,StaticSemantic,947483498426156190,0.0009427070617675781,True,,enqueued,,39
49244,4096,update,1785053878.19249,,1785053878.1913905,upsert,2,64,StaticSemantic,947483498426156190,0.0010995864868164062,False,,suppressed,duplicate_holder,38
49244,4096,update,1785053878.1925921,,1785053878.1913462,upsert,1,64,StaticSemantic,947483498426156190,0.0012459754943847656,False,,suppressed,duplicate_holder,37
49244,4096,update,1785053878.1927311,1785053878.1927311,1785053878.1914275,upsert,3,64,StaticSemantic,947483498426156190,0.0013036727905273438,True,,forwarded,,39
49244,1024,update,1785053879.528325,,1785053879.5279458,upsert,0,64,StaticSemantic,3073007241776570211,0.00037932395935058594,True,,enqueued,,40
49244,1024,update,1785053879.5285726,1785053879.5285726,1785053879.5279458,upsert,0,64,StaticSemantic,3073007241776570211,0.0006268024444580078,True,,forwarded,,40
49244,1024,update,1785053879.528679,,1785053879.5281243,upsert,2,64,StaticSemantic,3073007241776570211,0.0005545616149902344,True,,enqueued,,42
49244,1024,update,1785053879.5288265,,1785053879.5281863,upsert,3,64,StaticSemantic,3073007241776570211,0.0006401538848876953,False,,suppressed,duplicate_holder,43
49244,1024,update,1785053879.528926,,1785053879.528055,upsert,1,64,StaticSemantic,3073007241776570211,0.0008709430694580078,False,,suppressed,duplicate_holder,41
49244,1024,update,1785053879.5290718,1785053879.5290718,1785053879.5281243,upsert,2,64,StaticSemantic,3073007241776570211,0.0009474754333496094,True,,forwarded,,42
49244,4096,update,1785053891.768134,,1785053891.7677531,upsert,0,64,StaticSemantic,14108233664250482536,0.0003809928894042969,True,,enqueued,,44
49244,4096,update,1785053891.7684674,1785053891.7684674,1785053891.7677531,upsert,0,64,StaticSemantic,14108233664250482536,0.0007143020629882812,True,,forwarded,,44
49244,4096,update,1785053891.7685738,,1785053891.7678998,upsert,1,64,StaticSemantic,14108233664250482536,0.0006740093231201172,True,,enqueued,,45
49244,4096,update,1785053891.7686584,,1785053891.7679524,upsert,2,64,StaticSemantic,14108233664250482536,0.0007059574127197266,False,,suppressed,duplicate_holder,46
49244,4096,update,1785053891.7687213,,1785053891.7679925,upsert,3,64,StaticSemantic,14108233664250482536,0.0007288455963134766,False,,suppressed,duplicate_holder,47
49244,4096,update,1785053891.768849,1785053891.768849,1785053891.7678998,upsert,1,64,StaticSemantic,14108233664250482536,0.0009491443634033203,True,,forwarded,,45
49244,1024,update,1785053893.1940067,,1785053893.1935377,upsert,0,64,StaticSemantic,14774026810505956694,0.00046896934509277344,True,,enqueued,,48
49244,1024,update,1785053893.1944876,1785053893.1944876,1785053893.1935377,upsert,0,64,StaticSemantic,14774026810505956694,0.000949859619140625,True,,forwarded,,48
49244,1024,update,1785053893.1946518,,1785053893.1937125,upsert,3,64,StaticSemantic,14774026810505956694,0.0009393692016601562,True,,enqueued,,51
49244,1024,update,1785053893.194838,,1785053893.193674,upsert,2,64,StaticSemantic,14774026810505956694,0.0011639595031738281,False,,suppressed,duplicate_holder,50
49244,1024,update,1785053893.194964,,1785053893.1936297,upsert,1,64,StaticSemantic,14774026810505956694,0.0013341903686523438,False,,suppressed,duplicate_holder,49
49244,1024,update,1785053893.195152,1785053893.195152,1785053893.1937125,upsert,3,64,StaticSemantic,14774026810505956694,0.0014395713806152344,True,,forwarded,,51
49244,1024,update,1785053894.5138872,,1785053894.5133886,upsert,0,64,StaticSemantic,5281956220402968541,0.0004985332489013672,True,,enqueued,,52
49244,1024,update,1785053894.5143936,1785053894.5143936,1785053894.5133886,upsert,0,64,StaticSemantic,5281956220402968541,0.001004934310913086,True,,forwarded,,52
49244,1024,update,1785053894.5145519,,1785053894.5135288,upsert,2,64,StaticSemantic,5281956220402968541,0.0010230541229248047,True,,enqueued,,54
49244,1024,update,1785053894.514711,,1785053894.5134835,upsert,1,64,StaticSemantic,5281956220402968541,0.0012273788452148438,False,,suppressed,duplicate_holder,53
49244,1024,update,1785053894.5148633,,1785053894.5135665,upsert,3,64,StaticSemantic,5281956220402968541,0.0012967586517333984,False,,suppressed,duplicate_holder,55
49244,1024,update,1785053894.5150578,1785053894.5150578,1785053894.5135288,upsert,2,64,StaticSemantic,5281956220402968541,0.0015289783477783203,True,,forwarded,,54
49244,2048,update,1785053898.4412608,,1785053898.4407983,upsert,0,64,StaticSemantic,1785562587857272681,0.00046253204345703125,True,,enqueued,,56
49244,2048,update,1785053898.4417124,1785053898.4417124,1785053898.4407983,upsert,0,64,StaticSemantic,1785562587857272681,0.0009140968322753906,True,,forwarded,,56
49244,2048,update,1785053898.4418914,,1785053898.44098,upsert,3,64,StaticSemantic,1785562587857272681,0.0009114742279052734,True,,enqueued,,59
49244,2048,update,1785053898.4420469,,1785053898.440897,upsert,1,64,StaticSemantic,1785562587857272681,0.001149892807006836,False,,suppressed,duplicate_holder,57
49244,2048,update,1785053898.4421623,,1785053898.4409423,upsert,2,64,StaticSemantic,1785562587857272681,0.0012199878692626953,False,,suppressed,duplicate_holder,58
49244,2048,update,1785053898.4423048,1785053898.4423048,1785053898.44098,upsert,3,64,StaticSemantic,1785562587857272681,0.0013248920440673828,True,,forwarded,,59
49244,2048,update,1785053902.5430238,,1785053902.5425572,upsert,0,64,StaticSemantic,1610475058989402671,0.0004665851593017578,True,,enqueued,,60
49244,2048,update,1785053902.5434444,1785053902.5434444,1785053902.5425572,upsert,0,64,StaticSemantic,1610475058989402671,0.0008871555328369141,True,,forwarded,,60
49244,2048,update,1785053902.5435958,,1785053902.5427322,upsert,3,64,StaticSemantic,1610475058989402671,0.0008635520935058594,True,,enqueued,,63
49244,2048,update,1785053902.54376,,1785053902.5426943,upsert,2,64,StaticSemantic,1610475058989402671,0.0010657310485839844,False,,suppressed,duplicate_holder,62
49244,2048,update,1785053902.5439126,,1785053902.5426493,upsert,1,64,StaticSemantic,1610475058989402671,0.0012633800506591797,False,,suppressed,duplicate_holder,61
49244,2048,update,1785053902.544059,1785053902.544059,1785053902.5427322,upsert,3,64,StaticSemantic,1610475058989402671,0.0013267993927001953,True,,forwarded,,63
49244,2048,update,1785053903.7896764,,1785053903.7893114,upsert,0,64,StaticSemantic,12613465747135452669,0.0003650188446044922,True,,enqueued,,64
49244,2048,update,1785053903.7901084,1785053903.7901084,1785053903.7893114,upsert,0,64,StaticSemantic,12613465747135452669,0.0007970333099365234,True,,forwarded,,64
49244,1024,update,1785053903.7902517,,1785053903.7894964,upsert,0,64,StaticSemantic,4650049274038987083,0.00075531005859375,True,,enqueued,,67
49244,1024,update,1785053903.790399,,1785053903.7894526,upsert,2,64,StaticSemantic,3644968828599158073,0.0009465217590332031,True,,enqueued,,66
49244,1024,update,1785053903.790537,,1785053903.7894049,upsert,1,64,StaticSemantic,15769623694692820738,0.0011322498321533203,True,,enqueued,,65
49244,1024,update,1785053904.9556136,,1785053904.9552987,upsert,3,64,StaticSemantic,12523743054995375112,0.00031495094299316406,True,,enqueued,,68
49244,2048,update,1785053904.9558477,,1785053904.9553998,upsert,1,64,StaticSemantic,12613465747135452669,0.00044798851013183594,True,,enqueued,,70
49244,1024,update,1785053904.9559875,,1785053904.955371,upsert,0,64,StaticSemantic,15769623694692820738,0.0006165504455566406,True,,enqueued,,69
49244,2048,update,1785053904.956081,,1785053904.9554243,upsert,0,64,StaticSemantic,9971321710674973507,0.0006566047668457031,True,,enqueued,,71
49244,1024,update,1785053908.2760262,1785053908.2760262,1785053903.7894964,upsert,0,64,StaticSemantic,4650049274038987083,4.48652982711792,True,,forwarded,,67
49244,2048,update,1785053916.782874,,1785053916.7824972,upsert,3,64,StaticSemantic,13378001954599623759,0.0003769397735595703,True,,enqueued,,72
49244,2048,update,1785053916.783086,,1785053916.7826343,upsert,0,64,StaticSemantic,3163096543987652428,0.00045180320739746094,True,,enqueued,,75
49244,1024,update,1785053916.7831495,,1785053916.7825987,upsert,2,64,StaticSemantic,16342886595574764735,0.0005507469177246094,True,,enqueued,,74
49244,4096,update,1785053916.7832,,1785053916.782569,upsert,1,64,StaticSemantic,9417075026054648240,0.0006310939788818359,True,,enqueued,,73
49244,1024,update,1785053917.6240385,1785053917.6240385,1785053903.7894526,upsert,2,64,StaticSemantic,3644968828599158073,13.834585905075073,True,,forwarded,,66
49244,1024,update,1785053917.6242008,1785053917.6242008,1785053903.7894049,upsert,1,64,StaticSemantic,15769623694692820738,13.834795951843262,True,,forwarded,,65
49244,2048,update,1785053917.6925545,,1785053917.6922662,upsert,0,64,StaticSemantic,12376960631178457983,0.00028824806213378906,True,,enqueued,,76
49244,1024,update,1785053917.6928792,,1785053917.6923568,upsert,1,64,StaticSemantic,15769623694692820738,0.0005223751068115234,True,,enqueued,,77
49244,1024,update,1785053917.6930058,,1785053917.6924062,upsert,2,64,StaticSemantic,5281956220402968541,0.0005996227264404297,True,,enqueued,,78
49244,2048,update,1785053917.693107,,1785053917.692451,upsert,3,64,StaticSemantic,1785562587857272681,0.0006558895111083984,True,,enqueued,,79
49244,1024,update,1785053926.6238499,1785053926.6238499,1785053904.9552987,upsert,3,64,StaticSemantic,12523743054995375112,21.668551206588745,True,,forwarded,,68
49244,2048,update,1785053929.7542768,1785053929.7542768,1785053904.9553998,upsert,1,64,StaticSemantic,12613465747135452669,24.798877000808716,True,,forwarded,,70
49244,4096,update,1785053930.1412654,,1785053930.1408622,upsert,0,64,StaticSemantic,155989354309277790,0.0004031658172607422,True,,enqueued,,80
49244,1024,update,1785053930.1416216,,1785053904.955371,upsert,0,64,StaticSemantic,15769623694692820738,25.186250686645508,False,,suppressed,superseded,69
49244,1024,update,1785053930.1417317,,1785053930.1410644,upsert,0,64,StaticSemantic,15769623694692820738,0.0006673336029052734,True,,enqueued,,83
49244,2048,update,1785053930.1419394,,1785053930.1410232,upsert,1,64,StaticSemantic,12613465747135452669,0.0009162425994873047,True,,enqueued,,82
49244,1024,update,1785053930.142079,,1785053930.1409702,upsert,2,64,StaticSemantic,3073007241776570211,0.0011088848114013672,True,,enqueued,,81
49244,2048,update,1785053935.3126256,1785053935.3126256,1785053904.9554243,upsert,0,64,StaticSemantic,9971321710674973507,30.35720133781433,True,,forwarded,,71
49244,2048,update,1785053935.3128207,1785053935.3128207,1785053916.7824972,upsert,3,64,StaticSemantic,13378001954599623759,18.53032350540161,True,,forwarded,,72
49244,2048,update,1785053937.654871,1785053937.654871,1785053916.7826343,upsert,0,64,StaticSemantic,3163096543987652428,20.872236728668213,True,,forwarded,,75
49244,1024,update,1785053939.4206865,1785053939.4206865,1785053916.7825987,upsert,2,64,StaticSemantic,16342886595574764735,22.6380877494812,True,,forwarded,,74
49244,4096,update,1785053940.5918162,1785053940.5918162,1785053916.782569,upsert,1,64,StaticSemantic,9417075026054648240,23.809247255325317,True,,forwarded,,73
49244,2048,update,1785053940.5919578,1785053940.5919578,1785053917.6922662,upsert,0,64,StaticSemantic,12376960631178457983,22.899691581726074,True,,forwarded,,76
49244,4096,update,1785053941.171678,,1785053941.171262,upsert,3,64,StaticSemantic,9940797030998834804,0.00041604042053222656,True,,enqueued,,84
49244,1024,update,1785053941.1720612,,1785053941.1714122,upsert,1,64,StaticSemantic,1187225797315579929,0.0006489753723144531,True,,enqueued,,86
49244,1024,update,1785053941.1721995,,1785053941.1713598,upsert,0,64,StaticSemantic,14064140743279553366,0.0008397102355957031,True,,enqueued,,85
49244,1024,update,1785053941.1723037,,1785053917.6924062,upsert,2,64,StaticSemantic,5281956220402968541,23.479897499084473,False,,suppressed,superseded,78
49244,1024,update,1785053941.172384,,1785053941.1714551,upsert,2,64,StaticSemantic,5281956220402968541,0.0009288787841796875,True,,enqueued,,87
49244,1024,update,1785053942.9342477,1785053942.9342477,1785053917.6923568,upsert,1,64,StaticSemantic,15769623694692820738,25.241890907287598,True,,forwarded,,77
49244,2048,update,1785053943.8832963,1785053943.8832963,1785053917.692451,upsert,3,64,StaticSemantic,1785562587857272681,26.190845251083374,True,,forwarded,,79
49244,2048,update,1785053944.7211282,,1785053944.7207072,upsert,0,64,StaticSemantic,9971321710674973507,0.0004210472106933594,True,,enqueued,,88
49244,2048,update,1785053944.721411,,1785053930.1410232,upsert,1,64,StaticSemantic,12613465747135452669,14.580387830734253,False,,suppressed,superseded,82
49244,2048,update,1785053944.7215137,,1785053944.7210336,upsert,1,64,StaticSemantic,12613465747135452669,0.0004801750183105469,True,,enqueued,,89
49244,1024,update,1785053944.7217116,,1785053944.7212608,upsert,3,64,StaticSemantic,12523743054995375112,0.0004508495330810547,True,,enqueued,,90
49244,2048,update,1785053944.7219365,,1785053944.721413,upsert,2,64,StaticSemantic,6602759660674530941,0.0005235671997070312,True,,enqueued,,91
49244,4096,update,1785053945.294403,1785053945.294403,1785053930.1408622,upsert,0,64,StaticSemantic,155989354309277790,15.153540849685669,True,,forwarded,,80
49244,1024,update,1785053945.2944868,1785053945.2944868,1785053930.1410644,upsert,0,64,StaticSemantic,15769623694692820738,15.153422355651855,True,,forwarded,,83
49244,1024,update,1785053947.4239583,1785053947.4239583,1785053930.1409702,upsert,2,64,StaticSemantic,3073007241776570211,17.28298807144165,True,,forwarded,,81
49244,4096,update,1785053948.2315006,1785053948.2315006,1785053941.171262,upsert,3,64,StaticSemantic,9940797030998834804,7.060238599777222,True,,forwarded,,84
49244,2048,update,1785053948.5607164,,1785053948.5603638,upsert,0,64,StaticSemantic,12613465747135452669,0.00035262107849121094,True,,enqueued,,92
49244,1024,update,1785053948.5609074,,1785053948.560676,upsert,2,64,StaticSemantic,14064140743279553366,0.00023126602172851562,True,,enqueued,,93
49244,2048,update,1785053948.5611088,,1785053948.5608916,upsert,3,64,StaticSemantic,1610475058989402671,0.00021719932556152344,True,,enqueued,,94
49244,2048,update,1785053948.5613005,,1785053948.5611565,upsert,1,64,StaticSemantic,12053636556397929515,0.00014400482177734375,True,,enqueued,,95
49244,1024,update,1785053950.5920124,1785053950.5920124,1785053941.1714122,upsert,1,64,StaticSemantic,1187225797315579929,9.420600175857544,True,,forwarded,,86
49244,1024,update,1785053950.5921772,1785053950.5921772,1785053941.1713598,upsert,0,64,StaticSemantic,14064140743279553366,9.420817375183105,True,,forwarded,,85
49244,1024,update,1785053951.8472452,1785053951.8472452,1785053941.1714551,upsert,2,64,StaticSemantic,5281956220402968541,10.675790071487427,True,,forwarded,,87
49244,2048,update,1785053952.7301204,1785053952.7301204,1785053944.7207072,upsert,0,64,StaticSemantic,9971321710674973507,8.009413242340088,True,,forwarded,,88
49244,2048,update,1785053953.9103985,1785053953.9103985,1785053944.7210336,upsert,1,64,StaticSemantic,12613465747135452669,9.189364910125732,True,,forwarded,,89
49244,1024,update,1785053953.910543,1785053953.910543,1785053944.7212608,upsert,3,64,StaticSemantic,12523743054995375112,9.189282178878784,True,,forwarded,,90
49244,2048,update,1785053954.7179482,1785053954.7179482,1785053944.721413,upsert,2,64,StaticSemantic,6602759660674530941,9.996535301208496,True,,forwarded,,91
49244,2048,update,1785053955.8891468,1785053955.8891468,1785053948.5603638,upsert,0,64,StaticSemantic,12613465747135452669,7.32878303527832,True,,forwarded,,92
49244,1024,update,1785053956.847387,1785053956.847387,1785053948.560676,upsert,2,64,StaticSemantic,14064140743279553366,8.286710977554321,True,,forwarded,,93
49244,2048,update,1785053956.8475416,1785053956.8475416,1785053948.5608916,upsert,3,64,StaticSemantic,1610475058989402671,8.286649942398071,True,,forwarded,,94
49244,2048,update,1785053957.6549885,1785053957.6549885,1785053948.5611565,upsert,1,64,StaticSemantic,12053636556397929515,9.093832015991211,True,,forwarded,,95
49244,2048,update,1785053960.4200957,,1785053960.4197505,upsert,3,64,StaticSemantic,9971321710674973507,0.0003452301025390625,True,,enqueued,,96
49244,2048,update,1785053960.4203184,1785053960.4203184,1785053960.4197505,upsert,3,64,StaticSemantic,9971321710674973507,0.0005679130554199219,True,,forwarded,,96
49244,4096,update,1785053960.4205325,,1785053960.420079,upsert,0,64,StaticSemantic,5024925722186451635,0.0004534721374511719,True,,enqueued,,97
49244,4096,update,1785053960.4206944,1785053960.4206944,1785053960.420079,upsert,0,64,StaticSemantic,5024925722186451635,0.0006153583526611328,True,,forwarded,,97
49244,1024,update,1785053960.4209254,,1785053960.4205413,upsert,1,64,StaticSemantic,13063325218966850298,0.0003840923309326172,True,,enqueued,,98
49244,1024,update,1785053960.4211197,1785053960.4211197,1785053960.4205413,upsert,1,64,StaticSemantic,13063325218966850298,0.0005784034729003906,True,,forwarded,,98
49244,1024,update,1785053960.421232,,1785053960.4207535,upsert,2,64,StaticSemantic,14361523986587977395,0.00047850608825683594,True,,enqueued,,99
49244,1024,update,1785053960.5917175,1785053960.5917175,1785053960.4207535,upsert,2,64,StaticSemantic,14361523986587977395,0.17096400260925293,True,,forwarded,,99
49244,4096,update,1785053971.8499289,,1785053971.8495123,upsert,0,64,StaticSemantic,4141618429024808821,0.0004165172576904297,True,,enqueued,,100
49244,4096,update,1785053971.850194,1785053971.850194,1785053971.8495123,upsert,0,64,StaticSemantic,4141618429024808821,0.0006816387176513672,True,,forwarded,,100
49244,1024,update,1785053971.8504343,,1785053971.849976,upsert,2,64,StaticSemantic,4650049274038987083,0.0004582405090332031,True,,enqueued,,101
49244,1024,update,1785053971.8506773,1785053971.8506773,1785053971.849976,upsert,2,64,StaticSemantic,4650049274038987083,0.0007011890411376953,True,,forwarded,,101
49244,2048,update,1785053971.8508134,,1785053971.850196,upsert,1,64,StaticSemantic,12613465747135452669,0.0006175041198730469,True,,enqueued,,102
49244,2048,update,1785053971.8510356,1785053971.8510356,1785053971.850196,upsert,1,64,StaticSemantic,12613465747135452669,0.0008397102355957031,True,,forwarded,,102
49244,1024,update,1785053971.8511455,,1785053971.8504725,upsert,0,64,StaticSemantic,15769623694692820738,0.0006730556488037109,True,,enqueued,,103
49244,1024,update,1785053971.851279,1785053971.851279,1785053971.8504725,upsert,0,64,StaticSemantic,15769623694692820738,0.0008065700531005859,True,,forwarded,,103
49244,1024,update,1785053972.7140431,,1785053972.713565,upsert,0,64,StaticSemantic,15769623694692820738,0.0004780292510986328,True,,enqueued,,104
49244,1024,update,1785053972.7144043,1785053972.7144043,1785053972.713565,upsert,0,64,StaticSemantic,15769623694692820738,0.0008392333984375,True,,forwarded,,104
49244,2048,update,1785053972.71455,,1785053972.7138286,upsert,3,64,StaticSemantic,13378001954599623759,0.0007214546203613281,True,,enqueued,,105
49244,2048,update,1785053972.714857,1785053972.714857,1785053972.7138286,upsert,3,64,StaticSemantic,13378001954599623759,0.0010285377502441406,True,,forwarded,,105
49244,1024,update,1785053972.7149816,,1785053972.7140605,upsert,1,64,StaticSemantic,15769623694692820738,0.0009210109710693359,True,,enqueued,,106
49244,1024,update,1785053972.7150846,,1785053972.714207,upsert,0,64,StaticSemantic,15769623694692820738,0.0008776187896728516,True,,enqueued,,107
49244,1024,update,1785053972.7152026,1785053972.7152026,1785053972.7140605,upsert,1,64,StaticSemantic,15769623694692820738,0.0011420249938964844,True,,forwarded,,106
49244,1024,update,1785053972.7152882,1785053972.7152882,1785053972.714207,upsert,0,64,StaticSemantic,15769623694692820738,0.001081228256225586,True,,forwarded,,107
49244,2048,update,1785053976.4671164,,1785053976.466701,upsert,3,64,StaticSemantic,11074190661555870271,0.0004153251647949219,True,,enqueued,,108
49244,2048,update,1785053976.4673924,1785053976.4673924,1785053976.466701,upsert,3,64,StaticSemantic,11074190661555870271,0.0006914138793945312,True,,forwarded,,108
49244,1024,update,1785053976.4676762,,1785053976.46703,upsert,1,64,StaticSemantic,15769623694692820738,0.0006461143493652344,True,,enqueued,,109
49244,1024,update,1785053976.4678361,,1785053976.4672,upsert,0,64,StaticSemantic,4650049274038987083,0.0006361007690429688,True,,enqueued,,110
49244,1024,update,1785053976.468059,1785053976.468059,1785053976.46703,upsert,1,64,StaticSemantic,15769623694692820738,0.0010290145874023438,True,,forwarded,,109
49244,1024,update,1785053976.4681728,1785053976.4681728,1785053976.4672,upsert,0,64,StaticSemantic,4650049274038987083,0.000972747802734375,True,,forwarded,,110
49244,2048,update,1785053976.4682753,,1785053976.4673743,upsert,2,64,StaticSemantic,16048794067380282208,0.0009009838104248047,True,,enqueued,,111
49244,2048,update,1785053976.468388,1785053976.468388,1785053976.4673743,upsert,2,64,StaticSemantic,16048794067380282208,0.0010137557983398438,True,,forwarded,,111
49244,1024,update,1785053980.0048454,,1785053980.0044842,upsert,1,64,StaticSemantic,15769623694692820738,0.0003612041473388672,True,,enqueued,,112
49244,1024,update,1785053980.0050883,1785053980.0050883,1785053980.0044842,upsert,1,64,StaticSemantic,15769623694692820738,0.0006041526794433594,True,,forwarded,,112
49244,2048,update,1785053980.0053275,,1785053980.004722,upsert,0,64,StaticSemantic,12613465747135452669,0.0006053447723388672,True,,enqueued,,113
49244,2048,update,1785053980.005555,1785053980.005555,1785053980.004722,upsert,0,64,StaticSemantic,12613465747135452669,0.0008327960968017578,True,,forwarded,,113
49244,2048,update,1785053980.0056734,,1785053980.004976,upsert,3,64,StaticSemantic,17381650270951867770,0.0006973743438720703,True,,enqueued,,114
49244,2048,update,1785053980.0058708,1785053980.0058708,1785053980.004976,upsert,3,64,StaticSemantic,17381650270951867770,0.0008947849273681641,True,,forwarded,,114
49244,2048,update,1785053980.005978,,1785053980.0052605,upsert,2,64,StaticSemantic,12376960631178457983,0.0007176399230957031,True,,enqueued,,115
49244,2048,update,1785053980.0060987,1785053980.0060987,1785053980.0052605,upsert,2,64,StaticSemantic,12376960631178457983,0.0008382797241210938,True,,forwarded,,115
49244,1024,update,1785053981.160485,,1785053981.1601734,upsert,0,64,StaticSemantic,15769623694692820738,0.0003116130828857422,True,,enqueued,,116
49244,1024,update,1785053981.1606185,1785053981.1606185,1785053981.1601734,upsert,0,64,StaticSemantic,15769623694692820738,0.0004451274871826172,True,,forwarded,,116
49244,2048,update,1785053981.160721,,1785053981.160403,upsert,2,64,StaticSemantic,12376960631178457983,0.0003180503845214844,True,,enqueued,,117
49244,2048,update,1785053981.1608317,1785053981.1608317,1785053981.160403,upsert,2,64,StaticSemantic,12376960631178457983,0.0004286766052246094,True,,forwarded,,117
49244,1024,update,1785053981.1608863,,1785053981.160633,upsert,2,64,StaticSemantic,5281956220402968541,0.0002532005310058594,True,,enqueued,,118
49244,1024,update,1785053981.1609814,,1785053981.1608305,upsert,1,64,StaticSemantic,15769623694692820738,0.00015091896057128906,True,,enqueued,,119
49244,1024,update,1785053981.7449522,1785053981.7449522,1785053981.160633,upsert,2,64,StaticSemantic,5281956220402968541,0.5843191146850586,True,,forwarded,,118
49244,1024,update,1785053981.7450874,1785053981.7450874,1785053981.1608305,upsert,1,64,StaticSemantic,15769623694692820738,0.5842568874359131,True,,forwarded,,119
49244,1024,update,1785053982.7293253,,1785053982.7289238,upsert,2,64,StaticSemantic,14361523986587977395,0.00040149688720703125,True,,enqueued,,120
49244,1024,update,1785053982.7296197,,1785053982.7291534,upsert,1,64,StaticSemantic,15769623694692820738,0.00046634674072265625,True,,enqueued,,121
49244,1024,update,1785053982.7298634,,1785053982.729315,upsert,0,64,StaticSemantic,956269133268340827,0.0005483627319335938,True,,enqueued,,122
49244,1024,update,1785053982.7299707,,1785053982.729463,upsert,0,64,StaticSemantic,15769623694692820738,0.0005075931549072266,True,,enqueued,,123
49244,1024,update,1785053983.8883917,,1785053983.8880196,upsert,0,64,StaticSemantic,4650049274038987083,0.00037217140197753906,True,,enqueued,,124
49244,2048,update,1785053983.8886676,,1785053983.8882582,upsert,3,64,StaticSemantic,9971321710674973507,0.0004093647003173828,True,,enqueued,,125
49244,1024,update,1785053983.888906,,1785053982.7291534,upsert,1,64,StaticSemantic,15769623694692820738,1.159752607345581,False,,suppressed,superseded,121
49244,1024,update,1785053983.8889978,,1785053983.8884907,upsert,1,64,StaticSemantic,15769623694692820738,0.0005071163177490234,True,,enqueued,,126
49244,2048,update,1785053983.889177,,1785053983.8886342,upsert,0,64,StaticSemantic,9971321710674973507,0.0005428791046142578,True,,enqueued,,127
49244,1024,update,1785053984.681925,1785053984.681925,1785053982.7289238,upsert,2,64,StaticSemantic,14361523986587977395,1.9530012607574463,True,,forwarded,,120
49244,1024,update,1785053984.6820657,1785053984.6820657,1785053982.729315,upsert,0,64,StaticSemantic,956269133268340827,1.9527506828308105,True,,forwarded,,122
49244,1024,update,1785053984.9810393,,1785053984.980701,upsert,3,64,StaticSemantic,12523743054995375112,0.0003383159637451172,True,,enqueued,,128
49244,1024,update,1785053984.98128,,1785053984.980942,upsert,0,64,StaticSemantic,12523743054995375112,0.0003380775451660156,True,,enqueued,,129
49244,2048,update,1785053984.981389,,1785053984.9811103,upsert,0,64,StaticSemantic,1610475058989402671,0.00027871131896972656,True,,enqueued,,130
49244,1024,update,1785053984.9815865,,1785053984.9813213,upsert,3,64,StaticSemantic,14774026810505956694,0.0002651214599609375,True,,enqueued,,131
49244,2048,update,1785053986.387874,,1785053986.3873973,upsert,0,64,StaticSemantic,3163096543987652428,0.00047659873962402344,True,,enqueued,,132
49244,1024,update,1785053986.3882432,,1785053986.387703,upsert,2,64,StaticSemantic,16954395879792744941,0.0005402565002441406,True,,enqueued,,133
49244,1024,update,1785053986.3883808,,1785053983.8884907,upsert,1,64,StaticSemantic,15769623694692820738,2.499890089035034,False,,suppressed,superseded,126
49244,1024,update,1785053986.3884656,,1785053986.3879044,upsert,1,64,StaticSemantic,15769623694692820738,0.0005612373352050781,True,,enqueued,,134
49244,1024,update,1785053986.3886437,,1785053984.9813213,upsert,3,64,StaticSemantic,14774026810505956694,1.4073224067687988,False,,suppressed,superseded,131
49244,1024,update,1785053986.3887246,,1785053986.3880565,upsert,3,64,StaticSemantic,14774026810505956694,0.0006680488586425781,True,,enqueued,,135
49244,1024,update,1785053987.0242636,1785053987.0242636,1785053982.729463,upsert,0,64,StaticSemantic,15769623694692820738,4.294800519943237,True,,forwarded,,123
49244,1024,update,1785053987.0244155,1785053987.0244155,1785053983.8880196,upsert,0,64,StaticSemantic,4650049274038987083,3.1363959312438965,True,,forwarded,,124
49244,2048,update,1785053987.3480618,,1785053987.347657,upsert,1,64,StaticSemantic,12613465747135452669,0.0004048347473144531,True,,enqueued,,136
49244,1024,update,1785053987.34839,,1785053987.3479772,upsert,0,64,StaticSemantic,15769623694692820738,0.00041294097900390625,True,,enqueued,,137
49244,2048,update,1785053987.3485281,,1785053987.3481433,upsert,3,64,StaticSemantic,1610475058989402671,0.0003848075866699219,True,,enqueued,,138
49244,2048,update,1785053987.348732,,1785053987.347657,upsert,1,64,StaticSemantic,12613465747135452669,0.0010750293731689453,False,,suppressed,superseded,136
49244,2048,update,1785053987.3488464,,1785053987.3483598,upsert,1,64,StaticSemantic,12613465747135452669,0.00048661231994628906,True,,enqueued,,139
49244,1024,update,1785053988.057106,,1785053986.3879044,upsert,1,64,StaticSemantic,15769623694692820738,1.6692016124725342,False,,suppressed,superseded,134
49244,1024,update,1785053988.0571902,,1785053988.0567608,upsert,1,64,StaticSemantic,15769623694692820738,0.00042939186096191406,True,,enqueued,,140
49244,1024,update,1785053988.05733,,1785053987.3479772,upsert,0,64,StaticSemantic,15769623694692820738,0.7093527317047119,False,,suppressed,superseded,137
49244,1024,update,1785053988.0574312,,1785053988.057006,upsert,0,64,StaticSemantic,15769623694692820738,0.0004253387451171875,True,,enqueued,,141
49244,2048,update,1785053988.0575447,,1785053988.057166,upsert,2,64,StaticSemantic,3163096543987652428,0.00037860870361328125,True,,enqueued,,142
49244,1024,update,1785053988.0577428,,1785053988.0567608,upsert,1,64,StaticSemantic,15769623694692820738,0.000982046127319336,False,,suppressed,superseded,140
49244,1024,update,1785053988.057854,,1785053988.0573785,upsert,1,64,StaticSemantic,15769623694692820738,0.0004754066467285156,True,,enqueued,,143
49244,1024,update,1785053989.1946347,,1785053988.0573785,upsert,1,64,StaticSemantic,15769623694692820738,1.137256145477295,False,,suppressed,superseded,143
49244,1024,update,1785053989.1948047,,1785053989.1941953,upsert,1,64,StaticSemantic,15769623694692820738,0.0006093978881835938,True,,enqueued,,144
49244,2048,update,1785053989.1950529,,1785053989.1944246,upsert,0,64,StaticSemantic,12613465747135452669,0.0006282329559326172,True,,enqueued,,145
49244,2048,update,1785053989.1951692,,1785053989.1944246,upsert,0,64,StaticSemantic,12613465747135452669,0.0007445812225341797,False,,suppressed,superseded,145
49244,2048,update,1785053989.195237,,1785053989.1948779,upsert,0,64,StaticSemantic,12613465747135452669,0.0003590583801269531,True,,enqueued,,147
49244,2048,update,1785053989.195443,,1785053987.3483598,upsert,1,64,StaticSemantic,12613465747135452669,1.8470830917358398,False,,suppressed,superseded,139
49244,2048,update,1785053989.1955287,,1785053989.194658,upsert,1,64,StaticSemantic,12613465747135452669,0.0008707046508789062,True,,enqueued,,146
49244,2048,update,1785053989.3665736,1785053989.3665736,1785053983.8882582,upsert,3,64,StaticSemantic,9971321710674973507,5.478315353393555,True,,forwarded,,125
49244,2048,update,1785053989.3666892,1785053989.3666892,1785053983.8886342,upsert,0,64,StaticSemantic,9971321710674973507,5.478055000305176,True,,forwarded,,127
49244,1024,update,1785053991.7090755,1785053991.7090755,1785053984.980701,upsert,3,64,StaticSemantic,12523743054995375112,6.728374481201172,True,,forwarded,,128
49244,1024,update,1785053991.7092376,1785053991.7092376,1785053984.980942,upsert,0,64,StaticSemantic,12523743054995375112,6.728295564651489,True,,forwarded,,129
49244,2048,update,1785053993.279629,,1785053989.194658,upsert,1,64,StaticSemantic,12613465747135452669,4.084970951080322,False,,suppressed,superseded,146
49244,2048,update,1785053993.2798061,,1785053993.2791867,upsert,1,64,StaticSemantic,12613465747135452669,0.0006194114685058594,True,,enqueued,,148
49244,1024,update,1785053993.2801173,,1785053993.2794926,upsert,3,64,StaticSemantic,12523743054995375112,0.0006246566772460938,True,,enqueued,,149
49244,2048,update,1785053993.2802575,,1785053993.2796562,upsert,0,64,StaticSemantic,9971467602450215698,0.0006012916564941406,True,,enqueued,,150
49244,1024,update,1785053993.2803493,,1785053988.057006,upsert,0,64,StaticSemantic,15769623694692820738,5.223343372344971,False,,suppressed,superseded,141
49244,1024,update,1785053993.2804222,,1785053993.2798836,upsert,0,64,StaticSemantic,15769623694692820738,0.0005385875701904297,True,,enqueued,,151
49244,2048,update,1785053994.0512643,1785053994.0512643,1785053984.9811103,upsert,0,64,StaticSemantic,1610475058989402671,9.070153951644897,True,,forwarded,,130
49244,2048,update,1785053994.0514054,1785053994.0514054,1785053986.3873973,upsert,0,64,StaticSemantic,3163096543987652428,7.664008140563965,True,,forwarded,,132
49244,1024,update,1785053994.6871946,,1785053989.1941953,upsert,1,64,StaticSemantic,15769623694692820738,5.492999315261841,False,,suppressed,superseded,144
49244,1024,update,1785053994.6872742,,1785053994.6868818,upsert,1,64,StaticSemantic,15769623694692820738,0.0003924369812011719,True,,enqueued,,152
49244,1024,update,1785053994.6873884,,1785053993.2798836,upsert,0,64,StaticSemantic,15769623694692820738,1.4075047969818115,False,,suppressed,superseded,151
49244,1024,update,1785053994.6874273,,1785053994.6871202,upsert,0,64,StaticSemantic,15769623694692820738,0.0003070831298828125,True,,enqueued,,153
49244,4096,update,1785053994.6875114,,1785053994.6872797,upsert,3,64,StaticSemantic,947483498426156190,0.00023174285888671875,True,,enqueued,,154
49244,2048,update,1785053994.687754,,1785053989.1948779,upsert,0,64,StaticSemantic,12613465747135452669,5.492876052856445,False,,suppressed,superseded,147
49244,2048,update,1785053994.68781,,1785053994.6876414,upsert,0,64,StaticSemantic,12613465747135452669,0.0001685619354248047,True,,enqueued,,155
49244,2048,update,1785053995.8393643,,1785053995.8389864,upsert,0,64,StaticSemantic,1785562587857272681,0.00037789344787597656,True,,enqueued,,156
49244,1024,update,1785053995.8396502,,1785053994.6868818,upsert,1,64,StaticSemantic,15769623694692820738,1.1527683734893799,False,,suppressed,superseded,152
49244,1024,update,1785053995.83975,,1785053995.8392365,upsert,1,64,StaticSemantic,15769623694692820738,0.0005135536193847656,True,,enqueued,,157
49244,1024,update,1785053995.8398833,,1785053995.8393664,upsert,1,64,StaticSemantic,1187225797315579929,0.0005168914794921875,True,,enqueued,,158
49244,1024,update,1785053995.8400679,,1785053994.6871202,upsert,0,64,StaticSemantic,15769623694692820738,1.1529476642608643,False,,suppressed,superseded,153
49244,1024,update,1785053995.8401504,,1785053995.8394766,upsert,0,64,StaticSemantic,15769623694692820738,0.0006737709045410156,True,,enqueued,,159
49244,1024,update,1785053996.3936696,1785053996.3936696,1785053986.387703,upsert,2,64,StaticSemantic,16954395879792744941,10.005966663360596,True,,forwarded,,133
49244,1024,update,1785053996.3938649,1785053996.3938649,1785053986.3880565,upsert,3,64,StaticSemantic,14774026810505956694,10.005808353424072,True,,forwarded,,135
49244,2048,update,1785053997.5570858,,1785053993.2791867,upsert,1,64,StaticSemantic,12613465747135452669,4.2778990268707275,False,,suppressed,superseded,148
49244,2048,update,1785053997.5572493,,1785053997.55665,upsert,1,64,StaticSemantic,12613465747135452669,0.0005993843078613281,True,,enqueued,,160
49244,1024,update,1785053997.557565,,1785053995.8394766,upsert,0,64,StaticSemantic,15769623694692820738,1.7180883884429932,False,,suppressed,superseded,159
49244,1024,update,1785053997.557654,,1785053997.556978,upsert,0,64,StaticSemantic,15769623694692820738,0.0006759166717529297,True,,enqueued,,161
49244,4096,update,1785053997.557751,,1785053997.55735,upsert,0,64,StaticSemantic,947483498426156190,0.0004010200500488281,True,,enqueued,,163
49244,2048,update,1785053997.5578892,,1785053997.5571418,upsert,3,64,StaticSemantic,13378001954599623759,0.0007474422454833984,True,,enqueued,,162
49244,2048,update,1785053998.7359605,1785053998.7359605,1785053987.3481433,upsert,3,64,StaticSemantic,1610475058989402671,11.387817144393921,True,,forwarded,,138
49244,2048,update,1785053998.7360544,1785053998.7360544,1785053988.057166,upsert,2,64,StaticSemantic,3163096543987652428,10.678888320922852,True,,forwarded,,142
49244,1024,update,1785053998.8172736,,1785053995.8392365,upsert,1,64,StaticSemantic,15769623694692820738,2.978037118911743,False,,suppressed,superseded,157
49244,1024,update,1785053998.8173256,,1785053998.8170438,upsert,1,64,StaticSemantic,15769623694692820738,0.0002818107604980469,True,,enqueued,,164
49244,1024,update,1785053998.8174307,,1785053997.556978,upsert,0,64,StaticSemantic,15769623694692820738,1.2604527473449707,False,,suppressed,superseded,161
49244,1024,update,1785053998.8174696,,1785053998.8172746,upsert,0,64,StaticSemantic,15769623694692820738,0.00019502639770507812,True,,enqueued,,165
49244,4096,update,1785053998.817563,,1785053994.6872797,upsert,3,64,StaticSemantic,947483498426156190,4.130283355712891,False,,suppressed,superseded,154
49244,4096,update,1785053998.8176026,,1785053998.8174329,upsert,3,64,StaticSemantic,947483498426156190,0.0001697540283203125,True,,enqueued,,166
49244,1024,update,1785053998.8179147,,1785053998.8172746,upsert,0,64,StaticSemantic,15769623694692820738,0.0006401538848876953,False,,suppressed,superseded,165
49244,1024,update,1785053998.817952,,1785053998.817797,upsert,0,64,StaticSemantic,15769623694692820738,0.00015497207641601562,True,,enqueued,,167
49244,1024,update,1785054001.0785153,1785054001.0785153,1785053993.2794926,upsert,3,64,StaticSemantic,12523743054995375112,7.799022674560547,True,,forwarded,,149
49244,2048,update,1785054001.0786855,1785054001.0786855,1785053993.2796562,upsert,0,64,StaticSemantic,9971467602450215698,7.799029350280762,True,,forwarded,,150
49244,1024,update,1785054002.4055462,,1785054002.4050744,upsert,0,64,StaticSemantic,12523743054995375112,0.0004718303680419922,True,,enqueued,,168
49244,1024,update,1785054002.405879,,1785053998.8170438,upsert,1,64,StaticSemantic,15769623694692820738,3.5888352394104004,False,,suppressed,superseded,164
49244,1024,update,1785054002.405982,,1785054002.4053242,upsert,1,64,StaticSemantic,15769623694692820738,0.0006577968597412109,True,,enqueued,,169
49244,1024,update,1785054002.40622,,1785054002.4053242,upsert,1,64,StaticSemantic,15769623694692820738,0.0008957386016845703,False,,suppressed,superseded,169
49244,1024,update,1785054002.406307,,1785054002.4057074,upsert,1,64,StaticSemantic,15769623694692820738,0.0005996227264404297,True,,enqueued,,171
49244,2048,update,1785054002.406413,,1785054002.4054859,upsert,3,64,StaticSemantic,12426261210083601366,0.0009272098541259766,True,,enqueued,,170
49244,2048,update,1785054003.420609,1785054003.420609,1785053994.6876414,upsert,0,64,StaticSemantic,12613465747135452669,8.732967615127563,True,,forwarded,,155
49244,2048,update,1785054003.4206882,1785054003.4206882,1785053995.8389864,upsert,0,64,StaticSemantic,1785562587857272681,7.581701755523682,True,,forwarded,,156
49244,1024,update,1785054003.7468438,,1785054003.746542,upsert,0,64,StaticSemantic,13982934541694442251,0.0003018379211425781,True,,enqueued,,172
49244,2048,update,1785054003.746968,,1785054003.7468064,upsert,2,64,StaticSemantic,3163096543987652428,0.00016164779663085938,True,,enqueued,,173
49244,1024,update,1785054003.747168,,1785054003.7470472,upsert,3,64,StaticSemantic,10402019323283478844,0.00012087821960449219,True,,enqueued,,174
49244,1024,update,1785054003.747353,,1785054002.4057074,upsert,1,64,StaticSemantic,15769623694692820738,1.3416457176208496,False,,suppressed,superseded,171
49244,1024,update,1785054003.7473845,,1785054003.7471972,upsert,1,64,StaticSemantic,15769623694692820738,0.00018739700317382812,True,,enqueued,,175
49244,1024,update,1785054005.763061,1785054005.763061,1785053995.8393664,upsert,1,64,StaticSemantic,1187225797315579929,9.923694610595703,True,,forwarded,,158
49244,2048,update,1785054005.7631977,1785054005.7631977,1785053997.55665,upsert,1,64,StaticSemantic,12613465747135452669,8.206547737121582,True,,forwarded,,160
49244,4096,update,1785054008.1053355,1785054008.1053355,1785053997.55735,upsert,0,64,StaticSemantic,947483498426156190,10.547985553741455,True,,forwarded,,163
49244,2048,update,1785054008.1054773,1785054008.1054773,1785053997.5571418,upsert,3,64,StaticSemantic,13378001954599623759,10.548335552215576,True,,forwarded,,162
49244,4096,update,1785054010.447752,1785054010.447752,1785053998.8174329,upsert,3,64,StaticSemantic,947483498426156190,11.630319118499756,True,,forwarded,,166
49244,1024,update,1785054010.4479325,1785054010.4479325,1785053998.817797,upsert,0,64,StaticSemantic,15769623694692820738,11.630135536193848,True,,forwarded,,167
49244,1024,update,1785054012.7901118,1785054012.7901118,1785054002.4050744,upsert,0,64,StaticSemantic,12523743054995375112,10.385037422180176,True,,forwarded,,168
49244,2048,update,1785054012.7902591,1785054012.7902591,1785054002.4054859,upsert,3,64,StaticSemantic,12426261210083601366,10.384773254394531,True,,forwarded,,170
49244,1024,update,1785054015.1324363,1785054015.1324363,1785054003.746542,upsert,0,64,StaticSemantic,13982934541694442251,11.385894298553467,True,,forwarded,,172
49244,2048,update,1785054015.132601,1785054015.132601,1785054003.7468064,upsert,2,64,StaticSemantic,3163096543987652428,11.385794639587402,True,,forwarded,,173
49244,4096,update,1785054015.940091,,1785054015.9397173,upsert,3,64,StaticSemantic,13101894963583709654,0.00037360191345214844,True,,enqueued,,176
49244,1024,update,1785054015.9404151,,1785054015.9401987,upsert,2,64,StaticSemantic,16342886595574764735,0.00021648406982421875,True,,enqueued,,177
49244,1024,update,1785054015.9406424,,1785054015.9403725,upsert,0,64,StaticSemantic,15769623694692820738,0.00026988983154296875,True,,enqueued,,178
49244,2048,update,1785054015.9408598,,1785054015.9405215,upsert,3,64,StaticSemantic,9971321710674973507,0.0003383159637451172,True,,enqueued,,179
49244,1024,update,1785054017.2113218,,1785054003.7471972,upsert,1,64,StaticSemantic,15769623694692820738,13.46412467956543,False,,suppressed,superseded,175
49244,1024,update,1785054017.2114847,,1785054017.2108493,upsert,1,64,StaticSemantic,15769623694692820738,0.0006353855133056641,True,,enqueued,,180
49244,1024,update,1785054017.2117162,,1785054015.9403725,upsert,0,64,StaticSemantic,15769623694692820738,1.27134370803833,False,,suppressed,superseded,178
49244,1024,update,1785054017.2118409,,1785054017.211095,upsert,0,64,StaticSemantic,15769623694692820738,0.0007457733154296875,True,,enqueued,,181
49244,2048,update,1785054017.2120793,,1785054017.211253,upsert,1,64,StaticSemantic,12613465747135452669,0.0008263587951660156,True,,enqueued,,182
49244,2048,update,1785054017.2121894,,1785054015.9405215,upsert,3,64,StaticSemantic,9971321710674973507,1.2716679573059082,False,,suppressed,superseded,179
49244,2048,update,1785054017.2122622,,1785054017.211473,upsert,3,64,StaticSemantic,9971321710674973507,0.0007891654968261719,True,,enqueued,,183
49244,1024,update,1785054017.4747648,1785054017.4747648,1785054003.7470472,upsert,3,64,StaticSemantic,10402019323283478844,13.727717638015747,True,,forwarded,,174
49244,4096,update,1785054017.4749672,1785054017.4749672,1785054015.9397173,upsert,3,64,StaticSemantic,13101894963583709654,1.535249948501587,True,,forwarded,,176
49244,1024,update,1785054017.806213,,1785054017.2108493,upsert,1,64,StaticSemantic,15769623694692820738,0.5953636169433594,False,,suppressed,superseded,180
49244,1024,update,1785054017.8063323,,1785054017.8058836,upsert,1,64,StaticSemantic,15769623694692820738,0.0004487037658691406,True,,enqueued,,184
49244,1024,update,1785054017.806611,,1785054017.211095,upsert,0,64,StaticSemantic,15769623694692820738,0.5955159664154053,False,,suppressed,superseded,181
49244,1024,update,1785054017.8067036,,1785054017.8061087,upsert,0,64,StaticSemantic,15769623694692820738,0.0005948543548583984,True,,enqueued,,185
49244,1024,update,1785054017.8068419,,1785054017.8058836,upsert,1,64,StaticSemantic,15769623694692820738,0.0009582042694091797,False,,suppressed,superseded,184
49244,1024,update,1785054017.8069162,,1785054017.8062716,upsert,1,64,StaticSemantic,15769623694692820738,0.000644683837890625,True,,enqueued,,186
49244,1024,update,1785054017.8070912,,1785054017.8064144,upsert,2,64,StaticSemantic,4650049274038987083,0.0006768703460693359,True,,enqueued,,187
49244,2048,update,1785054019.441132,,1785054019.4406676,upsert,3,64,StaticSemantic,11074190661555870271,0.00046443939208984375,True,,enqueued,,188
49244,2048,update,1785054019.4415076,,1785054019.4409974,upsert,0,64,StaticSemantic,9971321710674973507,0.0005102157592773438,True,,enqueued,,189
49244,4096,update,1785054019.4416451,,1785054019.4412262,upsert,1,64,StaticSemantic,14108233664250482536,0.0004189014434814453,True,,enqueued,,190
49244,1024,update,1785054019.4418967,,1785054017.8062716,upsert,1,64,StaticSemantic,15769623694692820738,1.6356251239776611,False,,suppressed,superseded,186
49244,1024,update,1785054019.44199,,1785054019.4415746,upsert,1,64,StaticSemantic,15769623694692820738,0.0004153251647949219,True,,enqueued,,191
49244,1024,update,1785054019.8170938,1785054019.8170938,1785054015.9401987,upsert,2,64,StaticSemantic,16342886595574764735,3.8768951892852783,True,,forwarded,,177
49244,2048,update,1785054019.817243,1785054019.817243,1785054017.211253,upsert,1,64,StaticSemantic,12613465747135452669,2.605990171432495,True,,forwarded,,182
49244,1024,update,1785054020.1483908,,1785054019.4415746,upsert,1,64,StaticSemantic,15769623694692820738,0.7068161964416504,False,,suppressed,superseded,191
49244,1024,update,1785054020.1485322,,1785054020.1479464,upsert,1,64,StaticSemantic,15769623694692820738,0.0005857944488525391,True,,enqueued,,192
49244,1024,update,1785054020.1486402,,1785054020.1479464,upsert,1,64,StaticSemantic,15769623694692820738,0.0006937980651855469,False,,suppressed,superseded,192
49244,1024,update,1785054020.1487374,,1785054020.1481378,upsert,1,64,StaticSemantic,15769623694692820738,0.0005996227264404297,True,,enqueued,,194
49244,1024,update,1785054020.1490374,,1785054017.8061087,upsert,0,64,StaticSemantic,15769623694692820738,2.342928647994995,False,,suppressed,superseded,185
49244,1024,update,1785054020.1491654,,1785054020.148066,upsert,0,64,StaticSemantic,15769623694692820738,0.0010993480682373047,True,,enqueued,,193
49244,2048,update,1785054020.1493325,,1785054020.148203,upsert,2,64,StaticSemantic,12376960631178457983,0.0011296272277832031,True,,enqueued,,195
49244,1024,update,1785054020.857505,,1785054020.1481378,upsert,1,64,StaticSemantic,15769623694692820738,0.7093672752380371,False,,suppressed,superseded,194
49244,1024,update,1785054020.857658,,1785054020.8570783,upsert,1,64,StaticSemantic,15769623694692820738,0.0005795955657958984,True,,enqueued,,196
49244,2048,update,1785054020.8579197,,1785054020.8572962,upsert,2,64,StaticSemantic,3163096543987652428,0.0006234645843505859,True,,enqueued,,197
49244,1024,update,1785054020.8581653,,1785054020.148066,upsert,0,64,StaticSemantic,15769623694692820738,0.7100992202758789,False,,suppressed,superseded,193
49244,1024,update,1785054020.8582513,,1785054020.8575222,upsert,0,64,StaticSemantic,15769623694692820738,0.0007290840148925781,True,,enqueued,,198
49244,1024,update,1785054020.8583481,,1785054020.8570783,upsert,1,64,StaticSemantic,15769623694692820738,0.0012698173522949219,False,,suppressed,superseded,196
49244,1024,update,1785054020.858415,,1785054020.857668,upsert,1,64,StaticSemantic,15769623694692820738,0.0007469654083251953,True,,enqueued,,199
49244,2048,update,1785054022.1594486,1785054022.1594486,1785054017.211473,upsert,3,64,StaticSemantic,9971321710674973507,4.9479756355285645,True,,forwarded,,183
49244,1024,update,1785054022.1595936,1785054022.1595936,1785054017.8064144,upsert,2,64,StaticSemantic,4650049274038987083,4.353179216384888,True,,forwarded,,187
49244,2048,update,1785054024.3839993,,1785054024.3835123,upsert,2,64,StaticSemantic,3651397818491029696,0.0004870891571044922,True,,enqueued,,200
49244,1024,update,1785054024.384368,,1785054020.8575222,upsert,0,64,StaticSemantic,15769623694692820738,3.526845693588257,False,,suppressed,superseded,198
49244,1024,update,1785054024.3844697,,1785054024.3838587,upsert,0,64,StaticSemantic,15769623694692820738,0.0006110668182373047,True,,enqueued,,201
49244,1024,update,1785054024.38458,,1785054020.857668,upsert,1,64,StaticSemantic,15769623694692820738,3.526911973953247,False,,suppressed,superseded,199
49244,1024,update,1785054024.3846867,,1785054024.3840318,upsert,1,64,StaticSemantic,15769623694692820738,0.0006549358367919922,True,,enqueued,,202
49244,1024,update,1785054024.384931,,1785054024.3841813,upsert,3,64,StaticSemantic,12523743054995375112,0.0007498264312744141,True,,enqueued,,203
49244,2048,update,1785054024.5015907,1785054024.5015907,1785054019.4406676,upsert,3,64,StaticSemantic,11074190661555870271,5.060923099517822,True,,forwarded,,188
49244,2048,update,1785054024.5016532,1785054024.5016532,1785054019.4409974,upsert,0,64,StaticSemantic,9971321710674973507,5.060655832290649,True,,forwarded,,189
49244,2048,update,1785054026.281395,,1785054026.2809567,upsert,0,64,StaticSemantic,3163096543987652428,0.0004382133483886719,True,,enqueued,,204
49244,2048,update,1785054026.281845,,1785054026.2812781,upsert,3,64,StaticSemantic,9971321710674973507,0.0005669593811035156,True,,enqueued,,205
49244,1024,update,1785054026.2820053,,1785054024.3840318,upsert,1,64,StaticSemantic,15769623694692820738,1.8979735374450684,False,,suppressed,superseded,202
49244,1024,update,1785054026.2821326,,1785054026.281505,upsert,1,64,StaticSemantic,15769623694692820738,0.0006275177001953125,True,,enqueued,,206
49244,4096,update,1785054026.2823763,,1785054026.2816508,upsert,1,64,StaticSemantic,9417075026054648240,0.0007255077362060547,True,,enqueued,,207
49244,4096,update,1785054026.844125,1785054026.844125,1785054019.4412262,upsert,1,64,StaticSemantic,14108233664250482536,7.402898788452148,True,,forwarded,,190
49244,2048,update,1785054026.8442838,1785054026.8442838,1785054020.148203,upsert,2,64,StaticSemantic,12376960631178457983,6.696080923080444,True,,forwarded,,195
49244,2048,update,1785054029.1865277,1785054029.1865277,1785054020.8572962,upsert,2,64,StaticSemantic,3163096543987652428,8.32923150062561,True,,forwarded,,197
49244,2048,update,1785054029.1866846,1785054029.1866846,1785054024.3835123,upsert,2,64,StaticSemantic,3651397818491029696,4.80317234992981,True,,forwarded,,200
49244,1024,update,1785054031.528697,1785054031.528697,1785054024.3838587,upsert,0,64,StaticSemantic,15769623694692820738,7.144838333129883,True,,forwarded,,201
49244,1024,update,1785054031.528809,1785054031.528809,1785054024.3841813,upsert,3,64,StaticSemantic,12523743054995375112,7.144627809524536,True,,forwarded,,203
49244,2048,update,1785054033.8712208,1785054033.8712208,1785054026.2809567,upsert,0,64,StaticSemantic,3163096543987652428,7.590264081954956,True,,forwarded,,204
49244,2048,update,1785054033.8713799,1785054033.8713799,1785054026.2812781,upsert,3,64,StaticSemantic,9971321710674973507,7.590101718902588,True,,forwarded,,205
49244,1024,update,1785054036.2134588,1785054036.2134588,1785054026.281505,upsert,1,64,StaticSemantic,15769623694692820738,9.93195366859436,True,,forwarded,,206
49244,4096,update,1785054036.2136018,1785054036.2136018,1785054026.2816508,upsert,1,64,StaticSemantic,9417075026054648240,9.93195104598999,True,,forwarded,,207
49244,4096,update,1785054038.579346,,1785054038.579062,upsert,1,64,StaticSemantic,4132850298606047245,0.00028395652770996094,True,,enqueued,,208
49244,4096,update,1785054038.5795817,1785054038.5795817,1785054038.579062,upsert,1,64,StaticSemantic,4132850298606047245,0.0005197525024414062,True,,forwarded,,208
49244,2048,update,1785054038.5798383,,1785054038.5795,upsert,3,64,StaticSemantic,9971321710674973507,0.0003383159637451172,True,,enqueued,,209
49244,2048,update,1785054038.579991,1785054038.579991,1785054038.5795,upsert,3,64,StaticSemantic,9971321710674973507,0.0004911422729492188,True,,forwarded,,209
49244,2048,update,1785054038.5801818,,1785054038.579732,upsert,0,64,StaticSemantic,12613465747135452669,0.00044989585876464844,True,,enqueued,,210
49244,2048,update,1785054038.5803843,1785054038.5803843,1785054038.579732,upsert,0,64,StaticSemantic,12613465747135452669,0.000652313232421875,True,,forwarded,,210
49244,1024,update,1785054038.5804946,,1785054038.5799546,upsert,1,64,StaticSemantic,15769623694692820738,0.0005400180816650391,True,,enqueued,,211
49244,1024,update,1785054038.5806062,1785054038.5806062,1785054038.5799546,upsert,1,64,StaticSemantic,15769623694692820738,0.0006515979766845703,True,,forwarded,,211
49244,2048,update,1785054039.481521,,1785054039.481093,upsert,0,64,StaticSemantic,12613465747135452669,0.0004279613494873047,True,,enqueued,,212
49244,1024,update,1785054039.4818923,,1785054039.4813988,upsert,3,64,StaticSemantic,12523743054995375112,0.0004935264587402344,True,,enqueued,,213
49244,1024,update,1785054039.4820163,,1785054039.4813988,upsert,3,64,StaticSemantic,12523743054995375112,0.0006175041198730469,False,,suppressed,superseded,213
49244,1024,update,1785054039.4820926,,1785054039.4815598,upsert,3,64,StaticSemantic,12523743054995375112,0.0005328655242919922,True,,enqueued,,214
49244,1024,update,1785054039.4822733,,1785054039.4817016,upsert,2,64,StaticSemantic,4650049274038987083,0.0005717277526855469,True,,enqueued,,215
49244,2048,update,1785054041.4926705,1785054041.4926705,1785054039.481093,upsert,0,64,StaticSemantic,12613465747135452669,2.011577606201172,True,,forwarded,,212
49244,1024,update,1785054042.6639152,1785054042.6639152,1785054039.4815598,upsert,3,64,StaticSemantic,12523743054995375112,3.1823554039001465,True,,forwarded,,214
49244,1024,update,1785054042.6640084,1785054042.6640084,1785054039.4817016,upsert,2,64,StaticSemantic,4650049274038987083,3.1823067665100098,True,,forwarded,,215
49244,1024,update,1785054051.8107452,,1785054051.810509,upsert,0,64,StaticSemantic,15769623694692820738,0.00023627281188964844,True,,enqueued,,216
49244,1024,update,1785054051.8108957,1785054051.8108957,1785054051.810509,upsert,0,64,StaticSemantic,15769623694692820738,0.0003867149353027344,True,,forwarded,,216
49244,1024,update,1785054051.8110056,,1785054051.8107548,upsert,1,64,StaticSemantic,15769623694692820738,0.00025081634521484375,True,,enqueued,,217
49244,1024,update,1785054051.8110833,1785054051.8110833,1785054051.8107548,upsert,1,64,StaticSemantic,15769623694692820738,0.0003285408020019531,True,,forwarded,,217
49244,1024,update,1785054051.8111737,,1785054051.8109481,upsert,2,64,StaticSemantic,3073007241776570211,0.00022554397583007812,True,,enqueued,,218
49244,1024,update,1785054051.8112671,1785054051.8112671,1785054051.8109481,upsert,2,64,StaticSemantic,3073007241776570211,0.0003190040588378906,True,,forwarded,,218
49244,4096,update,1785054051.8113174,,1785054051.811097,upsert,3,64,StaticSemantic,17626756171492301456,0.0002205371856689453,True,,enqueued,,219
49244,4096,update,1785054051.8113754,1785054051.8113754,1785054051.811097,upsert,3,64,StaticSemantic,17626756171492301456,0.000278472900390625,True,,forwarded,,219
49244,1024,update,1785054052.5602016,,1785054052.5597255,upsert,0,64,StaticSemantic,15769623694692820738,0.0004761219024658203,True,,enqueued,,220
49244,1024,update,1785054052.560565,1785054052.560565,1785054052.5597255,upsert,0,64,StaticSemantic,15769623694692820738,0.0008394718170166016,True,,forwarded,,220
49244,1024,update,1785054052.560713,,1785054052.5599768,upsert,1,64,StaticSemantic,15769623694692820738,0.000736236572265625,True,,enqueued,,221
49244,1024,update,1785054052.5609996,1785054052.5609996,1785054052.5599768,upsert,1,64,StaticSemantic,15769623694692820738,0.0010228157043457031,True,,forwarded,,221
49244,2048,update,1785054052.5611193,,1785054052.5601351,upsert,3,64,StaticSemantic,1785562587857272681,0.00098419189453125,True,,enqueued,,222
49244,1024,update,1785054052.5612216,,1785054052.560362,upsert,2,64,StaticSemantic,16954395879792744941,0.0008594989776611328,True,,enqueued,,223
49244,2048,update,1785054052.5613413,1785054052.5613413,1785054052.5601351,upsert,3,64,StaticSemantic,1785562587857272681,0.0012061595916748047,True,,forwarded,,222
49244,1024,update,1785054052.5614266,1785054052.5614266,1785054052.560362,upsert,2,64,StaticSemantic,16954395879792744941,0.0010645389556884766,True,,forwarded,,223
49244,1024,update,1785054056.3335884,,1785054056.333282,upsert,3,64,StaticSemantic,17846715708891391149,0.0003063678741455078,True,,enqueued,,224
49244,1024,update,1785054056.333804,1785054056.333804,1785054056.333282,upsert,3,64,StaticSemantic,17846715708891391149,0.0005218982696533203,True,,forwarded,,224
49244,1024,update,1785054056.3338757,,1785054056.3334053,upsert,2,64,StaticSemantic,17846715708891391149,0.0004703998565673828,True,,enqueued,,225
49244,1024,update,1785054056.3339305,,1785054056.3334777,upsert,1,64,StaticSemantic,16959770370201147106,0.0004527568817138672,True,,enqueued,,226
49244,1024,update,1785054056.3340144,1785054056.3340144,1785054056.3334053,upsert,2,64,StaticSemantic,17846715708891391149,0.0006091594696044922,True,,forwarded,,225
49244,1024,update,1785054056.3340628,1785054056.3340628,1785054056.3334777,upsert,1,64,StaticSemantic,16959770370201147106,0.0005850791931152344,True,,forwarded,,226
49244,2048,update,1785054056.3341074,,1785054056.3335464,upsert,0,64,StaticSemantic,2763046690965461559,0.0005609989166259766,True,,enqueued,,227
49244,2048,update,1785054056.3341558,1785054056.3341558,1785054056.3335464,upsert,0,64,StaticSemantic,2763046690965461559,0.0006093978881835938,True,,forwarded,,227
49244,1024,update,1785054060.1767468,,1785054060.1762002,upsert,3,64,StaticSemantic,17846715708891391149,0.0005466938018798828,True,,enqueued,,228
49244,1024,update,1785054060.1771195,1785054060.1771195,1785054060.1762002,upsert,3,64,StaticSemantic,17846715708891391149,0.000919342041015625,True,,forwarded,,228
49244,2048,update,1785054060.1772695,,1785054060.1764367,upsert,0,64,StaticSemantic,11084610101891187946,0.0008327960968017578,True,,enqueued,,229
49244,2048,update,1785054060.1775215,1785054060.1775215,1785054060.1764367,upsert,0,64,StaticSemantic,11084610101891187946,0.0010848045349121094,True,,forwarded,,229
49244,2048,update,1785054060.177644,,1785054060.1766639,upsert,2,64,StaticSemantic,13844655051170110805,0.0009801387786865234,True,,enqueued,,230
49244,2048,update,1785054060.1777442,,1785054060.1768975,upsert,1,64,StaticSemantic,11821849661176330329,0.0008466243743896484,True,,enqueued,,231
49244,2048,update,1785054060.177878,1785054060.177878,1785054060.1766639,upsert,2,64,StaticSemantic,13844655051170110805,0.0012140274047851562,True,,forwarded,,230
49244,2048,update,1785054060.1779642,1785054060.1779642,1785054060.1768975,upsert,1,64,StaticSemantic,11821849661176330329,0.0010666847229003906,True,,forwarded,,231
49244,4096,update,1785054072.609023,,1785054072.608543,upsert,3,64,StaticSemantic,7868677391643418442,0.0004801750183105469,True,,enqueued,,232
49244,4096,update,1785054072.6093316,1785054072.6093316,1785054072.608543,upsert,3,64,StaticSemantic,7868677391643418442,0.0007886886596679688,True,,forwarded,,232
49244,2048,update,1785054072.6096363,,1785054072.6090117,upsert,1,64,StaticSemantic,16031388937053417897,0.0006246566772460938,True,,enqueued,,233
49244,2048,update,1785054072.609994,1785054072.609994,1785054072.6090117,upsert,1,64,StaticSemantic,16031388937053417897,0.0009822845458984375,True,,forwarded,,233
49244,1024,update,1785054072.6101348,,1785054072.6092536,upsert,2,64,StaticSemantic,15431656929541765248,0.000881195068359375,True,,enqueued,,234
49244,4096,update,1785054072.6102898,,1785054072.6094496,upsert,0,64,StaticSemantic,3174386350051304381,0.0008401870727539062,True,,enqueued,,235
49244,1024,update,1785054072.610482,1785054072.610482,1785054072.6092536,upsert,2,64,StaticSemantic,15431656929541765248,0.00122833251953125,True,,forwarded,,234
49244,4096,update,1785054072.6106112,1785054072.6106112,1785054072.6094496,upsert,0,64,StaticSemantic,3174386350051304381,0.0011615753173828125,True,,forwarded,,235
49244,1024,update,1785054075.9980478,,1785054075.997647,upsert,3,64,StaticSemantic,14333057367934485678,0.00040078163146972656,True,,enqueued,,236
49244,1024,update,1785054075.998393,1785054075.998393,1785054075.997647,upsert,3,64,StaticSemantic,14333057367934485678,0.0007460117340087891,True,,forwarded,,236
49244,2048,update,1785054075.9985394,,1785054075.9979043,upsert,2,64,StaticSemantic,6878038652119793510,0.0006351470947265625,True,,enqueued,,237
49244,2048,update,1785054075.9988067,1785054075.9988067,1785054075.9979043,upsert,2,64,StaticSemantic,6878038652119793510,0.0009024143218994141,True,,forwarded,,237
49244,1024,update,1785054075.9989321,,1785054075.9981325,upsert,1,64,StaticSemantic,14470901837808647390,0.0007996559143066406,True,,enqueued,,238
49244,1024,update,1785054075.9991488,1785054075.9991488,1785054075.9981325,upsert,1,64,StaticSemantic,14470901837808647390,0.001016378402709961,True,,forwarded,,238
49244,1024,update,1785054075.9992628,,1785054075.9983094,upsert,3,64,StaticSemantic,17846715708891391149,0.0009534358978271484,True,,enqueued,,239
49244,1024,update,1785054075.9993982,1785054075.9993982,1785054075.9983094,upsert,3,64,StaticSemantic,17846715708891391149,0.001088857650756836,True,,forwarded,,239
49244,2048,update,1785054080.010898,,1785054080.0104907,upsert,0,64,StaticSemantic,15507369539614680842,0.0004074573516845703,True,,enqueued,,240
49244,2048,update,1785054080.0112438,1785054080.0112438,1785054080.0104907,upsert,0,64,StaticSemantic,15507369539614680842,0.0007531642913818359,True,,forwarded,,240
49244,2048,update,1785054080.0113912,,1785054080.0106556,upsert,2,64,StaticSemantic,3796152564256217897,0.0007355213165283203,True,,enqueued,,241
49244,2048,update,1785054080.011632,1785054080.011632,1785054080.0106556,upsert,2,64,StaticSemantic,3796152564256217897,0.0009763240814208984,True,,forwarded,,241
49244,1024,update,1785054080.0117583,,1785054080.0109005,upsert,3,64,StaticSemantic,17846715708891391149,0.0008578300476074219,True,,enqueued,,242
49244,1024,update,1785054080.0118682,,1785054080.0109005,upsert,3,64,StaticSemantic,17846715708891391149,0.0009677410125732422,False,,suppressed,superseded,242
49244,1024,update,1785054080.0119374,,1785054080.0110548,upsert,3,64,StaticSemantic,17846715708891391149,0.0008826255798339844,True,,enqueued,,243
49244,1024,update,1785054080.0120683,1785054080.0120683,1785054080.0110548,upsert,3,64,StaticSemantic,17846715708891391149,0.0010135173797607422,True,,forwarded,,243
49244,2048,update,1785054092.0841622,,1785054092.0837102,upsert,2,64,StaticSemantic,15507369539614680842,0.0004520416259765625,True,,enqueued,,244
49244,2048,update,1785054092.0844612,1785054092.0844612,1785054092.0837102,upsert,2,64,StaticSemantic,15507369539614680842,0.0007510185241699219,True,,forwarded,,244
49244,2048,update,1785054092.0847113,,1785054092.0840793,upsert,1,64,StaticSemantic,11821849661176330329,0.0006320476531982422,True,,enqueued,,245
49244,2048,update,1785054092.0850303,1785054092.0850303,1785054092.0840793,upsert,1,64,StaticSemantic,11821849661176330329,0.0009510517120361328,True,,forwarded,,245
49244,1024,update,1785054092.0851574,,1785054092.0843418,upsert,3,64,StaticSemantic,16236083247640581049,0.0008156299591064453,True,,enqueued,,246
49244,4096,update,1785054092.0852606,,1785054092.0844972,upsert,0,64,StaticSemantic,5080278736125677280,0.0007634162902832031,True,,enqueued,,247
49244,1024,update,1785054092.0853922,1785054092.0853922,1785054092.0843418,upsert,3,64,StaticSemantic,16236083247640581049,0.0010504722595214844,True,,forwarded,,246
49244,4096,update,1785054092.0855014,1785054092.0855014,1785054092.0844972,upsert,0,64,StaticSemantic,5080278736125677280,0.0010042190551757812,True,,forwarded,,247
49244,2048,update,1785054092.9661646,,1785054092.9656808,upsert,1,64,StaticSemantic,11821849661176330329,0.0004837512969970703,True,,enqueued,,248
49244,2048,update,1785054092.966465,1785054092.966465,1785054092.9656808,upsert,1,64,StaticSemantic,11821849661176330329,0.0007841587066650391,True,,forwarded,,248
49244,1024,update,1785054092.9668016,,1785054092.9660249,upsert,2,64,StaticSemantic,17846715708891391149,0.0007767677307128906,True,,enqueued,,249
49244,1024,update,1785054092.966932,,1785054092.9661946,upsert,3,64,StaticSemantic,14333057367934485678,0.0007374286651611328,True,,enqueued,,250
49244,1024,update,1785054092.967156,1785054092.967156,1785054092.9660249,upsert,2,64,StaticSemantic,17846715708891391149,0.0011310577392578125,True,,forwarded,,249
49244,1024,update,1785054092.9672818,1785054092.9672818,1785054092.9661946,upsert,3,64,StaticSemantic,14333057367934485678,0.001087188720703125,True,,forwarded,,250
49244,2048,update,1785054092.9673886,,1785054092.9663398,upsert,0,64,StaticSemantic,15507369539614680842,0.0010488033294677734,True,,enqueued,,251
49244,2048,update,1785054092.967526,1785054092.967526,1785054092.9663398,upsert,0,64,StaticSemantic,15507369539614680842,0.0011861324310302734,True,,forwarded,,251
49244,1024,update,1785054093.725945,,1785054093.72562,upsert,3,64,StaticSemantic,17846715708891391149,0.0003249645233154297,True,,enqueued,,252
49244,1024,update,1785054093.7261543,1785054093.7261543,1785054093.72562,upsert,3,64,StaticSemantic,17846715708891391149,0.0005342960357666016,True,,forwarded,,252
49244,1024,update,1785054093.7262242,,1785054093.7258391,upsert,3,64,StaticSemantic,14333057367934485678,0.00038504600524902344,True,,enqueued,,254
49244,1024,update,1785054093.7262805,,1785054093.7257495,upsert,2,64,StaticSemantic,17846715708891391149,0.0005309581756591797,True,,enqueued,,253
49244,1024,update,1785054093.7263675,1785054093.7263675,1785054093.7258391,upsert,3,64,StaticSemantic,14333057367934485678,0.0005283355712890625,True,,forwarded,,254
49244,1024,update,1785054093.7264173,1785054093.7264173,1785054093.7257495,upsert,2,64,StaticSemantic,17846715708891391149,0.0006678104400634766,True,,forwarded,,253
49244,2048,update,1785054093.7264616,,1785054093.7259066,upsert,0,64,StaticSemantic,15507369539614680842,0.0005550384521484375,True,,enqueued,,255
49244,2048,update,1785054093.726513,1785054093.726513,1785054093.7259066,upsert,0,64,StaticSemantic,15507369539614680842,0.0006062984466552734,True,,forwarded,,255
49244,1024,update,1785054106.0601187,,1785054106.0597053,upsert,3,64,StaticSemantic,14333057367934485678,0.0004134178161621094,True,,enqueued,,256
49244,1024,update,1785054106.0604718,1785054106.0604718,1785054106.0597053,upsert,3,64,StaticSemantic,14333057367934485678,0.0007665157318115234,True,,forwarded,,256
49244,4096,update,1785054106.0606208,,1785054106.0599737,upsert,2,64,StaticSemantic,16508625817180621701,0.0006470680236816406,True,,enqueued,,257
49244,4096,update,1785054106.0607724,1785054106.0607724,1785054106.0599737,upsert,2,64,StaticSemantic,16508625817180621701,0.0007987022399902344,True,,forwarded,,257
49244,4096,update,1785054106.0609996,,1785054106.060342,upsert,0,64,StaticSemantic,5794772519797049687,0.0006575584411621094,True,,enqueued,,258
49244,4096,update,1785054106.0612254,1785054106.0612254,1785054106.060342,upsert,0,64,StaticSemantic,5794772519797049687,0.0008833408355712891,True,,forwarded,,258
49244,2048,update,1785054106.06134,,1785054106.0606947,upsert,1,64,StaticSemantic,11821849661176330329,0.0006453990936279297,True,,enqueued,,259
49244,2048,update,1785054106.0614817,1785054106.0614817,1785054106.0606947,upsert,1,64,StaticSemantic,11821849661176330329,0.0007870197296142578,True,,forwarded,,259
49244,1024,update,1785054106.9780903,,1785054106.9776564,upsert,2,64,StaticSemantic,17846715708891391149,0.00043392181396484375,True,,enqueued,,260
49244,1024,update,1785054106.9784977,1785054106.9784977,1785054106.9776564,upsert,2,64,StaticSemantic,17846715708891391149,0.0008413791656494141,True,,forwarded,,260
49244,1024,update,1785054106.9786432,,1785054106.9779418,upsert,2,64,StaticSemantic,17846715708891391149,0.0007014274597167969,True,,enqueued,,263
49244,1024,update,1785054106.9787607,,1785054106.9778037,upsert,3,64,StaticSemantic,17846715708891391149,0.0009570121765136719,True,,enqueued,,261
49244,1024,update,1785054106.9788795,,1785054106.9778788,upsert,3,64,StaticSemantic,16236083247640581049,0.0010006427764892578,True,,enqueued,,262
49244,1024,update,1785054106.9790173,1785054106.9790173,1785054106.9779418,upsert,2,64,StaticSemantic,17846715708891391149,0.0010755062103271484,True,,forwarded,,263
49244,1024,update,1785054106.9791284,1785054106.9791284,1785054106.9778037,upsert,3,64,StaticSemantic,17846715708891391149,0.0013246536254882812,True,,forwarded,,261
49244,1024,update,1785054106.9792304,1785054106.9792304,1785054106.9778788,upsert,3,64,StaticSemantic,16236083247640581049,0.0013515949249267578,True,,forwarded,,262
49244,1024,update,1785054110.8334768,,1785054110.833155,upsert,2,64,StaticSemantic,17846715708891391149,0.0003218650817871094,True,,enqueued,,264
49244,1024,update,1785054110.8336444,1785054110.8336444,1785054110.833155,upsert,2,64,StaticSemantic,17846715708891391149,0.0004894733428955078,True,,forwarded,,264
49244,1024,update,1785054110.8338044,,1785054110.833383,upsert,1,64,StaticSemantic,13764273285245102789,0.00042128562927246094,True,,enqueued,,265
49244,2048,update,1785054110.8338635,,1785054110.8335307,upsert,0,64,StaticSemantic,2791082597034988524,0.00033283233642578125,True,,enqueued,,266
49244,1024,update,1785054110.8339355,1785054110.8339355,1785054110.833383,upsert,1,64,StaticSemantic,13764273285245102789,0.0005524158477783203,True,,forwarded,,265
49244,2048,update,1785054110.8339822,1785054110.8339822,1785054110.8335307,upsert,0,64,StaticSemantic,2791082597034988524,0.0004515647888183594,True,,forwarded,,266
49244,1024,update,1785054110.8340678,,1785054110.8337271,upsert,3,64,StaticSemantic,17846715708891391149,0.0003407001495361328,True,,enqueued,,267
49244,1024,update,1785054110.8341208,1785054110.8341208,1785054110.8337271,upsert,3,64,StaticSemantic,17846715708891391149,0.0003936290740966797,True,,forwarded,,267
49244,4096,update,1785054112.24835,,1785054112.2480152,upsert,2,64,StaticSemantic,16508625817180621701,0.00033473968505859375,True,,enqueued,,268
49244,4096,update,1785054112.2484868,1785054112.2484868,1785054112.2480152,upsert,2,64,StaticSemantic,16508625817180621701,0.0004715919494628906,True,,forwarded,,268
49244,1024,update,1785054112.2486525,,1785054112.248456,upsert,1,64,StaticSemantic,10946459298946968941,0.0001964569091796875,True,,enqueued,,269
49244,1024,update,1785054112.2487142,1785054112.2487142,1785054112.248456,upsert,1,64,StaticSemantic,10946459298946968941,0.0002582073211669922,True,,forwarded,,269
49244,4096,update,1785054112.2487996,,1785054112.2486234,upsert,0,64,StaticSemantic,5080278736125677280,0.0001761913299560547,True,,enqueued,,270
49244,4096,update,1785054112.2488518,1785054112.2488518,1785054112.2486234,upsert,0,64,StaticSemantic,5080278736125677280,0.00022840499877929688,True,,forwarded,,270
49244,1024,update,1785054112.2491093,,1785054112.2489872,upsert,3,64,StaticSemantic,7759237608199543855,0.0001220703125,True,,enqueued,,271
49244,1024,update,1785054112.2491536,1785054112.2491536,1785054112.2489872,upsert,3,64,StaticSemantic,7759237608199543855,0.00016641616821289062,True,,forwarded,,271
49244,1024,update,1785054124.5549903,,1785054124.5545363,upsert,1,64,StaticSemantic,13764273285245102789,0.000453948974609375,True,,enqueued,,272
49244,1024,update,1785054124.5553465,1785054124.5553465,1785054124.5545363,upsert,1,64,StaticSemantic,13764273285245102789,0.0008101463317871094,True,,forwarded,,272
49244,1024,update,1785054124.5554974,,1785054124.5548062,upsert,2,64,StaticSemantic,17846715708891391149,0.0006911754608154297,True,,enqueued,,273
49244,1024,update,1785054124.5557423,1785054124.5557423,1785054124.5548062,upsert,2,64,StaticSemantic,17846715708891391149,0.0009360313415527344,True,,forwarded,,273
49244,1024,update,1785054124.5558813,,1785054124.5549786,upsert,3,64,StaticSemantic,17846715708891391149,0.0009026527404785156,True,,enqueued,,274
49244,1024,update,1785054124.5560968,1785054124.5560968,1785054124.5549786,upsert,3,64,StaticSemantic,17846715708891391149,0.0011181831359863281,True,,forwarded,,274
49244,4096,update,1785054124.5562112,,1785054124.5551217,upsert,0,64,StaticSemantic,17368355320037658727,0.0010895729064941406,True,,enqueued,,275
49244,4096,update,1785054124.556347,1785054124.556347,1785054124.5551217,upsert,0,64,StaticSemantic,17368355320037658727,0.0012252330780029297,True,,forwarded,,275
49244,4096,update,1785054128.3394651,,1785054128.3390627,upsert,2,64,StaticSemantic,16508625817180621701,0.0004024505615234375,True,,enqueued,,276
49244,4096,update,1785054128.3397424,1785054128.3397424,1785054128.3390627,upsert,2,64,StaticSemantic,16508625817180621701,0.0006797313690185547,True,,forwarded,,276
49244,4096,update,1785054128.34001,,1785054128.3395138,upsert,0,64,StaticSemantic,5080278736125677280,0.0004961490631103516,True,,enqueued,,277
49244,4096,update,1785054128.3402627,1785054128.3402627,1785054128.3395138,upsert,0,64,StaticSemantic,5080278736125677280,0.0007488727569580078,True,,forwarded,,277
49244,1024,update,1785054128.3403854,,1785054128.3398874,upsert,3,64,StaticSemantic,7759237608199543855,0.0004980564117431641,True,,enqueued,,278
49244,1024,update,1785054128.3406022,1785054128.3406022,1785054128.3398874,upsert,3,64,StaticSemantic,7759237608199543855,0.0007147789001464844,True,,forwarded,,278
49244,2048,update,1785054128.3407168,,1785054128.340035,upsert,1,64,StaticSemantic,12103029824873703222,0.0006818771362304688,True,,enqueued,,279
49244,2048,update,1785054128.340869,1785054128.340869,1785054128.340035,upsert,1,64,StaticSemantic,12103029824873703222,0.0008339881896972656,True,,forwarded,,279
49244,1024,update,1785054129.2773156,,1785054129.2769191,upsert,3,64,StaticSemantic,17846715708891391149,0.00039649009704589844,True,,enqueued,,280
49244,1024,update,1785054129.2776523,1785054129.2776523,1785054129.2769191,upsert,3,64,StaticSemantic,17846715708891391149,0.0007331371307373047,True,,forwarded,,280
49244,2048,update,1785054129.2778146,,1785054129.2771628,upsert,0,64,StaticSemantic,15507369539614680842,0.0006518363952636719,True,,enqueued,,281
49244,2048,update,1785054129.2780464,1785054129.2780464,1785054129.2771628,upsert,0,64,StaticSemantic,15507369539614680842,0.0008835792541503906,True,,forwarded,,281
49244,1024,update,1785054129.278167,,1785054129.2773948,upsert,2,64,StaticSemantic,17846715708891391149,0.0007722377777099609,True,,enqueued,,282
49244,1024,update,1785054129.2782571,,1785054129.2773948,upsert,2,64,StaticSemantic,17846715708891391149,0.0008623600006103516,False,,suppressed,superseded,282
49244,1024,update,1785054129.2783225,,1785054129.277537,upsert,2,64,StaticSemantic,17846715708891391149,0.0007853507995605469,True,,enqueued,,283
49244,1024,update,1785054129.278437,1785054129.278437,1785054129.277537,upsert,2,64,StaticSemantic,17846715708891391149,0.0008997917175292969,True,,forwarded,,283
49244,2048,update,1785054130.6251233,,1785054130.6246753,upsert,1,64,StaticSemantic,11821849661176330329,0.00044798851013183594,True,,enqueued,,284
49244,2048,update,1785054130.6253736,1785054130.6253736,1785054130.6246753,upsert,1,64,StaticSemantic,11821849661176330329,0.0006983280181884766,True,,forwarded,,284
49244,2048,update,1785054130.6255944,,1785054130.6250129,upsert,0,64,StaticSemantic,15507369539614680842,0.0005815029144287109,True,,enqueued,,285
49244,2048,update,1785054130.6258204,1785054130.6258204,1785054130.6250129,upsert,0,64,StaticSemantic,15507369539614680842,0.0008075237274169922,True,,forwarded,,285
49244,2048,update,1785054130.6259394,,1785054130.6252444,upsert,2,64,StaticSemantic,15507369539614680842,0.0006949901580810547,True,,enqueued,,286
49244,2048,update,1785054130.6260293,,1785054130.625456,upsert,2,64,StaticSemantic,6878038652119793510,0.0005731582641601562,True,,enqueued,,287
49244,2048,update,1785054130.6261487,1785054130.6261487,1785054130.6252444,upsert,2,64,StaticSemantic,15507369539614680842,0.0009043216705322266,True,,forwarded,,286
49244,2048,update,1785054130.626234,1785054130.626234,1785054130.625456,upsert,2,64,StaticSemantic,6878038652119793510,0.0007779598236083984,True,,forwarded,,287
49244,2048,update,1785054132.5960362,,1785054132.5955725,upsert,0,64,StaticSemantic,15507369539614680842,0.00046372413635253906,True,,enqueued,,288
49244,2048,update,1785054132.5962732,1785054132.5962732,1785054132.5955725,upsert,0,64,StaticSemantic,15507369539614680842,0.0007007122039794922,True,,forwarded,,288
49244,4096,update,1785054132.5964923,,1785054132.5959203,upsert,0,64,StaticSemantic,5080278736125677280,0.0005719661712646484,True,,enqueued,,289
49244,1024,update,1785054132.5967126,,1785054132.5963054,upsert,2,64,StaticSemantic,17846715708891391149,0.00040721893310546875,True,,enqueued,,290
49244,2048,update,1785054132.5969179,,1785054132.5964582,upsert,1,64,StaticSemantic,11821849661176330329,0.0004596710205078125,True,,enqueued,,291
49244,4096,update,1785054132.6277564,1785054132.6277564,1785054132.5959203,upsert,0,64,StaticSemantic,5080278736125677280,0.03183603286743164,True,,forwarded,,289
49244,1024,update,1785054132.6278853,1785054132.6278853,1785054132.5963054,upsert,2,64,StaticSemantic,17846715708891391149,0.03157997131347656,True,,forwarded,,290
49244,2048,update,1785054133.933133,,1785054132.5964582,upsert,1,64,StaticSemantic,11821849661176330329,1.336674690246582,False,,suppressed,superseded,291
49244,2048,update,1785054133.9332912,,1785054133.9326527,upsert,1,64,StaticSemantic,11821849661176330329,0.0006384849548339844,True,,enqueued,,292
49244,2048,update,1785054133.933616,,1785054133.9330006,upsert,2,64,StaticSemantic,13844655051170110805,0.0006153583526611328,True,,enqueued,,293
49244,1024,update,1785054133.9337497,,1785054133.9332335,upsert,3,64,StaticSemantic,7759237608199543855,0.0005161762237548828,True,,enqueued,,294
49244,4096,update,1785054133.9340687,,1785054133.933384,upsert,0,64,StaticSemantic,3174386350051304381,0.0006847381591796875,True,,enqueued,,295
49244,2048,update,1785054134.3756194,1785054134.3756194,1785054133.9326527,upsert,1,64,StaticSemantic,11821849661176330329,0.4429666996002197,True,,forwarded,,292
49244,2048,update,1785054134.6559262,,1785054134.6555424,upsert,1,64,StaticSemantic,11821849661176330329,0.0003838539123535156,True,,enqueued,,296
49244,1024,update,1785054134.6562285,,1785054134.6558764,upsert,3,64,StaticSemantic,14333057367934485678,0.0003521442413330078,True,,enqueued,,297
49244,1024,update,1785054134.656453,,1785054134.6560435,upsert,2,64,StaticSemantic,17846715708891391149,0.0004093647003173828,True,,enqueued,,298
49244,1024,update,1785054134.6565645,,1785054134.6560435,upsert,2,64,StaticSemantic,17846715708891391149,0.0005209445953369141,False,,suppressed,superseded,298
49244,1024,update,1785054134.6566567,,1785054134.6561909,upsert,2,64,StaticSemantic,17846715708891391149,0.0004658699035644531,True,,enqueued,,299
49244,1024,update,1785054135.4662468,,1785054133.9332335,upsert,3,64,StaticSemantic,7759237608199543855,1.5330133438110352,False,,suppressed,superseded,294
49244,1024,update,1785054135.466409,,1785054135.4657917,upsert,3,64,StaticSemantic,7759237608199543855,0.0006172657012939453,True,,enqueued,,300
49244,2048,update,1785054135.4666913,,1785054133.9330006,upsert,2,64,StaticSemantic,13844655051170110805,1.5336906909942627,False,,suppressed,superseded,293
49244,2048,update,1785054135.4668684,,1785054135.4660265,upsert,2,64,StaticSemantic,13844655051170110805,0.0008418560028076172,True,,enqueued,,301
49244,1024,update,1785054135.4671917,,1785054135.4662638,upsert,3,64,StaticSemantic,16236083247640581049,0.0009279251098632812,True,,enqueued,,302
49244,2048,update,1785054135.467314,,1785054134.6555424,upsert,1,64,StaticSemantic,11821849661176330329,0.8117716312408447,False,,suppressed,superseded,296
49244,2048,update,1785054135.4674053,,1785054135.4664087,upsert,1,64,StaticSemantic,11821849661176330329,0.0009965896606445312,True,,enqueued,,303
49244,4096,update,1785054136.141439,1785054136.141439,1785054133.933384,upsert,0,64,StaticSemantic,3174386350051304381,2.208055019378662,True,,forwarded,,295
49244,1024,update,1785054138.50189,1785054138.50189,1785054134.6558764,upsert,3,64,StaticSemantic,14333057367934485678,3.8460135459899902,True,,forwarded,,297
49244,1024,update,1785054138.5020442,1785054138.5020442,1785054134.6561909,upsert,2,64,StaticSemantic,17846715708891391149,3.845853328704834,True,,forwarded,,299
49244,1024,update,1785054141.654964,1785054141.654964,1785054135.4657917,upsert,3,64,StaticSemantic,7759237608199543855,6.189172267913818,True,,forwarded,,300
49244,2048,update,1785054142.8261821,1785054142.8261821,1785054135.4660265,upsert,2,64,StaticSemantic,13844655051170110805,7.3601555824279785,True,,forwarded,,301
49244,1024,update,1785054143.997317,1785054143.997317,1785054135.4662638,upsert,3,64,StaticSemantic,16236083247640581049,8.531053304672241,True,,forwarded,,302
49244,2048,update,1785054143.997468,1785054143.997468,1785054135.4664087,upsert,1,64,StaticSemantic,11821849661176330329,8.531059265136719,True,,forwarded,,303
49244,2048,update,1785054147.9267032,,1785054147.9262779,upsert,1,64,StaticSemantic,11821849661176330329,0.0004253387451171875,True,,enqueued,,304
49244,2048,update,1785054147.9269855,1785054147.9269855,1785054147.9262779,upsert,1,64,StaticSemantic,11821849661176330329,0.0007076263427734375,True,,forwarded,,304
49244,4096,update,1785054147.927264,,1785054147.9266036,upsert,0,64,StaticSemantic,8870018519622387243,0.0006604194641113281,True,,enqueued,,305
49244,4096,update,1785054147.9275012,1785054147.9275012,1785054147.9266036,upsert,0,64,StaticSemantic,8870018519622387243,0.0008976459503173828,True,,forwarded,,305
49244,1024,update,1785054147.9276261,,1785054147.927008,upsert,3,64,StaticSemantic,16236083247640581049,0.0006182193756103516,True,,enqueued,,306
49244,1024,update,1785054147.927742,,1785054147.927168,upsert,3,64,StaticSemantic,14333057367934485678,0.0005741119384765625,True,,enqueued,,307
49244,1024,update,1785054147.927923,1785054147.927923,1785054147.927008,upsert,3,64,StaticSemantic,16236083247640581049,0.0009150505065917969,True,,forwarded,,306
49244,1024,update,1785054147.9280193,1785054147.9280193,1785054147.927168,upsert,3,64,StaticSemantic,14333057367934485678,0.0008513927459716797,True,,forwarded,,307
49244,1024,update,1785054148.9316027,,1785054148.9311202,upsert,3,64,StaticSemantic,14333057367934485678,0.0004825592041015625,True,,enqueued,,308
49244,2048,update,1785054148.9319813,,1785054148.9313796,upsert,2,64,StaticSemantic,13844655051170110805,0.0006017684936523438,True,,enqueued,,309
49244,2048,update,1785054148.9322426,,1785054148.931619,upsert,1,64,StaticSemantic,11821849661176330329,0.0006237030029296875,True,,enqueued,,310
49244,2048,update,1785054148.9323606,,1785054148.931619,upsert,1,64,StaticSemantic,11821849661176330329,0.0007417201995849609,False,,suppressed,superseded,310
49244,2048,update,1785054148.9324563,,1785054148.9318438,upsert,1,64,StaticSemantic,11821849661176330329,0.0006124973297119141,True,,enqueued,,311
49244,2048,update,1785054149.886317,,1785054149.8858397,upsert,2,64,StaticSemantic,15507369539614680842,0.0004773139953613281,True,,enqueued,,312
49244,2048,update,1785054149.8868322,,1785054148.9318438,upsert,1,64,StaticSemantic,11821849661176330329,0.9549884796142578,False,,suppressed,superseded,311
49244,2048,update,1785054149.8869429,,1785054149.8861582,upsert,1,64,StaticSemantic,11821849661176330329,0.0007846355438232422,True,,enqueued,,313
49244,2048,update,1785054149.8870652,,1785054149.8861582,upsert,1,64,StaticSemantic,11821849661176330329,0.0009069442749023438,False,,suppressed,superseded,313
49244,2048,update,1785054149.887168,,1785054149.886381,upsert,1,64,StaticSemantic,11821849661176330329,0.0007870197296142578,True,,enqueued,,314
49244,1024,update,1785054149.8874133,,1785054149.8865871,upsert,3,64,StaticSemantic,7759237608199543855,0.0008261203765869141,True,,enqueued,,315
49244,1024,update,1785054149.9070864,1785054149.9070864,1785054148.9311202,upsert,3,64,StaticSemantic,14333057367934485678,0.975966215133667,True,,forwarded,,308
49244,2048,update,1785054150.6060078,,1785054148.9313796,upsert,2,64,StaticSemantic,13844655051170110805,1.6746282577514648,False,,suppressed,superseded,309
49244,2048,update,1785054150.6061592,,1785054150.6055772,upsert,2,64,StaticSemantic,13844655051170110805,0.0005819797515869141,True,,enqueued,,316
49244,1024,update,1785054150.606414,,1785054150.6059158,upsert,3,64,StaticSemantic,17846715708891391149,0.0004982948303222656,True,,enqueued,,317
49244,1024,update,1785054150.6065238,,1785054150.6059158,upsert,3,64,StaticSemantic,17846715708891391149,0.0006079673767089844,False,,suppressed,superseded,317
49244,1024,update,1785054150.6065917,,1785054150.6060822,upsert,3,64,StaticSemantic,17846715708891391149,0.0005095005035400391,True,,enqueued,,318
49244,2048,update,1785054150.6067684,,1785054150.606226,upsert,1,64,StaticSemantic,12103029824873703222,0.0005424022674560547,True,,enqueued,,319
49244,2048,update,1785054151.07837,1785054151.07837,1785054149.8858397,upsert,2,64,StaticSemantic,15507369539614680842,1.1925303936004639,True,,forwarded,,312
49244,2048,update,1785054151.0785341,1785054151.0785341,1785054149.886381,upsert,1,64,StaticSemantic,11821849661176330329,1.1921532154083252,True,,forwarded,,314
49244,1024,update,1785054152.2348623,,1785054152.2344437,upsert,2,64,StaticSemantic,17846715708891391149,0.00041866302490234375,True,,enqueued,,320
49244,1024,update,1785054152.2351155,,1785054149.8865871,upsert,3,64,StaticSemantic,7759237608199543855,2.3485283851623535,False,,suppressed,superseded,315
49244,1024,update,1785054152.2352164,,1785054152.2346885,upsert,3,64,StaticSemantic,7759237608199543855,0.0005278587341308594,True,,enqueued,,321
49244,4096,update,1785054152.2354221,,1785054152.2348738,upsert,2,64,StaticSemantic,16508625817180621701,0.0005483627319335938,True,,enqueued,,322
49244,1024,update,1785054152.2356262,,1785054150.6060822,upsert,3,64,StaticSemantic,17846715708891391149,1.6295440196990967,False,,suppressed,superseded,318
49244,1024,update,1785054152.2357118,,1785054152.2352333,upsert,3,64,StaticSemantic,17846715708891391149,0.00047850608825683594,True,,enqueued,,323
49244,2048,update,1785054152.8260245,1785054152.8260245,1785054150.6055772,upsert,2,64,StaticSemantic,13844655051170110805,2.220447301864624,True,,forwarded,,316
49244,2048,update,1785054154.591813,1785054154.591813,1785054150.606226,upsert,1,64,StaticSemantic,12103029824873703222,3.9855871200561523,True,,forwarded,,319
49244,2048,update,1785054156.4658794,,1785054156.4654481,upsert,2,64,StaticSemantic,11592361518825428217,0.00043129920959472656,True,,enqueued,,324
49244,2048,update,1785054156.4661708,,1785054156.465771,upsert,2,64,StaticSemantic,6878038652119793510,0.0003998279571533203,True,,enqueued,,325
49244,1024,update,1785054156.466388,,1785054152.2352333,upsert,3,64,StaticSemantic,17846715708891391149,4.231154680252075,False,,suppressed,superseded,323
49244,1024,update,1785054156.4664793,,1785054156.4660604,upsert,3,64,StaticSemantic,17846715708891391149,0.0004189014434814453,True,,enqueued,,326
49244,1024,update,1785054156.4665656,,1785054156.4660604,upsert,3,64,StaticSemantic,17846715708891391149,0.0005052089691162109,False,,suppressed,superseded,326
49244,1024,update,1785054156.4666278,,1785054156.4662085,upsert,3,64,StaticSemantic,17846715708891391149,0.00041937828063964844,True,,enqueued,,327
49244,1024,update,1785054156.9521284,1785054156.9521284,1785054152.2344437,upsert,2,64,StaticSemantic,17846715708891391149,4.717684745788574,True,,forwarded,,320
49244,1024,update,1785054156.9522445,1785054156.9522445,1785054152.2346885,upsert,3,64,StaticSemantic,7759237608199543855,4.717555999755859,True,,forwarded,,321
49244,1024,update,1785054157.836532,,1785054157.836142,upsert,1,64,StaticSemantic,13764273285245102789,0.00039005279541015625,True,,enqueued,,328
49244,2048,update,1785054157.8368342,,1785054157.8363671,upsert,1,64,StaticSemantic,11821849661176330329,0.00046706199645996094,True,,enqueued,,329
49244,2048,update,1785054157.8369596,,1785054157.8363671,upsert,1,64,StaticSemantic,11821849661176330329,0.0005924701690673828,False,,suppressed,superseded,329
49244,2048,update,1785054157.8370342,,1785054157.8366015,upsert,1,64,StaticSemantic,11821849661176330329,0.00043272972106933594,True,,enqueued,,330
49244,4096,update,1785054157.8372395,,1785054152.2348738,upsert,2,64,StaticSemantic,16508625817180621701,5.602365732192993,False,,suppressed,superseded,322
49244,4096,update,1785054157.8373234,,1785054157.8368254,upsert,2,64,StaticSemantic,16508625817180621701,0.0004980564117431641,True,,enqueued,,331
49244,1024,update,1785054158.938397,,1785054158.9380913,upsert,2,64,StaticSemantic,17846715708891391149,0.0003056526184082031,True,,enqueued,,332
49244,2048,update,1785054158.938546,,1785054157.8366015,upsert,1,64,StaticSemantic,11821849661176330329,1.1019444465637207,False,,suppressed,superseded,330
49244,2048,update,1785054158.9385903,,1785054158.9383266,upsert,1,64,StaticSemantic,11821849661176330329,0.0002636909484863281,True,,enqueued,,333
49244,2048,update,1785054158.938699,,1785054158.9385667,upsert,0,64,StaticSemantic,11084610101891187946,0.0001323223114013672,True,,enqueued,,334
49244,1024,update,1785054158.9389126,,1785054158.9387953,upsert,1,64,StaticSemantic,14470901837808647390,0.00011730194091796875,True,,enqueued,,335
49244,2048,update,1785054159.2943766,1785054159.2943766,1785054156.4654481,upsert,2,64,StaticSemantic,11592361518825428217,2.8289284706115723,True,,forwarded,,324
49244,2048,update,1785054161.060269,1785054161.060269,1785054156.465771,upsert,2,64,StaticSemantic,6878038652119793510,4.594498157501221,True,,forwarded,,325
49244,1024,update,1785054162.8261423,1785054162.8261423,1785054156.4662085,upsert,3,64,StaticSemantic,17846715708891391149,6.359933853149414,True,,forwarded,,327
49244,1024,update,1785054162.826304,1785054162.826304,1785054157.836142,upsert,1,64,StaticSemantic,13764273285245102789,4.990161895751953,True,,forwarded,,328
49244,1024,update,1785054163.2083304,,1785054158.9380913,upsert,2,64,StaticSemantic,17846715708891391149,4.2702391147613525,False,,suppressed,superseded,332
49244,1024,update,1785054163.2084193,,1785054163.2080224,upsert,2,64,StaticSemantic,17846715708891391149,0.00039696693420410156,True,,enqueued,,336
49244,2048,update,1785054163.2085342,,1785054163.2082727,upsert,3,64,StaticSemantic,11828416008499956572,0.00026154518127441406,True,,enqueued,,337
49244,1024,update,1785054163.2086256,,1785054163.2085145,upsert,3,64,StaticSemantic,17846715708891391149,0.00011110305786132812,True,,enqueued,,338
49244,2048,update,1785054163.2087653,,1785054158.9383266,upsert,1,64,StaticSemantic,11821849661176330329,4.2704386711120605,False,,suppressed,superseded,333
49244,2048,update,1785054163.2088232,,1785054163.2086656,upsert,1,64,StaticSemantic,11821849661176330329,0.0001575946807861328,True,,enqueued,,339
49244,4096,update,1785054165.1685164,1785054165.1685164,1785054157.8368254,upsert,2,64,StaticSemantic,16508625817180621701,7.331691026687622,True,,forwarded,,331
49244,2048,update,1785054166.9343429,1785054166.9343429,1785054158.9385667,upsert,0,64,StaticSemantic,11084610101891187946,7.995776176452637,True,,forwarded,,334
49244,2048,update,1785054166.9586213,,1785054166.9583113,upsert,0,64,StaticSemantic,15507369539614680842,0.00030994415283203125,True,,enqueued,,340
49244,2048,update,1785054166.958889,,1785054163.2086656,upsert,1,64,StaticSemantic,11821849661176330329,3.750223398208618,False,,suppressed,superseded,339
49244,2048,update,1785054166.9589832,,1785054166.9586234,upsert,1,64,StaticSemantic,11821849661176330329,0.0003597736358642578,True,,enqueued,,341
49244,2048,update,1785054166.959189,,1785054166.958862,upsert,2,64,StaticSemantic,13485819553775059313,0.0003268718719482422,True,,enqueued,,342
49244,2048,update,1785054166.9593768,,1785054166.9586234,upsert,1,64,StaticSemantic,11821849661176330329,0.0007534027099609375,False,,suppressed,superseded,341
49244,2048,update,1785054166.959458,,1785054166.9590766,upsert,1,64,StaticSemantic,11821849661176330329,0.0003814697265625,True,,enqueued,,343
49244,1024,update,1785054168.7000554,1785054168.7000554,1785054158.9387953,upsert,1,64,StaticSemantic,14470901837808647390,9.761260032653809,True,,forwarded,,335
49244,1024,update,1785054168.7002068,1785054168.7002068,1785054163.2080224,upsert,2,64,StaticSemantic,17846715708891391149,5.492184400558472,True,,forwarded,,336
49244,1024,update,1785054170.8757534,,1785054163.2085145,upsert,3,64,StaticSemantic,17846715708891391149,7.66723895072937,False,,suppressed,superseded,338
49244,1024,update,1785054170.8759224,,1785054170.8753405,upsert,3,64,StaticSemantic,17846715708891391149,0.0005819797515869141,True,,enqueued,,344
49244,2048,update,1785054170.876144,,1785054166.9590766,upsert,1,64,StaticSemantic,11821849661176330329,3.917067289352417,False,,suppressed,superseded,343
49244,2048,update,1785054170.87623,,1785054170.875578,upsert,1,64,StaticSemantic,11821849661176330329,0.0006520748138427734,True,,enqueued,,345
49244,1024,update,1785054170.8764632,,1785054170.875842,upsert,2,64,StaticSemantic,17846715708891391149,0.0006210803985595703,True,,enqueued,,346
49244,2048,update,1785054170.8765776,,1785054170.8759935,upsert,0,64,StaticSemantic,4146034437482887754,0.0005841255187988281,True,,enqueued,,347
49244,2048,update,1785054171.0423024,1785054171.0423024,1785054163.2082727,upsert,3,64,StaticSemantic,11828416008499956572,7.834029674530029,True,,forwarded,,337
49244,1024,update,1785054172.2509904,,1785054170.875842,upsert,2,64,StaticSemantic,17846715708891391149,1.3751482963562012,False,,suppressed,superseded,346
49244,1024,update,1785054172.2511444,,1785054172.250507,upsert,2,64,StaticSemantic,17846715708891391149,0.0006372928619384766,True,,enqueued,,348
49244,1024,update,1785054172.2513769,,1785054170.8753405,upsert,3,64,StaticSemantic,17846715708891391149,1.3760364055633545,False,,suppressed,superseded,344
49244,1024,update,1785054172.2514656,,1785054172.2507575,upsert,3,64,StaticSemantic,17846715708891391149,0.0007081031799316406,True,,enqueued,,349
49244,2048,update,1785054172.2516963,,1785054166.9583113,upsert,0,64,StaticSemantic,15507369539614680842,5.293385028839111,False,,suppressed,superseded,340
49244,2048,update,1785054172.2517953,,1785054172.2509425,upsert,0,64,StaticSemantic,15507369539614680842,0.0008528232574462891,True,,enqueued,,350
49244,1024,update,1785054172.2519004,,1785054172.2511601,upsert,1,64,StaticSemantic,15260451301505084502,0.0007402896881103516,True,,enqueued,,351
49244,2048,update,1785054172.8081026,1785054172.8081026,1785054166.958862,upsert,2,64,StaticSemantic,13485819553775059313,5.84924054145813,True,,forwarded,,342
49244,2048,update,1785054174.5737076,1785054174.5737076,1785054170.875578,upsert,1,64,StaticSemantic,11821849661176330329,3.698129653930664,True,,forwarded,,345
49244,2048,update,1785054174.5738103,1785054174.5738103,1785054170.8759935,upsert,0,64,StaticSemantic,4146034437482887754,3.697816848754883,True,,forwarded,,347
49244,1024,update,1785054174.8295188,,1785054174.8292866,upsert,3,64,StaticSemantic,14333057367934485678,0.00023221969604492188,True,,enqueued,,352
49244,1024,update,1785054174.8296604,,1785054174.8295174,upsert,0,64,StaticSemantic,1138219160345481599,0.0001430511474609375,True,,enqueued,,353
49244,4096,update,1785054174.8298125,,1785054174.8296838,upsert,0,64,StaticSemantic,5080278736125677280,0.00012874603271484375,True,,enqueued,,354
49244,1024,update,1785054174.8301823,,1785054172.250507,upsert,2,64,StaticSemantic,17846715708891391149,2.5796751976013184,False,,suppressed,superseded,348
49244,1024,update,1785054174.8302243,,1785054174.8300586,upsert,2,64,StaticSemantic,17846715708891391149,0.00016570091247558594,True,,enqueued,,355
49244,1024,update,1785054176.9162724,1785054176.9162724,1785054172.2507575,upsert,3,64,StaticSemantic,17846715708891391149,4.665514945983887,True,,forwarded,,349
49244,2048,update,1785054178.6819203,1785054178.6819203,1785054172.2509425,upsert,0,64,StaticSemantic,15507369539614680842,6.430977821350098,True,,forwarded,,350
49244,1024,update,1785054178.753216,,1785054178.7529013,upsert,3,64,StaticSemantic,17846715708891391149,0.0003147125244140625,True,,enqueued,,356
49244,2048,update,1785054178.7534673,,1785054178.7531397,upsert,1,64,StaticSemantic,12169285934737722315,0.0003275871276855469,True,,enqueued,,357
49244,1024,update,1785054178.7536924,,1785054178.7533672,upsert,2,64,StaticSemantic,3566375612704271676,0.00032520294189453125,True,,enqueued,,358
49244,4096,update,1785054178.7539017,,1785054174.8296838,upsert,0,64,StaticSemantic,5080278736125677280,3.924217939376831,False,,suppressed,superseded,354
49244,4096,update,1785054178.7539911,,1785054178.7535136,upsert,0,64,StaticSemantic,5080278736125677280,0.0004775524139404297,True,,enqueued,,359
49244,1024,update,1785054180.4477327,1785054180.4477327,1785054172.2511601,upsert,1,64,StaticSemantic,15260451301505084502,8.196572542190552,True,,forwarded,,351
49244,1024,update,1785054180.4479117,1785054180.4479117,1785054174.8292866,upsert,3,64,StaticSemantic,14333057367934485678,5.618625164031982,True,,forwarded,,352
49244,1024,update,1785054182.1955063,1785054182.1955063,1785054174.8295174,upsert,0,64,StaticSemantic,1138219160345481599,7.3659889698028564,True,,forwarded,,353
49244,1024,update,1785054183.336707,1785054183.336707,1785054174.8300586,upsert,2,64,StaticSemantic,17846715708891391149,8.506648540496826,True,,forwarded,,355
49244,1024,update,1785054183.9612076,1785054183.9612076,1785054178.7529013,upsert,3,64,StaticSemantic,17846715708891391149,5.208306312561035,True,,forwarded,,356
49244,2048,update,1785054183.961341,1785054183.961341,1785054178.7531397,upsert,1,64,StaticSemantic,12169285934737722315,5.208201169967651,True,,forwarded,,357
49244,1024,update,1785054185.3908093,1785054185.3908093,1785054178.7533672,upsert,2,64,StaticSemantic,3566375612704271676,6.637442111968994,True,,forwarded,,358
49244,4096,update,1785054186.2736368,1785054186.2736368,1785054178.7535136,upsert,0,64,StaticSemantic,5080278736125677280,7.520123243331909,True,,forwarded,,359
49244,2048,update,1785054190.6951802,,1785054190.6947944,upsert,2,64,StaticSemantic,13844655051170110805,0.0003857612609863281,True,,enqueued,,360
49244,2048,update,1785054190.6954331,1785054190.6954331,1785054190.6947944,upsert,2,64,StaticSemantic,13844655051170110805,0.0006387233734130859,True,,forwarded,,360
49244,4096,update,1785054190.695712,,1785054190.6950986,upsert,1,64,StaticSemantic,13538448680538938220,0.0006134510040283203,True,,enqueued,,361
49244,4096,update,1785054190.696023,1785054190.696023,1785054190.6950986,upsert,1,64,StaticSemantic,13538448680538938220,0.0009243488311767578,True,,forwarded,,361
49244,1024,update,1785054190.6961577,,1785054190.6954727,upsert,3,64,StaticSemantic,17846715708891391149,0.0006849765777587891,True,,enqueued,,362
49244,1024,update,1785054190.696414,1785054190.696414,1785054190.6954727,upsert,3,64,StaticSemantic,17846715708891391149,0.0009412765502929688,True,,forwarded,,362
49244,2048,update,1785054190.6965306,,1785054190.6956265,upsert,0,64,StaticSemantic,15507369539614680842,0.000904083251953125,True,,enqueued,,363
49244,2048,update,1785054190.6966932,1785054190.6966932,1785054190.6956265,upsert,0,64,StaticSemantic,15507369539614680842,0.0010666847229003906,True,,forwarded,,363
49244,1024,update,1785054192.1846507,,1785054192.1843402,upsert,3,64,StaticSemantic,14333057367934485678,0.0003104209899902344,True,,enqueued,,364
49244,1024,update,1785054192.184848,1785054192.184848,1785054192.1843402,upsert,3,64,StaticSemantic,14333057367934485678,0.0005078315734863281,True,,forwarded,,364
49244,2048,update,1785054192.1849194,,1785054192.1844757,upsert,1,64,StaticSemantic,11821849661176330329,0.0004436969757080078,True,,enqueued,,365
49244,2048,update,1785054192.184965,,1785054192.1844757,upsert,1,64,StaticSemantic,11821849661176330329,0.0004892349243164062,False,,suppressed,superseded,365
49244,2048,update,1785054192.1849964,,1785054192.1847425,upsert,1,64,StaticSemantic,11821849661176330329,0.00025391578674316406,True,,enqueued,,367
49244,2048,update,1785054192.1850772,1785054192.1850772,1785054192.1847425,upsert,1,64,StaticSemantic,11821849661176330329,0.00033473968505859375,True,,forwarded,,367
49244,4096,update,1785054192.1851256,,1785054192.184581,upsert,0,64,StaticSemantic,5080278736125677280,0.0005445480346679688,True,,enqueued,,366
49244,4096,update,1785054192.772051,1785054192.772051,1785054192.184581,upsert,0,64,StaticSemantic,5080278736125677280,0.5874700546264648,True,,forwarded,,366
49244,2048,update,1785054193.7634232,,1785054193.7630074,upsert,2,64,StaticSemantic,6878038652119793510,0.000415802001953125,True,,enqueued,,368
49244,2048,update,1785054193.7636576,1785054193.7636576,1785054193.7630074,upsert,2,64,StaticSemantic,6878038652119793510,0.0006501674652099609,True,,forwarded,,368
49244,2048,update,1785054193.7639513,,1785054193.7633119,upsert,2,64,StaticSemantic,11592361518825428217,0.0006394386291503906,True,,enqueued,,369
49244,1024,update,1785054193.7640765,,1785054193.7635348,upsert,1,64,StaticSemantic,13764273285245102789,0.00054168701171875,True,,enqueued,,370
49244,1024,update,1785054193.7642617,,1785054193.7636843,upsert,3,64,StaticSemantic,17846715708891391149,0.0005774497985839844,True,,enqueued,,371
49244,1024,update,1785054195.42937,,1785054195.428936,upsert,2,64,StaticSemantic,17846715708891391149,0.00043392181396484375,True,,enqueued,,372
49244,4096,update,1785054195.429666,,1785054195.4291704,upsert,2,64,StaticSemantic,16508625817180621701,0.0004956722259521484,True,,enqueued,,373
49244,1024,update,1785054195.4299257,,1785054193.7636843,upsert,3,64,StaticSemantic,17846715708891391149,1.6662414073944092,False,,suppressed,superseded,371
49244,1024,update,1785054195.4300194,,1785054195.429537,upsert,3,64,StaticSemantic,17846715708891391149,0.00048232078552246094,True,,enqueued,,374
49244,1024,update,1785054195.430109,,1785054195.429537,upsert,3,64,StaticSemantic,17846715708891391149,0.0005719661712646484,False,,suppressed,superseded,374
49244,1024,update,1785054195.4301753,,1785054195.429682,upsert,3,64,StaticSemantic,17846715708891391149,0.0004932880401611328,True,,enqueued,,375
49244,2048,update,1785054195.709081,1785054195.709081,1785054193.7633119,upsert,2,64,StaticSemantic,11592361518825428217,1.9457690715789795,True,,forwarded,,369
49244,1024,update,1785054195.7092555,1785054195.7092555,1785054193.7635348,upsert,1,64,StaticSemantic,13764273285245102789,1.9457206726074219,True,,forwarded,,370
49244,1024,update,1785054198.0513167,1785054198.0513167,1785054195.428936,upsert,2,64,StaticSemantic,17846715708891391149,2.6223807334899902,True,,forwarded,,372
49244,4096,update,1785054198.0514808,1785054198.0514808,1785054195.4291704,upsert,2,64,StaticSemantic,16508625817180621701,2.6223104000091553,True,,forwarded,,373
49244,2048,update,1785054199.3190618,,1785054199.3186114,upsert,1,64,StaticSemantic,11821849661176330329,0.00045037269592285156,True,,enqueued,,376
49244,2048,update,1785054199.319424,,1785054199.3189392,upsert,3,64,StaticSemantic,3653934292717507175,0.00048470497131347656,True,,enqueued,,377
49244,2048,update,1785054199.3195577,,1785054199.3191724,upsert,2,64,StaticSemantic,11592361518825428217,0.000385284423828125,True,,enqueued,,378
49244,4096,update,1785054199.3197615,,1785054199.319386,upsert,0,64,StaticSemantic,5080278736125677280,0.00037550926208496094,True,,enqueued,,379
49244,1024,update,1785054200.3936203,1785054200.3936203,1785054195.429682,upsert,3,64,StaticSemantic,17846715708891391149,4.963938236236572,True,,forwarded,,375
49244,2048,update,1785054200.393765,1785054200.393765,1785054199.3186114,upsert,1,64,StaticSemantic,11821849661176330329,1.0751535892486572,True,,forwarded,,376
49244,1024,update,1785054200.4498138,,1785054200.4494967,upsert,3,64,StaticSemantic,17846715708891391149,0.0003170967102050781,True,,enqueued,,380
49244,2048,update,1785054200.4500475,,1785054200.449717,upsert,1,64,StaticSemantic,11821849661176330329,0.0003304481506347656,True,,enqueued,,381
49244,1024,update,1785054200.4502547,,1785054200.4499686,upsert,2,64,StaticSemantic,17846715708891391149,0.000286102294921875,True,,enqueued,,382
49244,2048,update,1785054200.4504364,,1785054200.449717,upsert,1,64,StaticSemantic,11821849661176330329,0.0007193088531494141,False,,suppressed,superseded,381
49244,2048,update,1785054200.4505184,,1785054200.4501154,upsert,1,64,StaticSemantic,11821849661176330329,0.0004029273986816406,True,,enqueued,,383
49244,2048,update,1785054202.736042,1785054202.736042,1785054199.3189392,upsert,3,64,StaticSemantic,3653934292717507175,3.417102813720703,True,,forwarded,,377
49244,2048,update,1785054202.7361915,1785054202.7361915,1785054199.3191724,upsert,2,64,StaticSemantic,11592361518825428217,3.4170191287994385,True,,forwarded,,378
49244,4096,update,1785054205.0784736,1785054205.0784736,1785054199.319386,upsert,0,64,StaticSemantic,5080278736125677280,5.759087562561035,True,,forwarded,,379
49244,1024,update,1785054205.0786383,1785054205.0786383,1785054200.4494967,upsert,3,64,StaticSemantic,17846715708891391149,4.629141569137573,True,,forwarded,,380
49244,1024,update,1785054206.3186114,1785054206.3186114,1785054200.4499686,upsert,2,64,StaticSemantic,17846715708891391149,5.868642807006836,True,,forwarded,,382
49244,2048,update,1785054206.3187482,1785054206.3187482,1785054200.4501154,upsert,1,64,StaticSemantic,11821849661176330329,5.868632793426514,True,,forwarded,,383
