cell,coverage_tokens,event,gateway_arrival_time,gateway_send_time,generation_time,op,owner,payload_bytes,policy,prefix_digest64,queue_age_s,selected,semantic_score,stage,suppression_reason,update_id
7581,2048,update,1785050627.253332,,1785050627.2529874,upsert,0,64,StaticSemantic,15769623694692820738,0.0003445148468017578,True,,enqueued,,0
7581,2048,update,1785050627.2536025,1785050627.2536025,1785050627.2529874,upsert,0,64,StaticSemantic,15769623694692820738,0.0006151199340820312,True,,forwarded,,0
7581,2048,update,1785050627.253683,,1785050627.2530997,upsert,3,64,StaticSemantic,15769623694692820738,0.0005834102630615234,True,,enqueued,,3
7581,2048,update,1785050627.2537441,,1785050627.253078,upsert,2,64,StaticSemantic,15769623694692820738,0.0006661415100097656,False,,suppressed,duplicate_holder,2
7581,2048,update,1785050627.25381,,1785050627.2530458,upsert,1,64,StaticSemantic,15769623694692820738,0.0007641315460205078,False,,suppressed,duplicate_holder,1
7581,2048,update,1785050627.2538846,1785050627.2538846,1785050627.2530997,upsert,3,64,StaticSemantic,15769623694692820738,0.0007848739624023438,True,,forwarded,,3
7581,4096,update,1785050639.361764,,1785050639.361278,upsert,0,64,StaticSemantic,12613465747135452669,0.0004858970642089844,True,,enqueued,,4
7581,4096,update,1785050639.3622558,1785050639.3622558,1785050639.361278,upsert,0,64,StaticSemantic,12613465747135452669,0.0009777545928955078,True,,forwarded,,4
7581,4096,update,1785050639.3624141,,1785050639.3614345,upsert,2,64,StaticSemantic,12613465747135452669,0.0009796619415283203,True,,enqueued,,6
7581,4096,update,1785050639.3625376,,1785050639.3613846,upsert,1,64,StaticSemantic,12613465747135452669,0.0011529922485351562,False,,suppressed,duplicate_holder,5
7581,4096,update,1785050639.362634,,1785050639.3614728,upsert,3,64,StaticSemantic,12613465747135452669,0.0011610984802246094,False,,suppressed,duplicate_holder,7
7581,4096,update,1785050639.3627908,1785050639.3627908,1785050639.3614345,upsert,2,64,StaticSemantic,12613465747135452669,0.001356363296508789,True,,forwarded,,6
7581,2048,update,1785050643.184899,,1785050643.1844049,upsert,0,64,StaticSemantic,12523743054995375112,0.0004942417144775391,True,,enqueued,,8
7581,2048,update,1785050643.1853487,1785050643.1853487,1785050643.1844049,upsert,0,64,StaticSemantic,12523743054995375112,0.0009438991546630859,True,,forwarded,,8
7581,2048,update,1785050643.185502,,1785050643.1845627,upsert,2,64,StaticSemantic,12523743054995375112,0.0009393692016601562,True,,enqueued,,10
7581,2048,update,1785050643.185622,,1785050643.1846013,upsert,3,64,StaticSemantic,12523743054995375112,0.001020669937133789,False,,suppressed,duplicate_holder,11
7581,2048,update,1785050643.1857197,,1785050643.1845074,upsert,1,64,StaticSemantic,12523743054995375112,0.0012123584747314453,False,,suppressed,duplicate_holder,9
7581,2048,update,1785050643.185884,1785050643.185884,1785050643.1845627,upsert,2,64,StaticSemantic,12523743054995375112,0.0013213157653808594,True,,forwarded,,10
7581,2048,update,1785050647.0477297,,1785050647.0472686,upsert,0,64,StaticSemantic,9971321710674973507,0.0004611015319824219,True,,enqueued,,12
7581,2048,update,1785050647.048203,1785050647.048203,1785050647.0472686,upsert,0,64,StaticSemantic,9971321710674973507,0.0009343624114990234,True,,forwarded,,12
7581,2048,update,1785050647.0483541,,1785050647.0473778,upsert,3,64,StaticSemantic,9971321710674973507,0.0009763240814208984,True,,enqueued,,15
7581,2048,update,1785050647.0484695,,1785050647.0473292,upsert,1,64,StaticSemantic,9971321710674973507,0.0011403560638427734,False,,suppressed,duplicate_holder,13
7581,2048,update,1785050647.0485647,,1785050647.047356,upsert,2,64,StaticSemantic,9971321710674973507,0.0012087821960449219,False,,suppressed,duplicate_holder,14
7581,2048,update,1785050647.0487046,1785050647.0487046,1785050647.0473778,upsert,3,64,StaticSemantic,9971321710674973507,0.0013267993927001953,True,,forwarded,,15
7581,2048,update,1785050650.9821923,,1785050650.9818103,upsert,0,64,StaticSemantic,4650049274038987083,0.0003819465637207031,True,,enqueued,,16
7581,2048,update,1785050650.9825664,1785050650.9825664,1785050650.9818103,upsert,0,64,StaticSemantic,4650049274038987083,0.0007560253143310547,True,,forwarded,,16
7581,2048,update,1785050650.982713,,1785050650.9819992,upsert,3,64,StaticSemantic,4650049274038987083,0.0007138252258300781,True,,enqueued,,19
7581,2048,update,1785050650.9828622,,1785050650.9819603,upsert,2,64,StaticSemantic,4650049274038987083,0.0009019374847412109,False,,suppressed,duplicate_holder,18
7581,2048,update,1785050650.9830897,1785050650.9830897,1785050650.9819992,upsert,3,64,StaticSemantic,4650049274038987083,0.0010905265808105469,True,,forwarded,,19
7581,2048,update,1785050650.983208,,1785050650.981913,upsert,1,64,StaticSemantic,4650049274038987083,0.001294851303100586,False,,suppressed,duplicate_holder,17
7581,2048,update,1785050655.119479,,1785050655.1190042,upsert,0,64,StaticSemantic,3163096543987652428,0.00047469139099121094,True,,enqueued,,20
7581,2048,update,1785050655.119965,1785050655.119965,1785050655.1190042,upsert,0,64,StaticSemantic,3163096543987652428,0.0009608268737792969,True,,forwarded,,20
7581,2048,update,1785050655.1201231,,1785050655.1191144,upsert,3,64,StaticSemantic,3163096543987652428,0.001008749008178711,True,,enqueued,,23
7581,2048,update,1785050655.1202478,,1785050655.1190674,upsert,1,64,StaticSemantic,3163096543987652428,0.001180410385131836,False,,suppressed,duplicate_holder,21
7581,2048,update,1785050655.120346,,1785050655.1190932,upsert,2,64,StaticSemantic,3163096543987652428,0.001252889633178711,False,,suppressed,duplicate_holder,22
7581,2048,update,1785050655.1204894,1785050655.1204894,1785050655.1191144,upsert,3,64,StaticSemantic,3163096543987652428,0.001374959945678711,True,,forwarded,,23
7581,4096,update,1785050667.7907155,,1785050667.7902853,upsert,0,64,StaticSemantic,10402019323283478844,0.00043010711669921875,True,,enqueued,,24
7581,4096,update,1785050667.7912104,1785050667.7912104,1785050667.7902853,upsert,0,64,StaticSemantic,10402019323283478844,0.0009250640869140625,True,,forwarded,,24
7581,4096,update,1785050667.7913656,,1785050667.7903948,upsert,3,64,StaticSemantic,10402019323283478844,0.0009708404541015625,True,,enqueued,,27
7581,4096,update,1785050667.7914882,,1785050667.7903454,upsert,1,64,StaticSemantic,10402019323283478844,0.001142740249633789,False,,suppressed,duplicate_holder,25
7581,4096,update,1785050667.7915857,,1785050667.7903714,upsert,2,64,StaticSemantic,10402019323283478844,0.0012142658233642578,False,,suppressed,duplicate_holder,26
7581,4096,update,1785050667.7917237,1785050667.7917237,1785050667.7903948,upsert,3,64,StaticSemantic,10402019323283478844,0.0013289451599121094,True,,forwarded,,27
7581,2048,update,1785050671.611197,,1785050671.6108637,upsert,0,64,StaticSemantic,14064140743279553366,0.0003333091735839844,True,,enqueued,,28
7581,2048,update,1785050671.6114438,1785050671.6114438,1785050671.6108637,upsert,0,64,StaticSemantic,14064140743279553366,0.0005800724029541016,True,,forwarded,,28
7581,2048,update,1785050671.6115208,,1785050671.610968,upsert,1,64,StaticSemantic,14064140743279553366,0.0005526542663574219,True,,enqueued,,29
7581,2048,update,1785050671.6115785,,1785050671.6110172,upsert,2,64,StaticSemantic,14064140743279553366,0.0005612373352050781,False,,suppressed,duplicate_holder,30
7581,2048,update,1785050671.6116235,,1785050671.6110568,upsert,3,64,StaticSemantic,14064140743279553366,0.0005667209625244141,False,,suppressed,duplicate_holder,31
7581,2048,update,1785050671.6116848,1785050671.6116848,1785050671.610968,upsert,1,64,StaticSemantic,14064140743279553366,0.0007166862487792969,True,,forwarded,,29
7581,1024,update,1785050672.9201255,,1785050672.9195824,upsert,0,64,StaticSemantic,12376960631178457983,0.0005431175231933594,True,,enqueued,,32
7581,1024,update,1785050672.9205925,1785050672.9205925,1785050672.9195824,upsert,0,64,StaticSemantic,12376960631178457983,0.0010101795196533203,True,,forwarded,,32
7581,1024,update,1785050672.9207485,,1785050672.9197683,upsert,3,64,StaticSemantic,12376960631178457983,0.0009801387786865234,True,,enqueued,,35
7581,1024,update,1785050672.920889,,1785050672.9197323,upsert,2,64,StaticSemantic,12376960631178457983,0.0011565685272216797,False,,suppressed,duplicate_holder,34
7581,1024,update,1785050672.9209905,,1785050672.9196858,upsert,1,64,StaticSemantic,12376960631178457983,0.00130462646484375,False,,suppressed,duplicate_holder,33
7581,1024,update,1785050672.9211307,1785050672.9211307,1785050672.9197683,upsert,3,64,StaticSemantic,12376960631178457983,0.0013623237609863281,True,,forwarded,,35
7581,2048,update,1785050676.929416,,1785050676.928953,upsert,0,64,StaticSemantic,947483498426156190,0.0004630088806152344,True,,enqueued,,36
7581,2048,update,1785050676.9298959,1785050676.9298959,1785050676.928953,upsert,0,64,StaticSemantic,947483498426156190,0.0009429454803466797,True,,forwarded,,36
7581,2048,update,1785050676.9300492,,1785050676.9291325,upsert,3,64,StaticSemantic,947483498426156190,0.0009167194366455078,True,,enqueued,,39
7581,2048,update,1785050676.9301705,,1785050676.9290957,upsert,2,64,StaticSemantic,947483498426156190,0.0010747909545898438,False,,suppressed,duplicate_holder,38
7581,2048,update,1785050676.930267,,1785050676.9290495,upsert,1,64,StaticSemantic,947483498426156190,0.0012176036834716797,False,,suppressed,duplicate_holder,37
7581,2048,update,1785050676.9303946,1785050676.9303946,1785050676.9291325,upsert,3,64,StaticSemantic,947483498426156190,0.0012621879577636719,True,,forwarded,,39
7581,2048,update,1785050680.9164793,,1785050680.9161694,upsert,0,64,StaticSemantic,3073007241776570211,0.00030994415283203125,True,,enqueued,,40
7581,2048,update,1785050680.9166446,1785050680.9166446,1785050680.9161694,upsert,0,64,StaticSemantic,3073007241776570211,0.00047516822814941406,True,,forwarded,,40
7581,2048,update,1785050680.9166965,,1785050680.9163435,upsert,3,64,StaticSemantic,3073007241776570211,0.00035309791564941406,True,,enqueued,,43
7581,2048,update,1785050680.9167376,,1785050680.9163067,upsert,2,64,StaticSemantic,3073007241776570211,0.00043082237243652344,False,,suppressed,duplicate_holder,42
7581,2048,update,1785050680.9168217,1785050680.9168217,1785050680.9163435,upsert,3,64,StaticSemantic,3073007241776570211,0.0004782676696777344,True,,forwarded,,43
7581,2048,update,1785050680.9168613,,1785050680.9162612,upsert,1,64,StaticSemantic,3073007241776570211,0.0006000995635986328,False,,suppressed,duplicate_holder,41
7581,1024,update,1785050682.31845,,1785050682.3181217,upsert,0,64,StaticSemantic,14108233664250482536,0.00032830238342285156,True,,enqueued,,44
7581,1024,update,1785050682.3186018,1785050682.3186018,1785050682.3181217,upsert,0,64,StaticSemantic,14108233664250482536,0.0004801750183105469,True,,forwarded,,44
7581,1024,update,1785050682.3186522,,1785050682.318297,upsert,3,64,StaticSemantic,14108233664250482536,0.0003552436828613281,True,,enqueued,,47
7581,1024,update,1785050682.318694,,1785050682.318261,upsert,2,64,StaticSemantic,14108233664250482536,0.00043320655822753906,False,,suppressed,duplicate_holder,46
7581,1024,update,1785050682.318757,1785050682.318757,1785050682.318297,upsert,3,64,StaticSemantic,14108233664250482536,0.0004601478576660156,True,,forwarded,,47
7581,1024,update,1785050682.318816,,1785050682.318218,upsert,1,64,StaticSemantic,14108233664250482536,0.0005979537963867188,False,,suppressed,duplicate_holder,45
7581,4096,update,1785050694.5071468,,1785050694.5066695,upsert,0,64,StaticSemantic,14774026810505956694,0.0004773139953613281,True,,enqueued,,48
7581,4096,update,1785050694.50754,,1785050694.5068645,upsert,3,64,StaticSemantic,14774026810505956694,0.0006754398345947266,True,,enqueued,,51
7581,4096,update,1785050694.507675,,1785050694.5068278,upsert,2,64,StaticSemantic,14774026810505956694,0.0008471012115478516,False,,suppressed,duplicate_holder,50
7581,4096,update,1785050694.5078063,,1785050694.506763,upsert,1,64,StaticSemantic,14774026810505956694,0.0010433197021484375,False,,suppressed,duplicate_holder,49
7581,4096,update,1785050695.7287629,1785050695.7287629,1785050694.5066695,upsert,0,64,StaticSemantic,14774026810505956694,1.2220933437347412,True,,forwarded,,48
7581,2048,update,1785050698.5055873,,1785050698.5051315,upsert,0,64,StaticSemantic,5281956220402968541,0.0004558563232421875,True,,enqueued,,52
7581,2048,update,1785050698.5059981,,1785050698.505283,upsert,2,64,StaticSemantic,5281956220402968541,0.0007150173187255859,True,,enqueued,,54
7581,2048,update,1785050698.506137,,1785050698.5052223,upsert,1,64,StaticSemantic,5281956220402968541,0.0009145736694335938,False,,suppressed,duplicate_holder,53
7581,2048,update,1785050698.5062432,,1785050698.5053244,upsert,3,64,StaticSemantic,5281956220402968541,0.0009188652038574219,False,,suppressed,duplicate_holder,55
7581,4096,update,1785050698.7520232,1785050698.7520232,1785050694.5068645,upsert,3,64,StaticSemantic,14774026810505956694,4.245158672332764,True,,forwarded,,51
7581,2048,update,1785050702.3514419,,1785050702.3510072,upsert,0,64,StaticSemantic,1785562587857272681,0.00043463706970214844,True,,enqueued,,56
7581,2048,update,1785050702.351834,,1785050702.3510873,upsert,3,64,StaticSemantic,1785562587857272681,0.0007467269897460938,True,,enqueued,,59
7581,2048,update,1785050702.3519733,,1785050702.3510513,upsert,1,64,StaticSemantic,1785562587857272681,0.0009219646453857422,False,,suppressed,duplicate_holder,57
7581,2048,update,1785050702.3520775,,1785050702.3510704,upsert,2,64,StaticSemantic,1785562587857272681,0.001007080078125,False,,suppressed,duplicate_holder,58
7581,2048,update,1785050703.5892167,1785050703.5892167,1785050698.5051315,upsert,0,64,StaticSemantic,5281956220402968541,5.08408522605896,True,,forwarded,,52
7581,2048,update,1785050703.589362,1785050703.589362,1785050698.505283,upsert,2,64,StaticSemantic,5281956220402968541,5.084078788757324,True,,forwarded,,54
7581,2048,update,1785050711.449656,1785050711.449656,1785050702.3510072,upsert,0,64,StaticSemantic,1785562587857272681,9.0986487865448,True,,forwarded,,56
7581,4096,update,1785050714.719608,,1785050714.7193441,upsert,0,64,StaticSemantic,1610475058989402671,0.0002639293670654297,True,,enqueued,,60
7581,4096,update,1785050714.7197566,,1785050714.719517,upsert,3,64,StaticSemantic,1610475058989402671,0.0002396106719970703,True,,enqueued,,63
7581,4096,update,1785050714.7198231,,1785050714.7194808,upsert,2,64,StaticSemantic,1610475058989402671,0.00034236907958984375,False,,suppressed,duplicate_holder,62
7581,4096,update,1785050714.7198613,,1785050714.7194355,upsert,1,64,StaticSemantic,1610475058989402671,0.0004258155822753906,False,,suppressed,duplicate_holder,61
7581,2048,update,1785050715.8444066,1785050715.8444066,1785050702.3510873,upsert,3,64,StaticSemantic,1785562587857272681,13.493319272994995,True,,forwarded,,59
7581,4096,update,1785050718.3396242,1785050718.3396242,1785050714.7193441,upsert,0,64,StaticSemantic,1610475058989402671,3.6202800273895264,True,,forwarded,,60
7581,4096,update,1785050718.3398001,1785050718.3398001,1785050714.719517,upsert,3,64,StaticSemantic,1610475058989402671,3.6202831268310547,True,,forwarded,,63
7581,2048,update,1785050719.1468132,,1785050719.146396,upsert,0,64,StaticSemantic,16954395879792744941,0.0004172325134277344,True,,enqueued,,64
7581,2048,update,1785050719.146969,,1785050719.1465352,upsert,0,64,StaticSemantic,15769623694692820738,0.00043392181396484375,True,,enqueued,,66
7581,1024,update,1785050719.1471956,,1785050719.146486,upsert,3,64,StaticSemantic,12376960631178457983,0.00070953369140625,True,,enqueued,,65
7581,2048,update,1785050719.1472964,,1785050719.1465728,upsert,3,64,StaticSemantic,15769623694692820738,0.0007236003875732422,True,,enqueued,,67
7581,4096,update,1785050720.533549,,1785050720.5330596,upsert,0,64,StaticSemantic,12613465747135452669,0.0004894733428955078,True,,enqueued,,68
7581,4096,update,1785050720.5339558,,1785050720.5332308,upsert,2,64,StaticSemantic,12613465747135452669,0.0007250308990478516,True,,enqueued,,70
7581,2048,update,1785050720.5340972,,1785050719.1465728,upsert,3,64,StaticSemantic,15769623694692820738,1.3875243663787842,False,,suppressed,superseded,67
7581,2048,update,1785050720.5341806,,1785050720.5332959,upsert,3,64,StaticSemantic,15769623694692820738,0.0008847713470458984,True,,enqueued,,71
7581,1024,update,1785050720.534281,,1785050720.5331624,upsert,1,64,StaticSemantic,11074190661555870271,0.0011186599731445312,True,,enqueued,,69
7581,2048,update,1785050720.8158762,1785050720.8158762,1785050719.146396,upsert,0,64,StaticSemantic,16954395879792744941,1.669480323791504,True,,forwarded,,64
7581,2048,update,1785050722.3708482,,1785050722.370326,upsert,3,64,StaticSemantic,3163096543987652428,0.0005221366882324219,True,,enqueued,,72
7581,2048,update,1785050722.3711953,,1785050722.3705168,upsert,2,64,StaticSemantic,12523743054995375112,0.0006785392761230469,True,,enqueued,,74
7581,4096,update,1785050722.3713193,,1785050720.5332308,upsert,2,64,StaticSemantic,12613465747135452669,1.8380885124206543,False,,suppressed,superseded,70
7581,4096,update,1785050722.3713999,,1785050722.3705812,upsert,2,64,StaticSemantic,12613465747135452669,0.0008187294006347656,True,,enqueued,,75
7581,1024,update,1785050722.3715034,,1785050722.3704436,upsert,0,64,StaticSemantic,14108233664250482536,0.0010597705841064453,True,,enqueued,,73
7581,2048,update,1785050722.6825802,1785050722.6825802,1785050719.1465352,upsert,0,64,StaticSemantic,15769623694692820738,3.5360450744628906,True,,forwarded,,66
7581,4096,update,1785050723.7344143,,1785050723.7339697,upsert,3,64,StaticSemantic,10402019323283478844,0.00044465065002441406,True,,enqueued,,76
7581,2048,update,1785050723.7347672,,1785050723.7340646,upsert,0,64,StaticSemantic,15769623694692820738,0.0007026195526123047,True,,enqueued,,77
7581,2048,update,1785050723.7349253,,1785050723.7340646,upsert,0,64,StaticSemantic,15769623694692820738,0.0008606910705566406,False,,suppressed,superseded,77
7581,2048,update,1785050723.7350018,,1785050723.734156,upsert,0,64,StaticSemantic,15769623694692820738,0.0008459091186523438,True,,enqueued,,79
7581,4096,update,1785050723.7351155,,1785050723.7341118,upsert,1,64,StaticSemantic,1610475058989402671,0.0010037422180175781,False,,suppressed,duplicate_holder,78
7581,1024,update,1785050725.177756,1785050725.177756,1785050719.146486,upsert,3,64,StaticSemantic,12376960631178457983,6.0312700271606445,True,,forwarded,,65
7581,4096,update,1785050725.177939,1785050725.177939,1785050720.5330596,upsert,0,64,StaticSemantic,12613465747135452669,4.644879341125488,True,,forwarded,,68
7581,2048,update,1785050727.654031,1785050727.654031,1785050720.5332959,upsert,3,64,StaticSemantic,15769623694692820738,7.120735168457031,True,,forwarded,,71
7581,1024,update,1785050729.5204766,1785050729.5204766,1785050720.5331624,upsert,1,64,StaticSemantic,11074190661555870271,8.987314224243164,True,,forwarded,,69
7581,2048,update,1785050731.072977,1785050731.072977,1785050722.370326,upsert,3,64,StaticSemantic,3163096543987652428,8.702651023864746,True,,forwarded,,72
7581,2048,update,1785050731.0731122,1785050731.0731122,1785050722.3705168,upsert,2,64,StaticSemantic,12523743054995375112,8.702595472335815,True,,forwarded,,74
7581,4096,update,1785050732.0157216,1785050732.0157216,1785050722.3705812,upsert,2,64,StaticSemantic,12613465747135452669,9.645140409469604,True,,forwarded,,75
7581,1024,update,1785050733.2444775,1785050733.2444775,1785050722.3704436,upsert,0,64,StaticSemantic,14108233664250482536,10.87403392791748,True,,forwarded,,73
7581,4096,update,1785050734.4921618,1785050734.4921618,1785050723.7339697,upsert,3,64,StaticSemantic,10402019323283478844,10.75819206237793,True,,forwarded,,76
7581,2048,update,1785050734.4923165,1785050734.4923165,1785050723.734156,upsert,0,64,StaticSemantic,15769623694692820738,10.758160591125488,True,,forwarded,,79
7581,4096,update,1785050735.8731072,,1785050735.8727455,upsert,1,64,StaticSemantic,7638769856617818995,0.0003616809844970703,True,,enqueued,,80
7581,4096,update,1785050735.873472,1785050735.873472,1785050735.8727455,upsert,1,64,StaticSemantic,7638769856617818995,0.0007264614105224609,True,,forwarded,,80
7581,4096,update,1785050735.8736167,,1785050735.8728619,upsert,0,64,StaticSemantic,13367182244321225226,0.0007548332214355469,True,,enqueued,,81
7581,2048,update,1785050735.8737397,,1785050735.8729155,upsert,3,64,StaticSemantic,15769623694692820738,0.0008242130279541016,True,,enqueued,,82
7581,2048,update,1785050735.8738616,,1785050735.87296,upsert,2,64,StaticSemantic,12523743054995375112,0.0009014606475830078,True,,enqueued,,83
7581,4096,update,1785050737.0063107,1785050737.0063107,1785050735.8728619,upsert,0,64,StaticSemantic,13367182244321225226,1.133448839187622,True,,forwarded,,81
7581,2048,update,1785050738.8540146,1785050738.8540146,1785050735.8729155,upsert,3,64,StaticSemantic,15769623694692820738,2.9810991287231445,True,,forwarded,,82
7581,2048,update,1785050738.8541532,1785050738.8541532,1785050735.87296,upsert,2,64,StaticSemantic,12523743054995375112,2.9811930656433105,True,,forwarded,,83
7581,2048,update,1785050747.9225748,,1785050747.9221056,upsert,0,64,StaticSemantic,12523743054995375112,0.000469207763671875,True,,enqueued,,84
7581,2048,update,1785050747.9229944,1785050747.9229944,1785050747.9221056,upsert,0,64,StaticSemantic,12523743054995375112,0.000888824462890625,True,,forwarded,,84
7581,4096,update,1785050747.9231486,,1785050747.9222515,upsert,2,64,StaticSemantic,155989354309277790,0.0008971691131591797,True,,enqueued,,86
7581,2048,update,1785050747.9232512,,1785050747.922296,upsert,2,64,StaticSemantic,12523743054995375112,0.0009551048278808594,True,,enqueued,,87
7581,2048,update,1785050747.923354,,1785050747.9222028,upsert,3,64,StaticSemantic,15769623694692820738,0.0011510848999023438,True,,enqueued,,85
7581,4096,update,1785050747.9234984,1785050747.9234984,1785050747.9222515,upsert,2,64,StaticSemantic,155989354309277790,0.0012469291687011719,True,,forwarded,,86
7581,2048,update,1785050747.9236107,1785050747.9236107,1785050747.922296,upsert,2,64,StaticSemantic,12523743054995375112,0.0013146400451660156,True,,forwarded,,87
7581,2048,update,1785050747.9237103,1785050747.9237103,1785050747.9222028,upsert,3,64,StaticSemantic,15769623694692820738,0.0015075206756591797,True,,forwarded,,85
7581,2048,update,1785050749.360758,,1785050749.3603299,upsert,2,64,StaticSemantic,12523743054995375112,0.00042819976806640625,True,,enqueued,,88
7581,2048,update,1785050749.3610866,1785050749.3610866,1785050749.3603299,upsert,2,64,StaticSemantic,12523743054995375112,0.0007567405700683594,True,,forwarded,,88
7581,4096,update,1785050749.361331,,1785050749.3606393,upsert,0,64,StaticSemantic,12613465747135452669,0.0006916522979736328,True,,enqueued,,89
7581,4096,update,1785050749.3615599,1785050749.3615599,1785050749.3606393,upsert,0,64,StaticSemantic,12613465747135452669,0.0009205341339111328,True,,forwarded,,89
7581,2048,update,1785050749.3616836,,1785050749.361055,upsert,3,64,StaticSemantic,15769623694692820738,0.0006287097930908203,True,,enqueued,,90
7581,2048,update,1785050749.3617935,,1785050749.361055,upsert,3,64,StaticSemantic,15769623694692820738,0.0007386207580566406,False,,suppressed,superseded,90
7581,2048,update,1785050749.3618648,,1785050749.3612733,upsert,3,64,StaticSemantic,15769623694692820738,0.0005915164947509766,True,,enqueued,,91
7581,2048,update,1785050749.3619728,1785050749.3619728,1785050749.3612733,upsert,3,64,StaticSemantic,15769623694692820738,0.0006995201110839844,True,,forwarded,,91
7581,2048,update,1785050750.474337,,1785050750.4738557,upsert,3,64,StaticSemantic,15769623694692820738,0.0004813671112060547,True,,enqueued,,92
7581,2048,update,1785050750.4746988,1785050750.4746988,1785050750.4738557,upsert,3,64,StaticSemantic,15769623694692820738,0.000843048095703125,True,,forwarded,,92
7581,2048,update,1785050750.4748824,,1785050750.4741867,upsert,0,64,StaticSemantic,15769623694692820738,0.0006957054138183594,True,,enqueued,,93
7581,2048,update,1785050750.475101,1785050750.475101,1785050750.4741867,upsert,0,64,StaticSemantic,15769623694692820738,0.0009143352508544922,True,,forwarded,,93
7581,2048,update,1785050750.4752152,,1785050750.4744186,upsert,3,64,StaticSemantic,15769623694692820738,0.0007965564727783203,True,,enqueued,,94
7581,2048,update,1785050750.4754128,1785050750.4754128,1785050750.4744186,upsert,3,64,StaticSemantic,15769623694692820738,0.0009942054748535156,True,,forwarded,,94
7581,1024,update,1785050750.4755208,,1785050750.474629,upsert,0,64,StaticSemantic,12376960631178457983,0.0008919239044189453,True,,enqueued,,95
7581,1024,update,1785050750.4756358,1785050750.4756358,1785050750.474629,upsert,0,64,StaticSemantic,12376960631178457983,0.0010068416595458984,True,,forwarded,,95
7581,2048,update,1785050752.5620208,,1785050752.5616012,upsert,3,64,StaticSemantic,3073007241776570211,0.00041961669921875,True,,enqueued,,96
7581,2048,update,1785050752.5622778,1785050752.5622778,1785050752.5616012,upsert,3,64,StaticSemantic,3073007241776570211,0.0006766319274902344,True,,forwarded,,96
7581,4096,update,1785050752.5625064,,1785050752.561947,upsert,0,64,StaticSemantic,12613465747135452669,0.0005593299865722656,True,,enqueued,,97
7581,2048,update,1785050752.5627348,,1785050752.5623288,upsert,2,64,StaticSemantic,12523743054995375112,0.00040602684020996094,True,,enqueued,,98
7581,4096,update,1785050752.5628736,,1785050752.5625432,upsert,2,64,StaticSemantic,12613465747135452669,0.0003304481506347656,True,,enqueued,,99
7581,4096,update,1785050753.7873,1785050753.7873,1785050752.561947,upsert,0,64,StaticSemantic,12613465747135452669,1.2253530025482178,True,,forwarded,,97
7581,2048,update,1785050753.7874684,1785050753.7874684,1785050752.5623288,upsert,2,64,StaticSemantic,12523743054995375112,1.2251396179199219,True,,forwarded,,98
7581,4096,update,1785050755.6350298,1785050755.6350298,1785050752.5625432,upsert,2,64,StaticSemantic,12613465747135452669,3.072486639022827,True,,forwarded,,99
7581,2048,update,1785050756.346524,,1785050756.3461807,upsert,3,64,StaticSemantic,3163096543987652428,0.00034332275390625,True,,enqueued,,100
7581,2048,update,1785050756.346674,,1785050756.346492,upsert,2,64,StaticSemantic,12523743054995375112,0.0001819133758544922,True,,enqueued,,101
7581,2048,update,1785050756.3468456,,1785050756.3467197,upsert,0,64,StaticSemantic,9971321710674973507,0.000125885009765625,True,,enqueued,,102
7581,2048,update,1785050756.3470669,,1785050756.346943,upsert,1,64,StaticSemantic,5024925722186451635,0.0001239776611328125,True,,enqueued,,103
7581,2048,update,1785050757.5015044,1785050757.5015044,1785050756.3461807,upsert,3,64,StaticSemantic,3163096543987652428,1.1553237438201904,True,,forwarded,,100
7581,2048,update,1785050759.1111498,1785050759.1111498,1785050756.346492,upsert,2,64,StaticSemantic,12523743054995375112,2.764657735824585,True,,forwarded,,101
7581,2048,update,1785050759.1113007,1785050759.1113007,1785050756.3467197,upsert,0,64,StaticSemantic,9971321710674973507,2.7645809650421143,True,,forwarded,,102
7581,2048,update,1785050759.9968593,1785050759.9968593,1785050756.346943,upsert,1,64,StaticSemantic,5024925722186451635,3.649916410446167,True,,forwarded,,103
7581,2048,update,1785050768.9084768,,1785050768.9080286,upsert,0,64,StaticSemantic,12523743054995375112,0.0004482269287109375,True,,enqueued,,104
7581,2048,update,1785050768.9089243,1785050768.9089243,1785050768.9080286,upsert,0,64,StaticSemantic,12523743054995375112,0.0008957386016845703,True,,forwarded,,104
7581,2048,update,1785050768.9090807,,1785050768.9081984,upsert,3,64,StaticSemantic,4650049274038987083,0.0008823871612548828,True,,enqueued,,105
7581,4096,update,1785050768.9092035,,1785050768.9083025,upsert,2,64,StaticSemantic,16048794067380282208,0.0009009838104248047,True,,enqueued,,106
7581,2048,update,1785050768.9092906,,1785050768.9084685,upsert,2,64,StaticSemantic,5281956220402968541,0.0008220672607421875,True,,enqueued,,107
7581,2048,update,1785050768.9094288,1785050768.9094288,1785050768.9081984,upsert,3,64,StaticSemantic,4650049274038987083,0.001230478286743164,True,,forwarded,,105
7581,4096,update,1785050768.909539,1785050768.909539,1785050768.9083025,upsert,2,64,StaticSemantic,16048794067380282208,0.0012364387512207031,True,,forwarded,,106
7581,2048,update,1785050768.909639,1785050768.909639,1785050768.9084685,upsert,2,64,StaticSemantic,5281956220402968541,0.0011703968048095703,True,,forwarded,,107
7581,4096,update,1785050780.1725228,,1785050780.1720476,upsert,0,64,StaticSemantic,1187225797315579929,0.00047516822814941406,True,,enqueued,,108
7581,4096,update,1785050780.172852,1785050780.172852,1785050780.1720476,upsert,0,64,StaticSemantic,1187225797315579929,0.0008044242858886719,True,,forwarded,,108
7581,2048,update,1785050780.1731114,,1785050780.1725104,upsert,1,64,StaticSemantic,13063325218966850298,0.0006010532379150391,True,,enqueued,,109
7581,2048,update,1785050780.1733992,1785050780.1733992,1785050780.1725104,upsert,1,64,StaticSemantic,13063325218966850298,0.000888824462890625,True,,forwarded,,109
7581,2048,update,1785050780.1735246,,1785050780.1727505,upsert,3,64,StaticSemantic,15769623694692820738,0.0007741451263427734,True,,enqueued,,110
7581,4096,update,1785050780.1736279,,1785050780.1729841,upsert,2,64,StaticSemantic,12613465747135452669,0.0006437301635742188,True,,enqueued,,111
7581,2048,update,1785050780.1737597,1785050780.1737597,1785050780.1727505,upsert,3,64,StaticSemantic,15769623694692820738,0.001009225845336914,True,,forwarded,,110
7581,4096,update,1785050780.1738935,1785050780.1738935,1785050780.1729841,upsert,2,64,StaticSemantic,12613465747135452669,0.0009093284606933594,True,,forwarded,,111
7581,2048,update,1785050782.1857905,,1785050782.1854544,upsert,3,64,StaticSemantic,1785562587857272681,0.0003361701965332031,True,,enqueued,,112
7581,2048,update,1785050782.1859727,1785050782.1859727,1785050782.1854544,upsert,3,64,StaticSemantic,1785562587857272681,0.0005183219909667969,True,,forwarded,,112
7581,2048,update,1785050782.1860356,,1785050782.1856396,upsert,0,64,StaticSemantic,15769623694692820738,0.0003960132598876953,True,,enqueued,,113
7581,2048,update,1785050782.1862206,1785050782.1862206,1785050782.1856396,upsert,0,64,StaticSemantic,15769623694692820738,0.0005810260772705078,True,,forwarded,,113
7581,4096,update,1785050782.1863403,,1785050782.18575,upsert,3,64,StaticSemantic,10402019323283478844,0.0005903244018554688,True,,enqueued,,114
7581,4096,update,1785050782.1865609,1785050782.1865609,1785050782.18575,upsert,3,64,StaticSemantic,10402019323283478844,0.0008108615875244141,True,,forwarded,,114
7581,2048,update,1785050782.1866765,,1785050782.1859396,upsert,0,64,StaticSemantic,15769623694692820738,0.0007369518280029297,True,,enqueued,,115
7581,2048,update,1785050782.1868267,1785050782.1868267,1785050782.1859396,upsert,0,64,StaticSemantic,15769623694692820738,0.0008871555328369141,True,,forwarded,,115
7581,2048,update,1785050783.4731538,,1785050783.4728165,upsert,2,64,StaticSemantic,12523743054995375112,0.00033736228942871094,True,,enqueued,,116
7581,2048,update,1785050783.4733243,1785050783.4733243,1785050783.4728165,upsert,2,64,StaticSemantic,12523743054995375112,0.0005078315734863281,True,,forwarded,,116
7581,4096,update,1785050783.4734356,,1785050783.4731286,upsert,0,64,StaticSemantic,12613465747135452669,0.0003070831298828125,True,,enqueued,,117
7581,4096,update,1785050783.4735055,1785050783.4735055,1785050783.4731286,upsert,0,64,StaticSemantic,12613465747135452669,0.0003769397735595703,True,,forwarded,,117
7581,2048,update,1785050783.473635,,1785050783.4735036,upsert,3,64,StaticSemantic,15769623694692820738,0.00013136863708496094,True,,enqueued,,118
7581,2048,update,1785050783.4736984,1785050783.4736984,1785050783.4735036,upsert,3,64,StaticSemantic,15769623694692820738,0.00019478797912597656,True,,forwarded,,118
7581,2048,update,1785050783.4738438,,1785050783.4737172,upsert,2,64,StaticSemantic,12523743054995375112,0.0001266002655029297,True,,enqueued,,119
7581,2048,update,1785050783.4739068,1785050783.4739068,1785050783.4737172,upsert,2,64,StaticSemantic,12523743054995375112,0.0001895427703857422,True,,forwarded,,119
7581,2048,update,1785050784.8053389,,1785050784.805042,upsert,3,64,StaticSemantic,9971321710674973507,0.0002968311309814453,True,,enqueued,,120
7581,2048,update,1785050784.805496,1785050784.805496,1785050784.805042,upsert,3,64,StaticSemantic,9971321710674973507,0.000453948974609375,True,,forwarded,,120
7581,2048,update,1785050784.8055637,,1785050784.805215,upsert,0,64,StaticSemantic,15769623694692820738,0.00034880638122558594,True,,enqueued,,121
7581,2048,update,1785050784.8056738,1785050784.8056738,1785050784.805215,upsert,0,64,StaticSemantic,15769623694692820738,0.0004589557647705078,True,,forwarded,,121
7581,2048,update,1785050784.805728,,1785050784.8053167,upsert,2,64,StaticSemantic,5281956220402968541,0.0004112720489501953,True,,enqueued,,122
7581,2048,update,1785050784.8057888,,1785050784.8054094,upsert,3,64,StaticSemantic,4650049274038987083,0.00037932395935058594,True,,enqueued,,123
7581,2048,update,1785050784.815531,1785050784.815531,1785050784.8053167,upsert,2,64,StaticSemantic,5281956220402968541,0.01021432876586914,True,,forwarded,,122
7581,2048,update,1785050784.815584,1785050784.815584,1785050784.8054094,upsert,3,64,StaticSemantic,4650049274038987083,0.01017451286315918,True,,forwarded,,123
7581,4096,update,1785050786.6743543,,1785050786.6739852,upsert,3,64,StaticSemantic,10402019323283478844,0.00036907196044921875,True,,enqueued,,124
7581,1024,update,1785050786.6746438,,1785050786.6744435,upsert,0,64,StaticSemantic,14108233664250482536,0.0002002716064453125,True,,enqueued,,125
7581,2048,update,1785050786.6748953,,1785050786.674611,upsert,3,64,StaticSemantic,15769623694692820738,0.0002841949462890625,True,,enqueued,,126
7581,2048,update,1785050786.6751072,,1785050786.6748388,upsert,0,64,StaticSemantic,15769623694692820738,0.0002684593200683594,True,,enqueued,,127
7581,4096,update,1785050787.9205606,1785050787.9205606,1785050786.6739852,upsert,3,64,StaticSemantic,10402019323283478844,1.2465753555297852,True,,forwarded,,124
7581,1024,update,1785050787.9207218,1785050787.9207218,1785050786.6744435,upsert,0,64,StaticSemantic,14108233664250482536,1.2462782859802246,True,,forwarded,,125
7581,1024,update,1785050788.5801747,,1785050788.5796878,upsert,2,64,StaticSemantic,6282787983175785235,0.0004868507385253906,True,,enqueued,,128
7581,2048,update,1785050788.5804641,,1785050788.5799718,upsert,3,64,StaticSemantic,1785562587857272681,0.0004923343658447266,True,,enqueued,,129
7581,2048,update,1785050788.5806746,,1785050788.5802097,upsert,0,64,StaticSemantic,3163096543987652428,0.0004649162292480469,True,,enqueued,,130
7581,4096,update,1785050788.580812,,1785050788.58042,upsert,0,64,StaticSemantic,12613465747135452669,0.00039196014404296875,True,,enqueued,,131
7581,4096,update,1785050790.5051,,1785050790.5046248,upsert,0,64,StaticSemantic,1187225797315579929,0.00047516822814941406,True,,enqueued,,132
7581,2048,update,1785050790.505423,,1785050790.5051055,upsert,2,64,StaticSemantic,12523743054995375112,0.00031757354736328125,True,,enqueued,,133
7581,2048,update,1785050790.5056586,,1785050786.674611,upsert,3,64,StaticSemantic,15769623694692820738,3.831047534942627,False,,suppressed,superseded,126
7581,2048,update,1785050790.5057583,,1785050790.5053468,upsert,3,64,StaticSemantic,15769623694692820738,0.0004115104675292969,True,,enqueued,,134
7581,2048,update,1785050790.5059855,,1785050788.5802097,upsert,0,64,StaticSemantic,3163096543987652428,1.9257757663726807,False,,suppressed,superseded,130
7581,2048,update,1785050790.5060709,,1785050790.5055606,upsert,0,64,StaticSemantic,3163096543987652428,0.0005102157592773438,True,,enqueued,,135
7581,2048,update,1785050791.0253034,1785050791.0253034,1785050786.6748388,upsert,0,64,StaticSemantic,15769623694692820738,4.350464582443237,True,,forwarded,,127
7581,1024,update,1785050791.025454,1785050791.025454,1785050788.5796878,upsert,2,64,StaticSemantic,6282787983175785235,2.4457662105560303,True,,forwarded,,128
7581,2048,update,1785050791.9291832,,1785050791.9287415,upsert,0,64,StaticSemantic,15769623694692820738,0.0004417896270751953,True,,enqueued,,136
7581,2048,update,1785050791.9295137,,1785050791.929011,upsert,0,64,StaticSemantic,1785562587857272681,0.0005025863647460938,True,,enqueued,,138
7581,2048,update,1785050791.9296596,,1785050791.9289105,upsert,3,64,StaticSemantic,3163096543987652428,0.0007491111755371094,True,,enqueued,,137
7581,2048,update,1785050791.9297578,,1785050790.5053468,upsert,3,64,StaticSemantic,15769623694692820738,1.4244110584259033,False,,suppressed,superseded,134
7581,2048,update,1785050791.9298599,,1785050791.9291005,upsert,3,64,StaticSemantic,15769623694692820738,0.0007593631744384766,True,,enqueued,,139
7581,2048,update,1785050794.1301506,1785050794.1301506,1785050788.5799718,upsert,3,64,StaticSemantic,1785562587857272681,5.55017876625061,True,,forwarded,,129
7581,4096,update,1785050794.1303139,1785050794.1303139,1785050788.58042,upsert,0,64,StaticSemantic,12613465747135452669,5.549893856048584,True,,forwarded,,131
7581,4096,update,1785050797.2349267,1785050797.2349267,1785050790.5046248,upsert,0,64,StaticSemantic,1187225797315579929,6.730301856994629,True,,forwarded,,132
7581,2048,update,1785050797.2350702,1785050797.2350702,1785050790.5051055,upsert,2,64,StaticSemantic,12523743054995375112,6.729964733123779,True,,forwarded,,133
7581,2048,update,1785050799.0775356,1785050799.0775356,1785050790.5055606,upsert,0,64,StaticSemantic,3163096543987652428,8.571974992752075,True,,forwarded,,135
7581,2048,update,1785050799.077687,1785050799.077687,1785050791.9287415,upsert,0,64,StaticSemantic,15769623694692820738,7.148945569992065,True,,forwarded,,136
7581,2048,update,1785050799.7109318,1785050799.7109318,1785050791.929011,upsert,0,64,StaticSemantic,1785562587857272681,7.781920671463013,True,,forwarded,,138
7581,2048,update,1785050799.7110064,1785050799.7110064,1785050791.9289105,upsert,3,64,StaticSemantic,3163096543987652428,7.782095909118652,True,,forwarded,,137
7581,2048,update,1785050801.5539408,1785050801.5539408,1785050791.9291005,upsert,3,64,StaticSemantic,15769623694692820738,9.624840259552002,True,,forwarded,,139
7581,4096,update,1785050803.7534568,,1785050803.7529979,upsert,2,64,StaticSemantic,16048794067380282208,0.0004589557647705078,True,,enqueued,,140
7581,4096,update,1785050803.753708,1785050803.753708,1785050803.7529979,upsert,2,64,StaticSemantic,16048794067380282208,0.0007100105285644531,True,,forwarded,,140
7581,2048,update,1785050803.7539685,,1785050803.7534704,upsert,3,64,StaticSemantic,4650049274038987083,0.0004980564117431641,True,,enqueued,,141
7581,2048,update,1785050803.754202,1785050803.754202,1785050803.7534704,upsert,3,64,StaticSemantic,4650049274038987083,0.0007314682006835938,True,,forwarded,,141
7581,4096,update,1785050803.7543237,,1785050803.753706,upsert,1,64,StaticSemantic,17730309890119328358,0.0006177425384521484,True,,enqueued,,142
7581,4096,update,1785050803.7545106,1785050803.7545106,1785050803.753706,upsert,1,64,StaticSemantic,17730309890119328358,0.0008046627044677734,True,,forwarded,,142
7581,1024,update,1785050803.7546177,,1785050803.754068,upsert,0,64,StaticSemantic,15896935204827133999,0.0005497932434082031,True,,enqueued,,143
7581,1024,update,1785050804.0349681,1785050804.0349681,1785050803.754068,upsert,0,64,StaticSemantic,15896935204827133999,0.280900239944458,True,,forwarded,,143
7581,2048,update,1785050805.8451,,1785050805.8445756,upsert,3,64,StaticSemantic,3073007241776570211,0.0005242824554443359,True,,enqueued,,144
7581,2048,update,1785050805.8454633,,1785050805.8449361,upsert,0,64,StaticSemantic,9971321710674973507,0.0005271434783935547,True,,enqueued,,145
7581,4096,update,1785050805.845737,,1785050805.8451746,upsert,2,64,StaticSemantic,12613465747135452669,0.0005624294281005859,True,,enqueued,,146
7581,4096,update,1785050805.8459852,,1785050805.845533,upsert,0,64,StaticSemantic,13367182244321225226,0.00045228004455566406,True,,enqueued,,147
7581,2048,update,1785050805.9014456,1785050805.9014456,1785050805.8445756,upsert,3,64,StaticSemantic,3073007241776570211,0.0568699836730957,True,,forwarded,,144
7581,2048,update,1785050805.901573,1785050805.901573,1785050805.8449361,upsert,0,64,StaticSemantic,9971321710674973507,0.056636810302734375,True,,forwarded,,145
7581,2048,update,1785050807.1392903,,1785050807.1389396,upsert,3,64,StaticSemantic,15769623694692820738,0.00035071372985839844,True,,enqueued,,148
7581,4096,update,1785050807.1396425,,1785050807.1392536,upsert,0,64,StaticSemantic,12613465747135452669,0.00038886070251464844,True,,enqueued,,149
7581,4096,update,1785050807.1399348,,1785050805.8451746,upsert,2,64,StaticSemantic,12613465747135452669,1.2947602272033691,False,,suppressed,superseded,146
7581,4096,update,1785050807.140039,,1785050807.1396296,upsert,2,64,StaticSemantic,12613465747135452669,0.0004093647003173828,True,,enqueued,,150
7581,1024,update,1785050807.1402972,,1785050807.1399872,upsert,1,64,StaticSemantic,10435555625340500992,0.00030994415283203125,True,,enqueued,,151
7581,4096,update,1785050807.749039,1785050807.749039,1785050805.845533,upsert,0,64,StaticSemantic,13367182244321225226,1.9035060405731201,True,,forwarded,,147
7581,2048,update,1785050808.1175802,,1785050807.1389396,upsert,3,64,StaticSemantic,15769623694692820738,0.9786405563354492,False,,suppressed,superseded,148
7581,2048,update,1785050808.1176531,,1785050808.1173077,upsert,3,64,StaticSemantic,15769623694692820738,0.00034546852111816406,True,,enqueued,,152
7581,2048,update,1785050808.1178017,,1785050808.1176178,upsert,0,64,StaticSemantic,15769623694692820738,0.0001838207244873047,True,,enqueued,,153
7581,2048,update,1785050808.1180472,,1785050808.1173077,upsert,3,64,StaticSemantic,15769623694692820738,0.0007395744323730469,False,,suppressed,superseded,152
7581,2048,update,1785050808.118139,,1785050808.117878,upsert,3,64,StaticSemantic,15769623694692820738,0.00026106834411621094,True,,enqueued,,154
7581,2048,update,1785050808.1183841,,1785050808.1176178,upsert,0,64,StaticSemantic,15769623694692820738,0.0007662773132324219,False,,suppressed,superseded,153
7581,2048,update,1785050808.11847,,1785050808.118089,upsert,0,64,StaticSemantic,15769623694692820738,0.0003809928894042969,True,,enqueued,,155
7581,2048,update,1785050809.407495,,1785050809.407031,upsert,3,64,StaticSemantic,9971321710674973507,0.0004639625549316406,True,,enqueued,,156
7581,4096,update,1785050809.4078617,,1785050807.1396296,upsert,2,64,StaticSemantic,12613465747135452669,2.2682321071624756,False,,suppressed,superseded,150
7581,4096,update,1785050809.4079778,,1785050809.4073572,upsert,2,64,StaticSemantic,12613465747135452669,0.0006206035614013672,True,,enqueued,,157
7581,4096,update,1785050809.4082172,,1785050807.1392536,upsert,0,64,StaticSemantic,12613465747135452669,2.268963575363159,False,,suppressed,superseded,149
7581,4096,update,1785050809.4083147,,1785050809.4077249,upsert,0,64,StaticSemantic,12613465747135452669,0.0005898475646972656,True,,enqueued,,158
7581,1024,update,1785050809.4085352,,1785050809.4080856,upsert,3,64,StaticSemantic,14108233664250482536,0.0004496574401855469,True,,enqueued,,159
7581,1024,update,1785050809.6157985,1785050809.6157985,1785050807.1399872,upsert,1,64,StaticSemantic,10435555625340500992,2.475811243057251,True,,forwarded,,151
7581,2048,update,1785050810.6916738,,1785050810.6912255,upsert,3,64,StaticSemantic,4650049274038987083,0.0004482269287109375,True,,enqueued,,160
7581,2048,update,1785050810.6920848,,1785050808.118089,upsert,0,64,StaticSemantic,15769623694692820738,2.57399582862854,False,,suppressed,superseded,155
7581,2048,update,1785050810.6921957,,1785050810.6915524,upsert,0,64,StaticSemantic,15769623694692820738,0.0006432533264160156,True,,enqueued,,161
7581,2048,update,1785050810.692309,,1785050810.6912255,upsert,3,64,StaticSemantic,4650049274038987083,0.0010833740234375,False,,suppressed,superseded,160
7581,2048,update,1785050810.6923845,,1785050810.6918187,upsert,3,64,StaticSemantic,4650049274038987083,0.0005657672882080078,True,,enqueued,,162
7581,1024,update,1785050810.69259,,1785050810.6920333,upsert,1,64,StaticSemantic,8862197794517271531,0.0005567073822021484,True,,enqueued,,163
7581,2048,update,1785050811.4824765,1785050811.4824765,1785050808.117878,upsert,3,64,StaticSemantic,15769623694692820738,3.364598512649536,True,,forwarded,,154
7581,2048,update,1785050811.4826407,1785050811.4826407,1785050809.407031,upsert,3,64,StaticSemantic,9971321710674973507,2.0756096839904785,True,,forwarded,,156
7581,2048,update,1785050811.9307108,,1785050811.9303293,upsert,0,64,StaticSemantic,3073007241776570211,0.0003814697265625,True,,enqueued,,164
7581,2048,update,1785050811.9310365,,1785050811.930634,upsert,3,64,StaticSemantic,3073007241776570211,0.0004024505615234375,True,,enqueued,,165
7581,1024,update,1785050811.9312553,,1785050811.9308772,upsert,2,64,StaticSemantic,9417075026054648240,0.0003781318664550781,True,,enqueued,,166
7581,1024,update,1785050811.931451,,1785050811.9310508,upsert,1,64,StaticSemantic,9940797030998834804,0.00040030479431152344,True,,enqueued,,167
7581,2048,update,1785050813.0383148,,1785050813.0379505,upsert,3,64,StaticSemantic,15769623694692820738,0.0003643035888671875,True,,enqueued,,168
7581,2048,update,1785050813.0386024,,1785050813.038282,upsert,0,64,StaticSemantic,12523743054995375112,0.0003204345703125,True,,enqueued,,169
7581,2048,update,1785050813.0389051,,1785050813.038511,upsert,1,64,StaticSemantic,13063325218966850298,0.0003941059112548828,True,,enqueued,,170
7581,1024,update,1785050813.03916,,1785050813.0387216,upsert,0,64,StaticSemantic,14108233664250482536,0.00043845176696777344,True,,enqueued,,171
7581,4096,update,1785050813.9587407,1785050813.9587407,1785050809.4073572,upsert,2,64,StaticSemantic,12613465747135452669,4.5513834953308105,True,,forwarded,,157
7581,2048,update,1785050814.404834,,1785050813.0379505,upsert,3,64,StaticSemantic,15769623694692820738,1.3668835163116455,False,,suppressed,superseded,168
7581,2048,update,1785050814.404977,,1785050814.4044209,upsert,3,64,StaticSemantic,15769623694692820738,0.0005562305450439453,True,,enqueued,,172
7581,1024,update,1785050814.405327,,1785050814.4047296,upsert,0,64,StaticSemantic,12053636556397929515,0.0005974769592285156,True,,enqueued,,173
7581,4096,update,1785050814.4054844,,1785050814.4049215,upsert,2,64,StaticSemantic,12613465747135452669,0.0005629062652587891,True,,enqueued,,174
7581,1024,update,1785050814.405729,,1785050814.405282,upsert,1,64,StaticSemantic,7230541217248033124,0.0004470348358154297,True,,enqueued,,175
7581,4096,update,1785050815.825194,1785050815.825194,1785050809.4077249,upsert,0,64,StaticSemantic,12613465747135452669,6.417469024658203,True,,forwarded,,158
7581,2048,update,1785050815.888651,,1785050811.9303293,upsert,0,64,StaticSemantic,3073007241776570211,3.9583215713500977,False,,suppressed,superseded,164
7581,2048,update,1785050815.8888242,,1785050815.8883393,upsert,0,64,StaticSemantic,3073007241776570211,0.0004849433898925781,True,,enqueued,,176
7581,4096,update,1785050815.8891053,,1785050815.8886535,upsert,2,64,StaticSemantic,155989354309277790,0.00045180320739746094,True,,enqueued,,177
7581,2048,update,1785050815.8893619,,1785050814.4044209,upsert,3,64,StaticSemantic,15769623694692820738,1.484941005706787,False,,suppressed,superseded,172
7581,2048,update,1785050815.8894627,,1785050815.8890405,upsert,3,64,StaticSemantic,15769623694692820738,0.0004222393035888672,True,,enqueued,,178
7581,2048,update,1785050815.8896778,,1785050810.6915524,upsert,0,64,StaticSemantic,15769623694692820738,5.19812536239624,False,,suppressed,superseded,161
7581,2048,update,1785050815.8897989,,1785050815.8892567,upsert,0,64,StaticSemantic,15769623694692820738,0.0005421638488769531,True,,enqueued,,179
7581,2048,update,1785050817.2743518,,1785050817.273905,upsert,0,64,StaticSemantic,5281956220402968541,0.0004467964172363281,True,,enqueued,,180
7581,2048,update,1785050817.2747474,,1785050817.274238,upsert,0,64,StaticSemantic,16954395879792744941,0.0005092620849609375,True,,enqueued,,181
7581,4096,update,1785050817.274931,,1785050817.2744668,upsert,1,64,StaticSemantic,17730309890119328358,0.0004642009735107422,True,,enqueued,,182
7581,4096,update,1785050817.2751577,,1785050817.2748268,upsert,3,64,StaticSemantic,14774026810505956694,0.00033092498779296875,True,,enqueued,,183
7581,1024,update,1785050817.6921065,1785050817.6921065,1785050809.4080856,upsert,3,64,StaticSemantic,14108233664250482536,8.284020900726318,True,,forwarded,,159
7581,2048,update,1785050817.6922727,1785050817.6922727,1785050810.6918187,upsert,3,64,StaticSemantic,4650049274038987083,7.000453948974609,True,,forwarded,,162
7581,1024,update,1785050818.5440066,,1785050818.543533,upsert,1,64,StaticSemantic,3644968828599158073,0.0004734992980957031,True,,enqueued,,184
7581,2048,update,1785050818.5443933,,1785050815.8883393,upsert,0,64,StaticSemantic,3073007241776570211,2.6560540199279785,False,,suppressed,superseded,176
7581,2048,update,1785050818.5445051,,1785050818.543654,upsert,0,64,StaticSemantic,3073007241776570211,0.0008511543273925781,True,,enqueued,,185
7581,2048,update,1785050818.5446272,,1785050815.8890405,upsert,3,64,StaticSemantic,15769623694692820738,2.6555867195129395,False,,suppressed,superseded,178
7581,2048,update,1785050818.5447066,,1785050818.5437462,upsert,3,64,StaticSemantic,15769623694692820738,0.0009603500366210938,True,,enqueued,,186
7581,1024,update,1785050818.5448332,,1785050818.54384,upsert,2,64,StaticSemantic,13378001954599623759,0.0009932518005371094,True,,enqueued,,187
7581,2048,update,1785050820.0138829,,1785050820.013389,upsert,3,64,StaticSemantic,1785562587857272681,0.0004937648773193359,True,,enqueued,,188
7581,2048,update,1785050820.014312,,1785050820.0136757,upsert,3,64,StaticSemantic,4650049274038987083,0.0006363391876220703,True,,enqueued,,191
7581,2048,update,1785050820.014474,,1785050815.8892567,upsert,0,64,StaticSemantic,15769623694692820738,4.1252171993255615,False,,suppressed,superseded,179
7581,2048,update,1785050820.0145676,,1785050820.0135243,upsert,0,64,StaticSemantic,15769623694692820738,0.0010433197021484375,True,,enqueued,,189
7581,2048,update,1785050820.014697,,1785050820.0135243,upsert,0,64,StaticSemantic,15769623694692820738,0.001172780990600586,False,,suppressed,superseded,189
7581,2048,update,1785050820.0147672,,1785050820.0136049,upsert,0,64,StaticSemantic,15769623694692820738,0.0011622905731201172,True,,enqueued,,190
7581,1024,update,1785050820.168256,1785050820.168256,1785050810.6920333,upsert,1,64,StaticSemantic,8862197794517271531,9.47622275352478,True,,forwarded,,163
7581,4096,update,1785050821.315004,,1785050821.3145702,upsert,0,64,StaticSemantic,12613465747135452669,0.00043392181396484375,True,,enqueued,,192
7581,4096,update,1785050821.315345,,1785050821.3147466,upsert,3,64,StaticSemantic,1610475058989402671,0.0005984306335449219,True,,enqueued,,193
7581,4096,update,1785050821.315611,,1785050815.8886535,upsert,2,64,StaticSemantic,155989354309277790,5.426957368850708,False,,suppressed,superseded,177
7581,4096,update,1785050821.3157184,,1785050821.3148897,upsert,2,64,StaticSemantic,155989354309277790,0.0008287429809570312,True,,enqueued,,194
7581,1024,update,1785050821.315864,,1785050821.31501,upsert,1,64,StaticSemantic,6602759660674530941,0.0008540153503417969,True,,enqueued,,195
7581,2048,update,1785050822.034874,1785050822.034874,1785050811.930634,upsert,3,64,StaticSemantic,3073007241776570211,10.10423994064331,True,,forwarded,,165
7581,2048,update,1785050823.604513,,1785050818.5437462,upsert,3,64,StaticSemantic,15769623694692820738,5.060766696929932,False,,suppressed,superseded,186
7581,2048,update,1785050823.6046584,,1785050823.604053,upsert,3,64,StaticSemantic,15769623694692820738,0.0006053447723388672,True,,enqueued,,196
7581,4096,update,1785050823.6049104,,1785050814.4049215,upsert,2,64,StaticSemantic,12613465747135452669,9.199988842010498,False,,suppressed,superseded,174
7581,4096,update,1785050823.6050165,,1785050823.6043594,upsert,2,64,StaticSemantic,12613465747135452669,0.0006570816040039062,True,,enqueued,,197
7581,1024,update,1785050823.6052244,,1785050823.6047273,upsert,0,64,StaticSemantic,13378001954599623759,0.0004971027374267578,True,,enqueued,,198
7581,4096,update,1785050823.605422,,1785050821.3148897,upsert,2,64,StaticSemantic,155989354309277790,2.290532350540161,False,,suppressed,superseded,194
7581,4096,update,1785050823.6055048,,1785050823.604895,upsert,2,64,StaticSemantic,155989354309277790,0.0006096363067626953,True,,enqueued,,199
7581,1024,update,1785050823.9015217,1785050823.9015217,1785050811.9308772,upsert,2,64,StaticSemantic,9417075026054648240,11.970644474029541,True,,forwarded,,166
7581,1024,update,1785050823.9016774,1785050823.9016774,1785050811.9310508,upsert,1,64,StaticSemantic,9940797030998834804,11.970626592636108,True,,forwarded,,167
7581,2048,update,1785050826.377749,1785050826.377749,1785050813.038282,upsert,0,64,StaticSemantic,12523743054995375112,13.33946704864502,True,,forwarded,,169
7581,2048,update,1785050827.532228,,1785050820.0136049,upsert,0,64,StaticSemantic,15769623694692820738,7.518623113632202,False,,suppressed,superseded,190
7581,2048,update,1785050827.5323942,,1785050827.5317316,upsert,0,64,StaticSemantic,15769623694692820738,0.0006625652313232422,True,,enqueued,,200
7581,1024,update,1785050827.5326426,,1785050827.532062,upsert,3,64,StaticSemantic,14108233664250482536,0.0005805492401123047,True,,enqueued,,201
7581,2048,update,1785050827.5327604,,1785050820.0136757,upsert,3,64,StaticSemantic,4650049274038987083,7.519084692001343,False,,suppressed,superseded,191
7581,2048,update,1785050827.5328808,,1785050827.5324438,upsert,3,64,StaticSemantic,4650049274038987083,0.00043702125549316406,True,,enqueued,,203
7581,2048,update,1785050827.5330887,,1785050827.5322275,upsert,2,64,StaticSemantic,12426261210083601366,0.0008611679077148438,True,,enqueued,,202
7581,2048,update,1785050828.244379,1785050828.244379,1785050813.038511,upsert,1,64,StaticSemantic,13063325218966850298,15.205868005752563,True,,forwarded,,170
7581,1024,update,1785050830.1111777,1785050830.1111777,1785050813.0387216,upsert,0,64,StaticSemantic,14108233664250482536,17.072456121444702,True,,forwarded,,171
7581,1024,update,1785050830.1113367,1785050830.1113367,1785050814.4047296,upsert,0,64,StaticSemantic,12053636556397929515,15.706607103347778,True,,forwarded,,173
7581,4096,update,1785050831.2831237,,1785050831.2827072,upsert,0,64,StaticSemantic,10402019323283478844,0.0004165172576904297,True,,enqueued,,204
7581,2048,update,1785050831.283425,,1785050831.2831688,upsert,1,64,StaticSemantic,9971467602450215698,0.0002562999725341797,True,,enqueued,,205
7581,1024,update,1785050831.2836764,,1785050831.2834015,upsert,3,64,StaticSemantic,4132850298606047245,0.00027489662170410156,True,,enqueued,,206
7581,2048,update,1785050831.283921,,1785050831.2835507,upsert,3,64,StaticSemantic,9971321710674973507,0.00037026405334472656,True,,enqueued,,207
7581,1024,update,1785050832.5872195,1785050832.5872195,1785050814.405282,upsert,1,64,StaticSemantic,7230541217248033124,18.18193745613098,True,,forwarded,,175
7581,2048,update,1785050832.8312535,,1785050823.604053,upsert,3,64,StaticSemantic,15769623694692820738,9.227200508117676,False,,suppressed,superseded,196
7581,2048,update,1785050832.8313503,,1785050832.8309207,upsert,3,64,StaticSemantic,15769623694692820738,0.0004296302795410156,True,,enqueued,,208
7581,2048,update,1785050832.8316078,,1785050832.8310983,upsert,0,64,StaticSemantic,9971321710674973507,0.0005095005035400391,True,,enqueued,,209
7581,2048,update,1785050832.8317368,,1785050832.8312926,upsert,0,64,StaticSemantic,4650049274038987083,0.00044417381286621094,True,,enqueued,,211
7581,2048,update,1785050832.831976,,1785050832.8309207,upsert,3,64,StaticSemantic,15769623694692820738,0.0010552406311035156,False,,suppressed,superseded,208
7581,2048,update,1785050832.8320625,,1785050832.8311994,upsert,3,64,StaticSemantic,15769623694692820738,0.0008630752563476562,True,,enqueued,,210
7581,2048,update,1785050834.2581956,,1785050832.8311994,upsert,3,64,StaticSemantic,15769623694692820738,1.4269962310791016,False,,suppressed,superseded,210
7581,2048,update,1785050834.2583458,,1785050834.257711,upsert,3,64,StaticSemantic,15769623694692820738,0.0006349086761474609,True,,enqueued,,212
7581,2048,update,1785050834.2586741,,1785050832.8310983,upsert,0,64,StaticSemantic,9971321710674973507,1.4275758266448975,False,,suppressed,superseded,209
7581,2048,update,1785050834.2587667,,1785050834.258066,upsert,0,64,StaticSemantic,9971321710674973507,0.0007007122039794922,True,,enqueued,,213
7581,2048,update,1785050834.2589295,,1785050834.257711,upsert,3,64,StaticSemantic,15769623694692820738,0.001218557357788086,False,,suppressed,superseded,212
7581,2048,update,1785050834.259001,,1785050834.258296,upsert,3,64,StaticSemantic,15769623694692820738,0.0007050037384033203,True,,enqueued,,214
7581,2048,update,1785050834.259188,,1785050827.5317316,upsert,0,64,StaticSemantic,15769623694692820738,6.727456331253052,False,,suppressed,superseded,200
7581,2048,update,1785050834.2592747,,1785050834.2585049,upsert,0,64,StaticSemantic,15769623694692820738,0.0007698535919189453,True,,enqueued,,215
7581,2048,update,1785050834.454043,1785050834.454043,1785050817.273905,upsert,0,64,StaticSemantic,5281956220402968541,17.180137872695923,True,,forwarded,,180
7581,2048,update,1785050835.6498966,,1785050835.6494677,upsert,3,64,StaticSemantic,947483498426156190,0.00042891502380371094,True,,enqueued,,216
7581,4096,update,1785050835.650178,,1785050823.6043594,upsert,2,64,StaticSemantic,12613465747135452669,12.045818567276001,False,,suppressed,superseded,197
7581,4096,update,1785050835.6502893,,1785050835.6496143,upsert,2,64,StaticSemantic,12613465747135452669,0.0006749629974365234,True,,enqueued,,217
7581,2048,update,1785050835.6505399,,1785050834.258066,upsert,0,64,StaticSemantic,9971321710674973507,1.3924739360809326,False,,suppressed,superseded,213
7581,2048,update,1785050835.6506276,,1785050835.6497433,upsert,0,64,StaticSemantic,9971321710674973507,0.0008842945098876953,True,,enqueued,,218
7581,2048,update,1785050835.6507418,,1785050834.258296,upsert,3,64,StaticSemantic,15769623694692820738,1.3924458026885986,False,,suppressed,superseded,214
7581,2048,update,1785050835.6508272,,1785050835.6498356,upsert,3,64,StaticSemantic,15769623694692820738,0.0009915828704833984,True,,enqueued,,219
7581,2048,update,1785050836.320482,1785050836.320482,1785050817.274238,upsert,0,64,StaticSemantic,16954395879792744941,19.046243906021118,True,,forwarded,,181
7581,4096,update,1785050836.3205833,1785050836.3205833,1785050817.2744668,upsert,1,64,StaticSemantic,17730309890119328358,19.046116590499878,True,,forwarded,,182
7581,4096,update,1785050838.7966142,1785050838.7966142,1785050817.2748268,upsert,3,64,StaticSemantic,14774026810505956694,21.521787405014038,True,,forwarded,,183
7581,2048,update,1785050839.1466393,,1785050835.6498356,upsert,3,64,StaticSemantic,15769623694692820738,3.4968037605285645,False,,suppressed,superseded,219
7581,2048,update,1785050839.1466968,,1785050839.1463792,upsert,3,64,StaticSemantic,15769623694692820738,0.00031757354736328125,True,,enqueued,,220
7581,1024,update,1785050839.1468,,1785050839.1465044,upsert,0,64,StaticSemantic,12376960631178457983,0.0002956390380859375,True,,enqueued,,221
7581,2048,update,1785050839.1468985,,1785050839.1463792,upsert,3,64,StaticSemantic,15769623694692820738,0.0005192756652832031,False,,suppressed,superseded,220
7581,2048,update,1785050839.1469283,,1785050839.1465614,upsert,3,64,StaticSemantic,15769623694692820738,0.0003669261932373047,True,,enqueued,,222
7581,2048,update,1785050839.1469698,,1785050839.1466327,upsert,1,64,StaticSemantic,17622982719236225751,0.0003371238708496094,True,,enqueued,,223
7581,1024,update,1785050840.663504,1785050840.663504,1785050818.543533,upsert,1,64,StaticSemantic,3644968828599158073,22.11997079849243,True,,forwarded,,184
7581,2048,update,1785050842.5301814,1785050842.5301814,1785050818.543654,upsert,0,64,StaticSemantic,3073007241776570211,23.98652744293213,True,,forwarded,,185
7581,1024,update,1785050842.5303428,1785050842.5303428,1785050818.54384,upsert,2,64,StaticSemantic,13378001954599623759,23.98650288581848,True,,forwarded,,187
7581,2048,update,1785050845.006356,1785050845.006356,1785050820.013389,upsert,3,64,StaticSemantic,1785562587857272681,24.992966890335083,True,,forwarded,,188
7581,4096,update,1785050846.8730278,1785050846.8730278,1785050821.3145702,upsert,0,64,StaticSemantic,12613465747135452669,25.558457612991333,True,,forwarded,,192
7581,4096,update,1785050848.7396967,1785050848.7396967,1785050821.3147466,upsert,3,64,StaticSemantic,1610475058989402671,27.424950122833252,True,,forwarded,,193
7581,1024,update,1785050848.739859,1785050848.739859,1785050821.31501,upsert,1,64,StaticSemantic,6602759660674530941,27.424849033355713,True,,forwarded,,195
7581,2048,update,1785050850.6835797,,1785050850.6830702,upsert,1,64,StaticSemantic,8795327467627576569,0.0005095005035400391,True,,enqueued,,224
7581,4096,update,1785050850.6839645,,1785050850.6834059,upsert,0,64,StaticSemantic,12395577753972294123,0.0005586147308349609,True,,enqueued,,225
7581,2048,update,1785050850.6842089,,1785050850.6837704,upsert,3,64,StaticSemantic,17846715708891391149,0.00043845176696777344,True,,enqueued,,226
7581,1024,update,1785050850.6844263,,1785050850.684005,upsert,2,64,StaticSemantic,7759237608199543855,0.00042128562927246094,True,,enqueued,,227
7581,1024,update,1785050851.215933,1785050851.215933,1785050823.6047273,upsert,0,64,StaticSemantic,13378001954599623759,27.61120581626892,True,,forwarded,,198
7581,4096,update,1785050853.0825586,1785050853.0825586,1785050823.604895,upsert,2,64,StaticSemantic,155989354309277790,29.47766351699829,True,,forwarded,,199
7581,1024,update,1785050854.9492333,1785050854.9492333,1785050827.532062,upsert,3,64,StaticSemantic,14108233664250482536,27.417171239852905,True,,forwarded,,201
7581,2048,update,1785050854.9493816,1785050854.9493816,1785050827.5324438,upsert,3,64,StaticSemantic,4650049274038987083,27.416937828063965,True,,forwarded,,203
7581,2048,update,1785050857.425514,1785050857.425514,1785050827.5322275,upsert,2,64,StaticSemantic,12426261210083601366,29.89328646659851,True,,forwarded,,202
7581,4096,update,1785050859.2920911,1785050859.2920911,1785050831.2827072,upsert,0,64,StaticSemantic,10402019323283478844,28.00938391685486,True,,forwarded,,204
7581,2048,update,1785050860.2490113,1785050860.2490113,1785050831.2831688,upsert,1,64,StaticSemantic,9971467602450215698,28.965842485427856,True,,forwarded,,205
7581,1024,update,1785050860.24916,1785050860.24916,1785050831.2834015,upsert,3,64,StaticSemantic,4132850298606047245,28.965758562088013,True,,forwarded,,206
7581,2048,update,1785050861.158754,1785050861.158754,1785050831.2835507,upsert,3,64,StaticSemantic,9971321710674973507,29.875203371047974,True,,forwarded,,207
7581,2048,update,1785050862.39686,1785050862.39686,1785050832.8312926,upsert,0,64,StaticSemantic,4650049274038987083,29.56556725502014,True,,forwarded,,211
7581,4096,update,1785050862.6775239,,1785050862.6771226,upsert,1,64,StaticSemantic,3239139471102595402,0.0004012584686279297,True,,enqueued,,228
7581,4096,update,1785050862.6778328,,1785050862.6775756,upsert,2,64,StaticSemantic,3239139471102595402,0.00025725364685058594,True,,enqueued,,229
7581,2048,update,1785050862.6781654,,1785050862.677948,upsert,3,64,StaticSemantic,14333057367934485678,0.000217437744140625,True,,enqueued,,230
7581,1024,update,1785050862.6783984,,1785050862.6781602,upsert,0,64,StaticSemantic,11821849661176330329,0.00023818016052246094,True,,enqueued,,231
7581,2048,update,1785050864.263502,1785050864.263502,1785050834.2585049,upsert,0,64,StaticSemantic,15769623694692820738,30.00499701499939,True,,forwarded,,215
7581,2048,update,1785050864.2636588,1785050864.2636588,1785050835.6494677,upsert,3,64,StaticSemantic,947483498426156190,28.61419105529785,True,,forwarded,,216
7581,4096,update,1785050865.8489158,1785050865.8489158,1785050835.6496143,upsert,2,64,StaticSemantic,12613465747135452669,30.19930148124695,True,,forwarded,,217
7581,1024,update,1785050866.144842,,1785050866.1444929,upsert,1,64,StaticSemantic,7759237608199543855,0.0003490447998046875,True,,enqueued,,232
7581,2048,update,1785050866.145107,,1785050850.6837704,upsert,3,64,StaticSemantic,17846715708891391149,15.461336612701416,False,,suppressed,superseded,226
7581,2048,update,1785050866.14521,,1785050866.144722,upsert,3,64,StaticSemantic,17846715708891391149,0.00048804283142089844,True,,enqueued,,233
7581,2048,update,1785050866.1454127,,1785050866.1449728,upsert,2,64,StaticSemantic,17846715708891391149,0.0004398822784423828,True,,enqueued,,234
7581,1024,update,1785050866.1456108,,1785050866.145183,upsert,0,64,StaticSemantic,15507369539614680842,0.0004277229309082031,True,,enqueued,,235
7581,2048,update,1785050866.739623,1785050866.739623,1785050835.6497433,upsert,0,64,StaticSemantic,9971321710674973507,31.089879751205444,True,,forwarded,,218
7581,1024,update,1785050868.6063414,1785050868.6063414,1785050839.1465044,upsert,0,64,StaticSemantic,12376960631178457983,29.459836959838867,True,,forwarded,,221
7581,2048,update,1785050868.6064823,1785050868.6064823,1785050839.1465614,upsert,3,64,StaticSemantic,15769623694692820738,29.45992088317871,True,,forwarded,,222
7581,2048,update,1785050870.0794165,,1785050870.0789323,upsert,1,64,StaticSemantic,17846715708891391149,0.00048422813415527344,False,,suppressed,duplicate_holder,236
7581,2048,update,1785050870.0797222,,1785050870.0792286,upsert,0,64,StaticSemantic,5080278736125677280,0.0004935264587402344,True,,enqueued,,237
7581,1024,update,1785050870.0800292,,1785050870.0794568,upsert,3,64,StaticSemantic,15260451301505084502,0.0005724430084228516,True,,enqueued,,238
7581,2048,update,1785050870.080158,,1785050870.079597,upsert,2,64,StaticSemantic,3653934292717507175,0.0005609989166259766,True,,enqueued,,239
7581,2048,update,1785050870.453992,1785050870.453992,1785050839.1466327,upsert,1,64,StaticSemantic,17622982719236225751,31.307359218597412,True,,forwarded,,223
7581,2048,update,1785050872.3206728,1785050872.3206728,1785050850.6830702,upsert,1,64,StaticSemantic,8795327467627576569,21.63760256767273,True,,forwarded,,224
7581,4096,update,1785050873.3346388,1785050873.3346388,1785050850.6834059,upsert,0,64,StaticSemantic,12395577753972294123,22.651232957839966,True,,forwarded,,225
7581,1024,update,1785050873.3348017,1785050873.3348017,1785050850.684005,upsert,2,64,StaticSemantic,7759237608199543855,22.65079665184021,True,,forwarded,,227
7581,1024,update,1785050873.8006759,,1785050866.1444929,upsert,1,64,StaticSemantic,7759237608199543855,7.6561830043792725,False,,suppressed,superseded,232
7581,1024,update,1785050873.8007507,,1785050873.8004045,upsert,1,64,StaticSemantic,7759237608199543855,0.00034618377685546875,True,,enqueued,,240
7581,1024,update,1785050873.8008769,,1785050873.800631,upsert,2,64,StaticSemantic,11821849661176330329,0.00024580955505371094,True,,enqueued,,241
7581,2048,update,1785050873.800981,,1785050873.8008523,upsert,3,64,StaticSemantic,13485819553775059313,0.00012874603271484375,True,,enqueued,,242
7581,2048,update,1785050873.801183,,1785050873.8010812,upsert,0,64,StaticSemantic,14333057367934485678,0.00010180473327636719,True,,enqueued,,243
7581,4096,update,1785050874.187312,1785050874.187312,1785050862.6771226,upsert,1,64,StaticSemantic,3239139471102595402,11.510189294815063,True,,forwarded,,228
7581,4096,update,1785050876.0540729,1785050876.0540729,1785050862.6775756,upsert,2,64,StaticSemantic,3239139471102595402,13.376497268676758,True,,forwarded,,229
7581,2048,update,1785050877.6336927,,1785050877.6331768,upsert,1,64,StaticSemantic,14333057367934485678,0.0005159378051757812,False,,suppressed,duplicate_holder,244
7581,2048,update,1785050877.63404,,1785050866.144722,upsert,3,64,StaticSemantic,17846715708891391149,11.489318132400513,False,,suppressed,superseded,233
7581,2048,update,1785050877.634158,,1785050877.6335135,upsert,3,64,StaticSemantic,17846715708891391149,0.0006444454193115234,True,,enqueued,,245
7581,2048,update,1785050877.6343577,,1785050866.1449728,upsert,2,64,StaticSemantic,17846715708891391149,11.489384889602661,False,,suppressed,superseded,234
7581,2048,update,1785050877.634449,,1785050877.6337469,upsert,2,64,StaticSemantic,17846715708891391149,0.0007021427154541016,True,,enqueued,,246
7581,2048,update,1785050877.6346376,,1785050877.6339753,upsert,0,64,StaticSemantic,3566375612704271676,0.0006623268127441406,True,,enqueued,,247
7581,2048,update,1785050877.9206479,1785050877.9206479,1785050862.677948,upsert,3,64,StaticSemantic,14333057367934485678,15.24269986152649,True,,forwarded,,230
7581,1024,update,1785050877.92084,1785050877.92084,1785050862.6781602,upsert,0,64,StaticSemantic,11821849661176330329,15.242679834365845,True,,forwarded,,231
7581,1024,update,1785050880.1918573,1785050880.1918573,1785050866.145183,upsert,0,64,StaticSemantic,15507369539614680842,14.046674251556396,True,,forwarded,,235
7581,2048,update,1785050881.02537,1785050881.02537,1785050870.0792286,upsert,0,64,StaticSemantic,5080278736125677280,10.946141242980957,True,,forwarded,,237
7581,1024,update,1785050882.0586011,1785050882.0586011,1785050870.0794568,upsert,3,64,StaticSemantic,15260451301505084502,11.97914433479309,True,,forwarded,,238
7581,2048,update,1785050882.0588024,1785050882.0588024,1785050870.079597,upsert,2,64,StaticSemantic,3653934292717507175,11.97920536994934,True,,forwarded,,239
7581,1024,update,1785050882.892104,1785050882.892104,1785050873.8004045,upsert,1,64,StaticSemantic,7759237608199543855,9.091699361801147,True,,forwarded,,240
7581,1024,update,1785050884.1301396,1785050884.1301396,1785050873.800631,upsert,2,64,StaticSemantic,11821849661176330329,10.329508543014526,True,,forwarded,,241
7581,2048,update,1785050885.1633642,1785050885.1633642,1785050873.8008523,upsert,3,64,StaticSemantic,13485819553775059313,11.36251187324524,True,,forwarded,,242
7581,2048,update,1785050885.163513,1785050885.163513,1785050873.8010812,upsert,0,64,StaticSemantic,14333057367934485678,11.362431764602661,True,,forwarded,,243
7581,2048,update,1785050885.9968681,1785050885.9968681,1785050877.6335135,upsert,3,64,StaticSemantic,17846715708891391149,8.363354682922363,True,,forwarded,,245
7581,2048,update,1785050887.2350023,1785050887.2350023,1785050877.6337469,upsert,2,64,StaticSemantic,17846715708891391149,9.601255416870117,True,,forwarded,,246
7581,2048,update,1785050888.2681277,1785050888.2681277,1785050877.6339753,upsert,0,64,StaticSemantic,3566375612704271676,10.63415241241455,True,,forwarded,,247
7581,1024,update,1785050889.6635225,,1785050889.6631143,upsert,1,64,StaticSemantic,15924242497558048196,0.000408172607421875,True,,enqueued,,248
7581,1024,update,1785050889.6638672,1785050889.6638672,1785050889.6631143,upsert,1,64,StaticSemantic,15924242497558048196,0.0007529258728027344,True,,forwarded,,248
7581,4096,update,1785050889.6640131,,1785050889.663356,upsert,0,64,StaticSemantic,2791082597034988524,0.0006570816040039062,True,,enqueued,,249
7581,4096,update,1785050889.66416,1785050889.66416,1785050889.663356,upsert,0,64,StaticSemantic,2791082597034988524,0.0008039474487304688,True,,forwarded,,249
7581,1024,update,1785050889.664405,,1785050889.6637356,upsert,3,64,StaticSemantic,11821849661176330329,0.0006694793701171875,False,,suppressed,duplicate_holder,250
7581,1024,update,1785050889.6645136,,1785050889.6638985,upsert,2,64,StaticSemantic,11821849661176330329,0.0006151199340820312,True,,enqueued,,251
7581,1024,update,1785050890.9682493,1785050890.9682493,1785050889.6638985,upsert,2,64,StaticSemantic,11821849661176330329,1.3043508529663086,True,,forwarded,,251
7581,2048,update,1785050893.4346316,,1785050893.4342792,upsert,3,64,StaticSemantic,17846715708891391149,0.0003523826599121094,True,,enqueued,,252
7581,2048,update,1785050893.4347672,1785050893.4347672,1785050893.4342792,upsert,3,64,StaticSemantic,17846715708891391149,0.00048804283142089844,True,,forwarded,,252
7581,2048,update,1785050893.4349973,,1785050893.4346063,upsert,3,64,StaticSemantic,17846715708891391149,0.0003910064697265625,True,,enqueued,,253
7581,2048,update,1785050893.435228,,1785050893.4348726,upsert,1,64,StaticSemantic,9961683114669445454,0.0003554821014404297,True,,enqueued,,254
7581,1024,update,1785050893.4354181,,1785050893.4350936,upsert,0,64,StaticSemantic,11821849661176330329,0.00032448768615722656,True,,enqueued,,255
7581,2048,update,1785050893.463441,1785050893.463441,1785050893.4346063,upsert,3,64,StaticSemantic,17846715708891391149,0.02883458137512207,True,,forwarded,,253
7581,2048,update,1785050893.463584,1785050893.463584,1785050893.4348726,upsert,1,64,StaticSemantic,9961683114669445454,0.028711318969726562,True,,forwarded,,254
7581,2048,update,1785050894.8181598,,1785050894.8176346,upsert,3,64,StaticSemantic,17846715708891391149,0.0005252361297607422,True,,enqueued,,256
7581,2048,update,1785050894.818543,,1785050894.8180113,upsert,1,64,StaticSemantic,8795327467627576569,0.0005316734313964844,True,,enqueued,,257
7581,2048,update,1785050894.8186834,,1785050894.818247,upsert,2,64,StaticSemantic,17846715708891391149,0.0004363059997558594,True,,enqueued,,258
7581,1024,update,1785050894.8189414,,1785050894.8184588,upsert,0,64,StaticSemantic,13764273285245102789,0.0004825592041015625,True,,enqueued,,259
7581,1024,update,1785050895.9396436,1785050895.9396436,1785050893.4350936,upsert,0,64,StaticSemantic,11821849661176330329,2.504549980163574,True,,forwarded,,255
7581,2048,update,1785050897.8063223,1785050897.8063223,1785050894.8176346,upsert,3,64,StaticSemantic,17846715708891391149,2.988687753677368,True,,forwarded,,256
7581,2048,update,1785050899.044338,1785050899.044338,1785050894.8180113,upsert,1,64,StaticSemantic,8795327467627576569,4.2263267040252686,True,,forwarded,,257
7581,2048,update,1785050899.044481,1785050899.044481,1785050894.818247,upsert,2,64,StaticSemantic,17846715708891391149,4.226233959197998,True,,forwarded,,258
7581,1024,update,1785050900.4201994,1785050900.4201994,1785050894.8184588,upsert,0,64,StaticSemantic,13764273285245102789,5.601740598678589,True,,forwarded,,259
7581,4096,update,1785050906.4968154,,1785050906.4962916,upsert,3,64,StaticSemantic,5810489706710392208,0.0005238056182861328,True,,enqueued,,260
7581,4096,update,1785050906.4971843,1785050906.4971843,1785050906.4962916,upsert,3,64,StaticSemantic,5810489706710392208,0.00089263916015625,True,,forwarded,,260
7581,2048,update,1785050906.4974434,,1785050906.4967613,upsert,0,64,StaticSemantic,14333057367934485678,0.0006821155548095703,True,,enqueued,,261
7581,2048,update,1785050906.4977312,1785050906.4977312,1785050906.4967613,upsert,0,64,StaticSemantic,14333057367934485678,0.0009698867797851562,True,,forwarded,,261
7581,2048,update,1785050906.4978995,,1785050906.4970295,upsert,1,64,StaticSemantic,11828416008499956572,0.0008699893951416016,True,,enqueued,,262
7581,1024,update,1785050906.4980073,,1785050906.497245,upsert,2,64,StaticSemantic,13844655051170110805,0.0007622241973876953,True,,enqueued,,263
7581,2048,update,1785050906.4981394,1785050906.4981394,1785050906.4970295,upsert,1,64,StaticSemantic,11828416008499956572,0.0011098384857177734,True,,forwarded,,262
7581,1024,update,1785050906.4982283,1785050906.4982283,1785050906.497245,upsert,2,64,StaticSemantic,13844655051170110805,0.0009832382202148438,True,,forwarded,,263
7581,2048,update,1785050918.4943054,,1785050918.4938207,upsert,0,64,StaticSemantic,5080278736125677280,0.00048470497131347656,True,,enqueued,,264
7581,2048,update,1785050918.494678,1785050918.494678,1785050918.4938207,upsert,0,64,StaticSemantic,5080278736125677280,0.0008573532104492188,True,,forwarded,,264
7581,4096,update,1785050918.494857,,1785050918.4941375,upsert,1,64,StaticSemantic,13560130478010026927,0.0007195472717285156,True,,enqueued,,265
7581,4096,update,1785050918.4950397,1785050918.4950397,1785050918.4941375,upsert,1,64,StaticSemantic,13560130478010026927,0.0009021759033203125,True,,forwarded,,265
7581,1024,update,1785050918.4953125,,1785050918.4945178,upsert,2,64,StaticSemantic,11821849661176330329,0.0007946491241455078,True,,enqueued,,266
7581,2048,update,1785050918.495431,,1785050918.4946716,upsert,3,64,StaticSemantic,14333057367934485678,0.0007593631744384766,True,,enqueued,,267
7581,1024,update,1785050918.495575,1785050918.495575,1785050918.4945178,upsert,2,64,StaticSemantic,11821849661176330329,0.0010571479797363281,True,,forwarded,,266
7581,2048,update,1785050918.4956882,1785050918.4956882,1785050918.4946716,upsert,3,64,StaticSemantic,14333057367934485678,0.0010166168212890625,True,,forwarded,,267
7581,2048,update,1785050919.8062577,,1785050919.8059363,upsert,3,64,StaticSemantic,17846715708891391149,0.00032138824462890625,True,,enqueued,,268
7581,2048,update,1785050919.8065243,1785050919.8065243,1785050919.8059363,upsert,3,64,StaticSemantic,17846715708891391149,0.0005879402160644531,True,,forwarded,,268
7581,1024,update,1785050919.806768,,1785050919.8062353,upsert,2,64,StaticSemantic,13844655051170110805,0.0005326271057128906,True,,enqueued,,269
7581,1024,update,1785050919.806919,,1785050919.8062353,upsert,2,64,StaticSemantic,13844655051170110805,0.0006837844848632812,False,,suppressed,superseded,269
7581,1024,update,1785050919.8069932,,1785050919.806547,upsert,2,64,StaticSemantic,13844655051170110805,0.000446319580078125,True,,enqueued,,271
7581,1024,update,1785050919.8072093,1785050919.8072093,1785050919.806547,upsert,2,64,StaticSemantic,13844655051170110805,0.0006623268127441406,True,,forwarded,,271
7581,1024,update,1785050919.8073266,,1785050919.8063989,upsert,1,64,StaticSemantic,13538448680538938220,0.0009276866912841797,True,,enqueued,,270
7581,1024,update,1785050919.8074617,1785050919.8074617,1785050919.8063989,upsert,1,64,StaticSemantic,13538448680538938220,0.0010628700256347656,True,,forwarded,,270
7581,1024,update,1785050921.217895,,1785050921.2175276,upsert,2,64,StaticSemantic,11821849661176330329,0.0003674030303955078,True,,enqueued,,272
7581,1024,update,1785050921.2182019,1785050921.2182019,1785050921.2175276,upsert,2,64,StaticSemantic,11821849661176330329,0.0006742477416992188,True,,forwarded,,272
7581,2048,update,1785050921.2183354,,1785050921.2177541,upsert,3,64,StaticSemantic,17846715708891391149,0.0005812644958496094,True,,enqueued,,273
7581,2048,update,1785050921.2185447,1785050921.2185447,1785050921.2177541,upsert,3,64,StaticSemantic,17846715708891391149,0.0007905960083007812,True,,forwarded,,273
7581,1024,update,1785050921.2186592,,1785050921.2180092,upsert,0,64,StaticSemantic,3796152564256217897,0.0006499290466308594,True,,enqueued,,274
7581,1024,update,1785050921.2188509,1785050921.2188509,1785050921.2180092,upsert,0,64,StaticSemantic,3796152564256217897,0.0008416175842285156,True,,forwarded,,274
7581,2048,update,1785050921.2189562,,1785050921.2181602,upsert,2,64,StaticSemantic,17846715708891391149,0.0007960796356201172,True,,enqueued,,275
7581,2048,update,1785050921.2190764,1785050921.2190764,1785050921.2181602,upsert,2,64,StaticSemantic,17846715708891391149,0.0009162425994873047,True,,forwarded,,275
7581,1024,update,1785050924.8011024,,1785050924.8007367,upsert,0,64,StaticSemantic,11821849661176330329,0.0003657341003417969,True,,enqueued,,276
7581,1024,update,1785050924.8013558,1785050924.8013558,1785050924.8007367,upsert,0,64,StaticSemantic,11821849661176330329,0.0006191730499267578,True,,forwarded,,276
7581,2048,update,1785050924.8015988,,1785050924.8009858,upsert,1,64,StaticSemantic,16508625817180621701,0.0006129741668701172,True,,enqueued,,277
7581,2048,update,1785050924.801896,1785050924.801896,1785050924.8009858,upsert,1,64,StaticSemantic,16508625817180621701,0.0009102821350097656,True,,forwarded,,277
7581,2048,update,1785050924.8020196,,1785050924.8012207,upsert,2,64,StaticSemantic,17846715708891391149,0.0007989406585693359,True,,enqueued,,278
7581,2048,update,1785050924.8021238,,1785050924.801437,upsert,3,64,StaticSemantic,14333057367934485678,0.0006868839263916016,True,,enqueued,,279
7581,2048,update,1785050924.802236,1785050924.802236,1785050924.8012207,upsert,2,64,StaticSemantic,17846715708891391149,0.0010154247283935547,True,,forwarded,,278
7581,2048,update,1785050924.8023307,1785050924.8023307,1785050924.801437,upsert,3,64,StaticSemantic,14333057367934485678,0.0008938312530517578,True,,forwarded,,279
7581,2048,update,1785050928.614768,,1785050928.6143823,upsert,0,64,StaticSemantic,2763046690965461559,0.0003857612609863281,True,,enqueued,,280
7581,2048,update,1785050928.6150398,1785050928.6150398,1785050928.6143823,upsert,0,64,StaticSemantic,2763046690965461559,0.0006575584411621094,True,,forwarded,,280
7581,1024,update,1785050928.615311,,1785050928.6146872,upsert,2,64,StaticSemantic,11821849661176330329,0.0006237030029296875,True,,enqueued,,281
7581,1024,update,1785050928.6154225,,1785050928.6150966,upsert,2,64,StaticSemantic,13844655051170110805,0.00032591819763183594,True,,enqueued,,283
7581,2048,update,1785050928.6155226,,1785050928.6148758,upsert,3,64,StaticSemantic,17846715708891391149,0.0006468296051025391,True,,enqueued,,282
7581,1024,update,1785050928.615631,1785050928.615631,1785050928.6146872,upsert,2,64,StaticSemantic,11821849661176330329,0.0009438991546630859,True,,forwarded,,281
7581,1024,update,1785050928.6157289,1785050928.6157289,1785050928.6150966,upsert,2,64,StaticSemantic,13844655051170110805,0.0006322860717773438,True,,forwarded,,283
7581,2048,update,1785050928.6158242,1785050928.6158242,1785050928.6148758,upsert,3,64,StaticSemantic,17846715708891391149,0.0009484291076660156,True,,forwarded,,282
7581,2048,update,1785050932.3428757,,1785050932.3424554,upsert,3,64,StaticSemantic,17846715708891391149,0.0004203319549560547,True,,enqueued,,284
7581,2048,update,1785050932.3430333,1785050932.3430333,1785050932.3424554,upsert,3,64,StaticSemantic,17846715708891391149,0.0005779266357421875,True,,forwarded,,284
7581,1024,update,1785050932.3431535,,1785050932.342819,upsert,2,64,StaticSemantic,17988401324918526512,0.0003345012664794922,True,,enqueued,,285
7581,1024,update,1785050932.343253,1785050932.343253,1785050932.342819,upsert,2,64,StaticSemantic,17988401324918526512,0.00043392181396484375,True,,forwarded,,285
7581,2048,update,1785050932.3433065,,1785050932.3429925,upsert,0,64,StaticSemantic,11084610101891187946,0.0003139972686767578,True,,enqueued,,286
7581,2048,update,1785050932.34337,1785050932.34337,1785050932.3429925,upsert,0,64,StaticSemantic,11084610101891187946,0.00037741661071777344,True,,forwarded,,286
7581,2048,update,1785050932.3434572,,1785050932.3432102,upsert,1,64,StaticSemantic,11828416008499956572,0.00024700164794921875,True,,enqueued,,287
7581,2048,update,1785050932.3435128,1785050932.3435128,1785050932.3432102,upsert,1,64,StaticSemantic,11828416008499956572,0.0003025531768798828,True,,forwarded,,287
7581,4096,update,1785050944.1295445,,1785050944.1290903,upsert,1,64,StaticSemantic,11592361518825428217,0.00045418739318847656,True,,enqueued,,288
7581,4096,update,1785050944.1298742,1785050944.1298742,1785050944.1290903,upsert,1,64,StaticSemantic,11592361518825428217,0.0007839202880859375,True,,forwarded,,288
7581,1024,update,1785050944.1301243,,1785050944.1295776,upsert,2,64,StaticSemantic,12686689457414215630,0.0005466938018798828,True,,enqueued,,289
7581,1024,update,1785050944.130239,,1785050944.1298,upsert,2,64,StaticSemantic,13844655051170110805,0.00043892860412597656,True,,enqueued,,290
7581,1024,update,1785050944.1304586,1785050944.1304586,1785050944.1295776,upsert,2,64,StaticSemantic,12686689457414215630,0.0008809566497802734,True,,forwarded,,289
7581,1024,update,1785050944.130581,1785050944.130581,1785050944.1298,upsert,2,64,StaticSemantic,13844655051170110805,0.0007808208465576172,True,,forwarded,,290
7581,2048,update,1785050944.1306827,,1785050944.1299922,upsert,1,64,StaticSemantic,11828416008499956572,0.000690460205078125,True,,enqueued,,291
7581,2048,update,1785050944.1308312,1785050944.1308312,1785050944.1299922,upsert,1,64,StaticSemantic,11828416008499956572,0.0008389949798583984,True,,forwarded,,291
7581,2048,update,1785050945.3919833,,1785050945.3915472,upsert,1,64,StaticSemantic,16508625817180621701,0.0004360675811767578,True,,enqueued,,292
7581,2048,update,1785050945.39233,1785050945.39233,1785050945.3915472,upsert,1,64,StaticSemantic,16508625817180621701,0.0007827281951904297,True,,forwarded,,292
7581,1024,update,1785050945.3924773,,1785050945.3916917,upsert,0,64,StaticSemantic,11821849661176330329,0.0007855892181396484,True,,enqueued,,293
7581,2048,update,1785050945.392578,,1785050945.3917603,upsert,0,64,StaticSemantic,5080278736125677280,0.0008175373077392578,True,,enqueued,,294
7581,1024,update,1785050945.392818,1785050945.392818,1785050945.3916917,upsert,0,64,StaticSemantic,11821849661176330329,0.0011262893676757812,True,,forwarded,,293
7581,2048,update,1785050945.3929331,1785050945.3929331,1785050945.3917603,upsert,0,64,StaticSemantic,5080278736125677280,0.001172780990600586,True,,forwarded,,294
7581,2048,update,1785050945.3930352,,1785050945.3918574,upsert,3,64,StaticSemantic,17846715708891391149,0.0011777877807617188,True,,enqueued,,295
7581,2048,update,1785050945.3931568,1785050945.3931568,1785050945.3918574,upsert,3,64,StaticSemantic,17846715708891391149,0.0012993812561035156,True,,forwarded,,295
7581,2048,update,1785050949.593511,,1785050949.593102,upsert,3,64,StaticSemantic,16236083247640581049,0.00040912628173828125,True,,enqueued,,296
7581,2048,update,1785050949.5939198,1785050949.5939198,1785050949.593102,upsert,3,64,StaticSemantic,16236083247640581049,0.0008177757263183594,True,,forwarded,,296
7581,2048,update,1785050949.5940707,,1785050949.5932415,upsert,0,64,StaticSemantic,594533630581776597,0.0008292198181152344,True,,enqueued,,297
7581,1024,update,1785050949.5941734,,1785050949.5933309,upsert,0,64,StaticSemantic,13764273285245102789,0.0008425712585449219,True,,enqueued,,298
7581,2048,update,1785050949.594279,,1785050949.5933874,upsert,1,64,StaticSemantic,9961683114669445454,0.0008916854858398438,True,,enqueued,,299
7581,2048,update,1785050949.5944235,1785050949.5944235,1785050949.5932415,upsert,0,64,StaticSemantic,594533630581776597,0.0011820793151855469,True,,forwarded,,297
7581,1024,update,1785050949.594526,1785050949.594526,1785050949.5933309,upsert,0,64,StaticSemantic,13764273285245102789,0.0011951923370361328,True,,forwarded,,298
7581,2048,update,1785050949.5946074,1785050949.5946074,1785050949.5933874,upsert,1,64,StaticSemantic,9961683114669445454,0.0012199878692626953,True,,forwarded,,299
7581,2048,update,1785050950.4195523,,1785050950.419109,upsert,2,64,StaticSemantic,17846715708891391149,0.0004432201385498047,True,,enqueued,,300
7581,2048,update,1785050950.4198148,1785050950.4198148,1785050950.419109,upsert,2,64,StaticSemantic,17846715708891391149,0.000705718994140625,True,,forwarded,,300
7581,1024,update,1785050950.4200847,,1785050950.4194243,upsert,0,64,StaticSemantic,11821849661176330329,0.0006604194641113281,True,,enqueued,,301
7581,1024,update,1785050950.4201968,,1785050950.4194243,upsert,0,64,StaticSemantic,11821849661176330329,0.0007724761962890625,False,,suppressed,superseded,301
7581,1024,update,1785050950.4202678,,1785050950.419811,upsert,0,64,StaticSemantic,11821849661176330329,0.00045680999755859375,True,,enqueued,,303
7581,2048,update,1785050950.4203625,,1785050950.4195867,upsert,3,64,StaticSemantic,17846715708891391149,0.0007758140563964844,True,,enqueued,,302
7581,1024,update,1785050950.4204698,1785050950.4204698,1785050950.419811,upsert,0,64,StaticSemantic,11821849661176330329,0.0006587505340576172,True,,forwarded,,303
7581,2048,update,1785050950.606355,1785050950.606355,1785050950.4195867,upsert,3,64,StaticSemantic,17846715708891391149,0.1867682933807373,True,,forwarded,,302
7581,2048,update,1785050951.5475981,,1785050951.5471826,upsert,2,64,StaticSemantic,17846715708891391149,0.00041556358337402344,True,,enqueued,,304
7581,2048,update,1785050951.5479383,,1785050951.5474885,upsert,3,64,StaticSemantic,17846715708891391149,0.00044989585876464844,True,,enqueued,,305
7581,1024,update,1785050951.5481436,,1785050951.5477133,upsert,2,64,StaticSemantic,13844655051170110805,0.0004303455352783203,True,,enqueued,,306
7581,2048,update,1785050951.54833,,1785050951.5474885,upsert,3,64,StaticSemantic,17846715708891391149,0.0008416175842285156,False,,suppressed,superseded,305
7581,2048,update,1785050951.5484176,,1785050951.5478668,upsert,3,64,StaticSemantic,17846715708891391149,0.0005507469177246094,True,,enqueued,,307
7581,2048,update,1785050951.8444,1785050951.8444,1785050951.5471826,upsert,2,64,StaticSemantic,17846715708891391149,0.29721736907958984,True,,forwarded,,304
7581,1024,update,1785050952.4567256,,1785050952.4563148,upsert,1,64,StaticSemantic,7759237608199543855,0.0004107952117919922,True,,enqueued,,308
7581,2048,update,1785050952.4570208,,1785050951.5478668,upsert,3,64,StaticSemantic,17846715708891391149,0.909153938293457,False,,suppressed,superseded,307
7581,2048,update,1785050952.457123,,1785050952.4565458,upsert,3,64,StaticSemantic,17846715708891391149,0.0005772113800048828,True,,enqueued,,309
7581,2048,update,1785050952.4573202,,1785050952.4567719,upsert,2,64,StaticSemantic,17846715708891391149,0.0005483627319335938,True,,enqueued,,310
7581,2048,update,1785050952.45742,,1785050952.4567719,upsert,2,64,StaticSemantic,17846715708891391149,0.0006482601165771484,False,,suppressed,superseded,310
7581,2048,update,1785050952.4574955,,1785050952.4570508,upsert,2,64,StaticSemantic,17846715708891391149,0.00044465065002441406,True,,enqueued,,311
7581,1024,update,1785050954.339567,1785050954.339567,1785050951.5477133,upsert,2,64,StaticSemantic,13844655051170110805,2.791853666305542,True,,forwarded,,306
7581,1024,update,1785050954.3396676,1785050954.3396676,1785050952.4563148,upsert,1,64,StaticSemantic,7759237608199543855,1.8833527565002441,True,,forwarded,,308
7581,2048,update,1785050954.4053373,,1785050952.4570508,upsert,2,64,StaticSemantic,17846715708891391149,1.948286533355713,False,,suppressed,superseded,311
7581,2048,update,1785050954.4054801,,1785050954.4049554,upsert,2,64,StaticSemantic,17846715708891391149,0.0005247592926025391,True,,enqueued,,312
7581,1024,update,1785050954.4058127,,1785050954.4052675,upsert,0,64,StaticSemantic,11821849661176330329,0.0005452632904052734,True,,enqueued,,313
7581,1024,update,1785050954.4059587,,1785050954.4054282,upsert,3,64,StaticSemantic,6878038652119793510,0.0005304813385009766,True,,enqueued,,314
7581,2048,update,1785050954.406048,,1785050952.4565458,upsert,3,64,StaticSemantic,17846715708891391149,1.9495022296905518,False,,suppressed,superseded,309
7581,2048,update,1785050954.406125,,1785050954.4055765,upsert,3,64,StaticSemantic,17846715708891391149,0.0005486011505126953,True,,enqueued,,315
7581,1024,update,1785050955.7063286,,1785050955.705885,upsert,0,64,StaticSemantic,15507369539614680842,0.0004436969757080078,True,,enqueued,,316
7581,2048,update,1785050955.7066326,,1785050954.4055765,upsert,3,64,StaticSemantic,17846715708891391149,1.301056146621704,False,,suppressed,superseded,315
7581,2048,update,1785050955.7067344,,1785050955.7061357,upsert,3,64,StaticSemantic,17846715708891391149,0.0005986690521240234,True,,enqueued,,317
7581,2048,update,1785050955.7069824,,1785050954.4049554,upsert,2,64,StaticSemantic,17846715708891391149,1.3020269870758057,False,,suppressed,superseded,312
7581,2048,update,1785050955.7070723,,1785050955.7063746,upsert,2,64,StaticSemantic,17846715708891391149,0.0006976127624511719,True,,enqueued,,318
7581,1024,update,1785050955.7072496,,1785050955.7065868,upsert,1,64,StaticSemantic,9233738098189157673,0.0006628036499023438,True,,enqueued,,319
7581,1024,update,1785050956.8157458,1785050956.8157458,1785050954.4052675,upsert,0,64,StaticSemantic,11821849661176330329,2.410478353500366,True,,forwarded,,313
7581,1024,update,1785050957.353246,,1785050957.3528912,upsert,0,64,StaticSemantic,11821849661176330329,0.000354766845703125,True,,enqueued,,320
7581,1024,update,1785050957.3534348,,1785050957.353038,upsert,2,64,StaticSemantic,11821849661176330329,0.000396728515625,True,,enqueued,,321
7581,1024,update,1785050957.3534954,,1785050954.4054282,upsert,3,64,StaticSemantic,6878038652119793510,2.9480671882629395,False,,suppressed,superseded,314
7581,1024,update,1785050957.353536,,1785050957.3531218,upsert,3,64,StaticSemantic,6878038652119793510,0.00041413307189941406,True,,enqueued,,322
7581,4096,update,1785050957.3536158,,1785050957.3531966,upsert,0,64,StaticSemantic,2791082597034988524,0.0004191398620605469,True,,enqueued,,323
7581,2048,update,1785050958.6525075,,1785050955.7063746,upsert,2,64,StaticSemantic,17846715708891391149,2.9461328983306885,False,,suppressed,superseded,318
7581,2048,update,1785050958.6526687,,1785050958.6520479,upsert,2,64,StaticSemantic,17846715708891391149,0.0006208419799804688,True,,enqueued,,324
7581,1024,update,1785050958.6530254,,1785050957.3528912,upsert,0,64,StaticSemantic,11821849661176330329,1.3001341819763184,False,,suppressed,superseded,320
7581,1024,update,1785050958.6531243,,1785050958.6523728,upsert,0,64,StaticSemantic,11821849661176330329,0.000751495361328125,True,,enqueued,,325
7581,2048,update,1785050958.6532288,,1785050955.7061357,upsert,3,64,StaticSemantic,17846715708891391149,2.9470930099487305,False,,suppressed,superseded,317
7581,2048,update,1785050958.6533024,,1785050958.652536,upsert,3,64,StaticSemantic,17846715708891391149,0.0007665157318115234,True,,enqueued,,326
7581,1024,update,1785050958.6534848,,1785050958.652753,upsert,1,64,StaticSemantic,6878038652119793510,0.0007317066192626953,True,,enqueued,,327
7581,1024,update,1785050959.425373,1785050959.425373,1785050955.705885,upsert,0,64,StaticSemantic,15507369539614680842,3.7194881439208984,True,,forwarded,,316
7581,1024,update,1785050961.920758,1785050961.920758,1785050955.7065868,upsert,1,64,StaticSemantic,9233738098189157673,6.2141711711883545,True,,forwarded,,319
7581,1024,update,1785050961.9209538,1785050961.9209538,1785050957.353038,upsert,2,64,StaticSemantic,11821849661176330329,4.567915678024292,True,,forwarded,,321
7581,1024,update,1785050964.3969057,1785050964.3969057,1785050957.3531218,upsert,3,64,StaticSemantic,6878038652119793510,7.043783903121948,True,,forwarded,,322
7581,4096,update,1785050966.2634678,1785050966.2634678,1785050957.3531966,upsert,0,64,StaticSemantic,2791082597034988524,8.910271167755127,True,,forwarded,,323
7581,2048,update,1785050968.1303124,1785050968.1303124,1785050958.6520479,upsert,2,64,StaticSemantic,17846715708891391149,9.478264570236206,True,,forwarded,,324
7581,1024,update,1785050968.1304793,1785050968.1304793,1785050958.6523728,upsert,0,64,StaticSemantic,11821849661176330329,9.478106498718262,True,,forwarded,,325
7581,2048,update,1785050969.5899498,1785050969.5899498,1785050958.652536,upsert,3,64,StaticSemantic,17846715708891391149,10.937413930892944,True,,forwarded,,326
7581,1024,update,1785050970.5231874,1785050970.5231874,1785050958.652753,upsert,1,64,StaticSemantic,6878038652119793510,11.870434284210205,True,,forwarded,,327
7581,4096,update,1785050970.6136196,,1785050970.613324,upsert,1,64,StaticSemantic,3174386350051304381,0.0002956390380859375,True,,enqueued,,328
7581,1024,update,1785050970.6139772,,1785050970.613769,upsert,2,64,StaticSemantic,13844655051170110805,0.00020813941955566406,True,,enqueued,,329
7581,4096,update,1785050970.6142073,,1785050970.6139696,upsert,0,64,StaticSemantic,15431656929541765248,0.0002377033233642578,True,,enqueued,,330
7581,4096,update,1785050970.6145473,,1785050970.614361,upsert,3,64,StaticSemantic,10999959520160277610,0.0001862049102783203,True,,enqueued,,331
7581,4096,update,1785050971.8633516,1785050971.8633516,1785050970.613324,upsert,1,64,StaticSemantic,3174386350051304381,1.2500276565551758,True,,forwarded,,328
7581,1024,update,1785050971.8634608,1785050971.8634608,1785050970.613769,upsert,2,64,StaticSemantic,13844655051170110805,1.2496917247772217,True,,forwarded,,329
7581,4096,update,1785050974.2661345,1785050974.2661345,1785050970.6139696,upsert,0,64,StaticSemantic,15431656929541765248,3.652164936065674,True,,forwarded,,330
7581,4096,update,1785050974.968189,1785050974.968189,1785050970.614361,upsert,3,64,StaticSemantic,10999959520160277610,4.353827953338623,True,,forwarded,,331
7581,1024,update,1785050982.4533374,,1785050982.4528418,upsert,2,64,StaticSemantic,7759237608199543855,0.0004956722259521484,True,,enqueued,,332
7581,1024,update,1785050982.4537625,1785050982.4537625,1785050982.4528418,upsert,2,64,StaticSemantic,7759237608199543855,0.0009207725524902344,True,,forwarded,,332
7581,4096,update,1785050982.4539666,,1785050982.4531004,upsert,1,64,StaticSemantic,14718592730808615998,0.0008661746978759766,True,,enqueued,,333
7581,4096,update,1785050982.4542913,1785050982.4542913,1785050982.4531004,upsert,1,64,StaticSemantic,14718592730808615998,0.0011909008026123047,True,,forwarded,,333
7581,1024,update,1785050982.4544325,,1785050982.4534717,upsert,3,64,StaticSemantic,15761329057692999658,0.0009608268737792969,True,,enqueued,,334
7581,2048,update,1785050982.4545562,,1785050982.4536192,upsert,3,64,StaticSemantic,17846715708891391149,0.0009369850158691406,True,,enqueued,,335
7581,1024,update,1785050982.4547331,1785050982.4547331,1785050982.4534717,upsert,3,64,StaticSemantic,15761329057692999658,0.0012614727020263672,True,,forwarded,,334
7581,2048,update,1785050982.4548633,1785050982.4548633,1785050982.4536192,upsert,3,64,StaticSemantic,17846715708891391149,0.0012440681457519531,True,,forwarded,,335
7581,2048,update,1785050983.7544498,,1785050983.7540052,upsert,3,64,StaticSemantic,17846715708891391149,0.00044465065002441406,True,,enqueued,,336
7581,2048,update,1785050983.754752,1785050983.754752,1785050983.7540052,upsert,3,64,StaticSemantic,17846715708891391149,0.0007467269897460938,True,,forwarded,,336
7581,1024,update,1785050983.7551541,,1785050983.7543194,upsert,2,64,StaticSemantic,13844655051170110805,0.0008347034454345703,True,,enqueued,,337
7581,2048,update,1785050983.7553022,,1785050983.7544875,upsert,1,64,StaticSemantic,16508625817180621701,0.0008146762847900391,True,,enqueued,,338
7581,1024,update,1785050983.7555604,1785050983.7555604,1785050983.7543194,upsert,2,64,StaticSemantic,13844655051170110805,0.0012409687042236328,True,,forwarded,,337
7581,2048,update,1785050983.7556834,1785050983.7556834,1785050983.7544875,upsert,1,64,StaticSemantic,16508625817180621701,0.0011959075927734375,True,,forwarded,,338
7581,1024,update,1785050983.7558422,,1785050983.754703,upsert,3,64,StaticSemantic,6878038652119793510,0.0011391639709472656,True,,enqueued,,339
7581,1024,update,1785050983.756022,1785050983.756022,1785050983.754703,upsert,3,64,StaticSemantic,6878038652119793510,0.0013189315795898438,True,,forwarded,,339
7581,2048,update,1785050986.160241,,1785050986.1598175,upsert,0,64,StaticSemantic,14333057367934485678,0.000423431396484375,True,,enqueued,,340
7581,2048,update,1785050986.1604843,1785050986.1604843,1785050986.1598175,upsert,0,64,StaticSemantic,14333057367934485678,0.0006668567657470703,True,,forwarded,,340
7581,2048,update,1785050986.1607153,,1785050986.1601417,upsert,3,64,StaticSemantic,17846715708891391149,0.0005736351013183594,True,,enqueued,,341
7581,1024,update,1785050986.1609795,,1785050986.16037,upsert,1,64,StaticSemantic,16959770370201147106,0.0006093978881835938,True,,enqueued,,342
7581,4096,update,1785050986.1610866,,1785050986.1605697,upsert,1,64,StaticSemantic,11592361518825428217,0.0005168914794921875,True,,enqueued,,343
7581,2048,update,1785050986.7778354,1785050986.7778354,1785050986.1601417,upsert,3,64,StaticSemantic,17846715708891391149,0.6176936626434326,True,,forwarded,,341
7581,1024,update,1785050986.778004,1785050986.778004,1785050986.16037,upsert,1,64,StaticSemantic,16959770370201147106,0.6176338195800781,True,,forwarded,,342
7581,4096,update,1785050988.6255279,1785050988.6255279,1785050986.1605697,upsert,1,64,StaticSemantic,11592361518825428217,2.4649581909179688,True,,forwarded,,343
7581,2048,update,1785050989.9106488,,1785050989.9103434,upsert,3,64,StaticSemantic,17846715708891391149,0.00030541419982910156,True,,enqueued,,344
7581,2048,update,1785050989.9109058,1785050989.9109058,1785050989.9103434,upsert,3,64,StaticSemantic,17846715708891391149,0.0005624294281005859,True,,forwarded,,344
7581,2048,update,1785050989.9111314,,1785050989.9106526,upsert,1,64,StaticSemantic,12169285934737722315,0.0004787445068359375,True,,enqueued,,345
7581,1024,update,1785050989.9113536,,1785050989.9109104,upsert,0,64,StaticSemantic,15507369539614680842,0.0004432201385498047,True,,enqueued,,346
7581,2048,update,1785050989.9115365,,1785050989.9111283,upsert,3,64,StaticSemantic,14333057367934485678,0.000408172607421875,True,,enqueued,,347
7581,2048,update,1785050991.1103826,,1785050991.1099126,upsert,2,64,StaticSemantic,17846715708891391149,0.0004699230194091797,True,,enqueued,,348
7581,2048,update,1785050991.1108162,,1785050991.110313,upsert,3,64,StaticSemantic,17846715708891391149,0.0005033016204833984,True,,enqueued,,349
7581,2048,update,1785050991.1111746,,1785050991.11071,upsert,0,64,StaticSemantic,14333057367934485678,0.0004646778106689453,True,,enqueued,,350
7581,1024,update,1785050991.111513,,1785050991.1111157,upsert,2,64,StaticSemantic,13844655051170110805,0.0003972053527832031,True,,enqueued,,351
7581,2048,update,1785050991.7302215,1785050991.7302215,1785050989.9106526,upsert,1,64,StaticSemantic,12169285934737722315,1.8195688724517822,True,,forwarded,,345
7581,1024,update,1785050991.730387,1785050991.730387,1785050989.9109104,upsert,0,64,StaticSemantic,15507369539614680842,1.81947660446167,True,,forwarded,,346
7581,1024,update,1785050992.3280451,,1785050992.3275115,upsert,2,64,StaticSemantic,11821849661176330329,0.0005335807800292969,True,,enqueued,,352
7581,1024,update,1785050992.3285751,,1785050992.327859,upsert,0,64,StaticSemantic,11821849661176330329,0.0007162094116210938,True,,enqueued,,353
7581,1024,update,1785050992.3288085,,1785050992.3281286,upsert,1,64,StaticSemantic,3610348553927340733,0.0006799697875976562,True,,enqueued,,354
7581,2048,update,1785050992.3291323,,1785050992.3283823,upsert,3,64,StaticSemantic,16236083247640581049,0.0007500648498535156,True,,enqueued,,355
7581,2048,update,1785050994.2064106,1785050994.2064106,1785050989.9111283,upsert,3,64,StaticSemantic,14333057367934485678,4.295282363891602,True,,forwarded,,347
7581,1024,update,1785050994.243274,,1785050994.2428372,upsert,1,64,StaticSemantic,6878038652119793510,0.0004367828369140625,True,,enqueued,,356
7581,4096,update,1785050994.2436686,,1785050994.2431254,upsert,3,64,StaticSemantic,5810489706710392208,0.0005431175231933594,True,,enqueued,,357
7581,2048,update,1785050994.2440534,,1785050992.3283823,upsert,3,64,StaticSemantic,16236083247640581049,1.9156711101531982,False,,suppressed,superseded,355
7581,2048,update,1785050994.2441947,,1785050994.2437494,upsert,3,64,StaticSemantic,16236083247640581049,0.00044536590576171875,True,,enqueued,,358
7581,2048,update,1785050994.2445192,,1785050994.2441683,upsert,0,64,StaticSemantic,5080278736125677280,0.0003509521484375,True,,enqueued,,359
7581,2048,update,1785050995.0881557,,1785050991.1099126,upsert,2,64,StaticSemantic,17846715708891391149,3.978243112564087,False,,suppressed,superseded,348
7581,2048,update,1785050995.0883126,,1785050995.0876944,upsert,2,64,StaticSemantic,17846715708891391149,0.0006182193756103516,True,,enqueued,,360
7581,1024,update,1785050995.0885465,,1785050994.2428372,upsert,1,64,StaticSemantic,6878038652119793510,0.8457093238830566,False,,suppressed,superseded,356
7581,1024,update,1785050995.0886385,,1785050995.0879765,upsert,1,64,StaticSemantic,6878038652119793510,0.0006620883941650391,True,,enqueued,,361
7581,2048,update,1785050995.0889046,,1785050991.110313,upsert,3,64,StaticSemantic,17846715708891391149,3.9785916805267334,False,,suppressed,superseded,349
7581,2048,update,1785050995.0890017,,1785050995.0881045,upsert,3,64,StaticSemantic,17846715708891391149,0.0008971691131591797,True,,enqueued,,362
7581,1024,update,1785050995.0891,,1785050992.327859,upsert,0,64,StaticSemantic,11821849661176330329,2.7612409591674805,False,,suppressed,superseded,353
7581,1024,update,1785050995.0891778,,1785050995.0882604,upsert,0,64,StaticSemantic,11821849661176330329,0.0009174346923828125,True,,enqueued,,363
7581,2048,update,1785050996.0729756,1785050996.0729756,1785050991.11071,upsert,0,64,StaticSemantic,14333057367934485678,4.962265729904175,True,,forwarded,,350
7581,1024,update,1785050997.939721,1785050997.939721,1785050991.1111157,upsert,2,64,StaticSemantic,13844655051170110805,6.82860541343689,True,,forwarded,,351
7581,1024,update,1785050997.9399195,1785050997.9399195,1785050992.3275115,upsert,2,64,StaticSemantic,11821849661176330329,5.612407922744751,True,,forwarded,,352
7581,2048,update,1785050999.7776146,,1785050994.2441683,upsert,0,64,StaticSemantic,5080278736125677280,5.533446311950684,False,,suppressed,superseded,359
7581,2048,update,1785050999.7778025,,1785050999.7771404,upsert,0,64,StaticSemantic,5080278736125677280,0.0006620883941650391,True,,enqueued,,364
7581,2048,update,1785050999.7781165,,1785050995.0876944,upsert,2,64,StaticSemantic,17846715708891391149,4.690422058105469,False,,suppressed,superseded,360
7581,2048,update,1785050999.7782116,,1785050999.7774613,upsert,2,64,StaticSemantic,17846715708891391149,0.0007503032684326172,True,,enqueued,,365
7581,2048,update,1785050999.7783296,,1785050999.7776937,upsert,3,64,StaticSemantic,4146034437482887754,0.0006358623504638672,True,,enqueued,,366
7581,2048,update,1785050999.778418,,1785050995.0881045,upsert,3,64,StaticSemantic,17846715708891391149,4.6903135776519775,False,,suppressed,superseded,362
7581,2048,update,1785050999.7785263,,1785050999.7779217,upsert,3,64,StaticSemantic,17846715708891391149,0.0006046295166015625,True,,enqueued,,367
7581,1024,update,1785051000.415894,1785051000.415894,1785050992.3281286,upsert,1,64,StaticSemantic,3610348553927340733,8.087765455245972,True,,forwarded,,354
7581,2048,update,1785051000.8492446,,1785051000.8488293,upsert,1,64,StaticSemantic,12169285934737722315,0.0004153251647949219,True,,enqueued,,368
7581,1024,update,1785051000.8496184,,1785051000.8491404,upsert,2,64,StaticSemantic,13844655051170110805,0.0004780292510986328,True,,enqueued,,369
7581,2048,update,1785051000.8498118,,1785051000.8493037,upsert,0,64,StaticSemantic,14333057367934485678,0.0005080699920654297,True,,enqueued,,370
7581,2048,update,1785051000.850103,,1785051000.8488293,upsert,1,64,StaticSemantic,12169285934737722315,0.0012736320495605469,False,,suppressed,superseded,368
7581,2048,update,1785051000.850203,,1785051000.8495176,upsert,1,64,StaticSemantic,12169285934737722315,0.0006854534149169922,True,,enqueued,,371
7581,4096,update,1785051002.2825809,1785051002.2825809,1785050994.2431254,upsert,3,64,StaticSemantic,5810489706710392208,8.03945541381836,True,,forwarded,,357
7581,1024,update,1785051002.711097,,1785051002.7106795,upsert,0,64,StaticSemantic,15507369539614680842,0.00041747093200683594,True,,enqueued,,372
7581,2048,update,1785051002.7113943,,1785050999.7771404,upsert,0,64,StaticSemantic,5080278736125677280,2.9342539310455322,False,,suppressed,superseded,364
7581,2048,update,1785051002.711505,,1785051002.710956,upsert,0,64,StaticSemantic,5080278736125677280,0.0005488395690917969,True,,enqueued,,373
7581,2048,update,1785051002.7116108,,1785051002.7111907,upsert,0,64,StaticSemantic,11084610101891187946,0.0004200935363769531,True,,enqueued,,374
7581,1024,update,1785051002.7118654,,1785051002.7114,upsert,3,64,StaticSemantic,15761329057692999658,0.00046539306640625,True,,enqueued,,375
7581,2048,update,1785051004.0989945,,1785051004.0985193,upsert,0,64,StaticSemantic,594533630581776597,0.00047516822814941406,True,,enqueued,,376
7581,2048,update,1785051004.0993307,,1785051004.0988526,upsert,3,64,StaticSemantic,14333057367934485678,0.0004780292510986328,True,,enqueued,,377
7581,2048,update,1785051004.099465,,1785051004.0988526,upsert,3,64,StaticSemantic,14333057367934485678,0.0006122589111328125,False,,suppressed,superseded,377
7581,2048,update,1785051004.0995467,,1785051004.0990934,upsert,3,64,StaticSemantic,14333057367934485678,0.0004532337188720703,True,,enqueued,,378
7581,2048,update,1785051004.0997558,,1785051000.8493037,upsert,0,64,StaticSemantic,14333057367934485678,3.2504520416259766,False,,suppressed,superseded,370
7581,2048,update,1785051004.099864,,1785051004.0993032,upsert,0,64,StaticSemantic,14333057367934485678,0.000560760498046875,True,,enqueued,,379
7581,2048,update,1785051004.1491702,1785051004.1491702,1785050994.2437494,upsert,3,64,StaticSemantic,16236083247640581049,9.905420780181885,True,,forwarded,,358
7581,1024,update,1785051004.1493309,1785051004.1493309,1785050995.0879765,upsert,1,64,StaticSemantic,6878038652119793510,9.061354398727417,True,,forwarded,,361
7581,1024,update,1785051006.6252809,1785051006.6252809,1785050995.0882604,upsert,0,64,StaticSemantic,11821849661176330329,11.537020444869995,True,,forwarded,,363
7581,2048,update,1785051008.4921665,1785051008.4921665,1785050999.7774613,upsert,2,64,StaticSemantic,17846715708891391149,8.714705228805542,True,,forwarded,,365
7581,2048,update,1785051010.3587706,1785051010.3587706,1785050999.7776937,upsert,3,64,StaticSemantic,4146034437482887754,10.581076860427856,True,,forwarded,,366
7581,2048,update,1785051010.3589594,1785051010.3589594,1785050999.7779217,upsert,3,64,StaticSemantic,17846715708891391149,10.581037759780884,True,,forwarded,,367
7581,1024,update,1785051012.834957,1785051012.834957,1785051000.8491404,upsert,2,64,StaticSemantic,13844655051170110805,11.985816478729248,True,,forwarded,,369
7581,2048,update,1785051013.8946266,1785051013.8946266,1785051000.8495176,upsert,1,64,StaticSemantic,12169285934737722315,13.045109033584595,True,,forwarded,,371
7581,1024,update,1785051014.7016919,1785051014.7016919,1785051002.7106795,upsert,0,64,StaticSemantic,15507369539614680842,11.991012334823608,True,,forwarded,,372
7581,2048,update,1785051014.701874,1785051014.701874,1785051002.710956,upsert,0,64,StaticSemantic,5080278736125677280,11.990917921066284,True,,forwarded,,373
7581,2048,update,1785051016.0660663,1785051016.0660663,1785051002.7111907,upsert,0,64,StaticSemantic,11084610101891187946,13.354875564575195,True,,forwarded,,374
7581,2048,update,1785051016.1113758,,1785051016.1110055,upsert,3,64,StaticSemantic,17846715708891391149,0.00037026405334472656,True,,enqueued,,380
7581,2048,update,1785051016.1116567,,1785051016.1113248,upsert,2,64,StaticSemantic,17846715708891391149,0.000331878662109375,True,,enqueued,,381
7581,1024,update,1785051016.1119192,,1785051016.1115575,upsert,0,64,StaticSemantic,15542353749932536880,0.0003616809844970703,True,,enqueued,,382
7581,4096,update,1785051016.1121259,,1785051016.1117334,upsert,1,64,StaticSemantic,15887908940016499529,0.0003924369812011719,True,,enqueued,,383
7581,0,update,1785051016.1123679,,1785051016.1117938,tombstone,1,64,StaticSemantic,15769623694692820738,0.0005741119384765625,True,,enqueued,,384
7581,0,update,1785051016.112607,,1785051016.1118312,tombstone,1,64,StaticSemantic,12613465747135452669,0.0007758140563964844,True,,enqueued,,385
7581,0,update,1785051017.1778424,1785051017.1778424,1785051016.1117938,tombstone,1,64,StaticSemantic,15769623694692820738,1.0660486221313477,True,,forwarded,,384
7581,0,update,1785051019.0444193,1785051019.0444193,1785051016.1118312,tombstone,1,64,StaticSemantic,12613465747135452669,2.9325881004333496,True,,forwarded,,385
7581,1024,update,1785051019.0446033,1785051019.0446033,1785051002.7114,upsert,3,64,StaticSemantic,15761329057692999658,16.333203315734863,True,,forwarded,,375
7581,2048,update,1785051020.8920596,1785051020.8920596,1785051004.0985193,upsert,0,64,StaticSemantic,594533630581776597,16.793540239334106,True,,forwarded,,376
7581,2048,update,1785051021.9898996,1785051021.9898996,1785051004.0990934,upsert,3,64,StaticSemantic,14333057367934485678,17.890806198120117,True,,forwarded,,378
7581,2048,update,1785051022.758614,1785051022.758614,1785051004.0993032,upsert,0,64,StaticSemantic,14333057367934485678,18.659310817718506,True,,forwarded,,379
7581,2048,update,1785051022.7587082,1785051022.7587082,1785051016.1110055,upsert,3,64,StaticSemantic,17846715708891391149,6.647702693939209,True,,forwarded,,380
7581,2048,update,1785051024.1611373,1785051024.1611373,1785051016.1113248,upsert,2,64,StaticSemantic,17846715708891391149,8.04981255531311,True,,forwarded,,381
7581,1024,update,1785051025.0945458,1785051025.0945458,1785051016.1115575,upsert,0,64,StaticSemantic,15542353749932536880,8.982988357543945,True,,forwarded,,382
7581,4096,update,1785051025.8635633,1785051025.8635633,1785051016.1117334,upsert,1,64,StaticSemantic,15887908940016499529,9.751829862594604,True,,forwarded,,383
