experiment_id,rep,cell_id,policy,request_id,trace_id,workload,phase,lineage_id,step,digest,reusable_prefix_tokens,selected_instance,advertised_owners,candidate_hit,dispatch_time_unix,source_truth_coverage_tokens,dispatcher_view_coverage_tokens,advertised_coverage_tokens,dispatch_state_age_s,dispatcher_view_missing,source_view_false_negative,source_view_false_positive,physical_false_positive_affinity,expected_coverage_tokens,expected_net_prefill_ms,raw_candidate_fanout,evaluated_candidate_fanout,actual_reusable_coverage_tokens,validation_attempt,validation_result,fallback,stale_fallback,forced_owner_resets_before_request,coverage_shortfall_tokens,prompt_sha256,ok,error,prior_attempt_errors,attempt_count,sse_parse_errors,ttft_ms,latency_ms,chunks,input_tokens,output_tokens,vllm_cached_tokens
20260726_formal4t4_reuse_intensive_Ideal_rep0,0,Ideal,Ideal,24,reuse_intensive:rep0:req24,reuse_intensive,0,3,1,L0003,2048,1,0;1;2;3,False,1785049626.9548957,2048,2048,2048,35.81459999084473,False,False,False,False,2048,0.0,4,4,2080.0,False,cache_reused,False,False,0,0.0,9e01efb382af434b1707ecc631ac41bdc6f673e37e99e13ef5ffcd26c19a7ce9,True,,,1,0,332.119779,867.442977,6,2108,4,2080
20260726_formal4t4_reuse_intensive_Ideal_rep0,0,Ideal,Ideal,25,reuse_intensive:rep0:req25,reuse_intensive,0,1,0,L0001,2048,2,0;1;2;3,False,1785049626.9549448,2048,2048,2048,11.955519199371338,False,False,False,False,2048,0.0,4,4,2080.0,False,cache_reused,False,False,0,0.0,724307249308228b611cf355dabfc9b1ddfd4b5df40339b7ab1f4d76a84bbf9e,True,,,1,0,375.42538,910.32876,6,2108,4,2080
20260726_formal4t4_reuse_intensive_Ideal_rep0,0,Ideal,Ideal,26,reuse_intensive:rep0:req26,reuse_intensive,0,2,1,L0002,1024,3,0;1;2;3,False,1785049626.9549801,1024,1024,1024,35.81470799446106,False,False,False,False,1024,0.0,4,4,1056.0,False,cache_reused,False,False,0,0.0,d5e541a04dfeb9087d5a854b9577970b4101f5c7d3c0a02cfedb48050c204224,True,,,1,0,125.042989,430.403478,6,1084,4,1056
20260726_formal4t4_reuse_intensive_Ideal_rep0,0,Ideal,Ideal,27,reuse_intensive:rep0:req27,reuse_intensive,0,28,0,L0028,2048,0,,False,1785049626.9550035,0,0,0,,False,False,False,False,0,0.0,0,0,32.0,False,cache_miss,False,False,0,0.0,32273a9fc54d3361e72a0e0166ae44fb7a57497cfdfc36da49517a53ee8ecb1c,True,,,1,0,3098.859753,3607.111791,6,2108,4,32
20260726_formal4t4_reuse_intensive_Ideal_rep0,0,Ideal,Ideal,28,reuse_intensive:rep0:req28,reuse_intensive,0,1,1,L0001,2048,0,0;1;2;3,False,1785049630.5652544,2048,2048,2048,40.168654680252075,False,False,False,False,2048,0.0,4,4,2080.0,False,cache_reused,False,False,0,0.0,b7d36f7c2ba4c5c11d9865e05904186432a5d2eafbe230fb44b540bc06e555bb,True,,,1,0,198.929629,692.610483,6,2108,4,2080
20260726_formal4t4_reuse_intensive_Ideal_rep0,0,Ideal,Ideal,29,reuse_intensive:rep0:req29,reuse_intensive,0,7,1,L0007,1024,3,0;1;2;3,False,1785049630.5653036,1024,1024,1024,80.53481531143188,False,False,False,False,1024,0.0,4,4,1056.0,False,cache_reused,False,False,0,0.0,3c0fb95e2a378a56e376207514ea56d29a576b6b98196b22513ef8c90dce0e4f,True,,,1,0,245.446413,557.03627,6,1084,4,1056
20260726_formal4t4_reuse_intensive_Ideal_rep0,0,Ideal,Ideal,30,reuse_intensive:rep0:req30,reuse_intensive,0,15,0,L0015,2048,1,0;1;2;3,False,1785049630.565339,2048,2048,2048,41.40846514701843,False,False,False,False,2048,0.0,4,4,2080.0,False,cache_reused,False,False,0,0.0,2b51a88b1eca6c2531f03a7135251bec7ff59cca1b7f0166ffdac94a775a22cb,True,,,1,0,306.401114,785.637547,6,2108,4,2080
20260726_formal4t4_reuse_intensive_Ideal_rep0,0,Ideal,Ideal,31,reuse_intensive:rep0:req31,reuse_intensive,0,55,0,L0055,2048,2,,False,1785049630.565364,0,0,0,,False,False,False,False,0,0.0,0,0,32.0,False,cache_miss,False,False,0,0.0,f98190d2b474e943950cf25bcccc16909a66f0354baa7a3ce011961a2886ac39,True,,,1,0,3028.150823,3517.326958,6,2108,4,32
20260726_formal4t4_reuse_intensive_Ideal_rep0,0,Ideal,Ideal,32,reuse_intensive:rep0:req32,reuse_intensive,0,3,2,L0003,2048,3,0;1;2;3,False,1785049634.0854466,2048,2048,2048,91.71783447265625,False,False,False,False,2048,0.0,4,4,2080.0,False,cache_reused,False,False,0,0.0,c191ddd5f6f12630bdac2bf31891c0369221906686e82b7919e0d687d8d59951,True,,,1,0,362.905689,879.411205,6,2108,4,2080
20260726_formal4t4_reuse_intensive_Ideal_rep0,0,Ideal,Ideal,33,reuse_intensive:rep0:req33,reuse_intensive,0,53,0,L0053,4096,0,,False,1785049634.085486,0,0,0,,False,False,False,False,0,0.0,0,0,32.0,False,cache_miss,False,False,0,0.0,77a393a541cfc486fdd143778abe3ad1e187ec0f21cce42456c199594b52236b,True,,,1,0,10532.049177,11449.935048,6,4156,4,32
20260726_formal4t4_reuse_intensive_Ideal_rep0,0,Ideal,Ideal,34,reuse_intensive:rep0:req34,reuse_intensive,0,21,0,L0021,1024,1,,False,1785049634.0855134,0,0,0,,False,False,False,False,0,0.0,0,0,32.0,False,cache_miss,False,False,0,0.0,ea14284da07c065bbd347cafb79fb14bb0e135ddbdf5c630769140af5be66436,True,,,1,0,1045.204157,1353.134496,6,1084,4,32
20260726_formal4t4_reuse_intensive_Ideal_rep0,0,Ideal,Ideal,35,reuse_intensive:rep0:req35,reuse_intensive,0,41,0,L0041,1024,2,,False,1785049634.0855355,0,0,0,,False,False,False,False,0,0.0,0,0,32.0,False,cache_miss,False,False,0,0.0,4c82d5b55baf714462ea9216f5b23f43037abe7e201ffbf9630382964a62b7b4,True,,,1,0,798.458696,1081.227668,6,1084,4,32
20260726_formal4t4_reuse_intensive_Ideal_rep0,0,Ideal,Ideal,36,reuse_intensive:rep0:req36,reuse_intensive,0,38,0,L0038,4096,0,,False,1785049645.5372357,0,0,0,,False,False,False,False,0,0.0,0,0,32.0,False,cache_miss,False,False,0,0.0,d920de64819e8ba016401080168ee300ca7b016062234c04068ee11a699d9ea2,True,,,1,0,11342.301745,12316.608301,6,4156,4,32
20260726_formal4t4_reuse_intensive_Ideal_rep0,0,Ideal,Ideal,37,reuse_intensive:rep0:req37,reuse_intensive,0,4,1,L0004,1024,2,0;1;2;3,False,1785049645.5372913,1024,1024,1024,55.14065456390381,False,False,False,False,1024,0.0,4,4,1056.0,False,cache_reused,False,False,0,0.0,1176d353def72f736fae1235f9d52468bd790695ad62a5e51044a0d41c729801,True,,,1,0,256.72602,572.739289,6,1084,4,1056
20260726_formal4t4_reuse_intensive_Ideal_rep0,0,Ideal,Ideal,38,reuse_intensive:rep0:req38,reuse_intensive,0,1,2,L0001,2048,3,0;1;2;3,False,1785049645.537332,2048,2048,2048,108.16024422645569,False,False,False,False,2048,0.0,4,4,2080.0,False,cache_reused,False,False,0,0.0,952ccc6dfeae3e9e2fa21775a93677ae07549c5cb002825c3038e81e408c1a76,True,,,1,0,363.465943,858.40337,6,2108,4,2080
20260726_formal4t4_reuse_intensive_Ideal_rep0,0,Ideal,Ideal,39,reuse_intensive:rep0:req39,reuse_intensive,0,0,1,L0000,1024,1,0;1;2;3,False,1785049645.5373647,1024,1024,1024,30.537932634353638,False,False,False,False,1024,0.0,4,4,1056.0,False,cache_reused,False,False,0,0.0,ce6bb2670d0faacc83d1dd2149a1954e030682f0f02c5350fc88c575158fb7be,True,,,1,0,254.423759,596.877565,6,1084,4,1056
20260726_formal4t4_reuse_intensive_Ideal_rep0,0,Ideal,Ideal,40,reuse_intensive:rep0:req40,reuse_intensive,0,0,2,L0000,1024,3,0;1;2;3,False,1785049657.8550265,1024,1024,1024,67.45840644836426,False,False,False,False,1024,0.0,4,4,1056.0,False,cache_reused,False,False,0,0.0,9caeecbccccdf2ce4e4efd4c05c1a827f93fedb341a66bb5f6b34fc9c24f2e6d,True,,,1,0,257.279102,1041.265376,6,1084,4,1056
20260726_formal4t4_reuse_intensive_Ideal_rep0,0,Ideal,Ideal,41,reuse_intensive:rep0:req41,reuse_intensive,0,16,1,L0016,2048,3,3,True,1785049657.8550763,2048,2048,2048,55.497342348098755,False,False,False,False,2048,38.96,1,1,2080.0,True,cache_reused,False,False,0,0.0,6612d2c03e032d2d07f11b531e98f6ea84b26b82463e9aa3a6a398b4a3dd2b17,True,,,1,0,535.46274,1211.342676,6,2108,4,2080
20260726_formal4t4_reuse_intensive_Ideal_rep0,0,Ideal,Ideal,42,reuse_intensive:rep0:req42,reuse_intensive,0,0,0,L0000,1024,2,0;1;2;3,False,1785049657.8551154,1024,1024,1024,54.576518058776855,False,False,False,False,1024,0.0,4,4,1056.0,False,cache_reused,False,False,0,0.0,f21d94c1c6a6ea845ddf6b29279fb8d976a94ace26db3f91380102da85741c6c,True,,,1,0,220.65343,553.895306,6,1084,4,1056
20260726_formal4t4_reuse_intensive_Ideal_rep0,0,Ideal,Ideal,43,reuse_intensive:rep0:req43,reuse_intensive,0,0,1,L0000,1024,1,0;1;2;3,False,1785049657.8551455,1024,1024,1024,0.0002689361572265625,False,False,False,False,1024,0.0,4,4,1056.0,False,cache_reused,False,False,0,0.0,88b9bf56f11e89a7d231a5e78cc19fd5b47cb73743ac364f31d455b3411e3a30,True,,,1,0,228.085659,537.003203,6,1084,4,1056
20260726_formal4t4_reuse_intensive_Ideal_rep0,0,Ideal,Ideal,44,reuse_intensive:rep0:req44,reuse_intensive,0,30,0,L0030,2048,3,,False,1785049659.068112,0,0,0,,False,False,False,False,0,0.0,0,0,32.0,False,cache_miss,False,False,0,0.0,982f66bc1ecf216417274229274f31c1c209cb3d0cb470eaa9f1522f6d92645f,True,,,1,0,3150.035509,3678.750302,6,2108,4,32
20260726_formal4t4_reuse_intensive_Ideal_rep0,0,Ideal,Ideal,45,reuse_intensive:rep0:req45,reuse_intensive,0,0,2,L0000,1024,1,0;1;2;3,False,1785049659.0681665,1024,1024,1024,0.00018215179443359375,False,False,False,False,1024,0.0,4,4,1056.0,False,cache_reused,False,False,0,0.0,cc43023a40317506f84266bbcab684f7cf60ea36ce94f44346f4d656da4a6271,True,,,1,0,127.163461,439.328702,6,1084,4,1056
20260726_formal4t4_reuse_intensive_Ideal_rep0,0,Ideal,Ideal,46,reuse_intensive:rep0:req46,reuse_intensive,0,4,2,L0004,1024,0,0;1;2;3,False,1785049659.0682065,1024,1024,1024,115.42015814781189,False,False,False,False,1024,0.0,4,4,1056.0,False,cache_reused,False,False,0,0.0,347c8f958bdeb61d312a8f1a657270b62985b4c761fd84867c2d2478c9460baf,True,,,1,0,119.35633,419.305294,6,1084,4,1056
20260726_formal4t4_reuse_intensive_Ideal_rep0,0,Ideal,Ideal,47,reuse_intensive:rep0:req47,reuse_intensive,0,33,0,L0033,2048,2,,False,1785049659.068231,0,0,0,,False,False,False,False,0,0.0,0,0,32.0,False,cache_miss,False,False,0,0.0,7751015491417f09a387b7cd7d1103857f4a1c4ca6d67a8181abba7ddf2acc06,True,,,1,0,3024.690323,3526.798578,6,2108,4,32
20260726_formal4t4_reuse_intensive_Ideal_rep0,0,Ideal,Ideal,48,reuse_intensive:rep0:req48,reuse_intensive,0,0,0,L0000,1024,1,0;1;2;3,False,1785049662.7474985,1024,1024,1024,0.000202178955078125,False,False,False,False,1024,0.0,4,4,1056.0,False,cache_reused,False,False,0,0.0,d8197fde29a991b1c3804753fa323c66d82e0a0b3033a7acf89916259ac468e2,True,,,1,0,226.54317,581.109499,6,1084,4,1056
20260726_formal4t4_reuse_intensive_Ideal_rep0,0,Ideal,Ideal,49,reuse_intensive:rep0:req49,reuse_intensive,0,1,0,L0001,2048,3,0;1;2;3,False,1785049662.7475216,2048,2048,2048,4.8928258419036865,False,False,False,False,2048,0.0,4,4,2080.0,False,cache_reused,False,False,0,0.0,518d3654846feb6fb3252d656772c80aa65666181f0c378176afdfe8c3304596,True,,,1,0,197.620043,691.019149,6,2108,4,2080
20260726_formal4t4_reuse_intensive_Ideal_rep0,0,Ideal,Ideal,50,reuse_intensive:rep0:req50,reuse_intensive,0,49,0,L0049,2048,2,,False,1785049662.7475345,0,0,0,,False,False,False,False,0,0.0,0,0,32.0,False,cache_miss,False,False,0,0.0,6c1318607a77de6545f7c5bff69755f143b0638d7537ef1432bcd7976fa470b5,True,,,1,0,3018.679145,3521.865664,6,2108,4,32
20260726_formal4t4_reuse_intensive_Ideal_rep0,0,Ideal,Ideal,51,reuse_intensive:rep0:req51,reuse_intensive,0,8,1,L0008,2048,0,0;1;2;3,False,1785049662.7475502,2048,2048,2048,59.46896576881409,False,False,False,False,2048,0.0,4,4,2080.0,False,cache_reused,False,False,0,0.0,38519e1395abef86ae84d5e0224071c46c30deb3983bcbaf93054e0658f59371,True,,,1,0,345.525121,886.804699,6,2108,4,2080
20260726_formal4t4_reuse_intensive_Ideal_rep0,0,Ideal,Ideal,52,reuse_intensive:rep0:req52,reuse_intensive,0,0,1,L0000,1024,0,0;1;2;3,False,1785049666.2706068,1024,1024,1024,75.1303219795227,False,False,False,False,1024,0.0,4,4,1056.0,False,cache_reused,False,False,0,0.0,9870ffcf308a92ab16e516f8f25c696fd9b4f0a4bdca30738c7de100c166e4ce,True,,,1,0,224.248018,569.402722,6,1084,4,1056
20260726_formal4t4_reuse_intensive_Ideal_rep0,0,Ideal,Ideal,53,reuse_intensive:rep0:req53,reuse_intensive,0,8,2,L0008,2048,1,0;1;2;3,False,1785049666.2706327,2048,2048,2048,112.44801688194275,False,False,False,False,2048,0.0,4,4,2080.0,False,cache_reused,False,False,0,0.0,9974a9200ac79fba91803dc5961982253210602c869a44cbb37246dc1d786979,True,,,1,0,335.706607,860.700532,6,2108,4,2080
20260726_formal4t4_reuse_intensive_Ideal_rep0,0,Ideal,Ideal,54,reuse_intensive:rep0:req54,reuse_intensive,0,13,2,L0013,1024,2,0;1;2;3,False,1785049666.270652,1024,1024,1024,39.315816164016724,False,False,False,False,1024,0.0,4,4,1056.0,False,cache_reused,False,False,0,0.0,fe8fbaa2936b60ca8c1fb55093ac2903f57cd681036bbd67678f7c257134228d,True,,,1,0,129.628486,448.634684,6,1084,4,1056
20260726_formal4t4_reuse_intensive_Ideal_rep0,0,Ideal,Ideal,55,reuse_intensive:rep0:req55,reuse_intensive,0,0,2,L0000,1024,3,0;1;2;3,False,1785049666.2706702,1024,1024,1024,7.203134298324585,False,False,False,False,1024,0.0,4,4,1056.0,False,cache_reused,False,False,0,0.0,8423b751202de24f828ce2afb0965ba30fb3222bbcbf0b04fadf28478395e5cc,True,,,1,0,243.296749,578.509346,6,1084,4,1056
20260726_formal4t4_reuse_intensive_Ideal_rep0,0,Ideal,Ideal,56,reuse_intensive:rep0:req56,reuse_intensive,0,41,1,L0041,1024,2,2,True,1785049667.1325436,1024,1024,1024,21.595433712005615,False,False,False,False,1024,20.48,1,1,1056.0,True,cache_reused,False,False,0,0.0,9d5f9bdb7f64dc94f3dd7342e1a5e95a77bfb37fe2ceb19c617c66862f805589,True,,,1,0,114.613433,386.774796,6,1084,4,1056
20260726_formal4t4_reuse_intensive_Ideal_rep0,0,Ideal,Ideal,57,reuse_intensive:rep0:req57,reuse_intensive,0,0,0,L0000,1024,3,0;1;2;3,False,1785049667.1325986,1024,1024,1024,0.0001990795135498047,False,False,False,False,1024,0.0,4,4,1056.0,False,cache_reused,False,False,0,0.0,ded80932f26095c69d6af952d05370a029b4adacb7114598116ba12cc54a0b69,True,,,1,0,116.648337,397.786804,6,1084,4,1056
20260726_formal4t4_reuse_intensive_Ideal_rep0,0,Ideal,Ideal,58,reuse_intensive:rep0:req58,reuse_intensive,0,54,0,L0054,1024,0,,False,1785049667.1326282,0,0,0,,False,False,False,False,0,0.0,0,0,32.0,False,cache_miss,False,False,0,0.0,796441a86a8596e1626f9a2cfcef5c6805ae0e9beaad2bf77e89ec673e20998e,True,,,1,0,1000.543316,1325.561545,6,1084,4,32
20260726_formal4t4_reuse_intensive_Ideal_rep0,0,Ideal,Ideal,59,reuse_intensive:rep0:req59,reuse_intensive,0,0,1,L0000,1024,1,0;1;2;3,False,1785049667.1326642,1024,1024,1024,0.86244797706604,False,False,False,False,1024,0.0,4,4,1056.0,False,cache_reused,False,False,0,0.0,5ed611eb4f78122d84bb9c61fbd1bcc80b93756c6944ce1a1dac2aab531c51c4,True,,,1,0,128.983337,439.082166,6,1084,4,1056
20260726_formal4t4_reuse_intensive_Ideal_rep0,0,Ideal,Ideal,60,reuse_intensive:rep0:req60,reuse_intensive,0,4,0,L0004,1024,3,0;1;2;3,False,1785049668.46015,1024,1024,1024,124.81208539009094,False,False,False,False,1024,0.0,4,4,1056.0,False,cache_reused,False,False,0,0.0,1c40e6f07d4f70b217a04c25c5190ef73334df7a9ba3d0caad667d9df30c2770,True,,,1,0,112.459879,377.291413,6,1084,4,1056
20260726_formal4t4_reuse_intensive_Ideal_rep0,0,Ideal,Ideal,61,reuse_intensive:rep0:req61,reuse_intensive,0,3,0,L0003,2048,0,0;1;2;3,False,1785049668.460198,2048,2048,2048,126.09260153770447,False,False,False,False,2048,0.0,4,4,2080.0,False,cache_reused,False,False,0,0.0,5c9ed31d2f36521109e4edf8f4f646f111d53910ca072097cce8778bf49bc0a2,True,,,1,0,204.303984,722.064753,6,2108,4,2080
20260726_formal4t4_reuse_intensive_Ideal_rep0,0,Ideal,Ideal,62,reuse_intensive:rep0:req62,reuse_intensive,0,0,2,L0000,1024,2,0;1;2;3,False,1785049668.4602334,1024,1024,1024,9.392349481582642,False,False,False,False,1024,0.0,4,4,1056.0,False,cache_reused,False,False,0,0.0,20ab8f4f3182139936f099f483b5ee05cb67c7145d87c2909124793426de950c,True,,,1,0,119.016527,408.261439,6,1084,4,1056
20260726_formal4t4_reuse_intensive_Ideal_rep0,0,Ideal,Ideal,63,reuse_intensive:rep0:req63,reuse_intensive,0,3,1,L0003,2048,1,0;1;2;3,False,1785049668.4602633,2048,2048,2048,37.895771503448486,False,False,False,False,2048,0.0,4,4,2080.0,False,cache_reused,False,False,0,0.0,e199b42c76576245efdaac35659aad24d0d5cccfa3302810b3a5a7a7b69481db,True,,,1,0,198.596217,727.00294,6,2108,4,2080
20260726_formal4t4_reuse_intensive_Ideal_rep0,0,Ideal,Ideal,64,reuse_intensive:rep0:req64,reuse_intensive,0,2,2,L0002,1024,3,0;1;2;3,False,1785049669.1894972,1024,1024,1024,38.624566316604614,False,False,False,False,1024,0.0,4,4,1056.0,False,cache_reused,False,False,0,0.0,ec7f63152a2f219faf60f8d0af1162e3878a2eb9e7ad89f099066cba0bc91381,True,,,1,0,124.299473,428.630851,6,1084,4,1056
20260726_formal4t4_reuse_intensive_Ideal_rep0,0,Ideal,Ideal,65,reuse_intensive:rep0:req65,reuse_intensive,0,2,0,L0002,1024,2,0;1;2;3,False,1785049669.1895208,1024,1024,1024,130.51779580116272,False,False,False,False,1024,0.0,4,4,1056.0,False,cache_reused,False,False,0,0.0,80a76d51f112db6fd18159607fde0d0fad3b08c0e4451000488267ead843aa2e,True,,,1,0,126.385141,438.259861,6,1084,4,1056
20260726_formal4t4_reuse_intensive_Ideal_rep0,0,Ideal,Ideal,66,reuse_intensive:rep0:req66,reuse_intensive,0,15,1,L0015,2048,1,0;1;2;3,False,1785049669.1895378,2048,2048,2048,35.10446572303772,False,False,False,False,2048,0.0,4,4,2080.0,False,cache_reused,False,False,0,0.0,3d4cb2b95ed5b61ac9a90baa648c830373b0b014c60a391877ed5076b1e60339,True,,,1,0,190.413785,665.513891,6,2108,4,2080
20260726_formal4t4_reuse_intensive_Ideal_rep0,0,Ideal,Ideal,67,reuse_intensive:rep0:req67,reuse_intensive,0,12,0,L0012,1024,0,0;1;2;3,False,1785049669.1895525,1024,1024,1024,88.97153186798096,False,False,False,False,1024,0.0,4,4,1056.0,False,cache_reused,False,False,0,0.0,411e9073651401762ed5a48a8f19f08e2ce8e9df5c37b6ff4b70494db30d0ae0,True,,,1,0,125.065907,432.163236,6,1084,4,1056
20260726_formal4t4_reuse_intensive_Ideal_rep0,0,Ideal,Ideal,68,reuse_intensive:rep0:req68,reuse_intensive,0,5,1,L0005,2048,3,0;1;2;3,False,1785049669.8564227,2048,2048,2048,122.45899105072021,False,False,False,False,2048,0.0,4,4,2080.0,False,cache_reused,False,False,0,0.0,7322424bb74f2193b21c9e0e2d8c3f4033b33632667e9802aa30f2b53946bf44,True,,,1,0,205.726408,724.285112,6,2108,4,2080
20260726_formal4t4_reuse_intensive_Ideal_rep0,0,Ideal,Ideal,69,reuse_intensive:rep0:req69,reuse_intensive,0,36,0,L0036,1024,1,,False,1785049669.8564615,0,0,0,,False,False,False,False,0,0.0,0,0,32.0,False,cache_miss,False,False,0,0.0,4a523ba8295f04826160717c19e482b234530db2845722ea7297f5d8a15f5618,True,,,1,0,928.901488,1225.775388,6,1084,4,32
20260726_formal4t4_reuse_intensive_Ideal_rep0,0,Ideal,Ideal,70,reuse_intensive:rep0:req70,reuse_intensive,0,0,0,L0000,1024,0,0;1;2;3,False,1785049669.856502,1024,1024,1024,2.724527597427368,False,False,False,False,1024,0.0,4,4,1056.0,False,cache_reused,False,False,0,0.0,30a786b257a4769c6bf00d9c4096570dd9d70d77a6021fc36faf34eac0f9e02d,True,,,1,0,120.904831,416.348857,6,1084,4,1056
20260726_formal4t4_reuse_intensive_Ideal_rep0,0,Ideal,Ideal,71,reuse_intensive:rep0:req71,reuse_intensive,0,12,1,L0012,1024,2,0;1;2;3,False,1785049669.8565361,1024,1024,1024,89.63850355148315,False,False,False,False,1024,0.0,4,4,1056.0,False,cache_reused,False,False,0,0.0,6d987cc4b82d2e41ffcb5462579de19d34416c7c2e01776d991008a54494dbf1,True,,,1,0,117.533404,396.828808,6,1084,4,1056
20260726_formal4t4_reuse_intensive_Ideal_rep0,0,Ideal,Ideal,72,reuse_intensive:rep0:req72,reuse_intensive,0,1,1,L0001,2048,2,0;1;2;3,False,1785049671.0838568,2048,2048,2048,40.51913571357727,False,False,False,False,2048,0.0,4,4,2080.0,False,cache_reused,False,False,0,0.0,16f3ed0ae1d45a93ec62dd96d78d97e92a97c7e13b5462c3aae418220b0b44d1,True,,,1,0,201.306915,736.662249,6,2108,4,2080
20260726_formal4t4_reuse_intensive_Ideal_rep0,0,Ideal,Ideal,73,reuse_intensive:rep0:req73,reuse_intensive,0,0,1,L0000,1024,3,0;1;2;3,False,1785049671.083904,1024,1024,1024,2.6241369247436523,False,False,False,False,1024,0.0,4,4,1056.0,False,cache_reused,False,False,0,0.0,a7b10a6762035ab5efba979ba06b9e117a6f191bf319ce5f81628b82ba86bc89,True,,,1,0,117.495867,399.689786,6,1084,4,1056
20260726_formal4t4_reuse_intensive_Ideal_rep0,0,Ideal,Ideal,74,reuse_intensive:rep0:req74,reuse_intensive,0,15,2,L0015,2048,0,0;1;2;3,False,1785049671.0839384,2048,2048,2048,81.92707324028015,False,False,False,False,2048,0.0,4,4,2080.0,False,cache_reused,False,False,0,0.0,eb50467701497da86540b6b17f5a72d74cffb9863b9e03f3039038789758f606,True,,,1,0,211.727406,748.177053,6,2108,4,2080
20260726_formal4t4_reuse_intensive_Ideal_rep0,0,Ideal,Ideal,75,reuse_intensive:rep0:req75,reuse_intensive,0,1,2,L0001,2048,1,0;1;2;3,False,1785049671.0839708,2048,2048,2048,133.706889629364,False,False,False,False,2048,0.0,4,4,2080.0,False,cache_reused,False,False,0,0.0,81a483a3a7dd334cdca2ee8d66715d344744b11af56f14681bf4327253471080,True,,,1,0,202.790658,719.563238,6,2108,4,2080
20260726_formal4t4_reuse_intensive_Ideal_rep0,0,Ideal,Ideal,76,reuse_intensive:rep0:req76,reuse_intensive,0,0,2,L0000,1024,2,0;1;2;3,False,1785049671.8338666,1024,1024,1024,2.6445140838623047,False,False,False,False,1024,0.0,4,4,1056.0,False,cache_reused,False,False,0,0.0,fcdaa01b2fd2552ce89b04465a6ce26866594f4b4719bdb8f700ad0e968f0f8e,True,,,1,0,114.837375,404.52199,6,1084,4,1056
20260726_formal4t4_reuse_intensive_Ideal_rep0,0,Ideal,Ideal,77,reuse_intensive:rep0:req77,reuse_intensive,0,0,0,L0000,1024,1,0;1;2;3,False,1785049671.8338888,1024,1024,1024,3.373889207839966,False,False,False,False,1024,0.0,4,4,1056.0,False,cache_reused,False,False,0,0.0,6e8e40a6c86a765eb553c2b9b0ab9e77bd6dff87f8acb402260ce88729b91828,True,,,1,0,127.172506,435.488217,6,1084,4,1056
20260726_formal4t4_reuse_intensive_Ideal_rep0,0,Ideal,Ideal,78,reuse_intensive:rep0:req78,reuse_intensive,0,5,2,L0005,2048,0,0;1;2;3,False,1785049671.8339036,2048,2048,2048,69.47615003585815,False,False,False,False,2048,0.0,4,4,2080.0,False,cache_reused,False,False,0,0.0,12bf7159b191b90915aa5fcae721754ac567a52eac1e9706861f11321c2d2aab,True,,,1,0,207.629246,735.375995,6,2108,4,2080
20260726_formal4t4_reuse_intensive_Ideal_rep0,0,Ideal,Ideal,79,reuse_intensive:rep0:req79,reuse_intensive,0,0,1,L0000,1024,3,0;1;2;3,False,1785049671.8339167,1024,1024,1024,0.00026535987854003906,False,False,False,False,1024,0.0,4,4,1056.0,False,cache_reused,False,False,0,0.0,6378d3d5b6fa31ba4c2bc1e3cf2867c82bc18822074bd024b61cc466ac9985e5,True,,,1,0,116.491215,402.736816,6,1084,4,1056
20260726_formal4t4_reuse_intensive_Ideal_rep0,0,Ideal,Ideal,80,reuse_intensive:rep0:req80,reuse_intensive,0,0,2,L0000,1024,2,0;1;2;3,False,1785049672.5702467,1024,1024,1024,0.0002701282501220703,False,False,False,False,1024,0.0,4,4,1056.0,False,cache_reused,False,False,0,0.0,26e2f3ed6ea51e9719bd44f56b68e62de7851fb12ceaee225e69b14d104e50af,True,,,1,0,120.55613,414.022,6,1084,4,1056
20260726_formal4t4_reuse_intensive_Ideal_rep0,0,Ideal,Ideal,81,reuse_intensive:rep0:req81,reuse_intensive,0,1,0,L0001,2048,0,0;1;2;3,False,1785049672.570269,2048,2048,2048,38.48554515838623,False,False,False,False,2048,0.0,4,4,2080.0,False,cache_reused,False,False,0,0.0,45576b632e88fc43e11406aadf0d7711f3ba23fd513f1301c6a45f890903e7a9,True,,,1,0,196.747105,691.086806,6,2108,4,2080
20260726_formal4t4_reuse_intensive_Ideal_rep0,0,Ideal,Ideal,82,reuse_intensive:rep0:req82,reuse_intensive,0,1,1,L0001,2048,1,0;1;2;3,False,1785049672.5702865,2048,2048,2048,0.7365198135375977,False,False,False,False,2048,0.0,4,4,2080.0,False,cache_reused,False,False,0,0.0,e2b74405a005a9e94113b960b82b6c58fd40f24debed2931744718eff3d19562,True,,,1,0,204.813083,721.681945,6,2108,4,2080
20260726_formal4t4_reuse_intensive_Ideal_rep0,0,Ideal,Ideal,83,reuse_intensive:rep0:req83,reuse_intensive,0,1,2,L0001,2048,3,0;1;2;3,False,1785049672.5703006,2048,2048,2048,6.2999937534332275,False,False,False,False,2048,0.0,4,4,2080.0,False,cache_reused,False,False,0,0.0,ef2ecdd1344701ec64d936ff32226eaabdc2a23b36af8ef40d310927d0c6d4a4,True,,,1,0,195.314531,688.055036,6,2108,4,2080
20260726_formal4t4_reuse_intensive_Ideal_rep0,0,Ideal,Ideal,84,reuse_intensive:rep0:req84,reuse_intensive,0,1,0,L0001,2048,2,0;1;2;3,False,1785049673.2934644,2048,2048,2048,1.4599146842956543,False,False,False,False,2048,0.0,4,4,2080.0,False,cache_reused,False,False,0,0.0,8c3a33354c3be5f362258c557cedd682dc7e0eadab5ba264d5350291b5039c4d,True,,,1,0,208.958906,738.636911,6,2108,4,2080
20260726_formal4t4_reuse_intensive_Ideal_rep0,0,Ideal,Ideal,85,reuse_intensive:rep0:req85,reuse_intensive,0,2,1,L0002,1024,3,0;1;2;3,False,1785049673.293516,1024,1024,1024,3.437662124633789,False,False,False,False,1024,0.0,4,4,1056.0,False,cache_reused,False,False,0,0.0,d1d7956396c7b0c4ca81343ee69bb68f3f26774e904c1aef9cb0c8c386912629,True,,,1,0,122.787316,421.240368,6,1084,4,1056
20260726_formal4t4_reuse_intensive_Ideal_rep0,0,Ideal,Ideal,86,reuse_intensive:rep0:req86,reuse_intensive,0,32,0,L0032,2048,0,,False,1785049673.2935443,0,0,0,,False,False,False,False,0,0.0,0,0,32.0,False,cache_miss,False,False,0,0.0,b9deaff675566a1989624c491fc10ab455f1d65b39cf7319f0a7169ac9048bc2,True,,,1,0,3025.481761,3509.266086,6,2108,4,32
20260726_formal4t4_reuse_intensive_Ideal_rep0,0,Ideal,Ideal,87,reuse_intensive:rep0:req87,reuse_intensive,0,0,0,L0000,1024,1,0;1;2;3,False,1785049673.2935808,1024,1024,1024,0.7235274314880371,False,False,False,False,1024,0.0,4,4,1056.0,False,cache_reused,False,False,0,0.0,b4ba5817f453509b367e584f88c4aab8264ce39f6b7b440d2c64d40188615d7e,True,,,1,0,121.410467,431.176825,6,1084,4,1056
20260726_formal4t4_reuse_intensive_Ideal_rep0,0,Ideal,Ideal,88,reuse_intensive:rep0:req88,reuse_intensive,0,0,1,L0000,1024,1,0;1;2;3,False,1785049676.8050227,1024,1024,1024,0.0001494884490966797,False,False,False,False,1024,0.0,4,4,1056.0,False,cache_reused,False,False,0,0.0,32f10465ce62f0e121a36886175f1f930146aa4506210d0687f331ff02097082,True,,,1,0,226.366459,581.515936,6,1084,4,1056
20260726_formal4t4_reuse_intensive_Ideal_rep0,0,Ideal,Ideal,89,reuse_intensive:rep0:req89,reuse_intensive,0,0,2,L0000,1024,0,0;1;2;3,False,1785049676.805076,1024,1024,1024,5.721493721008301,False,False,False,False,1024,0.0,4,4,1056.0,False,cache_reused,False,False,0,0.0,c9d4cf19089c57c786e4a6cf962b8e51a1a04ad3089d4fbe3f8f0800ea8243c5,True,,,1,0,121.451816,415.251807,6,1084,4,1056
20260726_formal4t4_reuse_intensive_Ideal_rep0,0,Ideal,Ideal,90,reuse_intensive:rep0:req90,reuse_intensive,0,9,0,L0009,4096,3,0;1;2;3,False,1785049676.8051126,4096,4096,4096,111.35357522964478,False,False,False,False,4096,0.0,4,4,4128.0,False,cache_reused,False,False,0,0.0,f3d41e1b66d891400d741d4908a0e8970724d62e96c4eff1bc30b3a8aa845035,True,,,1,0,490.500896,1384.969072,6,4156,4,4128
20260726_formal4t4_reuse_intensive_Ideal_rep0,0,Ideal,Ideal,91,reuse_intensive:rep0:req91,reuse_intensive,0,1,1,L0001,2048,2,0;1;2;3,False,1785049676.8051438,2048,2048,2048,0.0007898807525634766,False,False,False,False,2048,0.0,4,4,2080.0,False,cache_reused,False,False,0,0.0,67281b6b65576b0720a0a0da5204409e812af1adb929fb4e105c21689048b756,True,,,1,0,370.945325,907.109163,6,2108,4,2080
20260726_formal4t4_reuse_intensive_Ideal_rep0,0,Ideal,Ideal,92,reuse_intensive:rep0:req92,reuse_intensive,0,14,1,L0014,2048,1,0;1;2;3,False,1785049678.1922984,2048,2048,2048,92.87122583389282,False,False,False,False,2048,0.0,4,4,2080.0,False,cache_reused,False,False,0,0.0,8cebee260ca7afa748b0ca88d6298b77239ad270307d7d8813b1867c0346d87b,True,,,1,0,205.842756,1004.045512,6,2108,4,2080
20260726_formal4t4_reuse_intensive_Ideal_rep0,0,Ideal,Ideal,93,reuse_intensive:rep0:req93,reuse_intensive,0,0,0,L0000,1024,3,0;1;2;3,False,1785049678.1923487,1024,1024,1024,5.622170925140381,False,False,False,False,1024,0.0,4,4,1056.0,False,cache_reused,False,False,0,0.0,a032577fde12d14a9d3dfc51d1848c88b294a1d5e24687384e3fc62e00ab9d3c,True,,,1,0,117.514292,399.208419,6,1084,4,1056
20260726_formal4t4_reuse_intensive_Ideal_rep0,0,Ideal,Ideal,94,reuse_intensive:rep0:req94,reuse_intensive,0,18,1,L0018,1024,1,1,True,1785049678.1923838,1024,1024,1024,51.23755359649658,False,False,False,False,1024,18.48,1,1,1056.0,True,cache_reused,False,False,0,0.0,f4e1f9c6bf1c6a3b9fd4f243958f35c2f480f5a847134a45ec5a75d667be88d2,True,,,1,0,472.828202,1106.055768,6,1084,4,1056
20260726_formal4t4_reuse_intensive_Ideal_rep0,0,Ideal,Ideal,95,reuse_intensive:rep0:req95,reuse_intensive,0,0,1,L0000,1024,2,0;1;2;3,False,1785049678.1924193,1024,1024,1024,4.8996710777282715,False,False,False,False,1024,0.0,4,4,1056.0,False,cache_reused,False,False,0,0.0,685cf308d3d1c38745bdbc8b3359e0cae54e3ce1ddefaaed438f38c6527f8f02,True,,,1,0,120.660995,413.988045,6,1084,4,1056
20260726_formal4t4_reuse_intensive_Ideal_rep0,0,Ideal,Ideal,96,reuse_intensive:rep0:req96,reuse_intensive,0,1,2,L0001,2048,1,0;1;2;3,False,1785049679.3005047,2048,2048,2048,6.007417917251587,False,False,False,False,2048,0.0,4,4,2080.0,False,cache_reused,False,False,0,0.0,6ab7e85cf6d029e4ad0508a8e0f7ffabc32b53dfddf084a407b64f72a3287789,True,,,1,0,203.076493,719.598061,6,2108,4,2080
20260726_formal4t4_reuse_intensive_Ideal_rep0,0,Ideal,Ideal,97,reuse_intensive:rep0:req97,reuse_intensive,0,0,2,L0000,1024,2,0;1;2;3,False,1785049679.300555,1024,1024,1024,0.00019621849060058594,False,False,False,False,1024,0.0,4,4,1056.0,False,cache_reused,False,False,0,0.0,245617dcf08e3aa32a43b7f3f6b474a76a6171350fd4651d81c0009bcc8a241a,True,,,1,0,124.633594,419.910251,6,1084,4,1056
20260726_formal4t4_reuse_intensive_Ideal_rep0,0,Ideal,Ideal,98,reuse_intensive:rep0:req98,reuse_intensive,0,16,2,L0016,2048,3,3,False,1785049679.3005893,2048,2048,2048,20.232908248901367,False,False,False,False,2048,0.0,1,1,2080.0,False,cache_reused,False,False,0,0.0,b64fb1c08941cb3b93ca0bc0948e5bcc56507d5da85c8bb6010e51ba3989f4fc,True,,,1,0,202.599907,712.557605,6,2108,4,2080
20260726_formal4t4_reuse_intensive_Ideal_rep0,0,Ideal,Ideal,99,reuse_intensive:rep0:req99,reuse_intensive,0,9,1,L0009,4096,0,0;1;2;3,False,1785049679.3006217,4096,4096,4096,113.84909892082214,False,False,False,False,4096,0.0,4,4,4128.0,False,cache_reused,False,False,0,0.0,fffb1dd7fdd8cf94b78a2afcb4ac4e7d2a42960e4b9788d50fc1fe0c4b30d160,True,,,1,0,443.072322,1374.346746,6,4156,4,4128
20260726_formal4t4_reuse_intensive_Ideal_rep0,0,Ideal,Ideal,100,reuse_intensive:rep0:req100,reuse_intensive,0,0,0,L0000,1024,1,0;1;2;3,False,1785049680.6778631,1024,1024,1024,2.486353874206543,False,False,False,False,1024,0.0,4,4,1056.0,False,cache_reused,False,False,0,0.0,5aac05989742d6248e11b0e91cfd7bfc4fd8e6ec825806a80f4bffd7386f0a67,True,,,1,0,128.710929,439.335787,6,1085,4,1056
20260726_formal4t4_reuse_intensive_Ideal_rep0,0,Ideal,Ideal,101,reuse_intensive:rep0:req101,reuse_intensive,0,0,1,L0000,1024,0,0;1;2;3,False,1785049680.6779144,1024,1024,1024,2.486259698867798,False,False,False,False,1024,0.0,4,4,1056.0,False,cache_reused,False,False,0,0.0,dc619892d3255f7cee625b29b256834d36606fe386c669608931b63a8bc712ed,True,,,1,0,116.22976,411.887467,6,1085,4,1056
20260726_formal4t4_reuse_intensive_Ideal_rep0,0,Ideal,Ideal,102,reuse_intensive:rep0:req102,reuse_intensive,0,9,2,L0009,4096,3,0;1;2;3,False,1785049680.6779506,4096,4096,4096,2.486191749572754,False,False,False,False,4096,0.0,4,4,4128.0,False,cache_reused,False,False,0,0.0,f05e6229d9526704dc3275c20aafa8ceb1b06e5eef0726892c27dd759d3fc6e5,True,,,1,0,328.05068,1216.662846,6,4157,4,4128
20260726_formal4t4_reuse_intensive_Ideal_rep0,0,Ideal,Ideal,103,reuse_intensive:rep0:req103,reuse_intensive,0,0,2,L0000,1024,2,0;1;2;3,False,1785049680.6779814,1024,1024,1024,0.0007655620574951172,False,False,False,False,1024,0.0,4,4,1056.0,False,cache_reused,False,False,0,0.0,795eb2833e221b9765a41c68c2b0273df1ea18a01de32eb7a8453e924d75f9ff,True,,,1,0,121.930602,416.543984,6,1085,4,1056
20260726_formal4t4_reuse_intensive_Ideal_rep0,0,Ideal,Ideal,104,reuse_intensive:rep0:req104,reuse_intensive,0,2,2,L0002,1024,1,0;1;2;3,False,1785049681.896655,1024,1024,1024,143.22493410110474,False,False,False,False,1024,0.0,4,4,1056.0,False,cache_reused,False,False,0,0.0,6c92349c1b5e8b7d4fc17112f0dd2bc2193f5e422b9c0ad249835ef246032dc0,True,,,1,0,115.973983,387.52659,6,1085,4,1056
20260726_formal4t4_reuse_intensive_Ideal_rep0,0,Ideal,Ideal,105,reuse_intensive:rep0:req105,reuse_intensive,0,0,0,L0000,1024,3,0;1;2;3,False,1785049681.8966882,1024,1024,1024,2.59653377532959,False,False,False,False,1024,0.0,4,4,1056.0,False,cache_reused,False,False,0,0.0,97761f1a55b3da676b20d5f274c561c9e4d9d1f170f769c4def142e4fbd95b3b,True,,,1,0,112.011597,398.07128,6,1085,4,1056
20260726_formal4t4_reuse_intensive_Ideal_rep0,0,Ideal,Ideal,106,reuse_intensive:rep0:req106,reuse_intensive,0,45,0,L0045,2048,2,,False,1785049681.896706,0,0,0,,False,False,False,False,0,0.0,0,0,32.0,False,cache_miss,False,False,0,0.0,d2e9df9678f64cacf3efbdfd89fdbd2bde3b9a27a53734f94bd6f19953bcc04f,True,,,1,0,2978.816406,3490.446447,6,2109,4,32
20260726_formal4t4_reuse_intensive_Ideal_rep0,0,Ideal,Ideal,107,reuse_intensive:rep0:req107,reuse_intensive,0,0,1,L0000,1024,0,0;1;2;3,False,1785049681.8967292,1024,1024,1024,0.0004792213439941406,False,False,False,False,1024,0.0,4,4,1056.0,False,cache_reused,False,False,0,0.0,65ceea0879c967dca626a657927889ba358d7510390e838dad20abf8e097056c,True,,,1,0,120.483848,411.380426,6,1085,4,1056
20260726_formal4t4_reuse_intensive_Ideal_rep0,0,Ideal,Ideal,108,reuse_intensive:rep0:req108,reuse_intensive,0,58,0,L0058,1024,0,,False,1785049685.388855,0,0,0,,False,False,False,False,0,0.0,0,0,32.0,False,cache_miss,False,False,0,0.0,c1f3df939a8d22a7f587c3fd5e6bcac77579cef050b40236f7d1119d620e06c5,True,,,1,0,1077.573397,1384.682889,6,1085,4,32
20260726_formal4t4_reuse_intensive_Ideal_rep0,0,Ideal,Ideal,109,reuse_intensive:rep0:req109,reuse_intensive,0,5,0,L0005,2048,3,0;1;2;3,False,1785049685.3889108,2048,2048,2048,14.305649042129517,False,False,False,False,2048,0.0,4,4,2080.0,False,cache_reused,False,False,0,0.0,1c8b72ecc2f8ea1e70b2c0d7312a684a1455cda5c7396543836d3b9eb4e544c6,True,,,1,0,338.80772,863.373191,6,2109,4,2080
20260726_formal4t4_reuse_intensive_Ideal_rep0,0,Ideal,Ideal,110,reuse_intensive:rep0:req110,reuse_intensive,0,6,0,L0006,1024,2,0;1;2;3,False,1785049685.3889503,1024,1024,1024,136.72129654884338,False,False,False,False,1024,0.0,4,4,1056.0,False,cache_reused,False,False,0,0.0,a130590a370f22d53f9ce68da43b50e72f83607d528197639e0d85d95238a89c,True,,,1,0,121.192053,415.682789,6,1085,4,1056
20260726_formal4t4_reuse_intensive_Ideal_rep0,0,Ideal,Ideal,111,reuse_intensive:rep0:req111,reuse_intensive,0,0,2,L0000,1024,1,0;1;2;3,False,1785049685.3889818,1024,1024,1024,3.4928557872772217,False,False,False,False,1024,0.0,4,4,1056.0,False,cache_reused,False,False,0,0.0,4e6853fdb5207ad273640db4c42b61ecea4ff614c0e4ceb0342e01e64bd34cb8,True,,,1,0,234.868259,571.430199,6,1085,4,1056
20260726_formal4t4_reuse_intensive_Ideal_rep0,0,Ideal,Ideal,112,reuse_intensive:rep0:req112,reuse_intensive,0,52,0,L0052,4096,3,,False,1785049686.7744632,0,0,0,,False,False,False,False,0,0.0,0,0,32.0,False,cache_miss,False,False,0,0.0,f13977a4a0bfea81c87ad2f7fe6fb313a1df9d11539fcbd41bb39c458c956d2a,True,,,1,0,11037.783288,11966.57743,6,4157,4,32
20260726_formal4t4_reuse_intensive_Ideal_rep0,0,Ideal,Ideal,113,reuse_intensive:rep0:req113,reuse_intensive,0,25,1,L0025,1024,2,2,True,1785049686.7745147,1024,1024,1024,84.41676664352417,False,False,False,False,1024,20.48,1,1,1056.0,True,cache_reused,False,False,0,0.0,35a3768cb548e69d244b39a7c655fa83aca6681d61803869c4c4d70fc6f9e9a6,True,,,1,0,117.969627,400.561971,6,1085,4,1056
20260726_formal4t4_reuse_intensive_Ideal_rep0,0,Ideal,Ideal,114,reuse_intensive:rep0:req114,reuse_intensive,0,0,0,L0000,1024,0,0;1;2;3,False,1785049686.7745602,1024,1024,1024,1.3858726024627686,False,False,False,False,1024,0.0,4,4,1056.0,False,cache_reused,False,False,0,0.0,a50278372dcc8b53469c95739a39b07a0ef02782152b3466f13bd9abfe338d7b,True,,,1,0,120.394687,416.366306,6,1085,4,1056
20260726_formal4t4_reuse_intensive_Ideal_rep0,0,Ideal,Ideal,115,reuse_intensive:rep0:req115,reuse_intensive,0,3,2,L0003,2048,1,0;1;2;3,False,1785049686.7745962,2048,2048,2048,17.585197925567627,False,False,False,False,2048,0.0,4,4,2080.0,False,cache_reused,False,False,0,0.0,64c0b191b0822847aa0278b211dfb063cef02a1ec3e87a8c2875960eacfb0a5b,True,,,1,0,207.139185,728.400885,6,2109,4,2080
20260726_formal4t4_reuse_intensive_Ideal_rep0,0,Ideal,Ideal,116,reuse_intensive:rep0:req116,reuse_intensive,0,0,1,L0000,1024,2,0;1;2;3,False,1785049698.742251,1024,1024,1024,16.845700979232788,False,False,False,False,1024,0.0,4,4,1056.0,False,cache_reused,False,False,0,0.0,a39ba5f3c0e9ec8aff1444be58b566d1d03f9f0b37260857adb676bbef4466fa,True,,,1,0,255.305866,576.818458,6,1085,4,1056
20260726_formal4t4_reuse_intensive_Ideal_rep0,0,Ideal,Ideal,117,reuse_intensive:rep0:req117,reuse_intensive,0,0,2,L0000,1024,3,0;1;2;3,False,1785049698.7423005,1024,1024,1024,13.353893756866455,False,False,False,False,1024,0.0,4,4,1056.0,False,cache_reused,False,False,0,0.0,887719aa7fccc7acd286ce9c1d12bb336c467fed22c172e02f376fb3cd5a219c,True,,,1,0,113.381051,396.787527,6,1085,4,1056
20260726_formal4t4_reuse_intensive_Ideal_rep0,0,Ideal,Ideal,118,reuse_intensive:rep0:req118,reuse_intensive,0,1,0,L0001,2048,0,0;1;2;3,False,1785049698.7423346,2048,2048,2048,25.44942808151245,False,False,False,False,2048,0.0,4,4,2080.0,False,cache_reused,False,False,0,0.0,6576096a1130cd6f13ea5c209ed104b4e7205eb82f38cf120bf156ea1aead673,True,,,1,0,314.55141,815.33835,6,2109,4,2080
20260726_formal4t4_reuse_intensive_Ideal_rep0,0,Ideal,Ideal,119,reuse_intensive:rep0:req119,reuse_intensive,0,3,0,L0003,2048,1,0;1;2;3,False,1785049698.7423635,2048,2048,2048,0.0003275871276855469,False,False,False,False,2048,0.0,4,4,2080.0,False,cache_reused,False,False,0,0.0,b601f5e7685b256662e4845de7f86cc295a4c5de825779c3830b60d81a4d85a6,True,,,1,0,369.615102,900.859954,6,2109,4,2080
20260726_formal4t4_reuse_intensive_Ideal_rep0,0,Ideal,Ideal,120,reuse_intensive:rep0:req120,reuse_intensive,0,0,0,L0000,1024,2,0;1;2;3,False,1785049699.6457615,1024,1024,1024,0.0002987384796142578,False,False,False,False,1024,0.0,4,4,1056.0,False,cache_reused,False,False,0,0.0,c4668b037db3cc81239e7b6add59a055b454701e4b433dda30e462c63a4add11,True,,,1,0,121.227082,460.803415,6,1085,4,1056
20260726_formal4t4_reuse_intensive_Ideal_rep0,0,Ideal,Ideal,121,reuse_intensive:rep0:req121,reuse_intensive,0,0,1,L0000,1024,1,0;1;2;3,False,1785049699.6458066,1024,1024,1024,12.871472120285034,False,False,False,False,1024,0.0,4,4,1056.0,False,cache_reused,False,False,0,0.0,c308de6fab854631460e3a14dd5fb30b3a76d983a5d69aed2731d9103128c786,True,,,1,0,126.381422,435.360622,6,1085,4,1056
20260726_formal4t4_reuse_intensive_Ideal_rep0,0,Ideal,Ideal,122,reuse_intensive:rep0:req122,reuse_intensive,0,0,2,L0000,1024,0,0;1;2;3,False,1785049699.645824,1024,1024,1024,0.9038856029510498,False,False,False,False,1024,0.0,4,4,1056.0,False,cache_reused,False,False,0,0.0,794d4648bcab33d340407b64fc1568e68f2ef746db3c76a5ada0677cf396a27b,True,,,1,0,119.64997,416.070961,6,1085,4,1056
20260726_formal4t4_reuse_intensive_Ideal_rep0,0,Ideal,Ideal,123,reuse_intensive:rep0:req123,reuse_intensive,0,4,1,L0004,1024,3,0;1;2;3,False,1785049699.645838,1024,1024,1024,30.456644535064697,False,False,False,False,1024,0.0,4,4,1056.0,False,cache_reused,False,False,0,0.0,a0e33001301b689f8529263cac88e1308adf13d082b67091a22313eeba7df9c0,True,,,1,0,106.526348,372.6322,6,1085,4,1056
20260726_formal4t4_reuse_intensive_Ideal_rep0,0,Ideal,Ideal,124,reuse_intensive:rep0:req124,reuse_intensive,0,30,1,L0030,2048,3,3,True,1785049700.1073024,2048,2048,2048,37.36011552810669,False,False,False,False,2048,40.96,1,1,2080.0,True,cache_reused,False,False,0,0.0,e09d3ad48f5b82dce898726a5537a0bc84eef2b9558bc78794143921dc1b97f5,True,,,1,0,207.556766,736.147043,6,2109,4,2080
20260726_formal4t4_reuse_intensive_Ideal_rep0,0,Ideal,Ideal,125,reuse_intensive:rep0:req125,reuse_intensive,0,3,1,L0003,2048,0,0;1;2;3,False,1785049700.107357,2048,2048,2048,30.918086767196655,False,False,False,False,2048,0.0,4,4,2080.0,False,cache_reused,False,False,0,0.0,4b0c9dfb61afec469aacf324f372ee2ab782c762df8a79bbbb00c9fb99da604c,True,,,1,0,204.624558,722.570281,6,2109,4,2080
20260726_formal4t4_reuse_intensive_Ideal_rep0,0,Ideal,Ideal,126,reuse_intensive:rep0:req126,reuse_intensive,0,11,0,L0011,4096,1,0;1;2;3,False,1785049700.1073978,4096,4096,4096,121.18037390708923,False,False,False,False,4096,0.0,4,4,4128.0,False,cache_reused,False,False,0,0.0,a67186a4702dd4e19bbb5e2d9f39ae198a827e48c41c7fde8641d0d5bda92561,True,,,1,0,352.19259,1253.389984,6,4157,4,4128
20260726_formal4t4_reuse_intensive_Ideal_rep0,0,Ideal,Ideal,127,reuse_intensive:rep0:req127,reuse_intensive,0,0,0,L0000,1024,2,0;1;2;3,False,1785049700.1074321,1024,1024,1024,0.000614166259765625,False,False,False,False,1024,0.0,4,4,1056.0,False,cache_reused,False,False,0,0.0,25b11063921b44d92f398fb4f1a27a6e8c900c94b554661d24d4dcc0aeb456d6,True,,,1,0,121.389208,416.706659,6,1085,4,1056
20260726_formal4t4_reuse_intensive_Ideal_rep0,0,Ideal,Ideal,128,reuse_intensive:rep0:req128,reuse_intensive,0,0,1,L0000,1024,2,0;1;2;3,False,1785049701.3632858,1024,1024,1024,0.00015234947204589844,False,False,False,False,1024,0.0,4,4,1056.0,False,cache_reused,False,False,0,0.0,b9009ef7c1298d96558d1746c127aea39b8d4fad6f15fb1db84463d8ea6ad6ac,True,,,1,0,122.581714,418.618444,6,1085,4,1056
20260726_formal4t4_reuse_intensive_Ideal_rep0,0,Ideal,Ideal,129,reuse_intensive:rep0:req129,reuse_intensive,0,0,2,L0000,1024,3,0;1;2;3,False,1785049701.363335,1024,1024,1024,1.7177965641021729,False,False,False,False,1024,0.0,4,4,1056.0,False,cache_reused,False,False,0,0.0,fc81d606bc9ded79732e0eab43e34cda88477711820f8cd8d25b392bcca90b50,True,,,1,0,119.579446,407.506444,6,1085,4,1056
20260726_formal4t4_reuse_intensive_Ideal_rep0,0,Ideal,Ideal,130,reuse_intensive:rep0:req130,reuse_intensive,0,0,0,L0000,1024,0,0;1;2;3,False,1785049701.3633704,1024,1024,1024,1.256303310394287,False,False,False,False,1024,0.0,4,4,1056.0,False,cache_reused,False,False,0,0.0,a9ecd3cea9869a00d65d8336459e7dc9e91856bd2afb7fdc4722e5aa3995a1e0,True,,,1,0,121.346378,416.44072,6,1085,4,1056
20260726_formal4t4_reuse_intensive_Ideal_rep0,0,Ideal,Ideal,131,reuse_intensive:rep0:req131,reuse_intensive,0,8,0,L0008,2048,1,0;1;2;3,False,1785049701.363401,2048,2048,2048,34.23127865791321,False,False,False,False,2048,0.0,4,4,2080.0,False,cache_reused,False,False,0,0.0,8d1ecacff3b1bec92d9dc7ac15b5f5abeefeeffc5ca4387d5c6d62109c573a13,True,,,1,0,208.340801,729.858612,6,2109,4,2080
20260726_formal4t4_reuse_intensive_Ideal_rep0,0,Ideal,Ideal,132,reuse_intensive:rep0:req132,reuse_intensive,0,0,1,L0000,1024,2,0;1;2;3,False,1785049702.095608,1024,1024,1024,0.0005555152893066406,False,False,False,False,1024,0.0,4,4,1056.0,False,cache_reused,False,False,0,0.0,c2e3b1257ab7a6cd6225f33a381d482aec7b6d259ba61a2d42f3fb39e1d16cb9,True,,,1,0,121.994372,415.737699,6,1085,4,1056
20260726_formal4t4_reuse_intensive_Ideal_rep0,0,Ideal,Ideal,133,reuse_intensive:rep0:req133,reuse_intensive,0,5,1,L0005,2048,1,0;1;2;3,False,1785049702.0956578,2048,2048,2048,154.69823169708252,False,False,False,False,2048,0.0,4,4,2080.0,False,cache_reused,False,False,0,0.0,871b4ddb4c3ed375654f4ed291fb48109878f898dbcfe82d0dec782c1eaaac66,True,,,1,0,203.42103,716.426731,6,2109,4,2080
20260726_formal4t4_reuse_intensive_Ideal_rep0,0,Ideal,Ideal,134,reuse_intensive:rep0:req134,reuse_intensive,0,0,2,L0000,1024,0,0;1;2;3,False,1785049702.095696,1024,1024,1024,0.0003955364227294922,False,False,False,False,1024,0.0,4,4,1056.0,False,cache_reused,False,False,0,0.0,b2b3dd2031c6eb3242c35797e3c71c2d587ff903127346c04c7c041973b7757f,True,,,1,0,117.56063,408.10089,6,1085,4,1056
20260726_formal4t4_reuse_intensive_Ideal_rep0,0,Ideal,Ideal,135,reuse_intensive:rep0:req135,reuse_intensive,0,0,0,L0000,1024,3,0;1;2;3,False,1785049702.0957263,1024,1024,1024,0.0005290508270263672,False,False,False,False,1024,0.0,4,4,1056.0,False,cache_reused,False,False,0,0.0,cb3d2d8116c94fe110992b9ff0e5eb18759c15daaeb9471264d392d5c28573fa,True,,,1,0,118.110708,405.706109,6,1085,4,1056
20260726_formal4t4_reuse_intensive_Ideal_rep0,0,Ideal,Ideal,136,reuse_intensive:rep0:req136,reuse_intensive,0,62,0,L0062,2048,2,,False,1785049702.8135858,0,0,0,,False,False,False,False,0,0.0,0,0,32.0,False,cache_miss,False,False,0,0.0,d9e49ae32b7972033471cdf22fe04c46956f7a7f4aada230cac5b5123a555ee1,True,,,1,0,3027.030695,3541.945196,6,2109,4,32
20260726_formal4t4_reuse_intensive_Ideal_rep0,0,Ideal,Ideal,137,reuse_intensive:rep0:req137,reuse_intensive,0,0,1,L0000,1024,3,0;1;2;3,False,1785049702.81364,1024,1024,1024,0.00018072128295898438,False,False,False,False,1024,0.0,4,4,1056.0,False,cache_reused,False,False,0,0.0,fbebbf6e2cedc72ad3bc7cb4fbe1db3a953d17d294dcb9ec6fcef7947696ec53,True,,,1,0,118.78306,405.52706,6,1085,4,1056
20260726_formal4t4_reuse_intensive_Ideal_rep0,0,Ideal,Ideal,138,reuse_intensive:rep0:req138,reuse_intensive,0,0,2,L0000,1024,1,0;1;2;3,False,1785049702.8136806,1024,1024,1024,2.7067184448242188,False,False,False,False,1024,0.0,4,4,1056.0,False,cache_reused,False,False,0,0.0,9fe7b891e145b410dfa6c0e70c26772074deda2e7b214f8e5abc8026ebf5c477,True,,,1,0,125.826357,429.643258,6,1085,4,1056
20260726_formal4t4_reuse_intensive_Ideal_rep0,0,Ideal,Ideal,139,reuse_intensive:rep0:req139,reuse_intensive,0,2,0,L0002,1024,0,0;1;2;3,False,1785049702.8137126,1024,1024,1024,164.1419997215271,False,False,False,False,1024,0.0,4,4,1056.0,False,cache_reused,False,False,0,0.0,fd11dace679a3027e562b932dcf59c330c65ea7a762829c3ddc6abb943073445,True,,,1,0,119.327911,413.828959,6,1085,4,1056
20260726_formal4t4_reuse_intensive_Ideal_rep0,0,Ideal,Ideal,140,reuse_intensive:rep0:req140,reuse_intensive,0,5,2,L0005,2048,1,0;1;2;3,False,1785049706.3565304,2048,2048,2048,3.5433461666107178,False,False,False,False,2048,0.0,4,4,2080.0,False,cache_reused,False,False,0,0.0,48e884c01fd795ebbda13b50d8f03414a8b089c6fdc63d5d1c0d2782ff95e094,True,,,1,0,355.647983,1678.614908,6,2109,4,2080
20260726_formal4t4_reuse_intensive_Ideal_rep0,0,Ideal,Ideal,141,reuse_intensive:rep0:req141,reuse_intensive,0,3,2,L0003,2048,2,0;1;2;3,False,1785049706.3565817,2048,2048,2048,163.98897314071655,False,False,False,False,2048,0.0,4,4,2080.0,False,cache_reused,False,False,0,0.0,f14ddb572953192315ab4ecfbb70e55b6daac29f9799e4cfe4f678626aa7853d,True,,,1,0,202.893613,713.734779,6,2109,4,2080
20260726_formal4t4_reuse_intensive_Ideal_rep0,0,Ideal,Ideal,142,reuse_intensive:rep0:req142,reuse_intensive,0,0,0,L0000,1024,3,0;1;2;3,False,1785049706.3566175,1024,1024,1024,0.0004467964172363281,False,False,False,False,1024,0.0,4,4,1056.0,False,cache_reused,False,False,0,0.0,ed65a3897d34b3f15c10cc68f30db7fde2658b40e64e180fcfa9ff4ef89efed5,True,,,1,0,224.69103,540.97469,6,1085,4,1056
20260726_formal4t4_reuse_intensive_Ideal_rep0,0,Ideal,Ideal,143,reuse_intensive:rep0:req143,reuse_intensive,0,43,1,L0043,4096,1,1,True,1785049706.356649,4096,4096,4096,103.9989058971405,False,False,False,False,4096,79.92,1,1,4128.0,True,cache_reused,False,False,0,0.0,65591dde69c9c92772c312af1a8cded02b98aa8be01d24f7adbfcc35896ddb60,True,,,1,0,797.173425,1971.871207,6,4157,4,4128
20260726_formal4t4_reuse_intensive_Ideal_rep0,0,Ideal,Ideal,144,reuse_intensive:rep0:req144,reuse_intensive,0,37,0,L0037,4096,1,,False,1785049708.3316162,0,0,0,,False,False,False,False,0,0.0,0,0,32.0,False,cache_miss,False,False,0,0.0,caa6eb7794f0af1a4194460c6a5cf0ea30ac99bad3cef1eb5b11f35165b70818,True,,,1,0,10628.77157,11543.598879,6,4157,4,32
20260726_formal4t4_reuse_intensive_Ideal_rep0,0,Ideal,Ideal,145,reuse_intensive:rep0:req145,reuse_intensive,0,3,0,L0003,2048,3,0;1;2;3,False,1785049708.3316743,2048,2048,2048,62.79521203041077,False,False,False,False,2048,0.0,4,4,2080.0,False,cache_reused,False,False,0,0.0,a9da50a84bda18b6866106c6e7073830196c850a31f353497e453c4bd114ba16,True,,,1,0,203.157389,713.963276,6,2109,4,2080
20260726_formal4t4_reuse_intensive_Ideal_rep0,0,Ideal,Ideal,146,reuse_intensive:rep0:req146,reuse_intensive,0,1,1,L0001,2048,0,0;1;2;3,False,1785049708.331715,2048,2048,2048,8.686127424240112,False,False,False,False,2048,0.0,4,4,2080.0,False,cache_reused,False,False,0,0.0,bf47775ee8f5e7272a177291598b3f0d173a3132593cff2623789971391aed7f,True,,,1,0,342.013388,849.606214,6,2109,4,2080
20260726_formal4t4_reuse_intensive_Ideal_rep0,0,Ideal,Ideal,147,reuse_intensive:rep0:req147,reuse_intensive,0,0,1,L0000,1024,2,0;1;2;3,False,1785049708.3317478,1024,1024,1024,5.518716812133789,False,False,False,False,1024,0.0,4,4,1056.0,False,cache_reused,False,False,0,0.0,2dae853a570cf368954f215ba349841208c29082f5c3fb874df776a96062ae17,True,,,1,0,122.567684,417.585101,6,1085,4,1056
20260726_formal4t4_reuse_intensive_Ideal_rep0,0,Ideal,Ideal,148,reuse_intensive:rep0:req148,reuse_intensive,0,1,2,L0001,2048,0,0;1;2;3,False,1785049719.876536,2048,2048,2048,0.0003139972686767578,False,False,False,False,2048,0.0,4,4,2080.0,False,cache_reused,False,False,0,0.0,d99a71ce0de3e2bfedc21a12bd736f84d33feda67e4e8fc94ce0b64a0485f9f2,True,,,1,0,342.133573,840.158962,6,2109,4,2080
20260726_formal4t4_reuse_intensive_Ideal_rep0,0,Ideal,Ideal,149,reuse_intensive:rep0:req149,reuse_intensive,0,2,1,L0002,1024,2,0;1;2;3,False,1785049719.8765867,1024,1024,1024,50.02058482170105,False,False,False,False,1024,0.0,4,4,1056.0,False,cache_reused,False,False,0,0.0,609b384a1508dbecff838c58392509e9185bca7b2126641db9807676a4624cd1,True,,,1,0,254.836349,583.381159,6,1085,4,1056
20260726_formal4t4_reuse_intensive_Ideal_rep0,0,Ideal,Ideal,150,reuse_intensive:rep0:req150,reuse_intensive,0,2,2,L0002,1024,1,0;1;2;3,False,1785049719.8766236,1024,1024,1024,34.48836541175842,False,False,False,False,1024,0.0,4,4,1056.0,False,cache_reused,False,False,0,0.0,844770ad268fa06473237d7d6cc445d448ea4374b2be3ac3eb83de17aff66174,True,,,1,0,114.405066,384.482164,6,1085,4,1056
20260726_formal4t4_reuse_intensive_Ideal_rep0,0,Ideal,Ideal,151,reuse_intensive:rep0:req151,reuse_intensive,0,4,2,L0004,1024,3,0;1;2;3,False,1785049719.8766537,1024,1024,1024,19.769490480422974,False,False,False,False,1024,0.0,4,4,1056.0,False,cache_reused,False,False,0,0.0,943c91a251ee732fa64a2d3f43052e6f180b026ec03d67be4a7a6783b206320c,True,,,1,0,202.699544,521.840574,6,1085,4,1056
20260726_formal4t4_reuse_intensive_Ideal_rep0,0,Ideal,Ideal,152,reuse_intensive:rep0:req152,reuse_intensive,0,0,2,L0000,1024,0,0;1;2;3,False,1785049720.7176726,1024,1024,1024,17.904311418533325,False,False,False,False,1024,0.0,4,4,1056.0,False,cache_reused,False,False,0,0.0,154e0a89bb3cdacc6a2ae1868a13f7b0f30996b8cbd6be5f766c6da2e62458ee,True,,,1,0,121.680322,416.366784,6,1085,4,1056
20260726_formal4t4_reuse_intensive_Ideal_rep0,0,Ideal,Ideal,153,reuse_intensive:rep0:req153,reuse_intensive,0,0,0,L0000,1024,1,0;1;2;3,False,1785049720.7177231,1024,1024,1024,14.361440181732178,False,False,False,False,1024,0.0,4,4,1056.0,False,cache_reused,False,False,0,0.0,b3c48a841d7e641e4fd5260345d55014ecf3ff039ae2bdd01408ccde38950008,True,,,1,0,126.376879,435.521783,6,1085,4,1056
20260726_formal4t4_reuse_intensive_Ideal_rep0,0,Ideal,Ideal,154,reuse_intensive:rep0:req154,reuse_intensive,0,10,1,L0010,1024,2,0;1;2;3,False,1785049720.7177582,1024,1024,1024,153.91307759284973,False,False,False,False,1024,0.0,4,4,1056.0,False,cache_reused,False,False,0,0.0,85578f7f4f81c2697551b7f69154a6721beb126511cca2eda299fea1010dc54c,True,,,1,0,129.670281,449.025963,6,1085,4,1056
20260726_formal4t4_reuse_intensive_Ideal_rep0,0,Ideal,Ideal,155,reuse_intensive:rep0:req155,reuse_intensive,0,51,0,L0051,4096,3,,False,1785049720.717794,0,0,0,,False,False,False,False,0,0.0,0,0,32.0,False,cache_miss,False,False,0,0.0,8bb12a73fd1c41ce6533b67cc495a0c5b5b9e2534f210fa1c27cc0329fc05d51,True,,,1,0,10611.440642,11497.793652,6,4157,4,32
20260726_formal4t4_reuse_intensive_Ideal_rep0,0,Ideal,Ideal,156,reuse_intensive:rep0:req156,reuse_intensive,0,0,1,L0000,1024,3,0;1;2;3,False,1785049732.2182477,1024,1024,1024,23.887091636657715,False,False,False,False,1024,0.0,4,4,1056.0,False,cache_reused,False,False,0,0.0,86116e46abdfd4cc523ff83da83d52e71995007bd26a1cfb860b71d3a524da2a,True,,,1,0,115.813842,402.460997,6,1085,4,1056
20260726_formal4t4_reuse_intensive_Ideal_rep0,0,Ideal,Ideal,157,reuse_intensive:rep0:req157,reuse_intensive,0,0,2,L0000,1024,1,0;1;2;3,False,1785049732.218297,1024,1024,1024,0.0006549358367919922,False,False,False,False,1024,0.0,4,4,1056.0,False,cache_reused,False,False,0,0.0,0fca6e5180e40a65abc268e99977e1f52f93dd068ec6ed4585e6917755665390,True,,,1,0,235.735482,840.448941,6,1085,4,1056
20260726_formal4t4_reuse_intensive_Ideal_rep0,0,Ideal,Ideal,158,reuse_intensive:rep0:req158,reuse_intensive,0,14,2,L0014,2048,2,0;1;2;3,False,1785049732.2183337,2048,2048,2048,146.89725732803345,False,False,False,False,2048,0.0,4,4,2080.0,False,cache_reused,False,False,0,0.0,491c1210e8bb9ff0c9e3686a04fd546130c7dbe223591254fee5c8987639d790,True,,,1,0,371.610225,905.915472,6,2109,4,2080
20260726_formal4t4_reuse_intensive_Ideal_rep0,0,Ideal,Ideal,159,reuse_intensive:rep0:req159,reuse_intensive,0,36,1,L0036,1024,1,1,True,1785049732.2183676,1024,1024,1024,61.13489270210266,False,False,False,False,1024,18.48,1,1,1056.0,True,cache_reused,False,False,0,0.0,325e59ec45bc1f5c62d07c773d554441c4660032a024d731ce97a28d5b22ee88,True,,,1,0,458.74533,935.293019,6,1085,4,1056
20260726_formal4t4_reuse_intensive_Ideal_rep0,0,Ideal,Ideal,160,reuse_intensive:rep0:req160,reuse_intensive,1,64,0,L0064,1024,3,,False,1785049733.1565688,0,0,0,,False,False,False,False,0,0.0,0,0,32.0,False,cache_miss,False,False,0,0.0,eb9c1bdb82ab8e7f4b6751af2f8b4640b0c9a991ccc5736ccfa35bc447bb40f4,True,,,1,0,921.243726,1219.679467,6,1085,4,32
20260726_formal4t4_reuse_intensive_Ideal_rep0,0,Ideal,Ideal,161,reuse_intensive:rep0:req161,reuse_intensive,1,64,1,L0064,1024,2,,False,1785049733.156609,0,0,0,,False,False,False,False,0,0.0,0,0,32.0,False,cache_miss,False,False,0,0.0,c1d46c861d6473218295428ef924684302aec9cf7368c0c950c524f0652e8ed0,True,,,1,0,887.486582,1199.229912,6,1085,4,32
20260726_formal4t4_reuse_intensive_Ideal_rep0,0,Ideal,Ideal,162,reuse_intensive:rep0:req162,reuse_intensive,1,75,0,L0075,1024,1,,False,1785049733.1566339,0,0,0,,False,False,False,False,0,0.0,0,0,32.0,False,cache_miss,False,False,0,0.0,315cc081148042768811897ef4cd9d906c8d1e95877884a4234d1076bbb0b1ee,True,,,1,0,924.524507,1230.651493,6,1085,4,32
20260726_formal4t4_reuse_intensive_Ideal_rep0,0,Ideal,Ideal,163,reuse_intensive:rep0:req163,reuse_intensive,1,105,0,L0105,2048,0,,False,1785049733.1566553,0,0,0,,False,False,False,False,0,0.0,0,0,16.0,False,cache_miss,False,False,0,0.0,beeb78c3eb841d8b3428a6e32d4ddbe7d7209d9c67c2cb4fb749ccbd03e01720,True,,,1,0,3449.870034,4000.676277,6,2109,4,16
20260726_formal4t4_reuse_intensive_Ideal_rep0,0,Ideal,Ideal,164,reuse_intensive:rep0:req164,reuse_intensive,1,64,2,L0064,1024,3,2;3,False,1785049737.1598177,1024,1024,1024,0.0005929470062255859,False,False,False,False,1024,0.0,2,2,1056.0,False,cache_reused,False,False,0,0.0,40489b408d9d10fcbfcd966916d08f1cbfbe183d193487c3de48e8cbaee9f11f,True,,,1,0,194.767423,520.000505,6,1085,4,1056
20260726_formal4t4_reuse_intensive_Ideal_rep0,0,Ideal,Ideal,165,reuse_intensive:rep0:req165,reuse_intensive,1,84,0,L0084,2048,1,,False,1785049737.159859,0,0,0,,False,False,False,False,0,0.0,0,0,32.0,False,cache_miss,False,False,0,0.0,0656703c2d03596ac5121e16cbfe52a0fa99a4f103c23edafa40e393eb5e05a6,True,,,1,0,3197.23954,3708.974293,6,2109,4,32
20260726_formal4t4_reuse_intensive_Ideal_rep0,0,Ideal,Ideal,166,reuse_intensive:rep0:req166,reuse_intensive,1,66,0,L0066,2048,0,,False,1785049737.1598856,0,0,0,,False,False,False,False,0,0.0,0,0,32.0,False,cache_miss,False,False,0,0.0,9a1ba2e8afaa78c6e5edac8b2be72287a988dffbe6503cab3afc95ccb4e12768,True,,,1,0,3377.481009,3948.671451,6,2109,4,32
20260726_formal4t4_reuse_intensive_Ideal_rep0,0,Ideal,Ideal,167,reuse_intensive:rep0:req167,reuse_intensive,1,65,0,L0065,2048,2,,False,1785049737.1599054,0,0,0,,False,False,False,False,0,0.0,0,0,32.0,False,cache_miss,False,False,0,0.0,f239760245a6c82c965b91d54275bc027f4d978fcfb9f4d3812c182d0c19590a,True,,,1,0,3150.488905,3657.755735,6,2109,4,32
20260726_formal4t4_reuse_intensive_Ideal_rep0,0,Ideal,Ideal,168,reuse_intensive:rep0:req168,reuse_intensive,1,100,0,L0100,4096,0,,False,1785049741.1108189,0,0,0,,False,False,False,False,0,0.0,0,0,32.0,False,cache_miss,False,False,0,0.0,88f988471dfd58b44878fe58e49e8eecbc452bd221e13c37fc08fe427fd0a1ac,True,,,1,0,10446.405983,11399.736793,6,4157,4,32
20260726_formal4t4_reuse_intensive_Ideal_rep0,0,Ideal,Ideal,169,reuse_intensive:rep0:req169,reuse_intensive,1,93,0,L0093,2048,3,,False,1785049741.1108558,0,0,0,,False,False,False,False,0,0.0,0,0,32.0,False,cache_miss,False,False,0,0.0,1b62b97209308605d87bf11215aceb61f7b3450a246c097185e351d6ba72113c,True,,,1,0,3493.558378,4037.225598,6,2109,4,32
20260726_formal4t4_reuse_intensive_Ideal_rep0,0,Ideal,Ideal,170,reuse_intensive:rep0:req170,reuse_intensive,1,88,0,L0088,1024,1,,False,1785049741.1108816,0,0,0,,False,False,False,False,0,0.0,0,0,32.0,False,cache_miss,False,False,0,0.0,94309264b50eedef67bab382d6bd3441138f3fbd060e55813d0d04f02d3a6a3d,True,,,1,0,804.996615,1088.117239,6,1085,4,32
20260726_formal4t4_reuse_intensive_Ideal_rep0,0,Ideal,Ideal,171,reuse_intensive:rep0:req171,reuse_intensive,1,112,0,L0112,4096,2,,False,1785049741.1109014,0,0,0,,False,False,False,False,0,0.0,0,0,16.0,False,cache_miss,False,False,0,0.0,42aaa1a0e31f3105406a099c99602d01e896fa177d5d5fa53d377acd7abb77b6,True,,,1,0,9866.200447,10747.560535,6,4157,4,16
20260726_formal4t4_reuse_intensive_Ideal_rep0,0,Ideal,Ideal,172,reuse_intensive:rep0:req172,reuse_intensive,1,67,0,L0067,1024,0,,False,1785049752.5118942,0,0,0,,False,False,False,False,0,0.0,0,0,32.0,False,cache_miss,False,False,0,0.0,8f9105cbd2be05d0b6a286e5a616481a4d7f597135ce8849460591f273659895,True,,,1,0,924.734601,1227.897917,6,1085,4,32
20260726_formal4t4_reuse_intensive_Ideal_rep0,0,Ideal,Ideal,173,reuse_intensive:rep0:req173,reuse_intensive,1,68,0,L0068,2048,1,,False,1785049752.5119307,0,0,0,,False,False,False,False,0,0.0,0,0,32.0,False,cache_miss,False,False,0,0.0,f0cab77172cef00126694b5055602d762cd253f0104159bec736109232ea8c6b,True,,,1,0,3142.633726,3631.648145,6,2109,4,32
20260726_formal4t4_reuse_intensive_Ideal_rep0,0,Ideal,Ideal,174,reuse_intensive:rep0:req174,reuse_intensive,1,81,0,L0081,1024,2,,False,1785049752.511955,0,0,0,,False,False,False,False,0,0.0,0,0,32.0,False,cache_miss,False,False,0,0.0,0e08753b9f8e778dc1fe60b0ba5ddc4b1b06653e2f4f167d9f655e0e0f559c9a,True,,,1,0,893.631978,1189.884246,6,1085,4,32
20260726_formal4t4_reuse_intensive_Ideal_rep0,0,Ideal,Ideal,175,reuse_intensive:rep0:req175,reuse_intensive,1,64,0,L0064,1024,3,2;3,False,1785049752.5119934,1024,1024,1024,11.401872634887695,False,False,False,False,1024,0.0,2,2,1056.0,False,cache_reused,False,False,0,0.0,e7a4e397ca7182a912f61f4e9bd6dd4eb29b16175d910b712659df7cc42d961b,True,,,1,0,247.925113,562.14323,6,1085,4,1056
20260726_formal4t4_reuse_intensive_Ideal_rep0,0,Ideal,Ideal,176,reuse_intensive:rep0:req176,reuse_intensive,1,69,0,L0069,2048,1,,False,1785049756.1451678,0,0,0,,False,False,False,False,0,0.0,0,0,32.0,False,cache_miss,False,False,0,0.0,34cab7b1cdc94e8155abc9083324783954dbc2eb95fe9eb660aa52c7a8d3f8f6,True,,,1,0,3179.910675,3712.275828,6,2109,4,32
20260726_formal4t4_reuse_intensive_Ideal_rep0,0,Ideal,Ideal,177,reuse_intensive:rep0:req177,reuse_intensive,1,87,0,L0087,2048,3,,False,1785049756.1452193,0,0,0,,False,False,False,False,0,0.0,0,0,32.0,False,cache_miss,False,False,0,0.0,804d8606c6a20e8b3eff156253f0118a271a75b599c3333d2cfbf3ec722bdd97,True,,,1,0,3384.796086,3908.107186,6,2109,4,32
20260726_formal4t4_reuse_intensive_Ideal_rep0,0,Ideal,Ideal,178,reuse_intensive:rep0:req178,reuse_intensive,1,64,1,L0064,1024,2,2;3,False,1785049756.1452641,1024,1024,1024,18.98588514328003,False,False,False,False,1024,0.0,2,2,1056.0,False,cache_reused,False,False,0,0.0,4c04d5759cb1dc4c5df9f98e4c082febc9e18e9d55aa6841b899ba3af0d46608,True,,,1,0,229.0101,605.592505,6,1085,4,1056
20260726_formal4t4_reuse_intensive_Ideal_rep0,0,Ideal,Ideal,179,reuse_intensive:rep0:req179,reuse_intensive,1,64,2,L0064,1024,2,2;3,True,1785049756.1453032,1024,1024,1024,18.985924243927002,False,False,False,False,1024,18.48,2,2,1056.0,True,cache_reused,False,False,0,0.0,48753c12b87abe9b67e5dd33647d13492157c1dd9b40a2301a6d1a02c3b015c0,True,,,1,0,383.323059,706.736354,6,1085,4,1056
20260726_formal4t4_reuse_intensive_Ideal_rep0,0,Ideal,Ideal,180,reuse_intensive:rep0:req180,reuse_intensive,1,69,1,L0069,2048,1,1,True,1785049760.0551033,2048,2048,2048,0.0006704330444335938,False,False,False,False,2048,40.96,1,1,2080.0,True,cache_reused,False,False,0,0.0,b9b4a5a39a3b5b38f8d48a5eacce22915d98828f550e3a4dbef806ad91551f44,True,,,1,0,208.845652,733.065142,6,2109,4,2080
20260726_formal4t4_reuse_intensive_Ideal_rep0,0,Ideal,Ideal,181,reuse_intensive:rep0:req181,reuse_intensive,1,65,1,L0065,2048,2,2,True,1785049760.0551534,2048,2048,2048,18.944538831710815,False,False,False,False,2048,40.96,1,1,2080.0,True,cache_reused,False,False,0,0.0,1449e675fad0c4e24a8cd4b61379c84f242f3a01221c6730e3fb12c0b5e8c50c,True,,,1,0,355.506718,866.441425,6,2109,4,2080
20260726_formal4t4_reuse_intensive_Ideal_rep0,0,Ideal,Ideal,182,reuse_intensive:rep0:req182,reuse_intensive,1,77,0,L0077,1024,3,,False,1785049760.055183,0,0,0,,False,False,False,False,0,0.0,0,0,32.0,False,cache_miss,False,False,0,0.0,8f3a9af3da16d1817a096e41bf74f35963ef86607e062c781fd5efc5e9f6042c,True,,,1,0,968.491223,1286.062693,6,1085,4,32
20260726_formal4t4_reuse_intensive_Ideal_rep0,0,Ideal,Ideal,183,reuse_intensive:rep0:req183,reuse_intensive,1,70,0,L0070,4096,0,,False,1785049760.055207,0,0,0,,False,False,False,False,0,0.0,0,0,32.0,False,cache_miss,False,False,0,0.0,476cf1b8e85b01dc3c223eafda49c28f52503153c35f6fd2506f69f66a016076,True,,,1,0,11283.834069,12233.492536,6,4157,4,32
20260726_formal4t4_reuse_intensive_Ideal_rep0,0,Ideal,Ideal,184,reuse_intensive:rep0:req184,reuse_intensive,1,65,2,L0065,2048,2,2,True,1785049772.2917316,2048,2048,2048,0.0006299018859863281,False,False,False,False,2048,40.96,1,1,2080.0,True,cache_reused,False,False,0,0.0,97804c3dc9b7f22153b7598276fa2de59bd5134faf65169c19cfa009272e60c0,True,,,1,0,359.865771,874.979242,6,2109,4,2080
20260726_formal4t4_reuse_intensive_Ideal_rep0,0,Ideal,Ideal,185,reuse_intensive:rep0:req185,reuse_intensive,1,64,0,L0064,1024,3,2;3,True,1785049772.2917957,1024,1024,1024,16.146768808364868,False,False,False,False,1024,20.48,2,2,1056.0,True,cache_reused,False,False,0,0.0,520c2325563ccd414e4359c83eaaccd3567cf4100065282ed186119c4e188ac3,True,,,1,0,223.390276,553.443045,6,1085,4,1056
20260726_formal4t4_reuse_intensive_Ideal_rep0,0,Ideal,Ideal,186,reuse_intensive:rep0:req186,reuse_intensive,1,67,1,L0067,1024,0,0,True,1785049772.2918327,1024,1024,1024,16.147247791290283,False,False,False,False,1024,20.48,1,1,1056.0,True,cache_reused,False,False,0,0.0,9608602d08a4121f374cddad9ae5a978a6e55327bd46672eb4a7509f0059395b,True,,,1,0,120.006366,412.124728,6,1085,4,1056
20260726_formal4t4_reuse_intensive_Ideal_rep0,0,Ideal,Ideal,187,reuse_intensive:rep0:req187,reuse_intensive,1,69,2,L0069,2048,1,1,False,1785049772.2918644,2048,2048,2048,0.0009949207305908203,False,False,False,False,2048,0.0,1,1,2080.0,False,cache_reused,False,False,0,0.0,1705a14229511a61868c86985f4cb5a463c3bb86c84b2f41f5a89bc186fea454,True,,,1,0,349.546608,886.900719,6,2109,4,2080
20260726_formal4t4_reuse_intensive_Ideal_rep0,0,Ideal,Ideal,188,reuse_intensive:rep0:req188,reuse_intensive,1,64,1,L0064,1024,2,2;3,True,1785049773.1817625,1024,1024,1024,13.126803636550903,False,False,False,False,1024,20.48,2,2,1056.0,True,cache_reused,False,False,0,0.0,98146d6106d63e4b1a74815fac306f60b7d0b6d105488989865a39dbdf199c1f,True,,,1,0,122.1494,421.884105,6,1085,4,1056
20260726_formal4t4_reuse_intensive_Ideal_rep0,0,Ideal,Ideal,189,reuse_intensive:rep0:req189,reuse_intensive,1,64,2,L0064,1024,3,2;3,False,1785049773.1818278,1024,1024,1024,0.0004909038543701172,False,False,False,False,1024,0.0,2,2,1056.0,False,cache_reused,False,False,0,0.0,b97d0c9b0aa374176b83e4aaa439f6fcf16228bb732886d6d06a9bd40f2f2f75,True,,,1,0,117.93998,402.284098,6,1085,4,1056
20260726_formal4t4_reuse_intensive_Ideal_rep0,0,Ideal,Ideal,190,reuse_intensive:rep0:req190,reuse_intensive,1,67,2,L0067,1024,0,0,True,1785049773.181864,1024,1024,1024,0.0004165172576904297,False,False,False,False,1024,20.48,1,1,1056.0,True,cache_reused,False,False,0,0.0,ec70fbef0ac054857abd66606df2133c3644d82a1d22bef38f035907628e6786,True,,,1,0,118.456548,413.826803,6,1085,4,1056
20260726_formal4t4_reuse_intensive_Ideal_rep0,0,Ideal,Ideal,191,reuse_intensive:rep0:req191,reuse_intensive,1,69,0,L0069,2048,1,1,False,1785049773.1818957,2048,2048,2048,0.0003483295440673828,False,False,False,False,2048,0.0,1,1,2080.0,False,cache_reused,False,False,0,0.0,6bf66a14cabe0b8d1f81e29e54197f4035a6a8c56dcfe58f36b931ed04ead6d0,True,,,1,0,211.402707,746.007986,6,2109,4,2080
20260726_formal4t4_reuse_intensive_Ideal_rep0,0,Ideal,Ideal,192,reuse_intensive:rep0:req192,reuse_intensive,1,67,0,L0067,1024,0,0,True,1785049773.9303732,1024,1024,1024,0.0003142356872558594,False,False,False,False,1024,20.48,1,1,1056.0,True,cache_reused,False,False,0,0.0,e6520e396210fb577a0c5b11bf700701467fa3e293ffbb475dda37c836d95caf,True,,,1,0,122.626201,416.885939,6,1085,4,1056
20260726_formal4t4_reuse_intensive_Ideal_rep0,0,Ideal,Ideal,193,reuse_intensive:rep0:req193,reuse_intensive,1,72,0,L0072,4096,2,,False,1785049773.930412,0,0,0,,False,False,False,False,0,0.0,0,0,32.0,False,cache_miss,False,False,0,0.0,361be77709bd906209f59165a06b7b253cc115c93441d5ef17c4641c2a502db2,True,,,1,0,10593.726921,11949.886482,6,4157,4,32
20260726_formal4t4_reuse_intensive_Ideal_rep0,0,Ideal,Ideal,194,reuse_intensive:rep0:req194,reuse_intensive,1,103,0,L0103,4096,1,,False,1785049773.9304376,0,0,0,,False,False,False,False,0,0.0,0,0,16.0,False,cache_miss,False,False,0,0.0,b1fdf9d7e924013d9fa2a5ef8fb7c521036dea51a96f1df2bdfcfa9a3cfd2ad4,True,,,1,0,10991.596398,11945.291223,6,4157,4,16
20260726_formal4t4_reuse_intensive_Ideal_rep0,0,Ideal,Ideal,195,reuse_intensive:rep0:req195,reuse_intensive,1,65,0,L0065,2048,2,2,True,1785049773.9304695,2048,2048,2048,0.7493577003479004,False,False,False,False,2048,38.96,1,1,2080.0,True,cache_reused,False,False,0,0.0,b279174100fd2300a7d90ccdc3896ab005021041df0e5e5a2ea0ae03777e0888,True,,,1,0,10592.389321,11948.582268,6,2109,4,2080
20260726_formal4t4_reuse_intensive_Ideal_rep0,0,Ideal,Ideal,196,reuse_intensive:rep0:req196,reuse_intensive,1,64,0,L0064,1024,3,2;3,False,1785049785.8825803,1024,1024,1024,11.952628135681152,False,False,False,False,1024,0.0,2,2,1056.0,False,cache_reused,False,False,0,0.0,3dcc74b3c985abbc33db9f6e914be3255766b9f0a4bc2b7a2cae4a6c4ad508b0,True,,,1,0,246.551442,816.766493,6,1085,4,1056
20260726_formal4t4_reuse_intensive_Ideal_rep0,0,Ideal,Ideal,197,reuse_intensive:rep0:req197,reuse_intensive,1,64,1,L0064,1024,2,2;3,True,1785049785.882633,1024,1024,1024,11.952837228775024,False,False,False,False,1024,20.48,2,2,1056.0,True,cache_reused,False,False,0,0.0,6333eec5d408ed385a481a2b836e0be94177b209f649886cfe23f2e66d34d8d2,True,,,1,0,125.359213,445.232636,6,1085,4,1056
20260726_formal4t4_reuse_intensive_Ideal_rep0,0,Ideal,Ideal,198,reuse_intensive:rep0:req198,reuse_intensive,1,77,1,L0077,1024,3,3,True,1785049785.8826685,1024,1024,1024,13.591391801834106,False,False,False,False,1024,18.48,1,1,1056.0,True,cache_reused,False,False,0,0.0,32d76e2901a6f00590832c75aabf7adebaf239c1bffe31af29632d9aef63730d,True,,,1,0,446.014446,918.329262,6,1085,4,1056
20260726_formal4t4_reuse_intensive_Ideal_rep0,0,Ideal,Ideal,199,reuse_intensive:rep0:req199,reuse_intensive,1,64,2,L0064,1024,2,2;3,True,1785049785.8826993,1024,1024,1024,11.952903509140015,False,False,False,False,1024,18.48,2,2,1056.0,True,cache_reused,False,False,0,0.0,f6955aec43a46247ffe920fb40e451164fd40d86a324bfb9cf816d45349cd427,True,,,1,0,232.158508,543.280465,6,1085,4,1056
20260726_formal4t4_reuse_intensive_Ideal_rep0,0,Ideal,Ideal,200,reuse_intensive:rep0:req200,reuse_intensive,1,64,0,L0064,1024,3,2;3,False,1785049786.803251,1024,1024,1024,0.0005400180816650391,False,False,False,False,1024,0.0,2,2,1056.0,False,cache_reused,False,False,0,0.0,decc15d19406bae51bf7cc1684562a5149ca012c8fec03f07adba915fcd3a092,True,,,1,0,117.965873,401.367937,6,1085,4,1056
20260726_formal4t4_reuse_intensive_Ideal_rep0,0,Ideal,Ideal,201,reuse_intensive:rep0:req201,reuse_intensive,1,71,0,L0071,1024,0,,False,1785049786.803293,0,0,0,,False,False,False,False,0,0.0,0,0,32.0,False,cache_miss,False,False,0,0.0,0f08fcfc873c1ac97dd1ad06eece26c047000853f33762cc792998cdbdf35887,True,,,1,0,1055.240632,1366.828108,6,1085,4,32
20260726_formal4t4_reuse_intensive_Ideal_rep0,0,Ideal,Ideal,202,reuse_intensive:rep0:req202,reuse_intensive,1,90,0,L0090,2048,1,,False,1785049786.803318,0,0,0,,False,False,False,False,0,0.0,0,0,32.0,False,cache_miss,False,False,0,0.0,40d728ba57e489ba411426476c5934f9ed04044c16113acd07bd31ea2532529c,True,,,1,0,2953.621099,3443.891363,6,2109,4,32
20260726_formal4t4_reuse_intensive_Ideal_rep0,0,Ideal,Ideal,203,reuse_intensive:rep0:req203,reuse_intensive,1,64,1,L0064,1024,2,2;3,False,1785049786.803352,1024,1024,1024,0.0002524852752685547,False,False,False,False,1024,0.0,2,2,1056.0,False,cache_reused,False,False,0,0.0,4345cb9afc9cf0c0b71bf3460033c99ab79de6868b9c68da54c5014226f653f1,True,,,1,0,122.996776,421.900251,6,1085,4,1056
20260726_formal4t4_reuse_intensive_Ideal_rep0,0,Ideal,Ideal,204,reuse_intensive:rep0:req204,reuse_intensive,1,72,1,L0072,4096,2,2,True,1785049790.249536,4096,4096,4096,4.367839336395264,False,False,False,False,4096,81.92,1,1,4128.0,True,cache_reused,False,False,0,0.0,feea1f137557b6f1c1020ffccc57c387735ea3c0668f0cff64d25cbbd7bd0250,True,,,1,0,494.301511,1404.766873,6,4157,4,4128
20260726_formal4t4_reuse_intensive_Ideal_rep0,0,Ideal,Ideal,205,reuse_intensive:rep0:req205,reuse_intensive,1,91,0,L0091,1024,0,,False,1785049790.2495756,0,0,0,,False,False,False,False,0,0.0,0,0,32.0,False,cache_miss,False,False,0,0.0,5b0b549f94c5b5dcaa75cf333849d9c8f6279393c47f7a38b0b02a1440d30226,True,,,1,0,1034.615268,2292.155163,6,1085,4,32
20260726_formal4t4_reuse_intensive_Ideal_rep0,0,Ideal,Ideal,206,reuse_intensive:rep0:req206,reuse_intensive,1,70,1,L0070,4096,0,0,True,1785049790.2496128,4096,4096,4096,17.9582359790802,False,False,False,False,4096,79.92,1,1,4128.0,True,cache_reused,False,False,0,0.0,ac0e5f85adbf6e355efdb3d9e5a495b65f61e5df77cd249b3bfea2a36eec9642,True,,,1,0,1459.630187,2610.05003,6,4157,4,4128
20260726_formal4t4_reuse_intensive_Ideal_rep0,0,Ideal,Ideal,207,reuse_intensive:rep0:req207,reuse_intensive,1,73,0,L0073,1024,1,,False,1785049790.2496383,0,0,0,,False,False,False,False,0,0.0,0,0,32.0,False,cache_miss,False,False,0,0.0,8931b0d20c9e88b2e7500cf7ddcd21a21a9bf0ad8c3baa66e8e0d0b33103d931,True,,,1,0,959.929414,1259.581386,6,1085,4,32
20260726_formal4t4_reuse_intensive_Ideal_rep0,0,Ideal,Ideal,208,reuse_intensive:rep0:req208,reuse_intensive,1,71,1,L0071,1024,0,0,True,1785049792.86231,1024,1024,1024,2.6131937503814697,False,False,False,False,1024,20.48,1,1,1056.0,True,cache_reused,False,False,0,0.0,948d86ecd75376ddba0bcacaeeaa9a980c59f6d4733934417d5c42df87b1d32e,True,,,1,0,124.314572,429.329761,6,1085,4,1056
20260726_formal4t4_reuse_intensive_Ideal_rep0,0,Ideal,Ideal,209,reuse_intensive:rep0:req209,reuse_intensive,1,64,2,L0064,1024,2,2;3,True,1785049792.8623605,1024,1024,1024,2.612971305847168,False,False,False,False,1024,20.48,2,2,1056.0,True,cache_reused,False,False,0,0.0,c275aaf8b7dee8d825d3d0e92682ac815ef90ffb8baeb17cfd6836b4c2f27706,True,,,1,0,122.481503,422.66928,6,1085,4,1056
20260726_formal4t4_reuse_intensive_Ideal_rep0,0,Ideal,Ideal,210,reuse_intensive:rep0:req210,reuse_intensive,1,64,0,L0064,1024,3,2;3,False,1785049792.8623996,1024,1024,1024,2.613434314727783,False,False,False,False,1024,0.0,2,2,1056.0,False,cache_reused,False,False,0,0.0,feb9879aad8e3228701ad4ec657a2ea70793d3865a5cbbd79d9564b6b46d59cf,True,,,1,0,216.677079,541.206744,6,1085,4,1056
20260726_formal4t4_reuse_intensive_Ideal_rep0,0,Ideal,Ideal,211,reuse_intensive:rep0:req211,reuse_intensive,1,113,0,L0113,4096,1,,False,1785049792.8624253,0,0,0,,False,False,False,False,0,0.0,0,0,32.0,False,cache_miss,False,False,0,0.0,44ab0a79f3c1cd9b41a661fa194d19711db91e120ba7117c4948a6a26b3087bb,True,,,1,0,10437.290073,11339.991786,6,4157,4,32
20260726_formal4t4_reuse_intensive_Ideal_rep0,0,Ideal,Ideal,212,reuse_intensive:rep0:req212,reuse_intensive,1,72,2,L0072,4096,2,2,False,1785049804.2052457,4096,4096,4096,11.343875885009766,False,False,False,False,4096,0.0,1,1,4128.0,False,cache_reused,False,False,0,0.0,3a4b8d204caf8fe0a2ca52b60659b49ba4041ae6da11e416e59b98777a3c8fe0,True,,,1,0,535.513005,1444.493477,6,4157,4,4128
20260726_formal4t4_reuse_intensive_Ideal_rep0,0,Ideal,Ideal,213,reuse_intensive:rep0:req213,reuse_intensive,1,70,2,L0070,4096,0,0,True,1785049804.205294,4096,4096,4096,11.343421697616577,False,False,False,False,4096,81.92,1,1,4128.0,True,cache_reused,False,False,0,0.0,2afc66cc2d1feecd9e03dff27c8d0180dac31851e7ba3b36fe8693a923c04257,True,,,1,0,492.151476,1449.819581,6,4157,4,4128
20260726_formal4t4_reuse_intensive_Ideal_rep0,0,Ideal,Ideal,214,reuse_intensive:rep0:req214,reuse_intensive,1,73,1,L0073,1024,1,1,False,1785049804.2053273,1024,1024,1024,11.34315800666809,False,False,False,False,1024,0.0,1,1,1056.0,False,cache_reused,False,False,0,0.0,5d3ffeac17457d23aa272078e7cec2d605034db446104efb7ca5acb04fb06df5,True,,,1,0,123.979881,419.280183,6,1085,4,1056
20260726_formal4t4_reuse_intensive_Ideal_rep0,0,Ideal,Ideal,215,reuse_intensive:rep0:req215,reuse_intensive,1,104,0,L0104,2048,3,,False,1785049804.2053516,0,0,0,,False,False,False,False,0,0.0,0,0,16.0,False,cache_miss,False,False,0,0.0,c1af89bc0e1680ff094087be1335c5987b34cbf630a3b6fa64b143337f1c9f4a,True,,,1,0,3431.469832,3959.957544,6,2109,4,16
20260726_formal4t4_reuse_intensive_Ideal_rep0,0,Ideal,Ideal,216,reuse_intensive:rep0:req216,reuse_intensive,1,64,1,L0064,1024,2,2;3,True,1785049808.1690564,1024,1024,1024,3.9643964767456055,False,False,False,False,1024,20.48,2,2,1056.0,True,cache_reused,False,False,0,0.0,532cd181f3d5b0ab330c177bbddf4abd9f15acdb8c5596b8c20de7f63ad6c024,True,,,1,0,209.526494,564.478964,6,1085,4,1056
20260726_formal4t4_reuse_intensive_Ideal_rep0,0,Ideal,Ideal,217,reuse_intensive:rep0:req217,reuse_intensive,1,69,1,L0069,2048,1,1,True,1785049808.1691084,2048,2048,2048,34.23895072937012,False,False,False,False,2048,40.96,1,1,2080.0,True,cache_reused,False,False,0,0.0,6d78834c4aa9e10a89ac759258bf40f3df9fa55668f7a7fdc964a5b08687584e,True,,,1,0,364.351801,899.806214,6,2109,4,2080
20260726_formal4t4_reuse_intensive_Ideal_rep0,0,Ideal,Ideal,218,reuse_intensive:rep0:req218,reuse_intensive,1,64,2,L0064,1024,3,2;3,False,1785049808.1691468,1024,1024,1024,3.964379072189331,False,False,False,False,1024,0.0,2,2,1056.0,False,cache_reused,False,False,0,0.0,83b0d85c05adfbc6bd410b29732c2b39b9a6dd2a1ba64ab03d2c93db77e7a021,True,,,1,0,119.777693,406.362918,6,1085,4,1056
20260726_formal4t4_reuse_intensive_Ideal_rep0,0,Ideal,Ideal,219,reuse_intensive:rep0:req219,reuse_intensive,1,64,0,L0064,1024,2,2;3,True,1785049808.1691797,1024,1024,1024,3.964519739151001,False,False,False,False,1024,18.48,2,2,1056.0,True,cache_reused,False,False,0,0.0,4ecf52f8de853018433f68fcb8e2432ae39d06de63df3d5e1207f32f2cfc7c06,True,,,1,0,340.858381,660.515249,6,1085,4,1056
20260726_formal4t4_reuse_intensive_Ideal_rep0,0,Ideal,Ideal,220,reuse_intensive:rep0:req220,reuse_intensive,1,65,1,L0065,2048,2,2,True,1785049809.070528,2048,2048,2048,23.18816637992859,False,False,False,False,2048,40.96,1,1,2080.0,True,cache_reused,False,False,0,0.0,65bd2a402be14ec0e0bebb1cd6a5bfd321505351aca2ae25566ae972e1b4b0be,True,,,1,0,201.411599,702.009986,6,2109,4,2080
20260726_formal4t4_reuse_intensive_Ideal_rep0,0,Ideal,Ideal,221,reuse_intensive:rep0:req221,reuse_intensive,1,69,2,L0069,2048,1,1,False,1785049809.0705767,2048,2048,2048,0.0004687309265136719,False,False,False,False,2048,0.0,1,1,2080.0,False,cache_reused,False,False,0,0.0,f6a540b445f4082eb1ecfdcec6834c42fc4845f87dfe7aadcc9b37cccea78546,True,,,1,0,212.676885,1330.112189,6,2109,4,2080
20260726_formal4t4_reuse_intensive_Ideal_rep0,0,Ideal,Ideal,222,reuse_intensive:rep0:req222,reuse_intensive,1,69,0,L0069,2048,1,1,True,1785049809.070612,2048,2048,2048,0.0005040168762207031,False,False,False,False,2048,38.96,1,1,2080.0,True,cache_reused,False,False,0,0.0,edcfdddd85b1adcfd8c0726a68368111381345d6aeae5647f4cd00c1ae6f6a1c,True,,,1,0,673.133217,1652.014558,6,2109,4,2080
20260726_formal4t4_reuse_intensive_Ideal_rep0,0,Ideal,Ideal,223,reuse_intensive:rep0:req223,reuse_intensive,1,68,1,L0068,2048,1,1,True,1785049809.0706403,2048,2048,2048,52.925907135009766,False,False,False,False,2048,36.96,1,1,2080.0,True,cache_reused,False,False,0,0.0,2176817b8afe00fde493411a05bfd8bee33c84657a32b6fef3af245e83aa08d3,True,,,1,0,672.457172,1651.491535,6,2109,4,2080
20260726_formal4t4_reuse_intensive_Ideal_rep0,0,Ideal,Ideal,224,reuse_intensive:rep0:req224,reuse_intensive,1,69,1,L0069,2048,1,1,False,1785049810.7253006,2048,2048,2048,0.0003676414489746094,False,False,False,False,2048,0.0,1,1,2080.0,False,cache_reused,False,False,0,0.0,e2d42b1c197776faa289c1529ce3e409c029b1a364d175ead40271ab7464db7e,True,,,1,0,211.391996,739.16706,6,2109,4,2080
20260726_formal4t4_reuse_intensive_Ideal_rep0,0,Ideal,Ideal,225,reuse_intensive:rep0:req225,reuse_intensive,1,70,0,L0070,4096,0,0,False,1785049810.7253475,4096,4096,4096,2.5569257736206055,False,False,False,False,4096,0.0,1,1,4128.0,False,cache_reused,False,False,0,0.0,d55fb3eb214704007bd068789bc58c4b83cc82c41bbbc6818fc36d91b7ddbc43,True,,,1,0,529.207282,1489.04731,6,4157,4,4128
20260726_formal4t4_reuse_intensive_Ideal_rep0,0,Ideal,Ideal,226,reuse_intensive:rep0:req226,reuse_intensive,1,64,1,L0064,1024,3,2;3,False,1785049810.7253854,1024,1024,1024,1.655097484588623,False,False,False,False,1024,0.0,2,2,1056.0,False,cache_reused,False,False,0,0.0,77e325d3419db64e298612b35366d5bc0981b5690092797e56f0da58a188d964,True,,,1,0,195.480502,529.642634,6,1085,4,1056
20260726_formal4t4_reuse_intensive_Ideal_rep0,0,Ideal,Ideal,227,reuse_intensive:rep0:req227,reuse_intensive,1,65,2,L0065,2048,2,2,False,1785049810.7254171,2048,2048,2048,0.0009133815765380859,False,False,False,False,2048,0.0,1,1,2080.0,False,cache_reused,False,False,0,0.0,a99f9aeb25e4a0363971e428776d7972c19dfa8c641fe87df26860e43497d4b9,True,,,1,0,200.291391,701.842269,6,2109,4,2080
20260726_formal4t4_reuse_intensive_Ideal_rep0,0,Ideal,Ideal,228,reuse_intensive:rep0:req228,reuse_intensive,1,65,0,L0065,2048,2,2,True,1785049812.2163923,2048,2048,2048,0.0002110004425048828,False,False,False,False,2048,40.96,1,1,2080.0,True,cache_reused,False,False,0,0.0,9e0c4a1dc189f3fbd4223236382a2e4c86cec18d8c0774d3573c35a9a57b70d4,True,,,1,0,200.297075,1506.066442,6,2109,4,2080
20260726_formal4t4_reuse_intensive_Ideal_rep0,0,Ideal,Ideal,229,reuse_intensive:rep0:req229,reuse_intensive,1,66,1,L0066,2048,0,0,True,1785049812.2164397,2048,2048,2048,71.10598564147949,False,False,False,False,2048,40.96,1,1,2080.0,True,cache_reused,False,False,0,0.0,efddec17e4db111ed842cc53f2ecb473965720e830ed07b01097097dc8a51918,True,,,1,0,221.011058,789.227515,6,2109,4,2080
20260726_formal4t4_reuse_intensive_Ideal_rep0,0,Ideal,Ideal,230,reuse_intensive:rep0:req230,reuse_intensive,1,73,2,L0073,1024,1,1,True,1785049812.2164743,1024,1024,1024,4.047747373580933,False,False,False,False,1024,20.48,1,1,1056.0,True,cache_reused,False,False,0,0.0,2953aa3f9b31600db0815b063d53a2bb11b61a91a78fe4aef9c9fbd721ae7c8c,True,,,1,0,120.463536,413.3591,6,1085,4,1056
20260726_formal4t4_reuse_intensive_Ideal_rep0,0,Ideal,Ideal,231,reuse_intensive:rep0:req231,reuse_intensive,1,112,1,L0112,4096,2,2,True,1785049812.2165048,4096,4096,4096,59.70494198799133,False,False,False,False,4096,79.92,1,1,4128.0,True,cache_reused,False,False,0,0.0,3ec2a8218fe830622ccbdfc244d2eed35b8c25937a14d99f7fd9a6bb01ea252e,True,,,1,0,632.689839,1795.026356,6,4157,4,4128
20260726_formal4t4_reuse_intensive_Ideal_rep0,0,Ideal,Ideal,232,reuse_intensive:rep0:req232,reuse_intensive,1,65,1,L0065,2048,2,2,True,1785049814.0145772,2048,2048,2048,0.0008780956268310547,False,False,False,False,2048,40.96,1,1,2080.0,True,cache_reused,False,False,0,0.0,a265901d230d770f36c20eb8e5cc9c4f2ba7be3b0d31578caef6c211bfbd09ca,True,,,1,0,200.266429,955.452766,6,2109,4,2080
20260726_formal4t4_reuse_intensive_Ideal_rep0,0,Ideal,Ideal,233,reuse_intensive:rep0:req233,reuse_intensive,1,67,1,L0067,1024,0,0,True,1785049814.0146272,1024,1024,1024,28.133085012435913,False,False,False,False,1024,20.48,1,1,1056.0,True,cache_reused,False,False,0,0.0,45d1c4cdd67cd48c640e09d7889046a996e4302b1a5c10e96e90fa34f2268c99,True,,,1,0,124.972071,422.899645,6,1085,4,1056
20260726_formal4t4_reuse_intensive_Ideal_rep0,0,Ideal,Ideal,234,reuse_intensive:rep0:req234,reuse_intensive,1,64,2,L0064,1024,3,2;3,False,1785049814.0146668,1024,1024,1024,1.7985868453979492,False,False,False,False,1024,0.0,2,2,1056.0,False,cache_reused,False,False,0,0.0,7c388c0e46ef0700c6e1dc028a56ccafdec39bc2eddeb685c2148d2380663808,True,,,1,0,230.840912,535.559479,6,1085,4,1056
20260726_formal4t4_reuse_intensive_Ideal_rep0,0,Ideal,Ideal,235,reuse_intensive:rep0:req235,reuse_intensive,1,64,0,L0064,1024,2,2;3,True,1785049814.0147018,1024,1024,1024,4.944314956665039,False,False,False,False,1024,18.48,2,2,1056.0,True,cache_reused,False,False,0,0.0,9aee45cdf8abe3d15b9309dffbea1262de4c05b62bd400e0789a80a7c11a912c,True,,,1,0,451.696633,1053.163118,6,1085,4,1056
20260726_formal4t4_reuse_intensive_Ideal_rep0,0,Ideal,Ideal,236,reuse_intensive:rep0:req236,reuse_intensive,1,73,0,L0073,1024,1,1,False,1785049815.0704362,1024,1024,1024,1.0563082695007324,False,False,False,False,1024,0.0,1,1,1056.0,False,cache_reused,False,False,0,0.0,0796e9bfef01371dd42ad7f433555457057d23fbdd6d18551ad23dd9455809f4,True,,,1,0,217.045102,506.165033,6,1085,4,1056
20260726_formal4t4_reuse_intensive_Ideal_rep0,0,Ideal,Ideal,237,reuse_intensive:rep0:req237,reuse_intensive,1,66,2,L0066,2048,0,0,False,1785049815.0704825,2048,2048,2048,1.0565268993377686,False,False,False,False,2048,0.0,1,1,2080.0,False,cache_reused,False,False,0,0.0,555fe80874a198aed31810a3e8f283c5d07a714dbe5fad25b4b863e940908e3b,True,,,1,0,220.088272,787.771726,6,2109,4,2080
20260726_formal4t4_reuse_intensive_Ideal_rep0,0,Ideal,Ideal,238,reuse_intensive:rep0:req238,reuse_intensive,1,77,2,L0077,1024,3,3,False,1785049815.0705175,1024,1024,1024,28.2675142288208,False,False,False,False,1024,0.0,1,1,1056.0,False,cache_reused,False,False,0,0.0,4c42cec624375bb94a1ffada26924a498229b60ecbdb47afc0cfd355085ac208,True,,,1,0,124.2513,428.775215,6,1085,4,1056
20260726_formal4t4_reuse_intensive_Ideal_rep0,0,Ideal,Ideal,239,reuse_intensive:rep0:req239,reuse_intensive,1,65,2,L0065,2048,2,2,False,1785049815.0705464,2048,2048,2048,0.0006701946258544922,False,False,False,False,2048,0.0,1,1,2080.0,False,cache_reused,False,False,0,0.0,954ce9c1b144ae909bbe733885ab209f5e16c9e5584cf3b103bf8f00e80f90bc,True,,,1,0,198.350113,700.180338,6,2109,4,2080
20260726_formal4t4_reuse_intensive_Ideal_rep0,0,Ideal,Ideal,240,reuse_intensive:rep0:req240,reuse_intensive,1,65,0,L0065,2048,2,2,True,1785049815.8598447,2048,2048,2048,0.0002288818359375,False,False,False,False,2048,40.96,1,1,2080.0,True,cache_reused,False,False,0,0.0,9f3640c695bb0dfdf5353ba28f8e3c5bb1c47f11651c5e4d098c1fb6e4d176f9,True,,,1,0,200.128783,705.431083,6,2109,4,2080
20260726_formal4t4_reuse_intensive_Ideal_rep0,0,Ideal,Ideal,241,reuse_intensive:rep0:req241,reuse_intensive,1,82,0,L0082,4096,3,,False,1785049815.859884,0,0,0,,False,False,False,False,0,0.0,0,0,32.0,False,cache_miss,False,False,0,0.0,83b64869ce55540de1d27efbdbb1997adf887619c4525922d64770b313120245,True,,,1,0,10927.672786,12076.873428,6,4157,4,32
20260726_formal4t4_reuse_intensive_Ideal_rep0,0,Ideal,Ideal,242,reuse_intensive:rep0:req242,reuse_intensive,1,77,0,L0077,1024,3,3,True,1785049815.859919,1024,1024,1024,0.00039958953857421875,False,False,False,False,1024,18.48,1,1,1056.0,True,cache_reused,False,False,0,0.0,893b4408dc322fd5b2f73ce3d24a5b86c1c62a3b0fda96d987cae6f2a8e4d2f3,True,,,1,0,10927.106282,12076.407036,6,1085,4,1056
20260726_formal4t4_reuse_intensive_Ideal_rep0,0,Ideal,Ideal,243,reuse_intensive:rep0:req243,reuse_intensive,1,67,2,L0067,1024,0,0,False,1785049815.8599505,1024,1024,1024,0.789858341217041,False,False,False,False,1024,0.0,1,1,1056.0,False,cache_reused,False,False,0,0.0,3150682e15fdeab9abc6f7e7001176ac96ba7b08b82b0756af6aa17d274b0021,True,,,1,0,122.031875,418.339025,6,1085,4,1056
20260726_formal4t4_reuse_intensive_Ideal_rep0,0,Ideal,Ideal,244,reuse_intensive:rep0:req244,reuse_intensive,1,67,0,L0067,1024,0,0,False,1785049827.9388537,1024,1024,1024,0.00015473365783691406,False,False,False,False,1024,0.0,1,1,1056.0,False,cache_reused,False,False,0,0.0,96cc0e464cda666a551182d31643214e1456635ba509abf912b3023a0b230854,True,,,1,0,560.93432,1382.286486,6,1085,4,1056
20260726_formal4t4_reuse_intensive_Ideal_rep0,0,Ideal,Ideal,245,reuse_intensive:rep0:req245,reuse_intensive,1,66,0,L0066,2048,0,0,True,1785049827.9389024,2048,2048,2048,12.079557180404663,False,False,False,False,2048,38.96,1,1,2080.0,True,cache_reused,False,False,0,0.0,9328000ea39509bdfa823e032c34e61fb0b48c3d8b20f34fcf5c3754bf78cc4e,True,,,1,0,560.034235,1381.29185,6,2109,4,2080
20260726_formal4t4_reuse_intensive_Ideal_rep0,0,Ideal,Ideal,246,reuse_intensive:rep0:req246,reuse_intensive,1,65,1,L0065,2048,2,2,True,1785049827.9389374,2048,2048,2048,0.0008678436279296875,False,False,False,False,2048,40.96,1,1,2080.0,True,cache_reused,False,False,0,0.0,c22f54972091c70a98e0710ba5f76cdbb48523e43fbdb30b7014cf8de24acdf9,True,,,1,0,349.118449,904.852272,6,2109,4,2080
20260726_formal4t4_reuse_intensive_Ideal_rep0,0,Ideal,Ideal,247,reuse_intensive:rep0:req247,reuse_intensive,1,65,2,L0065,2048,2,2,True,1785049827.9389677,2048,2048,2048,0.0008981227874755859,False,False,False,False,2048,38.96,1,1,2080.0,True,cache_reused,False,False,0,0.0,8bda855d9bf0d949a987d1094bb01761652b41ebe981a9112426c54f3e443ce0,True,,,1,0,541.734297,1072.668613,6,2109,4,2080
20260726_formal4t4_reuse_intensive_Ideal_rep0,0,Ideal,Ideal,248,reuse_intensive:rep0:req248,reuse_intensive,1,69,2,L0069,2048,1,1,True,1785049829.3222208,2048,2048,2048,17.106709718704224,False,False,False,False,2048,40.96,1,1,2080.0,True,cache_reused,False,False,0,0.0,42ede142cd647abc555f299839dcd87fca20951b8dddee014c34622255f7068c,True,,,1,0,335.643718,1139.245103,6,2109,4,2080
20260726_formal4t4_reuse_intensive_Ideal_rep0,0,Ideal,Ideal,249,reuse_intensive:rep0:req249,reuse_intensive,1,65,0,L0065,2048,2,2,True,1785049829.3222687,2048,2048,2048,0.00025343894958496094,False,False,False,False,2048,40.96,1,1,2080.0,True,cache_reused,False,False,0,0.0,04de740e6ab9705a154e14b96af6d1be1922ae00fbf6e34d7e5f09df65d051ca,True,,,1,0,202.824175,749.953216,6,2109,4,2080
20260726_formal4t4_reuse_intensive_Ideal_rep0,0,Ideal,Ideal,250,reuse_intensive:rep0:req250,reuse_intensive,1,65,1,L0065,2048,2,2,True,1785049829.3223035,2048,2048,2048,0.00028824806213378906,False,False,False,False,2048,38.96,1,1,2080.0,True,cache_reused,False,False,0,0.0,7af286292abea9e1872940c370063145ebfd8f62ddcdf0943657fa82278f740c,True,,,1,0,384.817642,917.255336,6,2109,4,2080
20260726_formal4t4_reuse_intensive_Ideal_rep0,0,Ideal,Ideal,251,reuse_intensive:rep0:req251,reuse_intensive,1,73,1,L0073,1024,1,1,True,1785049829.3223314,1024,1024,1024,13.46312952041626,False,False,False,False,1024,18.48,1,1,1056.0,True,cache_reused,False,False,0,0.0,229e24165423053354a79e6e09ca11c32e74828b021546817ba8e85375ab7548,True,,,1,0,610.786206,1235.14275,6,1085,4,1056
20260726_formal4t4_reuse_intensive_Ideal_rep0,0,Ideal,Ideal,252,reuse_intensive:rep0:req252,reuse_intensive,1,66,1,L0066,2048,0,0,False,1785049830.5605044,2048,2048,2048,1.2388617992401123,False,False,False,False,2048,0.0,1,1,2080.0,False,cache_reused,False,False,0,0.0,5b230df75ef565fd37fc7a2999d93283f46bad7b8db2ae4c14c4eb5eb75eed20,True,,,1,0,226.596008,799.799611,6,2109,4,2080
20260726_formal4t4_reuse_intensive_Ideal_rep0,0,Ideal,Ideal,253,reuse_intensive:rep0:req253,reuse_intensive,1,64,1,L0064,1024,2,2;3,False,1785049830.5605562,1024,1024,1024,15.490260124206543,False,False,False,False,1024,0.0,2,2,1056.0,False,cache_reused,False,False,0,0.0,8ff58a2063120351e221bfb18e1efb9815fb06faad952e4b8b3b16034542db61,True,,,1,0,124.415795,423.664279,6,1085,4,1056
20260726_formal4t4_reuse_intensive_Ideal_rep0,0,Ideal,Ideal,254,reuse_intensive:rep0:req254,reuse_intensive,1,64,2,L0064,1024,3,2;3,True,1785049830.5605953,1024,1024,1024,15.49039888381958,False,False,False,False,1024,20.48,2,2,1056.0,True,cache_reused,False,False,0,0.0,aea505c6421cc0d35ae65fb0f949e0530c9ffff98a78e4cba58b2ea0269905e2,True,,,1,0,227.056913,1066.570518,6,1085,4,1056
20260726_formal4t4_reuse_intensive_Ideal_rep0,0,Ideal,Ideal,255,reuse_intensive:rep0:req255,reuse_intensive,1,104,1,L0104,2048,3,3,True,1785049830.5606265,2048,2048,2048,22.39179015159607,False,False,False,False,2048,38.96,1,1,2080.0,True,cache_reused,False,False,0,0.0,ca48b6f86c092b476da13ebb772c04aeaf8df9d277e4911df489f716957bb052,True,,,1,0,536.954513,1241.37716,6,2109,4,2080
20260726_formal4t4_reuse_intensive_Ideal_rep0,0,Ideal,Ideal,256,reuse_intensive:rep0:req256,reuse_intensive,1,64,0,L0064,1024,3,2;3,True,1785049831.8045757,1024,1024,1024,0.0003113746643066406,False,False,False,False,1024,20.48,2,2,1056.0,True,cache_reused,False,False,0,0.0,e65c65cb50eb16e5f5f76e43ea37605921bd4922d8f6498c4ac0aefad3d6b849,True,,,1,0,119.888363,434.456321,6,1085,4,1056
20260726_formal4t4_reuse_intensive_Ideal_rep0,0,Ideal,Ideal,257,reuse_intensive:rep0:req257,reuse_intensive,1,73,2,L0073,1024,1,1,True,1785049831.804624,1024,1024,1024,1.2442584037780762,False,False,False,False,1024,20.48,1,1,1056.0,True,cache_reused,False,False,0,0.0,d02a9978e434abba34e7dbca47fb8525a7ec6ad0980cf713cee532655d0bfc09,True,,,1,0,123.347434,420.583613,6,1085,4,1056
20260726_formal4t4_reuse_intensive_Ideal_rep0,0,Ideal,Ideal,258,reuse_intensive:rep0:req258,reuse_intensive,1,72,0,L0072,4096,2,2,True,1785049831.8046584,4096,4096,4096,23.636613607406616,False,False,False,False,4096,81.92,1,1,4128.0,True,cache_reused,False,False,0,0.0,f23a412d203038b0987058cbef9325aa5be30e3e83e29d96b84c3d691cd04056,True,,,1,0,326.574425,1229.134064,6,4157,4,4128
20260726_formal4t4_reuse_intensive_Ideal_rep0,0,Ideal,Ideal,259,reuse_intensive:rep0:req259,reuse_intensive,1,64,1,L0064,1024,3,2;3,True,1785049831.8046892,1024,1024,1024,0.0004248619079589844,False,False,False,False,1024,18.48,2,2,1056.0,True,cache_reused,False,False,0,0.0,67ed7c18c751d2780cfb0d26209059641e554a6e8284e47d8135d368fa7dc35d,True,,,1,0,224.498514,528.758547,6,1085,4,1056
20260726_formal4t4_reuse_intensive_Ideal_rep0,0,Ideal,Ideal,260,reuse_intensive:rep0:req260,reuse_intensive,1,76,0,L0076,2048,0,,False,1785049833.0359132,0,0,0,,False,False,False,False,0,0.0,0,0,32.0,False,cache_miss,False,False,0,0.0,e12e0d3e0ebbfb128e6d53d1fc6db621e3c6da9b512f95931e6c97e01d265e94,True,,,1,0,3126.298188,3637.537127,6,2109,4,32
20260726_formal4t4_reuse_intensive_Ideal_rep0,0,Ideal,Ideal,261,reuse_intensive:rep0:req261,reuse_intensive,1,68,2,L0068,2048,1,1,True,1785049833.0359643,2048,2048,2048,22.310869932174683,False,False,False,False,2048,40.96,1,1,2080.0,True,cache_reused,False,False,0,0.0,31ae01a3811c52d2e4593ca0e8aef3fdeb7a2905a643019ed06fccf033385439,True,,,1,0,198.817679,690.571158,6,2109,4,2080
20260726_formal4t4_reuse_intensive_Ideal_rep0,0,Ideal,Ideal,262,reuse_intensive:rep0:req262,reuse_intensive,1,64,2,L0064,1024,3,2;3,False,1785049833.0360057,1024,1024,1024,0.00023365020751953125,False,False,False,False,1024,0.0,2,2,1056.0,False,cache_reused,False,False,0,0.0,115b74cd0938b5897d4c7aa598f626f6a2a61b78b24fa995cb1fc0ff9546b269,True,,,1,0,116.967033,401.373392,6,1085,4,1056
20260726_formal4t4_reuse_intensive_Ideal_rep0,0,Ideal,Ideal,263,reuse_intensive:rep0:req263,reuse_intensive,1,64,0,L0064,1024,2,2;3,False,1785049833.0360394,1024,1024,1024,1.2318847179412842,False,False,False,False,1024,0.0,2,2,1056.0,False,cache_reused,False,False,0,0.0,56b09f92238c2bceca52339dcfb0d836134fa96bc14c61678abfc7a8bd1f56c0,True,,,1,0,115.338442,410.967062,6,1085,4,1056
20260726_formal4t4_reuse_intensive_Ideal_rep0,0,Ideal,Ideal,264,reuse_intensive:rep0:req264,reuse_intensive,1,71,2,L0071,1024,0,0,True,1785049836.6745043,1024,1024,1024,32.46999549865723,False,False,False,False,1024,20.48,1,1,1056.0,True,cache_reused,False,False,0,0.0,1fdf9da33b4abcae08cb79981e8a416071c4503a56ecb942543697b318ac119a,True,,,1,0,121.522476,421.585075,6,1085,4,1056
20260726_formal4t4_reuse_intensive_Ideal_rep0,0,Ideal,Ideal,265,reuse_intensive:rep0:req265,reuse_intensive,1,65,2,L0065,2048,2,2,True,1785049836.674551,2048,2048,2048,6.114346265792847,False,False,False,False,2048,40.96,1,1,2080.0,True,cache_reused,False,False,0,0.0,5ad1dec65af800af0c0ce7b77d830321f3acc7e55aa98b179efb892eeccf5699,True,,,1,0,349.203688,1912.579622,6,2109,4,2080
20260726_formal4t4_reuse_intensive_Ideal_rep0,0,Ideal,Ideal,266,reuse_intensive:rep0:req266,reuse_intensive,1,65,0,L0065,2048,2,2,True,1785049836.6745846,2048,2048,2048,6.1143798828125,False,False,False,False,2048,38.96,1,1,2080.0,True,cache_reused,False,False,0,0.0,08e4efdced2fcb136d36b1026ee7197f8bfa3e2f46fe0be5611018444289b38c,True,,,1,0,999.135747,2365.913031,6,2109,4,2080
20260726_formal4t4_reuse_intensive_Ideal_rep0,0,Ideal,Ideal,267,reuse_intensive:rep0:req267,reuse_intensive,1,72,1,L0072,4096,2,2,True,1785049836.6746116,4096,4096,4096,3.639138698577881,False,False,False,False,4096,77.92,1,1,4128.0,True,cache_reused,False,False,0,0.0,0d70f75e37864b14b00c2831fa3aeb435117facdcbfdfaebe82831e22e33e685,True,,,1,0,998.775448,2365.571276,6,4157,4,4128
20260726_formal4t4_reuse_intensive_Ideal_rep0,0,Ideal,Ideal,268,reuse_intensive:rep0:req268,reuse_intensive,1,64,1,L0064,1024,3,2;3,False,1785049839.0427227,1024,1024,1024,2.368464708328247,False,False,False,False,1024,0.0,2,2,1056.0,False,cache_reused,False,False,0,0.0,dd363ea3d343d33993a8b8b11edd8d9c07fd2576e087b9a38af0d360c06bfabc,True,,,1,0,222.410853,558.681698,6,1085,4,1056
20260726_formal4t4_reuse_intensive_Ideal_rep0,0,Ideal,Ideal,269,reuse_intensive:rep0:req269,reuse_intensive,1,65,1,L0065,2048,2,2,False,1785049839.042756,2048,2048,2048,0.00038123130798339844,False,False,False,False,2048,0.0,1,1,2080.0,False,cache_reused,False,False,0,0.0,e46e35035c23e7db6c0f6a47e05d03e05f8bc1520dca5d6e419f3487149445d2,True,,,1,0,206.057745,946.042421,6,2109,4,2080
20260726_formal4t4_reuse_intensive_Ideal_rep0,0,Ideal,Ideal,270,reuse_intensive:rep0:req270,reuse_intensive,1,84,1,L0084,2048,1,1,False,1785049839.0427933,2048,2048,2048,97.93251824378967,False,False,False,False,2048,0.0,1,1,2080.0,False,cache_reused,False,False,0,0.0,927bb22d9102d0c531f0b8a81addd5597437f57e499060b8a97056cf3011aaba,True,,,1,0,363.892455,878.512323,6,2109,4,2080
20260726_formal4t4_reuse_intensive_Ideal_rep0,0,Ideal,Ideal,271,reuse_intensive:rep0:req271,reuse_intensive,1,81,1,L0081,1024,2,2,True,1785049839.0428147,1024,1024,1024,82.89788269996643,False,False,False,False,1024,18.48,1,1,1056.0,True,cache_reused,False,False,0,0.0,eaa2509a7df99e68de3d8cdd996e493a72d14002a32b202b4c17a88de8b38e6b,True,,,1,0,452.3679,1041.791305,6,1085,4,1056
20260726_formal4t4_reuse_intensive_Ideal_rep0,0,Ideal,Ideal,272,reuse_intensive:rep0:req272,reuse_intensive,1,64,2,L0064,1024,3,2;3,False,1785049840.0865781,1024,1024,1024,0.00032019615173339844,False,False,False,False,1024,0.0,2,2,1056.0,False,cache_reused,False,False,0,0.0,a2f5cf28666e3bc874023deb772dbcdc9fd9c0a3657b93acca264ecee0fc0425,True,,,1,0,119.261068,407.215728,6,1085,4,1056
20260726_formal4t4_reuse_intensive_Ideal_rep0,0,Ideal,Ideal,273,reuse_intensive:rep0:req273,reuse_intensive,1,79,0,L0079,2048,1,,False,1785049840.086609,0,0,0,,False,False,False,False,0,0.0,0,0,32.0,False,cache_miss,False,False,0,0.0,14fff226d2ef2363fb94638bf4b90eb0c420ff5ecab76fbd0521caf5df9fbe05,True,,,1,0,2967.968618,3479.168988,6,2109,4,32
20260726_formal4t4_reuse_intensive_Ideal_rep0,0,Ideal,Ideal,274,reuse_intensive:rep0:req274,reuse_intensive,1,64,0,L0064,1024,2,2;3,True,1785049840.086637,1024,1024,1024,3.412276268005371,False,False,False,False,1024,20.48,2,2,1056.0,True,cache_reused,False,False,0,0.0,2a8cd7654fdbc8b00ef38336b28fc3770aa83669dd12097ece6860f61f8c3f1d,True,,,1,0,134.543017,886.176284,6,1085,4,1056
20260726_formal4t4_reuse_intensive_Ideal_rep0,0,Ideal,Ideal,275,reuse_intensive:rep0:req275,reuse_intensive,1,65,2,L0065,2048,2,2,True,1785049840.0866616,2048,2048,2048,0.0003235340118408203,False,False,False,False,2048,38.96,1,1,2080.0,True,cache_reused,False,False,0,0.0,db95b2fcc5da88b6836659e12b653ec4a2186077d9528b2bf0be54517ae8ef30,True,,,1,0,384.264801,1051.794007,6,2109,4,2080
20260726_formal4t4_reuse_intensive_Ideal_rep0,0,Ideal,Ideal,276,reuse_intensive:rep0:req276,reuse_intensive,1,69,0,L0069,2048,1,1,True,1785049843.5672371,2048,2048,2048,13.007425546646118,False,False,False,False,2048,40.96,1,1,2080.0,True,cache_reused,False,False,0,0.0,6f0af9f319f3e28efb7664ee003c160f3303e260a0117405d3b9f47d2c6c5c73,True,,,1,0,211.006327,742.808334,6,2109,4,2080
20260726_formal4t4_reuse_intensive_Ideal_rep0,0,Ideal,Ideal,277,reuse_intensive:rep0:req277,reuse_intensive,1,65,0,L0065,2048,2,2,True,1785049843.5672836,2048,2048,2048,0.0002639293670654297,False,False,False,False,2048,40.96,1,1,2080.0,True,cache_reused,False,False,0,0.0,ae77377d126e06091ac68b985d7a31440d33d785ae7d81447503a320f604dd07,True,,,1,0,338.473287,889.161905,6,2109,4,2080
20260726_formal4t4_reuse_intensive_Ideal_rep0,0,Ideal,Ideal,278,reuse_intensive:rep0:req278,reuse_intensive,1,110,0,L0110,2048,0,,False,1785049843.5673115,0,0,0,,False,False,False,False,0,0.0,0,0,32.0,False,cache_miss,False,False,0,0.0,9c25161e05a21358285c8c4cf0bf7836c5d207fb36d373b6d861fd7ee5a07178,True,,,1,0,3222.262794,3758.690958,6,2109,4,32
20260726_formal4t4_reuse_intensive_Ideal_rep0,0,Ideal,Ideal,279,reuse_intensive:rep0:req279,reuse_intensive,1,65,1,L0065,2048,2,2,True,1785049843.5673413,2048,2048,2048,0.0003216266632080078,False,False,False,False,2048,38.96,1,1,2080.0,True,cache_reused,False,False,0,0.0,c9a01950720f9b2427d7f649b43019ea8381666643e21c8941ae2feed56cfab8,True,,,1,0,521.783949,1054.900355,6,2109,4,2080
20260726_formal4t4_reuse_intensive_Ideal_rep0,0,Ideal,Ideal,280,reuse_intensive:rep0:req280,reuse_intensive,1,64,1,L0064,1024,2,2;3,True,1785049847.3279243,1024,1024,1024,3.7610085010528564,False,False,False,False,1024,20.48,2,2,1056.0,True,cache_reused,False,False,0,0.0,9cac2d6e503faa855769e218e227db9de2bb9764014e71f0d2c6b7887af7e136,True,,,1,0,233.486095,1043.682626,6,1085,4,1056
20260726_formal4t4_reuse_intensive_Ideal_rep0,0,Ideal,Ideal,281,reuse_intensive:rep0:req281,reuse_intensive,1,65,2,L0065,2048,2,2,True,1785049847.3279464,2048,2048,2048,0.000118255615234375,False,False,False,False,2048,38.96,1,1,2080.0,True,cache_reused,False,False,0,0.0,5993569a73eaa3e2893adf5464e317b656a446ce5b61b3199d3c36b6ca4846d4,True,,,1,0,536.43279,1211.824407,6,2109,4,2080
20260726_formal4t4_reuse_intensive_Ideal_rep0,0,Ideal,Ideal,282,reuse_intensive:rep0:req282,reuse_intensive,1,64,2,L0064,1024,3,2;3,False,1785049847.327963,1024,1024,1024,3.7614033222198486,False,False,False,False,1024,0.0,2,2,1056.0,False,cache_reused,False,False,0,0.0,7be974d6d1a20c814b4b4edfcf4fa7d6c0a36412d9900ba3838c572cf5faa8a8,True,,,1,0,217.878937,536.735574,6,1085,4,1056
20260726_formal4t4_reuse_intensive_Ideal_rep0,0,Ideal,Ideal,283,reuse_intensive:rep0:req283,reuse_intensive,1,96,0,L0096,2048,1,,False,1785049847.3279746,0,0,0,,False,False,False,False,0,0.0,0,0,32.0,False,cache_miss,False,False,0,0.0,c8731fc7e8f51414afbd965435a5f37b84625ff872e37edc7e60b8dfd749cde5,True,,,1,0,3449.114264,3973.896882,6,2109,4,32
20260726_formal4t4_reuse_intensive_Ideal_rep0,0,Ideal,Ideal,284,reuse_intensive:rep0:req284,reuse_intensive,1,64,0,L0064,1024,3,2;3,True,1785049851.30364,1024,1024,1024,0.00031185150146484375,False,False,False,False,1024,20.48,2,2,1056.0,True,cache_reused,False,False,0,0.0,25c214f4099943fc868b2ee2d539d97f10bb1b5224f4e98309baccf02b380143,True,,,1,0,250.960328,593.038204,6,1085,4,1056
20260726_formal4t4_reuse_intensive_Ideal_rep0,0,Ideal,Ideal,285,reuse_intensive:rep0:req285,reuse_intensive,1,64,1,L0064,1024,2,2;3,True,1785049851.303689,1024,1024,1024,0.0006916522979736328,False,False,False,False,1024,20.48,2,2,1056.0,True,cache_reused,False,False,0,0.0,46e8fe0578d15c3946f019fd5d7624fac950fbd15e07004b74b2a9b4ab345364,True,,,1,0,227.861847,564.466565,6,1085,4,1056
20260726_formal4t4_reuse_intensive_Ideal_rep0,0,Ideal,Ideal,286,reuse_intensive:rep0:req286,reuse_intensive,1,69,1,L0069,2048,1,1,True,1785049851.3037236,2048,2048,2048,3.976173162460327,False,False,False,False,2048,40.96,1,1,2080.0,True,cache_reused,False,False,0,0.0,f32562c347259c80903117ce6a65a8da1156bc896a4e75b2dc9c6de137fa8dc0,True,,,1,0,200.135913,731.197546,6,2109,4,2080
20260726_formal4t4_reuse_intensive_Ideal_rep0,0,Ideal,Ideal,287,reuse_intensive:rep0:req287,reuse_intensive,1,80,0,L0080,1024,0,,False,1785049851.303749,0,0,0,,False,False,False,False,0,0.0,0,0,32.0,False,cache_miss,False,False,0,0.0,4c64ec713364d042f7c9cbac09dcc61ab9f05327274ba600470dee24e368dd8c,True,,,1,0,1009.477692,1322.840725,6,1085,4,32
20260726_formal4t4_reuse_intensive_Ideal_rep0,0,Ideal,Ideal,288,reuse_intensive:rep0:req288,reuse_intensive,1,67,1,L0067,1024,0,0,True,1785049852.62905,1024,1024,1024,23.307555437088013,False,False,False,False,1024,20.48,1,1,1056.0,True,cache_reused,False,False,0,0.0,bb60e5087ba1444601e3a69378941120746b78220b1f36701a73ae80b351cd67,True,,,1,0,125.591001,1334.680815,6,1085,4,1056
20260726_formal4t4_reuse_intensive_Ideal_rep0,0,Ideal,Ideal,289,reuse_intensive:rep0:req289,reuse_intensive,1,95,0,L0095,1024,3,,False,1785049852.629088,0,0,0,,False,False,False,False,0,0.0,0,0,32.0,False,cache_miss,False,False,0,0.0,05a2a36f5f68e1068d016e39f351613c51f2be00d82d9f73485d95d45dd448aa,True,,,1,0,954.500893,1260.444967,6,1085,4,32
20260726_formal4t4_reuse_intensive_Ideal_rep0,0,Ideal,Ideal,290,reuse_intensive:rep0:req290,reuse_intensive,1,70,1,L0070,4096,0,0,True,1785049852.6291225,4096,4096,4096,40.413382053375244,False,False,False,False,4096,79.92,1,1,4128.0,True,cache_reused,False,False,0,0.0,1e59616a992e8b82724d9751ee9e96258466c9c5b263208398a4718fb55ec999,True,,,1,0,527.816451,1651.33898,6,4157,4,4128
20260726_formal4t4_reuse_intensive_Ideal_rep0,0,Ideal,Ideal,291,reuse_intensive:rep0:req291,reuse_intensive,1,64,2,L0064,1024,2,2;3,True,1785049852.6291585,1024,1024,1024,0.0003361701965332031,False,False,False,False,1024,20.48,2,2,1056.0,True,cache_reused,False,False,0,0.0,ab9febcf09195757960e92cfd0f91ecc5183d47c8691aae9ec4dc23eeef3cc8d,True,,,1,0,123.595964,423.898551,6,1085,4,1056
20260726_formal4t4_reuse_intensive_Ideal_rep0,0,Ideal,Ideal,292,reuse_intensive:rep0:req292,reuse_intensive,1,64,0,L0064,1024,2,2;3,False,1785049854.282596,1024,1024,1024,0.0001480579376220703,False,False,False,False,1024,0.0,2,2,1056.0,False,cache_reused,False,False,0,0.0,abf96b7b87712570df74ad432906937ce5eefade79b8f0dff77ee04aed016108,True,,,1,0,124.195133,423.008069,6,1085,4,1056
20260726_formal4t4_reuse_intensive_Ideal_rep0,0,Ideal,Ideal,293,reuse_intensive:rep0:req293,reuse_intensive,1,89,0,L0089,2048,0,,False,1785049854.2826352,0,0,0,,False,False,False,False,0,0.0,0,0,32.0,False,cache_miss,False,False,0,0.0,9f9096fc9d005ca345354afed9619fc5ceb9f70ad5bb015608bd7d035f3ac4f1,True,,,1,0,3641.132076,5027.724459,6,2109,4,32
20260726_formal4t4_reuse_intensive_Ideal_rep0,0,Ideal,Ideal,294,reuse_intensive:rep0:req294,reuse_intensive,1,106,0,L0106,1024,3,,False,1785049854.2826612,0,0,0,,False,False,False,False,0,0.0,0,0,32.0,False,cache_miss,False,False,0,0.0,e0fa4d3a232fbf44870e3040a90d2e2f71e88240121d6f56e7bdb95334e519b8,True,,,1,0,914.658062,1204.536926,6,1085,4,32
20260726_formal4t4_reuse_intensive_Ideal_rep0,0,Ideal,Ideal,295,reuse_intensive:rep0:req295,reuse_intensive,1,70,2,L0070,4096,0,0,True,1785049854.2826948,4096,4096,4096,0.0005602836608886719,False,False,False,False,4096,79.92,1,1,4128.0,True,cache_reused,False,False,0,0.0,3c8d5520febc3aa87fdfc32e51a961cbc1cbd3cf377593ba6e6b17c84fa7d8ac,True,,,1,0,3639.91663,5026.555792,6,4157,4,4128
20260726_formal4t4_reuse_intensive_Ideal_rep0,0,Ideal,Ideal,296,reuse_intensive:rep0:req296,reuse_intensive,1,66,2,L0066,2048,0,0,False,1785049859.311654,2048,2048,2048,27.507717847824097,False,False,False,False,2048,0.0,1,1,2080.0,False,cache_reused,False,False,0,0.0,110ca92b1de0ccc36810f97ee979f4633dbe031f058768781ff7bcfb586af1de,True,,,1,0,224.197523,795.83721,6,2109,4,2080
20260726_formal4t4_reuse_intensive_Ideal_rep0,0,Ideal,Ideal,297,reuse_intensive:rep0:req297,reuse_intensive,1,119,0,L0119,4096,1,,False,1785049859.3116715,0,0,0,,False,False,False,False,0,0.0,0,0,32.0,False,cache_miss,False,False,0,0.0,cd632675559df85468ca600c71c5a104e65f03f835f4e56efd7e7269826976bc,True,,,1,0,11214.701542,12567.22298,6,4157,4,32
20260726_formal4t4_reuse_intensive_Ideal_rep0,0,Ideal,Ideal,298,reuse_intensive:rep0:req298,reuse_intensive,1,64,1,L0064,1024,3,2;3,False,1785049859.3116891,1024,1024,1024,6.682960510253906,False,False,False,False,1024,0.0,2,2,1056.0,False,cache_reused,False,False,0,0.0,23ee62ac17b4d45ee85299bcf888534c558b39f639fcb3428ae78b00206b0a3d,True,,,1,0,210.245135,551.713451,6,1085,4,1056
20260726_formal4t4_reuse_intensive_Ideal_rep0,0,Ideal,Ideal,299,reuse_intensive:rep0:req299,reuse_intensive,1,69,2,L0069,2048,1,1,True,1785049859.311705,2048,2048,2048,6.682831287384033,False,False,False,False,2048,38.96,1,1,2080.0,True,cache_reused,False,False,0,0.0,c5981e0c713cadbca3f020dc50bdabf21869ee58ea34984f4240126aa2f03e87,True,,,1,0,11214.040404,12566.729061,6,2109,4,2080
20260726_formal4t4_reuse_intensive_Ideal_rep0,0,Ideal,Ideal,300,reuse_intensive:rep0:req300,reuse_intensive,1,67,2,L0067,1024,0,0,True,1785049871.8806417,1024,1024,1024,17.598756790161133,False,False,False,False,1024,20.48,1,1,1056.0,True,cache_reused,False,False,0,0.0,f1c38f851946b36f9f893e25df4c2fd274bf6535d804f2b5f7518eeaefc18b0e,True,,,1,0,262.257654,1502.790415,6,1085,4,1056
20260726_formal4t4_reuse_intensive_Ideal_rep0,0,Ideal,Ideal,301,reuse_intensive:rep0:req301,reuse_intensive,1,65,0,L0065,2048,2,2,False,1785049871.8806896,2048,2048,2048,20.577540397644043,False,False,False,False,2048,0.0,1,1,2080.0,False,cache_reused,False,False,0,0.0,dc39d872ff9066d1edb3b7ead205794c953b2a54d0eedf6e14eefa5e2e8a8cb5,True,,,1,0,358.383453,915.777007,6,2109,4,2080
20260726_formal4t4_reuse_intensive_Ideal_rep0,0,Ideal,Ideal,302,reuse_intensive:rep0:req302,reuse_intensive,1,70,0,L0070,4096,0,0,True,1785049871.8807256,4096,4096,4096,12.569242000579834,False,False,False,False,4096,79.92,1,1,4128.0,True,cache_reused,False,False,0,0.0,f0e5c8d530b1f0960bab3ac897e206af751e3fcac0c32e33acd6747a8cf8702b,True,,,1,0,700.68818,1819.337838,6,4157,4,4128
20260726_formal4t4_reuse_intensive_Ideal_rep0,0,Ideal,Ideal,303,reuse_intensive:rep0:req303,reuse_intensive,1,65,1,L0065,2048,2,2,True,1785049871.8807573,2048,2048,2048,20.577608108520508,False,False,False,False,2048,38.96,1,1,2080.0,True,cache_reused,False,False,0,0.0,68a1f5dc5ad65dc4a99a953de1599918f4debd4346298995be035050697623aa,True,,,1,0,549.734203,1083.434512,6,2109,4,2080
20260726_formal4t4_reuse_intensive_Ideal_rep0,0,Ideal,Ideal,304,reuse_intensive:rep0:req304,reuse_intensive,1,68,0,L0068,2048,1,1,True,1785049873.7026913,2048,2048,2048,37.028610706329346,False,False,False,False,2048,40.96,1,1,2080.0,True,cache_reused,False,False,0,0.0,a126e47d68b13ee2b6f799b8f3533bfa3fd161a815760e72fe3069dea35c010d,True,,,1,0,294.050368,788.942518,6,2109,4,2080
20260726_formal4t4_reuse_intensive_Ideal_rep0,0,Ideal,Ideal,305,reuse_intensive:rep0:req305,reuse_intensive,1,76,1,L0076,2048,0,0,False,1785049873.7027395,2048,2048,2048,37.028870820999146,False,False,False,False,2048,0.0,1,1,2080.0,False,cache_reused,False,False,0,0.0,90c5cf4ece3f49a68fd4f7a9802d8af184e0e71dde604d2f63ad3e4ca0703117,True,,,1,0,199.460784,971.620887,6,2109,4,2080
20260726_formal4t4_reuse_intensive_Ideal_rep0,0,Ideal,Ideal,306,reuse_intensive:rep0:req306,reuse_intensive,1,71,0,L0071,1024,0,0,True,1785049873.702787,1024,1024,1024,34.66063594818115,False,False,False,False,1024,18.48,1,1,1056.0,True,cache_reused,False,False,0,0.0,0f35bf680835c958bc60b0b7903ebadb7f6398918d4619fd81a250d88abb10db,True,,,1,0,457.508664,1073.450846,6,1085,4,1056
20260726_formal4t4_reuse_intensive_Ideal_rep0,0,Ideal,Ideal,307,reuse_intensive:rep0:req307,reuse_intensive,1,64,2,L0064,1024,3,2;3,False,1785049873.7028227,1024,1024,1024,1.822493076324463,False,False,False,False,1024,0.0,2,2,1056.0,False,cache_reused,False,False,0,0.0,d043a152daedd5d6bdff323c31c58ca1329750656a07b6a067f3220d01059dac,True,,,1,0,227.854852,550.593791,6,1085,4,1056
20260726_formal4t4_reuse_intensive_Ideal_rep0,0,Ideal,Ideal,308,reuse_intensive:rep0:req308,reuse_intensive,1,64,0,L0064,1024,3,2;3,False,1785049874.7785141,1024,1024,1024,0.0001475811004638672,False,False,False,False,1024,0.0,2,2,1056.0,False,cache_reused,False,False,0,0.0,282e7142abd9d522a9a4ad057d230ffe7b441dea6f84af179b1159a4d31ab40c,True,,,1,0,122.919743,441.051677,6,1085,4,1056
20260726_formal4t4_reuse_intensive_Ideal_rep0,0,Ideal,Ideal,309,reuse_intensive:rep0:req309,reuse_intensive,1,72,2,L0072,4096,2,2,False,1785049874.7785633,4096,4096,4096,35.736082553863525,False,False,False,False,4096,0.0,1,1,4128.0,False,cache_reused,False,False,0,0.0,ac46210927fa7fedfcadb54d24cbed3b26089d4e652bf7cb78176f6a2b05dd33,True,,,1,0,456.10069,1614.179616,6,4157,4,4128
20260726_formal4t4_reuse_intensive_Ideal_rep0,0,Ideal,Ideal,310,reuse_intensive:rep0:req310,reuse_intensive,1,64,1,L0064,1024,2,2;3,True,1785049874.778602,1024,1024,1024,15.467335939407349,False,False,False,False,1024,18.48,2,2,1056.0,True,cache_reused,False,False,0,0.0,50785203d10c92eb199c6bdd2749de7d25c1f8d54b92475f5249c5dc1e0a4261,True,,,1,0,841.52261,1712.501729,6,1085,4,1056
20260726_formal4t4_reuse_intensive_Ideal_rep0,0,Ideal,Ideal,311,reuse_intensive:rep0:req311,reuse_intensive,1,64,2,L0064,1024,3,2;3,True,1785049874.7786338,1024,1024,1024,0.00026726722717285156,False,False,False,False,1024,18.48,2,2,1056.0,True,cache_reused,False,False,0,0.0,b141e87db323bb89361c935f6d1a4736c8a68184bfa06edc8182aafd411b03f5,True,,,1,0,228.068944,533.640037,6,1085,4,1056
20260726_formal4t4_reuse_intensive_Ideal_rep0,0,Ideal,Ideal,312,reuse_intensive:rep0:req312,reuse_intensive,1,65,2,L0065,2048,2,2,True,1785049876.494001,2048,2048,2048,2.791513442993164,False,False,False,False,2048,40.96,1,1,2080.0,True,cache_reused,False,False,0,0.0,b85194dc17d11a2f9620a29b7af340fe2c7d2ee5309e7d4006b321371eba2f19,True,,,1,0,202.296093,708.821078,6,2109,4,2080
20260726_formal4t4_reuse_intensive_Ideal_rep0,0,Ideal,Ideal,313,reuse_intensive:rep0:req313,reuse_intensive,1,74,0,L0074,2048,1,,False,1785049876.4940412,0,0,0,,False,False,False,False,0,0.0,0,0,32.0,False,cache_miss,False,False,0,0.0,75408f52aadd0f7ac2c2dbf0b84b6037aebe0ac5deba461b9d19b9390a9ee770,True,,,1,0,3425.315727,3958.200836,6,2109,4,32
20260726_formal4t4_reuse_intensive_Ideal_rep0,0,Ideal,Ideal,314,reuse_intensive:rep0:req314,reuse_intensive,1,76,2,L0076,2048,0,0,False,1785049876.4940774,2048,2048,2048,1.715980052947998,False,False,False,False,2048,0.0,1,1,2080.0,False,cache_reused,False,False,0,0.0,e3f396c08efa705c2263914f9c7eccf18d85d1570e3d99710619b018438fcc33,True,,,1,0,233.294019,1646.268143,6,2109,4,2080
20260726_formal4t4_reuse_intensive_Ideal_rep0,0,Ideal,Ideal,315,reuse_intensive:rep0:req315,reuse_intensive,1,70,1,L0070,4096,0,0,True,1785049876.4941096,4096,4096,4096,2.79193377494812,False,False,False,False,4096,79.92,1,1,4128.0,True,cache_reused,False,False,0,0.0,72bfef5462813332579006c7be54cd5453da3f6c38b6c095aaadcbe2b7412e09,True,,,1,0,711.798693,1965.54083,6,4157,4,4128
20260726_formal4t4_reuse_intensive_Ideal_rep0,0,Ideal,Ideal,316,reuse_intensive:rep0:req316,reuse_intensive,1,64,0,L0064,1024,2,2;3,False,1785049880.454279,1024,1024,1024,3.960542678833008,False,False,False,False,1024,0.0,2,2,1056.0,False,cache_reused,False,False,0,0.0,63b620b012016499e67d2ac487d3babc203edee5eeb17a75097c9f6a7a13fe0b,True,,,1,0,537.399994,1304.592639,6,1085,4,1056
20260726_formal4t4_reuse_intensive_Ideal_rep0,0,Ideal,Ideal,317,reuse_intensive:rep0:req317,reuse_intensive,1,65,0,L0065,2048,2,2,True,1785049880.4543278,2048,2048,2048,0.0010094642639160156,False,False,False,False,2048,38.96,1,1,2080.0,True,cache_reused,False,False,0,0.0,5a2beeb8afb1c2961590954ac4f9b19f2eb96b90ea620beeb5fef13051f7a18b,True,,,1,0,536.670936,1303.677178,6,2109,4,2080
20260726_formal4t4_reuse_intensive_Ideal_rep0,0,Ideal,Ideal,318,reuse_intensive:rep0:req318,reuse_intensive,1,64,1,L0064,1024,3,2;3,True,1785049880.4543657,1024,1024,1024,3.96050763130188,False,False,False,False,1024,20.48,2,2,1056.0,True,cache_reused,False,False,0,0.0,efacb233c516c446e6912fa582f0489ba7b95210e7249e856d3fa85a76d427e1,True,,,1,0,214.716772,533.128715,6,1085,4,1056
20260726_formal4t4_reuse_intensive_Ideal_rep0,0,Ideal,Ideal,319,reuse_intensive:rep0:req319,reuse_intensive,1,65,1,L0065,2048,2,2,True,1785049880.4543955,2048,2048,2048,0.0010771751403808594,False,False,False,False,2048,36.96,1,1,2080.0,True,cache_reused,False,False,0,0.0,a28f55e06c3139a7dfb29679f596496263536622648a5f15943e353ea8b26c38,True,,,1,0,791.322117,1470.486554,6,2109,4,2080
20260726_formal4t4_reuse_intensive_LatestOnly@rho0.5_rep0,0,LatestOnly@rho0.5,LatestOnly,24,reuse_intensive:rep0:req24,reuse_intensive,0,3,1,L0003,2048,0,0;1;2;3,False,1785049978.1281254,2048,2048,2048,85.0665225982666,False,False,False,False,2048,0.0,4,4,2080.0,False,cache_reused,False,False,0,0.0,9e01efb382af434b1707ecc631ac41bdc6f673e37e99e13ef5ffcd26c19a7ce9,True,,,1,0,382.689751,948.954719,6,2108,4,2080
20260726_formal4t4_reuse_intensive_LatestOnly@rho0.5_rep0,0,LatestOnly@rho0.5,LatestOnly,25,reuse_intensive:rep0:req25,reuse_intensive,0,1,0,L0001,2048,1,0;1;2;3,False,1785049978.1281776,2048,2048,2048,90.28386855125427,False,False,False,False,2048,0.0,4,4,2080.0,False,cache_reused,False,False,0,0.0,724307249308228b611cf355dabfc9b1ddfd4b5df40339b7ab1f4d76a84bbf9e,True,,,1,0,373.437011,904.753301,6,2108,4,2080
20260726_formal4t4_reuse_intensive_LatestOnly@rho0.5_rep0,0,LatestOnly@rho0.5,LatestOnly,26,reuse_intensive:rep0:req26,reuse_intensive,0,2,1,L0002,1024,2,0;1;2;3,False,1785049978.1282146,1024,1024,1024,88.92923927307129,False,False,False,False,1024,0.0,4,4,1056.0,False,cache_reused,False,False,0,0.0,d5e541a04dfeb9087d5a854b9577970b4101f5c7d3c0a02cfedb48050c204224,True,,,1,0,116.991138,394.686386,6,1084,4,1056
20260726_formal4t4_reuse_intensive_LatestOnly@rho0.5_rep0,0,LatestOnly@rho0.5,LatestOnly,27,reuse_intensive:rep0:req27,reuse_intensive,0,28,0,L0028,2048,3,,False,1785049978.128238,0,0,0,,False,False,False,False,0,0.0,0,0,32.0,False,cache_miss,False,False,0,0.0,32273a9fc54d3361e72a0e0166ae44fb7a57497cfdfc36da49517a53ee8ecb1c,True,,,1,0,3285.609204,3817.020305,6,2108,4,32
20260726_formal4t4_reuse_intensive_LatestOnly@rho0.5_rep0,0,LatestOnly@rho0.5,LatestOnly,28,reuse_intensive:rep0:req28,reuse_intensive,0,1,1,L0001,2048,3,0;1;2;3,False,1785049981.948704,2048,2048,2048,94.10431218147278,False,False,False,False,2048,0.0,4,4,2080.0,False,cache_reused,False,False,0,0.0,b7d36f7c2ba4c5c11d9865e05904186432a5d2eafbe230fb44b540bc06e555bb,True,,,1,0,208.6062,729.314563,6,2108,4,2080
20260726_formal4t4_reuse_intensive_LatestOnly@rho0.5_rep0,0,LatestOnly@rho0.5,LatestOnly,29,reuse_intensive:rep0:req29,reuse_intensive,0,7,1,L0007,1024,1,0;1;2;3,False,1785049981.9487529,1024,1024,1024,80.9431414604187,False,False,False,False,1024,0.0,4,4,1056.0,False,cache_reused,False,False,0,0.0,3c0fb95e2a378a56e376207514ea56d29a576b6b98196b22513ef8c90dce0e4f,True,,,1,0,236.700797,581.003011,6,1084,4,1056
20260726_formal4t4_reuse_intensive_LatestOnly@rho0.5_rep0,0,LatestOnly@rho0.5,LatestOnly,30,reuse_intensive:rep0:req30,reuse_intensive,0,15,0,L0015,2048,2,0;1;2;3,False,1785049981.9488041,2048,2048,2048,40.25790858268738,False,False,False,False,2048,0.0,4,4,2080.0,False,cache_reused,False,False,0,0.0,2b51a88b1eca6c2531f03a7135251bec7ff59cca1b7f0166ffdac94a775a22cb,True,,,1,0,376.340986,928.975248,6,2108,4,2080
20260726_formal4t4_reuse_intensive_LatestOnly@rho0.5_rep0,0,LatestOnly@rho0.5,LatestOnly,31,reuse_intensive:rep0:req31,reuse_intensive,0,55,0,L0055,2048,0,,False,1785049981.9488294,0,0,0,,False,False,False,False,0,0.0,0,0,32.0,False,cache_miss,False,False,0,0.0,f98190d2b474e943950cf25bcccc16909a66f0354baa7a3ce011961a2886ac39,True,,,1,0,3190.481014,3711.107205,6,2108,4,32
20260726_formal4t4_reuse_intensive_LatestOnly@rho0.5_rep0,0,LatestOnly@rho0.5,LatestOnly,32,reuse_intensive:rep0:req32,reuse_intensive,0,3,2,L0003,2048,2,0;1;2;3,False,1785049985.663568,2048,2048,2048,92.6018295288086,False,False,False,False,2048,0.0,4,4,2080.0,False,cache_reused,False,False,0,0.0,c191ddd5f6f12630bdac2bf31891c0369221906686e82b7919e0d687d8d59951,True,,,1,0,293.506141,805.633699,6,2108,4,2080
20260726_formal4t4_reuse_intensive_LatestOnly@rho0.5_rep0,0,LatestOnly@rho0.5,LatestOnly,33,reuse_intensive:rep0:req33,reuse_intensive,0,53,0,L0053,4096,3,,False,1785049985.663608,0,0,0,,False,False,False,False,0,0.0,0,0,32.0,False,cache_miss,False,False,0,0.0,77a393a541cfc486fdd143778abe3ad1e187ec0f21cce42456c199594b52236b,True,,,1,0,11226.809836,12170.844381,6,4156,4,32
20260726_formal4t4_reuse_intensive_LatestOnly@rho0.5_rep0,0,LatestOnly@rho0.5,LatestOnly,34,reuse_intensive:rep0:req34,reuse_intensive,0,21,0,L0021,1024,1,,False,1785049985.6636345,0,0,0,,False,False,False,False,0,0.0,0,0,32.0,False,cache_miss,False,False,0,0.0,ea14284da07c065bbd347cafb79fb14bb0e135ddbdf5c630769140af5be66436,True,,,1,0,1030.877513,1332.328958,6,1084,4,32
20260726_formal4t4_reuse_intensive_LatestOnly@rho0.5_rep0,0,LatestOnly@rho0.5,LatestOnly,35,reuse_intensive:rep0:req35,reuse_intensive,0,41,0,L0041,1024,0,,False,1785049985.663657,0,0,0,,False,False,False,False,0,0.0,0,0,32.0,False,cache_miss,False,False,0,0.0,4c82d5b55baf714462ea9216f5b23f43037abe7e201ffbf9630382964a62b7b4,True,,,1,0,972.106155,1293.308451,6,1084,4,32
20260726_formal4t4_reuse_intensive_LatestOnly@rho0.5_rep0,0,LatestOnly@rho0.5,LatestOnly,36,reuse_intensive:rep0:req36,reuse_intensive,0,38,0,L0038,4096,3,,False,1785049997.837136,0,0,0,,False,False,False,False,0,0.0,0,0,32.0,False,cache_miss,False,False,0,0.0,d920de64819e8ba016401080168ee300ca7b016062234c04068ee11a699d9ea2,True,,,1,0,10053.864112,10907.772668,6,4156,4,32
20260726_formal4t4_reuse_intensive_LatestOnly@rho0.5_rep0,0,LatestOnly@rho0.5,LatestOnly,37,reuse_intensive:rep0:req37,reuse_intensive,0,4,1,L0004,1024,0,0;1;2;3,False,1785049997.837221,1024,1024,1024,103.41436195373535,False,False,False,False,1024,0.0,4,4,1056.0,False,cache_reused,False,False,0,0.0,1176d353def72f736fae1235f9d52468bd790695ad62a5e51044a0d41c729801,True,,,1,0,244.276256,569.642889,6,1084,4,1056
20260726_formal4t4_reuse_intensive_LatestOnly@rho0.5_rep0,0,LatestOnly@rho0.5,LatestOnly,38,reuse_intensive:rep0:req38,reuse_intensive,0,1,2,L0001,2048,1,0;1;2;3,False,1785049997.83729,2048,2048,2048,109.99298095703125,False,False,False,False,2048,0.0,4,4,2080.0,False,cache_reused,False,False,0,0.0,952ccc6dfeae3e9e2fa21775a93677ae07549c5cb002825c3038e81e408c1a76,True,,,1,0,371.076289,909.902205,6,2108,4,2080
20260726_formal4t4_reuse_intensive_LatestOnly@rho0.5_rep0,0,LatestOnly@rho0.5,LatestOnly,39,reuse_intensive:rep0:req39,reuse_intensive,0,0,1,L0000,1024,2,0;1;2;3,False,1785049997.8373468,1024,1024,1024,113.77109384536743,False,False,False,False,1024,0.0,4,4,1056.0,False,cache_reused,False,False,0,0.0,ce6bb2670d0faacc83d1dd2149a1954e030682f0f02c5350fc88c575158fb7be,True,,,1,0,248.210425,569.098755,6,1084,4,1056
20260726_formal4t4_reuse_intensive_LatestOnly@rho0.5_rep0,0,LatestOnly@rho0.5,LatestOnly,40,reuse_intensive:rep0:req40,reuse_intensive,0,0,2,L0000,1024,2,0;1;2;3,False,1785050008.74649,1024,1024,1024,41.263983488082886,False,False,False,False,1024,0.0,4,4,1056.0,False,cache_reused,False,False,0,0.0,9caeecbccccdf2ce4e4efd4c05c1a827f93fedb341a66bb5f6b34fc9c24f2e6d,True,,,1,0,237.042991,573.845941,6,1084,4,1056
20260726_formal4t4_reuse_intensive_LatestOnly@rho0.5_rep0,0,LatestOnly@rho0.5,LatestOnly,41,reuse_intensive:rep0:req41,reuse_intensive,0,16,1,L0016,2048,3,3,False,1785050008.746537,2048,2048,2048,53.08077549934387,False,False,False,False,2048,0.0,1,1,2080.0,False,cache_reused,False,False,0,0.0,6612d2c03e032d2d07f11b531e98f6ea84b26b82463e9aa3a6a398b4a3dd2b17,True,,,1,0,206.053708,718.490917,6,2108,4,2080
20260726_formal4t4_reuse_intensive_LatestOnly@rho0.5_rep0,0,LatestOnly@rho0.5,LatestOnly,42,reuse_intensive:rep0:req42,reuse_intensive,0,0,0,L0000,1024,0,0;1;2;3,False,1785050008.7465746,1024,1024,1024,65.04510831832886,False,False,False,False,1024,0.0,4,4,1056.0,False,cache_reused,False,False,0,0.0,f21d94c1c6a6ea845ddf6b29279fb8d976a94ace26db3f91380102da85741c6c,True,,,1,0,251.012851,595.001842,6,1084,4,1056
20260726_formal4t4_reuse_intensive_LatestOnly@rho0.5_rep0,0,LatestOnly@rho0.5,LatestOnly,43,reuse_intensive:rep0:req43,reuse_intensive,0,0,1,L0000,1024,1,0;1;2;3,False,1785050008.746607,1024,1024,1024,124.68041586875916,False,False,False,False,1024,0.0,4,4,1056.0,False,cache_reused,False,False,0,0.0,88b9bf56f11e89a7d231a5e78cc19fd5b47cb73743ac364f31d455b3411e3a30,True,,,1,0,244.026073,567.021626,6,1084,4,1056
20260726_formal4t4_reuse_intensive_LatestOnly@rho0.5_rep0,0,LatestOnly@rho0.5,LatestOnly,44,reuse_intensive:rep0:req44,reuse_intensive,0,30,0,L0030,2048,2,,False,1785050009.4669254,0,0,0,,False,False,False,False,0,0.0,0,0,32.0,False,cache_miss,False,False,0,0.0,982f66bc1ecf216417274229274f31c1c209cb3d0cb470eaa9f1522f6d92645f,True,,,1,0,3146.459982,3689.020993,6,2108,4,32
20260726_formal4t4_reuse_intensive_LatestOnly@rho0.5_rep0,0,LatestOnly@rho0.5,LatestOnly,45,reuse_intensive:rep0:req45,reuse_intensive,0,0,2,L0000,1024,0,0;1;2;3,False,1785050009.466983,1024,1024,1024,65.76551675796509,False,False,False,False,1024,0.0,4,4,1056.0,False,cache_reused,False,False,0,0.0,cc43023a40317506f84266bbcab684f7cf60ea36ce94f44346f4d656da4a6271,True,,,1,0,131.940147,453.393945,6,1084,4,1056
20260726_formal4t4_reuse_intensive_LatestOnly@rho0.5_rep0,0,LatestOnly@rho0.5,LatestOnly,46,reuse_intensive:rep0:req46,reuse_intensive,0,4,2,L0004,1024,3,0;1;2;3,False,1785050009.4670258,1024,1024,1024,115.04398894309998,False,False,False,False,1024,0.0,4,4,1056.0,False,cache_reused,False,False,0,0.0,347c8f958bdeb61d312a8f1a657270b62985b4c761fd84867c2d2478c9460baf,True,,,1,0,117.381799,398.974249,6,1084,4,1056
20260726_formal4t4_reuse_intensive_LatestOnly@rho0.5_rep0,0,LatestOnly@rho0.5,LatestOnly,47,reuse_intensive:rep0:req47,reuse_intensive,0,33,0,L0033,2048,1,,False,1785050009.4670515,0,0,0,,False,False,False,False,0,0.0,0,0,32.0,False,cache_miss,False,False,0,0.0,7751015491417f09a387b7cd7d1103857f4a1c4ca6d67a8181abba7ddf2acc06,True,,,1,0,2888.002891,3361.190624,6,2108,4,32
20260726_formal4t4_reuse_intensive_LatestOnly@rho0.5_rep0,0,LatestOnly@rho0.5,LatestOnly,48,reuse_intensive:rep0:req48,reuse_intensive,0,0,0,L0000,1024,0,0;1;2;3,False,1785050013.15723,1024,1024,1024,69.45576357841492,False,False,False,False,1024,0.0,4,4,1056.0,False,cache_reused,False,False,0,0.0,d8197fde29a991b1c3804753fa323c66d82e0a0b3033a7acf89916259ac468e2,True,,,1,0,251.623491,590.778496,6,1084,4,1056
20260726_formal4t4_reuse_intensive_LatestOnly@rho0.5_rep0,0,LatestOnly@rho0.5,LatestOnly,49,reuse_intensive:rep0:req49,reuse_intensive,0,1,0,L0001,2048,2,0;1;2;3,False,1785050013.1572795,2048,2048,2048,69.45576095581055,False,False,False,False,2048,0.0,4,4,2080.0,False,cache_reused,False,False,0,0.0,518d3654846feb6fb3252d656772c80aa65666181f0c378176afdfe8c3304596,True,,,1,0,199.313668,691.983994,6,2108,4,2080
20260726_formal4t4_reuse_intensive_LatestOnly@rho0.5_rep0,0,LatestOnly@rho0.5,LatestOnly,50,reuse_intensive:rep0:req50,reuse_intensive,0,49,0,L0049,2048,1,,False,1785050013.1573071,0,0,0,,False,False,False,False,0,0.0,0,0,32.0,False,cache_miss,False,False,0,0.0,6c1318607a77de6545f7c5bff69755f143b0638d7537ef1432bcd7976fa470b5,True,,,1,0,3187.91957,3728.286762,6,2108,4,32
20260726_formal4t4_reuse_intensive_LatestOnly@rho0.5_rep0,0,LatestOnly@rho0.5,LatestOnly,51,reuse_intensive:rep0:req51,reuse_intensive,0,8,1,L0008,2048,3,0;1;2;3,False,1785050013.1573424,2048,2048,2048,108.30194664001465,False,False,False,False,2048,0.0,4,4,2080.0,False,cache_reused,False,False,0,0.0,38519e1395abef86ae84d5e0224071c46c30deb3983bcbaf93054e0658f59371,True,,,1,0,340.429644,861.37319,6,2108,4,2080
20260726_formal4t4_reuse_intensive_LatestOnly@rho0.5_rep0,0,LatestOnly@rho0.5,LatestOnly,52,reuse_intensive:rep0:req52,reuse_intensive,0,0,1,L0000,1024,3,0;1;2;3,False,1785050016.8880594,1024,1024,1024,73.88103342056274,False,False,False,False,1024,0.0,4,4,1056.0,False,cache_reused,False,False,0,0.0,9870ffcf308a92ab16e516f8f25c696fd9b4f0a4bdca30738c7de100c166e4ce,True,,,1,0,216.617604,553.027059,6,1084,4,1056
20260726_formal4t4_reuse_intensive_LatestOnly@rho0.5_rep0,0,LatestOnly@rho0.5,LatestOnly,53,reuse_intensive:rep0:req53,reuse_intensive,0,8,2,L0008,2048,2,0;1;2;3,False,1785050016.8881075,2048,2048,2048,112.0327501296997,False,False,False,False,2048,0.0,4,4,2080.0,False,cache_reused,False,False,0,0.0,9974a9200ac79fba91803dc5961982253210602c869a44cbb37246dc1d786979,True,,,1,0,374.824629,917.910864,6,2108,4,2080
20260726_formal4t4_reuse_intensive_LatestOnly@rho0.5_rep0,0,LatestOnly@rho0.5,LatestOnly,54,reuse_intensive:rep0:req54,reuse_intensive,0,13,2,L0013,1024,1,0;1;2;3,False,1785050016.8881447,1024,1024,1024,60.31716251373291,False,False,False,False,1024,0.0,4,4,1056.0,False,cache_reused,False,False,0,0.0,fe8fbaa2936b60ca8c1fb55093ac2903f57cd681036bbd67678f7c257134228d,True,,,1,0,114.51329,406.122149,6,1084,4,1056
20260726_formal4t4_reuse_intensive_LatestOnly@rho0.5_rep0,0,LatestOnly@rho0.5,LatestOnly,55,reuse_intensive:rep0:req55,reuse_intensive,0,0,2,L0000,1024,0,0;1;2;3,False,1785050016.888175,1024,1024,1024,73.18670868873596,False,False,False,False,1024,0.0,4,4,1056.0,False,cache_reused,False,False,0,0.0,8423b751202de24f828ce2afb0965ba30fb3222bbcbf0b04fadf28478395e5cc,True,,,1,0,259.181096,608.356633,6,1084,4,1056
20260726_formal4t4_reuse_intensive_LatestOnly@rho0.5_rep0,0,LatestOnly@rho0.5,LatestOnly,56,reuse_intensive:rep0:req56,reuse_intensive,0,41,1,L0041,1024,0,0,True,1785050017.8077621,1024,1024,1024,19.970919609069824,False,False,False,False,1024,20.48,1,1,1056.0,True,cache_reused,False,False,0,0.0,9d5f9bdb7f64dc94f3dd7342e1a5e95a77bfb37fe2ceb19c617c66862f805589,True,,,1,0,123.186291,437.381174,6,1084,4,1056
20260726_formal4t4_reuse_intensive_LatestOnly@rho0.5_rep0,0,LatestOnly@rho0.5,LatestOnly,57,reuse_intensive:rep0:req57,reuse_intensive,0,0,0,L0000,1024,2,0;1;2;3,False,1785050017.8078318,1024,1024,1024,50.32532525062561,False,False,False,False,1024,0.0,4,4,1056.0,False,cache_reused,False,False,0,0.0,ded80932f26095c69d6af952d05370a029b4adacb7114598116ba12cc54a0b69,True,,,1,0,125.132775,431.98767,6,1084,4,1056
20260726_formal4t4_reuse_intensive_LatestOnly@rho0.5_rep0,0,LatestOnly@rho0.5,LatestOnly,58,reuse_intensive:rep0:req58,reuse_intensive,0,54,0,L0054,1024,3,,False,1785050017.8078609,0,0,0,,False,False,False,False,0,0.0,0,0,32.0,False,cache_miss,False,False,0,0.0,796441a86a8596e1626f9a2cfcef5c6805ae0e9beaad2bf77e89ec673e20998e,True,,,1,0,976.558666,1278.979205,6,1084,4,32
20260726_formal4t4_reuse_intensive_LatestOnly@rho0.5_rep0,0,LatestOnly@rho0.5,LatestOnly,59,reuse_intensive:rep0:req59,reuse_intensive,0,0,1,L0000,1024,1,0;1;2;3,False,1785050017.8078952,1024,1024,1024,133.74170398712158,False,False,False,False,1024,0.0,4,4,1056.0,False,cache_reused,False,False,0,0.0,5ed611eb4f78122d84bb9c61fbd1bcc80b93756c6944ce1a1dac2aab531c51c4,True,,,1,0,127.64471,441.33445,6,1084,4,1056
20260726_formal4t4_reuse_intensive_LatestOnly@rho0.5_rep0,0,LatestOnly@rho0.5,LatestOnly,60,reuse_intensive:rep0:req60,reuse_intensive,0,4,0,L0004,1024,2,0;1;2;3,False,1785050019.0889533,1024,1024,1024,76.08183550834656,False,False,False,False,1024,0.0,4,4,1056.0,False,cache_reused,False,False,0,0.0,1c40e6f07d4f70b217a04c25c5190ef73334df7a9ba3d0caad667d9df30c2770,True,,,1,0,120.161944,410.629253,6,1084,4,1056
20260726_formal4t4_reuse_intensive_LatestOnly@rho0.5_rep0,0,LatestOnly@rho0.5,LatestOnly,61,reuse_intensive:rep0:req61,reuse_intensive,0,3,0,L0003,2048,3,0;1;2;3,False,1785050019.0890026,2048,2048,2048,126.02720165252686,False,False,False,False,2048,0.0,4,4,2080.0,False,cache_reused,False,False,0,0.0,5c9ed31d2f36521109e4edf8f4f646f111d53910ca072097cce8778bf49bc0a2,True,,,1,0,191.644365,662.694616,6,2108,4,2080
20260726_formal4t4_reuse_intensive_LatestOnly@rho0.5_rep0,0,LatestOnly@rho0.5,LatestOnly,62,reuse_intensive:rep0:req62,reuse_intensive,0,0,2,L0000,1024,0,0;1;2;3,False,1785050019.089036,1024,1024,1024,75.38756966590881,False,False,False,False,1024,0.0,4,4,1056.0,False,cache_reused,False,False,0,0.0,20ab8f4f3182139936f099f483b5ee05cb67c7145d87c2909124793426de950c,True,,,1,0,132.173487,456.244681,6,1084,4,1056
20260726_formal4t4_reuse_intensive_LatestOnly@rho0.5_rep0,0,LatestOnly@rho0.5,LatestOnly,63,reuse_intensive:rep0:req63,reuse_intensive,0,3,1,L0003,2048,1,0;1;2;3,False,1785050019.0890658,2048,2048,2048,75.3875024318695,False,False,False,False,2048,0.0,4,4,2080.0,False,cache_reused,False,False,0,0.0,e199b42c76576245efdaac35659aad24d0d5cccfa3302810b3a5a7a7b69481db,True,,,1,0,194.73216,679.960012,6,2108,4,2080
20260726_formal4t4_reuse_intensive_LatestOnly@rho0.5_rep0,0,LatestOnly@rho0.5,LatestOnly,64,reuse_intensive:rep0:req64,reuse_intensive,0,2,2,L0002,1024,2,0;1;2;3,False,1785050019.7717924,1024,1024,1024,37.8234920501709,False,False,False,False,1024,0.0,4,4,1056.0,False,cache_reused,False,False,0,0.0,ec7f63152a2f219faf60f8d0af1162e3878a2eb9e7ad89f099066cba0bc91381,True,,,1,0,116.052787,392.289368,6,1084,4,1056
20260726_formal4t4_reuse_intensive_LatestOnly@rho0.5_rep0,0,LatestOnly@rho0.5,LatestOnly,65,reuse_intensive:rep0:req65,reuse_intensive,0,2,0,L0002,1024,1,0;1;2;3,False,1785050019.771842,1024,1024,1024,130.57291555404663,False,False,False,False,1024,0.0,4,4,1056.0,False,cache_reused,False,False,0,0.0,80a76d51f112db6fd18159607fde0d0fad3b08c0e4451000488267ead843aa2e,True,,,1,0,121.226241,432.881334,6,1084,4,1056
20260726_formal4t4_reuse_intensive_LatestOnly@rho0.5_rep0,0,LatestOnly@rho0.5,LatestOnly,66,reuse_intensive:rep0:req66,reuse_intensive,0,15,1,L0015,2048,0,0;1;2;3,False,1785050019.7718782,2048,2048,2048,78.08114671707153,False,False,False,False,2048,0.0,4,4,2080.0,False,cache_reused,False,False,0,0.0,3d4cb2b95ed5b61ac9a90baa648c830373b0b014c60a391877ed5076b1e60339,True,,,1,0,212.883897,755.991709,6,2108,4,2080
20260726_formal4t4_reuse_intensive_LatestOnly@rho0.5_rep0,0,LatestOnly@rho0.5,LatestOnly,67,reuse_intensive:rep0:req67,reuse_intensive,0,12,0,L0012,1024,3,0;1;2;3,False,1785050019.771911,1024,1024,1024,87.33948397636414,False,False,False,False,1024,0.0,4,4,1056.0,False,cache_reused,False,False,0,0.0,411e9073651401762ed5a48a8f19f08e2ce8e9df5c37b6ff4b70494db30d0ae0,True,,,1,0,110.135094,371.0557,6,1084,4,1056
20260726_formal4t4_reuse_intensive_LatestOnly@rho0.5_rep0,0,LatestOnly@rho0.5,LatestOnly,68,reuse_intensive:rep0:req68,reuse_intensive,0,5,1,L0005,2048,2,0;1;2;3,False,1785050020.5300684,2048,2048,2048,122.19549417495728,False,False,False,False,2048,0.0,4,4,2080.0,False,cache_reused,False,False,0,0.0,7322424bb74f2193b21c9e0e2d8c3f4033b33632667e9802aa30f2b53946bf44,True,,,1,0,195.823287,683.042708,6,2108,4,2080
20260726_formal4t4_reuse_intensive_LatestOnly@rho0.5_rep0,0,LatestOnly@rho0.5,LatestOnly,69,reuse_intensive:rep0:req69,reuse_intensive,0,36,0,L0036,1024,0,,False,1785050020.530108,0,0,0,,False,False,False,False,0,0.0,0,0,32.0,False,cache_miss,False,False,0,0.0,4a523ba8295f04826160717c19e482b234530db2845722ea7297f5d8a15f5618,True,,,1,0,960.175234,1279.197814,6,1084,4,32
20260726_formal4t4_reuse_intensive_LatestOnly@rho0.5_rep0,0,LatestOnly@rho0.5,LatestOnly,70,reuse_intensive:rep0:req70,reuse_intensive,0,0,0,L0000,1024,3,0;1;2;3,False,1785050020.53015,1024,1024,1024,77.52312397956848,False,False,False,False,1024,0.0,4,4,1056.0,False,cache_reused,False,False,0,0.0,30a786b257a4769c6bf00d9c4096570dd9d70d77a6021fc36faf34eac0f9e02d,True,,,1,0,118.724099,400.935672,6,1084,4,1056
20260726_formal4t4_reuse_intensive_LatestOnly@rho0.5_rep0,0,LatestOnly@rho0.5,LatestOnly,71,reuse_intensive:rep0:req71,reuse_intensive,0,12,1,L0012,1024,1,0;1;2;3,False,1785050020.5301855,1024,1024,1024,88.09783864021301,False,False,False,False,1024,0.0,4,4,1056.0,False,cache_reused,False,False,0,0.0,6d987cc4b82d2e41ffcb5462579de19d34416c7c2e01776d991008a54494dbf1,True,,,1,0,115.073306,405.504734,6,1084,4,1056
20260726_formal4t4_reuse_intensive_LatestOnly@rho0.5_rep0,0,LatestOnly@rho0.5,LatestOnly,72,reuse_intensive:rep0:req72,reuse_intensive,0,1,1,L0001,2048,1,0;1;2;3,False,1785050021.8111932,2048,2048,2048,13.065113544464111,False,False,False,False,2048,0.0,4,4,2080.0,False,cache_reused,False,False,0,0.0,16f3ed0ae1d45a93ec62dd96d78d97e92a97c7e13b5462c3aae418220b0b44d1,True,,,1,0,209.13144,736.810039,6,2108,4,2080
20260726_formal4t4_reuse_intensive_LatestOnly@rho0.5_rep0,0,LatestOnly@rho0.5,LatestOnly,73,reuse_intensive:rep0:req73,reuse_intensive,0,0,1,L0000,1024,2,0;1;2;3,False,1785050021.8112433,1024,1024,1024,12.34509801864624,False,False,False,False,1024,0.0,4,4,1056.0,False,cache_reused,False,False,0,0.0,a7b10a6762035ab5efba979ba06b9e117a6f191bf319ce5f81628b82ba86bc89,True,,,1,0,120.324185,421.990466,6,1084,4,1056
20260726_formal4t4_reuse_intensive_LatestOnly@rho0.5_rep0,0,LatestOnly@rho0.5,LatestOnly,74,reuse_intensive:rep0:req74,reuse_intensive,0,15,2,L0015,2048,3,0;1;2;3,False,1785050021.8112805,2048,2048,2048,80.12034630775452,False,False,False,False,2048,0.0,4,4,2080.0,False,cache_reused,False,False,0,0.0,eb50467701497da86540b6b17f5a72d74cffb9863b9e03f3039038789758f606,True,,,1,0,204.003101,715.199936,6,2108,4,2080
20260726_formal4t4_reuse_intensive_LatestOnly@rho0.5_rep0,0,LatestOnly@rho0.5,LatestOnly,75,reuse_intensive:rep0:req75,reuse_intensive,0,1,2,L0001,2048,0,0;1;2;3,False,1785050021.8113117,2048,2048,2048,54.328850746154785,False,False,False,False,2048,0.0,4,4,2080.0,False,cache_reused,False,False,0,0.0,81a483a3a7dd334cdca2ee8d66715d344744b11af56f14681bf4327253471080,True,,,1,0,213.252231,753.938799,6,2108,4,2080
20260726_formal4t4_reuse_intensive_LatestOnly@rho0.5_rep0,0,LatestOnly@rho0.5,LatestOnly,76,reuse_intensive:rep0:req76,reuse_intensive,0,0,2,L0000,1024,1,0;1;2;3,False,1785050022.5682013,1024,1024,1024,138.5020101070404,False,False,False,False,1024,0.0,4,4,1056.0,False,cache_reused,False,False,0,0.0,fcdaa01b2fd2552ce89b04465a6ce26866594f4b4719bdb8f700ad0e968f0f8e,True,,,1,0,120.593348,432.557028,6,1084,4,1056
20260726_formal4t4_reuse_intensive_LatestOnly@rho0.5_rep0,0,LatestOnly@rho0.5,LatestOnly,77,reuse_intensive:rep0:req77,reuse_intensive,0,0,0,L0000,1024,0,0;1;2;3,False,1785050022.5682511,1024,1024,1024,78.8667848110199,False,False,False,False,1024,0.0,4,4,1056.0,False,cache_reused,False,False,0,0.0,6e8e40a6c86a765eb553c2b9b0ab9e77bd6dff87f8acb402260ce88729b91828,True,,,1,0,132.112557,457.425696,6,1084,4,1056
20260726_formal4t4_reuse_intensive_LatestOnly@rho0.5_rep0,0,LatestOnly@rho0.5,LatestOnly,78,reuse_intensive:rep0:req78,reuse_intensive,0,5,2,L0005,2048,3,0;1;2;3,False,1785050022.568287,2048,2048,2048,124.23367238044739,False,False,False,False,2048,0.0,4,4,2080.0,False,cache_reused,False,False,0,0.0,12bf7159b191b90915aa5fcae721754ac567a52eac1e9706861f11321c2d2aab,True,,,1,0,203.266426,714.537665,6,2108,4,2080
20260726_formal4t4_reuse_intensive_LatestOnly@rho0.5_rep0,0,LatestOnly@rho0.5,LatestOnly,79,reuse_intensive:rep0:req79,reuse_intensive,0,0,1,L0000,1024,2,0;1;2;3,False,1785050022.5683186,1024,1024,1024,13.102173328399658,False,False,False,False,1024,0.0,4,4,1056.0,False,cache_reused,False,False,0,0.0,6378d3d5b6fa31ba4c2bc1e3cf2867c82bc18822074bd024b61cc466ac9985e5,True,,,1,0,120.100872,427.238716,6,1084,4,1056
20260726_formal4t4_reuse_intensive_LatestOnly@rho0.5_rep0,0,LatestOnly@rho0.5,LatestOnly,80,reuse_intensive:rep0:req80,reuse_intensive,0,0,2,L0000,1024,1,0;1;2;3,False,1785050023.2850463,1024,1024,1024,139.21885514259338,False,False,False,False,1024,0.0,4,4,1056.0,False,cache_reused,False,False,0,0.0,26e2f3ed6ea51e9719bd44f56b68e62de7851fb12ceaee225e69b14d104e50af,True,,,1,0,120.111472,428.872521,6,1084,4,1056
20260726_formal4t4_reuse_intensive_LatestOnly@rho0.5_rep0,0,LatestOnly@rho0.5,LatestOnly,81,reuse_intensive:rep0:req81,reuse_intensive,0,1,0,L0001,2048,3,0;1;2;3,False,1785050023.2850988,2048,2048,2048,37.62249732017517,False,False,False,False,2048,0.0,4,4,2080.0,False,cache_reused,False,False,0,0.0,45576b632e88fc43e11406aadf0d7711f3ba23fd513f1301c6a45f890903e7a9,True,,,1,0,207.777698,732.686468,6,2108,4,2080
20260726_formal4t4_reuse_intensive_LatestOnly@rho0.5_rep0,0,LatestOnly@rho0.5,LatestOnly,82,reuse_intensive:rep0:req82,reuse_intensive,0,1,1,L0001,2048,2,0;1;2;3,False,1785050023.2851362,2048,2048,2048,79.58361768722534,False,False,False,False,2048,0.0,4,4,2080.0,False,cache_reused,False,False,0,0.0,e2b74405a005a9e94113b960b82b6c58fd40f24debed2931744718eff3d19562,True,,,1,0,196.527495,685.563755,6,2108,4,2080
20260726_formal4t4_reuse_intensive_LatestOnly@rho0.5_rep0,0,LatestOnly@rho0.5,LatestOnly,83,reuse_intensive:rep0:req83,reuse_intensive,0,1,2,L0001,2048,0,0;1;2;3,False,1785050023.2851672,2048,2048,2048,55.802706241607666,False,False,False,False,2048,0.0,4,4,2080.0,False,cache_reused,False,False,0,0.0,ef2ecdd1344701ec64d936ff32226eaabdc2a23b36af8ef40d310927d0c6d4a4,True,,,1,0,212.510749,749.124859,6,2108,4,2080
20260726_formal4t4_reuse_intensive_LatestOnly@rho0.5_rep0,0,LatestOnly@rho0.5,LatestOnly,84,reuse_intensive:rep0:req84,reuse_intensive,0,1,0,L0001,2048,1,0;1;2;3,False,1785050024.037247,2048,2048,2048,15.291167259216309,False,False,False,False,2048,0.0,4,4,2080.0,False,cache_reused,False,False,0,0.0,8c3a33354c3be5f362258c557cedd682dc7e0eadab5ba264d5350291b5039c4d,True,,,1,0,199.149714,732.693095,6,2108,4,2080
20260726_formal4t4_reuse_intensive_LatestOnly@rho0.5_rep0,0,LatestOnly@rho0.5,LatestOnly,85,reuse_intensive:rep0:req85,reuse_intensive,0,2,1,L0002,1024,2,0;1;2;3,False,1785050024.0372975,1024,1024,1024,42.08899712562561,False,False,False,False,1024,0.0,4,4,1056.0,False,cache_reused,False,False,0,0.0,d1d7956396c7b0c4ca81343ee69bb68f3f26774e904c1aef9cb0c8c386912629,True,,,1,0,108.044257,385.967305,6,1084,4,1056
20260726_formal4t4_reuse_intensive_LatestOnly@rho0.5_rep0,0,LatestOnly@rho0.5,LatestOnly,86,reuse_intensive:rep0:req86,reuse_intensive,0,32,0,L0032,2048,3,,False,1785050024.0373242,0,0,0,,False,False,False,False,0,0.0,0,0,32.0,False,cache_miss,False,False,0,0.0,b9deaff675566a1989624c491fc10ab455f1d65b39cf7319f0a7169ac9048bc2,True,,,1,0,3252.031981,3784.324804,6,2108,4,32
20260726_formal4t4_reuse_intensive_LatestOnly@rho0.5_rep0,0,LatestOnly@rho0.5,LatestOnly,87,reuse_intensive:rep0:req87,reuse_intensive,0,0,0,L0000,1024,0,0;1;2;3,False,1785050024.0373588,1024,1024,1024,80.33589243888855,False,False,False,False,1024,0.0,4,4,1056.0,False,cache_reused,False,False,0,0.0,b4ba5817f453509b367e584f88c4aab8264ce39f6b7b440d2c64d40188615d7e,True,,,1,0,131.670514,458.335168,6,1084,4,1056
20260726_formal4t4_reuse_intensive_LatestOnly@rho0.5_rep0,0,LatestOnly@rho0.5,LatestOnly,88,reuse_intensive:rep0:req88,reuse_intensive,0,0,1,L0000,1024,0,0;1;2;3,False,1785050027.8240042,1024,1024,1024,84.12253785133362,False,False,False,False,1024,0.0,4,4,1056.0,False,cache_reused,False,False,0,0.0,32f10465ce62f0e121a36886175f1f930146aa4506210d0687f331ff02097082,True,,,1,0,247.761857,591.95905,6,1084,4,1056
20260726_formal4t4_reuse_intensive_LatestOnly@rho0.5_rep0,0,LatestOnly@rho0.5,LatestOnly,89,reuse_intensive:rep0:req89,reuse_intensive,0,0,2,L0000,1024,3,0;1;2;3,False,1785050027.824055,1024,1024,1024,84.81702899932861,False,False,False,False,1024,0.0,4,4,1056.0,False,cache_reused,False,False,0,0.0,c9d4cf19089c57c786e4a6cf962b8e51a1a04ad3089d4fbe3f8f0800ea8243c5,True,,,1,0,112.625261,395.833637,6,1084,4,1056
20260726_formal4t4_reuse_intensive_LatestOnly@rho0.5_rep0,0,LatestOnly@rho0.5,LatestOnly,90,reuse_intensive:rep0:req90,reuse_intensive,0,9,0,L0009,4096,1,0;1;2;3,False,1785050027.824092,4096,4096,4096,110.81932854652405,False,False,False,False,4096,0.0,4,4,4128.0,False,cache_reused,False,False,0,0.0,f3d41e1b66d891400d741d4908a0e8970724d62e96c4eff1bc30b3a8aa845035,True,,,1,0,484.321413,1377.602073,6,4156,4,4128
20260726_formal4t4_reuse_intensive_LatestOnly@rho0.5_rep0,0,LatestOnly@rho0.5,LatestOnly,91,reuse_intensive:rep0:req91,reuse_intensive,0,1,1,L0001,2048,2,0;1;2;3,False,1785050027.8241231,2048,2048,2048,84.12260460853577,False,False,False,False,2048,0.0,4,4,2080.0,False,cache_reused,False,False,0,0.0,67281b6b65576b0720a0a0da5204409e812af1adb929fb4e105c21689048b756,True,,,1,0,302.110424,804.11876,6,2108,4,2080
20260726_formal4t4_reuse_intensive_LatestOnly@rho0.5_rep0,0,LatestOnly@rho0.5,LatestOnly,92,reuse_intensive:rep0:req92,reuse_intensive,0,14,1,L0014,2048,0,0;1;2;3,False,1785050029.2041552,2048,2048,2048,91.44919753074646,False,False,False,False,2048,0.0,4,4,2080.0,False,cache_reused,False,False,0,0.0,8cebee260ca7afa748b0ca88d6298b77239ad270307d7d8813b1867c0346d87b,True,,,1,0,207.071593,727.361636,6,2108,4,2080
20260726_formal4t4_reuse_intensive_LatestOnly@rho0.5_rep0,0,LatestOnly@rho0.5,LatestOnly,93,reuse_intensive:rep0:req93,reuse_intensive,0,0,0,L0000,1024,2,0;1;2;3,False,1785050029.2042067,1024,1024,1024,19.73806142807007,False,False,False,False,1024,0.0,4,4,1056.0,False,cache_reused,False,False,0,0.0,a032577fde12d14a9d3dfc51d1848c88b294a1d5e24687384e3fc62e00ab9d3c,True,,,1,0,120.03546,426.74778,6,1084,4,1056
20260726_formal4t4_reuse_intensive_LatestOnly@rho0.5_rep0,0,LatestOnly@rho0.5,LatestOnly,94,reuse_intensive:rep0:req94,reuse_intensive,0,18,1,L0018,1024,1,1,False,1785050029.2042415,1024,1024,1024,51.07625198364258,False,False,False,False,1024,0.0,1,1,1056.0,False,cache_reused,False,False,0,0.0,f4e1f9c6bf1c6a3b9fd4f243958f35c2f480f5a847134a45ec5a75d667be88d2,True,,,1,0,109.610548,383.377981,6,1084,4,1056
20260726_formal4t4_reuse_intensive_LatestOnly@rho0.5_rep0,0,LatestOnly@rho0.5,LatestOnly,95,reuse_intensive:rep0:req95,reuse_intensive,0,0,1,L0000,1024,3,0;1;2;3,False,1785050029.2042763,1024,1024,1024,86.19725036621094,False,False,False,False,1024,0.0,4,4,1056.0,False,cache_reused,False,False,0,0.0,685cf308d3d1c38745bdbc8b3359e0cae54e3ce1ddefaaed438f38c6527f8f02,True,,,1,0,114.765863,393.682114,6,1084,4,1056
20260726_formal4t4_reuse_intensive_LatestOnly@rho0.5_rep0,0,LatestOnly@rho0.5,LatestOnly,96,reuse_intensive:rep0:req96,reuse_intensive,0,1,2,L0001,2048,0,0;1;2;3,False,1785050029.9327114,2048,2048,2048,62.45025038719177,False,False,False,False,2048,0.0,4,4,2080.0,False,cache_reused,False,False,0,0.0,6ab7e85cf6d029e4ad0508a8e0f7ffabc32b53dfddf084a407b64f72a3287789,True,,,1,0,212.680521,749.523627,6,2108,4,2080
20260726_formal4t4_reuse_intensive_LatestOnly@rho0.5_rep0,0,LatestOnly@rho0.5,LatestOnly,97,reuse_intensive:rep0:req97,reuse_intensive,0,0,2,L0000,1024,1,0;1;2;3,False,1785050029.932763,1024,1024,1024,20.466017961502075,False,False,False,False,1024,0.0,4,4,1056.0,False,cache_reused,False,False,0,0.0,245617dcf08e3aa32a43b7f3f6b474a76a6171350fd4651d81c0009bcc8a241a,True,,,1,0,122.210339,435.302289,6,1084,4,1056
20260726_formal4t4_reuse_intensive_LatestOnly@rho0.5_rep0,0,LatestOnly@rho0.5,LatestOnly,98,reuse_intensive:rep0:req98,reuse_intensive,0,16,2,L0016,2048,3,3,True,1785050029.9328167,2048,2048,2048,20.46644616127014,False,False,False,False,2048,40.96,1,1,2080.0,True,cache_reused,False,False,0,0.0,b64fb1c08941cb3b93ca0bc0948e5bcc56507d5da85c8bb6010e51ba3989f4fc,True,,,1,0,204.551773,715.809343,6,2108,4,2080
20260726_formal4t4_reuse_intensive_LatestOnly@rho0.5_rep0,0,LatestOnly@rho0.5,LatestOnly,99,reuse_intensive:rep0:req99,reuse_intensive,0,9,1,L0009,4096,2,0;1;2;3,False,1785050029.9328554,4096,4096,4096,112.92801642417908,False,False,False,False,4096,0.0,4,4,4128.0,False,cache_reused,False,False,0,0.0,fffb1dd7fdd8cf94b78a2afcb4ac4e7d2a42960e4b9788d50fc1fe0c4b30d160,True,,,1,0,330.930871,1229.601572,6,4156,4,4128
20260726_formal4t4_reuse_intensive_LatestOnly@rho0.5_rep0,0,LatestOnly@rho0.5,LatestOnly,100,reuse_intensive:rep0:req100,reuse_intensive,0,0,0,L0000,1024,0,0;1;2;3,False,1785050031.1649313,1024,1024,1024,87.46346497535706,False,False,False,False,1024,0.0,4,4,1056.0,False,cache_reused,False,False,0,0.0,5aac05989742d6248e11b0e91cfd7bfc4fd8e6ec825806a80f4bffd7386f0a67,True,,,1,0,132.549706,460.252447,6,1085,4,1056
20260726_formal4t4_reuse_intensive_LatestOnly@rho0.5_rep0,0,LatestOnly@rho0.5,LatestOnly,101,reuse_intensive:rep0:req101,reuse_intensive,0,0,1,L0000,1024,3,0;1;2;3,False,1785050031.1649542,1024,1024,1024,88.1579282283783,False,False,False,False,1024,0.0,4,4,1056.0,False,cache_reused,False,False,0,0.0,dc619892d3255f7cee625b29b256834d36606fe386c669608931b63a8bc712ed,True,,,1,0,112.0593,394.517624,6,1085,4,1056
20260726_formal4t4_reuse_intensive_LatestOnly@rho0.5_rep0,0,LatestOnly@rho0.5,LatestOnly,102,reuse_intensive:rep0:req102,reuse_intensive,0,9,2,L0009,4096,1,0;1;2;3,False,1785050031.1649706,4096,4096,4096,114.16020727157593,False,False,False,False,4096,0.0,4,4,4128.0,False,cache_reused,False,False,0,0.0,f05e6229d9526704dc3275c20aafa8ceb1b06e5eef0726892c27dd759d3fc6e5,True,,,1,0,347.861389,1246.187881,6,4157,4,4128
20260726_formal4t4_reuse_intensive_LatestOnly@rho0.5_rep0,0,LatestOnly@rho0.5,LatestOnly,103,reuse_intensive:rep0:req103,reuse_intensive,0,0,2,L0000,1024,2,0;1;2;3,False,1785050031.164985,1024,1024,1024,21.69883966445923,False,False,False,False,1024,0.0,4,4,1056.0,False,cache_reused,False,False,0,0.0,795eb2833e221b9765a41c68c2b0273df1ea18a01de32eb7a8453e924d75f9ff,True,,,1,0,123.904573,431.976104,6,1085,4,1056
20260726_formal4t4_reuse_intensive_LatestOnly@rho0.5_rep0,0,LatestOnly@rho0.5,LatestOnly,104,reuse_intensive:rep0:req104,reuse_intensive,0,2,2,L0002,1024,0,0;1;2;3,False,1785050032.4129183,1024,1024,1024,143.21410751342773,False,False,False,False,1024,0.0,4,4,1056.0,False,cache_reused,False,False,0,0.0,6c92349c1b5e8b7d4fc17112f0dd2bc2193f5e422b9c0ad249835ef246032dc0,True,,,1,0,127.145328,433.345681,6,1085,4,1056
20260726_formal4t4_reuse_intensive_LatestOnly@rho0.5_rep0,0,LatestOnly@rho0.5,LatestOnly,105,reuse_intensive:rep0:req105,reuse_intensive,0,0,0,L0000,1024,2,0;1;2;3,False,1785050032.4129744,1024,1024,1024,22.946829080581665,False,False,False,False,1024,0.0,4,4,1056.0,False,cache_reused,False,False,0,0.0,97761f1a55b3da676b20d5f274c561c9e4d9d1f170f769c4def142e4fbd95b3b,True,,,1,0,124.673346,427.002444,6,1085,4,1056
20260726_formal4t4_reuse_intensive_LatestOnly@rho0.5_rep0,0,LatestOnly@rho0.5,LatestOnly,106,reuse_intensive:rep0:req106,reuse_intensive,0,45,0,L0045,2048,1,,False,1785050032.413003,0,0,0,,False,False,False,False,0,0.0,0,0,32.0,False,cache_miss,False,False,0,0.0,d2e9df9678f64cacf3efbdfd89fdbd2bde3b9a27a53734f94bd6f19953bcc04f,True,,,1,0,3194.571059,3725.972933,6,2109,4,32
20260726_formal4t4_reuse_intensive_LatestOnly@rho0.5_rep0,0,LatestOnly@rho0.5,LatestOnly,107,reuse_intensive:rep0:req107,reuse_intensive,0,0,1,L0000,1024,3,0;1;2;3,False,1785050032.41304,1024,1024,1024,89.40601396560669,False,False,False,False,1024,0.0,4,4,1056.0,False,cache_reused,False,False,0,0.0,65ceea0879c967dca626a657927889ba358d7510390e838dad20abf8e097056c,True,,,1,0,119.870172,402.907195,6,1085,4,1056
20260726_formal4t4_reuse_intensive_LatestOnly@rho0.5_rep0,0,LatestOnly@rho0.5,LatestOnly,108,reuse_intensive:rep0:req108,reuse_intensive,0,58,0,L0058,1024,3,,False,1785050036.1413481,0,0,0,,False,False,False,False,0,0.0,0,0,32.0,False,cache_miss,False,False,0,0.0,c1f3df939a8d22a7f587c3fd5e6bcac77579cef050b40236f7d1119d620e06c5,True,,,1,0,1076.88523,1377.454908,6,1085,4,32
20260726_formal4t4_reuse_intensive_LatestOnly@rho0.5_rep0,0,LatestOnly@rho0.5,LatestOnly,109,reuse_intensive:rep0:req109,reuse_intensive,0,5,0,L0005,2048,1,0;1;2;3,False,1785050036.1414068,2048,2048,2048,137.80687856674194,False,False,False,False,2048,0.0,4,4,2080.0,False,cache_reused,False,False,0,0.0,1c8b72ecc2f8ea1e70b2c0d7312a684a1455cda5c7396543836d3b9eb4e544c6,True,,,1,0,190.120753,699.894878,6,2109,4,2080
20260726_formal4t4_reuse_intensive_LatestOnly@rho0.5_rep0,0,LatestOnly@rho0.5,LatestOnly,110,reuse_intensive:rep0:req110,reuse_intensive,0,6,0,L0006,1024,0,0;1;2;3,False,1785050036.1414502,1024,1024,1024,136.4492290019989,False,False,False,False,1024,0.0,4,4,1056.0,False,cache_reused,False,False,0,0.0,a130590a370f22d53f9ce68da43b50e72f83607d528197639e0d85d95238a89c,True,,,1,0,253.016494,609.915285,6,1085,4,1056
20260726_formal4t4_reuse_intensive_LatestOnly@rho0.5_rep0,0,LatestOnly@rho0.5,LatestOnly,111,reuse_intensive:rep0:req111,reuse_intensive,0,0,2,L0000,1024,2,0;1;2;3,False,1785050036.1414862,1024,1024,1024,26.6753408908844,False,False,False,False,1024,0.0,4,4,1056.0,False,cache_reused,False,False,0,0.0,4e6853fdb5207ad273640db4c42b61ecea4ff614c0e4ceb0342e01e64bd34cb8,True,,,1,0,237.486203,583.346229,6,1085,4,1056
20260726_formal4t4_reuse_intensive_LatestOnly@rho0.5_rep0,0,LatestOnly@rho0.5,LatestOnly,112,reuse_intensive:rep0:req112,reuse_intensive,0,52,0,L0052,4096,2,,False,1785050037.5200512,0,0,0,,False,False,False,False,0,0.0,0,0,32.0,False,cache_miss,False,False,0,0.0,f13977a4a0bfea81c87ad2f7fe6fb313a1df9d11539fcbd41bb39c458c956d2a,True,,,1,0,10012.860064,11075.47282,6,4157,4,32
20260726_formal4t4_reuse_intensive_LatestOnly@rho0.5_rep0,0,LatestOnly@rho0.5,LatestOnly,113,reuse_intensive:rep0:req113,reuse_intensive,0,25,1,L0025,1024,2,2,True,1785050037.5201046,1024,1024,1024,81.85415434837341,False,False,False,False,1024,18.48,1,1,1056.0,True,cache_reused,False,False,0,0.0,35a3768cb548e69d244b39a7c655fa83aca6681d61803869c4c4d70fc6f9e9a6,True,,,1,0,10012.111136,11074.793713,6,1085,4,1056
20260726_formal4t4_reuse_intensive_LatestOnly@rho0.5_rep0,0,LatestOnly@rho0.5,LatestOnly,114,reuse_intensive:rep0:req114,reuse_intensive,0,0,0,L0000,1024,1,0;1;2;3,False,1785050037.5201514,1024,1024,1024,28.053406238555908,False,False,False,False,1024,0.0,4,4,1056.0,False,cache_reused,False,False,0,0.0,a50278372dcc8b53469c95739a39b07a0ef02782152b3466f13bd9abfe338d7b,True,,,1,0,127.992616,439.613324,6,1085,4,1056
20260726_formal4t4_reuse_intensive_LatestOnly@rho0.5_rep0,0,LatestOnly@rho0.5,LatestOnly,115,reuse_intensive:rep0:req115,reuse_intensive,0,3,2,L0003,2048,3,0;1;2;3,False,1785050037.5201886,2048,2048,2048,144.4583876132965,False,False,False,False,2048,0.0,4,4,2080.0,False,cache_reused,False,False,0,0.0,64c0b191b0822847aa0278b211dfb063cef02a1ec3e87a8c2875960eacfb0a5b,True,,,1,0,190.496871,664.088256,6,2109,4,2080
20260726_formal4t4_reuse_intensive_LatestOnly@rho0.5_rep0,0,LatestOnly@rho0.5,LatestOnly,116,reuse_intensive:rep0:req116,reuse_intensive,0,0,1,L0000,1024,1,0;1;2;3,False,1785050048.5972538,1024,1024,1024,39.13050866127014,False,False,False,False,1024,0.0,4,4,1056.0,False,cache_reused,False,False,0,0.0,a39ba5f3c0e9ec8aff1444be58b566d1d03f9f0b37260857adb676bbef4466fa,True,,,1,0,226.996153,578.88961,6,1085,4,1056
20260726_formal4t4_reuse_intensive_LatestOnly@rho0.5_rep0,0,LatestOnly@rho0.5,LatestOnly,117,reuse_intensive:rep0:req117,reuse_intensive,0,0,2,L0000,1024,2,0;1;2;3,False,1785050048.5973067,1024,1024,1024,39.13116145133972,False,False,False,False,1024,0.0,4,4,1056.0,False,cache_reused,False,False,0,0.0,887719aa7fccc7acd286ce9c1d12bb336c467fed22c172e02f376fb3cd5a219c,True,,,1,0,124.509692,428.841939,6,1085,4,1056
20260726_formal4t4_reuse_intensive_LatestOnly@rho0.5_rep0,0,LatestOnly@rho0.5,LatestOnly,118,reuse_intensive:rep0:req118,reuse_intensive,0,1,0,L0001,2048,3,0;1;2;3,False,1785050048.5973423,2048,2048,2048,62.93474078178406,False,False,False,False,2048,0.0,4,4,2080.0,False,cache_reused,False,False,0,0.0,6576096a1130cd6f13ea5c209ed104b4e7205eb82f38cf120bf156ea1aead673,True,,,1,0,350.760672,894.716304,6,2109,4,2080
20260726_formal4t4_reuse_intensive_LatestOnly@rho0.5_rep0,0,LatestOnly@rho0.5,LatestOnly,119,reuse_intensive:rep0:req119,reuse_intensive,0,3,0,L0003,2048,0,0;1;2;3,False,1785050048.597372,2048,2048,2048,66.64966869354248,False,False,False,False,2048,0.0,4,4,2080.0,False,cache_reused,False,False,0,0.0,b601f5e7685b256662e4845de7f86cc295a4c5de825779c3830b60d81a4d85a6,True,,,1,0,361.393652,919.79126,6,2109,4,2080
20260726_formal4t4_reuse_intensive_LatestOnly@rho0.5_rep0,0,LatestOnly@rho0.5,LatestOnly,120,reuse_intensive:rep0:req120,reuse_intensive,0,0,0,L0000,1024,1,0;1;2;3,False,1785050049.5204792,1024,1024,1024,40.05373406410217,False,False,False,False,1024,0.0,4,4,1056.0,False,cache_reused,False,False,0,0.0,c4668b037db3cc81239e7b6add59a055b454701e4b433dda30e462c63a4add11,True,,,1,0,126.624348,435.656036,6,1085,4,1056
20260726_formal4t4_reuse_intensive_LatestOnly@rho0.5_rep0,0,LatestOnly@rho0.5,LatestOnly,121,reuse_intensive:rep0:req121,reuse_intensive,0,0,1,L0000,1024,0,0;1;2;3,False,1785050049.5205324,1024,1024,1024,105.81906604766846,False,False,False,False,1024,0.0,4,4,1056.0,False,cache_reused,False,False,0,0.0,c308de6fab854631460e3a14dd5fb30b3a76d983a5d69aed2731d9103128c786,True,,,1,0,131.954046,458.315616,6,1085,4,1056
20260726_formal4t4_reuse_intensive_LatestOnly@rho0.5_rep0,0,LatestOnly@rho0.5,LatestOnly,122,reuse_intensive:rep0:req122,reuse_intensive,0,0,2,L0000,1024,3,0;1;2;3,False,1785050049.5205715,1024,1024,1024,106.51354551315308,False,False,False,False,1024,0.0,4,4,1056.0,False,cache_reused,False,False,0,0.0,794d4648bcab33d340407b64fc1568e68f2ef746db3c76a5ada0677cf396a27b,True,,,1,0,120.058294,403.603192,6,1085,4,1056
20260726_formal4t4_reuse_intensive_LatestOnly@rho0.5_rep0,0,LatestOnly@rho0.5,LatestOnly,123,reuse_intensive:rep0:req123,reuse_intensive,0,4,1,L0004,1024,2,0;1;2;3,False,1785050049.5206044,1024,1024,1024,29.749666690826416,False,False,False,False,1024,0.0,4,4,1056.0,False,cache_reused,False,False,0,0.0,a0e33001301b689f8529263cac88e1308adf13d082b67091a22313eeba7df9c0,True,,,1,0,115.041727,401.420284,6,1085,4,1056
20260726_formal4t4_reuse_intensive_LatestOnly@rho0.5_rep0,0,LatestOnly@rho0.5,LatestOnly,124,reuse_intensive:rep0:req124,reuse_intensive,0,30,1,L0030,2048,2,2,True,1785050049.9806042,2048,2048,2048,36.82425785064697,False,False,False,False,2048,40.96,1,1,2080.0,True,cache_reused,False,False,0,0.0,e09d3ad48f5b82dce898726a5537a0bc84eef2b9558bc78794143921dc1b97f5,True,,,1,0,210.517738,747.052273,6,2109,4,2080
20260726_formal4t4_reuse_intensive_LatestOnly@rho0.5_rep0,0,LatestOnly@rho0.5,LatestOnly,125,reuse_intensive:rep0:req125,reuse_intensive,0,3,1,L0003,2048,3,0;1;2;3,False,1785050049.9806595,2048,2048,2048,30.20950436592102,False,False,False,False,2048,0.0,4,4,2080.0,False,cache_reused,False,False,0,0.0,4b0c9dfb61afec469aacf324f372ee2ab782c762df8a79bbbb00c9fb99da604c,True,,,1,0,189.117839,660.819176,6,2109,4,2080
20260726_formal4t4_reuse_intensive_LatestOnly@rho0.5_rep0,0,LatestOnly@rho0.5,LatestOnly,126,reuse_intensive:rep0:req126,reuse_intensive,0,11,0,L0011,4096,1,0;1;2;3,False,1785050049.9807007,4096,4096,4096,118.90710043907166,False,False,False,False,4096,0.0,4,4,4128.0,False,cache_reused,False,False,0,0.0,a67186a4702dd4e19bbb5e2d9f39ae198a827e48c41c7fde8641d0d5bda92561,True,,,1,0,336.408698,1256.577011,6,4157,4,4128
20260726_formal4t4_reuse_intensive_LatestOnly@rho0.5_rep0,0,LatestOnly@rho0.5,LatestOnly,127,reuse_intensive:rep0:req127,reuse_intensive,0,0,0,L0000,1024,0,0;1;2;3,False,1785050049.9807322,1024,1024,1024,106.27926588058472,False,False,False,False,1024,0.0,4,4,1056.0,False,cache_reused,False,False,0,0.0,25b11063921b44d92f398fb4f1a27a6e8c900c94b554661d24d4dcc0aeb456d6,True,,,1,0,129.980584,452.993458,6,1085,4,1056
20260726_formal4t4_reuse_intensive_LatestOnly@rho0.5_rep0,0,LatestOnly@rho0.5,LatestOnly,128,reuse_intensive:rep0:req128,reuse_intensive,0,0,1,L0000,1024,1,0;1;2;3,False,1785050051.2399826,1024,1024,1024,41.773237466812134,False,False,False,False,1024,0.0,4,4,1056.0,False,cache_reused,False,False,0,0.0,b9009ef7c1298d96558d1746c127aea39b8d4fad6f15fb1db84463d8ea6ad6ac,True,,,1,0,121.433956,435.081309,6,1085,4,1056
20260726_formal4t4_reuse_intensive_LatestOnly@rho0.5_rep0,0,LatestOnly@rho0.5,LatestOnly,129,reuse_intensive:rep0:req129,reuse_intensive,0,0,2,L0000,1024,2,0;1;2;3,False,1785050051.2400327,1024,1024,1024,41.773887395858765,False,False,False,False,1024,0.0,4,4,1056.0,False,cache_reused,False,False,0,0.0,fc81d606bc9ded79732e0eab43e34cda88477711820f8cd8d25b392bcca90b50,True,,,1,0,126.195085,435.216079,6,1085,4,1056
20260726_formal4t4_reuse_intensive_LatestOnly@rho0.5_rep0,0,LatestOnly@rho0.5,LatestOnly,130,reuse_intensive:rep0:req130,reuse_intensive,0,0,0,L0000,1024,3,0;1;2;3,False,1785050051.2400682,1024,1024,1024,108.23304224014282,False,False,False,False,1024,0.0,4,4,1056.0,False,cache_reused,False,False,0,0.0,a9ecd3cea9869a00d65d8336459e7dc9e91856bd2afb7fdc4722e5aa3995a1e0,True,,,1,0,118.983637,403.979664,6,1085,4,1056
20260726_formal4t4_reuse_intensive_LatestOnly@rho0.5_rep0,0,LatestOnly@rho0.5,LatestOnly,131,reuse_intensive:rep0:req131,reuse_intensive,0,8,0,L0008,2048,0,0;1;2;3,False,1785050051.2400982,2048,2048,2048,94.66925644874573,False,False,False,False,2048,0.0,4,4,2080.0,False,cache_reused,False,False,0,0.0,8d1ecacff3b1bec92d9dc7ac15b5f5abeefeeffc5ca4387d5c6d62109c573a13,True,,,1,0,212.40432,753.796176,6,2109,4,2080
20260726_formal4t4_reuse_intensive_LatestOnly@rho0.5_rep0,0,LatestOnly@rho0.5,LatestOnly,132,reuse_intensive:rep0:req132,reuse_intensive,0,0,1,L0000,1024,1,0;1;2;3,False,1785050051.9964814,1024,1024,1024,42.529736280441284,False,False,False,False,1024,0.0,4,4,1056.0,False,cache_reused,False,False,0,0.0,c2e3b1257ab7a6cd6225f33a381d482aec7b6d259ba61a2d42f3fb39e1d16cb9,True,,,1,0,121.847236,432.845496,6,1085,4,1056
20260726_formal4t4_reuse_intensive_LatestOnly@rho0.5_rep0,0,LatestOnly@rho0.5,LatestOnly,133,reuse_intensive:rep0:req133,reuse_intensive,0,5,1,L0005,2048,0,0;1;2;3,False,1785050051.9965322,2048,2048,2048,96.33053922653198,False,False,False,False,2048,0.0,4,4,2080.0,False,cache_reused,False,False,0,0.0,871b4ddb4c3ed375654f4ed291fb48109878f898dbcfe82d0dec782c1eaaac66,True,,,1,0,212.550403,753.039587,6,2109,4,2080
20260726_formal4t4_reuse_intensive_LatestOnly@rho0.5_rep0,0,LatestOnly@rho0.5,LatestOnly,134,reuse_intensive:rep0:req134,reuse_intensive,0,0,2,L0000,1024,3,0;1;2;3,False,1785050051.9965696,1024,1024,1024,108.98954367637634,False,False,False,False,1024,0.0,4,4,1056.0,False,cache_reused,False,False,0,0.0,b2b3dd2031c6eb3242c35797e3c71c2d587ff903127346c04c7c041973b7757f,True,,,1,0,120.390222,406.904273,6,1085,4,1056
20260726_formal4t4_reuse_intensive_LatestOnly@rho0.5_rep0,0,LatestOnly@rho0.5,LatestOnly,135,reuse_intensive:rep0:req135,reuse_intensive,0,0,0,L0000,1024,2,0;1;2;3,False,1785050051.9966004,1024,1024,1024,42.530455112457275,False,False,False,False,1024,0.0,4,4,1056.0,False,cache_reused,False,False,0,0.0,cb3d2d8116c94fe110992b9ff0e5eb18759c15daaeb9471264d392d5c28573fa,True,,,1,0,128.102601,436.426514,6,1085,4,1056
20260726_formal4t4_reuse_intensive_LatestOnly@rho0.5_rep0,0,LatestOnly@rho0.5,LatestOnly,136,reuse_intensive:rep0:req136,reuse_intensive,0,62,0,L0062,2048,1,,False,1785050052.7513757,0,0,0,,False,False,False,False,0,0.0,0,0,32.0,False,cache_miss,False,False,0,0.0,d9e49ae32b7972033471cdf22fe04c46956f7a7f4aada230cac5b5123a555ee1,True,,,1,0,3048.957285,3528.842931,6,2109,4,32
20260726_formal4t4_reuse_intensive_LatestOnly@rho0.5_rep0,0,LatestOnly@rho0.5,LatestOnly,137,reuse_intensive:rep0:req137,reuse_intensive,0,0,1,L0000,1024,2,0;1;2;3,False,1785050052.7514348,1024,1024,1024,43.28528952598572,False,False,False,False,1024,0.0,4,4,1056.0,False,cache_reused,False,False,0,0.0,fbebbf6e2cedc72ad3bc7cb4fbe1db3a953d17d294dcb9ec6fcef7947696ec53,True,,,1,0,127.469766,431.643151,6,1085,4,1056
20260726_formal4t4_reuse_intensive_LatestOnly@rho0.5_rep0,0,LatestOnly@rho0.5,LatestOnly,138,reuse_intensive:rep0:req138,reuse_intensive,0,0,2,L0000,1024,0,0;1;2;3,False,1785050052.7514765,1024,1024,1024,109.05001020431519,False,False,False,False,1024,0.0,4,4,1056.0,False,cache_reused,False,False,0,0.0,9fe7b891e145b410dfa6c0e70c26772074deda2e7b214f8e5abc8026ebf5c477,True,,,1,0,131.936291,458.588797,6,1085,4,1056
20260726_formal4t4_reuse_intensive_LatestOnly@rho0.5_rep0,0,LatestOnly@rho0.5,LatestOnly,139,reuse_intensive:rep0:req139,reuse_intensive,0,2,0,L0002,1024,3,0;1;2;3,False,1785050052.7515113,1024,1024,1024,109.05032467842102,False,False,False,False,1024,0.0,4,4,1056.0,False,cache_reused,False,False,0,0.0,fd11dace679a3027e562b932dcf59c330c65ea7a762829c3ddc6abb943073445,True,,,1,0,128.27525,436.881712,6,1085,4,1056
20260726_formal4t4_reuse_intensive_LatestOnly@rho0.5_rep0,0,LatestOnly@rho0.5,LatestOnly,140,reuse_intensive:rep0:req140,reuse_intensive,0,5,2,L0005,2048,0,0;1;2;3,False,1785050056.2814825,2048,2048,2048,100.61548948287964,False,False,False,False,2048,0.0,4,4,2080.0,False,cache_reused,False,False,0,0.0,48e884c01fd795ebbda13b50d8f03414a8b089c6fdc63d5d1c0d2782ff95e094,True,,,1,0,348.731212,890.031995,6,2109,4,2080
20260726_formal4t4_reuse_intensive_LatestOnly@rho0.5_rep0,0,LatestOnly@rho0.5,LatestOnly,141,reuse_intensive:rep0:req141,reuse_intensive,0,3,2,L0003,2048,1,0;1;2;3,False,1785050056.2815363,2048,2048,2048,36.510005235672,False,False,False,False,2048,0.0,4,4,2080.0,False,cache_reused,False,False,0,0.0,f14ddb572953192315ab4ecfbb70e55b6daac29f9799e4cfe4f678626aa7853d,True,,,1,0,199.75326,1577.958403,6,2109,4,2080
20260726_formal4t4_reuse_intensive_LatestOnly@rho0.5_rep0,0,LatestOnly@rho0.5,LatestOnly,142,reuse_intensive:rep0:req142,reuse_intensive,0,0,0,L0000,1024,2,0;1;2;3,False,1785050056.2815747,1024,1024,1024,46.81542944908142,False,False,False,False,1024,0.0,4,4,1056.0,False,cache_reused,False,False,0,0.0,ed65a3897d34b3f15c10cc68f30db7fde2658b40e64e180fcfa9ff4ef89efed5,True,,,1,0,263.674146,600.108128,6,1085,4,1056
20260726_formal4t4_reuse_intensive_LatestOnly@rho0.5_rep0,0,LatestOnly@rho0.5,LatestOnly,143,reuse_intensive:rep0:req143,reuse_intensive,0,43,1,L0043,4096,1,1,True,1785050056.2816076,4096,4096,4096,100.6157066822052,False,False,False,False,4096,79.92,1,1,4128.0,True,cache_reused,False,False,0,0.0,65591dde69c9c92772c312af1a8cded02b98aa8be01d24f7adbfcc35896ddb60,True,,,1,0,657.334742,1887.540805,6,4157,4,4128
20260726_formal4t4_reuse_intensive_LatestOnly@rho0.5_rep0,0,LatestOnly@rho0.5,LatestOnly,144,reuse_intensive:rep0:req144,reuse_intensive,0,37,0,L0037,4096,0,,False,1785050058.1722696,0,0,0,,False,False,False,False,0,0.0,0,0,32.0,False,cache_miss,False,False,0,0.0,caa6eb7794f0af1a4194460c6a5cf0ea30ac99bad3cef1eb5b11f35165b70818,True,,,1,0,10603.704269,11564.605146,6,4157,4,32
20260726_formal4t4_reuse_intensive_LatestOnly@rho0.5_rep0,0,LatestOnly@rho0.5,LatestOnly,145,reuse_intensive:rep0:req145,reuse_intensive,0,3,0,L0003,2048,2,0;1;2;3,False,1785050058.1723385,2048,2048,2048,60.33681559562683,False,False,False,False,2048,0.0,4,4,2080.0,False,cache_reused,False,False,0,0.0,a9da50a84bda18b6866106c6e7073830196c850a31f353497e453c4bd114ba16,True,,,1,0,200.296614,701.892219,6,2109,4,2080
20260726_formal4t4_reuse_intensive_LatestOnly@rho0.5_rep0,0,LatestOnly@rho0.5,LatestOnly,146,reuse_intensive:rep0:req146,reuse_intensive,0,1,1,L0001,2048,3,0;1;2;3,False,1785050058.172396,2048,2048,2048,34.13587522506714,False,False,False,False,2048,0.0,4,4,2080.0,False,cache_reused,False,False,0,0.0,bf47775ee8f5e7272a177291598b3f0d173a3132593cff2623789971391aed7f,True,,,1,0,339.279327,876.667319,6,2109,4,2080
20260726_formal4t4_reuse_intensive_LatestOnly@rho0.5_rep0,0,LatestOnly@rho0.5,LatestOnly,147,reuse_intensive:rep0:req147,reuse_intensive,0,0,1,L0000,1024,1,0;1;2;3,False,1785050058.1724405,1024,1024,1024,48.705695390701294,False,False,False,False,1024,0.0,4,4,1056.0,False,cache_reused,False,False,0,0.0,2dae853a570cf368954f215ba349841208c29082f5c3fb874df776a96062ae17,True,,,1,0,122.359121,434.686591,6,1085,4,1056
20260726_formal4t4_reuse_intensive_LatestOnly@rho0.5_rep0,0,LatestOnly@rho0.5,LatestOnly,148,reuse_intensive:rep0:req148,reuse_intensive,0,1,2,L0001,2048,3,0;1;2;3,False,1785050069.738459,2048,2048,2048,45.70193839073181,False,False,False,False,2048,0.0,4,4,2080.0,False,cache_reused,False,False,0,0.0,d99a71ce0de3e2bfedc21a12bd736f84d33feda67e4e8fc94ce0b64a0485f9f2,True,,,1,0,384.210991,922.574156,6,2109,4,2080
20260726_formal4t4_reuse_intensive_LatestOnly@rho0.5_rep0,0,LatestOnly@rho0.5,LatestOnly,149,reuse_intensive:rep0:req149,reuse_intensive,0,2,1,L0002,1024,0,0;1;2;3,False,1785050069.7385106,1024,1024,1024,180.53969979286194,False,False,False,False,1024,0.0,4,4,1056.0,False,cache_reused,False,False,0,0.0,609b384a1508dbecff838c58392509e9185bca7b2126641db9807676a4624cd1,True,,,1,0,127.006407,435.36177,6,1085,4,1056
20260726_formal4t4_reuse_intensive_LatestOnly@rho0.5_rep0,0,LatestOnly@rho0.5,LatestOnly,150,reuse_intensive:rep0:req150,reuse_intensive,0,2,2,L0002,1024,2,0;1;2;3,False,1785050069.7385485,1024,1024,1024,41.91513204574585,False,False,False,False,1024,0.0,4,4,1056.0,False,cache_reused,False,False,0,0.0,844770ad268fa06473237d7d6cc445d448ea4374b2be3ac3eb83de17aff66174,True,,,1,0,241.387881,555.73799,6,1085,4,1056
20260726_formal4t4_reuse_intensive_LatestOnly@rho0.5_rep0,0,LatestOnly@rho0.5,LatestOnly,151,reuse_intensive:rep0:req151,reuse_intensive,0,4,2,L0004,1024,1,0;1;2;3,False,1785050069.7385807,1024,1024,1024,175.31562852859497,False,False,False,False,1024,0.0,4,4,1056.0,False,cache_reused,False,False,0,0.0,943c91a251ee732fa64a2d3f43052e6f180b026ec03d67be4a7a6783b206320c,True,,,1,0,253.721104,593.835136,6,1085,4,1056
20260726_formal4t4_reuse_intensive_LatestOnly@rho0.5_rep0,0,LatestOnly@rho0.5,LatestOnly,152,reuse_intensive:rep0:req152,reuse_intensive,0,0,2,L0000,1024,3,0;1;2;3,False,1785050070.662274,1024,1024,1024,127.65524792671204,False,False,False,False,1024,0.0,4,4,1056.0,False,cache_reused,False,False,0,0.0,154e0a89bb3cdacc6a2ae1868a13f7b0f30996b8cbd6be5f766c6da2e62458ee,True,,,1,0,117.885618,400.842882,6,1085,4,1056
20260726_formal4t4_reuse_intensive_LatestOnly@rho0.5_rep0,0,LatestOnly@rho0.5,LatestOnly,153,reuse_intensive:rep0:req153,reuse_intensive,0,0,0,L0000,1024,2,0;1;2;3,False,1785050070.662325,1024,1024,1024,61.19617962837219,False,False,False,False,1024,0.0,4,4,1056.0,False,cache_reused,False,False,0,0.0,b3c48a841d7e641e4fd5260345d55014ecf3ff039ae2bdd01408ccde38950008,True,,,1,0,125.838062,433.256617,6,1085,4,1056
20260726_formal4t4_reuse_intensive_LatestOnly@rho0.5_rep0,0,LatestOnly@rho0.5,LatestOnly,154,reuse_intensive:rep0:req154,reuse_intensive,0,10,1,L0010,1024,1,0;1;2;3,False,1785050070.6623614,1024,1024,1024,103.17995095252991,False,False,False,False,1024,0.0,4,4,1056.0,False,cache_reused,False,False,0,0.0,85578f7f4f81c2697551b7f69154a6721beb126511cca2eda299fea1010dc54c,True,,,1,0,117.89695,408.116255,6,1085,4,1056
20260726_formal4t4_reuse_intensive_LatestOnly@rho0.5_rep0,0,LatestOnly@rho0.5,LatestOnly,155,reuse_intensive:rep0:req155,reuse_intensive,0,51,0,L0051,4096,0,,False,1785050070.6623857,0,0,0,,False,False,False,False,0,0.0,0,0,32.0,False,cache_miss,False,False,0,0.0,8bb12a73fd1c41ce6533b67cc495a0c5b5b9e2534f210fa1c27cc0329fc05d51,True,,,1,0,10381.342515,11307.633081,6,4157,4,32
20260726_formal4t4_reuse_intensive_LatestOnly@rho0.5_rep0,0,LatestOnly@rho0.5,LatestOnly,156,reuse_intensive:rep0:req156,reuse_intensive,0,0,1,L0000,1024,2,0;1;2;3,False,1785050081.9728465,1024,1024,1024,72.50670123100281,False,False,False,False,1024,0.0,4,4,1056.0,False,cache_reused,False,False,0,0.0,86116e46abdfd4cc523ff83da83d52e71995007bd26a1cfb860b71d3a524da2a,True,,,1,0,266.797389,604.282738,6,1085,4,1056
20260726_formal4t4_reuse_intensive_LatestOnly@rho0.5_rep0,0,LatestOnly@rho0.5,LatestOnly,157,reuse_intensive:rep0:req157,reuse_intensive,0,0,2,L0000,1024,0,0;1;2;3,False,1785050081.9728973,1024,1024,1024,138.27143096923828,False,False,False,False,1024,0.0,4,4,1056.0,False,cache_reused,False,False,0,0.0,0fca6e5180e40a65abc268e99977e1f52f93dd068ec6ed4585e6917755665390,True,,,1,0,135.295359,729.221032,6,1085,4,1056
20260726_formal4t4_reuse_intensive_LatestOnly@rho0.5_rep0,0,LatestOnly@rho0.5,LatestOnly,158,reuse_intensive:rep0:req158,reuse_intensive,0,14,2,L0014,2048,1,0;1;2;3,False,1785050081.9729364,2048,2048,2048,144.217919588089,False,False,False,False,2048,0.0,4,4,2080.0,False,cache_reused,False,False,0,0.0,491c1210e8bb9ff0c9e3686a04fd546130c7dbe223591254fee5c8987639d790,True,,,1,0,334.571737,819.344052,6,2109,4,2080
20260726_formal4t4_reuse_intensive_LatestOnly@rho0.5_rep0,0,LatestOnly@rho0.5,LatestOnly,159,reuse_intensive:rep0:req159,reuse_intensive,0,36,1,L0036,1024,0,0,True,1785050081.97297,1024,1024,1024,60.16230630874634,False,False,False,False,1024,18.48,1,1,1056.0,True,cache_reused,False,False,0,0.0,325e59ec45bc1f5c62d07c773d554441c4660032a024d731ce97a28d5b22ee88,True,,,1,0,334.302379,831.482603,6,1085,4,1056
20260726_formal4t4_reuse_intensive_LatestOnly@rho0.5_rep0,0,LatestOnly@rho0.5,LatestOnly,160,reuse_intensive:rep0:req160,reuse_intensive,1,64,0,L0064,1024,2,,False,1785050082.8075316,0,0,0,,False,False,False,False,0,0.0,0,0,32.0,False,cache_miss,False,False,0,0.0,eb9c1bdb82ab8e7f4b6751af2f8b4640b0c9a991ccc5736ccfa35bc447bb40f4,True,,,1,0,922.055629,1220.769946,6,1085,4,32
20260726_formal4t4_reuse_intensive_LatestOnly@rho0.5_rep0,0,LatestOnly@rho0.5,LatestOnly,161,reuse_intensive:rep0:req161,reuse_intensive,1,64,1,L0064,1024,1,,False,1785050082.8075707,0,0,0,,False,False,False,False,0,0.0,0,0,32.0,False,cache_miss,False,False,0,0.0,c1d46c861d6473218295428ef924684302aec9cf7368c0c950c524f0652e8ed0,True,,,1,0,910.215885,1201.004122,6,1085,4,32
20260726_formal4t4_reuse_intensive_LatestOnly@rho0.5_rep0,0,LatestOnly@rho0.5,LatestOnly,162,reuse_intensive:rep0:req162,reuse_intensive,1,75,0,L0075,1024,0,,False,1785050082.8075962,0,0,0,,False,False,False,False,0,0.0,0,0,32.0,False,cache_miss,False,False,0,0.0,315cc081148042768811897ef4cd9d906c8d1e95877884a4234d1076bbb0b1ee,True,,,1,0,980.429428,1306.637432,6,1085,4,32
20260726_formal4t4_reuse_intensive_LatestOnly@rho0.5_rep0,0,LatestOnly@rho0.5,LatestOnly,163,reuse_intensive:rep0:req163,reuse_intensive,1,105,0,L0105,2048,3,,False,1785050082.8076186,0,0,0,,False,False,False,False,0,0.0,0,0,16.0,False,cache_miss,False,False,0,0.0,beeb78c3eb841d8b3428a6e32d4ddbe7d7209d9c67c2cb4fb749ccbd03e01720,True,,,1,0,3523.027753,4050.792586,6,2109,4,16
20260726_formal4t4_reuse_intensive_LatestOnly@rho0.5_rep0,0,LatestOnly@rho0.5,LatestOnly,164,reuse_intensive:rep0:req164,reuse_intensive,1,64,2,L0064,1024,2,,False,1785050086.8610475,1024,0,0,204.4235155582428,True,True,False,False,0,0.0,0,0,1056.0,False,cache_reused,False,False,0,0.0,40489b408d9d10fcbfcd966916d08f1cbfbe183d193487c3de48e8cbaee9f11f,True,,,1,0,230.807073,526.050934,6,1085,4,1056
20260726_formal4t4_reuse_intensive_LatestOnly@rho0.5_rep0,0,LatestOnly@rho0.5,LatestOnly,165,reuse_intensive:rep0:req165,reuse_intensive,1,84,0,L0084,2048,3,,False,1785050086.8610876,0,0,0,,False,False,False,False,0,0.0,0,0,32.0,False,cache_miss,False,False,0,0.0,0656703c2d03596ac5121e16cbfe52a0fa99a4f103c23edafa40e393eb5e05a6,True,,,1,0,3315.535723,3838.849248,6,2109,4,32
20260726_formal4t4_reuse_intensive_LatestOnly@rho0.5_rep0,0,LatestOnly@rho0.5,LatestOnly,166,reuse_intensive:rep0:req166,reuse_intensive,1,66,0,L0066,2048,0,,False,1785050086.8611138,0,0,0,,False,False,False,False,0,0.0,0,0,32.0,False,cache_miss,False,False,0,0.0,9a1ba2e8afaa78c6e5edac8b2be72287a988dffbe6503cab3afc95ccb4e12768,True,,,1,0,3311.951842,3846.979951,6,2109,4,32
20260726_formal4t4_reuse_intensive_LatestOnly@rho0.5_rep0,0,LatestOnly@rho0.5,LatestOnly,167,reuse_intensive:rep0:req167,reuse_intensive,1,65,0,L0065,2048,1,,False,1785050086.8611357,0,0,0,,False,False,False,False,0,0.0,0,0,32.0,False,cache_miss,False,False,0,0.0,f239760245a6c82c965b91d54275bc027f4d978fcfb9f4d3812c182d0c19590a,True,,,1,0,3278.819861,3803.504456,6,2109,4,32
20260726_formal4t4_reuse_intensive_LatestOnly@rho0.5_rep0,0,LatestOnly@rho0.5,LatestOnly,168,reuse_intensive:rep0:req168,reuse_intensive,1,100,0,L0100,4096,2,,False,1785050090.7105498,0,0,0,,False,False,False,False,0,0.0,0,0,16.0,False,cache_miss,False,False,0,0.0,88f988471dfd58b44878fe58e49e8eecbc452bd221e13c37fc08fe427fd0a1ac,True,,,1,0,10465.131785,11360.995193,6,4157,4,16
20260726_formal4t4_reuse_intensive_LatestOnly@rho0.5_rep0,0,LatestOnly@rho0.5,LatestOnly,169,reuse_intensive:rep0:req169,reuse_intensive,1,93,0,L0093,2048,0,,False,1785050090.7105877,0,0,0,,False,False,False,False,0,0.0,0,0,32.0,False,cache_miss,False,False,0,0.0,1b62b97209308605d87bf11215aceb61f7b3450a246c097185e351d6ba72113c,True,,,1,0,3341.006102,3895.661372,6,2109,4,32
20260726_formal4t4_reuse_intensive_LatestOnly@rho0.5_rep0,0,LatestOnly@rho0.5,LatestOnly,170,reuse_intensive:rep0:req170,reuse_intensive,1,88,0,L0088,1024,1,,False,1785050090.7106133,0,0,0,,False,False,False,False,0,0.0,0,0,32.0,False,cache_miss,False,False,0,0.0,94309264b50eedef67bab382d6bd3441138f3fbd060e55813d0d04f02d3a6a3d,True,,,1,0,952.153066,1253.13415,6,1085,4,32
20260726_formal4t4_reuse_intensive_LatestOnly@rho0.5_rep0,0,LatestOnly@rho0.5,LatestOnly,171,reuse_intensive:rep0:req171,reuse_intensive,1,112,0,L0112,4096,3,,False,1785050090.7106345,0,0,0,,False,False,False,False,0,0.0,0,0,32.0,False,cache_miss,False,False,0,0.0,42aaa1a0e31f3105406a099c99602d01e896fa177d5d5fa53d377acd7abb77b6,True,,,1,0,10890.804319,11807.801748,6,4157,4,32
20260726_formal4t4_reuse_intensive_LatestOnly@rho0.5_rep0,0,LatestOnly@rho0.5,LatestOnly,172,reuse_intensive:rep0:req172,reuse_intensive,1,67,0,L0067,1024,2,,False,1785050102.52193,0,0,0,,False,False,False,False,0,0.0,0,0,32.0,False,cache_miss,False,False,0,0.0,8f9105cbd2be05d0b6a286e5a616481a4d7f597135ce8849460591f273659895,True,,,1,0,922.079477,1239.578438,6,1085,4,32
20260726_formal4t4_reuse_intensive_LatestOnly@rho0.5_rep0,0,LatestOnly@rho0.5,LatestOnly,173,reuse_intensive:rep0:req173,reuse_intensive,1,68,0,L0068,2048,1,,False,1785050102.5219662,0,0,0,,False,False,False,False,0,0.0,0,0,32.0,False,cache_miss,False,False,0,0.0,f0cab77172cef00126694b5055602d762cd253f0104159bec736109232ea8c6b,True,,,1,0,3351.361642,3879.974515,6,2109,4,32
20260726_formal4t4_reuse_intensive_LatestOnly@rho0.5_rep0,0,LatestOnly@rho0.5,LatestOnly,174,reuse_intensive:rep0:req174,reuse_intensive,1,81,0,L0081,1024,0,,False,1785050102.5219903,0,0,0,,False,False,False,False,0,0.0,0,0,32.0,False,cache_miss,False,False,0,0.0,0e08753b9f8e778dc1fe60b0ba5ddc4b1b06653e2f4f167d9f655e0e0f559c9a,True,,,1,0,1065.237466,1361.353464,6,1085,4,32
20260726_formal4t4_reuse_intensive_LatestOnly@rho0.5_rep0,0,LatestOnly@rho0.5,LatestOnly,175,reuse_intensive:rep0:req175,reuse_intensive,1,64,0,L0064,1024,3,,False,1785050102.5220118,1024,0,0,220.08447980880737,True,True,False,False,0,0.0,0,0,32.0,False,cache_miss,False,False,0,0.0,e7a4e397ca7182a912f61f4e9bd6dd4eb29b16175d910b712659df7cc42d961b,True,,,1,0,989.966385,1299.256849,6,1085,4,32
20260726_formal4t4_reuse_intensive_LatestOnly@rho0.5_rep0,0,LatestOnly@rho0.5,LatestOnly,176,reuse_intensive:rep0:req176,reuse_intensive,1,69,0,L0069,2048,2,,False,1785050106.4037008,0,0,0,,False,False,False,False,0,0.0,0,0,32.0,False,cache_miss,False,False,0,0.0,34cab7b1cdc94e8155abc9083324783954dbc2eb95fe9eb660aa52c7a8d3f8f6,True,,,1,0,3494.007743,4292.844759,6,2109,4,32
20260726_formal4t4_reuse_intensive_LatestOnly@rho0.5_rep0,0,LatestOnly@rho0.5,LatestOnly,177,reuse_intensive:rep0:req177,reuse_intensive,1,87,0,L0087,2048,3,,False,1785050106.4037397,0,0,0,,False,False,False,False,0,0.0,0,0,32.0,False,cache_miss,False,False,0,0.0,804d8606c6a20e8b3eff156253f0118a271a75b599c3333d2cfbf3ec722bdd97,True,,,1,0,3509.063361,4035.062413,6,2109,4,32
20260726_formal4t4_reuse_intensive_LatestOnly@rho0.5_rep0,0,LatestOnly@rho0.5,LatestOnly,178,reuse_intensive:rep0:req178,reuse_intensive,1,64,1,L0064,1024,1,1;2,True,1785050106.4037983,1024,1024,1024,19.54330849647522,False,False,False,False,1024,20.48,2,2,1056.0,True,cache_reused,False,False,0,0.0,4c04d5759cb1dc4c5df9f98e4c082febc9e18e9d55aa6841b899ba3af0d46608,True,,,1,0,118.084334,404.277062,6,1085,4,1056
20260726_formal4t4_reuse_intensive_LatestOnly@rho0.5_rep0,0,LatestOnly@rho0.5,LatestOnly,179,reuse_intensive:rep0:req179,reuse_intensive,1,64,2,L0064,1024,2,1;2,True,1785050106.4038384,1024,1024,1024,15.694221496582031,False,False,False,False,1024,18.48,2,2,1056.0,True,cache_reused,False,False,0,0.0,48753c12b87abe9b67e5dd33647d13492157c1dd9b40a2301a6d1a02c3b015c0,True,,,1,0,3492.096463,4290.841721,6,1085,4,1056
20260726_formal4t4_reuse_intensive_LatestOnly@rho0.5_rep0,0,LatestOnly@rho0.5,LatestOnly,180,reuse_intensive:rep0:req180,reuse_intensive,1,69,1,L0069,2048,0,,False,1785050110.6978574,2048,0,0,228.26032543182373,True,True,False,False,0,0.0,0,0,32.0,False,cache_miss,False,False,0,0.0,b9b4a5a39a3b5b38f8d48a5eacce22915d98828f550e3a4dbef806ad91551f44,True,,,1,0,3269.676956,3802.115621,6,2109,4,32
20260726_formal4t4_reuse_intensive_LatestOnly@rho0.5_rep0,0,LatestOnly@rho0.5,LatestOnly,181,reuse_intensive:rep0:req181,reuse_intensive,1,65,1,L0065,2048,1,1,True,1785050110.697912,2048,2048,2048,19.98759627342224,False,False,False,False,2048,40.96,1,1,2080.0,True,cache_reused,False,False,0,0.0,1449e675fad0c4e24a8cd4b61379c84f242f3a01221c6730e3fb12c0b5e8c50c,True,,,1,0,361.760887,886.750702,6,2109,4,2080
20260726_formal4t4_reuse_intensive_LatestOnly@rho0.5_rep0,0,LatestOnly@rho0.5,LatestOnly,182,reuse_intensive:rep0:req182,reuse_intensive,1,77,0,L0077,1024,3,,False,1785050110.6979427,0,0,0,,False,False,False,False,0,0.0,0,0,32.0,False,cache_miss,False,False,0,0.0,8f3a9af3da16d1817a096e41bf74f35963ef86607e062c781fd5efc5e9f6042c,True,,,1,0,961.018862,1264.299916,6,1085,4,32
20260726_formal4t4_reuse_intensive_LatestOnly@rho0.5_rep0,0,LatestOnly@rho0.5,LatestOnly,183,reuse_intensive:rep0:req183,reuse_intensive,1,70,0,L0070,4096,2,,False,1785050110.697966,0,0,0,,False,False,False,False,0,0.0,0,0,32.0,False,cache_miss,False,False,0,0.0,476cf1b8e85b01dc3c223eafda49c28f52503153c35f6fd2506f69f66a016076,True,,,1,0,10015.815713,10895.751112,6,4157,4,32
20260726_formal4t4_reuse_intensive_LatestOnly@rho0.5_rep0,0,LatestOnly@rho0.5,LatestOnly,184,reuse_intensive:rep0:req184,reuse_intensive,1,65,2,L0065,2048,1,1,False,1785050121.5972557,2048,2048,2048,30.886940002441406,False,False,False,False,2048,0.0,1,1,2080.0,False,cache_reused,False,False,0,0.0,97804c3dc9b7f22153b7598276fa2de59bd5134faf65169c19cfa009272e60c0,True,,,1,0,358.235807,892.291376,6,2109,4,2080
20260726_formal4t4_reuse_intensive_LatestOnly@rho0.5_rep0,0,LatestOnly@rho0.5,LatestOnly,185,reuse_intensive:rep0:req185,reuse_intensive,1,64,0,L0064,1024,3,1;2;3,False,1785050121.5973125,1024,1024,1024,15.19377613067627,False,False,False,False,1024,0.0,3,3,1056.0,False,cache_reused,False,False,0,0.0,520c2325563ccd414e4359c83eaaccd3567cf4100065282ed186119c4e188ac3,True,,,1,0,219.559569,559.526531,6,1085,4,1056
20260726_formal4t4_reuse_intensive_LatestOnly@rho0.5_rep0,0,LatestOnly@rho0.5,LatestOnly,186,reuse_intensive:rep0:req186,reuse_intensive,1,67,1,L0067,1024,2,2,False,1785050121.5973506,1024,1024,1024,15.194422483444214,False,False,False,False,1024,0.0,1,1,1056.0,False,cache_reused,False,False,0,0.0,9608602d08a4121f374cddad9ae5a978a6e55327bd46672eb4a7509f0059395b,True,,,1,0,125.274149,941.153252,6,1085,4,1056
20260726_formal4t4_reuse_intensive_LatestOnly@rho0.5_rep0,0,LatestOnly@rho0.5,LatestOnly,187,reuse_intensive:rep0:req187,reuse_intensive,1,69,2,L0069,2048,2,2,True,1785050121.597383,2048,2048,2048,10.900413751602173,False,False,False,False,2048,38.96,1,1,2080.0,True,cache_reused,False,False,0,0.0,1705a14229511a61868c86985f4cb5a463c3bb86c84b2f41f5a89bc186fea454,True,,,1,0,398.52718,1123.475338,6,2109,4,2080
20260726_formal4t4_reuse_intensive_LatestOnly@rho0.5_rep0,0,LatestOnly@rho0.5,LatestOnly,188,reuse_intensive:rep0:req188,reuse_intensive,1,64,1,L0064,1024,1,1;2;3,False,1785050122.7241745,1024,1024,1024,12.026656150817871,False,False,False,False,1024,0.0,3,3,1056.0,False,cache_reused,False,False,0,0.0,98146d6106d63e4b1a74815fac306f60b7d0b6d105488989865a39dbdf199c1f,True,,,1,0,122.12173,408.270293,6,1085,4,1056
20260726_formal4t4_reuse_intensive_LatestOnly@rho0.5_rep0,0,LatestOnly@rho0.5,LatestOnly,189,reuse_intensive:rep0:req189,reuse_intensive,1,64,2,L0064,1024,2,1;2;3,False,1785050122.7242286,1024,1024,1024,12.026552677154541,False,False,False,False,1024,0.0,3,3,1056.0,False,cache_reused,False,False,0,0.0,b97d0c9b0aa374176b83e4aaa439f6fcf16228bb732886d6d06a9bd40f2f2f75,True,,,1,0,125.955066,699.780681,6,1085,4,1056
20260726_formal4t4_reuse_intensive_LatestOnly@rho0.5_rep0,0,LatestOnly@rho0.5,LatestOnly,190,reuse_intensive:rep0:req190,reuse_intensive,1,67,2,L0067,1024,2,2,True,1785050122.7242672,1024,1024,1024,16.32133913040161,False,False,False,False,1024,18.48,1,1,1056.0,True,cache_reused,False,False,0,0.0,ec70fbef0ac054857abd66606df2133c3644d82a1d22bef38f035907628e6786,True,,,1,0,317.534125,802.176031,6,1085,4,1056
20260726_formal4t4_reuse_intensive_LatestOnly@rho0.5_rep0,0,LatestOnly@rho0.5,LatestOnly,191,reuse_intensive:rep0:req191,reuse_intensive,1,69,0,L0069,2048,0,0;2,True,1785050122.7243009,2048,2048,2048,1.1281442642211914,False,False,False,False,2048,40.96,2,2,2080.0,True,cache_reused,False,False,0,0.0,6bf66a14cabe0b8d1f81e29e54197f4035a6a8c56dcfe58f36b931ed04ead6d0,True,,,1,0,341.650716,889.895128,6,2109,4,2080
20260726_formal4t4_reuse_intensive_LatestOnly@rho0.5_rep0,0,LatestOnly@rho0.5,LatestOnly,192,reuse_intensive:rep0:req192,reuse_intensive,1,67,0,L0067,1024,2,2,True,1785050123.616954,1024,1024,1024,17.21402597427368,False,False,False,False,1024,20.48,1,1,1056.0,True,cache_reused,False,False,0,0.0,e6520e396210fb577a0c5b11bf700701467fa3e293ffbb475dda37c836d95caf,True,,,1,0,128.902534,438.142623,6,1085,4,1056
20260726_formal4t4_reuse_intensive_LatestOnly@rho0.5_rep0,0,LatestOnly@rho0.5,LatestOnly,193,reuse_intensive:rep0:req193,reuse_intensive,1,72,0,L0072,4096,0,,False,1785050123.6169946,0,0,0,,False,False,False,False,0,0.0,0,0,32.0,False,cache_miss,False,False,0,0.0,361be77709bd906209f59165a06b7b253cc115c93441d5ef17c4641c2a502db2,True,,,1,0,10597.45874,11534.730437,6,4157,4,32
20260726_formal4t4_reuse_intensive_LatestOnly@rho0.5_rep0,0,LatestOnly@rho0.5,LatestOnly,194,reuse_intensive:rep0:req194,reuse_intensive,1,103,0,L0103,4096,1,,False,1785050123.6170204,0,0,0,,False,False,False,False,0,0.0,0,0,16.0,False,cache_miss,False,False,0,0.0,b1fdf9d7e924013d9fa2a5ef8fb7c521036dea51a96f1df2bdfcfa9a3cfd2ad4,True,,,1,0,11095.527141,12467.211711,6,4157,4,16
20260726_formal4t4_reuse_intensive_LatestOnly@rho0.5_rep0,0,LatestOnly@rho0.5,LatestOnly,195,reuse_intensive:rep0:req195,reuse_intensive,1,65,0,L0065,2048,1,1,True,1785050123.6170526,2048,2048,2048,2.0205790996551514,False,False,False,False,2048,38.96,1,1,2080.0,True,cache_reused,False,False,0,0.0,b279174100fd2300a7d90ccdc3896ab005021041df0e5e5a2ea0ae03777e0888,True,,,1,0,11094.716371,12466.171159,6,2109,4,2080
20260726_formal4t4_reuse_intensive_LatestOnly@rho0.5_rep0,0,LatestOnly@rho0.5,LatestOnly,196,reuse_intensive:rep0:req196,reuse_intensive,1,64,0,L0064,1024,3,1;2;3,False,1785050136.0873666,1024,1024,1024,13.363796472549438,False,False,False,False,1024,0.0,3,3,1056.0,False,cache_reused,False,False,0,0.0,3dcc74b3c985abbc33db9f6e914be3255766b9f0a4bc2b7a2cae4a6c4ad508b0,True,,,1,0,253.993976,865.921884,6,1085,4,1056
20260726_formal4t4_reuse_intensive_LatestOnly@rho0.5_rep0,0,LatestOnly@rho0.5,LatestOnly,197,reuse_intensive:rep0:req197,reuse_intensive,1,64,1,L0064,1024,1,1;2;3,True,1785050136.0874233,1024,1024,1024,12.47130537033081,False,False,False,False,1024,20.48,3,3,1056.0,True,cache_reused,False,False,0,0.0,6333eec5d408ed385a481a2b836e0be94177b209f649886cfe23f2e66d34d8d2,True,,,1,0,118.356561,399.689842,6,1085,4,1056
20260726_formal4t4_reuse_intensive_LatestOnly@rho0.5_rep0,0,LatestOnly@rho0.5,LatestOnly,198,reuse_intensive:rep0:req198,reuse_intensive,1,77,1,L0077,1024,3,3,True,1785050136.0874615,1024,1024,1024,14.49075722694397,False,False,False,False,1024,18.48,1,1,1056.0,True,cache_reused,False,False,0,0.0,32d76e2901a6f00590832c75aabf7adebaf239c1bffe31af29632d9aef63730d,True,,,1,0,485.79874,963.483269,6,1085,4,1056
20260726_formal4t4_reuse_intensive_LatestOnly@rho0.5_rep0,0,LatestOnly@rho0.5,LatestOnly,199,reuse_intensive:rep0:req199,reuse_intensive,1,64,2,L0064,1024,2,1;2;3,False,1785050136.0874968,1024,1024,1024,12.4711275100708,False,False,False,False,1024,0.0,3,3,1056.0,False,cache_reused,False,False,0,0.0,f6955aec43a46247ffe920fb40e451164fd40d86a324bfb9cf816d45349cd427,True,,,1,0,255.138629,579.31291,6,1085,4,1056
20260726_formal4t4_reuse_intensive_LatestOnly@rho0.5_rep0,0,LatestOnly@rho0.5,LatestOnly,200,reuse_intensive:rep0:req200,reuse_intensive,1,64,0,L0064,1024,3,1;2;3,False,1785050137.0535092,1024,1024,1024,14.329939126968384,False,False,False,False,1024,0.0,3,3,1056.0,False,cache_reused,False,False,0,0.0,decc15d19406bae51bf7cc1684562a5149ca012c8fec03f07adba915fcd3a092,True,,,1,0,122.404845,419.264495,6,1085,4,1056
20260726_formal4t4_reuse_intensive_LatestOnly@rho0.5_rep0,0,LatestOnly@rho0.5,LatestOnly,201,reuse_intensive:rep0:req201,reuse_intensive,1,71,0,L0071,1024,2,,False,1785050137.053552,0,0,0,,False,False,False,False,0,0.0,0,0,32.0,False,cache_miss,False,False,0,0.0,0f08fcfc873c1ac97dd1ad06eece26c047000853f33762cc792998cdbdf35887,True,,,1,0,865.13812,1144.36846,6,1085,4,32
20260726_formal4t4_reuse_intensive_LatestOnly@rho0.5_rep0,0,LatestOnly@rho0.5,LatestOnly,202,reuse_intensive:rep0:req202,reuse_intensive,1,90,0,L0090,2048,0,,False,1785050137.053585,0,0,0,,False,False,False,False,0,0.0,0,0,32.0,False,cache_miss,False,False,0,0.0,40d728ba57e489ba411426476c5934f9ed04044c16113acd07bd31ea2532529c,True,,,1,0,3296.070575,3842.532706,6,2109,4,32
20260726_formal4t4_reuse_intensive_LatestOnly@rho0.5_rep0,0,LatestOnly@rho0.5,LatestOnly,203,reuse_intensive:rep0:req203,reuse_intensive,1,64,1,L0064,1024,1,1;2;3,False,1785050137.0536199,1024,1024,1024,13.437501907348633,False,False,False,False,1024,0.0,3,3,1056.0,False,cache_reused,False,False,0,0.0,4345cb9afc9cf0c0b71bf3460033c99ab79de6868b9c68da54c5014226f653f1,True,,,1,0,119.286711,405.775814,6,1085,4,1056
20260726_formal4t4_reuse_intensive_LatestOnly@rho0.5_rep0,0,LatestOnly@rho0.5,LatestOnly,204,reuse_intensive:rep0:req204,reuse_intensive,1,72,1,L0072,4096,0,0,True,1785050140.8985522,4096,4096,4096,4.812286853790283,False,False,False,False,4096,81.92,1,1,4128.0,True,cache_reused,False,False,0,0.0,feea1f137557b6f1c1020ffccc57c387735ea3c0668f0cff64d25cbbd7bd0250,True,,,1,0,360.461408,1294.7738,6,4157,4,4128
20260726_formal4t4_reuse_intensive_LatestOnly@rho0.5_rep0,0,LatestOnly@rho0.5,LatestOnly,205,reuse_intensive:rep0:req205,reuse_intensive,1,91,0,L0091,1024,3,,False,1785050140.8985922,0,0,0,,False,False,False,False,0,0.0,0,0,32.0,False,cache_miss,False,False,0,0.0,5b0b549f94c5b5dcaa75cf333849d9c8f6279393c47f7a38b0b02a1440d30226,True,,,1,0,1040.914058,1326.946224,6,1085,4,32
20260726_formal4t4_reuse_intensive_LatestOnly@rho0.5_rep0,0,LatestOnly@rho0.5,LatestOnly,206,reuse_intensive:rep0:req206,reuse_intensive,1,70,1,L0070,4096,2,2,True,1785050140.8986309,4096,4096,4096,19.301762580871582,False,False,False,False,4096,81.92,1,1,4128.0,True,cache_reused,False,False,0,0.0,ac0e5f85adbf6e355efdb3d9e5a495b65f61e5df77cd249b3bfea2a36eec9642,True,,,1,0,468.116363,1341.385672,6,4157,4,4128
20260726_formal4t4_reuse_intensive_LatestOnly@rho0.5_rep0,0,LatestOnly@rho0.5,LatestOnly,207,reuse_intensive:rep0:req207,reuse_intensive,1,73,0,L0073,1024,1,,False,1785050140.8986585,0,0,0,,False,False,False,False,0,0.0,0,0,32.0,False,cache_miss,False,False,0,0.0,8931b0d20c9e88b2e7500cf7ddcd21a21a9bf0ad8c3baa66e8e0d0b33103d931,True,,,1,0,1044.524951,1335.451845,6,1085,4,32
20260726_formal4t4_reuse_intensive_LatestOnly@rho0.5_rep0,0,LatestOnly@rho0.5,LatestOnly,208,reuse_intensive:rep0:req208,reuse_intensive,1,71,1,L0071,1024,2,2,True,1785050142.2432797,1024,1024,1024,1.3453259468078613,False,False,False,False,1024,20.48,1,1,1056.0,True,cache_reused,False,False,0,0.0,948d86ecd75376ddba0bcacaeeaa9a980c59f6d4733934417d5c42df87b1d32e,True,,,1,0,115.908107,391.263227,6,1085,4,1056
20260726_formal4t4_reuse_intensive_LatestOnly@rho0.5_rep0,0,LatestOnly@rho0.5,LatestOnly,209,reuse_intensive:rep0:req209,reuse_intensive,1,64,2,L0064,1024,3,1;2;3,False,1785050142.2433472,1024,1024,1024,1.3456637859344482,False,False,False,False,1024,0.0,3,3,1056.0,False,cache_reused,False,False,0,0.0,c275aaf8b7dee8d825d3d0e92682ac815ef90ffb8baeb17cfd6836b4c2f27706,True,,,1,0,122.749278,419.832191,6,1085,4,1056
20260726_formal4t4_reuse_intensive_LatestOnly@rho0.5_rep0,0,LatestOnly@rho0.5,LatestOnly,210,reuse_intensive:rep0:req210,reuse_intensive,1,64,0,L0064,1024,1,1;2;3,False,1785050142.2433894,1024,1024,1024,5.190422773361206,False,False,False,False,1024,0.0,3,3,1056.0,False,cache_reused,False,False,0,0.0,feb9879aad8e3228701ad4ec657a2ea70793d3865a5cbbd79d9564b6b46d59cf,True,,,1,0,115.167116,401.064993,6,1085,4,1056
20260726_formal4t4_reuse_intensive_LatestOnly@rho0.5_rep0,0,LatestOnly@rho0.5,LatestOnly,211,reuse_intensive:rep0:req211,reuse_intensive,1,113,0,L0113,4096,0,,False,1785050142.2434292,0,0,0,,False,False,False,False,0,0.0,0,0,16.0,False,cache_miss,False,False,0,0.0,44ab0a79f3c1cd9b41a661fa194d19711db91e120ba7117c4948a6a26b3087bb,True,,,1,0,10712.116101,11636.779846,6,4157,4,16
20260726_formal4t4_reuse_intensive_LatestOnly@rho0.5_rep0,0,LatestOnly@rho0.5,LatestOnly,212,reuse_intensive:rep0:req212,reuse_intensive,1,72,2,L0072,4096,0,0,True,1785050153.8832371,4096,4096,4096,11.641337156295776,False,False,False,False,4096,81.92,1,1,4128.0,True,cache_reused,False,False,0,0.0,3a4b8d204caf8fe0a2ca52b60659b49ba4041ae6da11e416e59b98777a3c8fe0,True,,,1,0,363.8768,1291.818813,6,4157,4,4128
20260726_formal4t4_reuse_intensive_LatestOnly@rho0.5_rep0,0,LatestOnly@rho0.5,LatestOnly,213,reuse_intensive:rep0:req213,reuse_intensive,1,70,2,L0070,4096,2,2,True,1785050153.8832948,4096,4096,4096,11.640677213668823,False,False,False,False,4096,81.92,1,1,4128.0,True,cache_reused,False,False,0,0.0,2afc66cc2d1feecd9e03dff27c8d0180dac31851e7ba3b36fe8693a923c04257,True,,,1,0,510.022879,1384.846305,6,4157,4,4128
20260726_formal4t4_reuse_intensive_LatestOnly@rho0.5_rep0,0,LatestOnly@rho0.5,LatestOnly,214,reuse_intensive:rep0:req214,reuse_intensive,1,73,1,L0073,1024,1,1,False,1785050153.8833382,1024,1024,1024,11.640294790267944,False,False,False,False,1024,0.0,1,1,1056.0,False,cache_reused,False,False,0,0.0,5d3ffeac17457d23aa272078e7cec2d605034db446104efb7ca5acb04fb06df5,True,,,1,0,213.606646,545.274154,6,1085,4,1056
20260726_formal4t4_reuse_intensive_LatestOnly@rho0.5_rep0,0,LatestOnly@rho0.5,LatestOnly,215,reuse_intensive:rep0:req215,reuse_intensive,1,104,0,L0104,2048,3,,False,1785050153.8833745,0,0,0,,False,False,False,False,0,0.0,0,0,32.0,False,cache_miss,False,False,0,0.0,c1af89bc0e1680ff094087be1335c5987b34cbf630a3b6fa64b143337f1c9f4a,True,,,1,0,3339.311971,3856.941234,6,2109,4,32
20260726_formal4t4_reuse_intensive_LatestOnly@rho0.5_rep0,0,LatestOnly@rho0.5,LatestOnly,216,reuse_intensive:rep0:req216,reuse_intensive,1,64,1,L0064,1024,1,1;2;3,False,1785050157.7438219,1024,1024,1024,3.8611841201782227,False,False,False,False,1024,0.0,3,3,1056.0,False,cache_reused,False,False,0,0.0,532cd181f3d5b0ab330c177bbddf4abd9f15acdb8c5596b8c20de7f63ad6c024,True,,,1,0,234.634651,592.623367,6,1085,4,1056
20260726_formal4t4_reuse_intensive_LatestOnly@rho0.5_rep0,0,LatestOnly@rho0.5,LatestOnly,217,reuse_intensive:rep0:req217,reuse_intensive,1,69,1,L0069,2048,2,0;2,False,1785050157.743847,2048,2048,2048,35.01992607116699,False,False,False,False,2048,0.0,2,2,2080.0,False,cache_reused,False,False,0,0.0,6d78834c4aa9e10a89ac759258bf40f3df9fa55668f7a7fdc964a5b08687584e,True,,,1,0,370.239164,922.371898,6,2109,4,2080
20260726_formal4t4_reuse_intensive_LatestOnly@rho0.5_rep0,0,LatestOnly@rho0.5,LatestOnly,218,reuse_intensive:rep0:req218,reuse_intensive,1,64,2,L0064,1024,3,1;2;3,False,1785050157.7438698,1024,1024,1024,3.861398696899414,False,False,False,False,1024,0.0,3,3,1056.0,False,cache_reused,False,False,0,0.0,83b0d85c05adfbc6bd410b29732c2b39b9a6dd2a1ba64ab03d2c93db77e7a021,True,,,1,0,118.793494,416.238909,6,1085,4,1056
20260726_formal4t4_reuse_intensive_LatestOnly@rho0.5_rep0,0,LatestOnly@rho0.5,LatestOnly,219,reuse_intensive:rep0:req219,reuse_intensive,1,64,0,L0064,1024,1,1;2;3,True,1785050157.7438886,1024,1024,1024,3.861250877380371,False,False,False,False,1024,18.48,3,3,1056.0,True,cache_reused,False,False,0,0.0,4ecf52f8de853018433f68fcb8e2432ae39d06de63df3d5e1207f32f2cfc7c06,True,,,1,0,379.692049,685.438514,6,1085,4,1056
20260726_formal4t4_reuse_intensive_LatestOnly@rho0.5_rep0,0,LatestOnly@rho0.5,LatestOnly,220,reuse_intensive:rep0:req220,reuse_intensive,1,65,1,L0065,2048,1,1,False,1785050158.6679776,2048,2048,2048,22.580926656723022,False,False,False,False,2048,0.0,1,1,2080.0,False,cache_reused,False,False,0,0.0,65bd2a402be14ec0e0bebb1cd6a5bfd321505351aca2ae25566ae972e1b4b0be,True,,,1,0,210.061168,1236.055428,6,2109,4,2080
20260726_formal4t4_reuse_intensive_LatestOnly@rho0.5_rep0,0,LatestOnly@rho0.5,LatestOnly,221,reuse_intensive:rep0:req221,reuse_intensive,1,69,2,L0069,2048,0,0;2,False,1785050158.6680288,2048,2048,2048,35.051345348358154,False,False,False,False,2048,0.0,2,2,2080.0,False,cache_reused,False,False,0,0.0,f6a540b445f4082eb1ecfdcec6834c42fc4845f87dfe7aadcc9b37cccea78546,True,,,1,0,351.983526,886.55128,6,2109,4,2080
20260726_formal4t4_reuse_intensive_LatestOnly@rho0.5_rep0,0,LatestOnly@rho0.5,LatestOnly,222,reuse_intensive:rep0:req222,reuse_intensive,1,69,0,L0069,2048,2,0;2,True,1785050158.6680684,2048,2048,2048,35.94414758682251,False,False,False,False,2048,40.96,2,2,2080.0,True,cache_reused,False,False,0,0.0,edcfdddd85b1adcfd8c0726a68368111381345d6aeae5647f4cd00c1ae6f6a1c,True,,,1,0,216.895942,766.089533,6,2109,4,2080
20260726_formal4t4_reuse_intensive_LatestOnly@rho0.5_rep0,0,LatestOnly@rho0.5,LatestOnly,223,reuse_intensive:rep0:req223,reuse_intensive,1,68,1,L0068,2048,1,1,True,1785050158.6681008,2048,2048,2048,52.26493716239929,False,False,False,False,2048,38.96,1,1,2080.0,True,cache_reused,False,False,0,0.0,2176817b8afe00fde493411a05bfd8bee33c84657a32b6fef3af245e83aa08d3,True,,,1,0,550.264974,1411.806422,6,2109,4,2080
20260726_formal4t4_reuse_intensive_LatestOnly@rho0.5_rep0,0,LatestOnly@rho0.5,LatestOnly,224,reuse_intensive:rep0:req224,reuse_intensive,1,69,1,L0069,2048,0,0;2,True,1785050160.083076,2048,2048,2048,36.466392517089844,False,False,False,False,2048,40.96,2,2,2080.0,True,cache_reused,False,False,0,0.0,e2d42b1c197776faa289c1529ce3e409c029b1a364d175ead40271ab7464db7e,True,,,1,0,210.559038,742.663823,6,2109,4,2080
20260726_formal4t4_reuse_intensive_LatestOnly@rho0.5_rep0,0,LatestOnly@rho0.5,LatestOnly,225,reuse_intensive:rep0:req225,reuse_intensive,1,70,0,L0070,4096,2,2,True,1785050160.083127,4096,4096,4096,2.339677572250366,False,False,False,False,4096,81.92,1,1,4128.0,True,cache_reused,False,False,0,0.0,d55fb3eb214704007bd068789bc58c4b83cc82c41bbbc6818fc36d91b7ddbc43,True,,,1,0,345.809483,1218.556042,6,4157,4,4128
20260726_formal4t4_reuse_intensive_LatestOnly@rho0.5_rep0,0,LatestOnly@rho0.5,LatestOnly,226,reuse_intensive:rep0:req226,reuse_intensive,1,64,1,L0064,1024,3,1;2;3,False,1785050160.0831695,1024,1024,1024,1.4155378341674805,False,False,False,False,1024,0.0,3,3,1056.0,False,cache_reused,False,False,0,0.0,77e325d3419db64e298612b35366d5bc0981b5690092797e56f0da58a188d964,True,,,1,0,184.167741,496.408794,6,1085,4,1056
20260726_formal4t4_reuse_intensive_LatestOnly@rho0.5_rep0,0,LatestOnly@rho0.5,LatestOnly,227,reuse_intensive:rep0:req227,reuse_intensive,1,65,2,L0065,2048,1,1,False,1785050160.0832045,2048,2048,2048,23.996153593063354,False,False,False,False,2048,0.0,1,1,2080.0,False,cache_reused,False,False,0,0.0,a99f9aeb25e4a0363971e428776d7972c19dfa8c641fe87df26860e43497d4b9,True,,,1,0,209.219854,736.523024,6,2109,4,2080
20260726_formal4t4_reuse_intensive_LatestOnly@rho0.5_rep0,0,LatestOnly@rho0.5,LatestOnly,228,reuse_intensive:rep0:req228,reuse_intensive,1,65,0,L0065,2048,1,1,False,1785050161.3039181,2048,2048,2048,25.216867208480835,False,False,False,False,2048,0.0,1,1,2080.0,False,cache_reused,False,False,0,0.0,9e0c4a1dc189f3fbd4223236382a2e4c86cec18d8c0774d3573c35a9a57b70d4,True,,,1,0,375.776954,1112.155043,6,2109,4,2080
20260726_formal4t4_reuse_intensive_LatestOnly@rho0.5_rep0,0,LatestOnly@rho0.5,LatestOnly,229,reuse_intensive:rep0:req229,reuse_intensive,1,66,1,L0066,2048,0,0,True,1785050161.3039696,2048,2048,2048,70.59386253356934,False,False,False,False,2048,40.96,1,1,2080.0,True,cache_reused,False,False,0,0.0,efddec17e4db111ed842cc53f2ecb473965720e830ed07b01097097dc8a51918,True,,,1,0,211.541102,749.091233,6,2109,4,2080
20260726_formal4t4_reuse_intensive_LatestOnly@rho0.5_rep0,0,LatestOnly@rho0.5,LatestOnly,230,reuse_intensive:rep0:req230,reuse_intensive,1,73,2,L0073,1024,1,1,True,1785050161.304004,1024,1024,1024,3.5603959560394287,False,False,False,False,1024,18.48,1,1,1056.0,True,cache_reused,False,False,0,0.0,2953aa3f9b31600db0815b063d53a2bb11b61a91a78fe4aef9c9fbd721ae7c8c,True,,,1,0,374.622166,1111.118814,6,1085,4,1056
20260726_formal4t4_reuse_intensive_LatestOnly@rho0.5_rep0,0,LatestOnly@rho0.5,LatestOnly,231,reuse_intensive:rep0:req231,reuse_intensive,1,112,1,L0112,4096,3,3,False,1785050161.3040345,4096,4096,4096,58.782480001449585,False,False,False,False,4096,0.0,1,1,4128.0,False,cache_reused,False,False,0,0.0,3ec2a8218fe830622ccbdfc244d2eed35b8c25937a14d99f7fd9a6bb01ea252e,True,,,1,0,356.921271,1276.182153,6,4157,4,4128
20260726_formal4t4_reuse_intensive_LatestOnly@rho0.5_rep0,0,LatestOnly@rho0.5,LatestOnly,232,reuse_intensive:rep0:req232,reuse_intensive,1,65,1,L0065,2048,1,1,False,1785050162.5833566,2048,2048,2048,2.5012922286987305,False,False,False,False,2048,0.0,1,1,2080.0,False,cache_reused,False,False,0,0.0,a265901d230d770f36c20eb8e5cc9c4f2ba7be3b0d31578caef6c211bfbd09ca,True,,,1,0,210.074507,735.808848,6,2109,4,2080
20260726_formal4t4_reuse_intensive_LatestOnly@rho0.5_rep0,0,LatestOnly@rho0.5,LatestOnly,233,reuse_intensive:rep0:req233,reuse_intensive,1,67,1,L0067,1024,2,2,True,1785050162.5834076,1024,1024,1024,26.49738836288452,False,False,False,False,1024,20.48,1,1,1056.0,True,cache_reused,False,False,0,0.0,45d1c4cdd67cd48c640e09d7889046a996e4302b1a5c10e96e90fa34f2268c99,True,,,1,0,127.745718,435.373663,6,1085,4,1056
20260726_formal4t4_reuse_intensive_LatestOnly@rho0.5_rep0,0,LatestOnly@rho0.5,LatestOnly,234,reuse_intensive:rep0:req234,reuse_intensive,1,64,2,L0064,1024,3,1;2;3,False,1785050162.58345,1024,1024,1024,3.915818452835083,False,False,False,False,1024,0.0,3,3,1056.0,False,cache_reused,False,False,0,0.0,7c388c0e46ef0700c6e1dc028a56ccafdec39bc2eddeb685c2148d2380663808,True,,,1,0,122.344618,441.809284,6,1085,4,1056
20260726_formal4t4_reuse_intensive_LatestOnly@rho0.5_rep0,0,LatestOnly@rho0.5,LatestOnly,235,reuse_intensive:rep0:req235,reuse_intensive,1,64,0,L0064,1024,3,1;2;3,True,1785050162.5834858,1024,1024,1024,3.9158542156219482,False,False,False,False,1024,18.48,3,3,1056.0,True,cache_reused,False,False,0,0.0,9aee45cdf8abe3d15b9309dffbea1262de4c05b62bd400e0789a80a7c11a912c,True,,,1,0,230.706661,538.782697,6,1085,4,1056
20260726_formal4t4_reuse_intensive_LatestOnly@rho0.5_rep0,0,LatestOnly@rho0.5,LatestOnly,236,reuse_intensive:rep0:req236,reuse_intensive,1,73,0,L0073,1024,1,1,False,1785050163.3204691,1024,1024,1024,5.576861143112183,False,False,False,False,1024,0.0,1,1,1056.0,False,cache_reused,False,False,0,0.0,0796e9bfef01371dd42ad7f433555457057d23fbdd6d18551ad23dd9455809f4,True,,,1,0,119.109253,858.578955,6,1085,4,1056
20260726_formal4t4_reuse_intensive_LatestOnly@rho0.5_rep0,0,LatestOnly@rho0.5,LatestOnly,237,reuse_intensive:rep0:req237,reuse_intensive,1,66,2,L0066,2048,0,0,True,1785050163.320527,2048,2048,2048,72.6104199886322,False,False,False,False,2048,40.96,1,1,2080.0,True,cache_reused,False,False,0,0.0,555fe80874a198aed31810a3e8f283c5d07a714dbe5fad25b4b863e940908e3b,True,,,1,0,211.581679,748.613734,6,2109,4,2080
20260726_formal4t4_reuse_intensive_LatestOnly@rho0.5_rep0,0,LatestOnly@rho0.5,LatestOnly,238,reuse_intensive:rep0:req238,reuse_intensive,1,77,2,L0077,1024,3,3,False,1785050163.3205647,1024,1024,1024,26.267433404922485,False,False,False,False,1024,0.0,1,1,1056.0,False,cache_reused,False,False,0,0.0,4c42cec624375bb94a1ffada26924a498229b60ecbdb47afc0cfd355085ac208,True,,,1,0,120.609576,415.246828,6,1085,4,1056
20260726_formal4t4_reuse_intensive_LatestOnly@rho0.5_rep0,0,LatestOnly@rho0.5,LatestOnly,239,reuse_intensive:rep0:req239,reuse_intensive,1,65,2,L0065,2048,1,1,True,1785050163.3206022,2048,2048,2048,3.2385377883911133,False,False,False,False,2048,38.96,1,1,2080.0,True,cache_reused,False,False,0,0.0,954ce9c1b144ae909bbe733885ab209f5e16c9e5584cf3b103bf8f00e80f90bc,True,,,1,0,364.653084,1029.759405,6,2109,4,2080
20260726_formal4t4_reuse_intensive_LatestOnly@rho0.5_rep0,0,LatestOnly@rho0.5,LatestOnly,240,reuse_intensive:rep0:req240,reuse_intensive,1,65,0,L0065,2048,1,1,False,1785050164.436559,2048,2048,2048,4.354494571685791,False,False,False,False,2048,0.0,1,1,2080.0,False,cache_reused,False,False,0,0.0,9f3640c695bb0dfdf5353ba28f8e3c5bb1c47f11651c5e4d098c1fb6e4d176f9,True,,,1,0,204.811109,731.145129,6,2109,4,2080
20260726_formal4t4_reuse_intensive_LatestOnly@rho0.5_rep0,0,LatestOnly@rho0.5,LatestOnly,241,reuse_intensive:rep0:req241,reuse_intensive,1,82,0,L0082,4096,2,,False,1785050164.4365985,0,0,0,,False,False,False,False,0,0.0,0,0,32.0,False,cache_miss,False,False,0,0.0,83b64869ce55540de1d27efbdbb1997adf887619c4525922d64770b313120245,True,,,1,0,10841.726537,12048.799242,6,4157,4,32
20260726_formal4t4_reuse_intensive_LatestOnly@rho0.5_rep0,0,LatestOnly@rho0.5,LatestOnly,242,reuse_intensive:rep0:req242,reuse_intensive,1,77,0,L0077,1024,3,3,True,1785050164.4366307,1024,1024,1024,27.38349938392639,False,False,False,False,1024,20.48,1,1,1056.0,True,cache_reused,False,False,0,0.0,893b4408dc322fd5b2f73ce3d24a5b86c1c62a3b0fda96d987cae6f2a8e4d2f3,True,,,1,0,115.941545,413.584685,6,1085,4,1056
20260726_formal4t4_reuse_intensive_LatestOnly@rho0.5_rep0,0,LatestOnly@rho0.5,LatestOnly,243,reuse_intensive:rep0:req243,reuse_intensive,1,67,2,L0067,1024,2,2,True,1785050164.4366581,1024,1024,1024,28.35063886642456,False,False,False,False,1024,18.48,1,1,1056.0,True,cache_reused,False,False,0,0.0,3150682e15fdeab9abc6f7e7001176ac96ba7b08b82b0756af6aa17d274b0021,True,,,1,0,10840.827613,12047.981085,6,1085,4,1056
20260726_formal4t4_reuse_intensive_LatestOnly@rho0.5_rep0,0,LatestOnly@rho0.5,LatestOnly,244,reuse_intensive:rep0:req244,reuse_intensive,1,67,0,L0067,1024,2,2,True,1785050176.487919,1024,1024,1024,13.168009996414185,False,False,False,False,1024,20.48,1,1,1056.0,True,cache_reused,False,False,0,0.0,96cc0e464cda666a551182d31643214e1456635ba509abf912b3023a0b230854,True,,,1,0,126.154059,432.954395,6,1085,4,1056
20260726_formal4t4_reuse_intensive_LatestOnly@rho0.5_rep0,0,LatestOnly@rho0.5,LatestOnly,245,reuse_intensive:rep0:req245,reuse_intensive,1,66,0,L0066,2048,0,0,True,1785050176.4879708,2048,2048,2048,12.135389566421509,False,False,False,False,2048,40.96,1,1,2080.0,True,cache_reused,False,False,0,0.0,9328000ea39509bdfa823e032c34e61fb0b48c3d8b20f34fcf5c3754bf78cc4e,True,,,1,0,378.142649,915.3552,6,2109,4,2080
20260726_formal4t4_reuse_intensive_LatestOnly@rho0.5_rep0,0,LatestOnly@rho0.5,LatestOnly,246,reuse_intensive:rep0:req246,reuse_intensive,1,65,1,L0065,2048,1,1,False,1785050176.4880064,2048,2048,2048,12.134975910186768,False,False,False,False,2048,0.0,1,1,2080.0,False,cache_reused,False,False,0,0.0,c22f54972091c70a98e0710ba5f76cdbb48523e43fbdb30b7014cf8de24acdf9,True,,,1,0,333.63005,908.239635,6,2109,4,2080
20260726_formal4t4_reuse_intensive_LatestOnly@rho0.5_rep0,0,LatestOnly@rho0.5,LatestOnly,247,reuse_intensive:rep0:req247,reuse_intensive,1,65,2,L0065,2048,1,1,True,1785050176.488039,2048,2048,2048,12.135008573532104,False,False,False,False,2048,38.96,1,1,2080.0,True,cache_reused,False,False,0,0.0,8bda855d9bf0d949a987d1094bb01761652b41ebe981a9112426c54f3e443ce0,True,,,1,0,532.433556,1079.59876,6,2109,4,2080
20260726_formal4t4_reuse_intensive_LatestOnly@rho0.5_rep0,0,LatestOnly@rho0.5,LatestOnly,248,reuse_intensive:rep0:req248,reuse_intensive,1,69,2,L0069,2048,0,0;2,False,1785050177.5704947,2048,2048,2048,16.26768946647644,False,False,False,False,2048,0.0,2,2,2080.0,False,cache_reused,False,False,0,0.0,42ede142cd647abc555f299839dcd87fca20951b8dddee014c34622255f7068c,True,,,1,0,210.13278,747.913693,6,2109,4,2080
20260726_formal4t4_reuse_intensive_LatestOnly@rho0.5_rep0,0,LatestOnly@rho0.5,LatestOnly,249,reuse_intensive:rep0:req249,reuse_intensive,1,65,0,L0065,2048,1,1,True,1785050177.5705183,2048,2048,2048,13.217487812042236,False,False,False,False,2048,40.96,1,1,2080.0,True,cache_reused,False,False,0,0.0,04de740e6ab9705a154e14b96af6d1be1922ae00fbf6e34d7e5f09df65d051ca,True,,,1,0,212.130827,1056.167212,6,2109,4,2080
20260726_formal4t4_reuse_intensive_LatestOnly@rho0.5_rep0,0,LatestOnly@rho0.5,LatestOnly,250,reuse_intensive:rep0:req250,reuse_intensive,1,65,1,L0065,2048,1,1,True,1785050177.5705333,2048,2048,2048,13.21750283241272,False,False,False,False,2048,38.96,1,1,2080.0,True,cache_reused,False,False,0,0.0,7af286292abea9e1872940c370063145ebfd8f62ddcdf0943657fa82278f740c,True,,,1,0,559.742621,1301.87346,6,2109,4,2080
20260726_formal4t4_reuse_intensive_LatestOnly@rho0.5_rep0,0,LatestOnly@rho0.5,LatestOnly,251,reuse_intensive:rep0:req251,reuse_intensive,1,73,1,L0073,1024,1,1,True,1785050177.5705454,1024,1024,1024,13.218205690383911,False,False,False,False,1024,16.48,1,1,1056.0,True,cache_reused,False,False,0,0.0,229e24165423053354a79e6e09ca11c32e74828b021546817ba8e85375ab7548,True,,,1,0,559.046577,1301.096695,6,1085,4,1056
20260726_formal4t4_reuse_intensive_LatestOnly@rho0.5_rep0,0,LatestOnly@rho0.5,LatestOnly,252,reuse_intensive:rep0:req252,reuse_intensive,1,66,1,L0066,2048,0,0,False,1785050178.8746777,2048,2048,2048,14.522096395492554,False,False,False,False,2048,0.0,1,1,2080.0,False,cache_reused,False,False,0,0.0,5b230df75ef565fd37fc7a2999d93283f46bad7b8db2ae4c14c4eb5eb75eed20,True,,,1,0,209.730243,746.976063,6,2109,4,2080
20260726_formal4t4_reuse_intensive_LatestOnly@rho0.5_rep0,0,LatestOnly@rho0.5,LatestOnly,253,reuse_intensive:rep0:req253,reuse_intensive,1,64,1,L0064,1024,1,1;2;3,False,1785050178.8747318,1024,1024,1024,20.206936836242676,False,False,False,False,1024,0.0,3,3,1056.0,False,cache_reused,False,False,0,0.0,8ff58a2063120351e221bfb18e1efb9815fb06faad952e4b8b3b16034542db61,True,,,1,0,118.797791,404.579586,6,1085,4,1056
20260726_formal4t4_reuse_intensive_LatestOnly@rho0.5_rep0,0,LatestOnly@rho0.5,LatestOnly,254,reuse_intensive:rep0:req254,reuse_intensive,1,64,2,L0064,1024,2,1;2;3,False,1785050178.8747728,1024,1024,1024,41.82149386405945,False,False,False,False,1024,0.0,3,3,1056.0,False,cache_reused,False,False,0,0.0,aea505c6421cc0d35ae65fb0f949e0530c9ffff98a78e4cba58b2ea0269905e2,True,,,1,0,250.684726,589.774527,6,1085,4,1056
20260726_formal4t4_reuse_intensive_LatestOnly@rho0.5_rep0,0,LatestOnly@rho0.5,LatestOnly,255,reuse_intensive:rep0:req255,reuse_intensive,1,104,1,L0104,2048,3,3,False,1785050178.8748167,2048,2048,2048,21.13114356994629,False,False,False,False,2048,0.0,1,1,2080.0,False,cache_reused,False,False,0,0.0,ca48b6f86c092b476da13ebb772c04aeaf8df9d277e4911df489f716957bb052,True,,,1,0,352.305857,875.844806,6,2109,4,2080
20260726_formal4t4_reuse_intensive_LatestOnly@rho0.5_rep0,0,LatestOnly@rho0.5,LatestOnly,256,reuse_intensive:rep0:req256,reuse_intensive,1,64,0,L0064,1024,2,1;2;3,True,1785050179.7534783,1024,1024,1024,42.700199365615845,False,False,False,False,1024,20.48,3,3,1056.0,True,cache_reused,False,False,0,0.0,e65c65cb50eb16e5f5f76e43ea37605921bd4922d8f6498c4ac0aefad3d6b849,True,,,1,0,123.792124,425.65131,6,1085,4,1056
20260726_formal4t4_reuse_intensive_LatestOnly@rho0.5_rep0,0,LatestOnly@rho0.5,LatestOnly,257,reuse_intensive:rep0:req257,reuse_intensive,1,73,2,L0073,1024,1,1,True,1785050179.7535284,1024,1024,1024,15.401188611984253,False,False,False,False,1024,20.48,1,1,1056.0,True,cache_reused,False,False,0,0.0,d02a9978e434abba34e7dbca47fb8525a7ec6ad0980cf713cee532655d0bfc09,True,,,1,0,118.016273,400.79251,6,1085,4,1056
20260726_formal4t4_reuse_intensive_LatestOnly@rho0.5_rep0,0,LatestOnly@rho0.5,LatestOnly,258,reuse_intensive:rep0:req258,reuse_intensive,1,72,0,L0072,4096,0,0,False,1785050179.7535655,4096,4096,4096,22.010351419448853,False,False,False,False,4096,0.0,1,1,4128.0,False,cache_reused,False,False,0,0.0,f23a412d203038b0987058cbef9325aa5be30e3e83e29d96b84c3d691cd04056,True,,,1,0,358.846655,1292.944339,6,4157,4,4128
20260726_formal4t4_reuse_intensive_LatestOnly@rho0.5_rep0,0,LatestOnly@rho0.5,LatestOnly,259,reuse_intensive:rep0:req259,reuse_intensive,1,64,1,L0064,1024,3,1;2;3,False,1785050179.7536004,1024,1024,1024,16.433348655700684,False,False,False,False,1024,0.0,3,3,1056.0,False,cache_reused,False,False,0,0.0,67ed7c18c751d2780cfb0d26209059641e554a6e8284e47d8135d368fa7dc35d,True,,,1,0,117.553257,410.139556,6,1085,4,1056
20260726_formal4t4_reuse_intensive_LatestOnly@rho0.5_rep0,0,LatestOnly@rho0.5,LatestOnly,260,reuse_intensive:rep0:req260,reuse_intensive,1,76,0,L0076,2048,0,,False,1785050181.0488558,0,0,0,,False,False,False,False,0,0.0,0,0,32.0,False,cache_miss,False,False,0,0.0,e12e0d3e0ebbfb128e6d53d1fc6db621e3c6da9b512f95931e6c97e01d265e94,True,,,1,0,3181.092617,3695.233438,6,2109,4,32
20260726_formal4t4_reuse_intensive_LatestOnly@rho0.5_rep0,0,LatestOnly@rho0.5,LatestOnly,261,reuse_intensive:rep0:req261,reuse_intensive,1,68,2,L0068,2048,1,1,False,1785050181.0489094,2048,2048,2048,20.96608281135559,False,False,False,False,2048,0.0,1,1,2080.0,False,cache_reused,False,False,0,0.0,31ae01a3811c52d2e4593ca0e8aef3fdeb7a2905a643019ed06fccf033385439,True,,,1,0,212.579878,746.321267,6,2109,4,2080
20260726_formal4t4_reuse_intensive_LatestOnly@rho0.5_rep0,0,LatestOnly@rho0.5,LatestOnly,262,reuse_intensive:rep0:req262,reuse_intensive,1,64,2,L0064,1024,3,1;2;3,False,1785050181.048956,1024,1024,1024,17.72870421409607,False,False,False,False,1024,0.0,3,3,1056.0,False,cache_reused,False,False,0,0.0,115b74cd0938b5897d4c7aa598f626f6a2a61b78b24fa995cb1fc0ff9546b269,True,,,1,0,119.658554,415.724601,6,1085,4,1056
20260726_formal4t4_reuse_intensive_LatestOnly@rho0.5_rep0,0,LatestOnly@rho0.5,LatestOnly,263,reuse_intensive:rep0:req263,reuse_intensive,1,64,0,L0064,1024,2,1;2;3,False,1785050181.048993,1024,1024,1024,43.99571418762207,False,False,False,False,1024,0.0,3,3,1056.0,False,cache_reused,False,False,0,0.0,56b09f92238c2bceca52339dcfb0d836134fa96bc14c61678abfc7a8bd1f56c0,True,,,1,0,124.259915,422.792162,6,1085,4,1056
20260726_formal4t4_reuse_intensive_LatestOnly@rho0.5_rep0,0,LatestOnly@rho0.5,LatestOnly,264,reuse_intensive:rep0:req264,reuse_intensive,1,71,2,L0071,1024,2,2,True,1785050184.7454123,1024,1024,1024,30.863199949264526,False,False,False,False,1024,20.48,1,1,1056.0,True,cache_reused,False,False,0,0.0,1fdf9da33b4abcae08cb79981e8a416071c4503a56ecb942543697b318ac119a,True,,,1,0,235.880701,532.584255,6,1085,4,1056
20260726_formal4t4_reuse_intensive_LatestOnly@rho0.5_rep0,0,LatestOnly@rho0.5,LatestOnly,265,reuse_intensive:rep0:req265,reuse_intensive,1,65,2,L0065,2048,1,1,True,1785050184.745461,2048,2048,2048,8.258605241775513,False,False,False,False,2048,40.96,1,1,2080.0,True,cache_reused,False,False,0,0.0,5ad1dec65af800af0c0ce7b77d830321f3acc7e55aa98b179efb892eeccf5699,True,,,1,0,339.366838,920.807351,6,2109,4,2080
20260726_formal4t4_reuse_intensive_LatestOnly@rho0.5_rep0,0,LatestOnly@rho0.5,LatestOnly,266,reuse_intensive:rep0:req266,reuse_intensive,1,65,0,L0065,2048,1,1,True,1785050184.7454958,2048,2048,2048,8.258640050888062,False,False,False,False,2048,38.96,1,1,2080.0,True,cache_reused,False,False,0,0.0,08e4efdced2fcb136d36b1026ee7197f8bfa3e2f46fe0be5611018444289b38c,True,,,1,0,544.115869,1095.362725,6,2109,4,2080
20260726_formal4t4_reuse_intensive_LatestOnly@rho0.5_rep0,0,LatestOnly@rho0.5,LatestOnly,267,reuse_intensive:rep0:req267,reuse_intensive,1,72,1,L0072,4096,0,0,True,1785050184.7455242,4096,4096,4096,27.002310037612915,False,False,False,False,4096,81.92,1,1,4128.0,True,cache_reused,False,False,0,0.0,0d70f75e37864b14b00c2831fa3aeb435117facdcbfdfaebe82831e22e33e685,True,,,1,0,360.42278,1298.609905,6,4157,4,4128
20260726_formal4t4_reuse_intensive_LatestOnly@rho0.5_rep0,0,LatestOnly@rho0.5,LatestOnly,268,reuse_intensive:rep0:req268,reuse_intensive,1,64,1,L0064,1024,3,1;2;3,False,1785050186.0473025,1024,1024,1024,22.72705078125,False,False,False,False,1024,0.0,3,3,1056.0,False,cache_reused,False,False,0,0.0,dd363ea3d343d33993a8b8b11edd8d9c07fd2576e087b9a38af0d360c06bfabc,True,,,1,0,221.724258,1022.645687,6,1085,4,1056
20260726_formal4t4_reuse_intensive_LatestOnly@rho0.5_rep0,0,LatestOnly@rho0.5,LatestOnly,269,reuse_intensive:rep0:req269,reuse_intensive,1,65,1,L0065,2048,1,1,False,1785050186.0473552,2048,2048,2048,9.560499429702759,False,False,False,False,2048,0.0,1,1,2080.0,False,cache_reused,False,False,0,0.0,e46e35035c23e7db6c0f6a47e05d03e05f8bc1520dca5d6e419f3487149445d2,True,,,1,0,208.165172,734.052873,6,2109,4,2080
20260726_formal4t4_reuse_intensive_LatestOnly@rho0.5_rep0,0,LatestOnly@rho0.5,LatestOnly,270,reuse_intensive:rep0:req270,reuse_intensive,1,84,1,L0084,2048,3,3,True,1785050186.0474043,2048,2048,2048,95.33753108978271,False,False,False,False,2048,38.96,1,1,2080.0,True,cache_reused,False,False,0,0.0,927bb22d9102d0c531f0b8a81addd5597437f57e499060b8a97056cf3011aaba,True,,,1,0,522.423032,1196.892623,6,2109,4,2080
20260726_formal4t4_reuse_intensive_LatestOnly@rho0.5_rep0,0,LatestOnly@rho0.5,LatestOnly,271,reuse_intensive:rep0:req271,reuse_intensive,1,81,1,L0081,1024,0,0,True,1785050186.0474405,1024,1024,1024,79.64404940605164,False,False,False,False,1024,20.48,1,1,1056.0,True,cache_reused,False,False,0,0.0,eaa2509a7df99e68de3d8cdd996e493a72d14002a32b202b4c17a88de8b38e6b,True,,,1,0,121.049836,408.496902,6,1085,4,1056
20260726_formal4t4_reuse_intensive_LatestOnly@rho0.5_rep0,0,LatestOnly@rho0.5,LatestOnly,272,reuse_intensive:rep0:req272,reuse_intensive,1,64,2,L0064,1024,3,1;2;3,False,1785050187.2468593,1024,1024,1024,23.926607608795166,False,False,False,False,1024,0.0,3,3,1056.0,False,cache_reused,False,False,0,0.0,a2f5cf28666e3bc874023deb772dbcdc9fd9c0a3657b93acca264ecee0fc0425,True,,,1,0,123.235971,419.394696,6,1085,4,1056
20260726_formal4t4_reuse_intensive_LatestOnly@rho0.5_rep0,0,LatestOnly@rho0.5,LatestOnly,273,reuse_intensive:rep0:req273,reuse_intensive,1,79,0,L0079,2048,0,,False,1785050187.246903,0,0,0,,False,False,False,False,0,0.0,0,0,32.0,False,cache_miss,False,False,0,0.0,14fff226d2ef2363fb94638bf4b90eb0c420ff5ecab76fbd0521caf5df9fbe05,True,,,1,0,3306.16809,3855.531454,6,2109,4,32
20260726_formal4t4_reuse_intensive_LatestOnly@rho0.5_rep0,0,LatestOnly@rho0.5,LatestOnly,274,reuse_intensive:rep0:req274,reuse_intensive,1,64,0,L0064,1024,1,1;2;3,False,1785050187.246951,1024,1024,1024,28.579156160354614,False,False,False,False,1024,0.0,3,3,1056.0,False,cache_reused,False,False,0,0.0,2a8cd7654fdbc8b00ef38336b28fc3770aa83669dd12097ece6860f61f8c3f1d,True,,,1,0,121.545308,881.720524,6,1085,4,1056
20260726_formal4t4_reuse_intensive_LatestOnly@rho0.5_rep0,0,LatestOnly@rho0.5,LatestOnly,275,reuse_intensive:rep0:req275,reuse_intensive,1,65,2,L0065,2048,1,1,True,1785050187.2469897,2048,2048,2048,8.372699499130249,False,False,False,False,2048,38.96,1,1,2080.0,True,cache_reused,False,False,0,0.0,db95b2fcc5da88b6836659e12b653ec4a2186077d9528b2bf0be54517ae8ef30,True,,,1,0,375.656871,1056.548024,6,2109,4,2080
20260726_formal4t4_reuse_intensive_LatestOnly@rho0.5_rep0,0,LatestOnly@rho0.5,LatestOnly,276,reuse_intensive:rep0:req276,reuse_intensive,1,69,0,L0069,2048,2,0;2,False,1785050191.104447,2048,2048,2048,31.021844625473022,False,False,False,False,2048,0.0,2,2,2080.0,False,cache_reused,False,False,0,0.0,6f0af9f319f3e28efb7664ee003c160f3303e260a0117405d3b9f47d2c6c5c73,True,,,1,0,386.917558,944.724559,6,2109,4,2080
20260726_formal4t4_reuse_intensive_LatestOnly@rho0.5_rep0,0,LatestOnly@rho0.5,LatestOnly,277,reuse_intensive:rep0:req277,reuse_intensive,1,65,0,L0065,2048,1,1,False,1785050191.104507,2048,2048,2048,12.23021674156189,False,False,False,False,2048,0.0,1,1,2080.0,False,cache_reused,False,False,0,0.0,ae77377d126e06091ac68b985d7a31440d33d785ae7d81447503a320f604dd07,True,,,1,0,349.809148,930.429886,6,2109,4,2080
20260726_formal4t4_reuse_intensive_LatestOnly@rho0.5_rep0,0,LatestOnly@rho0.5,LatestOnly,278,reuse_intensive:rep0:req278,reuse_intensive,1,110,0,L0110,2048,0,,False,1785050191.1045375,0,0,0,,False,False,False,False,0,0.0,0,0,32.0,False,cache_miss,False,False,0,0.0,9c25161e05a21358285c8c4cf0bf7836c5d207fb36d373b6d861fd7ee5a07178,True,,,1,0,3054.529386,3548.583839,6,2109,4,32
20260726_formal4t4_reuse_intensive_LatestOnly@rho0.5_rep0,0,LatestOnly@rho0.5,LatestOnly,279,reuse_intensive:rep0:req279,reuse_intensive,1,65,1,L0065,2048,1,1,True,1785050191.10457,2048,2048,2048,12.230279684066772,False,False,False,False,2048,38.96,1,1,2080.0,True,cache_reused,False,False,0,0.0,c9a01950720f9b2427d7f649b43019ea8381666643e21c8941ae2feed56cfab8,True,,,1,0,548.186455,1104.048222,6,2109,4,2080
20260726_formal4t4_reuse_intensive_LatestOnly@rho0.5_rep0,0,LatestOnly@rho0.5,LatestOnly,280,reuse_intensive:rep0:req280,reuse_intensive,1,64,1,L0064,1024,1,1;2;3,False,1785050194.6560001,1024,1024,1024,14.903084754943848,False,False,False,False,1024,0.0,3,3,1056.0,False,cache_reused,False,False,0,0.0,9cac2d6e503faa855769e218e227db9de2bb9764014e71f0d2c6b7887af7e136,True,,,1,0,212.948385,1025.1234,6,1085,4,1056
20260726_formal4t4_reuse_intensive_LatestOnly@rho0.5_rep0,0,LatestOnly@rho0.5,LatestOnly,281,reuse_intensive:rep0:req281,reuse_intensive,1,65,2,L0065,2048,1,1,True,1785050194.656053,2048,2048,2048,15.781762838363647,False,False,False,False,2048,38.96,1,1,2080.0,True,cache_reused,False,False,0,0.0,5993569a73eaa3e2893adf5464e317b656a446ce5b61b3199d3c36b6ca4846d4,True,,,1,0,518.123865,1200.6357,6,2109,4,2080
20260726_formal4t4_reuse_intensive_LatestOnly@rho0.5_rep0,0,LatestOnly@rho0.5,LatestOnly,282,reuse_intensive:rep0:req282,reuse_intensive,1,64,2,L0064,1024,2,1;2;3,False,1785050194.6560934,1024,1024,1024,57.60281443595886,False,False,False,False,1024,0.0,3,3,1056.0,False,cache_reused,False,False,0,0.0,7be974d6d1a20c814b4b4edfcf4fa7d6c0a36412d9900ba3838c572cf5faa8a8,True,,,1,0,224.441968,567.663507,6,1085,4,1056
20260726_formal4t4_reuse_intensive_LatestOnly@rho0.5_rep0,0,LatestOnly@rho0.5,LatestOnly,283,reuse_intensive:rep0:req283,reuse_intensive,1,96,0,L0096,2048,3,,False,1785050194.6561182,0,0,0,,False,False,False,False,0,0.0,0,0,32.0,False,cache_miss,False,False,0,0.0,c8731fc7e8f51414afbd965435a5f37b84625ff872e37edc7e60b8dfd749cde5,True,,,1,0,3393.865751,3919.685609,6,2109,4,32
20260726_formal4t4_reuse_intensive_LatestOnly@rho0.5_rep0,0,LatestOnly@rho0.5,LatestOnly,284,reuse_intensive:rep0:req284,reuse_intensive,1,64,0,L0064,1024,3,1;2;3,True,1785050198.5786939,1024,1024,1024,35.25844216346741,False,False,False,False,1024,20.48,3,3,1056.0,True,cache_reused,False,False,0,0.0,25c214f4099943fc868b2ee2d539d97f10bb1b5224f4e98309baccf02b380143,True,,,1,0,122.824097,418.70134,6,1085,4,1056
20260726_formal4t4_reuse_intensive_LatestOnly@rho0.5_rep0,0,LatestOnly@rho0.5,LatestOnly,285,reuse_intensive:rep0:req285,reuse_intensive,1,64,1,L0064,1024,2,1;2;3,True,1785050198.5787542,1024,1024,1024,13.833523035049438,False,False,False,False,1024,20.48,3,3,1056.0,True,cache_reused,False,False,0,0.0,46e8fe0578d15c3946f019fd5d7624fac950fbd15e07004b74b2a9b4ab345364,True,,,1,0,249.256127,571.755206,6,1085,4,1056
20260726_formal4t4_reuse_intensive_LatestOnly@rho0.5_rep0,0,LatestOnly@rho0.5,LatestOnly,286,reuse_intensive:rep0:req286,reuse_intensive,1,69,1,L0069,2048,0,0;2,False,1785050198.5788152,2048,2048,2048,19.705086708068848,False,False,False,False,2048,0.0,2,2,2080.0,False,cache_reused,False,False,0,0.0,f32562c347259c80903117ce6a65a8da1156bc896a4e75b2dc9c6de137fa8dc0,True,,,1,0,353.390729,892.176147,6,2109,4,2080
20260726_formal4t4_reuse_intensive_LatestOnly@rho0.5_rep0,0,LatestOnly@rho0.5,LatestOnly,287,reuse_intensive:rep0:req287,reuse_intensive,1,80,0,L0080,1024,1,,False,1785050198.5788438,0,0,0,,False,False,False,False,0,0.0,0,0,32.0,False,cache_miss,False,False,0,0.0,4c64ec713364d042f7c9cbac09dcc61ab9f05327274ba600470dee24e368dd8c,True,,,1,0,1060.741095,1370.214177,6,1085,4,32
20260726_formal4t4_reuse_intensive_LatestOnly@rho0.5_rep0,0,LatestOnly@rho0.5,LatestOnly,288,reuse_intensive:rep0:req288,reuse_intensive,1,67,1,L0067,1024,2,2,True,1785050199.9513745,1024,1024,1024,22.381309270858765,False,False,False,False,1024,20.48,1,1,1056.0,True,cache_reused,False,False,0,0.0,bb60e5087ba1444601e3a69378941120746b78220b1f36701a73ae80b351cd67,True,,,1,0,155.738374,1294.57894,6,1085,4,1056
20260726_formal4t4_reuse_intensive_LatestOnly@rho0.5_rep0,0,LatestOnly@rho0.5,LatestOnly,289,reuse_intensive:rep0:req289,reuse_intensive,1,95,0,L0095,1024,1,,False,1785050199.9513938,0,0,0,,False,False,False,False,0,0.0,0,0,32.0,False,cache_miss,False,False,0,0.0,05a2a36f5f68e1068d016e39f351613c51f2be00d82d9f73485d95d45dd448aa,True,,,1,0,943.194761,1246.719537,6,1085,4,32
20260726_formal4t4_reuse_intensive_LatestOnly@rho0.5_rep0,0,LatestOnly@rho0.5,LatestOnly,290,reuse_intensive:rep0:req290,reuse_intensive,1,70,1,L0070,4096,2,2,True,1785050199.9514165,4096,4096,4096,38.6482937335968,False,False,False,False,4096,79.92,1,1,4128.0,True,cache_reused,False,False,0,0.0,1e59616a992e8b82724d9751ee9e96258466c9c5b263208398a4718fb55ec999,True,,,1,0,535.180821,1585.112949,6,4157,4,4128
20260726_formal4t4_reuse_intensive_LatestOnly@rho0.5_rep0,0,LatestOnly@rho0.5,LatestOnly,291,reuse_intensive:rep0:req291,reuse_intensive,1,64,2,L0064,1024,3,1;2;3,True,1785050199.9514396,1024,1024,1024,36.631187915802,False,False,False,False,1024,20.48,3,3,1056.0,True,cache_reused,False,False,0,0.0,ab9febcf09195757960e92cfd0f91ecc5183d47c8691aae9ec4dc23eeef3cc8d,True,,,1,0,121.172412,414.320923,6,1085,4,1056
20260726_formal4t4_reuse_intensive_LatestOnly@rho0.5_rep0,0,LatestOnly@rho0.5,LatestOnly,292,reuse_intensive:rep0:req292,reuse_intensive,1,64,0,L0064,1024,2,1;2;3,False,1785050201.5384593,1024,1024,1024,16.793228149414062,False,False,False,False,1024,0.0,3,3,1056.0,False,cache_reused,False,False,0,0.0,abf96b7b87712570df74ad432906937ce5eefade79b8f0dff77ee04aed016108,True,,,1,0,152.925455,1289.292778,6,1085,4,1056
20260726_formal4t4_reuse_intensive_LatestOnly@rho0.5_rep0,0,LatestOnly@rho0.5,LatestOnly,293,reuse_intensive:rep0:req293,reuse_intensive,1,89,0,L0089,2048,3,,False,1785050201.538511,0,0,0,,False,False,False,False,0,0.0,0,0,32.0,False,cache_miss,False,False,0,0.0,9f9096fc9d005ca345354afed9619fc5ceb9f70ad5bb015608bd7d035f3ac4f1,True,,,1,0,3285.190359,3810.251741,6,2109,4,32
20260726_formal4t4_reuse_intensive_LatestOnly@rho0.5_rep0,0,LatestOnly@rho0.5,LatestOnly,294,reuse_intensive:rep0:req294,reuse_intensive,1,106,0,L0106,1024,1,,False,1785050201.5385387,0,0,0,,False,False,False,False,0,0.0,0,0,32.0,False,cache_miss,False,False,0,0.0,e0fa4d3a232fbf44870e3040a90d2e2f71e88240121d6f56e7bdb95334e519b8,True,,,1,0,1050.150425,1381.651618,6,1085,4,32
20260726_formal4t4_reuse_intensive_LatestOnly@rho0.5_rep0,0,LatestOnly@rho0.5,LatestOnly,295,reuse_intensive:rep0:req295,reuse_intensive,1,70,2,L0070,4096,2,2,True,1785050201.5385818,4096,4096,4096,40.235459089279175,False,False,False,False,4096,79.92,1,1,4128.0,True,cache_reused,False,False,0,0.0,3c8d5520febc3aa87fdfc32e51a961cbc1cbd3cf377593ba6e6b17c84fa7d8ac,True,,,1,0,531.528112,1580.363895,6,4157,4,4128
20260726_formal4t4_reuse_intensive_LatestOnly@rho0.5_rep0,0,LatestOnly@rho0.5,LatestOnly,296,reuse_intensive:rep0:req296,reuse_intensive,1,66,2,L0066,2048,0,0,False,1785050205.3508844,2048,2048,2048,25.598300218582153,False,False,False,False,2048,0.0,1,1,2080.0,False,cache_reused,False,False,0,0.0,110ca92b1de0ccc36810f97ee979f4633dbe031f058768781ff7bcfb586af1de,True,,,1,0,318.02973,1334.424363,6,2109,4,2080
20260726_formal4t4_reuse_intensive_LatestOnly@rho0.5_rep0,0,LatestOnly@rho0.5,LatestOnly,297,reuse_intensive:rep0:req297,reuse_intensive,1,119,0,L0119,4096,3,,False,1785050205.3509238,0,0,0,,False,False,False,False,0,0.0,0,0,32.0,False,cache_miss,False,False,0,0.0,cd632675559df85468ca600c71c5a104e65f03f835f4e56efd7e7269826976bc,True,,,1,0,10749.079482,11666.555199,6,4157,4,32
20260726_formal4t4_reuse_intensive_LatestOnly@rho0.5_rep0,0,LatestOnly@rho0.5,LatestOnly,298,reuse_intensive:rep0:req298,reuse_intensive,1,64,1,L0064,1024,2,1;2;3,False,1785050205.3509655,1024,1024,1024,20.60573434829712,False,False,False,False,1024,0.0,3,3,1056.0,False,cache_reused,False,False,0,0.0,23ee62ac17b4d45ee85299bcf888534c558b39f639fcb3428ae78b00206b0a3d,True,,,1,0,240.48644,585.829238,6,1085,4,1056
20260726_formal4t4_reuse_intensive_LatestOnly@rho0.5_rep0,0,LatestOnly@rho0.5,LatestOnly,299,reuse_intensive:rep0:req299,reuse_intensive,1,69,2,L0069,2048,0,0;2,True,1785050205.3510048,2048,2048,2048,26.47727632522583,False,False,False,False,2048,38.96,2,2,2080.0,True,cache_reused,False,False,0,0.0,c5981e0c713cadbca3f020dc50bdabf21869ee58ea34984f4240126aa2f03e87,True,,,1,0,655.134742,1511.161447,6,2109,4,2080
20260726_formal4t4_reuse_intensive_LatestOnly@rho0.5_rep0,0,LatestOnly@rho0.5,LatestOnly,300,reuse_intensive:rep0:req300,reuse_intensive,1,67,2,L0067,1024,2,2,True,1785050217.0200129,1024,1024,1024,15.48259949684143,False,False,False,False,1024,20.48,1,1,1056.0,True,cache_reused,False,False,0,0.0,f1c38f851946b36f9f893e25df4c2fd274bf6535d804f2b5f7518eeaefc18b0e,True,,,1,0,283.789891,1454.907872,6,1085,4,1056
20260726_formal4t4_reuse_intensive_LatestOnly@rho0.5_rep0,0,LatestOnly@rho0.5,LatestOnly,301,reuse_intensive:rep0:req301,reuse_intensive,1,65,0,L0065,2048,1,1,True,1785050217.0200691,2048,2048,2048,18.44206428527832,False,False,False,False,2048,40.96,1,1,2080.0,True,cache_reused,False,False,0,0.0,dc39d872ff9066d1edb3b7ead205794c953b2a54d0eedf6e14eefa5e2e8a8cb5,True,,,1,0,343.361938,909.6561,6,2109,4,2080
20260726_formal4t4_reuse_intensive_LatestOnly@rho0.5_rep0,0,LatestOnly@rho0.5,LatestOnly,302,reuse_intensive:rep0:req302,reuse_intensive,1,70,0,L0070,4096,2,2,True,1785050217.0201187,4096,4096,4096,55.71699595451355,False,False,False,False,4096,79.92,1,1,4128.0,True,cache_reused,False,False,0,0.0,f0e5c8d530b1f0960bab3ac897e206af751e3fcac0c32e33acd6747a8cf8702b,True,,,1,0,688.768934,1748.496869,6,4157,4,4128
20260726_formal4t4_reuse_intensive_LatestOnly@rho0.5_rep0,0,LatestOnly@rho0.5,LatestOnly,303,reuse_intensive:rep0:req303,reuse_intensive,1,65,1,L0065,2048,1,1,True,1785050217.0201504,2048,2048,2048,18.442145586013794,False,False,False,False,2048,38.96,1,1,2080.0,True,cache_reused,False,False,0,0.0,68a1f5dc5ad65dc4a99a953de1599918f4debd4346298995be035050697623aa,True,,,1,0,536.744727,1082.184755,6,2109,4,2080
20260726_formal4t4_reuse_intensive_LatestOnly@rho0.5_rep0,0,LatestOnly@rho0.5,LatestOnly,304,reuse_intensive:rep0:req304,reuse_intensive,1,68,0,L0068,2048,1,1,True,1785050218.7715747,2048,2048,2048,34.02673316001892,False,False,False,False,2048,40.96,1,1,2080.0,True,cache_reused,False,False,0,0.0,a126e47d68b13ee2b6f799b8f3533bfa3fd161a815760e72fe3069dea35c010d,True,,,1,0,215.14162,751.709325,6,2109,4,2080
20260726_formal4t4_reuse_intensive_LatestOnly@rho0.5_rep0,0,LatestOnly@rho0.5,LatestOnly,305,reuse_intensive:rep0:req305,reuse_intensive,1,76,1,L0076,2048,0,0,True,1785050218.7716258,2048,2048,2048,34.02711486816406,False,False,False,False,2048,40.96,1,1,2080.0,True,cache_reused,False,False,0,0.0,90c5cf4ece3f49a68fd4f7a9802d8af184e0e71dde604d2f63ad3e4ca0703117,True,,,1,0,342.972364,868.772737,6,2109,4,2080
20260726_formal4t4_reuse_intensive_LatestOnly@rho0.5_rep0,0,LatestOnly@rho0.5,LatestOnly,306,reuse_intensive:rep0:req306,reuse_intensive,1,71,0,L0071,1024,2,2,True,1785050218.7716634,1024,1024,1024,32.72548198699951,False,False,False,False,1024,20.48,1,1,1056.0,True,cache_reused,False,False,0,0.0,0f35bf680835c958bc60b0b7903ebadb7f6398918d4619fd81a250d88abb10db,True,,,1,0,114.630647,385.615962,6,1085,4,1056
20260726_formal4t4_reuse_intensive_LatestOnly@rho0.5_rep0,0,LatestOnly@rho0.5,LatestOnly,307,reuse_intensive:rep0:req307,reuse_intensive,1,64,2,L0064,1024,3,1;2;3,False,1785050218.7717035,1024,1024,1024,17.233444690704346,False,False,False,False,1024,0.0,3,3,1056.0,False,cache_reused,False,False,0,0.0,d043a152daedd5d6bdff323c31c58ca1329750656a07b6a067f3220d01059dac,True,,,1,0,176.000615,486.560455,6,1085,4,1056
20260726_formal4t4_reuse_intensive_LatestOnly@rho0.5_rep0,0,LatestOnly@rho0.5,LatestOnly,308,reuse_intensive:rep0:req308,reuse_intensive,1,64,0,L0064,1024,3,1;2;3,False,1785050219.6423595,1024,1024,1024,18.104100704193115,False,False,False,False,1024,0.0,3,3,1056.0,False,cache_reused,False,False,0,0.0,282e7142abd9d522a9a4ad057d230ffe7b441dea6f84af179b1159a4d31ab40c,True,,,1,0,122.596143,421.50873,6,1085,4,1056
20260726_formal4t4_reuse_intensive_LatestOnly@rho0.5_rep0,0,LatestOnly@rho0.5,LatestOnly,309,reuse_intensive:rep0:req309,reuse_intensive,1,72,2,L0072,4096,0,0,True,1785050219.6424105,4096,4096,4096,33.595540046691895,False,False,False,False,4096,81.92,1,1,4128.0,True,cache_reused,False,False,0,0.0,ac46210927fa7fedfcadb54d24cbed3b26089d4e652bf7cb78176f6a2b05dd33,True,,,1,0,359.912813,1294.354573,6,4157,4,4128
20260726_formal4t4_reuse_intensive_LatestOnly@rho0.5_rep0,0,LatestOnly@rho0.5,LatestOnly,310,reuse_intensive:rep0:req310,reuse_intensive,1,64,1,L0064,1024,2,1;2;3,False,1785050219.6424491,1024,1024,1024,14.292705535888672,False,False,False,False,1024,0.0,3,3,1056.0,False,cache_reused,False,False,0,0.0,50785203d10c92eb199c6bdd2749de7d25c1f8d54b92475f5249c5dc1e0a4261,True,,,1,0,123.555664,424.848032,6,1085,4,1056
20260726_formal4t4_reuse_intensive_LatestOnly@rho0.5_rep0,0,LatestOnly@rho0.5,LatestOnly,311,reuse_intensive:rep0:req311,reuse_intensive,1,64,2,L0064,1024,1,1;2;3,False,1785050219.6424823,1024,1024,1024,21.064733266830444,False,False,False,False,1024,0.0,3,3,1056.0,False,cache_reused,False,False,0,0.0,b141e87db323bb89361c935f6d1a4736c8a68184bfa06edc8182aafd411b03f5,True,,,1,0,118.733975,404.06964,6,1085,4,1056
20260726_formal4t4_reuse_intensive_LatestOnly@rho0.5_rep0,0,LatestOnly@rho0.5,LatestOnly,312,reuse_intensive:rep0:req312,reuse_intensive,1,65,2,L0065,2048,1,1,True,1785050220.938711,2048,2048,2048,22.360706090927124,False,False,False,False,2048,40.96,1,1,2080.0,True,cache_reused,False,False,0,0.0,b85194dc17d11a2f9620a29b7af340fe2c7d2ee5309e7d4006b321371eba2f19,True,,,1,0,209.6886,736.14019,6,2109,4,2080
20260726_formal4t4_reuse_intensive_LatestOnly@rho0.5_rep0,0,LatestOnly@rho0.5,LatestOnly,313,reuse_intensive:rep0:req313,reuse_intensive,1,74,0,L0074,2048,0,,False,1785050220.9387517,0,0,0,,False,False,False,False,0,0.0,0,0,32.0,False,cache_miss,False,False,0,0.0,75408f52aadd0f7ac2c2dbf0b84b6037aebe0ac5deba461b9d19b9390a9ee770,True,,,1,0,3539.324576,4529.382088,6,2109,4,32
20260726_formal4t4_reuse_intensive_LatestOnly@rho0.5_rep0,0,LatestOnly@rho0.5,LatestOnly,314,reuse_intensive:rep0:req314,reuse_intensive,1,76,2,L0076,2048,0,0,True,1785050220.9388015,2048,2048,2048,36.19429063796997,False,False,False,False,2048,38.96,1,1,2080.0,True,cache_reused,False,False,0,0.0,e3f396c08efa705c2263914f9c7eccf18d85d1570e3d99710619b018438fcc33,True,,,1,0,3538.570416,4528.536692,6,2109,4,2080
20260726_formal4t4_reuse_intensive_LatestOnly@rho0.5_rep0,0,LatestOnly@rho0.5,LatestOnly,315,reuse_intensive:rep0:req315,reuse_intensive,1,70,1,L0070,4096,2,2,False,1785050220.9388354,4096,4096,4096,15.588414430618286,False,False,False,False,4096,0.0,1,1,4128.0,False,cache_reused,False,False,0,0.0,72bfef5462813332579006c7be54cd5453da3f6c38b6c095aaadcbe2b7412e09,True,,,1,0,344.544745,1224.876135,6,4157,4,4128
20260726_formal4t4_reuse_intensive_LatestOnly@rho0.5_rep0,0,LatestOnly@rho0.5,LatestOnly,316,reuse_intensive:rep0:req316,reuse_intensive,1,64,0,L0064,1024,2,1;2;3,False,1785050225.4703548,1024,1024,1024,8.450875282287598,False,False,False,False,1024,0.0,3,3,1056.0,False,cache_reused,False,False,0,0.0,63b620b012016499e67d2ac487d3babc203edee5eeb17a75097c9f6a7a13fe0b,True,,,1,0,256.733877,588.279452,6,1085,4,1056
20260726_formal4t4_reuse_intensive_LatestOnly@rho0.5_rep0,0,LatestOnly@rho0.5,LatestOnly,317,reuse_intensive:rep0:req317,reuse_intensive,1,65,0,L0065,2048,1,1,False,1785050225.470406,2048,2048,2048,26.892401218414307,False,False,False,False,2048,0.0,1,1,2080.0,False,cache_reused,False,False,0,0.0,5a2beeb8afb1c2961590954ac4f9b19f2eb96b90ea620beeb5fef13051f7a18b,True,,,1,0,429.555591,996.907357,6,2109,4,2080
20260726_formal4t4_reuse_intensive_LatestOnly@rho0.5_rep0,0,LatestOnly@rho0.5,LatestOnly,318,reuse_intensive:rep0:req318,reuse_intensive,1,64,1,L0064,1024,3,1;2;3,True,1785050225.470448,1024,1024,1024,23.932189226150513,False,False,False,False,1024,20.48,3,3,1056.0,True,cache_reused,False,False,0,0.0,efacb233c516c446e6912fa582f0489ba7b95210e7249e856d3fa85a76d427e1,True,,,1,0,222.493389,571.645535,6,1085,4,1056
20260726_formal4t4_reuse_intensive_LatestOnly@rho0.5_rep0,0,LatestOnly@rho0.5,LatestOnly,319,reuse_intensive:rep0:req319,reuse_intensive,1,65,1,L0065,2048,1,1,True,1785050225.47048,2048,2048,2048,26.892475128173828,False,False,False,False,2048,38.96,1,1,2080.0,True,cache_reused,False,False,0,0.0,a28f55e06c3139a7dfb29679f596496263536622648a5f15943e353ea8b26c38,True,,,1,0,428.179844,995.460931,6,2109,4,2080
