experiment_id,rep,cell_id,policy,request_id,trace_id,workload,phase,lineage_id,step,digest,reusable_prefix_tokens,selected_instance,advertised_owners,candidate_hit,dispatch_time_unix,source_truth_coverage_tokens,dispatcher_view_coverage_tokens,advertised_coverage_tokens,dispatch_state_age_s,dispatcher_view_missing,source_view_false_negative,source_view_false_positive,physical_false_positive_affinity,expected_coverage_tokens,expected_net_prefill_ms,raw_candidate_fanout,evaluated_candidate_fanout,actual_reusable_coverage_tokens,validation_attempt,validation_result,fallback,stale_fallback,forced_owner_resets_before_request,coverage_shortfall_tokens,prompt_sha256,ok,error,prior_attempt_errors,attempt_count,sse_parse_errors,ttft_ms,latency_ms,chunks,input_tokens,output_tokens,vllm_cached_tokens
20260726_formal4t4_reuse_intensive_Ideal_rep0,0,Ideal,Ideal,24,reuse_intensive:rep0:req24,reuse_intensive,0,3,1,L0003,2048,1,0;1;2;3,False,1785045693.3326828,2048,2048,2048,34.769766330718994,False,False,False,False,2048,0.0,4,4,2080.0,False,cache_reused,False,False,0,0.0,9e01efb382af434b1707ecc631ac41bdc6f673e37e99e13ef5ffcd26c19a7ce9,True,,,1,0,325.326459,845.507311,6,2108,4,2080
20260726_formal4t4_reuse_intensive_Ideal_rep0,0,Ideal,Ideal,25,reuse_intensive:rep0:req25,reuse_intensive,0,1,0,L0001,2048,2,0;1;2;3,False,1785045693.3327358,2048,2048,2048,10.316152095794678,False,False,False,False,2048,0.0,4,4,2080.0,False,cache_reused,False,False,0,0.0,724307249308228b611cf355dabfc9b1ddfd4b5df40339b7ab1f4d76a84bbf9e,True,,,1,0,365.015152,877.335832,6,2108,4,2080
20260726_formal4t4_reuse_intensive_Ideal_rep0,0,Ideal,Ideal,26,reuse_intensive:rep0:req26,reuse_intensive,0,2,1,L0002,1024,3,0;1;2;3,False,1785045693.332772,1024,1024,1024,34.769882917404175,False,False,False,False,1024,0.0,4,4,1056.0,False,cache_reused,False,False,0,0.0,d5e541a04dfeb9087d5a854b9577970b4101f5c7d3c0a02cfedb48050c204224,True,,,1,0,125.869097,430.48716,6,1084,4,1056
20260726_formal4t4_reuse_intensive_Ideal_rep0,0,Ideal,Ideal,27,reuse_intensive:rep0:req27,reuse_intensive,0,28,0,L0028,2048,0,,False,1785045693.3328211,0,0,0,,False,False,False,False,0,0.0,0,0,32.0,False,cache_miss,False,False,0,0.0,32273a9fc54d3361e72a0e0166ae44fb7a57497cfdfc36da49517a53ee8ecb1c,True,,,1,0,3034.545398,3525.237163,6,2108,4,32
20260726_formal4t4_reuse_intensive_Ideal_rep0,0,Ideal,Ideal,28,reuse_intensive:rep0:req28,reuse_intensive,0,1,1,L0001,2048,0,0;1;2;3,False,1785045696.861322,2048,2048,2048,39.00686430931091,False,False,False,False,2048,0.0,4,4,2080.0,False,cache_reused,False,False,0,0.0,b7d36f7c2ba4c5c11d9865e05904186432a5d2eafbe230fb44b540bc06e555bb,True,,,1,0,201.869472,713.987167,6,2108,4,2080
20260726_formal4t4_reuse_intensive_Ideal_rep0,0,Ideal,Ideal,29,reuse_intensive:rep0:req29,reuse_intensive,0,7,1,L0007,1024,3,0;1;2;3,False,1785045696.861371,1024,1024,1024,81.27848792076111,False,False,False,False,1024,0.0,4,4,1056.0,False,cache_reused,False,False,0,0.0,3c0fb95e2a378a56e376207514ea56d29a576b6b98196b22513ef8c90dce0e4f,True,,,1,0,248.345684,576.132722,6,1084,4,1056
20260726_formal4t4_reuse_intensive_Ideal_rep0,0,Ideal,Ideal,30,reuse_intensive:rep0:req30,reuse_intensive,0,15,0,L0015,2048,1,0;1;2;3,False,1785045696.8614087,2048,2048,2048,40.26252841949463,False,False,False,False,2048,0.0,4,4,2080.0,False,cache_reused,False,False,0,0.0,2b51a88b1eca6c2531f03a7135251bec7ff59cca1b7f0166ffdac94a775a22cb,True,,,1,0,348.655483,860.747583,6,2108,4,2080
20260726_formal4t4_reuse_intensive_Ideal_rep0,0,Ideal,Ideal,31,reuse_intensive:rep0:req31,reuse_intensive,0,55,0,L0055,2048,2,,False,1785045696.8614335,0,0,0,,False,False,False,False,0,0.0,0,0,32.0,False,cache_miss,False,False,0,0.0,f98190d2b474e943950cf25bcccc16909a66f0354baa7a3ce011961a2886ac39,True,,,1,0,3066.886336,3573.181805,6,2108,4,32
20260726_formal4t4_reuse_intensive_Ideal_rep0,0,Ideal,Ideal,32,reuse_intensive:rep0:req32,reuse_intensive,0,3,2,L0003,2048,3,0;1;2;3,False,1785045700.4373944,2048,2048,2048,92.84718799591064,False,False,False,False,2048,0.0,4,4,2080.0,False,cache_reused,False,False,0,0.0,c191ddd5f6f12630bdac2bf31891c0369221906686e82b7919e0d687d8d59951,True,,,1,0,336.250453,836.55383,6,2108,4,2080
20260726_formal4t4_reuse_intensive_Ideal_rep0,0,Ideal,Ideal,33,reuse_intensive:rep0:req33,reuse_intensive,0,53,0,L0053,4096,0,,False,1785045700.4374332,0,0,0,,False,False,False,False,0,0.0,0,0,32.0,False,cache_miss,False,False,0,0.0,77a393a541cfc486fdd143778abe3ad1e187ec0f21cce42456c199594b52236b,True,,,1,0,10729.680682,11659.762272,6,4156,4,32
20260726_formal4t4_reuse_intensive_Ideal_rep0,0,Ideal,Ideal,34,reuse_intensive:rep0:req34,reuse_intensive,0,21,0,L0021,1024,1,,False,1785045700.4374607,0,0,0,,False,False,False,False,0,0.0,0,0,32.0,False,cache_miss,False,False,0,0.0,ea14284da07c065bbd347cafb79fb14bb0e135ddbdf5c630769140af5be66436,True,,,1,0,1097.993212,1409.635024,6,1084,4,32
20260726_formal4t4_reuse_intensive_Ideal_rep0,0,Ideal,Ideal,35,reuse_intensive:rep0:req35,reuse_intensive,0,41,0,L0041,1024,2,,False,1785045700.4374828,0,0,0,,False,False,False,False,0,0.0,0,0,32.0,False,cache_miss,False,False,0,0.0,4c82d5b55baf714462ea9216f5b23f43037abe7e201ffbf9630382964a62b7b4,True,,,1,0,959.878515,1284.05153,6,1084,4,32
20260726_formal4t4_reuse_intensive_Ideal_rep0,0,Ideal,Ideal,36,reuse_intensive:rep0:req36,reuse_intensive,0,38,0,L0038,4096,0,,False,1785045712.0991178,0,0,0,,False,False,False,False,0,0.0,0,0,32.0,False,cache_miss,False,False,0,0.0,d920de64819e8ba016401080168ee300ca7b016062234c04068ee11a699d9ea2,True,,,1,0,10721.431209,11654.719361,6,4156,4,32
20260726_formal4t4_reuse_intensive_Ideal_rep0,0,Ideal,Ideal,37,reuse_intensive:rep0:req37,reuse_intensive,0,4,1,L0004,1024,2,0;1;2;3,False,1785045712.0991762,1024,1024,1024,54.244675159454346,False,False,False,False,1024,0.0,4,4,1056.0,False,cache_reused,False,False,0,0.0,1176d353def72f736fae1235f9d52468bd790695ad62a5e51044a0d41c729801,True,,,1,0,248.763899,578.497402,6,1084,4,1056
20260726_formal4t4_reuse_intensive_Ideal_rep0,0,Ideal,Ideal,38,reuse_intensive:rep0:req38,reuse_intensive,0,1,2,L0001,2048,3,0;1;2;3,False,1785045712.0992181,2048,2048,2048,109.64654803276062,False,False,False,False,2048,0.0,4,4,2080.0,False,cache_reused,False,False,0,0.0,952ccc6dfeae3e9e2fa21775a93677ae07549c5cb002825c3038e81e408c1a76,True,,,1,0,371.424297,885.908449,6,2108,4,2080
20260726_formal4t4_reuse_intensive_Ideal_rep0,0,Ideal,Ideal,39,reuse_intensive:rep0:req39,reuse_intensive,0,0,1,L0000,1024,1,0;1;2;3,False,1785045712.0992517,1024,1024,1024,29.082661867141724,False,False,False,False,1024,0.0,4,4,1056.0,False,cache_reused,False,False,0,0.0,ce6bb2670d0faacc83d1dd2149a1954e030682f0f02c5350fc88c575158fb7be,True,,,1,0,254.094242,602.172273,6,1084,4,1056
20260726_formal4t4_reuse_intensive_Ideal_rep0,0,Ideal,Ideal,40,reuse_intensive:rep0:req40,reuse_intensive,0,0,2,L0000,1024,3,0;1;2;3,False,1785045723.755053,1024,1024,1024,65.90057110786438,False,False,False,False,1024,0.0,4,4,1056.0,False,cache_reused,False,False,0,0.0,9caeecbccccdf2ce4e4efd4c05c1a827f93fedb341a66bb5f6b34fc9c24f2e6d,True,,,1,0,286.970917,1090.779524,6,1084,4,1056
20260726_formal4t4_reuse_intensive_Ideal_rep0,0,Ideal,Ideal,41,reuse_intensive:rep0:req41,reuse_intensive,0,16,1,L0016,2048,3,3,True,1785045723.7551024,2048,2048,2048,53.68713569641113,False,False,False,False,2048,38.96,1,1,2080.0,True,cache_reused,False,False,0,0.0,6612d2c03e032d2d07f11b531e98f6ea84b26b82463e9aa3a6a398b4a3dd2b17,True,,,1,0,571.326919,1254.71333,6,2108,4,2080
20260726_formal4t4_reuse_intensive_Ideal_rep0,0,Ideal,Ideal,42,reuse_intensive:rep0:req42,reuse_intensive,0,0,0,L0000,1024,2,0;1;2;3,False,1785045723.7551413,1024,1024,1024,52.83556056022644,False,False,False,False,1024,0.0,4,4,1056.0,False,cache_reused,False,False,0,0.0,f21d94c1c6a6ea845ddf6b29279fb8d976a94ace26db3f91380102da85741c6c,True,,,1,0,222.290744,514.935279,6,1084,4,1056
20260726_formal4t4_reuse_intensive_Ideal_rep0,0,Ideal,Ideal,43,reuse_intensive:rep0:req43,reuse_intensive,0,0,1,L0000,1024,1,0;1;2;3,False,1785045723.755172,1024,1024,1024,0.00027179718017578125,False,False,False,False,1024,0.0,4,4,1056.0,False,cache_reused,False,False,0,0.0,88b9bf56f11e89a7d231a5e78cc19fd5b47cb73743ac364f31d455b3411e3a30,True,,,1,0,263.685202,612.898394,6,1084,4,1056
20260726_formal4t4_reuse_intensive_Ideal_rep0,0,Ideal,Ideal,44,reuse_intensive:rep0:req44,reuse_intensive,0,30,0,L0030,2048,3,,False,1785045725.011521,0,0,0,,False,False,False,False,0,0.0,0,0,32.0,False,cache_miss,False,False,0,0.0,982f66bc1ecf216417274229274f31c1c209cb3d0cb470eaa9f1522f6d92645f,True,,,1,0,3004.538617,3496.469978,6,2108,4,32
20260726_formal4t4_reuse_intensive_Ideal_rep0,0,Ideal,Ideal,45,reuse_intensive:rep0:req45,reuse_intensive,0,0,2,L0000,1024,1,0;1;2;3,False,1785045725.0115762,1024,1024,1024,0.0001823902130126953,False,False,False,False,1024,0.0,4,4,1056.0,False,cache_reused,False,False,0,0.0,cc43023a40317506f84266bbcab684f7cf60ea36ce94f44346f4d656da4a6271,True,,,1,0,128.012429,442.50379,6,1084,4,1056
20260726_formal4t4_reuse_intensive_Ideal_rep0,0,Ideal,Ideal,46,reuse_intensive:rep0:req46,reuse_intensive,0,4,2,L0004,1024,0,0;1;2;3,False,1785045725.0116165,1024,1024,1024,116.02504134178162,False,False,False,False,1024,0.0,4,4,1056.0,False,cache_reused,False,False,0,0.0,347c8f958bdeb61d312a8f1a657270b62985b4c761fd84867c2d2478c9460baf,True,,,1,0,120.102481,404.429354,6,1084,4,1056
20260726_formal4t4_reuse_intensive_Ideal_rep0,0,Ideal,Ideal,47,reuse_intensive:rep0:req47,reuse_intensive,0,33,0,L0033,2048,2,,False,1785045725.0116422,0,0,0,,False,False,False,False,0,0.0,0,0,32.0,False,cache_miss,False,False,0,0.0,7751015491417f09a387b7cd7d1103857f4a1c4ca6d67a8181abba7ddf2acc06,True,,,1,0,3014.758137,3516.096532,6,2108,4,32
20260726_formal4t4_reuse_intensive_Ideal_rep0,0,Ideal,Ideal,48,reuse_intensive:rep0:req48,reuse_intensive,0,0,0,L0000,1024,1,0;1;2;3,False,1785045728.5303643,1024,1024,1024,0.0004353523254394531,False,False,False,False,1024,0.0,4,4,1056.0,False,cache_reused,False,False,0,0.0,d8197fde29a991b1c3804753fa323c66d82e0a0b3033a7acf89916259ac468e2,True,,,1,0,206.977778,556.639354,6,1084,4,1056
20260726_formal4t4_reuse_intensive_Ideal_rep0,0,Ideal,Ideal,49,reuse_intensive:rep0:req49,reuse_intensive,0,1,0,L0001,2048,3,0;1;2;3,False,1785045728.5304148,2048,2048,2048,4.775691509246826,False,False,False,False,2048,0.0,4,4,2080.0,False,cache_reused,False,False,0,0.0,518d3654846feb6fb3252d656772c80aa65666181f0c378176afdfe8c3304596,True,,,1,0,201.084005,700.126381,6,2108,4,2080
20260726_formal4t4_reuse_intensive_Ideal_rep0,0,Ideal,Ideal,50,reuse_intensive:rep0:req50,reuse_intensive,0,49,0,L0049,2048,2,,False,1785045728.5304422,0,0,0,,False,False,False,False,0,0.0,0,0,32.0,False,cache_miss,False,False,0,0.0,6c1318607a77de6545f7c5bff69755f143b0638d7537ef1432bcd7976fa470b5,True,,,1,0,2574.539165,3021.612092,6,2108,4,32
20260726_formal4t4_reuse_intensive_Ideal_rep0,0,Ideal,Ideal,51,reuse_intensive:rep0:req51,reuse_intensive,0,8,1,L0008,2048,0,0;1;2;3,False,1785045728.530477,2048,2048,2048,57.61091208457947,False,False,False,False,2048,0.0,4,4,2080.0,False,cache_reused,False,False,0,0.0,38519e1395abef86ae84d5e0224071c46c30deb3983bcbaf93054e0658f59371,True,,,1,0,335.8383,846.446844,6,2108,4,2080
20260726_formal4t4_reuse_intensive_Ideal_rep0,0,Ideal,Ideal,52,reuse_intensive:rep0:req52,reuse_intensive,0,0,1,L0000,1024,0,0;1;2;3,False,1785045731.5544198,1024,1024,1024,72.99151587486267,False,False,False,False,1024,0.0,4,4,1056.0,False,cache_reused,False,False,0,0.0,9870ffcf308a92ab16e516f8f25c696fd9b4f0a4bdca30738c7de100c166e4ce,True,,,1,0,199.643212,546.569107,6,1084,4,1056
20260726_formal4t4_reuse_intensive_Ideal_rep0,0,Ideal,Ideal,53,reuse_intensive:rep0:req53,reuse_intensive,0,8,2,L0008,2048,1,0;1;2;3,False,1785045731.5544696,2048,2048,2048,112.11196732521057,False,False,False,False,2048,0.0,4,4,2080.0,False,cache_reused,False,False,0,0.0,9974a9200ac79fba91803dc5961982253210602c869a44cbb37246dc1d786979,True,,,1,0,334.914971,827.377007,6,2108,4,2080
20260726_formal4t4_reuse_intensive_Ideal_rep0,0,Ideal,Ideal,54,reuse_intensive:rep0:req54,reuse_intensive,0,13,2,L0013,1024,2,0;1;2;3,False,1785045731.554506,1024,1024,1024,38.22188997268677,False,False,False,False,1024,0.0,4,4,1056.0,False,cache_reused,False,False,0,0.0,fe8fbaa2936b60ca8c1fb55093ac2903f57cd681036bbd67678f7c257134228d,True,,,1,0,117.083134,398.466665,6,1084,4,1056
20260726_formal4t4_reuse_intensive_Ideal_rep0,0,Ideal,Ideal,55,reuse_intensive:rep0:req55,reuse_intensive,0,0,2,L0000,1024,3,0;1;2;3,False,1785045731.5545373,1024,1024,1024,6.5435709953308105,False,False,False,False,1024,0.0,4,4,1056.0,False,cache_reused,False,False,0,0.0,8423b751202de24f828ce2afb0965ba30fb3222bbcbf0b04fadf28478395e5cc,True,,,1,0,200.786153,553.217688,6,1084,4,1056
20260726_formal4t4_reuse_intensive_Ideal_rep0,0,Ideal,Ideal,56,reuse_intensive:rep0:req56,reuse_intensive,0,41,1,L0041,1024,2,2,True,1785045732.383504,1024,1024,1024,20.284515380859375,False,False,False,False,1024,20.48,1,1,1056.0,True,cache_reused,False,False,0,0.0,9d5f9bdb7f64dc94f3dd7342e1a5e95a77bfb37fe2ceb19c617c66862f805589,True,,,1,0,128.521746,443.447933,6,1084,4,1056
20260726_formal4t4_reuse_intensive_Ideal_rep0,0,Ideal,Ideal,57,reuse_intensive:rep0:req57,reuse_intensive,0,0,0,L0000,1024,3,0;1;2;3,False,1785045732.3835592,1024,1024,1024,0.00020051002502441406,False,False,False,False,1024,0.0,4,4,1056.0,False,cache_reused,False,False,0,0.0,ded80932f26095c69d6af952d05370a029b4adacb7114598116ba12cc54a0b69,True,,,1,0,127.753353,440.485861,6,1084,4,1056
20260726_formal4t4_reuse_intensive_Ideal_rep0,0,Ideal,Ideal,58,reuse_intensive:rep0:req58,reuse_intensive,0,54,0,L0054,1024,0,,False,1785045732.383587,0,0,0,,False,False,False,False,0,0.0,0,0,32.0,False,cache_miss,False,False,0,0.0,796441a86a8596e1626f9a2cfcef5c6805ae0e9beaad2bf77e89ec673e20998e,True,,,1,0,963.308587,1270.723224,6,1084,4,32
20260726_formal4t4_reuse_intensive_Ideal_rep0,0,Ideal,Ideal,59,reuse_intensive:rep0:req59,reuse_intensive,0,0,1,L0000,1024,1,0;1;2;3,False,1785045732.3836212,1024,1024,1024,0.8299441337585449,False,False,False,False,1024,0.0,4,4,1056.0,False,cache_reused,False,False,0,0.0,5ed611eb4f78122d84bb9c61fbd1bcc80b93756c6944ce1a1dac2aab531c51c4,True,,,1,0,124.925123,438.167543,6,1084,4,1056
20260726_formal4t4_reuse_intensive_Ideal_rep0,0,Ideal,Ideal,60,reuse_intensive:rep0:req60,reuse_intensive,0,4,0,L0004,1024,3,0;1;2;3,False,1785045733.656329,1024,1024,1024,124.6697347164154,False,False,False,False,1024,0.0,4,4,1056.0,False,cache_reused,False,False,0,0.0,1c40e6f07d4f70b217a04c25c5190ef73334df7a9ba3d0caad667d9df30c2770,True,,,1,0,124.235986,419.215224,6,1084,4,1056
20260726_formal4t4_reuse_intensive_Ideal_rep0,0,Ideal,Ideal,61,reuse_intensive:rep0:req61,reuse_intensive,0,3,0,L0003,2048,0,0;1;2;3,False,1785045733.6563773,2048,2048,2048,126.06619143486023,False,False,False,False,2048,0.0,4,4,2080.0,False,cache_reused,False,False,0,0.0,5c9ed31d2f36521109e4edf8f4f646f111d53910ca072097cce8778bf49bc0a2,True,,,1,0,203.868212,715.956976,6,2108,4,2080
20260726_formal4t4_reuse_intensive_Ideal_rep0,0,Ideal,Ideal,62,reuse_intensive:rep0:req62,reuse_intensive,0,0,2,L0000,1024,2,0;1;2;3,False,1785045733.656413,1024,1024,1024,8.645118474960327,False,False,False,False,1024,0.0,4,4,1056.0,False,cache_reused,False,False,0,0.0,20ab8f4f3182139936f099f483b5ee05cb67c7145d87c2909124793426de950c,True,,,1,0,109.742857,374.367995,6,1084,4,1056
20260726_formal4t4_reuse_intensive_Ideal_rep0,0,Ideal,Ideal,63,reuse_intensive:rep0:req63,reuse_intensive,0,3,1,L0003,2048,1,0;1;2;3,False,1785045733.6564429,2048,2048,2048,36.79589033126831,False,False,False,False,2048,0.0,4,4,2080.0,False,cache_reused,False,False,0,0.0,e199b42c76576245efdaac35659aad24d0d5cccfa3302810b3a5a7a7b69481db,True,,,1,0,203.263416,708.549238,6,2108,4,2080
20260726_formal4t4_reuse_intensive_Ideal_rep0,0,Ideal,Ideal,64,reuse_intensive:rep0:req64,reuse_intensive,0,2,2,L0002,1024,3,0;1;2;3,False,1785045734.3739243,1024,1024,1024,37.51292276382446,False,False,False,False,1024,0.0,4,4,1056.0,False,cache_reused,False,False,0,0.0,ec7f63152a2f219faf60f8d0af1162e3878a2eb9e7ad89f099066cba0bc91381,True,,,1,0,121.334807,428.929317,6,1084,4,1056
20260726_formal4t4_reuse_intensive_Ideal_rep0,0,Ideal,Ideal,65,reuse_intensive:rep0:req65,reuse_intensive,0,2,0,L0002,1024,2,0;1;2;3,False,1785045734.3739724,1024,1024,1024,130.57700085639954,False,False,False,False,1024,0.0,4,4,1056.0,False,cache_reused,False,False,0,0.0,80a76d51f112db6fd18159607fde0d0fad3b08c0e4451000488267ead843aa2e,True,,,1,0,105.799739,348.067546,6,1084,4,1056
20260726_formal4t4_reuse_intensive_Ideal_rep0,0,Ideal,Ideal,66,reuse_intensive:rep0:req66,reuse_intensive,0,15,1,L0015,2048,1,0;1;2;3,False,1785045734.3740067,2048,2048,2048,33.936994314193726,False,False,False,False,2048,0.0,4,4,2080.0,False,cache_reused,False,False,0,0.0,3d4cb2b95ed5b61ac9a90baa648c830373b0b014c60a391877ed5076b1e60339,True,,,1,0,202.526984,709.405299,6,2108,4,2080
20260726_formal4t4_reuse_intensive_Ideal_rep0,0,Ideal,Ideal,67,reuse_intensive:rep0:req67,reuse_intensive,0,12,0,L0012,1024,0,0;1;2;3,False,1785045734.3740375,1024,1024,1024,87.27197360992432,False,False,False,False,1024,0.0,4,4,1056.0,False,cache_reused,False,False,0,0.0,411e9073651401762ed5a48a8f19f08e2ce8e9df5c37b6ff4b70494db30d0ae0,True,,,1,0,123.873639,431.265544,6,1084,4,1056
20260726_formal4t4_reuse_intensive_Ideal_rep0,0,Ideal,Ideal,68,reuse_intensive:rep0:req68,reuse_intensive,0,5,1,L0005,2048,3,0;1;2;3,False,1785045735.085388,2048,2048,2048,122.16281867027283,False,False,False,False,2048,0.0,4,4,2080.0,False,cache_reused,False,False,0,0.0,7322424bb74f2193b21c9e0e2d8c3f4033b33632667e9802aa30f2b53946bf44,True,,,1,0,195.296019,684.36249,6,2108,4,2080
20260726_formal4t4_reuse_intensive_Ideal_rep0,0,Ideal,Ideal,69,reuse_intensive:rep0:req69,reuse_intensive,0,36,0,L0036,1024,1,,False,1785045735.0854254,0,0,0,,False,False,False,False,0,0.0,0,0,32.0,False,cache_miss,False,False,0,0.0,4a523ba8295f04826160717c19e482b234530db2845722ea7297f5d8a15f5618,True,,,1,0,1004.473711,1329.949237,6,1084,4,32
20260726_formal4t4_reuse_intensive_Ideal_rep0,0,Ideal,Ideal,70,reuse_intensive:rep0:req70,reuse_intensive,0,0,0,L0000,1024,0,0;1;2;3,False,1785045735.0854647,1024,1024,1024,2.702540159225464,False,False,False,False,1024,0.0,4,4,1056.0,False,cache_reused,False,False,0,0.0,30a786b257a4769c6bf00d9c4096570dd9d70d77a6021fc36faf34eac0f9e02d,True,,,1,0,124.094641,433.518005,6,1084,4,1056
20260726_formal4t4_reuse_intensive_Ideal_rep0,0,Ideal,Ideal,71,reuse_intensive:rep0:req71,reuse_intensive,0,12,1,L0012,1024,2,0;1;2;3,False,1785045735.0855,1024,1024,1024,87.98342299461365,False,False,False,False,1024,0.0,4,4,1056.0,False,cache_reused,False,False,0,0.0,6d987cc4b82d2e41ffcb5462579de19d34416c7c2e01776d991008a54494dbf1,True,,,1,0,125.01959,422.957968,6,1084,4,1056
20260726_formal4t4_reuse_intensive_Ideal_rep0,0,Ideal,Ideal,72,reuse_intensive:rep0:req72,reuse_intensive,0,1,1,L0001,2048,2,0;1;2;3,False,1785045736.417001,2048,2048,2048,39.55618667602539,False,False,False,False,2048,0.0,4,4,2080.0,False,cache_reused,False,False,0,0.0,16f3ed0ae1d45a93ec62dd96d78d97e92a97c7e13b5462c3aae418220b0b44d1,True,,,1,0,200.07118,700.599865,6,2108,4,2080
20260726_formal4t4_reuse_intensive_Ideal_rep0,0,Ideal,Ideal,73,reuse_intensive:rep0:req73,reuse_intensive,0,0,1,L0000,1024,3,0;1;2;3,False,1785045736.4170525,1024,1024,1024,2.7610790729522705,False,False,False,False,1024,0.0,4,4,1056.0,False,cache_reused,False,False,0,0.0,a7b10a6762035ab5efba979ba06b9e117a6f191bf319ce5f81628b82ba86bc89,True,,,1,0,125.937378,436.580627,6,1084,4,1056
20260726_formal4t4_reuse_intensive_Ideal_rep0,0,Ideal,Ideal,74,reuse_intensive:rep0:req74,reuse_intensive,0,15,2,L0015,2048,0,0;1;2;3,False,1785045736.4170892,2048,2048,2048,79.81821990013123,False,False,False,False,2048,0.0,4,4,2080.0,False,cache_reused,False,False,0,0.0,eb50467701497da86540b6b17f5a72d74cffb9863b9e03f3039038789758f606,True,,,1,0,202.665431,718.139797,6,2108,4,2080
20260726_formal4t4_reuse_intensive_Ideal_rep0,0,Ideal,Ideal,75,reuse_intensive:rep0:req75,reuse_intensive,0,1,2,L0001,2048,1,0;1;2;3,False,1785045736.4171226,2048,2048,2048,133.9644603729248,False,False,False,False,2048,0.0,4,4,2080.0,False,cache_reused,False,False,0,0.0,81a483a3a7dd334cdca2ee8d66715d344744b11af56f14681bf4327253471080,True,,,1,0,207.265807,731.992227,6,2108,4,2080
20260726_formal4t4_reuse_intensive_Ideal_rep0,0,Ideal,Ideal,76,reuse_intensive:rep0:req76,reuse_intensive,0,0,2,L0000,1024,2,0;1;2;3,False,1785045737.1514592,1024,1024,1024,2.777862310409546,False,False,False,False,1024,0.0,4,4,1056.0,False,cache_reused,False,False,0,0.0,fcdaa01b2fd2552ce89b04465a6ce26866594f4b4719bdb8f700ad0e968f0f8e,True,,,1,0,110.974452,374.567606,6,1084,4,1056
20260726_formal4t4_reuse_intensive_Ideal_rep0,0,Ideal,Ideal,77,reuse_intensive:rep0:req77,reuse_intensive,0,0,0,L0000,1024,1,0;1;2;3,False,1785045737.1514826,1024,1024,1024,3.495300531387329,False,False,False,False,1024,0.0,4,4,1056.0,False,cache_reused,False,False,0,0.0,6e8e40a6c86a765eb553c2b9b0ab9e77bd6dff87f8acb402260ce88729b91828,True,,,1,0,125.327265,434.103678,6,1084,4,1056
20260726_formal4t4_reuse_intensive_Ideal_rep0,0,Ideal,Ideal,78,reuse_intensive:rep0:req78,reuse_intensive,0,5,2,L0005,2048,0,0;1;2;3,False,1785045737.151499,2048,2048,2048,67.08351111412048,False,False,False,False,2048,0.0,4,4,2080.0,False,cache_reused,False,False,0,0.0,12bf7159b191b90915aa5fcae721754ac567a52eac1e9706861f11321c2d2aab,True,,,1,0,203.474816,724.690267,6,2108,4,2080
20260726_formal4t4_reuse_intensive_Ideal_rep0,0,Ideal,Ideal,79,reuse_intensive:rep0:req79,reuse_intensive,0,0,1,L0000,1024,3,0;1;2;3,False,1785045737.1515136,1024,1024,1024,0.00028061866760253906,False,False,False,False,1024,0.0,4,4,1056.0,False,cache_reused,False,False,0,0.0,6378d3d5b6fa31ba4c2bc1e3cf2867c82bc18822074bd024b61cc466ac9985e5,True,,,1,0,128.226658,444.888126,6,1084,4,1056
20260726_formal4t4_reuse_intensive_Ideal_rep0,0,Ideal,Ideal,80,reuse_intensive:rep0:req80,reuse_intensive,0,0,2,L0000,1024,2,0;1;2;3,False,1785045737.877537,1024,1024,1024,0.0005681514739990234,False,False,False,False,1024,0.0,4,4,1056.0,False,cache_reused,False,False,0,0.0,26e2f3ed6ea51e9719bd44f56b68e62de7851fb12ceaee225e69b14d104e50af,True,,,1,0,114.176136,382.118158,6,1084,4,1056
20260726_formal4t4_reuse_intensive_Ideal_rep0,0,Ideal,Ideal,81,reuse_intensive:rep0:req81,reuse_intensive,0,1,0,L0001,2048,0,0;1;2;3,False,1785045737.8775876,2048,2048,2048,37.44093656539917,False,False,False,False,2048,0.0,4,4,2080.0,False,cache_reused,False,False,0,0.0,45576b632e88fc43e11406aadf0d7711f3ba23fd513f1301c6a45f890903e7a9,True,,,1,0,202.273527,713.770581,6,2108,4,2080
20260726_formal4t4_reuse_intensive_Ideal_rep0,0,Ideal,Ideal,82,reuse_intensive:rep0:req82,reuse_intensive,0,1,1,L0001,2048,1,0;1;2;3,False,1785045737.877624,2048,2048,2048,0.7262639999389648,False,False,False,False,2048,0.0,4,4,2080.0,False,cache_reused,False,False,0,0.0,e2b74405a005a9e94113b960b82b6c58fd40f24debed2931744718eff3d19562,True,,,1,0,207.047684,732.135531,6,2108,4,2080
20260726_formal4t4_reuse_intensive_Ideal_rep0,0,Ideal,Ideal,83,reuse_intensive:rep0:req83,reuse_intensive,0,1,2,L0001,2048,3,0;1;2;3,False,1785045737.8776553,2048,2048,2048,6.323796510696411,False,False,False,False,2048,0.0,4,4,2080.0,False,cache_reused,False,False,0,0.0,ef2ecdd1344701ec64d936ff32226eaabdc2a23b36af8ef40d310927d0c6d4a4,True,,,1,0,199.966063,702.694784,6,2108,4,2080
20260726_formal4t4_reuse_intensive_Ideal_rep0,0,Ideal,Ideal,84,reuse_intensive:rep0:req84,reuse_intensive,0,1,0,L0001,2048,2,0;1;2;3,False,1785045738.6120012,2048,2048,2048,1.4608781337738037,False,False,False,False,2048,0.0,4,4,2080.0,False,cache_reused,False,False,0,0.0,8c3a33354c3be5f362258c557cedd682dc7e0eadab5ba264d5350291b5039c4d,True,,,1,0,200.16773,699.197811,6,2108,4,2080
20260726_formal4t4_reuse_intensive_Ideal_rep0,0,Ideal,Ideal,85,reuse_intensive:rep0:req85,reuse_intensive,0,2,1,L0002,1024,3,0;1;2;3,False,1785045738.612051,1024,1024,1024,3.527226686477661,False,False,False,False,1024,0.0,4,4,1056.0,False,cache_reused,False,False,0,0.0,d1d7956396c7b0c4ca81343ee69bb68f3f26774e904c1aef9cb0c8c386912629,True,,,1,0,124.134671,426.433206,6,1084,4,1056
20260726_formal4t4_reuse_intensive_Ideal_rep0,0,Ideal,Ideal,86,reuse_intensive:rep0:req86,reuse_intensive,0,32,0,L0032,2048,0,,False,1785045738.612079,0,0,0,,False,False,False,False,0,0.0,0,0,32.0,False,cache_miss,False,False,0,0.0,b9deaff675566a1989624c491fc10ab455f1d65b39cf7319f0a7169ac9048bc2,True,,,1,0,3226.788236,3760.223121,6,2108,4,32
20260726_formal4t4_reuse_intensive_Ideal_rep0,0,Ideal,Ideal,87,reuse_intensive:rep0:req87,reuse_intensive,0,0,0,L0000,1024,1,0;1;2;3,False,1785045738.6121166,1024,1024,1024,0.7350003719329834,False,False,False,False,1024,0.0,4,4,1056.0,False,cache_reused,False,False,0,0.0,b4ba5817f453509b367e584f88c4aab8264ce39f6b7b440d2c64d40188615d7e,True,,,1,0,126.954992,438.666976,6,1084,4,1056
20260726_formal4t4_reuse_intensive_Ideal_rep0,0,Ideal,Ideal,88,reuse_intensive:rep0:req88,reuse_intensive,0,0,1,L0000,1024,1,0;1;2;3,False,1785045742.3741236,1024,1024,1024,7.343292236328125e-05,False,False,False,False,1024,0.0,4,4,1056.0,False,cache_reused,False,False,0,0.0,32f10465ce62f0e121a36886175f1f930146aa4506210d0687f331ff02097082,True,,,1,0,225.98411,578.821023,6,1084,4,1056
20260726_formal4t4_reuse_intensive_Ideal_rep0,0,Ideal,Ideal,89,reuse_intensive:rep0:req89,reuse_intensive,0,0,2,L0000,1024,0,0;1;2;3,False,1785045742.3741465,1024,1024,1024,5.957435369491577,False,False,False,False,1024,0.0,4,4,1056.0,False,cache_reused,False,False,0,0.0,c9d4cf19089c57c786e4a6cf962b8e51a1a04ad3089d4fbe3f8f0800ea8243c5,True,,,1,0,128.021332,436.285149,6,1084,4,1056
20260726_formal4t4_reuse_intensive_Ideal_rep0,0,Ideal,Ideal,90,reuse_intensive:rep0:req90,reuse_intensive,0,9,0,L0009,4096,3,0;1;2;3,False,1785045742.374163,4096,4096,4096,110.42503929138184,False,False,False,False,4096,0.0,4,4,4128.0,False,cache_reused,False,False,0,0.0,f3d41e1b66d891400d741d4908a0e8970724d62e96c4eff1bc30b3a8aa845035,True,,,1,0,514.69742,1416.699579,6,4156,4,4128
20260726_formal4t4_reuse_intensive_Ideal_rep0,0,Ideal,Ideal,91,reuse_intensive:rep0:req91,reuse_intensive,0,1,1,L0001,2048,2,0;1;2;3,False,1785045742.3741775,2048,2048,2048,0.0004119873046875,False,False,False,False,2048,0.0,4,4,2080.0,False,cache_reused,False,False,0,0.0,67281b6b65576b0720a0a0da5204409e812af1adb929fb4e105c21689048b756,True,,,1,0,359.023274,869.095726,6,2108,4,2080
20260726_formal4t4_reuse_intensive_Ideal_rep0,0,Ideal,Ideal,92,reuse_intensive:rep0:req92,reuse_intensive,0,14,1,L0014,2048,1,0;1;2;3,False,1785045743.792507,2048,2048,2048,91.25356411933899,False,False,False,False,2048,0.0,4,4,2080.0,False,cache_reused,False,False,0,0.0,8cebee260ca7afa748b0ca88d6298b77239ad270307d7d8813b1867c0346d87b,True,,,1,0,204.022279,928.642215,6,2108,4,2080
20260726_formal4t4_reuse_intensive_Ideal_rep0,0,Ideal,Ideal,93,reuse_intensive:rep0:req93,reuse_intensive,0,0,0,L0000,1024,3,0;1;2;3,False,1785045743.7925572,1024,1024,1024,5.915169715881348,False,False,False,False,1024,0.0,4,4,1056.0,False,cache_reused,False,False,0,0.0,a032577fde12d14a9d3dfc51d1848c88b294a1d5e24687384e3fc62e00ab9d3c,True,,,1,0,127.713973,440.032706,6,1084,4,1056
20260726_formal4t4_reuse_intensive_Ideal_rep0,0,Ideal,Ideal,94,reuse_intensive:rep0:req94,reuse_intensive,0,18,1,L0018,1024,1,1,True,1785045743.7925925,1024,1024,1024,50.45998215675354,False,False,False,False,1024,18.48,1,1,1056.0,True,cache_reused,False,False,0,0.0,f4e1f9c6bf1c6a3b9fd4f243958f35c2f480f5a847134a45ec5a75d667be88d2,True,,,1,0,446.193728,1019.290676,6,1084,4,1056
20260726_formal4t4_reuse_intensive_Ideal_rep0,0,Ideal,Ideal,95,reuse_intensive:rep0:req95,reuse_intensive,0,0,1,L0000,1024,2,0;1;2;3,False,1785045743.7926278,1024,1024,1024,5.181359529495239,False,False,False,False,1024,0.0,4,4,1056.0,False,cache_reused,False,False,0,0.0,685cf308d3d1c38745bdbc8b3359e0cae54e3ce1ddefaaed438f38c6527f8f02,True,,,1,0,113.433061,381.564105,6,1084,4,1056
20260726_formal4t4_reuse_intensive_Ideal_rep0,0,Ideal,Ideal,96,reuse_intensive:rep0:req96,reuse_intensive,0,1,2,L0001,2048,1,0;1;2;3,False,1785045744.8140142,2048,2048,2048,6.2024242877960205,False,False,False,False,2048,0.0,4,4,2080.0,False,cache_reused,False,False,0,0.0,6ab7e85cf6d029e4ad0508a8e0f7ffabc32b53dfddf084a407b64f72a3287789,True,,,1,0,205.711839,725.165447,6,2108,4,2080
20260726_formal4t4_reuse_intensive_Ideal_rep0,0,Ideal,Ideal,97,reuse_intensive:rep0:req97,reuse_intensive,0,0,2,L0000,1024,2,0;1;2;3,False,1785045744.8140645,1024,1024,1024,0.00020003318786621094,False,False,False,False,1024,0.0,4,4,1056.0,False,cache_reused,False,False,0,0.0,245617dcf08e3aa32a43b7f3f6b474a76a6171350fd4651d81c0009bcc8a241a,True,,,1,0,116.326762,384.773821,6,1084,4,1056
20260726_formal4t4_reuse_intensive_Ideal_rep0,0,Ideal,Ideal,98,reuse_intensive:rep0:req98,reuse_intensive,0,16,2,L0016,2048,3,3,False,1785045744.8140976,2048,2048,2048,19.802982568740845,False,False,False,False,2048,0.0,1,1,2080.0,False,cache_reused,False,False,0,0.0,b64fb1c08941cb3b93ca0bc0948e5bcc56507d5da85c8bb6010e51ba3989f4fc,True,,,1,0,190.667729,687.937755,6,2108,4,2080
20260726_formal4t4_reuse_intensive_Ideal_rep0,0,Ideal,Ideal,99,reuse_intensive:rep0:req99,reuse_intensive,0,9,1,L0009,4096,0,0;1;2;3,False,1785045744.8141305,4096,4096,4096,112.86502528190613,False,False,False,False,4096,0.0,4,4,4128.0,False,cache_reused,False,False,0,0.0,fffb1dd7fdd8cf94b78a2afcb4ac4e7d2a42960e4b9788d50fc1fe0c4b30d160,True,,,1,0,483.823046,1408.758455,6,4156,4,4128
20260726_formal4t4_reuse_intensive_Ideal_rep0,0,Ideal,Ideal,100,reuse_intensive:rep0:req100,reuse_intensive,0,0,0,L0000,1024,1,0;1;2;3,False,1785045746.2257922,1024,1024,1024,2.4340968132019043,False,False,False,False,1024,0.0,4,4,1056.0,False,cache_reused,False,False,0,0.0,5aac05989742d6248e11b0e91cfd7bfc4fd8e6ec825806a80f4bffd7386f0a67,True,,,1,0,122.011656,431.158534,6,1085,4,1056
20260726_formal4t4_reuse_intensive_Ideal_rep0,0,Ideal,Ideal,101,reuse_intensive:rep0:req101,reuse_intensive,0,0,1,L0000,1024,0,0;1;2;3,False,1785045746.2258446,1024,1024,1024,2.4339711666107178,False,False,False,False,1024,0.0,4,4,1056.0,False,cache_reused,False,False,0,0.0,dc619892d3255f7cee625b29b256834d36606fe386c669608931b63a8bc712ed,True,,,1,0,124.761734,434.142445,6,1085,4,1056
20260726_formal4t4_reuse_intensive_Ideal_rep0,0,Ideal,Ideal,102,reuse_intensive:rep0:req102,reuse_intensive,0,9,2,L0009,4096,3,0;1;2;3,False,1785045746.2258823,4096,4096,4096,2.433899164199829,False,False,False,False,4096,0.0,4,4,4128.0,False,cache_reused,False,False,0,0.0,f05e6229d9526704dc3275c20aafa8ceb1b06e5eef0726892c27dd759d3fc6e5,True,,,1,0,351.616506,1257.741065,6,4157,4,4128
20260726_formal4t4_reuse_intensive_Ideal_rep0,0,Ideal,Ideal,103,reuse_intensive:rep0:req103,reuse_intensive,0,0,2,L0000,1024,2,0;1;2;3,False,1785045746.225914,1024,1024,1024,0.0007572174072265625,False,False,False,False,1024,0.0,4,4,1056.0,False,cache_reused,False,False,0,0.0,795eb2833e221b9765a41c68c2b0273df1ea18a01de32eb7a8453e924d75f9ff,True,,,1,0,114.122515,383.01312,6,1085,4,1056
20260726_formal4t4_reuse_intensive_Ideal_rep0,0,Ideal,Ideal,104,reuse_intensive:rep0:req104,reuse_intensive,0,2,2,L0002,1024,1,0;1;2;3,False,1785045747.48577,1024,1024,1024,143.6888027191162,False,False,False,False,1024,0.0,4,4,1056.0,False,cache_reused,False,False,0,0.0,6c92349c1b5e8b7d4fc17112f0dd2bc2193f5e422b9c0ad249835ef246032dc0,True,,,1,0,115.496,389.541403,6,1085,4,1056
20260726_formal4t4_reuse_intensive_Ideal_rep0,0,Ideal,Ideal,105,reuse_intensive:rep0:req105,reuse_intensive,0,0,0,L0000,1024,3,0;1;2;3,False,1785045747.4858325,1024,1024,1024,2.672203302383423,False,False,False,False,1024,0.0,4,4,1056.0,False,cache_reused,False,False,0,0.0,97761f1a55b3da676b20d5f274c561c9e4d9d1f170f769c4def142e4fbd95b3b,True,,,1,0,122.627997,433.111834,6,1085,4,1056
20260726_formal4t4_reuse_intensive_Ideal_rep0,0,Ideal,Ideal,106,reuse_intensive:rep0:req106,reuse_intensive,0,45,0,L0045,2048,2,,False,1785045747.4858606,0,0,0,,False,False,False,False,0,0.0,0,0,32.0,False,cache_miss,False,False,0,0.0,d2e9df9678f64cacf3efbdfd89fdbd2bde3b9a27a53734f94bd6f19953bcc04f,True,,,1,0,2946.55259,3456.313364,6,2109,4,32
20260726_formal4t4_reuse_intensive_Ideal_rep0,0,Ideal,Ideal,107,reuse_intensive:rep0:req107,reuse_intensive,0,0,1,L0000,1024,0,0;1;2;3,False,1785045747.4858956,1024,1024,1024,0.0006890296936035156,False,False,False,False,1024,0.0,4,4,1056.0,False,cache_reused,False,False,0,0.0,65ceea0879c967dca626a657927889ba358d7510390e838dad20abf8e097056c,True,,,1,0,125.536635,430.977367,6,1085,4,1056
20260726_formal4t4_reuse_intensive_Ideal_rep0,0,Ideal,Ideal,108,reuse_intensive:rep0:req108,reuse_intensive,0,58,0,L0058,1024,0,,False,1785045750.9441822,0,0,0,,False,False,False,False,0,0.0,0,0,32.0,False,cache_miss,False,False,0,0.0,c1f3df939a8d22a7f587c3fd5e6bcac77579cef050b40236f7d1119d620e06c5,True,,,1,0,1104.678968,1438.568581,6,1085,4,32
20260726_formal4t4_reuse_intensive_Ideal_rep0,0,Ideal,Ideal,109,reuse_intensive:rep0:req109,reuse_intensive,0,5,0,L0005,2048,3,0;1;2;3,False,1785045750.944241,2048,2048,2048,14.527857065200806,False,False,False,False,2048,0.0,4,4,2080.0,False,cache_reused,False,False,0,0.0,1c8b72ecc2f8ea1e70b2c0d7312a684a1455cda5c7396543836d3b9eb4e544c6,True,,,1,0,320.076021,823.087772,6,2109,4,2080
20260726_formal4t4_reuse_intensive_Ideal_rep0,0,Ideal,Ideal,110,reuse_intensive:rep0:req110,reuse_intensive,0,6,0,L0006,1024,2,0;1;2;3,False,1785045750.9442842,1024,1024,1024,136.70321607589722,False,False,False,False,1024,0.0,4,4,1056.0,False,cache_reused,False,False,0,0.0,a130590a370f22d53f9ce68da43b50e72f83607d528197639e0d85d95238a89c,True,,,1,0,101.315779,334.985049,6,1085,4,1056
20260726_formal4t4_reuse_intensive_Ideal_rep0,0,Ideal,Ideal,111,reuse_intensive:rep0:req111,reuse_intensive,0,0,2,L0000,1024,1,0;1;2;3,False,1785045750.944318,1024,1024,1024,3.459263563156128,False,False,False,False,1024,0.0,4,4,1056.0,False,cache_reused,False,False,0,0.0,4e6853fdb5207ad273640db4c42b61ecea4ff614c0e4ceb0342e01e64bd34cb8,True,,,1,0,245.166632,569.101772,6,1085,4,1056
20260726_formal4t4_reuse_intensive_Ideal_rep0,0,Ideal,Ideal,112,reuse_intensive:rep0:req112,reuse_intensive,0,52,0,L0052,4096,3,,False,1785045752.3837137,0,0,0,,False,False,False,False,0,0.0,0,0,32.0,False,cache_miss,False,False,0,0.0,f13977a4a0bfea81c87ad2f7fe6fb313a1df9d11539fcbd41bb39c458c956d2a,True,,,1,0,10329.034612,11226.132205,6,4157,4,32
20260726_formal4t4_reuse_intensive_Ideal_rep0,0,Ideal,Ideal,113,reuse_intensive:rep0:req113,reuse_intensive,0,25,1,L0025,1024,2,2,True,1785045752.3837662,1024,1024,1024,82.31578278541565,False,False,False,False,1024,20.48,1,1,1056.0,True,cache_reused,False,False,0,0.0,35a3768cb548e69d244b39a7c655fa83aca6681d61803869c4c4d70fc6f9e9a6,True,,,1,0,120.403981,411.439685,6,1085,4,1056
20260726_formal4t4_reuse_intensive_Ideal_rep0,0,Ideal,Ideal,114,reuse_intensive:rep0:req114,reuse_intensive,0,0,0,L0000,1024,0,0;1;2;3,False,1785045752.3838317,1024,1024,1024,1.439786434173584,False,False,False,False,1024,0.0,4,4,1056.0,False,cache_reused,False,False,0,0.0,a50278372dcc8b53469c95739a39b07a0ef02782152b3466f13bd9abfe338d7b,True,,,1,0,127.980828,437.034282,6,1085,4,1056
20260726_formal4t4_reuse_intensive_Ideal_rep0,0,Ideal,Ideal,115,reuse_intensive:rep0:req115,reuse_intensive,0,3,2,L0003,2048,1,0;1;2;3,False,1785045752.3838677,2048,2048,2048,18.01017141342163,False,False,False,False,2048,0.0,4,4,2080.0,False,cache_reused,False,False,0,0.0,64c0b191b0822847aa0278b211dfb063cef02a1ec3e87a8c2875960eacfb0a5b,True,,,1,0,201.226834,707.811063,6,2109,4,2080
20260726_formal4t4_reuse_intensive_Ideal_rep0,0,Ideal,Ideal,116,reuse_intensive:rep0:req116,reuse_intensive,0,0,1,L0000,1024,2,0;1;2;3,False,1785045763.6110969,1024,1024,1024,16.125475645065308,False,False,False,False,1024,0.0,4,4,1056.0,False,cache_reused,False,False,0,0.0,a39ba5f3c0e9ec8aff1444be58b566d1d03f9f0b37260857adb676bbef4466fa,True,,,1,0,211.298706,536.746868,6,1085,4,1056
20260726_formal4t4_reuse_intensive_Ideal_rep0,0,Ideal,Ideal,117,reuse_intensive:rep0:req117,reuse_intensive,0,0,2,L0000,1024,3,0;1;2;3,False,1785045763.611147,1024,1024,1024,12.667413234710693,False,False,False,False,1024,0.0,4,4,1056.0,False,cache_reused,False,False,0,0.0,887719aa7fccc7acd286ce9c1d12bb336c467fed22c172e02f376fb3cd5a219c,True,,,1,0,127.737659,438.9172,6,1085,4,1056
20260726_formal4t4_reuse_intensive_Ideal_rep0,0,Ideal,Ideal,118,reuse_intensive:rep0:req118,reuse_intensive,0,1,0,L0001,2048,0,0;1;2;3,False,1785045763.611183,2048,2048,2048,24.999767303466797,False,False,False,False,2048,0.0,4,4,2080.0,False,cache_reused,False,False,0,0.0,6576096a1130cd6f13ea5c209ed104b4e7205eb82f38cf120bf156ea1aead673,True,,,1,0,354.555303,872.001053,6,2109,4,2080
20260726_formal4t4_reuse_intensive_Ideal_rep0,0,Ideal,Ideal,119,reuse_intensive:rep0:req119,reuse_intensive,0,3,0,L0003,2048,1,0;1;2;3,False,1785045763.6112144,2048,2048,2048,0.00033783912658691406,False,False,False,False,2048,0.0,4,4,2080.0,False,cache_reused,False,False,0,0.0,b601f5e7685b256662e4845de7f86cc295a4c5de825779c3830b60d81a4d85a6,True,,,1,0,325.110697,849.001762,6,2109,4,2080
20260726_formal4t4_reuse_intensive_Ideal_rep0,0,Ideal,Ideal,120,reuse_intensive:rep0:req120,reuse_intensive,0,0,0,L0000,1024,2,0;1;2;3,False,1785045764.4855537,1024,1024,1024,0.0006501674652099609,False,False,False,False,1024,0.0,4,4,1056.0,False,cache_reused,False,False,0,0.0,c4668b037db3cc81239e7b6add59a055b454701e4b433dda30e462c63a4add11,True,,,1,0,111.616444,381.621522,6,1085,4,1056
20260726_formal4t4_reuse_intensive_Ideal_rep0,0,Ideal,Ideal,121,reuse_intensive:rep0:req121,reuse_intensive,0,0,1,L0000,1024,1,0;1;2;3,False,1785045764.4856048,1024,1024,1024,12.102024793624878,False,False,False,False,1024,0.0,4,4,1056.0,False,cache_reused,False,False,0,0.0,c308de6fab854631460e3a14dd5fb30b3a76d983a5d69aed2731d9103128c786,True,,,1,0,127.570978,440.767481,6,1085,4,1056
20260726_formal4t4_reuse_intensive_Ideal_rep0,0,Ideal,Ideal,122,reuse_intensive:rep0:req122,reuse_intensive,0,0,2,L0000,1024,0,0;1;2;3,False,1785045764.4856417,1024,1024,1024,0.8748824596405029,False,False,False,False,1024,0.0,4,4,1056.0,False,cache_reused,False,False,0,0.0,794d4648bcab33d340407b64fc1568e68f2ef746db3c76a5ada0677cf396a27b,True,,,1,0,125.867502,434.098683,6,1085,4,1056
20260726_formal4t4_reuse_intensive_Ideal_rep0,0,Ideal,Ideal,123,reuse_intensive:rep0:req123,reuse_intensive,0,4,1,L0004,1024,3,0;1;2;3,False,1785045764.485673,1024,1024,1024,30.112399101257324,False,False,False,False,1024,0.0,4,4,1056.0,False,cache_reused,False,False,0,0.0,a0e33001301b689f8529263cac88e1308adf13d082b67091a22313eeba7df9c0,True,,,1,0,122.327664,416.816626,6,1085,4,1056
20260726_formal4t4_reuse_intensive_Ideal_rep0,0,Ideal,Ideal,124,reuse_intensive:rep0:req124,reuse_intensive,0,30,1,L0030,2048,3,3,True,1785045764.9278846,2048,2048,2048,36.39819264411926,False,False,False,False,2048,40.96,1,1,2080.0,True,cache_reused,False,False,0,0.0,e09d3ad48f5b82dce898726a5537a0bc84eef2b9558bc78794143921dc1b97f5,True,,,1,0,196.8074,693.009069,6,2109,4,2080
20260726_formal4t4_reuse_intensive_Ideal_rep0,0,Ideal,Ideal,125,reuse_intensive:rep0:req125,reuse_intensive,0,3,1,L0003,2048,0,0;1;2;3,False,1785045764.927937,2048,2048,2048,30.554518222808838,False,False,False,False,2048,0.0,4,4,2080.0,False,cache_reused,False,False,0,0.0,4b0c9dfb61afec469aacf324f372ee2ab782c762df8a79bbbb00c9fb99da604c,True,,,1,0,202.94692,712.993822,6,2109,4,2080
20260726_formal4t4_reuse_intensive_Ideal_rep0,0,Ideal,Ideal,126,reuse_intensive:rep0:req126,reuse_intensive,0,11,0,L0011,4096,1,0;1;2;3,False,1785045764.927976,4096,4096,4096,119.23215222358704,False,False,False,False,4096,0.0,4,4,4128.0,False,cache_reused,False,False,0,0.0,a67186a4702dd4e19bbb5e2d9f39ae198a827e48c41c7fde8641d0d5bda92561,True,,,1,0,329.184762,1174.087954,6,4157,4,4128
20260726_formal4t4_reuse_intensive_Ideal_rep0,0,Ideal,Ideal,127,reuse_intensive:rep0:req127,reuse_intensive,0,0,0,L0000,1024,2,0;1;2;3,False,1785045764.9280093,1024,1024,1024,0.0006468296051025391,False,False,False,False,1024,0.0,4,4,1056.0,False,cache_reused,False,False,0,0.0,25b11063921b44d92f398fb4f1a27a6e8c900c94b554661d24d4dcc0aeb456d6,True,,,1,0,112.315362,381.022701,6,1085,4,1056
20260726_formal4t4_reuse_intensive_Ideal_rep0,0,Ideal,Ideal,128,reuse_intensive:rep0:req128,reuse_intensive,0,0,1,L0000,1024,2,0;1;2;3,False,1785045766.104528,1024,1024,1024,0.00014972686767578125,False,False,False,False,1024,0.0,4,4,1056.0,False,cache_reused,False,False,0,0.0,b9009ef7c1298d96558d1746c127aea39b8d4fad6f15fb1db84463d8ea6ad6ac,True,,,1,0,113.445931,383.035774,6,1085,4,1056
20260726_formal4t4_reuse_intensive_Ideal_rep0,0,Ideal,Ideal,129,reuse_intensive:rep0:req129,reuse_intensive,0,0,2,L0000,1024,3,0;1;2;3,False,1785045766.1045775,1024,1024,1024,1.6195154190063477,False,False,False,False,1024,0.0,4,4,1056.0,False,cache_reused,False,False,0,0.0,fc81d606bc9ded79732e0eab43e34cda88477711820f8cd8d25b392bcca90b50,True,,,1,0,128.165353,445.28928,6,1085,4,1056
20260726_formal4t4_reuse_intensive_Ideal_rep0,0,Ideal,Ideal,130,reuse_intensive:rep0:req130,reuse_intensive,0,0,0,L0000,1024,0,0;1;2;3,False,1785045766.1046133,1024,1024,1024,1.1769969463348389,False,False,False,False,1024,0.0,4,4,1056.0,False,cache_reused,False,False,0,0.0,a9ecd3cea9869a00d65d8336459e7dc9e91856bd2afb7fdc4722e5aa3995a1e0,True,,,1,0,126.398991,435.805096,6,1085,4,1056
20260726_formal4t4_reuse_intensive_Ideal_rep0,0,Ideal,Ideal,131,reuse_intensive:rep0:req131,reuse_intensive,0,8,0,L0008,2048,1,0;1;2;3,False,1785045766.1046448,2048,2048,2048,33.72156643867493,False,False,False,False,2048,0.0,4,4,2080.0,False,cache_reused,False,False,0,0.0,8d1ecacff3b1bec92d9dc7ac15b5f5abeefeeffc5ca4387d5c6d62109c573a13,True,,,1,0,193.698321,678.430119,6,2109,4,2080
20260726_formal4t4_reuse_intensive_Ideal_rep0,0,Ideal,Ideal,132,reuse_intensive:rep0:req132,reuse_intensive,0,0,1,L0000,1024,2,0;1;2;3,False,1785045766.785501,1024,1024,1024,0.0005743503570556641,False,False,False,False,1024,0.0,4,4,1056.0,False,cache_reused,False,False,0,0.0,c2e3b1257ab7a6cd6225f33a381d482aec7b6d259ba61a2d42f3fb39e1d16cb9,True,,,1,0,108.343073,377.353289,6,1085,4,1056
20260726_formal4t4_reuse_intensive_Ideal_rep0,0,Ideal,Ideal,133,reuse_intensive:rep0:req133,reuse_intensive,0,5,1,L0005,2048,1,0;1;2;3,False,1785045766.7855484,2048,2048,2048,153.8629903793335,False,False,False,False,2048,0.0,4,4,2080.0,False,cache_reused,False,False,0,0.0,871b4ddb4c3ed375654f4ed291fb48109878f898dbcfe82d0dec782c1eaaac66,True,,,1,0,184.192741,663.499756,6,2109,4,2080
20260726_formal4t4_reuse_intensive_Ideal_rep0,0,Ideal,Ideal,134,reuse_intensive:rep0:req134,reuse_intensive,0,0,2,L0000,1024,0,0;1;2;3,False,1785045766.7855847,1024,1024,1024,0.0004019737243652344,False,False,False,False,1024,0.0,4,4,1056.0,False,cache_reused,False,False,0,0.0,b2b3dd2031c6eb3242c35797e3c71c2d587ff903127346c04c7c041973b7757f,True,,,1,0,123.560783,433.75615,6,1085,4,1056
20260726_formal4t4_reuse_intensive_Ideal_rep0,0,Ideal,Ideal,135,reuse_intensive:rep0:req135,reuse_intensive,0,0,0,L0000,1024,3,0;1;2;3,False,1785045766.7856147,1024,1024,1024,0.0005381107330322266,False,False,False,False,1024,0.0,4,4,1056.0,False,cache_reused,False,False,0,0.0,cb3d2d8116c94fe110992b9ff0e5eb18759c15daaeb9471264d392d5c28573fa,True,,,1,0,128.269332,444.569237,6,1085,4,1056
20260726_formal4t4_reuse_intensive_Ideal_rep0,0,Ideal,Ideal,136,reuse_intensive:rep0:req136,reuse_intensive,0,62,0,L0062,2048,2,,False,1785045767.4505298,0,0,0,,False,False,False,False,0,0.0,0,0,32.0,False,cache_miss,False,False,0,0.0,d9e49ae32b7972033471cdf22fe04c46956f7a7f4aada230cac5b5123a555ee1,True,,,1,0,3083.871053,3611.273513,6,2109,4,32
20260726_formal4t4_reuse_intensive_Ideal_rep0,0,Ideal,Ideal,137,reuse_intensive:rep0:req137,reuse_intensive,0,0,1,L0000,1024,3,0;1;2;3,False,1785045767.450586,1024,1024,1024,0.00018143653869628906,False,False,False,False,1024,0.0,4,4,1056.0,False,cache_reused,False,False,0,0.0,fbebbf6e2cedc72ad3bc7cb4fbe1db3a953d17d294dcb9ec6fcef7947696ec53,True,,,1,0,128.310073,446.44748,6,1085,4,1056
20260726_formal4t4_reuse_intensive_Ideal_rep0,0,Ideal,Ideal,138,reuse_intensive:rep0:req138,reuse_intensive,0,0,2,L0000,1024,1,0;1;2;3,False,1785045767.4506264,1024,1024,1024,2.5231165885925293,False,False,False,False,1024,0.0,4,4,1056.0,False,cache_reused,False,False,0,0.0,9fe7b891e145b410dfa6c0e70c26772074deda2e7b214f8e5abc8026ebf5c477,True,,,1,0,125.359008,437.827435,6,1085,4,1056
20260726_formal4t4_reuse_intensive_Ideal_rep0,0,Ideal,Ideal,139,reuse_intensive:rep0:req139,reuse_intensive,0,2,0,L0002,1024,0,0;1;2;3,False,1785045767.4506586,1024,1024,1024,163.6537013053894,False,False,False,False,1024,0.0,4,4,1056.0,False,cache_reused,False,False,0,0.0,fd11dace679a3027e562b932dcf59c330c65ea7a762829c3ddc6abb943073445,True,,,1,0,121.924824,419.426989,6,1085,4,1056
20260726_formal4t4_reuse_intensive_Ideal_rep0,0,Ideal,Ideal,140,reuse_intensive:rep0:req140,reuse_intensive,0,5,2,L0005,2048,1,0;1;2;3,False,1785045771.0628052,2048,2048,2048,3.612678050994873,False,False,False,False,2048,0.0,4,4,2080.0,False,cache_reused,False,False,0,0.0,48e884c01fd795ebbda13b50d8f03414a8b089c6fdc63d5d1c0d2782ff95e094,True,,,1,0,294.016768,1598.965235,6,2109,4,2080
20260726_formal4t4_reuse_intensive_Ideal_rep0,0,Ideal,Ideal,141,reuse_intensive:rep0:req141,reuse_intensive,0,3,2,L0003,2048,2,0;1;2;3,False,1785045771.0628564,2048,2048,2048,163.4726541042328,False,False,False,False,2048,0.0,4,4,2080.0,False,cache_reused,False,False,0,0.0,f14ddb572953192315ab4ecfbb70e55b6daac29f9799e4cfe4f678626aa7853d,True,,,1,0,207.445748,730.341083,6,2109,4,2080
20260726_formal4t4_reuse_intensive_Ideal_rep0,0,Ideal,Ideal,142,reuse_intensive:rep0:req142,reuse_intensive,0,0,0,L0000,1024,3,0;1;2;3,False,1785045771.062892,1024,1024,1024,0.0004634857177734375,False,False,False,False,1024,0.0,4,4,1056.0,False,cache_reused,False,False,0,0.0,ed65a3897d34b3f15c10cc68f30db7fde2658b40e64e180fcfa9ff4ef89efed5,True,,,1,0,218.982973,538.393366,6,1085,4,1056
20260726_formal4t4_reuse_intensive_Ideal_rep0,0,Ideal,Ideal,143,reuse_intensive:rep0:req143,reuse_intensive,0,43,1,L0043,4096,1,1,True,1785045771.0629249,4096,4096,4096,100.99494695663452,False,False,False,False,4096,79.92,1,1,4128.0,True,cache_reused,False,False,0,0.0,65591dde69c9c92772c312af1a8cded02b98aa8be01d24f7adbfcc35896ddb60,True,,,1,0,740.061395,1887.183241,6,4157,4,4128
20260726_formal4t4_reuse_intensive_Ideal_rep0,0,Ideal,Ideal,144,reuse_intensive:rep0:req144,reuse_intensive,0,37,0,L0037,4096,1,,False,1785045772.9531298,0,0,0,,False,False,False,False,0,0.0,0,0,32.0,False,cache_miss,False,False,0,0.0,caa6eb7794f0af1a4194460c6a5cf0ea30ac99bad3cef1eb5b11f35165b70818,True,,,1,0,10397.832415,11310.710985,6,4157,4,32
20260726_formal4t4_reuse_intensive_Ideal_rep0,0,Ideal,Ideal,145,reuse_intensive:rep0:req145,reuse_intensive,0,3,0,L0003,2048,3,0;1;2;3,False,1785045772.9531884,2048,2048,2048,60.854865312576294,False,False,False,False,2048,0.0,4,4,2080.0,False,cache_reused,False,False,0,0.0,a9da50a84bda18b6866106c6e7073830196c850a31f353497e453c4bd114ba16,True,,,1,0,197.941389,692.854532,6,2109,4,2080
20260726_formal4t4_reuse_intensive_Ideal_rep0,0,Ideal,Ideal,146,reuse_intensive:rep0:req146,reuse_intensive,0,1,1,L0001,2048,0,0;1;2;3,False,1785045772.9532301,2048,2048,2048,8.46806025505066,False,False,False,False,2048,0.0,4,4,2080.0,False,cache_reused,False,False,0,0.0,bf47775ee8f5e7272a177291598b3f0d173a3132593cff2623789971391aed7f,True,,,1,0,343.129117,864.078855,6,2109,4,2080
20260726_formal4t4_reuse_intensive_Ideal_rep0,0,Ideal,Ideal,147,reuse_intensive:rep0:req147,reuse_intensive,0,0,1,L0000,1024,2,0;1;2;3,False,1785045772.9532642,1024,1024,1024,5.5032854080200195,False,False,False,False,1024,0.0,4,4,1056.0,False,cache_reused,False,False,0,0.0,2dae853a570cf368954f215ba349841208c29082f5c3fb874df776a96062ae17,True,,,1,0,113.428409,381.305707,6,1085,4,1056
20260726_formal4t4_reuse_intensive_Ideal_rep0,0,Ideal,Ideal,148,reuse_intensive:rep0:req148,reuse_intensive,0,1,2,L0001,2048,0,0;1;2;3,False,1785045784.264604,2048,2048,2048,0.0001373291015625,False,False,False,False,2048,0.0,4,4,2080.0,False,cache_reused,False,False,0,0.0,d99a71ce0de3e2bfedc21a12bd736f84d33feda67e4e8fc94ce0b64a0485f9f2,True,,,1,0,306.354129,834.057076,6,2109,4,2080
20260726_formal4t4_reuse_intensive_Ideal_rep0,0,Ideal,Ideal,149,reuse_intensive:rep0:req149,reuse_intensive,0,2,1,L0002,1024,2,0;1;2;3,False,1785045784.2646265,1024,1024,1024,49.179659605026245,False,False,False,False,1024,0.0,4,4,1056.0,False,cache_reused,False,False,0,0.0,609b384a1508dbecff838c58392509e9185bca7b2126641db9807676a4624cd1,True,,,1,0,186.069932,457.337872,6,1085,4,1056
20260726_formal4t4_reuse_intensive_Ideal_rep0,0,Ideal,Ideal,150,reuse_intensive:rep0:req150,reuse_intensive,0,2,2,L0002,1024,1,0;1;2;3,False,1785045784.2646418,1024,1024,1024,33.32106399536133,False,False,False,False,1024,0.0,4,4,1056.0,False,cache_reused,False,False,0,0.0,844770ad268fa06473237d7d6cc445d448ea4374b2be3ac3eb83de17aff66174,True,,,1,0,116.816776,394.868718,6,1085,4,1056
20260726_formal4t4_reuse_intensive_Ideal_rep0,0,Ideal,Ideal,151,reuse_intensive:rep0:req151,reuse_intensive,0,4,2,L0004,1024,3,0;1;2;3,False,1785045784.2646554,1024,1024,1024,19.336942434310913,False,False,False,False,1024,0.0,4,4,1056.0,False,cache_reused,False,False,0,0.0,943c91a251ee732fa64a2d3f43052e6f180b026ec03d67be4a7a6783b206320c,True,,,1,0,224.913057,534.535761,6,1085,4,1056
20260726_formal4t4_reuse_intensive_Ideal_rep0,0,Ideal,Ideal,152,reuse_intensive:rep0:req152,reuse_intensive,0,0,2,L0000,1024,0,0;1;2;3,False,1785045785.0992362,1024,1024,1024,17.64893102645874,False,False,False,False,1024,0.0,4,4,1056.0,False,cache_reused,False,False,0,0.0,154e0a89bb3cdacc6a2ae1868a13f7b0f30996b8cbd6be5f766c6da2e62458ee,True,,,1,0,128.866986,439.739972,6,1085,4,1056
20260726_formal4t4_reuse_intensive_Ideal_rep0,0,Ideal,Ideal,153,reuse_intensive:rep0:req153,reuse_intensive,0,0,0,L0000,1024,1,0;1;2;3,False,1785045785.0992863,1024,1024,1024,14.036743402481079,False,False,False,False,1024,0.0,4,4,1056.0,False,cache_reused,False,False,0,0.0,b3c48a841d7e641e4fd5260345d55014ecf3ff039ae2bdd01408ccde38950008,True,,,1,0,126.100817,437.831659,6,1085,4,1056
20260726_formal4t4_reuse_intensive_Ideal_rep0,0,Ideal,Ideal,154,reuse_intensive:rep0:req154,reuse_intensive,0,10,1,L0010,1024,2,0;1;2;3,False,1785045785.0993242,1024,1024,1024,151.76171851158142,False,False,False,False,1024,0.0,4,4,1056.0,False,cache_reused,False,False,0,0.0,85578f7f4f81c2697551b7f69154a6721beb126511cca2eda299fea1010dc54c,True,,,1,0,122.348741,420.865536,6,1085,4,1056
20260726_formal4t4_reuse_intensive_Ideal_rep0,0,Ideal,Ideal,155,reuse_intensive:rep0:req155,reuse_intensive,0,51,0,L0051,4096,3,,False,1785045785.099349,0,0,0,,False,False,False,False,0,0.0,0,0,32.0,False,cache_miss,False,False,0,0.0,8bb12a73fd1c41ce6533b67cc495a0c5b5b9e2534f210fa1c27cc0329fc05d51,True,,,1,0,10855.508435,11762.407692,6,4157,4,32
20260726_formal4t4_reuse_intensive_Ideal_rep0,0,Ideal,Ideal,156,reuse_intensive:rep0:req156,reuse_intensive,0,0,1,L0000,1024,3,0;1;2;3,False,1785045796.8640075,1024,1024,1024,23.91134262084961,False,False,False,False,1024,0.0,4,4,1056.0,False,cache_reused,False,False,0,0.0,86116e46abdfd4cc523ff83da83d52e71995007bd26a1cfb860b71d3a524da2a,True,,,1,0,122.014215,439.080993,6,1085,4,1056
20260726_formal4t4_reuse_intensive_Ideal_rep0,0,Ideal,Ideal,157,reuse_intensive:rep0:req157,reuse_intensive,0,0,2,L0000,1024,1,0;1;2;3,False,1785045796.8640318,1024,1024,1024,0.00031876564025878906,False,False,False,False,1024,0.0,4,4,1056.0,False,cache_reused,False,False,0,0.0,0fca6e5180e40a65abc268e99977e1f52f93dd068ec6ed4585e6917755665390,True,,,1,0,245.617527,871.804099,6,1085,4,1056
20260726_formal4t4_reuse_intensive_Ideal_rep0,0,Ideal,Ideal,158,reuse_intensive:rep0:req158,reuse_intensive,0,14,2,L0014,2048,2,0;1;2;3,False,1785045796.8640497,2048,2048,2048,144.3251051902771,False,False,False,False,2048,0.0,4,4,2080.0,False,cache_reused,False,False,0,0.0,491c1210e8bb9ff0c9e3686a04fd546130c7dbe223591254fee5c8987639d790,True,,,1,0,323.650917,844.012011,6,2109,4,2080
20260726_formal4t4_reuse_intensive_Ideal_rep0,0,Ideal,Ideal,159,reuse_intensive:rep0:req159,reuse_intensive,0,36,1,L0036,1024,1,1,True,1785045796.8640652,1024,1024,1024,60.44745945930481,False,False,False,False,1024,18.48,1,1,1056.0,True,cache_reused,False,False,0,0.0,325e59ec45bc1f5c62d07c773d554441c4660032a024d731ce97a28d5b22ee88,True,,,1,0,481.498262,976.652196,6,1085,4,1056
20260726_formal4t4_reuse_intensive_Ideal_rep0,0,Ideal,Ideal,160,reuse_intensive:rep0:req160,reuse_intensive,1,64,0,L0064,1024,3,,False,1785045797.8425155,0,0,0,,False,False,False,False,0,0.0,0,0,32.0,False,cache_miss,False,False,0,0.0,eb9c1bdb82ab8e7f4b6751af2f8b4640b0c9a991ccc5736ccfa35bc447bb40f4,True,,,1,0,993.096164,1296.71559,6,1085,4,32
20260726_formal4t4_reuse_intensive_Ideal_rep0,0,Ideal,Ideal,161,reuse_intensive:rep0:req161,reuse_intensive,1,64,1,L0064,1024,2,,False,1785045797.8425527,0,0,0,,False,False,False,False,0,0.0,0,0,32.0,False,cache_miss,False,False,0,0.0,c1d46c861d6473218295428ef924684302aec9cf7368c0c950c524f0652e8ed0,True,,,1,0,873.519336,1161.411794,6,1085,4,32
20260726_formal4t4_reuse_intensive_Ideal_rep0,0,Ideal,Ideal,162,reuse_intensive:rep0:req162,reuse_intensive,1,75,0,L0075,1024,1,,False,1785045797.8425772,0,0,0,,False,False,False,False,0,0.0,0,0,32.0,False,cache_miss,False,False,0,0.0,315cc081148042768811897ef4cd9d906c8d1e95877884a4234d1076bbb0b1ee,True,,,1,0,888.520513,1175.450334,6,1085,4,32
20260726_formal4t4_reuse_intensive_Ideal_rep0,0,Ideal,Ideal,163,reuse_intensive:rep0:req163,reuse_intensive,1,105,0,L0105,2048,0,,False,1785045797.8425984,0,0,0,,False,False,False,False,0,0.0,0,0,16.0,False,cache_miss,False,False,0,0.0,beeb78c3eb841d8b3428a6e32d4ddbe7d7209d9c67c2cb4fb749ccbd03e01720,True,,,1,0,3225.268606,3755.557886,6,2109,4,16
20260726_formal4t4_reuse_intensive_Ideal_rep0,0,Ideal,Ideal,164,reuse_intensive:rep0:req164,reuse_intensive,1,64,2,L0064,1024,3,2;3,False,1785045801.6005542,1024,1024,1024,0.00055694580078125,False,False,False,False,1024,0.0,2,2,1056.0,False,cache_reused,False,False,0,0.0,40489b408d9d10fcbfcd966916d08f1cbfbe183d193487c3de48e8cbaee9f11f,True,,,1,0,238.011694,539.548243,6,1085,4,1056
20260726_formal4t4_reuse_intensive_Ideal_rep0,0,Ideal,Ideal,165,reuse_intensive:rep0:req165,reuse_intensive,1,84,0,L0084,2048,1,,False,1785045801.6005933,0,0,0,,False,False,False,False,0,0.0,0,0,32.0,False,cache_miss,False,False,0,0.0,0656703c2d03596ac5121e16cbfe52a0fa99a4f103c23edafa40e393eb5e05a6,True,,,1,0,2892.068355,3364.130305,6,2109,4,32
20260726_formal4t4_reuse_intensive_Ideal_rep0,0,Ideal,Ideal,166,reuse_intensive:rep0:req166,reuse_intensive,1,66,0,L0066,2048,0,,False,1785045801.6006198,0,0,0,,False,False,False,False,0,0.0,0,0,32.0,False,cache_miss,False,False,0,0.0,9a1ba2e8afaa78c6e5edac8b2be72287a988dffbe6503cab3afc95ccb4e12768,True,,,1,0,3042.034508,3562.083245,6,2109,4,32
20260726_formal4t4_reuse_intensive_Ideal_rep0,0,Ideal,Ideal,167,reuse_intensive:rep0:req167,reuse_intensive,1,65,0,L0065,2048,2,,False,1785045801.6006413,0,0,0,,False,False,False,False,0,0.0,0,0,32.0,False,cache_miss,False,False,0,0.0,f239760245a6c82c965b91d54275bc027f4d978fcfb9f4d3812c182d0c19590a,True,,,1,0,2927.344419,3418.478735,6,2109,4,32
20260726_formal4t4_reuse_intensive_Ideal_rep0,0,Ideal,Ideal,168,reuse_intensive:rep0:req168,reuse_intensive,1,100,0,L0100,4096,0,,False,1785045805.1649683,0,0,0,,False,False,False,False,0,0.0,0,0,32.0,False,cache_miss,False,False,0,0.0,88f988471dfd58b44878fe58e49e8eecbc452bd221e13c37fc08fe427fd0a1ac,True,,,1,0,10634.813056,11574.346511,6,4157,4,32
20260726_formal4t4_reuse_intensive_Ideal_rep0,0,Ideal,Ideal,169,reuse_intensive:rep0:req169,reuse_intensive,1,93,0,L0093,2048,3,,False,1785045805.165005,0,0,0,,False,False,False,False,0,0.0,0,0,32.0,False,cache_miss,False,False,0,0.0,1b62b97209308605d87bf11215aceb61f7b3450a246c097185e351d6ba72113c,True,,,1,0,3218.500203,3712.148675,6,2109,4,32
20260726_formal4t4_reuse_intensive_Ideal_rep0,0,Ideal,Ideal,170,reuse_intensive:rep0:req170,reuse_intensive,1,88,0,L0088,1024,1,,False,1785045805.16503,0,0,0,,False,False,False,False,0,0.0,0,0,32.0,False,cache_miss,False,False,0,0.0,94309264b50eedef67bab382d6bd3441138f3fbd060e55813d0d04f02d3a6a3d,True,,,1,0,921.512261,1216.136405,6,1085,4,32
20260726_formal4t4_reuse_intensive_Ideal_rep0,0,Ideal,Ideal,171,reuse_intensive:rep0:req171,reuse_intensive,1,112,0,L0112,4096,2,,False,1785045805.1650498,0,0,0,,False,False,False,False,0,0.0,0,0,16.0,False,cache_miss,False,False,0,0.0,42aaa1a0e31f3105406a099c99602d01e896fa177d5d5fa53d377acd7abb77b6,True,,,1,0,9585.57502,10420.641042,6,4157,4,16
20260726_formal4t4_reuse_intensive_Ideal_rep0,0,Ideal,Ideal,172,reuse_intensive:rep0:req172,reuse_intensive,1,67,0,L0067,1024,0,,False,1785045816.7406538,0,0,0,,False,False,False,False,0,0.0,0,0,32.0,False,cache_miss,False,False,0,0.0,8f9105cbd2be05d0b6a286e5a616481a4d7f597135ce8849460591f273659895,True,,,1,0,1021.759372,1360.429237,6,1085,4,32
20260726_formal4t4_reuse_intensive_Ideal_rep0,0,Ideal,Ideal,173,reuse_intensive:rep0:req173,reuse_intensive,1,68,0,L0068,2048,1,,False,1785045816.7406888,0,0,0,,False,False,False,False,0,0.0,0,0,32.0,False,cache_miss,False,False,0,0.0,f0cab77172cef00126694b5055602d762cd253f0104159bec736109232ea8c6b,True,,,1,0,3225.547938,3743.8372,6,2109,4,32
20260726_formal4t4_reuse_intensive_Ideal_rep0,0,Ideal,Ideal,174,reuse_intensive:rep0:req174,reuse_intensive,1,81,0,L0081,1024,2,,False,1785045816.740713,0,0,0,,False,False,False,False,0,0.0,0,0,32.0,False,cache_miss,False,False,0,0.0,0e08753b9f8e778dc1fe60b0ba5ddc4b1b06653e2f4f167d9f655e0e0f559c9a,True,,,1,0,938.639693,1247.600198,6,1085,4,32
20260726_formal4t4_reuse_intensive_Ideal_rep0,0,Ideal,Ideal,175,reuse_intensive:rep0:req175,reuse_intensive,1,64,0,L0064,1024,3,2;3,False,1785045816.7407508,1024,1024,1024,11.576521635055542,False,False,False,False,1024,0.0,2,2,1056.0,False,cache_reused,False,False,0,0.0,e7a4e397ca7182a912f61f4e9bd6dd4eb29b16175d910b712659df7cc42d961b,True,,,1,0,203.263514,536.701286,6,1085,4,1056
20260726_formal4t4_reuse_intensive_Ideal_rep0,0,Ideal,Ideal,176,reuse_intensive:rep0:req176,reuse_intensive,1,69,0,L0069,2048,1,,False,1785045820.4860759,0,0,0,,False,False,False,False,0,0.0,0,0,32.0,False,cache_miss,False,False,0,0.0,34cab7b1cdc94e8155abc9083324783954dbc2eb95fe9eb660aa52c7a8d3f8f6,True,,,1,0,3056.497359,3589.018093,6,2109,4,32
20260726_formal4t4_reuse_intensive_Ideal_rep0,0,Ideal,Ideal,177,reuse_intensive:rep0:req177,reuse_intensive,1,87,0,L0087,2048,3,,False,1785045820.4861116,0,0,0,,False,False,False,False,0,0.0,0,0,32.0,False,cache_miss,False,False,0,0.0,804d8606c6a20e8b3eff156253f0118a271a75b599c3333d2cfbf3ec722bdd97,True,,,1,0,3342.934733,3871.630986,6,2109,4,32
20260726_formal4t4_reuse_intensive_Ideal_rep0,0,Ideal,Ideal,178,reuse_intensive:rep0:req178,reuse_intensive,1,64,1,L0064,1024,2,2;3,False,1785045820.486153,1024,1024,1024,18.886004209518433,False,False,False,False,1024,0.0,2,2,1056.0,False,cache_reused,False,False,0,0.0,4c04d5759cb1dc4c5df9f98e4c082febc9e18e9d55aa6841b899ba3af0d46608,True,,,1,0,209.518576,567.002286,6,1085,4,1056
20260726_formal4t4_reuse_intensive_Ideal_rep0,0,Ideal,Ideal,179,reuse_intensive:rep0:req179,reuse_intensive,1,64,2,L0064,1024,2,2;3,True,1785045820.4861898,1024,1024,1024,18.886041164398193,False,False,False,False,1024,18.48,2,2,1056.0,True,cache_reused,False,False,0,0.0,48753c12b87abe9b67e5dd33647d13492157c1dd9b40a2301a6d1a02c3b015c0,True,,,1,0,363.406617,660.317533,6,1085,4,1056
20260726_formal4t4_reuse_intensive_Ideal_rep0,0,Ideal,Ideal,180,reuse_intensive:rep0:req180,reuse_intensive,1,69,1,L0069,2048,1,1,True,1785045824.3594742,2048,2048,2048,0.0006389617919921875,False,False,False,False,2048,40.96,1,1,2080.0,True,cache_reused,False,False,0,0.0,b9b4a5a39a3b5b38f8d48a5eacce22915d98828f550e3a4dbef806ad91551f44,True,,,1,0,212.405797,744.303533,6,2109,4,2080
20260726_formal4t4_reuse_intensive_Ideal_rep0,0,Ideal,Ideal,181,reuse_intensive:rep0:req181,reuse_intensive,1,65,1,L0065,2048,2,2,True,1785045824.359522,2048,2048,2048,19.194759368896484,False,False,False,False,2048,40.96,1,1,2080.0,True,cache_reused,False,False,0,0.0,1449e675fad0c4e24a8cd4b61379c84f242f3a01221c6730e3fb12c0b5e8c50c,True,,,1,0,356.577093,857.245016,6,2109,4,2080
20260726_formal4t4_reuse_intensive_Ideal_rep0,0,Ideal,Ideal,182,reuse_intensive:rep0:req182,reuse_intensive,1,77,0,L0077,1024,3,,False,1785045824.3595498,0,0,0,,False,False,False,False,0,0.0,0,0,32.0,False,cache_miss,False,False,0,0.0,8f3a9af3da16d1817a096e41bf74f35963ef86607e062c781fd5efc5e9f6042c,True,,,1,0,1002.605694,1313.185901,6,1085,4,32
20260726_formal4t4_reuse_intensive_Ideal_rep0,0,Ideal,Ideal,183,reuse_intensive:rep0:req183,reuse_intensive,1,70,0,L0070,4096,0,,False,1785045824.3595726,0,0,0,,False,False,False,False,0,0.0,0,0,32.0,False,cache_miss,False,False,0,0.0,476cf1b8e85b01dc3c223eafda49c28f52503153c35f6fd2506f69f66a016076,True,,,1,0,10583.638427,11489.837041,6,4157,4,32
20260726_formal4t4_reuse_intensive_Ideal_rep0,0,Ideal,Ideal,184,reuse_intensive:rep0:req184,reuse_intensive,1,65,2,L0065,2048,2,2,True,1785045835.8523545,2048,2048,2048,0.0006566047668457031,False,False,False,False,2048,40.96,1,1,2080.0,True,cache_reused,False,False,0,0.0,97804c3dc9b7f22153b7598276fa2de59bd5134faf65169c19cfa009272e60c0,True,,,1,0,319.51139,811.889606,6,2109,4,2080
20260726_formal4t4_reuse_intensive_Ideal_rep0,0,Ideal,Ideal,185,reuse_intensive:rep0:req185,reuse_intensive,1,64,0,L0064,1024,3,2;3,True,1785045835.8524058,1024,1024,1024,15.36646842956543,False,False,False,False,1024,20.48,2,2,1056.0,True,cache_reused,False,False,0,0.0,520c2325563ccd414e4359c83eaaccd3567cf4100065282ed186119c4e188ac3,True,,,1,0,211.743161,558.987794,6,1085,4,1056
20260726_formal4t4_reuse_intensive_Ideal_rep0,0,Ideal,Ideal,186,reuse_intensive:rep0:req186,reuse_intensive,1,67,1,L0067,1024,0,0,True,1785045835.852443,1024,1024,1024,15.366950750350952,False,False,False,False,1024,20.48,1,1,1056.0,True,cache_reused,False,False,0,0.0,9608602d08a4121f374cddad9ae5a978a6e55327bd46672eb4a7509f0059395b,True,,,1,0,131.872408,456.003863,6,1085,4,1056
20260726_formal4t4_reuse_intensive_Ideal_rep0,0,Ideal,Ideal,187,reuse_intensive:rep0:req187,reuse_intensive,1,69,2,L0069,2048,1,1,False,1785045835.8524747,2048,2048,2048,0.0010020732879638672,False,False,False,False,2048,0.0,1,1,2080.0,False,cache_reused,False,False,0,0.0,1705a14229511a61868c86985f4cb5a463c3bb86c84b2f41f5a89bc186fea454,True,,,1,0,375.783223,910.757394,6,2109,4,2080
20260726_formal4t4_reuse_intensive_Ideal_rep0,0,Ideal,Ideal,188,reuse_intensive:rep0:req188,reuse_intensive,1,64,1,L0064,1024,2,2;3,True,1785045836.7661092,1024,1024,1024,12.40677809715271,False,False,False,False,1024,20.48,2,2,1056.0,True,cache_reused,False,False,0,0.0,98146d6106d63e4b1a74815fac306f60b7d0b6d105488989865a39dbdf199c1f,True,,,1,0,115.771918,392.87427,6,1085,4,1056
20260726_formal4t4_reuse_intensive_Ideal_rep0,0,Ideal,Ideal,189,reuse_intensive:rep0:req189,reuse_intensive,1,64,2,L0064,1024,3,2;3,False,1785045836.766159,1024,1024,1024,0.0004992485046386719,False,False,False,False,1024,0.0,2,2,1056.0,False,cache_reused,False,False,0,0.0,b97d0c9b0aa374176b83e4aaa439f6fcf16228bb732886d6d06a9bd40f2f2f75,True,,,1,0,126.191087,422.636898,6,1085,4,1056
20260726_formal4t4_reuse_intensive_Ideal_rep0,0,Ideal,Ideal,190,reuse_intensive:rep0:req190,reuse_intensive,1,67,2,L0067,1024,0,0,True,1785045836.7661946,1024,1024,1024,0.00042557716369628906,False,False,False,False,1024,20.48,1,1,1056.0,True,cache_reused,False,False,0,0.0,ec70fbef0ac054857abd66606df2133c3644d82a1d22bef38f035907628e6786,True,,,1,0,132.292991,462.720088,6,1085,4,1056
20260726_formal4t4_reuse_intensive_Ideal_rep0,0,Ideal,Ideal,191,reuse_intensive:rep0:req191,reuse_intensive,1,69,0,L0069,2048,1,1,False,1785045836.7662265,2048,2048,2048,0.0003376007080078125,False,False,False,False,2048,0.0,1,1,2080.0,False,cache_reused,False,False,0,0.0,6bf66a14cabe0b8d1f81e29e54197f4035a6a8c56dcfe58f36b931ed04ead6d0,True,,,1,0,212.392802,747.202886,6,2109,4,2080
20260726_formal4t4_reuse_intensive_Ideal_rep0,0,Ideal,Ideal,192,reuse_intensive:rep0:req192,reuse_intensive,1,67,0,L0067,1024,0,0,True,1785045837.5158675,1024,1024,1024,0.0003407001495361328,False,False,False,False,1024,20.48,1,1,1056.0,True,cache_reused,False,False,0,0.0,e6520e396210fb577a0c5b11bf700701467fa3e293ffbb475dda37c836d95caf,True,,,1,0,126.949406,456.869905,6,1085,4,1056
20260726_formal4t4_reuse_intensive_Ideal_rep0,0,Ideal,Ideal,193,reuse_intensive:rep0:req193,reuse_intensive,1,72,0,L0072,4096,2,,False,1785045837.5159066,0,0,0,,False,False,False,False,0,0.0,0,0,32.0,False,cache_miss,False,False,0,0.0,361be77709bd906209f59165a06b7b253cc115c93441d5ef17c4641c2a502db2,True,,,1,0,10248.021772,11582.946711,6,4157,4,32
20260726_formal4t4_reuse_intensive_Ideal_rep0,0,Ideal,Ideal,194,reuse_intensive:rep0:req194,reuse_intensive,1,103,0,L0103,4096,1,,False,1785045837.5159333,0,0,0,,False,False,False,False,0,0.0,0,0,16.0,False,cache_miss,False,False,0,0.0,b1fdf9d7e924013d9fa2a5ef8fb7c521036dea51a96f1df2bdfcfa9a3cfd2ad4,True,,,1,0,9623.76914,10447.590044,6,4157,4,16
20260726_formal4t4_reuse_intensive_Ideal_rep0,0,Ideal,Ideal,195,reuse_intensive:rep0:req195,reuse_intensive,1,65,0,L0065,2048,2,2,True,1785045837.515966,2048,2048,2048,0.7505269050598145,False,False,False,False,2048,38.96,1,1,2080.0,True,cache_reused,False,False,0,0.0,b279174100fd2300a7d90ccdc3896ab005021041df0e5e5a2ea0ae03777e0888,True,,,1,0,10246.669845,11581.572622,6,2109,4,2080
20260726_formal4t4_reuse_intensive_Ideal_rep0,0,Ideal,Ideal,196,reuse_intensive:rep0:req196,reuse_intensive,1,64,0,L0064,1024,3,2;3,False,1785045849.1009085,1024,1024,1024,11.585487842559814,False,False,False,False,1024,0.0,2,2,1056.0,False,cache_reused,False,False,0,0.0,3dcc74b3c985abbc33db9f6e914be3255766b9f0a4bc2b7a2cae4a6c4ad508b0,True,,,1,0,445.829831,997.903688,6,1085,4,1056
20260726_formal4t4_reuse_intensive_Ideal_rep0,0,Ideal,Ideal,197,reuse_intensive:rep0:req197,reuse_intensive,1,64,1,L0064,1024,2,2;3,True,1785045849.1009598,1024,1024,1024,11.585686206817627,False,False,False,False,1024,20.48,2,2,1056.0,True,cache_reused,False,False,0,0.0,6333eec5d408ed385a481a2b836e0be94177b209f649886cfe23f2e66d34d8d2,True,,,1,0,119.620931,426.294745,6,1085,4,1056
20260726_formal4t4_reuse_intensive_Ideal_rep0,0,Ideal,Ideal,198,reuse_intensive:rep0:req198,reuse_intensive,1,77,1,L0077,1024,3,3,True,1785045849.100994,1024,1024,1024,13.24909257888794,False,False,False,False,1024,18.48,1,1,1056.0,True,cache_reused,False,False,0,0.0,32d76e2901a6f00590832c75aabf7adebaf239c1bffe31af29632d9aef63730d,True,,,1,0,444.349744,996.294769,6,1085,4,1056
20260726_formal4t4_reuse_intensive_Ideal_rep0,0,Ideal,Ideal,199,reuse_intensive:rep0:req199,reuse_intensive,1,64,2,L0064,1024,2,2;3,True,1785045849.1010222,1024,1024,1024,11.585748672485352,False,False,False,False,1024,18.48,2,2,1056.0,True,cache_reused,False,False,0,0.0,f6955aec43a46247ffe920fb40e451164fd40d86a324bfb9cf816d45349cd427,True,,,1,0,222.753398,518.794894,6,1085,4,1056
20260726_formal4t4_reuse_intensive_Ideal_rep0,0,Ideal,Ideal,200,reuse_intensive:rep0:req200,reuse_intensive,1,64,0,L0064,1024,3,2;3,False,1785045850.099705,1024,1024,1024,0.0005433559417724609,False,False,False,False,1024,0.0,2,2,1056.0,False,cache_reused,False,False,0,0.0,decc15d19406bae51bf7cc1684562a5149ca012c8fec03f07adba915fcd3a092,True,,,1,0,121.990574,413.900968,6,1085,4,1056
20260726_formal4t4_reuse_intensive_Ideal_rep0,0,Ideal,Ideal,201,reuse_intensive:rep0:req201,reuse_intensive,1,71,0,L0071,1024,0,,False,1785045850.0997615,0,0,0,,False,False,False,False,0,0.0,0,0,32.0,False,cache_miss,False,False,0,0.0,0f08fcfc873c1ac97dd1ad06eece26c047000853f33762cc792998cdbdf35887,True,,,1,0,1081.396546,1388.099999,6,1085,4,32
20260726_formal4t4_reuse_intensive_Ideal_rep0,0,Ideal,Ideal,202,reuse_intensive:rep0:req202,reuse_intensive,1,90,0,L0090,2048,1,,False,1785045850.0998156,0,0,0,,False,False,False,False,0,0.0,0,0,32.0,False,cache_miss,False,False,0,0.0,40d728ba57e489ba411426476c5934f9ed04044c16113acd07bd31ea2532529c,True,,,1,0,3103.438063,3607.517264,6,2109,4,32
20260726_formal4t4_reuse_intensive_Ideal_rep0,0,Ideal,Ideal,203,reuse_intensive:rep0:req203,reuse_intensive,1,64,1,L0064,1024,2,2;3,False,1785045850.0998704,1024,1024,1024,0.0003464221954345703,False,False,False,False,1024,0.0,2,2,1056.0,False,cache_reused,False,False,0,0.0,4345cb9afc9cf0c0b71bf3460033c99ab79de6868b9c68da54c5014226f653f1,True,,,1,0,118.27647,400.733588,6,1085,4,1056
20260726_formal4t4_reuse_intensive_Ideal_rep0,0,Ideal,Ideal,204,reuse_intensive:rep0:req204,reuse_intensive,1,72,1,L0072,4096,2,2,True,1785045853.7096028,4096,4096,4096,4.609547853469849,False,False,False,False,4096,81.92,1,1,4128.0,True,cache_reused,False,False,0,0.0,feea1f137557b6f1c1020ffccc57c387735ea3c0668f0cff64d25cbbd7bd0250,True,,,1,0,504.494898,1385.634975,6,4157,4,4128
20260726_formal4t4_reuse_intensive_Ideal_rep0,0,Ideal,Ideal,205,reuse_intensive:rep0:req205,reuse_intensive,1,91,0,L0091,1024,0,,False,1785045853.7096422,0,0,0,,False,False,False,False,0,0.0,0,0,32.0,False,cache_miss,False,False,0,0.0,5b0b549f94c5b5dcaa75cf333849d9c8f6279393c47f7a38b0b02a1440d30226,True,,,1,0,1138.438425,2332.538473,6,1085,4,32
20260726_formal4t4_reuse_intensive_Ideal_rep0,0,Ideal,Ideal,206,reuse_intensive:rep0:req206,reuse_intensive,1,70,1,L0070,4096,0,0,True,1785045853.709679,4096,4096,4096,17.85767698287964,False,False,False,False,4096,79.92,1,1,4128.0,True,cache_reused,False,False,0,0.0,ac0e5f85adbf6e355efdb3d9e5a495b65f61e5df77cd249b3bfea2a36eec9642,True,,,1,0,1540.805955,2634.769972,6,4157,4,4128
20260726_formal4t4_reuse_intensive_Ideal_rep0,0,Ideal,Ideal,207,reuse_intensive:rep0:req207,reuse_intensive,1,73,0,L0073,1024,1,,False,1785045853.7097056,0,0,0,,False,False,False,False,0,0.0,0,0,32.0,False,cache_miss,False,False,0,0.0,8931b0d20c9e88b2e7500cf7ddcd21a21a9bf0ad8c3baa66e8e0d0b33103d931,True,,,1,0,890.495095,1188.632618,6,1085,4,32
20260726_formal4t4_reuse_intensive_Ideal_rep0,0,Ideal,Ideal,208,reuse_intensive:rep0:req208,reuse_intensive,1,71,1,L0071,1024,0,0,True,1785045856.347072,1024,1024,1024,2.6378931999206543,False,False,False,False,1024,20.48,1,1,1056.0,True,cache_reused,False,False,0,0.0,948d86ecd75376ddba0bcacaeeaa9a980c59f6d4733934417d5c42df87b1d32e,True,,,1,0,122.900366,418.62293,6,1085,4,1056
20260726_formal4t4_reuse_intensive_Ideal_rep0,0,Ideal,Ideal,209,reuse_intensive:rep0:req209,reuse_intensive,1,64,2,L0064,1024,2,2;3,True,1785045856.347123,1024,1024,1024,2.6376686096191406,False,False,False,False,1024,20.48,2,2,1056.0,True,cache_reused,False,False,0,0.0,c275aaf8b7dee8d825d3d0e92682ac815ef90ffb8baeb17cfd6836b4c2f27706,True,,,1,0,119.99628,402.106623,6,1085,4,1056
20260726_formal4t4_reuse_intensive_Ideal_rep0,0,Ideal,Ideal,210,reuse_intensive:rep0:req210,reuse_intensive,1,64,0,L0064,1024,3,2;3,False,1785045856.3471596,1024,1024,1024,2.638131618499756,False,False,False,False,1024,0.0,2,2,1056.0,False,cache_reused,False,False,0,0.0,feb9879aad8e3228701ad4ec657a2ea70793d3865a5cbbd79d9564b6b46d59cf,True,,,1,0,233.282941,571.787483,6,1085,4,1056
20260726_formal4t4_reuse_intensive_Ideal_rep0,0,Ideal,Ideal,211,reuse_intensive:rep0:req211,reuse_intensive,1,113,0,L0113,4096,1,,False,1785045856.3471847,0,0,0,,False,False,False,False,0,0.0,0,0,32.0,False,cache_miss,False,False,0,0.0,44ab0a79f3c1cd9b41a661fa194d19711db91e120ba7117c4948a6a26b3087bb,True,,,1,0,10423.677017,11317.762046,6,4157,4,32
20260726_formal4t4_reuse_intensive_Ideal_rep0,0,Ideal,Ideal,212,reuse_intensive:rep0:req212,reuse_intensive,1,72,2,L0072,4096,2,2,False,1785045867.6677086,4096,4096,4096,11.321563959121704,False,False,False,False,4096,0.0,1,1,4128.0,False,cache_reused,False,False,0,0.0,3a4b8d204caf8fe0a2ca52b60659b49ba4041ae6da11e416e59b98777a3c8fe0,True,,,1,0,492.03066,1371.965137,6,4157,4,4128
20260726_formal4t4_reuse_intensive_Ideal_rep0,0,Ideal,Ideal,213,reuse_intensive:rep0:req213,reuse_intensive,1,70,2,L0070,4096,0,0,True,1785045867.6677577,4096,4096,4096,11.321142196655273,False,False,False,False,4096,81.92,1,1,4128.0,True,cache_reused,False,False,0,0.0,2afc66cc2d1feecd9e03dff27c8d0180dac31851e7ba3b36fe8693a923c04257,True,,,1,0,468.785245,1376.545512,6,4157,4,4128
20260726_formal4t4_reuse_intensive_Ideal_rep0,0,Ideal,Ideal,214,reuse_intensive:rep0:req214,reuse_intensive,1,73,1,L0073,1024,1,1,False,1785045867.6678064,1024,1024,1024,11.320877075195312,False,False,False,False,1024,0.0,1,1,1056.0,False,cache_reused,False,False,0,0.0,5d3ffeac17457d23aa272078e7cec2d605034db446104efb7ca5acb04fb06df5,True,,,1,0,120.182983,408.36954,6,1085,4,1056
20260726_formal4t4_reuse_intensive_Ideal_rep0,0,Ideal,Ideal,215,reuse_intensive:rep0:req215,reuse_intensive,1,104,0,L0104,2048,3,,False,1785045867.6678321,0,0,0,,False,False,False,False,0,0.0,0,0,16.0,False,cache_miss,False,False,0,0.0,c1af89bc0e1680ff094087be1335c5987b34cbf630a3b6fa64b143337f1c9f4a,True,,,1,0,3043.036739,3516.510305,6,2109,4,16
20260726_formal4t4_reuse_intensive_Ideal_rep0,0,Ideal,Ideal,216,reuse_intensive:rep0:req216,reuse_intensive,1,64,1,L0064,1024,2,2;3,True,1785045871.1880496,1024,1024,1024,3.5209083557128906,False,False,False,False,1024,20.48,2,2,1056.0,True,cache_reused,False,False,0,0.0,532cd181f3d5b0ab330c177bbddf4abd9f15acdb8c5596b8c20de7f63ad6c024,True,,,1,0,219.502818,557.03993,6,1085,4,1056
20260726_formal4t4_reuse_intensive_Ideal_rep0,0,Ideal,Ideal,217,reuse_intensive:rep0:req217,reuse_intensive,1,69,1,L0069,2048,1,1,True,1785045871.188097,2048,2048,2048,33.672468185424805,False,False,False,False,2048,40.96,1,1,2080.0,True,cache_reused,False,False,0,0.0,6d78834c4aa9e10a89ac759258bf40f3df9fa55668f7a7fdc964a5b08687584e,True,,,1,0,333.959017,878.402288,6,2109,4,2080
20260726_formal4t4_reuse_intensive_Ideal_rep0,0,Ideal,Ideal,218,reuse_intensive:rep0:req218,reuse_intensive,1,64,2,L0064,1024,3,2;3,False,1785045871.1881328,1024,1024,1024,3.5208847522735596,False,False,False,False,1024,0.0,2,2,1056.0,False,cache_reused,False,False,0,0.0,83b0d85c05adfbc6bd410b29732c2b39b9a6dd2a1ba64ab03d2c93db77e7a021,True,,,1,0,121.649251,415.700515,6,1085,4,1056
20260726_formal4t4_reuse_intensive_Ideal_rep0,0,Ideal,Ideal,219,reuse_intensive:rep0:req219,reuse_intensive,1,64,0,L0064,1024,2,2;3,True,1785045871.1881626,1024,1024,1024,3.5210213661193848,False,False,False,False,1024,18.48,2,2,1056.0,True,cache_reused,False,False,0,0.0,4ecf52f8de853018433f68fcb8e2432ae39d06de63df3d5e1207f32f2cfc7c06,True,,,1,0,353.499691,648.093057,6,1085,4,1056
20260726_formal4t4_reuse_intensive_Ideal_rep0,0,Ideal,Ideal,220,reuse_intensive:rep0:req220,reuse_intensive,1,65,1,L0065,2048,2,2,True,1785045872.0680542,2048,2048,2048,22.967376470565796,False,False,False,False,2048,40.96,1,1,2080.0,True,cache_reused,False,False,0,0.0,65bd2a402be14ec0e0bebb1cd6a5bfd321505351aca2ae25566ae972e1b4b0be,True,,,1,0,196.105493,684.11142,6,2109,4,2080
20260726_formal4t4_reuse_intensive_Ideal_rep0,0,Ideal,Ideal,221,reuse_intensive:rep0:req221,reuse_intensive,1,69,2,L0069,2048,1,1,False,1785045872.0681012,2048,2048,2048,0.0004935264587402344,False,False,False,False,2048,0.0,1,1,2080.0,False,cache_reused,False,False,0,0.0,f6a540b445f4082eb1ecfdcec6834c42fc4845f87dfe7aadcc9b37cccea78546,True,,,1,0,204.228667,1352.232686,6,2109,4,2080
20260726_formal4t4_reuse_intensive_Ideal_rep0,0,Ideal,Ideal,222,reuse_intensive:rep0:req222,reuse_intensive,1,69,0,L0069,2048,1,1,True,1785045872.0681362,2048,2048,2048,0.0005285739898681641,False,False,False,False,2048,38.96,1,1,2080.0,True,cache_reused,False,False,0,0.0,edcfdddd85b1adcfd8c0726a68368111381345d6aeae5647f4cd00c1ae6f6a1c,True,,,1,0,677.229803,1684.367474,6,2109,4,2080
20260726_formal4t4_reuse_intensive_Ideal_rep0,0,Ideal,Ideal,223,reuse_intensive:rep0:req223,reuse_intensive,1,68,1,L0068,2048,1,1,True,1785045872.0681639,2048,2048,2048,51.58252215385437,False,False,False,False,2048,36.96,1,1,2080.0,True,cache_reused,False,False,0,0.0,2176817b8afe00fde493411a05bfd8bee33c84657a32b6fef3af245e83aa08d3,True,,,1,0,676.72055,1683.855906,6,2109,4,2080
20260726_formal4t4_reuse_intensive_Ideal_rep0,0,Ideal,Ideal,224,reuse_intensive:rep0:req224,reuse_intensive,1,69,1,L0069,2048,1,1,False,1785045873.7550607,2048,2048,2048,0.0003821849822998047,False,False,False,False,2048,0.0,1,1,2080.0,False,cache_reused,False,False,0,0.0,e2d42b1c197776faa289c1529ce3e409c029b1a364d175ead40271ab7464db7e,True,,,1,0,211.321072,743.172222,6,2109,4,2080
20260726_formal4t4_reuse_intensive_Ideal_rep0,0,Ideal,Ideal,225,reuse_intensive:rep0:req225,reuse_intensive,1,70,0,L0070,4096,0,0,False,1785045873.7551098,4096,4096,4096,2.5676910877227783,False,False,False,False,4096,0.0,1,1,4128.0,False,cache_reused,False,False,0,0.0,d55fb3eb214704007bd068789bc58c4b83cc82c41bbbc6818fc36d91b7ddbc43,True,,,1,0,517.323958,1426.302985,6,4157,4,4128
20260726_formal4t4_reuse_intensive_Ideal_rep0,0,Ideal,Ideal,226,reuse_intensive:rep0:req226,reuse_intensive,1,64,1,L0064,1024,3,2;3,False,1785045873.7551508,1024,1024,1024,1.6873364448547363,False,False,False,False,1024,0.0,2,2,1056.0,False,cache_reused,False,False,0,0.0,77e325d3419db64e298612b35366d5bc0981b5690092797e56f0da58a188d964,True,,,1,0,211.222288,519.847701,6,1085,4,1056
20260726_formal4t4_reuse_intensive_Ideal_rep0,0,Ideal,Ideal,227,reuse_intensive:rep0:req227,reuse_intensive,1,65,2,L0065,2048,2,2,False,1785045873.755181,2048,2048,2048,0.0008959770202636719,False,False,False,False,2048,0.0,1,1,2080.0,False,cache_reused,False,False,0,0.0,a99f9aeb25e4a0363971e428776d7972c19dfa8c641fe87df26860e43497d4b9,True,,,1,0,197.284177,689.836442,6,2109,4,2080
20260726_formal4t4_reuse_intensive_Ideal_rep0,0,Ideal,Ideal,228,reuse_intensive:rep0:req228,reuse_intensive,1,65,0,L0065,2048,2,2,True,1785045875.1828418,2048,2048,2048,0.00011467933654785156,False,False,False,False,2048,40.96,1,1,2080.0,True,cache_reused,False,False,0,0.0,9e0c4a1dc189f3fbd4223236382a2e4c86cec18d8c0774d3573c35a9a57b70d4,True,,,1,0,218.255276,1486.122573,6,2109,4,2080
20260726_formal4t4_reuse_intensive_Ideal_rep0,0,Ideal,Ideal,229,reuse_intensive:rep0:req229,reuse_intensive,1,66,1,L0066,2048,0,0,True,1785045875.182864,2048,2048,2048,70.01826214790344,False,False,False,False,2048,40.96,1,1,2080.0,True,cache_reused,False,False,0,0.0,efddec17e4db111ed842cc53f2ecb473965720e830ed07b01097097dc8a51918,True,,,1,0,196.601551,719.692225,6,2109,4,2080
20260726_formal4t4_reuse_intensive_Ideal_rep0,0,Ideal,Ideal,230,reuse_intensive:rep0:req230,reuse_intensive,1,73,2,L0073,1024,1,1,True,1785045875.18288,1024,1024,1024,3.9951562881469727,False,False,False,False,1024,20.48,1,1,1056.0,True,cache_reused,False,False,0,0.0,2953aa3f9b31600db0815b063d53a2bb11b61a91a78fe4aef9c9fbd721ae7c8c,True,,,1,0,121.191268,413.465228,6,1085,4,1056
20260726_formal4t4_reuse_intensive_Ideal_rep0,0,Ideal,Ideal,231,reuse_intensive:rep0:req231,reuse_intensive,1,112,1,L0112,4096,2,2,True,1785045875.182894,4096,4096,4096,58.44256377220154,False,False,False,False,4096,79.92,1,1,4128.0,True,cache_reused,False,False,0,0.0,3ec2a8218fe830622ccbdfc244d2eed35b8c25937a14d99f7fd9a6bb01ea252e,True,,,1,0,640.609477,1763.922295,6,4157,4,4128
20260726_formal4t4_reuse_intensive_Ideal_rep0,0,Ideal,Ideal,232,reuse_intensive:rep0:req232,reuse_intensive,1,65,1,L0065,2048,2,2,True,1785045876.948743,2048,2048,2048,0.0008454322814941406,False,False,False,False,2048,40.96,1,1,2080.0,True,cache_reused,False,False,0,0.0,a265901d230d770f36c20eb8e5cc9c4f2ba7be3b0d31578caef6c211bfbd09ca,True,,,1,0,188.332717,917.410772,6,2109,4,2080
20260726_formal4t4_reuse_intensive_Ideal_rep0,0,Ideal,Ideal,233,reuse_intensive:rep0:req233,reuse_intensive,1,67,1,L0067,1024,0,0,True,1785045876.9488022,1024,1024,1024,27.84891700744629,False,False,False,False,1024,20.48,1,1,1056.0,True,cache_reused,False,False,0,0.0,45d1c4cdd67cd48c640e09d7889046a996e4302b1a5c10e96e90fa34f2268c99,True,,,1,0,131.752126,460.243357,6,1085,4,1056
20260726_formal4t4_reuse_intensive_Ideal_rep0,0,Ideal,Ideal,234,reuse_intensive:rep0:req234,reuse_intensive,1,64,2,L0064,1024,3,2;3,False,1785045876.9488423,1024,1024,1024,1.766162633895874,False,False,False,False,1024,0.0,2,2,1056.0,False,cache_reused,False,False,0,0.0,7c388c0e46ef0700c6e1dc028a56ccafdec39bc2eddeb685c2148d2380663808,True,,,1,0,228.844725,538.792281,6,1085,4,1056
20260726_formal4t4_reuse_intensive_Ideal_rep0,0,Ideal,Ideal,235,reuse_intensive:rep0:req235,reuse_intensive,1,64,0,L0064,1024,2,2;3,True,1785045876.9488752,1024,1024,1024,4.88096022605896,False,False,False,False,1024,18.48,2,2,1056.0,True,cache_reused,False,False,0,0.0,9aee45cdf8abe3d15b9309dffbea1262de4c05b62bd400e0789a80a7c11a912c,True,,,1,0,431.371744,1008.131306,6,1085,4,1056
20260726_formal4t4_reuse_intensive_Ideal_rep0,0,Ideal,Ideal,236,reuse_intensive:rep0:req236,reuse_intensive,1,73,0,L0073,1024,1,1,False,1785045877.959498,1024,1024,1024,1.011204481124878,False,False,False,False,1024,0.0,1,1,1056.0,False,cache_reused,False,False,0,0.0,0796e9bfef01371dd42ad7f433555457057d23fbdd6d18551ad23dd9455809f4,True,,,1,0,219.749085,537.562569,6,1085,4,1056
20260726_formal4t4_reuse_intensive_Ideal_rep0,0,Ideal,Ideal,237,reuse_intensive:rep0:req237,reuse_intensive,1,66,2,L0066,2048,0,0,False,1785045877.959546,2048,2048,2048,1.0114257335662842,False,False,False,False,2048,0.0,1,1,2080.0,False,cache_reused,False,False,0,0.0,555fe80874a198aed31810a3e8f283c5d07a714dbe5fad25b4b863e940908e3b,True,,,1,0,207.133031,730.126908,6,2109,4,2080
20260726_formal4t4_reuse_intensive_Ideal_rep0,0,Ideal,Ideal,238,reuse_intensive:rep0:req238,reuse_intensive,1,77,2,L0077,1024,3,3,False,1785045877.959583,1024,1024,1024,27.860154390335083,False,False,False,False,1024,0.0,1,1,1056.0,False,cache_reused,False,False,0,0.0,4c42cec624375bb94a1ffada26924a498229b60ecbdb47afc0cfd355085ac208,True,,,1,0,123.123181,423.562325,6,1085,4,1056
20260726_formal4t4_reuse_intensive_Ideal_rep0,0,Ideal,Ideal,239,reuse_intensive:rep0:req239,reuse_intensive,1,65,2,L0065,2048,2,2,False,1785045877.959613,2048,2048,2048,0.0006873607635498047,False,False,False,False,2048,0.0,1,1,2080.0,False,cache_reused,False,False,0,0.0,954ce9c1b144ae909bbe733885ab209f5e16c9e5584cf3b103bf8f00e80f90bc,True,,,1,0,196.80816,689.884111,6,2109,4,2080
20260726_formal4t4_reuse_intensive_Ideal_rep0,0,Ideal,Ideal,240,reuse_intensive:rep0:req240,reuse_intensive,1,65,0,L0065,2048,2,2,True,1785045878.6910586,2048,2048,2048,0.00021004676818847656,False,False,False,False,2048,40.96,1,1,2080.0,True,cache_reused,False,False,0,0.0,9f3640c695bb0dfdf5353ba28f8e3c5bb1c47f11651c5e4d098c1fb6e4d176f9,True,,,1,0,196.609295,689.88458,6,2109,4,2080
20260726_formal4t4_reuse_intensive_Ideal_rep0,0,Ideal,Ideal,241,reuse_intensive:rep0:req241,reuse_intensive,1,82,0,L0082,4096,3,,False,1785045878.6910968,0,0,0,,False,False,False,False,0,0.0,0,0,32.0,False,cache_miss,False,False,0,0.0,83b64869ce55540de1d27efbdbb1997adf887619c4525922d64770b313120245,True,,,1,0,10772.581457,11928.563732,6,4157,4,32
20260726_formal4t4_reuse_intensive_Ideal_rep0,0,Ideal,Ideal,242,reuse_intensive:rep0:req242,reuse_intensive,1,77,0,L0077,1024,3,3,True,1785045878.6911335,1024,1024,1024,0.0004150867462158203,False,False,False,False,1024,18.48,1,1,1056.0,True,cache_reused,False,False,0,0.0,893b4408dc322fd5b2f73ce3d24a5b86c1c62a3b0fda96d987cae6f2a8e4d2f3,True,,,1,0,10772.02532,11927.9114,6,1085,4,1056
20260726_formal4t4_reuse_intensive_Ideal_rep0,0,Ideal,Ideal,243,reuse_intensive:rep0:req243,reuse_intensive,1,67,2,L0067,1024,0,0,False,1785045878.6911664,1024,1024,1024,0.7320187091827393,False,False,False,False,1024,0.0,1,1,1056.0,False,cache_reused,False,False,0,0.0,3150682e15fdeab9abc6f7e7001176ac96ba7b08b82b0756af6aa17d274b0021,True,,,1,0,125.446597,455.674169,6,1085,4,1056
20260726_formal4t4_reuse_intensive_Ideal_rep0,0,Ideal,Ideal,244,reuse_intensive:rep0:req244,reuse_intensive,1,67,0,L0067,1024,0,0,False,1785045890.6211452,1024,1024,1024,6.651878356933594e-05,False,False,False,False,1024,0.0,1,1,1056.0,False,cache_reused,False,False,0,0.0,96cc0e464cda666a551182d31643214e1456635ba509abf912b3023a0b230854,True,,,1,0,248.15358,1099.715187,6,1085,4,1056
20260726_formal4t4_reuse_intensive_Ideal_rep0,0,Ideal,Ideal,245,reuse_intensive:rep0:req245,reuse_intensive,1,66,0,L0066,2048,0,0,True,1785045890.6211674,2048,2048,2048,11.93053936958313,False,False,False,False,2048,38.96,1,1,2080.0,True,cache_reused,False,False,0,0.0,9328000ea39509bdfa823e032c34e61fb0b48c3d8b20f34fcf5c3754bf78cc4e,True,,,1,0,559.141065,1273.538967,6,2109,4,2080
20260726_formal4t4_reuse_intensive_Ideal_rep0,0,Ideal,Ideal,246,reuse_intensive:rep0:req246,reuse_intensive,1,65,1,L0065,2048,2,2,True,1785045890.6211827,2048,2048,2048,0.00042247772216796875,False,False,False,False,2048,40.96,1,1,2080.0,True,cache_reused,False,False,0,0.0,c22f54972091c70a98e0710ba5f76cdbb48523e43fbdb30b7014cf8de24acdf9,True,,,1,0,366.556113,907.171384,6,2109,4,2080
20260726_formal4t4_reuse_intensive_Ideal_rep0,0,Ideal,Ideal,247,reuse_intensive:rep0:req247,reuse_intensive,1,65,2,L0065,2048,2,2,True,1785045890.6211963,2048,2048,2048,0.0004360675811767578,False,False,False,False,2048,38.96,1,1,2080.0,True,cache_reused,False,False,0,0.0,8bda855d9bf0d949a987d1094bb01761652b41ebe981a9112426c54f3e443ce0,True,,,1,0,554.237036,1070.999444,6,2109,4,2080
20260726_formal4t4_reuse_intensive_Ideal_rep0,0,Ideal,Ideal,248,reuse_intensive:rep0:req248,reuse_intensive,1,69,2,L0069,2048,1,1,True,1785045891.8960574,2048,2048,2048,16.713645935058594,False,False,False,False,2048,40.96,1,1,2080.0,True,cache_reused,False,False,0,0.0,42ede142cd647abc555f299839dcd87fca20951b8dddee014c34622255f7068c,True,,,1,0,353.340658,1149.593372,6,2109,4,2080
20260726_formal4t4_reuse_intensive_Ideal_rep0,0,Ideal,Ideal,249,reuse_intensive:rep0:req249,reuse_intensive,1,65,0,L0065,2048,2,2,True,1785045891.8961024,2048,2048,2048,0.0002543926239013672,False,False,False,False,2048,40.96,1,1,2080.0,True,cache_reused,False,False,0,0.0,04de740e6ab9705a154e14b96af6d1be1922ae00fbf6e34d7e5f09df65d051ca,True,,,1,0,197.974483,725.517441,6,2109,4,2080
20260726_formal4t4_reuse_intensive_Ideal_rep0,0,Ideal,Ideal,250,reuse_intensive:rep0:req250,reuse_intensive,1,65,1,L0065,2048,2,2,True,1785045891.8961368,2048,2048,2048,0.0002887248992919922,False,False,False,False,2048,38.96,1,1,2080.0,True,cache_reused,False,False,0,0.0,7af286292abea9e1872940c370063145ebfd8f62ddcdf0943657fa82278f740c,True,,,1,0,374.780304,887.591391,6,2109,4,2080
20260726_formal4t4_reuse_intensive_Ideal_rep0,0,Ideal,Ideal,251,reuse_intensive:rep0:req251,reuse_intensive,1,73,1,L0073,1024,1,1,True,1785045891.8961642,1024,1024,1024,13.205616235733032,False,False,False,False,1024,18.48,1,1,1056.0,True,cache_reused,False,False,0,0.0,229e24165423053354a79e6e09ca11c32e74828b021546817ba8e85375ab7548,True,,,1,0,623.90912,1243.296126,6,1085,4,1056
20260726_formal4t4_reuse_intensive_Ideal_rep0,0,Ideal,Ideal,252,reuse_intensive:rep0:req252,reuse_intensive,1,66,1,L0066,2048,0,0,False,1785045893.1425009,2048,2048,2048,1.2470297813415527,False,False,False,False,2048,0.0,1,1,2080.0,False,cache_reused,False,False,0,0.0,5b230df75ef565fd37fc7a2999d93283f46bad7b8db2ae4c14c4eb5eb75eed20,True,,,1,0,200.73568,727.021392,6,2109,4,2080
20260726_formal4t4_reuse_intensive_Ideal_rep0,0,Ideal,Ideal,253,reuse_intensive:rep0:req253,reuse_intensive,1,64,1,L0064,1024,2,2;3,False,1785045893.1425526,1024,1024,1024,15.183196783065796,False,False,False,False,1024,0.0,2,2,1056.0,False,cache_reused,False,False,0,0.0,8ff58a2063120351e221bfb18e1efb9815fb06faad952e4b8b3b16034542db61,True,,,1,0,119.724189,400.820355,6,1085,4,1056
20260726_formal4t4_reuse_intensive_Ideal_rep0,0,Ideal,Ideal,254,reuse_intensive:rep0:req254,reuse_intensive,1,64,2,L0064,1024,3,2;3,True,1785045893.1425917,1024,1024,1024,15.18333625793457,False,False,False,False,1024,20.48,2,2,1056.0,True,cache_reused,False,False,0,0.0,aea505c6421cc0d35ae65fb0f949e0530c9ffff98a78e4cba58b2ea0269905e2,True,,,1,0,232.369364,1010.745194,6,1085,4,1056
20260726_formal4t4_reuse_intensive_Ideal_rep0,0,Ideal,Ideal,255,reuse_intensive:rep0:req255,reuse_intensive,1,104,1,L0104,2048,3,3,True,1785045893.142623,2048,2048,2048,21.95479106903076,False,False,False,False,2048,38.96,1,1,2080.0,True,cache_reused,False,False,0,0.0,ca48b6f86c092b476da13ebb772c04aeaf8df9d277e4911df489f716957bb052,True,,,1,0,520.86701,1169.173681,6,2109,4,2080
20260726_formal4t4_reuse_intensive_Ideal_rep0,0,Ideal,Ideal,256,reuse_intensive:rep0:req256,reuse_intensive,1,64,0,L0064,1024,3,2;3,True,1785045894.3143842,1024,1024,1024,0.0003101825714111328,False,False,False,False,1024,20.48,2,2,1056.0,True,cache_reused,False,False,0,0.0,e65c65cb50eb16e5f5f76e43ea37605921bd4922d8f6498c4ac0aefad3d6b849,True,,,1,0,123.321549,449.51763,6,1085,4,1056
20260726_formal4t4_reuse_intensive_Ideal_rep0,0,Ideal,Ideal,257,reuse_intensive:rep0:req257,reuse_intensive,1,73,2,L0073,1024,1,1,True,1785045894.3144345,1024,1024,1024,1.1720781326293945,False,False,False,False,1024,20.48,1,1,1056.0,True,cache_reused,False,False,0,0.0,d02a9978e434abba34e7dbca47fb8525a7ec6ad0980cf713cee532655d0bfc09,True,,,1,0,121.087861,410.027476,6,1085,4,1056
20260726_formal4t4_reuse_intensive_Ideal_rep0,0,Ideal,Ideal,258,reuse_intensive:rep0:req258,reuse_intensive,1,72,0,L0072,4096,2,2,True,1785045894.3144698,4096,4096,4096,23.127418279647827,False,False,False,False,4096,81.92,1,1,4128.0,True,cache_reused,False,False,0,0.0,f23a412d203038b0987058cbef9325aa5be30e3e83e29d96b84c3d691cd04056,True,,,1,0,343.451653,1215.844214,6,4157,4,4128
20260726_formal4t4_reuse_intensive_Ideal_rep0,0,Ideal,Ideal,259,reuse_intensive:rep0:req259,reuse_intensive,1,64,1,L0064,1024,3,2;3,True,1785045894.314501,1024,1024,1024,0.00042700767517089844,False,False,False,False,1024,18.48,2,2,1056.0,True,cache_reused,False,False,0,0.0,67ed7c18c751d2780cfb0d26209059641e554a6e8284e47d8135d368fa7dc35d,True,,,1,0,231.474086,545.542134,6,1085,4,1056
20260726_formal4t4_reuse_intensive_Ideal_rep0,0,Ideal,Ideal,260,reuse_intensive:rep0:req260,reuse_intensive,1,76,0,L0076,2048,0,,False,1785045895.5324976,0,0,0,,False,False,False,False,0,0.0,0,0,32.0,False,cache_miss,False,False,0,0.0,e12e0d3e0ebbfb128e6d53d1fc6db621e3c6da9b512f95931e6c97e01d265e94,True,,,1,0,3127.307218,3671.59153,6,2109,4,32
20260726_formal4t4_reuse_intensive_Ideal_rep0,0,Ideal,Ideal,261,reuse_intensive:rep0:req261,reuse_intensive,1,68,2,L0068,2048,1,1,True,1785045895.5325508,2048,2048,2048,21.77769660949707,False,False,False,False,2048,40.96,1,1,2080.0,True,cache_reused,False,False,0,0.0,31ae01a3811c52d2e4593ca0e8aef3fdeb7a2905a643019ed06fccf033385439,True,,,1,0,206.677791,725.436714,6,2109,4,2080
20260726_formal4t4_reuse_intensive_Ideal_rep0,0,Ideal,Ideal,262,reuse_intensive:rep0:req262,reuse_intensive,1,64,2,L0064,1024,3,2;3,False,1785045895.5325937,1024,1024,1024,0.00022459030151367188,False,False,False,False,1024,0.0,2,2,1056.0,False,cache_reused,False,False,0,0.0,115b74cd0938b5897d4c7aa598f626f6a2a61b78b24fa995cb1fc0ff9546b269,True,,,1,0,122.651243,416.740398,6,1085,4,1056
20260726_formal4t4_reuse_intensive_Ideal_rep0,0,Ideal,Ideal,263,reuse_intensive:rep0:req263,reuse_intensive,1,64,0,L0064,1024,2,2;3,False,1785045895.5326262,1024,1024,1024,1.2186596393585205,False,False,False,False,1024,0.0,2,2,1056.0,False,cache_reused,False,False,0,0.0,56b09f92238c2bceca52339dcfb0d836134fa96bc14c61678abfc7a8bd1f56c0,True,,,1,0,117.832509,398.782985,6,1085,4,1056
20260726_formal4t4_reuse_intensive_Ideal_rep0,0,Ideal,Ideal,264,reuse_intensive:rep0:req264,reuse_intensive,1,71,2,L0071,1024,0,0,True,1785045899.2051697,1024,1024,1024,31.538183212280273,False,False,False,False,1024,20.48,1,1,1056.0,True,cache_reused,False,False,0,0.0,1fdf9da33b4abcae08cb79981e8a416071c4503a56ecb942543697b318ac119a,True,,,1,0,123.569242,419.82311,6,1085,4,1056
20260726_formal4t4_reuse_intensive_Ideal_rep0,0,Ideal,Ideal,265,reuse_intensive:rep0:req265,reuse_intensive,1,65,2,L0065,2048,2,2,True,1785045899.2052171,2048,2048,2048,6.0630223751068115,False,False,False,False,2048,40.96,1,1,2080.0,True,cache_reused,False,False,0,0.0,5ad1dec65af800af0c0ce7b77d830321f3acc7e55aa98b179efb892eeccf5699,True,,,1,0,376.05354,1905.010269,6,2109,4,2080
20260726_formal4t4_reuse_intensive_Ideal_rep0,0,Ideal,Ideal,266,reuse_intensive:rep0:req266,reuse_intensive,1,65,0,L0065,2048,2,2,True,1785045899.2052522,2048,2048,2048,6.0630574226379395,False,False,False,False,2048,38.96,1,1,2080.0,True,cache_reused,False,False,0,0.0,08e4efdced2fcb136d36b1026ee7197f8bfa3e2f46fe0be5611018444289b38c,True,,,1,0,1009.830061,2346.326511,6,2109,4,2080
20260726_formal4t4_reuse_intensive_Ideal_rep0,0,Ideal,Ideal,267,reuse_intensive:rep0:req267,reuse_intensive,1,72,1,L0072,4096,2,2,True,1785045899.2052798,4096,4096,4096,3.673213481903076,False,False,False,False,4096,77.92,1,1,4128.0,True,cache_reused,False,False,0,0.0,0d70f75e37864b14b00c2831fa3aeb435117facdcbfdfaebe82831e22e33e685,True,,,1,0,1009.505779,2346.048941,6,4157,4,4128
20260726_formal4t4_reuse_intensive_Ideal_rep0,0,Ideal,Ideal,268,reuse_intensive:rep0:req268,reuse_intensive,1,64,1,L0064,1024,3,2;3,False,1785045901.5542512,1024,1024,1024,2.3493306636810303,False,False,False,False,1024,0.0,2,2,1056.0,False,cache_reused,False,False,0,0.0,dd363ea3d343d33993a8b8b11edd8d9c07fd2576e087b9a38af0d360c06bfabc,True,,,1,0,224.426336,568.22342,6,1085,4,1056
20260726_formal4t4_reuse_intensive_Ideal_rep0,0,Ideal,Ideal,269,reuse_intensive:rep0:req269,reuse_intensive,1,65,1,L0065,2048,2,2,False,1785045901.5542996,2048,2048,2048,0.0005757808685302734,False,False,False,False,2048,0.0,1,1,2080.0,False,cache_reused,False,False,0,0.0,e46e35035c23e7db6c0f6a47e05d03e05f8bc1520dca5d6e419f3487149445d2,True,,,1,0,194.356359,936.729852,6,2109,4,2080
20260726_formal4t4_reuse_intensive_Ideal_rep0,0,Ideal,Ideal,270,reuse_intensive:rep0:req270,reuse_intensive,1,84,1,L0084,2048,1,1,False,1785045901.5543342,2048,2048,2048,96.38991785049438,False,False,False,False,2048,0.0,1,1,2080.0,False,cache_reused,False,False,0,0.0,927bb22d9102d0c531f0b8a81addd5597437f57e499060b8a97056cf3011aaba,True,,,1,0,302.227523,790.604371,6,2109,4,2080
20260726_formal4t4_reuse_intensive_Ideal_rep0,0,Ideal,Ideal,271,reuse_intensive:rep0:req271,reuse_intensive,1,81,1,L0081,1024,2,2,True,1785045901.554365,1024,1024,1024,81.06852388381958,False,False,False,False,1024,18.48,1,1,1056.0,True,cache_reused,False,False,0,0.0,eaa2509a7df99e68de3d8cdd996e493a72d14002a32b202b4c17a88de8b38e6b,True,,,1,0,440.767326,1033.870775,6,1085,4,1056
20260726_formal4t4_reuse_intensive_Ideal_rep0,0,Ideal,Ideal,272,reuse_intensive:rep0:req272,reuse_intensive,1,64,2,L0064,1024,3,2;3,False,1785045902.5912318,1024,1024,1024,0.0006477832794189453,False,False,False,False,1024,0.0,2,2,1056.0,False,cache_reused,False,False,0,0.0,a2f5cf28666e3bc874023deb772dbcdc9fd9c0a3657b93acca264ecee0fc0425,True,,,1,0,115.124771,409.290286,6,1085,4,1056
20260726_formal4t4_reuse_intensive_Ideal_rep0,0,Ideal,Ideal,273,reuse_intensive:rep0:req273,reuse_intensive,1,79,0,L0079,2048,1,,False,1785045902.5912695,0,0,0,,False,False,False,False,0,0.0,0,0,32.0,False,cache_miss,False,False,0,0.0,14fff226d2ef2363fb94638bf4b90eb0c420ff5ecab76fbd0521caf5df9fbe05,True,,,1,0,3336.185495,3888.10526,6,2109,4,32
20260726_formal4t4_reuse_intensive_Ideal_rep0,0,Ideal,Ideal,274,reuse_intensive:rep0:req274,reuse_intensive,1,64,0,L0064,1024,2,2;3,True,1785045902.5913062,1024,1024,1024,3.3862805366516113,False,False,False,False,1024,20.48,2,2,1056.0,True,cache_reused,False,False,0,0.0,2a8cd7654fdbc8b00ef38336b28fc3770aa83669dd12097ece6860f61f8c3f1d,True,,,1,0,130.090254,868.94451,6,1085,4,1056
20260726_formal4t4_reuse_intensive_Ideal_rep0,0,Ideal,Ideal,275,reuse_intensive:rep0:req275,reuse_intensive,1,65,2,L0065,2048,2,2,True,1785045902.591338,2048,2048,2048,0.0006010532379150391,False,False,False,False,2048,38.96,1,1,2080.0,True,cache_reused,False,False,0,0.0,db95b2fcc5da88b6836659e12b653ec4a2186077d9528b2bf0be54517ae8ef30,True,,,1,0,378.506417,1033.404184,6,2109,4,2080
20260726_formal4t4_reuse_intensive_Ideal_rep0,0,Ideal,Ideal,276,reuse_intensive:rep0:req276,reuse_intensive,1,69,0,L0069,2048,1,1,True,1785045906.4810266,2048,2048,2048,13.339233160018921,False,False,False,False,2048,40.96,1,1,2080.0,True,cache_reused,False,False,0,0.0,6f0af9f319f3e28efb7664ee003c160f3303e260a0117405d3b9f47d2c6c5c73,True,,,1,0,209.173226,737.495621,6,2109,4,2080
20260726_formal4t4_reuse_intensive_Ideal_rep0,0,Ideal,Ideal,277,reuse_intensive:rep0:req277,reuse_intensive,1,65,0,L0065,2048,2,2,True,1785045906.4810736,2048,2048,2048,0.0002582073211669922,False,False,False,False,2048,40.96,1,1,2080.0,True,cache_reused,False,False,0,0.0,ae77377d126e06091ac68b985d7a31440d33d785ae7d81447503a320f604dd07,True,,,1,0,363.485419,910.817771,6,2109,4,2080
20260726_formal4t4_reuse_intensive_Ideal_rep0,0,Ideal,Ideal,278,reuse_intensive:rep0:req278,reuse_intensive,1,110,0,L0110,2048,0,,False,1785045906.4811034,0,0,0,,False,False,False,False,0,0.0,0,0,32.0,False,cache_miss,False,False,0,0.0,9c25161e05a21358285c8c4cf0bf7836c5d207fb36d373b6d861fd7ee5a07178,True,,,1,0,3258.562108,3773.552648,6,2109,4,32
20260726_formal4t4_reuse_intensive_Ideal_rep0,0,Ideal,Ideal,279,reuse_intensive:rep0:req279,reuse_intensive,1,65,1,L0065,2048,2,2,True,1785045906.481135,2048,2048,2048,0.00031948089599609375,False,False,False,False,2048,38.96,1,1,2080.0,True,cache_reused,False,False,0,0.0,c9a01950720f9b2427d7f649b43019ea8381666643e21c8941ae2feed56cfab8,True,,,1,0,550.268059,1076.112387,6,2109,4,2080
20260726_formal4t4_reuse_intensive_Ideal_rep0,0,Ideal,Ideal,280,reuse_intensive:rep0:req280,reuse_intensive,1,64,1,L0064,1024,2,2;3,True,1785045910.257095,1024,1024,1024,3.776412010192871,False,False,False,False,1024,20.48,2,2,1056.0,True,cache_reused,False,False,0,0.0,9cac2d6e503faa855769e218e227db9de2bb9764014e71f0d2c6b7887af7e136,True,,,1,0,235.319222,1022.426345,6,1085,4,1056
20260726_formal4t4_reuse_intensive_Ideal_rep0,0,Ideal,Ideal,281,reuse_intensive:rep0:req281,reuse_intensive,1,65,2,L0065,2048,2,2,True,1785045910.2571435,2048,2048,2048,0.00026345252990722656,False,False,False,False,2048,38.96,1,1,2080.0,True,cache_reused,False,False,0,0.0,5993569a73eaa3e2893adf5464e317b656a446ce5b61b3199d3c36b6ca4846d4,True,,,1,0,533.437233,1187.623352,6,2109,4,2080
20260726_formal4t4_reuse_intensive_Ideal_rep0,0,Ideal,Ideal,282,reuse_intensive:rep0:req282,reuse_intensive,1,64,2,L0064,1024,3,2;3,False,1785045910.257183,1024,1024,1024,3.776829481124878,False,False,False,False,1024,0.0,2,2,1056.0,False,cache_reused,False,False,0,0.0,7be974d6d1a20c814b4b4edfcf4fa7d6c0a36412d9900ba3838c572cf5faa8a8,True,,,1,0,235.833662,552.603466,6,1085,4,1056
20260726_formal4t4_reuse_intensive_Ideal_rep0,0,Ideal,Ideal,283,reuse_intensive:rep0:req283,reuse_intensive,1,96,0,L0096,2048,1,,False,1785045910.2572079,0,0,0,,False,False,False,False,0,0.0,0,0,32.0,False,cache_miss,False,False,0,0.0,c8731fc7e8f51414afbd965435a5f37b84625ff872e37edc7e60b8dfd749cde5,True,,,1,0,2841.805958,3303.028637,6,2109,4,32
20260726_formal4t4_reuse_intensive_Ideal_rep0,0,Ideal,Ideal,284,reuse_intensive:rep0:req284,reuse_intensive,1,64,0,L0064,1024,3,2;3,True,1785045913.563104,1024,1024,1024,0.00034809112548828125,False,False,False,False,1024,20.48,2,2,1056.0,True,cache_reused,False,False,0,0.0,25c214f4099943fc868b2ee2d539d97f10bb1b5224f4e98309baccf02b380143,True,,,1,0,222.974869,559.680314,6,1085,4,1056
20260726_formal4t4_reuse_intensive_Ideal_rep0,0,Ideal,Ideal,285,reuse_intensive:rep0:req285,reuse_intensive,1,64,1,L0064,1024,2,2;3,True,1785045913.5631526,1024,1024,1024,0.0007226467132568359,False,False,False,False,1024,20.48,2,2,1056.0,True,cache_reused,False,False,0,0.0,46e8fe0578d15c3946f019fd5d7624fac950fbd15e07004b74b2a9b4ab345364,True,,,1,0,206.429593,508.409412,6,1085,4,1056
20260726_formal4t4_reuse_intensive_Ideal_rep0,0,Ideal,Ideal,286,reuse_intensive:rep0:req286,reuse_intensive,1,69,1,L0069,2048,1,1,True,1785045913.563186,2048,2048,2048,3.306917428970337,False,False,False,False,2048,40.96,1,1,2080.0,True,cache_reused,False,False,0,0.0,f32562c347259c80903117ce6a65a8da1156bc896a4e75b2dc9c6de137fa8dc0,True,,,1,0,211.220453,740.9074,6,2109,4,2080
20260726_formal4t4_reuse_intensive_Ideal_rep0,0,Ideal,Ideal,287,reuse_intensive:rep0:req287,reuse_intensive,1,80,0,L0080,1024,0,,False,1785045913.5632105,0,0,0,,False,False,False,False,0,0.0,0,0,32.0,False,cache_miss,False,False,0,0.0,4c64ec713364d042f7c9cbac09dcc61ab9f05327274ba600470dee24e368dd8c,True,,,1,0,1105.567442,1413.970801,6,1085,4,32
20260726_formal4t4_reuse_intensive_Ideal_rep0,0,Ideal,Ideal,288,reuse_intensive:rep0:req288,reuse_intensive,1,67,1,L0067,1024,0,0,True,1785045914.9794123,1024,1024,1024,23.084096908569336,False,False,False,False,1024,20.48,1,1,1056.0,True,cache_reused,False,False,0,0.0,bb60e5087ba1444601e3a69378941120746b78220b1f36701a73ae80b351cd67,True,,,1,0,159.069512,1326.379039,6,1085,4,1056
20260726_formal4t4_reuse_intensive_Ideal_rep0,0,Ideal,Ideal,289,reuse_intensive:rep0:req289,reuse_intensive,1,95,0,L0095,1024,3,,False,1785045914.9794307,0,0,0,,False,False,False,False,0,0.0,0,0,32.0,False,cache_miss,False,False,0,0.0,05a2a36f5f68e1068d016e39f351613c51f2be00d82d9f73485d95d45dd448aa,True,,,1,0,1016.735851,1336.071132,6,1085,4,32
20260726_formal4t4_reuse_intensive_Ideal_rep0,0,Ideal,Ideal,290,reuse_intensive:rep0:req290,reuse_intensive,1,70,1,L0070,4096,0,0,True,1785045914.9794474,4096,4096,4096,39.796918630599976,False,False,False,False,4096,79.92,1,1,4128.0,True,cache_reused,False,False,0,0.0,1e59616a992e8b82724d9751ee9e96258466c9c5b263208398a4718fb55ec999,True,,,1,0,544.459575,1627.884722,6,4157,4,4128
20260726_formal4t4_reuse_intensive_Ideal_rep0,0,Ideal,Ideal,291,reuse_intensive:rep0:req291,reuse_intensive,1,64,2,L0064,1024,2,2;3,True,1785045914.9794633,1024,1024,1024,0.00025391578674316406,False,False,False,False,1024,20.48,2,2,1056.0,True,cache_reused,False,False,0,0.0,ab9febcf09195757960e92cfd0f91ecc5183d47c8691aae9ec4dc23eeef3cc8d,True,,,1,0,119.649894,403.417702,6,1085,4,1056
20260726_formal4t4_reuse_intensive_Ideal_rep0,0,Ideal,Ideal,292,reuse_intensive:rep0:req292,reuse_intensive,1,64,0,L0064,1024,2,2;3,False,1785045916.608362,1024,1024,1024,5.459785461425781e-05,False,False,False,False,1024,0.0,2,2,1056.0,False,cache_reused,False,False,0,0.0,abf96b7b87712570df74ad432906937ce5eefade79b8f0dff77ee04aed016108,True,,,1,0,120.214409,406.144464,6,1085,4,1056
20260726_formal4t4_reuse_intensive_Ideal_rep0,0,Ideal,Ideal,293,reuse_intensive:rep0:req293,reuse_intensive,1,89,0,L0089,2048,0,,False,1785045916.6083775,0,0,0,,False,False,False,False,0,0.0,0,0,32.0,False,cache_miss,False,False,0,0.0,9f9096fc9d005ca345354afed9619fc5ceb9f70ad5bb015608bd7d035f3ac4f1,True,,,1,0,3504.648058,4861.47904,6,2109,4,32
20260726_formal4t4_reuse_intensive_Ideal_rep0,0,Ideal,Ideal,294,reuse_intensive:rep0:req294,reuse_intensive,1,106,0,L0106,1024,3,,False,1785045916.6083863,0,0,0,,False,False,False,False,0,0.0,0,0,32.0,False,cache_miss,False,False,0,0.0,e0fa4d3a232fbf44870e3040a90d2e2f71e88240121d6f56e7bdb95334e519b8,True,,,1,0,913.468314,1204.555792,6,1085,4,32
20260726_formal4t4_reuse_intensive_Ideal_rep0,0,Ideal,Ideal,295,reuse_intensive:rep0:req295,reuse_intensive,1,70,2,L0070,4096,0,0,True,1785045916.6083977,4096,4096,4096,0.00020360946655273438,False,False,False,False,4096,79.92,1,1,4128.0,True,cache_reused,False,False,0,0.0,3c8d5520febc3aa87fdfc32e51a961cbc1cbd3cf377593ba6e6b17c84fa7d8ac,True,,,1,0,3504.050805,4860.818162,6,4157,4,4128
20260726_formal4t4_reuse_intensive_Ideal_rep0,0,Ideal,Ideal,296,reuse_intensive:rep0:req296,reuse_intensive,1,66,2,L0066,2048,0,0,False,1785045921.4711094,2048,2048,2048,27.157392024993896,False,False,False,False,2048,0.0,1,1,2080.0,False,cache_reused,False,False,0,0.0,110ca92b1de0ccc36810f97ee979f4633dbe031f058768781ff7bcfb586af1de,True,,,1,0,194.437526,719.396498,6,2109,4,2080
20260726_formal4t4_reuse_intensive_Ideal_rep0,0,Ideal,Ideal,297,reuse_intensive:rep0:req297,reuse_intensive,1,119,0,L0119,4096,1,,False,1785045921.4711483,0,0,0,,False,False,False,False,0,0.0,0,0,32.0,False,cache_miss,False,False,0,0.0,cd632675559df85468ca600c71c5a104e65f03f835f4e56efd7e7269826976bc,True,,,1,0,10768.236981,12133.072209,6,4157,4,32
20260726_formal4t4_reuse_intensive_Ideal_rep0,0,Ideal,Ideal,298,reuse_intensive:rep0:req298,reuse_intensive,1,64,1,L0064,1024,3,2;3,False,1785045921.4711864,1024,1024,1024,6.492058992385864,False,False,False,False,1024,0.0,2,2,1056.0,False,cache_reused,False,False,0,0.0,23ee62ac17b4d45ee85299bcf888534c558b39f639fcb3428ae78b00206b0a3d,True,,,1,0,239.341822,576.665795,6,1085,4,1056
20260726_formal4t4_reuse_intensive_Ideal_rep0,0,Ideal,Ideal,299,reuse_intensive:rep0:req299,reuse_intensive,1,69,2,L0069,2048,1,1,True,1785045921.4712203,2048,2048,2048,6.491956949234009,False,False,False,False,2048,38.96,1,1,2080.0,True,cache_reused,False,False,0,0.0,c5981e0c713cadbca3f020dc50bdabf21869ee58ea34984f4240126aa2f03e87,True,,,1,0,10766.958753,12131.742919,6,2109,4,2080
20260726_formal4t4_reuse_intensive_Ideal_rep0,0,Ideal,Ideal,300,reuse_intensive:rep0:req300,reuse_intensive,1,67,2,L0067,1024,0,0,True,1785045933.6058192,1024,1024,1024,16.997727870941162,False,False,False,False,1024,20.48,1,1,1056.0,True,cache_reused,False,False,0,0.0,f1c38f851946b36f9f893e25df4c2fd274bf6535d804f2b5f7518eeaefc18b0e,True,,,1,0,224.749474,1440.76946,6,1085,4,1056
20260726_formal4t4_reuse_intensive_Ideal_rep0,0,Ideal,Ideal,301,reuse_intensive:rep0:req301,reuse_intensive,1,65,0,L0065,2048,2,2,False,1785045933.6058435,2048,2048,2048,20.043263912200928,False,False,False,False,2048,0.0,1,1,2080.0,False,cache_reused,False,False,0,0.0,dc39d872ff9066d1edb3b7ead205794c953b2a54d0eedf6e14eefa5e2e8a8cb5,True,,,1,0,347.521729,882.27445,6,2109,4,2080
20260726_formal4t4_reuse_intensive_Ideal_rep0,0,Ideal,Ideal,302,reuse_intensive:rep0:req302,reuse_intensive,1,70,0,L0070,4096,0,0,True,1785045933.6058607,4096,4096,4096,12.135123252868652,False,False,False,False,4096,79.92,1,1,4128.0,True,cache_reused,False,False,0,0.0,f0e5c8d530b1f0960bab3ac897e206af751e3fcac0c32e33acd6747a8cf8702b,True,,,1,0,647.726576,1743.18334,6,4157,4,4128
20260726_formal4t4_reuse_intensive_Ideal_rep0,0,Ideal,Ideal,303,reuse_intensive:rep0:req303,reuse_intensive,1,65,1,L0065,2048,2,2,True,1785045933.6058745,2048,2048,2048,20.04329490661621,False,False,False,False,2048,38.96,1,1,2080.0,True,cache_reused,False,False,0,0.0,68a1f5dc5ad65dc4a99a953de1599918f4debd4346298995be035050697623aa,True,,,1,0,529.983608,1045.480456,6,2109,4,2080
20260726_formal4t4_reuse_intensive_Ideal_rep0,0,Ideal,Ideal,304,reuse_intensive:rep0:req304,reuse_intensive,1,68,0,L0068,2048,1,1,True,1785045935.3508635,2048,2048,2048,36.14615345001221,False,False,False,False,2048,40.96,1,1,2080.0,True,cache_reused,False,False,0,0.0,a126e47d68b13ee2b6f799b8f3533bfa3fd161a815760e72fe3069dea35c010d,True,,,1,0,210.342725,723.719358,6,2109,4,2080
20260726_formal4t4_reuse_intensive_Ideal_rep0,0,Ideal,Ideal,305,reuse_intensive:rep0:req305,reuse_intensive,1,76,1,L0076,2048,0,0,False,1785045935.3509119,2048,2048,2048,36.14642119407654,False,False,False,False,2048,0.0,1,1,2080.0,False,cache_reused,False,False,0,0.0,90c5cf4ece3f49a68fd4f7a9802d8af184e0e71dde604d2f63ad3e4ca0703117,True,,,1,0,213.538374,1007.356467,6,2109,4,2080
20260726_formal4t4_reuse_intensive_Ideal_rep0,0,Ideal,Ideal,306,reuse_intensive:rep0:req306,reuse_intensive,1,71,0,L0071,1024,0,0,True,1785045935.3509488,1024,1024,1024,33.797560691833496,False,False,False,False,1024,18.48,1,1,1056.0,True,cache_reused,False,False,0,0.0,0f35bf680835c958bc60b0b7903ebadb7f6398918d4619fd81a250d88abb10db,True,,,1,0,479.665165,1104.124372,6,1085,4,1056
20260726_formal4t4_reuse_intensive_Ideal_rep0,0,Ideal,Ideal,307,reuse_intensive:rep0:req307,reuse_intensive,1,64,2,L0064,1024,3,2;3,False,1785045935.3509836,1024,1024,1024,1.7453465461730957,False,False,False,False,1024,0.0,2,2,1056.0,False,cache_reused,False,False,0,0.0,d043a152daedd5d6bdff323c31c58ca1329750656a07b6a067f3220d01059dac,True,,,1,0,232.44912,566.903029,6,1085,4,1056
20260726_formal4t4_reuse_intensive_Ideal_rep0,0,Ideal,Ideal,308,reuse_intensive:rep0:req308,reuse_intensive,1,64,0,L0064,1024,3,2;3,False,1785045936.4573824,1024,1024,1024,0.00015544891357421875,False,False,False,False,1024,0.0,2,2,1056.0,False,cache_reused,False,False,0,0.0,282e7142abd9d522a9a4ad057d230ffe7b441dea6f84af179b1159a4d31ab40c,True,,,1,0,120.267541,441.940096,6,1085,4,1056
20260726_formal4t4_reuse_intensive_Ideal_rep0,0,Ideal,Ideal,309,reuse_intensive:rep0:req309,reuse_intensive,1,72,2,L0072,4096,2,2,False,1785045936.4574318,4096,4096,4096,34.903526306152344,False,False,False,False,4096,0.0,1,1,4128.0,False,cache_reused,False,False,0,0.0,ac46210927fa7fedfcadb54d24cbed3b26089d4e652bf7cb78176f6a2b05dd33,True,,,1,0,427.886587,1558.684423,6,4157,4,4128
20260726_formal4t4_reuse_intensive_Ideal_rep0,0,Ideal,Ideal,310,reuse_intensive:rep0:req310,reuse_intensive,1,64,1,L0064,1024,2,2;3,True,1785045936.45747,1024,1024,1024,14.98716139793396,False,False,False,False,1024,18.48,2,2,1056.0,True,cache_reused,False,False,0,0.0,50785203d10c92eb199c6bdd2749de7d25c1f8d54b92475f5249c5dc1e0a4261,True,,,1,0,803.879515,1653.608675,6,1085,4,1056
20260726_formal4t4_reuse_intensive_Ideal_rep0,0,Ideal,Ideal,311,reuse_intensive:rep0:req311,reuse_intensive,1,64,2,L0064,1024,3,2;3,True,1785045936.457501,1024,1024,1024,0.0002739429473876953,False,False,False,False,1024,18.48,2,2,1056.0,True,cache_reused,False,False,0,0.0,b141e87db323bb89361c935f6d1a4736c8a68184bfa06edc8182aafd411b03f5,True,,,1,0,227.344094,537.603202,6,1085,4,1056
20260726_formal4t4_reuse_intensive_Ideal_rep0,0,Ideal,Ideal,312,reuse_intensive:rep0:req312,reuse_intensive,1,65,2,L0065,2048,2,2,True,1785045938.1135113,2048,2048,2048,2.7628650665283203,False,False,False,False,2048,40.96,1,1,2080.0,True,cache_reused,False,False,0,0.0,b85194dc17d11a2f9620a29b7af340fe2c7d2ee5309e7d4006b321371eba2f19,True,,,1,0,198.451196,692.454692,6,2109,4,2080
20260726_formal4t4_reuse_intensive_Ideal_rep0,0,Ideal,Ideal,313,reuse_intensive:rep0:req313,reuse_intensive,1,74,0,L0074,2048,1,,False,1785045938.1135516,0,0,0,,False,False,False,False,0,0.0,0,0,32.0,False,cache_miss,False,False,0,0.0,75408f52aadd0f7ac2c2dbf0b84b6037aebe0ac5deba461b9d19b9390a9ee770,True,,,1,0,3271.342959,3794.070173,6,2109,4,32
20260726_formal4t4_reuse_intensive_Ideal_rep0,0,Ideal,Ideal,314,reuse_intensive:rep0:req314,reuse_intensive,1,76,2,L0076,2048,0,0,False,1785045938.1135874,2048,2048,2048,1.65663743019104,False,False,False,False,2048,0.0,1,1,2080.0,False,cache_reused,False,False,0,0.0,e3f396c08efa705c2263914f9c7eccf18d85d1570e3d99710619b018438fcc33,True,,,1,0,336.101493,1695.747686,6,2109,4,2080
20260726_formal4t4_reuse_intensive_Ideal_rep0,0,Ideal,Ideal,315,reuse_intensive:rep0:req315,reuse_intensive,1,70,1,L0070,4096,0,0,True,1785045938.113619,4096,4096,4096,2.7632813453674316,False,False,False,False,4096,79.92,1,1,4128.0,True,cache_reused,False,False,0,0.0,72bfef5462813332579006c7be54cd5453da3f6c38b6c095aaadcbe2b7412e09,True,,,1,0,786.579323,1998.632931,6,4157,4,4128
20260726_formal4t4_reuse_intensive_Ideal_rep0,0,Ideal,Ideal,316,reuse_intensive:rep0:req316,reuse_intensive,1,64,0,L0064,1024,2,2;3,False,1785045941.9096272,1024,1024,1024,3.7963547706604004,False,False,False,False,1024,0.0,2,2,1056.0,False,cache_reused,False,False,0,0.0,63b620b012016499e67d2ac487d3babc203edee5eeb17a75097c9f6a7a13fe0b,True,,,1,0,214.137344,1065.29726,6,1085,4,1056
20260726_formal4t4_reuse_intensive_Ideal_rep0,0,Ideal,Ideal,317,reuse_intensive:rep0:req317,reuse_intensive,1,65,0,L0065,2048,2,2,True,1785045941.9096754,2048,2048,2048,0.000989675521850586,False,False,False,False,2048,38.96,1,1,2080.0,True,cache_reused,False,False,0,0.0,5a2beeb8afb1c2961590954ac4f9b19f2eb96b90ea620beeb5fef13051f7a18b,True,,,1,0,572.1393,1241.428176,6,2109,4,2080
20260726_formal4t4_reuse_intensive_Ideal_rep0,0,Ideal,Ideal,318,reuse_intensive:rep0:req318,reuse_intensive,1,64,1,L0064,1024,3,2;3,True,1785045941.9097128,1024,1024,1024,3.7963438034057617,False,False,False,False,1024,20.48,2,2,1056.0,True,cache_reused,False,False,0,0.0,efacb233c516c446e6912fa582f0489ba7b95210e7249e856d3fa85a76d427e1,True,,,1,0,223.3397,567.86159,6,1085,4,1056
20260726_formal4t4_reuse_intensive_Ideal_rep0,0,Ideal,Ideal,319,reuse_intensive:rep0:req319,reuse_intensive,1,65,1,L0065,2048,2,2,True,1785045941.9097428,2048,2048,2048,0.0010571479797363281,False,False,False,False,2048,36.96,1,1,2080.0,True,cache_reused,False,False,0,0.0,a28f55e06c3139a7dfb29679f596496263536622648a5f15943e353ea8b26c38,True,,,1,0,571.291918,1240.637913,6,2109,4,2080
20260726_formal4t4_reuse_intensive_RateFIFO@rho0.5_rep0,0,RateFIFO@rho0.5,RateFIFO,24,reuse_intensive:rep0:req24,reuse_intensive,0,3,1,L0003,2048,0,0,True,1785046043.8543227,2048,2048,2048,90.10395216941833,False,False,False,False,2048,40.96,1,1,2080.0,True,cache_reused,False,False,0,0.0,9e01efb382af434b1707ecc631ac41bdc6f673e37e99e13ef5ffcd26c19a7ce9,True,,,1,0,347.748622,1703.774595,6,2108,4,2080
20260726_formal4t4_reuse_intensive_RateFIFO@rho0.5_rep0,0,RateFIFO@rho0.5,RateFIFO,25,reuse_intensive:rep0:req25,reuse_intensive,0,1,0,L0001,2048,0,0,True,1785046043.8543706,2048,2048,2048,40.73832869529724,False,False,False,False,2048,38.96,1,1,2080.0,True,cache_reused,False,False,0,0.0,724307249308228b611cf355dabfc9b1ddfd4b5df40339b7ab1f4d76a84bbf9e,True,,,1,0,914.71529,1955.706907,6,2108,4,2080
20260726_formal4t4_reuse_intensive_RateFIFO@rho0.5_rep0,0,RateFIFO@rho0.5,RateFIFO,26,reuse_intensive:rep0:req26,reuse_intensive,0,2,1,L0002,1024,0,0,True,1785046043.8544025,1024,1024,1024,38.57876682281494,False,False,False,False,1024,16.48,1,1,1056.0,True,cache_reused,False,False,0,0.0,d5e541a04dfeb9087d5a854b9577970b4101f5c7d3c0a02cfedb48050c204224,True,,,1,0,913.774685,1954.893312,6,1084,4,1056
20260726_formal4t4_reuse_intensive_RateFIFO@rho0.5_rep0,0,RateFIFO@rho0.5,RateFIFO,27,reuse_intensive:rep0:req27,reuse_intensive,0,28,0,L0028,2048,3,,False,1785046043.8544257,0,0,0,,False,False,False,False,0,0.0,0,0,32.0,False,cache_miss,False,False,0,0.0,32273a9fc54d3361e72a0e0166ae44fb7a57497cfdfc36da49517a53ee8ecb1c,True,,,1,0,3036.394987,3530.785707,6,2108,4,32
20260726_formal4t4_reuse_intensive_RateFIFO@rho0.5_rep0,0,RateFIFO@rho0.5,RateFIFO,28,reuse_intensive:rep0:req28,reuse_intensive,0,1,1,L0001,2048,0,0,False,1785046047.3886318,2048,2048,2048,44.272589921951294,False,False,False,False,2048,0.0,1,1,2080.0,False,cache_reused,False,False,0,0.0,b7d36f7c2ba4c5c11d9865e05904186432a5d2eafbe230fb44b540bc06e555bb,True,,,1,0,200.995585,1521.991507,6,2108,4,2080
20260726_formal4t4_reuse_intensive_RateFIFO@rho0.5_rep0,0,RateFIFO@rho0.5,RateFIFO,29,reuse_intensive:rep0:req29,reuse_intensive,0,7,1,L0007,1024,0,0,True,1785046047.3886783,1024,1024,1024,85.82314157485962,False,False,False,False,1024,18.48,1,1,1056.0,True,cache_reused,False,False,0,0.0,3c0fb95e2a378a56e376207514ea56d29a576b6b98196b22513ef8c90dce0e4f,True,,,1,0,745.957159,1784.88438,6,1084,4,1056
20260726_formal4t4_reuse_intensive_RateFIFO@rho0.5_rep0,0,RateFIFO@rho0.5,RateFIFO,30,reuse_intensive:rep0:req30,reuse_intensive,0,15,0,L0015,2048,0,0,True,1785046047.3887122,2048,2048,2048,45.72984457015991,False,False,False,False,2048,36.96,1,1,2080.0,True,cache_reused,False,False,0,0.0,2b51a88b1eca6c2531f03a7135251bec7ff59cca1b7f0166ffdac94a775a22cb,True,,,1,0,745.25959,1784.170184,6,2108,4,2080
20260726_formal4t4_reuse_intensive_RateFIFO@rho0.5_rep0,0,RateFIFO@rho0.5,RateFIFO,31,reuse_intensive:rep0:req31,reuse_intensive,0,55,0,L0055,2048,1,,False,1785046047.3887365,0,0,0,,False,False,False,False,0,0.0,0,0,32.0,False,cache_miss,False,False,0,0.0,f98190d2b474e943950cf25bcccc16909a66f0354baa7a3ce011961a2886ac39,True,,,1,0,3284.717218,3820.272395,6,2108,4,32
20260726_formal4t4_reuse_intensive_RateFIFO@rho0.5_rep0,0,RateFIFO@rho0.5,RateFIFO,32,reuse_intensive:rep0:req32,reuse_intensive,0,3,2,L0003,2048,0,0,True,1785046051.2120183,2048,2048,2048,3.8243906497955322,False,False,False,False,2048,40.96,1,1,2080.0,True,cache_reused,False,False,0,0.0,c191ddd5f6f12630bdac2bf31891c0369221906686e82b7919e0d687d8d59951,True,,,1,0,347.348153,878.994252,6,2108,4,2080
20260726_formal4t4_reuse_intensive_RateFIFO@rho0.5_rep0,0,RateFIFO@rho0.5,RateFIFO,33,reuse_intensive:rep0:req33,reuse_intensive,0,53,0,L0053,4096,1,,False,1785046051.212056,0,0,0,,False,False,False,False,0,0.0,0,0,32.0,False,cache_miss,False,False,0,0.0,77a393a541cfc486fdd143778abe3ad1e187ec0f21cce42456c199594b52236b,True,,,1,0,10135.4754,11011.846096,6,4156,4,32
20260726_formal4t4_reuse_intensive_RateFIFO@rho0.5_rep0,0,RateFIFO@rho0.5,RateFIFO,34,reuse_intensive:rep0:req34,reuse_intensive,0,21,0,L0021,1024,2,,False,1785046051.2120817,0,0,0,,False,False,False,False,0,0.0,0,0,32.0,False,cache_miss,False,False,0,0.0,ea14284da07c065bbd347cafb79fb14bb0e135ddbdf5c630769140af5be66436,True,,,1,0,930.400358,1202.605731,6,1084,4,32
20260726_formal4t4_reuse_intensive_RateFIFO@rho0.5_rep0,0,RateFIFO@rho0.5,RateFIFO,35,reuse_intensive:rep0:req35,reuse_intensive,0,41,0,L0041,1024,3,,False,1785046051.212102,0,0,0,,False,False,False,False,0,0.0,0,0,32.0,False,cache_miss,False,False,0,0.0,4c82d5b55baf714462ea9216f5b23f43037abe7e201ffbf9630382964a62b7b4,True,,,1,0,965.458401,1249.019102,6,1084,4,32
20260726_formal4t4_reuse_intensive_RateFIFO@rho0.5_rep0,0,RateFIFO@rho0.5,RateFIFO,36,reuse_intensive:rep0:req36,reuse_intensive,0,38,0,L0038,4096,0,,False,1785046062.2259843,0,0,0,,False,False,False,False,0,0.0,0,0,32.0,False,cache_miss,False,False,0,0.0,d920de64819e8ba016401080168ee300ca7b016062234c04068ee11a699d9ea2,True,,,1,0,11583.306871,13272.712384,6,4156,4,32
20260726_formal4t4_reuse_intensive_RateFIFO@rho0.5_rep0,0,RateFIFO@rho0.5,RateFIFO,37,reuse_intensive:rep0:req37,reuse_intensive,0,4,1,L0004,1024,0,0,True,1785046062.2260363,1024,1024,1024,107.13707971572876,False,False,False,False,1024,18.48,1,1,1056.0,True,cache_reused,False,False,0,0.0,1176d353def72f736fae1235f9d52468bd790695ad62a5e51044a0d41c729801,True,,,1,0,11582.493932,13272.138448,6,1084,4,1056
20260726_formal4t4_reuse_intensive_RateFIFO@rho0.5_rep0,0,RateFIFO@rho0.5,RateFIFO,38,reuse_intensive:rep0:req38,reuse_intensive,0,1,2,L0001,2048,0,0,True,1785046062.2260733,2048,2048,2048,11.01500678062439,False,False,False,False,2048,36.96,1,1,2080.0,True,cache_reused,False,False,0,0.0,952ccc6dfeae3e9e2fa21775a93677ae07549c5cb002825c3038e81e408c1a76,True,,,1,0,11581.458694,13270.461486,6,2108,4,2080
20260726_formal4t4_reuse_intensive_RateFIFO@rho0.5_rep0,0,RateFIFO@rho0.5,RateFIFO,39,reuse_intensive:rep0:req39,reuse_intensive,0,0,1,L0000,1024,0,0,True,1785046062.2261024,1024,1024,1024,116.97679233551025,False,False,False,False,1024,14.48,1,1,1056.0,True,cache_reused,False,False,0,0.0,ce6bb2670d0faacc83d1dd2149a1954e030682f0f02c5350fc88c575158fb7be,True,,,1,0,11581.161094,13270.699787,6,1084,4,1056
20260726_formal4t4_reuse_intensive_RateFIFO@rho0.5_rep0,0,RateFIFO@rho0.5,RateFIFO,40,reuse_intensive:rep0:req40,reuse_intensive,0,0,2,L0000,1024,0,0,True,1785046075.5008335,1024,1024,1024,130.25152349472046,False,False,False,False,1024,20.48,1,1,1056.0,True,cache_reused,False,False,0,0.0,9caeecbccccdf2ce4e4efd4c05c1a827f93fedb341a66bb5f6b34fc9c24f2e6d,True,,,1,0,129.186584,502.203976,6,1084,4,1056
20260726_formal4t4_reuse_intensive_RateFIFO@rho0.5_rep0,0,RateFIFO@rho0.5,RateFIFO,41,reuse_intensive:rep0:req41,reuse_intensive,0,16,1,L0016,2048,3,3,True,1785046075.5008807,2048,2048,2048,58.76996636390686,False,False,False,False,2048,40.96,1,1,2080.0,True,cache_reused,False,False,0,0.0,6612d2c03e032d2d07f11b531e98f6ea84b26b82463e9aa3a6a398b4a3dd2b17,True,,,1,0,361.631274,872.117105,6,2108,4,2080
20260726_formal4t4_reuse_intensive_RateFIFO@rho0.5_rep0,0,RateFIFO@rho0.5,RateFIFO,42,reuse_intensive:rep0:req42,reuse_intensive,0,0,0,L0000,1024,0,0,True,1785046075.5009155,1024,1024,1024,130.25160551071167,False,False,False,False,1024,18.48,1,1,1056.0,True,cache_reused,False,False,0,0.0,f21d94c1c6a6ea845ddf6b29279fb8d976a94ace26db3f91380102da85741c6c,True,,,1,0,278.69968,608.434973,6,1084,4,1056
20260726_formal4t4_reuse_intensive_RateFIFO@rho0.5_rep0,0,RateFIFO@rho0.5,RateFIFO,43,reuse_intensive:rep0:req43,reuse_intensive,0,0,1,L0000,1024,0,0,True,1785046075.5009427,1024,1024,1024,130.2516326904297,False,False,False,False,1024,16.48,1,1,1056.0,True,cache_reused,False,False,0,0.0,88b9bf56f11e89a7d231a5e78cc19fd5b47cb73743ac364f31d455b3411e3a30,True,,,1,0,278.07108,608.068507,6,1084,4,1056
20260726_formal4t4_reuse_intensive_RateFIFO@rho0.5_rep0,0,RateFIFO@rho0.5,RateFIFO,44,reuse_intensive:rep0:req44,reuse_intensive,0,30,0,L0030,2048,3,,False,1785046076.374324,0,0,0,,False,False,False,False,0,0.0,0,0,32.0,False,cache_miss,False,False,0,0.0,982f66bc1ecf216417274229274f31c1c209cb3d0cb470eaa9f1522f6d92645f,True,,,1,0,3342.396587,3898.25725,6,2108,4,32
20260726_formal4t4_reuse_intensive_RateFIFO@rho0.5_rep0,0,RateFIFO@rho0.5,RateFIFO,45,reuse_intensive:rep0:req45,reuse_intensive,0,0,2,L0000,1024,0,0,True,1785046076.3743489,1024,1024,1024,131.1250388622284,False,False,False,False,1024,20.48,1,1,1056.0,True,cache_reused,False,False,0,0.0,cc43023a40317506f84266bbcab684f7cf60ea36ce94f44346f4d656da4a6271,True,,,1,0,127.049748,672.260873,6,1084,4,1056
20260726_formal4t4_reuse_intensive_RateFIFO@rho0.5_rep0,0,RateFIFO@rho0.5,RateFIFO,46,reuse_intensive:rep0:req46,reuse_intensive,0,4,2,L0004,1024,0,0,True,1785046076.3743658,1024,1024,1024,121.28540921211243,False,False,False,False,1024,18.48,1,1,1056.0,True,cache_reused,False,False,0,0.0,347c8f958bdeb61d312a8f1a657270b62985b4c761fd84867c2d2478c9460baf,True,,,1,0,310.217969,768.564664,6,1084,4,1056
20260726_formal4t4_reuse_intensive_RateFIFO@rho0.5_rep0,0,RateFIFO@rho0.5,RateFIFO,47,reuse_intensive:rep0:req47,reuse_intensive,0,33,0,L0033,2048,1,,False,1785046076.3743773,0,0,0,,False,False,False,False,0,0.0,0,0,32.0,False,cache_miss,False,False,0,0.0,7751015491417f09a387b7cd7d1103857f4a1c4ca6d67a8181abba7ddf2acc06,True,,,1,0,2993.486971,3488.425834,6,2108,4,32
20260726_formal4t4_reuse_intensive_RateFIFO@rho0.5_rep0,0,RateFIFO@rho0.5,RateFIFO,48,reuse_intensive:rep0:req48,reuse_intensive,0,0,0,L0000,1024,0,0,True,1785046080.273733,1024,1024,1024,3.8997857570648193,False,False,False,False,1024,20.48,1,1,1056.0,True,cache_reused,False,False,0,0.0,d8197fde29a991b1c3804753fa323c66d82e0a0b3033a7acf89916259ac468e2,True,,,1,0,219.96004,1555.046287,6,1084,4,1056
20260726_formal4t4_reuse_intensive_RateFIFO@rho0.5_rep0,0,RateFIFO@rho0.5,RateFIFO,49,reuse_intensive:rep0:req49,reuse_intensive,0,1,0,L0001,2048,0,0,True,1785046080.2737925,2048,2048,2048,29.06272602081299,False,False,False,False,2048,38.96,1,1,2080.0,True,cache_reused,False,False,0,0.0,518d3654846feb6fb3252d656772c80aa65666181f0c378176afdfe8c3304596,True,,,1,0,780.162672,1876.873209,6,2108,4,2080
20260726_formal4t4_reuse_intensive_RateFIFO@rho0.5_rep0,0,RateFIFO@rho0.5,RateFIFO,50,reuse_intensive:rep0:req50,reuse_intensive,0,49,0,L0049,2048,2,,False,1785046080.2738206,0,0,0,,False,False,False,False,0,0.0,0,0,32.0,False,cache_miss,False,False,0,0.0,6c1318607a77de6545f7c5bff69755f143b0638d7537ef1432bcd7976fa470b5,True,,,1,0,3114.524189,3626.195758,6,2108,4,32
20260726_formal4t4_reuse_intensive_RateFIFO@rho0.5_rep0,0,RateFIFO@rho0.5,RateFIFO,51,reuse_intensive:rep0:req51,reuse_intensive,0,8,1,L0008,2048,0,0,True,1785046080.273852,2048,2048,2048,61.1664252281189,False,False,False,False,2048,36.96,1,1,2080.0,True,cache_reused,False,False,0,0.0,38519e1395abef86ae84d5e0224071c46c30deb3983bcbaf93054e0658f59371,True,,,1,0,778.933718,1875.815763,6,2108,4,2080
20260726_formal4t4_reuse_intensive_RateFIFO@rho0.5_rep0,0,RateFIFO@rho0.5,RateFIFO,52,reuse_intensive:rep0:req52,reuse_intensive,0,0,1,L0000,1024,0,0,False,1785046083.9025197,1024,1024,1024,7.5285725593566895,False,False,False,False,1024,0.0,1,1,1056.0,False,cache_reused,False,False,0,0.0,9870ffcf308a92ab16e516f8f25c696fd9b4f0a4bdca30738c7de100c166e4ce,True,,,1,0,220.180742,1469.26325,6,1084,4,1056
20260726_formal4t4_reuse_intensive_RateFIFO@rho0.5_rep0,0,RateFIFO@rho0.5,RateFIFO,53,reuse_intensive:rep0:req53,reuse_intensive,0,8,2,L0008,2048,0,0,True,1785046083.9025688,2048,2048,2048,64.79514193534851,False,False,False,False,2048,38.96,1,1,2080.0,True,cache_reused,False,False,0,0.0,9974a9200ac79fba91803dc5961982253210602c869a44cbb37246dc1d786979,True,,,1,0,769.540781,1813.664479,6,2108,4,2080
20260726_formal4t4_reuse_intensive_RateFIFO@rho0.5_rep0,0,RateFIFO@rho0.5,RateFIFO,54,reuse_intensive:rep0:req54,reuse_intensive,0,13,2,L0013,1024,0,0,True,1785046083.9026036,1024,1024,1024,90.09702610969543,False,False,False,False,1024,16.48,1,1,1056.0,True,cache_reused,False,False,0,0.0,fe8fbaa2936b60ca8c1fb55093ac2903f57cd681036bbd67678f7c257134228d,True,,,1,0,769.031462,1813.201513,6,1084,4,1056
20260726_formal4t4_reuse_intensive_RateFIFO@rho0.5_rep0,0,RateFIFO@rho0.5,RateFIFO,55,reuse_intensive:rep0:req55,reuse_intensive,0,0,2,L0000,1024,0,0,True,1785046083.9026318,1024,1024,1024,7.528684616088867,False,False,False,False,1024,14.48,1,1,1056.0,True,cache_reused,False,False,0,0.0,8423b751202de24f828ce2afb0965ba30fb3222bbcbf0b04fadf28478395e5cc,True,,,1,0,768.22148,1812.334473,6,1084,4,1056
20260726_formal4t4_reuse_intensive_RateFIFO@rho0.5_rep0,0,RateFIFO@rho0.5,RateFIFO,56,reuse_intensive:rep0:req56,reuse_intensive,0,41,1,L0041,1024,0,,False,1785046085.7181258,1024,0,0,142.0554003715515,True,True,False,False,0,0.0,0,0,32.0,False,cache_miss,False,False,0,0.0,9d5f9bdb7f64dc94f3dd7342e1a5e95a77bfb37fe2ceb19c617c66862f805589,True,,,1,0,957.466546,1627.963909,6,1084,4,32
20260726_formal4t4_reuse_intensive_RateFIFO@rho0.5_rep0,0,RateFIFO@rho0.5,RateFIFO,57,reuse_intensive:rep0:req57,reuse_intensive,0,0,0,L0000,1024,0,0,True,1785046085.7181792,1024,1024,1024,1.816627025604248,False,False,False,False,1024,18.48,1,1,1056.0,True,cache_reused,False,False,0,0.0,ded80932f26095c69d6af952d05370a029b4adacb7114598116ba12cc54a0b69,True,,,1,0,1239.361387,1736.877771,6,1084,4,1056
20260726_formal4t4_reuse_intensive_RateFIFO@rho0.5_rep0,0,RateFIFO@rho0.5,RateFIFO,58,reuse_intensive:rep0:req58,reuse_intensive,0,54,0,L0054,1024,1,,False,1785046085.7182083,0,0,0,,False,False,False,False,0,0.0,0,0,32.0,False,cache_miss,False,False,0,0.0,796441a86a8596e1626f9a2cfcef5c6805ae0e9beaad2bf77e89ec673e20998e,True,,,1,0,1110.38563,1427.198805,6,1084,4,32
20260726_formal4t4_reuse_intensive_RateFIFO@rho0.5_rep0,0,RateFIFO@rho0.5,RateFIFO,59,reuse_intensive:rep0:req59,reuse_intensive,0,0,1,L0000,1024,0,0,True,1785046085.7182398,1024,1024,1024,1.8166875839233398,False,False,False,False,1024,16.48,1,1,1056.0,True,cache_reused,False,False,0,0.0,5ed611eb4f78122d84bb9c61fbd1bcc80b93756c6944ce1a1dac2aab531c51c4,True,,,1,0,1238.158127,1735.507019,6,1084,4,1056
20260726_formal4t4_reuse_intensive_RateFIFO@rho0.5_rep0,0,RateFIFO@rho0.5,RateFIFO,60,reuse_intensive:rep0:req60,reuse_intensive,0,4,0,L0004,1024,0,0,True,1785046087.4567893,1024,1024,1024,132.36783266067505,False,False,False,False,1024,20.48,1,1,1056.0,True,cache_reused,False,False,0,0.0,1c40e6f07d4f70b217a04c25c5190ef73334df7a9ba3d0caad667d9df30c2770,True,,,1,0,123.348758,1354.727275,6,1084,4,1056
20260726_formal4t4_reuse_intensive_RateFIFO@rho0.5_rep0,0,RateFIFO@rho0.5,RateFIFO,61,reuse_intensive:rep0:req61,reuse_intensive,0,3,0,L0003,2048,0,0,True,1785046087.4568403,2048,2048,2048,25.231868267059326,False,False,False,False,2048,38.96,1,1,2080.0,True,cache_reused,False,False,0,0.0,5c9ed31d2f36521109e4edf8f4f646f111d53910ca072097cce8778bf49bc0a2,True,,,1,0,652.107037,1628.600309,6,2108,4,2080
20260726_formal4t4_reuse_intensive_RateFIFO@rho0.5_rep0,0,RateFIFO@rho0.5,RateFIFO,62,reuse_intensive:rep0:req62,reuse_intensive,0,0,2,L0000,1024,0,0,True,1785046087.456874,1024,1024,1024,1.739539384841919,False,False,False,False,1024,16.48,1,1,1056.0,True,cache_reused,False,False,0,0.0,20ab8f4f3182139936f099f483b5ee05cb67c7145d87c2909124793426de950c,True,,,1,0,651.559958,1628.323185,6,1084,4,1056
20260726_formal4t4_reuse_intensive_RateFIFO@rho0.5_rep0,0,RateFIFO@rho0.5,RateFIFO,63,reuse_intensive:rep0:req63,reuse_intensive,0,3,1,L0003,2048,0,0,True,1785046087.456901,2048,2048,2048,25.231929063796997,False,False,False,False,2048,34.96,1,1,2080.0,True,cache_reused,False,False,0,0.0,e199b42c76576245efdaac35659aad24d0d5cccfa3302810b3a5a7a7b69481db,True,,,1,0,650.996097,1628.017802,6,2108,4,2080
20260726_formal4t4_reuse_intensive_RateFIFO@rho0.5_rep0,0,RateFIFO@rho0.5,RateFIFO,64,reuse_intensive:rep0:req64,reuse_intensive,0,2,2,L0002,1024,0,0,True,1785046089.0878344,1024,1024,1024,83.81219863891602,False,False,False,False,1024,20.48,1,1,1056.0,True,cache_reused,False,False,0,0.0,ec7f63152a2f219faf60f8d0af1162e3878a2eb9e7ad89f099066cba0bc91381,True,,,1,0,127.890716,1253.491965,6,1084,4,1056
20260726_formal4t4_reuse_intensive_RateFIFO@rho0.5_rep0,0,RateFIFO@rho0.5,RateFIFO,65,reuse_intensive:rep0:req65,reuse_intensive,0,2,0,L0002,1024,0,0,True,1785046089.0878844,1024,1024,1024,83.81224870681763,False,False,False,False,1024,18.48,1,1,1056.0,True,cache_reused,False,False,0,0.0,80a76d51f112db6fd18159607fde0d0fad3b08c0e4451000488267ead843aa2e,True,,,1,0,609.939845,1570.318067,6,1084,4,1056
20260726_formal4t4_reuse_intensive_RateFIFO@rho0.5_rep0,0,RateFIFO@rho0.5,RateFIFO,66,reuse_intensive:rep0:req66,reuse_intensive,0,15,1,L0015,2048,0,0,True,1785046089.0879178,2048,2048,2048,87.42905020713806,False,False,False,False,2048,36.96,1,1,2080.0,True,cache_reused,False,False,0,0.0,3d4cb2b95ed5b61ac9a90baa648c830373b0b014c60a391877ed5076b1e60339,True,,,1,0,609.47954,1570.109627,6,2108,4,2080
20260726_formal4t4_reuse_intensive_RateFIFO@rho0.5_rep0,0,RateFIFO@rho0.5,RateFIFO,67,reuse_intensive:rep0:req67,reuse_intensive,0,12,0,L0012,1024,0,0,True,1785046089.0879467,1024,1024,1024,96.62490797042847,False,False,False,False,1024,14.48,1,1,1056.0,True,cache_reused,False,False,0,0.0,411e9073651401762ed5a48a8f19f08e2ce8e9df5c37b6ff4b70494db30d0ae0,True,,,1,0,608.807749,1569.685947,6,1084,4,1056
20260726_formal4t4_reuse_intensive_RateFIFO@rho0.5_rep0,0,RateFIFO@rho0.5,RateFIFO,68,reuse_intensive:rep0:req68,reuse_intensive,0,5,1,L0005,2048,0,0,True,1785046090.660362,2048,2048,2048,131.77015113830566,False,False,False,False,2048,40.96,1,1,2080.0,True,cache_reused,False,False,0,0.0,7322424bb74f2193b21c9e0e2d8c3f4033b33632667e9802aa30f2b53946bf44,True,,,1,0,213.005299,1327.303559,6,2108,4,2080
20260726_formal4t4_reuse_intensive_RateFIFO@rho0.5_rep0,0,RateFIFO@rho0.5,RateFIFO,69,reuse_intensive:rep0:req69,reuse_intensive,0,36,0,L0036,1024,1,,False,1785046090.660402,0,0,0,,False,False,False,False,0,0.0,0,0,32.0,False,cache_miss,False,False,0,0.0,4a523ba8295f04826160717c19e482b234530db2845722ea7297f5d8a15f5618,True,,,1,0,1067.758897,1375.869611,6,1084,4,32
20260726_formal4t4_reuse_intensive_RateFIFO@rho0.5_rep0,0,RateFIFO@rho0.5,RateFIFO,70,reuse_intensive:rep0:req70,reuse_intensive,0,0,0,L0000,1024,0,0,True,1785046090.660439,1024,1024,1024,4.94310450553894,False,False,False,False,1024,18.48,1,1,1056.0,True,cache_reused,False,False,0,0.0,30a786b257a4769c6bf00d9c4096570dd9d70d77a6021fc36faf34eac0f9e02d,True,,,1,0,671.416064,1514.617016,6,1084,4,1056
20260726_formal4t4_reuse_intensive_RateFIFO@rho0.5_rep0,0,RateFIFO@rho0.5,RateFIFO,71,reuse_intensive:rep0:req71,reuse_intensive,0,12,1,L0012,1024,0,0,True,1785046090.6604695,1024,1024,1024,98.19743084907532,False,False,False,False,1024,16.48,1,1,1056.0,True,cache_reused,False,False,0,0.0,6d987cc4b82d2e41ffcb5462579de19d34416c7c2e01776d991008a54494dbf1,True,,,1,0,671.051133,1514.380621,6,1084,4,1056
20260726_formal4t4_reuse_intensive_RateFIFO@rho0.5_rep0,0,RateFIFO@rho0.5,RateFIFO,72,reuse_intensive:rep0:req72,reuse_intensive,0,1,1,L0001,2048,0,0,True,1785046092.1776118,2048,2048,2048,40.96654534339905,False,False,False,False,2048,40.96,1,1,2080.0,True,cache_reused,False,False,0,0.0,16f3ed0ae1d45a93ec62dd96d78d97e92a97c7e13b5462c3aae418220b0b44d1,True,,,1,0,196.632113,1552.242407,6,2108,4,2080
20260726_formal4t4_reuse_intensive_RateFIFO@rho0.5_rep0,0,RateFIFO@rho0.5,RateFIFO,73,reuse_intensive:rep0:req73,reuse_intensive,0,0,1,L0000,1024,0,0,True,1785046092.1776588,1024,1024,1024,6.460324287414551,False,False,False,False,1024,18.48,1,1,1056.0,True,cache_reused,False,False,0,0.0,a7b10a6762035ab5efba979ba06b9e117a6f191bf319ce5f81628b82ba86bc89,True,,,1,0,781.474966,1936.192125,6,1084,4,1056
20260726_formal4t4_reuse_intensive_RateFIFO@rho0.5_rep0,0,RateFIFO@rho0.5,RateFIFO,74,reuse_intensive:rep0:req74,reuse_intensive,0,15,2,L0015,2048,0,0,True,1785046092.1776905,2048,2048,2048,90.51882290840149,False,False,False,False,2048,36.96,1,1,2080.0,True,cache_reused,False,False,0,0.0,eb50467701497da86540b6b17f5a72d74cffb9863b9e03f3039038789758f606,True,,,1,0,781.077193,1935.222668,6,2108,4,2080
20260726_formal4t4_reuse_intensive_RateFIFO@rho0.5_rep0,0,RateFIFO@rho0.5,RateFIFO,75,reuse_intensive:rep0:req75,reuse_intensive,0,1,2,L0001,2048,0,0,True,1785046092.1777196,2048,2048,2048,40.9666531085968,False,False,False,False,2048,34.96,1,1,2080.0,True,cache_reused,False,False,0,0.0,81a483a3a7dd334cdca2ee8d66715d344744b11af56f14681bf4327253471080,True,,,1,0,780.601986,1935.02613,6,2108,4,2080
20260726_formal4t4_reuse_intensive_RateFIFO@rho0.5_rep0,0,RateFIFO@rho0.5,RateFIFO,76,reuse_intensive:rep0:req76,reuse_intensive,0,0,2,L0000,1024,0,0,True,1785046094.1158922,1024,1024,1024,8.398557662963867,False,False,False,False,1024,20.48,1,1,1056.0,True,cache_reused,False,False,0,0.0,fcdaa01b2fd2552ce89b04465a6ce26866594f4b4719bdb8f700ad0e968f0f8e,True,,,1,0,128.499639,1047.615562,6,1084,4,1056
20260726_formal4t4_reuse_intensive_RateFIFO@rho0.5_rep0,0,RateFIFO@rho0.5,RateFIFO,77,reuse_intensive:rep0:req77,reuse_intensive,0,0,0,L0000,1024,0,0,True,1785046094.1159422,1024,1024,1024,8.398607730865479,False,False,False,False,1024,18.48,1,1,1056.0,True,cache_reused,False,False,0,0.0,6e8e40a6c86a765eb553c2b9b0ab9e77bd6dff87f8acb402260ce88729b91828,True,,,1,0,521.381181,1308.025961,6,1084,4,1056
20260726_formal4t4_reuse_intensive_RateFIFO@rho0.5_rep0,0,RateFIFO@rho0.5,RateFIFO,78,reuse_intensive:rep0:req78,reuse_intensive,0,5,2,L0005,2048,0,0,True,1785046094.115975,2048,2048,2048,1.9391531944274902,False,False,False,False,2048,36.96,1,1,2080.0,True,cache_reused,False,False,0,0.0,12bf7159b191b90915aa5fcae721754ac567a52eac1e9706861f11321c2d2aab,True,,,1,0,520.95875,1307.83121,6,2108,4,2080
20260726_formal4t4_reuse_intensive_RateFIFO@rho0.5_rep0,0,RateFIFO@rho0.5,RateFIFO,79,reuse_intensive:rep0:req79,reuse_intensive,0,0,1,L0000,1024,0,0,True,1785046094.1160014,1024,1024,1024,8.398666858673096,False,False,False,False,1024,14.48,1,1,1056.0,True,cache_reused,False,False,0,0.0,6378d3d5b6fa31ba4c2bc1e3cf2867c82bc18822074bd024b61cc466ac9985e5,True,,,1,0,520.108754,1307.35912,6,1084,4,1056
20260726_formal4t4_reuse_intensive_RateFIFO@rho0.5_rep0,0,RateFIFO@rho0.5,RateFIFO,80,reuse_intensive:rep0:req80,reuse_intensive,0,0,2,L0000,1024,0,0,True,1785046095.426226,1024,1024,1024,9.70889139175415,False,False,False,False,1024,20.48,1,1,1056.0,True,cache_reused,False,False,0,0.0,26e2f3ed6ea51e9719bd44f56b68e62de7851fb12ceaee225e69b14d104e50af,True,,,1,0,127.894555,1016.20529,6,1084,4,1056
20260726_formal4t4_reuse_intensive_RateFIFO@rho0.5_rep0,0,RateFIFO@rho0.5,RateFIFO,81,reuse_intensive:rep0:req81,reuse_intensive,0,1,0,L0001,2048,0,0,True,1785046095.4262755,2048,2048,2048,1.3113470077514648,False,False,False,False,2048,38.96,1,1,2080.0,True,cache_reused,False,False,0,0.0,45576b632e88fc43e11406aadf0d7711f3ba23fd513f1301c6a45f890903e7a9,True,,,1,0,508.519818,1194.858201,6,2108,4,2080
20260726_formal4t4_reuse_intensive_RateFIFO@rho0.5_rep0,0,RateFIFO@rho0.5,RateFIFO,82,reuse_intensive:rep0:req82,reuse_intensive,0,1,1,L0001,2048,0,0,True,1785046095.426308,2048,2048,2048,1.3113794326782227,False,False,False,False,2048,36.96,1,1,2080.0,True,cache_reused,False,False,0,0.0,e2b74405a005a9e94113b960b82b6c58fd40f24debed2931744718eff3d19562,True,,,1,0,507.959104,1194.514222,6,2108,4,2080
20260726_formal4t4_reuse_intensive_RateFIFO@rho0.5_rep0,0,RateFIFO@rho0.5,RateFIFO,83,reuse_intensive:rep0:req83,reuse_intensive,0,1,2,L0001,2048,0,0,True,1785046095.4263341,2048,2048,2048,1.3114056587219238,False,False,False,False,2048,34.96,1,1,2080.0,True,cache_reused,False,False,0,0.0,ef2ecdd1344701ec64d936ff32226eaabdc2a23b36af8ef40d310927d0c6d4a4,True,,,1,0,507.291058,1194.091499,6,2108,4,2080
20260726_formal4t4_reuse_intensive_RateFIFO@rho0.5_rep0,0,RateFIFO@rho0.5,RateFIFO,84,reuse_intensive:rep0:req84,reuse_intensive,0,1,0,L0001,2048,0,0,True,1785046096.6235147,2048,2048,2048,2.5085861682891846,False,False,False,False,2048,40.96,1,1,2080.0,True,cache_reused,False,False,0,0.0,8c3a33354c3be5f362258c557cedd682dc7e0eadab5ba264d5350291b5039c4d,True,,,1,0,187.602092,1275.33053,6,2108,4,2080
20260726_formal4t4_reuse_intensive_RateFIFO@rho0.5_rep0,0,RateFIFO@rho0.5,RateFIFO,85,reuse_intensive:rep0:req85,reuse_intensive,0,2,1,L0002,1024,0,0,True,1785046096.6235633,1024,1024,1024,5.964005470275879,False,False,False,False,1024,18.48,1,1,1056.0,True,cache_reused,False,False,0,0.0,d1d7956396c7b0c4ca81343ee69bb68f3f26774e904c1aef9cb0c8c386912629,True,,,1,0,634.555424,1460.296691,6,1084,4,1056
20260726_formal4t4_reuse_intensive_RateFIFO@rho0.5_rep0,0,RateFIFO@rho0.5,RateFIFO,86,reuse_intensive:rep0:req86,reuse_intensive,0,32,0,L0032,2048,1,,False,1785046096.623591,0,0,0,,False,False,False,False,0,0.0,0,0,32.0,False,cache_miss,False,False,0,0.0,b9deaff675566a1989624c491fc10ab455f1d65b39cf7319f0a7169ac9048bc2,True,,,1,0,3131.074813,3630.553675,6,2108,4,32
20260726_formal4t4_reuse_intensive_RateFIFO@rho0.5_rep0,0,RateFIFO@rho0.5,RateFIFO,87,reuse_intensive:rep0:req87,reuse_intensive,0,0,0,L0000,1024,0,0,True,1785046096.6236222,1024,1024,1024,1.1981914043426514,False,False,False,False,1024,16.48,1,1,1056.0,True,cache_reused,False,False,0,0.0,b4ba5817f453509b367e584f88c4aab8264ce39f6b7b440d2c64d40188615d7e,True,,,1,0,633.593229,1459.493584,6,1084,4,1056
20260726_formal4t4_reuse_intensive_RateFIFO@rho0.5_rep0,0,RateFIFO@rho0.5,RateFIFO,88,reuse_intensive:rep0:req88,reuse_intensive,0,0,1,L0000,1024,0,0,False,1785046100.2566295,1024,1024,1024,3.6340978145599365,False,False,False,False,1024,0.0,1,1,1056.0,False,cache_reused,False,False,0,0.0,32f10465ce62f0e121a36886175f1f930146aa4506210d0687f331ff02097082,True,,,1,0,223.552394,2025.632686,6,1084,4,1056
20260726_formal4t4_reuse_intensive_RateFIFO@rho0.5_rep0,0,RateFIFO@rho0.5,RateFIFO,89,reuse_intensive:rep0:req89,reuse_intensive,0,0,2,L0000,1024,0,0,True,1785046100.2566776,1024,1024,1024,3.634145975112915,False,False,False,False,1024,18.48,1,1,1056.0,True,cache_reused,False,False,0,0.0,c9d4cf19089c57c786e4a6cf962b8e51a1a04ad3089d4fbe3f8f0800ea8243c5,True,,,1,0,1026.634621,2523.529715,6,1084,4,1056
20260726_formal4t4_reuse_intensive_RateFIFO@rho0.5_rep0,0,RateFIFO@rho0.5,RateFIFO,90,reuse_intensive:rep0:req90,reuse_intensive,0,9,0,L0009,4096,0,0,True,1785046100.2567103,4096,4096,4096,122.89860391616821,False,False,False,False,4096,77.92,1,1,4128.0,True,cache_reused,False,False,0,0.0,f3d41e1b66d891400d741d4908a0e8970724d62e96c4eff1bc30b3a8aa845035,True,,,1,0,1026.350107,2522.74502,6,4156,4,4128
20260726_formal4t4_reuse_intensive_RateFIFO@rho0.5_rep0,0,RateFIFO@rho0.5,RateFIFO,91,reuse_intensive:rep0:req91,reuse_intensive,0,1,1,L0001,2048,0,0,True,1785046100.2567382,2048,2048,2048,6.141809701919556,False,False,False,False,2048,34.96,1,1,2080.0,True,cache_reused,False,False,0,0.0,67281b6b65576b0720a0a0da5204409e812af1adb929fb4e105c21689048b756,True,,,1,0,1025.743711,2522.258122,6,2108,4,2080
20260726_formal4t4_reuse_intensive_RateFIFO@rho0.5_rep0,0,RateFIFO@rho0.5,RateFIFO,92,reuse_intensive:rep0:req92,reuse_intensive,0,14,1,L0014,2048,0,0,False,1785046102.7818148,2048,2048,2048,105.08429431915283,False,False,False,False,2048,0.0,1,1,2080.0,False,cache_reused,False,False,0,0.0,8cebee260ca7afa748b0ca88d6298b77239ad270307d7d8813b1867c0346d87b,True,,,1,0,219.465613,1155.44663,6,2108,4,2080
20260726_formal4t4_reuse_intensive_RateFIFO@rho0.5_rep0,0,RateFIFO@rho0.5,RateFIFO,93,reuse_intensive:rep0:req93,reuse_intensive,0,0,0,L0000,1024,0,0,True,1785046102.781844,1024,1024,1024,6.1593122482299805,False,False,False,False,1024,18.48,1,1,1056.0,True,cache_reused,False,False,0,0.0,a032577fde12d14a9d3dfc51d1848c88b294a1d5e24687384e3fc62e00ab9d3c,True,,,1,0,604.521405,1264.782194,6,1084,4,1056
20260726_formal4t4_reuse_intensive_RateFIFO@rho0.5_rep0,0,RateFIFO@rho0.5,RateFIFO,94,reuse_intensive:rep0:req94,reuse_intensive,0,18,1,L0018,1024,1,,False,1785046102.7818592,1024,0,0,159.1191337108612,True,True,False,False,0,0.0,0,0,1056.0,False,cache_reused,False,False,0,0.0,f4e1f9c6bf1c6a3b9fd4f243958f35c2f480f5a847134a45ec5a75d667be88d2,True,,,1,0,230.595946,548.735257,6,1084,4,1056
20260726_formal4t4_reuse_intensive_RateFIFO@rho0.5_rep0,0,RateFIFO@rho0.5,RateFIFO,95,reuse_intensive:rep0:req95,reuse_intensive,0,0,1,L0000,1024,0,0,True,1785046102.7818782,1024,1024,1024,6.159346580505371,False,False,False,False,1024,16.48,1,1,1056.0,True,cache_reused,False,False,0,0.0,685cf308d3d1c38745bdbc8b3359e0cae54e3ce1ddefaaed438f38c6527f8f02,True,,,1,0,604.256042,1264.449449,6,1084,4,1056
20260726_formal4t4_reuse_intensive_RateFIFO@rho0.5_rep0,0,RateFIFO@rho0.5,RateFIFO,96,reuse_intensive:rep0:req96,reuse_intensive,0,1,2,L0001,2048,0,0,True,1785046104.0476255,2048,2048,2048,3.791891574859619,False,False,False,False,2048,40.96,1,1,2080.0,True,cache_reused,False,False,0,0.0,6ab7e85cf6d029e4ad0508a8e0f7ffabc32b53dfddf084a407b64f72a3287789,True,,,1,0,220.570546,1899.452467,6,2108,4,2080
20260726_formal4t4_reuse_intensive_RateFIFO@rho0.5_rep0,0,RateFIFO@rho0.5,RateFIFO,97,reuse_intensive:rep0:req97,reuse_intensive,0,0,2,L0000,1024,0,0,True,1785046104.0476463,1024,1024,1024,1.2664687633514404,False,False,False,False,1024,18.48,1,1,1056.0,True,cache_reused,False,False,0,0.0,245617dcf08e3aa32a43b7f3f6b474a76a6171350fd4651d81c0009bcc8a241a,True,,,1,0,915.895964,2294.15978,6,1084,4,1056
20260726_formal4t4_reuse_intensive_RateFIFO@rho0.5_rep0,0,RateFIFO@rho0.5,RateFIFO,98,reuse_intensive:rep0:req98,reuse_intensive,0,16,2,L0016,2048,3,3,True,1785046104.0476596,2048,2048,2048,87.31674528121948,False,False,False,False,2048,40.96,1,1,2080.0,True,cache_reused,False,False,0,0.0,b64fb1c08941cb3b93ca0bc0948e5bcc56507d5da85c8bb6010e51ba3989f4fc,True,,,1,0,363.378664,868.660888,6,2108,4,2080
20260726_formal4t4_reuse_intensive_RateFIFO@rho0.5_rep0,0,RateFIFO@rho0.5,RateFIFO,99,reuse_intensive:rep0:req99,reuse_intensive,0,9,1,L0009,4096,0,0,True,1785046104.0476727,4096,4096,4096,126.68956637382507,False,False,False,False,4096,77.92,1,1,4128.0,True,cache_reused,False,False,0,0.0,fffb1dd7fdd8cf94b78a2afcb4ac4e7d2a42960e4b9788d50fc1fe0c4b30d160,True,,,1,0,915.505217,2293.505562,6,4156,4,4128
20260726_formal4t4_reuse_intensive_RateFIFO@rho0.5_rep0,0,RateFIFO@rho0.5,RateFIFO,100,reuse_intensive:rep0:req100,reuse_intensive,0,0,0,L0000,1024,0,0,True,1785046106.3428493,1024,1024,1024,3.561671733856201,False,False,False,False,1024,20.48,1,1,1056.0,True,cache_reused,False,False,0,0.0,5aac05989742d6248e11b0e91cfd7bfc4fd8e6ec825806a80f4bffd7386f0a67,True,,,1,0,123.980543,1547.297175,6,1085,4,1056
20260726_formal4t4_reuse_intensive_RateFIFO@rho0.5_rep0,0,RateFIFO@rho0.5,RateFIFO,101,reuse_intensive:rep0:req101,reuse_intensive,0,0,1,L0000,1024,0,0,True,1785046106.3428774,1024,1024,1024,3.561699867248535,False,False,False,False,1024,18.48,1,1,1056.0,True,cache_reused,False,False,0,0.0,dc619892d3255f7cee625b29b256834d36606fe386c669608931b63a8bc712ed,True,,,1,0,742.053238,1944.381703,6,1085,4,1056
20260726_formal4t4_reuse_intensive_RateFIFO@rho0.5_rep0,0,RateFIFO@rho0.5,RateFIFO,102,reuse_intensive:rep0:req102,reuse_intensive,0,9,2,L0009,4096,0,0,True,1785046106.3428907,4096,4096,4096,128.98478436470032,False,False,False,False,4096,77.92,1,1,4128.0,True,cache_reused,False,False,0,0.0,f05e6229d9526704dc3275c20aafa8ceb1b06e5eef0726892c27dd759d3fc6e5,True,,,1,0,741.338593,1943.779159,6,4157,4,4128
20260726_formal4t4_reuse_intensive_RateFIFO@rho0.5_rep0,0,RateFIFO@rho0.5,RateFIFO,103,reuse_intensive:rep0:req103,reuse_intensive,0,0,2,L0000,1024,0,0,True,1785046106.3429024,1024,1024,1024,3.561724901199341,False,False,False,False,1024,14.48,1,1,1056.0,True,cache_reused,False,False,0,0.0,795eb2833e221b9765a41c68c2b0273df1ea18a01de32eb7a8453e924d75f9ff,True,,,1,0,740.393032,1942.904647,6,1085,4,1056
20260726_formal4t4_reuse_intensive_RateFIFO@rho0.5_rep0,0,RateFIFO@rho0.5,RateFIFO,104,reuse_intensive:rep0:req104,reuse_intensive,0,2,2,L0002,1024,0,0,True,1785046108.288228,1024,1024,1024,17.62867021560669,False,False,False,False,1024,20.48,1,1,1056.0,True,cache_reused,False,False,0,0.0,6c92349c1b5e8b7d4fc17112f0dd2bc2193f5e422b9c0ad249835ef246032dc0,True,,,1,0,126.988417,772.178149,6,1085,4,1056
20260726_formal4t4_reuse_intensive_RateFIFO@rho0.5_rep0,0,RateFIFO@rho0.5,RateFIFO,105,reuse_intensive:rep0:req105,reuse_intensive,0,0,0,L0000,1024,0,0,True,1785046108.2882504,1024,1024,1024,5.507072925567627,False,False,False,False,1024,18.48,1,1,1056.0,True,cache_reused,False,False,0,0.0,97761f1a55b3da676b20d5f274c561c9e4d9d1f170f769c4def142e4fbd95b3b,True,,,1,0,392.371825,880.851409,6,1085,4,1056
20260726_formal4t4_reuse_intensive_RateFIFO@rho0.5_rep0,0,RateFIFO@rho0.5,RateFIFO,106,reuse_intensive:rep0:req106,reuse_intensive,0,45,0,L0045,2048,3,,False,1785046108.2882628,0,0,0,,False,False,False,False,0,0.0,0,0,32.0,False,cache_miss,False,False,0,0.0,d2e9df9678f64cacf3efbdfd89fdbd2bde3b9a27a53734f94bd6f19953bcc04f,True,,,1,0,3317.815625,3832.613322,6,2109,4,32
20260726_formal4t4_reuse_intensive_RateFIFO@rho0.5_rep0,0,RateFIFO@rho0.5,RateFIFO,107,reuse_intensive:rep0:req107,reuse_intensive,0,0,1,L0000,1024,0,0,True,1785046108.2882822,1024,1024,1024,5.5071046352386475,False,False,False,False,1024,16.48,1,1,1056.0,True,cache_reused,False,False,0,0.0,65ceea0879c967dca626a657927889ba358d7510390e838dad20abf8e097056c,True,,,1,0,391.183658,879.554721,6,1085,4,1056
20260726_formal4t4_reuse_intensive_RateFIFO@rho0.5_rep0,0,RateFIFO@rho0.5,RateFIFO,108,reuse_intensive:rep0:req108,reuse_intensive,0,58,0,L0058,1024,2,,False,1785046112.1229916,0,0,0,,False,False,False,False,0,0.0,0,0,32.0,False,cache_miss,False,False,0,0.0,c1f3df939a8d22a7f587c3fd5e6bcac77579cef050b40236f7d1119d620e06c5,True,,,1,0,1002.704329,1282.709928,6,1085,4,32
20260726_formal4t4_reuse_intensive_RateFIFO@rho0.5_rep0,0,RateFIFO@rho0.5,RateFIFO,109,reuse_intensive:rep0:req109,reuse_intensive,0,5,0,L0005,2048,0,0,False,1785046112.1230438,2048,2048,2048,19.946222066879272,False,False,False,False,2048,0.0,1,1,2080.0,False,cache_reused,False,False,0,0.0,1c8b72ecc2f8ea1e70b2c0d7312a684a1455cda5c7396543836d3b9eb4e544c6,True,,,1,0,368.439756,1518.198266,6,2109,4,2080
20260726_formal4t4_reuse_intensive_RateFIFO@rho0.5_rep0,0,RateFIFO@rho0.5,RateFIFO,110,reuse_intensive:rep0:req110,reuse_intensive,0,6,0,L0006,1024,0,0,True,1785046112.1230927,1024,1024,1024,151.913405418396,False,False,False,False,1024,18.48,1,1,1056.0,True,cache_reused,False,False,0,0.0,a130590a370f22d53f9ce68da43b50e72f83607d528197639e0d85d95238a89c,True,,,1,0,848.451275,1713.836182,6,1085,4,1056
20260726_formal4t4_reuse_intensive_RateFIFO@rho0.5_rep0,0,RateFIFO@rho0.5,RateFIFO,111,reuse_intensive:rep0:req111,reuse_intensive,0,0,2,L0000,1024,0,0,True,1785046112.1231232,1024,1024,1024,3.835325241088867,False,False,False,False,1024,16.48,1,1,1056.0,True,cache_reused,False,False,0,0.0,4e6853fdb5207ad273640db4c42b61ecea4ff614c0e4ceb0342e01e64bd34cb8,True,,,1,0,847.86661,1713.132258,6,1085,4,1056
20260726_formal4t4_reuse_intensive_RateFIFO@rho0.5_rep0,0,RateFIFO@rho0.5,RateFIFO,112,reuse_intensive:rep0:req112,reuse_intensive,0,52,0,L0052,4096,1,,False,1785046113.8395743,0,0,0,,False,False,False,False,0,0.0,0,0,32.0,False,cache_miss,False,False,0,0.0,f13977a4a0bfea81c87ad2f7fe6fb313a1df9d11539fcbd41bb39c458c956d2a,True,,,1,0,9806.965025,10634.297633,6,4157,4,32
20260726_formal4t4_reuse_intensive_RateFIFO@rho0.5_rep0,0,RateFIFO@rho0.5,RateFIFO,113,reuse_intensive:rep0:req113,reuse_intensive,0,25,1,L0025,1024,2,,False,1785046113.8396204,1024,0,0,170.17689490318298,True,True,False,False,0,0.0,0,0,1056.0,False,cache_reused,False,False,0,0.0,35a3768cb548e69d244b39a7c655fa83aca6681d61803869c4c4d70fc6f9e9a6,True,,,1,0,122.9629,422.470263,6,1085,4,1056
20260726_formal4t4_reuse_intensive_RateFIFO@rho0.5_rep0,0,RateFIFO@rho0.5,RateFIFO,114,reuse_intensive:rep0:req114,reuse_intensive,0,0,0,L0000,1024,0,0,True,1785046113.839664,1024,1024,1024,5.551866054534912,False,False,False,False,1024,20.48,1,1,1056.0,True,cache_reused,False,False,0,0.0,a50278372dcc8b53469c95739a39b07a0ef02782152b3466f13bd9abfe338d7b,True,,,1,0,134.654311,947.99913,6,1085,4,1056
20260726_formal4t4_reuse_intensive_RateFIFO@rho0.5_rep0,0,RateFIFO@rho0.5,RateFIFO,115,reuse_intensive:rep0:req115,reuse_intensive,0,3,2,L0003,2048,0,0,True,1785046113.8397098,2048,2048,2048,51.61473774909973,False,False,False,False,2048,38.96,1,1,2080.0,True,cache_reused,False,False,0,0.0,64c0b191b0822847aa0278b211dfb063cef02a1ec3e87a8c2875960eacfb0a5b,True,,,1,0,405.150819,1126.332356,6,2109,4,2080
20260726_formal4t4_reuse_intensive_RateFIFO@rho0.5_rep0,0,RateFIFO@rho0.5,RateFIFO,116,reuse_intensive:rep0:req116,reuse_intensive,0,0,1,L0000,1024,0,0,True,1785046124.4747546,1024,1024,1024,16.186956644058228,False,False,False,False,1024,20.48,1,1,1056.0,True,cache_reused,False,False,0,0.0,a39ba5f3c0e9ec8aff1444be58b566d1d03f9f0b37260857adb676bbef4466fa,True,,,1,0,248.703573,1705.848759,6,1085,4,1056
20260726_formal4t4_reuse_intensive_RateFIFO@rho0.5_rep0,0,RateFIFO@rho0.5,RateFIFO,117,reuse_intensive:rep0:req117,reuse_intensive,0,0,2,L0000,1024,0,0,True,1785046124.474794,1024,1024,1024,16.18699598312378,False,False,False,False,1024,18.48,1,1,1056.0,True,cache_reused,False,False,0,0.0,887719aa7fccc7acd286ce9c1d12bb336c467fed22c172e02f376fb3cd5a219c,True,,,1,0,903.571044,2101.702106,6,1085,4,1056
20260726_formal4t4_reuse_intensive_RateFIFO@rho0.5_rep0,0,RateFIFO@rho0.5,RateFIFO,118,reuse_intensive:rep0:req118,reuse_intensive,0,1,0,L0001,2048,0,0,True,1785046124.4748108,2048,2048,2048,18.132463216781616,False,False,False,False,2048,36.96,1,1,2080.0,True,cache_reused,False,False,0,0.0,6576096a1130cd6f13ea5c209ed104b4e7205eb82f38cf120bf156ea1aead673,True,,,1,0,903.039728,2100.660572,6,2109,4,2080
20260726_formal4t4_reuse_intensive_RateFIFO@rho0.5_rep0,0,RateFIFO@rho0.5,RateFIFO,119,reuse_intensive:rep0:req119,reuse_intensive,0,3,0,L0003,2048,0,0,True,1785046124.4748287,2048,2048,2048,62.24985671043396,False,False,False,False,2048,34.96,1,1,2080.0,True,cache_reused,False,False,0,0.0,b601f5e7685b256662e4845de7f86cc295a4c5de825779c3830b60d81a4d85a6,True,,,1,0,902.415319,2100.295941,6,2109,4,2080
20260726_formal4t4_reuse_intensive_RateFIFO@rho0.5_rep0,0,RateFIFO@rho0.5,RateFIFO,120,reuse_intensive:rep0:req120,reuse_intensive,0,0,0,L0000,1024,0,0,True,1785046126.5784018,1024,1024,1024,18.29060387611389,False,False,False,False,1024,20.48,1,1,1056.0,True,cache_reused,False,False,0,0.0,c4668b037db3cc81239e7b6add59a055b454701e4b433dda30e462c63a4add11,True,,,1,0,129.436614,800.886821,6,1085,4,1056
20260726_formal4t4_reuse_intensive_RateFIFO@rho0.5_rep0,0,RateFIFO@rho0.5,RateFIFO,121,reuse_intensive:rep0:req121,reuse_intensive,0,0,1,L0000,1024,0,0,True,1785046126.5784628,1024,1024,1024,18.29066491127014,False,False,False,False,1024,18.48,1,1,1056.0,True,cache_reused,False,False,0,0.0,c308de6fab854631460e3a14dd5fb30b3a76d983a5d69aed2731d9103128c786,True,,,1,0,416.858314,989.539597,6,1085,4,1056
20260726_formal4t4_reuse_intensive_RateFIFO@rho0.5_rep0,0,RateFIFO@rho0.5,RateFIFO,122,reuse_intensive:rep0:req122,reuse_intensive,0,0,2,L0000,1024,0,0,True,1785046126.5784998,1024,1024,1024,18.290701866149902,False,False,False,False,1024,16.48,1,1,1056.0,True,cache_reused,False,False,0,0.0,794d4648bcab33d340407b64fc1568e68f2ef746db3c76a5ada0677cf396a27b,True,,,1,0,416.456417,989.203456,6,1085,4,1056
20260726_formal4t4_reuse_intensive_RateFIFO@rho0.5_rep0,0,RateFIFO@rho0.5,RateFIFO,123,reuse_intensive:rep0:req123,reuse_intensive,0,4,1,L0004,1024,0,0,True,1785046126.578536,1024,1024,1024,37.49157166481018,False,False,False,False,1024,14.48,1,1,1056.0,True,cache_reused,False,False,0,0.0,a0e33001301b689f8529263cac88e1308adf13d082b67091a22313eeba7df9c0,True,,,1,0,415.751012,988.8265,6,1085,4,1056
20260726_formal4t4_reuse_intensive_RateFIFO@rho0.5_rep0,0,RateFIFO@rho0.5,RateFIFO,124,reuse_intensive:rep0:req124,reuse_intensive,0,30,1,L0030,2048,3,3,False,1785046127.569511,2048,2048,2048,47.29664444923401,False,False,False,False,2048,0.0,1,1,2080.0,False,cache_reused,False,False,0,0.0,e09d3ad48f5b82dce898726a5537a0bc84eef2b9558bc78794143921dc1b97f5,True,,,1,0,387.460161,951.811151,6,2109,4,2080
20260726_formal4t4_reuse_intensive_RateFIFO@rho0.5_rep0,0,RateFIFO@rho0.5,RateFIFO,125,reuse_intensive:rep0:req125,reuse_intensive,0,3,1,L0003,2048,0,0,False,1785046127.5695355,2048,2048,2048,65.3445634841919,False,False,False,False,2048,0.0,1,1,2080.0,False,cache_reused,False,False,0,0.0,4b0c9dfb61afec469aacf324f372ee2ab782c762df8a79bbbb00c9fb99da604c,True,,,1,0,230.796395,2025.881133,6,2109,4,2080
20260726_formal4t4_reuse_intensive_RateFIFO@rho0.5_rep0,0,RateFIFO@rho0.5,RateFIFO,126,reuse_intensive:rep0:req126,reuse_intensive,0,11,0,L0011,4096,0,0,True,1785046127.5695524,4096,4096,4096,136.4485945701599,False,False,False,False,4096,79.92,1,1,4128.0,True,cache_reused,False,False,0,0.0,a67186a4702dd4e19bbb5e2d9f39ae198a827e48c41c7fde8641d0d5bda92561,True,,,1,0,972.569843,2419.167992,6,4157,4,4128
20260726_formal4t4_reuse_intensive_RateFIFO@rho0.5_rep0,0,RateFIFO@rho0.5,RateFIFO,127,reuse_intensive:rep0:req127,reuse_intensive,0,0,0,L0000,1024,0,0,True,1785046127.5695665,1024,1024,1024,0.9920787811279297,False,False,False,False,1024,16.48,1,1,1056.0,True,cache_reused,False,False,0,0.0,25b11063921b44d92f398fb4f1a27a6e8c900c94b554661d24d4dcc0aeb456d6,True,,,1,0,972.359138,2419.063548,6,1085,4,1056
20260726_formal4t4_reuse_intensive_RateFIFO@rho0.5_rep0,0,RateFIFO@rho0.5,RateFIFO,128,reuse_intensive:rep0:req128,reuse_intensive,0,0,1,L0000,1024,0,0,True,1785046129.9912388,1024,1024,1024,2.4220926761627197,False,False,False,False,1024,20.48,1,1,1056.0,True,cache_reused,False,False,0,0.0,b9009ef7c1298d96558d1746c127aea39b8d4fad6f15fb1db84463d8ea6ad6ac,True,,,1,0,128.797248,1094.313799,6,1085,4,1056
20260726_formal4t4_reuse_intensive_RateFIFO@rho0.5_rep0,0,RateFIFO@rho0.5,RateFIFO,129,reuse_intensive:rep0:req129,reuse_intensive,0,0,2,L0000,1024,0,0,True,1785046129.9912872,1024,1024,1024,2.4221410751342773,False,False,False,False,1024,18.48,1,1,1056.0,True,cache_reused,False,False,0,0.0,fc81d606bc9ded79732e0eab43e34cda88477711820f8cd8d25b392bcca90b50,True,,,1,0,544.768745,1365.043354,6,1085,4,1056
20260726_formal4t4_reuse_intensive_RateFIFO@rho0.5_rep0,0,RateFIFO@rho0.5,RateFIFO,130,reuse_intensive:rep0:req130,reuse_intensive,0,0,0,L0000,1024,0,0,True,1785046129.9913185,1024,1024,1024,2.4221723079681396,False,False,False,False,1024,16.48,1,1,1056.0,True,cache_reused,False,False,0,0.0,a9ecd3cea9869a00d65d8336459e7dc9e91856bd2afb7fdc4722e5aa3995a1e0,True,,,1,0,544.394934,1364.161165,6,1085,4,1056
20260726_formal4t4_reuse_intensive_RateFIFO@rho0.5_rep0,0,RateFIFO@rho0.5,RateFIFO,131,reuse_intensive:rep0:req131,reuse_intensive,0,8,0,L0008,2048,0,0,True,1785046129.991345,2048,2048,2048,110.8839180469513,False,False,False,False,2048,34.96,1,1,2080.0,True,cache_reused,False,False,0,0.0,8d1ecacff3b1bec92d9dc7ac15b5f5abeefeeffc5ca4387d5c6d62109c573a13,True,,,1,0,543.979695,1363.979639,6,2109,4,2080
20260726_formal4t4_reuse_intensive_RateFIFO@rho0.5_rep0,0,RateFIFO@rho0.5,RateFIFO,132,reuse_intensive:rep0:req132,reuse_intensive,0,0,1,L0000,1024,0,0,True,1785046131.3581142,1024,1024,1024,3.788968086242676,False,False,False,False,1024,20.48,1,1,1056.0,True,cache_reused,False,False,0,0.0,c2e3b1257ab7a6cd6225f33a381d482aec7b6d259ba61a2d42f3fb39e1d16cb9,True,,,1,0,126.938386,1065.271157,6,1085,4,1056
20260726_formal4t4_reuse_intensive_RateFIFO@rho0.5_rep0,0,RateFIFO@rho0.5,RateFIFO,133,reuse_intensive:rep0:req133,reuse_intensive,0,5,1,L0005,2048,0,0,True,1785046131.3581634,2048,2048,2048,39.18134164810181,False,False,False,False,2048,38.96,1,1,2080.0,True,cache_reused,False,False,0,0.0,871b4ddb4c3ed375654f4ed291fb48109878f898dbcfe82d0dec782c1eaaac66,True,,,1,0,529.149085,1326.41941,6,2109,4,2080
20260726_formal4t4_reuse_intensive_RateFIFO@rho0.5_rep0,0,RateFIFO@rho0.5,RateFIFO,134,reuse_intensive:rep0:req134,reuse_intensive,0,0,2,L0000,1024,0,0,True,1785046131.3581963,1024,1024,1024,3.7890501022338867,False,False,False,False,1024,16.48,1,1,1056.0,True,cache_reused,False,False,0,0.0,b2b3dd2031c6eb3242c35797e3c71c2d587ff903127346c04c7c041973b7757f,True,,,1,0,528.648467,1326.104394,6,1085,4,1056
20260726_formal4t4_reuse_intensive_RateFIFO@rho0.5_rep0,0,RateFIFO@rho0.5,RateFIFO,135,reuse_intensive:rep0:req135,reuse_intensive,0,0,0,L0000,1024,0,0,True,1785046131.3582237,1024,1024,1024,3.7890775203704834,False,False,False,False,1024,14.48,1,1,1056.0,True,cache_reused,False,False,0,0.0,cb3d2d8116c94fe110992b9ff0e5eb18759c15daaeb9471264d392d5c28573fa,True,,,1,0,527.913412,1325.782866,6,1085,4,1056
20260726_formal4t4_reuse_intensive_RateFIFO@rho0.5_rep0,0,RateFIFO@rho0.5,RateFIFO,136,reuse_intensive:rep0:req136,reuse_intensive,0,62,0,L0062,2048,3,,False,1785046132.6868927,0,0,0,,False,False,False,False,0,0.0,0,0,32.0,False,cache_miss,False,False,0,0.0,d9e49ae32b7972033471cdf22fe04c46956f7a7f4aada230cac5b5123a555ee1,True,,,1,0,3300.469849,3818.91066,6,2109,4,32
20260726_formal4t4_reuse_intensive_RateFIFO@rho0.5_rep0,0,RateFIFO@rho0.5,RateFIFO,137,reuse_intensive:rep0:req137,reuse_intensive,0,0,1,L0000,1024,0,0,True,1785046132.686954,1024,1024,1024,1.329648494720459,False,False,False,False,1024,20.48,1,1,1056.0,True,cache_reused,False,False,0,0.0,fbebbf6e2cedc72ad3bc7cb4fbe1db3a953d17d294dcb9ec6fcef7947696ec53,True,,,1,0,130.175837,788.511615,6,1085,4,1056
20260726_formal4t4_reuse_intensive_RateFIFO@rho0.5_rep0,0,RateFIFO@rho0.5,RateFIFO,138,reuse_intensive:rep0:req138,reuse_intensive,0,0,2,L0000,1024,0,0,True,1785046132.6869915,1024,1024,1024,1.329685926437378,False,False,False,False,1024,18.48,1,1,1056.0,True,cache_reused,False,False,0,0.0,9fe7b891e145b410dfa6c0e70c26772074deda2e7b214f8e5abc8026ebf5c477,True,,,1,0,403.63943,975.408576,6,1085,4,1056
20260726_formal4t4_reuse_intensive_RateFIFO@rho0.5_rep0,0,RateFIFO@rho0.5,RateFIFO,139,reuse_intensive:rep0:req139,reuse_intensive,0,2,0,L0002,1024,0,0,True,1785046132.6870198,1024,1024,1024,20.564916133880615,False,False,False,False,1024,16.48,1,1,1056.0,True,cache_reused,False,False,0,0.0,fd11dace679a3027e562b932dcf59c330c65ea7a762829c3ddc6abb943073445,True,,,1,0,403.349338,975.042869,6,1085,4,1056
20260726_formal4t4_reuse_intensive_RateFIFO@rho0.5_rep0,0,RateFIFO@rho0.5,RateFIFO,140,reuse_intensive:rep0:req140,reuse_intensive,0,5,2,L0005,2048,0,0,True,1785046136.5065384,2048,2048,2048,44.32971668243408,False,False,False,False,2048,40.96,1,1,2080.0,True,cache_reused,False,False,0,0.0,48e884c01fd795ebbda13b50d8f03414a8b089c6fdc63d5d1c0d2782ff95e094,True,,,1,0,300.53889,1662.660745,6,2109,4,2080
20260726_formal4t4_reuse_intensive_RateFIFO@rho0.5_rep0,0,RateFIFO@rho0.5,RateFIFO,141,reuse_intensive:rep0:req141,reuse_intensive,0,3,2,L0003,2048,0,0,True,1785046136.5065603,2048,2048,2048,74.28158831596375,False,False,False,False,2048,38.96,1,1,2080.0,True,cache_reused,False,False,0,0.0,f14ddb572953192315ab4ecfbb70e55b6daac29f9799e4cfe4f678626aa7853d,True,,,1,0,865.294033,1932.016578,6,2109,4,2080
20260726_formal4t4_reuse_intensive_RateFIFO@rho0.5_rep0,0,RateFIFO@rho0.5,RateFIFO,142,reuse_intensive:rep0:req142,reuse_intensive,0,0,0,L0000,1024,0,0,True,1785046136.5065744,1024,1024,1024,3.8206310272216797,False,False,False,False,1024,16.48,1,1,1056.0,True,cache_reused,False,False,0,0.0,ed65a3897d34b3f15c10cc68f30db7fde2658b40e64e180fcfa9ff4ef89efed5,True,,,1,0,864.80424,1931.331862,6,1085,4,1056
20260726_formal4t4_reuse_intensive_RateFIFO@rho0.5_rep0,0,RateFIFO@rho0.5,RateFIFO,143,reuse_intensive:rep0:req143,reuse_intensive,0,43,1,L0043,4096,3,,False,1785046136.506585,4096,0,0,192.8438594341278,True,True,False,False,0,0.0,0,0,32.0,False,cache_miss,False,False,0,0.0,65591dde69c9c92772c312af1a8cded02b98aa8be01d24f7adbfcc35896ddb60,True,,,1,0,10949.735289,11831.65717,6,4157,4,32
20260726_formal4t4_reuse_intensive_RateFIFO@rho0.5_rep0,0,RateFIFO@rho0.5,RateFIFO,144,reuse_intensive:rep0:req144,reuse_intensive,0,37,0,L0037,4096,1,,False,1785046148.3403554,0,0,0,,False,False,False,False,0,0.0,0,0,32.0,False,cache_miss,False,False,0,0.0,caa6eb7794f0af1a4194460c6a5cf0ea30ac99bad3cef1eb5b11f35165b70818,True,,,1,0,10880.876237,11771.545916,6,4157,4,32
20260726_formal4t4_reuse_intensive_RateFIFO@rho0.5_rep0,0,RateFIFO@rho0.5,RateFIFO,145,reuse_intensive:rep0:req145,reuse_intensive,0,3,0,L0003,2048,0,0,True,1785046148.3403862,2048,2048,2048,86.11541414260864,False,False,False,False,2048,40.96,1,1,2080.0,True,cache_reused,False,False,0,0.0,a9da50a84bda18b6866106c6e7073830196c850a31f353497e453c4bd114ba16,True,,,1,0,646.665239,1832.379771,6,2109,4,2080
20260726_formal4t4_reuse_intensive_RateFIFO@rho0.5_rep0,0,RateFIFO@rho0.5,RateFIFO,146,reuse_intensive:rep0:req146,reuse_intensive,0,1,1,L0001,2048,0,0,True,1785046148.3404045,2048,2048,2048,41.99805688858032,False,False,False,False,2048,38.96,1,1,2080.0,True,cache_reused,False,False,0,0.0,bf47775ee8f5e7272a177291598b3f0d173a3132593cff2623789971391aed7f,True,,,1,0,645.808689,1831.506017,6,2109,4,2080
20260726_formal4t4_reuse_intensive_RateFIFO@rho0.5_rep0,0,RateFIFO@rho0.5,RateFIFO,147,reuse_intensive:rep0:req147,reuse_intensive,0,0,1,L0000,1024,0,0,True,1785046148.3404176,1024,1024,1024,15.654474258422852,False,False,False,False,1024,16.48,1,1,1056.0,True,cache_reused,False,False,0,0.0,2dae853a570cf368954f215ba349841208c29082f5c3fb874df776a96062ae17,True,,,1,0,1039.253218,1931.625892,6,1085,4,1056
20260726_formal4t4_reuse_intensive_RateFIFO@rho0.5_rep0,0,RateFIFO@rho0.5,RateFIFO,148,reuse_intensive:rep0:req148,reuse_intensive,0,1,2,L0001,2048,0,0,False,1785046160.1133366,2048,2048,2048,53.77098894119263,False,False,False,False,2048,0.0,1,1,2080.0,False,cache_reused,False,False,0,0.0,d99a71ce0de3e2bfedc21a12bd736f84d33feda67e4e8fc94ce0b64a0485f9f2,True,,,1,0,359.056309,1495.260736,6,2109,4,2080
20260726_formal4t4_reuse_intensive_RateFIFO@rho0.5_rep0,0,RateFIFO@rho0.5,RateFIFO,149,reuse_intensive:rep0:req149,reuse_intensive,0,2,1,L0002,1024,0,0,True,1785046160.1133873,1024,1024,1024,47.991283655166626,False,False,False,False,1024,18.48,1,1,1056.0,True,cache_reused,False,False,0,0.0,609b384a1508dbecff838c58392509e9185bca7b2126641db9807676a4624cd1,True,,,1,0,848.91503,1680.352424,6,1085,4,1056
20260726_formal4t4_reuse_intensive_RateFIFO@rho0.5_rep0,0,RateFIFO@rho0.5,RateFIFO,150,reuse_intensive:rep0:req150,reuse_intensive,0,2,2,L0002,1024,0,0,True,1785046160.1134305,1024,1024,1024,47.99132680892944,False,False,False,False,1024,16.48,1,1,1056.0,True,cache_reused,False,False,0,0.0,844770ad268fa06473237d7d6cc445d448ea4374b2be3ac3eb83de17aff66174,True,,,1,0,848.190356,1680.155575,6,1085,4,1056
20260726_formal4t4_reuse_intensive_RateFIFO@rho0.5_rep0,0,RateFIFO@rho0.5,RateFIFO,151,reuse_intensive:rep0:req151,reuse_intensive,0,4,2,L0004,1024,0,0,True,1785046160.1134582,1024,1024,1024,71.0264937877655,False,False,False,False,1024,14.48,1,1,1056.0,True,cache_reused,False,False,0,0.0,943c91a251ee732fa64a2d3f43052e6f180b026ec03d67be4a7a6783b206320c,True,,,1,0,847.820933,1679.494222,6,1085,4,1056
20260726_formal4t4_reuse_intensive_RateFIFO@rho0.5_rep0,0,RateFIFO@rho0.5,RateFIFO,152,reuse_intensive:rep0:req152,reuse_intensive,0,0,2,L0000,1024,0,0,False,1785046161.7962267,1024,1024,1024,29.110283374786377,False,False,False,False,1024,0.0,1,1,1056.0,False,cache_reused,False,False,0,0.0,154e0a89bb3cdacc6a2ae1868a13f7b0f30996b8cbd6be5f766c6da2e62458ee,True,,,1,0,129.33661,811.36227,6,1085,4,1056
20260726_formal4t4_reuse_intensive_RateFIFO@rho0.5_rep0,0,RateFIFO@rho0.5,RateFIFO,153,reuse_intensive:rep0:req153,reuse_intensive,0,0,0,L0000,1024,0,0,True,1785046161.7962856,1024,1024,1024,29.110342264175415,False,False,False,False,1024,18.48,1,1,1056.0,True,cache_reused,False,False,0,0.0,b3c48a841d7e641e4fd5260345d55014ecf3ff039ae2bdd01408ccde38950008,True,,,1,0,409.332875,1006.854615,6,1085,4,1056
20260726_formal4t4_reuse_intensive_RateFIFO@rho0.5_rep0,0,RateFIFO@rho0.5,RateFIFO,154,reuse_intensive:rep0:req154,reuse_intensive,0,10,1,L0010,1024,0,0,True,1785046161.7963216,1024,1024,1024,183.0960659980774,False,False,False,False,1024,16.48,1,1,1056.0,True,cache_reused,False,False,0,0.0,85578f7f4f81c2697551b7f69154a6721beb126511cca2eda299fea1010dc54c,True,,,1,0,409.017427,1006.603205,6,1085,4,1056
20260726_formal4t4_reuse_intensive_RateFIFO@rho0.5_rep0,0,RateFIFO@rho0.5,RateFIFO,155,reuse_intensive:rep0:req155,reuse_intensive,0,51,0,L0051,4096,1,,False,1785046161.7963457,0,0,0,,False,False,False,False,0,0.0,0,0,32.0,False,cache_miss,False,False,0,0.0,8bb12a73fd1c41ce6533b67cc495a0c5b5b9e2534f210fa1c27cc0329fc05d51,True,,,1,0,9948.278709,10791.207135,6,4157,4,32
20260726_formal4t4_reuse_intensive_RateFIFO@rho0.5_rep0,0,RateFIFO@rho0.5,RateFIFO,156,reuse_intensive:rep0:req156,reuse_intensive,0,0,1,L0000,1024,0,0,True,1785046172.590562,1024,1024,1024,39.90461874008179,False,False,False,False,1024,20.48,1,1,1056.0,True,cache_reused,False,False,0,0.0,86116e46abdfd4cc523ff83da83d52e71995007bd26a1cfb860b71d3a524da2a,True,,,1,0,266.439582,1221.040737,6,1085,4,1056
20260726_formal4t4_reuse_intensive_RateFIFO@rho0.5_rep0,0,RateFIFO@rho0.5,RateFIFO,157,reuse_intensive:rep0:req157,reuse_intensive,0,0,2,L0000,1024,0,0,True,1785046172.5906105,1024,1024,1024,39.904667139053345,False,False,False,False,1024,18.48,1,1,1056.0,True,cache_reused,False,False,0,0.0,0fca6e5180e40a65abc268e99977e1f52f93dd068ec6ed4585e6917755665390,True,,,1,0,668.327473,1492.677541,6,1085,4,1056
20260726_formal4t4_reuse_intensive_RateFIFO@rho0.5_rep0,0,RateFIFO@rho0.5,RateFIFO,158,reuse_intensive:rep0:req158,reuse_intensive,0,14,2,L0014,2048,0,0,True,1785046172.5906417,2048,2048,2048,68.543377161026,False,False,False,False,2048,36.96,1,1,2080.0,True,cache_reused,False,False,0,0.0,491c1210e8bb9ff0c9e3686a04fd546130c7dbe223591254fee5c8987639d790,True,,,1,0,667.789896,1492.285663,6,2109,4,2080
20260726_formal4t4_reuse_intensive_RateFIFO@rho0.5_rep0,0,RateFIFO@rho0.5,RateFIFO,159,reuse_intensive:rep0:req159,reuse_intensive,0,36,1,L0036,1024,2,,False,1785046172.5906675,1024,0,0,228.9279420375824,True,True,False,False,0,0.0,0,0,32.0,False,cache_miss,False,False,0,0.0,325e59ec45bc1f5c62d07c773d554441c4660032a024d731ce97a28d5b22ee88,True,,,1,0,1027.310617,1321.729678,6,1085,4,32
20260726_formal4t4_reuse_intensive_RateFIFO@rho0.5_rep0,0,RateFIFO@rho0.5,RateFIFO,160,reuse_intensive:rep0:req160,reuse_intensive,1,64,0,L0064,1024,2,,False,1785046174.085504,0,0,0,,False,False,False,False,0,0.0,0,0,32.0,False,cache_miss,False,False,0,0.0,eb9c1bdb82ab8e7f4b6751af2f8b4640b0c9a991ccc5736ccfa35bc447bb40f4,True,,,1,0,900.853707,1197.676515,6,1085,4,32
20260726_formal4t4_reuse_intensive_RateFIFO@rho0.5_rep0,0,RateFIFO@rho0.5,RateFIFO,161,reuse_intensive:rep0:req161,reuse_intensive,1,64,1,L0064,1024,0,,False,1785046174.0855432,0,0,0,,False,False,False,False,0,0.0,0,0,32.0,False,cache_miss,False,False,0,0.0,c1d46c861d6473218295428ef924684302aec9cf7368c0c950c524f0652e8ed0,True,,,1,0,899.153431,1195.015137,6,1085,4,32
20260726_formal4t4_reuse_intensive_RateFIFO@rho0.5_rep0,0,RateFIFO@rho0.5,RateFIFO,162,reuse_intensive:rep0:req162,reuse_intensive,1,75,0,L0075,1024,1,,False,1785046174.0855682,0,0,0,,False,False,False,False,0,0.0,0,0,32.0,False,cache_miss,False,False,0,0.0,315cc081148042768811897ef4cd9d906c8d1e95877884a4234d1076bbb0b1ee,True,,,1,0,898.565557,1205.343705,6,1085,4,32
20260726_formal4t4_reuse_intensive_RateFIFO@rho0.5_rep0,0,RateFIFO@rho0.5,RateFIFO,163,reuse_intensive:rep0:req163,reuse_intensive,1,105,0,L0105,2048,3,,False,1785046174.0855887,0,0,0,,False,False,False,False,0,0.0,0,0,16.0,False,cache_miss,False,False,0,0.0,beeb78c3eb841d8b3428a6e32d4ddbe7d7209d9c67c2cb4fb749ccbd03e01720,True,,,1,0,3190.632354,3702.042919,6,2109,4,16
20260726_formal4t4_reuse_intensive_RateFIFO@rho0.5_rep0,0,RateFIFO@rho0.5,RateFIFO,164,reuse_intensive:rep0:req164,reuse_intensive,1,64,2,L0064,1024,2,,False,1785046177.790445,1024,0,0,234.1277196407318,True,True,False,False,0,0.0,0,0,1056.0,False,cache_reused,False,False,0,0.0,40489b408d9d10fcbfcd966916d08f1cbfbe183d193487c3de48e8cbaee9f11f,True,,,1,0,229.125797,571.272695,6,1085,4,1056
20260726_formal4t4_reuse_intensive_RateFIFO@rho0.5_rep0,0,RateFIFO@rho0.5,RateFIFO,165,reuse_intensive:rep0:req165,reuse_intensive,1,84,0,L0084,2048,1,,False,1785046177.790486,0,0,0,,False,False,False,False,0,0.0,0,0,32.0,False,cache_miss,False,False,0,0.0,0656703c2d03596ac5121e16cbfe52a0fa99a4f103c23edafa40e393eb5e05a6,True,,,1,0,3033.056302,3516.878441,6,2109,4,32
20260726_formal4t4_reuse_intensive_RateFIFO@rho0.5_rep0,0,RateFIFO@rho0.5,RateFIFO,166,reuse_intensive:rep0:req166,reuse_intensive,1,66,0,L0066,2048,0,,False,1785046177.790512,0,0,0,,False,False,False,False,0,0.0,0,0,32.0,False,cache_miss,False,False,0,0.0,9a1ba2e8afaa78c6e5edac8b2be72287a988dffbe6503cab3afc95ccb4e12768,True,,,1,0,3193.302352,3726.191625,6,2109,4,32
20260726_formal4t4_reuse_intensive_RateFIFO@rho0.5_rep0,0,RateFIFO@rho0.5,RateFIFO,167,reuse_intensive:rep0:req167,reuse_intensive,1,65,0,L0065,2048,3,,False,1785046177.7905347,0,0,0,,False,False,False,False,0,0.0,0,0,32.0,False,cache_miss,False,False,0,0.0,f239760245a6c82c965b91d54275bc027f4d978fcfb9f4d3812c182d0c19590a,True,,,1,0,3182.858728,3683.162116,6,2109,4,32
20260726_formal4t4_reuse_intensive_RateFIFO@rho0.5_rep0,0,RateFIFO@rho0.5,RateFIFO,168,reuse_intensive:rep0:req168,reuse_intensive,1,100,0,L0100,4096,2,,False,1785046181.519265,0,0,0,,False,False,False,False,0,0.0,0,0,16.0,False,cache_miss,False,False,0,0.0,88f988471dfd58b44878fe58e49e8eecbc452bd221e13c37fc08fe427fd0a1ac,True,,,1,0,9800.010453,10652.976344,6,4157,4,16
20260726_formal4t4_reuse_intensive_RateFIFO@rho0.5_rep0,0,RateFIFO@rho0.5,RateFIFO,169,reuse_intensive:rep0:req169,reuse_intensive,1,93,0,L0093,2048,3,,False,1785046181.5193038,0,0,0,,False,False,False,False,0,0.0,0,0,32.0,False,cache_miss,False,False,0,0.0,1b62b97209308605d87bf11215aceb61f7b3450a246c097185e351d6ba72113c,True,,,1,0,3301.974004,3827.794809,6,2109,4,32
20260726_formal4t4_reuse_intensive_RateFIFO@rho0.5_rep0,0,RateFIFO@rho0.5,RateFIFO,170,reuse_intensive:rep0:req170,reuse_intensive,1,88,0,L0088,1024,0,,False,1785046181.5193305,0,0,0,,False,False,False,False,0,0.0,0,0,32.0,False,cache_miss,False,False,0,0.0,94309264b50eedef67bab382d6bd3441138f3fbd060e55813d0d04f02d3a6a3d,True,,,1,0,951.452264,1246.041474,6,1085,4,32
20260726_formal4t4_reuse_intensive_RateFIFO@rho0.5_rep0,0,RateFIFO@rho0.5,RateFIFO,171,reuse_intensive:rep0:req171,reuse_intensive,1,112,0,L0112,4096,1,,False,1785046181.519352,0,0,0,,False,False,False,False,0,0.0,0,0,16.0,False,cache_miss,False,False,0,0.0,42aaa1a0e31f3105406a099c99602d01e896fa177d5d5fa53d377acd7abb77b6,True,,,1,0,10410.858021,11277.323716,6,4157,4,16
20260726_formal4t4_reuse_intensive_RateFIFO@rho0.5_rep0,0,RateFIFO@rho0.5,RateFIFO,172,reuse_intensive:rep0:req172,reuse_intensive,1,67,0,L0067,1024,2,,False,1785046192.7995725,0,0,0,,False,False,False,False,0,0.0,0,0,32.0,False,cache_miss,False,False,0,0.0,8f9105cbd2be05d0b6a286e5a616481a4d7f597135ce8849460591f273659895,True,,,1,0,874.320095,1424.521559,6,1085,4,32
20260726_formal4t4_reuse_intensive_RateFIFO@rho0.5_rep0,0,RateFIFO@rho0.5,RateFIFO,173,reuse_intensive:rep0:req173,reuse_intensive,1,68,0,L0068,2048,0,,False,1785046192.7995927,0,0,0,,False,False,False,False,0,0.0,0,0,32.0,False,cache_miss,False,False,0,0.0,f0cab77172cef00126694b5055602d762cd253f0104159bec736109232ea8c6b,True,,,1,0,3227.505935,3720.543247,6,2109,4,32
20260726_formal4t4_reuse_intensive_RateFIFO@rho0.5_rep0,0,RateFIFO@rho0.5,RateFIFO,174,reuse_intensive:rep0:req174,reuse_intensive,1,81,0,L0081,1024,1,,False,1785046192.7996047,0,0,0,,False,False,False,False,0,0.0,0,0,32.0,False,cache_miss,False,False,0,0.0,0e08753b9f8e778dc1fe60b0ba5ddc4b1b06653e2f4f167d9f655e0e0f559c9a,True,,,1,0,1047.941921,1376.063672,6,1085,4,32
20260726_formal4t4_reuse_intensive_RateFIFO@rho0.5_rep0,0,RateFIFO@rho0.5,RateFIFO,175,reuse_intensive:rep0:req175,reuse_intensive,1,64,0,L0064,1024,2,2,True,1785046192.799623,1024,1024,1024,11.281288146972656,False,False,False,False,1024,18.48,1,1,1056.0,True,cache_reused,False,False,0,0.0,e7a4e397ca7182a912f61f4e9bd6dd4eb29b16175d910b712659df7cc42d961b,True,,,1,0,1062.179669,1525.185162,6,1085,4,1056
20260726_formal4t4_reuse_intensive_RateFIFO@rho0.5_rep0,0,RateFIFO@rho0.5,RateFIFO,176,reuse_intensive:rep0:req176,reuse_intensive,1,69,0,L0069,2048,3,,False,1785046196.5216033,0,0,0,,False,False,False,False,0,0.0,0,0,32.0,False,cache_miss,False,False,0,0.0,34cab7b1cdc94e8155abc9083324783954dbc2eb95fe9eb660aa52c7a8d3f8f6,True,,,1,0,3173.326602,3662.450632,6,2109,4,32
20260726_formal4t4_reuse_intensive_RateFIFO@rho0.5_rep0,0,RateFIFO@rho0.5,RateFIFO,177,reuse_intensive:rep0:req177,reuse_intensive,1,87,0,L0087,2048,2,,False,1785046196.5216417,0,0,0,,False,False,False,False,0,0.0,0,0,32.0,False,cache_miss,False,False,0,0.0,804d8606c6a20e8b3eff156253f0118a271a75b599c3333d2cfbf3ec722bdd97,True,,,1,0,3208.164683,3972.331826,6,2109,4,32
20260726_formal4t4_reuse_intensive_RateFIFO@rho0.5_rep0,0,RateFIFO@rho0.5,RateFIFO,178,reuse_intensive:rep0:req178,reuse_intensive,1,64,1,L0064,1024,2,2,True,1785046196.5216813,1024,1024,1024,15.00334644317627,False,False,False,False,1024,18.48,1,1,1056.0,True,cache_reused,False,False,0,0.0,4c04d5759cb1dc4c5df9f98e4c082febc9e18e9d55aa6841b899ba3af0d46608,True,,,1,0,3207.653296,3971.969512,6,1085,4,1056
20260726_formal4t4_reuse_intensive_RateFIFO@rho0.5_rep0,0,RateFIFO@rho0.5,RateFIFO,179,reuse_intensive:rep0:req179,reuse_intensive,1,64,2,L0064,1024,2,2,True,1785046196.5217152,1024,1024,1024,15.003380298614502,False,False,False,False,1024,16.48,1,1,1056.0,True,cache_reused,False,False,0,0.0,48753c12b87abe9b67e5dd33647d13492157c1dd9b40a2301a6d1a02c3b015c0,True,,,1,0,3207.287978,3971.605188,6,1085,4,1056
20260726_formal4t4_reuse_intensive_RateFIFO@rho0.5_rep0,0,RateFIFO@rho0.5,RateFIFO,180,reuse_intensive:rep0:req180,reuse_intensive,1,69,1,L0069,2048,1,,False,1785046200.4964647,2048,0,0,256.8337392807007,True,True,False,False,0,0.0,0,0,32.0,False,cache_miss,False,False,0,0.0,b9b4a5a39a3b5b38f8d48a5eacce22915d98828f550e3a4dbef806ad91551f44,True,,,1,0,3299.100806,3808.206676,6,2109,4,32
20260726_formal4t4_reuse_intensive_RateFIFO@rho0.5_rep0,0,RateFIFO@rho0.5,RateFIFO,181,reuse_intensive:rep0:req181,reuse_intensive,1,65,1,L0065,2048,3,,False,1785046200.4965034,2048,0,0,256.8337779045105,True,True,False,False,0,0.0,0,0,2080.0,False,cache_reused,False,False,0,0.0,1449e675fad0c4e24a8cd4b61379c84f242f3a01221c6730e3fb12c0b5e8c50c,True,,,1,0,199.402014,697.536628,6,2109,4,2080
20260726_formal4t4_reuse_intensive_RateFIFO@rho0.5_rep0,0,RateFIFO@rho0.5,RateFIFO,182,reuse_intensive:rep0:req182,reuse_intensive,1,77,0,L0077,1024,2,,False,1785046200.4965317,0,0,0,,False,False,False,False,0,0.0,0,0,32.0,False,cache_miss,False,False,0,0.0,8f3a9af3da16d1817a096e41bf74f35963ef86607e062c781fd5efc5e9f6042c,True,,,1,0,868.360828,1159.490803,6,1085,4,32
20260726_formal4t4_reuse_intensive_RateFIFO@rho0.5_rep0,0,RateFIFO@rho0.5,RateFIFO,183,reuse_intensive:rep0:req183,reuse_intensive,1,70,0,L0070,4096,0,,False,1785046200.4965534,0,0,0,,False,False,False,False,0,0.0,0,0,32.0,False,cache_miss,False,False,0,0.0,476cf1b8e85b01dc3c223eafda49c28f52503153c35f6fd2506f69f66a016076,True,,,1,0,11060.675687,11976.466243,6,4157,4,32
20260726_formal4t4_reuse_intensive_RateFIFO@rho0.5_rep0,0,RateFIFO@rho0.5,RateFIFO,184,reuse_intensive:rep0:req184,reuse_intensive,1,65,2,L0065,2048,1,,False,1785046212.476415,2048,0,0,268.81368947029114,True,True,False,False,0,0.0,0,0,32.0,False,cache_miss,False,False,0,0.0,97804c3dc9b7f22153b7598276fa2de59bd5134faf65169c19cfa009272e60c0,True,,,1,0,3167.712399,3658.685095,6,2109,4,32
20260726_formal4t4_reuse_intensive_RateFIFO@rho0.5_rep0,0,RateFIFO@rho0.5,RateFIFO,185,reuse_intensive:rep0:req185,reuse_intensive,1,64,0,L0064,1024,2,2,True,1785046212.4764702,1024,1024,1024,30.95813536643982,False,False,False,False,1024,20.48,1,1,1056.0,True,cache_reused,False,False,0,0.0,520c2325563ccd414e4359c83eaaccd3567cf4100065282ed186119c4e188ac3,True,,,1,0,240.250407,776.772626,6,1085,4,1056
20260726_formal4t4_reuse_intensive_RateFIFO@rho0.5_rep0,0,RateFIFO@rho0.5,RateFIFO,186,reuse_intensive:rep0:req186,reuse_intensive,1,67,1,L0067,1024,2,2,True,1785046212.476509,1024,1024,1024,15.955689668655396,False,False,False,False,1024,18.48,1,1,1056.0,True,cache_reused,False,False,0,0.0,9608602d08a4121f374cddad9ae5a978a6e55327bd46672eb4a7509f0059395b,True,,,1,0,421.099926,871.686955,6,1085,4,1056
20260726_formal4t4_reuse_intensive_RateFIFO@rho0.5_rep0,0,RateFIFO@rho0.5,RateFIFO,187,reuse_intensive:rep0:req187,reuse_intensive,1,69,2,L0069,2048,3,3,True,1785046212.47654,2048,2048,2048,11.980953454971313,False,False,False,False,2048,40.96,1,1,2080.0,True,cache_reused,False,False,0,0.0,1705a14229511a61868c86985f4cb5a463c3bb86c84b2f41f5a89bc186fea454,True,,,1,0,324.38168,827.328765,6,2109,4,2080
20260726_formal4t4_reuse_intensive_RateFIFO@rho0.5_rep0,0,RateFIFO@rho0.5,RateFIFO,188,reuse_intensive:rep0:req188,reuse_intensive,1,64,1,L0064,1024,2,2,True,1785046216.1364312,1024,1024,1024,34.618096351623535,False,False,False,False,1024,20.48,1,1,1056.0,True,cache_reused,False,False,0,0.0,98146d6106d63e4b1a74815fac306f60b7d0b6d105488989865a39dbdf199c1f,True,,,1,0,224.648467,877.776722,6,1085,4,1056
20260726_formal4t4_reuse_intensive_RateFIFO@rho0.5_rep0,0,RateFIFO@rho0.5,RateFIFO,189,reuse_intensive:rep0:req189,reuse_intensive,1,64,2,L0064,1024,2,2,True,1785046216.1364787,1024,1024,1024,34.618143796920776,False,False,False,False,1024,18.48,1,1,1056.0,True,cache_reused,False,False,0,0.0,b97d0c9b0aa374176b83e4aaa439f6fcf16228bb732886d6d06a9bd40f2f2f75,True,,,1,0,517.871951,1055.322976,6,1085,4,1056
20260726_formal4t4_reuse_intensive_RateFIFO@rho0.5_rep0,0,RateFIFO@rho0.5,RateFIFO,190,reuse_intensive:rep0:req190,reuse_intensive,1,67,2,L0067,1024,2,2,True,1785046216.136512,1024,1024,1024,19.615692615509033,False,False,False,False,1024,16.48,1,1,1056.0,True,cache_reused,False,False,0,0.0,ec70fbef0ac054857abd66606df2133c3644d82a1d22bef38f035907628e6786,True,,,1,0,517.429112,1055.059326,6,1085,4,1056
20260726_formal4t4_reuse_intensive_RateFIFO@rho0.5_rep0,0,RateFIFO@rho0.5,RateFIFO,191,reuse_intensive:rep0:req191,reuse_intensive,1,69,0,L0069,2048,3,1;3,True,1785046216.1365447,2048,2048,2048,15.640958070755005,False,False,False,False,2048,40.96,2,2,2080.0,True,cache_reused,False,False,0,0.0,6bf66a14cabe0b8d1f81e29e54197f4035a6a8c56dcfe58f36b931ed04ead6d0,True,,,1,0,312.507702,823.631998,6,2109,4,2080
20260726_formal4t4_reuse_intensive_RateFIFO@rho0.5_rep0,0,RateFIFO@rho0.5,RateFIFO,192,reuse_intensive:rep0:req192,reuse_intensive,1,67,0,L0067,1024,2,2,True,1785046217.1938095,1024,1024,1024,20.672990083694458,False,False,False,False,1024,20.48,1,1,1056.0,True,cache_reused,False,False,0,0.0,e6520e396210fb577a0c5b11bf700701467fa3e293ffbb475dda37c836d95caf,True,,,1,0,119.758688,405.220095,6,1085,4,1056
20260726_formal4t4_reuse_intensive_RateFIFO@rho0.5_rep0,0,RateFIFO@rho0.5,RateFIFO,193,reuse_intensive:rep0:req193,reuse_intensive,1,72,0,L0072,4096,1,,False,1785046217.1938555,0,0,0,,False,False,False,False,0,0.0,0,0,32.0,False,cache_miss,False,False,0,0.0,361be77709bd906209f59165a06b7b253cc115c93441d5ef17c4641c2a502db2,True,,,1,0,11578.529882,12935.740589,6,4157,4,32
20260726_formal4t4_reuse_intensive_RateFIFO@rho0.5_rep0,0,RateFIFO@rho0.5,RateFIFO,194,reuse_intensive:rep0:req194,reuse_intensive,1,103,0,L0103,4096,3,,False,1785046217.1938815,0,0,0,,False,False,False,False,0,0.0,0,0,32.0,False,cache_miss,False,False,0,0.0,b1fdf9d7e924013d9fa2a5ef8fb7c521036dea51a96f1df2bdfcfa9a3cfd2ad4,True,,,1,0,9927.489044,10745.528811,6,4157,4,32
20260726_formal4t4_reuse_intensive_RateFIFO@rho0.5_rep0,0,RateFIFO@rho0.5,RateFIFO,195,reuse_intensive:rep0:req195,reuse_intensive,1,65,0,L0065,2048,1,1,True,1785046217.1939142,2048,2048,2048,1.058387279510498,False,False,False,False,2048,38.96,1,1,2080.0,True,cache_reused,False,False,0,0.0,b279174100fd2300a7d90ccdc3896ab005021041df0e5e5a2ea0ae03777e0888,True,,,1,0,11576.791699,12933.900747,6,2109,4,2080
20260726_formal4t4_reuse_intensive_RateFIFO@rho0.5_rep0,0,RateFIFO@rho0.5,RateFIFO,196,reuse_intensive:rep0:req196,reuse_intensive,1,64,0,L0064,1024,2,2,False,1785046230.131879,1024,1024,1024,12.938879489898682,False,False,False,False,1024,0.0,1,1,1056.0,False,cache_reused,False,False,0,0.0,3dcc74b3c985abbc33db9f6e914be3255766b9f0a4bc2b7a2cae4a6c4ad508b0,True,,,1,0,248.987089,626.133322,6,1085,4,1056
20260726_formal4t4_reuse_intensive_RateFIFO@rho0.5_rep0,0,RateFIFO@rho0.5,RateFIFO,197,reuse_intensive:rep0:req197,reuse_intensive,1,64,1,L0064,1024,2,2,True,1785046230.1319308,1024,1024,1024,12.938931226730347,False,False,False,False,1024,18.48,1,1,1056.0,True,cache_reused,False,False,0,0.0,6333eec5d408ed385a481a2b836e0be94177b209f649886cfe23f2e66d34d8d2,True,,,1,0,405.044722,731.55305,6,1085,4,1056
20260726_formal4t4_reuse_intensive_RateFIFO@rho0.5_rep0,0,RateFIFO@rho0.5,RateFIFO,198,reuse_intensive:rep0:req198,reuse_intensive,1,77,1,L0077,1024,0,,False,1785046230.1319585,1024,0,0,286.46923303604126,True,True,False,False,0,0.0,0,0,32.0,False,cache_miss,False,False,0,0.0,32d76e2901a6f00590832c75aabf7adebaf239c1bffe31af29632d9aef63730d,True,,,1,0,1070.520358,1388.632056,6,1085,4,32
20260726_formal4t4_reuse_intensive_RateFIFO@rho0.5_rep0,0,RateFIFO@rho0.5,RateFIFO,199,reuse_intensive:rep0:req199,reuse_intensive,1,64,2,L0064,1024,2,2,True,1785046230.1319897,1024,1024,1024,12.938990116119385,False,False,False,False,1024,16.48,1,1,1056.0,True,cache_reused,False,False,0,0.0,f6955aec43a46247ffe920fb40e451164fd40d86a324bfb9cf816d45349cd427,True,,,1,0,403.948963,730.615739,6,1085,4,1056
20260726_formal4t4_reuse_intensive_RateFIFO@rho0.5_rep0,0,RateFIFO@rho0.5,RateFIFO,200,reuse_intensive:rep0:req200,reuse_intensive,1,64,0,L0064,1024,2,2,True,1785046231.5231323,1024,1024,1024,14.330132722854614,False,False,False,False,1024,20.48,1,1,1056.0,True,cache_reused,False,False,0,0.0,decc15d19406bae51bf7cc1684562a5149ca012c8fec03f07adba915fcd3a092,True,,,1,0,122.960242,441.83848,6,1085,4,1056
20260726_formal4t4_reuse_intensive_RateFIFO@rho0.5_rep0,0,RateFIFO@rho0.5,RateFIFO,201,reuse_intensive:rep0:req201,reuse_intensive,1,71,0,L0071,1024,3,,False,1785046231.5231752,0,0,0,,False,False,False,False,0,0.0,0,0,32.0,False,cache_miss,False,False,0,0.0,0f08fcfc873c1ac97dd1ad06eece26c047000853f33762cc792998cdbdf35887,True,,,1,0,1126.438361,1432.307164,6,1085,4,32
20260726_formal4t4_reuse_intensive_RateFIFO@rho0.5_rep0,0,RateFIFO@rho0.5,RateFIFO,202,reuse_intensive:rep0:req202,reuse_intensive,1,90,0,L0090,2048,0,,False,1785046231.523202,0,0,0,,False,False,False,False,0,0.0,0,0,32.0,False,cache_miss,False,False,0,0.0,40d728ba57e489ba411426476c5934f9ed04044c16113acd07bd31ea2532529c,True,,,1,0,3312.343404,3852.234576,6,2109,4,32
20260726_formal4t4_reuse_intensive_RateFIFO@rho0.5_rep0,0,RateFIFO@rho0.5,RateFIFO,203,reuse_intensive:rep0:req203,reuse_intensive,1,64,1,L0064,1024,2,2,True,1785046231.523236,1024,1024,1024,14.330236434936523,False,False,False,False,1024,18.48,1,1,1056.0,True,cache_reused,False,False,0,0.0,4345cb9afc9cf0c0b71bf3460033c99ab79de6868b9c68da54c5014226f653f1,True,,,1,0,229.593684,536.45444,6,1085,4,1056
20260726_formal4t4_reuse_intensive_RateFIFO@rho0.5_rep0,0,RateFIFO@rho0.5,RateFIFO,204,reuse_intensive:rep0:req204,reuse_intensive,1,72,1,L0072,4096,3,,False,1785046235.3777397,4096,0,0,291.71501421928406,True,True,False,False,0,0.0,0,0,32.0,False,cache_miss,False,False,0,0.0,feea1f137557b6f1c1020ffccc57c387735ea3c0668f0cff64d25cbbd7bd0250,True,,,1,0,11098.958706,12005.76926,6,4157,4,32
20260726_formal4t4_reuse_intensive_RateFIFO@rho0.5_rep0,0,RateFIFO@rho0.5,RateFIFO,205,reuse_intensive:rep0:req205,reuse_intensive,1,91,0,L0091,1024,1,,False,1785046235.3777986,0,0,0,,False,False,False,False,0,0.0,0,0,32.0,False,cache_miss,False,False,0,0.0,5b0b549f94c5b5dcaa75cf333849d9c8f6279393c47f7a38b0b02a1440d30226,True,,,1,0,1022.264641,1311.994586,6,1085,4,32
20260726_formal4t4_reuse_intensive_RateFIFO@rho0.5_rep0,0,RateFIFO@rho0.5,RateFIFO,206,reuse_intensive:rep0:req206,reuse_intensive,1,70,1,L0070,4096,2,,False,1785046235.3778262,4096,0,0,291.71510076522827,True,True,False,False,0,0.0,0,0,32.0,False,cache_miss,False,False,0,0.0,ac0e5f85adbf6e355efdb3d9e5a495b65f61e5df77cd249b3bfea2a36eec9642,True,,,1,0,10527.314547,11454.036195,6,4157,4,32
20260726_formal4t4_reuse_intensive_RateFIFO@rho0.5_rep0,0,RateFIFO@rho0.5,RateFIFO,207,reuse_intensive:rep0:req207,reuse_intensive,1,73,0,L0073,1024,0,,False,1785046235.3778505,0,0,0,,False,False,False,False,0,0.0,0,0,32.0,False,cache_miss,False,False,0,0.0,8931b0d20c9e88b2e7500cf7ddcd21a21a9bf0ad8c3baa66e8e0d0b33103d931,True,,,1,0,983.881574,1296.366522,6,1085,4,32
20260726_formal4t4_reuse_intensive_RateFIFO@rho0.5_rep0,0,RateFIFO@rho0.5,RateFIFO,208,reuse_intensive:rep0:req208,reuse_intensive,1,71,1,L0071,1024,3,,False,1785046247.3851268,1024,0,0,303.72240138053894,True,True,False,False,0,0.0,0,0,1056.0,False,cache_reused,False,False,0,0.0,948d86ecd75376ddba0bcacaeeaa9a980c59f6d4733934417d5c42df87b1d32e,True,,,1,0,123.325149,424.733018,6,1085,4,1056
20260726_formal4t4_reuse_intensive_RateFIFO@rho0.5_rep0,0,RateFIFO@rho0.5,RateFIFO,209,reuse_intensive:rep0:req209,reuse_intensive,1,64,2,L0064,1024,2,2,False,1785046247.3851824,1024,1024,1024,12.008235216140747,False,False,False,False,1024,0.0,1,1,1056.0,False,cache_reused,False,False,0,0.0,c275aaf8b7dee8d825d3d0e92682ac815ef90ffb8baeb17cfd6836b4c2f27706,True,,,1,0,117.553605,443.248451,6,1085,4,1056
20260726_formal4t4_reuse_intensive_RateFIFO@rho0.5_rep0,0,RateFIFO@rho0.5,RateFIFO,210,reuse_intensive:rep0:req210,reuse_intensive,1,64,0,L0064,1024,2,2,True,1785046247.3852224,1024,1024,1024,12.008275270462036,False,False,False,False,1024,18.48,1,1,1056.0,True,cache_reused,False,False,0,0.0,feb9879aad8e3228701ad4ec657a2ea70793d3865a5cbbd79d9564b6b46d59cf,True,,,1,0,227.551133,540.52986,6,1085,4,1056
20260726_formal4t4_reuse_intensive_RateFIFO@rho0.5_rep0,0,RateFIFO@rho0.5,RateFIFO,211,reuse_intensive:rep0:req211,reuse_intensive,1,113,0,L0113,4096,0,,False,1785046247.3852475,0,0,0,,False,False,False,False,0,0.0,0,0,16.0,False,cache_miss,False,False,0,0.0,44ab0a79f3c1cd9b41a661fa194d19711db91e120ba7117c4948a6a26b3087bb,True,,,1,0,10543.786842,11434.980708,6,4157,4,16
20260726_formal4t4_reuse_intensive_RateFIFO@rho0.5_rep0,0,RateFIFO@rho0.5,RateFIFO,212,reuse_intensive:rep0:req212,reuse_intensive,1,72,2,L0072,4096,3,3,True,1785046258.8234017,4096,4096,4096,11.439439058303833,False,False,False,False,4096,81.92,1,1,4128.0,True,cache_reused,False,False,0,0.0,3a4b8d204caf8fe0a2ca52b60659b49ba4041ae6da11e416e59b98777a3c8fe0,True,,,1,0,522.312817,1435.222136,6,4157,4,4128
20260726_formal4t4_reuse_intensive_RateFIFO@rho0.5_rep0,0,RateFIFO@rho0.5,RateFIFO,213,reuse_intensive:rep0:req213,reuse_intensive,1,70,2,L0070,4096,0,,False,1785046258.8234434,4096,0,0,315.16071796417236,True,True,False,False,0,0.0,0,0,4128.0,False,cache_reused,False,False,0,0.0,2afc66cc2d1feecd9e03dff27c8d0180dac31851e7ba3b36fe8693a923c04257,True,,,1,0,357.71866,1265.401127,6,4157,4,4128
20260726_formal4t4_reuse_intensive_RateFIFO@rho0.5_rep0,0,RateFIFO@rho0.5,RateFIFO,214,reuse_intensive:rep0:req214,reuse_intensive,1,73,1,L0073,1024,1,,False,1785046258.823473,1024,0,0,315.1607475280762,True,True,False,False,0,0.0,0,0,32.0,False,cache_miss,False,False,0,0.0,5d3ffeac17457d23aa272078e7cec2d605034db446104efb7ca5acb04fb06df5,True,,,1,0,1002.814263,1278.268048,6,1085,4,32
20260726_formal4t4_reuse_intensive_RateFIFO@rho0.5_rep0,0,RateFIFO@rho0.5,RateFIFO,215,reuse_intensive:rep0:req215,reuse_intensive,1,104,0,L0104,2048,2,,False,1785046258.823496,0,0,0,,False,False,False,False,0,0.0,0,0,32.0,False,cache_miss,False,False,0,0.0,c1af89bc0e1680ff094087be1335c5987b34cbf630a3b6fa64b143337f1c9f4a,True,,,1,0,3317.806703,3838.909285,6,2109,4,32
20260726_formal4t4_reuse_intensive_RateFIFO@rho0.5_rep0,0,RateFIFO@rho0.5,RateFIFO,216,reuse_intensive:rep0:req216,reuse_intensive,1,64,1,L0064,1024,2,2,False,1785046262.666469,1024,1024,1024,27.28952193260193,False,False,False,False,1024,0.0,1,1,1056.0,False,cache_reused,False,False,0,0.0,532cd181f3d5b0ab330c177bbddf4abd9f15acdb8c5596b8c20de7f63ad6c024,True,,,1,0,118.848359,489.333936,6,1085,4,1056
20260726_formal4t4_reuse_intensive_RateFIFO@rho0.5_rep0,0,RateFIFO@rho0.5,RateFIFO,217,reuse_intensive:rep0:req217,reuse_intensive,1,69,1,L0069,2048,3,1;3,False,1785046262.6665204,2048,2048,2048,62.17093372344971,False,False,False,False,2048,0.0,2,2,2080.0,False,cache_reused,False,False,0,0.0,6d78834c4aa9e10a89ac759258bf40f3df9fa55668f7a7fdc964a5b08687584e,True,,,1,0,317.16638,808.042891,6,2109,4,2080
20260726_formal4t4_reuse_intensive_RateFIFO@rho0.5_rep0,0,RateFIFO@rho0.5,RateFIFO,218,reuse_intensive:rep0:req218,reuse_intensive,1,64,2,L0064,1024,2,2,True,1785046262.6665578,1024,1024,1024,27.289610624313354,False,False,False,False,1024,18.48,1,1,1056.0,True,cache_reused,False,False,0,0.0,83b0d85c05adfbc6bd410b29732c2b39b9a6dd2a1ba64ab03d2c93db77e7a021,True,,,1,0,268.659498,594.064294,6,1085,4,1056
20260726_formal4t4_reuse_intensive_RateFIFO@rho0.5_rep0,0,RateFIFO@rho0.5,RateFIFO,219,reuse_intensive:rep0:req219,reuse_intensive,1,64,0,L0064,1024,2,2,True,1785046262.666586,1024,1024,1024,27.28963875770569,False,False,False,False,1024,16.48,1,1,1056.0,True,cache_reused,False,False,0,0.0,4ecf52f8de853018433f68fcb8e2432ae39d06de63df3d5e1207f32f2cfc7c06,True,,,1,0,267.820247,593.184155,6,1085,4,1056
20260726_formal4t4_reuse_intensive_RateFIFO@rho0.5_rep0,0,RateFIFO@rho0.5,RateFIFO,220,reuse_intensive:rep0:req220,reuse_intensive,1,65,1,L0065,2048,1,1,True,1785046263.4763687,2048,2048,2048,47.34084177017212,False,False,False,False,2048,40.96,1,1,2080.0,True,cache_reused,False,False,0,0.0,65bd2a402be14ec0e0bebb1cd6a5bfd321505351aca2ae25566ae972e1b4b0be,True,,,1,0,332.603388,828.504335,6,2109,4,2080
20260726_formal4t4_reuse_intensive_RateFIFO@rho0.5_rep0,0,RateFIFO@rho0.5,RateFIFO,221,reuse_intensive:rep0:req221,reuse_intensive,1,69,2,L0069,2048,3,1;3,True,1785046263.4764204,2048,2048,2048,62.980833768844604,False,False,False,False,2048,40.96,2,2,2080.0,True,cache_reused,False,False,0,0.0,f6a540b445f4082eb1ecfdcec6834c42fc4845f87dfe7aadcc9b37cccea78546,True,,,1,0,210.166453,742.736885,6,2109,4,2080
20260726_formal4t4_reuse_intensive_RateFIFO@rho0.5_rep0,0,RateFIFO@rho0.5,RateFIFO,222,reuse_intensive:rep0:req222,reuse_intensive,1,69,0,L0069,2048,3,1;3,True,1785046263.476458,2048,2048,2048,62.9808714389801,False,False,False,False,2048,38.96,2,2,2080.0,True,cache_reused,False,False,0,0.0,edcfdddd85b1adcfd8c0726a68368111381345d6aeae5647f4cd00c1ae6f6a1c,True,,,1,0,388.793852,906.15986,6,2109,4,2080
20260726_formal4t4_reuse_intensive_RateFIFO@rho0.5_rep0,0,RateFIFO@rho0.5,RateFIFO,223,reuse_intensive:rep0:req223,reuse_intensive,1,68,1,L0068,2048,0,,False,1785046263.4764829,2048,0,0,319.8137574195862,True,True,False,False,0,0.0,0,0,2080.0,False,cache_reused,False,False,0,0.0,2176817b8afe00fde493411a05bfd8bee33c84657a32b6fef3af245e83aa08d3,True,,,1,0,326.138764,824.797118,6,2109,4,2080
20260726_formal4t4_reuse_intensive_RateFIFO@rho0.5_rep0,0,RateFIFO@rho0.5,RateFIFO,224,reuse_intensive:rep0:req224,reuse_intensive,1,69,1,L0069,2048,1,1;3,False,1785046264.3852623,2048,2048,2048,51.909950494766235,False,False,False,False,2048,0.0,2,2,2080.0,False,cache_reused,False,False,0,0.0,e2d42b1c197776faa289c1529ce3e409c029b1a364d175ead40271ab7464db7e,True,,,1,0,204.45465,1146.683451,6,2109,4,2080
20260726_formal4t4_reuse_intensive_RateFIFO@rho0.5_rep0,0,RateFIFO@rho0.5,RateFIFO,225,reuse_intensive:rep0:req225,reuse_intensive,1,70,0,L0070,4096,3,,False,1785046264.3853037,4096,0,0,320.72257828712463,True,True,False,False,0,0.0,0,0,32.0,False,cache_miss,False,False,0,0.0,d55fb3eb214704007bd068789bc58c4b83cc82c41bbbc6818fc36d91b7ddbc43,True,,,1,0,10815.9132,11717.729254,6,4157,4,32
20260726_formal4t4_reuse_intensive_RateFIFO@rho0.5_rep0,0,RateFIFO@rho0.5,RateFIFO,226,reuse_intensive:rep0:req226,reuse_intensive,1,64,1,L0064,1024,2,2,True,1785046264.3853452,1024,1024,1024,0.9097967147827148,False,False,False,False,1024,20.48,1,1,1056.0,True,cache_reused,False,False,0,0.0,77e325d3419db64e298612b35366d5bc0981b5690092797e56f0da58a188d964,True,,,1,0,122.759004,418.672599,6,1085,4,1056
20260726_formal4t4_reuse_intensive_RateFIFO@rho0.5_rep0,0,RateFIFO@rho0.5,RateFIFO,227,reuse_intensive:rep0:req227,reuse_intensive,1,65,2,L0065,2048,1,1,True,1785046264.385379,2048,2048,2048,48.24985218048096,False,False,False,False,2048,38.96,1,1,2080.0,True,cache_reused,False,False,0,0.0,a99f9aeb25e4a0363971e428776d7972c19dfa8c641fe87df26860e43497d4b9,True,,,1,0,518.574825,1305.143872,6,2109,4,2080
20260726_formal4t4_reuse_intensive_RateFIFO@rho0.5_rep0,0,RateFIFO@rho0.5,RateFIFO,228,reuse_intensive:rep0:req228,reuse_intensive,1,65,0,L0065,2048,1,1,True,1785046276.1047058,2048,2048,2048,11.720476388931274,False,False,False,False,2048,40.96,1,1,2080.0,True,cache_reused,False,False,0,0.0,9e0c4a1dc189f3fbd4223236382a2e4c86cec18d8c0774d3573c35a9a57b70d4,True,,,1,0,334.955116,835.834625,6,2109,4,2080
20260726_formal4t4_reuse_intensive_RateFIFO@rho0.5_rep0,0,RateFIFO@rho0.5,RateFIFO,229,reuse_intensive:rep0:req229,reuse_intensive,1,66,1,L0066,2048,0,,False,1785046276.10473,2048,0,0,332.44200444221497,True,True,False,False,0,0.0,0,0,2080.0,False,cache_reused,False,False,0,0.0,efddec17e4db111ed842cc53f2ecb473965720e830ed07b01097097dc8a51918,True,,,1,0,367.588211,906.788289,6,2109,4,2080
20260726_formal4t4_reuse_intensive_RateFIFO@rho0.5_rep0,0,RateFIFO@rho0.5,RateFIFO,230,reuse_intensive:rep0:req230,reuse_intensive,1,73,2,L0073,1024,3,,False,1785046276.1047454,1024,0,0,332.4420199394226,True,True,False,False,0,0.0,0,0,32.0,False,cache_miss,False,False,0,0.0,2953aa3f9b31600db0815b063d53a2bb11b61a91a78fe4aef9c9fbd721ae7c8c,True,,,1,0,1018.860804,1329.214587,6,1085,4,32
20260726_formal4t4_reuse_intensive_RateFIFO@rho0.5_rep0,0,RateFIFO@rho0.5,RateFIFO,231,reuse_intensive:rep0:req231,reuse_intensive,1,112,1,L0112,4096,2,,False,1785046276.1047578,4096,0,0,332.4420323371887,True,True,False,False,0,0.0,0,0,32.0,False,cache_miss,False,False,0,0.0,3ec2a8218fe830622ccbdfc244d2eed35b8c25937a14d99f7fd9a6bb01ea252e,True,,,1,0,10345.011695,11250.115832,6,4157,4,32
20260726_formal4t4_reuse_intensive_RateFIFO@rho0.5_rep0,0,RateFIFO@rho0.5,RateFIFO,232,reuse_intensive:rep0:req232,reuse_intensive,1,65,1,L0065,2048,1,1,False,1785046287.3574705,2048,2048,2048,22.973241090774536,False,False,False,False,2048,0.0,1,1,2080.0,False,cache_reused,False,False,0,0.0,a265901d230d770f36c20eb8e5cc9c4f2ba7be3b0d31578caef6c211bfbd09ca,True,,,1,0,331.603725,829.255482,6,2109,4,2080
20260726_formal4t4_reuse_intensive_RateFIFO@rho0.5_rep0,0,RateFIFO@rho0.5,RateFIFO,233,reuse_intensive:rep0:req233,reuse_intensive,1,67,1,L0067,1024,2,2,True,1785046287.3575196,1024,1024,1024,57.226914167404175,False,False,False,False,1024,20.48,1,1,1056.0,True,cache_reused,False,False,0,0.0,45d1c4cdd67cd48c640e09d7889046a996e4302b1a5c10e96e90fa34f2268c99,True,,,1,0,117.928934,724.405685,6,1085,4,1056
20260726_formal4t4_reuse_intensive_RateFIFO@rho0.5_rep0,0,RateFIFO@rho0.5,RateFIFO,234,reuse_intensive:rep0:req234,reuse_intensive,1,64,2,L0064,1024,2,2,True,1785046287.357554,1024,1024,1024,23.88200545310974,False,False,False,False,1024,18.48,1,1,1056.0,True,cache_reused,False,False,0,0.0,7c388c0e46ef0700c6e1dc028a56ccafdec39bc2eddeb685c2148d2380663808,True,,,1,0,367.183737,829.996045,6,1085,4,1056
20260726_formal4t4_reuse_intensive_RateFIFO@rho0.5_rep0,0,RateFIFO@rho0.5,RateFIFO,235,reuse_intensive:rep0:req235,reuse_intensive,1,64,0,L0064,1024,2,2,True,1785046287.3575826,1024,1024,1024,23.882034063339233,False,False,False,False,1024,16.48,1,1,1056.0,True,cache_reused,False,False,0,0.0,9aee45cdf8abe3d15b9309dffbea1262de4c05b62bd400e0789a80a7c11a912c,True,,,1,0,366.41505,829.221776,6,1085,4,1056
20260726_formal4t4_reuse_intensive_RateFIFO@rho0.5_rep0,0,RateFIFO@rho0.5,RateFIFO,236,reuse_intensive:rep0:req236,reuse_intensive,1,73,0,L0073,1024,1,,False,1785046288.1901064,1024,0,0,344.52738094329834,True,True,False,False,0,0.0,0,0,1056.0,False,cache_reused,False,False,0,0.0,0796e9bfef01371dd42ad7f433555457057d23fbdd6d18551ad23dd9455809f4,True,,,1,0,115.962476,848.035744,6,1085,4,1056
20260726_formal4t4_reuse_intensive_RateFIFO@rho0.5_rep0,0,RateFIFO@rho0.5,RateFIFO,237,reuse_intensive:rep0:req237,reuse_intensive,1,66,2,L0066,2048,0,,False,1785046288.190148,2048,0,0,344.5274226665497,True,True,False,False,0,0.0,0,0,2080.0,False,cache_reused,False,False,0,0.0,555fe80874a198aed31810a3e8f283c5d07a714dbe5fad25b4b863e940908e3b,True,,,1,0,342.673348,882.325505,6,2109,4,2080
20260726_formal4t4_reuse_intensive_RateFIFO@rho0.5_rep0,0,RateFIFO@rho0.5,RateFIFO,238,reuse_intensive:rep0:req238,reuse_intensive,1,77,2,L0077,1024,3,,False,1785046288.190175,1024,0,0,344.5274496078491,True,True,False,False,0,0.0,0,0,32.0,False,cache_miss,False,False,0,0.0,4c42cec624375bb94a1ffada26924a498229b60ecbdb47afc0cfd355085ac208,True,,,1,0,1006.82652,1278.095888,6,1085,4,32
20260726_formal4t4_reuse_intensive_RateFIFO@rho0.5_rep0,0,RateFIFO@rho0.5,RateFIFO,239,reuse_intensive:rep0:req239,reuse_intensive,1,65,2,L0065,2048,1,1,True,1785046288.1902137,2048,2048,2048,0.8338592052459717,False,False,False,False,2048,38.96,1,1,2080.0,True,cache_reused,False,False,0,0.0,954ce9c1b144ae909bbe733885ab209f5e16c9e5584cf3b103bf8f00e80f90bc,True,,,1,0,360.727772,1008.780606,6,2109,4,2080
20260726_formal4t4_reuse_intensive_RateFIFO@rho0.5_rep0,0,RateFIFO@rho0.5,RateFIFO,240,reuse_intensive:rep0:req240,reuse_intensive,1,65,0,L0065,2048,1,1,True,1785046289.5636759,2048,2048,2048,1.374396800994873,False,False,False,False,2048,40.96,1,1,2080.0,True,cache_reused,False,False,0,0.0,9f3640c695bb0dfdf5353ba28f8e3c5bb1c47f11651c5e4d098c1fb6e4d176f9,True,,,1,0,189.013689,737.0795,6,2109,4,2080
20260726_formal4t4_reuse_intensive_RateFIFO@rho0.5_rep0,0,RateFIFO@rho0.5,RateFIFO,241,reuse_intensive:rep0:req241,reuse_intensive,1,82,0,L0082,4096,0,,False,1785046289.5636969,0,0,0,,False,False,False,False,0,0.0,0,0,32.0,False,cache_miss,False,False,0,0.0,83b64869ce55540de1d27efbdbb1997adf887619c4525922d64770b313120245,True,,,1,0,10957.931844,11884.561088,6,4157,4,32
20260726_formal4t4_reuse_intensive_RateFIFO@rho0.5_rep0,0,RateFIFO@rho0.5,RateFIFO,242,reuse_intensive:rep0:req242,reuse_intensive,1,77,0,L0077,1024,3,,False,1785046289.5637088,1024,0,0,345.90098333358765,True,True,False,False,0,0.0,0,0,1056.0,False,cache_reused,False,False,0,0.0,893b4408dc322fd5b2f73ce3d24a5b86c1c62a3b0fda96d987cae6f2a8e4d2f3,True,,,1,0,104.357579,365.159527,6,1085,4,1056
20260726_formal4t4_reuse_intensive_RateFIFO@rho0.5_rep0,0,RateFIFO@rho0.5,RateFIFO,243,reuse_intensive:rep0:req243,reuse_intensive,1,67,2,L0067,1024,2,2,False,1785046289.563725,1024,1024,1024,59.43311953544617,False,False,False,False,1024,0.0,1,1,1056.0,False,cache_reused,False,False,0,0.0,3150682e15fdeab9abc6f7e7001176ac96ba7b08b82b0756af6aa17d274b0021,True,,,1,0,112.564468,395.902539,6,1085,4,1056
20260726_formal4t4_reuse_intensive_RateFIFO@rho0.5_rep0,0,RateFIFO@rho0.5,RateFIFO,244,reuse_intensive:rep0:req244,reuse_intensive,1,67,0,L0067,1024,2,2,True,1785046301.450036,1024,1024,1024,71.3194305896759,False,False,False,False,1024,20.48,1,1,1056.0,True,cache_reused,False,False,0,0.0,96cc0e464cda666a551182d31643214e1456635ba509abf912b3023a0b230854,True,,,1,0,240.473014,558.788414,6,1085,4,1056
20260726_formal4t4_reuse_intensive_RateFIFO@rho0.5_rep0,0,RateFIFO@rho0.5,RateFIFO,245,reuse_intensive:rep0:req245,reuse_intensive,1,66,0,L0066,2048,0,,False,1785046301.4500935,2048,0,0,357.7873680591583,True,True,False,False,0,0.0,0,0,2080.0,False,cache_reused,False,False,0,0.0,9328000ea39509bdfa823e032c34e61fb0b48c3d8b20f34fcf5c3754bf78cc4e,True,,,1,0,210.543953,740.641769,6,2109,4,2080
20260726_formal4t4_reuse_intensive_RateFIFO@rho0.5_rep0,0,RateFIFO@rho0.5,RateFIFO,246,reuse_intensive:rep0:req246,reuse_intensive,1,65,1,L0065,2048,1,1,True,1785046301.4501486,2048,2048,2048,13.26086950302124,False,False,False,False,2048,40.96,1,1,2080.0,True,cache_reused,False,False,0,0.0,c22f54972091c70a98e0710ba5f76cdbb48523e43fbdb30b7014cf8de24acdf9,True,,,1,0,322.921477,868.623101,6,2109,4,2080
20260726_formal4t4_reuse_intensive_RateFIFO@rho0.5_rep0,0,RateFIFO@rho0.5,RateFIFO,247,reuse_intensive:rep0:req247,reuse_intensive,1,65,2,L0065,2048,1,1,True,1785046301.4501915,2048,2048,2048,13.260912418365479,False,False,False,False,2048,38.96,1,1,2080.0,True,cache_reused,False,False,0,0.0,8bda855d9bf0d949a987d1094bb01761652b41ebe981a9112426c54f3e443ce0,True,,,1,0,516.665947,1028.721554,6,2109,4,2080
20260726_formal4t4_reuse_intensive_RateFIFO@rho0.5_rep0,0,RateFIFO@rho0.5,RateFIFO,248,reuse_intensive:rep0:req248,reuse_intensive,1,69,2,L0069,2048,3,1;3,False,1785046302.4824975,2048,2048,2048,101.98691082000732,False,False,False,False,2048,0.0,2,2,2080.0,False,cache_reused,False,False,0,0.0,42ede142cd647abc555f299839dcd87fca20951b8dddee014c34622255f7068c,True,,,1,0,370.378981,875.638906,6,2109,4,2080
20260726_formal4t4_reuse_intensive_RateFIFO@rho0.5_rep0,0,RateFIFO@rho0.5,RateFIFO,249,reuse_intensive:rep0:req249,reuse_intensive,1,65,0,L0065,2048,1,1,False,1785046302.482567,2048,2048,2048,1.0336222648620605,False,False,False,False,2048,0.0,1,1,2080.0,False,cache_reused,False,False,0,0.0,04de740e6ab9705a154e14b96af6d1be1922ae00fbf6e34d7e5f09df65d051ca,True,,,1,0,197.907138,1028.883848,6,2109,4,2080
20260726_formal4t4_reuse_intensive_RateFIFO@rho0.5_rep0,0,RateFIFO@rho0.5,RateFIFO,250,reuse_intensive:rep0:req250,reuse_intensive,1,65,1,L0065,2048,1,1,True,1785046302.4826198,2048,2048,2048,1.033674955368042,False,False,False,False,2048,38.96,1,1,2080.0,True,cache_reused,False,False,0,0.0,7af286292abea9e1872940c370063145ebfd8f62ddcdf0943657fa82278f740c,True,,,1,0,539.484107,1270.826735,6,2109,4,2080
20260726_formal4t4_reuse_intensive_RateFIFO@rho0.5_rep0,0,RateFIFO@rho0.5,RateFIFO,251,reuse_intensive:rep0:req251,reuse_intensive,1,73,1,L0073,1024,1,1,True,1785046302.4826667,1024,1024,1024,13.012673616409302,False,False,False,False,1024,16.48,1,1,1056.0,True,cache_reused,False,False,0,0.0,229e24165423053354a79e6e09ca11c32e74828b021546817ba8e85375ab7548,True,,,1,0,538.819527,1270.072838,6,1085,4,1056
20260726_formal4t4_reuse_intensive_RateFIFO@rho0.5_rep0,0,RateFIFO@rho0.5,RateFIFO,252,reuse_intensive:rep0:req252,reuse_intensive,1,66,1,L0066,2048,3,,False,1785046303.756184,2048,0,0,360.09345865249634,True,True,False,False,0,0.0,0,0,32.0,False,cache_miss,False,False,0,0.0,5b230df75ef565fd37fc7a2999d93283f46bad7b8db2ae4c14c4eb5eb75eed20,True,,,1,0,3338.854875,3868.110624,6,2109,4,32
20260726_formal4t4_reuse_intensive_RateFIFO@rho0.5_rep0,0,RateFIFO@rho0.5,RateFIFO,253,reuse_intensive:rep0:req253,reuse_intensive,1,64,1,L0064,1024,2,2,False,1785046303.7562459,1024,1024,1024,40.28069734573364,False,False,False,False,1024,0.0,1,1,1056.0,False,cache_reused,False,False,0,0.0,8ff58a2063120351e221bfb18e1efb9815fb06faad952e4b8b3b16034542db61,True,,,1,0,166.168031,483.640704,6,1085,4,1056
20260726_formal4t4_reuse_intensive_RateFIFO@rho0.5_rep0,0,RateFIFO@rho0.5,RateFIFO,254,reuse_intensive:rep0:req254,reuse_intensive,1,64,2,L0064,1024,2,2,True,1785046303.7562907,1024,1024,1024,40.280742168426514,False,False,False,False,1024,18.48,1,1,1056.0,True,cache_reused,False,False,0,0.0,aea505c6421cc0d35ae65fb0f949e0530c9ffff98a78e4cba58b2ea0269905e2,True,,,1,0,165.895184,483.482008,6,1085,4,1056
20260726_formal4t4_reuse_intensive_RateFIFO@rho0.5_rep0,0,RateFIFO@rho0.5,RateFIFO,255,reuse_intensive:rep0:req255,reuse_intensive,1,104,1,L0104,2048,0,,False,1785046303.756312,2048,0,0,360.09358644485474,True,True,False,False,0,0.0,0,0,32.0,False,cache_miss,False,False,0,0.0,ca48b6f86c092b476da13ebb772c04aeaf8df9d277e4911df489f716957bb052,True,,,1,0,3281.79019,3820.195747,6,2109,4,32
20260726_formal4t4_reuse_intensive_RateFIFO@rho0.5_rep0,0,RateFIFO@rho0.5,RateFIFO,256,reuse_intensive:rep0:req256,reuse_intensive,1,64,0,L0064,1024,2,2,True,1785046307.6257126,1024,1024,1024,44.15016412734985,False,False,False,False,1024,20.48,1,1,1056.0,True,cache_reused,False,False,0,0.0,e65c65cb50eb16e5f5f76e43ea37605921bd4922d8f6498c4ac0aefad3d6b849,True,,,1,0,203.556283,576.295239,6,1085,4,1056
20260726_formal4t4_reuse_intensive_RateFIFO@rho0.5_rep0,0,RateFIFO@rho0.5,RateFIFO,257,reuse_intensive:rep0:req257,reuse_intensive,1,73,2,L0073,1024,1,1,True,1785046307.6257613,1024,1024,1024,18.155768156051636,False,False,False,False,1024,20.48,1,1,1056.0,True,cache_reused,False,False,0,0.0,d02a9978e434abba34e7dbca47fb8525a7ec6ad0980cf713cee532655d0bfc09,True,,,1,0,214.191669,505.963877,6,1085,4,1056
20260726_formal4t4_reuse_intensive_RateFIFO@rho0.5_rep0,0,RateFIFO@rho0.5,RateFIFO,258,reuse_intensive:rep0:req258,reuse_intensive,1,72,0,L0072,4096,3,3,False,1785046307.6258173,4096,4096,4096,44.960604429244995,False,False,False,False,4096,0.0,1,1,4128.0,False,cache_reused,False,False,0,0.0,f23a412d203038b0987058cbef9325aa5be30e3e83e29d96b84c3d691cd04056,True,,,1,0,355.86973,1274.996121,6,4157,4,4128
20260726_formal4t4_reuse_intensive_RateFIFO@rho0.5_rep0,0,RateFIFO@rho0.5,RateFIFO,259,reuse_intensive:rep0:req259,reuse_intensive,1,64,1,L0064,1024,2,2,True,1785046307.6258507,1024,1024,1024,44.15030217170715,False,False,False,False,1024,18.48,1,1,1056.0,True,cache_reused,False,False,0,0.0,67ed7c18c751d2780cfb0d26209059641e554a6e8284e47d8135d368fa7dc35d,True,,,1,0,359.279466,672.437495,6,1085,4,1056
20260726_formal4t4_reuse_intensive_RateFIFO@rho0.5_rep0,0,RateFIFO@rho0.5,RateFIFO,260,reuse_intensive:rep0:req260,reuse_intensive,1,76,0,L0076,2048,1,,False,1785046308.9032066,0,0,0,,False,False,False,False,0,0.0,0,0,32.0,False,cache_miss,False,False,0,0.0,e12e0d3e0ebbfb128e6d53d1fc6db621e3c6da9b512f95931e6c97e01d265e94,True,,,1,0,3041.15429,3539.297346,6,2109,4,32
20260726_formal4t4_reuse_intensive_RateFIFO@rho0.5_rep0,0,RateFIFO@rho0.5,RateFIFO,261,reuse_intensive:rep0:req261,reuse_intensive,1,68,2,L0068,2048,2,,False,1785046308.9032443,2048,0,0,365.24051880836487,True,True,False,False,0,0.0,0,0,32.0,False,cache_miss,False,False,0,0.0,31ae01a3811c52d2e4593ca0e8aef3fdeb7a2905a643019ed06fccf033385439,True,,,1,0,3324.994614,4081.385502,6,2109,4,32
20260726_formal4t4_reuse_intensive_RateFIFO@rho0.5_rep0,0,RateFIFO@rho0.5,RateFIFO,262,reuse_intensive:rep0:req262,reuse_intensive,1,64,2,L0064,1024,2,2,True,1785046308.903293,1024,1024,1024,45.42774438858032,False,False,False,False,1024,18.48,1,1,1056.0,True,cache_reused,False,False,0,0.0,115b74cd0938b5897d4c7aa598f626f6a2a61b78b24fa995cb1fc0ff9546b269,True,,,1,0,3324.522439,4080.920366,6,1085,4,1056
20260726_formal4t4_reuse_intensive_RateFIFO@rho0.5_rep0,0,RateFIFO@rho0.5,RateFIFO,263,reuse_intensive:rep0:req263,reuse_intensive,1,64,0,L0064,1024,2,2,True,1785046308.9033272,1024,1024,1024,45.42777872085571,False,False,False,False,1024,16.48,1,1,1056.0,True,cache_reused,False,False,0,0.0,56b09f92238c2bceca52339dcfb0d836134fa96bc14c61678abfc7a8bd1f56c0,True,,,1,0,3323.823525,4080.064607,6,1085,4,1056
20260726_formal4t4_reuse_intensive_RateFIFO@rho0.5_rep0,0,RateFIFO@rho0.5,RateFIFO,264,reuse_intensive:rep0:req264,reuse_intensive,1,71,2,L0071,1024,3,3,False,1785046312.986713,1024,1024,1024,54.164318561553955,False,False,False,False,1024,0.0,1,1,1056.0,False,cache_reused,False,False,0,0.0,1fdf9da33b4abcae08cb79981e8a416071c4503a56ecb942543697b318ac119a,True,,,1,0,262.809977,1464.645477,6,1085,4,1056
20260726_formal4t4_reuse_intensive_RateFIFO@rho0.5_rep0,0,RateFIFO@rho0.5,RateFIFO,265,reuse_intensive:rep0:req265,reuse_intensive,1,65,2,L0065,2048,1,1,True,1785046312.9867616,2048,2048,2048,11.537816762924194,False,False,False,False,2048,40.96,1,1,2080.0,True,cache_reused,False,False,0,0.0,5ad1dec65af800af0c0ce7b77d830321f3acc7e55aa98b179efb892eeccf5699,True,,,1,0,198.981877,729.375884,6,2109,4,2080
20260726_formal4t4_reuse_intensive_RateFIFO@rho0.5_rep0,0,RateFIFO@rho0.5,RateFIFO,266,reuse_intensive:rep0:req266,reuse_intensive,1,65,0,L0065,2048,1,1,True,1785046312.986815,2048,2048,2048,11.537870168685913,False,False,False,False,2048,38.96,1,1,2080.0,True,cache_reused,False,False,0,0.0,08e4efdced2fcb136d36b1026ee7197f8bfa3e2f46fe0be5611018444289b38c,True,,,1,0,377.574972,890.123476,6,2109,4,2080
20260726_formal4t4_reuse_intensive_RateFIFO@rho0.5_rep0,0,RateFIFO@rho0.5,RateFIFO,267,reuse_intensive:rep0:req267,reuse_intensive,1,72,1,L0072,4096,3,3,True,1785046312.9868453,4096,4096,4096,50.321632385253906,False,False,False,False,4096,79.92,1,1,4128.0,True,cache_reused,False,False,0,0.0,0d70f75e37864b14b00c2831fa3aeb435117facdcbfdfaebe82831e22e33e685,True,,,1,0,677.528775,1765.491109,6,4157,4,4128
20260726_formal4t4_reuse_intensive_RateFIFO@rho0.5_rep0,0,RateFIFO@rho0.5,RateFIFO,268,reuse_intensive:rep0:req268,reuse_intensive,1,64,1,L0064,1024,2,2,True,1785046314.7556632,1024,1024,1024,5.853405714035034,False,False,False,False,1024,20.48,1,1,1056.0,True,cache_reused,False,False,0,0.0,dd363ea3d343d33993a8b8b11edd8d9c07fd2576e087b9a38af0d360c06bfabc,True,,,1,0,177.773656,498.073878,6,1085,4,1056
20260726_formal4t4_reuse_intensive_RateFIFO@rho0.5_rep0,0,RateFIFO@rho0.5,RateFIFO,269,reuse_intensive:rep0:req269,reuse_intensive,1,65,1,L0065,2048,1,1,False,1785046314.7557123,2048,2048,2048,13.306767463684082,False,False,False,False,2048,0.0,1,1,2080.0,False,cache_reused,False,False,0,0.0,e46e35035c23e7db6c0f6a47e05d03e05f8bc1520dca5d6e419f3487149445d2,True,,,1,0,197.312811,686.464692,6,2109,4,2080
20260726_formal4t4_reuse_intensive_RateFIFO@rho0.5_rep0,0,RateFIFO@rho0.5,RateFIFO,270,reuse_intensive:rep0:req270,reuse_intensive,1,84,1,L0084,2048,3,,False,1785046314.7557418,2048,0,0,371.0930163860321,True,True,False,False,0,0.0,0,0,32.0,False,cache_miss,False,False,0,0.0,927bb22d9102d0c531f0b8a81addd5597437f57e499060b8a97056cf3011aaba,True,,,1,0,3286.527052,3803.384519,6,2109,4,32
20260726_formal4t4_reuse_intensive_RateFIFO@rho0.5_rep0,0,RateFIFO@rho0.5,RateFIFO,271,reuse_intensive:rep0:req271,reuse_intensive,1,81,1,L0081,1024,0,,False,1785046314.7557673,1024,0,0,371.09304189682007,True,True,False,False,0,0.0,0,0,32.0,False,cache_miss,False,False,0,0.0,eaa2509a7df99e68de3d8cdd996e493a72d14002a32b202b4c17a88de8b38e6b,True,,,1,0,1083.288788,1390.447747,6,1085,4,32
20260726_formal4t4_reuse_intensive_RateFIFO@rho0.5_rep0,0,RateFIFO@rho0.5,RateFIFO,272,reuse_intensive:rep0:req272,reuse_intensive,1,64,2,L0064,1024,2,2,True,1785046318.5615451,1024,1024,1024,9.659287691116333,False,False,False,False,1024,20.48,1,1,1056.0,True,cache_reused,False,False,0,0.0,a2f5cf28666e3bc874023deb772dbcdc9fd9c0a3657b93acca264ecee0fc0425,True,,,1,0,252.967653,591.561332,6,1085,4,1056
20260726_formal4t4_reuse_intensive_RateFIFO@rho0.5_rep0,0,RateFIFO@rho0.5,RateFIFO,273,reuse_intensive:rep0:req273,reuse_intensive,1,79,0,L0079,2048,1,,False,1785046318.5615861,0,0,0,,False,False,False,False,0,0.0,0,0,32.0,False,cache_miss,False,False,0,0.0,14fff226d2ef2363fb94638bf4b90eb0c420ff5ecab76fbd0521caf5df9fbe05,True,,,1,0,3361.97107,4274.596368,6,2109,4,32
20260726_formal4t4_reuse_intensive_RateFIFO@rho0.5_rep0,0,RateFIFO@rho0.5,RateFIFO,274,reuse_intensive:rep0:req274,reuse_intensive,1,64,0,L0064,1024,2,2,True,1785046318.5616229,1024,1024,1024,9.65936541557312,False,False,False,False,1024,18.48,1,1,1056.0,True,cache_reused,False,False,0,0.0,2a8cd7654fdbc8b00ef38336b28fc3770aa83669dd12097ece6860f61f8c3f1d,True,,,1,0,369.627259,688.460699,6,1085,4,1056
20260726_formal4t4_reuse_intensive_RateFIFO@rho0.5_rep0,0,RateFIFO@rho0.5,RateFIFO,275,reuse_intensive:rep0:req275,reuse_intensive,1,65,2,L0065,2048,1,1,True,1785046318.5616548,2048,2048,2048,17.112709999084473,False,False,False,False,2048,38.96,1,1,2080.0,True,cache_reused,False,False,0,0.0,db95b2fcc5da88b6836659e12b653ec4a2186077d9528b2bf0be54517ae8ef30,True,,,1,0,3360.600602,4273.141997,6,2109,4,2080
20260726_formal4t4_reuse_intensive_RateFIFO@rho0.5_rep0,0,RateFIFO@rho0.5,RateFIFO,276,reuse_intensive:rep0:req276,reuse_intensive,1,69,0,L0069,2048,3,1;3,True,1785046322.838059,2048,2048,2048,19.082754850387573,False,False,False,False,2048,40.96,2,2,2080.0,True,cache_reused,False,False,0,0.0,6f0af9f319f3e28efb7664ee003c160f3303e260a0117405d3b9f47d2c6c5c73,True,,,1,0,344.122209,847.690287,6,2109,4,2080
20260726_formal4t4_reuse_intensive_RateFIFO@rho0.5_rep0,0,RateFIFO@rho0.5,RateFIFO,277,reuse_intensive:rep0:req277,reuse_intensive,1,65,0,L0065,2048,1,1,True,1785046322.838109,2048,2048,2048,21.389164209365845,False,False,False,False,2048,40.96,1,1,2080.0,True,cache_reused,False,False,0,0.0,ae77377d126e06091ac68b985d7a31440d33d785ae7d81447503a320f604dd07,True,,,1,0,199.442919,732.927247,6,2109,4,2080
20260726_formal4t4_reuse_intensive_RateFIFO@rho0.5_rep0,0,RateFIFO@rho0.5,RateFIFO,278,reuse_intensive:rep0:req278,reuse_intensive,1,110,0,L0110,2048,0,,False,1785046322.8381388,0,0,0,,False,False,False,False,0,0.0,0,0,32.0,False,cache_miss,False,False,0,0.0,9c25161e05a21358285c8c4cf0bf7836c5d207fb36d373b6d861fd7ee5a07178,True,,,1,0,3341.094215,3861.670001,6,2109,4,32
20260726_formal4t4_reuse_intensive_RateFIFO@rho0.5_rep0,0,RateFIFO@rho0.5,RateFIFO,279,reuse_intensive:rep0:req279,reuse_intensive,1,65,1,L0065,2048,1,1,True,1785046322.8381712,2048,2048,2048,21.38922643661499,False,False,False,False,2048,38.96,1,1,2080.0,True,cache_reused,False,False,0,0.0,c9a01950720f9b2427d7f649b43019ea8381666643e21c8941ae2feed56cfab8,True,,,1,0,377.512662,894.097005,6,2109,4,2080
20260726_formal4t4_reuse_intensive_RateFIFO@rho0.5_rep0,0,RateFIFO@rho0.5,RateFIFO,280,reuse_intensive:rep0:req280,reuse_intensive,1,64,1,L0064,1024,2,2,True,1785046326.7025008,1024,1024,1024,3.8653364181518555,False,False,False,False,1024,20.48,1,1,1056.0,True,cache_reused,False,False,0,0.0,9cac2d6e503faa855769e218e227db9de2bb9764014e71f0d2c6b7887af7e136,True,,,1,0,229.013749,598.329816,6,1085,4,1056
20260726_formal4t4_reuse_intensive_RateFIFO@rho0.5_rep0,0,RateFIFO@rho0.5,RateFIFO,281,reuse_intensive:rep0:req281,reuse_intensive,1,65,2,L0065,2048,1,1,True,1785046326.7025497,2048,2048,2048,25.253604888916016,False,False,False,False,2048,40.96,1,1,2080.0,True,cache_reused,False,False,0,0.0,5993569a73eaa3e2893adf5464e317b656a446ce5b61b3199d3c36b6ca4846d4,True,,,1,0,340.223189,837.844257,6,2109,4,2080
20260726_formal4t4_reuse_intensive_RateFIFO@rho0.5_rep0,0,RateFIFO@rho0.5,RateFIFO,282,reuse_intensive:rep0:req282,reuse_intensive,1,64,2,L0064,1024,2,2,True,1785046326.7025847,1024,1024,1024,3.865420341491699,False,False,False,False,1024,18.48,1,1,1056.0,True,cache_reused,False,False,0,0.0,7be974d6d1a20c814b4b4edfcf4fa7d6c0a36412d9900ba3838c572cf5faa8a8,True,,,1,0,383.857173,693.921671,6,1085,4,1056
20260726_formal4t4_reuse_intensive_RateFIFO@rho0.5_rep0,0,RateFIFO@rho0.5,RateFIFO,283,reuse_intensive:rep0:req283,reuse_intensive,1,96,0,L0096,2048,3,,False,1785046326.7026086,0,0,0,,False,False,False,False,0,0.0,0,0,32.0,False,cache_miss,False,False,0,0.0,c8731fc7e8f51414afbd965435a5f37b84625ff872e37edc7e60b8dfd749cde5,True,,,1,0,3146.393407,3636.665773,6,2109,4,32
20260726_formal4t4_reuse_intensive_RateFIFO@rho0.5_rep0,0,RateFIFO@rho0.5,RateFIFO,284,reuse_intensive:rep0:req284,reuse_intensive,1,64,0,L0064,1024,2,2,False,1785046330.3424177,1024,1024,1024,7.505253314971924,False,False,False,False,1024,0.0,1,1,1056.0,False,cache_reused,False,False,0,0.0,25c214f4099943fc868b2ee2d539d97f10bb1b5224f4e98309baccf02b380143,True,,,1,0,334.353691,659.318541,6,1085,4,1056
20260726_formal4t4_reuse_intensive_RateFIFO@rho0.5_rep0,0,RateFIFO@rho0.5,RateFIFO,285,reuse_intensive:rep0:req285,reuse_intensive,1,64,1,L0064,1024,2,2,True,1785046330.342465,1024,1024,1024,7.505300521850586,False,False,False,False,1024,18.48,1,1,1056.0,True,cache_reused,False,False,0,0.0,46e8fe0578d15c3946f019fd5d7624fac950fbd15e07004b74b2a9b4ab345364,True,,,1,0,333.594304,658.444213,6,1085,4,1056
20260726_formal4t4_reuse_intensive_RateFIFO@rho0.5_rep0,0,RateFIFO@rho0.5,RateFIFO,286,reuse_intensive:rep0:req286,reuse_intensive,1,69,1,L0069,2048,3,1;3,True,1785046330.3425028,2048,2048,2048,3.641054153442383,False,False,False,False,2048,40.96,2,2,2080.0,True,cache_reused,False,False,0,0.0,f32562c347259c80903117ce6a65a8da1156bc896a4e75b2dc9c6de137fa8dc0,True,,,1,0,199.687622,694.321449,6,2109,4,2080
20260726_formal4t4_reuse_intensive_RateFIFO@rho0.5_rep0,0,RateFIFO@rho0.5,RateFIFO,287,reuse_intensive:rep0:req287,reuse_intensive,1,80,0,L0080,1024,0,,False,1785046330.3425283,0,0,0,,False,False,False,False,0,0.0,0,0,32.0,False,cache_miss,False,False,0,0.0,4c64ec713364d042f7c9cbac09dcc61ab9f05327274ba600470dee24e368dd8c,True,,,1,0,1056.092473,1363.700447,6,1085,4,32
20260726_formal4t4_reuse_intensive_RateFIFO@rho0.5_rep0,0,RateFIFO@rho0.5,RateFIFO,288,reuse_intensive:rep0:req288,reuse_intensive,1,67,1,L0067,1024,2,2,True,1785046331.7090123,1024,1024,1024,29.227527379989624,False,False,False,False,1024,20.48,1,1,1056.0,True,cache_reused,False,False,0,0.0,bb60e5087ba1444601e3a69378941120746b78220b1f36701a73ae80b351cd67,True,,,1,0,274.699988,816.210982,6,1085,4,1056
20260726_formal4t4_reuse_intensive_RateFIFO@rho0.5_rep0,0,RateFIFO@rho0.5,RateFIFO,289,reuse_intensive:rep0:req289,reuse_intensive,1,95,0,L0095,1024,3,,False,1785046331.709054,0,0,0,,False,False,False,False,0,0.0,0,0,32.0,False,cache_miss,False,False,0,0.0,05a2a36f5f68e1068d016e39f351613c51f2be00d82d9f73485d95d45dd448aa,True,,,1,0,980.389313,1285.303834,6,1085,4,32
20260726_formal4t4_reuse_intensive_RateFIFO@rho0.5_rep0,0,RateFIFO@rho0.5,RateFIFO,290,reuse_intensive:rep0:req290,reuse_intensive,1,70,1,L0070,4096,0,,False,1785046331.7090821,4096,0,0,388.04635667800903,True,True,False,False,0,0.0,0,0,4128.0,False,cache_reused,False,False,0,0.0,1e59616a992e8b82724d9751ee9e96258466c9c5b263208398a4718fb55ec999,True,,,1,0,358.338913,1273.913497,6,4157,4,4128
20260726_formal4t4_reuse_intensive_RateFIFO@rho0.5_rep0,0,RateFIFO@rho0.5,RateFIFO,291,reuse_intensive:rep0:req291,reuse_intensive,1,64,2,L0064,1024,2,2,True,1785046331.709119,1024,1024,1024,1.3675918579101562,False,False,False,False,1024,18.48,1,1,1056.0,True,cache_reused,False,False,0,0.0,ab9febcf09195757960e92cfd0f91ecc5183d47c8691aae9ec4dc23eeef3cc8d,True,,,1,0,454.895994,912.04939,6,1085,4,1056
20260726_formal4t4_reuse_intensive_RateFIFO@rho0.5_rep0,0,RateFIFO@rho0.5,RateFIFO,292,reuse_intensive:rep0:req292,reuse_intensive,1,64,0,L0064,1024,2,2,True,1785046332.9963229,1024,1024,1024,1.2881336212158203,False,False,False,False,1024,20.48,1,1,1056.0,True,cache_reused,False,False,0,0.0,abf96b7b87712570df74ad432906937ce5eefade79b8f0dff77ee04aed016108,True,,,1,0,122.107329,417.797182,6,1085,4,1056
20260726_formal4t4_reuse_intensive_RateFIFO@rho0.5_rep0,0,RateFIFO@rho0.5,RateFIFO,293,reuse_intensive:rep0:req293,reuse_intensive,1,89,0,L0089,2048,3,,False,1785046332.996364,0,0,0,,False,False,False,False,0,0.0,0,0,32.0,False,cache_miss,False,False,0,0.0,9f9096fc9d005ca345354afed9619fc5ceb9f70ad5bb015608bd7d035f3ac4f1,True,,,1,0,3164.667156,3667.822744,6,2109,4,32
20260726_formal4t4_reuse_intensive_RateFIFO@rho0.5_rep0,0,RateFIFO@rho0.5,RateFIFO,294,reuse_intensive:rep0:req294,reuse_intensive,1,106,0,L0106,1024,0,,False,1785046332.996391,0,0,0,,False,False,False,False,0,0.0,0,0,32.0,False,cache_miss,False,False,0,0.0,e0fa4d3a232fbf44870e3040a90d2e2f71e88240121d6f56e7bdb95334e519b8,True,,,1,0,1012.36248,1340.560284,6,1085,4,32
20260726_formal4t4_reuse_intensive_RateFIFO@rho0.5_rep0,0,RateFIFO@rho0.5,RateFIFO,295,reuse_intensive:rep0:req295,reuse_intensive,1,70,2,L0070,4096,1,,False,1785046332.996413,4096,0,0,389.333687543869,True,True,False,False,0,0.0,0,0,32.0,False,cache_miss,False,False,0,0.0,3c8d5520febc3aa87fdfc32e51a961cbc1cbd3cf377593ba6e6b17c84fa7d8ac,True,,,1,0,10427.819019,11330.204481,6,4157,4,32
20260726_formal4t4_reuse_intensive_RateFIFO@rho0.5_rep0,0,RateFIFO@rho0.5,RateFIFO,296,reuse_intensive:rep0:req296,reuse_intensive,1,66,2,L0066,2048,3,3,True,1785046344.3296268,2048,2048,2048,36.7049446105957,False,False,False,False,2048,40.96,1,1,2080.0,True,cache_reused,False,False,0,0.0,110ca92b1de0ccc36810f97ee979f4633dbe031f058768781ff7bcfb586af1de,True,,,1,0,377.094902,921.467954,6,2109,4,2080
20260726_formal4t4_reuse_intensive_RateFIFO@rho0.5_rep0,0,RateFIFO@rho0.5,RateFIFO,297,reuse_intensive:rep0:req297,reuse_intensive,1,119,0,L0119,4096,1,,False,1785046344.329667,0,0,0,,False,False,False,False,0,0.0,0,0,32.0,False,cache_miss,False,False,0,0.0,cd632675559df85468ca600c71c5a104e65f03f835f4e56efd7e7269826976bc,True,,,1,0,10621.77572,11930.208225,6,4157,4,32
20260726_formal4t4_reuse_intensive_RateFIFO@rho0.5_rep0,0,RateFIFO@rho0.5,RateFIFO,298,reuse_intensive:rep0:req298,reuse_intensive,1,64,1,L0064,1024,2,2,False,1785046344.3297024,1024,1024,1024,12.62151312828064,False,False,False,False,1024,0.0,1,1,1056.0,False,cache_reused,False,False,0,0.0,23ee62ac17b4d45ee85299bcf888534c558b39f639fcb3428ae78b00206b0a3d,True,,,1,0,221.241296,557.894979,6,1085,4,1056
20260726_formal4t4_reuse_intensive_RateFIFO@rho0.5_rep0,0,RateFIFO@rho0.5,RateFIFO,299,reuse_intensive:rep0:req299,reuse_intensive,1,69,2,L0069,2048,1,1;3,True,1785046344.3297393,2048,2048,2048,68.22565865516663,False,False,False,False,2048,38.96,2,2,2080.0,True,cache_reused,False,False,0,0.0,c5981e0c713cadbca3f020dc50bdabf21869ee58ea34984f4240126aa2f03e87,True,,,1,0,10620.516791,11929.005923,6,2109,4,2080
20260726_formal4t4_reuse_intensive_RateFIFO@rho0.5_rep0,0,RateFIFO@rho0.5,RateFIFO,300,reuse_intensive:rep0:req300,reuse_intensive,1,67,2,L0067,1024,2,2,True,1785046356.2624326,1024,1024,1024,23.267081022262573,False,False,False,False,1024,20.48,1,1,1056.0,True,cache_reused,False,False,0,0.0,f1c38f851946b36f9f893e25df4c2fd274bf6535d804f2b5f7518eeaefc18b0e,True,,,1,0,249.363479,568.306212,6,1085,4,1056
20260726_formal4t4_reuse_intensive_RateFIFO@rho0.5_rep0,0,RateFIFO@rho0.5,RateFIFO,301,reuse_intensive:rep0:req301,reuse_intensive,1,65,0,L0065,2048,1,1,True,1785046356.262484,2048,2048,2048,54.813539266586304,False,False,False,False,2048,40.96,1,1,2080.0,True,cache_reused,False,False,0,0.0,dc39d872ff9066d1edb3b7ead205794c953b2a54d0eedf6e14eefa5e2e8a8cb5,True,,,1,0,200.179047,729.95238,6,2109,4,2080
20260726_formal4t4_reuse_intensive_RateFIFO@rho0.5_rep0,0,RateFIFO@rho0.5,RateFIFO,302,reuse_intensive:rep0:req302,reuse_intensive,1,70,0,L0070,4096,3,,False,1785046356.262516,4096,0,0,412.5997905731201,True,True,False,False,0,0.0,0,0,4128.0,False,cache_reused,False,False,0,0.0,f0e5c8d530b1f0960bab3ac897e206af751e3fcac0c32e33acd6747a8cf8702b,True,,,1,0,502.859517,1408.204634,6,4157,4,4128
20260726_formal4t4_reuse_intensive_RateFIFO@rho0.5_rep0,0,RateFIFO@rho0.5,RateFIFO,303,reuse_intensive:rep0:req303,reuse_intensive,1,65,1,L0065,2048,1,1,True,1785046356.262551,2048,2048,2048,54.81360626220703,False,False,False,False,2048,38.96,1,1,2080.0,True,cache_reused,False,False,0,0.0,68a1f5dc5ad65dc4a99a953de1599918f4debd4346298995be035050697623aa,True,,,1,0,376.764717,892.524744,6,2109,4,2080
20260726_formal4t4_reuse_intensive_RateFIFO@rho0.5_rep0,0,RateFIFO@rho0.5,RateFIFO,304,reuse_intensive:rep0:req304,reuse_intensive,1,68,0,L0068,2048,2,,False,1785046357.6736188,2048,0,0,414.01089334487915,True,True,False,False,0,0.0,0,0,2080.0,False,cache_reused,False,False,0,0.0,a126e47d68b13ee2b6f799b8f3533bfa3fd161a815760e72fe3069dea35c010d,True,,,1,0,197.639226,939.293386,6,2109,4,2080
20260726_formal4t4_reuse_intensive_RateFIFO@rho0.5_rep0,0,RateFIFO@rho0.5,RateFIFO,305,reuse_intensive:rep0:req305,reuse_intensive,1,76,1,L0076,2048,1,1,True,1785046357.6736734,2048,2048,2048,44.687835931777954,False,False,False,False,2048,40.96,1,1,2080.0,True,cache_reused,False,False,0,0.0,90c5cf4ece3f49a68fd4f7a9802d8af184e0e71dde604d2f63ad3e4ca0703117,True,,,1,0,202.555515,705.023788,6,2109,4,2080
20260726_formal4t4_reuse_intensive_RateFIFO@rho0.5_rep0,0,RateFIFO@rho0.5,RateFIFO,306,reuse_intensive:rep0:req306,reuse_intensive,1,71,0,L0071,1024,3,3,False,1785046357.6737106,1024,1024,1024,42.91915154457092,False,False,False,False,1024,0.0,1,1,1056.0,False,cache_reused,False,False,0,0.0,0f35bf680835c958bc60b0b7903ebadb7f6398918d4619fd81a250d88abb10db,True,,,1,0,122.917791,425.230516,6,1085,4,1056
20260726_formal4t4_reuse_intensive_RateFIFO@rho0.5_rep0,0,RateFIFO@rho0.5,RateFIFO,307,reuse_intensive:rep0:req307,reuse_intensive,1,64,2,L0064,1024,2,2,True,1785046357.6737428,1024,1024,1024,13.345166206359863,False,False,False,False,1024,18.48,1,1,1056.0,True,cache_reused,False,False,0,0.0,d043a152daedd5d6bdff323c31c58ca1329750656a07b6a067f3220d01059dac,True,,,1,0,443.333149,1035.694747,6,1085,4,1056
20260726_formal4t4_reuse_intensive_RateFIFO@rho0.5_rep0,0,RateFIFO@rho0.5,RateFIFO,308,reuse_intensive:rep0:req308,reuse_intensive,1,64,0,L0064,1024,2,2,True,1785046358.7118976,1024,1024,1024,14.383321046829224,False,False,False,False,1024,20.48,1,1,1056.0,True,cache_reused,False,False,0,0.0,282e7142abd9d522a9a4ad057d230ffe7b441dea6f84af179b1159a4d31ab40c,True,,,1,0,123.45897,496.799498,6,1085,4,1056
20260726_formal4t4_reuse_intensive_RateFIFO@rho0.5_rep0,0,RateFIFO@rho0.5,RateFIFO,309,reuse_intensive:rep0:req309,reuse_intensive,1,72,2,L0072,4096,3,3,True,1785046358.7119215,4096,4096,4096,96.04670858383179,False,False,False,False,4096,81.92,1,1,4128.0,True,cache_reused,False,False,0,0.0,ac46210927fa7fedfcadb54d24cbed3b26089d4e652bf7cb78176f6a2b05dd33,True,,,1,0,357.321713,1271.558218,6,4157,4,4128
20260726_formal4t4_reuse_intensive_RateFIFO@rho0.5_rep0,0,RateFIFO@rho0.5,RateFIFO,310,reuse_intensive:rep0:req310,reuse_intensive,1,64,1,L0064,1024,2,2,True,1785046358.7119386,1024,1024,1024,14.383362054824829,False,False,False,False,1024,18.48,1,1,1056.0,True,cache_reused,False,False,0,0.0,50785203d10c92eb199c6bdd2749de7d25c1f8d54b92475f5249c5dc1e0a4261,True,,,1,0,275.278511,603.984335,6,1085,4,1056
20260726_formal4t4_reuse_intensive_RateFIFO@rho0.5_rep0,0,RateFIFO@rho0.5,RateFIFO,311,reuse_intensive:rep0:req311,reuse_intensive,1,64,2,L0064,1024,2,2,True,1785046358.711952,1024,1024,1024,14.383375406265259,False,False,False,False,1024,16.48,1,1,1056.0,True,cache_reused,False,False,0,0.0,b141e87db323bb89361c935f6d1a4736c8a68184bfa06edc8182aafd411b03f5,True,,,1,0,275.111079,603.892273,6,1085,4,1056
20260726_formal4t4_reuse_intensive_RateFIFO@rho0.5_rep0,0,RateFIFO@rho0.5,RateFIFO,312,reuse_intensive:rep0:req312,reuse_intensive,1,65,2,L0065,2048,1,1,False,1785046359.9844573,2048,2048,2048,58.53551244735718,False,False,False,False,2048,0.0,1,1,2080.0,False,cache_reused,False,False,0,0.0,b85194dc17d11a2f9620a29b7af340fe2c7d2ee5309e7d4006b321371eba2f19,True,,,1,0,201.28977,1141.461187,6,2109,4,2080
20260726_formal4t4_reuse_intensive_RateFIFO@rho0.5_rep0,0,RateFIFO@rho0.5,RateFIFO,313,reuse_intensive:rep0:req313,reuse_intensive,1,74,0,L0074,2048,0,,False,1785046359.9844785,0,0,0,,False,False,False,False,0,0.0,0,0,32.0,False,cache_miss,False,False,0,0.0,75408f52aadd0f7ac2c2dbf0b84b6037aebe0ac5deba461b9d19b9390a9ee770,True,,,1,0,3235.39202,3755.769262,6,2109,4,32
20260726_formal4t4_reuse_intensive_RateFIFO@rho0.5_rep0,0,RateFIFO@rho0.5,RateFIFO,314,reuse_intensive:rep0:req314,reuse_intensive,1,76,2,L0076,2048,1,1,True,1785046359.9844959,2048,2048,2048,46.998658418655396,False,False,False,False,2048,38.96,1,1,2080.0,True,cache_reused,False,False,0,0.0,e3f396c08efa705c2263914f9c7eccf18d85d1570e3d99710619b018438fcc33,True,,,1,0,515.64592,1307.595956,6,2109,4,2080
20260726_formal4t4_reuse_intensive_RateFIFO@rho0.5_rep0,0,RateFIFO@rho0.5,RateFIFO,315,reuse_intensive:rep0:req315,reuse_intensive,1,70,1,L0070,4096,2,,False,1785046359.9845078,4096,0,0,416.32178235054016,True,True,False,False,0,0.0,0,0,4128.0,False,cache_reused,False,False,0,0.0,72bfef5462813332579006c7be54cd5453da3f6c38b6c095aaadcbe2b7412e09,True,,,1,0,360.689135,1294.838305,6,4157,4,4128
20260726_formal4t4_reuse_intensive_RateFIFO@rho0.5_rep0,0,RateFIFO@rho0.5,RateFIFO,316,reuse_intensive:rep0:req316,reuse_intensive,1,64,0,L0064,1024,2,2,True,1785046363.7414181,1024,1024,1024,3.7574095726013184,False,False,False,False,1024,20.48,1,1,1056.0,True,cache_reused,False,False,0,0.0,63b620b012016499e67d2ac487d3babc203edee5eeb17a75097c9f6a7a13fe0b,True,,,1,0,245.299656,582.714218,6,1085,4,1056
20260726_formal4t4_reuse_intensive_RateFIFO@rho0.5_rep0,0,RateFIFO@rho0.5,RateFIFO,317,reuse_intensive:rep0:req317,reuse_intensive,1,65,0,L0065,2048,1,1,True,1785046363.741443,2048,2048,2048,62.29249811172485,False,False,False,False,2048,40.96,1,1,2080.0,True,cache_reused,False,False,0,0.0,5a2beeb8afb1c2961590954ac4f9b19f2eb96b90ea620beeb5fef13051f7a18b,True,,,1,0,327.389467,867.012377,6,2109,4,2080
20260726_formal4t4_reuse_intensive_RateFIFO@rho0.5_rep0,0,RateFIFO@rho0.5,RateFIFO,318,reuse_intensive:rep0:req318,reuse_intensive,1,64,1,L0064,1024,2,2,True,1785046363.741459,1024,1024,1024,3.7574503421783447,False,False,False,False,1024,18.48,1,1,1056.0,True,cache_reused,False,False,0,0.0,efacb233c516c446e6912fa582f0489ba7b95210e7249e856d3fa85a76d427e1,True,,,1,0,361.845348,679.411032,6,1085,4,1056
20260726_formal4t4_reuse_intensive_RateFIFO@rho0.5_rep0,0,RateFIFO@rho0.5,RateFIFO,319,reuse_intensive:rep0:req319,reuse_intensive,1,65,1,L0065,2048,1,1,True,1785046363.741472,2048,2048,2048,62.292527198791504,False,False,False,False,2048,38.96,1,1,2080.0,True,cache_reused,False,False,0,0.0,a28f55e06c3139a7dfb29679f596496263536622648a5f15943e353ea8b26c38,True,,,1,0,511.793463,1028.294449,6,2109,4,2080
