{
  "cell_id": "rich_rich_prefix_locality_ctx1024_s8_w12_c4_td0_f10_r1",
  "policy": "rich",
  "view": "rich",
  "workload": "prefix_locality",
  "ctx_tokens": 1024,
  "n_steps": 8,
  "n_workflows": 12,
  "concurrent": 4,
  "duration_s": 120,
  "rep": 1,
  "freq_hz": 10,
  "tool_delay_ms": 0,
  "n_state_updates": 467,
  "ttft_p50": 167.556874,
  "ttft_p95": 425.513032,
  "ttft_p99": 477.278659,
  "tpot_p50": 104.46422166666667,
  "tpot_p95": 154.14933895833335,
  "workflow_completion_p50": 20755.145414,
  "workflow_completion_p95": 23071.266879,
  "workflow_completion_p99": 23698.701568,
  "cache_hit_rate": 0.9767822222222222,
  "cache_hits_delta": 82416.0,
  "cache_queries_delta": 84375.0,
  "n_total_steps": 84,
  "cross_instance_switches": 84,
  "same_instance_step_ratio": 0.0,
  "n_total_workflows": 12,
  "n_successful_workflows": 12,
  "n_failed_requests": 0,
  "load_stdev": 0.9743159278579864,
  "state_size_avg": 2325.2470556745184,
  "state_size_p95": 4895,
  "state_size_max": 6473,
  "state_traffic_Bps": 186019.76445396146,
  "dispatch_decision_p50": 81.76,
  "dispatch_decision_p95": 101.699,
  "dispatch_decision_p99": 126.902
}