{
  "cell_id": "stress_n4_f10_vcoarse_r1",
  "n": 4,
  "f_hz": 10,
  "view": "coarse",
  "rep": 1,
  "duration_s": 60,
  "n_updates": 600,
  "target_f": 10,
  "achieved_f": 9.999997576078366,
  "size_p95": 375,
  "size_avg": 372.93875,
  "target_traffic_MBps": 0.014917550000000002,
  "achieved_traffic_MBps": 0.014917546384102783,
  "ser_us_p95": 4.78,
  "deser_us_p95": 8.51,
  "merge_us_p95": 0.339,
  "total_us_p95": 15.817,
  "missed_deadline_rate": 2.4239216345200987e-07,
  "sustainable": true
}