{
  "cell_id": "round-robin_agentic_none_f50_r1",
  "policy": "round-robin",
  "workload": "agentic",
  "view": "none",
  "freq_hz": 50,
  "rep": 1,
  "ctx_tokens": 512,
  "tool_delay_ms": 200,
  "n_workflows": 8,
  "n_steps": 8,
  "concurrent": 4,
  "duration_s": 75,
  "n_state_updates": 167,
  "state_size_avg": 341.4745508982036,
  "state_size_p95": 365,
  "state_size_max": 365,
  "state_traffic_Bps": 136589.82035928144,
  "dispatch_decision_p50": 46.657,
  "dispatch_decision_p95": 64.69099999999999,
  "dispatch_decision_p99": 69.688,
  "dispatch_decision_p99_mean": 40.677984375,
  "ttft_p50": 80.785554,
  "ttft_p95": 200.67723,
  "ttft_p99": 261.767224,
  "request_latency_p95": 0,
  "workflow_completion_p50": 10013.311692,
  "workflow_completion_p95": 11370.074276,
  "workflow_completion_p99": 11370.074276,
  "cache_hits_delta": 2080.0,
  "cache_queries_delta": 8275.0,
  "cache_hit_rate": 0.2513595166163142,
  "same_instance_step_ratio": 0.20833333333333334,
  "n_total_requests": 64,
  "n_failed_requests": 0,
  "load_stdev": 0.4936832662051207
}