{
  "cell_id": "n64_f10.0_vcoarse_r1",
  "n": 64,
  "f_hz": 10.0,
  "view": "coarse",
  "rep": 1,
  "duration_s": 30,
  "n_updates": 300,
  "size_avg": 476.2266666666667,
  "size_p95": 479,
  "size_p99": 480,
  "size_max": 480,
  "traffic_Bps": 304785.06666666665,
  "traffic_MBps": 0.30478506666666666,
  "ser_us_p95": 5.898,
  "deser_us_p95": 10.235,
  "merge_us_p95": 972.343,
  "total_us_p95": 1008.802,
  "dispatch_p50": 85.052,
  "dispatch_p95": 97.761,
  "dispatch_p99": 109.042,
  "dispatch_q_count": 96,
  "actual_elapsed_s": 30.50457191467285,
  "achieved_hz": 9.834591379913727
}