{
  "cell_id": "n64_f50_vrich_r1",
  "n": 64,
  "f_hz": 50,
  "view": "rich",
  "rep": 1,
  "duration_s": 20.0,
  "actual_elapsed_s": 20.116366624832153,
  "n_state_updates": 39912,
  "n_dispatch_queries": 407,
  "n_deadline_missed": 0,
  "size": {
    "avg": 12685.292192824214,
    "p50": 12685,
    "p95": 12739,
    "p99": 12760,
    "min": 12560,
    "max": 12802
  },
  "build_us_p95": 410.862,
  "ser_us_p95": 16.325,
  "deser_us_p95": 64.386,
  "merge_us_p95": 13.669,
  "total_us_p95": 500.738,
  "dispatch_latency_us_p50": 59.426,
  "dispatch_latency_us_p95": 62.653,
  "dispatch_latency_us_p99": 71.513
}