{
  "cell_id": "stress_n256_f10_vsketch_r2",
  "n": 256,
  "f_hz": 10,
  "view": "sketch",
  "rep": 2,
  "duration_s": 60,
  "n_updates": 600,
  "target_f": 10,
  "achieved_f": 9.999997258187092,
  "size_p95": 896,
  "size_avg": 895.2684440104167,
  "target_traffic_MBps": 2.291887216666667,
  "achieved_traffic_MBps": 2.2918865882740715,
  "ser_us_p95": 6.915,
  "deser_us_p95": 15.212,
  "merge_us_p95": 0.342,
  "total_us_p95": 24.1,
  "missed_deadline_rate": 2.7418129078249365e-07,
  "sustainable": true
}