{
  "cell_id": "coarse_coarse_prefix_locality_ctx256_s8_w12_c4_td0_f10_r3",
  "policy": "coarse",
  "view": "coarse",
  "workload": "prefix_locality",
  "ctx_tokens": 256,
  "n_steps": 8,
  "n_workflows": 12,
  "concurrent": 4,
  "duration_s": 120,
  "rep": 3,
  "freq_hz": 10,
  "tool_delay_ms": 0,
  "n_state_updates": 313,
  "ttft_p50": 139.608357,
  "ttft_p95": 357.581321,
  "ttft_p99": 430.027435,
  "tpot_p50": 65.34384416666667,
  "tpot_p95": 86.5126165,
  "workflow_completion_p50": 13645.139183,
  "workflow_completion_p95": 15264.751388,
  "workflow_completion_p99": 15265.127343,
  "cache_hit_rate": 0.8026062283252181,
  "cache_hits_delta": 22912.0,
  "cache_queries_delta": 28547.0,
  "n_total_steps": 84,
  "cross_instance_switches": 84,
  "same_instance_step_ratio": 0.0,
  "n_total_workflows": 12,
  "n_successful_workflows": 12,
  "n_failed_requests": 0,
  "load_stdev": 0.9987608715003912,
  "state_size_avg": 348.0766773162939,
  "state_size_p95": 375,
  "state_size_max": 377,
  "state_traffic_Bps": 27846.134185303512,
  "dispatch_decision_p50": 67.811,
  "dispatch_decision_p95": 88.062,
  "dispatch_decision_p99": 118.472
}