{
  "cell_id": "rich_rich_prefix_locality_ctx1024_s4_w12_c4_td200_f10_r2",
  "policy": "rich",
  "view": "rich",
  "workload": "prefix_locality",
  "ctx_tokens": 1024,
  "n_steps": 4,
  "n_workflows": 12,
  "concurrent": 4,
  "duration_s": 120,
  "rep": 2,
  "freq_hz": 10,
  "tool_delay_ms": 200,
  "n_state_updates": 234,
  "ttft_p50": 213.289124,
  "ttft_p95": 494.622767,
  "ttft_p99": 495.563744,
  "tpot_p50": 96.204438375,
  "tpot_p95": 132.92122495833334,
  "workflow_completion_p50": 11395.737513,
  "workflow_completion_p95": 11616.142353,
  "workflow_completion_p99": 11616.16987,
  "cache_hit_rate": 0.94421007726217,
  "cache_hits_delta": 39840.0,
  "cache_queries_delta": 42194.0,
  "n_total_steps": 36,
  "cross_instance_switches": 36,
  "same_instance_step_ratio": 0.0,
  "n_total_workflows": 12,
  "n_successful_workflows": 12,
  "n_failed_requests": 0,
  "load_stdev": 1.0235470719203166,
  "state_size_avg": 1977.4465811965813,
  "state_size_p95": 4747,
  "state_size_max": 6893,
  "state_traffic_Bps": 158195.7264957265,
  "dispatch_decision_p50": 75.885,
  "dispatch_decision_p95": 92.586,
  "dispatch_decision_p99": 126.252
}