{
  "cell_id": "coarse_coarse_prefix_locality_ctx1024_s4_w12_c4_td200_f10_r2",
  "policy": "coarse",
  "view": "coarse",
  "workload": "prefix_locality",
  "ctx_tokens": 1024,
  "n_steps": 4,
  "n_workflows": 12,
  "concurrent": 4,
  "duration_s": 120,
  "rep": 2,
  "freq_hz": 10,
  "tool_delay_ms": 200,
  "n_state_updates": 257,
  "ttft_p50": 245.80993,
  "ttft_p95": 392.583816,
  "ttft_p99": 461.306734,
  "tpot_p50": 101.56740495833333,
  "tpot_p95": 155.42009045833333,
  "workflow_completion_p50": 11597.513875,
  "workflow_completion_p95": 12941.30071,
  "workflow_completion_p99": 12941.323205,
  "cache_hit_rate": 0.9137472022617505,
  "cache_hits_delta": 38784.0,
  "cache_queries_delta": 42445.0,
  "n_total_steps": 36,
  "cross_instance_switches": 36,
  "same_instance_step_ratio": 0.0,
  "n_total_workflows": 12,
  "n_successful_workflows": 12,
  "n_failed_requests": 0,
  "load_stdev": 0.9271168917114375,
  "state_size_avg": 348.0194552529183,
  "state_size_p95": 375,
  "state_size_max": 375,
  "state_traffic_Bps": 27841.556420233464,
  "dispatch_decision_p50": 67.905,
  "dispatch_decision_p95": 84.341,
  "dispatch_decision_p99": 95.845
}