{
  "cell_id": "n64_f10.0_vrich_r1",
  "n": 64,
  "f_hz": 10.0,
  "view": "rich",
  "rep": 1,
  "duration_s": 30,
  "n_updates": 300,
  "size_avg": 12993.39,
  "size_p95": 13093,
  "size_p99": 13154,
  "size_max": 13159,
  "traffic_Bps": 8315769.6,
  "traffic_MBps": 8.3157696,
  "ser_us_p95": 28.699,
  "deser_us_p95": 114.431,
  "merge_us_p95": 38915.709,
  "total_us_p95": 39821.501,
  "dispatch_p50": 86.481,
  "dispatch_p95": 97.242,
  "dispatch_p99": 112.033,
  "dispatch_q_count": 96,
  "actual_elapsed_s": 30.504196882247925,
  "achieved_hz": 9.834712290838464
}