{
  "cell_id": "oracle_oracle_prefix_locality_ctx256_s8_w12_c4_td0_f10_r3",
  "policy": "oracle",
  "view": "oracle",
  "workload": "prefix_locality",
  "ctx_tokens": 256,
  "n_steps": 8,
  "n_workflows": 12,
  "concurrent": 4,
  "duration_s": 120,
  "rep": 3,
  "freq_hz": 10,
  "tool_delay_ms": 0,
  "n_state_updates": 299,
  "ttft_p50": 95.127723,
  "ttft_p95": 187.061019,
  "ttft_p99": 317.912949,
  "tpot_p50": 68.99067029166666,
  "tpot_p95": 96.453778625,
  "workflow_completion_p50": 13930.345868,
  "workflow_completion_p95": 15967.14154,
  "workflow_completion_p99": 16029.685388,
  "cache_hit_rate": 0.8489657126664778,
  "cache_hits_delta": 23968.0,
  "cache_queries_delta": 28232.0,
  "n_total_steps": 84,
  "cross_instance_switches": 15,
  "same_instance_step_ratio": 0.8214285714285714,
  "n_total_workflows": 12,
  "n_successful_workflows": 12,
  "n_failed_requests": 0,
  "load_stdev": 0.6730483314635712,
  "state_size_avg": 2426.8666387959865,
  "state_size_p95": 4460,
  "state_size_max": 5605,
  "state_traffic_Bps": 194149.3311036789,
  "dispatch_decision_p50": 56.073,
  "dispatch_decision_p95": 75.381,
  "dispatch_decision_p99": 80.061
}