{
  "cell_id": "coarse_c32_r3_fail_f5",
  "policy": "coarse",
  "concurrent": 32,
  "rep": 3,
  "fail_mode": true,
  "freq_hz": 5,
  "duration_s": 30,
  "n_dispatch": 232,
  "n_success": 232,
  "n_fail": 0,
  "n_unreachable": 64,
  "success_rate": 1.0,
  "state_collect_avg_us": 90080.99996747967,
  "state_collect_p95_us": 103703.746,
  "state_collect_max_us": 112560.103,
  "state_collect_n": 123,
  "decision_avg_us": 130.82219827586206,
  "decision_p95_us": 158.276,
  "decision_p99_us": 260.777,
  "ttft_avg_us": 81237.27875862068,
  "ttft_p95_us": 116725.644,
  "same_inst_step_ratio": 0.11538461538461542,
  "load_stdev": 330.3565375921691,
  "load_max": 999,
  "load_min": 0,
  "load_unreachable": 64
}