{
  "cell_id": "rich_rich_prefix_locality_ctx1536_s8_w12_c4_td0_f10_r3",
  "policy": "rich",
  "view": "rich",
  "workload": "prefix_locality",
  "ctx_tokens": 1536,
  "n_steps": 8,
  "n_workflows": 12,
  "concurrent": 4,
  "duration_s": 120,
  "rep": 3,
  "freq_hz": 10,
  "tool_delay_ms": 0,
  "n_state_updates": 652,
  "ttft_p50": 281.678611,
  "ttft_p95": 568.425652,
  "ttft_p99": 655.908682,
  "tpot_p50": 148.5815455,
  "tpot_p95": 205.39403345833333,
  "workflow_completion_p50": 29991.06397,
  "workflow_completion_p95": 31348.62346,
  "workflow_completion_p99": 34026.718346,
  "cache_hit_rate": 0.9561210375111519,
  "cache_hits_delta": 116816.0,
  "cache_queries_delta": 122177.0,
  "n_total_steps": 84,
  "cross_instance_switches": 84,
  "same_instance_step_ratio": 0.0,
  "n_total_workflows": 12,
  "n_successful_workflows": 12,
  "n_failed_requests": 0,
  "load_stdev": 0.8502999372357642,
  "state_size_avg": 2336.6115797546013,
  "state_size_p95": 4700,
  "state_size_max": 6447,
  "state_traffic_Bps": 186928.9263803681,
  "dispatch_decision_p50": 83.189,
  "dispatch_decision_p95": 113.533,
  "dispatch_decision_p99": 140.275
}