{
  "cell_id": "round-robin_f10_w8_s12_c3",
  "policy": "round-robin",
  "freq_hz": 10.0,
  "n_workflows": 8,
  "n_steps": 12,
  "concurrent": 3,
  "duration_s": 120.0,
  "n_state_updates": 726,
  "cache_hits_delta": 112016.0,
  "cache_queries_delta": 118690.0,
  "cache_hit_rate": 0.9437694835285196,
  "ttft_p50": 2283.382272,
  "ttft_p95": 2636.252968,
  "ttft_p99": 2710.377205,
  "request_latency_p50": 2283.524108,
  "request_latency_p95": 2636.361155,
  "request_latency_p99": 2710.501054,
  "workflow_completion_p50": 23939.565616,
  "workflow_completion_p95": 26522.152555,
  "workflow_completion_p99": 26522.152555,
  "n_workflows_succeeded": 8,
  "state_size_avg": 349.34641873278235,
  "state_size_p95": 365,
  "state_traffic_Bps": 13973.856749311293,
  "dispatch_decision_p50": 32.833999999999996,
  "dispatch_decision_p95": 49.335,
  "dispatch_decision_p99": 72.666
}