{
  "cell_id": "sketch_f5_['instance_0', 'instance_1', 'instance_2', 'instance_3', 'instance_4', 'instance_5']_r3_w12_s10_c4",
  "policy": "sketch",
  "rep": 3,
  "noise_targets": [
    "instance_0",
    "instance_1",
    "instance_2",
    "instance_3",
    "instance_4",
    "instance_5"
  ],
  "noise_rps": 2.0,
  "freq_hz": 5.0,
  "n_workflows": 12,
  "n_steps": 10,
  "concurrent": 4,
  "duration_s": 75.0,
  "n_state_updates": 262,
  "ttft_p50": 83.322399,
  "ttft_p95": 190.32524,
  "ttft_p99": 209.616469,
  "tpot_p50": 57.46727759375,
  "tpot_p95": 73.7648281875,
  "tpot_p99": 78.11216035,
  "cache_hit_rate": 0.8909720521879044,
  "cache_hits_delta": 101888.0,
  "cache_queries_delta": 114356.0,
  "load_stdev": 0.7300692222187878,
  "sla_success_rate": 1.0,
  "workflow_completion_p50": 17129.838683,
  "workflow_completion_p95": 17969.978019,
  "workflow_completion_p99": 19250.961,
  "n_total_steps": 120,
  "n_failed_steps": 0,
  "failure_rate": 0.0,
  "state_size_avg": 357.231393129771,
  "state_size_p95": 360,
  "state_traffic_Bps": 14289.25572519084,
  "dispatch_decision_p50": 81.131,
  "dispatch_decision_p95": 120.25,
  "dispatch_decision_p99": 136.202,
  "ttft_raw": [
    62.160696,
    199.263893,
    198.651571,
    199.901901,
    84.313144,
    81.998836,
    69.285506,
    190.32524,
    48.185226,
    47.113228,
    209.616469,
    68.940338,
    84.53474,
    83.322399,
    106.075441,
    56.763957,
    108.088644,
    86.251472,
    147.040795,
    45.494042,
    85.543038,
    45.296954,
    62.713588,
    68.021316,
    46.743736,
    48.895299,
    92.086395,
    145.642489,
    78.100923,
    87.359154,
    137.734008,
    87.015197,
    116.580847,
    112.539239,
    91.06049,
    151.092198,
    86.724113,
    46.733297,
    83.723649,
    48.793499,
    106.661455,
    79.066115,
    261.523871,
    50.150339,
    52.317254,
    72.849012,
    138.87156,
    80.884635,
    87.360669,
    52.312312,
    81.894595,
    85.520024,
    156.79022,
    90.771201,
    45.867638,
    109.267567,
    121.729188,
    61.230383,
    46.978472,
    77.683022,
    85.066664,
    111.395674,
    92.880506,
    69.681605,
    103.812712,
    66.335584,
    85.575318,
    61.72131,
    45.297744,
    122.722104,
    77.317031,
    73.288321,
    176.414165,
    76.485571,
    200.210661,
    66.115931,
    183.928781,
    64.089909,
    49.713452,
    107.400796,
    54.657982,
    113.502731,
    160.297877,
    46.696328,
    113.387481,
    167.036829,
    44.565595,
    45.59324,
    59.990369,
    113.480222,
    43.694539,
    102.168908,
    46.221999,
    106.125769,
    109.676945,
    117.690298,
    71.663059,
    82.802592,
    52.80782,
    61.606968,
    87.585917,
    45.006715,
    82.286009,
    106.008344,
    80.743994,
    43.439564,
    87.956878,
    64.404309,
    74.500565,
    55.826315,
    90.826359,
    46.71442,
    130.078257,
    83.63752,
    45.719318,
    78.948835,
    84.993623,
    50.34424,
    92.103035,
    49.407143
  ],
  "decision_raw": [
    108.963,
    73.822,
    71.147,
    78.07000000000001,
    84.69500000000001,
    80.938,
    81.484,
    96.342,
    81.907,
    79.864,
    96.237,
    79.582,
    81.443,
    81.133,
    79.33200000000001,
    80.55600000000001,
    77.42200000000001,
    77.506,
    79.084,
    79.604,
    84.713,
    80.777,
    79.705,
    90.014,
    97.02799999999999,
    80.084,
    79.643,
    80.39500000000001,
    77.859,
    116.686,
    78.401,
    97.162,
    82.611,
    104.727,
    79.577,
    131.268,
    89.206,
    83.551,
    79.722,
    72.943,
    83.48400000000001,
    80.177,
    83.387,
    89.97500000000001,
    86.67599999999999,
    91.056,
    90.812,
    91.376,
    98.011,
    134.755,
    78.291,
    79.143,
    74.51700000000001,
    102.099,
    83.807,
    81.932,
    83.54700000000001,
    88.274,
    87.541,
    81.448,
    82.714,
    45.779,
    60.175,
    66.637,
    68.534,
    54.715,
    80.862,
    59.163000000000004,
    113.012,
    83.042,
    86.762,
    83.401,
    120.25,
    101.18100000000001,
    88.113,
    92.792,
    80.931,
    124.64299999999999,
    83.71,
    89.99900000000001,
    83.07199999999999,
    79.538,
    76.807,
    77.158,
    78.007,
    81.274,
    79.06099999999999,
    121.826,
    74.485,
    76.116,
    80.431,
    79.205,
    80.484,
    75.806,
    77.945,
    78.256,
    118.394,
    88.017,
    80.754,
    76.525,
    79.181,
    78.846,
    81.131,
    88.922,
    77.55499999999999,
    79.396,
    77.851,
    78.45599999999999,
    167.613,
    84.664,
    78.717,
    89.595,
    46.953,
    43.010999999999996,
    110.507,
    92.283,
    136.202,
    77.47,
    106.432,
    80.206
  ]
}