{
  "cell_id": "sketch_f5_['instance_0', 'instance_1']_r1_w12_s10_c4",
  "policy": "sketch",
  "rep": 1,
  "noise_targets": [
    "instance_0",
    "instance_1"
  ],
  "noise_rps": 2.0,
  "freq_hz": 5.0,
  "n_workflows": 12,
  "n_steps": 10,
  "concurrent": 4,
  "duration_s": 75.0,
  "n_state_updates": 235,
  "ttft_p50": 78.445283,
  "ttft_p95": 172.576034,
  "ttft_p99": 210.795926,
  "tpot_p50": 48.22527275,
  "tpot_p95": 68.408812,
  "tpot_p99": 70.1280726551724,
  "cache_hit_rate": 0.9471571382413128,
  "cache_hits_delta": 96736.0,
  "cache_queries_delta": 102133.0,
  "load_stdev": 0.7115353230766215,
  "sla_success_rate": 1.0,
  "workflow_completion_p50": 14462.08054,
  "workflow_completion_p95": 16540.906731,
  "workflow_completion_p99": 16613.964013,
  "n_total_steps": 120,
  "n_failed_steps": 0,
  "failure_rate": 0.0,
  "state_size_avg": 357.2255319148936,
  "state_size_p95": 360,
  "state_traffic_Bps": 14289.021276595744,
  "dispatch_decision_p50": 78.432,
  "dispatch_decision_p95": 107.842,
  "dispatch_decision_p99": 114.378,
  "ttft_raw": [
    110.056647,
    110.515945,
    61.160409,
    110.934445,
    71.245305,
    88.71,
    55.299644,
    95.799993,
    113.568191,
    49.725122,
    87.211312,
    83.059802,
    89.119248,
    85.130998,
    98.254129,
    46.678451,
    56.111462,
    103.777767,
    211.666235,
    57.8499,
    84.316069,
    47.174044,
    51.085542,
    132.732028,
    172.576034,
    48.653795,
    80.675749,
    69.256584,
    80.799842,
    81.512921,
    47.306708,
    65.286812,
    78.445283,
    84.608999,
    54.405759,
    64.336074,
    86.670881,
    77.948187,
    173.268368,
    54.336364,
    47.961438,
    100.053653,
    175.245641,
    49.416839,
    50.781927,
    210.795926,
    50.370972,
    80.505556,
    91.217488,
    92.472827,
    69.888731,
    74.982297,
    87.246589,
    47.241016,
    59.382246,
    75.513685,
    147.635043,
    132.290994,
    75.867686,
    56.60864,
    43.738574,
    184.869437,
    69.272749,
    48.111521,
    58.288194,
    179.873847,
    112.014072,
    76.171566,
    99.751486,
    70.287987,
    102.720131,
    95.622353,
    47.898087,
    47.659857,
    82.851521,
    94.598818,
    44.635821,
    84.056657,
    80.499312,
    46.765415,
    86.130699,
    82.767773,
    57.511577,
    72.812569,
    82.95921,
    113.770903,
    49.263839,
    85.699081,
    47.082333,
    126.781086,
    48.33927,
    106.266164,
    46.415578,
    46.332521,
    84.494286,
    45.254565,
    69.227161,
    80.5363,
    126.069443,
    47.921926,
    81.371453,
    51.25583,
    75.718077,
    72.55295,
    93.753202,
    46.636737,
    84.502146,
    45.130015,
    50.257575,
    88.828044,
    103.81638,
    96.68822,
    107.538705,
    46.792071,
    53.825538,
    83.965775,
    51.513262,
    45.19085,
    46.742039,
    43.915484
  ],
  "decision_raw": [
    72.131,
    73.027,
    110.83,
    77.661,
    75.472,
    76.42399999999999,
    75.676,
    78.638,
    94.857,
    79.49900000000001,
    90.002,
    78.16499999999999,
    70.744,
    79.17,
    78.187,
    79.16199999999999,
    78.438,
    78.35600000000001,
    64.918,
    75.16099999999999,
    78.932,
    76.637,
    79.951,
    78.78,
    79.725,
    76.557,
    114.378,
    77.696,
    78.432,
    78.47200000000001,
    79.957,
    78.70800000000001,
    81.647,
    80.78099999999999,
    104.846,
    80.348,
    78.148,
    77.26700000000001,
    65.406,
    79.532,
    78.006,
    106.809,
    73.88000000000001,
    79.045,
    100.273,
    69.665,
    81.31,
    78.111,
    94.652,
    111.72500000000001,
    78.54100000000001,
    76.194,
    74.728,
    74.445,
    78.38600000000001,
    75.907,
    107.842,
    73.223,
    78.592,
    84.755,
    78.172,
    62.315000000000005,
    91.487,
    79.20700000000001,
    70.282,
    72.917,
    82.131,
    76.336,
    37.758,
    78.598,
    77.951,
    90.89099999999999,
    77.126,
    79.247,
    77.262,
    78.70200000000001,
    78.163,
    86.008,
    78.256,
    77.93900000000001,
    78.54,
    79.399,
    94.158,
    80.597,
    80.282,
    75.80300000000001,
    78.38799999999999,
    78.63,
    78.427,
    81.057,
    112.837,
    77.919,
    112.866,
    78.31700000000001,
    76.74,
    78.961,
    68.69,
    77.963,
    77.292,
    76.60799999999999,
    126.611,
    78.212,
    80.522,
    85.00699999999999,
    77.718,
    81.11,
    77.071,
    80.839,
    80.33200000000001,
    79.42599999999999,
    75.74600000000001,
    74.294,
    78.88799999999999,
    75.801,
    76.872,
    87.373,
    96.971,
    75.99300000000001,
    77.08800000000001,
    35.665
  ]
}