{
  "cell_id": "n4_f10.0_vrich_r1",
  "n": 4,
  "f_hz": 10.0,
  "view": "rich",
  "rep": 1,
  "duration_s": 30,
  "n_updates": 300,
  "size_avg": 5331.4766666666665,
  "size_p95": 5412,
  "size_p99": 5448,
  "size_max": 5478,
  "traffic_Bps": 213259.06666666665,
  "traffic_MBps": 0.21325906666666666,
  "ser_us_p95": 23.717,
  "deser_us_p95": 89.003,
  "merge_us_p95": 1055.539,
  "total_us_p95": 1418.824,
  "dispatch_p50": 6.636,
  "dispatch_p95": 7.26,
  "dispatch_p99": 8.891,
  "dispatch_q_count": 97,
  "actual_elapsed_s": 30.50179886817932,
  "achieved_hz": 9.835485483873274
}