{
  "cell_id": "rich_f5_none_r1_w12_s10_c4",
  "policy": "rich",
  "rep": 1,
  "noise_targets": null,
  "noise_rps": 2.0,
  "freq_hz": 5.0,
  "n_workflows": 12,
  "n_steps": 10,
  "concurrent": 4,
  "duration_s": 75.0,
  "n_state_updates": 222,
  "ttft_p50": 80.729601,
  "ttft_p95": 219.419977,
  "ttft_p99": 262.370968,
  "tpot_p50": 46.77596911111111,
  "tpot_p95": 64.941064125,
  "tpot_p99": 72.71480158333333,
  "cache_hit_rate": 0.9561627678395911,
  "cache_hits_delta": 92416.0,
  "cache_queries_delta": 96653.0,
  "load_stdev": 0.7740785525962314,
  "sla_success_rate": 1.0,
  "workflow_completion_p50": 14145.128964,
  "workflow_completion_p95": 16495.481862,
  "workflow_completion_p99": 17651.34701,
  "n_total_steps": 120,
  "n_failed_steps": 0,
  "failure_rate": 0.0,
  "state_size_avg": 1026.7483108108108,
  "state_size_p95": 2531,
  "state_traffic_Bps": 41069.93243243243,
  "dispatch_decision_p50": 84.026,
  "dispatch_decision_p95": 100.815,
  "dispatch_decision_p99": 138.323,
  "ttft_raw": [
    102.992097,
    104.276769,
    48.866287,
    104.804573,
    81.159069,
    48.263959,
    67.29583,
    107.759827,
    120.304855,
    48.140671,
    89.250293,
    63.995151,
    262.370968,
    231.876246,
    79.593326,
    192.881193,
    65.30716,
    204.020964,
    79.131583,
    45.496092,
    70.489419,
    78.044674,
    122.324289,
    52.136882,
    59.611443,
    87.189133,
    112.170687,
    94.67539,
    150.581306,
    66.619558,
    77.828641,
    100.329913,
    122.857284,
    226.65105,
    219.419977,
    54.154146,
    94.673597,
    43.090973,
    65.85122,
    70.657737,
    106.798371,
    86.041223,
    45.956335,
    47.963433,
    90.8272,
    84.189175,
    50.356533,
    68.683656,
    45.357121,
    85.967155,
    84.11718,
    46.913815,
    194.439918,
    47.9972,
    187.312229,
    206.111103,
    222.194691,
    46.975282,
    79.794279,
    80.729601,
    75.713384,
    120.652266,
    100.786334,
    72.700253,
    53.857461,
    52.241678,
    102.132406,
    155.101378,
    94.413125,
    118.191657,
    90.148875,
    79.339885,
    81.591432,
    201.53826,
    306.070371,
    79.312584,
    53.477441,
    74.078712,
    48.102657,
    80.553563,
    57.108763,
    48.400192,
    100.125084,
    75.100532,
    46.067805,
    77.67968,
    113.533322,
    51.417281,
    261.506088,
    89.03054,
    84.96901,
    44.484783,
    45.911739,
    69.63837,
    81.883591,
    84.634943,
    48.688993,
    151.264157,
    49.362325,
    142.480132,
    174.226553,
    96.76493,
    93.020001,
    52.850795,
    93.506366,
    50.253548,
    52.960657,
    82.804164,
    53.563791,
    77.152977,
    107.957955,
    101.187208,
    134.94386,
    46.348827,
    76.374479,
    46.464319,
    117.297772,
    47.80547,
    46.556446,
    47.464415
  ],
  "decision_raw": [
    65.416,
    69.34599999999999,
    100.658,
    71.668,
    138.323,
    96.396,
    88.21499999999999,
    97.269,
    82.091,
    85.95100000000001,
    84.355,
    97.937,
    88.29599999999999,
    74.41,
    82.608,
    84.918,
    84.412,
    67.35,
    80.147,
    122.09800000000001,
    85.485,
    84.596,
    90.31099999999999,
    87.767,
    123.17999999999999,
    81.997,
    85.002,
    85.324,
    84.155,
    75.071,
    84.43,
    82.89800000000001,
    88.92099999999999,
    59.354,
    81.398,
    83.568,
    85.18599999999999,
    97.023,
    84.723,
    75.426,
    140.131,
    86.71000000000001,
    58.735,
    58.238,
    82.723,
    86.221,
    108.138,
    80.09700000000001,
    56.661,
    85.611,
    84.253,
    82.965,
    83.012,
    82.227,
    84.541,
    84.242,
    81.342,
    84.062,
    85.601,
    81.721,
    79.51899999999999,
    84.414,
    86.103,
    82.481,
    83.337,
    81.752,
    95.846,
    83.585,
    84.118,
    114.941,
    84.026,
    92.07199999999999,
    83.94200000000001,
    88.958,
    96.272,
    81.821,
    54.330999999999996,
    78.381,
    100.815,
    85.027,
    57.393,
    97.691,
    80.108,
    58.587,
    59.205,
    85.901,
    82.475,
    83.51899999999999,
    83.99,
    100.271,
    83.354,
    95.511,
    81.161,
    100.497,
    76.231,
    83.113,
    83.946,
    81.57000000000001,
    83.336,
    77.611,
    82.377,
    81.47500000000001,
    62.951,
    84.706,
    70.657,
    85.221,
    83.602,
    85.737,
    94.31099999999999,
    77.295,
    82.462,
    84.03099999999999,
    84.43100000000001,
    82.49199999999999,
    86.04400000000001,
    85.112,
    80.291,
    80.375,
    84.03500000000001,
    81.726
  ]
}