{
  "cell_id": "coarse_coarse_prefix_locality_ctx1024_s16_w12_c4_td200_f10_r1",
  "policy": "coarse",
  "view": "coarse",
  "workload": "prefix_locality",
  "ctx_tokens": 1024,
  "n_steps": 16,
  "n_workflows": 12,
  "concurrent": 4,
  "duration_s": 120,
  "rep": 1,
  "freq_hz": 10,
  "tool_delay_ms": 200,
  "n_state_updates": 965,
  "ttft_p50": 270.69454,
  "ttft_p95": 477.404026,
  "ttft_p99": 634.777156,
  "tpot_p50": 95.20081566666666,
  "tpot_p95": 137.0914175,
  "workflow_completion_p50": 43529.70184,
  "workflow_completion_p95": 46273.887792,
  "workflow_completion_p99": 48940.753452,
  "cache_hit_rate": 0.896902842596521,
  "cache_hits_delta": 152208.0,
  "cache_queries_delta": 169704.0,
  "n_total_steps": 180,
  "cross_instance_switches": 180,
  "same_instance_step_ratio": 0.0,
  "n_total_workflows": 12,
  "n_successful_workflows": 12,
  "n_failed_requests": 0,
  "load_stdev": 0.9380467295415272,
  "state_size_avg": 347.7479274611399,
  "state_size_p95": 375,
  "state_size_max": 375,
  "state_traffic_Bps": 27819.834196891192,
  "dispatch_decision_p50": 68.924,
  "dispatch_decision_p95": 98.121,
  "dispatch_decision_p99": 109.011
}