{
  "cell_id": "coarse_coarse_prefix_locality_ctx256_s8_w12_c4_td0_f10_r1",
  "policy": "coarse",
  "view": "coarse",
  "workload": "prefix_locality",
  "ctx_tokens": 256,
  "n_steps": 8,
  "n_workflows": 12,
  "concurrent": 4,
  "duration_s": 120,
  "rep": 1,
  "freq_hz": 10,
  "tool_delay_ms": 0,
  "n_state_updates": 321,
  "ttft_p50": 173.686678,
  "ttft_p95": 366.841695,
  "ttft_p99": 380.214396,
  "tpot_p50": 67.02305845833332,
  "tpot_p95": 96.50941595833332,
  "workflow_completion_p50": 14134.691192,
  "workflow_completion_p95": 15855.262726,
  "workflow_completion_p99": 15964.158715,
  "cache_hit_rate": 0.7253063660943151,
  "cache_hits_delta": 20656.0,
  "cache_queries_delta": 28479.0,
  "n_total_steps": 84,
  "cross_instance_switches": 84,
  "same_instance_step_ratio": 0.0,
  "n_total_workflows": 12,
  "n_successful_workflows": 12,
  "n_failed_requests": 0,
  "load_stdev": 0.9932928736050926,
  "state_size_avg": 347.7795950155763,
  "state_size_p95": 377,
  "state_size_max": 377,
  "state_traffic_Bps": 27822.367601246107,
  "dispatch_decision_p50": 68.076,
  "dispatch_decision_p95": 93.122,
  "dispatch_decision_p99": 118.699
}