{
  "cell_id": "n256_f10.0_vcoarse_r1",
  "n": 256,
  "f_hz": 10.0,
  "view": "coarse",
  "rep": 1,
  "duration_s": 30,
  "n_updates": 300,
  "size_avg": 476.16,
  "size_p95": 479,
  "size_p99": 480,
  "size_max": 480,
  "traffic_Bps": 1218969.6,
  "traffic_MBps": 1.2189696,
  "ser_us_p95": 5.56,
  "deser_us_p95": 9.527,
  "merge_us_p95": 3872.667,
  "total_us_p95": 3905.557,
  "dispatch_p50": 386.77,
  "dispatch_p95": 406.474,
  "dispatch_p99": 431.063,
  "dispatch_q_count": 90,
  "actual_elapsed_s": 30.501036882400513,
  "achieved_hz": 9.835731196833633
}