{
  "cell_id": "sketch_f5_none_r1_w12_s10_c4",
  "policy": "sketch",
  "rep": 1,
  "noise_targets": null,
  "noise_rps": 2.0,
  "freq_hz": 5.0,
  "n_workflows": 12,
  "n_steps": 10,
  "concurrent": 4,
  "duration_s": 75.0,
  "n_state_updates": 237,
  "ttft_p50": 81.346967,
  "ttft_p95": 174.769165,
  "ttft_p99": 227.717311,
  "tpot_p50": 48.1954996875,
  "tpot_p95": 73.527984875,
  "tpot_p99": 78.2194743125,
  "cache_hit_rate": 0.9721915760169099,
  "cache_hits_delta": 94288.0,
  "cache_queries_delta": 96985.0,
  "load_stdev": 0.8060327350140609,
  "sla_success_rate": 1.0,
  "workflow_completion_p50": 15442.773623,
  "workflow_completion_p95": 16631.843321,
  "workflow_completion_p99": 17393.377927,
  "n_total_steps": 120,
  "n_failed_steps": 0,
  "failure_rate": 0.0,
  "state_size_avg": 357.23786919831224,
  "state_size_p95": 360,
  "state_traffic_Bps": 14289.51476793249,
  "dispatch_decision_p50": 78.47,
  "dispatch_decision_p95": 109.39699999999999,
  "dispatch_decision_p99": 120.666,
  "ttft_raw": [
    132.676063,
    61.387424,
    132.078608,
    133.322702,
    79.25107,
    146.1511,
    75.483285,
    49.128324,
    147.164886,
    82.336527,
    78.975338,
    50.936618,
    103.383051,
    81.591454,
    88.148671,
    84.475753,
    89.008779,
    46.821469,
    106.764755,
    56.102186,
    77.864788,
    100.630703,
    48.281466,
    61.661436,
    76.812276,
    53.1948,
    47.981813,
    83.400052,
    60.502965,
    80.887057,
    88.237314,
    90.351834,
    79.455345,
    173.122231,
    227.717311,
    91.364986,
    47.778695,
    44.909306,
    118.910589,
    125.763381,
    97.095545,
    98.665733,
    80.121039,
    80.387831,
    81.788337,
    77.133858,
    54.522826,
    54.522698,
    82.961778,
    84.908603,
    58.624937,
    47.651833,
    46.641491,
    80.502339,
    105.655078,
    135.660779,
    49.127185,
    47.0722,
    167.907361,
    167.035764,
    88.623182,
    160.701963,
    201.115799,
    131.678265,
    160.045927,
    43.346186,
    90.111622,
    174.769165,
    175.24268,
    47.665743,
    49.702701,
    163.336189,
    192.664579,
    86.353262,
    132.32331,
    47.139902,
    73.428159,
    131.848862,
    84.735308,
    81.346967,
    78.414471,
    143.142917,
    64.486612,
    62.898492,
    78.176853,
    81.012955,
    97.169261,
    144.148294,
    135.458572,
    70.044462,
    118.161768,
    46.216083,
    78.089107,
    117.34857,
    163.256994,
    82.378077,
    58.781901,
    92.060502,
    79.93445,
    80.960221,
    75.402405,
    48.274945,
    95.893089,
    76.994244,
    242.188059,
    59.531792,
    102.796584,
    45.724121,
    78.352838,
    78.18103,
    47.763046,
    56.992894,
    91.718036,
    51.736505,
    160.250374,
    194.358495,
    70.141016,
    79.871647,
    51.196782,
    48.874751
  ],
  "decision_raw": [
    75.912,
    112.163,
    74.092,
    96.633,
    86.942,
    57.815999999999995,
    80.296,
    78.297,
    95.672,
    77.781,
    91.47,
    81.159,
    80.631,
    80.351,
    74.632,
    79.16199999999999,
    79.687,
    88.15899999999999,
    111.375,
    45.129,
    109.39699999999999,
    81.131,
    51.483999999999995,
    78.31700000000001,
    83.841,
    80.818,
    115.752,
    77.441,
    79.50500000000001,
    78.903,
    82.848,
    79.34400000000001,
    91.334,
    96.67599999999999,
    65.301,
    96.423,
    76.65,
    82.262,
    78.47,
    79.009,
    74.18400000000001,
    77.977,
    78.354,
    78.407,
    76.69200000000001,
    137.947,
    90.745,
    77.791,
    78.581,
    92.926,
    65.651,
    78.03,
    80.56,
    79.16,
    97.57199999999999,
    76.332,
    76.668,
    79.622,
    68.65100000000001,
    60.068000000000005,
    78.46799999999999,
    86.18,
    76.101,
    65.87,
    61.711000000000006,
    80.458,
    81.196,
    61.716,
    69.74799999999999,
    78.857,
    102.85799999999999,
    117.526,
    65.295,
    79.50699999999999,
    76.652,
    75.221,
    77.857,
    71.247,
    79.471,
    79.387,
    77.781,
    77.81800000000001,
    77.28099999999999,
    69.703,
    79.003,
    77.66999999999999,
    120.666,
    75.80499999999999,
    76.37100000000001,
    75.907,
    75.75200000000001,
    75.593,
    77.471,
    77.531,
    77.776,
    90.633,
    81.208,
    76.04499999999999,
    96.648,
    77.174,
    77.517,
    78.067,
    97.328,
    80.533,
    82.383,
    80.057,
    68.764,
    98.069,
    78.17099999999999,
    79.775,
    79.20700000000001,
    76.93499999999999,
    79.699,
    77.836,
    66.337,
    75.841,
    76.94699999999999,
    80.026,
    79.36200000000001,
    76.778
  ]
}