{
  "cell_id": "oracle_oracle_prefix_locality_ctx1024_s8_w12_c4_td200_f10_r3",
  "policy": "oracle",
  "view": "oracle",
  "workload": "prefix_locality",
  "ctx_tokens": 1024,
  "n_steps": 8,
  "n_workflows": 12,
  "concurrent": 4,
  "duration_s": 120,
  "rep": 3,
  "freq_hz": 10,
  "tool_delay_ms": 200,
  "n_state_updates": 495,
  "ttft_p50": 151.825082,
  "ttft_p95": 337.692975,
  "ttft_p99": 521.426733,
  "tpot_p50": 102.78166520833334,
  "tpot_p95": 141.95685892857142,
  "workflow_completion_p50": 24108.89349,
  "workflow_completion_p95": 25937.206472,
  "workflow_completion_p99": 26169.491803,
  "cache_hit_rate": 0.9600113610811962,
  "cache_hits_delta": 81120.0,
  "cache_queries_delta": 84499.0,
  "n_total_steps": 84,
  "cross_instance_switches": 7,
  "same_instance_step_ratio": 0.9166666666666666,
  "n_total_workflows": 12,
  "n_successful_workflows": 12,
  "n_failed_requests": 0,
  "load_stdev": 0.5958917343055385,
  "state_size_avg": 2528.706138170974,
  "state_size_p95": 4527,
  "state_size_max": 6234,
  "state_traffic_Bps": 202296.49105367792,
  "dispatch_decision_p50": 54.138,
  "dispatch_decision_p95": 67.208,
  "dispatch_decision_p99": 72.982
}