{
  "cell_id": "sketch_bursty_sketch_f10_r1",
  "policy": "sketch",
  "workload": "bursty",
  "view": "sketch",
  "freq_hz": 10,
  "rep": 1,
  "ctx_tokens": 512,
  "tool_delay_ms": 200,
  "n_workflows": 12,
  "n_steps": 8,
  "concurrent": 4,
  "duration_s": 180,
  "n_state_updates": 246,
  "state_size_avg": 357.9649390243902,
  "state_size_p95": 362,
  "state_size_max": 364,
  "state_traffic_Bps": 28637.19512195122,
  "dispatch_decision_p50": 77.64099999999999,
  "dispatch_decision_p95": 95.72800000000001,
  "dispatch_decision_p99": 103.551,
  "dispatch_decision_p99_mean": 78.82040625,
  "ttft_p50": 71.097393,
  "ttft_p95": 149.965859,
  "ttft_p99": 190.873294,
  "request_latency_p95": 0,
  "workflow_completion_p50": 11220.58007,
  "workflow_completion_p95": 11595.737649,
  "workflow_completion_p99": 13070.402971,
  "cache_hits_delta": 10864.0,
  "cache_queries_delta": 12621.0,
  "cache_hit_rate": 0.8607875762617859,
  "same_instance_step_ratio": 0.3194444444444444,
  "n_total_requests": 96,
  "n_failed_requests": 0,
  "load_stdev": 0.6954873565525459
}