{
  "started_at_unix": 1784106220.0409331,
  "finished_at_unix": 1784107160.305461,
  "duration_s": 940.2645285129547,
  "arguments": {
    "out_dir": "supplemental_20260715/trace_replay_v3",
    "seed": 20260715,
    "n_requests": 64,
    "warmup": 8,
    "repetitions": 5,
    "cache_capacity": 128,
    "j": 8,
    "concurrency": 4,
    "load_slack": 0,
    "context_lengths": [
      256,
      512
    ]
  },
  "cells": 210,
  "raw_requests": 11760
}