{
  "cell_id": "round-robin_agentic_none_f1_r1",
  "policy": "round-robin",
  "workload": "agentic",
  "view": "none",
  "freq_hz": 1,
  "rep": 1,
  "ctx_tokens": 512,
  "tool_delay_ms": 200,
  "n_workflows": 8,
  "n_steps": 8,
  "concurrent": 4,
  "duration_s": 75,
  "n_state_updates": 22,
  "state_size_avg": 343.28409090909093,
  "state_size_p95": 365,
  "state_size_max": 365,
  "state_traffic_Bps": 2746.2727272727275,
  "dispatch_decision_p50": 42.821000000000005,
  "dispatch_decision_p95": 78.655,
  "dispatch_decision_p99": 82.871,
  "dispatch_decision_p99_mean": 42.54025,
  "ttft_p50": 97.651393,
  "ttft_p95": 202.645523,
  "ttft_p99": 219.684862,
  "request_latency_p95": 0,
  "workflow_completion_p50": 11101.62012,
  "workflow_completion_p95": 12390.230712,
  "workflow_completion_p99": 12390.230712,
  "cache_hits_delta": 1280.0,
  "cache_queries_delta": 8374.0,
  "cache_hit_rate": 0.15285407212801527,
  "same_instance_step_ratio": 0.20833333333333334,
  "n_total_requests": 64,
  "n_failed_requests": 0,
  "load_stdev": 0.5230298372953534
}