experiment_id,rep,cell_id,policy,request_id,trace_id,workload,phase,lineage_id,step,digest,reusable_prefix_tokens,selected_instance,advertised_owners,candidate_hit,dispatch_time_unix,source_truth_coverage_tokens,dispatcher_view_coverage_tokens,advertised_coverage_tokens,dispatch_state_age_s,dispatcher_view_missing,source_view_false_negative,source_view_false_positive,physical_false_positive_affinity,expected_coverage_tokens,expected_net_prefill_ms,raw_candidate_fanout,evaluated_candidate_fanout,actual_reusable_coverage_tokens,validation_attempt,validation_result,fallback,stale_fallback,forced_owner_resets_before_request,coverage_shortfall_tokens,prompt_sha256,ok,error,prior_attempt_errors,attempt_count,sse_parse_errors,ttft_ms,latency_ms,chunks,input_tokens,output_tokens,vllm_cached_tokens
20260726_formal4t4_reuse_intensive_Ideal_rep0,0,Ideal,Ideal,24,reuse_intensive:rep0:req24,reuse_intensive,0,0,2,L0000,2048,1,0;1;2;3,False,1789899375.8893623,2048,2048,2048,9.059906005859375e-05,False,False,False,False,2048,0.0,4,4,2080.0,False,cache_reused,False,False,0,0.0,7c1587d536a8e0f530162f18e061072e45e5e899f5e370b80c5bca3e94ce563b,True,,,1,0,80.785193,227.654555,6,2108,4,2080
20260726_formal4t4_reuse_intensive_Ideal_rep0,0,Ideal,Ideal,25,reuse_intensive:rep0:req25,reuse_intensive,0,6,1,L0006,1024,3,0;1;2;3,False,1789899375.889413,1024,1024,1024,2.9843316078186035,False,False,False,False,1024,0.0,4,4,1056.0,False,cache_reused,False,False,0,0.0,796c69bbb244338492dfbfca4e84a04081bd2d51f282b05a378ca0184b8a9ad5,True,,,1,0,65.642203,200.13124,6,1084,4,1056
20260726_formal4t4_reuse_intensive_Ideal_rep0,0,Ideal,Ideal,26,reuse_intensive:rep0:req26,reuse_intensive,0,3,0,L0003,4096,2,0;1;2;3,False,1789899375.8894484,4096,4096,4096,37.20468497276306,False,False,False,False,4096,0.0,4,4,4128.0,False,cache_reused,False,False,0,0.0,8b8e78b01a768b747b2f6bf2a3173257141a26ce1b32de169d029f7e07bed279,True,,,1,0,149.853155,444.185013,6,4156,4,4128
20260726_formal4t4_reuse_intensive_Ideal_rep0,0,Ideal,Ideal,27,reuse_intensive:rep0:req27,reuse_intensive,0,1,0,L0001,2048,0,0;1;2;3,False,1789899375.889478,2048,2048,2048,0.0001895427703857422,False,False,False,False,2048,0.0,4,4,2080.0,False,cache_reused,False,False,0,0.0,6271093e974fe4e49537b982b5a170ce2511d1fd4a29e58eb24dcc2b9859286b,True,,,1,0,85.846745,274.342683,6,2108,4,2080
20260726_formal4t4_reuse_intensive_Ideal_rep0,0,Ideal,Ideal,28,reuse_intensive:rep0:req28,reuse_intensive,0,1,1,L0001,2048,1,0;1;2;3,False,1789899376.3360589,2048,2048,2048,1.6356377601623535,False,False,False,False,2048,0.0,4,4,2080.0,False,cache_reused,False,False,0,0.0,b7d36f7c2ba4c5c11d9865e05904186432a5d2eafbe230fb44b540bc06e555bb,True,,,1,0,83.551815,240.201889,6,2108,4,2080
20260726_formal4t4_reuse_intensive_Ideal_rep0,0,Ideal,Ideal,29,reuse_intensive:rep0:req29,reuse_intensive,0,0,0,L0000,2048,2,0;1;2;3,False,1789899376.3361065,2048,2048,2048,0.7395174503326416,False,False,False,False,2048,0.0,4,4,2080.0,False,cache_reused,False,False,0,0.0,4665fe59874e9a2cf97f9dc9647f373de6373ad84f36ce5725bc4599f0daae0a,True,,,1,0,86.461779,251.297385,6,2108,4,2080
20260726_formal4t4_reuse_intensive_Ideal_rep0,0,Ideal,Ideal,30,reuse_intensive:rep0:req30,reuse_intensive,0,0,1,L0000,2048,3,0;1;2;3,False,1789899376.3361413,2048,2048,2048,0.44684433937072754,False,False,False,False,2048,0.0,4,4,2080.0,False,cache_reused,False,False,0,0.0,54ca50dff1f05eb1547f49eac7ae879926858e791c2088461a7c981b4eb533fb,True,,,1,0,86.112831,252.130554,6,2108,4,2080
20260726_formal4t4_reuse_intensive_Ideal_rep0,0,Ideal,Ideal,31,reuse_intensive:rep0:req31,reuse_intensive,0,29,0,L0029,1024,0,,False,1789899376.3361728,0,0,0,,False,False,False,False,0,0.0,0,0,32.0,False,cache_miss,False,False,0,0.0,fccb5e09a1da934498e5402e644f35b342bc2ccc9669c6d019a80c85a785e783,True,,,1,0,415.148035,544.081397,6,1084,4,32
20260726_formal4t4_reuse_intensive_Ideal_rep0,0,Ideal,Ideal,32,reuse_intensive:rep0:req32,reuse_intensive,0,30,0,L0030,2048,0,,False,1789899376.8830702,0,0,0,,False,False,False,False,0,0.0,0,0,32.0,False,cache_miss,False,False,0,0.0,7ae31e25d6518d6897bdc2db831f612d922d3f1a4e5342b2662a7ff29398ece1,True,,,1,0,1234.14973,1427.443665,6,2108,4,32
20260726_formal4t4_reuse_intensive_Ideal_rep0,0,Ideal,Ideal,33,reuse_intensive:rep0:req33,reuse_intensive,0,1,2,L0001,2048,2,0;1;2;3,False,1789899376.883124,2048,2048,2048,44.205538272857666,False,False,False,False,2048,0.0,4,4,2080.0,False,cache_reused,False,False,0,0.0,1d94aad9d8bee5ce8bc29aeaa77031378a6ab6cf4f751836dbac93894453fc46,True,,,1,0,104.183891,314.439716,6,2108,4,2080
20260726_formal4t4_reuse_intensive_Ideal_rep0,0,Ideal,Ideal,34,reuse_intensive:rep0:req34,reuse_intensive,0,0,2,L0000,2048,3,0;1;2;3,False,1789899376.8831737,2048,2048,2048,0.000400543212890625,False,False,False,False,2048,0.0,4,4,2080.0,False,cache_reused,False,False,0,0.0,b0d1636173710f95f947fc8ee32df8f448fd2de52180fb6a30191db837e43231,True,,,1,0,86.494262,253.128464,6,2108,4,2080
20260726_formal4t4_reuse_intensive_Ideal_rep0,0,Ideal,Ideal,35,reuse_intensive:rep0:req35,reuse_intensive,0,13,1,L0013,2048,1,0;1;2;3,False,1789899376.883207,2048,2048,2048,7.70361328125,False,False,False,False,2048,0.0,4,4,2080.0,False,cache_reused,False,False,0,0.0,9b77021b730e07e9d67a7038bf753b8937ff8a07ca442dd387cb57dabcfc3596,True,,,1,0,102.806213,313.502443,6,2108,4,2080
20260726_formal4t4_reuse_intensive_Ideal_rep0,0,Ideal,Ideal,36,reuse_intensive:rep0:req36,reuse_intensive,0,1,0,L0001,2048,3,0;1;2;3,False,1789899378.3117392,2048,2048,2048,4.182590484619141,False,False,False,False,2048,0.0,4,4,2080.0,False,cache_reused,False,False,0,0.0,a955ad8839196c61d5b06d298faa944985e8498599c97deee7c7e0f8a8e3c7f5,True,,,1,0,93.492334,274.999663,6,2108,4,2080
20260726_formal4t4_reuse_intensive_Ideal_rep0,0,Ideal,Ideal,37,reuse_intensive:rep0:req37,reuse_intensive,0,12,0,L0012,4096,0,0;1;2;3,False,1789899378.3117864,4096,4096,4096,10.862541198730469,False,False,False,False,4096,0.0,4,4,4128.0,False,cache_reused,False,False,0,0.0,e4c9da0917e501ae2b69321f4a7812593c3ea33a39e621a4d34783c2646157d9,True,,,1,0,135.093251,450.410485,6,4156,4,4128
20260726_formal4t4_reuse_intensive_Ideal_rep0,0,Ideal,Ideal,38,reuse_intensive:rep0:req38,reuse_intensive,0,7,0,L0007,4096,2,0;1;2;3,False,1789899378.3118246,4096,4096,4096,25.916022777557373,False,False,False,False,4096,0.0,4,4,4128.0,False,cache_reused,False,False,0,0.0,566a186e28540363242658c09a467302d068439f4f3bcf8c258f06f92643965d,True,,,1,0,151.277591,447.772059,6,4156,4,4128
20260726_formal4t4_reuse_intensive_Ideal_rep0,0,Ideal,Ideal,39,reuse_intensive:rep0:req39,reuse_intensive,0,1,1,L0001,2048,1,0;1;2;3,False,1789899378.3118577,2048,2048,2048,1.4294826984405518,False,False,False,False,2048,0.0,4,4,2080.0,False,cache_reused,False,False,0,0.0,48f6535948fa8a6023e783c055cb16923ea43d74e3237766eb9dc189789f0836,True,,,1,0,83.617162,241.170027,6,2108,4,2080
20260726_formal4t4_reuse_intensive_Ideal_rep0,0,Ideal,Ideal,40,reuse_intensive:rep0:req40,reuse_intensive,0,1,2,L0001,2048,3,0;1;2;3,False,1789899378.7643523,2048,2048,2048,0.0010712146759033203,False,False,False,False,2048,0.0,4,4,2080.0,False,cache_reused,False,False,0,0.0,f92be4f26d4b182819fdf69adf460ff0ca7d1a6cd67e94b3356c5c168b2d1a21,True,,,1,0,89.596901,268.080001,6,2108,4,2080
20260726_formal4t4_reuse_intensive_Ideal_rep0,0,Ideal,Ideal,41,reuse_intensive:rep0:req41,reuse_intensive,0,0,0,L0000,2048,2,0;1;2;3,False,1789899378.7643998,2048,2048,2048,1.8817999362945557,False,False,False,False,2048,0.0,4,4,2080.0,False,cache_reused,False,False,0,0.0,3ed71b67a31ff500b096d1eed31f1cba525b1aa2a90f105d2b041c85379793ab,True,,,1,0,87.22466,252.502896,6,2108,4,2080
20260726_formal4t4_reuse_intensive_Ideal_rep0,0,Ideal,Ideal,42,reuse_intensive:rep0:req42,reuse_intensive,0,1,0,L0001,2048,1,0;1;2;3,False,1789899378.7644327,2048,2048,2048,0.0003085136413574219,False,False,False,False,2048,0.0,4,4,2080.0,False,cache_reused,False,False,0,0.0,9a700297ef01121f8541a472d534190fdfa53157c72ade1a78c9891f11fac0ae,True,,,1,0,83.32554,240.584444,6,2108,4,2080
20260726_formal4t4_reuse_intensive_Ideal_rep0,0,Ideal,Ideal,43,reuse_intensive:rep0:req43,reuse_intensive,0,2,1,L0002,2048,0,0;1;2;3,False,1789899378.764461,2048,2048,2048,5.8594043254852295,False,False,False,False,2048,0.0,4,4,2080.0,False,cache_reused,False,False,0,0.0,d8818be3821a7accc77ed6a68ab5fd5bac57fc69e4df691a4b32026650ba4170,True,,,1,0,91.054941,302.799902,6,2108,4,2080
20260726_formal4t4_reuse_intensive_Ideal_rep0,0,Ideal,Ideal,44,reuse_intensive:rep0:req44,reuse_intensive,0,0,1,L0000,2048,3,0;1;2;3,False,1789899379.0701447,2048,2048,2048,0.7587804794311523,False,False,False,False,2048,0.0,4,4,2080.0,False,cache_reused,False,False,0,0.0,3646bb1e0c8c51cdf0880534f3921e726e959e856f0ad7b974b9f5d171dbd543,True,,,1,0,88.693972,253.366766,6,2108,4,2080
20260726_formal4t4_reuse_intensive_Ideal_rep0,0,Ideal,Ideal,45,reuse_intensive:rep0:req45,reuse_intensive,0,0,2,L0000,2048,1,0;1;2;3,False,1789899379.0702045,2048,2048,2048,2.7350220680236816,False,False,False,False,2048,0.0,4,4,2080.0,False,cache_reused,False,False,0,0.0,675dc82929732775ebc5001e1845a90078f978bf1c9e22581f0e20da411a9e87,True,,,1,0,83.706708,232.014057,6,2108,4,2080
20260726_formal4t4_reuse_intensive_Ideal_rep0,0,Ideal,Ideal,46,reuse_intensive:rep0:req46,reuse_intensive,0,0,0,L0000,2048,2,0;1;2;3,False,1789899379.0702403,2048,2048,2048,0.0006411075592041016,False,False,False,False,2048,0.0,4,4,2080.0,False,cache_reused,False,False,0,0.0,fbba15c2da0ee562289621548f8c709e4facde678fb18e6ac038c925fa7cfd27,True,,,1,0,87.205445,252.287525,6,2108,4,2080
20260726_formal4t4_reuse_intensive_Ideal_rep0,0,Ideal,Ideal,47,reuse_intensive:rep0:req47,reuse_intensive,0,0,1,L0000,2048,0,0;1;2;3,False,1789899379.0702689,2048,2048,2048,47.84479069709778,False,False,False,False,2048,0.0,4,4,2080.0,False,cache_reused,False,False,0,0.0,6b5fcaf54c7fb5dc92818d57f9b0e28e557e93f6c1d00eb99a2952ea941075d6,True,,,1,0,89.982746,295.94777,6,2108,4,2080
20260726_formal4t4_reuse_intensive_Ideal_rep0,0,Ideal,Ideal,48,reuse_intensive:rep0:req48,reuse_intensive,0,10,0,L0010,2048,3,0;1;2;3,False,1789899379.3691475,2048,2048,2048,18.068351984024048,False,False,False,False,2048,0.0,4,4,2080.0,False,cache_reused,False,False,0,0.0,52fe1af03ab60d71daf4dd857063dfb2c1700dbbcf10d58e61f8866e96e9a2ca,True,,,1,0,86.100468,245.410207,6,2108,4,2080
20260726_formal4t4_reuse_intensive_Ideal_rep0,0,Ideal,Ideal,49,reuse_intensive:rep0:req49,reuse_intensive,0,3,1,L0003,4096,0,0;1;2;3,False,1789899379.3692079,4096,4096,4096,40.6844596862793,False,False,False,False,4096,0.0,4,4,4128.0,False,cache_reused,False,False,0,0.0,0d7831c33060ceaeba7fabc8ed97169d14aa5ac4a0a2cec0dae2f3c86a7ad45c,True,,,1,0,132.18415,441.572603,6,4156,4,4128
20260726_formal4t4_reuse_intensive_Ideal_rep0,0,Ideal,Ideal,50,reuse_intensive:rep0:req50,reuse_intensive,0,1,1,L0001,2048,2,0;1;2;3,False,1789899379.3692448,2048,2048,2048,1.0580599308013916,False,False,False,False,2048,0.0,4,4,2080.0,False,cache_reused,False,False,0,0.0,c7695bcab3fe789cbac3c1283847950dce56995cda4c93ff7d5bf53a034ba687,True,,,1,0,103.1765,312.984428,6,2108,4,2080
20260726_formal4t4_reuse_intensive_Ideal_rep0,0,Ideal,Ideal,51,reuse_intensive:rep0:req51,reuse_intensive,0,6,2,L0006,1024,1,0;1;2;3,False,1789899379.3692746,1024,1024,1024,31.36839485168457,False,False,False,False,1024,0.0,4,4,1056.0,False,cache_reused,False,False,0,0.0,0334800b7be94d699e2352b0360b34bae3a88ea911cd0e4ed526ab143e8f919a,True,,,1,0,70.262095,215.245014,6,1084,4,1056
20260726_formal4t4_reuse_intensive_Ideal_rep0,0,Ideal,Ideal,52,reuse_intensive:rep0:req52,reuse_intensive,0,58,0,L0058,2048,3,,False,1789899379.812743,0,0,0,,False,False,False,False,0,0.0,0,0,32.0,False,cache_miss,False,False,0,0.0,7003c5f9b97764f4643ab42a996a26a1ec255fd545b4b9541c2605b428b6bfe2,True,,,1,0,1382.715483,1582.188662,6,2108,4,32
20260726_formal4t4_reuse_intensive_Ideal_rep0,0,Ideal,Ideal,53,reuse_intensive:rep0:req53,reuse_intensive,0,0,2,L0000,2048,1,0;1;2;3,False,1789899379.8127985,2048,2048,2048,0.4441983699798584,False,False,False,False,2048,0.0,4,4,2080.0,False,cache_reused,False,False,0,0.0,09ea728fbc1425a8a144e0596eb7ccc2f7834fb9324e6c2faf4a7e7ff1bfc2aa,True,,,1,0,80.351316,228.06067,6,2108,4,2080
20260726_formal4t4_reuse_intensive_Ideal_rep0,0,Ideal,Ideal,54,reuse_intensive:rep0:req54,reuse_intensive,0,3,2,L0003,4096,0,0;1;2;3,False,1789899379.8128393,4096,4096,4096,0.0007364749908447266,False,False,False,False,4096,0.0,4,4,4128.0,False,cache_reused,False,False,0,0.0,2bf6537e16df0783055a3e77b0ba6f7c7b3f95884f3f0f68508a6b2aa4848250,True,,,1,0,134.284691,445.056616,6,4156,4,4128
20260726_formal4t4_reuse_intensive_Ideal_rep0,0,Ideal,Ideal,55,reuse_intensive:rep0:req55,reuse_intensive,0,0,0,L0000,2048,2,0;1;2;3,False,1789899379.8128715,2048,2048,2048,0.44409680366516113,False,False,False,False,2048,0.0,4,4,2080.0,False,cache_reused,False,False,0,0.0,d098fdcfe944317c6e2dcd292dc925b249ba21d80b5c469284ecf80ad8232c0f,True,,,1,0,88.184626,256.406707,6,2108,4,2080
20260726_formal4t4_reuse_intensive_Ideal_rep0,0,Ideal,Ideal,56,reuse_intensive:rep0:req56,reuse_intensive,0,2,2,L0002,2048,2,0;1;2;3,False,1789899381.3962686,2048,2048,2048,5.506965160369873,False,False,False,False,2048,0.0,4,4,2080.0,False,cache_reused,False,False,0,0.0,615eb951952aad49386abce2c27a1bb692bbd3d1edd9b18e05134773fc9d41cd,True,,,1,0,99.673642,297.954821,6,2108,4,2080
20260726_formal4t4_reuse_intensive_Ideal_rep0,0,Ideal,Ideal,57,reuse_intensive:rep0:req57,reuse_intensive,0,0,1,L0000,2048,0,0;1;2;3,False,1789899381.3963206,2048,2048,2048,2.0273830890655518,False,False,False,False,2048,0.0,4,4,2080.0,False,cache_reused,False,False,0,0.0,9eb2cb5fd57077b9dce0b8dc7e5a7b444138d4bcbe7fe1907a0f3bd08b52e98a,True,,,1,0,102.49943,311.733772,6,2108,4,2080
20260726_formal4t4_reuse_intensive_Ideal_rep0,0,Ideal,Ideal,58,reuse_intensive:rep0:req58,reuse_intensive,0,0,2,L0000,2048,1,0;1;2;3,False,1789899381.3963573,2048,2048,2048,0.0008027553558349609,False,False,False,False,2048,0.0,4,4,2080.0,False,cache_reused,False,False,0,0.0,a97f97fa53c662cf1645a16f5b1cce7700f229e8d382f2deaec1e2e18e48dcbb,True,,,1,0,81.935466,228.487799,6,2108,4,2080
20260726_formal4t4_reuse_intensive_Ideal_rep0,0,Ideal,Ideal,59,reuse_intensive:rep0:req59,reuse_intensive,0,2,0,L0002,2048,3,0;1;2;3,False,1789899381.396388,2048,2048,2048,6.695952415466309,False,False,False,False,2048,0.0,4,4,2080.0,False,cache_reused,False,False,0,0.0,c445af97552e11480153145d3c335e358cae4336e65eac366d2704ffdd4be100,True,,,1,0,100.688205,305.083472,6,2108,4,2080
20260726_formal4t4_reuse_intensive_Ideal_rep0,0,Ideal,Ideal,60,reuse_intensive:rep0:req60,reuse_intensive,1,64,0,L0064,2048,2,,False,1789899381.7099075,0,0,0,,False,False,False,False,0,0.0,0,0,32.0,False,cache_miss,False,False,0,0.0,c10429c88ed4b4a525987bb9e193bdb4df6b048ef9500c444b3b542a52f92aff,True,,,1,0,953.227072,1108.592524,6,2108,4,32
20260726_formal4t4_reuse_intensive_Ideal_rep0,0,Ideal,Ideal,61,reuse_intensive:rep0:req61,reuse_intensive,1,69,0,L0069,2048,1,,False,1789899381.7099428,0,0,0,,False,False,False,False,0,0.0,0,0,32.0,False,cache_miss,False,False,0,0.0,1b5af2b5ae651c32e8665e696421c293d2823cece1ee056c8a31e0a8006b007d,True,,,1,0,1246.116056,1449.529507,6,2108,4,32
20260726_formal4t4_reuse_intensive_Ideal_rep0,0,Ideal,Ideal,62,reuse_intensive:rep0:req62,reuse_intensive,1,75,0,L0075,1024,0,,False,1789899381.7099657,0,0,0,,False,False,False,False,0,0.0,0,0,32.0,False,cache_miss,False,False,0,0.0,347db9ceced1547706c46585a61d6f9dfabe86f74dffc63ea35fd2ec2b847849,True,,,1,0,483.731243,635.599172,6,1084,4,32
20260726_formal4t4_reuse_intensive_Ideal_rep0,0,Ideal,Ideal,63,reuse_intensive:rep0:req63,reuse_intensive,1,64,1,L0064,2048,3,,False,1789899381.7099857,0,0,0,,False,False,False,False,0,0.0,0,0,32.0,False,cache_miss,False,False,0,0.0,335153426f6c17821c51b564f42c0484f6e8acc3c369a68dd8790dfcc81d7d29,True,,,1,0,1359.190791,1573.740018,6,2108,4,32
20260726_formal4t4_reuse_intensive_Ideal_rep0,0,Ideal,Ideal,64,reuse_intensive:rep0:req64,reuse_intensive,1,67,0,L0067,1024,2,,False,1789899383.2864652,0,0,0,,False,False,False,False,0,0.0,0,0,32.0,False,cache_miss,False,False,0,0.0,84f2f23e17920f6b2d6b6b28852a88e1e04494b6439884c27e39412082f4a4af,True,,,1,0,495.186368,754.626627,6,1084,4,32
20260726_formal4t4_reuse_intensive_Ideal_rep0,0,Ideal,Ideal,65,reuse_intensive:rep0:req65,reuse_intensive,1,104,0,L0104,2048,3,,False,1789899383.286504,0,0,0,,False,False,False,False,0,0.0,0,0,16.0,False,cache_miss,False,False,0,0.0,244f806d6b5cd833e6e160b18343ecda3d6952573a3534677884b1990162c82e,True,,,1,0,1138.256449,1316.622932,6,2108,4,16
20260726_formal4t4_reuse_intensive_Ideal_rep0,0,Ideal,Ideal,66,reuse_intensive:rep0:req66,reuse_intensive,1,121,0,L0121,1024,0,,False,1789899383.2865286,0,0,0,,False,False,False,False,0,0.0,0,0,16.0,False,cache_miss,False,False,0,0.0,a613555c2dad57898b485ccffa78f4b4032aee95cbf6684bfd5674b4ce26e059,True,,,1,0,467.986319,604.351578,6,1084,4,16
20260726_formal4t4_reuse_intensive_Ideal_rep0,0,Ideal,Ideal,67,reuse_intensive:rep0:req67,reuse_intensive,1,64,2,L0064,2048,2,2;3,True,1789899383.2865667,2048,2048,2048,0.0008137226104736328,False,False,False,False,2048,38.96,2,2,2080.0,True,cache_reused,False,False,0,0.0,1a30c75d7f719df4bc097b0221955b1761334e488cb6b11ff10789dc60b46b1d,True,,,1,0,588.318962,805.620757,6,2108,4,2080
20260726_formal4t4_reuse_intensive_Ideal_rep0,0,Ideal,Ideal,68,reuse_intensive:rep0:req68,reuse_intensive,1,64,0,L0064,2048,3,2;3,False,1789899384.6047873,2048,2048,2048,1.3185155391693115,False,False,False,False,2048,0.0,2,2,2080.0,False,cache_reused,False,False,0,0.0,3bf1a7851b85fb3335a795e01184363fda7a5d53ca291b5194f271639d835ab0,True,,,1,0,104.284731,321.232172,6,2108,4,2080
20260726_formal4t4_reuse_intensive_Ideal_rep0,0,Ideal,Ideal,69,reuse_intensive:rep0:req69,reuse_intensive,1,70,0,L0070,2048,2,,False,1789899384.604826,0,0,0,,False,False,False,False,0,0.0,0,0,32.0,False,cache_miss,False,False,0,0.0,c3d6505d2c2ffd454681c49b1e917621c6973cb35058abf43b6fbbc8195b5585,True,,,1,0,1304.291247,1519.130739,6,2108,4,32
20260726_formal4t4_reuse_intensive_Ideal_rep0,0,Ideal,Ideal,70,reuse_intensive:rep0:req70,reuse_intensive,1,96,0,L0096,4096,0,,False,1789899384.6048512,0,0,0,,False,False,False,False,0,0.0,0,0,32.0,False,cache_miss,False,False,0,0.0,5d189bc330bafa09ba8e1768964b20962b5be735a0c7a85cbd47cf1390f18912,True,,,1,0,3853.756279,4170.744675,6,4156,4,32
20260726_formal4t4_reuse_intensive_Ideal_rep0,0,Ideal,Ideal,71,reuse_intensive:rep0:req71,reuse_intensive,1,88,0,L0088,1024,1,,False,1789899384.6048734,0,0,0,,False,False,False,False,0,0.0,0,0,32.0,False,cache_miss,False,False,0,0.0,c93d4b75f370e017ebfad32e1bb05c86dccd0397458c2e649bf06d9c6f0b699d,True,,,1,0,399.24228,520.987845,6,1084,4,32
20260726_formal4t4_reuse_intensive_Ideal_rep0,0,Ideal,Ideal,72,reuse_intensive:rep0:req72,reuse_intensive,1,66,0,L0066,2048,0,,False,1789899388.7780828,0,0,0,,False,False,False,False,0,0.0,0,0,32.0,False,cache_miss,False,False,0,0.0,1af29d96a223d35361eb3e4eb504731a0e20eac8f89c6cdc9aa553061eab476d,True,,,1,0,917.985916,1069.299661,6,2108,4,32
20260726_formal4t4_reuse_intensive_Ideal_rep0,0,Ideal,Ideal,73,reuse_intensive:rep0:req73,reuse_intensive,1,64,1,L0064,2048,2,2;3,True,1789899388.778136,2048,2048,2048,4.173568964004517,False,False,False,False,2048,40.96,2,2,2080.0,True,cache_reused,False,False,0,0.0,18a2fbd8db52a49b5ae9b5085c079b323fc8849a8e83ecf86208dfede8927fdd,True,,,1,0,146.011523,396.141591,6,2108,4,2080
20260726_formal4t4_reuse_intensive_Ideal_rep0,0,Ideal,Ideal,74,reuse_intensive:rep0:req74,reuse_intensive,1,65,0,L0065,2048,3,,False,1789899388.778177,0,0,0,,False,False,False,False,0,0.0,0,0,32.0,False,cache_miss,False,False,0,0.0,d9055c41d20e0db8a5991e062ec7bab4a680eba46920b032adfe25f733d0cd2f,True,,,1,0,1196.584942,1374.323295,6,2108,4,32
20260726_formal4t4_reuse_intensive_Ideal_rep0,0,Ideal,Ideal,75,reuse_intensive:rep0:req75,reuse_intensive,1,66,1,L0066,2048,1,,False,1789899388.7782001,0,0,0,,False,False,False,False,0,0.0,0,0,32.0,False,cache_miss,False,False,0,0.0,9ac26713ba429bd7712477d52420dee5bfefe820f615e792a47be3ce2c31c08c,True,,,1,0,1420.485064,1636.451935,6,2108,4,32
20260726_formal4t4_reuse_intensive_Ideal_rep0,0,Ideal,Ideal,76,reuse_intensive:rep0:req76,reuse_intensive,1,64,2,L0064,2048,2,2;3,True,1789899390.4175923,2048,2048,2048,0.0005905628204345703,False,False,False,False,2048,40.96,2,2,2080.0,True,cache_reused,False,False,0,0.0,d1740f81428056d23893a437f57b1a32fcb4522407b08879cd93445aa1d3b05b,True,,,1,0,86.464368,245.232982,6,2108,4,2080
20260726_formal4t4_reuse_intensive_Ideal_rep0,0,Ideal,Ideal,77,reuse_intensive:rep0:req77,reuse_intensive,1,65,1,L0065,2048,3,3,True,1789899390.4176416,2048,2048,2048,0.0004336833953857422,False,False,False,False,2048,40.96,1,1,2080.0,True,cache_reused,False,False,0,0.0,065c68ede4fb427496cea229b4404a34b8478a5598bcb46db910157a9eb56870,True,,,1,0,95.047398,313.677913,6,2108,4,2080
20260726_formal4t4_reuse_intensive_Ideal_rep0,0,Ideal,Ideal,78,reuse_intensive:rep0:req78,reuse_intensive,1,65,2,L0065,2048,3,3,True,1789899390.4176753,2048,2048,2048,0.0004673004150390625,False,False,False,False,2048,38.96,1,1,2080.0,True,cache_reused,False,False,0,0.0,eeefc886c652c92ab6bffee2780d13abee143bf3dca47ad15c68aff0e77ef73d,True,,,1,0,184.034867,377.027207,6,2108,4,2080
20260726_formal4t4_reuse_intensive_Ideal_rep0,0,Ideal,Ideal,79,reuse_intensive:rep0:req79,reuse_intensive,1,65,0,L0065,2048,3,3,True,1789899390.417701,2048,2048,2048,0.0004930496215820312,False,False,False,False,2048,36.96,1,1,2080.0,True,cache_reused,False,False,0,0.0,98d92b38982b309fbd1a022344e0c1904d43e4bd67274ed01cefab1b3404ef43,True,,,1,0,183.195688,376.0524,6,2108,4,2080
20260726_formal4t4_reuse_intensive_Ideal_rep0,0,Ideal,Ideal,80,reuse_intensive:rep0:req80,reuse_intensive,1,74,0,L0074,1024,1,,False,1789899390.7970657,0,0,0,,False,False,False,False,0,0.0,0,0,32.0,False,cache_miss,False,False,0,0.0,42a536bc3638f18cef65d183850916c60f9228cde960ff1afdb6ff656a262c13,True,,,1,0,528.20975,829.371582,6,1084,4,32
20260726_formal4t4_reuse_intensive_Ideal_rep0,0,Ideal,Ideal,81,reuse_intensive:rep0:req81,reuse_intensive,1,64,0,L0064,2048,2,2;3,False,1789899390.797118,2048,2048,2048,0.0008089542388916016,False,False,False,False,2048,0.0,2,2,2080.0,False,cache_reused,False,False,0,0.0,a57303c63f304b7e82e793a2a69501b8a6200a20aaf5de75a9defe1623c0d2dc,True,,,1,0,85.132568,243.694881,6,2108,4,2080
20260726_formal4t4_reuse_intensive_Ideal_rep0,0,Ideal,Ideal,82,reuse_intensive:rep0:req82,reuse_intensive,1,65,1,L0065,2048,3,3,True,1789899390.797166,2048,2048,2048,0.0002951622009277344,False,False,False,False,2048,40.96,1,1,2080.0,True,cache_reused,False,False,0,0.0,a949ab6393141a039fd664148eddee2dfa727a162a50706ca6893b155256208e,True,,,1,0,92.137795,273.726337,6,2108,4,2080
20260726_formal4t4_reuse_intensive_Ideal_rep0,0,Ideal,Ideal,83,reuse_intensive:rep0:req83,reuse_intensive,1,69,1,L0069,2048,1,1,True,1789899390.797199,2048,2048,2048,7.511223554611206,False,False,False,False,2048,38.96,1,1,2080.0,True,cache_reused,False,False,0,0.0,33ff57d0ebad6c00b84c36a300f89c8ed3205b368f13090c1905e5a092c761b0,True,,,1,0,634.114779,894.798508,6,2108,4,2080
20260726_formal4t4_reuse_intensive_Ideal_rep0,0,Ideal,Ideal,84,reuse_intensive:rep0:req84,reuse_intensive,1,65,2,L0065,2048,3,3,True,1789899391.6947455,2048,2048,2048,0.00037670135498046875,False,False,False,False,2048,40.96,1,1,2080.0,True,cache_reused,False,False,0,0.0,3be60212a46815f675f8606dc8d8f946f718c2f020a8861fdc85fb9a793f66d1,True,,,1,0,89.357448,275.274297,6,2108,4,2080
20260726_formal4t4_reuse_intensive_Ideal_rep0,0,Ideal,Ideal,85,reuse_intensive:rep0:req85,reuse_intensive,1,106,0,L0106,1024,0,,False,1789899391.6947856,0,0,0,,False,False,False,False,0,0.0,0,0,32.0,False,cache_miss,False,False,0,0.0,2f74af83b34faba0926e8771715315be391fc7e6d6c0c5342c53a641ec3e8e0c,True,,,1,0,507.67724,640.342588,6,1084,4,32
20260726_formal4t4_reuse_intensive_Ideal_rep0,0,Ideal,Ideal,86,reuse_intensive:rep0:req86,reuse_intensive,1,70,1,L0070,2048,2,2,False,1789899391.6948235,2048,2048,2048,2.9173479080200195,False,False,False,False,2048,0.0,1,1,2080.0,False,cache_reused,False,False,0,0.0,ea8176ab535fac24afecb7f45e5b39a60eabfa53c1094dd2b1f90b8dafeac1f3,True,,,1,0,135.553054,363.968195,6,2108,4,2080
20260726_formal4t4_reuse_intensive_Ideal_rep0,0,Ideal,Ideal,87,reuse_intensive:rep0:req87,reuse_intensive,1,70,2,L0070,2048,2,2,True,1789899391.6948566,2048,2048,2048,2.9173810482025146,False,False,False,False,2048,38.96,1,1,2080.0,True,cache_reused,False,False,0,0.0,07ab9043bc01ec8cc5d47d51c9a34488f6b2ac6d16aa339ebfa8bbc46b4a1b74,True,,,1,0,135.152679,363.645246,6,2108,4,2080
20260726_formal4t4_reuse_intensive_Ideal_rep0,0,Ideal,Ideal,88,reuse_intensive:rep0:req88,reuse_intensive,1,64,1,L0064,2048,3,2;3,False,1789899392.336957,2048,2048,2048,3.5597097873687744,False,False,False,False,2048,0.0,2,2,2080.0,False,cache_reused,False,False,0,0.0,bbcef94cff792fd0307b4824c26cef93a4b46b9d6acfa7016b6e13d7b6283dcc,True,,,1,0,105.358319,347.971855,6,2108,4,2080
20260726_formal4t4_reuse_intensive_Ideal_rep0,0,Ideal,Ideal,89,reuse_intensive:rep0:req89,reuse_intensive,1,64,2,L0064,2048,2,2;3,True,1789899392.337007,2048,2048,2048,0.6428272724151611,False,False,False,False,2048,40.96,2,2,2080.0,True,cache_reused,False,False,0,0.0,33538375951a9c7c27c07c267887a4d9eaa00b574e2315186d61c9924fbcd4f1,True,,,1,0,86.666622,245.576089,6,2108,4,2080
20260726_formal4t4_reuse_intensive_Ideal_rep0,0,Ideal,Ideal,90,reuse_intensive:rep0:req90,reuse_intensive,1,118,0,L0118,2048,1,,False,1789899392.3370354,0,0,0,,False,False,False,False,0,0.0,0,0,16.0,False,cache_miss,False,False,0,0.0,e12b602dbb39a154f90d9d22b308a541c41454808aa6bc7e0ac4206385f1136a,True,,,1,0,1147.7655,1344.93601,6,2108,4,16
20260726_formal4t4_reuse_intensive_Ideal_rep0,0,Ideal,Ideal,91,reuse_intensive:rep0:req91,reuse_intensive,1,64,0,L0064,2048,3,2;3,True,1789899392.3370678,2048,2048,2048,3.5598206520080566,False,False,False,False,2048,38.96,2,2,2080.0,True,cache_reused,False,False,0,0.0,c1762b7f3904a648a1fbc475408f646561686f817075124b6ff6522e7171966d,True,,,1,0,186.151527,418.546475,6,2108,4,2080
20260726_formal4t4_reuse_intensive_Ideal_rep0,0,Ideal,Ideal,92,reuse_intensive:rep0:req92,reuse_intensive,1,65,0,L0065,2048,3,3,True,1789899393.6844177,2048,2048,2048,1.3481793403625488,False,False,False,False,2048,40.96,1,1,2080.0,True,cache_reused,False,False,0,0.0,6ce5c46681495663a1c97a9898608b038e0d804c5805a3bc0daab21eaf12a64c,True,,,1,0,94.485979,304.067165,6,2108,4,2080
20260726_formal4t4_reuse_intensive_Ideal_rep0,0,Ideal,Ideal,93,reuse_intensive:rep0:req93,reuse_intensive,1,109,0,L0109,1024,2,,False,1789899393.6844563,0,0,0,,False,False,False,False,0,0.0,0,0,16.0,False,cache_miss,False,False,0,0.0,0f2f652bfcf40b9728ddf7a6287a0bb4e9034fe13d2c9260b128d63ba1729f15,True,,,1,0,357.467099,479.188331,6,1084,4,16
20260726_formal4t4_reuse_intensive_Ideal_rep0,0,Ideal,Ideal,94,reuse_intensive:rep0:req94,reuse_intensive,1,65,1,L0065,2048,3,3,True,1789899393.6844904,2048,2048,2048,1.3482520580291748,False,False,False,False,2048,38.96,1,1,2080.0,True,cache_reused,False,False,0,0.0,43cba548a390d942207599b4c300307f4c5326baef25661aedff65990af66eee,True,,,1,0,165.669773,364.29823,6,2108,4,2080
20260726_formal4t4_reuse_intensive_Ideal_rep0,0,Ideal,Ideal,95,reuse_intensive:rep0:req95,reuse_intensive,1,82,0,L0082,4096,1,,False,1789899393.6845143,0,0,0,,False,False,False,False,0,0.0,0,0,32.0,False,cache_miss,False,False,0,0.0,89b2cc466a610581b632d4c9253fe635e6d5acfc6b1f78505fc1bf96a3971cf1,True,,,1,0,3602.460902,3908.325829,6,4156,4,32
20260726_formal4t4_reuse_intensive_Ideal_rep0,0,Ideal,Ideal,96,reuse_intensive:rep0:req96,reuse_intensive,1,64,1,L0064,2048,3,2;3,True,1789899397.5957832,2048,2048,2048,3.911576271057129,False,False,False,False,2048,40.96,2,2,2080.0,True,cache_reused,False,False,0,0.0,fc05ee92f45136abb890aee6491e29419f13a008bfacc9ec75331524f54f6068,True,,,1,0,202.603156,653.576149,6,2108,4,2080
20260726_formal4t4_reuse_intensive_Ideal_rep0,0,Ideal,Ideal,97,reuse_intensive:rep0:req97,reuse_intensive,1,65,2,L0065,2048,3,3,True,1789899397.5958312,2048,2048,2048,0.0005793571472167969,False,False,False,False,2048,38.96,1,1,2080.0,True,cache_reused,False,False,0,0.0,eb4c4c09ecd77e1ce7b1d047b35d5829c0d83384467df06b837f64405f9d2a29,True,,,1,0,413.732069,717.859801,6,2108,4,2080
20260726_formal4t4_reuse_intensive_Ideal_rep0,0,Ideal,Ideal,98,reuse_intensive:rep0:req98,reuse_intensive,1,65,0,L0065,2048,3,3,True,1789899397.5958638,2048,2048,2048,0.0006120204925537109,False,False,False,False,2048,36.96,1,1,2080.0,True,cache_reused,False,False,0,0.0,aef7f8b14c12e95a13bc1aa9ba418346d84c254681a8229e7e853401af5e6545,True,,,1,0,413.23648,717.490559,6,2108,4,2080
20260726_formal4t4_reuse_intensive_Ideal_rep0,0,Ideal,Ideal,99,reuse_intensive:rep0:req99,reuse_intensive,1,78,0,L0078,2048,0,,False,1789899397.5958877,0,0,0,,False,False,False,False,0,0.0,0,0,32.0,False,cache_miss,False,False,0,0.0,518d637ed452f452aa6fda5f9d8009fa9fd35718fc74a6d15b4307b9e3e83258,True,,,1,0,1334.442298,1528.923147,6,2108,4,32
20260726_formal4t4_reuse_intensive_Ideal_rep0,0,Ideal,Ideal,100,reuse_intensive:rep0:req100,reuse_intensive,1,71,0,L0071,2048,3,,False,1789899399.1276574,0,0,0,,False,False,False,False,0,0.0,0,0,32.0,False,cache_miss,False,False,0,0.0,3c80ef946607475dfd7a8c0f281e230aab4b902548274be8a5513662e8022878,True,,,1,0,1332.412789,1703.810009,6,2109,4,32
20260726_formal4t4_reuse_intensive_Ideal_rep0,0,Ideal,Ideal,101,reuse_intensive:rep0:req101,reuse_intensive,1,105,0,L0105,4096,2,,False,1789899399.1276934,0,0,0,,False,False,False,False,0,0.0,0,0,32.0,False,cache_miss,False,False,0,0.0,fb958c90ca342febbdf4170a631d01add59d9f55bd65b747765eebfc1e0c9446,True,,,1,0,3551.618549,3961.386333,6,4157,4,32
20260726_formal4t4_reuse_intensive_Ideal_rep0,0,Ideal,Ideal,102,reuse_intensive:rep0:req102,reuse_intensive,1,64,2,L0064,2048,2,2;3,True,1789899399.1277323,2048,2048,2048,5.443892955780029,False,False,False,False,2048,38.96,2,2,2080.0,True,cache_reused,False,False,0,0.0,7dcae9547739c4918926fd76333d97b72ff5ee8d0de11a7d4e88a5c819d3821f,True,,,1,0,3550.64285,3960.336157,6,2109,4,2080
20260726_formal4t4_reuse_intensive_Ideal_rep0,0,Ideal,Ideal,103,reuse_intensive:rep0:req103,reuse_intensive,1,64,0,L0064,2048,3,2;3,True,1789899399.1277697,2048,2048,2048,0.0008997917175292969,False,False,False,False,2048,38.96,2,2,2080.0,True,cache_reused,False,False,0,0.0,965995439bed725f6aade7dc8a681c7d003d74d9791062d805c32eeb8c14d809,True,,,1,0,1330.255966,1701.737002,6,2109,4,2080
20260726_formal4t4_reuse_intensive_Ideal_rep0,0,Ideal,Ideal,104,reuse_intensive:rep0:req104,reuse_intensive,1,76,0,L0076,4096,1,,False,1789899403.0911024,0,0,0,,False,False,False,False,0,0.0,0,0,32.0,False,cache_miss,False,False,0,0.0,b1b36eaa3d1792753f3fbade984dc340cd93c6dee4d48e7ab0ea17294aa005d2,True,,,1,0,3114.954863,3396.914494,6,4157,4,32
20260726_formal4t4_reuse_intensive_Ideal_rep0,0,Ideal,Ideal,105,reuse_intensive:rep0:req105,reuse_intensive,1,64,1,L0064,2048,3,2;3,False,1789899403.0911555,2048,2048,2048,0.0002498626708984375,False,False,False,False,2048,0.0,2,2,2080.0,False,cache_reused,False,False,0,0.0,fca8524adfefc595557f147cbafe3569e542e59293bf7d21c2b89fd15085ac25,True,,,1,0,179.984424,464.334972,6,2109,4,2080
20260726_formal4t4_reuse_intensive_Ideal_rep0,0,Ideal,Ideal,106,reuse_intensive:rep0:req106,reuse_intensive,1,89,0,L0089,2048,0,,False,1789899403.0912013,0,0,0,,False,False,False,False,0,0.0,0,0,32.0,False,cache_miss,False,False,0,0.0,aa4a2a45453a251a07b8687384a41b6314dcf8dc84ff396b9de148f1dcde0c84,True,,,1,0,1359.260372,1573.260316,6,2109,4,32
20260726_formal4t4_reuse_intensive_Ideal_rep0,0,Ideal,Ideal,107,reuse_intensive:rep0:req107,reuse_intensive,1,77,0,L0077,1024,2,,False,1789899403.0912244,0,0,0,,False,False,False,False,0,0.0,0,0,32.0,False,cache_miss,False,False,0,0.0,4ef8630d5780506782e3a258aaf096d2e0b5360ec1c839afee257382894be6a9,True,,,1,0,384.378388,511.563629,6,1085,4,32
20260726_formal4t4_reuse_intensive_Ideal_rep0,0,Ideal,Ideal,108,reuse_intensive:rep0:req108,reuse_intensive,1,66,2,L0066,2048,1,0;1,True,1789899406.4892685,2048,2048,2048,16.07188892364502,False,False,False,False,2048,40.96,2,2,2080.0,True,cache_reused,False,False,0,0.0,9e8391539e31a515c67e8054765ceed2a0831960bf3bb245d408e12c6420557c,True,,,1,0,104.838962,322.332374,6,2109,4,2080
20260726_formal4t4_reuse_intensive_Ideal_rep0,0,Ideal,Ideal,109,reuse_intensive:rep0:req109,reuse_intensive,1,72,0,L0072,1024,3,,False,1789899406.489309,0,0,0,,False,False,False,False,0,0.0,0,0,32.0,False,cache_miss,False,False,0,0.0,2a65131d5e37675b12182295b68b411282a59bf37bed17131d4163e638a98ac9,True,,,1,0,561.575196,854.102501,6,1085,4,32
20260726_formal4t4_reuse_intensive_Ideal_rep0,0,Ideal,Ideal,110,reuse_intensive:rep0:req110,reuse_intensive,1,65,1,L0065,2048,3,3,True,1789899406.4893458,2048,2048,2048,7.362051486968994,False,False,False,False,2048,38.96,1,1,2080.0,True,cache_reused,False,False,0,0.0,f1b94d16788681725104b73a1091be808fc1bf396e6cb787db7db529b3938550,True,,,1,0,666.533204,913.44685,6,2109,4,2080
20260726_formal4t4_reuse_intensive_Ideal_rep0,0,Ideal,Ideal,111,reuse_intensive:rep0:req111,reuse_intensive,1,66,0,L0066,2048,0,0;1,True,1789899406.4893801,2048,2048,2048,16.0725998878479,False,False,False,False,2048,40.96,2,2,2080.0,True,cache_reused,False,False,0,0.0,1c731c5c2f2bdaaca70f8e58d628532db0991ce301f02aa0f5d386e10535edcf,True,,,1,0,138.920199,341.819764,6,2109,4,2080
20260726_formal4t4_reuse_intensive_Ideal_rep0,0,Ideal,Ideal,112,reuse_intensive:rep0:req112,reuse_intensive,1,82,1,L0082,4096,1,1,False,1789899407.4049966,4096,4096,4096,9.809576511383057,False,False,False,False,4096,0.0,1,1,4128.0,False,cache_reused,False,False,0,0.0,9e0c7511e496aef4dead7bf026980c86986b45ba9740193a5e961f47c5026135,True,,,1,0,151.430826,452.4045,6,4157,4,4128
20260726_formal4t4_reuse_intensive_Ideal_rep0,0,Ideal,Ideal,113,reuse_intensive:rep0:req113,reuse_intensive,1,64,2,L0064,2048,2,2;3,True,1789899407.4050488,2048,2048,2048,4.314314603805542,False,False,False,False,2048,40.96,2,2,2080.0,True,cache_reused,False,False,0,0.0,1e45ef63576b787eb1ba9de1d28961a0582892d71d3688b80d264d88383774ad,True,,,1,0,150.363348,381.473491,6,2109,4,2080
20260726_formal4t4_reuse_intensive_Ideal_rep0,0,Ideal,Ideal,114,reuse_intensive:rep0:req114,reuse_intensive,1,113,0,L0113,4096,3,,False,1789899407.4050777,0,0,0,,False,False,False,False,0,0.0,0,0,32.0,False,cache_miss,False,False,0,0.0,c675d08bece628aea5f4686a0f59ac9b3b428bb1201ceb7a8bdf1d22f55f3a0b,True,,,1,0,3411.830072,3879.064838,6,4157,4,32
20260726_formal4t4_reuse_intensive_Ideal_rep0,0,Ideal,Ideal,115,reuse_intensive:rep0:req115,reuse_intensive,1,64,0,L0064,2048,3,2;3,True,1789899407.405116,2048,2048,2048,0.9163563251495361,False,False,False,False,2048,38.96,2,2,2080.0,True,cache_reused,False,False,0,0.0,ae89b84ddc975ec6d46c78b021eb9ac82828ae834e731a1adc1b8b367d7820b5,True,,,1,0,3410.909051,3878.043692,6,2109,4,2080
20260726_formal4t4_reuse_intensive_Ideal_rep0,0,Ideal,Ideal,116,reuse_intensive:rep0:req116,reuse_intensive,1,111,0,L0111,4096,0,,False,1789899411.2869635,0,0,0,,False,False,False,False,0,0.0,0,0,32.0,False,cache_miss,False,False,0,0.0,bdd80f9c8717e98a55c1011ee206f91c69d80e05d52d4de4fdea0e0d099e619f,True,,,1,0,3604.14081,4021.877553,6,4157,4,32
20260726_formal4t4_reuse_intensive_Ideal_rep0,0,Ideal,Ideal,117,reuse_intensive:rep0:req117,reuse_intensive,1,66,1,L0066,2048,1,0;1,False,1789899411.2870157,2048,2048,2048,3.882725715637207,False,False,False,False,2048,0.0,2,2,2080.0,False,cache_reused,False,False,0,0.0,de1ae1a20f6ece63ac8be18d0bc5a852d13540b75c4d7d38abc11bb58fbff045,True,,,1,0,185.184368,471.266151,6,2109,4,2080
20260726_formal4t4_reuse_intensive_Ideal_rep0,0,Ideal,Ideal,118,reuse_intensive:rep0:req118,reuse_intensive,1,64,1,L0064,2048,3,2;3,False,1789899411.2870553,2048,2048,2048,0.0002872943878173828,False,False,False,False,2048,0.0,2,2,2080.0,False,cache_reused,False,False,0,0.0,ee800908047c728205d8dc660a822c11b3f5ce1fa10a7e02752c2994ce0fa8f5,True,,,1,0,105.785346,327.282151,6,2109,4,2080
20260726_formal4t4_reuse_intensive_Ideal_rep0,0,Ideal,Ideal,119,reuse_intensive:rep0:req119,reuse_intensive,1,66,2,L0066,2048,0,0;1,True,1789899411.287088,2048,2048,2048,3.8823025226593018,False,False,False,False,2048,38.96,2,2,2080.0,True,cache_reused,False,False,0,0.0,915221d723eab371ed102667c4ab1c30d9d4a24bd66021f289a56a56a5fb6230,True,,,1,0,3601.955132,4019.589748,6,2109,4,2080
20260726_formal4t4_reuse_intensive_StaticSemantic@N4_mu0_rep0,0,StaticSemantic@N4_mu0,StaticSemantic,24,reuse_intensive:rep0:req24,reuse_intensive,0,0,2,L0000,2048,0,0;2,True,1789899462.4003289,2048,2048,2048,44.37196207046509,False,False,False,False,2048,40.96,2,2,2080.0,True,cache_reused,False,False,0,0.0,7c1587d536a8e0f530162f18e061072e45e5e899f5e370b80c5bca3e94ce563b,True,,,1,0,95.373574,441.4301,6,2108,4,2080
20260726_formal4t4_reuse_intensive_StaticSemantic@N4_mu0_rep0,0,StaticSemantic@N4_mu0,StaticSemantic,25,reuse_intensive:rep0:req25,reuse_intensive,0,6,1,L0006,1024,2,0;2,True,1789899462.4003794,1024,1024,1024,4.07804012298584,False,False,False,False,1024,20.48,2,2,1056.0,True,cache_reused,False,False,0,0.0,796c69bbb244338492dfbfca4e84a04081bd2d51f282b05a378ca0184b8a9ad5,True,,,1,0,61.598729,179.468408,6,1084,4,1056
20260726_formal4t4_reuse_intensive_StaticSemantic@N4_mu0_rep0,0,StaticSemantic@N4_mu0,StaticSemantic,26,reuse_intensive:rep0:req26,reuse_intensive,0,3,0,L0003,4096,3,0;3,False,1789899462.400417,4096,4096,4096,36.744765520095825,False,False,False,False,4096,0.0,2,2,4128.0,False,cache_reused,False,False,0,0.0,8b8e78b01a768b747b2f6bf2a3173257141a26ce1b32de169d029f7e07bed279,True,,,1,0,155.874988,462.574061,6,4156,4,4128
20260726_formal4t4_reuse_intensive_StaticSemantic@N4_mu0_rep0,0,StaticSemantic@N4_mu0,StaticSemantic,27,reuse_intensive:rep0:req27,reuse_intensive,0,1,0,L0001,2048,0,0;3,True,1789899462.4004486,2048,2048,2048,1.9652502536773682,False,False,False,False,2048,38.96,2,2,2080.0,True,cache_reused,False,False,0,0.0,6271093e974fe4e49537b982b5a170ce2511d1fd4a29e58eb24dcc2b9859286b,True,,,1,0,211.874376,509.050249,6,2108,4,2080
20260726_formal4t4_reuse_intensive_StaticSemantic@N4_mu0_rep0,0,StaticSemantic@N4_mu0,StaticSemantic,28,reuse_intensive:rep0:req28,reuse_intensive,0,1,1,L0001,2048,0,0;3,True,1789899462.9128504,2048,2048,2048,2.477652072906494,False,False,False,False,2048,40.96,2,2,2080.0,True,cache_reused,False,False,0,0.0,b7d36f7c2ba4c5c11d9865e05904186432a5d2eafbe230fb44b540bc06e555bb,True,,,1,0,105.36813,453.657531,6,2108,4,2080
20260726_formal4t4_reuse_intensive_StaticSemantic@N4_mu0_rep0,0,StaticSemantic@N4_mu0,StaticSemantic,29,reuse_intensive:rep0:req29,reuse_intensive,0,0,0,L0000,2048,2,0;2,False,1789899462.9129004,2048,2048,2048,0.512700080871582,False,False,False,False,2048,0.0,2,2,2080.0,False,cache_reused,False,False,0,0.0,4665fe59874e9a2cf97f9dc9647f373de6373ad84f36ce5725bc4599f0daae0a,True,,,1,0,82.325683,227.685103,6,2108,4,2080
20260726_formal4t4_reuse_intensive_StaticSemantic@N4_mu0_rep0,0,StaticSemantic@N4_mu0,StaticSemantic,30,reuse_intensive:rep0:req30,reuse_intensive,0,0,1,L0000,2048,0,0;2,True,1789899462.912935,2048,2048,2048,0.5129067897796631,False,False,False,False,2048,38.96,2,2,2080.0,True,cache_reused,False,False,0,0.0,54ca50dff1f05eb1547f49eac7ae879926858e791c2088461a7c981b4eb533fb,True,,,1,0,222.53398,516.20584,6,2108,4,2080
20260726_formal4t4_reuse_intensive_StaticSemantic@N4_mu0_rep0,0,StaticSemantic@N4_mu0,StaticSemantic,31,reuse_intensive:rep0:req31,reuse_intensive,0,29,0,L0029,1024,3,,False,1789899462.9129593,0,0,0,,False,False,False,False,0,0.0,0,0,32.0,False,cache_miss,False,False,0,0.0,fccb5e09a1da934498e5402e644f35b342bc2ccc9669c6d019a80c85a785e783,True,,,1,0,462.043374,593.882131,6,1084,4,32
20260726_formal4t4_reuse_intensive_StaticSemantic@N4_mu0_rep0,0,StaticSemantic@N4_mu0,StaticSemantic,32,reuse_intensive:rep0:req32,reuse_intensive,0,30,0,L0030,2048,0,,False,1789899463.5099406,0,0,0,,False,False,False,False,0,0.0,0,0,32.0,False,cache_miss,False,False,0,0.0,7ae31e25d6518d6897bdc2db831f612d922d3f1a4e5342b2662a7ff29398ece1,True,,,1,0,1282.89262,1664.308669,6,2108,4,32
20260726_formal4t4_reuse_intensive_StaticSemantic@N4_mu0_rep0,0,StaticSemantic@N4_mu0,StaticSemantic,33,reuse_intensive:rep0:req33,reuse_intensive,0,1,2,L0001,2048,3,0;3,True,1789899463.5099971,2048,2048,2048,1.109870433807373,False,False,False,False,2048,40.96,2,2,2080.0,True,cache_reused,False,False,0,0.0,1d94aad9d8bee5ce8bc29aeaa77031378a6ab6cf4f751836dbac93894453fc46,True,,,1,0,98.29172,295.618465,6,2108,4,2080
20260726_formal4t4_reuse_intensive_StaticSemantic@N4_mu0_rep0,0,StaticSemantic@N4_mu0,StaticSemantic,34,reuse_intensive:rep0:req34,reuse_intensive,0,0,2,L0000,2048,2,0;2,False,1789899463.5100367,2048,2048,2048,1.1098363399505615,False,False,False,False,2048,0.0,2,2,2080.0,False,cache_reused,False,False,0,0.0,b0d1636173710f95f947fc8ee32df8f448fd2de52180fb6a30191db837e43231,True,,,1,0,80.846841,226.744135,6,2108,4,2080
20260726_formal4t4_reuse_intensive_StaticSemantic@N4_mu0_rep0,0,StaticSemantic@N4_mu0,StaticSemantic,35,reuse_intensive:rep0:req35,reuse_intensive,0,13,1,L0013,2048,0,0;3,True,1789899463.510071,2048,2048,2048,8.607587575912476,False,False,False,False,2048,38.96,2,2,2080.0,True,cache_reused,False,False,0,0.0,9b77021b730e07e9d67a7038bf753b8937ff8a07ca442dd387cb57dabcfc3596,True,,,1,0,1281.167847,1662.662254,6,2108,4,2080
20260726_formal4t4_reuse_intensive_StaticSemantic@N4_mu0_rep0,0,StaticSemantic@N4_mu0,StaticSemantic,36,reuse_intensive:rep0:req36,reuse_intensive,0,1,0,L0001,2048,3,0;3,False,1789899465.1759906,2048,2048,2048,2.7758638858795166,False,False,False,False,2048,0.0,2,2,2080.0,False,cache_reused,False,False,0,0.0,a955ad8839196c61d5b06d298faa944985e8498599c97deee7c7e0f8a8e3c7f5,True,,,1,0,95.919515,306.264835,6,2108,4,2080
20260726_formal4t4_reuse_intensive_StaticSemantic@N4_mu0_rep0,0,StaticSemantic@N4_mu0,StaticSemantic,37,reuse_intensive:rep0:req37,reuse_intensive,0,12,0,L0012,4096,0,0;3,False,1789899465.1760414,4096,4096,4096,11.717390537261963,False,False,False,False,4096,0.0,2,2,4128.0,False,cache_reused,False,False,0,0.0,e4c9da0917e501ae2b69321f4a7812593c3ea33a39e621a4d34783c2646157d9,True,,,1,0,165.600737,771.679323,6,4156,4,4128
20260726_formal4t4_reuse_intensive_StaticSemantic@N4_mu0_rep0,0,StaticSemantic@N4_mu0,StaticSemantic,38,reuse_intensive:rep0:req38,reuse_intensive,0,7,0,L0007,4096,0,0;3,True,1789899465.176079,4096,4096,4096,25.382524967193604,False,False,False,False,4096,79.92,2,2,4128.0,True,cache_reused,False,False,0,0.0,566a186e28540363242658c09a467302d068439f4f3bcf8c258f06f92643965d,True,,,1,0,369.680929,878.808401,6,4156,4,4128
20260726_formal4t4_reuse_intensive_StaticSemantic@N4_mu0_rep0,0,StaticSemantic@N4_mu0,StaticSemantic,39,reuse_intensive:rep0:req39,reuse_intensive,0,1,1,L0001,2048,3,0;3,True,1789899465.1761107,2048,2048,2048,2.775984048843384,False,False,False,False,2048,38.96,2,2,2080.0,True,cache_reused,False,False,0,0.0,48f6535948fa8a6023e783c055cb16923ea43d74e3237766eb9dc189789f0836,True,,,1,0,165.626212,367.85092,6,2108,4,2080
20260726_formal4t4_reuse_intensive_StaticSemantic@N4_mu0_rep0,0,StaticSemantic@N4_mu0,StaticSemantic,40,reuse_intensive:rep0:req40,reuse_intensive,0,1,2,L0001,2048,3,0;3,False,1789899466.0580356,2048,2048,2048,0.8827502727508545,False,False,False,False,2048,0.0,2,2,2080.0,False,cache_reused,False,False,0,0.0,f92be4f26d4b182819fdf69adf460ff0ca7d1a6cd67e94b3356c5c168b2d1a21,True,,,1,0,95.126579,288.202818,6,2108,4,2080
20260726_formal4t4_reuse_intensive_StaticSemantic@N4_mu0_rep0,0,StaticSemantic@N4_mu0,StaticSemantic,41,reuse_intensive:rep0:req41,reuse_intensive,0,0,0,L0000,2048,2,0;2,False,1789899466.0580852,2048,2048,2048,0.882561445236206,False,False,False,False,2048,0.0,2,2,2080.0,False,cache_reused,False,False,0,0.0,3ed71b67a31ff500b096d1eed31f1cba525b1aa2a90f105d2b041c85379793ab,True,,,1,0,135.213931,363.626116,6,2108,4,2080
20260726_formal4t4_reuse_intensive_StaticSemantic@N4_mu0_rep0,0,StaticSemantic@N4_mu0,StaticSemantic,42,reuse_intensive:rep0:req42,reuse_intensive,0,1,0,L0001,2048,0,0;3,True,1789899466.0581203,2048,2048,2048,2.549136161804199,False,False,False,False,2048,40.96,2,2,2080.0,True,cache_reused,False,False,0,0.0,9a700297ef01121f8541a472d534190fdfa53157c72ade1a78c9891f11fac0ae,True,,,1,0,105.840197,526.732304,6,2108,4,2080
20260726_formal4t4_reuse_intensive_StaticSemantic@N4_mu0_rep0,0,StaticSemantic@N4_mu0,StaticSemantic,43,reuse_intensive:rep0:req43,reuse_intensive,0,2,1,L0002,2048,0,0;3,True,1789899466.0581493,2048,2048,2048,3.6579058170318604,False,False,False,False,2048,38.96,2,2,2080.0,True,cache_reused,False,False,0,0.0,d8818be3821a7accc77ed6a68ab5fd5bac57fc69e4df691a4b32026650ba4170,True,,,1,0,248.085775,608.249354,6,2108,4,2080
20260726_formal4t4_reuse_intensive_StaticSemantic@N4_mu0_rep0,0,StaticSemantic@N4_mu0,StaticSemantic,44,reuse_intensive:rep0:req44,reuse_intensive,0,0,1,L0000,2048,0,0;2,True,1789899466.6695738,2048,2048,2048,3.1600213050842285,False,False,False,False,2048,40.96,2,2,2080.0,True,cache_reused,False,False,0,0.0,3646bb1e0c8c51cdf0880534f3921e726e959e856f0ad7b974b9f5d171dbd543,True,,,1,0,101.273156,312.776184,6,2108,4,2080
20260726_formal4t4_reuse_intensive_StaticSemantic@N4_mu0_rep0,0,StaticSemantic@N4_mu0,StaticSemantic,45,reuse_intensive:rep0:req45,reuse_intensive,0,0,2,L0000,2048,2,0;2,False,1789899466.6696234,2048,2048,2048,1.4940996170043945,False,False,False,False,2048,0.0,2,2,2080.0,False,cache_reused,False,False,0,0.0,675dc82929732775ebc5001e1845a90078f978bf1c9e22581f0e20da411a9e87,True,,,1,0,85.674506,246.717351,6,2108,4,2080
20260726_formal4t4_reuse_intensive_StaticSemantic@N4_mu0_rep0,0,StaticSemantic@N4_mu0,StaticSemantic,46,reuse_intensive:rep0:req46,reuse_intensive,0,0,0,L0000,2048,0,0;2,True,1789899466.669656,2048,2048,2048,3.1601035594940186,False,False,False,False,2048,38.96,2,2,2080.0,True,cache_reused,False,False,0,0.0,fbba15c2da0ee562289621548f8c709e4facde678fb18e6ac038c925fa7cfd27,True,,,1,0,173.218887,375.315405,6,2108,4,2080
20260726_formal4t4_reuse_intensive_StaticSemantic@N4_mu0_rep0,0,StaticSemantic@N4_mu0,StaticSemantic,47,reuse_intensive:rep0:req47,reuse_intensive,0,0,1,L0000,2048,2,0;2,True,1789899466.6696842,2048,2048,2048,1.4941604137420654,False,False,False,False,2048,38.96,2,2,2080.0,True,cache_reused,False,False,0,0.0,6b5fcaf54c7fb5dc92818d57f9b0e28e557e93f6c1d00eb99a2952ea941075d6,True,,,1,0,140.417861,293.694637,6,2108,4,2080
20260726_formal4t4_reuse_intensive_StaticSemantic@N4_mu0_rep0,0,StaticSemantic@N4_mu0,StaticSemantic,48,reuse_intensive:rep0:req48,reuse_intensive,0,10,0,L0010,2048,3,0;3,False,1789899467.0476468,2048,2048,2048,19.612941026687622,False,False,False,False,2048,0.0,2,2,2080.0,False,cache_reused,False,False,0,0.0,52fe1af03ab60d71daf4dd857063dfb2c1700dbbcf10d58e61f8866e96e9a2ca,True,,,1,0,97.494369,292.682321,6,2108,4,2080
20260726_formal4t4_reuse_intensive_StaticSemantic@N4_mu0_rep0,0,StaticSemantic@N4_mu0,StaticSemantic,49,reuse_intensive:rep0:req49,reuse_intensive,0,3,1,L0003,4096,0,0;3,False,1789899467.0477004,4096,4096,4096,41.39222288131714,False,False,False,False,4096,0.0,2,2,4128.0,False,cache_reused,False,False,0,0.0,0d7831c33060ceaeba7fabc8ed97169d14aa5ac4a0a2cec0dae2f3c86a7ad45c,True,,,1,0,138.226659,604.699294,6,4156,4,4128
20260726_formal4t4_reuse_intensive_StaticSemantic@N4_mu0_rep0,0,StaticSemantic@N4_mu0,StaticSemantic,50,reuse_intensive:rep0:req50,reuse_intensive,0,1,1,L0001,2048,0,0;3,True,1789899467.0477376,2048,2048,2048,0.3786468505859375,False,False,False,False,2048,38.96,2,2,2080.0,True,cache_reused,False,False,0,0.0,c7695bcab3fe789cbac3c1283847950dce56995cda4c93ff7d5bf53a034ba687,True,,,1,0,295.044395,673.12346,6,2108,4,2080
20260726_formal4t4_reuse_intensive_StaticSemantic@N4_mu0_rep0,0,StaticSemantic@N4_mu0,StaticSemantic,51,reuse_intensive:rep0:req51,reuse_intensive,0,6,2,L0006,1024,2,0;2,False,1789899467.0477686,1024,1024,1024,4.135710954666138,False,False,False,False,1024,0.0,2,2,1056.0,False,cache_reused,False,False,0,0.0,0334800b7be94d699e2352b0360b34bae3a88ea911cd0e4ed526ab143e8f919a,True,,,1,0,62.686254,177.94887,6,1084,4,1056
20260726_formal4t4_reuse_intensive_StaticSemantic@N4_mu0_rep0,0,StaticSemantic@N4_mu0,StaticSemantic,52,reuse_intensive:rep0:req52,reuse_intensive,0,58,0,L0058,2048,3,,False,1789899467.723803,0,0,0,,False,False,False,False,0,0.0,0,0,32.0,False,cache_miss,False,False,0,0.0,7003c5f9b97764f4643ab42a996a26a1ec255fd545b4b9541c2605b428b6bfe2,True,,,1,0,1195.654415,1393.680917,6,2108,4,32
20260726_formal4t4_reuse_intensive_StaticSemantic@N4_mu0_rep0,0,StaticSemantic@N4_mu0,StaticSemantic,53,reuse_intensive:rep0:req53,reuse_intensive,0,0,2,L0000,2048,2,0;2,True,1789899467.7238607,2048,2048,2048,0.6764624118804932,False,False,False,False,2048,40.96,2,2,2080.0,True,cache_reused,False,False,0,0.0,09ea728fbc1425a8a144e0596eb7ccc2f7834fb9324e6c2faf4a7e7ff1bfc2aa,True,,,1,0,83.168336,239.817711,6,2108,4,2080
20260726_formal4t4_reuse_intensive_StaticSemantic@N4_mu0_rep0,0,StaticSemantic@N4_mu0,StaticSemantic,54,reuse_intensive:rep0:req54,reuse_intensive,0,3,2,L0003,4096,0,0;3,False,1789899467.7239037,4096,4096,4096,42.06842613220215,False,False,False,False,4096,0.0,2,2,4128.0,False,cache_reused,False,False,0,0.0,2bf6537e16df0783055a3e77b0ba6f7c7b3f95884f3f0f68508a6b2aa4848250,True,,,1,0,151.920419,448.397156,6,4156,4,4128
20260726_formal4t4_reuse_intensive_StaticSemantic@N4_mu0_rep0,0,StaticSemantic@N4_mu0,StaticSemantic,55,reuse_intensive:rep0:req55,reuse_intensive,0,0,0,L0000,2048,2,0;2,True,1789899467.7239397,2048,2048,2048,0.6765413284301758,False,False,False,False,2048,38.96,2,2,2080.0,True,cache_reused,False,False,0,0.0,d098fdcfe944317c6e2dcd292dc925b249ba21d80b5c469284ecf80ad8232c0f,True,,,1,0,136.367027,287.230585,6,2108,4,2080
20260726_formal4t4_reuse_intensive_StaticSemantic@N4_mu0_rep0,0,StaticSemantic@N4_mu0,StaticSemantic,56,reuse_intensive:rep0:req56,reuse_intensive,0,2,2,L0002,2048,3,0;3,True,1789899469.119119,2048,2048,2048,47.846375465393066,False,False,False,False,2048,40.96,2,2,2080.0,True,cache_reused,False,False,0,0.0,615eb951952aad49386abce2c27a1bb692bbd3d1edd9b18e05134773fc9d41cd,True,,,1,0,91.663381,287.061248,6,2108,4,2080
20260726_formal4t4_reuse_intensive_StaticSemantic@N4_mu0_rep0,0,StaticSemantic@N4_mu0,StaticSemantic,57,reuse_intensive:rep0:req57,reuse_intensive,0,0,1,L0000,2048,0,0;2,False,1789899469.1191823,2048,2048,2048,2.072031259536743,False,False,False,False,2048,0.0,2,2,2080.0,False,cache_reused,False,False,0,0.0,9eb2cb5fd57077b9dce0b8dc7e5a7b444138d4bcbe7fe1907a0f3bd08b52e98a,True,,,1,0,95.692722,282.51413,6,2108,4,2080
20260726_formal4t4_reuse_intensive_StaticSemantic@N4_mu0_rep0,0,StaticSemantic@N4_mu0,StaticSemantic,58,reuse_intensive:rep0:req58,reuse_intensive,0,0,2,L0000,2048,2,0;2,True,1789899469.1192198,2048,2048,2048,2.071821451187134,False,False,False,False,2048,40.96,2,2,2080.0,True,cache_reused,False,False,0,0.0,a97f97fa53c662cf1645a16f5b1cce7700f229e8d382f2deaec1e2e18e48dcbb,True,,,1,0,82.585578,226.845522,6,2108,4,2080
20260726_formal4t4_reuse_intensive_StaticSemantic@N4_mu0_rep0,0,StaticSemantic@N4_mu0,StaticSemantic,59,reuse_intensive:rep0:req59,reuse_intensive,0,2,0,L0002,2048,3,0;3,True,1789899469.1192496,2048,2048,2048,47.846506118774414,False,False,False,False,2048,38.96,2,2,2080.0,True,cache_reused,False,False,0,0.0,c445af97552e11480153145d3c335e358cae4336e65eac366d2704ffdd4be100,True,,,1,0,156.697915,344.968867,6,2108,4,2080
20260726_formal4t4_reuse_intensive_StaticSemantic@N4_mu0_rep0,0,StaticSemantic@N4_mu0,StaticSemantic,60,reuse_intensive:rep0:req60,reuse_intensive,1,64,0,L0064,2048,2,,False,1789899469.4673808,0,0,0,,False,False,False,False,0,0.0,0,0,32.0,False,cache_miss,False,False,0,0.0,c10429c88ed4b4a525987bb9e193bdb4df6b048ef9500c444b3b542a52f92aff,True,,,1,0,1068.021498,1249.210737,6,2108,4,32
20260726_formal4t4_reuse_intensive_StaticSemantic@N4_mu0_rep0,0,StaticSemantic@N4_mu0,StaticSemantic,61,reuse_intensive:rep0:req61,reuse_intensive,1,69,0,L0069,2048,1,,False,1789899469.4674208,0,0,0,,False,False,False,False,0,0.0,0,0,32.0,False,cache_miss,False,False,0,0.0,1b5af2b5ae651c32e8665e696421c293d2823cece1ee056c8a31e0a8006b007d,True,,,1,0,1015.076987,1174.7043,6,2108,4,32
20260726_formal4t4_reuse_intensive_StaticSemantic@N4_mu0_rep0,0,StaticSemantic@N4_mu0,StaticSemantic,62,reuse_intensive:rep0:req62,reuse_intensive,1,75,0,L0075,1024,0,,False,1789899469.467446,0,0,0,,False,False,False,False,0,0.0,0,0,32.0,False,cache_miss,False,False,0,0.0,347db9ceced1547706c46585a61d6f9dfabe86f74dffc63ea35fd2ec2b847849,True,,,1,0,478.933694,625.852667,6,1084,4,32
20260726_formal4t4_reuse_intensive_StaticSemantic@N4_mu0_rep0,0,StaticSemantic@N4_mu0,StaticSemantic,63,reuse_intensive:rep0:req63,reuse_intensive,1,64,1,L0064,2048,3,,False,1789899469.4674675,0,0,0,,False,False,False,False,0,0.0,0,0,32.0,False,cache_miss,False,False,0,0.0,335153426f6c17821c51b564f42c0484f6e8acc3c369a68dd8790dfcc81d7d29,True,,,1,0,1009.581203,1182.171178,6,2108,4,32
20260726_formal4t4_reuse_intensive_StaticSemantic@N4_mu0_rep0,0,StaticSemantic@N4_mu0,StaticSemantic,64,reuse_intensive:rep0:req64,reuse_intensive,1,67,0,L0067,1024,2,,False,1789899470.717912,0,0,0,,False,False,False,False,0,0.0,0,0,32.0,False,cache_miss,False,False,0,0.0,84f2f23e17920f6b2d6b6b28852a88e1e04494b6439884c27e39412082f4a4af,True,,,1,0,506.352073,659.684128,6,1084,4,32
20260726_formal4t4_reuse_intensive_StaticSemantic@N4_mu0_rep0,0,StaticSemantic@N4_mu0,StaticSemantic,65,reuse_intensive:rep0:req65,reuse_intensive,1,104,0,L0104,2048,3,,False,1789899470.717951,0,0,0,,False,False,False,False,0,0.0,0,0,16.0,False,cache_miss,False,False,0,0.0,244f806d6b5cd833e6e160b18343ecda3d6952573a3534677884b1990162c82e,True,,,1,0,1329.518257,1524.069888,6,2108,4,16
20260726_formal4t4_reuse_intensive_StaticSemantic@N4_mu0_rep0,0,StaticSemantic@N4_mu0,StaticSemantic,66,reuse_intensive:rep0:req66,reuse_intensive,1,121,0,L0121,1024,0,,False,1789899470.7179785,0,0,0,,False,False,False,False,0,0.0,0,0,16.0,False,cache_miss,False,False,0,0.0,a613555c2dad57898b485ccffa78f4b4032aee95cbf6684bfd5674b4ce26e059,True,,,1,0,421.989761,539.484971,6,1084,4,16
20260726_formal4t4_reuse_intensive_StaticSemantic@N4_mu0_rep0,0,StaticSemantic@N4_mu0,StaticSemantic,67,reuse_intensive:rep0:req67,reuse_intensive,1,64,2,L0064,2048,1,,False,1789899470.7180007,2048,0,0,54.400179624557495,True,True,False,False,0,0.0,0,0,32.0,False,cache_miss,False,False,0,0.0,1a30c75d7f719df4bc097b0221955b1761334e488cb6b11ff10789dc60b46b1d,True,,,1,0,942.405263,1105.673364,6,2108,4,32
20260726_formal4t4_reuse_intensive_StaticSemantic@N4_mu0_rep0,0,StaticSemantic@N4_mu0,StaticSemantic,68,reuse_intensive:rep0:req68,reuse_intensive,1,64,0,L0064,2048,2,2;3,False,1789899472.2439103,2048,2048,2048,1.5269286632537842,False,False,False,False,2048,0.0,2,2,2080.0,False,cache_reused,False,False,0,0.0,3bf1a7851b85fb3335a795e01184363fda7a5d53ca291b5194f271639d835ab0,True,,,1,0,94.677679,277.443539,6,2108,4,2080
20260726_formal4t4_reuse_intensive_StaticSemantic@N4_mu0_rep0,0,StaticSemantic@N4_mu0,StaticSemantic,69,reuse_intensive:rep0:req69,reuse_intensive,1,70,0,L0070,2048,1,,False,1789899472.243954,0,0,0,,False,False,False,False,0,0.0,0,0,32.0,False,cache_miss,False,False,0,0.0,c3d6505d2c2ffd454681c49b1e917621c6973cb35058abf43b6fbbc8195b5585,True,,,1,0,978.947038,1143.889055,6,2108,4,32
20260726_formal4t4_reuse_intensive_StaticSemantic@N4_mu0_rep0,0,StaticSemantic@N4_mu0,StaticSemantic,70,reuse_intensive:rep0:req70,reuse_intensive,1,96,0,L0096,4096,3,,False,1789899472.2439904,0,0,0,,False,False,False,False,0,0.0,0,0,32.0,False,cache_miss,False,False,0,0.0,5d189bc330bafa09ba8e1768964b20962b5be735a0c7a85cbd47cf1390f18912,True,,,1,0,3043.211052,3309.660927,6,4156,4,32
20260726_formal4t4_reuse_intensive_StaticSemantic@N4_mu0_rep0,0,StaticSemantic@N4_mu0,StaticSemantic,71,reuse_intensive:rep0:req71,reuse_intensive,1,88,0,L0088,1024,0,,False,1789899472.2440221,0,0,0,,False,False,False,False,0,0.0,0,0,32.0,False,cache_miss,False,False,0,0.0,c93d4b75f370e017ebfad32e1bb05c86dccd0397458c2e649bf06d9c6f0b699d,True,,,1,0,439.339951,582.67659,6,1084,4,32
20260726_formal4t4_reuse_intensive_StaticSemantic@N4_mu0_rep0,0,StaticSemantic@N4_mu0,StaticSemantic,72,reuse_intensive:rep0:req72,reuse_intensive,1,66,0,L0066,2048,3,,False,1789899475.556459,0,0,0,,False,False,False,False,0,0.0,0,0,32.0,False,cache_miss,False,False,0,0.0,1af29d96a223d35361eb3e4eb504731a0e20eac8f89c6cdc9aa553061eab476d,True,,,1,0,1224.243274,1417.773107,6,2108,4,32
20260726_formal4t4_reuse_intensive_StaticSemantic@N4_mu0_rep0,0,StaticSemantic@N4_mu0,StaticSemantic,73,reuse_intensive:rep0:req73,reuse_intensive,1,64,1,L0064,2048,2,2;3,False,1789899475.5565152,2048,2048,2048,4.839533567428589,False,False,False,False,2048,0.0,2,2,2080.0,False,cache_reused,False,False,0,0.0,18a2fbd8db52a49b5ae9b5085c079b323fc8849a8e83ecf86208dfede8927fdd,True,,,1,0,163.58181,421.460084,6,2108,4,2080
20260726_formal4t4_reuse_intensive_StaticSemantic@N4_mu0_rep0,0,StaticSemantic@N4_mu0,StaticSemantic,74,reuse_intensive:rep0:req74,reuse_intensive,1,65,0,L0065,2048,0,,False,1789899475.5565476,0,0,0,,False,False,False,False,0,0.0,0,0,32.0,False,cache_miss,False,False,0,0.0,d9055c41d20e0db8a5991e062ec7bab4a680eba46920b032adfe25f733d0cd2f,True,,,1,0,1461.445187,1683.7981,6,2108,4,32
20260726_formal4t4_reuse_intensive_StaticSemantic@N4_mu0_rep0,0,StaticSemantic@N4_mu0,StaticSemantic,75,reuse_intensive:rep0:req75,reuse_intensive,1,66,1,L0066,2048,1,,False,1789899475.55657,0,0,0,,False,False,False,False,0,0.0,0,0,32.0,False,cache_miss,False,False,0,0.0,9ac26713ba429bd7712477d52420dee5bfefe820f615e792a47be3ce2c31c08c,True,,,1,0,1296.429756,1490.264509,6,2108,4,32
20260726_formal4t4_reuse_intensive_StaticSemantic@N4_mu0_rep0,0,StaticSemantic@N4_mu0,StaticSemantic,76,reuse_intensive:rep0:req76,reuse_intensive,1,64,2,L0064,2048,3,2;3,True,1789899477.243024,2048,2048,2048,6.525349140167236,False,False,False,False,2048,40.96,2,2,2080.0,True,cache_reused,False,False,0,0.0,d1740f81428056d23893a437f57b1a32fcb4522407b08879cd93445aa1d3b05b,True,,,1,0,89.631231,260.442427,6,2108,4,2080
20260726_formal4t4_reuse_intensive_StaticSemantic@N4_mu0_rep0,0,StaticSemantic@N4_mu0,StaticSemantic,77,reuse_intensive:rep0:req77,reuse_intensive,1,65,1,L0065,2048,2,,False,1789899477.243065,2048,0,0,60.925244092941284,True,True,False,False,0,0.0,0,0,32.0,False,cache_miss,False,False,0,0.0,065c68ede4fb427496cea229b4404a34b8478a5598bcb46db910157a9eb56870,True,,,1,0,1236.673123,1425.786741,6,2108,4,32
20260726_formal4t4_reuse_intensive_StaticSemantic@N4_mu0_rep0,0,StaticSemantic@N4_mu0,StaticSemantic,78,reuse_intensive:rep0:req78,reuse_intensive,1,65,2,L0065,2048,1,,False,1789899477.2430925,2048,0,0,60.92527151107788,True,True,False,False,0,0.0,0,0,32.0,False,cache_miss,False,False,0,0.0,eeefc886c652c92ab6bffee2780d13abee143bf3dca47ad15c68aff0e77ef73d,True,,,1,0,1160.811223,1346.022861,6,2108,4,32
20260726_formal4t4_reuse_intensive_StaticSemantic@N4_mu0_rep0,0,StaticSemantic@N4_mu0,StaticSemantic,79,reuse_intensive:rep0:req79,reuse_intensive,1,65,0,L0065,2048,0,,False,1789899477.2431145,2048,0,0,60.92529344558716,True,True,False,False,0,0.0,0,0,2080.0,False,cache_reused,False,False,0,0.0,98d92b38982b309fbd1a022344e0c1904d43e4bd67274ed01cefab1b3404ef43,True,,,1,0,102.787665,314.950774,6,2108,4,2080
20260726_formal4t4_reuse_intensive_StaticSemantic@N4_mu0_rep0,0,StaticSemantic@N4_mu0,StaticSemantic,80,reuse_intensive:rep0:req80,reuse_intensive,1,74,0,L0074,1024,1,,False,1789899478.6709552,0,0,0,,False,False,False,False,0,0.0,0,0,32.0,False,cache_miss,False,False,0,0.0,42a536bc3638f18cef65d183850916c60f9228cde960ff1afdb6ff656a262c13,True,,,1,0,331.793931,562.96324,6,1084,4,32
20260726_formal4t4_reuse_intensive_StaticSemantic@N4_mu0_rep0,0,StaticSemantic@N4_mu0,StaticSemantic,81,reuse_intensive:rep0:req81,reuse_intensive,1,64,0,L0064,2048,3,2;3,True,1789899478.6710126,2048,2048,2048,7.953337669372559,False,False,False,False,2048,40.96,2,2,2080.0,True,cache_reused,False,False,0,0.0,a57303c63f304b7e82e793a2a69501b8a6200a20aaf5de75a9defe1623c0d2dc,True,,,1,0,90.368372,262.099251,6,2108,4,2080
20260726_formal4t4_reuse_intensive_StaticSemantic@N4_mu0_rep0,0,StaticSemantic@N4_mu0,StaticSemantic,82,reuse_intensive:rep0:req82,reuse_intensive,1,65,1,L0065,2048,0,0,False,1789899478.6710541,2048,2048,2048,1.428501844406128,False,False,False,False,2048,0.0,1,1,2080.0,False,cache_reused,False,False,0,0.0,a949ab6393141a039fd664148eddee2dfa727a162a50706ca6893b155256208e,True,,,1,0,105.665369,321.420069,6,2108,4,2080
20260726_formal4t4_reuse_intensive_StaticSemantic@N4_mu0_rep0,0,StaticSemantic@N4_mu0,StaticSemantic,83,reuse_intensive:rep0:req83,reuse_intensive,1,69,1,L0069,2048,1,1,True,1789899478.6710882,2048,2048,2048,7.953783273696899,False,False,False,False,2048,38.96,1,1,2080.0,True,cache_reused,False,False,0,0.0,33ff57d0ebad6c00b84c36a300f89c8ed3205b368f13090c1905e5a092c761b0,True,,,1,0,414.453715,613.786056,6,2108,4,2080
20260726_formal4t4_reuse_intensive_StaticSemantic@N4_mu0_rep0,0,StaticSemantic@N4_mu0,StaticSemantic,84,reuse_intensive:rep0:req84,reuse_intensive,1,65,2,L0065,2048,0,0;2,False,1789899479.2878602,2048,2048,2048,0.6171400547027588,False,False,False,False,2048,0.0,2,2,2080.0,False,cache_reused,False,False,0,0.0,3be60212a46815f675f8606dc8d8f946f718c2f020a8861fdc85fb9a793f66d1,True,,,1,0,104.624034,320.451262,6,2108,4,2080
20260726_formal4t4_reuse_intensive_StaticSemantic@N4_mu0_rep0,0,StaticSemantic@N4_mu0,StaticSemantic,85,reuse_intensive:rep0:req85,reuse_intensive,1,106,0,L0106,1024,3,,False,1789899479.2879002,0,0,0,,False,False,False,False,0,0.0,0,0,32.0,False,cache_miss,False,False,0,0.0,2f74af83b34faba0926e8771715315be391fc7e6d6c0c5342c53a641ec3e8e0c,True,,,1,0,500.902346,664.359866,6,1084,4,32
20260726_formal4t4_reuse_intensive_StaticSemantic@N4_mu0_rep0,0,StaticSemantic@N4_mu0,StaticSemantic,86,reuse_intensive:rep0:req86,reuse_intensive,1,70,1,L0070,2048,1,1,True,1789899479.2879362,2048,2048,2048,3.732248544692993,False,False,False,False,2048,40.96,1,1,2080.0,True,cache_reused,False,False,0,0.0,ea8176ab535fac24afecb7f45e5b39a60eabfa53c1094dd2b1f90b8dafeac1f3,True,,,1,0,91.498825,275.043985,6,2108,4,2080
20260726_formal4t4_reuse_intensive_StaticSemantic@N4_mu0_rep0,0,StaticSemantic@N4_mu0,StaticSemantic,87,reuse_intensive:rep0:req87,reuse_intensive,1,70,2,L0070,2048,1,1,True,1789899479.2879674,2048,2048,2048,3.7322797775268555,False,False,False,False,2048,38.96,1,1,2080.0,True,cache_reused,False,False,0,0.0,07ab9043bc01ec8cc5d47d51c9a34488f6b2ac6d16aa339ebfa8bbc46b4a1b74,True,,,1,0,154.182962,331.091038,6,2108,4,2080
20260726_formal4t4_reuse_intensive_StaticSemantic@N4_mu0_rep0,0,StaticSemantic@N4_mu0,StaticSemantic,88,reuse_intensive:rep0:req88,reuse_intensive,1,64,1,L0064,2048,3,2;3,False,1789899479.9543917,2048,2048,2048,0.6672472953796387,False,False,False,False,2048,0.0,2,2,2080.0,False,cache_reused,False,False,0,0.0,bbcef94cff792fd0307b4824c26cef93a4b46b9d6acfa7016b6e13d7b6283dcc,True,,,1,0,93.904634,287.03844,6,2108,4,2080
20260726_formal4t4_reuse_intensive_StaticSemantic@N4_mu0_rep0,0,StaticSemantic@N4_mu0,StaticSemantic,89,reuse_intensive:rep0:req89,reuse_intensive,1,64,2,L0064,2048,2,2;3,True,1789899479.9544647,2048,2048,2048,2.712144374847412,False,False,False,False,2048,40.96,2,2,2080.0,True,cache_reused,False,False,0,0.0,33538375951a9c7c27c07c267887a4d9eaa00b574e2315186d61c9924fbcd4f1,True,,,1,0,93.275784,272.990751,6,2108,4,2080
20260726_formal4t4_reuse_intensive_StaticSemantic@N4_mu0_rep0,0,StaticSemantic@N4_mu0,StaticSemantic,90,reuse_intensive:rep0:req90,reuse_intensive,1,118,0,L0118,2048,1,,False,1789899479.9545074,0,0,0,,False,False,False,False,0,0.0,0,0,16.0,False,cache_miss,False,False,0,0.0,e12b602dbb39a154f90d9d22b308a541c41454808aa6bc7e0ac4206385f1136a,True,,,1,0,1073.914492,1249.926831,6,2108,4,16
20260726_formal4t4_reuse_intensive_StaticSemantic@N4_mu0_rep0,0,StaticSemantic@N4_mu0,StaticSemantic,91,reuse_intensive:rep0:req91,reuse_intensive,1,64,0,L0064,2048,3,2;3,True,1789899479.9545474,2048,2048,2048,0.667402982711792,False,False,False,False,2048,38.96,2,2,2080.0,True,cache_reused,False,False,0,0.0,c1762b7f3904a648a1fbc475408f646561686f817075124b6ff6522e7171966d,True,,,1,0,158.271497,341.482257,6,2108,4,2080
20260726_formal4t4_reuse_intensive_StaticSemantic@N4_mu0_rep0,0,StaticSemantic@N4_mu0,StaticSemantic,92,reuse_intensive:rep0:req92,reuse_intensive,1,65,0,L0065,2048,2,0;2,False,1789899481.2892458,2048,2048,2048,2.6189749240875244,False,False,False,False,2048,0.0,2,2,2080.0,False,cache_reused,False,False,0,0.0,6ce5c46681495663a1c97a9898608b038e0d804c5805a3bc0daab21eaf12a64c,True,,,1,0,94.756724,281.941541,6,2108,4,2080
20260726_formal4t4_reuse_intensive_StaticSemantic@N4_mu0_rep0,0,StaticSemantic@N4_mu0,StaticSemantic,93,reuse_intensive:rep0:req93,reuse_intensive,1,109,0,L0109,1024,1,,False,1789899481.2892709,0,0,0,,False,False,False,False,0,0.0,0,0,32.0,False,cache_miss,False,False,0,0.0,0f2f652bfcf40b9728ddf7a6287a0bb4e9034fe13d2c9260b128d63ba1729f15,True,,,1,0,421.024464,556.770175,6,1084,4,32
20260726_formal4t4_reuse_intensive_StaticSemantic@N4_mu0_rep0,0,StaticSemantic@N4_mu0,StaticSemantic,94,reuse_intensive:rep0:req94,reuse_intensive,1,65,1,L0065,2048,0,0;2,True,1789899481.2892885,2048,2048,2048,1.3359742164611816,False,False,False,False,2048,40.96,2,2,2080.0,True,cache_reused,False,False,0,0.0,43cba548a390d942207599b4c300307f4c5326baef25661aedff65990af66eee,True,,,1,0,105.357829,322.259966,6,2108,4,2080
20260726_formal4t4_reuse_intensive_StaticSemantic@N4_mu0_rep0,0,StaticSemantic@N4_mu0,StaticSemantic,95,reuse_intensive:rep0:req95,reuse_intensive,1,82,0,L0082,4096,3,,False,1789899481.2893019,0,0,0,,False,False,False,False,0,0.0,0,0,32.0,False,cache_miss,False,False,0,0.0,89b2cc466a610581b632d4c9253fe635e6d5acfc6b1f78505fc1bf96a3971cf1,True,,,1,0,4248.002412,4602.33639,6,4156,4,32
20260726_formal4t4_reuse_intensive_StaticSemantic@N4_mu0_rep0,0,StaticSemantic@N4_mu0,StaticSemantic,96,reuse_intensive:rep0:req96,reuse_intensive,1,64,1,L0064,2048,3,2;3,True,1789899485.8940213,2048,2048,2048,4.687049865722656,False,False,False,False,2048,40.96,2,2,2080.0,True,cache_reused,False,False,0,0.0,fc05ee92f45136abb890aee6491e29419f13a008bfacc9ec75331524f54f6068,True,,,1,0,89.719616,262.197306,6,2108,4,2080
20260726_formal4t4_reuse_intensive_StaticSemantic@N4_mu0_rep0,0,StaticSemantic@N4_mu0,StaticSemantic,97,reuse_intensive:rep0:req97,reuse_intensive,1,65,2,L0065,2048,2,0;2,True,1789899485.8940759,2048,2048,2048,7.223804950714111,False,False,False,False,2048,40.96,2,2,2080.0,True,cache_reused,False,False,0,0.0,eb4c4c09ecd77e1ce7b1d047b35d5829c0d83384467df06b837f64405f9d2a29,True,,,1,0,173.375912,416.001971,6,2108,4,2080
20260726_formal4t4_reuse_intensive_StaticSemantic@N4_mu0_rep0,0,StaticSemantic@N4_mu0,StaticSemantic,98,reuse_intensive:rep0:req98,reuse_intensive,1,65,0,L0065,2048,0,0;2,False,1789899485.894114,2048,2048,2048,5.940799713134766,False,False,False,False,2048,0.0,2,2,2080.0,False,cache_reused,False,False,0,0.0,aef7f8b14c12e95a13bc1aa9ba418346d84c254681a8229e7e853401af5e6545,True,,,1,0,197.968974,465.566459,6,2108,4,2080
20260726_formal4t4_reuse_intensive_StaticSemantic@N4_mu0_rep0,0,StaticSemantic@N4_mu0,StaticSemantic,99,reuse_intensive:rep0:req99,reuse_intensive,1,78,0,L0078,2048,1,,False,1789899485.8941393,0,0,0,,False,False,False,False,0,0.0,0,0,32.0,False,cache_miss,False,False,0,0.0,518d637ed452f452aa6fda5f9d8009fa9fd35718fc74a6d15b4307b9e3e83258,True,,,1,0,1205.037045,1407.1075,6,2108,4,32
20260726_formal4t4_reuse_intensive_StaticSemantic@N4_mu0_rep0,0,StaticSemantic@N4_mu0,StaticSemantic,100,reuse_intensive:rep0:req100,reuse_intensive,1,71,0,L0071,2048,3,,False,1789899487.304524,0,0,0,,False,False,False,False,0,0.0,0,0,32.0,False,cache_miss,False,False,0,0.0,3c80ef946607475dfd7a8c0f281e230aab4b902548274be8a5513662e8022878,True,,,1,0,1242.390457,1444.764117,6,2109,4,32
20260726_formal4t4_reuse_intensive_StaticSemantic@N4_mu0_rep0,0,StaticSemantic@N4_mu0,StaticSemantic,101,reuse_intensive:rep0:req101,reuse_intensive,1,105,0,L0105,4096,1,,False,1789899487.304562,0,0,0,,False,False,False,False,0,0.0,0,0,32.0,False,cache_miss,False,False,0,0.0,fb958c90ca342febbdf4170a631d01add59d9f55bd65b747765eebfc1e0c9446,True,,,1,0,3594.321507,3903.230854,6,4157,4,32
20260726_formal4t4_reuse_intensive_StaticSemantic@N4_mu0_rep0,0,StaticSemantic@N4_mu0,StaticSemantic,102,reuse_intensive:rep0:req102,reuse_intensive,1,64,2,L0064,2048,2,2;3,False,1789899487.3046038,2048,2048,2048,6.098074197769165,False,False,False,False,2048,0.0,2,2,2080.0,False,cache_reused,False,False,0,0.0,7dcae9547739c4918926fd76333d97b72ff5ee8d0de11a7d4e88a5c819d3821f,True,,,1,0,98.974994,291.264497,6,2109,4,2080
20260726_formal4t4_reuse_intensive_StaticSemantic@N4_mu0_rep0,0,StaticSemantic@N4_mu0,StaticSemantic,103,reuse_intensive:rep0:req103,reuse_intensive,1,64,0,L0064,2048,2,2;3,True,1789899487.304644,2048,2048,2048,6.098114490509033,False,False,False,False,2048,38.96,2,2,2080.0,True,cache_reused,False,False,0,0.0,965995439bed725f6aade7dc8a681c7d003d74d9791062d805c32eeb8c14d809,True,,,1,0,164.589688,350.046278,6,2109,4,2080
20260726_formal4t4_reuse_intensive_StaticSemantic@N4_mu0_rep0,0,StaticSemantic@N4_mu0,StaticSemantic,104,reuse_intensive:rep0:req104,reuse_intensive,1,76,0,L0076,4096,1,,False,1789899491.210194,0,0,0,,False,False,False,False,0,0.0,0,0,32.0,False,cache_miss,False,False,0,0.0,b1b36eaa3d1792753f3fbade984dc340cd93c6dee4d48e7ab0ea17294aa005d2,True,,,1,0,3563.982709,3863.347311,6,4157,4,32
20260726_formal4t4_reuse_intensive_StaticSemantic@N4_mu0_rep0,0,StaticSemantic@N4_mu0,StaticSemantic,105,reuse_intensive:rep0:req105,reuse_intensive,1,64,1,L0064,2048,2,2;3,False,1789899491.2102578,2048,2048,2048,10.003728151321411,False,False,False,False,2048,0.0,2,2,2080.0,False,cache_reused,False,False,0,0.0,fca8524adfefc595557f147cbafe3569e542e59293bf7d21c2b89fd15085ac25,True,,,1,0,164.73953,426.37205,6,2109,4,2080
20260726_formal4t4_reuse_intensive_StaticSemantic@N4_mu0_rep0,0,StaticSemantic@N4_mu0,StaticSemantic,106,reuse_intensive:rep0:req106,reuse_intensive,1,89,0,L0089,2048,0,,False,1789899491.210293,0,0,0,,False,False,False,False,0,0.0,0,0,32.0,False,cache_miss,False,False,0,0.0,aa4a2a45453a251a07b8687384a41b6314dcf8dc84ff396b9de148f1dcde0c84,True,,,1,0,1437.42419,1642.837996,6,2109,4,32
20260726_formal4t4_reuse_intensive_StaticSemantic@N4_mu0_rep0,0,StaticSemantic@N4_mu0,StaticSemantic,107,reuse_intensive:rep0:req107,reuse_intensive,1,77,0,L0077,1024,3,,False,1789899491.2103171,0,0,0,,False,False,False,False,0,0.0,0,0,32.0,False,cache_miss,False,False,0,0.0,4ef8630d5780506782e3a258aaf096d2e0b5360ec1c839afee257382894be6a9,True,,,1,0,555.175875,679.853653,6,1085,4,32
20260726_formal4t4_reuse_intensive_StaticSemantic@N4_mu0_rep0,0,StaticSemantic@N4_mu0,StaticSemantic,108,reuse_intensive:rep0:req108,reuse_intensive,1,66,2,L0066,2048,3,1;3,True,1789899495.0751908,2048,2048,2048,17.8332097530365,False,False,False,False,2048,40.96,2,2,2080.0,True,cache_reused,False,False,0,0.0,9e8391539e31a515c67e8054765ceed2a0831960bf3bb245d408e12c6420557c,True,,,1,0,179.601739,422.971592,6,2109,4,2080
20260726_formal4t4_reuse_intensive_StaticSemantic@N4_mu0_rep0,0,StaticSemantic@N4_mu0,StaticSemantic,109,reuse_intensive:rep0:req109,reuse_intensive,1,72,0,L0072,1024,1,,False,1789899495.075235,0,0,0,,False,False,False,False,0,0.0,0,0,32.0,False,cache_miss,False,False,0,0.0,2a65131d5e37675b12182295b68b411282a59bf37bed17131d4163e638a98ac9,True,,,1,0,364.1895,664.816455,6,1085,4,32
20260726_formal4t4_reuse_intensive_StaticSemantic@N4_mu0_rep0,0,StaticSemantic@N4_mu0,StaticSemantic,110,reuse_intensive:rep0:req110,reuse_intensive,1,65,1,L0065,2048,2,0;2,False,1789899495.0752752,2048,2048,2048,7.771462917327881,False,False,False,False,2048,0.0,2,2,2080.0,False,cache_reused,False,False,0,0.0,f1b94d16788681725104b73a1091be808fc1bf396e6cb787db7db529b3938550,True,,,1,0,171.611438,410.51745,6,2109,4,2080
20260726_formal4t4_reuse_intensive_StaticSemantic@N4_mu0_rep0,0,StaticSemantic@N4_mu0,StaticSemantic,111,reuse_intensive:rep0:req111,reuse_intensive,1,66,0,L0066,2048,1,1;3,True,1789899495.0753112,2048,2048,2048,17.8325412273407,False,False,False,False,2048,38.96,2,2,2080.0,True,cache_reused,False,False,0,0.0,1c731c5c2f2bdaaca70f8e58d628532db0991ce301f02aa0f5d386e10535edcf,True,,,1,0,471.903541,729.339371,6,2109,4,2080
20260726_formal4t4_reuse_intensive_StaticSemantic@N4_mu0_rep0,0,StaticSemantic@N4_mu0,StaticSemantic,112,reuse_intensive:rep0:req112,reuse_intensive,1,82,1,L0082,4096,3,3,True,1789899495.807759,4096,4096,4096,9.914142370223999,False,False,False,False,4096,81.92,1,1,4128.0,True,cache_reused,False,False,0,0.0,9e0c7511e496aef4dead7bf026980c86986b45ba9740193a5e961f47c5026135,True,,,1,0,171.271096,658.325762,6,4157,4,4128
20260726_formal4t4_reuse_intensive_StaticSemantic@N4_mu0_rep0,0,StaticSemantic@N4_mu0,StaticSemantic,113,reuse_intensive:rep0:req113,reuse_intensive,1,64,2,L0064,2048,2,2;3,False,1789899495.807811,2048,2048,2048,0.7333502769470215,False,False,False,False,2048,0.0,2,2,2080.0,False,cache_reused,False,False,0,0.0,1e45ef63576b787eb1ba9de1d28961a0582892d71d3688b80d264d88383774ad,True,,,1,0,92.458531,270.978743,6,2109,4,2080
20260726_formal4t4_reuse_intensive_StaticSemantic@N4_mu0_rep0,0,StaticSemantic@N4_mu0,StaticSemantic,114,reuse_intensive:rep0:req114,reuse_intensive,1,113,0,L0113,4096,1,,False,1789899495.807842,0,0,0,,False,False,False,False,0,0.0,0,0,32.0,False,cache_miss,False,False,0,0.0,c675d08bece628aea5f4686a0f59ac9b3b428bb1201ceb7a8bdf1d22f55f3a0b,True,,,1,0,3304.807664,3588.129955,6,4157,4,32
20260726_formal4t4_reuse_intensive_StaticSemantic@N4_mu0_rep0,0,StaticSemantic@N4_mu0,StaticSemantic,115,reuse_intensive:rep0:req115,reuse_intensive,1,64,0,L0064,2048,3,2;3,True,1789899495.8078752,2048,2048,2048,8.504374980926514,False,False,False,False,2048,38.96,2,2,2080.0,True,cache_reused,False,False,0,0.0,ae89b84ddc975ec6d46c78b021eb9ac82828ae834e731a1adc1b8b367d7820b5,True,,,1,0,332.535295,712.783523,6,2109,4,2080
20260726_formal4t4_reuse_intensive_StaticSemantic@N4_mu0_rep0,0,StaticSemantic@N4_mu0,StaticSemantic,116,reuse_intensive:rep0:req116,reuse_intensive,1,111,0,L0111,4096,0,,False,1789899499.3991206,0,0,0,,False,False,False,False,0,0.0,0,0,32.0,False,cache_miss,False,False,0,0.0,bdd80f9c8717e98a55c1011ee206f91c69d80e05d52d4de4fdea0e0d099e619f,True,,,1,0,3470.454156,3795.016773,6,4157,4,32
20260726_formal4t4_reuse_intensive_StaticSemantic@N4_mu0_rep0,0,StaticSemantic@N4_mu0,StaticSemantic,117,reuse_intensive:rep0:req117,reuse_intensive,1,66,1,L0066,2048,3,1;3,False,1789899499.3991854,2048,2048,2048,3.592374563217163,False,False,False,False,2048,0.0,2,2,2080.0,False,cache_reused,False,False,0,0.0,de1ae1a20f6ece63ac8be18d0bc5a852d13540b75c4d7d38abc11bb58fbff045,True,,,1,0,175.374774,451.400941,6,2109,4,2080
20260726_formal4t4_reuse_intensive_StaticSemantic@N4_mu0_rep0,0,StaticSemantic@N4_mu0,StaticSemantic,118,reuse_intensive:rep0:req118,reuse_intensive,1,64,1,L0064,2048,2,2;3,False,1789899499.3992264,2048,2048,2048,4.324765682220459,False,False,False,False,2048,0.0,2,2,2080.0,False,cache_reused,False,False,0,0.0,ee800908047c728205d8dc660a822c11b3f5ce1fa10a7e02752c2994ce0fa8f5,True,,,1,0,161.966281,424.247147,6,2109,4,2080
20260726_formal4t4_reuse_intensive_StaticSemantic@N4_mu0_rep0,0,StaticSemantic@N4_mu0,StaticSemantic,119,reuse_intensive:rep0:req119,reuse_intensive,1,66,2,L0066,2048,1,1;3,False,1789899499.399259,2048,2048,2048,3.5917482376098633,False,False,False,False,2048,0.0,2,2,2080.0,False,cache_reused,False,False,0,0.0,915221d723eab371ed102667c4ab1c30d9d4a24bd66021f289a56a56a5fb6230,True,,,1,0,96.184718,287.198367,6,2109,4,2080
20260726_formal4t4_reuse_intensive_Adaptive@N4_mu0_rep0,0,Adaptive@N4_mu0,Adaptive,24,reuse_intensive:rep0:req24,reuse_intensive,0,0,2,L0000,2048,0,0;2,True,1789899554.3603046,2048,2048,2048,3.774754524230957,False,False,False,False,2048,40.96,2,2,2080.0,True,cache_reused,False,False,0,0.0,7c1587d536a8e0f530162f18e061072e45e5e899f5e370b80c5bca3e94ce563b,True,,,1,0,131.321393,669.915794,6,2108,4,2080
20260726_formal4t4_reuse_intensive_Adaptive@N4_mu0_rep0,0,Adaptive@N4_mu0,Adaptive,25,reuse_intensive:rep0:req25,reuse_intensive,0,6,1,L0006,1024,2,0;2,True,1789899554.3603287,1024,1024,1024,3.7748663425445557,False,False,False,False,1024,20.48,2,2,1056.0,True,cache_reused,False,False,0,0.0,796c69bbb244338492dfbfca4e84a04081bd2d51f282b05a378ca0184b8a9ad5,True,,,1,0,100.40916,407.00219,6,1084,4,1056
20260726_formal4t4_reuse_intensive_Adaptive@N4_mu0_rep0,0,Adaptive@N4_mu0,Adaptive,26,reuse_intensive:rep0:req26,reuse_intensive,0,3,0,L0003,4096,0,0;2,True,1789899554.360345,4096,4096,4096,36.08983778953552,False,False,False,False,4096,79.92,2,2,4128.0,True,cache_reused,False,False,0,0.0,8b8e78b01a768b747b2f6bf2a3173257141a26ce1b32de169d029f7e07bed279,True,,,1,0,312.458537,785.285534,6,4156,4,4128
20260726_formal4t4_reuse_intensive_Adaptive@N4_mu0_rep0,0,Adaptive@N4_mu0,Adaptive,27,reuse_intensive:rep0:req27,reuse_intensive,0,1,0,L0001,2048,2,0;2,True,1789899554.3603575,2048,2048,2048,2.355219841003418,False,False,False,False,2048,38.96,2,2,2080.0,True,cache_reused,False,False,0,0.0,6271093e974fe4e49537b982b5a170ce2511d1fd4a29e58eb24dcc2b9859286b,True,,,1,0,204.275814,468.85908,6,2108,4,2080
20260726_formal4t4_reuse_intensive_Adaptive@N4_mu0_rep0,0,Adaptive@N4_mu0,Adaptive,28,reuse_intensive:rep0:req28,reuse_intensive,0,1,1,L0001,2048,0,0;2,True,1789899555.1476085,2048,2048,2048,2.437716484069824,False,False,False,False,2048,40.96,2,2,2080.0,True,cache_reused,False,False,0,0.0,b7d36f7c2ba4c5c11d9865e05904186432a5d2eafbe230fb44b540bc06e555bb,True,,,1,0,136.263101,567.37134,6,2108,4,2080
20260726_formal4t4_reuse_intensive_Adaptive@N4_mu0_rep0,0,Adaptive@N4_mu0,Adaptive,29,reuse_intensive:rep0:req29,reuse_intensive,0,0,0,L0000,2048,2,0;2,False,1789899555.1476705,2048,2048,2048,1.3240809440612793,False,False,False,False,2048,0.0,2,2,2080.0,False,cache_reused,False,False,0,0.0,4665fe59874e9a2cf97f9dc9647f373de6373ad84f36ce5725bc4599f0daae0a,True,,,1,0,86.170036,243.020792,6,2108,4,2080
20260726_formal4t4_reuse_intensive_Adaptive@N4_mu0_rep0,0,Adaptive@N4_mu0,Adaptive,30,reuse_intensive:rep0:req30,reuse_intensive,0,0,1,L0000,2048,0,0;2,True,1789899555.1477144,2048,2048,2048,0.7874665260314941,False,False,False,False,2048,38.96,2,2,2080.0,True,cache_reused,False,False,0,0.0,54ca50dff1f05eb1547f49eac7ae879926858e791c2088461a7c981b4eb533fb,True,,,1,0,280.976175,641.121093,6,2108,4,2080
20260726_formal4t4_reuse_intensive_Adaptive@N4_mu0_rep0,0,Adaptive@N4_mu0,Adaptive,31,reuse_intensive:rep0:req31,reuse_intensive,0,29,0,L0029,1024,3,,False,1789899555.1477456,0,0,0,,False,False,False,False,0,0.0,0,0,32.0,False,cache_miss,False,False,0,0.0,fccb5e09a1da934498e5402e644f35b342bc2ccc9669c6d019a80c85a785e783,True,,,1,0,413.306597,549.440696,6,1084,4,32
20260726_formal4t4_reuse_intensive_Adaptive@N4_mu0_rep0,0,Adaptive@N4_mu0,Adaptive,32,reuse_intensive:rep0:req32,reuse_intensive,0,30,0,L0030,2048,0,,False,1789899555.7915552,0,0,0,,False,False,False,False,0,0.0,0,0,32.0,False,cache_miss,False,False,0,0.0,7ae31e25d6518d6897bdc2db831f612d922d3f1a4e5342b2662a7ff29398ece1,True,,,1,0,1470.121693,1902.350241,6,2108,4,32
20260726_formal4t4_reuse_intensive_Adaptive@N4_mu0_rep0,0,Adaptive@N4_mu0,Adaptive,33,reuse_intensive:rep0:req33,reuse_intensive,0,1,2,L0001,2048,2,0;2,False,1789899555.7916088,2048,2048,2048,0.6443123817443848,False,False,False,False,2048,0.0,2,2,2080.0,False,cache_reused,False,False,0,0.0,1d94aad9d8bee5ce8bc29aeaa77031378a6ab6cf4f751836dbac93894453fc46,True,,,1,0,98.907059,420.277198,6,2108,4,2080
20260726_formal4t4_reuse_intensive_Adaptive@N4_mu0_rep0,0,Adaptive@N4_mu0,Adaptive,34,reuse_intensive:rep0:req34,reuse_intensive,0,0,2,L0000,2048,0,0;2,True,1789899555.7916512,2048,2048,2048,0.6452267169952393,False,False,False,False,2048,38.96,2,2,2080.0,True,cache_reused,False,False,0,0.0,b0d1636173710f95f947fc8ee32df8f448fd2de52180fb6a30191db837e43231,True,,,1,0,1468.963854,1901.246713,6,2108,4,2080
20260726_formal4t4_reuse_intensive_Adaptive@N4_mu0_rep0,0,Adaptive@N4_mu0,Adaptive,35,reuse_intensive:rep0:req35,reuse_intensive,0,13,1,L0013,2048,2,0;2,True,1789899555.791685,2048,2048,2048,3.786588430404663,False,False,False,False,2048,38.96,2,2,2080.0,True,cache_reused,False,False,0,0.0,9b77021b730e07e9d67a7038bf753b8937ff8a07ca442dd387cb57dabcfc3596,True,,,1,0,207.100537,475.710981,6,2108,4,2080
20260726_formal4t4_reuse_intensive_Adaptive@N4_mu0_rep0,0,Adaptive@N4_mu0,Adaptive,36,reuse_intensive:rep0:req36,reuse_intensive,0,1,0,L0001,2048,0,0;2,True,1789899557.6956139,2048,2048,2048,1.904991626739502,False,False,False,False,2048,40.96,2,2,2080.0,True,cache_reused,False,False,0,0.0,a955ad8839196c61d5b06d298faa944985e8498599c97deee7c7e0f8a8e3c7f5,True,,,1,0,139.439551,648.447557,6,2108,4,2080
20260726_formal4t4_reuse_intensive_Adaptive@N4_mu0_rep0,0,Adaptive@N4_mu0,Adaptive,37,reuse_intensive:rep0:req37,reuse_intensive,0,12,0,L0012,4096,2,0;2,True,1789899557.6956656,4096,4096,4096,12.395190477371216,False,False,False,False,4096,81.92,2,2,4128.0,True,cache_reused,False,False,0,0.0,e4c9da0917e501ae2b69321f4a7812593c3ea33a39e621a4d34783c2646157d9,True,,,1,0,168.300311,663.702468,6,4156,4,4128
20260726_formal4t4_reuse_intensive_Adaptive@N4_mu0_rep0,0,Adaptive@N4_mu0,Adaptive,38,reuse_intensive:rep0:req38,reuse_intensive,0,7,0,L0007,4096,0,0;2,True,1789899557.6957026,4096,4096,4096,25.755064010620117,False,False,False,False,4096,79.92,2,2,4128.0,True,cache_reused,False,False,0,0.0,566a186e28540363242658c09a467302d068439f4f3bcf8c258f06f92643965d,True,,,1,0,309.640112,749.78945,6,4156,4,4128
20260726_formal4t4_reuse_intensive_Adaptive@N4_mu0_rep0,0,Adaptive@N4_mu0,Adaptive,39,reuse_intensive:rep0:req39,reuse_intensive,0,1,1,L0001,2048,2,0;2,True,1789899557.6957338,2048,2048,2048,2.5484373569488525,False,False,False,False,2048,38.96,2,2,2080.0,True,cache_reused,False,False,0,0.0,48f6535948fa8a6023e783c055cb16923ea43d74e3237766eb9dc189789f0836,True,,,1,0,333.857448,725.376833,6,2108,4,2080
20260726_formal4t4_reuse_intensive_Adaptive@N4_mu0_rep0,0,Adaptive@N4_mu0,Adaptive,40,reuse_intensive:rep0:req40,reuse_intensive,0,1,2,L0001,2048,0,0;2,True,1789899558.4488926,2048,2048,2048,2.6582703590393066,False,False,False,False,2048,40.96,2,2,2080.0,True,cache_reused,False,False,0,0.0,f92be4f26d4b182819fdf69adf460ff0ca7d1a6cd67e94b3356c5c168b2d1a21,True,,,1,0,134.727838,409.940073,6,2108,4,2080
20260726_formal4t4_reuse_intensive_Adaptive@N4_mu0_rep0,0,Adaptive@N4_mu0,Adaptive,41,reuse_intensive:rep0:req41,reuse_intensive,0,0,0,L0000,2048,2,0;2,True,1789899558.4489493,2048,2048,2048,2.658021926879883,False,False,False,False,2048,40.96,2,2,2080.0,True,cache_reused,False,False,0,0.0,3ed71b67a31ff500b096d1eed31f1cba525b1aa2a90f105d2b041c85379793ab,True,,,1,0,80.928791,415.412203,6,2108,4,2080
20260726_formal4t4_reuse_intensive_Adaptive@N4_mu0_rep0,0,Adaptive@N4_mu0,Adaptive,42,reuse_intensive:rep0:req42,reuse_intensive,0,1,0,L0001,2048,0,0;2,True,1789899558.4489841,2048,2048,2048,2.6583619117736816,False,False,False,False,2048,38.96,2,2,2080.0,True,cache_reused,False,False,0,0.0,9a700297ef01121f8541a472d534190fdfa53157c72ade1a78c9891f11fac0ae,True,,,1,0,227.00581,492.70859,6,2108,4,2080
20260726_formal4t4_reuse_intensive_Adaptive@N4_mu0_rep0,0,Adaptive@N4_mu0,Adaptive,43,reuse_intensive:rep0:req43,reuse_intensive,0,2,1,L0002,2048,2,0;2,True,1789899558.4490132,2048,2048,2048,4.088748931884766,False,False,False,False,2048,38.96,2,2,2080.0,True,cache_reused,False,False,0,0.0,d8818be3821a7accc77ed6a68ab5fd5bac57fc69e4df691a4b32026650ba4170,True,,,1,0,192.997087,486.718974,6,2108,4,2080
20260726_formal4t4_reuse_intensive_Adaptive@N4_mu0_rep0,0,Adaptive@N4_mu0,Adaptive,44,reuse_intensive:rep0:req44,reuse_intensive,0,0,1,L0000,2048,0,0;2,True,1789899558.9446325,2048,2048,2048,1.2495222091674805,False,False,False,False,2048,40.96,2,2,2080.0,True,cache_reused,False,False,0,0.0,3646bb1e0c8c51cdf0880534f3921e726e959e856f0ad7b974b9f5d171dbd543,True,,,1,0,112.20217,355.658125,6,2108,4,2080
20260726_formal4t4_reuse_intensive_Adaptive@N4_mu0_rep0,0,Adaptive@N4_mu0,Adaptive,45,reuse_intensive:rep0:req45,reuse_intensive,0,0,2,L0000,2048,2,0;2,False,1789899558.9446933,2048,2048,2048,3.153765916824341,False,False,False,False,2048,0.0,2,2,2080.0,False,cache_reused,False,False,0,0.0,675dc82929732775ebc5001e1845a90078f978bf1c9e22581f0e20da411a9e87,True,,,1,0,79.554203,254.117813,6,2108,4,2080
20260726_formal4t4_reuse_intensive_Adaptive@N4_mu0_rep0,0,Adaptive@N4_mu0,Adaptive,46,reuse_intensive:rep0:req46,reuse_intensive,0,0,0,L0000,2048,0,0;2,True,1789899558.944737,2048,2048,2048,1.249626636505127,False,False,False,False,2048,38.96,2,2,2080.0,True,cache_reused,False,False,0,0.0,fbba15c2da0ee562289621548f8c709e4facde678fb18e6ac038c925fa7cfd27,True,,,1,0,194.340033,429.740557,6,2108,4,2080
20260726_formal4t4_reuse_intensive_Adaptive@N4_mu0_rep0,0,Adaptive@N4_mu0,Adaptive,47,reuse_intensive:rep0:req47,reuse_intensive,0,0,1,L0000,2048,2,0;2,True,1789899558.9447653,2048,2048,2048,3.1538379192352295,False,False,False,False,2048,38.96,2,2,2080.0,True,cache_reused,False,False,0,0.0,6b5fcaf54c7fb5dc92818d57f9b0e28e557e93f6c1d00eb99a2952ea941075d6,True,,,1,0,138.865719,306.927459,6,2108,4,2080
20260726_formal4t4_reuse_intensive_Adaptive@N4_mu0_rep0,0,Adaptive@N4_mu0,Adaptive,48,reuse_intensive:rep0:req48,reuse_intensive,0,10,0,L0010,2048,0,0;1,True,1789899559.3774328,2048,2048,2048,19.949325799942017,False,False,False,False,2048,40.96,2,2,2080.0,True,cache_reused,False,False,0,0.0,52fe1af03ab60d71daf4dd857063dfb2c1700dbbcf10d58e61f8866e96e9a2ca,True,,,1,0,109.707507,504.970201,6,2108,4,2080
20260726_formal4t4_reuse_intensive_Adaptive@N4_mu0_rep0,0,Adaptive@N4_mu0,Adaptive,49,reuse_intensive:rep0:req49,reuse_intensive,0,3,1,L0003,4096,2,0;2,True,1789899559.3775015,4096,4096,4096,41.10685420036316,False,False,False,False,4096,81.92,2,2,4128.0,True,cache_reused,False,False,0,0.0,0d7831c33060ceaeba7fabc8ed97169d14aa5ac4a0a2cec0dae2f3c86a7ad45c,True,,,1,0,157.957768,589.315585,6,4156,4,4128
20260726_formal4t4_reuse_intensive_Adaptive@N4_mu0_rep0,0,Adaptive@N4_mu0,Adaptive,50,reuse_intensive:rep0:req50,reuse_intensive,0,1,1,L0001,2048,0,0;2,True,1789899559.3775396,2048,2048,2048,0.4334883689880371,False,False,False,False,2048,38.96,2,2,2080.0,True,cache_reused,False,False,0,0.0,c7695bcab3fe789cbac3c1283847950dce56995cda4c93ff7d5bf53a034ba687,True,,,1,0,242.078778,587.146779,6,2108,4,2080
20260726_formal4t4_reuse_intensive_Adaptive@N4_mu0_rep0,0,Adaptive@N4_mu0,Adaptive,51,reuse_intensive:rep0:req51,reuse_intensive,0,6,2,L0006,1024,2,0;2,True,1789899559.3775845,1024,1024,1024,4.23085355758667,False,False,False,False,1024,18.48,2,2,1056.0,True,cache_reused,False,False,0,0.0,0334800b7be94d699e2352b0360b34bae3a88ea911cd0e4ed526ab143e8f919a,True,,,1,0,302.848721,641.726398,6,1084,4,1056
20260726_formal4t4_reuse_intensive_Adaptive@N4_mu0_rep0,0,Adaptive@N4_mu0,Adaptive,52,reuse_intensive:rep0:req52,reuse_intensive,0,58,0,L0058,2048,3,,False,1789899560.0228791,0,0,0,,False,False,False,False,0,0.0,0,0,32.0,False,cache_miss,False,False,0,0.0,7003c5f9b97764f4643ab42a996a26a1ec255fd545b4b9541c2605b428b6bfe2,True,,,1,0,1179.10187,1355.729063,6,2108,4,32
20260726_formal4t4_reuse_intensive_Adaptive@N4_mu0_rep0,0,Adaptive@N4_mu0,Adaptive,53,reuse_intensive:rep0:req53,reuse_intensive,0,0,2,L0000,2048,2,0;2,True,1789899560.0229354,2048,2048,2048,0.6458239555358887,False,False,False,False,2048,40.96,2,2,2080.0,True,cache_reused,False,False,0,0.0,09ea728fbc1425a8a144e0596eb7ccc2f7834fb9324e6c2faf4a7e7ff1bfc2aa,True,,,1,0,88.559976,257.765787,6,2108,4,2080
20260726_formal4t4_reuse_intensive_Adaptive@N4_mu0_rep0,0,Adaptive@N4_mu0,Adaptive,54,reuse_intensive:rep0:req54,reuse_intensive,0,3,2,L0003,4096,0,0;2,False,1789899560.0229752,4096,4096,4096,4.8760762214660645,False,False,False,False,4096,0.0,2,2,4128.0,False,cache_reused,False,False,0,0.0,2bf6537e16df0783055a3e77b0ba6f7c7b3f95884f3f0f68508a6b2aa4848250,True,,,1,0,167.293726,512.763168,6,4156,4,4128
20260726_formal4t4_reuse_intensive_Adaptive@N4_mu0_rep0,0,Adaptive@N4_mu0,Adaptive,55,reuse_intensive:rep0:req55,reuse_intensive,0,0,0,L0000,2048,2,0;2,True,1789899560.0230076,2048,2048,2048,0.6458961963653564,False,False,False,False,2048,38.96,2,2,2080.0,True,cache_reused,False,False,0,0.0,d098fdcfe944317c6e2dcd292dc925b249ba21d80b5c469284ecf80ad8232c0f,True,,,1,0,145.34068,308.849461,6,2108,4,2080
20260726_formal4t4_reuse_intensive_Adaptive@N4_mu0_rep0,0,Adaptive@N4_mu0,Adaptive,56,reuse_intensive:rep0:req56,reuse_intensive,0,2,2,L0002,2048,2,0;2,False,1789899561.3795404,2048,2048,2048,2.4352147579193115,False,False,False,False,2048,0.0,2,2,2080.0,False,cache_reused,False,False,0,0.0,615eb951952aad49386abce2c27a1bb692bbd3d1edd9b18e05134773fc9d41cd,True,,,1,0,110.598801,450.281216,6,2108,4,2080
20260726_formal4t4_reuse_intensive_Adaptive@N4_mu0_rep0,0,Adaptive@N4_mu0,Adaptive,57,reuse_intensive:rep0:req57,reuse_intensive,0,0,1,L0000,2048,0,0;2,False,1789899561.3795629,2048,2048,2048,2.0027215480804443,False,False,False,False,2048,0.0,2,2,2080.0,False,cache_reused,False,False,0,0.0,9eb2cb5fd57077b9dce0b8dc7e5a7b444138d4bcbe7fe1907a0f3bd08b52e98a,True,,,1,0,208.825423,559.264212,6,2108,4,2080
20260726_formal4t4_reuse_intensive_Adaptive@N4_mu0_rep0,0,Adaptive@N4_mu0,Adaptive,58,reuse_intensive:rep0:req58,reuse_intensive,0,0,2,L0000,2048,2,0;2,True,1789899561.379578,2048,2048,2048,2.0024666786193848,False,False,False,False,2048,38.96,2,2,2080.0,True,cache_reused,False,False,0,0.0,a97f97fa53c662cf1645a16f5b1cce7700f229e8d382f2deaec1e2e18e48dcbb,True,,,1,0,224.957107,502.078774,6,2108,4,2080
20260726_formal4t4_reuse_intensive_Adaptive@N4_mu0_rep0,0,Adaptive@N4_mu0,Adaptive,59,reuse_intensive:rep0:req59,reuse_intensive,0,2,0,L0002,2048,0,0;2,True,1789899561.3795905,2048,2048,2048,7.556106090545654,False,False,False,False,2048,38.96,2,2,2080.0,True,cache_reused,False,False,0,0.0,c445af97552e11480153145d3c335e358cae4336e65eac366d2704ffdd4be100,True,,,1,0,208.176397,558.510342,6,2108,4,2080
20260726_formal4t4_reuse_intensive_Adaptive@N4_mu0_rep0,0,Adaptive@N4_mu0,Adaptive,60,reuse_intensive:rep0:req60,reuse_intensive,1,64,0,L0064,2048,2,,False,1789899561.9404433,0,0,0,,False,False,False,False,0,0.0,0,0,32.0,False,cache_miss,False,False,0,0.0,c10429c88ed4b4a525987bb9e193bdb4df6b048ef9500c444b3b542a52f92aff,True,,,1,0,972.155943,1131.820536,6,2108,4,32
20260726_formal4t4_reuse_intensive_Adaptive@N4_mu0_rep0,0,Adaptive@N4_mu0,Adaptive,61,reuse_intensive:rep0:req61,reuse_intensive,1,69,0,L0069,2048,1,,False,1789899561.9404829,0,0,0,,False,False,False,False,0,0.0,0,0,32.0,False,cache_miss,False,False,0,0.0,1b5af2b5ae651c32e8665e696421c293d2823cece1ee056c8a31e0a8006b007d,True,,,1,0,1196.785622,1385.824521,6,2108,4,32
20260726_formal4t4_reuse_intensive_Adaptive@N4_mu0_rep0,0,Adaptive@N4_mu0,Adaptive,62,reuse_intensive:rep0:req62,reuse_intensive,1,75,0,L0075,1024,0,,False,1789899561.940508,0,0,0,,False,False,False,False,0,0.0,0,0,32.0,False,cache_miss,False,False,0,0.0,347db9ceced1547706c46585a61d6f9dfabe86f74dffc63ea35fd2ec2b847849,True,,,1,0,471.91782,628.876983,6,1084,4,32
20260726_formal4t4_reuse_intensive_Adaptive@N4_mu0_rep0,0,Adaptive@N4_mu0,Adaptive,63,reuse_intensive:rep0:req63,reuse_intensive,1,64,1,L0064,2048,3,,False,1789899561.9405282,0,0,0,,False,False,False,False,0,0.0,0,0,32.0,False,cache_miss,False,False,0,0.0,335153426f6c17821c51b564f42c0484f6e8acc3c369a68dd8790dfcc81d7d29,True,,,1,0,1321.577387,1532.248341,6,2108,4,32
20260726_formal4t4_reuse_intensive_Adaptive@N4_mu0_rep0,0,Adaptive@N4_mu0,Adaptive,64,reuse_intensive:rep0:req64,reuse_intensive,1,67,0,L0067,1024,2,,False,1789899563.4762797,0,0,0,,False,False,False,False,0,0.0,0,0,32.0,False,cache_miss,False,False,0,0.0,84f2f23e17920f6b2d6b6b28852a88e1e04494b6439884c27e39412082f4a4af,True,,,1,0,391.280413,525.324802,6,1084,4,32
20260726_formal4t4_reuse_intensive_Adaptive@N4_mu0_rep0,0,Adaptive@N4_mu0,Adaptive,65,reuse_intensive:rep0:req65,reuse_intensive,1,104,0,L0104,2048,3,,False,1789899563.4763272,0,0,0,,False,False,False,False,0,0.0,0,0,16.0,False,cache_miss,False,False,0,0.0,244f806d6b5cd833e6e160b18343ecda3d6952573a3534677884b1990162c82e,True,,,1,0,941.626425,1097.943631,6,2108,4,16
20260726_formal4t4_reuse_intensive_Adaptive@N4_mu0_rep0,0,Adaptive@N4_mu0,Adaptive,66,reuse_intensive:rep0:req66,reuse_intensive,1,121,0,L0121,1024,0,,False,1789899563.4763527,0,0,0,,False,False,False,False,0,0.0,0,0,16.0,False,cache_miss,False,False,0,0.0,a613555c2dad57898b485ccffa78f4b4032aee95cbf6684bfd5674b4ce26e059,True,,,1,0,455.567278,595.972336,6,1084,4,16
20260726_formal4t4_reuse_intensive_Adaptive@N4_mu0_rep0,0,Adaptive@N4_mu0,Adaptive,67,reuse_intensive:rep0:req67,reuse_intensive,1,64,2,L0064,2048,1,,False,1789899563.4763744,2048,0,0,54.17243242263794,True,True,False,False,0,0.0,0,0,32.0,False,cache_miss,False,False,0,0.0,1a30c75d7f719df4bc097b0221955b1761334e488cb6b11ff10789dc60b46b1d,True,,,1,0,1089.657227,1266.02536,6,2108,4,32
20260726_formal4t4_reuse_intensive_Adaptive@N4_mu0_rep0,0,Adaptive@N4_mu0,Adaptive,68,reuse_intensive:rep0:req68,reuse_intensive,1,64,0,L0064,2048,2,2;3,False,1789899564.7452953,2048,2048,2048,1.2700366973876953,False,False,False,False,2048,0.0,2,2,2080.0,False,cache_reused,False,False,0,0.0,3bf1a7851b85fb3335a795e01184363fda7a5d53ca291b5194f271639d835ab0,True,,,1,0,87.256015,248.703836,6,2108,4,2080
20260726_formal4t4_reuse_intensive_Adaptive@N4_mu0_rep0,0,Adaptive@N4_mu0,Adaptive,69,reuse_intensive:rep0:req69,reuse_intensive,1,70,0,L0070,2048,1,,False,1789899564.745338,0,0,0,,False,False,False,False,0,0.0,0,0,32.0,False,cache_miss,False,False,0,0.0,c3d6505d2c2ffd454681c49b1e917621c6973cb35058abf43b6fbbc8195b5585,True,,,1,0,1105.64786,1281.926679,6,2108,4,32
20260726_formal4t4_reuse_intensive_Adaptive@N4_mu0_rep0,0,Adaptive@N4_mu0,Adaptive,70,reuse_intensive:rep0:req70,reuse_intensive,1,96,0,L0096,4096,3,,False,1789899564.7453642,0,0,0,,False,False,False,False,0,0.0,0,0,32.0,False,cache_miss,False,False,0,0.0,5d189bc330bafa09ba8e1768964b20962b5be735a0c7a85cbd47cf1390f18912,True,,,1,0,4028.295538,4374.56014,6,4156,4,32
20260726_formal4t4_reuse_intensive_Adaptive@N4_mu0_rep0,0,Adaptive@N4_mu0,Adaptive,71,reuse_intensive:rep0:req71,reuse_intensive,1,88,0,L0088,1024,0,,False,1789899564.7453868,0,0,0,,False,False,False,False,0,0.0,0,0,32.0,False,cache_miss,False,False,0,0.0,c93d4b75f370e017ebfad32e1bb05c86dccd0397458c2e649bf06d9c6f0b699d,True,,,1,0,316.355526,429.628597,6,1084,4,32
20260726_formal4t4_reuse_intensive_Adaptive@N4_mu0_rep0,0,Adaptive@N4_mu0,Adaptive,72,reuse_intensive:rep0:req72,reuse_intensive,1,66,0,L0066,2048,3,,False,1789899569.1227868,0,0,0,,False,False,False,False,0,0.0,0,0,32.0,False,cache_miss,False,False,0,0.0,1af29d96a223d35361eb3e4eb504731a0e20eac8f89c6cdc9aa553061eab476d,True,,,1,0,1175.134859,1374.438487,6,2108,4,32
20260726_formal4t4_reuse_intensive_Adaptive@N4_mu0_rep0,0,Adaptive@N4_mu0,Adaptive,73,reuse_intensive:rep0:req73,reuse_intensive,1,64,1,L0064,2048,2,2;3,False,1789899569.122846,2048,2048,2048,5.647587299346924,False,False,False,False,2048,0.0,2,2,2080.0,False,cache_reused,False,False,0,0.0,18a2fbd8db52a49b5ae9b5085c079b323fc8849a8e83ecf86208dfede8927fdd,True,,,1,0,149.904767,392.780508,6,2108,4,2080
20260726_formal4t4_reuse_intensive_Adaptive@N4_mu0_rep0,0,Adaptive@N4_mu0,Adaptive,74,reuse_intensive:rep0:req74,reuse_intensive,1,65,0,L0065,2048,0,,False,1789899569.1228788,0,0,0,,False,False,False,False,0,0.0,0,0,32.0,False,cache_miss,False,False,0,0.0,d9055c41d20e0db8a5991e062ec7bab4a680eba46920b032adfe25f733d0cd2f,True,,,1,0,1369.452047,1554.435633,6,2108,4,32
20260726_formal4t4_reuse_intensive_Adaptive@N4_mu0_rep0,0,Adaptive@N4_mu0,Adaptive,75,reuse_intensive:rep0:req75,reuse_intensive,1,66,1,L0066,2048,1,,False,1789899569.1229014,0,0,0,,False,False,False,False,0,0.0,0,0,32.0,False,cache_miss,False,False,0,0.0,9ac26713ba429bd7712477d52420dee5bfefe820f615e792a47be3ce2c31c08c,True,,,1,0,1411.945207,1643.497973,6,2108,4,32
20260726_formal4t4_reuse_intensive_Adaptive@N4_mu0_rep0,0,Adaptive@N4_mu0,Adaptive,76,reuse_intensive:rep0:req76,reuse_intensive,1,64,2,L0064,2048,3,2;3,True,1789899570.7697127,2048,2048,2048,7.293734073638916,False,False,False,False,2048,40.96,2,2,2080.0,True,cache_reused,False,False,0,0.0,d1740f81428056d23893a437f57b1a32fcb4522407b08879cd93445aa1d3b05b,True,,,1,0,104.920063,317.701048,6,2108,4,2080
20260726_formal4t4_reuse_intensive_Adaptive@N4_mu0_rep0,0,Adaptive@N4_mu0,Adaptive,77,reuse_intensive:rep0:req77,reuse_intensive,1,65,1,L0065,2048,2,,False,1789899570.7697556,2048,0,0,61.465813636779785,True,True,False,False,0,0.0,0,0,32.0,False,cache_miss,False,False,0,0.0,065c68ede4fb427496cea229b4404a34b8478a5598bcb46db910157a9eb56870,True,,,1,0,1125.980622,1310.882662,6,2108,4,32
20260726_formal4t4_reuse_intensive_Adaptive@N4_mu0_rep0,0,Adaptive@N4_mu0,Adaptive,78,reuse_intensive:rep0:req78,reuse_intensive,1,65,2,L0065,2048,1,,False,1789899570.769784,2048,0,0,61.4658420085907,True,True,False,False,0,0.0,0,0,32.0,False,cache_miss,False,False,0,0.0,eeefc886c652c92ab6bffee2780d13abee143bf3dca47ad15c68aff0e77ef73d,True,,,1,0,1032.571116,1204.321747,6,2108,4,32
20260726_formal4t4_reuse_intensive_Adaptive@N4_mu0_rep0,0,Adaptive@N4_mu0,Adaptive,79,reuse_intensive:rep0:req79,reuse_intensive,1,65,0,L0065,2048,0,,False,1789899570.7698047,2048,0,0,61.46586275100708,True,True,False,False,0,0.0,0,0,2080.0,False,cache_reused,False,False,0,0.0,98d92b38982b309fbd1a022344e0c1904d43e4bd67274ed01cefab1b3404ef43,True,,,1,0,97.982421,289.824549,6,2108,4,2080
20260726_formal4t4_reuse_intensive_Adaptive@N4_mu0_rep0,0,Adaptive@N4_mu0,Adaptive,80,reuse_intensive:rep0:req80,reuse_intensive,1,74,0,L0074,1024,1,,False,1789899572.082816,0,0,0,,False,False,False,False,0,0.0,0,0,32.0,False,cache_miss,False,False,0,0.0,42a536bc3638f18cef65d183850916c60f9228cde960ff1afdb6ff656a262c13,True,,,1,0,398.193648,684.911005,6,1084,4,32
20260726_formal4t4_reuse_intensive_Adaptive@N4_mu0_rep0,0,Adaptive@N4_mu0,Adaptive,81,reuse_intensive:rep0:req81,reuse_intensive,1,64,0,L0064,2048,3,2;3,True,1789899572.082871,2048,2048,2048,8.606892347335815,False,False,False,False,2048,40.96,2,2,2080.0,True,cache_reused,False,False,0,0.0,a57303c63f304b7e82e793a2a69501b8a6200a20aaf5de75a9defe1623c0d2dc,True,,,1,0,105.597248,318.221318,6,2108,4,2080
20260726_formal4t4_reuse_intensive_Adaptive@N4_mu0_rep0,0,Adaptive@N4_mu0,Adaptive,82,reuse_intensive:rep0:req82,reuse_intensive,1,65,1,L0065,2048,0,0,False,1789899572.0829117,2048,2048,2048,1.3137612342834473,False,False,False,False,2048,0.0,1,1,2080.0,False,cache_reused,False,False,0,0.0,a949ab6393141a039fd664148eddee2dfa727a162a50706ca6893b155256208e,True,,,1,0,95.321515,282.042324,6,2108,4,2080
20260726_formal4t4_reuse_intensive_Adaptive@N4_mu0_rep0,0,Adaptive@N4_mu0,Adaptive,83,reuse_intensive:rep0:req83,reuse_intensive,1,69,1,L0069,2048,1,1,True,1789899572.0829563,2048,2048,2048,8.607401609420776,False,False,False,False,2048,38.96,1,1,2080.0,True,cache_reused,False,False,0,0.0,33ff57d0ebad6c00b84c36a300f89c8ed3205b368f13090c1905e5a092c761b0,True,,,1,0,499.824562,746.947076,6,2108,4,2080
20260726_formal4t4_reuse_intensive_Adaptive@N4_mu0_rep0,0,Adaptive@N4_mu0,Adaptive,84,reuse_intensive:rep0:req84,reuse_intensive,1,65,2,L0065,2048,0,0;2,False,1789899572.8330667,2048,2048,2048,0.7505185604095459,False,False,False,False,2048,0.0,2,2,2080.0,False,cache_reused,False,False,0,0.0,3be60212a46815f675f8606dc8d8f946f718c2f020a8861fdc85fb9a793f66d1,True,,,1,0,96.572354,283.413097,6,2108,4,2080
20260726_formal4t4_reuse_intensive_Adaptive@N4_mu0_rep0,0,Adaptive@N4_mu0,Adaptive,85,reuse_intensive:rep0:req85,reuse_intensive,1,106,0,L0106,1024,3,,False,1789899572.8331165,0,0,0,,False,False,False,False,0,0.0,0,0,32.0,False,cache_miss,False,False,0,0.0,2f74af83b34faba0926e8771715315be391fc7e6d6c0c5342c53a641ec3e8e0c,True,,,1,0,370.075614,490.658223,6,1084,4,32
20260726_formal4t4_reuse_intensive_Adaptive@N4_mu0_rep0,0,Adaptive@N4_mu0,Adaptive,86,reuse_intensive:rep0:req86,reuse_intensive,1,70,1,L0070,2048,1,1,True,1789899572.8331559,2048,2048,2048,3.711228847503662,False,False,False,False,2048,40.96,1,1,2080.0,True,cache_reused,False,False,0,0.0,ea8176ab535fac24afecb7f45e5b39a60eabfa53c1094dd2b1f90b8dafeac1f3,True,,,1,0,100.194952,296.652039,6,2108,4,2080
20260726_formal4t4_reuse_intensive_Adaptive@N4_mu0_rep0,0,Adaptive@N4_mu0,Adaptive,87,reuse_intensive:rep0:req87,reuse_intensive,1,70,2,L0070,2048,1,1,True,1789899572.8331985,2048,2048,2048,3.7112715244293213,False,False,False,False,2048,38.96,1,1,2080.0,True,cache_reused,False,False,0,0.0,07ab9043bc01ec8cc5d47d51c9a34488f6b2ac6d16aa339ebfa8bbc46b4a1b74,True,,,1,0,167.176198,357.176149,6,2108,4,2080
20260726_formal4t4_reuse_intensive_Adaptive@N4_mu0_rep0,0,Adaptive@N4_mu0,Adaptive,88,reuse_intensive:rep0:req88,reuse_intensive,1,64,1,L0064,2048,3,2;3,False,1789899573.3259485,2048,2048,2048,0.4936552047729492,False,False,False,False,2048,0.0,2,2,2080.0,False,cache_reused,False,False,0,0.0,bbcef94cff792fd0307b4824c26cef93a4b46b9d6acfa7016b6e13d7b6283dcc,True,,,1,0,105.106457,335.202251,6,2108,4,2080
20260726_formal4t4_reuse_intensive_Adaptive@N4_mu0_rep0,0,Adaptive@N4_mu0,Adaptive,89,reuse_intensive:rep0:req89,reuse_intensive,1,64,2,L0064,2048,2,2;3,True,1789899573.3260064,2048,2048,2048,2.5571014881134033,False,False,False,False,2048,40.96,2,2,2080.0,True,cache_reused,False,False,0,0.0,33538375951a9c7c27c07c267887a4d9eaa00b574e2315186d61c9924fbcd4f1,True,,,1,0,87.472054,248.724424,6,2108,4,2080
20260726_formal4t4_reuse_intensive_Adaptive@N4_mu0_rep0,0,Adaptive@N4_mu0,Adaptive,90,reuse_intensive:rep0:req90,reuse_intensive,1,118,0,L0118,2048,1,,False,1789899573.3260486,0,0,0,,False,False,False,False,0,0.0,0,0,16.0,False,cache_miss,False,False,0,0.0,e12b602dbb39a154f90d9d22b308a541c41454808aa6bc7e0ac4206385f1136a,True,,,1,0,1262.032389,1468.695667,6,2108,4,16
20260726_formal4t4_reuse_intensive_Adaptive@N4_mu0_rep0,0,Adaptive@N4_mu0,Adaptive,91,reuse_intensive:rep0:req91,reuse_intensive,1,64,0,L0064,2048,3,2;3,True,1789899573.3260825,2048,2048,2048,0.4937891960144043,False,False,False,False,2048,38.96,2,2,2080.0,True,cache_reused,False,False,0,0.0,c1762b7f3904a648a1fbc475408f646561686f817075124b6ff6522e7171966d,True,,,1,0,181.607483,404.014856,6,2108,4,2080
20260726_formal4t4_reuse_intensive_Adaptive@N4_mu0_rep0,0,Adaptive@N4_mu0,Adaptive,92,reuse_intensive:rep0:req92,reuse_intensive,1,65,0,L0065,2048,2,0;2,False,1789899574.880963,2048,2048,2048,2.7989068031311035,False,False,False,False,2048,0.0,2,2,2080.0,False,cache_reused,False,False,0,0.0,6ce5c46681495663a1c97a9898608b038e0d804c5805a3bc0daab21eaf12a64c,True,,,1,0,93.394926,276.691602,6,2108,4,2080
20260726_formal4t4_reuse_intensive_Adaptive@N4_mu0_rep0,0,Adaptive@N4_mu0,Adaptive,93,reuse_intensive:rep0:req93,reuse_intensive,1,109,0,L0109,1024,1,,False,1789899574.880991,0,0,0,,False,False,False,False,0,0.0,0,0,32.0,False,cache_miss,False,False,0,0.0,0f2f652bfcf40b9728ddf7a6287a0bb4e9034fe13d2c9260b128d63ba1729f15,True,,,1,0,388.393469,530.132819,6,1084,4,32
20260726_formal4t4_reuse_intensive_Adaptive@N4_mu0_rep0,0,Adaptive@N4_mu0,Adaptive,94,reuse_intensive:rep0:req94,reuse_intensive,1,65,1,L0065,2048,0,0;2,True,1789899574.881013,2048,2048,2048,1.556065559387207,False,False,False,False,2048,40.96,2,2,2080.0,True,cache_reused,False,False,0,0.0,43cba548a390d942207599b4c300307f4c5326baef25661aedff65990af66eee,True,,,1,0,170.038362,409.439433,6,2108,4,2080
20260726_formal4t4_reuse_intensive_Adaptive@N4_mu0_rep0,0,Adaptive@N4_mu0,Adaptive,95,reuse_intensive:rep0:req95,reuse_intensive,1,82,0,L0082,4096,3,,False,1789899574.8810291,0,0,0,,False,False,False,False,0,0.0,0,0,32.0,False,cache_miss,False,False,0,0.0,89b2cc466a610581b632d4c9253fe635e6d5acfc6b1f78505fc1bf96a3971cf1,True,,,1,0,4277.295347,4632.756298,6,4156,4,32
20260726_formal4t4_reuse_intensive_Adaptive@N4_mu0_rep0,0,Adaptive@N4_mu0,Adaptive,96,reuse_intensive:rep0:req96,reuse_intensive,1,64,1,L0064,2048,3,2;3,True,1789899579.516364,2048,2048,2048,4.719098329544067,False,False,False,False,2048,40.96,2,2,2080.0,True,cache_reused,False,False,0,0.0,fc05ee92f45136abb890aee6491e29419f13a008bfacc9ec75331524f54f6068,True,,,1,0,104.013061,317.679469,6,2108,4,2080
20260726_formal4t4_reuse_intensive_Adaptive@N4_mu0_rep0,0,Adaptive@N4_mu0,Adaptive,97,reuse_intensive:rep0:req97,reuse_intensive,1,65,2,L0065,2048,2,0;2,True,1789899579.516417,2048,2048,2048,7.43436074256897,False,False,False,False,2048,40.96,2,2,2080.0,True,cache_reused,False,False,0,0.0,eb4c4c09ecd77e1ce7b1d047b35d5829c0d83384467df06b837f64405f9d2a29,True,,,1,0,165.586116,431.347617,6,2108,4,2080
20260726_formal4t4_reuse_intensive_Adaptive@N4_mu0_rep0,0,Adaptive@N4_mu0,Adaptive,98,reuse_intensive:rep0:req98,reuse_intensive,1,65,0,L0065,2048,0,0;2,False,1789899579.5164545,2048,2048,2048,6.19150710105896,False,False,False,False,2048,0.0,2,2,2080.0,False,cache_reused,False,False,0,0.0,aef7f8b14c12e95a13bc1aa9ba418346d84c254681a8229e7e853401af5e6545,True,,,1,0,173.099484,421.792247,6,2108,4,2080
20260726_formal4t4_reuse_intensive_Adaptive@N4_mu0_rep0,0,Adaptive@N4_mu0,Adaptive,99,reuse_intensive:rep0:req99,reuse_intensive,1,78,0,L0078,2048,1,,False,1789899579.5164802,0,0,0,,False,False,False,False,0,0.0,0,0,32.0,False,cache_miss,False,False,0,0.0,518d637ed452f452aa6fda5f9d8009fa9fd35718fc74a6d15b4307b9e3e83258,True,,,1,0,1082.388005,1258.52199,6,2108,4,32
20260726_formal4t4_reuse_intensive_Adaptive@N4_mu0_rep0,0,Adaptive@N4_mu0,Adaptive,100,reuse_intensive:rep0:req100,reuse_intensive,1,71,0,L0071,2048,3,,False,1789899580.778191,0,0,0,,False,False,False,False,0,0.0,0,0,32.0,False,cache_miss,False,False,0,0.0,3c80ef946607475dfd7a8c0f281e230aab4b902548274be8a5513662e8022878,True,,,1,0,1251.389417,1449.848184,6,2109,4,32
20260726_formal4t4_reuse_intensive_Adaptive@N4_mu0_rep0,0,Adaptive@N4_mu0,Adaptive,101,reuse_intensive:rep0:req101,reuse_intensive,1,105,0,L0105,4096,1,,False,1789899580.7782304,0,0,0,,False,False,False,False,0,0.0,0,0,32.0,False,cache_miss,False,False,0,0.0,fb958c90ca342febbdf4170a631d01add59d9f55bd65b747765eebfc1e0c9446,True,,,1,0,3736.040717,4037.254368,6,4157,4,32
20260726_formal4t4_reuse_intensive_Adaptive@N4_mu0_rep0,0,Adaptive@N4_mu0,Adaptive,102,reuse_intensive:rep0:req102,reuse_intensive,1,64,2,L0064,2048,2,2;3,False,1789899580.7782745,2048,2048,2048,5.981512784957886,False,False,False,False,2048,0.0,2,2,2080.0,False,cache_reused,False,False,0,0.0,7dcae9547739c4918926fd76333d97b72ff5ee8d0de11a7d4e88a5c819d3821f,True,,,1,0,87.83205,261.268437,6,2109,4,2080
20260726_formal4t4_reuse_intensive_Adaptive@N4_mu0_rep0,0,Adaptive@N4_mu0,Adaptive,103,reuse_intensive:rep0:req103,reuse_intensive,1,64,0,L0064,2048,2,2;3,True,1789899580.778316,2048,2048,2048,5.981554269790649,False,False,False,False,2048,38.96,2,2,2080.0,True,cache_reused,False,False,0,0.0,965995439bed725f6aade7dc8a681c7d003d74d9791062d805c32eeb8c14d809,True,,,1,0,147.064782,314.956373,6,2109,4,2080
20260726_formal4t4_reuse_intensive_Adaptive@N4_mu0_rep0,0,Adaptive@N4_mu0,Adaptive,104,reuse_intensive:rep0:req104,reuse_intensive,1,76,0,L0076,4096,1,,False,1789899584.8177605,0,0,0,,False,False,False,False,0,0.0,0,0,32.0,False,cache_miss,False,False,0,0.0,b1b36eaa3d1792753f3fbade984dc340cd93c6dee4d48e7ab0ea17294aa005d2,True,,,1,0,3940.677143,4266.219811,6,4157,4,32
20260726_formal4t4_reuse_intensive_Adaptive@N4_mu0_rep0,0,Adaptive@N4_mu0,Adaptive,105,reuse_intensive:rep0:req105,reuse_intensive,1,64,1,L0064,2048,2,2;3,False,1789899584.8178163,2048,2048,2048,10.02105450630188,False,False,False,False,2048,0.0,2,2,2080.0,False,cache_reused,False,False,0,0.0,fca8524adfefc595557f147cbafe3569e542e59293bf7d21c2b89fd15085ac25,True,,,1,0,149.061313,373.679443,6,2109,4,2080
20260726_formal4t4_reuse_intensive_Adaptive@N4_mu0_rep0,0,Adaptive@N4_mu0,Adaptive,106,reuse_intensive:rep0:req106,reuse_intensive,1,89,0,L0089,2048,0,,False,1789899584.8178499,0,0,0,,False,False,False,False,0,0.0,0,0,32.0,False,cache_miss,False,False,0,0.0,aa4a2a45453a251a07b8687384a41b6314dcf8dc84ff396b9de148f1dcde0c84,True,,,1,0,1396.057475,1622.320939,6,2109,4,32
20260726_formal4t4_reuse_intensive_Adaptive@N4_mu0_rep0,0,Adaptive@N4_mu0,Adaptive,107,reuse_intensive:rep0:req107,reuse_intensive,1,77,0,L0077,1024,3,,False,1789899584.8178732,0,0,0,,False,False,False,False,0,0.0,0,0,32.0,False,cache_miss,False,False,0,0.0,4ef8630d5780506782e3a258aaf096d2e0b5360ec1c839afee257382894be6a9,True,,,1,0,486.118937,624.548131,6,1085,4,32
20260726_formal4t4_reuse_intensive_Adaptive@N4_mu0_rep0,0,Adaptive@N4_mu0,Adaptive,108,reuse_intensive:rep0:req108,reuse_intensive,1,66,2,L0066,2048,3,1;3,True,1789899589.085482,2048,2048,2048,18.316880226135254,False,False,False,False,2048,40.96,2,2,2080.0,True,cache_reused,False,False,0,0.0,9e8391539e31a515c67e8054765ceed2a0831960bf3bb245d408e12c6420557c,True,,,1,0,177.560408,455.890913,6,2109,4,2080
20260726_formal4t4_reuse_intensive_Adaptive@N4_mu0_rep0,0,Adaptive@N4_mu0,Adaptive,109,reuse_intensive:rep0:req109,reuse_intensive,1,72,0,L0072,1024,1,,False,1789899589.0855246,0,0,0,,False,False,False,False,0,0.0,0,0,32.0,False,cache_miss,False,False,0,0.0,2a65131d5e37675b12182295b68b411282a59bf37bed17131d4163e638a98ac9,True,,,1,0,467.512323,782.279691,6,1085,4,32
20260726_formal4t4_reuse_intensive_Adaptive@N4_mu0_rep0,0,Adaptive@N4_mu0,Adaptive,110,reuse_intensive:rep0:req110,reuse_intensive,1,65,1,L0065,2048,2,0;2,False,1789899589.0855644,2048,2048,2048,8.308066844940186,False,False,False,False,2048,0.0,2,2,2080.0,False,cache_reused,False,False,0,0.0,f1b94d16788681725104b73a1091be808fc1bf396e6cb787db7db529b3938550,True,,,1,0,174.93991,418.84233,6,2109,4,2080
20260726_formal4t4_reuse_intensive_Adaptive@N4_mu0_rep0,0,Adaptive@N4_mu0,Adaptive,111,reuse_intensive:rep0:req111,reuse_intensive,1,66,0,L0066,2048,1,1;3,True,1789899589.0856009,2048,2048,2048,18.316176176071167,False,False,False,False,2048,38.96,2,2,2080.0,True,cache_reused,False,False,0,0.0,1c731c5c2f2bdaaca70f8e58d628532db0991ce301f02aa0f5d386e10535edcf,True,,,1,0,578.840154,857.035018,6,2109,4,2080
20260726_formal4t4_reuse_intensive_Adaptive@N4_mu0_rep0,0,Adaptive@N4_mu0,Adaptive,112,reuse_intensive:rep0:req112,reuse_intensive,1,82,1,L0082,4096,3,3,True,1789899589.9456077,4096,4096,4096,10.429655313491821,False,False,False,False,4096,81.92,1,1,4128.0,True,cache_reused,False,False,0,0.0,9e0c7511e496aef4dead7bf026980c86986b45ba9740193a5e961f47c5026135,True,,,1,0,169.534102,706.643138,6,4157,4,4128
20260726_formal4t4_reuse_intensive_Adaptive@N4_mu0_rep0,0,Adaptive@N4_mu0,Adaptive,113,reuse_intensive:rep0:req113,reuse_intensive,1,64,2,L0064,2048,2,2;3,False,1789899589.9456608,2048,2048,2048,0.8608319759368896,False,False,False,False,2048,0.0,2,2,2080.0,False,cache_reused,False,False,0,0.0,1e45ef63576b787eb1ba9de1d28961a0582892d71d3688b80d264d88383774ad,True,,,1,0,87.735629,253.95951,6,2109,4,2080
20260726_formal4t4_reuse_intensive_Adaptive@N4_mu0_rep0,0,Adaptive@N4_mu0,Adaptive,114,reuse_intensive:rep0:req114,reuse_intensive,1,113,0,L0113,4096,1,,False,1789899589.945693,0,0,0,,False,False,False,False,0,0.0,0,0,32.0,False,cache_miss,False,False,0,0.0,c675d08bece628aea5f4686a0f59ac9b3b428bb1201ceb7a8bdf1d22f55f3a0b,True,,,1,0,3441.090404,3745.593701,6,4157,4,32
20260726_formal4t4_reuse_intensive_Adaptive@N4_mu0_rep0,0,Adaptive@N4_mu0,Adaptive,115,reuse_intensive:rep0:req115,reuse_intensive,1,64,0,L0064,2048,3,2;3,True,1789899589.9457266,2048,2048,2048,9.168538570404053,False,False,False,False,2048,38.96,2,2,2080.0,True,cache_reused,False,False,0,0.0,ae89b84ddc975ec6d46c78b021eb9ac82828ae834e731a1adc1b8b367d7820b5,True,,,1,0,347.667152,776.546722,6,2109,4,2080
20260726_formal4t4_reuse_intensive_Adaptive@N4_mu0_rep0,0,Adaptive@N4_mu0,Adaptive,116,reuse_intensive:rep0:req116,reuse_intensive,1,111,0,L0111,4096,0,,False,1789899593.6944208,0,0,0,,False,False,False,False,0,0.0,0,0,32.0,False,cache_miss,False,False,0,0.0,bdd80f9c8717e98a55c1011ee206f91c69d80e05d52d4de4fdea0e0d099e619f,True,,,1,0,3842.660842,4165.571674,6,4157,4,32
20260726_formal4t4_reuse_intensive_Adaptive@N4_mu0_rep0,0,Adaptive@N4_mu0,Adaptive,117,reuse_intensive:rep0:req117,reuse_intensive,1,66,1,L0066,2048,3,1;3,False,1789899593.6944764,2048,2048,2048,3.749821424484253,False,False,False,False,2048,0.0,2,2,2080.0,False,cache_reused,False,False,0,0.0,de1ae1a20f6ece63ac8be18d0bc5a852d13540b75c4d7d38abc11bb58fbff045,True,,,1,0,174.623868,450.63776,6,2109,4,2080
20260726_formal4t4_reuse_intensive_Adaptive@N4_mu0_rep0,0,Adaptive@N4_mu0,Adaptive,118,reuse_intensive:rep0:req118,reuse_intensive,1,64,1,L0064,2048,2,2;3,False,1789899593.6945176,2048,2048,2048,4.609688758850098,False,False,False,False,2048,0.0,2,2,2080.0,False,cache_reused,False,False,0,0.0,ee800908047c728205d8dc660a822c11b3f5ce1fa10a7e02752c2994ce0fa8f5,True,,,1,0,149.895559,368.115587,6,2109,4,2080
20260726_formal4t4_reuse_intensive_Adaptive@N4_mu0_rep0,0,Adaptive@N4_mu0,Adaptive,119,reuse_intensive:rep0:req119,reuse_intensive,1,66,2,L0066,2048,1,1;3,False,1789899593.6945498,2048,2048,2048,3.749190092086792,False,False,False,False,2048,0.0,2,2,2080.0,False,cache_reused,False,False,0,0.0,915221d723eab371ed102667c4ab1c30d9d4a24bd66021f289a56a56a5fb6230,True,,,1,0,107.502357,332.430037,6,2109,4,2080
