{
  "cell_id": "stress_n4_f50_vsketch_r2",
  "n": 4,
  "f_hz": 50,
  "view": "sketch",
  "rep": 2,
  "duration_s": 60,
  "n_updates": 3000,
  "target_f": 50,
  "achieved_f": 49.99999006589451,
  "size_p95": 390,
  "size_avg": 389.69641666666666,
  "target_traffic_MBps": 0.07793928333333333,
  "achieved_traffic_MBps": 0.07793926784819208,
  "ser_us_p95": 3.101,
  "deser_us_p95": 7.276,
  "merge_us_p95": 0.286,
  "total_us_p95": 11.51,
  "missed_deadline_rate": 1.9868210987539214e-07,
  "sustainable": true
}