{
  "cell_id": "coarse_prefix_locality_sketch_f10_r1",
  "policy": "coarse",
  "workload": "prefix_locality",
  "view": "sketch",
  "freq_hz": 10,
  "rep": 1,
  "ctx_tokens": 1024,
  "tool_delay_ms": 200,
  "n_workflows": 30,
  "n_steps": 8,
  "concurrent": 4,
  "duration_s": 120,
  "n_state_updates": 1156,
  "state_size_avg": 358.486817700053,
  "state_size_p95": 366,
  "state_size_max": 370,
  "state_traffic_Bps": 28678.94541600424,
  "dispatch_decision_p50": 54.152,
  "dispatch_decision_p95": 71.917,
  "dispatch_decision_p99": 88.559,
  "dispatch_decision_p99_mean": 53.273408333333336,
  "ttft_p50": 105.556361,
  "ttft_p95": 244.885479,
  "ttft_p99": 314.055234,
  "request_latency_p95": 0,
  "workflow_completion_p50": 20386.088829,
  "workflow_completion_p95": 23837.986828,
  "workflow_completion_p99": 23899.156497,
  "cache_hits_delta": 211472.0,
  "cache_queries_delta": 216373.0,
  "cache_hit_rate": 0.9773492995891354,
  "same_instance_step_ratio": 0.3055555555555556,
  "n_total_requests": 240,
  "n_failed_requests": 0,
  "load_stdev": 0.8698856882984872
}