{
  "cell_id": "round-robin_agentic_none_f10_r2",
  "policy": "round-robin",
  "workload": "agentic",
  "view": "none",
  "freq_hz": 10,
  "rep": 2,
  "ctx_tokens": 512,
  "tool_delay_ms": 200,
  "n_workflows": 8,
  "n_steps": 8,
  "concurrent": 4,
  "duration_s": 75,
  "n_state_updates": 172,
  "state_size_avg": 341.09156976744185,
  "state_size_p95": 365,
  "state_size_max": 365,
  "state_traffic_Bps": 27287.325581395347,
  "dispatch_decision_p50": 49.247,
  "dispatch_decision_p95": 66.756,
  "dispatch_decision_p99": 80.048,
  "dispatch_decision_p99_mean": 51.646921875000004,
  "ttft_p50": 83.797694,
  "ttft_p95": 212.177748,
  "ttft_p99": 267.803795,
  "request_latency_p95": 0,
  "workflow_completion_p50": 11294.725861,
  "workflow_completion_p95": 13371.067396,
  "workflow_completion_p99": 13371.067396,
  "cache_hits_delta": 1840.0,
  "cache_queries_delta": 8574.0,
  "cache_hit_rate": 0.21460228598087241,
  "same_instance_step_ratio": 0.1875,
  "n_total_requests": 64,
  "n_failed_requests": 0,
  "load_stdev": 0.4916791840729873
}