{
  "cell_id": "rich_f10_imbal_w10_s10_c4",
  "policy": "rich",
  "imbalanced": true,
  "freq_hz": 10.0,
  "n_workflows": 10,
  "n_steps": 10,
  "concurrent": 4,
  "duration_s": 90.0,
  "n_state_updates": 617,
  "ttft_p50": 134.566866,
  "ttft_p95": 382.990052,
  "ttft_p99": 447.044442,
  "tpot_p50": 72.38473415625,
  "tpot_p95": 96.22224411111111,
  "tpot_p99": 111.509366,
  "cache_hit_rate": 0.8949577429352363,
  "load_stdev": 0.8455174784845267,
  "sla_success_rate": 1.0,
  "workflow_completion_p50": 20667.376425,
  "workflow_completion_p95": 25301.155376,
  "workflow_completion_p99": 25301.155376,
  "n_workflows_succeeded": 10,
  "n_total_steps": 100,
  "n_failed_steps": 0,
  "failure_rate": 0.0,
  "state_size_avg": 1424.2475688816855,
  "state_size_p95": 2494,
  "state_traffic_Bps": 56969.90275526742,
  "dispatch_decision_p50": 63.731,
  "dispatch_decision_p95": 90.347,
  "dispatch_decision_p99": 102.20100000000001
}