{
  "cell_id": "rich_rich_prefix_locality_ctx1024_s8_w12_c4_td200_f10_r5",
  "policy": "rich",
  "view": "rich",
  "workload": "prefix_locality",
  "ctx_tokens": 1024,
  "n_steps": 8,
  "n_workflows": 12,
  "concurrent": 4,
  "duration_s": 120,
  "rep": 5,
  "freq_hz": 10,
  "tool_delay_ms": 200,
  "n_state_updates": 491,
  "ttft_p50": 176.605673,
  "ttft_p95": 408.285578,
  "ttft_p99": 453.615109,
  "tpot_p50": 95.76333804166667,
  "tpot_p95": 155.05084645833333,
  "workflow_completion_p50": 21048.540211,
  "workflow_completion_p95": 24669.410735,
  "workflow_completion_p99": 24779.233408,
  "cache_hit_rate": 0.963470535418931,
  "cache_hits_delta": 81552.0,
  "cache_queries_delta": 84644.0,
  "n_total_steps": 84,
  "cross_instance_switches": 84,
  "same_instance_step_ratio": 0.0,
  "n_total_workflows": 12,
  "n_successful_workflows": 12,
  "n_failed_requests": 0,
  "load_stdev": 0.9642069726260232,
  "state_size_avg": 2346.8548879837067,
  "state_size_p95": 4946,
  "state_size_max": 5515,
  "state_traffic_Bps": 187748.39103869654,
  "dispatch_decision_p50": 83.392,
  "dispatch_decision_p95": 112.779,
  "dispatch_decision_p99": 164.713
}