{
  "cell_id": "n256_f10_vsketch_r1",
  "n": 256,
  "f_hz": 10,
  "view": "sketch",
  "rep": 1,
  "duration_s": 20.0,
  "actual_elapsed_s": 20.103222846984863,
  "n_state_updates": 51200,
  "n_dispatch_queries": 1883,
  "n_deadline_missed": 0,
  "size": {
    "avg": 1106.54552734375,
    "p50": 1107,
    "p95": 1117,
    "p99": 1121,
    "min": 1079,
    "max": 1132
  },
  "build_us_p95": 302.417,
  "ser_us_p95": 7.878,
  "deser_us_p95": 17.658,
  "merge_us_p95": 2.343,
  "total_us_p95": 332.188,
  "dispatch_latency_us_p50": 237.129,
  "dispatch_latency_us_p95": 382.478,
  "dispatch_latency_us_p99": 414.725
}