{
  "cell_id": "n64_f10_vsketch_r1",
  "n": 64,
  "f_hz": 10,
  "view": "sketch",
  "rep": 1,
  "duration_s": 20.0,
  "actual_elapsed_s": 20.022337198257446,
  "n_state_updates": 12800,
  "n_dispatch_queries": 3636,
  "n_deadline_missed": 0,
  "size": {
    "avg": 567.436875,
    "p50": 568,
    "p95": 573,
    "p99": 575,
    "min": 553,
    "max": 580
  },
  "build_us_p95": 111.688,
  "ser_us_p95": 5.409,
  "deser_us_p95": 11.436,
  "merge_us_p95": 2.083,
  "total_us_p95": 130.207,
  "dispatch_latency_us_p50": 87.255,
  "dispatch_latency_us_p95": 101.742,
  "dispatch_latency_us_p99": 106.246
}