{
  "cell_id": "round-robin_f5_none_r1_w12_s10_c4",
  "policy": "round-robin",
  "rep": 1,
  "noise_targets": null,
  "noise_rps": 2.0,
  "freq_hz": 5.0,
  "n_workflows": 12,
  "n_steps": 10,
  "concurrent": 4,
  "duration_s": 75.0,
  "n_state_updates": 395,
  "ttft_p50": 117.620984,
  "ttft_p95": 8185.816942,
  "ttft_p99": 13296.212309,
  "tpot_p50": 48.76425721875,
  "tpot_p95": 64.45583091666667,
  "tpot_p99": 700.8818834444444,
  "cache_hit_rate": 0.8141914191419142,
  "cache_hits_delta": 78944.0,
  "cache_queries_delta": 96960.0,
  "load_stdev": 0.4963062179457961,
  "sla_success_rate": 0.9,
  "workflow_completion_p50": 16540.48709,
  "workflow_completion_p95": 48966.178475,
  "workflow_completion_p99": 49150.024342,
  "n_total_steps": 120,
  "n_failed_steps": 0,
  "failure_rate": 0.0,
  "state_size_avg": 337.9341772151899,
  "state_size_p95": 363,
  "state_traffic_Bps": 13517.367088607596,
  "dispatch_decision_p50": 55.787,
  "dispatch_decision_p95": 75.302,
  "dispatch_decision_p99": 89.071,
  "ttft_raw": [
    13014.422442,
    13332.163115,
    13296.212309,
    13085.101462,
    3276.817608,
    3341.168638,
    7679.616771,
    7652.165376,
    9022.600216,
    8185.816942,
    4385.611299,
    1469.179654,
    1662.844014,
    1442.864949,
    8600.108954,
    96.520043,
    1429.426924,
    118.642365,
    107.879056,
    73.92066,
    58.124335,
    139.856507,
    215.721355,
    106.554417,
    63.371955,
    232.081844,
    206.807427,
    1460.273321,
    158.252987,
    1571.801974,
    62.436983,
    143.35884,
    141.682153,
    1554.397659,
    68.330589,
    72.793899,
    137.181143,
    68.119025,
    69.238975,
    68.988171,
    125.573532,
    59.058476,
    179.963952,
    60.475145,
    1650.673432,
    70.596144,
    120.395421,
    70.247968,
    70.403031,
    63.756482,
    59.181321,
    94.116634,
    132.557073,
    67.058909,
    187.305973,
    1451.054607,
    143.213898,
    1525.020777,
    100.344153,
    197.23923,
    68.266341,
    54.000746,
    106.585172,
    63.383149,
    106.188424,
    130.11115,
    71.445218,
    113.68069,
    84.016353,
    116.702153,
    177.223447,
    103.860355,
    63.694608,
    115.817971,
    59.995707,
    197.075081,
    114.155064,
    78.906428,
    81.861868,
    128.942208,
    117.620984,
    68.805413,
    125.766287,
    182.96788,
    175.835363,
    119.196631,
    90.96153,
    109.09772,
    71.478504,
    82.268133,
    760.805566,
    69.769634,
    100.156139,
    1487.066942,
    119.983062,
    65.110141,
    163.946117,
    60.244951,
    70.897661,
    110.077519,
    129.989071,
    63.528997,
    79.569282,
    114.874883,
    105.604913,
    182.814313,
    106.896333,
    127.17076,
    93.205631,
    149.691902,
    62.762873,
    101.556817,
    107.679886,
    119.841126,
    167.162675,
    68.790419,
    117.665038,
    119.983861,
    146.857737,
    89.808986
  ],
  "decision_raw": [
    107.202,
    66.31599999999999,
    66.565,
    73.87599999999999,
    62.214,
    77.298,
    28.311,
    68.935,
    83.865,
    86.262,
    54.917,
    69.83800000000001,
    55.96,
    75.302,
    51.698,
    54.583999999999996,
    55.921,
    66.916,
    63.678999999999995,
    66.037,
    53.900999999999996,
    54.547,
    56.879999999999995,
    67.414,
    57.908,
    60.951,
    59.475,
    54.85,
    65.316,
    81.765,
    63.501,
    57.297,
    54.196,
    51.211,
    60.46,
    34.235,
    55.491,
    25.602999999999998,
    57.272999999999996,
    54.556,
    55.797000000000004,
    32.989,
    53.741,
    55.787,
    62.49699999999999,
    58.464999999999996,
    62.047,
    69.01899999999999,
    35.934,
    63.143,
    59.978,
    57.976,
    63.678,
    59.556,
    28.272,
    54.365,
    52.971,
    55.671,
    54.804,
    66.328,
    38.355000000000004,
    54.925,
    60.381,
    59.571999999999996,
    74.892,
    89.071,
    54.085,
    54.25,
    57.769000000000005,
    59.561,
    54.421,
    54.435,
    47.885,
    53.784,
    53.969,
    52.330999999999996,
    55.412,
    51.144,
    53.056000000000004,
    44.937,
    52.931,
    51.875,
    52.512,
    49.230000000000004,
    53.481,
    61.597,
    53.223,
    55.211,
    59.5,
    51.776,
    58.699999999999996,
    63.346,
    68.381,
    23.385,
    54.247,
    53.288000000000004,
    64.824,
    54.376999999999995,
    52.156,
    54.877,
    65.102,
    63.741,
    73.491,
    55.260000000000005,
    62.765,
    55.266000000000005,
    60.995000000000005,
    64.711,
    53.588,
    54.291,
    70.992,
    53.086,
    50.191,
    54.150999999999996,
    53.257000000000005,
    54.396,
    57.166000000000004,
    60.778,
    54.657999999999994,
    51.49
  ]
}