{
  "cell_id": "sketch_f5_['instance_0', 'instance_1', 'instance_2', 'instance_3', 'instance_4', 'instance_5']_r2_w12_s10_c4",
  "policy": "sketch",
  "rep": 2,
  "noise_targets": [
    "instance_0",
    "instance_1",
    "instance_2",
    "instance_3",
    "instance_4",
    "instance_5"
  ],
  "noise_rps": 2.0,
  "freq_hz": 5.0,
  "n_workflows": 12,
  "n_steps": 10,
  "concurrent": 4,
  "duration_s": 75.0,
  "n_state_updates": 236,
  "ttft_p50": 83.098865,
  "ttft_p95": 240.582057,
  "ttft_p99": 269.195089,
  "tpot_p50": 49.34976103125,
  "tpot_p95": 68.85607855172414,
  "tpot_p99": 71.15834746875,
  "cache_hit_rate": 0.9001520527116067,
  "cache_hits_delta": 101232.0,
  "cache_queries_delta": 112461.0,
  "load_stdev": 0.842927135723931,
  "sla_success_rate": 1.0,
  "workflow_completion_p50": 15803.682992,
  "workflow_completion_p95": 16832.958969,
  "workflow_completion_p99": 17207.7854,
  "n_total_steps": 120,
  "n_failed_steps": 0,
  "failure_rate": 0.0,
  "state_size_avg": 357.15572033898303,
  "state_size_p95": 360,
  "state_traffic_Bps": 14286.22881355932,
  "dispatch_decision_p50": 79.052,
  "dispatch_decision_p95": 118.193,
  "dispatch_decision_p99": 144.65699999999998,
  "ttft_raw": [
    64.76031,
    113.425165,
    114.150703,
    113.856087,
    46.823768,
    144.057344,
    142.823855,
    143.526694,
    76.372278,
    44.195997,
    83.409758,
    269.195089,
    268.719252,
    91.447047,
    43.600692,
    244.473965,
    244.934773,
    49.021626,
    72.019082,
    84.417651,
    92.946541,
    84.855085,
    280.83117,
    236.249555,
    44.810328,
    63.224054,
    172.152998,
    201.906464,
    112.818565,
    60.464916,
    73.579669,
    56.473498,
    72.252872,
    50.780022,
    99.299559,
    57.701516,
    68.253574,
    75.155584,
    83.098865,
    210.381584,
    45.783,
    67.251214,
    186.365797,
    178.915295,
    46.259614,
    46.04528,
    44.67091,
    45.954503,
    83.654956,
    153.186354,
    94.472685,
    84.956671,
    97.600029,
    86.389894,
    78.415494,
    103.320389,
    67.957915,
    126.115061,
    82.257149,
    44.441049,
    82.608983,
    80.727986,
    141.883663,
    49.278608,
    75.179392,
    85.976799,
    229.761404,
    80.187392,
    76.239248,
    42.552099,
    88.172995,
    189.707531,
    49.310595,
    168.774744,
    84.2071,
    48.272961,
    62.732157,
    78.871669,
    104.504163,
    92.565783,
    62.627383,
    186.064113,
    166.186871,
    258.114518,
    184.844713,
    88.035273,
    74.693237,
    127.865089,
    193.795851,
    90.74207,
    90.463144,
    49.080474,
    240.582057,
    205.075622,
    80.016226,
    53.604746,
    78.765635,
    91.952804,
    61.656507,
    84.537446,
    46.046149,
    46.517732,
    79.237239,
    150.708817,
    51.970055,
    79.837729,
    155.736935,
    71.82982,
    54.106901,
    79.455848,
    59.669468,
    79.367057,
    96.195284,
    61.259419,
    85.679009,
    47.678237,
    46.933903,
    106.394796,
    47.935151,
    49.417475
  ],
  "decision_raw": [
    112.616,
    71.901,
    76.45,
    72.626,
    76.647,
    70.527,
    71.43900000000001,
    61.916,
    78.741,
    144.65699999999998,
    78.48599999999999,
    64.267,
    56.339,
    137.91899999999998,
    80.41499999999999,
    100.321,
    113.749,
    77.752,
    97.74,
    70.917,
    80.98100000000001,
    80.777,
    73.396,
    72.932,
    78.833,
    80.362,
    66.022,
    59.021,
    77.173,
    75.962,
    79.052,
    78.91,
    78.59700000000001,
    68.131,
    63.661,
    79.916,
    66.61399999999999,
    73.60300000000001,
    72.551,
    76.601,
    79.006,
    105.541,
    70.361,
    75.69200000000001,
    113.31099999999999,
    77.435,
    82.35,
    80.121,
    115.081,
    149.73,
    78.471,
    74.996,
    106.43900000000001,
    115.402,
    78.92699999999999,
    83.255,
    79.524,
    75.768,
    116.70100000000001,
    76.564,
    105.666,
    77.81200000000001,
    77.452,
    79.55799999999999,
    75.611,
    95.94600000000001,
    114.431,
    117.602,
    79.212,
    121.087,
    79.546,
    64.554,
    110.901,
    78.21499999999999,
    113.10300000000001,
    78.91499999999999,
    75.80300000000001,
    78.438,
    86.388,
    76.885,
    83.289,
    106.612,
    77.965,
    77.282,
    73.89,
    81.70400000000001,
    80.967,
    59.556,
    78.738,
    78.527,
    118.193,
    81.737,
    92.875,
    77.152,
    79.671,
    114.886,
    79.205,
    119.747,
    81.02199999999999,
    80.357,
    80.892,
    81.414,
    90.681,
    76.754,
    79.43199999999999,
    93.122,
    76.354,
    78.48599999999999,
    88.12100000000001,
    89.42599999999999,
    88.256,
    80.611,
    116.107,
    34.538000000000004,
    48.657,
    44.289,
    119.221,
    102.497,
    76.651,
    81.239
  ]
}