{
  "cell_id": "sketch_f5_['instance_0', 'instance_1']_r3_w12_s10_c4",
  "policy": "sketch",
  "rep": 3,
  "noise_targets": [
    "instance_0",
    "instance_1"
  ],
  "noise_rps": 2.0,
  "freq_hz": 5.0,
  "n_workflows": 12,
  "n_steps": 10,
  "concurrent": 4,
  "duration_s": 75.0,
  "n_state_updates": 243,
  "ttft_p50": 81.648298,
  "ttft_p95": 170.400541,
  "ttft_p99": 258.249367,
  "tpot_p50": 52.83605253125,
  "tpot_p95": 73.478725625,
  "tpot_p99": 153.62021091666665,
  "cache_hit_rate": 0.9509472325949676,
  "cache_hits_delta": 97280.0,
  "cache_queries_delta": 102298.0,
  "load_stdev": 0.778362314550896,
  "sla_success_rate": 1.0,
  "workflow_completion_p50": 16006.847323,
  "workflow_completion_p95": 17654.389942,
  "workflow_completion_p99": 17732.279132,
  "n_total_steps": 120,
  "n_failed_steps": 0,
  "failure_rate": 0.0,
  "state_size_avg": 357.2026748971193,
  "state_size_p95": 360,
  "state_traffic_Bps": 14288.106995884773,
  "dispatch_decision_p50": 78.05499999999999,
  "dispatch_decision_p95": 115.512,
  "dispatch_decision_p99": 118.535,
  "ttft_raw": [
    57.033514,
    119.582019,
    49.112496,
    118.771974,
    120.069699,
    79.797707,
    169.026231,
    41.687218,
    82.518995,
    55.831906,
    94.150626,
    46.641517,
    78.512419,
    197.004313,
    1575.33605,
    130.819113,
    45.242093,
    71.862893,
    91.34287,
    103.882052,
    123.473768,
    81.11064,
    81.691882,
    82.763529,
    170.400541,
    45.145789,
    45.704617,
    74.618041,
    69.669134,
    76.1629,
    47.943568,
    52.517149,
    83.010563,
    132.841812,
    128.052013,
    80.566348,
    61.503731,
    76.472382,
    88.67878,
    47.492287,
    75.385408,
    74.76407,
    66.284691,
    200.889674,
    193.387148,
    47.121887,
    84.648865,
    53.169045,
    79.912264,
    79.495561,
    123.375815,
    66.836987,
    46.091763,
    84.789876,
    75.445275,
    78.316388,
    107.394489,
    52.116154,
    107.212547,
    79.030539,
    81.600609,
    46.446445,
    85.557507,
    84.427495,
    137.3838,
    81.147639,
    95.628209,
    91.041653,
    80.047538,
    81.986943,
    62.270889,
    87.022372,
    84.57272,
    96.406694,
    55.072934,
    82.204556,
    138.62373,
    79.569378,
    54.996748,
    47.550489,
    156.213861,
    81.648298,
    76.064031,
    84.687892,
    92.879913,
    108.746976,
    77.674094,
    46.722676,
    76.077923,
    114.011893,
    121.155144,
    168.820037,
    80.359222,
    90.662146,
    98.521204,
    51.846935,
    97.406731,
    82.6673,
    104.836132,
    86.103841,
    258.249367,
    91.052136,
    46.75171,
    77.579048,
    57.646061,
    194.904029,
    83.668811,
    82.89379,
    85.071005,
    82.633647,
    55.724237,
    125.481033,
    77.105272,
    68.00971,
    45.266427,
    48.2579,
    50.766,
    88.622798,
    47.241671,
    46.911525
  ],
  "decision_raw": [
    108.806,
    72.42299999999999,
    76.464,
    71.881,
    77.02600000000001,
    76.13000000000001,
    61.258,
    77.759,
    115.77900000000001,
    113.392,
    103.08500000000001,
    118.369,
    78.706,
    103.93,
    74.355,
    72.18299999999999,
    81.783,
    80.913,
    79.613,
    79.378,
    76.551,
    77.84100000000001,
    78.545,
    77.272,
    77.54899999999999,
    78.634,
    77.814,
    76.125,
    77.392,
    77.99600000000001,
    95.065,
    75.437,
    77.011,
    71.981,
    73.996,
    78.007,
    77.312,
    78.37599999999999,
    76.257,
    88.385,
    103.961,
    76.611,
    77.117,
    75.902,
    66.524,
    75.844,
    75.041,
    77.73700000000001,
    80.851,
    62.641,
    88.401,
    76.072,
    97.67099999999999,
    61.340999999999994,
    80.15599999999999,
    76.921,
    77.854,
    75.623,
    89.157,
    79.951,
    78.05499999999999,
    76.71199999999999,
    79.36,
    78.737,
    78.825,
    78.491,
    93.638,
    118.28999999999999,
    79.398,
    79.97500000000001,
    79.233,
    81.041,
    80.381,
    81.399,
    78.39200000000001,
    82.367,
    77.678,
    77.28,
    118.535,
    103.483,
    76.70599999999999,
    77.881,
    76.566,
    80.095,
    78.013,
    74.871,
    118.874,
    95.696,
    85.101,
    77.861,
    111.168,
    77.364,
    78.971,
    78.097,
    75.96900000000001,
    78.53699999999999,
    80.79799999999999,
    77.61,
    77.493,
    117.631,
    75.122,
    75.308,
    75.678,
    77.152,
    80.08000000000001,
    72.648,
    77.958,
    80.434,
    79.545,
    115.50800000000001,
    75.365,
    74.381,
    78.65,
    101.04599999999999,
    115.512,
    79.156,
    68.001,
    78.792,
    77.863,
    78.69699999999999
  ]
}