{
  "cell_id": "stress_n64_f50_vcoarse_r1",
  "n": 64,
  "f_hz": 50,
  "view": "coarse",
  "rep": 1,
  "duration_s": 60,
  "n_updates": 3000,
  "target_f": 50,
  "achieved_f": 49.99998867512006,
  "size_p95": 376,
  "size_avg": 373.768265625,
  "target_traffic_MBps": 1.1960584500000002,
  "achieved_traffic_MBps": 1.196058179095633,
  "ser_us_p95": 2.254,
  "deser_us_p95": 4.953,
  "merge_us_p95": 0.309,
  "total_us_p95": 9.939,
  "missed_deadline_rate": 2.2649759889858956e-07,
  "sustainable": true
}