{
  "cell_id": "oracle_oracle_prefix_locality_ctx1536_s8_w12_c4_td0_f10_r2",
  "policy": "oracle",
  "view": "oracle",
  "workload": "prefix_locality",
  "ctx_tokens": 1536,
  "n_steps": 8,
  "n_workflows": 12,
  "concurrent": 4,
  "duration_s": 120,
  "rep": 2,
  "freq_hz": 10,
  "tool_delay_ms": 0,
  "n_state_updates": 517,
  "ttft_p50": 202.287284,
  "ttft_p95": 495.101263,
  "ttft_p99": 606.42279,
  "tpot_p50": 121.201279375,
  "tpot_p95": 200.43817995833334,
  "workflow_completion_p50": 28124.020039,
  "workflow_completion_p95": 34223.561466,
  "workflow_completion_p99": 35319.36236,
  "cache_hit_rate": 0.9597925198821434,
  "cache_hits_delta": 116944.0,
  "cache_queries_delta": 121843.0,
  "n_total_steps": 84,
  "cross_instance_switches": 6,
  "same_instance_step_ratio": 0.9285714285714286,
  "n_total_workflows": 12,
  "n_successful_workflows": 12,
  "n_failed_requests": 0,
  "load_stdev": 0.6541613500114749,
  "state_size_avg": 2396.4206963249517,
  "state_size_p95": 4025,
  "state_size_max": 4495,
  "state_traffic_Bps": 191713.65570599615,
  "dispatch_decision_p50": 55.645,
  "dispatch_decision_p95": 71.65,
  "dispatch_decision_p99": 82.022
}