{
  "cell_id": "rich_rich_prefix_locality_ctx1024_s8_w12_c4_td200_f10_r4",
  "policy": "rich",
  "view": "rich",
  "workload": "prefix_locality",
  "ctx_tokens": 1024,
  "n_steps": 8,
  "n_workflows": 12,
  "concurrent": 4,
  "duration_s": 120,
  "rep": 4,
  "freq_hz": 10,
  "tool_delay_ms": 200,
  "n_state_updates": 477,
  "ttft_p50": 173.31987,
  "ttft_p95": 561.222356,
  "ttft_p99": 608.72389,
  "tpot_p50": 94.9142626,
  "tpot_p95": 124.54627462500001,
  "workflow_completion_p50": 20776.073534,
  "workflow_completion_p95": 24586.923039,
  "workflow_completion_p99": 24588.206156,
  "cache_hit_rate": 0.9521887102452764,
  "cache_hits_delta": 81136.0,
  "cache_queries_delta": 85210.0,
  "n_total_steps": 84,
  "cross_instance_switches": 84,
  "same_instance_step_ratio": 0.0,
  "n_total_workflows": 12,
  "n_successful_workflows": 12,
  "n_failed_requests": 0,
  "load_stdev": 0.930842149438794,
  "state_size_avg": 2355.6745283018868,
  "state_size_p95": 4677,
  "state_size_max": 8133,
  "state_traffic_Bps": 188453.96226415093,
  "dispatch_decision_p50": 83.826,
  "dispatch_decision_p95": 104.877,
  "dispatch_decision_p99": 118.022
}