{
  "cell_id": "rich_rich_prefix_locality_ctx1024_s4_w12_c4_td200_f10_r1",
  "policy": "rich",
  "view": "rich",
  "workload": "prefix_locality",
  "ctx_tokens": 1024,
  "n_steps": 4,
  "n_workflows": 12,
  "concurrent": 4,
  "duration_s": 120,
  "rep": 1,
  "freq_hz": 10,
  "tool_delay_ms": 200,
  "n_state_updates": 242,
  "ttft_p50": 236.769512,
  "ttft_p95": 365.556274,
  "ttft_p99": 366.287246,
  "tpot_p50": 96.33203520833332,
  "tpot_p95": 122.346772875,
  "workflow_completion_p50": 11031.662285,
  "workflow_completion_p95": 11692.194799,
  "workflow_completion_p99": 11692.361193,
  "cache_hit_rate": 0.9350575663727275,
  "cache_hits_delta": 39552.0,
  "cache_queries_delta": 42299.0,
  "n_total_steps": 36,
  "cross_instance_switches": 36,
  "same_instance_step_ratio": 0.0,
  "n_total_workflows": 12,
  "n_successful_workflows": 12,
  "n_failed_requests": 0,
  "load_stdev": 1.1237442311363004,
  "state_size_avg": 2020.6342975206612,
  "state_size_p95": 4797,
  "state_size_max": 6769,
  "state_traffic_Bps": 161650.7438016529,
  "dispatch_decision_p50": 73.246,
  "dispatch_decision_p95": 95.564,
  "dispatch_decision_p99": 106.04
}