{
  "cell_id": "stress_n512_f10_vsketch_r2",
  "n": 512,
  "f_hz": 10,
  "view": "sketch",
  "rep": 2,
  "duration_s": 60,
  "n_updates": 600,
  "target_f": 10,
  "achieved_f": 9.99999670187741,
  "size_p95": 1408,
  "size_avg": 1407.4851497395832,
  "target_traffic_MBps": 7.206323966666666,
  "achieved_traffic_MBps": 7.2063215899326805,
  "ser_us_p95": 10.85,
  "deser_us_p95": 24.153,
  "merge_us_p95": 0.335,
  "total_us_p95": 37.61,
  "missed_deadline_rate": 3.2981225894790356e-07,
  "sustainable": true
}