{
  "cell_id": "n64_f1_vsketch_r1",
  "n": 64,
  "f_hz": 1,
  "view": "sketch",
  "rep": 1,
  "duration_s": 20.0,
  "actual_elapsed_s": 20.013088703155518,
  "n_state_updates": 1280,
  "n_dispatch_queries": 3838,
  "n_deadline_missed": 0,
  "size": {
    "avg": 567.415625,
    "p50": 568,
    "p95": 573,
    "p99": 575,
    "min": 556,
    "max": 578
  },
  "build_us_p95": 111.232,
  "ser_us_p95": 5.336,
  "deser_us_p95": 11.623,
  "merge_us_p95": 2.18,
  "total_us_p95": 129.492,
  "dispatch_latency_us_p50": 84.986,
  "dispatch_latency_us_p95": 96.148,
  "dispatch_latency_us_p99": 105.915
}