{
  "cell_id": "rich_rich_chatbot_ctx512_s1_w100_c16_td0_f10_r1_nolat",
  "policy": "rich",
  "view": "rich",
  "workload": "chatbot",
  "ctx_tokens": 512,
  "n_steps": 1,
  "n_workflows": 100,
  "concurrent": 16,
  "duration_s": 60,
  "rep": 1,
  "freq_hz": 10,
  "tool_delay_ms": 0,
  "n_state_updates": 129,
  "ttft_p50": 131.470558,
  "ttft_p95": 409.208004,
  "ttft_p99": 410.304201,
  "tpot_p50": 73.1538040625,
  "tpot_p95": 183.9443205,
  "workflow_completion_p50": 2388.478945,
  "workflow_completion_p95": 6251.523266,
  "workflow_completion_p99": 6251.848001,
  "cache_hit_rate": 0.8201453170100528,
  "cache_hits_delta": 8240.0,
  "cache_queries_delta": 10047.0,
  "n_total_steps": 0,
  "cross_instance_switches": 0,
  "same_instance_step_ratio": 1.0,
  "n_total_workflows": 100,
  "n_successful_workflows": 100,
  "n_failed_requests": 0,
  "load_stdev": 3.3643283701498667,
  "state_size_avg": 8529.53003875969,
  "state_size_p95": 21371,
  "state_size_max": 25269,
  "state_traffic_Bps": 682362.4031007753,
  "dispatch_decision_p50": 76.071,
  "dispatch_decision_p95": 96.756,
  "dispatch_decision_p99": 126.803
}