experiment_id,rep,cell_id,policy,request_id,trace_id,workload,phase,lineage_id,step,digest,reusable_prefix_tokens,selected_instance,advertised_owners,candidate_hit,dispatch_time_unix,source_truth_coverage_tokens,dispatcher_view_coverage_tokens,advertised_coverage_tokens,dispatch_state_age_s,dispatcher_view_missing,source_view_false_negative,source_view_false_positive,physical_false_positive_affinity,expected_coverage_tokens,expected_net_prefill_ms,raw_candidate_fanout,evaluated_candidate_fanout,actual_reusable_coverage_tokens,validation_attempt,validation_result,fallback,stale_fallback,forced_owner_resets_before_request,coverage_shortfall_tokens,prompt_sha256,ok,error,prior_attempt_errors,attempt_count,sse_parse_errors,ttft_ms,latency_ms,chunks,input_tokens,output_tokens,vllm_cached_tokens
20260726_formal4t4_reuse_intensive_Ideal_rep0,0,Ideal,Ideal,24,reuse_intensive:rep0:req24,reuse_intensive,0,0,2,L0000,8192,2,2,True,1789724902.5551965,8192,8192,8192,7.867813110351562e-05,False,False,False,False,8192,163.84,1,1,8224.0,True,cache_reused,False,False,0,0.0,a537e113d9e7fbef13fad5f463cac4d3556bb2273ff9bacfdd2bc9bd0e1ca33a,True,,,1,0,180.415671,520.756505,6,8252,4,8224
20260726_formal4t4_reuse_intensive_Ideal_rep0,0,Ideal,Ideal,25,reuse_intensive:rep0:req25,reuse_intensive,0,6,1,L0006,8192,0,0;1;2;3,False,1789724902.5552511,8192,8192,8192,86.92256093025208,False,False,False,False,8192,0.0,4,4,8224.0,False,cache_reused,False,False,0,0.0,878207121db3886cef83ae705a13562f0b670500c14dbaad0a7b1a609f03c5f0,True,,,1,0,182.171497,863.920052,6,8252,4,8224
20260726_formal4t4_reuse_intensive_Ideal_rep0,0,Ideal,Ideal,26,reuse_intensive:rep0:req26,reuse_intensive,0,3,0,L0003,8192,3,3,False,1789724902.5552874,8192,8192,8192,111.68206143379211,False,False,False,False,8192,0.0,1,1,8224.0,False,cache_reused,False,False,0,0.0,29fc0aa7d06467b43c160d2c6b99b1f909b2d305a8e9ca703ed9a607d770ac75,True,,,1,0,192.817371,532.717928,6,8252,4,8224
20260726_formal4t4_reuse_intensive_Ideal_rep0,0,Ideal,Ideal,27,reuse_intensive:rep0:req27,reuse_intensive,0,1,0,L0001,8192,0,0,True,1789724902.5553188,8192,8192,8192,0.00020766258239746094,False,False,False,False,8192,161.84,1,1,8224.0,True,cache_reused,False,False,0,0.0,5b428df70bba7b62870d36de26068b25d5e6ac26760abc10ba5628c23798e732,True,,,1,0,411.135222,977.466963,6,8252,4,8224
20260726_formal4t4_reuse_intensive_Ideal_rep0,0,Ideal,Ideal,28,reuse_intensive:rep0:req28,reuse_intensive,0,1,1,L0001,8192,0,0,True,1789724903.539192,8192,8192,8192,0.0006134510040283203,False,False,False,False,8192,163.84,1,1,8224.0,True,cache_reused,False,False,0,0.0,eb6a44fe8b905de300633bf70f8312b6d6069a6328f122ddd8365add3c98f200,True,,,1,0,176.665606,528.513863,6,8252,4,8224
20260726_formal4t4_reuse_intensive_Ideal_rep0,0,Ideal,Ideal,29,reuse_intensive:rep0:req29,reuse_intensive,0,0,0,L0000,8192,2,2,True,1789724903.5392368,8192,8192,8192,0.0024979114532470703,False,False,False,False,8192,163.84,1,1,8224.0,True,cache_reused,False,False,0,0.0,6016383f67275265c51ab763b0b862d2f63aaed683e9e3b0d4f7d872c3cece3e,True,,,1,0,208.167982,580.21656,6,8252,4,8224
20260726_formal4t4_reuse_intensive_Ideal_rep0,0,Ideal,Ideal,30,reuse_intensive:rep0:req30,reuse_intensive,0,0,1,L0000,8192,2,2,True,1789724903.5392702,8192,8192,8192,0.002531290054321289,False,False,False,False,8192,161.84,1,1,8224.0,True,cache_reused,False,False,0,0.0,0b243361badfdac8da9b4897ee20d016c7bbc5162983a3a914169b3ce55c8858,True,,,1,0,333.034352,692.7737,6,8252,4,8224
20260726_formal4t4_reuse_intensive_Ideal_rep0,0,Ideal,Ideal,31,reuse_intensive:rep0:req31,reuse_intensive,0,29,0,L0029,8192,3,,False,1789724903.5392947,0,0,0,,False,False,False,False,0,0.0,0,0,32.0,False,cache_miss,False,False,0,0.0,91092d879981d50fd158d371832e1de76a2574f6689f5742bd3d4e6623eea9ac,True,,,1,0,7410.266227,7755.165804,6,8252,4,32
20260726_formal4t4_reuse_intensive_Ideal_rep0,0,Ideal,Ideal,32,reuse_intensive:rep0:req32,reuse_intensive,0,30,0,L0030,8192,2,,False,1789724911.3006907,0,0,0,,False,False,False,False,0,0.0,0,0,32.0,False,cache_miss,False,False,0,0.0,2e049c771049b3db7bd936c552b84df1d628d8dde19a5c967ebeb648f937f353,True,,,1,0,7557.066403,8213.590694,6,8252,4,32
20260726_formal4t4_reuse_intensive_Ideal_rep0,0,Ideal,Ideal,33,reuse_intensive:rep0:req33,reuse_intensive,0,1,2,L0001,8192,0,0,True,1789724911.300741,8192,8192,8192,0.002434253692626953,False,False,False,False,8192,163.84,1,1,8224.0,True,cache_reused,False,False,0,0.0,811d49f888875829912a9cbea6ffd097c1866247a435e53878e9684e8fe150e2,True,,,1,0,343.980118,707.019202,6,8252,4,8224
20260726_formal4t4_reuse_intensive_Ideal_rep0,0,Ideal,Ideal,34,reuse_intensive:rep0:req34,reuse_intensive,0,0,2,L0000,8192,2,2,True,1789724911.300779,8192,8192,8192,0.001245260238647461,False,False,False,False,8192,161.84,1,1,8224.0,True,cache_reused,False,False,0,0.0,6b16377ee381346ef652ec7260f73168c87c7936c7c5da805d4404840d87f119,True,,,1,0,7554.333421,8210.769196,6,8252,4,8224
20260726_formal4t4_reuse_intensive_Ideal_rep0,0,Ideal,Ideal,35,reuse_intensive:rep0:req35,reuse_intensive,0,13,1,L0013,8192,3,0;1;2;3,False,1789724911.3008199,8192,8192,8192,45.761810064315796,False,False,False,False,8192,0.0,4,4,8224.0,False,cache_reused,False,False,0,0.0,697dd8779d3a0b05be71bb8d35df6397245999dee4a7d27181d260af0d2d12dc,True,,,1,0,194.05409,534.486991,6,8252,4,8224
20260726_formal4t4_reuse_intensive_Ideal_rep0,0,Ideal,Ideal,36,reuse_intensive:rep0:req36,reuse_intensive,0,1,0,L0001,8192,0,0,True,1789724919.5171535,8192,8192,8192,0.0017440319061279297,False,False,False,False,8192,163.84,1,1,8224.0,True,cache_reused,False,False,0,0.0,c67c6513cce6d93a5a51175180eaa85e3fc9cf5cb0368b2a71dc7343557881e2,True,,,1,0,361.303102,788.136935,6,8252,4,8224
20260726_formal4t4_reuse_intensive_Ideal_rep0,0,Ideal,Ideal,37,reuse_intensive:rep0:req37,reuse_intensive,0,12,0,L0012,8192,2,0;1;2;3,False,1789724919.5172164,8192,8192,8192,62.05772542953491,False,False,False,False,8192,0.0,4,4,8224.0,False,cache_reused,False,False,0,0.0,1e291c1ef900faf69b62516930b8e601e5e66c8fedbe1e37303cdbea70f434ec,True,,,1,0,197.721661,533.453881,6,8252,4,8224
20260726_formal4t4_reuse_intensive_Ideal_rep0,0,Ideal,Ideal,38,reuse_intensive:rep0:req38,reuse_intensive,0,7,0,L0007,8192,3,0;1;2;3,False,1789724919.5172548,8192,8192,8192,95.53475856781006,False,False,False,False,8192,0.0,4,4,8224.0,False,cache_reused,False,False,0,0.0,71aede95a3e09a03ab7fcfed72b4e9b28841b5b9893dcd90b0f545f1c069690a,True,,,1,0,347.356916,713.109049,6,8252,4,8224
20260726_formal4t4_reuse_intensive_Ideal_rep0,0,Ideal,Ideal,39,reuse_intensive:rep0:req39,reuse_intensive,0,1,1,L0001,8192,0,0,True,1789724919.517285,8192,8192,8192,0.0018756389617919922,False,False,False,False,8192,161.84,1,1,8224.0,True,cache_reused,False,False,0,0.0,fb40259fa2475412dd86da28276448085ec4efb1b0939fc79e1d9fa05ddff9c0,True,,,1,0,534.005831,901.16366,6,8252,4,8224
20260726_formal4t4_reuse_intensive_Ideal_rep0,0,Ideal,Ideal,40,reuse_intensive:rep0:req40,reuse_intensive,0,1,2,L0001,8192,0,0,True,1789724920.4249573,8192,8192,8192,0.0005962848663330078,False,False,False,False,8192,163.84,1,1,8224.0,True,cache_reused,False,False,0,0.0,379ffc14c7ed06933bcfa4969299e5f0e0a5779bdd7eb14010cefae9dcfff67e,True,,,1,0,176.660578,558.441803,6,8252,4,8224
20260726_formal4t4_reuse_intensive_Ideal_rep0,0,Ideal,Ideal,41,reuse_intensive:rep0:req41,reuse_intensive,0,0,0,L0000,8192,2,2,True,1789724920.4250026,8192,8192,8192,0.9090230464935303,False,False,False,False,8192,163.84,1,1,8224.0,True,cache_reused,False,False,0,0.0,ddb6fb4c0688874c45771605609437aa287708c2bc7fcbca5022d33f57786564,True,,,1,0,172.220286,512.255205,6,8252,4,8224
20260726_formal4t4_reuse_intensive_Ideal_rep0,0,Ideal,Ideal,42,reuse_intensive:rep0:req42,reuse_intensive,0,1,0,L0001,8192,0,0,True,1789724920.4250357,8192,8192,8192,0.0006747245788574219,False,False,False,False,8192,161.84,1,1,8224.0,True,cache_reused,False,False,0,0.0,828ab96627b7816079cb1d0a29da11d6a39e0349ef365e610637b286f4e10583,True,,,1,0,303.795564,672.704925,6,8252,4,8224
20260726_formal4t4_reuse_intensive_Ideal_rep0,0,Ideal,Ideal,43,reuse_intensive:rep0:req43,reuse_intensive,0,2,1,L0002,8192,1,0;1,True,1789724920.4250665,8192,8192,8192,17.86994481086731,False,False,False,False,8192,163.84,2,2,8224.0,True,cache_reused,False,False,0,0.0,8ede26b5439d1f89667d9d02cd82b5428be8d6708ec531d379daa6f7296eb44e,True,,,1,0,333.296504,681.338858,6,8252,4,8224
20260726_formal4t4_reuse_intensive_Ideal_rep0,0,Ideal,Ideal,44,reuse_intensive:rep0:req44,reuse_intensive,0,0,1,L0000,8192,2,2,True,1789724921.1126273,8192,8192,8192,0.0017368793487548828,False,False,False,False,8192,163.84,1,1,8224.0,True,cache_reused,False,False,0,0.0,71b073f148a496bb1db46abbb19e686b0fd398f17c4ed1131f0c86b6396eb20d,True,,,1,0,189.753575,665.855222,6,8252,4,8224
20260726_formal4t4_reuse_intensive_Ideal_rep0,0,Ideal,Ideal,45,reuse_intensive:rep0:req45,reuse_intensive,0,0,2,L0000,8192,2,2,True,1789724921.1126747,8192,8192,8192,0.0017843246459960938,False,False,False,False,8192,161.84,1,1,8224.0,True,cache_reused,False,False,0,0.0,36af326f7fee1a714c5febcf3a88e6391b7ecdb862631b31be9703d3f433e308,True,,,1,0,376.233553,792.940656,6,8252,4,8224
20260726_formal4t4_reuse_intensive_Ideal_rep0,0,Ideal,Ideal,46,reuse_intensive:rep0:req46,reuse_intensive,0,0,0,L0000,8192,2,2,True,1789724921.112705,8192,8192,8192,0.0018146038055419922,False,False,False,False,8192,159.84,1,1,8224.0,True,cache_reused,False,False,0,0.0,45e7b5b08fbdfa09232d2dcd5d0ea45dbdb0ee2bb71778f220b12e2f822c8670,True,,,1,0,374.761887,791.352376,6,8252,4,8224
20260726_formal4t4_reuse_intensive_Ideal_rep0,0,Ideal,Ideal,47,reuse_intensive:rep0:req47,reuse_intensive,0,0,1,L0000,8192,2,2,True,1789724921.1127295,8192,8192,8192,0.0018391609191894531,False,False,False,False,8192,157.84,1,1,8224.0,True,cache_reused,False,False,0,0.0,557ff2cf8d8a40684dcafef822af047b621c9f6f3f1b0331565c9b68f725bcc8,True,,,1,0,373.715718,790.350093,6,8252,4,8224
20260726_formal4t4_reuse_intensive_Ideal_rep0,0,Ideal,Ideal,48,reuse_intensive:rep0:req48,reuse_intensive,0,10,0,L0010,8192,1,0;1;2;3,False,1789724921.9097147,8192,8192,8192,73.44327712059021,False,False,False,False,8192,0.0,4,4,8224.0,False,cache_reused,False,False,0,0.0,9853509ad3a3489969f1ecdae6836f1b06ac52bdd7f16f867447d233b71927de,True,,,1,0,165.541721,500.954678,6,8252,4,8224
20260726_formal4t4_reuse_intensive_Ideal_rep0,0,Ideal,Ideal,49,reuse_intensive:rep0:req49,reuse_intensive,0,3,1,L0003,8192,3,3,True,1789724921.9097638,8192,8192,8192,18.371756315231323,False,False,False,False,8192,163.84,1,1,8224.0,True,cache_reused,False,False,0,0.0,9e3ff8d53f39bc4703e501a62b76f9388a76de5b34dd02519d44fc579ae1feb8,True,,,1,0,191.003576,527.431589,6,8252,4,8224
20260726_formal4t4_reuse_intensive_Ideal_rep0,0,Ideal,Ideal,50,reuse_intensive:rep0:req50,reuse_intensive,0,1,1,L0001,8192,0,0,True,1789724921.9097993,8192,8192,8192,0.7983353137969971,False,False,False,False,8192,163.84,1,1,8224.0,True,cache_reused,False,False,0,0.0,f21233172ef15c5ff6945d2c3f1107c85f83552ade0508d47b9ed98ca15eb12c,True,,,1,0,171.979256,522.295413,6,8252,4,8224
20260726_formal4t4_reuse_intensive_Ideal_rep0,0,Ideal,Ideal,51,reuse_intensive:rep0:req51,reuse_intensive,0,6,2,L0006,8192,2,0;1;2;3,False,1789724921.9098337,8192,8192,8192,106.27713012695312,False,False,False,False,8192,0.0,4,4,8224.0,False,cache_reused,False,False,0,0.0,7732aae192a9aa4a29020e21a9de359261e450d2779efe5c5e0876e6fd8de5b5,True,,,1,0,200.774028,538.135058,6,8252,4,8224
20260726_formal4t4_reuse_intensive_Ideal_rep0,0,Ideal,Ideal,52,reuse_intensive:rep0:req52,reuse_intensive,0,58,0,L0058,8192,1,,False,1789724922.4543128,0,0,0,,False,False,False,False,0,0.0,0,0,32.0,False,cache_miss,False,False,0,0.0,7abd0a2db0a25ea2cbd4da1153dcb36d9db88cee06435eaed242b53771d171e4,True,,,1,0,7213.036163,7551.089401,6,8252,4,32
20260726_formal4t4_reuse_intensive_Ideal_rep0,0,Ideal,Ideal,53,reuse_intensive:rep0:req53,reuse_intensive,0,0,2,L0000,8192,2,2,True,1789724922.4543638,8192,8192,8192,0.545280933380127,False,False,False,False,8192,163.84,1,1,8224.0,True,cache_reused,False,False,0,0.0,353f6721e7ddde1bc0fe493d58870e8dcae2f6d122e76447b768b8597602d41e,True,,,1,0,194.854301,563.968402,6,8252,4,8224
20260726_formal4t4_reuse_intensive_Ideal_rep0,0,Ideal,Ideal,54,reuse_intensive:rep0:req54,reuse_intensive,0,3,2,L0003,8192,3,3,True,1789724922.454401,8192,8192,8192,0.0018711090087890625,False,False,False,False,8192,163.84,1,1,8224.0,True,cache_reused,False,False,0,0.0,22ed6b44be65724d36e8f59e9a814122074de70005b919fbbf7542ccb85ad71c,True,,,1,0,189.529334,525.076696,6,8252,4,8224
20260726_formal4t4_reuse_intensive_Ideal_rep0,0,Ideal,Ideal,55,reuse_intensive:rep0:req55,reuse_intensive,0,0,0,L0000,8192,2,2,True,1789724922.4544318,8192,8192,8192,0.5453488826751709,False,False,False,False,8192,161.84,1,1,8224.0,True,cache_reused,False,False,0,0.0,eb850fed080a9e55a91e37ff8eedd2a757d6ad91d32b5218224991eacce39cac,True,,,1,0,317.217048,675.684185,6,8252,4,8224
20260726_formal4t4_reuse_intensive_Ideal_rep0,0,Ideal,Ideal,56,reuse_intensive:rep0:req56,reuse_intensive,0,2,2,L0002,8192,0,0;1,False,1789724930.0068772,8192,8192,8192,28.156620264053345,False,False,False,False,8192,0.0,2,2,8224.0,False,cache_reused,False,False,0,0.0,08cec581308e56ce70ef6266aa77cdc573e62b004239a749b01e3e5f79da2941,True,,,1,0,315.391871,664.131422,6,8252,4,8224
20260726_formal4t4_reuse_intensive_Ideal_rep0,0,Ideal,Ideal,57,reuse_intensive:rep0:req57,reuse_intensive,0,0,1,L0000,8192,2,2,False,1789724930.0068996,8192,8192,8192,0.0002779960632324219,False,False,False,False,8192,0.0,1,1,8224.0,False,cache_reused,False,False,0,0.0,5646f97bef467b6749c605fb9aa5b25442a4f25c8fc09d146211635c8cb42793,True,,,1,0,319.483562,710.920592,6,8252,4,8224
20260726_formal4t4_reuse_intensive_Ideal_rep0,0,Ideal,Ideal,58,reuse_intensive:rep0:req58,reuse_intensive,0,0,2,L0000,8192,2,2,True,1789724930.0069134,8192,8192,8192,0.0002918243408203125,False,False,False,False,8192,161.84,1,1,8224.0,True,cache_reused,False,False,0,0.0,2d90a5aa922158fc566094528a5fb092678562b5341c8c7945cbe08120e56023,True,,,1,0,467.212521,824.577735,6,8252,4,8224
20260726_formal4t4_reuse_intensive_Ideal_rep0,0,Ideal,Ideal,59,reuse_intensive:rep0:req59,reuse_intensive,0,2,0,L0002,8192,1,0;1,False,1789724930.0069265,8192,8192,8192,8.894908905029297,False,False,False,False,8192,0.0,2,2,8224.0,False,cache_reused,False,False,0,0.0,17ed62314a2b4479e09f1eec96243ebe94c106bc6fc04a360fd9e38dc8a992ec,True,,,1,0,164.551861,500.035743,6,8252,4,8224
20260726_formal4t4_reuse_intensive_Ideal_rep0,0,Ideal,Ideal,60,reuse_intensive:rep0:req60,reuse_intensive,1,64,0,L0064,8192,0,,False,1789724930.835385,0,0,0,,False,False,False,False,0,0.0,0,0,32.0,False,cache_miss,False,False,0,0.0,089b463c84a51c60153b7b1300f7bcdce3869347c6054cd0c96cca1e2ad11121,True,,,1,0,7133.663883,7471.741657,6,8252,4,32
20260726_formal4t4_reuse_intensive_Ideal_rep0,0,Ideal,Ideal,61,reuse_intensive:rep0:req61,reuse_intensive,1,69,0,L0069,8192,3,,False,1789724930.8354213,0,0,0,,False,False,False,False,0,0.0,0,0,32.0,False,cache_miss,False,False,0,0.0,e064c087bc2d73b361c44efba62a2c7ba0d39305477a8a97420bedb9f7855fe1,True,,,1,0,7417.868705,7752.396141,6,8252,4,32
20260726_formal4t4_reuse_intensive_Ideal_rep0,0,Ideal,Ideal,62,reuse_intensive:rep0:req62,reuse_intensive,1,75,0,L0075,8192,1,,False,1789724930.8354461,0,0,0,,False,False,False,False,0,0.0,0,0,32.0,False,cache_miss,False,False,0,0.0,feb676252d1d4259a0099c97eb64b3c97c9c51af36fc3f6e8bbe18f921103784,True,,,1,0,7250.569995,7589.023337,6,8252,4,32
20260726_formal4t4_reuse_intensive_Ideal_rep0,0,Ideal,Ideal,63,reuse_intensive:rep0:req63,reuse_intensive,1,64,1,L0064,8192,2,,False,1789724930.835467,0,0,0,,False,False,False,False,0,0.0,0,0,32.0,False,cache_miss,False,False,0,0.0,9f0eb047ce7068a6dc9095885e9be1f6373a78a4f1db02201c317acd9a9e10d0,True,,,1,0,7542.355862,7888.911197,6,8252,4,32
20260726_formal4t4_reuse_intensive_Ideal_rep0,0,Ideal,Ideal,64,reuse_intensive:rep0:req64,reuse_intensive,1,67,0,L0067,8192,0,,False,1789724938.7308533,0,0,0,,False,False,False,False,0,0.0,0,0,32.0,False,cache_miss,False,False,0,0.0,3b04c2c8cce1b463fecb94ef491b18814ac779547fe4b7d189d99d05d43d4d4a,True,,,1,0,7640.676797,8312.422595,6,8252,4,32
20260726_formal4t4_reuse_intensive_Ideal_rep0,0,Ideal,Ideal,65,reuse_intensive:rep0:req65,reuse_intensive,1,104,0,L0104,8192,1,,False,1789724938.7308896,0,0,0,,False,False,False,False,0,0.0,0,0,16.0,False,cache_miss,False,False,0,0.0,c5a6664ef4d98e42a298d892cc3e61a21b59ba6323d65a23754a07ca2cff2d47,True,,,1,0,7423.574839,7764.404567,6,8252,4,16
20260726_formal4t4_reuse_intensive_Ideal_rep0,0,Ideal,Ideal,66,reuse_intensive:rep0:req66,reuse_intensive,1,121,0,L0121,8192,2,,False,1789724938.7309139,0,0,0,,False,False,False,False,0,0.0,0,0,16.0,False,cache_miss,False,False,0,0.0,7ae11b0f79c534cae7e113a0f9b5f18b0ac6d431006d369b831fd03f9a578466,True,,,1,0,7308.12636,7645.625475,6,8252,4,16
20260726_formal4t4_reuse_intensive_Ideal_rep0,0,Ideal,Ideal,67,reuse_intensive:rep0:req67,reuse_intensive,1,64,2,L0064,8192,0,0;2,True,1789724938.7309518,8192,8192,8192,0.002472400665283203,False,False,False,False,8192,161.84,2,2,8224.0,True,cache_reused,False,False,0,0.0,2b651e63b6f47be3f349b40bf49c3fe96f27d0c38292326469b7ac147c3b4ecf,True,,,1,0,7636.997768,8308.679439,6,8252,4,8224
20260726_formal4t4_reuse_intensive_Ideal_rep0,0,Ideal,Ideal,68,reuse_intensive:rep0:req68,reuse_intensive,1,64,0,L0064,8192,0,0;2,True,1789724947.0461519,8192,8192,8192,0.0006098747253417969,False,False,False,False,8192,163.84,2,2,8224.0,True,cache_reused,False,False,0,0.0,7e327c6062852bc1a8e4858ab783b956491d75d6e49bb4df07fcc6fc947eab20,True,,,1,0,185.803775,528.02947,6,8252,4,8224
20260726_formal4t4_reuse_intensive_Ideal_rep0,0,Ideal,Ideal,69,reuse_intensive:rep0:req69,reuse_intensive,1,70,0,L0070,8192,1,,False,1789724947.0461986,0,0,0,,False,False,False,False,0,0.0,0,0,32.0,False,cache_miss,False,False,0,0.0,31b430f2b42c985587803aeffd9b5c2a7efecebfe800331011040477cea53507,True,,,1,0,7383.576446,7720.165719,6,8252,4,32
20260726_formal4t4_reuse_intensive_Ideal_rep0,0,Ideal,Ideal,70,reuse_intensive:rep0:req70,reuse_intensive,1,96,0,L0096,8192,2,,False,1789724947.0462248,0,0,0,,False,False,False,False,0,0.0,0,0,32.0,False,cache_miss,False,False,0,0.0,1562a2587d8bbf08177be590f5a861940ef28cbd0f115fc9a2b54218a6500206,True,,,1,0,7328.836562,7667.373056,6,8252,4,32
20260726_formal4t4_reuse_intensive_Ideal_rep0,0,Ideal,Ideal,71,reuse_intensive:rep0:req71,reuse_intensive,1,88,0,L0088,8192,3,,False,1789724947.046246,0,0,0,,False,False,False,False,0,0.0,0,0,32.0,False,cache_miss,False,False,0,0.0,d4b02bbe95867ea286c3e19149b43ae253bbd71a6fdbaf7d271d920f9b3c25f7,True,,,1,0,7887.614015,8238.423158,6,8252,4,32
20260726_formal4t4_reuse_intensive_Ideal_rep0,0,Ideal,Ideal,72,reuse_intensive:rep0:req72,reuse_intensive,1,66,0,L0066,8192,2,,False,1789724955.2909117,0,0,0,,False,False,False,False,0,0.0,0,0,32.0,False,cache_miss,False,False,0,0.0,4b88b3ab52b079984709db2a3ba7d0c0e9654632660853071ca0ada30c5b8e23,True,,,1,0,7354.940957,7696.949931,6,8252,4,32
20260726_formal4t4_reuse_intensive_Ideal_rep0,0,Ideal,Ideal,73,reuse_intensive:rep0:req73,reuse_intensive,1,64,1,L0064,8192,0,0;2,True,1789724955.2909644,8192,8192,8192,0.002445220947265625,False,False,False,False,8192,163.84,2,2,8224.0,True,cache_reused,False,False,0,0.0,c950d5acf8cacb5ac8365826f8d76b0adb37ce728485d90d3416556e8b3f06c1,True,,,1,0,346.577345,707.972702,6,8252,4,8224
20260726_formal4t4_reuse_intensive_Ideal_rep0,0,Ideal,Ideal,74,reuse_intensive:rep0:req74,reuse_intensive,1,65,0,L0065,8192,3,,False,1789724955.2909942,0,0,0,,False,False,False,False,0,0.0,0,0,32.0,False,cache_miss,False,False,0,0.0,cf23eda80587deccf274b3c8318fc7a3447b945c4af2b57859d6bb0994481130,True,,,1,0,7520.177993,7859.375813,6,8252,4,32
20260726_formal4t4_reuse_intensive_Ideal_rep0,0,Ideal,Ideal,75,reuse_intensive:rep0:req75,reuse_intensive,1,66,1,L0066,8192,1,,False,1789724955.2910178,0,0,0,,False,False,False,False,0,0.0,0,0,32.0,False,cache_miss,False,False,0,0.0,2afa795c1d9335e66ccf326f21278446071639c48d8ce7b6479a229a98f6ef5f,True,,,1,0,7396.53299,7734.285656,6,8252,4,32
20260726_formal4t4_reuse_intensive_Ideal_rep0,0,Ideal,Ideal,76,reuse_intensive:rep0:req76,reuse_intensive,1,64,2,L0064,8192,0,0;2,True,1789724963.1557083,8192,8192,8192,0.0017635822296142578,False,False,False,False,8192,163.84,2,2,8224.0,True,cache_reused,False,False,0,0.0,58044fbca4d2715b3e1f7843ab25925c7d9d320305137a4065be9724e327738c,True,,,1,0,340.687861,695.733411,6,8252,4,8224
20260726_formal4t4_reuse_intensive_Ideal_rep0,0,Ideal,Ideal,77,reuse_intensive:rep0:req77,reuse_intensive,1,65,1,L0065,8192,3,3,True,1789724963.155757,8192,8192,8192,0.0012295246124267578,False,False,False,False,8192,163.84,1,1,8224.0,True,cache_reused,False,False,0,0.0,5ce347e54ef5073887d07defde44b001665e459d0c76a9fd5d4103728d412570,True,,,1,0,197.135482,2054.673749,6,8252,4,8224
20260726_formal4t4_reuse_intensive_Ideal_rep0,0,Ideal,Ideal,78,reuse_intensive:rep0:req78,reuse_intensive,1,65,2,L0065,8192,3,3,True,1789724963.1557927,8192,8192,8192,0.0012652873992919922,False,False,False,False,8192,161.84,1,1,8224.0,True,cache_reused,False,False,0,0.0,e10b23878e600e38933965aa3c969a6079ac47069719c34a9d17e3e349fb9004,True,,,1,0,1756.862041,2179.050843,6,8252,4,8224
20260726_formal4t4_reuse_intensive_Ideal_rep0,0,Ideal,Ideal,79,reuse_intensive:rep0:req79,reuse_intensive,1,65,0,L0065,8192,3,3,True,1789724963.1558201,8192,8192,8192,0.0012927055358886719,False,False,False,False,8192,159.84,1,1,8224.0,True,cache_reused,False,False,0,0.0,3ff5d6eab81af23e109a3b941c31e85653ebae63fb2b579dfead4105b017c4f0,True,,,1,0,1755.468722,2177.650907,6,8252,4,8224
20260726_formal4t4_reuse_intensive_Ideal_rep0,0,Ideal,Ideal,80,reuse_intensive:rep0:req80,reuse_intensive,1,74,0,L0074,8192,3,,False,1789724965.3401244,0,0,0,,False,False,False,False,0,0.0,0,0,32.0,False,cache_miss,False,False,0,0.0,c2e48e11cca01c63dbbd64f9581bba8c292a6d589e3ef4422c8a1ce17ed15f2b,True,,,1,0,8127.002504,9096.618513,6,8252,4,32
20260726_formal4t4_reuse_intensive_Ideal_rep0,0,Ideal,Ideal,81,reuse_intensive:rep0:req81,reuse_intensive,1,64,0,L0064,8192,2,0;2,False,1789724965.3401837,8192,8192,8192,26.60991644859314,False,False,False,False,8192,0.0,2,2,8224.0,False,cache_reused,False,False,0,0.0,7cc18dfa6275ec2f50e89a33e63355cfa5cf153cbcf479f6999bd614e53c9278,True,,,1,0,296.236702,661.565372,6,8252,4,8224
20260726_formal4t4_reuse_intensive_Ideal_rep0,0,Ideal,Ideal,82,reuse_intensive:rep0:req82,reuse_intensive,1,65,1,L0065,8192,3,3,True,1789724965.3402233,8192,8192,8192,0.0006818771362304688,False,False,False,False,8192,161.84,1,1,8224.0,True,cache_reused,False,False,0,0.0,486fdd60ab5b1cfb87f35c3939819655bc075006f82798d04a780dfb4999920c,True,,,1,0,8124.411869,9093.915481,6,8252,4,8224
20260726_formal4t4_reuse_intensive_Ideal_rep0,0,Ideal,Ideal,83,reuse_intensive:rep0:req83,reuse_intensive,1,69,1,L0069,8192,3,3,True,1789724965.3402536,8192,8192,8192,26.611127138137817,False,False,False,False,8192,159.84,1,1,8224.0,True,cache_reused,False,False,0,0.0,14f8c65659f1a340bdd1f10864b4deb20af1d4615168e1e4ef11a5e69f76c791,True,,,1,0,8123.57624,9093.260093,6,8252,4,8224
20260726_formal4t4_reuse_intensive_Ideal_rep0,0,Ideal,Ideal,84,reuse_intensive:rep0:req84,reuse_intensive,1,65,2,L0065,8192,3,3,True,1789724974.439769,8192,8192,8192,0.0011703968048095703,False,False,False,False,8192,163.84,1,1,8224.0,True,cache_reused,False,False,0,0.0,e6d78a4e6e43046f235b8d797b01b472b3a9d2bd17c407a8b1b11fcd97fe9638,True,,,1,0,207.238648,547.849435,6,8252,4,8224
20260726_formal4t4_reuse_intensive_Ideal_rep0,0,Ideal,Ideal,85,reuse_intensive:rep0:req85,reuse_intensive,1,106,0,L0106,8192,1,,False,1789724974.4398088,0,0,0,,False,False,False,False,0,0.0,0,0,32.0,False,cache_miss,False,False,0,0.0,03fb595537c7e7d354bd7aaf63f0b4f9b8a5d53499fcfada0581903efc7a580a,True,,,1,0,9608.239475,10329.052237,6,8252,4,32
20260726_formal4t4_reuse_intensive_Ideal_rep0,0,Ideal,Ideal,86,reuse_intensive:rep0:req86,reuse_intensive,1,70,1,L0070,8192,1,1,True,1789724974.4398446,8192,8192,8192,19.150663375854492,False,False,False,False,8192,161.84,1,1,8224.0,True,cache_reused,False,False,0,0.0,780909a339bfe3c2371c7611e9a3caa9a81ab7902d35a1e63703003c7141000b,True,,,1,0,9606.782382,10327.449473,6,8252,4,8224
20260726_formal4t4_reuse_intensive_Ideal_rep0,0,Ideal,Ideal,87,reuse_intensive:rep0:req87,reuse_intensive,1,70,2,L0070,8192,1,1,True,1789724974.439876,8192,8192,8192,19.150694847106934,False,False,False,False,8192,159.84,1,1,8224.0,True,cache_reused,False,False,0,0.0,93b4b500512eee7ccc5453d15cd075f7aa7e0fe7c194a946133d0672bee84f1e,True,,,1,0,9605.861092,10326.720352,6,8252,4,8224
20260726_formal4t4_reuse_intensive_Ideal_rep0,0,Ideal,Ideal,88,reuse_intensive:rep0:req88,reuse_intensive,1,64,1,L0064,8192,0,0;2,True,1789724984.7730937,8192,8192,8192,19.435363054275513,False,False,False,False,8192,163.84,2,2,8224.0,True,cache_reused,False,False,0,0.0,84d1d1dde1d6336747037a9d85c01149db984e0f4c541b9fe651df65093ba630,True,,,1,0,347.585682,711.597566,6,8252,4,8224
20260726_formal4t4_reuse_intensive_Ideal_rep0,0,Ideal,Ideal,89,reuse_intensive:rep0:req89,reuse_intensive,1,64,2,L0064,8192,2,0;2,True,1789724984.7731462,8192,8192,8192,10.335128545761108,False,False,False,False,8192,163.84,2,2,8224.0,True,cache_reused,False,False,0,0.0,284d734b7896dbf7edc21329e734518d2349a8324600a2e58b37004266e7d364,True,,,1,0,315.854979,701.83187,6,8252,4,8224
20260726_formal4t4_reuse_intensive_Ideal_rep0,0,Ideal,Ideal,90,reuse_intensive:rep0:req90,reuse_intensive,1,118,0,L0118,8192,3,,False,1789724984.7731817,0,0,0,,False,False,False,False,0,0.0,0,0,16.0,False,cache_miss,False,False,0,0.0,87c593543b8d3cd34ca36ec6e3ad4c4d52d9d33fe78c940cc04c05bd31c467b0,True,,,1,0,7763.263822,8104.828714,6,8252,4,16
20260726_formal4t4_reuse_intensive_Ideal_rep0,0,Ideal,Ideal,91,reuse_intensive:rep0:req91,reuse_intensive,1,64,0,L0064,8192,2,0;2,True,1789724984.7732153,8192,8192,8192,10.335197687149048,False,False,False,False,8192,161.84,2,2,8224.0,True,cache_reused,False,False,0,0.0,8c0c8cf56699107011a449dc4831e65747f75359ed3fc6355057d8474d669ae1,True,,,1,0,448.30292,816.041391,6,8252,4,8224
20260726_formal4t4_reuse_intensive_Ideal_rep0,0,Ideal,Ideal,92,reuse_intensive:rep0:req92,reuse_intensive,1,65,0,L0065,8192,3,3,True,1789724992.8834572,8192,8192,8192,8.112793445587158,False,False,False,False,8192,163.84,1,1,8224.0,True,cache_reused,False,False,0,0.0,e8cb4f491550e2f5310272544b9c087d1fe8d0ab2393f0ba8bfa3f34ceb11255,True,,,1,0,182.523547,590.082032,6,8252,4,8224
20260726_formal4t4_reuse_intensive_Ideal_rep0,0,Ideal,Ideal,93,reuse_intensive:rep0:req93,reuse_intensive,1,109,0,L0109,8192,0,,False,1789724992.883498,0,0,0,,False,False,False,False,0,0.0,0,0,16.0,False,cache_miss,False,False,0,0.0,7996905191e1ebf5601e7215be6ed4ef2231592db98d74c0414d00292b11ad4a,True,,,1,0,6998.277332,7337.08419,6,8252,4,16
20260726_formal4t4_reuse_intensive_Ideal_rep0,0,Ideal,Ideal,94,reuse_intensive:rep0:req94,reuse_intensive,1,65,1,L0065,8192,3,3,True,1789724992.8835347,8192,8192,8192,8.112870931625366,False,False,False,False,8192,161.84,1,1,8224.0,True,cache_reused,False,False,0,0.0,cc62661261755c4cb02daf939547bdb7dab9f740baaef407d6bf59efa01c5c32,True,,,1,0,306.825916,701.617685,6,8252,4,8224
20260726_formal4t4_reuse_intensive_Ideal_rep0,0,Ideal,Ideal,95,reuse_intensive:rep0:req95,reuse_intensive,1,82,0,L0082,8192,2,,False,1789724992.8835592,0,0,0,,False,False,False,False,0,0.0,0,0,32.0,False,cache_miss,False,False,0,0.0,5cb74609a2cde02d1b5e7b9fdd639083480e1eed2e357de6fdef4b4d894b9429,True,,,1,0,7606.010535,7955.659321,6,8252,4,32
20260726_formal4t4_reuse_intensive_Ideal_rep0,0,Ideal,Ideal,96,reuse_intensive:rep0:req96,reuse_intensive,1,64,1,L0064,8192,2,0;2,False,1789725000.845796,8192,8192,8192,7.96295428276062,False,False,False,False,8192,0.0,2,2,8224.0,False,cache_reused,False,False,0,0.0,5913e928a2beb8ccacc7987fb68b434736233ed072908331cffabfe2e8440fe8,True,,,1,0,217.344093,566.214852,6,8252,4,8224
20260726_formal4t4_reuse_intensive_Ideal_rep0,0,Ideal,Ideal,97,reuse_intensive:rep0:req97,reuse_intensive,1,65,2,L0065,8192,3,3,True,1789725000.845846,8192,8192,8192,0.0012311935424804688,False,False,False,False,8192,163.84,1,1,8224.0,True,cache_reused,False,False,0,0.0,9bf3963f48d0de01dbaded6a4fcc74a24c509ceb420f309dcf6a032d6d7770cc,True,,,1,0,372.405534,784.068414,6,8252,4,8224
20260726_formal4t4_reuse_intensive_Ideal_rep0,0,Ideal,Ideal,98,reuse_intensive:rep0:req98,reuse_intensive,1,65,0,L0065,8192,3,3,True,1789725000.8458817,8192,8192,8192,0.0012669563293457031,False,False,False,False,8192,161.84,1,1,8224.0,True,cache_reused,False,False,0,0.0,ce43c959a8aa25a705ae886f49b45b6d6f605e4888f35dc5f8dec508dfe0e669,True,,,1,0,537.296816,897.137695,6,8252,4,8224
20260726_formal4t4_reuse_intensive_Ideal_rep0,0,Ideal,Ideal,99,reuse_intensive:rep0:req99,reuse_intensive,1,78,0,L0078,8192,0,,False,1789725000.8459067,0,0,0,,False,False,False,False,0,0.0,0,0,32.0,False,cache_miss,False,False,0,0.0,4bc4917fcb0b1843a8f683c2a1fc73184c02866ab1d6f596e57a2994eaf72b2f,True,,,1,0,7242.786753,7584.533784,6,8252,4,32
20260726_formal4t4_reuse_intensive_Ideal_rep0,0,Ideal,Ideal,100,reuse_intensive:rep0:req100,reuse_intensive,1,71,0,L0071,8192,1,,False,1789725008.436986,0,0,0,,False,False,False,False,0,0.0,0,0,32.0,False,cache_miss,False,False,0,0.0,50249354c3a93ae02288c29d56df96bfc70e018453262da4920b8c2769cb71b9,True,,,1,0,7498.957908,7840.968998,6,8253,4,32
20260726_formal4t4_reuse_intensive_Ideal_rep0,0,Ideal,Ideal,101,reuse_intensive:rep0:req101,reuse_intensive,1,105,0,L0105,8192,0,,False,1789725008.437025,0,0,0,,False,False,False,False,0,0.0,0,0,32.0,False,cache_miss,False,False,0,0.0,d18f7c4f143cfb508236830666ddc69356366a3f344569be8af34bf2759bab8b,True,,,1,0,7637.821435,8313.221416,6,8253,4,32
20260726_formal4t4_reuse_intensive_Ideal_rep0,0,Ideal,Ideal,102,reuse_intensive:rep0:req102,reuse_intensive,1,64,2,L0064,8192,2,0;2,True,1789725008.4370677,8192,8192,8192,0.0024862289428710938,False,False,False,False,8192,163.84,2,2,8224.0,True,cache_reused,False,False,0,0.0,98cf44747d2b356196c2cbdd32e596c44bf4d6e18385e343a357b0fd01dfc430,True,,,1,0,334.348389,702.23671,6,8253,4,8224
20260726_formal4t4_reuse_intensive_Ideal_rep0,0,Ideal,Ideal,103,reuse_intensive:rep0:req103,reuse_intensive,1,64,0,L0064,8192,0,0;2,True,1789725008.4371045,8192,8192,8192,15.55606746673584,False,False,False,False,8192,161.84,2,2,8224.0,True,cache_reused,False,False,0,0.0,f29bd5325497c1aad693d626e4188ae5b79c9ddc1cb5bf8ff5fb087f8aaad928,True,,,1,0,7635.545437,8311.06893,6,8253,4,8224
20260726_formal4t4_reuse_intensive_Ideal_rep0,0,Ideal,Ideal,104,reuse_intensive:rep0:req104,reuse_intensive,1,76,0,L0076,8192,3,,False,1789725016.754728,0,0,0,,False,False,False,False,0,0.0,0,0,32.0,False,cache_miss,False,False,0,0.0,952ccbad3a4a45518439bfd00df566b60230bedd039899bd216f0fbfe0b7993e,True,,,1,0,7469.209695,7809.248322,6,8253,4,32
20260726_formal4t4_reuse_intensive_Ideal_rep0,0,Ideal,Ideal,105,reuse_intensive:rep0:req105,reuse_intensive,1,64,1,L0064,8192,0,0;2,False,1789725016.7547817,8192,8192,8192,0.0006554126739501953,False,False,False,False,8192,0.0,2,2,8224.0,False,cache_reused,False,False,0,0.0,28e381c5b2415d41aac25e2c52d2dd0b9b818ab0868d67bb3b8e23c6762f7be3,True,,,1,0,190.519461,532.076411,6,8253,4,8224
20260726_formal4t4_reuse_intensive_Ideal_rep0,0,Ideal,Ideal,106,reuse_intensive:rep0:req106,reuse_intensive,1,89,0,L0089,8192,1,,False,1789725016.7548113,0,0,0,,False,False,False,False,0,0.0,0,0,32.0,False,cache_miss,False,False,0,0.0,e1446c2cfecd1513d7d3e95bc1af5a5445d20e1bdcf02d35d92e2f6a863c1b5d,True,,,1,0,7333.770889,7677.336322,6,8253,4,32
20260726_formal4t4_reuse_intensive_Ideal_rep0,0,Ideal,Ideal,107,reuse_intensive:rep0:req107,reuse_intensive,1,77,0,L0077,8192,2,,False,1789725016.7548337,0,0,0,,False,False,False,False,0,0.0,0,0,32.0,False,cache_miss,False,False,0,0.0,183f5430ce4e7be32ecae7a6e8d9129ba0ddf73192e27e5c4d4d9d220c0ce058,True,,,1,0,7262.32311,7598.68594,6,8253,4,32
20260726_formal4t4_reuse_intensive_Ideal_rep0,0,Ideal,Ideal,108,reuse_intensive:rep0:req108,reuse_intensive,1,66,2,L0066,8192,2,1;2,True,1789725024.566844,8192,8192,8192,61.41354823112488,False,False,False,False,8192,163.84,2,2,8224.0,True,cache_reused,False,False,0,0.0,9e917a81cd4b4efbb32dc335be2984fa387ebd07f6be47f8701416c147809ff1,True,,,1,0,186.832911,526.177686,6,8253,4,8224
20260726_formal4t4_reuse_intensive_Ideal_rep0,0,Ideal,Ideal,109,reuse_intensive:rep0:req109,reuse_intensive,1,72,0,L0072,8192,0,,False,1789725024.566883,0,0,0,,False,False,False,False,0,0.0,0,0,32.0,False,cache_miss,False,False,0,0.0,955ed028e6bcf19a9bd5df4288674e16763f16362f2f85c3de9a2a3a737e89e1,True,,,1,0,7254.414662,7594.788751,6,8253,4,32
20260726_formal4t4_reuse_intensive_Ideal_rep0,0,Ideal,Ideal,110,reuse_intensive:rep0:req110,reuse_intensive,1,65,1,L0065,8192,3,3,False,1789725024.56692,8192,8192,8192,16.13110113143921,False,False,False,False,8192,0.0,1,1,8224.0,False,cache_reused,False,False,0,0.0,6212208320cd6fc45d4785c2b4e06d875e98a9a6e999d18aef29f7ca311e4bb3,True,,,1,0,226.793681,572.994409,6,8253,4,8224
20260726_formal4t4_reuse_intensive_Ideal_rep0,0,Ideal,Ideal,111,reuse_intensive:rep0:req111,reuse_intensive,1,66,0,L0066,8192,1,1;2,False,1789725024.5669546,8192,8192,8192,61.411866426467896,False,False,False,False,8192,0.0,2,2,8224.0,False,cache_reused,False,False,0,0.0,d7dd09eba952f427db74d958fd63f98ae87d882bbb1dfe8f8954eef22f0d0b4e,True,,,1,0,167.394396,510.039476,6,8253,4,8224
20260726_formal4t4_reuse_intensive_Ideal_rep0,0,Ideal,Ideal,112,reuse_intensive:rep0:req112,reuse_intensive,1,82,1,L0082,8192,2,2,True,1789725032.1657584,8192,8192,8192,31.32057785987854,False,False,False,False,8192,163.84,1,1,8224.0,True,cache_reused,False,False,0,0.0,e240f1ad655df01a1923f840fb80e1195bca5ccd3d50ce697434104f8201670f,True,,,1,0,353.631202,1060.673351,6,8253,4,8224
20260726_formal4t4_reuse_intensive_Ideal_rep0,0,Ideal,Ideal,113,reuse_intensive:rep0:req113,reuse_intensive,1,64,2,L0064,8192,0,0;2,True,1789725032.1658077,8192,8192,8192,7.600720405578613,False,False,False,False,8192,163.84,2,2,8224.0,True,cache_reused,False,False,0,0.0,cb4e9b6d849af3af338a66cfe7b5993c5e69e8640697f2abe4afc0e0dc39ea54,True,,,1,0,190.858913,531.325157,6,8253,4,8224
20260726_formal4t4_reuse_intensive_Ideal_rep0,0,Ideal,Ideal,114,reuse_intensive:rep0:req114,reuse_intensive,1,113,0,L0113,8192,3,,False,1789725032.165836,0,0,0,,False,False,False,False,0,0.0,0,0,32.0,False,cache_miss,False,False,0,0.0,f8f6a6c6d42aab5a41e6bc956b69cd641a9927ca8412e2c16ffcb95f61964769,True,,,1,0,7715.384913,8058.07305,6,8253,4,32
20260726_formal4t4_reuse_intensive_Ideal_rep0,0,Ideal,Ideal,115,reuse_intensive:rep0:req115,reuse_intensive,1,64,0,L0064,8192,2,0;2,True,1789725032.1658692,8192,8192,8192,15.41230845451355,False,False,False,False,8192,161.84,2,2,8224.0,True,cache_reused,False,False,0,0.0,1e37fa3d259197edf18dcfc725cf394228eaa8efc8e004041598dd64a9815edd,True,,,1,0,598.332837,1173.597409,6,8253,4,8224
20260726_formal4t4_reuse_intensive_Ideal_rep0,0,Ideal,Ideal,116,reuse_intensive:rep0:req116,reuse_intensive,1,111,0,L0111,8192,2,,False,1789725040.2292416,0,0,0,,False,False,False,False,0,0.0,0,0,32.0,False,cache_miss,False,False,0,0.0,385c79c1ba14b4d3f1eeab3b435304dae49db902d598eee5a19d9c2ab6efd26c,True,,,1,0,7345.609727,7690.595383,6,8253,4,32
20260726_formal4t4_reuse_intensive_Ideal_rep0,0,Ideal,Ideal,117,reuse_intensive:rep0:req117,reuse_intensive,1,66,1,L0066,8192,1,1;2,False,1789725040.2292945,8192,8192,8192,8.064144134521484,False,False,False,False,8192,0.0,2,2,8224.0,False,cache_reused,False,False,0,0.0,e7c2b47f9e14d9de1da0af1e2dc3c931d73a3f045090e2c30425e69d690a9a3b,True,,,1,0,313.076667,725.999373,6,8253,4,8224
20260726_formal4t4_reuse_intensive_Ideal_rep0,0,Ideal,Ideal,118,reuse_intensive:rep0:req118,reuse_intensive,1,64,1,L0064,8192,0,0;2,True,1789725040.2293346,8192,8192,8192,0.0018324851989746094,False,False,False,False,8192,163.84,2,2,8224.0,True,cache_reused,False,False,0,0.0,3990e821a609083efee48751aea75a2fa53ba2c0aed00a5e4d7f41dd9bd03720,True,,,1,0,320.455673,672.610046,6,8253,4,8224
20260726_formal4t4_reuse_intensive_Ideal_rep0,0,Ideal,Ideal,119,reuse_intensive:rep0:req119,reuse_intensive,1,66,2,L0066,8192,1,1;2,True,1789725040.2293675,8192,8192,8192,8.06421709060669,False,False,False,False,8192,161.84,2,2,8224.0,True,cache_reused,False,False,0,0.0,c1f9c17583d76b1f239d85303e15f2c13fd8ca7ed9384eadae800081c739439d,True,,,1,0,444.304005,837.755087,6,8253,4,8224
20260726_formal4t4_reuse_intensive_Adaptive@rho1.2_c01024_theta30_rep0,0,Adaptive@rho1.2_c01024_theta30,Adaptive,24,reuse_intensive:rep0:req24,reuse_intensive,0,0,2,L0000,8192,3,,False,1789725226.0208652,8192,0,0,177.09060716629028,True,True,False,False,0,0.0,0,0,8224.0,False,cache_reused,False,False,0,0.0,a537e113d9e7fbef13fad5f463cac4d3556bb2273ff9bacfdd2bc9bd0e1ca33a,True,,,1,0,299.906341,680.312713,6,8252,4,8224
20260726_formal4t4_reuse_intensive_Adaptive@rho1.2_c01024_theta30_rep0,0,Adaptive@rho1.2_c01024_theta30,Adaptive,25,reuse_intensive:rep0:req25,reuse_intensive,0,6,1,L0006,8192,2,0;2,True,1789725226.0209203,8192,8192,8192,120.0967710018158,False,False,False,False,8192,163.84,2,2,8224.0,True,cache_reused,False,False,0,0.0,878207121db3886cef83ae705a13562f0b670500c14dbaad0a7b1a609f03c5f0,True,,,1,0,195.767253,538.40923,6,8252,4,8224
20260726_formal4t4_reuse_intensive_Adaptive@rho1.2_c01024_theta30_rep0,0,Adaptive@rho1.2_c01024_theta30,Adaptive,26,reuse_intensive:rep0:req26,reuse_intensive,0,3,0,L0003,8192,0,0;3,False,1789725226.0209603,8192,8192,8192,144.79191207885742,False,False,False,False,8192,0.0,2,2,32.0,False,fallback_prefill,True,True,0,8160.0,29fc0aa7d06467b43c160d2c6b99b1f909b2d305a8e9ca703ed9a607d770ac75,True,,,1,0,7530.871347,7877.393978,6,8252,4,32
20260726_formal4t4_reuse_intensive_Adaptive@rho1.2_c01024_theta30_rep0,0,Adaptive@rho1.2_c01024_theta30,Adaptive,27,reuse_intensive:rep0:req27,reuse_intensive,0,1,0,L0001,8192,1,1,False,1789725226.020993,8192,8192,8192,160.90033411979675,False,False,False,False,8192,0.0,1,1,8224.0,False,cache_reused,False,False,0,0.0,5b428df70bba7b62870d36de26068b25d5e6ac26760abc10ba5628c23798e732,True,,,1,0,306.179699,675.764463,6,8252,4,8224
20260726_formal4t4_reuse_intensive_Adaptive@rho1.2_c01024_theta30_rep0,0,Adaptive@rho1.2_c01024_theta30,Adaptive,28,reuse_intensive:rep0:req28,reuse_intensive,0,1,1,L0001,8192,2,,False,1789725233.9042263,8192,0,0,184.9739682674408,True,True,False,False,0,0.0,0,0,32.0,False,cache_miss,False,False,0,0.0,eb6a44fe8b905de300633bf70f8312b6d6069a6328f122ddd8365add3c98f200,True,,,1,0,7290.729556,7628.293538,6,8252,4,32
20260726_formal4t4_reuse_intensive_Adaptive@rho1.2_c01024_theta30_rep0,0,Adaptive@rho1.2_c01024_theta30,Adaptive,29,reuse_intensive:rep0:req29,reuse_intensive,0,0,0,L0000,8192,3,,False,1789725233.9042659,8192,0,0,184.97400784492493,True,True,False,False,0,0.0,0,0,8224.0,False,cache_reused,False,False,0,0.0,6016383f67275265c51ab763b0b862d2f63aaed683e9e3b0d4f7d872c3cece3e,True,,,1,0,311.251674,705.088774,6,8252,4,8224
20260726_formal4t4_reuse_intensive_Adaptive@rho1.2_c01024_theta30_rep0,0,Adaptive@rho1.2_c01024_theta30,Adaptive,30,reuse_intensive:rep0:req30,reuse_intensive,0,0,1,L0000,8192,0,,False,1789725233.9042935,8192,0,0,184.9740355014801,True,True,False,False,0,0.0,0,0,32.0,False,cache_miss,False,False,0,0.0,0b243361badfdac8da9b4897ee20d016c7bbc5162983a3a914169b3ce55c8858,True,,,1,0,7614.436053,7974.605202,6,8252,4,32
20260726_formal4t4_reuse_intensive_Adaptive@rho1.2_c01024_theta30_rep0,0,Adaptive@rho1.2_c01024_theta30,Adaptive,31,reuse_intensive:rep0:req31,reuse_intensive,0,29,0,L0029,8192,1,,False,1789725233.9043157,0,0,0,,False,False,False,False,0,0.0,0,0,32.0,False,cache_miss,False,False,0,0.0,91092d879981d50fd158d371832e1de76a2574f6689f5742bd3d4e6623eea9ac,True,,,1,0,7747.17523,8092.411625,6,8252,4,32
20260726_formal4t4_reuse_intensive_Adaptive@rho1.2_c01024_theta30_rep0,0,Adaptive@rho1.2_c01024_theta30,Adaptive,32,reuse_intensive:rep0:req32,reuse_intensive,0,30,0,L0030,8192,2,,False,1789725242.0036862,0,0,0,,False,False,False,False,0,0.0,0,0,32.0,False,cache_miss,False,False,0,0.0,2e049c771049b3db7bd936c552b84df1d628d8dde19a5c967ebeb648f937f353,True,,,1,0,7665.259291,8023.308057,6,8252,4,32
20260726_formal4t4_reuse_intensive_Adaptive@rho1.2_c01024_theta30_rep0,0,Adaptive@rho1.2_c01024_theta30,Adaptive,33,reuse_intensive:rep0:req33,reuse_intensive,0,1,2,L0001,8192,0,,False,1789725242.003724,8192,0,0,193.07346606254578,True,True,False,False,0,0.0,0,0,8224.0,False,cache_reused,False,False,0,0.0,811d49f888875829912a9cbea6ffd097c1866247a435e53878e9684e8fe150e2,True,,,1,0,195.794612,546.550869,6,8252,4,8224
20260726_formal4t4_reuse_intensive_Adaptive@rho1.2_c01024_theta30_rep0,0,Adaptive@rho1.2_c01024_theta30,Adaptive,34,reuse_intensive:rep0:req34,reuse_intensive,0,0,2,L0000,8192,1,,False,1789725242.003753,8192,0,0,193.07349491119385,True,True,False,False,0,0.0,0,0,8224.0,False,cache_reused,False,False,0,0.0,6b16377ee381346ef652ec7260f73168c87c7936c7c5da805d4404840d87f119,True,,,1,0,194.750889,547.94625,6,8252,4,8224
20260726_formal4t4_reuse_intensive_Adaptive@rho1.2_c01024_theta30_rep0,0,Adaptive@rho1.2_c01024_theta30,Adaptive,35,reuse_intensive:rep0:req35,reuse_intensive,0,13,1,L0013,8192,3,,False,1789725242.0037766,8192,0,0,193.07351851463318,True,True,False,False,0,0.0,0,0,8224.0,False,cache_reused,False,False,0,0.0,697dd8779d3a0b05be71bb8d35df6397245999dee4a7d27181d260af0d2d12dc,True,,,1,0,328.500697,695.071377,6,8252,4,8224
20260726_formal4t4_reuse_intensive_Adaptive@rho1.2_c01024_theta30_rep0,0,Adaptive@rho1.2_c01024_theta30,Adaptive,36,reuse_intensive:rep0:req36,reuse_intensive,0,1,0,L0001,8192,2,,False,1789725250.0301044,8192,0,0,201.09984636306763,True,True,False,False,0,0.0,0,0,8224.0,False,cache_reused,False,False,0,0.0,c67c6513cce6d93a5a51175180eaa85e3fc9cf5cb0368b2a71dc7343557881e2,True,,,1,0,197.465475,536.509643,6,8252,4,8224
20260726_formal4t4_reuse_intensive_Adaptive@rho1.2_c01024_theta30_rep0,0,Adaptive@rho1.2_c01024_theta30,Adaptive,37,reuse_intensive:rep0:req37,reuse_intensive,0,12,0,L0012,8192,0,0;3,True,1789725250.030175,8192,8192,8192,101.57596611976624,False,False,False,False,8192,163.84,2,2,8224.0,True,cache_reused,False,False,0,0.0,1e291c1ef900faf69b62516930b8e601e5e66c8fedbe1e37303cdbea70f434ec,True,,,1,0,345.367285,15195.609826,6,8252,4,8224
20260726_formal4t4_reuse_intensive_Adaptive@rho1.2_c01024_theta30_rep0,0,Adaptive@rho1.2_c01024_theta30,Adaptive,38,reuse_intensive:rep0:req38,reuse_intensive,0,7,0,L0007,8192,0,0;2,True,1789725250.0302484,8192,8192,8192,135.7864978313446,False,False,True,False,8192,161.84,2,2,1456.0,True,cache_reused,False,False,0,6736.0,71aede95a3e09a03ab7fcfed72b4e9b28841b5b9893dcd90b0f545f1c069690a,True,,,1,0,16281.770091,16636.562668,6,8252,4,1456
20260726_formal4t4_reuse_intensive_Adaptive@rho1.2_c01024_theta30_rep0,0,Adaptive@rho1.2_c01024_theta30,Adaptive,39,reuse_intensive:rep0:req39,reuse_intensive,0,1,1,L0001,8192,3,,False,1789725250.030275,8192,0,0,201.10001707077026,True,True,False,False,0,0.0,0,0,32.0,False,cache_miss,False,False,0,0.0,fb40259fa2475412dd86da28276448085ec4efb1b0939fc79e1d9fa05ddff9c0,True,,,1,0,7578.284595,7924.60319,6,8252,4,32
20260726_formal4t4_reuse_intensive_Adaptive@rho1.2_c01024_theta30_rep0,0,Adaptive@rho1.2_c01024_theta30,Adaptive,40,reuse_intensive:rep0:req40,reuse_intensive,0,1,2,L0001,8192,0,,False,1789725266.6728168,8192,0,0,217.74255871772766,True,True,False,False,0,0.0,0,0,8224.0,False,cache_reused,False,False,0,0.0,379ffc14c7ed06933bcfa4969299e5f0e0a5779bdd7eb14010cefae9dcfff67e,True,,,1,0,208.648641,879.821805,6,8252,4,8224
20260726_formal4t4_reuse_intensive_Adaptive@rho1.2_c01024_theta30_rep0,0,Adaptive@rho1.2_c01024_theta30,Adaptive,41,reuse_intensive:rep0:req41,reuse_intensive,0,0,0,L0000,8192,2,,False,1789725266.6728573,8192,0,0,217.7425992488861,True,True,False,False,0,0.0,0,0,8224.0,False,cache_reused,False,False,0,0.0,ddb6fb4c0688874c45771605609437aa287708c2bc7fcbca5022d33f57786564,True,,,1,0,340.322902,703.780247,6,8252,4,8224
20260726_formal4t4_reuse_intensive_Adaptive@rho1.2_c01024_theta30_rep0,0,Adaptive@rho1.2_c01024_theta30,Adaptive,42,reuse_intensive:rep0:req42,reuse_intensive,0,1,0,L0001,8192,1,,False,1789725266.672885,8192,0,0,217.74262690544128,True,True,False,False,0,0.0,0,0,8224.0,False,cache_reused,False,False,0,0.0,828ab96627b7816079cb1d0a29da11d6a39e0349ef365e610637b286f4e10583,True,,,1,0,279.322128,662.144683,6,8252,4,8224
20260726_formal4t4_reuse_intensive_Adaptive@rho1.2_c01024_theta30_rep0,0,Adaptive@rho1.2_c01024_theta30,Adaptive,43,reuse_intensive:rep0:req43,reuse_intensive,0,2,1,L0002,8192,0,0,True,1789725266.6729214,8192,8192,8192,193.59489345550537,False,False,False,False,8192,161.84,1,1,8224.0,True,cache_reused,False,False,0,0.0,8ede26b5439d1f89667d9d02cd82b5428be8d6708ec531d379daa6f7296eb44e,True,,,1,0,430.764679,990.546621,6,8252,4,8224
20260726_formal4t4_reuse_intensive_Adaptive@rho1.2_c01024_theta30_rep0,0,Adaptive@rho1.2_c01024_theta30,Adaptive,44,reuse_intensive:rep0:req44,reuse_intensive,0,0,1,L0000,8192,1,,False,1789725267.670616,8192,0,0,218.74035787582397,True,True,False,False,0,0.0,0,0,8224.0,False,cache_reused,False,False,0,0.0,71b073f148a496bb1db46abbb19e686b0fd398f17c4ed1131f0c86b6396eb20d,True,,,1,0,194.220849,546.741632,6,8252,4,8224
20260726_formal4t4_reuse_intensive_Adaptive@rho1.2_c01024_theta30_rep0,0,Adaptive@rho1.2_c01024_theta30,Adaptive,45,reuse_intensive:rep0:req45,reuse_intensive,0,0,2,L0000,8192,0,,False,1789725267.6706543,8192,0,0,218.7403962612152,True,True,False,False,0,0.0,0,0,8224.0,False,cache_reused,False,False,0,0.0,36af326f7fee1a714c5febcf3a88e6391b7ecdb862631b31be9703d3f433e308,True,,,1,0,194.830077,555.651444,6,8252,4,8224
20260726_formal4t4_reuse_intensive_Adaptive@rho1.2_c01024_theta30_rep0,0,Adaptive@rho1.2_c01024_theta30,Adaptive,46,reuse_intensive:rep0:req46,reuse_intensive,0,0,0,L0000,8192,3,,False,1789725267.6706796,8192,0,0,218.7404215335846,True,True,False,False,0,0.0,0,0,8224.0,False,cache_reused,False,False,0,0.0,45e7b5b08fbdfa09232d2dcd5d0ea45dbdb0ee2bb71778f220b12e2f822c8670,True,,,1,0,318.910351,710.063686,6,8252,4,8224
20260726_formal4t4_reuse_intensive_Adaptive@rho1.2_c01024_theta30_rep0,0,Adaptive@rho1.2_c01024_theta30,Adaptive,47,reuse_intensive:rep0:req47,reuse_intensive,0,0,1,L0000,8192,2,,False,1789725267.6707008,8192,0,0,218.74044275283813,True,True,False,False,0,0.0,0,0,8224.0,False,cache_reused,False,False,0,0.0,557ff2cf8d8a40684dcafef822af047b621c9f6f3f1b0331565c9b68f725bcc8,True,,,1,0,192.621852,541.632137,6,8252,4,8224
20260726_formal4t4_reuse_intensive_Adaptive@rho1.2_c01024_theta30_rep0,0,Adaptive@rho1.2_c01024_theta30,Adaptive,48,reuse_intensive:rep0:req48,reuse_intensive,0,10,0,L0010,8192,0,0;3,True,1789725268.3865004,8192,8192,8192,129.24646496772766,False,False,False,False,8192,163.84,2,2,8224.0,True,cache_reused,False,False,0,0.0,9853509ad3a3489969f1ecdae6836f1b06ac52bdd7f16f867447d233b71927de,True,,,1,0,201.15552,559.512537,6,8252,4,8224
20260726_formal4t4_reuse_intensive_Adaptive@rho1.2_c01024_theta30_rep0,0,Adaptive@rho1.2_c01024_theta30,Adaptive,49,reuse_intensive:rep0:req49,reuse_intensive,0,3,1,L0003,8192,3,3,False,1789725268.3865492,8192,8192,8192,187.15729117393494,False,False,False,False,8192,0.0,1,1,1456.0,False,cache_reused,False,False,0,6736.0,9e3ff8d53f39bc4703e501a62b76f9388a76de5b34dd02519d44fc579ae1feb8,True,,,1,0,8668.074817,9023.288482,6,8252,4,1456
20260726_formal4t4_reuse_intensive_Adaptive@rho1.2_c01024_theta30_rep0,0,Adaptive@rho1.2_c01024_theta30,Adaptive,50,reuse_intensive:rep0:req50,reuse_intensive,0,1,1,L0001,8192,2,,False,1789725268.3865795,8192,0,0,219.45632147789001,True,True,False,False,0,0.0,0,0,8224.0,False,cache_reused,False,False,0,0.0,f21233172ef15c5ff6945d2c3f1107c85f83552ade0508d47b9ed98ca15eb12c,True,,,1,0,193.996689,874.907729,6,8252,4,8224
20260726_formal4t4_reuse_intensive_Adaptive@rho1.2_c01024_theta30_rep0,0,Adaptive@rho1.2_c01024_theta30,Adaptive,51,reuse_intensive:rep0:req51,reuse_intensive,0,6,2,L0006,8192,2,0;2,True,1789725268.386616,8192,8192,8192,162.46246671676636,False,False,False,False,8192,161.84,2,2,8224.0,True,cache_reused,False,False,0,0.0,7732aae192a9aa4a29020e21a9de359261e450d2779efe5c5e0876e6fd8de5b5,True,,,1,0,421.685278,989.170907,6,8252,4,8224
20260726_formal4t4_reuse_intensive_Adaptive@rho1.2_c01024_theta30_rep0,0,Adaptive@rho1.2_c01024_theta30,Adaptive,52,reuse_intensive:rep0:req52,reuse_intensive,0,58,0,L0058,8192,0,,False,1789725277.4145634,0,0,0,,False,False,False,False,0,0.0,0,0,32.0,False,cache_miss,False,False,0,0.0,7abd0a2db0a25ea2cbd4da1153dcb36d9db88cee06435eaed242b53771d171e4,True,,,1,0,8119.394982,8479.165513,6,8252,4,32
20260726_formal4t4_reuse_intensive_Adaptive@rho1.2_c01024_theta30_rep0,0,Adaptive@rho1.2_c01024_theta30,Adaptive,53,reuse_intensive:rep0:req53,reuse_intensive,0,0,2,L0000,8192,3,,False,1789725277.4146016,8192,0,0,228.48434352874756,True,True,False,False,0,0.0,0,0,8224.0,False,cache_reused,False,False,0,0.0,353f6721e7ddde1bc0fe493d58870e8dcae2f6d122e76447b768b8597602d41e,True,,,1,0,187.136249,869.495274,6,8252,4,8224
20260726_formal4t4_reuse_intensive_Adaptive@rho1.2_c01024_theta30_rep0,0,Adaptive@rho1.2_c01024_theta30,Adaptive,54,reuse_intensive:rep0:req54,reuse_intensive,0,3,2,L0003,8192,3,3,True,1789725277.414645,8192,8192,8192,196.18538689613342,False,False,False,False,8192,161.84,1,1,8224.0,True,cache_reused,False,False,0,0.0,22ed6b44be65724d36e8f59e9a814122074de70005b919fbbf7542ccb85ad71c,True,,,1,0,413.71775,983.945806,6,8252,4,8224
20260726_formal4t4_reuse_intensive_Adaptive@rho1.2_c01024_theta30_rep0,0,Adaptive@rho1.2_c01024_theta30,Adaptive,55,reuse_intensive:rep0:req55,reuse_intensive,0,0,0,L0000,8192,1,,False,1789725277.4146712,8192,0,0,228.48441314697266,True,True,False,False,0,0.0,0,0,8224.0,False,cache_reused,False,False,0,0.0,eb850fed080a9e55a91e37ff8eedd2a757d6ad91d32b5218224991eacce39cac,True,,,1,0,329.860575,692.303974,6,8252,4,8224
20260726_formal4t4_reuse_intensive_Adaptive@rho1.2_c01024_theta30_rep0,0,Adaptive@rho1.2_c01024_theta30,Adaptive,56,reuse_intensive:rep0:req56,reuse_intensive,0,2,2,L0002,8192,0,0,True,1789725285.8972251,8192,8192,8192,212.81919717788696,False,False,False,False,8192,163.84,1,1,8224.0,True,cache_reused,False,False,0,0.0,08cec581308e56ce70ef6266aa77cdc573e62b004239a749b01e3e5f79da2941,True,,,1,0,191.204788,559.028278,6,8252,4,8224
20260726_formal4t4_reuse_intensive_Adaptive@rho1.2_c01024_theta30_rep0,0,Adaptive@rho1.2_c01024_theta30,Adaptive,57,reuse_intensive:rep0:req57,reuse_intensive,0,0,1,L0000,8192,3,,False,1789725285.8972661,8192,0,0,236.96700811386108,True,True,False,False,0,0.0,0,0,8224.0,False,cache_reused,False,False,0,0.0,5646f97bef467b6749c605fb9aa5b25442a4f25c8fc09d146211635c8cb42793,True,,,1,0,306.418233,681.36096,6,8252,4,8224
20260726_formal4t4_reuse_intensive_Adaptive@rho1.2_c01024_theta30_rep0,0,Adaptive@rho1.2_c01024_theta30,Adaptive,58,reuse_intensive:rep0:req58,reuse_intensive,0,0,2,L0000,8192,1,,False,1789725285.8972933,8192,0,0,236.9670352935791,True,True,False,False,0,0.0,0,0,8224.0,False,cache_reused,False,False,0,0.0,2d90a5aa922158fc566094528a5fb092678562b5341c8c7945cbe08120e56023,True,,,1,0,308.122268,687.367128,6,8252,4,8224
20260726_formal4t4_reuse_intensive_Adaptive@rho1.2_c01024_theta30_rep0,0,Adaptive@rho1.2_c01024_theta30,Adaptive,59,reuse_intensive:rep0:req59,reuse_intensive,0,2,0,L0002,8192,0,0,True,1789725285.8973246,8192,8192,8192,212.81929659843445,False,False,False,False,8192,161.84,1,1,8224.0,True,cache_reused,False,False,0,0.0,17ed62314a2b4479e09f1eec96243ebe94c106bc6fc04a360fd9e38dc8a992ec,True,,,1,0,311.98285,668.279904,6,8252,4,8224
20260726_formal4t4_reuse_intensive_Adaptive@rho1.2_c01024_theta30_rep0,0,Adaptive@rho1.2_c01024_theta30,Adaptive,60,reuse_intensive:rep0:req60,reuse_intensive,1,64,0,L0064,8192,3,,False,1789725286.590401,0,0,0,,False,False,False,False,0,0.0,0,0,32.0,False,cache_miss,False,False,0,0.0,089b463c84a51c60153b7b1300f7bcdce3869347c6054cd0c96cca1e2ad11121,True,,,1,0,7852.116928,8199.153254,6,8252,4,32
20260726_formal4t4_reuse_intensive_Adaptive@rho1.2_c01024_theta30_rep0,0,Adaptive@rho1.2_c01024_theta30,Adaptive,61,reuse_intensive:rep0:req61,reuse_intensive,1,69,0,L0069,8192,1,,False,1789725286.590439,0,0,0,,False,False,False,False,0,0.0,0,0,32.0,False,cache_miss,False,False,0,0.0,e064c087bc2d73b361c44efba62a2c7ba0d39305477a8a97420bedb9f7855fe1,True,,,1,0,7731.204865,8086.464284,6,8252,4,32
20260726_formal4t4_reuse_intensive_Adaptive@rho1.2_c01024_theta30_rep0,0,Adaptive@rho1.2_c01024_theta30,Adaptive,62,reuse_intensive:rep0:req62,reuse_intensive,1,75,0,L0075,8192,2,,False,1789725286.590464,0,0,0,,False,False,False,False,0,0.0,0,0,32.0,False,cache_miss,False,False,0,0.0,feb676252d1d4259a0099c97eb64b3c97c9c51af36fc3f6e8bbe18f921103784,True,,,1,0,7807.147316,8166.435632,6,8252,4,32
20260726_formal4t4_reuse_intensive_Adaptive@rho1.2_c01024_theta30_rep0,0,Adaptive@rho1.2_c01024_theta30,Adaptive,63,reuse_intensive:rep0:req63,reuse_intensive,1,64,1,L0064,8192,0,,False,1789725286.5904856,0,0,0,,False,False,False,False,0,0.0,0,0,32.0,False,cache_miss,False,False,0,0.0,9f0eb047ce7068a6dc9095885e9be1f6373a78a4f1db02201c317acd9a9e10d0,True,,,1,0,7677.030128,8033.986545,6,8252,4,32
20260726_formal4t4_reuse_intensive_Adaptive@rho1.2_c01024_theta30_rep0,0,Adaptive@rho1.2_c01024_theta30,Adaptive,64,reuse_intensive:rep0:req64,reuse_intensive,1,67,0,L0067,8192,3,,False,1789725294.7928011,0,0,0,,False,False,False,False,0,0.0,0,0,32.0,False,cache_miss,False,False,0,0.0,3b04c2c8cce1b463fecb94ef491b18814ac779547fe4b7d189d99d05d43d4d4a,True,,,1,0,7843.310361,8203.169005,6,8252,4,32
20260726_formal4t4_reuse_intensive_Adaptive@rho1.2_c01024_theta30_rep0,0,Adaptive@rho1.2_c01024_theta30,Adaptive,65,reuse_intensive:rep0:req65,reuse_intensive,1,104,0,L0104,8192,2,,False,1789725294.7928374,0,0,0,,False,False,False,False,0,0.0,0,0,16.0,False,cache_miss,False,False,0,0.0,c5a6664ef4d98e42a298d892cc3e61a21b59ba6323d65a23754a07ca2cff2d47,True,,,1,0,7601.245285,7953.094435,6,8252,4,16
20260726_formal4t4_reuse_intensive_Adaptive@rho1.2_c01024_theta30_rep0,0,Adaptive@rho1.2_c01024_theta30,Adaptive,66,reuse_intensive:rep0:req66,reuse_intensive,1,121,0,L0121,8192,1,,False,1789725294.7928612,0,0,0,,False,False,False,False,0,0.0,0,0,16.0,False,cache_miss,False,False,0,0.0,7ae11b0f79c534cae7e113a0f9b5f18b0ac6d431006d369b831fd03f9a578466,True,,,1,0,8143.568719,8511.571395,6,8252,4,16
20260726_formal4t4_reuse_intensive_Adaptive@rho1.2_c01024_theta30_rep0,0,Adaptive@rho1.2_c01024_theta30,Adaptive,67,reuse_intensive:rep0:req67,reuse_intensive,1,64,2,L0064,8192,0,,False,1789725294.7928815,8192,0,0,245.86262345314026,True,True,False,False,0,0.0,0,0,8224.0,False,cache_reused,False,False,0,0.0,2b651e63b6f47be3f349b40bf49c3fe96f27d0c38292326469b7ac147c3b4ecf,True,,,1,0,196.287432,549.76214,6,8252,4,8224
20260726_formal4t4_reuse_intensive_Adaptive@rho1.2_c01024_theta30_rep0,0,Adaptive@rho1.2_c01024_theta30,Adaptive,68,reuse_intensive:rep0:req68,reuse_intensive,1,64,0,L0064,8192,3,,False,1789725303.3081756,8192,0,0,254.37791752815247,True,True,False,False,0,0.0,0,0,8224.0,False,cache_reused,False,False,0,0.0,7e327c6062852bc1a8e4858ab783b956491d75d6e49bb4df07fcc6fc947eab20,True,,,1,0,186.19228,534.517384,6,8252,4,8224
20260726_formal4t4_reuse_intensive_Adaptive@rho1.2_c01024_theta30_rep0,0,Adaptive@rho1.2_c01024_theta30,Adaptive,69,reuse_intensive:rep0:req69,reuse_intensive,1,70,0,L0070,8192,0,,False,1789725303.3081908,0,0,0,,False,False,False,False,0,0.0,0,0,32.0,False,cache_miss,False,False,0,0.0,31b430f2b42c985587803aeffd9b5c2a7efecebfe800331011040477cea53507,True,,,1,0,7986.107703,8345.371931,6,8252,4,32
20260726_formal4t4_reuse_intensive_Adaptive@rho1.2_c01024_theta30_rep0,0,Adaptive@rho1.2_c01024_theta30,Adaptive,70,reuse_intensive:rep0:req70,reuse_intensive,1,96,0,L0096,8192,2,,False,1789725303.3081994,0,0,0,,False,False,False,False,0,0.0,0,0,32.0,False,cache_miss,False,False,0,0.0,1562a2587d8bbf08177be590f5a861940ef28cbd0f115fc9a2b54218a6500206,True,,,1,0,7766.420815,8125.272088,6,8252,4,32
20260726_formal4t4_reuse_intensive_Adaptive@rho1.2_c01024_theta30_rep0,0,Adaptive@rho1.2_c01024_theta30,Adaptive,71,reuse_intensive:rep0:req71,reuse_intensive,1,88,0,L0088,8192,1,,False,1789725303.3082073,0,0,0,,False,False,False,False,0,0.0,0,0,32.0,False,cache_miss,False,False,0,0.0,d4b02bbe95867ea286c3e19149b43ae253bbd71a6fdbaf7d271d920f9b3c25f7,True,,,1,0,7654.088756,8001.232649,6,8252,4,32
20260726_formal4t4_reuse_intensive_Adaptive@rho1.2_c01024_theta30_rep0,0,Adaptive@rho1.2_c01024_theta30,Adaptive,72,reuse_intensive:rep0:req72,reuse_intensive,1,66,0,L0066,8192,3,,False,1789725311.6571972,0,0,0,,False,False,False,False,0,0.0,0,0,32.0,False,cache_miss,False,False,0,0.0,4b88b3ab52b079984709db2a3ba7d0c0e9654632660853071ca0ada30c5b8e23,True,,,1,0,8059.645601,8415.920945,6,8252,4,32
20260726_formal4t4_reuse_intensive_Adaptive@rho1.2_c01024_theta30_rep0,0,Adaptive@rho1.2_c01024_theta30,Adaptive,73,reuse_intensive:rep0:req73,reuse_intensive,1,64,1,L0064,8192,1,,False,1789725311.6572354,8192,0,0,262.72697734832764,True,True,False,False,0,0.0,0,0,32.0,False,cache_miss,False,False,0,0.0,c950d5acf8cacb5ac8365826f8d76b0adb37ce728485d90d3416556e8b3f06c1,True,,,1,0,7725.160698,8075.010609,6,8252,4,32
20260726_formal4t4_reuse_intensive_Adaptive@rho1.2_c01024_theta30_rep0,0,Adaptive@rho1.2_c01024_theta30,Adaptive,74,reuse_intensive:rep0:req74,reuse_intensive,1,65,0,L0065,8192,2,,False,1789725311.6572638,0,0,0,,False,False,False,False,0,0.0,0,0,32.0,False,cache_miss,False,False,0,0.0,cf23eda80587deccf274b3c8318fc7a3447b945c4af2b57859d6bb0994481130,True,,,1,0,7717.634179,8072.497312,6,8252,4,32
20260726_formal4t4_reuse_intensive_Adaptive@rho1.2_c01024_theta30_rep0,0,Adaptive@rho1.2_c01024_theta30,Adaptive,75,reuse_intensive:rep0:req75,reuse_intensive,1,66,1,L0066,8192,0,,False,1789725311.657286,0,0,0,,False,False,False,False,0,0.0,0,0,32.0,False,cache_miss,False,False,0,0.0,2afa795c1d9335e66ccf326f21278446071639c48d8ce7b6479a229a98f6ef5f,True,,,1,0,8058.319654,8417.853969,6,8252,4,32
20260726_formal4t4_reuse_intensive_Adaptive@rho1.2_c01024_theta30_rep0,0,Adaptive@rho1.2_c01024_theta30,Adaptive,76,reuse_intensive:rep0:req76,reuse_intensive,1,64,2,L0064,8192,3,,False,1789725320.0821943,8192,0,0,271.1519362926483,True,True,False,False,0,0.0,0,0,8224.0,False,cache_reused,False,False,0,0.0,58044fbca4d2715b3e1f7843ab25925c7d9d320305137a4065be9724e327738c,True,,,1,0,186.696873,536.771219,6,8252,4,8224
20260726_formal4t4_reuse_intensive_Adaptive@rho1.2_c01024_theta30_rep0,0,Adaptive@rho1.2_c01024_theta30,Adaptive,77,reuse_intensive:rep0:req77,reuse_intensive,1,65,1,L0065,8192,2,,False,1789725320.0822337,8192,0,0,271.15197563171387,True,True,False,False,0,0.0,0,0,8224.0,False,cache_reused,False,False,0,0.0,5ce347e54ef5073887d07defde44b001665e459d0c76a9fd5d4103728d412570,True,,,1,0,183.534128,540.942943,6,8252,4,8224
20260726_formal4t4_reuse_intensive_Adaptive@rho1.2_c01024_theta30_rep0,0,Adaptive@rho1.2_c01024_theta30,Adaptive,78,reuse_intensive:rep0:req78,reuse_intensive,1,65,2,L0065,8192,1,,False,1789725320.0822594,8192,0,0,271.1520013809204,True,True,False,False,0,0.0,0,0,32.0,False,cache_miss,False,False,0,0.0,e10b23878e600e38933965aa3c969a6079ac47069719c34a9d17e3e349fb9004,True,,,1,0,8160.749852,8522.129226,6,8252,4,32
20260726_formal4t4_reuse_intensive_Adaptive@rho1.2_c01024_theta30_rep0,0,Adaptive@rho1.2_c01024_theta30,Adaptive,79,reuse_intensive:rep0:req79,reuse_intensive,1,65,0,L0065,8192,0,,False,1789725320.0822809,8192,0,0,271.15202283859253,True,True,False,False,0,0.0,0,0,32.0,False,cache_miss,False,False,0,0.0,3ff5d6eab81af23e109a3b941c31e85653ebae63fb2b579dfead4105b017c4f0,True,,,1,0,7945.402131,8297.628576,6,8252,4,32
20260726_formal4t4_reuse_intensive_Adaptive@rho1.2_c01024_theta30_rep0,0,Adaptive@rho1.2_c01024_theta30,Adaptive,80,reuse_intensive:rep0:req80,reuse_intensive,1,74,0,L0074,8192,3,,False,1789725328.608446,0,0,0,,False,False,False,False,0,0.0,0,0,32.0,False,cache_miss,False,False,0,0.0,c2e48e11cca01c63dbbd64f9581bba8c292a6d589e3ef4422c8a1ce17ed15f2b,True,,,1,0,8421.200412,8784.891412,6,8252,4,32
20260726_formal4t4_reuse_intensive_Adaptive@rho1.2_c01024_theta30_rep0,0,Adaptive@rho1.2_c01024_theta30,Adaptive,81,reuse_intensive:rep0:req81,reuse_intensive,1,64,0,L0064,8192,0,,False,1789725328.608465,8192,0,0,279.6782069206238,True,True,False,False,0,0.0,0,0,8224.0,False,cache_reused,False,False,0,0.0,7cc18dfa6275ec2f50e89a33e63355cfa5cf153cbcf479f6999bd614e53c9278,True,,,1,0,184.39108,544.719788,6,8252,4,8224
20260726_formal4t4_reuse_intensive_Adaptive@rho1.2_c01024_theta30_rep0,0,Adaptive@rho1.2_c01024_theta30,Adaptive,82,reuse_intensive:rep0:req82,reuse_intensive,1,65,1,L0065,8192,2,,False,1789725328.6084769,8192,0,0,279.67821884155273,True,True,False,False,0,0.0,0,0,8224.0,False,cache_reused,False,False,0,0.0,486fdd60ab5b1cfb87f35c3939819655bc075006f82798d04a780dfb4999920c,True,,,1,0,309.08944,704.285659,6,8252,4,8224
20260726_formal4t4_reuse_intensive_Adaptive@rho1.2_c01024_theta30_rep0,0,Adaptive@rho1.2_c01024_theta30,Adaptive,83,reuse_intensive:rep0:req83,reuse_intensive,1,69,1,L0069,8192,1,,False,1789725328.6084876,8192,0,0,279.6782295703888,True,True,False,False,0,0.0,0,0,8224.0,False,cache_reused,False,False,0,0.0,14f8c65659f1a340bdd1f10864b4deb20af1d4615168e1e4ef11a5e69f76c791,True,,,1,0,196.342087,554.302518,6,8252,4,8224
20260726_formal4t4_reuse_intensive_Adaptive@rho1.2_c01024_theta30_rep0,0,Adaptive@rho1.2_c01024_theta30,Adaptive,84,reuse_intensive:rep0:req84,reuse_intensive,1,65,2,L0065,8192,3,,False,1789725337.3945212,8192,0,0,288.4642632007599,True,True,False,False,0,0.0,0,0,32.0,False,cache_miss,False,False,0,0.0,e6d78a4e6e43046f235b8d797b01b472b3a9d2bd17c407a8b1b11fcd97fe9638,True,,,1,0,8044.768656,8396.703681,6,8252,4,32
20260726_formal4t4_reuse_intensive_Adaptive@rho1.2_c01024_theta30_rep0,0,Adaptive@rho1.2_c01024_theta30,Adaptive,85,reuse_intensive:rep0:req85,reuse_intensive,1,106,0,L0106,8192,1,,False,1789725337.3945363,0,0,0,,False,False,False,False,0,0.0,0,0,32.0,False,cache_miss,False,False,0,0.0,03fb595537c7e7d354bd7aaf63f0b4f9b8a5d53499fcfada0581903efc7a580a,True,,,1,0,7774.710276,8129.123265,6,8252,4,32
20260726_formal4t4_reuse_intensive_Adaptive@rho1.2_c01024_theta30_rep0,0,Adaptive@rho1.2_c01024_theta30,Adaptive,86,reuse_intensive:rep0:req86,reuse_intensive,1,70,1,L0070,8192,2,,False,1789725337.3945444,8192,0,0,288.46428632736206,True,True,False,False,0,0.0,0,0,32.0,False,cache_miss,False,False,0,0.0,780909a339bfe3c2371c7611e9a3caa9a81ab7902d35a1e63703003c7141000b,True,,,1,0,7626.925369,7977.338243,6,8252,4,32
20260726_formal4t4_reuse_intensive_Adaptive@rho1.2_c01024_theta30_rep0,0,Adaptive@rho1.2_c01024_theta30,Adaptive,87,reuse_intensive:rep0:req87,reuse_intensive,1,70,2,L0070,8192,0,,False,1789725337.394553,8192,0,0,288.4642949104309,True,True,False,False,0,0.0,0,0,8224.0,False,cache_reused,False,False,0,0.0,93b4b500512eee7ccc5453d15cd075f7aa7e0fe7c194a946133d0672bee84f1e,True,,,1,0,326.254152,699.225276,6,8252,4,8224
20260726_formal4t4_reuse_intensive_Adaptive@rho1.2_c01024_theta30_rep0,0,Adaptive@rho1.2_c01024_theta30,Adaptive,88,reuse_intensive:rep0:req88,reuse_intensive,1,64,1,L0064,8192,3,,False,1789725345.7924125,8192,0,0,296.86215448379517,True,True,False,False,0,0.0,0,0,8224.0,False,cache_reused,False,False,0,0.0,84d1d1dde1d6336747037a9d85c01149db984e0f4c541b9fe651df65093ba630,True,,,1,0,195.285508,545.129326,6,8252,4,8224
20260726_formal4t4_reuse_intensive_Adaptive@rho1.2_c01024_theta30_rep0,0,Adaptive@rho1.2_c01024_theta30,Adaptive,89,reuse_intensive:rep0:req89,reuse_intensive,1,64,2,L0064,8192,2,,False,1789725345.7924273,8192,0,0,296.86216926574707,True,True,False,False,0,0.0,0,0,32.0,False,cache_miss,False,False,0,0.0,284d734b7896dbf7edc21329e734518d2349a8324600a2e58b37004266e7d364,True,,,1,0,8235.713491,8599.239458,6,8252,4,32
20260726_formal4t4_reuse_intensive_Adaptive@rho1.2_c01024_theta30_rep0,0,Adaptive@rho1.2_c01024_theta30,Adaptive,90,reuse_intensive:rep0:req90,reuse_intensive,1,118,0,L0118,8192,1,,False,1789725345.7924356,0,0,0,,False,False,False,False,0,0.0,0,0,32.0,False,cache_miss,False,False,0,0.0,87c593543b8d3cd34ca36ec6e3ad4c4d52d9d33fe78c940cc04c05bd31c467b0,True,,,1,0,7787.43109,8133.812074,6,8252,4,32
20260726_formal4t4_reuse_intensive_Adaptive@rho1.2_c01024_theta30_rep0,0,Adaptive@rho1.2_c01024_theta30,Adaptive,91,reuse_intensive:rep0:req91,reuse_intensive,1,64,0,L0064,8192,0,,False,1789725345.7924433,8192,0,0,296.86218523979187,True,True,False,False,0,0.0,0,0,8224.0,False,cache_reused,False,False,0,0.0,8c0c8cf56699107011a449dc4831e65747f75359ed3fc6355057d8474d669ae1,True,,,1,0,340.829087,714.514753,6,8252,4,8224
20260726_formal4t4_reuse_intensive_Adaptive@rho1.2_c01024_theta30_rep0,0,Adaptive@rho1.2_c01024_theta30,Adaptive,92,reuse_intensive:rep0:req92,reuse_intensive,1,65,0,L0065,8192,3,,False,1789725354.4787588,8192,0,0,305.5485007762909,True,True,False,False,0,0.0,0,0,8224.0,False,cache_reused,False,False,0,0.0,e8cb4f491550e2f5310272544b9c087d1fe8d0ab2393f0ba8bfa3f34ceb11255,True,,,1,0,298.970626,684.481659,6,8252,4,8224
20260726_formal4t4_reuse_intensive_Adaptive@rho1.2_c01024_theta30_rep0,0,Adaptive@rho1.2_c01024_theta30,Adaptive,93,reuse_intensive:rep0:req93,reuse_intensive,1,109,0,L0109,8192,0,,False,1789725354.4788024,0,0,0,,False,False,False,False,0,0.0,0,0,16.0,False,cache_miss,False,False,0,0.0,7996905191e1ebf5601e7215be6ed4ef2231592db98d74c0414d00292b11ad4a,True,,,1,0,7981.30545,8335.828153,6,8252,4,16
20260726_formal4t4_reuse_intensive_Adaptive@rho1.2_c01024_theta30_rep0,0,Adaptive@rho1.2_c01024_theta30,Adaptive,94,reuse_intensive:rep0:req94,reuse_intensive,1,65,1,L0065,8192,2,,False,1789725354.4788294,8192,0,0,305.5485713481903,True,True,False,False,0,0.0,0,0,8224.0,False,cache_reused,False,False,0,0.0,cc62661261755c4cb02daf939547bdb7dab9f740baaef407d6bf59efa01c5c32,True,,,1,0,196.761209,558.273207,6,8252,4,8224
20260726_formal4t4_reuse_intensive_Adaptive@rho1.2_c01024_theta30_rep0,0,Adaptive@rho1.2_c01024_theta30,Adaptive,95,reuse_intensive:rep0:req95,reuse_intensive,1,82,0,L0082,8192,1,,False,1789725354.4788525,0,0,0,,False,False,False,False,0,0.0,0,0,32.0,False,cache_miss,False,False,0,0.0,5cb74609a2cde02d1b5e7b9fdd639083480e1eed2e357de6fdef4b4d894b9429,True,,,1,0,7861.57458,8213.002755,6,8252,4,32
20260726_formal4t4_reuse_intensive_Adaptive@rho1.2_c01024_theta30_rep0,0,Adaptive@rho1.2_c01024_theta30,Adaptive,96,reuse_intensive:rep0:req96,reuse_intensive,1,64,1,L0064,8192,3,,False,1789725362.8193378,8192,0,0,313.88907980918884,True,True,False,False,0,0.0,0,0,8224.0,False,cache_reused,False,False,0,0.0,5913e928a2beb8ccacc7987fb68b434736233ed072908331cffabfe2e8440fe8,True,,,1,0,309.524857,688.725955,6,8252,4,8224
20260726_formal4t4_reuse_intensive_Adaptive@rho1.2_c01024_theta30_rep0,0,Adaptive@rho1.2_c01024_theta30,Adaptive,97,reuse_intensive:rep0:req97,reuse_intensive,1,65,2,L0065,8192,1,,False,1789725362.819377,8192,0,0,313.8891189098358,True,True,False,False,0,0.0,0,0,8224.0,False,cache_reused,False,False,0,0.0,9bf3963f48d0de01dbaded6a4fcc74a24c509ceb420f309dcf6a032d6d7770cc,True,,,1,0,187.143709,549.423686,6,8252,4,8224
20260726_formal4t4_reuse_intensive_Adaptive@rho1.2_c01024_theta30_rep0,0,Adaptive@rho1.2_c01024_theta30,Adaptive,98,reuse_intensive:rep0:req98,reuse_intensive,1,65,0,L0065,8192,2,,False,1789725362.8194034,8192,0,0,313.8891453742981,True,True,False,False,0,0.0,0,0,8224.0,False,cache_reused,False,False,0,0.0,ce43c959a8aa25a705ae886f49b45b6d6f605e4888f35dc5f8dec508dfe0e669,True,,,1,0,315.63105,709.476806,6,8252,4,8224
20260726_formal4t4_reuse_intensive_Adaptive@rho1.2_c01024_theta30_rep0,0,Adaptive@rho1.2_c01024_theta30,Adaptive,99,reuse_intensive:rep0:req99,reuse_intensive,1,78,0,L0078,8192,0,,False,1789725362.8194256,0,0,0,,False,False,False,False,0,0.0,0,0,32.0,False,cache_miss,False,False,0,0.0,4bc4917fcb0b1843a8f683c2a1fc73184c02866ab1d6f596e57a2994eaf72b2f,True,,,1,0,7733.176074,8083.605321,6,8252,4,32
20260726_formal4t4_reuse_intensive_Adaptive@rho1.2_c01024_theta30_rep0,0,Adaptive@rho1.2_c01024_theta30,Adaptive,100,reuse_intensive:rep0:req100,reuse_intensive,1,71,0,L0071,8192,3,,False,1789725370.9101398,0,0,0,,False,False,False,False,0,0.0,0,0,32.0,False,cache_miss,False,False,0,0.0,50249354c3a93ae02288c29d56df96bfc70e018453262da4920b8c2769cb71b9,True,,,1,0,7958.448652,8309.238932,6,8253,4,32
20260726_formal4t4_reuse_intensive_Adaptive@rho1.2_c01024_theta30_rep0,0,Adaptive@rho1.2_c01024_theta30,Adaptive,101,reuse_intensive:rep0:req101,reuse_intensive,1,105,0,L0105,8192,2,,False,1789725370.9101954,0,0,0,,False,False,False,False,0,0.0,0,0,32.0,False,cache_miss,False,False,0,0.0,d18f7c4f143cfb508236830666ddc69356366a3f344569be8af34bf2759bab8b,True,,,1,0,7814.250953,8163.908632,6,8253,4,32
20260726_formal4t4_reuse_intensive_Adaptive@rho1.2_c01024_theta30_rep0,0,Adaptive@rho1.2_c01024_theta30,Adaptive,102,reuse_intensive:rep0:req102,reuse_intensive,1,64,2,L0064,8192,1,,False,1789725370.9102206,8192,0,0,321.97996258735657,True,True,False,False,0,0.0,0,0,8224.0,False,cache_reused,False,False,0,0.0,98cf44747d2b356196c2cbdd32e596c44bf4d6e18385e343a357b0fd01dfc430,True,,,1,0,352.682604,716.531492,6,8253,4,8224
20260726_formal4t4_reuse_intensive_Adaptive@rho1.2_c01024_theta30_rep0,0,Adaptive@rho1.2_c01024_theta30,Adaptive,103,reuse_intensive:rep0:req103,reuse_intensive,1,64,0,L0064,8192,0,,False,1789725370.910246,8192,0,0,321.97998785972595,True,True,False,False,0,0.0,0,0,8224.0,False,cache_reused,False,False,0,0.0,f29bd5325497c1aad693d626e4188ae5b79c9ddc1cb5bf8ff5fb087f8aaad928,True,,,1,0,198.161952,555.940577,6,8253,4,8224
20260726_formal4t4_reuse_intensive_Adaptive@rho1.2_c01024_theta30_rep0,0,Adaptive@rho1.2_c01024_theta30,Adaptive,104,reuse_intensive:rep0:req104,reuse_intensive,1,76,0,L0076,8192,3,,False,1789725379.222622,0,0,0,,False,False,False,False,0,0.0,0,0,32.0,False,cache_miss,False,False,0,0.0,952ccbad3a4a45518439bfd00df566b60230bedd039899bd216f0fbfe0b7993e,True,,,1,0,7609.058409,7961.004089,6,8253,4,32
20260726_formal4t4_reuse_intensive_Adaptive@rho1.2_c01024_theta30_rep0,0,Adaptive@rho1.2_c01024_theta30,Adaptive,105,reuse_intensive:rep0:req105,reuse_intensive,1,64,1,L0064,8192,0,,False,1789725379.2226589,8192,0,0,330.2924008369446,True,True,False,False,0,0.0,0,0,8224.0,False,cache_reused,False,False,0,0.0,28e381c5b2415d41aac25e2c52d2dd0b9b818ab0868d67bb3b8e23c6762f7be3,True,,,1,0,348.208862,722.814828,6,8253,4,8224
20260726_formal4t4_reuse_intensive_Adaptive@rho1.2_c01024_theta30_rep0,0,Adaptive@rho1.2_c01024_theta30,Adaptive,106,reuse_intensive:rep0:req106,reuse_intensive,1,89,0,L0089,8192,2,,False,1789725379.2226872,0,0,0,,False,False,False,False,0,0.0,0,0,32.0,False,cache_miss,False,False,0,0.0,e1446c2cfecd1513d7d3e95bc1af5a5445d20e1bdcf02d35d92e2f6a863c1b5d,True,,,1,0,7582.794421,7934.173964,6,8253,4,32
20260726_formal4t4_reuse_intensive_Adaptive@rho1.2_c01024_theta30_rep0,0,Adaptive@rho1.2_c01024_theta30,Adaptive,107,reuse_intensive:rep0:req107,reuse_intensive,1,77,0,L0077,8192,1,,False,1789725379.2227085,0,0,0,,False,False,False,False,0,0.0,0,0,32.0,False,cache_miss,False,False,0,0.0,183f5430ce4e7be32ecae7a6e8d9129ba0ddf73192e27e5c4d4d9d220c0ce058,True,,,1,0,8092.684588,8466.61474,6,8253,4,32
20260726_formal4t4_reuse_intensive_Adaptive@rho1.2_c01024_theta30_rep0,0,Adaptive@rho1.2_c01024_theta30,Adaptive,108,reuse_intensive:rep0:req108,reuse_intensive,1,66,2,L0066,8192,3,,False,1789725387.696151,8192,0,0,338.7658929824829,True,True,False,False,0,0.0,0,0,8224.0,False,cache_reused,False,False,0,0.0,9e917a81cd4b4efbb32dc335be2984fa387ebd07f6be47f8701416c147809ff1,True,,,1,0,200.835057,553.966139,6,8253,4,8224
20260726_formal4t4_reuse_intensive_Adaptive@rho1.2_c01024_theta30_rep0,0,Adaptive@rho1.2_c01024_theta30,Adaptive,109,reuse_intensive:rep0:req109,reuse_intensive,1,72,0,L0072,8192,1,,False,1789725387.6962073,0,0,0,,False,False,False,False,0,0.0,0,0,32.0,False,cache_miss,False,False,0,0.0,955ed028e6bcf19a9bd5df4288674e16763f16362f2f85c3de9a2a3a737e89e1,True,,,1,0,7628.980128,7972.298422,6,8253,4,32
20260726_formal4t4_reuse_intensive_Adaptive@rho1.2_c01024_theta30_rep0,0,Adaptive@rho1.2_c01024_theta30,Adaptive,110,reuse_intensive:rep0:req110,reuse_intensive,1,65,1,L0065,8192,2,,False,1789725387.6962337,8192,0,0,338.76597571372986,True,True,False,False,0,0.0,0,0,8224.0,False,cache_reused,False,False,0,0.0,6212208320cd6fc45d4785c2b4e06d875e98a9a6e999d18aef29f7ca311e4bb3,True,,,1,0,199.48434,556.569437,6,8253,4,8224
20260726_formal4t4_reuse_intensive_Adaptive@rho1.2_c01024_theta30_rep0,0,Adaptive@rho1.2_c01024_theta30,Adaptive,111,reuse_intensive:rep0:req111,reuse_intensive,1,66,0,L0066,8192,0,,False,1789725387.696258,8192,0,0,338.7660000324249,True,True,False,False,0,0.0,0,0,8224.0,False,cache_reused,False,False,0,0.0,d7dd09eba952f427db74d958fd63f98ae87d882bbb1dfe8f8954eef22f0d0b4e,True,,,1,0,323.097605,699.74735,6,8253,4,8224
20260726_formal4t4_reuse_intensive_Adaptive@rho1.2_c01024_theta30_rep0,0,Adaptive@rho1.2_c01024_theta30,Adaptive,112,reuse_intensive:rep0:req112,reuse_intensive,1,82,1,L0082,8192,3,,False,1789725395.672818,8192,0,0,346.74255990982056,True,True,False,False,0,0.0,0,0,32.0,False,cache_miss,False,False,0,0.0,e240f1ad655df01a1923f840fb80e1195bca5ccd3d50ce697434104f8201670f,True,,,1,0,7921.477541,8276.089745,6,8253,4,32
20260726_formal4t4_reuse_intensive_Adaptive@rho1.2_c01024_theta30_rep0,0,Adaptive@rho1.2_c01024_theta30,Adaptive,113,reuse_intensive:rep0:req113,reuse_intensive,1,64,2,L0064,8192,2,,False,1789725395.6728563,8192,0,0,346.7425982952118,True,True,False,False,0,0.0,0,0,8224.0,False,cache_reused,False,False,0,0.0,cb4e9b6d849af3af338a66cfe7b5993c5e69e8640697f2abe4afc0e0dc39ea54,True,,,1,0,360.951488,736.315722,6,8253,4,8224
20260726_formal4t4_reuse_intensive_Adaptive@rho1.2_c01024_theta30_rep0,0,Adaptive@rho1.2_c01024_theta30,Adaptive,114,reuse_intensive:rep0:req114,reuse_intensive,1,113,0,L0113,8192,1,,False,1789725395.6728837,0,0,0,,False,False,False,False,0,0.0,0,0,32.0,False,cache_miss,False,False,0,0.0,f8f6a6c6d42aab5a41e6bc956b69cd641a9927ca8412e2c16ffcb95f61964769,True,,,1,0,8097.746235,8456.931397,6,8253,4,32
20260726_formal4t4_reuse_intensive_Adaptive@rho1.2_c01024_theta30_rep0,0,Adaptive@rho1.2_c01024_theta30,Adaptive,115,reuse_intensive:rep0:req115,reuse_intensive,1,64,0,L0064,8192,0,,False,1789725395.6729052,8192,0,0,346.7426471710205,True,True,False,False,0,0.0,0,0,8224.0,False,cache_reused,False,False,0,0.0,1e37fa3d259197edf18dcfc725cf394228eaa8efc8e004041598dd64a9815edd,True,,,1,0,345.539706,716.268546,6,8253,4,8224
20260726_formal4t4_reuse_intensive_Adaptive@rho1.2_c01024_theta30_rep0,0,Adaptive@rho1.2_c01024_theta30,Adaptive,116,reuse_intensive:rep0:req116,reuse_intensive,1,111,0,L0111,8192,3,,False,1789725404.1355128,0,0,0,,False,False,False,False,0,0.0,0,0,16.0,False,cache_miss,False,False,0,0.0,385c79c1ba14b4d3f1eeab3b435304dae49db902d598eee5a19d9c2ab6efd26c,True,,,1,0,7874.698926,8231.195005,6,8253,4,16
20260726_formal4t4_reuse_intensive_Adaptive@rho1.2_c01024_theta30_rep0,0,Adaptive@rho1.2_c01024_theta30,Adaptive,117,reuse_intensive:rep0:req117,reuse_intensive,1,66,1,L0066,8192,0,,False,1789725404.135549,8192,0,0,355.20529103279114,True,True,False,False,0,0.0,0,0,8224.0,False,cache_reused,False,False,0,0.0,e7c2b47f9e14d9de1da0af1e2dc3c931d73a3f045090e2c30425e69d690a9a3b,True,,,1,0,324.201653,698.321831,6,8253,4,8224
20260726_formal4t4_reuse_intensive_Adaptive@rho1.2_c01024_theta30_rep0,0,Adaptive@rho1.2_c01024_theta30,Adaptive,118,reuse_intensive:rep0:req118,reuse_intensive,1,64,1,L0064,8192,2,,False,1789725404.1355786,8192,0,0,355.20532059669495,True,True,False,False,0,0.0,0,0,8224.0,False,cache_reused,False,False,0,0.0,3990e821a609083efee48751aea75a2fa53ba2c0aed00a5e4d7f41dd9bd03720,True,,,1,0,354.839102,733.84266,6,8253,4,8224
20260726_formal4t4_reuse_intensive_Adaptive@rho1.2_c01024_theta30_rep0,0,Adaptive@rho1.2_c01024_theta30,Adaptive,119,reuse_intensive:rep0:req119,reuse_intensive,1,66,2,L0066,8192,1,,False,1789725404.1356027,8192,0,0,355.20534467697144,True,True,False,False,0,0.0,0,0,32.0,False,cache_miss,False,False,0,0.0,c1f9c17583d76b1f239d85303e15f2c13fd8ca7ed9384eadae800081c739439d,True,,,1,0,8027.085175,8382.337717,6,8253,4,32
20260726_formal4t4_reuse_intensive_StaticSemantic@rho1.2_rep0,0,StaticSemantic@rho1.2,StaticSemantic,24,reuse_intensive:rep0:req24,reuse_intensive,0,0,2,L0000,8192,1,,False,1789725603.1595485,8192,0,0,182.0265974998474,True,True,False,False,0,0.0,0,0,8224.0,False,cache_reused,False,False,0,0.0,a537e113d9e7fbef13fad5f463cac4d3556bb2273ff9bacfdd2bc9bd0e1ca33a,True,,,1,0,311.730976,717.175742,6,8252,4,8224
20260726_formal4t4_reuse_intensive_StaticSemantic@rho1.2_rep0,0,StaticSemantic@rho1.2,StaticSemantic,25,reuse_intensive:rep0:req25,reuse_intensive,0,6,1,L0006,8192,3,0;3,False,1789725603.1596098,8192,8192,8192,119.66987943649292,False,False,False,False,8192,0.0,2,2,8224.0,False,cache_reused,False,False,0,0.0,878207121db3886cef83ae705a13562f0b670500c14dbaad0a7b1a609f03c5f0,True,,,1,0,198.040207,556.323348,6,8252,4,8224
20260726_formal4t4_reuse_intensive_StaticSemantic@rho1.2_rep0,0,StaticSemantic@rho1.2,StaticSemantic,26,reuse_intensive:rep0:req26,reuse_intensive,0,3,0,L0003,8192,0,0;2,False,1789725603.1596584,0,8192,8192,,False,False,False,False,8192,0.0,2,2,32.0,False,fallback_prefill,True,True,0,8160.0,29fc0aa7d06467b43c160d2c6b99b1f909b2d305a8e9ca703ed9a607d770ac75,True,,,1,0,7709.940934,8065.617662,6,8252,4,32
20260726_formal4t4_reuse_intensive_StaticSemantic@rho1.2_rep0,0,StaticSemantic@rho1.2,StaticSemantic,27,reuse_intensive:rep0:req27,reuse_intensive,0,1,0,L0001,8192,2,2,False,1789725603.1596918,8192,8192,8192,164.27576398849487,False,False,False,False,8192,0.0,1,1,8224.0,False,cache_reused,False,False,0,0.0,5b428df70bba7b62870d36de26068b25d5e6ac26760abc10ba5628c23798e732,True,,,1,0,338.945266,706.147827,6,8252,4,8224
20260726_formal4t4_reuse_intensive_StaticSemantic@rho1.2_rep0,0,StaticSemantic@rho1.2,StaticSemantic,28,reuse_intensive:rep0:req28,reuse_intensive,0,1,1,L0001,8192,0,,False,1789725611.2312589,8192,0,0,190.09830784797668,True,True,False,False,0,0.0,0,0,8224.0,False,cache_reused,False,False,0,0.0,eb6a44fe8b905de300633bf70f8312b6d6069a6328f122ddd8365add3c98f200,True,,,1,0,194.97246,569.191351,6,8252,4,8224
20260726_formal4t4_reuse_intensive_StaticSemantic@rho1.2_rep0,0,StaticSemantic@rho1.2,StaticSemantic,29,reuse_intensive:rep0:req29,reuse_intensive,0,0,0,L0000,8192,1,,False,1789725611.2312996,8192,0,0,190.0983486175537,True,True,False,False,0,0.0,0,0,8224.0,False,cache_reused,False,False,0,0.0,6016383f67275265c51ab763b0b862d2f63aaed683e9e3b0d4f7d872c3cece3e,True,,,1,0,360.720564,747.42799,6,8252,4,8224
20260726_formal4t4_reuse_intensive_StaticSemantic@rho1.2_rep0,0,StaticSemantic@rho1.2,StaticSemantic,30,reuse_intensive:rep0:req30,reuse_intensive,0,0,1,L0000,8192,2,,False,1789725611.2313256,8192,0,0,190.09837460517883,True,True,False,False,0,0.0,0,0,8224.0,False,cache_reused,False,False,0,0.0,0b243361badfdac8da9b4897ee20d016c7bbc5162983a3a914169b3ce55c8858,True,,,1,0,331.686117,713.442485,6,8252,4,8224
20260726_formal4t4_reuse_intensive_StaticSemantic@rho1.2_rep0,0,StaticSemantic@rho1.2,StaticSemantic,31,reuse_intensive:rep0:req31,reuse_intensive,0,29,0,L0029,8192,3,,False,1789725611.2313476,0,0,0,,False,False,False,False,0,0.0,0,0,32.0,False,cache_miss,False,False,0,0.0,91092d879981d50fd158d371832e1de76a2574f6689f5742bd3d4e6623eea9ac,True,,,1,0,8731.788205,9100.990357,6,8252,4,32
20260726_formal4t4_reuse_intensive_StaticSemantic@rho1.2_rep0,0,StaticSemantic@rho1.2,StaticSemantic,32,reuse_intensive:rep0:req32,reuse_intensive,0,30,0,L0030,8192,0,,False,1789725620.3394258,0,0,0,,False,False,False,False,0,0.0,0,0,32.0,False,cache_miss,False,False,0,0.0,2e049c771049b3db7bd936c552b84df1d628d8dde19a5c967ebeb648f937f353,True,,,1,0,8426.944359,8794.246602,6,8252,4,32
20260726_formal4t4_reuse_intensive_StaticSemantic@rho1.2_rep0,0,StaticSemantic@rho1.2,StaticSemantic,33,reuse_intensive:rep0:req33,reuse_intensive,0,1,2,L0001,8192,2,,False,1789725620.3394644,8192,0,0,199.2065134048462,True,True,False,False,0,0.0,0,0,8224.0,False,cache_reused,False,False,0,0.0,811d49f888875829912a9cbea6ffd097c1866247a435e53878e9684e8fe150e2,True,,,1,0,307.522483,698.063685,6,8252,4,8224
20260726_formal4t4_reuse_intensive_StaticSemantic@rho1.2_rep0,0,StaticSemantic@rho1.2,StaticSemantic,34,reuse_intensive:rep0:req34,reuse_intensive,0,0,2,L0000,8192,1,,False,1789725620.3394942,8192,0,0,199.20654320716858,True,True,False,False,0,0.0,0,0,8224.0,False,cache_reused,False,False,0,0.0,6b16377ee381346ef652ec7260f73168c87c7936c7c5da805d4404840d87f119,True,,,1,0,317.603121,715.190812,6,8252,4,8224
20260726_formal4t4_reuse_intensive_StaticSemantic@rho1.2_rep0,0,StaticSemantic@rho1.2,StaticSemantic,35,reuse_intensive:rep0:req35,reuse_intensive,0,13,1,L0013,8192,3,,False,1789725620.3395176,8192,0,0,199.20656657218933,True,True,False,False,0,0.0,0,0,8224.0,False,cache_reused,False,False,0,0.0,697dd8779d3a0b05be71bb8d35df6397245999dee4a7d27181d260af0d2d12dc,True,,,1,0,194.676803,544.899041,6,8252,4,8224
20260726_formal4t4_reuse_intensive_StaticSemantic@rho1.2_rep0,0,StaticSemantic@rho1.2,StaticSemantic,36,reuse_intensive:rep0:req36,reuse_intensive,0,1,0,L0001,8192,0,,False,1789725629.1369913,8192,0,0,208.00404024124146,True,True,False,False,0,0.0,0,0,8224.0,False,cache_reused,False,False,0,0.0,c67c6513cce6d93a5a51175180eaa85e3fc9cf5cb0368b2a71dc7343557881e2,True,,,1,0,207.974909,587.150445,6,8252,4,8224
20260726_formal4t4_reuse_intensive_StaticSemantic@rho1.2_rep0,0,StaticSemantic@rho1.2,StaticSemantic,37,reuse_intensive:rep0:req37,reuse_intensive,0,12,0,L0012,8192,3,,False,1789725629.1370327,8192,0,0,208.00408172607422,True,True,False,False,0,0.0,0,0,8224.0,False,cache_reused,False,False,0,0.0,1e291c1ef900faf69b62516930b8e601e5e66c8fedbe1e37303cdbea70f434ec,True,,,1,0,311.381679,699.981923,6,8252,4,8224
20260726_formal4t4_reuse_intensive_StaticSemantic@rho1.2_rep0,0,StaticSemantic@rho1.2,StaticSemantic,38,reuse_intensive:rep0:req38,reuse_intensive,0,7,0,L0007,8192,2,0;2,True,1789725629.137078,8192,8192,8192,136.64482522010803,False,False,False,False,8192,163.84,2,2,8224.0,True,cache_reused,False,False,0,0.0,71aede95a3e09a03ab7fcfed72b4e9b28841b5b9893dcd90b0f545f1c069690a,True,,,1,0,321.519933,732.224028,6,8252,4,8224
20260726_formal4t4_reuse_intensive_StaticSemantic@rho1.2_rep0,0,StaticSemantic@rho1.2,StaticSemantic,39,reuse_intensive:rep0:req39,reuse_intensive,0,1,1,L0001,8192,1,,False,1789725629.1371038,8192,0,0,208.0041527748108,True,True,False,False,0,0.0,0,0,32.0,False,cache_miss,False,False,0,0.0,fb40259fa2475412dd86da28276448085ec4efb1b0939fc79e1d9fa05ddff9c0,True,,,1,0,8154.716561,8509.488631,6,8252,4,32
20260726_formal4t4_reuse_intensive_StaticSemantic@rho1.2_rep0,0,StaticSemantic@rho1.2,StaticSemantic,40,reuse_intensive:rep0:req40,reuse_intensive,0,1,2,L0001,8192,1,,False,1789725637.653765,8192,0,0,216.52081394195557,True,True,False,False,0,0.0,0,0,8224.0,False,cache_reused,False,False,0,0.0,379ffc14c7ed06933bcfa4969299e5f0e0a5779bdd7eb14010cefae9dcfff67e,True,,,1,0,184.699777,537.329284,6,8252,4,8224
20260726_formal4t4_reuse_intensive_StaticSemantic@rho1.2_rep0,0,StaticSemantic@rho1.2,StaticSemantic,41,reuse_intensive:rep0:req41,reuse_intensive,0,0,0,L0000,8192,2,,False,1789725637.6538067,8192,0,0,216.5208556652069,True,True,False,False,0,0.0,0,0,8224.0,False,cache_reused,False,False,0,0.0,ddb6fb4c0688874c45771605609437aa287708c2bc7fcbca5022d33f57786564,True,,,1,0,365.661015,748.989615,6,8252,4,8224
20260726_formal4t4_reuse_intensive_StaticSemantic@rho1.2_rep0,0,StaticSemantic@rho1.2,StaticSemantic,42,reuse_intensive:rep0:req42,reuse_intensive,0,1,0,L0001,8192,3,,False,1789725637.6538343,8192,0,0,216.52088332176208,True,True,False,False,0,0.0,0,0,32.0,False,cache_miss,False,False,0,0.0,828ab96627b7816079cb1d0a29da11d6a39e0349ef365e610637b286f4e10583,True,,,1,0,8338.136943,8696.795387,6,8252,4,32
20260726_formal4t4_reuse_intensive_StaticSemantic@rho1.2_rep0,0,StaticSemantic@rho1.2,StaticSemantic,43,reuse_intensive:rep0:req43,reuse_intensive,0,2,1,L0002,8192,0,0,False,1789725637.6538703,8192,8192,8192,190.0408582687378,False,False,False,False,8192,0.0,1,1,8224.0,False,cache_reused,False,False,0,0.0,8ede26b5439d1f89667d9d02cd82b5428be8d6708ec531d379daa6f7296eb44e,True,,,1,0,355.448719,729.283101,6,8252,4,8224
20260726_formal4t4_reuse_intensive_StaticSemantic@rho1.2_rep0,0,StaticSemantic@rho1.2,StaticSemantic,44,reuse_intensive:rep0:req44,reuse_intensive,0,0,1,L0000,8192,2,,False,1789725646.3565059,8192,0,0,225.22355484962463,True,True,False,False,0,0.0,0,0,8224.0,False,cache_reused,False,False,0,0.0,71b073f148a496bb1db46abbb19e686b0fd398f17c4ed1131f0c86b6396eb20d,True,,,1,0,327.549114,713.889805,6,8252,4,8224
20260726_formal4t4_reuse_intensive_StaticSemantic@rho1.2_rep0,0,StaticSemantic@rho1.2,StaticSemantic,45,reuse_intensive:rep0:req45,reuse_intensive,0,0,2,L0000,8192,0,,False,1789725646.3565454,8192,0,0,225.22359442710876,True,True,False,False,0,0.0,0,0,8224.0,False,cache_reused,False,False,0,0.0,36af326f7fee1a714c5febcf3a88e6391b7ecdb862631b31be9703d3f433e308,True,,,1,0,340.027067,743.118298,6,8252,4,8224
20260726_formal4t4_reuse_intensive_StaticSemantic@rho1.2_rep0,0,StaticSemantic@rho1.2,StaticSemantic,46,reuse_intensive:rep0:req46,reuse_intensive,0,0,0,L0000,8192,1,,False,1789725646.3565717,8192,0,0,225.22362065315247,True,True,False,False,0,0.0,0,0,8224.0,False,cache_reused,False,False,0,0.0,45e7b5b08fbdfa09232d2dcd5d0ea45dbdb0ee2bb71778f220b12e2f822c8670,True,,,1,0,329.223017,728.88436,6,8252,4,8224
20260726_formal4t4_reuse_intensive_StaticSemantic@rho1.2_rep0,0,StaticSemantic@rho1.2,StaticSemantic,47,reuse_intensive:rep0:req47,reuse_intensive,0,0,1,L0000,8192,3,,False,1789725646.3565924,8192,0,0,225.22364139556885,True,True,False,False,0,0.0,0,0,8224.0,False,cache_reused,False,False,0,0.0,557ff2cf8d8a40684dcafef822af047b621c9f6f3f1b0331565c9b68f725bcc8,True,,,1,0,213.941822,584.751548,6,8252,4,8224
20260726_formal4t4_reuse_intensive_StaticSemantic@rho1.2_rep0,0,StaticSemantic@rho1.2,StaticSemantic,48,reuse_intensive:rep0:req48,reuse_intensive,0,10,0,L0010,8192,2,,False,1789725647.1042378,8192,0,0,225.97128677368164,True,True,False,False,0,0.0,0,0,8224.0,False,cache_reused,False,False,0,0.0,9853509ad3a3489969f1ecdae6836f1b06ac52bdd7f16f867447d233b71927de,True,,,1,0,201.886834,563.50538,6,8252,4,8224
20260726_formal4t4_reuse_intensive_StaticSemantic@rho1.2_rep0,0,StaticSemantic@rho1.2,StaticSemantic,49,reuse_intensive:rep0:req49,reuse_intensive,0,3,1,L0003,8192,1,,False,1789725647.1042783,8192,0,0,225.9713273048401,True,True,False,False,0,0.0,0,0,32.0,False,cache_miss,False,False,0,0.0,9e3ff8d53f39bc4703e501a62b76f9388a76de5b34dd02519d44fc579ae1feb8,True,,,1,0,8217.872894,8581.027151,6,8252,4,32
20260726_formal4t4_reuse_intensive_StaticSemantic@rho1.2_rep0,0,StaticSemantic@rho1.2,StaticSemantic,50,reuse_intensive:rep0:req50,reuse_intensive,0,1,1,L0001,8192,0,,False,1789725647.1043055,8192,0,0,225.9713544845581,True,True,False,False,0,0.0,0,0,8224.0,False,cache_reused,False,False,0,0.0,f21233172ef15c5ff6945d2c3f1107c85f83552ade0508d47b9ed98ca15eb12c,True,,,1,0,202.71334,577.864801,6,8252,4,8224
20260726_formal4t4_reuse_intensive_StaticSemantic@rho1.2_rep0,0,StaticSemantic@rho1.2,StaticSemantic,51,reuse_intensive:rep0:req51,reuse_intensive,0,6,2,L0006,8192,3,0;3,False,1789725647.1043463,8192,8192,8192,163.6146159172058,False,False,False,False,8192,0.0,2,2,8224.0,False,cache_reused,False,False,0,0.0,7732aae192a9aa4a29020e21a9de359261e450d2779efe5c5e0876e6fd8de5b5,True,,,1,0,184.520109,542.688139,6,8252,4,8224
20260726_formal4t4_reuse_intensive_StaticSemantic@rho1.2_rep0,0,StaticSemantic@rho1.2,StaticSemantic,52,reuse_intensive:rep0:req52,reuse_intensive,0,58,0,L0058,8192,3,,False,1789725655.6897788,0,0,0,,False,False,False,False,0,0.0,0,0,32.0,False,cache_miss,False,False,0,0.0,7abd0a2db0a25ea2cbd4da1153dcb36d9db88cee06435eaed242b53771d171e4,True,,,1,0,8407.743173,8761.639812,6,8252,4,32
20260726_formal4t4_reuse_intensive_StaticSemantic@rho1.2_rep0,0,StaticSemantic@rho1.2,StaticSemantic,53,reuse_intensive:rep0:req53,reuse_intensive,0,0,2,L0000,8192,0,,False,1789725655.6898167,8192,0,0,234.55686569213867,True,True,False,False,0,0.0,0,0,8224.0,False,cache_reused,False,False,0,0.0,353f6721e7ddde1bc0fe493d58870e8dcae2f6d122e76447b768b8597602d41e,True,,,1,0,359.254651,770.925849,6,8252,4,8224
20260726_formal4t4_reuse_intensive_StaticSemantic@rho1.2_rep0,0,StaticSemantic@rho1.2,StaticSemantic,54,reuse_intensive:rep0:req54,reuse_intensive,0,3,2,L0003,8192,2,,False,1789725655.6898472,8192,0,0,234.5568962097168,True,True,False,False,0,0.0,0,0,32.0,False,cache_miss,False,False,0,0.0,22ed6b44be65724d36e8f59e9a814122074de70005b919fbbf7542ccb85ad71c,True,,,1,0,8055.701332,8431.663607,6,8252,4,32
20260726_formal4t4_reuse_intensive_StaticSemantic@rho1.2_rep0,0,StaticSemantic@rho1.2,StaticSemantic,55,reuse_intensive:rep0:req55,reuse_intensive,0,0,0,L0000,8192,1,,False,1789725655.6898706,8192,0,0,234.55691957473755,True,True,False,False,0,0.0,0,0,8224.0,False,cache_reused,False,False,0,0.0,eb850fed080a9e55a91e37ff8eedd2a757d6ad91d32b5218224991eacce39cac,True,,,1,0,192.225391,566.806354,6,8252,4,8224
20260726_formal4t4_reuse_intensive_StaticSemantic@rho1.2_rep0,0,StaticSemantic@rho1.2,StaticSemantic,56,reuse_intensive:rep0:req56,reuse_intensive,0,2,2,L0002,8192,0,0,True,1789725664.454739,8192,8192,8192,216.84172701835632,False,False,False,False,8192,163.84,1,1,8224.0,True,cache_reused,False,False,0,0.0,08cec581308e56ce70ef6266aa77cdc573e62b004239a749b01e3e5f79da2941,True,,,1,0,309.5405,725.341174,6,8252,4,8224
20260726_formal4t4_reuse_intensive_StaticSemantic@rho1.2_rep0,0,StaticSemantic@rho1.2,StaticSemantic,57,reuse_intensive:rep0:req57,reuse_intensive,0,0,1,L0000,8192,3,,False,1789725664.4547784,8192,0,0,243.3218274116516,True,True,False,False,0,0.0,0,0,8224.0,False,cache_reused,False,False,0,0.0,5646f97bef467b6749c605fb9aa5b25442a4f25c8fc09d146211635c8cb42793,True,,,1,0,193.872517,564.848172,6,8252,4,8224
20260726_formal4t4_reuse_intensive_StaticSemantic@rho1.2_rep0,0,StaticSemantic@rho1.2,StaticSemantic,58,reuse_intensive:rep0:req58,reuse_intensive,0,0,2,L0000,8192,1,,False,1789725664.454807,8192,0,0,243.3218560218811,True,True,False,False,0,0.0,0,0,8224.0,False,cache_reused,False,False,0,0.0,2d90a5aa922158fc566094528a5fb092678562b5341c8c7945cbe08120e56023,True,,,1,0,321.271378,727.486621,6,8252,4,8224
20260726_formal4t4_reuse_intensive_StaticSemantic@rho1.2_rep0,0,StaticSemantic@rho1.2,StaticSemantic,59,reuse_intensive:rep0:req59,reuse_intensive,0,2,0,L0002,8192,0,0,True,1789725664.454839,8192,8192,8192,216.84182691574097,False,False,False,False,8192,161.84,1,1,8224.0,True,cache_reused,False,False,0,0.0,17ed62314a2b4479e09f1eec96243ebe94c106bc6fc04a360fd9e38dc8a992ec,True,,,1,0,462.337024,843.262997,6,8252,4,8224
20260726_formal4t4_reuse_intensive_StaticSemantic@rho1.2_rep0,0,StaticSemantic@rho1.2,StaticSemantic,60,reuse_intensive:rep0:req60,reuse_intensive,1,64,0,L0064,8192,1,,False,1789725665.305127,0,0,0,,False,False,False,False,0,0.0,0,0,32.0,False,cache_miss,False,False,0,0.0,089b463c84a51c60153b7b1300f7bcdce3869347c6054cd0c96cca1e2ad11121,True,,,1,0,8569.907086,8946.346105,6,8252,4,32
20260726_formal4t4_reuse_intensive_StaticSemantic@rho1.2_rep0,0,StaticSemantic@rho1.2,StaticSemantic,61,reuse_intensive:rep0:req61,reuse_intensive,1,69,0,L0069,8192,2,,False,1789725665.305183,0,0,0,,False,False,False,False,0,0.0,0,0,32.0,False,cache_miss,False,False,0,0.0,e064c087bc2d73b361c44efba62a2c7ba0d39305477a8a97420bedb9f7855fe1,True,,,1,0,7833.709466,8192.08323,6,8252,4,32
20260726_formal4t4_reuse_intensive_StaticSemantic@rho1.2_rep0,0,StaticSemantic@rho1.2,StaticSemantic,62,reuse_intensive:rep0:req62,reuse_intensive,1,75,0,L0075,8192,3,,False,1789725665.3052087,0,0,0,,False,False,False,False,0,0.0,0,0,32.0,False,cache_miss,False,False,0,0.0,feb676252d1d4259a0099c97eb64b3c97c9c51af36fc3f6e8bbe18f921103784,True,,,1,0,8655.071435,9019.643957,6,8252,4,32
20260726_formal4t4_reuse_intensive_StaticSemantic@rho1.2_rep0,0,StaticSemantic@rho1.2,StaticSemantic,63,reuse_intensive:rep0:req63,reuse_intensive,1,64,1,L0064,8192,0,,False,1789725665.3052294,0,0,0,,False,False,False,False,0,0.0,0,0,32.0,False,cache_miss,False,False,0,0.0,9f0eb047ce7068a6dc9095885e9be1f6373a78a4f1db02201c317acd9a9e10d0,True,,,1,0,8506.178294,8882.840653,6,8252,4,32
20260726_formal4t4_reuse_intensive_StaticSemantic@rho1.2_rep0,0,StaticSemantic@rho1.2,StaticSemantic,64,reuse_intensive:rep0:req64,reuse_intensive,1,67,0,L0067,8192,1,,False,1789725674.3306954,0,0,0,,False,False,False,False,0,0.0,0,0,32.0,False,cache_miss,False,False,0,0.0,3b04c2c8cce1b463fecb94ef491b18814ac779547fe4b7d189d99d05d43d4d4a,True,,,1,0,8523.052153,8889.78624,6,8252,4,32
20260726_formal4t4_reuse_intensive_StaticSemantic@rho1.2_rep0,0,StaticSemantic@rho1.2,StaticSemantic,65,reuse_intensive:rep0:req65,reuse_intensive,1,104,0,L0104,8192,3,,False,1789725674.3307335,0,0,0,,False,False,False,False,0,0.0,0,0,16.0,False,cache_miss,False,False,0,0.0,c5a6664ef4d98e42a298d892cc3e61a21b59ba6323d65a23754a07ca2cff2d47,True,,,1,0,9107.397731,9484.672977,6,8252,4,16
20260726_formal4t4_reuse_intensive_StaticSemantic@rho1.2_rep0,0,StaticSemantic@rho1.2,StaticSemantic,66,reuse_intensive:rep0:req66,reuse_intensive,1,121,0,L0121,8192,2,,False,1789725674.3307583,0,0,0,,False,False,False,False,0,0.0,0,0,16.0,False,cache_miss,False,False,0,0.0,7ae11b0f79c534cae7e113a0f9b5f18b0ac6d431006d369b831fd03f9a578466,True,,,1,0,7875.12824,8235.125175,6,8252,4,16
20260726_formal4t4_reuse_intensive_StaticSemantic@rho1.2_rep0,0,StaticSemantic@rho1.2,StaticSemantic,67,reuse_intensive:rep0:req67,reuse_intensive,1,64,2,L0064,8192,0,,False,1789725674.3307796,8192,0,0,253.19782853126526,True,True,False,False,0,0.0,0,0,8224.0,False,cache_reused,False,False,0,0.0,2b651e63b6f47be3f349b40bf49c3fe96f27d0c38292326469b7ac147c3b4ecf,True,,,1,0,206.429135,581.214061,6,8252,4,8224
20260726_formal4t4_reuse_intensive_StaticSemantic@rho1.2_rep0,0,StaticSemantic@rho1.2,StaticSemantic,68,reuse_intensive:rep0:req68,reuse_intensive,1,64,0,L0064,8192,1,,False,1789725683.8199983,8192,0,0,262.6870472431183,True,True,False,False,0,0.0,0,0,8224.0,False,cache_reused,False,False,0,0.0,7e327c6062852bc1a8e4858ab783b956491d75d6e49bb4df07fcc6fc947eab20,True,,,1,0,207.385724,588.251791,6,8252,4,8224
20260726_formal4t4_reuse_intensive_StaticSemantic@rho1.2_rep0,0,StaticSemantic@rho1.2,StaticSemantic,69,reuse_intensive:rep0:req69,reuse_intensive,1,70,0,L0070,8192,0,,False,1789725683.8200374,0,0,0,,False,False,False,False,0,0.0,0,0,32.0,False,cache_miss,False,False,0,0.0,31b430f2b42c985587803aeffd9b5c2a7efecebfe800331011040477cea53507,True,,,1,0,8636.14924,9015.59721,6,8252,4,32
20260726_formal4t4_reuse_intensive_StaticSemantic@rho1.2_rep0,0,StaticSemantic@rho1.2,StaticSemantic,70,reuse_intensive:rep0:req70,reuse_intensive,1,96,0,L0096,8192,3,,False,1789725683.820063,0,0,0,,False,False,False,False,0,0.0,0,0,32.0,False,cache_miss,False,False,0,0.0,1562a2587d8bbf08177be590f5a861940ef28cbd0f115fc9a2b54218a6500206,True,,,1,0,8482.211661,8833.865566,6,8252,4,32
20260726_formal4t4_reuse_intensive_StaticSemantic@rho1.2_rep0,0,StaticSemantic@rho1.2,StaticSemantic,71,reuse_intensive:rep0:req71,reuse_intensive,1,88,0,L0088,8192,2,,False,1789725683.8200865,0,0,0,,False,False,False,False,0,0.0,0,0,32.0,False,cache_miss,False,False,0,0.0,d4b02bbe95867ea286c3e19149b43ae253bbd71a6fdbaf7d271d920f9b3c25f7,True,,,1,0,8359.890569,8731.132346,6,8252,4,32
20260726_formal4t4_reuse_intensive_StaticSemantic@rho1.2_rep0,0,StaticSemantic@rho1.2,StaticSemantic,72,reuse_intensive:rep0:req72,reuse_intensive,1,66,0,L0066,8192,1,,False,1789725692.840213,0,0,0,,False,False,False,False,0,0.0,0,0,32.0,False,cache_miss,False,False,0,0.0,4b88b3ab52b079984709db2a3ba7d0c0e9654632660853071ca0ada30c5b8e23,True,,,1,0,8603.245352,8971.976043,6,8252,4,32
20260726_formal4t4_reuse_intensive_StaticSemantic@rho1.2_rep0,0,StaticSemantic@rho1.2,StaticSemantic,73,reuse_intensive:rep0:req73,reuse_intensive,1,64,1,L0064,8192,2,,False,1789725692.840251,8192,0,0,271.70729994773865,True,True,False,False,0,0.0,0,0,32.0,False,cache_miss,False,False,0,0.0,c950d5acf8cacb5ac8365826f8d76b0adb37ce728485d90d3416556e8b3f06c1,True,,,1,0,8896.85583,9282.71732,6,8252,4,32
20260726_formal4t4_reuse_intensive_StaticSemantic@rho1.2_rep0,0,StaticSemantic@rho1.2,StaticSemantic,74,reuse_intensive:rep0:req74,reuse_intensive,1,65,0,L0065,8192,3,,False,1789725692.8402777,0,0,0,,False,False,False,False,0,0.0,0,0,32.0,False,cache_miss,False,False,0,0.0,cf23eda80587deccf274b3c8318fc7a3447b945c4af2b57859d6bb0994481130,True,,,1,0,8971.469692,9353.222252,6,8252,4,32
20260726_formal4t4_reuse_intensive_StaticSemantic@rho1.2_rep0,0,StaticSemantic@rho1.2,StaticSemantic,75,reuse_intensive:rep0:req75,reuse_intensive,1,66,1,L0066,8192,0,,False,1789725692.8403003,0,0,0,,False,False,False,False,0,0.0,0,0,32.0,False,cache_miss,False,False,0,0.0,2afa795c1d9335e66ccf326f21278446071639c48d8ce7b6479a229a98f6ef5f,True,,,1,0,8050.105893,8412.630104,6,8252,4,32
20260726_formal4t4_reuse_intensive_StaticSemantic@rho1.2_rep0,0,StaticSemantic@rho1.2,StaticSemantic,76,reuse_intensive:rep0:req76,reuse_intensive,1,64,2,L0064,8192,1,,False,1789725702.199358,8192,0,0,281.06640696525574,True,True,False,False,0,0.0,0,0,8224.0,False,cache_reused,False,False,0,0.0,58044fbca4d2715b3e1f7843ab25925c7d9d320305137a4065be9724e327738c,True,,,1,0,204.585035,582.305119,6,8252,4,8224
20260726_formal4t4_reuse_intensive_StaticSemantic@rho1.2_rep0,0,StaticSemantic@rho1.2,StaticSemantic,77,reuse_intensive:rep0:req77,reuse_intensive,1,65,1,L0065,8192,3,,False,1789725702.199398,8192,0,0,281.066447019577,True,True,False,False,0,0.0,0,0,8224.0,False,cache_reused,False,False,0,0.0,5ce347e54ef5073887d07defde44b001665e459d0c76a9fd5d4103728d412570,True,,,1,0,194.52045,572.832507,6,8252,4,8224
20260726_formal4t4_reuse_intensive_StaticSemantic@rho1.2_rep0,0,StaticSemantic@rho1.2,StaticSemantic,78,reuse_intensive:rep0:req78,reuse_intensive,1,65,2,L0065,8192,2,,False,1789725702.1994245,8192,0,0,281.0664734840393,True,True,False,False,0,0.0,0,0,32.0,False,cache_miss,False,False,0,0.0,e10b23878e600e38933965aa3c969a6079ac47069719c34a9d17e3e349fb9004,True,,,1,0,8303.771909,8680.892124,6,8252,4,32
20260726_formal4t4_reuse_intensive_StaticSemantic@rho1.2_rep0,0,StaticSemantic@rho1.2,StaticSemantic,79,reuse_intensive:rep0:req79,reuse_intensive,1,65,0,L0065,8192,0,,False,1789725702.1994455,8192,0,0,281.06649446487427,True,True,False,False,0,0.0,0,0,32.0,False,cache_miss,False,False,0,0.0,3ff5d6eab81af23e109a3b941c31e85653ebae63fb2b579dfead4105b017c4f0,True,,,1,0,8174.453933,8532.786744,6,8252,4,32
20260726_formal4t4_reuse_intensive_StaticSemantic@rho1.2_rep0,0,StaticSemantic@rho1.2,StaticSemantic,80,reuse_intensive:rep0:req80,reuse_intensive,1,74,0,L0074,8192,1,,False,1789725710.8859386,0,0,0,,False,False,False,False,0,0.0,0,0,32.0,False,cache_miss,False,False,0,0.0,c2e48e11cca01c63dbbd64f9581bba8c292a6d589e3ef4422c8a1ce17ed15f2b,True,,,1,0,8088.246309,8443.182162,6,8252,4,32
20260726_formal4t4_reuse_intensive_StaticSemantic@rho1.2_rep0,0,StaticSemantic@rho1.2,StaticSemantic,81,reuse_intensive:rep0:req81,reuse_intensive,1,64,0,L0064,8192,0,,False,1789725710.8859768,8192,0,0,289.7530257701874,True,True,False,False,0,0.0,0,0,8224.0,False,cache_reused,False,False,0,0.0,7cc18dfa6275ec2f50e89a33e63355cfa5cf153cbcf479f6999bd614e53c9278,True,,,1,0,196.465864,575.711053,6,8252,4,8224
20260726_formal4t4_reuse_intensive_StaticSemantic@rho1.2_rep0,0,StaticSemantic@rho1.2,StaticSemantic,82,reuse_intensive:rep0:req82,reuse_intensive,1,65,1,L0065,8192,3,,False,1789725710.8860052,8192,0,0,289.7530541419983,True,True,False,False,0,0.0,0,0,8224.0,False,cache_reused,False,False,0,0.0,486fdd60ab5b1cfb87f35c3939819655bc075006f82798d04a780dfb4999920c,True,,,1,0,363.501997,755.697393,6,8252,4,8224
20260726_formal4t4_reuse_intensive_StaticSemantic@rho1.2_rep0,0,StaticSemantic@rho1.2,StaticSemantic,83,reuse_intensive:rep0:req83,reuse_intensive,1,69,1,L0069,8192,2,,False,1789725710.886029,8192,0,0,289.7530779838562,True,True,False,False,0,0.0,0,0,8224.0,False,cache_reused,False,False,0,0.0,14f8c65659f1a340bdd1f10864b4deb20af1d4615168e1e4ef11a5e69f76c791,True,,,1,0,199.15951,561.563936,6,8252,4,8224
20260726_formal4t4_reuse_intensive_StaticSemantic@rho1.2_rep0,0,StaticSemantic@rho1.2,StaticSemantic,84,reuse_intensive:rep0:req84,reuse_intensive,1,65,2,L0065,8192,1,,False,1789725719.3324625,8192,0,0,298.19951152801514,True,True,False,False,0,0.0,0,0,32.0,False,cache_miss,False,False,0,0.0,e6d78a4e6e43046f235b8d797b01b472b3a9d2bd17c407a8b1b11fcd97fe9638,True,,,1,0,8550.290929,8918.987774,6,8252,4,32
20260726_formal4t4_reuse_intensive_StaticSemantic@rho1.2_rep0,0,StaticSemantic@rho1.2,StaticSemantic,85,reuse_intensive:rep0:req85,reuse_intensive,1,106,0,L0106,8192,2,,False,1789725719.3325043,0,0,0,,False,False,False,False,0,0.0,0,0,32.0,False,cache_miss,False,False,0,0.0,03fb595537c7e7d354bd7aaf63f0b4f9b8a5d53499fcfada0581903efc7a580a,True,,,1,0,8727.64887,9092.956666,6,8252,4,32
20260726_formal4t4_reuse_intensive_StaticSemantic@rho1.2_rep0,0,StaticSemantic@rho1.2,StaticSemantic,86,reuse_intensive:rep0:req86,reuse_intensive,1,70,1,L0070,8192,3,,False,1789725719.3325305,8192,0,0,298.1995794773102,True,True,False,False,0,0.0,0,0,32.0,False,cache_miss,False,False,0,0.0,780909a339bfe3c2371c7611e9a3caa9a81ab7902d35a1e63703003c7141000b,True,,,1,0,8483.151778,8850.891647,6,8252,4,32
20260726_formal4t4_reuse_intensive_StaticSemantic@rho1.2_rep0,0,StaticSemantic@rho1.2,StaticSemantic,87,reuse_intensive:rep0:req87,reuse_intensive,1,70,2,L0070,8192,0,,False,1789725719.3325522,8192,0,0,298.1996011734009,True,True,False,False,0,0.0,0,0,8224.0,False,cache_reused,False,False,0,0.0,93b4b500512eee7ccc5453d15cd075f7aa7e0fe7c194a946133d0672bee84f1e,True,,,1,0,334.249889,745.988365,6,8252,4,8224
20260726_formal4t4_reuse_intensive_StaticSemantic@rho1.2_rep0,0,StaticSemantic@rho1.2,StaticSemantic,88,reuse_intensive:rep0:req88,reuse_intensive,1,64,1,L0064,8192,1,,False,1789725728.4302366,8192,0,0,307.2972855567932,True,True,False,False,0,0.0,0,0,8224.0,False,cache_reused,False,False,0,0.0,84d1d1dde1d6336747037a9d85c01149db984e0f4c541b9fe651df65093ba630,True,,,1,0,206.262574,587.865293,6,8252,4,8224
20260726_formal4t4_reuse_intensive_StaticSemantic@rho1.2_rep0,0,StaticSemantic@rho1.2,StaticSemantic,89,reuse_intensive:rep0:req89,reuse_intensive,1,64,2,L0064,8192,3,,False,1789725728.4302754,8192,0,0,307.2973244190216,True,True,False,False,0,0.0,0,0,32.0,False,cache_miss,False,False,0,0.0,284d734b7896dbf7edc21329e734518d2349a8324600a2e58b37004266e7d364,True,,,1,0,8908.372756,9285.422355,6,8252,4,32
20260726_formal4t4_reuse_intensive_StaticSemantic@rho1.2_rep0,0,StaticSemantic@rho1.2,StaticSemantic,90,reuse_intensive:rep0:req90,reuse_intensive,1,118,0,L0118,8192,2,,False,1789725728.4303002,0,0,0,,False,False,False,False,0,0.0,0,0,32.0,False,cache_miss,False,False,0,0.0,87c593543b8d3cd34ca36ec6e3ad4c4d52d9d33fe78c940cc04c05bd31c467b0,True,,,1,0,8403.407615,8783.757767,6,8252,4,32
20260726_formal4t4_reuse_intensive_StaticSemantic@rho1.2_rep0,0,StaticSemantic@rho1.2,StaticSemantic,91,reuse_intensive:rep0:req91,reuse_intensive,1,64,0,L0064,8192,0,,False,1789725728.430321,8192,0,0,307.2973699569702,True,True,False,False,0,0.0,0,0,8224.0,False,cache_reused,False,False,0,0.0,8c0c8cf56699107011a449dc4831e65747f75359ed3fc6355057d8474d669ae1,True,,,1,0,345.622266,736.841952,6,8252,4,8224
20260726_formal4t4_reuse_intensive_StaticSemantic@rho1.2_rep0,0,StaticSemantic@rho1.2,StaticSemantic,92,reuse_intensive:rep0:req92,reuse_intensive,1,65,0,L0065,8192,1,,False,1789725737.8006823,8192,0,0,316.6677312850952,True,True,False,False,0,0.0,0,0,8224.0,False,cache_reused,False,False,0,0.0,e8cb4f491550e2f5310272544b9c087d1fe8d0ab2393f0ba8bfa3f34ceb11255,True,,,1,0,329.995861,713.369506,6,8252,4,8224
20260726_formal4t4_reuse_intensive_StaticSemantic@rho1.2_rep0,0,StaticSemantic@rho1.2,StaticSemantic,93,reuse_intensive:rep0:req93,reuse_intensive,1,109,0,L0109,8192,0,,False,1789725737.800726,0,0,0,,False,False,False,False,0,0.0,0,0,16.0,False,cache_miss,False,False,0,0.0,7996905191e1ebf5601e7215be6ed4ef2231592db98d74c0414d00292b11ad4a,True,,,1,0,7819.394837,8177.908363,6,8252,4,16
20260726_formal4t4_reuse_intensive_StaticSemantic@rho1.2_rep0,0,StaticSemantic@rho1.2,StaticSemantic,94,reuse_intensive:rep0:req94,reuse_intensive,1,65,1,L0065,8192,3,,False,1789725737.800754,8192,0,0,316.6678030490875,True,True,False,False,0,0.0,0,0,8224.0,False,cache_reused,False,False,0,0.0,cc62661261755c4cb02daf939547bdb7dab9f740baaef407d6bf59efa01c5c32,True,,,1,0,197.630137,577.787203,6,8252,4,8224
20260726_formal4t4_reuse_intensive_StaticSemantic@rho1.2_rep0,0,StaticSemantic@rho1.2,StaticSemantic,95,reuse_intensive:rep0:req95,reuse_intensive,1,82,0,L0082,8192,2,,False,1789725737.8007784,0,0,0,,False,False,False,False,0,0.0,0,0,32.0,False,cache_miss,False,False,0,0.0,5cb74609a2cde02d1b5e7b9fdd639083480e1eed2e357de6fdef4b4d894b9429,True,,,1,0,7647.818684,7991.088589,6,8252,4,32
20260726_formal4t4_reuse_intensive_StaticSemantic@rho1.2_rep0,0,StaticSemantic@rho1.2,StaticSemantic,96,reuse_intensive:rep0:req96,reuse_intensive,1,64,1,L0064,8192,1,,False,1789725745.9834657,8192,0,0,324.85051465034485,True,True,False,False,0,0.0,0,0,8224.0,False,cache_reused,False,False,0,0.0,5913e928a2beb8ccacc7987fb68b434736233ed072908331cffabfe2e8440fe8,True,,,1,0,311.826315,723.6242,6,8252,4,8224
20260726_formal4t4_reuse_intensive_StaticSemantic@rho1.2_rep0,0,StaticSemantic@rho1.2,StaticSemantic,97,reuse_intensive:rep0:req97,reuse_intensive,1,65,2,L0065,8192,2,,False,1789725745.9835045,8192,0,0,324.85055351257324,True,True,False,False,0,0.0,0,0,8224.0,False,cache_reused,False,False,0,0.0,9bf3963f48d0de01dbaded6a4fcc74a24c509ceb420f309dcf6a032d6d7770cc,True,,,1,0,205.845251,584.850681,6,8252,4,8224
20260726_formal4t4_reuse_intensive_StaticSemantic@rho1.2_rep0,0,StaticSemantic@rho1.2,StaticSemantic,98,reuse_intensive:rep0:req98,reuse_intensive,1,65,0,L0065,8192,3,,False,1789725745.9835308,8192,0,0,324.85057973861694,True,True,False,False,0,0.0,0,0,8224.0,False,cache_reused,False,False,0,0.0,ce43c959a8aa25a705ae886f49b45b6d6f605e4888f35dc5f8dec508dfe0e669,True,,,1,0,329.167415,719.011496,6,8252,4,8224
20260726_formal4t4_reuse_intensive_StaticSemantic@rho1.2_rep0,0,StaticSemantic@rho1.2,StaticSemantic,99,reuse_intensive:rep0:req99,reuse_intensive,1,78,0,L0078,8192,0,,False,1789725745.983551,0,0,0,,False,False,False,False,0,0.0,0,0,32.0,False,cache_miss,False,False,0,0.0,4bc4917fcb0b1843a8f683c2a1fc73184c02866ab1d6f596e57a2994eaf72b2f,True,,,1,0,8126.020057,8498.276812,6,8252,4,32
20260726_formal4t4_reuse_intensive_StaticSemantic@rho1.2_rep0,0,StaticSemantic@rho1.2,StaticSemantic,100,reuse_intensive:rep0:req100,reuse_intensive,1,71,0,L0071,8192,1,,False,1789725754.4886973,0,0,0,,False,False,False,False,0,0.0,0,0,32.0,False,cache_miss,False,False,0,0.0,50249354c3a93ae02288c29d56df96bfc70e018453262da4920b8c2769cb71b9,True,,,1,0,8148.188683,8506.348744,6,8253,4,32
20260726_formal4t4_reuse_intensive_StaticSemantic@rho1.2_rep0,0,StaticSemantic@rho1.2,StaticSemantic,101,reuse_intensive:rep0:req101,reuse_intensive,1,105,0,L0105,8192,3,,False,1789725754.4887338,0,0,0,,False,False,False,False,0,0.0,0,0,32.0,False,cache_miss,False,False,0,0.0,d18f7c4f143cfb508236830666ddc69356366a3f344569be8af34bf2759bab8b,True,,,1,0,9091.737306,9474.273646,6,8253,4,32
20260726_formal4t4_reuse_intensive_StaticSemantic@rho1.2_rep0,0,StaticSemantic@rho1.2,StaticSemantic,102,reuse_intensive:rep0:req102,reuse_intensive,1,64,2,L0064,8192,2,,False,1789725754.4887571,8192,0,0,333.35580611228943,True,True,False,False,0,0.0,0,0,8224.0,False,cache_reused,False,False,0,0.0,98cf44747d2b356196c2cbdd32e596c44bf4d6e18385e343a357b0fd01dfc430,True,,,1,0,327.363618,747.173355,6,8253,4,8224
20260726_formal4t4_reuse_intensive_StaticSemantic@rho1.2_rep0,0,StaticSemantic@rho1.2,StaticSemantic,103,reuse_intensive:rep0:req103,reuse_intensive,1,64,0,L0064,8192,0,,False,1789725754.488783,8192,0,0,333.355831861496,True,True,False,False,0,0.0,0,0,8224.0,False,cache_reused,False,False,0,0.0,f29bd5325497c1aad693d626e4188ae5b79c9ddc1cb5bf8ff5fb087f8aaad928,True,,,1,0,206.25497,584.651004,6,8253,4,8224
20260726_formal4t4_reuse_intensive_StaticSemantic@rho1.2_rep0,0,StaticSemantic@rho1.2,StaticSemantic,104,reuse_intensive:rep0:req104,reuse_intensive,1,76,0,L0076,8192,1,,False,1789725763.9674826,0,0,0,,False,False,False,False,0,0.0,0,0,32.0,False,cache_miss,False,False,0,0.0,952ccbad3a4a45518439bfd00df566b60230bedd039899bd216f0fbfe0b7993e,True,,,1,0,8576.824918,8948.840646,6,8253,4,32
20260726_formal4t4_reuse_intensive_StaticSemantic@rho1.2_rep0,0,StaticSemantic@rho1.2,StaticSemantic,105,reuse_intensive:rep0:req105,reuse_intensive,1,64,1,L0064,8192,0,,False,1789725763.967521,8192,0,0,342.8345699310303,True,True,False,False,0,0.0,0,0,8224.0,False,cache_reused,False,False,0,0.0,28e381c5b2415d41aac25e2c52d2dd0b9b818ab0868d67bb3b8e23c6762f7be3,True,,,1,0,325.999615,737.21694,6,8253,4,8224
20260726_formal4t4_reuse_intensive_StaticSemantic@rho1.2_rep0,0,StaticSemantic@rho1.2,StaticSemantic,106,reuse_intensive:rep0:req106,reuse_intensive,1,89,0,L0089,8192,3,,False,1789725763.9675512,0,0,0,,False,False,False,False,0,0.0,0,0,32.0,False,cache_miss,False,False,0,0.0,e1446c2cfecd1513d7d3e95bc1af5a5445d20e1bdcf02d35d92e2f6a863c1b5d,True,,,1,0,8340.53509,8700.46116,6,8253,4,32
20260726_formal4t4_reuse_intensive_StaticSemantic@rho1.2_rep0,0,StaticSemantic@rho1.2,StaticSemantic,107,reuse_intensive:rep0:req107,reuse_intensive,1,77,0,L0077,8192,2,,False,1789725763.9675746,0,0,0,,False,False,False,False,0,0.0,0,0,32.0,False,cache_miss,False,False,0,0.0,183f5430ce4e7be32ecae7a6e8d9129ba0ddf73192e27e5c4d4d9d220c0ce058,True,,,1,0,8113.981912,8480.258728,6,8253,4,32
20260726_formal4t4_reuse_intensive_StaticSemantic@rho1.2_rep0,0,StaticSemantic@rho1.2,StaticSemantic,108,reuse_intensive:rep0:req108,reuse_intensive,1,66,2,L0066,8192,1,,False,1789725772.9198065,8192,0,0,351.78685545921326,True,True,False,False,0,0.0,0,0,8224.0,False,cache_reused,False,False,0,0.0,9e917a81cd4b4efbb32dc335be2984fa387ebd07f6be47f8701416c147809ff1,True,,,1,0,191.560139,566.43708,6,8253,4,8224
20260726_formal4t4_reuse_intensive_StaticSemantic@rho1.2_rep0,0,StaticSemantic@rho1.2,StaticSemantic,109,reuse_intensive:rep0:req109,reuse_intensive,1,72,0,L0072,8192,2,,False,1789725772.9198463,0,0,0,,False,False,False,False,0,0.0,0,0,32.0,False,cache_miss,False,False,0,0.0,955ed028e6bcf19a9bd5df4288674e16763f16362f2f85c3de9a2a3a737e89e1,True,,,1,0,8720.219685,9100.13416,6,8253,4,32
20260726_formal4t4_reuse_intensive_StaticSemantic@rho1.2_rep0,0,StaticSemantic@rho1.2,StaticSemantic,110,reuse_intensive:rep0:req110,reuse_intensive,1,65,1,L0065,8192,3,,False,1789725772.9198713,8192,0,0,351.7869203090668,True,True,False,False,0,0.0,0,0,8224.0,False,cache_reused,False,False,0,0.0,6212208320cd6fc45d4785c2b4e06d875e98a9a6e999d18aef29f7ca311e4bb3,True,,,1,0,209.477542,591.601917,6,8253,4,8224
20260726_formal4t4_reuse_intensive_StaticSemantic@rho1.2_rep0,0,StaticSemantic@rho1.2,StaticSemantic,111,reuse_intensive:rep0:req111,reuse_intensive,1,66,0,L0066,8192,0,,False,1789725772.9198942,8192,0,0,351.78694319725037,True,True,False,False,0,0.0,0,0,8224.0,False,cache_reused,False,False,0,0.0,d7dd09eba952f427db74d958fd63f98ae87d882bbb1dfe8f8954eef22f0d0b4e,True,,,1,0,319.856123,701.712484,6,8253,4,8224
20260726_formal4t4_reuse_intensive_StaticSemantic@rho1.2_rep0,0,StaticSemantic@rho1.2,StaticSemantic,112,reuse_intensive:rep0:req112,reuse_intensive,1,82,1,L0082,8192,1,,False,1789725782.0244193,8192,0,0,360.8914682865143,True,True,False,False,0,0.0,0,0,32.0,False,cache_miss,False,False,0,0.0,e240f1ad655df01a1923f840fb80e1195bca5ccd3d50ce697434104f8201670f,True,,,1,0,8507.425142,8893.445875,6,8253,4,32
20260726_formal4t4_reuse_intensive_StaticSemantic@rho1.2_rep0,0,StaticSemantic@rho1.2,StaticSemantic,113,reuse_intensive:rep0:req113,reuse_intensive,1,64,2,L0064,8192,3,,False,1789725782.0244582,8192,0,0,360.8915071487427,True,True,False,False,0,0.0,0,0,8224.0,False,cache_reused,False,False,0,0.0,cb4e9b6d849af3af338a66cfe7b5993c5e69e8640697f2abe4afc0e0dc39ea54,True,,,1,0,313.271731,700.504589,6,8253,4,8224
20260726_formal4t4_reuse_intensive_StaticSemantic@rho1.2_rep0,0,StaticSemantic@rho1.2,StaticSemantic,114,reuse_intensive:rep0:req114,reuse_intensive,1,113,0,L0113,8192,2,,False,1789725782.0244863,0,0,0,,False,False,False,False,0,0.0,0,0,32.0,False,cache_miss,False,False,0,0.0,f8f6a6c6d42aab5a41e6bc956b69cd641a9927ca8412e2c16ffcb95f61964769,True,,,1,0,8717.197313,9102.804141,6,8253,4,32
20260726_formal4t4_reuse_intensive_StaticSemantic@rho1.2_rep0,0,StaticSemantic@rho1.2,StaticSemantic,115,reuse_intensive:rep0:req115,reuse_intensive,1,64,0,L0064,8192,0,,False,1789725782.024508,8192,0,0,360.8915569782257,True,True,False,False,0,0.0,0,0,8224.0,False,cache_reused,False,False,0,0.0,1e37fa3d259197edf18dcfc725cf394228eaa8efc8e004041598dd64a9815edd,True,,,1,0,316.576551,729.232407,6,8253,4,8224
20260726_formal4t4_reuse_intensive_StaticSemantic@rho1.2_rep0,0,StaticSemantic@rho1.2,StaticSemantic,116,reuse_intensive:rep0:req116,reuse_intensive,1,111,0,L0111,8192,1,,False,1789725791.133333,0,0,0,,False,False,False,False,0,0.0,0,0,16.0,False,cache_miss,False,False,0,0.0,385c79c1ba14b4d3f1eeab3b435304dae49db902d598eee5a19d9c2ab6efd26c,True,,,1,0,8085.036864,8444.420268,6,8253,4,16
20260726_formal4t4_reuse_intensive_StaticSemantic@rho1.2_rep0,0,StaticSemantic@rho1.2,StaticSemantic,117,reuse_intensive:rep0:req117,reuse_intensive,1,66,1,L0066,8192,0,,False,1789725791.1333702,8192,0,0,370.00041913986206,True,True,False,False,0,0.0,0,0,8224.0,False,cache_reused,False,False,0,0.0,e7c2b47f9e14d9de1da0af1e2dc3c931d73a3f045090e2c30425e69d690a9a3b,True,,,1,0,344.507178,723.869303,6,8253,4,8224
20260726_formal4t4_reuse_intensive_StaticSemantic@rho1.2_rep0,0,StaticSemantic@rho1.2,StaticSemantic,118,reuse_intensive:rep0:req118,reuse_intensive,1,64,1,L0064,8192,3,,False,1789725791.133399,8192,0,0,370.00044798851013,True,True,False,False,0,0.0,0,0,8224.0,False,cache_reused,False,False,0,0.0,3990e821a609083efee48751aea75a2fa53ba2c0aed00a5e4d7f41dd9bd03720,True,,,1,0,315.070794,722.311641,6,8253,4,8224
20260726_formal4t4_reuse_intensive_StaticSemantic@rho1.2_rep0,0,StaticSemantic@rho1.2,StaticSemantic,119,reuse_intensive:rep0:req119,reuse_intensive,1,66,2,L0066,8192,2,,False,1789725791.1334229,8192,0,0,370.00047183036804,True,True,False,False,0,0.0,0,0,32.0,False,cache_miss,False,False,0,0.0,c1f9c17583d76b1f239d85303e15f2c13fd8ca7ed9384eadae800081c739439d,True,,,1,0,8447.578513,8818.849457,6,8253,4,32
20260726_formal4t4_reuse_intensive_RateFIFO@rho1.2_rep0,0,RateFIFO@rho1.2,RateFIFO,24,reuse_intensive:rep0:req24,reuse_intensive,0,0,2,L0000,8192,0,0,True,1789726039.584764,8192,8192,8192,219.70120120048523,False,False,False,False,8192,163.84,1,1,8224.0,True,cache_reused,False,False,0,0.0,a537e113d9e7fbef13fad5f463cac4d3556bb2273ff9bacfdd2bc9bd0e1ca33a,True,,,1,0,205.663068,11046.035385,6,8252,4,8224
20260726_formal4t4_reuse_intensive_RateFIFO@rho1.2_rep0,0,RateFIFO@rho1.2,RateFIFO,25,reuse_intensive:rep0:req25,reuse_intensive,0,6,1,L0006,8192,0,0,True,1789726039.5848162,8192,8192,8192,163.85989332199097,False,False,False,False,8192,161.84,1,1,8224.0,True,cache_reused,False,False,0,0.0,878207121db3886cef83ae705a13562f0b670500c14dbaad0a7b1a609f03c5f0,True,,,1,0,1934.415756,18375.822802,6,8252,4,8224
20260726_formal4t4_reuse_intensive_RateFIFO@rho1.2_rep0,0,RateFIFO@rho1.2,RateFIFO,26,reuse_intensive:rep0:req26,reuse_intensive,0,3,0,L0003,8192,0,0,True,1789726039.584849,8192,8192,8192,192.51240706443787,False,False,True,True,8192,159.84,1,1,32.0,True,fallback_prefill,True,True,0,8160.0,29fc0aa7d06467b43c160d2c6b99b1f909b2d305a8e9ca703ed9a607d770ac75,True,,,1,0,18774.866832,19525.121476,6,8252,4,32
20260726_formal4t4_reuse_intensive_RateFIFO@rho1.2_rep0,0,RateFIFO@rho1.2,RateFIFO,27,reuse_intensive:rep0:req27,reuse_intensive,0,1,0,L0001,8192,0,0,True,1789726039.5848768,8192,8192,8192,210.6072392463684,False,False,False,False,8192,157.84,1,1,8224.0,True,cache_reused,False,False,0,0.0,5b428df70bba7b62870d36de26068b25d5e6ac26760abc10ba5628c23798e732,True,,,1,0,18773.853818,19524.189983,6,8252,4,8224
20260726_formal4t4_reuse_intensive_RateFIFO@rho1.2_rep0,0,RateFIFO@rho1.2,RateFIFO,28,reuse_intensive:rep0:req28,reuse_intensive,0,1,1,L0001,8192,0,0,True,1789726059.1159976,8192,8192,8192,230.13836002349854,False,False,False,False,8192,163.84,1,1,8224.0,True,cache_reused,False,False,0,0.0,eb6a44fe8b905de300633bf70f8312b6d6069a6328f122ddd8365add3c98f200,True,,,1,0,224.566465,1066.260055,6,8252,4,8224
20260726_formal4t4_reuse_intensive_RateFIFO@rho1.2_rep0,0,RateFIFO@rho1.2,RateFIFO,29,reuse_intensive:rep0:req29,reuse_intensive,0,0,0,L0000,8192,0,0,True,1789726059.1160462,8192,8192,8192,239.2324833869934,False,False,False,False,8192,161.84,1,1,8224.0,True,cache_reused,False,False,0,0.0,6016383f67275265c51ab763b0b862d2f63aaed683e9e3b0d4f7d872c3cece3e,True,,,1,0,573.964976,1199.16446,6,8252,4,8224
20260726_formal4t4_reuse_intensive_RateFIFO@rho1.2_rep0,0,RateFIFO@rho1.2,RateFIFO,30,reuse_intensive:rep0:req30,reuse_intensive,0,0,1,L0000,8192,0,0,True,1789726059.1160784,8192,8192,8192,239.2325155735016,False,False,False,False,8192,159.84,1,1,8224.0,True,cache_reused,False,False,0,0.0,0b243361badfdac8da9b4897ee20d016c7bbc5162983a3a914169b3ce55c8858,True,,,1,0,572.889666,1198.230287,6,8252,4,8224
20260726_formal4t4_reuse_intensive_RateFIFO@rho1.2_rep0,0,RateFIFO@rho1.2,RateFIFO,31,reuse_intensive:rep0:req31,reuse_intensive,0,29,0,L0029,8192,3,,False,1789726059.1161,0,0,0,,False,False,False,False,0,0.0,0,0,32.0,False,cache_miss,False,False,0,0.0,91092d879981d50fd158d371832e1de76a2574f6689f5742bd3d4e6623eea9ac,True,,,1,0,8113.441006,8478.127695,6,8252,4,32
20260726_formal4t4_reuse_intensive_RateFIFO@rho1.2_rep0,0,RateFIFO@rho1.2,RateFIFO,32,reuse_intensive:rep0:req32,reuse_intensive,0,30,0,L0030,8192,0,,False,1789726067.6009266,0,0,0,,False,False,False,False,0,0.0,0,0,32.0,False,cache_miss,False,False,0,0.0,2e049c771049b3db7bd936c552b84df1d628d8dde19a5c967ebeb648f937f353,True,,,1,0,10497.967214,11892.342045,6,8252,4,32
20260726_formal4t4_reuse_intensive_RateFIFO@rho1.2_rep0,0,RateFIFO@rho1.2,RateFIFO,33,reuse_intensive:rep0:req33,reuse_intensive,0,1,2,L0001,8192,0,0,True,1789726067.6009786,8192,8192,8192,238.6233410835266,False,False,False,False,8192,161.84,1,1,8224.0,True,cache_reused,False,False,0,0.0,811d49f888875829912a9cbea6ffd097c1866247a435e53878e9684e8fe150e2,True,,,1,0,10496.524112,11890.858707,6,8252,4,8224
20260726_formal4t4_reuse_intensive_RateFIFO@rho1.2_rep0,0,RateFIFO@rho1.2,RateFIFO,34,reuse_intensive:rep0:req34,reuse_intensive,0,0,2,L0000,8192,0,0,True,1789726067.6010156,8192,8192,8192,8.487801551818848,False,False,False,False,8192,159.84,1,1,8224.0,True,cache_reused,False,False,0,0.0,6b16377ee381346ef652ec7260f73168c87c7936c7c5da805d4404840d87f119,True,,,1,0,10495.216727,11889.531837,6,8252,4,8224
20260726_formal4t4_reuse_intensive_RateFIFO@rho1.2_rep0,0,RateFIFO@rho1.2,RateFIFO,35,reuse_intensive:rep0:req35,reuse_intensive,0,13,1,L0013,8192,0,0,True,1789726067.601046,8192,8192,8192,136.44104743003845,False,False,False,False,8192,157.84,1,1,8224.0,True,cache_reused,False,False,0,0.0,697dd8779d3a0b05be71bb8d35df6397245999dee4a7d27181d260af0d2d12dc,True,,,1,0,10493.862856,11888.016437,6,8252,4,8224
20260726_formal4t4_reuse_intensive_RateFIFO@rho1.2_rep0,0,RateFIFO@rho1.2,RateFIFO,36,reuse_intensive:rep0:req36,reuse_intensive,0,1,0,L0001,8192,0,0,True,1789726079.4964902,8192,8192,8192,11.898222923278809,False,False,False,False,8192,163.84,1,1,8224.0,True,cache_reused,False,False,0,0.0,c67c6513cce6d93a5a51175180eaa85e3fc9cf5cb0368b2a71dc7343557881e2,True,,,1,0,222.413398,10533.217271,6,8252,4,8224
20260726_formal4t4_reuse_intensive_RateFIFO@rho1.2_rep0,0,RateFIFO@rho1.2,RateFIFO,37,reuse_intensive:rep0:req37,reuse_intensive,0,12,0,L0012,8192,0,0,True,1789726079.4965374,8192,8192,8192,157.0945475101471,False,False,True,True,8192,161.84,1,1,32.0,True,fallback_prefill,True,True,0,8160.0,1e291c1ef900faf69b62516930b8e601e5e66c8fedbe1e37303cdbea70f434ec,True,,,1,0,16121.665851,32504.958427,6,8252,4,32
20260726_formal4t4_reuse_intensive_RateFIFO@rho1.2_rep0,0,RateFIFO@rho1.2,RateFIFO,38,reuse_intensive:rep0:req38,reuse_intensive,0,7,0,L0007,8192,0,0,True,1789726079.4965713,8192,8192,8192,194.72785425186157,False,False,True,True,8192,159.84,1,1,32.0,True,fallback_prefill,True,True,0,8160.0,71aede95a3e09a03ab7fcfed72b4e9b28841b5b9893dcd90b0f545f1c069690a,True,,,1,0,32958.323668,33709.048298,6,8252,4,32
20260726_formal4t4_reuse_intensive_RateFIFO@rho1.2_rep0,0,RateFIFO@rho1.2,RateFIFO,39,reuse_intensive:rep0:req39,reuse_intensive,0,1,1,L0001,8192,0,0,True,1789726079.4965987,8192,8192,8192,11.8983314037323,False,False,False,False,8192,157.84,1,1,8224.0,True,cache_reused,False,False,0,0.0,fb40259fa2475412dd86da28276448085ec4efb1b0939fc79e1d9fa05ddff9c0,True,,,1,0,32957.371218,33708.177124,6,8252,4,8224
20260726_formal4t4_reuse_intensive_RateFIFO@rho1.2_rep0,0,RateFIFO@rho1.2,RateFIFO,40,reuse_intensive:rep0:req40,reuse_intensive,0,1,2,L0001,8192,0,0,True,1789726113.211458,8192,8192,8192,45.61319065093994,False,False,False,False,8192,163.84,1,1,8224.0,True,cache_reused,False,False,0,0.0,379ffc14c7ed06933bcfa4969299e5f0e0a5779bdd7eb14010cefae9dcfff67e,True,,,1,0,226.173735,1516.618054,6,8252,4,8224
20260726_formal4t4_reuse_intensive_RateFIFO@rho1.2_rep0,0,RateFIFO@rho1.2,RateFIFO,41,reuse_intensive:rep0:req41,reuse_intensive,0,0,0,L0000,8192,0,0,True,1789726113.211507,8192,8192,8192,54.09829306602478,False,False,False,False,8192,161.84,1,1,8224.0,True,cache_reused,False,False,0,0.0,ddb6fb4c0688874c45771605609437aa287708c2bc7fcbca5022d33f57786564,True,,,1,0,821.525273,1858.130784,6,8252,4,8224
20260726_formal4t4_reuse_intensive_RateFIFO@rho1.2_rep0,0,RateFIFO@rho1.2,RateFIFO,42,reuse_intensive:rep0:req42,reuse_intensive,0,1,0,L0001,8192,0,0,True,1789726113.2115383,8192,8192,8192,45.6132709980011,False,False,False,False,8192,159.84,1,1,8224.0,True,cache_reused,False,False,0,0.0,828ab96627b7816079cb1d0a29da11d6a39e0349ef365e610637b286f4e10583,True,,,1,0,820.426543,1857.087601,6,8252,4,8224
20260726_formal4t4_reuse_intensive_RateFIFO@rho1.2_rep0,0,RateFIFO@rho1.2,RateFIFO,43,reuse_intensive:rep0:req43,reuse_intensive,0,2,1,L0002,8192,0,0,True,1789726113.2115643,8192,8192,8192,75.49102783203125,False,False,False,False,8192,157.84,1,1,8224.0,True,cache_reused,False,False,0,0.0,8ede26b5439d1f89667d9d02cd82b5428be8d6708ec531d379daa6f7296eb44e,True,,,1,0,819.027985,1855.570981,6,8252,4,8224
20260726_formal4t4_reuse_intensive_RateFIFO@rho1.2_rep0,0,RateFIFO@rho1.2,RateFIFO,44,reuse_intensive:rep0:req44,reuse_intensive,0,0,1,L0000,8192,0,0,True,1789726115.0741167,8192,8192,8192,55.96090269088745,False,False,False,False,8192,163.84,1,1,8224.0,True,cache_reused,False,False,0,0.0,71b073f148a496bb1db46abbb19e686b0fd398f17c4ed1131f0c86b6396eb20d,True,,,1,0,220.767412,709.580141,6,8252,4,8224
20260726_formal4t4_reuse_intensive_RateFIFO@rho1.2_rep0,0,RateFIFO@rho1.2,RateFIFO,45,reuse_intensive:rep0:req45,reuse_intensive,0,0,2,L0000,8192,0,0,True,1789726115.074179,8192,8192,8192,55.9609649181366,False,False,False,False,8192,161.84,1,1,8224.0,True,cache_reused,False,False,0,0.0,36af326f7fee1a714c5febcf3a88e6391b7ecdb862631b31be9703d3f433e308,True,,,1,0,433.964798,842.353166,6,8252,4,8224
20260726_formal4t4_reuse_intensive_RateFIFO@rho1.2_rep0,0,RateFIFO@rho1.2,RateFIFO,46,reuse_intensive:rep0:req46,reuse_intensive,0,0,0,L0000,8192,0,0,True,1789726115.0742111,8192,8192,8192,55.960997104644775,False,False,False,False,8192,159.84,1,1,8224.0,True,cache_reused,False,False,0,0.0,45e7b5b08fbdfa09232d2dcd5d0ea45dbdb0ee2bb71778f220b12e2f822c8670,True,,,1,0,433.016204,841.518525,6,8252,4,8224
20260726_formal4t4_reuse_intensive_RateFIFO@rho1.2_rep0,0,RateFIFO@rho1.2,RateFIFO,47,reuse_intensive:rep0:req47,reuse_intensive,0,0,1,L0000,8192,0,0,True,1789726115.0742362,8192,8192,8192,55.96102213859558,False,False,False,False,8192,157.84,1,1,8224.0,True,cache_reused,False,False,0,0.0,557ff2cf8d8a40684dcafef822af047b621c9f6f3f1b0331565c9b68f725bcc8,True,,,1,0,432.030078,840.549479,6,8252,4,8224
20260726_formal4t4_reuse_intensive_RateFIFO@rho1.2_rep0,0,RateFIFO@rho1.2,RateFIFO,48,reuse_intensive:rep0:req48,reuse_intensive,0,10,0,L0010,8192,0,0,True,1789726115.9213235,8192,8192,8192,203.5842101573944,False,False,True,True,8192,163.84,1,1,32.0,True,fallback_prefill,True,True,0,8160.0,9853509ad3a3489969f1ecdae6836f1b06ac52bdd7f16f867447d233b71927de,True,,,1,0,9710.149063,11090.931043,6,8252,4,32
20260726_formal4t4_reuse_intensive_RateFIFO@rho1.2_rep0,0,RateFIFO@rho1.2,RateFIFO,49,reuse_intensive:rep0:req49,reuse_intensive,0,3,1,L0003,8192,0,0,True,1789726115.921372,8192,8192,8192,268.84892988204956,False,False,False,False,8192,161.84,1,1,8224.0,True,cache_reused,False,False,0,0.0,9e3ff8d53f39bc4703e501a62b76f9388a76de5b34dd02519d44fc579ae1feb8,True,,,1,0,9708.66229,11089.306058,6,8252,4,8224
20260726_formal4t4_reuse_intensive_RateFIFO@rho1.2_rep0,0,RateFIFO@rho1.2,RateFIFO,50,reuse_intensive:rep0:req50,reuse_intensive,0,1,1,L0001,8192,0,0,True,1789726115.9214058,8192,8192,8192,2.712672710418701,False,False,False,False,8192,159.84,1,1,8224.0,True,cache_reused,False,False,0,0.0,f21233172ef15c5ff6945d2c3f1107c85f83552ade0508d47b9ed98ca15eb12c,True,,,1,0,9707.785153,11088.613043,6,8252,4,8224
20260726_formal4t4_reuse_intensive_RateFIFO@rho1.2_rep0,0,RateFIFO@rho1.2,RateFIFO,51,reuse_intensive:rep0:req51,reuse_intensive,0,6,2,L0006,8192,0,0,True,1789726115.9214327,8192,8192,8192,240.19650983810425,False,False,False,False,8192,157.84,1,1,8224.0,True,cache_reused,False,False,0,0.0,7732aae192a9aa4a29020e21a9de359261e450d2779efe5c5e0876e6fd8de5b5,True,,,1,0,9706.729254,11087.598946,6,8252,4,8224
20260726_formal4t4_reuse_intensive_RateFIFO@rho1.2_rep0,0,RateFIFO@rho1.2,RateFIFO,52,reuse_intensive:rep0:req52,reuse_intensive,0,58,0,L0058,8192,3,,False,1789726127.0156784,0,0,0,,False,False,False,False,0,0.0,0,0,32.0,False,cache_miss,False,False,0,0.0,7abd0a2db0a25ea2cbd4da1153dcb36d9db88cee06435eaed242b53771d171e4,True,,,1,0,8283.231206,8654.9281,6,8252,4,32
20260726_formal4t4_reuse_intensive_RateFIFO@rho1.2_rep0,0,RateFIFO@rho1.2,RateFIFO,53,reuse_intensive:rep0:req53,reuse_intensive,0,0,2,L0000,8192,0,0,True,1789726127.0157304,8192,8192,8192,11.09705138206482,False,False,False,False,8192,163.84,1,1,8224.0,True,cache_reused,False,False,0,0.0,353f6721e7ddde1bc0fe493d58870e8dcae2f6d122e76447b768b8597602d41e,True,,,1,0,222.400206,1111.42283,6,8252,4,8224
20260726_formal4t4_reuse_intensive_RateFIFO@rho1.2_rep0,0,RateFIFO@rho1.2,RateFIFO,54,reuse_intensive:rep0:req54,reuse_intensive,0,3,2,L0003,8192,0,0,True,1789726127.0157666,8192,8192,8192,279.94332456588745,False,False,False,False,8192,161.84,1,1,8224.0,True,cache_reused,False,False,0,0.0,22ed6b44be65724d36e8f59e9a814122074de70005b919fbbf7542ccb85ad71c,True,,,1,0,613.217543,1359.057504,6,8252,4,8224
20260726_formal4t4_reuse_intensive_RateFIFO@rho1.2_rep0,0,RateFIFO@rho1.2,RateFIFO,55,reuse_intensive:rep0:req55,reuse_intensive,0,0,0,L0000,8192,0,0,True,1789726127.0157955,8192,8192,8192,11.097116470336914,False,False,False,False,8192,159.84,1,1,8224.0,True,cache_reused,False,False,0,0.0,eb850fed080a9e55a91e37ff8eedd2a757d6ad91d32b5218224991eacce39cac,True,,,1,0,612.163881,1358.142052,6,8252,4,8224
20260726_formal4t4_reuse_intensive_RateFIFO@rho1.2_rep0,0,RateFIFO@rho1.2,RateFIFO,56,reuse_intensive:rep0:req56,reuse_intensive,0,2,2,L0002,8192,0,0,True,1789726135.673803,8192,8192,8192,97.95326662063599,False,False,False,False,8192,163.84,1,1,8224.0,True,cache_reused,False,False,0,0.0,08cec581308e56ce70ef6266aa77cdc573e62b004239a749b01e3e5f79da2941,True,,,1,0,353.860467,1220.776259,6,8252,4,8224
20260726_formal4t4_reuse_intensive_RateFIFO@rho1.2_rep0,0,RateFIFO@rho1.2,RateFIFO,57,reuse_intensive:rep0:req57,reuse_intensive,0,0,1,L0000,8192,0,0,True,1789726135.6738517,8192,8192,8192,19.755172729492188,False,False,False,False,8192,161.84,1,1,8224.0,True,cache_reused,False,False,0,0.0,5646f97bef467b6749c605fb9aa5b25442a4f25c8fc09d146211635c8cb42793,True,,,1,0,744.397245,1453.959754,6,8252,4,8224
20260726_formal4t4_reuse_intensive_RateFIFO@rho1.2_rep0,0,RateFIFO@rho1.2,RateFIFO,58,reuse_intensive:rep0:req58,reuse_intensive,0,0,2,L0000,8192,0,0,True,1789726135.673883,8192,8192,8192,19.75520396232605,False,False,False,False,8192,159.84,1,1,8224.0,True,cache_reused,False,False,0,0.0,2d90a5aa922158fc566094528a5fb092678562b5341c8c7945cbe08120e56023,True,,,1,0,743.004112,1452.470834,6,8252,4,8224
20260726_formal4t4_reuse_intensive_RateFIFO@rho1.2_rep0,0,RateFIFO@rho1.2,RateFIFO,59,reuse_intensive:rep0:req59,reuse_intensive,0,2,0,L0002,8192,0,0,True,1789726135.6739085,8192,8192,8192,97.95337200164795,False,False,False,False,8192,157.84,1,1,8224.0,True,cache_reused,False,False,0,0.0,17ed62314a2b4479e09f1eec96243ebe94c106bc6fc04a360fd9e38dc8a992ec,True,,,1,0,742.144696,1451.703816,6,8252,4,8224
20260726_formal4t4_reuse_intensive_RateFIFO@rho1.2_rep0,0,RateFIFO@rho1.2,RateFIFO,60,reuse_intensive:rep0:req60,reuse_intensive,1,64,0,L0064,8192,2,,False,1789726137.1323915,0,0,0,,False,False,False,False,0,0.0,0,0,32.0,False,cache_miss,False,False,0,0.0,089b463c84a51c60153b7b1300f7bcdce3869347c6054cd0c96cca1e2ad11121,True,,,1,0,7105.355907,7455.598849,6,8252,4,32
20260726_formal4t4_reuse_intensive_RateFIFO@rho1.2_rep0,0,RateFIFO@rho1.2,RateFIFO,61,reuse_intensive:rep0:req61,reuse_intensive,1,69,0,L0069,8192,1,,False,1789726137.1324286,0,0,0,,False,False,False,False,0,0.0,0,0,32.0,False,cache_miss,False,False,0,0.0,e064c087bc2d73b361c44efba62a2c7ba0d39305477a8a97420bedb9f7855fe1,True,,,1,0,7925.469135,8301.814122,6,8252,4,32
20260726_formal4t4_reuse_intensive_RateFIFO@rho1.2_rep0,0,RateFIFO@rho1.2,RateFIFO,62,reuse_intensive:rep0:req62,reuse_intensive,1,75,0,L0075,8192,0,,False,1789726137.1324527,0,0,0,,False,False,False,False,0,0.0,0,0,32.0,False,cache_miss,False,False,0,0.0,feb676252d1d4259a0099c97eb64b3c97c9c51af36fc3f6e8bbe18f921103784,True,,,1,0,8922.708364,9316.912541,6,8252,4,32
20260726_formal4t4_reuse_intensive_RateFIFO@rho1.2_rep0,0,RateFIFO@rho1.2,RateFIFO,63,reuse_intensive:rep0:req63,reuse_intensive,1,64,1,L0064,8192,3,,False,1789726137.132473,0,0,0,,False,False,False,False,0,0.0,0,0,32.0,False,cache_miss,False,False,0,0.0,9f0eb047ce7068a6dc9095885e9be1f6373a78a4f1db02201c317acd9a9e10d0,True,,,1,0,8016.935667,8389.247386,6,8252,4,32
20260726_formal4t4_reuse_intensive_RateFIFO@rho1.2_rep0,0,RateFIFO@rho1.2,RateFIFO,64,reuse_intensive:rep0:req64,reuse_intensive,1,67,0,L0067,8192,2,,False,1789726146.4551313,0,0,0,,False,False,False,False,0,0.0,0,0,32.0,False,cache_miss,False,False,0,0.0,3b04c2c8cce1b463fecb94ef491b18814ac779547fe4b7d189d99d05d43d4d4a,True,,,1,0,8097.939875,8487.38135,6,8252,4,32
20260726_formal4t4_reuse_intensive_RateFIFO@rho1.2_rep0,0,RateFIFO@rho1.2,RateFIFO,65,reuse_intensive:rep0:req65,reuse_intensive,1,104,0,L0104,8192,3,,False,1789726146.455189,0,0,0,,False,False,False,False,0,0.0,0,0,16.0,False,cache_miss,False,False,0,0.0,c5a6664ef4d98e42a298d892cc3e61a21b59ba6323d65a23754a07ca2cff2d47,True,,,1,0,7943.841417,8315.354504,6,8252,4,16
20260726_formal4t4_reuse_intensive_RateFIFO@rho1.2_rep0,0,RateFIFO@rho1.2,RateFIFO,66,reuse_intensive:rep0:req66,reuse_intensive,1,121,0,L0121,8192,0,,False,1789726146.4552152,0,0,0,,False,False,False,False,0,0.0,0,0,16.0,False,cache_miss,False,False,0,0.0,7ae11b0f79c534cae7e113a0f9b5f18b0ac6d431006d369b831fd03f9a578466,True,,,1,0,8514.761882,8907.868951,6,8252,4,16
20260726_formal4t4_reuse_intensive_RateFIFO@rho1.2_rep0,0,RateFIFO@rho1.2,RateFIFO,67,reuse_intensive:rep0:req67,reuse_intensive,1,64,2,L0064,8192,1,,False,1789726146.4552362,8192,0,0,335.62491846084595,True,True,False,False,0,0.0,0,0,32.0,False,cache_miss,False,False,0,0.0,2b651e63b6f47be3f349b40bf49c3fe96f27d0c38292326469b7ac147c3b4ecf,True,,,1,0,7785.950684,8162.69076,6,8252,4,32
20260726_formal4t4_reuse_intensive_RateFIFO@rho1.2_rep0,0,RateFIFO@rho1.2,RateFIFO,68,reuse_intensive:rep0:req68,reuse_intensive,1,64,0,L0064,8192,2,2,False,1789726155.3687572,8192,8192,8192,8.916367053985596,False,False,False,False,8192,0.0,1,1,8224.0,False,cache_reused,False,False,0,0.0,7e327c6062852bc1a8e4858ab783b956491d75d6e49bb4df07fcc6fc947eab20,True,,,1,0,193.61498,548.110274,6,8252,4,8224
20260726_formal4t4_reuse_intensive_RateFIFO@rho1.2_rep0,0,RateFIFO@rho1.2,RateFIFO,69,reuse_intensive:rep0:req69,reuse_intensive,1,70,0,L0070,8192,1,,False,1789726155.3687978,0,0,0,,False,False,False,False,0,0.0,0,0,32.0,False,cache_miss,False,False,0,0.0,31b430f2b42c985587803aeffd9b5c2a7efecebfe800331011040477cea53507,True,,,1,0,7925.085668,8292.168574,6,8252,4,32
20260726_formal4t4_reuse_intensive_RateFIFO@rho1.2_rep0,0,RateFIFO@rho1.2,RateFIFO,70,reuse_intensive:rep0:req70,reuse_intensive,1,96,0,L0096,8192,3,,False,1789726155.3688242,0,0,0,,False,False,False,False,0,0.0,0,0,32.0,False,cache_miss,False,False,0,0.0,1562a2587d8bbf08177be590f5a861940ef28cbd0f115fc9a2b54218a6500206,True,,,1,0,8172.080037,8559.528149,6,8252,4,32
20260726_formal4t4_reuse_intensive_RateFIFO@rho1.2_rep0,0,RateFIFO@rho1.2,RateFIFO,71,reuse_intensive:rep0:req71,reuse_intensive,1,88,0,L0088,8192,0,,False,1789726155.3688455,0,0,0,,False,False,False,False,0,0.0,0,0,32.0,False,cache_miss,False,False,0,0.0,d4b02bbe95867ea286c3e19149b43ae253bbd71a6fdbaf7d271d920f9b3c25f7,True,,,1,0,7911.747857,8296.07268,6,8252,4,32
20260726_formal4t4_reuse_intensive_RateFIFO@rho1.2_rep0,0,RateFIFO@rho1.2,RateFIFO,72,reuse_intensive:rep0:req72,reuse_intensive,1,66,0,L0066,8192,3,,False,1789726163.9340117,0,0,0,,False,False,False,False,0,0.0,0,0,32.0,False,cache_miss,False,False,0,0.0,4b88b3ab52b079984709db2a3ba7d0c0e9654632660853071ca0ada30c5b8e23,True,,,1,0,8303.666516,8680.99146,6,8252,4,32
20260726_formal4t4_reuse_intensive_RateFIFO@rho1.2_rep0,0,RateFIFO@rho1.2,RateFIFO,73,reuse_intensive:rep0:req73,reuse_intensive,1,64,1,L0064,8192,2,2,False,1789726163.9340644,8192,8192,8192,17.481674194335938,False,False,False,False,8192,0.0,1,1,8224.0,False,cache_reused,False,False,0,0.0,c950d5acf8cacb5ac8365826f8d76b0adb37ce728485d90d3416556e8b3f06c1,True,,,1,0,339.534882,705.59577,6,8252,4,8224
20260726_formal4t4_reuse_intensive_RateFIFO@rho1.2_rep0,0,RateFIFO@rho1.2,RateFIFO,74,reuse_intensive:rep0:req74,reuse_intensive,1,65,0,L0065,8192,0,,False,1789726163.9340947,0,0,0,,False,False,False,False,0,0.0,0,0,32.0,False,cache_miss,False,False,0,0.0,cf23eda80587deccf274b3c8318fc7a3447b945c4af2b57859d6bb0994481130,True,,,1,0,8688.476035,9073.685231,6,8252,4,32
20260726_formal4t4_reuse_intensive_RateFIFO@rho1.2_rep0,0,RateFIFO@rho1.2,RateFIFO,75,reuse_intensive:rep0:req75,reuse_intensive,1,66,1,L0066,8192,1,,False,1789726163.9341164,0,0,0,,False,False,False,False,0,0.0,0,0,32.0,False,cache_miss,False,False,0,0.0,2afa795c1d9335e66ccf326f21278446071639c48d8ce7b6479a229a98f6ef5f,True,,,1,0,7963.577875,8339.111589,6,8252,4,32
20260726_formal4t4_reuse_intensive_RateFIFO@rho1.2_rep0,0,RateFIFO@rho1.2,RateFIFO,76,reuse_intensive:rep0:req76,reuse_intensive,1,64,2,L0064,8192,2,2,True,1789726173.0136945,8192,8192,8192,9.082406520843506,False,False,False,False,8192,163.84,1,1,8224.0,True,cache_reused,False,False,0,0.0,58044fbca4d2715b3e1f7843ab25925c7d9d320305137a4065be9724e327738c,True,,,1,0,313.404587,686.938483,6,8252,4,8224
20260726_formal4t4_reuse_intensive_RateFIFO@rho1.2_rep0,0,RateFIFO@rho1.2,RateFIFO,77,reuse_intensive:rep0:req77,reuse_intensive,1,65,1,L0065,8192,3,,False,1789726173.0137365,8192,0,0,362.18341875076294,True,True,False,False,0,0.0,0,0,32.0,False,cache_miss,False,False,0,0.0,5ce347e54ef5073887d07defde44b001665e459d0c76a9fd5d4103728d412570,True,,,1,0,7691.921425,8044.294383,6,8252,4,32
20260726_formal4t4_reuse_intensive_RateFIFO@rho1.2_rep0,0,RateFIFO@rho1.2,RateFIFO,78,reuse_intensive:rep0:req78,reuse_intensive,1,65,2,L0065,8192,1,,False,1789726173.013764,8192,0,0,362.18344616889954,True,True,False,False,0,0.0,0,0,32.0,False,cache_miss,False,False,0,0.0,e10b23878e600e38933965aa3c969a6079ac47069719c34a9d17e3e349fb9004,True,,,1,0,7832.621321,8205.948572,6,8252,4,32
20260726_formal4t4_reuse_intensive_RateFIFO@rho1.2_rep0,0,RateFIFO@rho1.2,RateFIFO,79,reuse_intensive:rep0:req79,reuse_intensive,1,65,0,L0065,8192,0,,False,1789726173.0137851,8192,0,0,362.1834673881531,True,True,False,False,0,0.0,0,0,8224.0,False,cache_reused,False,False,0,0.0,3ff5d6eab81af23e109a3b941c31e85653ebae63fb2b579dfead4105b017c4f0,True,,,1,0,180.531042,569.527128,6,8252,4,8224
20260726_formal4t4_reuse_intensive_RateFIFO@rho1.2_rep0,0,RateFIFO@rho1.2,RateFIFO,80,reuse_intensive:rep0:req80,reuse_intensive,1,74,0,L0074,8192,1,,False,1789726181.2254996,0,0,0,,False,False,False,False,0,0.0,0,0,32.0,False,cache_miss,False,False,0,0.0,c2e48e11cca01c63dbbd64f9581bba8c292a6d589e3ef4422c8a1ce17ed15f2b,True,,,1,0,7688.02143,8044.477142,6,8252,4,32
20260726_formal4t4_reuse_intensive_RateFIFO@rho1.2_rep0,0,RateFIFO@rho1.2,RateFIFO,81,reuse_intensive:rep0:req81,reuse_intensive,1,64,0,L0064,8192,2,2,True,1789726181.2255511,8192,8192,8192,17.294263124465942,False,False,False,False,8192,163.84,1,1,8224.0,True,cache_reused,False,False,0,0.0,7cc18dfa6275ec2f50e89a33e63355cfa5cf153cbcf479f6999bd614e53c9278,True,,,1,0,317.648175,687.380481,6,8252,4,8224
20260726_formal4t4_reuse_intensive_RateFIFO@rho1.2_rep0,0,RateFIFO@rho1.2,RateFIFO,82,reuse_intensive:rep0:req82,reuse_intensive,1,65,1,L0065,8192,0,,False,1789726181.2255816,8192,0,0,370.3952639102936,True,True,False,False,0,0.0,0,0,8224.0,False,cache_reused,False,False,0,0.0,486fdd60ab5b1cfb87f35c3939819655bc075006f82798d04a780dfb4999920c,True,,,1,0,330.579305,730.465653,6,8252,4,8224
20260726_formal4t4_reuse_intensive_RateFIFO@rho1.2_rep0,0,RateFIFO@rho1.2,RateFIFO,83,reuse_intensive:rep0:req83,reuse_intensive,1,69,1,L0069,8192,3,,False,1789726181.2256064,8192,0,0,370.3952887058258,True,True,False,False,0,0.0,0,0,32.0,False,cache_miss,False,False,0,0.0,14f8c65659f1a340bdd1f10864b4deb20af1d4615168e1e4ef11a5e69f76c791,True,,,1,0,8731.262146,9129.804096,6,8252,4,32
20260726_formal4t4_reuse_intensive_RateFIFO@rho1.2_rep0,0,RateFIFO@rho1.2,RateFIFO,84,reuse_intensive:rep0:req84,reuse_intensive,1,65,2,L0065,8192,2,,False,1789726190.3622715,8192,0,0,379.5319538116455,True,True,False,False,0,0.0,0,0,32.0,False,cache_miss,False,False,0,0.0,e6d78a4e6e43046f235b8d797b01b472b3a9d2bd17c407a8b1b11fcd97fe9638,True,,,1,0,7459.770068,7817.691176,6,8252,4,32
20260726_formal4t4_reuse_intensive_RateFIFO@rho1.2_rep0,0,RateFIFO@rho1.2,RateFIFO,85,reuse_intensive:rep0:req85,reuse_intensive,1,106,0,L0106,8192,3,,False,1789726190.362311,0,0,0,,False,False,False,False,0,0.0,0,0,32.0,False,cache_miss,False,False,0,0.0,03fb595537c7e7d354bd7aaf63f0b4f9b8a5d53499fcfada0581903efc7a580a,True,,,1,0,8568.991486,8941.181097,6,8252,4,32
20260726_formal4t4_reuse_intensive_RateFIFO@rho1.2_rep0,0,RateFIFO@rho1.2,RateFIFO,86,reuse_intensive:rep0:req86,reuse_intensive,1,70,1,L0070,8192,0,,False,1789726190.3623369,8192,0,0,379.5320191383362,True,True,False,False,0,0.0,0,0,32.0,False,cache_miss,False,False,0,0.0,780909a339bfe3c2371c7611e9a3caa9a81ab7902d35a1e63703003c7141000b,True,,,1,0,8750.105832,9141.632408,6,8252,4,32
20260726_formal4t4_reuse_intensive_RateFIFO@rho1.2_rep0,0,RateFIFO@rho1.2,RateFIFO,87,reuse_intensive:rep0:req87,reuse_intensive,1,70,2,L0070,8192,1,,False,1789726190.3623595,8192,0,0,379.5320417881012,True,True,False,False,0,0.0,0,0,8224.0,False,cache_reused,False,False,0,0.0,93b4b500512eee7ccc5453d15cd075f7aa7e0fe7c194a946133d0672bee84f1e,True,,,1,0,202.435888,573.722765,6,8252,4,8224
20260726_formal4t4_reuse_intensive_RateFIFO@rho1.2_rep0,0,RateFIFO@rho1.2,RateFIFO,88,reuse_intensive:rep0:req88,reuse_intensive,1,64,1,L0064,8192,2,2,False,1789726199.509834,8192,8192,8192,18.287040948867798,False,False,False,False,8192,0.0,1,1,8224.0,False,cache_reused,False,False,0,0.0,84d1d1dde1d6336747037a9d85c01149db984e0f4c541b9fe651df65093ba630,True,,,1,0,195.270859,681.120224,6,8252,4,8224
20260726_formal4t4_reuse_intensive_RateFIFO@rho1.2_rep0,0,RateFIFO@rho1.2,RateFIFO,89,reuse_intensive:rep0:req89,reuse_intensive,1,64,2,L0064,8192,2,2,True,1789726199.5098813,8192,8192,8192,18.28708815574646,False,False,False,False,8192,161.84,1,1,8224.0,True,cache_reused,False,False,0,0.0,284d734b7896dbf7edc21329e734518d2349a8324600a2e58b37004266e7d364,True,,,1,0,383.040232,808.829727,6,8252,4,8224
20260726_formal4t4_reuse_intensive_RateFIFO@rho1.2_rep0,0,RateFIFO@rho1.2,RateFIFO,90,reuse_intensive:rep0:req90,reuse_intensive,1,118,0,L0118,8192,0,,False,1789726199.5099077,0,0,0,,False,False,False,False,0,0.0,0,0,32.0,False,cache_miss,False,False,0,0.0,87c593543b8d3cd34ca36ec6e3ad4c4d52d9d33fe78c940cc04c05bd31c467b0,True,,,1,0,9646.980785,10075.830469,6,8252,4,32
20260726_formal4t4_reuse_intensive_RateFIFO@rho1.2_rep0,0,RateFIFO@rho1.2,RateFIFO,91,reuse_intensive:rep0:req91,reuse_intensive,1,64,0,L0064,8192,2,2,True,1789726199.5099375,8192,8192,8192,18.287144422531128,False,False,False,False,8192,159.84,1,1,8224.0,True,cache_reused,False,False,0,0.0,8c0c8cf56699107011a449dc4831e65747f75359ed3fc6355057d8474d669ae1,True,,,1,0,380.459538,806.088816,6,8252,4,8224
20260726_formal4t4_reuse_intensive_RateFIFO@rho1.2_rep0,0,RateFIFO@rho1.2,RateFIFO,92,reuse_intensive:rep0:req92,reuse_intensive,1,65,0,L0065,8192,2,2,True,1789726209.6728945,8192,8192,8192,10.165824174880981,False,False,False,False,8192,163.84,1,1,8224.0,True,cache_reused,False,False,0,0.0,e8cb4f491550e2f5310272544b9c087d1fe8d0ab2393f0ba8bfa3f34ceb11255,True,,,1,0,327.068084,738.471388,6,8252,4,8224
20260726_formal4t4_reuse_intensive_RateFIFO@rho1.2_rep0,0,RateFIFO@rho1.2,RateFIFO,93,reuse_intensive:rep0:req93,reuse_intensive,1,109,0,L0109,8192,3,,False,1789726209.6729245,0,0,0,,False,False,False,False,0,0.0,0,0,32.0,False,cache_miss,False,False,0,0.0,7996905191e1ebf5601e7215be6ed4ef2231592db98d74c0414d00292b11ad4a,True,,,1,0,8822.640161,9207.067972,6,8252,4,32
20260726_formal4t4_reuse_intensive_RateFIFO@rho1.2_rep0,0,RateFIFO@rho1.2,RateFIFO,94,reuse_intensive:rep0:req94,reuse_intensive,1,65,1,L0065,8192,2,2,True,1789726209.6729465,8192,8192,8192,10.165876150131226,False,False,False,False,8192,161.84,1,1,8224.0,True,cache_reused,False,False,0,0.0,cc62661261755c4cb02daf939547bdb7dab9f740baaef407d6bf59efa01c5c32,True,,,1,0,478.910371,858.112987,6,8252,4,8224
20260726_formal4t4_reuse_intensive_RateFIFO@rho1.2_rep0,0,RateFIFO@rho1.2,RateFIFO,95,reuse_intensive:rep0:req95,reuse_intensive,1,82,0,L0082,8192,0,,False,1789726209.6729612,0,0,0,,False,False,False,False,0,0.0,0,0,32.0,False,cache_miss,False,False,0,0.0,5cb74609a2cde02d1b5e7b9fdd639083480e1eed2e357de6fdef4b4d894b9429,True,,,1,0,8060.487065,8424.860001,6,8252,4,32
20260726_formal4t4_reuse_intensive_RateFIFO@rho1.2_rep0,0,RateFIFO@rho1.2,RateFIFO,96,reuse_intensive:rep0:req96,reuse_intensive,1,64,1,L0064,8192,2,2,True,1789726218.8842266,8192,8192,8192,9.295449495315552,False,False,False,False,8192,163.84,1,1,8224.0,True,cache_reused,False,False,0,0.0,5913e928a2beb8ccacc7987fb68b434736233ed072908331cffabfe2e8440fe8,True,,,1,0,389.92236,1237.09509,6,8252,4,8224
20260726_formal4t4_reuse_intensive_RateFIFO@rho1.2_rep0,0,RateFIFO@rho1.2,RateFIFO,97,reuse_intensive:rep0:req97,reuse_intensive,1,65,2,L0065,8192,2,2,True,1789726218.8842757,8192,8192,8192,19.37720537185669,False,False,False,False,8192,161.84,1,1,8224.0,True,cache_reused,False,False,0,0.0,9bf3963f48d0de01dbaded6a4fcc74a24c509ceb420f309dcf6a032d6d7770cc,True,,,1,0,765.295097,1366.77828,6,8252,4,8224
20260726_formal4t4_reuse_intensive_RateFIFO@rho1.2_rep0,0,RateFIFO@rho1.2,RateFIFO,98,reuse_intensive:rep0:req98,reuse_intensive,1,65,0,L0065,8192,2,2,True,1789726218.88431,8192,8192,8192,19.37723970413208,False,False,False,False,8192,159.84,1,1,8224.0,True,cache_reused,False,False,0,0.0,ce43c959a8aa25a705ae886f49b45b6d6f605e4888f35dc5f8dec508dfe0e669,True,,,1,0,763.802625,1365.300483,6,8252,4,8224
20260726_formal4t4_reuse_intensive_RateFIFO@rho1.2_rep0,0,RateFIFO@rho1.2,RateFIFO,99,reuse_intensive:rep0:req99,reuse_intensive,1,78,0,L0078,8192,0,,False,1789726218.884334,0,0,0,,False,False,False,False,0,0.0,0,0,32.0,False,cache_miss,False,False,0,0.0,4bc4917fcb0b1843a8f683c2a1fc73184c02866ab1d6f596e57a2994eaf72b2f,True,,,1,0,8330.820957,8716.344451,6,8252,4,32
20260726_formal4t4_reuse_intensive_RateFIFO@rho1.2_rep0,0,RateFIFO@rho1.2,RateFIFO,100,reuse_intensive:rep0:req100,reuse_intensive,1,71,0,L0071,8192,2,,False,1789726227.6077547,0,0,0,,False,False,False,False,0,0.0,0,0,32.0,False,cache_miss,False,False,0,0.0,50249354c3a93ae02288c29d56df96bfc70e018453262da4920b8c2769cb71b9,True,,,1,0,8534.425368,9257.400242,6,8253,4,32
20260726_formal4t4_reuse_intensive_RateFIFO@rho1.2_rep0,0,RateFIFO@rho1.2,RateFIFO,101,reuse_intensive:rep0:req101,reuse_intensive,1,105,0,L0105,8192,3,,False,1789726227.6077936,0,0,0,,False,False,False,False,0,0.0,0,0,32.0,False,cache_miss,False,False,0,0.0,d18f7c4f143cfb508236830666ddc69356366a3f344569be8af34bf2759bab8b,True,,,1,0,8625.32535,9005.391388,6,8253,4,32
20260726_formal4t4_reuse_intensive_RateFIFO@rho1.2_rep0,0,RateFIFO@rho1.2,RateFIFO,102,reuse_intensive:rep0:req102,reuse_intensive,1,64,2,L0064,8192,2,2,True,1789726227.607833,8192,8192,8192,18.01905584335327,False,False,False,False,8192,161.84,1,1,8224.0,True,cache_reused,False,False,0,0.0,98cf44747d2b356196c2cbdd32e596c44bf4d6e18385e343a357b0fd01dfc430,True,,,1,0,8531.511782,9254.32031,6,8253,4,8224
20260726_formal4t4_reuse_intensive_RateFIFO@rho1.2_rep0,0,RateFIFO@rho1.2,RateFIFO,103,reuse_intensive:rep0:req103,reuse_intensive,1,64,0,L0064,8192,2,2,True,1789726227.6078691,8192,8192,8192,18.019092082977295,False,False,False,False,8192,159.84,1,1,8224.0,True,cache_reused,False,False,0,0.0,f29bd5325497c1aad693d626e4188ae5b79c9ddc1cb5bf8ff5fb087f8aaad928,True,,,1,0,8530.545446,9253.477297,6,8253,4,8224
20260726_formal4t4_reuse_intensive_RateFIFO@rho1.2_rep0,0,RateFIFO@rho1.2,RateFIFO,104,reuse_intensive:rep0:req104,reuse_intensive,1,76,0,L0076,8192,0,,False,1789726236.8685257,0,0,0,,False,False,False,False,0,0.0,0,0,32.0,False,cache_miss,False,False,0,0.0,952ccbad3a4a45518439bfd00df566b60230bedd039899bd216f0fbfe0b7993e,True,,,1,0,8402.19789,8777.609792,6,8253,4,32
20260726_formal4t4_reuse_intensive_RateFIFO@rho1.2_rep0,0,RateFIFO@rho1.2,RateFIFO,105,reuse_intensive:rep0:req105,reuse_intensive,1,64,1,L0064,8192,2,2,True,1789726236.868586,8192,8192,8192,9.263693809509277,False,False,False,False,8192,163.84,1,1,8224.0,True,cache_reused,False,False,0,0.0,28e381c5b2415d41aac25e2c52d2dd0b9b818ab0868d67bb3b8e23c6762f7be3,True,,,1,0,209.759739,566.812767,6,8253,4,8224
20260726_formal4t4_reuse_intensive_RateFIFO@rho1.2_rep0,0,RateFIFO@rho1.2,RateFIFO,106,reuse_intensive:rep0:req106,reuse_intensive,1,89,0,L0089,8192,3,,False,1789726236.8686185,0,0,0,,False,False,False,False,0,0.0,0,0,32.0,False,cache_miss,False,False,0,0.0,e1446c2cfecd1513d7d3e95bc1af5a5445d20e1bdcf02d35d92e2f6a863c1b5d,True,,,1,0,8418.124446,8789.7758,6,8253,4,32
20260726_formal4t4_reuse_intensive_RateFIFO@rho1.2_rep0,0,RateFIFO@rho1.2,RateFIFO,107,reuse_intensive:rep0:req107,reuse_intensive,1,77,0,L0077,8192,1,,False,1789726236.8686433,0,0,0,,False,False,False,False,0,0.0,0,0,32.0,False,cache_miss,False,False,0,0.0,183f5430ce4e7be32ecae7a6e8d9129ba0ddf73192e27e5c4d4d9d220c0ce058,True,,,1,0,7961.70181,8340.99647,6,8253,4,32
20260726_formal4t4_reuse_intensive_RateFIFO@rho1.2_rep0,0,RateFIFO@rho1.2,RateFIFO,108,reuse_intensive:rep0:req108,reuse_intensive,1,66,2,L0066,8192,3,3,True,1789726245.6642058,8192,8192,8192,72.65328907966614,False,False,False,False,8192,163.84,1,1,8224.0,True,cache_reused,False,False,0,0.0,9e917a81cd4b4efbb32dc335be2984fa387ebd07f6be47f8701416c147809ff1,True,,,1,0,204.85711,616.015314,6,8253,4,8224
20260726_formal4t4_reuse_intensive_RateFIFO@rho1.2_rep0,0,RateFIFO@rho1.2,RateFIFO,109,reuse_intensive:rep0:req109,reuse_intensive,1,72,0,L0072,8192,2,,False,1789726245.6642482,0,0,0,,False,False,False,False,0,0.0,0,0,32.0,False,cache_miss,False,False,0,0.0,955ed028e6bcf19a9bd5df4288674e16763f16362f2f85c3de9a2a3a737e89e1,True,,,1,0,7734.43658,8441.061103,6,8253,4,32
20260726_formal4t4_reuse_intensive_RateFIFO@rho1.2_rep0,0,RateFIFO@rho1.2,RateFIFO,110,reuse_intensive:rep0:req110,reuse_intensive,1,65,1,L0065,8192,2,2,True,1789726245.664285,8192,8192,8192,26.782917499542236,False,False,False,False,8192,161.84,1,1,8224.0,True,cache_reused,False,False,0,0.0,6212208320cd6fc45d4785c2b4e06d875e98a9a6e999d18aef29f7ca311e4bb3,True,,,1,0,7733.253839,8439.981776,6,8253,4,8224
20260726_formal4t4_reuse_intensive_RateFIFO@rho1.2_rep0,0,RateFIFO@rho1.2,RateFIFO,111,reuse_intensive:rep0:req111,reuse_intensive,1,66,0,L0066,8192,3,3,True,1789726245.6643183,8192,8192,8192,72.65340161323547,False,False,False,False,8192,161.84,1,1,8224.0,True,cache_reused,False,False,0,0.0,d7dd09eba952f427db74d958fd63f98ae87d882bbb1dfe8f8954eef22f0d0b4e,True,,,1,0,342.063113,738.28346,6,8253,4,8224
20260726_formal4t4_reuse_intensive_RateFIFO@rho1.2_rep0,0,RateFIFO@rho1.2,RateFIFO,112,reuse_intensive:rep0:req112,reuse_intensive,1,82,1,L0082,8192,0,,False,1789726254.1100533,8192,0,0,443.27973556518555,True,True,False,False,0,0.0,0,0,8224.0,False,cache_reused,False,False,0,0.0,e240f1ad655df01a1923f840fb80e1195bca5ccd3d50ce697434104f8201670f,True,,,1,0,356.436893,731.126801,6,8253,4,8224
20260726_formal4t4_reuse_intensive_RateFIFO@rho1.2_rep0,0,RateFIFO@rho1.2,RateFIFO,113,reuse_intensive:rep0:req113,reuse_intensive,1,64,2,L0064,8192,2,2,True,1789726254.1101062,8192,8192,8192,26.505213975906372,False,False,False,False,8192,163.84,1,1,8224.0,True,cache_reused,False,False,0,0.0,cb4e9b6d849af3af338a66cfe7b5993c5e69e8640697f2abe4afc0e0dc39ea54,True,,,1,0,210.354,626.458362,6,8253,4,8224
20260726_formal4t4_reuse_intensive_RateFIFO@rho1.2_rep0,0,RateFIFO@rho1.2,RateFIFO,114,reuse_intensive:rep0:req114,reuse_intensive,1,113,0,L0113,8192,3,,False,1789726254.110136,0,0,0,,False,False,False,False,0,0.0,0,0,32.0,False,cache_miss,False,False,0,0.0,f8f6a6c6d42aab5a41e6bc956b69cd641a9927ca8412e2c16ffcb95f61964769,True,,,1,0,8717.238817,9088.941602,6,8253,4,32
20260726_formal4t4_reuse_intensive_RateFIFO@rho1.2_rep0,0,RateFIFO@rho1.2,RateFIFO,115,reuse_intensive:rep0:req115,reuse_intensive,1,64,0,L0064,8192,2,2,True,1789726254.1101794,8192,8192,8192,26.505287170410156,False,False,False,False,8192,161.84,1,1,8224.0,True,cache_reused,False,False,0,0.0,1e37fa3d259197edf18dcfc725cf394228eaa8efc8e004041598dd64a9815edd,True,,,1,0,372.36728,742.390283,6,8253,4,8224
20260726_formal4t4_reuse_intensive_RateFIFO@rho1.2_rep0,0,RateFIFO@rho1.2,RateFIFO,116,reuse_intensive:rep0:req116,reuse_intensive,1,111,0,L0111,8192,2,,False,1789726263.20487,0,0,0,,False,False,False,False,0,0.0,0,0,16.0,False,cache_miss,False,False,0,0.0,385c79c1ba14b4d3f1eeab3b435304dae49db902d598eee5a19d9c2ab6efd26c,True,,,1,0,9015.70032,9762.791016,6,8253,4,16
20260726_formal4t4_reuse_intensive_RateFIFO@rho1.2_rep0,0,RateFIFO@rho1.2,RateFIFO,117,reuse_intensive:rep0:req117,reuse_intensive,1,66,1,L0066,8192,3,3,False,1789726263.2049212,8192,8192,8192,9.097577095031738,False,False,False,False,8192,0.0,1,1,8224.0,False,cache_reused,False,False,0,0.0,e7c2b47f9e14d9de1da0af1e2dc3c931d73a3f045090e2c30425e69d690a9a3b,True,,,1,0,215.820978,665.165328,6,8253,4,8224
20260726_formal4t4_reuse_intensive_RateFIFO@rho1.2_rep0,0,RateFIFO@rho1.2,RateFIFO,118,reuse_intensive:rep0:req118,reuse_intensive,1,64,1,L0064,8192,2,2,True,1789726263.2049615,8192,8192,8192,35.60006928443909,False,False,False,False,8192,161.84,1,1,8224.0,True,cache_reused,False,False,0,0.0,3990e821a609083efee48751aea75a2fa53ba2c0aed00a5e4d7f41dd9bd03720,True,,,1,0,9012.905678,9759.908557,6,8253,4,8224
20260726_formal4t4_reuse_intensive_RateFIFO@rho1.2_rep0,0,RateFIFO@rho1.2,RateFIFO,119,reuse_intensive:rep0:req119,reuse_intensive,1,66,2,L0066,8192,3,3,True,1789726263.2049928,8192,8192,8192,9.097648620605469,False,False,False,False,8192,161.84,1,1,8224.0,True,cache_reused,False,False,0,0.0,c1f9c17583d76b1f239d85303e15f2c13fd8ca7ed9384eadae800081c739439d,True,,,1,0,390.667787,788.506373,6,8253,4,8224
20260726_formal4t4_reuse_intensive_Ideal_rep1,1,Ideal,Ideal,24,reuse_intensive:rep1:req24,reuse_intensive,0,4,1,L0004,8192,2,0;1;2;3,False,1789726432.235642,8192,8192,8192,26.86750888824463,False,False,False,False,8192,0.0,4,4,8224.0,False,cache_reused,False,False,0,0.0,666bd9ad573b20fd7a2afaa38cc55e8e89173451fa00b5992a7303cb71de03d2,True,,,1,0,357.385657,748.560365,6,8252,4,8224
20260726_formal4t4_reuse_intensive_Ideal_rep1,1,Ideal,Ideal,25,reuse_intensive:rep1:req25,reuse_intensive,0,1,2,L0001,8192,3,2;3,False,1789726432.2356935,8192,8192,8192,9.170228004455566,False,False,False,False,8192,0.0,2,2,8224.0,False,cache_reused,False,False,0,0.0,7539756a068da27d38209f2647a53c582194307b5214ba5aacac396fd83b7964,True,,,1,0,344.781671,1121.252473,6,8252,4,8224
20260726_formal4t4_reuse_intensive_Ideal_rep1,1,Ideal,Ideal,26,reuse_intensive:rep1:req26,reuse_intensive,0,2,1,L0002,8192,3,2;3,True,1789726432.2357311,8192,8192,8192,0.00019407272338867188,False,False,False,False,8192,161.84,2,2,8224.0,True,cache_reused,False,False,0,0.0,536f633f66cb81a6a94e2395e9e2c0ffaa019cb480c357beb4b3a2195ab5e585,True,,,1,0,625.22088,1246.647938,6,8252,4,8224
20260726_formal4t4_reuse_intensive_Ideal_rep1,1,Ideal,Ideal,27,reuse_intensive:rep1:req27,reuse_intensive,0,0,2,L0000,8192,1,1;2;3,True,1789726432.2357721,8192,8192,8192,9.170269966125488,False,False,False,False,8192,163.84,3,3,8224.0,True,cache_reused,False,False,0,0.0,bd6188f6e9a8a1895c8323a933d4fe53656573e8e5028ee511026b2d836c16f4,True,,,1,0,207.143318,597.015285,6,8252,4,8224
20260726_formal4t4_reuse_intensive_Ideal_rep1,1,Ideal,Ideal,28,reuse_intensive:rep1:req28,reuse_intensive,0,17,0,L0017,8192,2,,False,1789726433.4877772,0,0,0,,False,False,False,False,0,0.0,0,0,32.0,False,cache_miss,False,False,0,0.0,77fc8836dfc7deeb7b3942dac723a0ec4bf1679d8b4cffdb75d9043498633a10,True,,,1,0,8051.739054,8440.479022,6,8252,4,32
20260726_formal4t4_reuse_intensive_Ideal_rep1,1,Ideal,Ideal,29,reuse_intensive:rep1:req29,reuse_intensive,0,2,2,L0002,8192,3,2;3,True,1789726433.4878292,8192,8192,8192,0.0012044906616210938,False,False,False,False,8192,163.84,2,2,8224.0,True,cache_reused,False,False,0,0.0,5f83bdaeb61bd195d8b8ab5182777a206f9d926d6a03b499597c57f1146afb48,True,,,1,0,211.907201,949.830158,6,8252,4,8224
20260726_formal4t4_reuse_intensive_Ideal_rep1,1,Ideal,Ideal,30,reuse_intensive:rep1:req30,reuse_intensive,0,59,0,L0059,8192,1,,False,1789726433.4878597,0,0,0,,False,False,False,False,0,0.0,0,0,32.0,False,cache_miss,False,False,0,0.0,8599b75eac039fcd321631f1c5d1508fe409739a3f75d50f0cf07fd9aab2cc8d,True,,,1,0,7838.734208,8197.969472,6,8252,4,32
20260726_formal4t4_reuse_intensive_Ideal_rep1,1,Ideal,Ideal,31,reuse_intensive:rep1:req31,reuse_intensive,0,1,0,L0001,8192,3,2;3,True,1789726433.4878948,8192,8192,8192,0.001847982406616211,False,False,False,False,8192,161.84,2,2,8224.0,True,cache_reused,False,False,0,0.0,2a4e8151ecc4fac41a4759ffaef52d0b09bc6fc8ac2cc1348d8587232be561dd,True,,,1,0,456.195744,1073.644646,6,8252,4,8224
20260726_formal4t4_reuse_intensive_Ideal_rep1,1,Ideal,Ideal,32,reuse_intensive:rep1:req32,reuse_intensive,0,0,0,L0000,8192,1,1;2;3,True,1789726441.9311798,8192,8192,8192,8.443992376327515,False,False,False,False,8192,163.84,3,3,8224.0,True,cache_reused,False,False,0,0.0,96dd669aae5bbd440f0a09376463d0527e470682776af20a51fc550eb8313b9e,True,,,1,0,208.920774,595.353864,6,8252,4,8224
20260726_formal4t4_reuse_intensive_Ideal_rep1,1,Ideal,Ideal,33,reuse_intensive:rep1:req33,reuse_intensive,0,44,0,L0044,8192,2,,False,1789726441.9312203,0,0,0,,False,False,False,False,0,0.0,0,0,32.0,False,cache_miss,False,False,0,0.0,648b307d98f968a1e89e849d6b1672df587d9baddb9b2c0c4e282c3d1ceb9eec,True,,,1,0,9067.224959,9464.407011,6,8252,4,32
20260726_formal4t4_reuse_intensive_Ideal_rep1,1,Ideal,Ideal,34,reuse_intensive:rep1:req34,reuse_intensive,0,25,0,L0025,8192,3,,False,1789726441.9312468,0,0,0,,False,False,False,False,0,0.0,0,0,32.0,False,cache_miss,False,False,0,0.0,ac4a5e1f194417b4e121f6f64902f805adc165471151edb28706197e89d8c663,True,,,1,0,8854.188202,9246.825617,6,8252,4,32
20260726_formal4t4_reuse_intensive_Ideal_rep1,1,Ideal,Ideal,35,reuse_intensive:rep1:req35,reuse_intensive,0,11,1,L0011,8192,0,0;1;2;3,False,1789726441.9312832,8192,8192,8192,58.91067552566528,False,False,False,False,8192,0.0,4,4,8224.0,False,cache_reused,False,False,0,0.0,00b2c27e942e90d166a5511eb868269ce3535957fda661d2da85f91ba4e0dff3,True,,,1,0,321.312911,707.033722,6,8252,4,8224
20260726_formal4t4_reuse_intensive_Ideal_rep1,1,Ideal,Ideal,36,reuse_intensive:rep1:req36,reuse_intensive,0,1,1,L0001,8192,2,2;3,False,1789726451.3997722,8192,8192,8192,37.014302253723145,False,False,False,False,8192,0.0,2,2,8224.0,False,cache_reused,False,False,0,0.0,b969f2a7b65ae653341820f4370954eea9c580eea1d2de11dabc546b388ab72e,True,,,1,0,211.224447,602.517688,6,8252,4,8224
20260726_formal4t4_reuse_intensive_Ideal_rep1,1,Ideal,Ideal,37,reuse_intensive:rep1:req37,reuse_intensive,0,0,1,L0000,8192,1,1;2;3,False,1789726451.3998234,8192,8192,8192,0.002466917037963867,False,False,False,False,8192,0.0,3,3,8224.0,False,cache_reused,False,False,0,0.0,ceb830c9a899af5908d15e726615142565096fe9295db3d378613518007d5ddf,True,,,1,0,323.059695,733.254482,6,8252,4,8224
20260726_formal4t4_reuse_intensive_Ideal_rep1,1,Ideal,Ideal,38,reuse_intensive:rep1:req38,reuse_intensive,0,8,0,L0008,8192,0,0;1;2;3,False,1789726451.3998613,8192,8192,8192,97.0553936958313,False,False,False,False,8192,0.0,4,4,8224.0,False,cache_reused,False,False,0,0.0,e1f4c0bf72ec445dccd8bd9bdb573d39ef1b82994835eed770f27feaa2f41ef8,True,,,1,0,319.541656,747.940394,6,8252,4,8224
20260726_formal4t4_reuse_intensive_Ideal_rep1,1,Ideal,Ideal,39,reuse_intensive:rep1:req39,reuse_intensive,0,6,0,L0006,8192,3,0;1;2;3,False,1789726451.3998933,8192,8192,8192,107.5556948184967,False,False,False,False,8192,0.0,4,4,8224.0,False,cache_reused,False,False,0,0.0,7ee77165fa1eb8a619ed79b6921f45e53d3cca8848cd3a922dc7f555eba97681,True,,,1,0,209.61326,604.857938,6,8252,4,8224
20260726_formal4t4_reuse_intensive_Ideal_rep1,1,Ideal,Ideal,40,reuse_intensive:rep1:req40,reuse_intensive,0,0,2,L0000,8192,2,1;2;3,False,1789726452.1532068,8192,8192,8192,19.917635917663574,False,False,False,False,8192,0.0,3,3,8224.0,False,cache_reused,False,False,0,0.0,3aad3c08872132201164fa3344dbe11d8a4ec6ce8c0a1bd077e754b000022331,True,,,1,0,195.031058,540.659979,6,8252,4,8224
20260726_formal4t4_reuse_intensive_Ideal_rep1,1,Ideal,Ideal,41,reuse_intensive:rep1:req41,reuse_intensive,0,4,2,L0004,8192,0,0;2,False,1789726452.153259,8192,8192,8192,127.75655794143677,False,False,False,False,8192,0.0,2,2,8224.0,False,cache_reused,False,False,0,0.0,79e911fcedd257e9851532ac2310e6ff9311c8796675a1dc2131955555aea599,True,,,1,0,187.342289,590.59881,6,8252,4,8224
20260726_formal4t4_reuse_intensive_Ideal_rep1,1,Ideal,Ideal,42,reuse_intensive:rep1:req42,reuse_intensive,0,2,0,L0002,8192,3,3,True,1789726452.1532981,8192,8192,8192,10.223872900009155,False,False,False,False,8192,163.84,1,1,8224.0,True,cache_reused,False,False,0,0.0,c21a6264bbe2bd02b2638a21f793a00712087d157d2a5b2ab5e2c51939f450ae,True,,,1,0,204.067097,578.866908,6,8252,4,8224
20260726_formal4t4_reuse_intensive_Ideal_rep1,1,Ideal,Ideal,43,reuse_intensive:rep1:req43,reuse_intensive,0,0,0,L0000,8192,1,1;2;3,False,1789726452.153331,8192,8192,8192,0.0018732547760009766,False,False,False,False,8192,0.0,3,3,8224.0,False,cache_reused,False,False,0,0.0,7fe23d4dfc1ebb32723a16bfa46436f3bf884ca086f038874c1ea6de64f49187,True,,,1,0,206.533542,592.674958,6,8252,4,8224
20260726_formal4t4_reuse_intensive_Ideal_rep1,1,Ideal,Ideal,44,reuse_intensive:rep1:req44,reuse_intensive,0,3,2,L0003,8192,3,1;3,True,1789726452.7523515,8192,8192,8192,20.51677107810974,False,False,False,False,8192,163.84,2,2,8224.0,True,cache_reused,False,False,0,0.0,fe5f242ad3ea90e3f54d7906c9133b5ff59111a280ce914e7c7bc8483976578d,True,,,1,0,209.285508,596.552139,6,8252,4,8224
20260726_formal4t4_reuse_intensive_Ideal_rep1,1,Ideal,Ideal,45,reuse_intensive:rep1:req45,reuse_intensive,0,1,2,L0001,8192,2,2;3,False,1789726452.7524035,8192,8192,8192,0.6016204357147217,False,False,False,False,8192,0.0,2,2,8224.0,False,cache_reused,False,False,0,0.0,f0266f5740ea34b6f4da68fd1e9d05d01bffaa792513b940be4b5f0d5a2d74e9,True,,,1,0,201.515213,592.217282,6,8252,4,8224
20260726_formal4t4_reuse_intensive_Ideal_rep1,1,Ideal,Ideal,46,reuse_intensive:rep1:req46,reuse_intensive,0,4,0,L0004,8192,0,0;2,False,1789726452.7524397,8192,8192,8192,0.001867055892944336,False,False,False,False,8192,0.0,2,2,8224.0,False,cache_reused,False,False,0,0.0,a9c6a9c0c0a5a53eceabfa2d8e34aa17c901bd3c9e756a81c8f2ec67d200278d,True,,,1,0,189.012939,597.101894,6,8252,4,8224
20260726_formal4t4_reuse_intensive_Ideal_rep1,1,Ideal,Ideal,47,reuse_intensive:rep1:req47,reuse_intensive,0,20,0,L0020,8192,1,,False,1789726452.752465,0,0,0,,False,False,False,False,0,0.0,0,0,32.0,False,cache_miss,False,False,0,0.0,a649945d96b82d71fbf39ac40afe707834df89456648ebf9f8ea091592300af4,True,,,1,0,8130.292826,8502.049406,6,8252,4,32
20260726_formal4t4_reuse_intensive_Ideal_rep1,1,Ideal,Ideal,48,reuse_intensive:rep1:req48,reuse_intensive,0,3,0,L0003,8192,1,1;3,False,1789726461.2608545,8192,8192,8192,56.64885687828064,False,False,False,False,8192,0.0,2,2,8224.0,False,cache_reused,False,False,0,0.0,3bf387fd18bc2b8682233a22afdea5d8d1932d56de33d41b0a6db5bd42aa3512,True,,,1,0,196.90673,953.535663,6,8252,4,8224
20260726_formal4t4_reuse_intensive_Ideal_rep1,1,Ideal,Ideal,49,reuse_intensive:rep1:req49,reuse_intensive,0,2,1,L0002,8192,3,3,True,1789726461.260903,8192,8192,8192,8.509761810302734,False,False,False,False,8192,163.84,1,1,8224.0,True,cache_reused,False,False,0,0.0,79676e693577ab62a036a92bb32ef648623254b6b23edd1ad254317c12307d38,True,,,1,0,370.324338,760.004146,6,8252,4,8224
20260726_formal4t4_reuse_intensive_Ideal_rep1,1,Ideal,Ideal,50,reuse_intensive:rep1:req50,reuse_intensive,0,36,1,L0036,8192,1,1,True,1789726461.2609375,8192,8192,8192,46.87543272972107,False,False,False,False,8192,161.84,1,1,8224.0,True,cache_reused,False,False,0,0.0,f70c1e3aeed66ae65323b2762a84f1e5659d6521241b4d26b809e1a542451bb3,True,,,1,0,450.591464,1076.340916,6,8252,4,8224
20260726_formal4t4_reuse_intensive_Ideal_rep1,1,Ideal,Ideal,51,reuse_intensive:rep1:req51,reuse_intensive,0,31,0,L0031,8192,2,,False,1789726461.260962,0,0,0,,False,False,False,False,0,0.0,0,0,32.0,False,cache_miss,False,False,0,0.0,cb4b8e801117c70fa33be4b229a6ebcba3332afe6b222e10b23a30932bd9d506,True,,,1,0,8559.751971,8939.255474,6,8252,4,32
20260726_formal4t4_reuse_intensive_Ideal_rep1,1,Ideal,Ideal,52,reuse_intensive:rep1:req52,reuse_intensive,0,0,1,L0000,8192,1,1;2;3,True,1789726470.2066877,8192,8192,8192,17.454978942871094,False,False,False,False,8192,163.84,3,3,8224.0,True,cache_reused,False,False,0,0.0,60b6d4745278b0d32551e02788a2943b7ee1ac8aa178e74a72a3e91a846d6f43,True,,,1,0,342.416417,743.245779,6,8252,4,8224
20260726_formal4t4_reuse_intensive_Ideal_rep1,1,Ideal,Ideal,53,reuse_intensive:rep1:req53,reuse_intensive,0,10,0,L0010,8192,2,0;1;2;3,False,1789726470.2067404,8192,8192,8192,96.24115514755249,False,False,False,False,8192,0.0,4,4,8224.0,False,cache_reused,False,False,0,0.0,f83e1096104866e84ded8c278c8dbf0727ab09a89010c4dc3aaf6bf5e71165da,True,,,1,0,209.250385,583.772142,6,8252,4,8224
20260726_formal4t4_reuse_intensive_Ideal_rep1,1,Ideal,Ideal,54,reuse_intensive:rep1:req54,reuse_intensive,0,1,0,L0001,8192,3,2;3,True,1789726470.2067778,8192,8192,8192,28.27621364593506,False,False,False,False,8192,163.84,2,2,8224.0,True,cache_reused,False,False,0,0.0,f3e9a12ee63d862d9578534de1a10bd91e1b182a8c0d05c54314ffe0b4526d20,True,,,1,0,323.275315,733.898653,6,8252,4,8224
20260726_formal4t4_reuse_intensive_Ideal_rep1,1,Ideal,Ideal,55,reuse_intensive:rep1:req55,reuse_intensive,0,47,0,L0047,8192,0,,False,1789726470.2068028,0,0,0,,False,False,False,False,0,0.0,0,0,32.0,False,cache_miss,False,False,0,0.0,d80b5805cbd1fecaba2074c1216b4ae74542aca4add60a8d3407210aff11a46c,True,,,1,0,8399.184661,8792.424353,6,8252,4,32
20260726_formal4t4_reuse_intensive_Ideal_rep1,1,Ideal,Ideal,56,reuse_intensive:rep1:req56,reuse_intensive,0,33,0,L0033,8192,3,,False,1789726479.00571,0,0,0,,False,False,False,False,0,0.0,0,0,32.0,False,cache_miss,False,False,0,0.0,fee6b9dadc8a1ed793cc4fc8a160d1cd6c187e30349355a7b07c8a94b0c35428,True,,,1,0,8405.752614,8777.03633,6,8252,4,32
20260726_formal4t4_reuse_intensive_Ideal_rep1,1,Ideal,Ideal,57,reuse_intensive:rep1:req57,reuse_intensive,0,11,2,L0011,8192,1,0;1;2;3,False,1789726479.0057683,8192,8192,8192,95.98515129089355,False,False,False,False,8192,0.0,4,4,8224.0,False,cache_reused,False,False,0,0.0,41e8452baaf1e58659b106225ce602b853350ae7420db4de9cf800e832843437,True,,,1,0,329.87019,726.67784,6,8252,4,8224
20260726_formal4t4_reuse_intensive_Ideal_rep1,1,Ideal,Ideal,58,reuse_intensive:rep1:req58,reuse_intensive,0,38,0,L0038,8192,0,,False,1789726479.005799,0,0,0,,False,False,False,False,0,0.0,0,0,32.0,False,cache_miss,False,False,0,0.0,292c22fa566fdebaf79fbc6f2797bfcde132dd56c5118bb66bf5616089bdfca2,True,,,1,0,8798.264369,9190.894212,6,8252,4,32
20260726_formal4t4_reuse_intensive_Ideal_rep1,1,Ideal,Ideal,59,reuse_intensive:rep1:req59,reuse_intensive,0,0,2,L0000,8192,2,1;2;3,False,1789726479.0058353,8192,8192,8192,26.255913972854614,False,False,False,False,8192,0.0,3,3,8224.0,False,cache_reused,False,False,0,0.0,c38a60a697a7dbd2961ccfb3288513da09178d50d71eb065710b3cf4b8b781db,True,,,1,0,315.591476,676.283285,6,8252,4,8224
20260726_formal4t4_reuse_intensive_Ideal_rep1,1,Ideal,Ideal,60,reuse_intensive:rep1:req60,reuse_intensive,1,87,0,L0087,8192,1,,False,1789726488.202214,0,0,0,,False,False,False,False,0,0.0,0,0,32.0,False,cache_miss,False,False,0,0.0,5da3ff2e4952a53bee878661af3aa63ad95aceb3aca4f8e7ed5d731383cce8d8,True,,,1,0,8927.885976,9321.247961,6,8252,4,32
20260726_formal4t4_reuse_intensive_Ideal_rep1,1,Ideal,Ideal,61,reuse_intensive:rep1:req61,reuse_intensive,1,65,0,L0065,8192,2,,False,1789726488.2022514,0,0,0,,False,False,False,False,0,0.0,0,0,32.0,False,cache_miss,False,False,0,0.0,12622ba9784bea2cfeb7fe2c5e8a6cf2cc0ab2c68a51612c4f341d5fdb1b1936,True,,,1,0,8591.851621,8966.545646,6,8252,4,32
20260726_formal4t4_reuse_intensive_Ideal_rep1,1,Ideal,Ideal,62,reuse_intensive:rep1:req62,reuse_intensive,1,79,0,L0079,8192,3,,False,1789726488.2022767,0,0,0,,False,False,False,False,0,0.0,0,0,32.0,False,cache_miss,False,False,0,0.0,4fa88987a8a934b1a583353e518117ca849e8e83b148f378f071de7132a25d6c,True,,,1,0,8621.416106,9006.718281,6,8252,4,32
20260726_formal4t4_reuse_intensive_Ideal_rep1,1,Ideal,Ideal,63,reuse_intensive:rep1:req63,reuse_intensive,1,67,0,L0067,8192,0,,False,1789726488.2022977,0,0,0,,False,False,False,False,0,0.0,0,0,32.0,False,cache_miss,False,False,0,0.0,62d8854695a3a68921a8ca63c3ab634e6515484b29209d1f02430887c3d0608a,True,,,1,0,8762.013542,9155.102077,6,8252,4,32
20260726_formal4t4_reuse_intensive_Ideal_rep1,1,Ideal,Ideal,64,reuse_intensive:rep1:req64,reuse_intensive,1,66,0,L0066,8192,1,,False,1789726497.526313,0,0,0,,False,False,False,False,0,0.0,0,0,32.0,False,cache_miss,False,False,0,0.0,5198956f2e9bd5a15cdcc9ae9d3e1095c6ec90e286b72cc7491bc3f12af1bc8b,True,,,1,0,8876.126719,9265.474482,6,8252,4,32
20260726_formal4t4_reuse_intensive_Ideal_rep1,1,Ideal,Ideal,65,reuse_intensive:rep1:req65,reuse_intensive,1,64,0,L0064,8192,3,,False,1789726497.5263507,0,0,0,,False,False,False,False,0,0.0,0,0,32.0,False,cache_miss,False,False,0,0.0,6dcf04716ed3a6ae1366795c69dff64ca656e6706060819d38a00e5fc4bda6a0,True,,,1,0,8702.533366,9075.858453,6,8252,4,32
20260726_formal4t4_reuse_intensive_Ideal_rep1,1,Ideal,Ideal,66,reuse_intensive:rep1:req66,reuse_intensive,1,67,1,L0067,8192,0,0,True,1789726497.5263903,8192,8192,8192,0.0006792545318603516,False,False,False,False,8192,163.84,1,1,8224.0,True,cache_reused,False,False,0,0.0,809f5588522785c2558247812f0b2b1333c509573d11a05071242a9dc12ab73a,True,,,1,0,184.20474,581.365918,6,8252,4,8224
20260726_formal4t4_reuse_intensive_Ideal_rep1,1,Ideal,Ideal,67,reuse_intensive:rep1:req67,reuse_intensive,1,97,0,L0097,8192,2,,False,1789726497.526419,0,0,0,,False,False,False,False,0,0.0,0,0,32.0,False,cache_miss,False,False,0,0.0,eb5f1c79f0cfe0a3d7a10e052541b7ff5b05668aa6ac89e98f368b0de3127437,True,,,1,0,8439.557175,8814.632838,6,8252,4,32
20260726_formal4t4_reuse_intensive_Ideal_rep1,1,Ideal,Ideal,68,reuse_intensive:rep1:req68,reuse_intensive,1,125,0,L0125,8192,2,,False,1789726506.7946458,0,0,0,,False,False,False,False,0,0.0,0,0,16.0,False,cache_miss,False,False,0,0.0,465bcf245119c16df5ef49ba07fe18eb75ffa4d917c7ba82e7962e669cc948c1,True,,,1,0,8488.467431,8858.857337,6,8252,4,16
20260726_formal4t4_reuse_intensive_Ideal_rep1,1,Ideal,Ideal,69,reuse_intensive:rep1:req69,reuse_intensive,1,69,0,L0069,8192,1,,False,1789726506.7946837,0,0,0,,False,False,False,False,0,0.0,0,0,32.0,False,cache_miss,False,False,0,0.0,7c394523df90b619d7b617d1416fca2a0217bfc530f9e2084507a511db28f9e6,True,,,1,0,8659.613319,9037.567211,6,8252,4,32
20260726_formal4t4_reuse_intensive_Ideal_rep1,1,Ideal,Ideal,70,reuse_intensive:rep1:req70,reuse_intensive,1,90,0,L0090,8192,0,,False,1789726506.794709,0,0,0,,False,False,False,False,0,0.0,0,0,32.0,False,cache_miss,False,False,0,0.0,2e6a92b4e8667c3df8e1c6eef837faba3b994a4cc28e63401ffb7730aba6999b,True,,,1,0,9515.545558,9918.266467,6,8252,4,32
20260726_formal4t4_reuse_intensive_Ideal_rep1,1,Ideal,Ideal,71,reuse_intensive:rep1:req71,reuse_intensive,1,64,1,L0064,8192,3,3,False,1789726506.7947433,8192,8192,8192,0.0018391609191894531,False,False,False,False,8192,0.0,1,1,8224.0,False,cache_reused,False,False,0,0.0,dc2406eeaa382c44a56fb8605b75746f1914e9e83911cfb4f2ebc1bcbcd96f0b,True,,,1,0,204.308707,574.450957,6,8252,4,8224
20260726_formal4t4_reuse_intensive_Ideal_rep1,1,Ideal,Ideal,72,reuse_intensive:rep1:req72,reuse_intensive,1,109,0,L0109,8192,3,,False,1789726516.7181883,0,0,0,,False,False,False,False,0,0.0,0,0,16.0,False,cache_miss,False,False,0,0.0,fab36e63126147582bda34f0433a05153451f0435074fad7c0406c14de12ad70,True,,,1,0,8974.220796,9712.871656,6,8252,4,16
20260726_formal4t4_reuse_intensive_Ideal_rep1,1,Ideal,Ideal,73,reuse_intensive:rep1:req73,reuse_intensive,1,64,2,L0064,8192,3,3,True,1789726516.7182412,8192,8192,8192,0.0006632804870605469,False,False,False,False,8192,161.84,1,1,8224.0,True,cache_reused,False,False,0,0.0,3d289f61f2fe2eba3b7d966e8cb77432b2a120c06c49079ad3e0a82901c12e5e,True,,,1,0,8973.020093,9711.733911,6,8252,4,8224
20260726_formal4t4_reuse_intensive_Ideal_rep1,1,Ideal,Ideal,74,reuse_intensive:rep1:req74,reuse_intensive,1,74,0,L0074,8192,2,,False,1789726516.7182696,0,0,0,,False,False,False,False,0,0.0,0,0,32.0,False,cache_miss,False,False,0,0.0,19236f55c8191a3f92bcd0bb9a48b6082612fbcbecb04f0108ab10d13cac7cea,True,,,1,0,9164.382114,9571.826644,6,8252,4,32
20260726_formal4t4_reuse_intensive_Ideal_rep1,1,Ideal,Ideal,75,reuse_intensive:rep1:req75,reuse_intensive,1,75,0,L0075,8192,1,,False,1789726516.7182908,0,0,0,,False,False,False,False,0,0.0,0,0,32.0,False,cache_miss,False,False,0,0.0,59ff426e682ccdac52b02ae75e8c087d56c397cc983288a7a394c249c5b839ec,True,,,1,0,8547.012839,8917.564011,6,8252,4,32
20260726_formal4t4_reuse_intensive_Ideal_rep1,1,Ideal,Ideal,76,reuse_intensive:rep1:req76,reuse_intensive,1,122,0,L0122,8192,0,,False,1789726526.4341333,0,0,0,,False,False,False,False,0,0.0,0,0,16.0,False,cache_miss,False,False,0,0.0,d82b2e7dfb6ec2657a8abf2f2e31c98e06184a7a54926b646f30b145ea72e806,True,,,1,0,10072.303055,10499.07266,6,8252,4,16
20260726_formal4t4_reuse_intensive_Ideal_rep1,1,Ideal,Ideal,77,reuse_intensive:rep1:req77,reuse_intensive,1,64,0,L0064,8192,3,3,False,1789726526.434192,8192,8192,8192,0.0017914772033691406,False,False,False,False,8192,0.0,1,1,8224.0,False,cache_reused,False,False,0,0.0,9601aada4782c74362cbb48446d7c6369b5a5360cccc36830c195967be1caa60,True,,,1,0,214.244637,591.26492,6,8252,4,8224
20260726_formal4t4_reuse_intensive_Ideal_rep1,1,Ideal,Ideal,78,reuse_intensive:rep1:req78,reuse_intensive,1,103,0,L0103,8192,2,,False,1789726526.434221,0,0,0,,False,False,False,False,0,0.0,0,0,32.0,False,cache_miss,False,False,0,0.0,23588ca7b0cf20ea7867c46a298bd24c7aa94edc2ad16c0498334080fb1153a0,True,,,1,0,9172.390846,9570.926681,6,8252,4,32
20260726_formal4t4_reuse_intensive_Ideal_rep1,1,Ideal,Ideal,79,reuse_intensive:rep1:req79,reuse_intensive,1,98,0,L0098,8192,1,,False,1789726526.4342444,0,0,0,,False,False,False,False,0,0.0,0,0,32.0,False,cache_miss,False,False,0,0.0,c0f67110bb589395375e802d634e98d22de27ee3ed51f75afe148ed2f8f7e611,True,,,1,0,9272.824443,9673.468452,6,8252,4,32
20260726_formal4t4_reuse_intensive_Ideal_rep1,1,Ideal,Ideal,80,reuse_intensive:rep1:req80,reuse_intensive,1,69,1,L0069,8192,1,1,False,1789726536.9361205,8192,8192,8192,20.219674587249756,False,False,False,False,8192,0.0,1,1,8224.0,False,cache_reused,False,False,0,0.0,141b3b6d49ed46d98e096db5ea84e2f273458584d35a716a94983751b1f0de8e,True,,,1,0,204.229864,581.986371,6,8252,4,8224
20260726_formal4t4_reuse_intensive_Ideal_rep1,1,Ideal,Ideal,81,reuse_intensive:rep1:req81,reuse_intensive,1,120,0,L0120,8192,3,,False,1789726536.9361732,0,0,0,,False,False,False,False,0,0.0,0,0,32.0,False,cache_miss,False,False,0,0.0,c4e204102051d00d5de983bfb8c13dd638ceaba722501fb2527390ce6abd4dce,True,,,1,0,9199.409508,9583.886335,6,8252,4,32
20260726_formal4t4_reuse_intensive_Ideal_rep1,1,Ideal,Ideal,82,reuse_intensive:rep1:req82,reuse_intensive,1,74,1,L0074,8192,2,2,True,1789726536.9362106,8192,8192,8192,10.503239393234253,False,False,False,False,8192,163.84,1,1,8224.0,True,cache_reused,False,False,0,0.0,040cdc25c27ff248f2593a21fd30c0487a224b9986d5ec8eebfd80a8a09a8eb3,True,,,1,0,200.893996,974.528376,6,8252,4,8224
20260726_formal4t4_reuse_intensive_Ideal_rep1,1,Ideal,Ideal,83,reuse_intensive:rep1:req83,reuse_intensive,1,65,1,L0065,8192,2,2,True,1789726536.9362447,8192,8192,8192,39.41166663169861,False,False,False,False,8192,161.84,1,1,8224.0,True,cache_reused,False,False,0,0.0,9d71b7bcbba3081adc62514d094f89725a9e3c37026cbcf03ea33628212ded38,True,,,1,0,459.634043,1099.700315,6,8252,4,8224
20260726_formal4t4_reuse_intensive_Ideal_rep1,1,Ideal,Ideal,84,reuse_intensive:rep1:req84,reuse_intensive,1,95,0,L0095,8192,0,,False,1789726546.5242279,0,0,0,,False,False,False,False,0,0.0,0,0,32.0,False,cache_miss,False,False,0,0.0,859a3fdde036136e78abc72dbbb25080f2a915dea98923a446a132117f012dcb,True,,,1,0,8820.165942,9206.937356,6,8252,4,32
20260726_formal4t4_reuse_intensive_Ideal_rep1,1,Ideal,Ideal,85,reuse_intensive:rep1:req85,reuse_intensive,1,70,0,L0070,8192,3,,False,1789726546.5242658,0,0,0,,False,False,False,False,0,0.0,0,0,32.0,False,cache_miss,False,False,0,0.0,a1ce609853f5b7fd7b6e7122e0b11075f11b93e7fc0c35853b741f836f8532f8,True,,,1,0,9723.349292,10491.012386,6,8252,4,32
20260726_formal4t4_reuse_intensive_Ideal_rep1,1,Ideal,Ideal,86,reuse_intensive:rep1:req86,reuse_intensive,1,71,0,L0071,8192,1,,False,1789726546.5242918,0,0,0,,False,False,False,False,0,0.0,0,0,32.0,False,cache_miss,False,False,0,0.0,cdfe1b8c18a658b4d846962790c53e5f5a91cc10f370fe2ad045211107774744,True,,,1,0,8956.936307,9352.347768,6,8252,4,32
20260726_formal4t4_reuse_intensive_Ideal_rep1,1,Ideal,Ideal,87,reuse_intensive:rep1:req87,reuse_intensive,1,79,1,L0079,8192,3,3,True,1789726546.5243263,8192,8192,8192,48.99918174743652,False,False,False,False,8192,161.84,1,1,8224.0,True,cache_reused,False,False,0,0.0,8d9d26146db7a23a617db89f5bb708d533328b4d37cc64a2547de276e9f18ff6,True,,,1,0,9721.032393,10488.81055,6,8252,4,8224
20260726_formal4t4_reuse_intensive_Ideal_rep1,1,Ideal,Ideal,88,reuse_intensive:rep1:req88,reuse_intensive,1,71,1,L0071,8192,1,1,False,1789726557.0197186,8192,8192,8192,0.0011730194091796875,False,False,False,False,8192,0.0,1,1,8224.0,False,cache_reused,False,False,0,0.0,cddd9824bbc3da3de48c07bf474f1850749acbcbdd59164bc5cee5127d88f9d8,True,,,1,0,211.354061,609.143314,6,8252,4,8224
20260726_formal4t4_reuse_intensive_Ideal_rep1,1,Ideal,Ideal,89,reuse_intensive:rep1:req89,reuse_intensive,1,68,0,L0068,8192,3,,False,1789726557.019759,0,0,0,,False,False,False,False,0,0.0,0,0,32.0,False,cache_miss,False,False,0,0.0,5c5a6380038b4deb233b953b3d15eb20030542e6ed2da931719dad516f122b95,True,,,1,0,8753.048132,9125.720686,6,8252,4,32
20260726_formal4t4_reuse_intensive_Ideal_rep1,1,Ideal,Ideal,90,reuse_intensive:rep1:req90,reuse_intensive,1,65,2,L0065,8192,2,2,True,1789726557.0197964,8192,8192,8192,10.496164560317993,False,False,False,False,8192,163.84,1,1,8224.0,True,cache_reused,False,False,0,0.0,7995bb02969f21a5883484e9209b605f131c45bda322bb32db875f01cf84e0ca,True,,,1,0,310.227046,720.976632,6,8252,4,8224
20260726_formal4t4_reuse_intensive_Ideal_rep1,1,Ideal,Ideal,91,reuse_intensive:rep1:req91,reuse_intensive,1,105,0,L0105,8192,0,,False,1789726557.0198224,0,0,0,,False,False,False,False,0,0.0,0,0,32.0,False,cache_miss,False,False,0,0.0,0ce18f6a4a570f93d5af89ba78add17c2dc49ae3e1362c0a0906eb3db97ebd88,True,,,1,0,8701.024072,9090.441665,6,8252,4,32
20260726_formal4t4_reuse_intensive_Ideal_rep1,1,Ideal,Ideal,92,reuse_intensive:rep1:req92,reuse_intensive,1,72,0,L0072,8192,3,,False,1789726566.149636,0,0,0,,False,False,False,False,0,0.0,0,0,32.0,False,cache_miss,False,False,0,0.0,29356529f0b05e245ac0d3ec0ef30d79500473e63417faec9f08cc8c8923935b,True,,,1,0,9429.475156,10189.430532,6,8252,4,32
20260726_formal4t4_reuse_intensive_Ideal_rep1,1,Ideal,Ideal,93,reuse_intensive:rep1:req93,reuse_intensive,1,64,1,L0064,8192,3,3,True,1789726566.1496873,8192,8192,8192,29.215333700180054,False,False,False,False,8192,161.84,1,1,8224.0,True,cache_reused,False,False,0,0.0,3cfe672a31e62bc5935c7af8cc5fa6167c945e624f346ef635540f7f2a090b7b,True,,,1,0,9428.365312,10188.493174,6,8252,4,8224
20260726_formal4t4_reuse_intensive_Ideal_rep1,1,Ideal,Ideal,94,reuse_intensive:rep1:req94,reuse_intensive,1,78,0,L0078,8192,0,,False,1789726566.149717,0,0,0,,False,False,False,False,0,0.0,0,0,32.0,False,cache_miss,False,False,0,0.0,880da6e56173c77a0995c12ae8b9245e1212d0b4490bd7b29e344accff193a18,True,,,1,0,8308.308594,8673.210816,6,8252,4,32
20260726_formal4t4_reuse_intensive_Ideal_rep1,1,Ideal,Ideal,95,reuse_intensive:rep1:req95,reuse_intensive,1,64,2,L0064,8192,3,3,True,1789726566.149747,8192,8192,8192,29.21539330482483,False,False,False,False,8192,159.84,1,1,8224.0,True,cache_reused,False,False,0,0.0,67e8fa8e764142e317edd22029fb845fd894cadbaac38e49bdd4243028550cbc,True,,,1,0,9425.819125,10185.898917,6,8252,4,8224
20260726_formal4t4_reuse_intensive_Ideal_rep1,1,Ideal,Ideal,96,reuse_intensive:rep1:req96,reuse_intensive,1,64,0,L0064,8192,3,3,True,1789726576.3423624,8192,8192,8192,0.0006120204925537109,False,False,False,False,8192,163.84,1,1,8224.0,True,cache_reused,False,False,0,0.0,6b5e0f705d06613e3956ac85efc11e39737365f39ec4978ea3f021cd76c8f189,True,,,1,0,210.638495,613.600583,6,8252,4,8224
20260726_formal4t4_reuse_intensive_Ideal_rep1,1,Ideal,Ideal,97,reuse_intensive:rep1:req97,reuse_intensive,1,87,1,L0087,8192,1,1,True,1789726576.3424106,8192,8192,8192,78.8184986114502,False,False,False,False,8192,163.84,1,1,8224.0,True,cache_reused,False,False,0,0.0,abc21ad77d91f2eaff37ccdfd111f0905f6be37c998c2887c2da6396c870dcfd,True,,,1,0,349.034875,752.974754,6,8252,4,8224
20260726_formal4t4_reuse_intensive_Ideal_rep1,1,Ideal,Ideal,98,reuse_intensive:rep1:req98,reuse_intensive,1,64,1,L0064,8192,3,3,True,1789726576.3424442,8192,8192,8192,0.0006937980651855469,False,False,False,False,8192,161.84,1,1,8224.0,True,cache_reused,False,False,0,0.0,d3a3c6edca04de3a855ba85307b72c721720a2a124cb73e5d2bc1dc300538bdd,True,,,1,0,343.478103,736.75114,6,8252,4,8224
20260726_formal4t4_reuse_intensive_Ideal_rep1,1,Ideal,Ideal,99,reuse_intensive:rep1:req99,reuse_intensive,1,67,2,L0067,8192,0,0,True,1789726576.3424735,8192,8192,8192,69.54899454116821,False,False,False,False,8192,163.84,1,1,8224.0,True,cache_reused,False,False,0,0.0,ab632d264223c95acd6b877ff408b115f5479f0d1d2b72b91b9b06e41aea629b,True,,,1,0,199.345728,597.741601,6,8252,4,8224
20260726_formal4t4_reuse_intensive_Ideal_rep1,1,Ideal,Ideal,100,reuse_intensive:rep1:req100,reuse_intensive,1,64,2,L0064,8192,3,3,True,1789726577.0995216,8192,8192,8192,0.0011661052703857422,False,False,False,False,8192,163.84,1,1,8224.0,True,cache_reused,False,False,0,0.0,65dbc9812fb7f487f5be296519fb5a6bac19908e8da47c4ee077873caa25c0ee,True,,,1,0,187.990668,1417.930198,6,8253,4,8224
20260726_formal4t4_reuse_intensive_Ideal_rep1,1,Ideal,Ideal,101,reuse_intensive:rep1:req101,reuse_intensive,1,68,1,L0068,8192,3,3,True,1789726577.0995696,8192,8192,8192,10.951706171035767,False,False,False,False,8192,161.84,1,1,8224.0,True,cache_reused,False,False,0,0.0,6d3dc588aa9f637b56874bc241020a381a4aa350cf4deed3a05e99dcf06b25ec,True,,,1,0,702.033271,1662.713973,6,8253,4,8224
20260726_formal4t4_reuse_intensive_Ideal_rep1,1,Ideal,Ideal,102,reuse_intensive:rep1:req102,reuse_intensive,1,67,0,L0067,8192,0,0,False,1789726577.099605,8192,8192,8192,0.0006937980651855469,False,False,False,False,8192,0.0,1,1,8224.0,False,cache_reused,False,False,0,0.0,26d5680cbf4892ed49a5b0c38d64774caede06077b33a242330829f441ddb92f,True,,,1,0,211.934132,608.241832,6,8253,4,8224
20260726_formal4t4_reuse_intensive_Ideal_rep1,1,Ideal,Ideal,103,reuse_intensive:rep1:req103,reuse_intensive,1,72,1,L0072,8192,3,3,True,1789726577.099637,8192,8192,8192,0.759699821472168,False,False,False,False,8192,159.84,1,1,8224.0,True,cache_reused,False,False,0,0.0,2869667ee3bac4e1ae9db04445160296c2f803f21e5694c105090bddfbe43728,True,,,1,0,699.91408,1660.658411,6,8253,4,8224
20260726_formal4t4_reuse_intensive_Ideal_rep1,1,Ideal,Ideal,104,reuse_intensive:rep1:req104,reuse_intensive,1,68,2,L0068,8192,3,3,True,1789726578.7666483,8192,8192,8192,0.0017342567443847656,False,False,False,False,8192,163.84,1,1,8224.0,True,cache_reused,False,False,0,0.0,3301a0029af94d474719f4e796f7917424770ec2f0e77dd83afa7a02cb848f95,True,,,1,0,228.121178,1108.608006,6,8253,4,8224
20260726_formal4t4_reuse_intensive_Ideal_rep1,1,Ideal,Ideal,105,reuse_intensive:rep1:req105,reuse_intensive,1,64,0,L0064,8192,3,3,True,1789726578.7666955,8192,8192,8192,0.002440214157104492,False,False,False,False,8192,161.84,1,1,8224.0,True,cache_reused,False,False,0,0.0,a8da241903b141c435e7aa2d983f3f77fec04e9c47343c7dd9e08e0d63c799aa,True,,,1,0,615.486774,1352.101867,6,8253,4,8224
20260726_formal4t4_reuse_intensive_Ideal_rep1,1,Ideal,Ideal,106,reuse_intensive:rep1:req106,reuse_intensive,1,83,0,L0083,8192,2,,False,1789726578.7667232,0,0,0,,False,False,False,False,0,0.0,0,0,32.0,False,cache_miss,False,False,0,0.0,d7bf6be7cdd83a271a9940f79b13320d671590adb680368df3c069051bc60040,True,,,1,0,8711.604497,9095.669222,6,8253,4,32
20260726_formal4t4_reuse_intensive_Ideal_rep1,1,Ideal,Ideal,107,reuse_intensive:rep1:req107,reuse_intensive,1,68,0,L0068,8192,3,3,True,1789726578.7667537,8192,8192,8192,0.0018396377563476562,False,False,False,False,8192,159.84,1,1,8224.0,True,cache_reused,False,False,0,0.0,3f3406a754605d692925fd6479a4d50a34e800db3e3a849a05e3f0ccb01ae326,True,,,1,0,613.179023,1349.854788,6,8253,4,8224
20260726_formal4t4_reuse_intensive_Ideal_rep1,1,Ideal,Ideal,108,reuse_intensive:rep1:req108,reuse_intensive,1,64,1,L0064,8192,3,3,True,1789726587.8676949,8192,8192,8192,0.0017437934875488281,False,False,False,False,8192,163.84,1,1,8224.0,True,cache_reused,False,False,0,0.0,e286c9104bdbca8b49f6ff15797173d0f468d042610aa8b687166ea303914357,True,,,1,0,324.597194,1107.868547,6,8253,4,8224
20260726_formal4t4_reuse_intensive_Ideal_rep1,1,Ideal,Ideal,109,reuse_intensive:rep1:req109,reuse_intensive,1,65,0,L0065,8192,2,2,True,1789726587.8677423,8192,8192,8192,21.71929168701172,False,False,False,False,8192,163.84,1,1,8224.0,True,cache_reused,False,False,0,0.0,fbe2fe6567300d70bdc9b45f3b42bda9d1d95dbd84c493c908fc4b9fe23f658f,True,,,1,0,208.338954,591.820447,6,8253,4,8224
20260726_formal4t4_reuse_intensive_Ideal_rep1,1,Ideal,Ideal,110,reuse_intensive:rep1:req110,reuse_intensive,1,70,1,L0070,8192,3,3,True,1789726587.8677762,8192,8192,8192,30.84981679916382,False,False,False,False,8192,161.84,1,1,8224.0,True,cache_reused,False,False,0,0.0,ad4d52e2d010eb84bf0feea66bda453e68de991918c0f998740fc74edd1615a1,True,,,1,0,604.247434,1239.33298,6,8253,4,8224
20260726_formal4t4_reuse_intensive_Ideal_rep1,1,Ideal,Ideal,111,reuse_intensive:rep1:req111,reuse_intensive,1,77,0,L0077,8192,0,,False,1789726587.8678012,0,0,0,,False,False,False,False,0,0.0,0,0,32.0,False,cache_miss,False,False,0,0.0,8060b1e8ad6a43e025d2cc0bf258142335ae871d0ca7c34dbf8e216089eb115c,True,,,1,0,8419.436675,8812.958034,6,8253,4,32
20260726_formal4t4_reuse_intensive_Ideal_rep1,1,Ideal,Ideal,112,reuse_intensive:rep1:req112,reuse_intensive,1,93,0,L0093,8192,3,,False,1789726596.6874244,0,0,0,,False,False,False,False,0,0.0,0,0,32.0,False,cache_miss,False,False,0,0.0,fd2504da4c3f33ae25bd66e6e0752e40f00222a982c52a43d7cfdb0663c9cd23,True,,,1,0,9624.611817,10387.935999,6,8253,4,32
20260726_formal4t4_reuse_intensive_Ideal_rep1,1,Ideal,Ideal,113,reuse_intensive:rep1:req113,reuse_intensive,1,64,2,L0064,8192,3,3,True,1789726596.6874747,8192,8192,8192,0.0025010108947753906,False,False,False,False,8192,161.84,1,1,8224.0,True,cache_reused,False,False,0,0.0,cb4e9b6d849af3af338a66cfe7b5993c5e69e8640697f2abe4afc0e0dc39ea54,True,,,1,0,9623.064649,10386.314852,6,8253,4,8224
20260726_formal4t4_reuse_intensive_Ideal_rep1,1,Ideal,Ideal,114,reuse_intensive:rep1:req114,reuse_intensive,1,65,1,L0065,8192,2,2,True,1789726596.6875114,8192,8192,8192,0.0018584728240966797,False,False,False,False,8192,163.84,1,1,8224.0,True,cache_reused,False,False,0,0.0,2b8bdc5e1a2fda50cfa9b7225305dd9c649390b86e3bfae7281c5b672facde5e,True,,,1,0,364.162924,755.22716,6,8253,4,8224
20260726_formal4t4_reuse_intensive_Ideal_rep1,1,Ideal,Ideal,115,reuse_intensive:rep1:req115,reuse_intensive,1,66,1,L0066,8192,1,1,True,1789726596.6875439,8192,8192,8192,89.8952956199646,False,False,False,False,8192,163.84,1,1,8224.0,True,cache_reused,False,False,0,0.0,2ddeee8bd6873f3238e6e69fc8f7fe268793e97e2d7970c1a43dc5da6c59ebf6,True,,,1,0,322.371013,739.307006,6,8253,4,8224
20260726_formal4t4_reuse_intensive_Ideal_rep1,1,Ideal,Ideal,116,reuse_intensive:rep1:req116,reuse_intensive,1,85,0,L0085,8192,2,,False,1789726607.0782516,0,0,0,,False,False,False,False,0,0.0,0,0,32.0,False,cache_miss,False,False,0,0.0,e2e99ae60df5318ed524ea6e046c8c78bb6bade7965d93ecca8df17a54d34f3c,True,,,1,0,7998.823356,8378.526178,6,8253,4,32
20260726_formal4t4_reuse_intensive_Ideal_rep1,1,Ideal,Ideal,117,reuse_intensive:rep1:req117,reuse_intensive,1,120,1,L0120,8192,3,3,False,1789726607.078302,8192,8192,8192,60.55581545829773,False,False,False,False,8192,0.0,1,1,8224.0,False,cache_reused,False,False,0,0.0,6a48b2d3f967d8aed6da47ac1496e2a959828339b764f52ebad84db7580b008a,True,,,1,0,217.607151,963.524674,6,8253,4,8224
20260726_formal4t4_reuse_intensive_Ideal_rep1,1,Ideal,Ideal,118,reuse_intensive:rep1:req118,reuse_intensive,1,69,2,L0069,8192,1,1,False,1789726607.0783393,8192,8192,8192,60.55652713775635,False,False,False,False,8192,0.0,1,1,8224.0,False,cache_reused,False,False,0,0.0,b77ed86d4c5269d077126a0117161a5a793f987a65d753cb3b14a5ef017ef919,True,,,1,0,319.844921,716.825715,6,8253,4,8224
20260726_formal4t4_reuse_intensive_Ideal_rep1,1,Ideal,Ideal,119,reuse_intensive:rep1:req119,reuse_intensive,1,68,1,L0068,8192,3,3,True,1789726607.0783706,8192,8192,8192,19.211280584335327,False,False,False,False,8192,161.84,1,1,8224.0,True,cache_reused,False,False,0,0.0,f185efab635ffa8406b20ba28f23d2c5982c0653efad819354000dae5b640330,True,,,1,0,464.805605,1087.353448,6,8253,4,8224
20260726_formal4t4_reuse_intensive_Adaptive@rho1.2_c01024_theta30_rep1,1,Adaptive@rho1.2_c01024_theta30,Adaptive,24,reuse_intensive:rep1:req24,reuse_intensive,0,4,1,L0004,8192,0,0;3,False,1789726798.4971726,8192,8192,8192,135.15523409843445,False,False,False,False,8192,0.0,2,2,3536.0,False,cache_reused,False,False,0,4656.0,666bd9ad573b20fd7a2afaa38cc55e8e89173451fa00b5992a7303cb71de03d2,True,,,1,0,7213.120107,7649.489143,6,8252,4,3536
20260726_formal4t4_reuse_intensive_Adaptive@rho1.2_c01024_theta30_rep1,1,Adaptive@rho1.2_c01024_theta30,Adaptive,25,reuse_intensive:rep1:req25,reuse_intensive,0,1,2,L0001,8192,2,0;2,True,1789726798.497226,8192,8192,8192,162.98503923416138,False,False,False,False,8192,163.84,2,2,8224.0,True,cache_reused,False,False,0,0.0,7539756a068da27d38209f2647a53c582194307b5214ba5aacac396fd83b7964,True,,,1,0,358.061835,1129.026454,6,8252,4,8224
20260726_formal4t4_reuse_intensive_Adaptive@rho1.2_c01024_theta30_rep1,1,Adaptive@rho1.2_c01024_theta30,Adaptive,26,reuse_intensive:rep1:req26,reuse_intensive,0,2,1,L0002,8192,3,0;3,True,1789726798.4972613,8192,8192,8192,153.83875060081482,False,False,True,False,8192,163.84,2,2,3600.0,True,cache_reused,False,False,0,4592.0,536f633f66cb81a6a94e2395e9e2c0ffaa019cb480c357beb4b3a2195ab5e585,True,,,1,0,7341.405048,7767.130414,6,8252,4,3600
20260726_formal4t4_reuse_intensive_Adaptive@rho1.2_c01024_theta30_rep1,1,Adaptive@rho1.2_c01024_theta30,Adaptive,27,reuse_intensive:rep1:req27,reuse_intensive,0,0,2,L0000,8192,2,2,True,1789726798.4972925,8192,8192,8192,172.30025911331177,False,False,False,False,8192,161.84,1,1,8224.0,True,cache_reused,False,False,0,0.0,bd6188f6e9a8a1895c8323a933d4fe53656573e8e5028ee511026b2d836c16f4,True,,,1,0,621.987634,1252.515159,6,8252,4,8224
20260726_formal4t4_reuse_intensive_Adaptive@rho1.2_c01024_theta30_rep1,1,Adaptive@rho1.2_c01024_theta30,Adaptive,28,reuse_intensive:rep1:req28,reuse_intensive,0,17,0,L0017,8192,0,,False,1789726806.2704394,0,0,0,,False,False,False,False,0,0.0,0,0,32.0,False,cache_miss,False,False,0,0.0,77fc8836dfc7deeb7b3942dac723a0ec4bf1679d8b4cffdb75d9043498633a10,True,,,1,0,9284.175285,9706.720492,6,8252,4,32
20260726_formal4t4_reuse_intensive_Adaptive@rho1.2_c01024_theta30_rep1,1,Adaptive@rho1.2_c01024_theta30,Adaptive,29,reuse_intensive:rep1:req29,reuse_intensive,0,2,2,L0002,8192,3,0;3,True,1789726806.2704942,8192,8192,8192,161.61198353767395,False,False,False,False,8192,163.84,2,2,8224.0,True,cache_reused,False,False,0,0.0,5f83bdaeb61bd195d8b8ab5182777a206f9d926d6a03b499597c57f1146afb48,True,,,1,0,208.105122,624.587256,6,8252,4,8224
20260726_formal4t4_reuse_intensive_Adaptive@rho1.2_c01024_theta30_rep1,1,Adaptive@rho1.2_c01024_theta30,Adaptive,30,reuse_intensive:rep1:req30,reuse_intensive,0,59,0,L0059,8192,2,,False,1789726806.2705247,0,0,0,,False,False,False,False,0,0.0,0,0,32.0,False,cache_miss,False,False,0,0.0,8599b75eac039fcd321631f1c5d1508fe409739a3f75d50f0cf07fd9aab2cc8d,True,,,1,0,8526.179642,9291.789473,6,8252,4,32
20260726_formal4t4_reuse_intensive_Adaptive@rho1.2_c01024_theta30_rep1,1,Adaptive@rho1.2_c01024_theta30,Adaptive,31,reuse_intensive:rep1:req31,reuse_intensive,0,1,0,L0001,8192,2,2,True,1789726806.2705562,8192,8192,8192,170.75836944580078,False,False,False,False,8192,161.84,1,1,8224.0,True,cache_reused,False,False,0,0.0,2a4e8151ecc4fac41a4759ffaef52d0b09bc6fc8ac2cc1348d8587232be561dd,True,,,1,0,8525.076801,9290.794692,6,8252,4,8224
20260726_formal4t4_reuse_intensive_Adaptive@rho1.2_c01024_theta30_rep1,1,Adaptive@rho1.2_c01024_theta30,Adaptive,32,reuse_intensive:rep1:req32,reuse_intensive,0,0,0,L0000,8192,2,2,False,1789726815.9804654,8192,8192,8192,189.78343200683594,False,False,False,False,8192,0.0,1,1,8224.0,False,cache_reused,False,False,0,0.0,96dd669aae5bbd440f0a09376463d0527e470682776af20a51fc550eb8313b9e,True,,,1,0,219.54514,599.052521,6,8252,4,8224
20260726_formal4t4_reuse_intensive_Adaptive@rho1.2_c01024_theta30_rep1,1,Adaptive@rho1.2_c01024_theta30,Adaptive,33,reuse_intensive:rep1:req33,reuse_intensive,0,44,0,L0044,8192,3,,False,1789726815.9805071,0,0,0,,False,False,False,False,0,0.0,0,0,32.0,False,cache_miss,False,False,0,0.0,648b307d98f968a1e89e849d6b1672df587d9baddb9b2c0c4e282c3d1ceb9eec,True,,,1,0,9176.702593,9569.175775,6,8252,4,32
20260726_formal4t4_reuse_intensive_Adaptive@rho1.2_c01024_theta30_rep1,1,Adaptive@rho1.2_c01024_theta30,Adaptive,34,reuse_intensive:rep1:req34,reuse_intensive,0,25,0,L0025,8192,1,,False,1789726815.980533,0,0,0,,False,False,False,False,0,0.0,0,0,32.0,False,cache_miss,False,False,0,0.0,ac4a5e1f194417b4e121f6f64902f805adc165471151edb28706197e89d8c663,True,,,1,0,8704.266837,9096.735484,6,8252,4,32
20260726_formal4t4_reuse_intensive_Adaptive@rho1.2_c01024_theta30_rep1,1,Adaptive@rho1.2_c01024_theta30,Adaptive,35,reuse_intensive:rep1:req35,reuse_intensive,0,11,1,L0011,8192,0,0;2,False,1789726815.9805677,8192,8192,8192,91.475430727005,False,False,False,False,8192,0.0,2,2,8224.0,False,cache_reused,False,False,0,0.0,00b2c27e942e90d166a5511eb868269ce3535957fda661d2da85f91ba4e0dff3,True,,,1,0,214.003188,623.672091,6,8252,4,8224
20260726_formal4t4_reuse_intensive_Adaptive@rho1.2_c01024_theta30_rep1,1,Adaptive@rho1.2_c01024_theta30,Adaptive,36,reuse_intensive:rep1:req36,reuse_intensive,0,1,1,L0001,8192,2,2,True,1789726825.5541797,8192,8192,8192,190.04199290275574,False,False,False,False,8192,163.84,1,1,8224.0,True,cache_reused,False,False,0,0.0,b969f2a7b65ae653341820f4370954eea9c580eea1d2de11dabc546b388ab72e,True,,,1,0,377.014181,1141.822146,6,8252,4,8224
20260726_formal4t4_reuse_intensive_Adaptive@rho1.2_c01024_theta30_rep1,1,Adaptive@rho1.2_c01024_theta30,Adaptive,37,reuse_intensive:rep1:req37,reuse_intensive,0,0,1,L0000,8192,2,2,True,1789726825.55423,8192,8192,8192,199.35719656944275,False,False,False,False,8192,161.84,1,1,8224.0,True,cache_reused,False,False,0,0.0,ceb830c9a899af5908d15e726615142565096fe9295db3d378613518007d5ddf,True,,,1,0,633.663574,1266.868451,6,8252,4,8224
20260726_formal4t4_reuse_intensive_Adaptive@rho1.2_c01024_theta30_rep1,1,Adaptive@rho1.2_c01024_theta30,Adaptive,38,reuse_intensive:rep1:req38,reuse_intensive,0,8,0,L0008,8192,3,0;3,True,1789726825.5542676,8192,8192,8192,131.31201076507568,False,False,False,False,8192,163.84,2,2,8224.0,True,cache_reused,False,False,0,0.0,e1f4c0bf72ec445dccd8bd9bdb573d39ef1b82994835eed770f27feaa2f41ef8,True,,,1,0,207.064484,618.912324,6,8252,4,8224
20260726_formal4t4_reuse_intensive_Adaptive@rho1.2_c01024_theta30_rep1,1,Adaptive@rho1.2_c01024_theta30,Adaptive,39,reuse_intensive:rep1:req39,reuse_intensive,0,6,0,L0006,8192,0,0;2,False,1789726825.554299,8192,8192,8192,142.9986560344696,False,False,False,False,8192,0.0,2,2,32.0,False,fallback_prefill,True,True,0,8160.0,7ee77165fa1eb8a619ed79b6921f45e53d3cca8848cd3a922dc7f555eba97681,True,,,1,0,9256.808,9670.587148,6,8252,4,32
20260726_formal4t4_reuse_intensive_Adaptive@rho1.2_c01024_theta30_rep1,1,Adaptive@rho1.2_c01024_theta30,Adaptive,40,reuse_intensive:rep1:req40,reuse_intensive,0,0,2,L0000,8192,2,2,True,1789726835.2317977,8192,8192,8192,209.03476428985596,False,False,False,False,8192,163.84,1,1,8224.0,True,cache_reused,False,False,0,0.0,3aad3c08872132201164fa3344dbe11d8a4ec6ce8c0a1bd077e754b000022331,True,,,1,0,366.109381,785.982623,6,8252,4,8224
20260726_formal4t4_reuse_intensive_Adaptive@rho1.2_c01024_theta30_rep1,1,Adaptive@rho1.2_c01024_theta30,Adaptive,41,reuse_intensive:rep1:req41,reuse_intensive,0,4,2,L0004,8192,3,0;3,True,1789726835.2318516,8192,8192,8192,171.88973259925842,False,False,False,False,8192,163.84,2,2,8224.0,True,cache_reused,False,False,0,0.0,79e911fcedd257e9851532ac2310e6ff9311c8796675a1dc2131955555aea599,True,,,1,0,377.48963,1161.807976,6,8252,4,8224
20260726_formal4t4_reuse_intensive_Adaptive@rho1.2_c01024_theta30_rep1,1,Adaptive@rho1.2_c01024_theta30,Adaptive,42,reuse_intensive:rep1:req42,reuse_intensive,0,2,0,L0002,8192,3,3,True,1789726835.2318876,8192,8192,8192,190.5733768939972,False,False,False,False,8192,161.84,1,1,8224.0,True,cache_reused,False,False,0,0.0,c21a6264bbe2bd02b2638a21f793a00712087d157d2a5b2ab5e2c51939f450ae,True,,,1,0,646.121189,1300.653554,6,8252,4,8224
20260726_formal4t4_reuse_intensive_Adaptive@rho1.2_c01024_theta30_rep1,1,Adaptive@rho1.2_c01024_theta30,Adaptive,43,reuse_intensive:rep1:req43,reuse_intensive,0,0,0,L0000,8192,2,2,True,1789726835.2319174,8192,8192,8192,209.03488397598267,False,False,False,False,8192,161.84,1,1,8224.0,True,cache_reused,False,False,0,0.0,7fe23d4dfc1ebb32723a16bfa46436f3bf884ca086f038874c1ea6de64f49187,True,,,1,0,509.617357,908.681267,6,8252,4,8224
20260726_formal4t4_reuse_intensive_Adaptive@rho1.2_c01024_theta30_rep1,1,Adaptive@rho1.2_c01024_theta30,Adaptive,44,reuse_intensive:rep1:req44,reuse_intensive,0,3,2,L0003,8192,0,0;3,False,1789726836.53825,8192,8192,8192,182.28461503982544,False,False,False,False,8192,0.0,2,2,8224.0,False,cache_reused,False,False,0,0.0,fe5f242ad3ea90e3f54d7906c9133b5ff59111a280ce914e7c7bc8483976578d,True,,,1,0,215.67925,629.711273,6,8252,4,8224
20260726_formal4t4_reuse_intensive_Adaptive@rho1.2_c01024_theta30_rep1,1,Adaptive@rho1.2_c01024_theta30,Adaptive,45,reuse_intensive:rep1:req45,reuse_intensive,0,1,2,L0001,8192,2,2,True,1789726836.5382998,8192,8192,8192,201.02611303329468,False,False,False,False,8192,163.84,1,1,8224.0,True,cache_reused,False,False,0,0.0,f0266f5740ea34b6f4da68fd1e9d05d01bffaa792513b940be4b5f0d5a2d74e9,True,,,1,0,226.093284,630.42295,6,8252,4,8224
20260726_formal4t4_reuse_intensive_Adaptive@rho1.2_c01024_theta30_rep1,1,Adaptive@rho1.2_c01024_theta30,Adaptive,46,reuse_intensive:rep1:req46,reuse_intensive,0,4,0,L0004,8192,3,0;3,True,1789726836.5383368,8192,8192,8192,173.19621777534485,False,False,False,False,8192,163.84,2,2,8224.0,True,cache_reused,False,False,0,0.0,a9c6a9c0c0a5a53eceabfa2d8e34aa17c901bd3c9e756a81c8f2ec67d200278d,True,,,1,0,215.180858,597.423948,6,8252,4,8224
20260726_formal4t4_reuse_intensive_Adaptive@rho1.2_c01024_theta30_rep1,1,Adaptive@rho1.2_c01024_theta30,Adaptive,47,reuse_intensive:rep1:req47,reuse_intensive,0,20,0,L0020,8192,1,,False,1789726836.5383606,0,0,0,,False,False,False,False,0,0.0,0,0,32.0,False,cache_miss,False,False,0,0.0,a649945d96b82d71fbf39ac40afe707834df89456648ebf9f8ea091592300af4,True,,,1,0,8526.295045,8906.067123,6,8252,4,32
20260726_formal4t4_reuse_intensive_Adaptive@rho1.2_c01024_theta30_rep1,1,Adaptive@rho1.2_c01024_theta30,Adaptive,48,reuse_intensive:rep1:req48,reuse_intensive,0,3,0,L0003,8192,3,0;3,False,1789726845.4510937,8192,8192,8192,191.19727325439453,False,False,False,False,8192,0.0,2,2,8224.0,False,cache_reused,False,False,0,0.0,3bf387fd18bc2b8682233a22afdea5d8d1932d56de33d41b0a6db5bd42aa3512,True,,,1,0,386.437396,1187.961301,6,8252,4,8224
20260726_formal4t4_reuse_intensive_Adaptive@rho1.2_c01024_theta30_rep1,1,Adaptive@rho1.2_c01024_theta30,Adaptive,49,reuse_intensive:rep1:req49,reuse_intensive,0,2,1,L0002,8192,3,3,True,1789726845.4511433,8192,8192,8192,200.79263257980347,False,False,False,False,8192,161.84,1,1,8224.0,True,cache_reused,False,False,0,0.0,79676e693577ab62a036a92bb32ef648623254b6b23edd1ad254317c12307d38,True,,,1,0,659.873346,1326.110021,6,8252,4,8224
20260726_formal4t4_reuse_intensive_Adaptive@rho1.2_c01024_theta30_rep1,1,Adaptive@rho1.2_c01024_theta30,Adaptive,50,reuse_intensive:rep1:req50,reuse_intensive,0,36,1,L0036,8192,0,,False,1789726845.4511847,8192,0,0,228.9838469028473,True,True,False,False,0,0.0,0,0,32.0,False,cache_miss,False,False,0,0.0,f70c1e3aeed66ae65323b2762a84f1e5659d6521241b4d26b809e1a542451bb3,True,,,1,0,9445.768989,9850.899535,6,8252,4,32
20260726_formal4t4_reuse_intensive_Adaptive@rho1.2_c01024_theta30_rep1,1,Adaptive@rho1.2_c01024_theta30,Adaptive,51,reuse_intensive:rep1:req51,reuse_intensive,0,31,0,L0031,8192,1,,False,1789726845.4512098,0,0,0,,False,False,False,False,0,0.0,0,0,32.0,False,cache_miss,False,False,0,0.0,cb4b8e801117c70fa33be4b229a6ebcba3332afe6b222e10b23a30932bd9d506,True,,,1,0,8698.777841,9088.857778,6,8252,4,32
20260726_formal4t4_reuse_intensive_Adaptive@rho1.2_c01024_theta30_rep1,1,Adaptive@rho1.2_c01024_theta30,Adaptive,52,reuse_intensive:rep1:req52,reuse_intensive,0,0,1,L0000,8192,2,2,True,1789726855.307842,8192,8192,8192,229.11080861091614,False,False,False,False,8192,163.84,1,1,8224.0,True,cache_reused,False,False,0,0.0,60b6d4745278b0d32551e02788a2943b7ee1ac8aa178e74a72a3e91a846d6f43,True,,,1,0,347.710035,1120.073197,6,8252,4,8224
20260726_formal4t4_reuse_intensive_Adaptive@rho1.2_c01024_theta30_rep1,1,Adaptive@rho1.2_c01024_theta30,Adaptive,53,reuse_intensive:rep1:req53,reuse_intensive,0,10,0,L0010,8192,0,0;2,True,1789726855.3078947,8192,8192,8192,140.63250350952148,False,False,True,False,8192,163.84,2,2,5584.0,True,cache_reused,False,False,0,2608.0,f83e1096104866e84ded8c278c8dbf0727ab09a89010c4dc3aaf6bf5e71165da,True,,,1,0,4565.700078,4987.64918,6,8252,4,5584
20260726_formal4t4_reuse_intensive_Adaptive@rho1.2_c01024_theta30_rep1,1,Adaptive@rho1.2_c01024_theta30,Adaptive,54,reuse_intensive:rep1:req54,reuse_intensive,0,1,0,L0001,8192,2,2,True,1789726855.307931,8192,8192,8192,219.79574418067932,False,False,False,False,8192,161.84,1,1,8224.0,True,cache_reused,False,False,0,0.0,f3e9a12ee63d862d9578534de1a10bd91e1b182a8c0d05c54314ffe0b4526d20,True,,,1,0,612.682046,1252.482963,6,8252,4,8224
20260726_formal4t4_reuse_intensive_Adaptive@rho1.2_c01024_theta30_rep1,1,Adaptive@rho1.2_c01024_theta30,Adaptive,55,reuse_intensive:rep1:req55,reuse_intensive,0,47,0,L0047,8192,3,,False,1789726855.3079545,0,0,0,,False,False,False,False,0,0.0,0,0,32.0,False,cache_miss,False,False,0,0.0,d80b5805cbd1fecaba2074c1216b4ae74542aca4add60a8d3407210aff11a46c,True,,,1,0,8716.710283,9098.765089,6,8252,4,32
20260726_formal4t4_reuse_intensive_Adaptive@rho1.2_c01024_theta30_rep1,1,Adaptive@rho1.2_c01024_theta30,Adaptive,56,reuse_intensive:rep1:req56,reuse_intensive,0,33,0,L0033,8192,0,,False,1789726864.4136798,0,0,0,,False,False,False,False,0,0.0,0,0,32.0,False,cache_miss,False,False,0,0.0,fee6b9dadc8a1ed793cc4fc8a160d1cd6c187e30349355a7b07c8a94b0c35428,True,,,1,0,8800.367928,9188.91941,6,8252,4,32
20260726_formal4t4_reuse_intensive_Adaptive@rho1.2_c01024_theta30_rep1,1,Adaptive@rho1.2_c01024_theta30,Adaptive,57,reuse_intensive:rep1:req57,reuse_intensive,0,11,2,L0011,8192,2,0;2,False,1789726864.4137352,8192,8192,8192,139.90843200683594,False,False,False,False,8192,0.0,2,2,8224.0,False,cache_reused,False,False,0,0.0,41e8452baaf1e58659b106225ce602b853350ae7420db4de9cf800e832843437,True,,,1,0,340.473214,1132.898686,6,8252,4,8224
20260726_formal4t4_reuse_intensive_Adaptive@rho1.2_c01024_theta30_rep1,1,Adaptive@rho1.2_c01024_theta30,Adaptive,58,reuse_intensive:rep1:req58,reuse_intensive,0,38,0,L0038,8192,3,,False,1789726864.4137664,0,0,0,,False,False,False,False,0,0.0,0,0,32.0,False,cache_miss,False,False,0,0.0,292c22fa566fdebaf79fbc6f2797bfcde132dd56c5118bb66bf5616089bdfca2,True,,,1,0,9017.772991,9402.825449,6,8252,4,32
20260726_formal4t4_reuse_intensive_Adaptive@rho1.2_c01024_theta30_rep1,1,Adaptive@rho1.2_c01024_theta30,Adaptive,59,reuse_intensive:rep1:req59,reuse_intensive,0,0,2,L0000,8192,2,2,True,1789726864.4137998,8192,8192,8192,238.21676635742188,False,False,False,False,8192,161.84,1,1,8224.0,True,cache_reused,False,False,0,0.0,c38a60a697a7dbd2961ccfb3288513da09178d50d71eb065710b3cf4b8b781db,True,,,1,0,624.505322,1257.405818,6,8252,4,8224
20260726_formal4t4_reuse_intensive_Adaptive@rho1.2_c01024_theta30_rep1,1,Adaptive@rho1.2_c01024_theta30,Adaptive,60,reuse_intensive:rep1:req60,reuse_intensive,1,87,0,L0087,8192,2,,False,1789726873.8224206,0,0,0,,False,False,False,False,0,0.0,0,0,32.0,False,cache_miss,False,False,0,0.0,5da3ff2e4952a53bee878661af3aa63ad95aceb3aca4f8e7ed5d731383cce8d8,True,,,1,0,8239.914816,8620.351559,6,8252,4,32
20260726_formal4t4_reuse_intensive_Adaptive@rho1.2_c01024_theta30_rep1,1,Adaptive@rho1.2_c01024_theta30,Adaptive,61,reuse_intensive:rep1:req61,reuse_intensive,1,65,0,L0065,8192,1,,False,1789726873.8224583,0,0,0,,False,False,False,False,0,0.0,0,0,32.0,False,cache_miss,False,False,0,0.0,12622ba9784bea2cfeb7fe2c5e8a6cf2cc0ab2c68a51612c4f341d5fdb1b1936,True,,,1,0,8868.737776,9267.246084,6,8252,4,32
20260726_formal4t4_reuse_intensive_Adaptive@rho1.2_c01024_theta30_rep1,1,Adaptive@rho1.2_c01024_theta30,Adaptive,62,reuse_intensive:rep1:req62,reuse_intensive,1,79,0,L0079,8192,0,,False,1789726873.822484,0,0,0,,False,False,False,False,0,0.0,0,0,32.0,False,cache_miss,False,False,0,0.0,4fa88987a8a934b1a583353e518117ca849e8e83b148f378f071de7132a25d6c,True,,,1,0,8735.21149,9119.796344,6,8252,4,32
20260726_formal4t4_reuse_intensive_Adaptive@rho1.2_c01024_theta30_rep1,1,Adaptive@rho1.2_c01024_theta30,Adaptive,63,reuse_intensive:rep1:req63,reuse_intensive,1,67,0,L0067,8192,3,,False,1789726873.8225055,0,0,0,,False,False,False,False,0,0.0,0,0,32.0,False,cache_miss,False,False,0,0.0,62d8854695a3a68921a8ca63c3ab634e6515484b29209d1f02430887c3d0608a,True,,,1,0,9375.536966,9779.349926,6,8252,4,32
20260726_formal4t4_reuse_intensive_Adaptive@rho1.2_c01024_theta30_rep1,1,Adaptive@rho1.2_c01024_theta30,Adaptive,64,reuse_intensive:rep1:req64,reuse_intensive,1,66,0,L0066,8192,2,,False,1789726883.6088588,0,0,0,,False,False,False,False,0,0.0,0,0,32.0,False,cache_miss,False,False,0,0.0,5198956f2e9bd5a15cdcc9ae9d3e1095c6ec90e286b72cc7491bc3f12af1bc8b,True,,,1,0,8573.1329,8962.464864,6,8252,4,32
20260726_formal4t4_reuse_intensive_Adaptive@rho1.2_c01024_theta30_rep1,1,Adaptive@rho1.2_c01024_theta30,Adaptive,65,reuse_intensive:rep1:req65,reuse_intensive,1,64,0,L0064,8192,3,,False,1789726883.6088967,0,0,0,,False,False,False,False,0,0.0,0,0,32.0,False,cache_miss,False,False,0,0.0,6dcf04716ed3a6ae1366795c69dff64ca656e6706060819d38a00e5fc4bda6a0,True,,,1,0,9180.966784,9593.197271,6,8252,4,32
20260726_formal4t4_reuse_intensive_Adaptive@rho1.2_c01024_theta30_rep1,1,Adaptive@rho1.2_c01024_theta30,Adaptive,66,reuse_intensive:rep1:req66,reuse_intensive,1,67,1,L0067,8192,0,,False,1789726883.6089215,8192,0,0,267.14158368110657,True,True,False,False,0,0.0,0,0,32.0,False,cache_miss,False,False,0,0.0,809f5588522785c2558247812f0b2b1333c509573d11a05071242a9dc12ab73a,True,,,1,0,9532.510029,9948.403135,6,8252,4,32
20260726_formal4t4_reuse_intensive_Adaptive@rho1.2_c01024_theta30_rep1,1,Adaptive@rho1.2_c01024_theta30,Adaptive,67,reuse_intensive:rep1:req67,reuse_intensive,1,97,0,L0097,8192,1,,False,1789726883.6089463,0,0,0,,False,False,False,False,0,0.0,0,0,32.0,False,cache_miss,False,False,0,0.0,eb5f1c79f0cfe0a3d7a10e052541b7ff5b05668aa6ac89e98f368b0de3127437,True,,,1,0,8694.071155,9099.430485,6,8252,4,32
20260726_formal4t4_reuse_intensive_Adaptive@rho1.2_c01024_theta30_rep1,1,Adaptive@rho1.2_c01024_theta30,Adaptive,68,reuse_intensive:rep1:req68,reuse_intensive,1,125,0,L0125,8192,2,,False,1789726893.5630543,0,0,0,,False,False,False,False,0,0.0,0,0,16.0,False,cache_miss,False,False,0,0.0,465bcf245119c16df5ef49ba07fe18eb75ffa4d917c7ba82e7962e669cc948c1,True,,,1,0,8040.876207,8407.330688,6,8252,4,16
20260726_formal4t4_reuse_intensive_Adaptive@rho1.2_c01024_theta30_rep1,1,Adaptive@rho1.2_c01024_theta30,Adaptive,69,reuse_intensive:rep1:req69,reuse_intensive,1,69,0,L0069,8192,0,,False,1789726893.5630915,0,0,0,,False,False,False,False,0,0.0,0,0,32.0,False,cache_miss,False,False,0,0.0,7c394523df90b619d7b617d1416fca2a0217bfc530f9e2084507a511db28f9e6,True,,,1,0,9048.838122,9438.042122,6,8252,4,32
20260726_formal4t4_reuse_intensive_Adaptive@rho1.2_c01024_theta30_rep1,1,Adaptive@rho1.2_c01024_theta30,Adaptive,70,reuse_intensive:rep1:req70,reuse_intensive,1,90,0,L0090,8192,1,,False,1789726893.5631168,0,0,0,,False,False,False,False,0,0.0,0,0,32.0,False,cache_miss,False,False,0,0.0,2e6a92b4e8667c3df8e1c6eef837faba3b994a4cc28e63401ffb7730aba6999b,True,,,1,0,8703.015058,9117.383464,6,8252,4,32
20260726_formal4t4_reuse_intensive_Adaptive@rho1.2_c01024_theta30_rep1,1,Adaptive@rho1.2_c01024_theta30,Adaptive,71,reuse_intensive:rep1:req71,reuse_intensive,1,64,1,L0064,8192,3,,False,1789726893.5631375,8192,0,0,277.09579968452454,True,True,False,False,0,0.0,0,0,8224.0,False,cache_reused,False,False,0,0.0,dc2406eeaa382c44a56fb8605b75746f1914e9e83911cfb4f2ebc1bcbcd96f0b,True,,,1,0,215.961191,623.426985,6,8252,4,8224
20260726_formal4t4_reuse_intensive_Adaptive@rho1.2_c01024_theta30_rep1,1,Adaptive@rho1.2_c01024_theta30,Adaptive,72,reuse_intensive:rep1:req72,reuse_intensive,1,109,0,L0109,8192,2,,False,1789726903.0056226,0,0,0,,False,False,False,False,0,0.0,0,0,32.0,False,cache_miss,False,False,0,0.0,fab36e63126147582bda34f0433a05153451f0435074fad7c0406c14de12ad70,True,,,1,0,7973.204065,8345.680942,6,8252,4,32
20260726_formal4t4_reuse_intensive_Adaptive@rho1.2_c01024_theta30_rep1,1,Adaptive@rho1.2_c01024_theta30,Adaptive,73,reuse_intensive:rep1:req73,reuse_intensive,1,64,2,L0064,8192,1,,False,1789726903.00566,8192,0,0,286.5383222103119,True,True,False,False,0,0.0,0,0,32.0,False,cache_miss,False,False,0,0.0,3d289f61f2fe2eba3b7d966e8cb77432b2a120c06c49079ad3e0a82901c12e5e,True,,,1,0,9022.206935,9434.925898,6,8252,4,32
20260726_formal4t4_reuse_intensive_Adaptive@rho1.2_c01024_theta30_rep1,1,Adaptive@rho1.2_c01024_theta30,Adaptive,74,reuse_intensive:rep1:req74,reuse_intensive,1,74,0,L0074,8192,0,,False,1789726903.0056877,0,0,0,,False,False,False,False,0,0.0,0,0,32.0,False,cache_miss,False,False,0,0.0,19236f55c8191a3f92bcd0bb9a48b6082612fbcbecb04f0108ab10d13cac7cea,True,,,1,0,9530.462219,9924.471079,6,8252,4,32
20260726_formal4t4_reuse_intensive_Adaptive@rho1.2_c01024_theta30_rep1,1,Adaptive@rho1.2_c01024_theta30,Adaptive,75,reuse_intensive:rep1:req75,reuse_intensive,1,75,0,L0075,8192,3,,False,1789726903.0057106,0,0,0,,False,False,False,False,0,0.0,0,0,32.0,False,cache_miss,False,False,0,0.0,59ff426e682ccdac52b02ae75e8c087d56c397cc983288a7a394c249c5b839ec,True,,,1,0,8895.577442,9280.749073,6,8252,4,32
20260726_formal4t4_reuse_intensive_Adaptive@rho1.2_c01024_theta30_rep1,1,Adaptive@rho1.2_c01024_theta30,Adaptive,76,reuse_intensive:rep1:req76,reuse_intensive,1,122,0,L0122,8192,2,,False,1789726912.935928,0,0,0,,False,False,False,False,0,0.0,0,0,32.0,False,cache_miss,False,False,0,0.0,d82b2e7dfb6ec2657a8abf2f2e31c98e06184a7a54926b646f30b145ea72e806,True,,,1,0,9365.803549,9780.34133,6,8252,4,32
20260726_formal4t4_reuse_intensive_Adaptive@rho1.2_c01024_theta30_rep1,1,Adaptive@rho1.2_c01024_theta30,Adaptive,77,reuse_intensive:rep1:req77,reuse_intensive,1,64,0,L0064,8192,3,,False,1789726912.9359634,8192,0,0,296.4686255455017,True,True,False,False,0,0.0,0,0,8224.0,False,cache_reused,False,False,0,0.0,9601aada4782c74362cbb48446d7c6369b5a5360cccc36830c195967be1caa60,True,,,1,0,215.650453,626.43408,6,8252,4,8224
20260726_formal4t4_reuse_intensive_Adaptive@rho1.2_c01024_theta30_rep1,1,Adaptive@rho1.2_c01024_theta30,Adaptive,78,reuse_intensive:rep1:req78,reuse_intensive,1,103,0,L0103,8192,0,,False,1789726912.9359915,0,0,0,,False,False,False,False,0,0.0,0,0,16.0,False,cache_miss,False,False,0,0.0,23588ca7b0cf20ea7867c46a298bd24c7aa94edc2ad16c0498334080fb1153a0,True,,,1,0,9094.170161,9515.055338,6,8252,4,16
20260726_formal4t4_reuse_intensive_Adaptive@rho1.2_c01024_theta30_rep1,1,Adaptive@rho1.2_c01024_theta30,Adaptive,79,reuse_intensive:rep1:req79,reuse_intensive,1,98,0,L0098,8192,1,,False,1789726912.9360132,0,0,0,,False,False,False,False,0,0.0,0,0,32.0,False,cache_miss,False,False,0,0.0,c0f67110bb589395375e802d634e98d22de27ee3ed51f75afe148ed2f8f7e611,True,,,1,0,8563.835976,8944.913856,6,8252,4,32
20260726_formal4t4_reuse_intensive_Adaptive@rho1.2_c01024_theta30_rep1,1,Adaptive@rho1.2_c01024_theta30,Adaptive,80,reuse_intensive:rep1:req80,reuse_intensive,1,69,1,L0069,8192,2,,False,1789726922.7195435,8192,0,0,306.25220561027527,True,True,False,False,0,0.0,0,0,32.0,False,cache_miss,False,False,0,0.0,141b3b6d49ed46d98e096db5ea84e2f273458584d35a716a94983751b1f0de8e,True,,,1,0,9138.38942,9539.891563,6,8252,4,32
20260726_formal4t4_reuse_intensive_Adaptive@rho1.2_c01024_theta30_rep1,1,Adaptive@rho1.2_c01024_theta30,Adaptive,81,reuse_intensive:rep1:req81,reuse_intensive,1,120,0,L0120,8192,0,,False,1789726922.7195833,0,0,0,,False,False,False,False,0,0.0,0,0,32.0,False,cache_miss,False,False,0,0.0,c4e204102051d00d5de983bfb8c13dd638ceaba722501fb2527390ce6abd4dce,True,,,1,0,9419.617501,9824.212726,6,8252,4,32
20260726_formal4t4_reuse_intensive_Adaptive@rho1.2_c01024_theta30_rep1,1,Adaptive@rho1.2_c01024_theta30,Adaptive,82,reuse_intensive:rep1:req82,reuse_intensive,1,74,1,L0074,8192,1,,False,1789726922.7196097,8192,0,0,306.25227189064026,True,True,False,False,0,0.0,0,0,32.0,False,cache_miss,False,False,0,0.0,040cdc25c27ff248f2593a21fd30c0487a224b9986d5ec8eebfd80a8a09a8eb3,True,,,1,0,9133.351359,9538.957041,6,8252,4,32
20260726_formal4t4_reuse_intensive_Adaptive@rho1.2_c01024_theta30_rep1,1,Adaptive@rho1.2_c01024_theta30,Adaptive,83,reuse_intensive:rep1:req83,reuse_intensive,1,65,1,L0065,8192,3,,False,1789726922.7196324,8192,0,0,306.2522945404053,True,True,False,False,0,0.0,0,0,32.0,False,cache_miss,False,False,0,0.0,9d71b7bcbba3081adc62514d094f89725a9e3c37026cbcf03ea33628212ded38,True,,,1,0,9783.229722,10179.39715,6,8252,4,32
20260726_formal4t4_reuse_intensive_Adaptive@rho1.2_c01024_theta30_rep1,1,Adaptive@rho1.2_c01024_theta30,Adaptive,84,reuse_intensive:rep1:req84,reuse_intensive,1,95,0,L0095,8192,2,,False,1789726932.9058456,0,0,0,,False,False,False,False,0,0.0,0,0,32.0,False,cache_miss,False,False,0,0.0,859a3fdde036136e78abc72dbbb25080f2a915dea98923a446a132117f012dcb,True,,,1,0,9007.752249,9417.76015,6,8252,4,32
20260726_formal4t4_reuse_intensive_Adaptive@rho1.2_c01024_theta30_rep1,1,Adaptive@rho1.2_c01024_theta30,Adaptive,85,reuse_intensive:rep1:req85,reuse_intensive,1,70,0,L0070,8192,1,,False,1789726932.905882,0,0,0,,False,False,False,False,0,0.0,0,0,32.0,False,cache_miss,False,False,0,0.0,a1ce609853f5b7fd7b6e7122e0b11075f11b93e7fc0c35853b741f836f8532f8,True,,,1,0,9234.905146,9638.649032,6,8252,4,32
20260726_formal4t4_reuse_intensive_Adaptive@rho1.2_c01024_theta30_rep1,1,Adaptive@rho1.2_c01024_theta30,Adaptive,86,reuse_intensive:rep1:req86,reuse_intensive,1,71,0,L0071,8192,0,,False,1789726932.9059072,0,0,0,,False,False,False,False,0,0.0,0,0,32.0,False,cache_miss,False,False,0,0.0,cdfe1b8c18a658b4d846962790c53e5f5a91cc10f370fe2ad045211107774744,True,,,1,0,9904.868698,10331.985487,6,8252,4,32
20260726_formal4t4_reuse_intensive_Adaptive@rho1.2_c01024_theta30_rep1,1,Adaptive@rho1.2_c01024_theta30,Adaptive,87,reuse_intensive:rep1:req87,reuse_intensive,1,79,1,L0079,8192,3,,False,1789726932.9059272,8192,0,0,316.4385893344879,True,True,False,False,0,0.0,0,0,32.0,False,cache_miss,False,False,0,0.0,8d9d26146db7a23a617db89f5bb708d533328b4d37cc64a2547de276e9f18ff6,True,,,1,0,9560.683915,9971.868915,6,8252,4,32
20260726_formal4t4_reuse_intensive_Adaptive@rho1.2_c01024_theta30_rep1,1,Adaptive@rho1.2_c01024_theta30,Adaptive,88,reuse_intensive:rep1:req88,reuse_intensive,1,71,1,L0071,8192,2,,False,1789726943.243659,8192,0,0,326.77632117271423,True,True,False,False,0,0.0,0,0,32.0,False,cache_miss,False,False,0,0.0,cddd9824bbc3da3de48c07bf474f1850749acbcbdd59164bc5cee5127d88f9d8,True,,,1,0,8945.611204,9347.551488,6,8252,4,32
20260726_formal4t4_reuse_intensive_Adaptive@rho1.2_c01024_theta30_rep1,1,Adaptive@rho1.2_c01024_theta30,Adaptive,89,reuse_intensive:rep1:req89,reuse_intensive,1,68,0,L0068,8192,3,,False,1789726943.2436986,0,0,0,,False,False,False,False,0,0.0,0,0,32.0,False,cache_miss,False,False,0,0.0,5c5a6380038b4deb233b953b3d15eb20030542e6ed2da931719dad516f122b95,True,,,1,0,8623.435031,9004.044098,6,8252,4,32
20260726_formal4t4_reuse_intensive_Adaptive@rho1.2_c01024_theta30_rep1,1,Adaptive@rho1.2_c01024_theta30,Adaptive,90,reuse_intensive:rep1:req90,reuse_intensive,1,65,2,L0065,8192,0,,False,1789726943.2437246,8192,0,0,326.7763867378235,True,True,False,False,0,0.0,0,0,32.0,False,cache_miss,False,False,0,0.0,7995bb02969f21a5883484e9209b605f131c45bda322bb32db875f01cf84e0ca,True,,,1,0,9267.085394,9652.572766,6,8252,4,32
20260726_formal4t4_reuse_intensive_Adaptive@rho1.2_c01024_theta30_rep1,1,Adaptive@rho1.2_c01024_theta30,Adaptive,91,reuse_intensive:rep1:req91,reuse_intensive,1,105,0,L0105,8192,1,,False,1789726943.2437496,0,0,0,,False,False,False,False,0,0.0,0,0,16.0,False,cache_miss,False,False,0,0.0,0ce18f6a4a570f93d5af89ba78add17c2dc49ae3e1362c0a0906eb3db97ebd88,True,,,1,0,8610.873977,8992.131638,6,8252,4,16
20260726_formal4t4_reuse_intensive_Adaptive@rho1.2_c01024_theta30_rep1,1,Adaptive@rho1.2_c01024_theta30,Adaptive,92,reuse_intensive:rep1:req92,reuse_intensive,1,72,0,L0072,8192,2,,False,1789726952.9875638,0,0,0,,False,False,False,False,0,0.0,0,0,32.0,False,cache_miss,False,False,0,0.0,29356529f0b05e245ac0d3ec0ef30d79500473e63417faec9f08cc8c8923935b,True,,,1,0,9792.285725,10216.896522,6,8252,4,32
20260726_formal4t4_reuse_intensive_Adaptive@rho1.2_c01024_theta30_rep1,1,Adaptive@rho1.2_c01024_theta30,Adaptive,93,reuse_intensive:rep1:req93,reuse_intensive,1,64,1,L0064,8192,0,,False,1789726952.9875913,8192,0,0,336.5202534198761,True,True,False,False,0,0.0,0,0,32.0,False,cache_miss,False,False,0,0.0,3cfe672a31e62bc5935c7af8cc5fa6167c945e624f346ef635540f7f2a090b7b,True,,,1,0,10395.5528,10819.518923,6,8252,4,32
20260726_formal4t4_reuse_intensive_Adaptive@rho1.2_c01024_theta30_rep1,1,Adaptive@rho1.2_c01024_theta30,Adaptive,94,reuse_intensive:rep1:req94,reuse_intensive,1,78,0,L0078,8192,1,,False,1789726952.9876094,0,0,0,,False,False,False,False,0,0.0,0,0,32.0,False,cache_miss,False,False,0,0.0,880da6e56173c77a0995c12ae8b9245e1212d0b4490bd7b29e344accff193a18,True,,,1,0,8693.202641,9069.193004,6,8252,4,32
20260726_formal4t4_reuse_intensive_Adaptive@rho1.2_c01024_theta30_rep1,1,Adaptive@rho1.2_c01024_theta30,Adaptive,95,reuse_intensive:rep1:req95,reuse_intensive,1,64,2,L0064,8192,3,,False,1789726952.9876225,8192,0,0,336.52028465270996,True,True,False,False,0,0.0,0,0,8224.0,False,cache_reused,False,False,0,0.0,67e8fa8e764142e317edd22029fb845fd894cadbaac38e49bdd4243028550cbc,True,,,1,0,200.966037,614.715197,6,8252,4,8224
20260726_formal4t4_reuse_intensive_Adaptive@rho1.2_c01024_theta30_rep1,1,Adaptive@rho1.2_c01024_theta30,Adaptive,96,reuse_intensive:rep1:req96,reuse_intensive,1,64,0,L0064,8192,2,,False,1789726963.8114595,8192,0,0,347.3441216945648,True,True,False,False,0,0.0,0,0,32.0,False,cache_miss,False,False,0,0.0,6b5e0f705d06613e3956ac85efc11e39737365f39ec4978ea3f021cd76c8f189,True,,,1,0,8810.9516,9198.683719,6,8252,4,32
20260726_formal4t4_reuse_intensive_Adaptive@rho1.2_c01024_theta30_rep1,1,Adaptive@rho1.2_c01024_theta30,Adaptive,97,reuse_intensive:rep1:req97,reuse_intensive,1,87,1,L0087,8192,1,,False,1789726963.8114998,8192,0,0,347.3441619873047,True,True,False,False,0,0.0,0,0,32.0,False,cache_miss,False,False,0,0.0,abc21ad77d91f2eaff37ccdfd111f0905f6be37c998c2887c2da6396c870dcfd,True,,,1,0,8727.728347,9115.961397,6,8252,4,32
20260726_formal4t4_reuse_intensive_Adaptive@rho1.2_c01024_theta30_rep1,1,Adaptive@rho1.2_c01024_theta30,Adaptive,98,reuse_intensive:rep1:req98,reuse_intensive,1,64,1,L0064,8192,0,,False,1789726963.811525,8192,0,0,347.3441872596741,True,True,False,False,0,0.0,0,0,8224.0,False,cache_reused,False,False,0,0.0,d3a3c6edca04de3a855ba85307b72c721720a2a124cb73e5d2bc1dc300538bdd,True,,,1,0,224.297567,649.489494,6,8252,4,8224
20260726_formal4t4_reuse_intensive_Adaptive@rho1.2_c01024_theta30_rep1,1,Adaptive@rho1.2_c01024_theta30,Adaptive,99,reuse_intensive:rep1:req99,reuse_intensive,1,67,2,L0067,8192,3,,False,1789726963.8115482,8192,0,0,347.34421038627625,True,True,False,False,0,0.0,0,0,8224.0,False,cache_reused,False,False,0,0.0,ab632d264223c95acd6b877ff408b115f5479f0d1d2b72b91b9b06e41aea629b,True,,,1,0,333.855052,753.920935,6,8252,4,8224
20260726_formal4t4_reuse_intensive_Adaptive@rho1.2_c01024_theta30_rep1,1,Adaptive@rho1.2_c01024_theta30,Adaptive,100,reuse_intensive:rep1:req100,reuse_intensive,1,64,2,L0064,8192,2,,False,1789726973.0135615,8192,0,0,356.5462236404419,True,True,False,False,0,0.0,0,0,8224.0,False,cache_reused,False,False,0,0.0,65dbc9812fb7f487f5be296519fb5a6bac19908e8da47c4ee077873caa25c0ee,True,,,1,0,207.012199,592.542273,6,8253,4,8224
20260726_formal4t4_reuse_intensive_Adaptive@rho1.2_c01024_theta30_rep1,1,Adaptive@rho1.2_c01024_theta30,Adaptive,101,reuse_intensive:rep1:req101,reuse_intensive,1,68,1,L0068,8192,3,,False,1789726973.0136025,8192,0,0,356.5462646484375,True,True,False,False,0,0.0,0,0,8224.0,False,cache_reused,False,False,0,0.0,6d3dc588aa9f637b56874bc241020a381a4aa350cf4deed3a05e99dcf06b25ec,True,,,1,0,337.538772,729.385325,6,8253,4,8224
20260726_formal4t4_reuse_intensive_Adaptive@rho1.2_c01024_theta30_rep1,1,Adaptive@rho1.2_c01024_theta30,Adaptive,102,reuse_intensive:rep1:req102,reuse_intensive,1,67,0,L0067,8192,0,,False,1789726973.0136316,8192,0,0,356.54629373550415,True,True,False,False,0,0.0,0,0,8224.0,False,cache_reused,False,False,0,0.0,26d5680cbf4892ed49a5b0c38d64774caede06077b33a242330829f441ddb92f,True,,,1,0,338.526797,765.899876,6,8253,4,8224
20260726_formal4t4_reuse_intensive_Adaptive@rho1.2_c01024_theta30_rep1,1,Adaptive@rho1.2_c01024_theta30,Adaptive,103,reuse_intensive:rep1:req103,reuse_intensive,1,72,1,L0072,8192,1,,False,1789726973.0136557,8192,0,0,356.54631781578064,True,True,False,False,0,0.0,0,0,32.0,False,cache_miss,False,False,0,0.0,2869667ee3bac4e1ae9db04445160296c2f803f21e5694c105090bddfbe43728,True,,,1,0,8786.805025,9175.271755,6,8253,4,32
20260726_formal4t4_reuse_intensive_Adaptive@rho1.2_c01024_theta30_rep1,1,Adaptive@rho1.2_c01024_theta30,Adaptive,104,reuse_intensive:rep1:req104,reuse_intensive,1,68,2,L0068,8192,2,,False,1789726982.1960757,8192,0,0,365.7287378311157,True,True,False,False,0,0.0,0,0,32.0,False,cache_miss,False,False,0,0.0,3301a0029af94d474719f4e796f7917424770ec2f0e77dd83afa7a02cb848f95,True,,,1,0,9618.464003,10029.362351,6,8253,4,32
20260726_formal4t4_reuse_intensive_Adaptive@rho1.2_c01024_theta30_rep1,1,Adaptive@rho1.2_c01024_theta30,Adaptive,105,reuse_intensive:rep1:req105,reuse_intensive,1,64,0,L0064,8192,0,,False,1789726982.196115,8192,0,0,365.7287771701813,True,True,False,False,0,0.0,0,0,8224.0,False,cache_reused,False,False,0,0.0,a8da241903b141c435e7aa2d983f3f77fec04e9c47343c7dd9e08e0d63c799aa,True,,,1,0,366.797658,803.795211,6,8253,4,8224
20260726_formal4t4_reuse_intensive_Adaptive@rho1.2_c01024_theta30_rep1,1,Adaptive@rho1.2_c01024_theta30,Adaptive,106,reuse_intensive:rep1:req106,reuse_intensive,1,83,0,L0083,8192,1,,False,1789726982.1961427,0,0,0,,False,False,False,False,0,0.0,0,0,32.0,False,cache_miss,False,False,0,0.0,d7bf6be7cdd83a271a9940f79b13320d671590adb680368df3c069051bc60040,True,,,1,0,8929.27745,9326.371432,6,8253,4,32
20260726_formal4t4_reuse_intensive_Adaptive@rho1.2_c01024_theta30_rep1,1,Adaptive@rho1.2_c01024_theta30,Adaptive,107,reuse_intensive:rep1:req107,reuse_intensive,1,68,0,L0068,8192,3,,False,1789726982.1961775,8192,0,0,365.728839635849,True,True,False,False,0,0.0,0,0,8224.0,False,cache_reused,False,False,0,0.0,3f3406a754605d692925fd6479a4d50a34e800db3e3a849a05e3f0ccb01ae326,True,,,1,0,359.448359,753.992395,6,8253,4,8224
20260726_formal4t4_reuse_intensive_Adaptive@rho1.2_c01024_theta30_rep1,1,Adaptive@rho1.2_c01024_theta30,Adaptive,108,reuse_intensive:rep1:req108,reuse_intensive,1,64,1,L0064,8192,2,,False,1789726992.2286248,8192,0,0,375.76128697395325,True,True,False,False,0,0.0,0,0,8224.0,False,cache_reused,False,False,0,0.0,e286c9104bdbca8b49f6ff15797173d0f468d042610aa8b687166ea303914357,True,,,1,0,208.135321,594.974423,6,8253,4,8224
20260726_formal4t4_reuse_intensive_Adaptive@rho1.2_c01024_theta30_rep1,1,Adaptive@rho1.2_c01024_theta30,Adaptive,109,reuse_intensive:rep1:req109,reuse_intensive,1,65,0,L0065,8192,1,,False,1789726992.2286644,8192,0,0,375.7613265514374,True,True,False,False,0,0.0,0,0,8224.0,False,cache_reused,False,False,0,0.0,fbe2fe6567300d70bdc9b45f3b42bda9d1d95dbd84c493c908fc4b9fe23f658f,True,,,1,0,210.204132,607.566891,6,8253,4,8224
20260726_formal4t4_reuse_intensive_Adaptive@rho1.2_c01024_theta30_rep1,1,Adaptive@rho1.2_c01024_theta30,Adaptive,110,reuse_intensive:rep1:req110,reuse_intensive,1,70,1,L0070,8192,0,,False,1789726992.2286909,8192,0,0,375.76135301589966,True,True,False,False,0,0.0,0,0,32.0,False,cache_miss,False,False,0,0.0,ad4d52e2d010eb84bf0feea66bda453e68de991918c0f998740fc74edd1615a1,True,,,1,0,9161.881769,9558.425239,6,8253,4,32
20260726_formal4t4_reuse_intensive_Adaptive@rho1.2_c01024_theta30_rep1,1,Adaptive@rho1.2_c01024_theta30,Adaptive,111,reuse_intensive:rep1:req111,reuse_intensive,1,77,0,L0077,8192,3,,False,1789726992.2287142,0,0,0,,False,False,False,False,0,0.0,0,0,32.0,False,cache_miss,False,False,0,0.0,8060b1e8ad6a43e025d2cc0bf258142335ae871d0ca7c34dbf8e216089eb115c,True,,,1,0,9424.764533,9841.114486,6,8253,4,32
20260726_formal4t4_reuse_intensive_Adaptive@rho1.2_c01024_theta30_rep1,1,Adaptive@rho1.2_c01024_theta30,Adaptive,112,reuse_intensive:rep1:req112,reuse_intensive,1,93,0,L0093,8192,2,,False,1789727002.07668,0,0,0,,False,False,False,False,0,0.0,0,0,32.0,False,cache_miss,False,False,0,0.0,fd2504da4c3f33ae25bd66e6e0752e40f00222a982c52a43d7cfdb0663c9cd23,True,,,1,0,9025.190608,9429.224276,6,8253,4,32
20260726_formal4t4_reuse_intensive_Adaptive@rho1.2_c01024_theta30_rep1,1,Adaptive@rho1.2_c01024_theta30,Adaptive,113,reuse_intensive:rep1:req113,reuse_intensive,1,64,2,L0064,8192,3,,False,1789727002.0767167,8192,0,0,385.60937881469727,True,True,False,False,0,0.0,0,0,8224.0,False,cache_reused,False,False,0,0.0,cb4e9b6d849af3af338a66cfe7b5993c5e69e8640697f2abe4afc0e0dc39ea54,True,,,1,0,215.497277,627.460766,6,8253,4,8224
20260726_formal4t4_reuse_intensive_Adaptive@rho1.2_c01024_theta30_rep1,1,Adaptive@rho1.2_c01024_theta30,Adaptive,114,reuse_intensive:rep1:req114,reuse_intensive,1,65,1,L0065,8192,0,,False,1789727002.0767467,8192,0,0,385.60940885543823,True,True,False,False,0,0.0,0,0,8224.0,False,cache_reused,False,False,0,0.0,2b8bdc5e1a2fda50cfa9b7225305dd9c649390b86e3bfae7281c5b672facde5e,True,,,1,0,196.633912,582.349289,6,8253,4,8224
20260726_formal4t4_reuse_intensive_Adaptive@rho1.2_c01024_theta30_rep1,1,Adaptive@rho1.2_c01024_theta30,Adaptive,115,reuse_intensive:rep1:req115,reuse_intensive,1,66,1,L0066,8192,1,,False,1789727002.076771,8192,0,0,385.6094331741333,True,True,False,False,0,0.0,0,0,32.0,False,cache_miss,False,False,0,0.0,2ddeee8bd6873f3238e6e69fc8f7fe268793e97e2d7970c1a43dc5da6c59ebf6,True,,,1,0,8859.021465,9261.023168,6,8253,4,32
20260726_formal4t4_reuse_intensive_Adaptive@rho1.2_c01024_theta30_rep1,1,Adaptive@rho1.2_c01024_theta30,Adaptive,116,reuse_intensive:rep1:req116,reuse_intensive,1,85,0,L0085,8192,2,,False,1789727011.509065,0,0,0,,False,False,False,False,0,0.0,0,0,32.0,False,cache_miss,False,False,0,0.0,e2e99ae60df5318ed524ea6e046c8c78bb6bade7965d93ecca8df17a54d34f3c,True,,,1,0,8281.444788,8652.549538,6,8253,4,32
20260726_formal4t4_reuse_intensive_Adaptive@rho1.2_c01024_theta30_rep1,1,Adaptive@rho1.2_c01024_theta30,Adaptive,117,reuse_intensive:rep1:req117,reuse_intensive,1,120,1,L0120,8192,0,,False,1789727011.5091014,8192,0,0,395.04176354408264,True,True,False,False,0,0.0,0,0,8224.0,False,cache_reused,False,False,0,0.0,6a48b2d3f967d8aed6da47ac1496e2a959828339b764f52ebad84db7580b008a,True,,,1,0,377.654486,798.551286,6,8253,4,8224
20260726_formal4t4_reuse_intensive_Adaptive@rho1.2_c01024_theta30_rep1,1,Adaptive@rho1.2_c01024_theta30,Adaptive,118,reuse_intensive:rep1:req118,reuse_intensive,1,69,2,L0069,8192,1,,False,1789727011.509129,8192,0,0,395.0417912006378,True,True,False,False,0,0.0,0,0,32.0,False,cache_miss,False,False,0,0.0,b77ed86d4c5269d077126a0117161a5a793f987a65d753cb3b14a5ef017ef919,True,,,1,0,9266.033813,9694.841749,6,8253,4,32
20260726_formal4t4_reuse_intensive_Adaptive@rho1.2_c01024_theta30_rep1,1,Adaptive@rho1.2_c01024_theta30,Adaptive,119,reuse_intensive:rep1:req119,reuse_intensive,1,68,1,L0068,8192,3,,False,1789727011.5091515,8192,0,0,395.04181361198425,True,True,False,False,0,0.0,0,0,8224.0,False,cache_reused,False,False,0,0.0,f185efab635ffa8406b20ba28f23d2c5982c0653efad819354000dae5b640330,True,,,1,0,340.800318,745.448108,6,8253,4,8224
20260726_formal4t4_reuse_intensive_RateFIFO@rho1.2_rep1,1,RateFIFO@rho1.2,RateFIFO,24,reuse_intensive:rep1:req24,reuse_intensive,0,4,1,L0004,8192,0,0,False,1789727213.625653,8192,8192,8192,137.01779985427856,False,False,False,False,8192,0.0,1,1,8224.0,False,cache_reused,False,False,0,0.0,666bd9ad573b20fd7a2afaa38cc55e8e89173451fa00b5992a7303cb71de03d2,True,,,1,0,190.068678,1973.317418,6,8252,4,8224
20260726_formal4t4_reuse_intensive_RateFIFO@rho1.2_rep1,1,RateFIFO@rho1.2,RateFIFO,25,reuse_intensive:rep1:req25,reuse_intensive,0,1,2,L0001,8192,0,0,True,1789727213.6257024,8192,8192,8192,11.511247634887695,False,False,False,False,8192,161.84,1,1,8224.0,True,cache_reused,False,False,0,0.0,7539756a068da27d38209f2647a53c582194307b5214ba5aacac396fd83b7964,True,,,1,0,964.889715,2361.351674,6,8252,4,8224
20260726_formal4t4_reuse_intensive_RateFIFO@rho1.2_rep1,1,RateFIFO@rho1.2,RateFIFO,26,reuse_intensive:rep1:req26,reuse_intensive,0,2,1,L0002,8192,0,0,True,1789727213.6257358,8192,8192,8192,157.13567090034485,False,False,False,False,8192,159.84,1,1,8224.0,True,cache_reused,False,False,0,0.0,536f633f66cb81a6a94e2395e9e2c0ffaa019cb480c357beb4b3a2195ab5e585,True,,,1,0,963.845862,2360.325219,6,8252,4,8224
20260726_formal4t4_reuse_intensive_RateFIFO@rho1.2_rep1,1,RateFIFO@rho1.2,RateFIFO,27,reuse_intensive:rep1:req27,reuse_intensive,0,0,2,L0000,8192,0,0,True,1789727213.6257637,8192,8192,8192,38.08306622505188,False,False,False,False,8192,157.84,1,1,8224.0,True,cache_reused,False,False,0,0.0,bd6188f6e9a8a1895c8323a933d4fe53656573e8e5028ee511026b2d836c16f4,True,,,1,0,962.543467,2358.793325,6,8252,4,8224
20260726_formal4t4_reuse_intensive_RateFIFO@rho1.2_rep1,1,RateFIFO@rho1.2,RateFIFO,28,reuse_intensive:rep1:req28,reuse_intensive,0,17,0,L0017,8192,0,,False,1789727215.9916272,0,0,0,,False,False,False,False,0,0.0,0,0,32.0,False,cache_miss,False,False,0,0.0,77fc8836dfc7deeb7b3942dac723a0ec4bf1679d8b4cffdb75d9043498633a10,True,,,1,0,9701.007564,10851.59253,6,8252,4,32
20260726_formal4t4_reuse_intensive_RateFIFO@rho1.2_rep1,1,RateFIFO@rho1.2,RateFIFO,29,reuse_intensive:rep1:req29,reuse_intensive,0,2,2,L0002,8192,0,0,True,1789727215.9916792,8192,8192,8192,159.5016143321991,False,False,False,False,8192,161.84,1,1,8224.0,True,cache_reused,False,False,0,0.0,5f83bdaeb61bd195d8b8ab5182777a206f9d926d6a03b499597c57f1146afb48,True,,,1,0,9699.876835,10850.586765,6,8252,4,8224
20260726_formal4t4_reuse_intensive_RateFIFO@rho1.2_rep1,1,RateFIFO@rho1.2,RateFIFO,30,reuse_intensive:rep1:req30,reuse_intensive,0,59,0,L0059,8192,1,,False,1789727215.9917073,0,0,0,,False,False,False,False,0,0.0,0,0,32.0,False,cache_miss,False,False,0,0.0,8599b75eac039fcd321631f1c5d1508fe409739a3f75d50f0cf07fd9aab2cc8d,True,,,1,0,9351.504705,9773.414647,6,8252,4,32
20260726_formal4t4_reuse_intensive_RateFIFO@rho1.2_rep1,1,RateFIFO@rho1.2,RateFIFO,31,reuse_intensive:rep1:req31,reuse_intensive,0,1,0,L0001,8192,0,0,True,1789727215.9917407,8192,8192,8192,13.877285957336426,False,False,False,False,8192,159.84,1,1,8224.0,True,cache_reused,False,False,0,0.0,2a4e8151ecc4fac41a4759ffaef52d0b09bc6fc8ac2cc1348d8587232be561dd,True,,,1,0,9697.520335,10848.27332,6,8252,4,8224
20260726_formal4t4_reuse_intensive_RateFIFO@rho1.2_rep1,1,RateFIFO@rho1.2,RateFIFO,32,reuse_intensive:rep1:req32,reuse_intensive,0,0,0,L0000,8192,0,0,True,1789727226.8469107,8192,8192,8192,51.30421328544617,False,False,False,False,8192,163.84,1,1,8224.0,True,cache_reused,False,False,0,0.0,96dd669aae5bbd440f0a09376463d0527e470682776af20a51fc550eb8313b9e,True,,,1,0,214.646725,982.722168,6,8252,4,8224
20260726_formal4t4_reuse_intensive_RateFIFO@rho1.2_rep1,1,RateFIFO@rho1.2,RateFIFO,33,reuse_intensive:rep1:req33,reuse_intensive,0,44,0,L0044,8192,3,,False,1789727226.8469493,0,0,0,,False,False,False,False,0,0.0,0,0,32.0,False,cache_miss,False,False,0,0.0,648b307d98f968a1e89e849d6b1672df587d9baddb9b2c0c4e282c3d1ceb9eec,True,,,1,0,8727.455447,9107.895603,6,8252,4,32
20260726_formal4t4_reuse_intensive_RateFIFO@rho1.2_rep1,1,RateFIFO@rho1.2,RateFIFO,34,reuse_intensive:rep1:req34,reuse_intensive,0,25,0,L0025,8192,2,,False,1789727226.8469756,0,0,0,,False,False,False,False,0,0.0,0,0,32.0,False,cache_miss,False,False,0,0.0,ac4a5e1f194417b4e121f6f64902f805adc165471151edb28706197e89d8c663,True,,,1,0,8253.683322,8638.217792,6,8252,4,32
20260726_formal4t4_reuse_intensive_RateFIFO@rho1.2_rep1,1,RateFIFO@rho1.2,RateFIFO,35,reuse_intensive:rep1:req35,reuse_intensive,0,11,1,L0011,8192,0,0,True,1789727226.8470068,8192,8192,8192,88.07713961601257,False,False,False,False,8192,161.84,1,1,8224.0,True,cache_reused,False,False,0,0.0,00b2c27e942e90d166a5511eb868269ce3535957fda661d2da85f91ba4e0dff3,True,,,1,0,469.512507,1106.883011,6,8252,4,8224
20260726_formal4t4_reuse_intensive_RateFIFO@rho1.2_rep1,1,RateFIFO@rho1.2,RateFIFO,36,reuse_intensive:rep1:req36,reuse_intensive,0,1,1,L0001,8192,0,0,False,1789727235.9593384,8192,8192,8192,33.84488368034363,False,False,False,False,8192,0.0,1,1,8224.0,False,cache_reused,False,False,0,0.0,b969f2a7b65ae653341820f4370954eea9c580eea1d2de11dabc546b388ab72e,True,,,1,0,366.934902,14817.366926,6,8252,4,8224
20260726_formal4t4_reuse_intensive_RateFIFO@rho1.2_rep1,1,RateFIFO@rho1.2,RateFIFO,37,reuse_intensive:rep1:req37,reuse_intensive,0,0,1,L0000,8192,0,0,True,1789727235.9593875,8192,8192,8192,60.41669011116028,False,False,False,False,8192,161.84,1,1,8224.0,True,cache_reused,False,False,0,0.0,ceb830c9a899af5908d15e726615142565096fe9295db3d378613518007d5ddf,True,,,1,0,7004.915711,19454.833128,6,8252,4,8224
20260726_formal4t4_reuse_intensive_RateFIFO@rho1.2_rep1,1,RateFIFO@rho1.2,RateFIFO,38,reuse_intensive:rep1:req38,reuse_intensive,0,8,0,L0008,8192,0,0,True,1789727235.9594193,8192,8192,8192,128.30044889450073,False,False,True,False,8192,159.84,1,1,5104.0,True,cache_reused,False,False,0,3088.0,e1f4c0bf72ec445dccd8bd9bdb573d39ef1b82994835eed770f27feaa2f41ef8,True,,,1,0,11742.997261,25858.760486,6,8252,4,5104
20260726_formal4t4_reuse_intensive_RateFIFO@rho1.2_rep1,1,RateFIFO@rho1.2,RateFIFO,39,reuse_intensive:rep1:req39,reuse_intensive,0,6,0,L0006,8192,0,0,True,1789727235.959446,8192,8192,8192,139.64884114265442,False,False,True,True,8192,157.84,1,1,32.0,True,fallback_prefill,True,True,0,8160.0,7ee77165fa1eb8a619ed79b6921f45e53d3cca8848cd3a922dc7f555eba97681,True,,,1,0,28269.371023,28714.030795,6,8252,4,32
20260726_formal4t4_reuse_intensive_RateFIFO@rho1.2_rep1,1,RateFIFO@rho1.2,RateFIFO,40,reuse_intensive:rep1:req40,reuse_intensive,0,0,2,L0000,8192,0,0,False,1789727264.6804056,8192,8192,8192,28.723809957504272,False,False,False,False,8192,0.0,1,1,8224.0,False,cache_reused,False,False,0,0.0,3aad3c08872132201164fa3344dbe11d8a4ec6ce8c0a1bd077e754b000022331,True,,,1,0,229.799705,1636.032217,6,8252,4,8224
20260726_formal4t4_reuse_intensive_RateFIFO@rho1.2_rep1,1,RateFIFO@rho1.2,RateFIFO,41,reuse_intensive:rep1:req41,reuse_intensive,0,4,2,L0004,8192,0,0,True,1789727264.6804545,8192,8192,8192,48.69146180152893,False,False,False,False,8192,161.84,1,1,8224.0,True,cache_reused,False,False,0,0.0,79e911fcedd257e9851532ac2310e6ff9311c8796675a1dc2131955555aea599,True,,,1,0,846.58818,2028.483892,6,8252,4,8224
20260726_formal4t4_reuse_intensive_RateFIFO@rho1.2_rep1,1,RateFIFO@rho1.2,RateFIFO,42,reuse_intensive:rep1:req42,reuse_intensive,0,2,0,L0002,8192,0,0,True,1789727264.6804879,8192,8192,8192,51.0551643371582,False,False,False,False,8192,159.84,1,1,8224.0,True,cache_reused,False,False,0,0.0,c21a6264bbe2bd02b2638a21f793a00712087d157d2a5b2ab5e2c51939f450ae,True,,,1,0,845.048001,2026.859449,6,8252,4,8224
20260726_formal4t4_reuse_intensive_RateFIFO@rho1.2_rep1,1,RateFIFO@rho1.2,RateFIFO,43,reuse_intensive:rep1:req43,reuse_intensive,0,0,0,L0000,8192,0,0,True,1789727264.680515,8192,8192,8192,28.72391939163208,False,False,False,False,8192,157.84,1,1,8224.0,True,cache_reused,False,False,0,0.0,7fe23d4dfc1ebb32723a16bfa46436f3bf884ca086f038874c1ea6de64f49187,True,,,1,0,843.954607,2025.885052,6,8252,4,8224
20260726_formal4t4_reuse_intensive_RateFIFO@rho1.2_rep1,1,RateFIFO@rho1.2,RateFIFO,44,reuse_intensive:rep1:req44,reuse_intensive,0,3,2,L0003,8192,0,0,False,1789727266.7133663,8192,8192,8192,200.19376349449158,False,False,False,False,8192,0.0,1,1,8224.0,False,cache_reused,False,False,0,0.0,fe5f242ad3ea90e3f54d7906c9133b5ff59111a280ce914e7c7bc8483976578d,True,,,1,0,222.157222,1470.670175,6,8252,4,8224
20260726_formal4t4_reuse_intensive_RateFIFO@rho1.2_rep1,1,RateFIFO@rho1.2,RateFIFO,45,reuse_intensive:rep1:req45,reuse_intensive,0,1,2,L0001,8192,0,0,True,1789727266.7134173,8192,8192,8192,2.0357632637023926,False,False,False,False,8192,161.84,1,1,8224.0,True,cache_reused,False,False,0,0.0,f0266f5740ea34b6f4da68fd1e9d05d01bffaa792513b940be4b5f0d5a2d74e9,True,,,1,0,738.375043,1725.689347,6,8252,4,8224
20260726_formal4t4_reuse_intensive_RateFIFO@rho1.2_rep1,1,RateFIFO@rho1.2,RateFIFO,46,reuse_intensive:rep1:req46,reuse_intensive,0,4,0,L0004,8192,0,0,True,1789727266.7134492,8192,8192,8192,50.724456548690796,False,False,False,False,8192,159.84,1,1,8224.0,True,cache_reused,False,False,0,0.0,a9c6a9c0c0a5a53eceabfa2d8e34aa17c901bd3c9e756a81c8f2ec67d200278d,True,,,1,0,737.330512,1724.720316,6,8252,4,8224
20260726_formal4t4_reuse_intensive_RateFIFO@rho1.2_rep1,1,RateFIFO@rho1.2,RateFIFO,47,reuse_intensive:rep1:req47,reuse_intensive,0,20,0,L0020,8192,2,,False,1789727266.7134733,0,0,0,,False,False,False,False,0,0.0,0,0,32.0,False,cache_miss,False,False,0,0.0,a649945d96b82d71fbf39ac40afe707834df89456648ebf9f8ea091592300af4,True,,,1,0,8462.403094,8858.773905,6,8252,4,32
20260726_formal4t4_reuse_intensive_RateFIFO@rho1.2_rep1,1,RateFIFO@rho1.2,RateFIFO,48,reuse_intensive:rep1:req48,reuse_intensive,0,3,0,L0003,8192,0,0,True,1789727275.5789306,8192,8192,8192,209.05932784080505,False,False,False,False,8192,163.84,1,1,8224.0,True,cache_reused,False,False,0,0.0,3bf387fd18bc2b8682233a22afdea5d8d1932d56de33d41b0a6db5bd42aa3512,True,,,1,0,361.421474,1192.499854,6,8252,4,8224
20260726_formal4t4_reuse_intensive_RateFIFO@rho1.2_rep1,1,RateFIFO@rho1.2,RateFIFO,49,reuse_intensive:rep1:req49,reuse_intensive,0,2,1,L0002,8192,0,0,True,1789727275.5789785,8192,8192,8192,61.95365500450134,False,False,False,False,8192,161.84,1,1,8224.0,True,cache_reused,False,False,0,0.0,79676e693577ab62a036a92bb32ef648623254b6b23edd1ad254317c12307d38,True,,,1,0,648.340074,1340.830102,6,8252,4,8224
20260726_formal4t4_reuse_intensive_RateFIFO@rho1.2_rep1,1,RateFIFO@rho1.2,RateFIFO,50,reuse_intensive:rep1:req50,reuse_intensive,0,36,1,L0036,8192,1,,False,1789727275.5790055,8192,0,0,248.27230262756348,True,True,False,False,0,0.0,0,0,32.0,False,cache_miss,False,False,0,0.0,f70c1e3aeed66ae65323b2762a84f1e5659d6521241b4d26b809e1a542451bb3,True,,,1,0,8477.277035,8869.031894,6,8252,4,32
20260726_formal4t4_reuse_intensive_RateFIFO@rho1.2_rep1,1,RateFIFO@rho1.2,RateFIFO,51,reuse_intensive:rep1:req51,reuse_intensive,0,31,0,L0031,8192,2,,False,1789727275.579031,0,0,0,,False,False,False,False,0,0.0,0,0,32.0,False,cache_miss,False,False,0,0.0,cb4b8e801117c70fa33be4b229a6ebcba3332afe6b222e10b23a30932bd9d506,True,,,1,0,8259.248377,8639.979112,6,8252,4,32
20260726_formal4t4_reuse_intensive_RateFIFO@rho1.2_rep1,1,RateFIFO@rho1.2,RateFIFO,52,reuse_intensive:rep1:req52,reuse_intensive,0,0,1,L0000,8192,0,0,True,1789727284.453877,8192,8192,8192,48.497281312942505,False,False,False,False,8192,163.84,1,1,8224.0,True,cache_reused,False,False,0,0.0,60b6d4745278b0d32551e02788a2943b7ee1ac8aa178e74a72a3e91a846d6f43,True,,,1,0,362.523155,9775.383997,6,8252,4,8224
20260726_formal4t4_reuse_intensive_RateFIFO@rho1.2_rep1,1,RateFIFO@rho1.2,RateFIFO,53,reuse_intensive:rep1:req53,reuse_intensive,0,10,0,L0010,8192,0,0,True,1789727284.4539251,8192,8192,8192,156.0675458908081,False,False,True,True,8192,161.84,1,1,32.0,True,fallback_prefill,True,True,0,8160.0,f83e1096104866e84ded8c278c8dbf0727ab09a89010c4dc3aaf6bf5e71165da,True,,,1,0,14308.903015,15109.051943,6,8252,4,32
20260726_formal4t4_reuse_intensive_RateFIFO@rho1.2_rep1,1,RateFIFO@rho1.2,RateFIFO,54,reuse_intensive:rep1:req54,reuse_intensive,0,1,0,L0001,8192,0,0,True,1789727284.4539592,8192,8192,8192,19.776305198669434,False,False,False,False,8192,159.84,1,1,8224.0,True,cache_reused,False,False,0,0.0,f3e9a12ee63d862d9578534de1a10bd91e1b182a8c0d05c54314ffe0b4526d20,True,,,1,0,14307.80029,15108.037873,6,8252,4,8224
20260726_formal4t4_reuse_intensive_RateFIFO@rho1.2_rep1,1,RateFIFO@rho1.2,RateFIFO,55,reuse_intensive:rep1:req55,reuse_intensive,0,47,0,L0047,8192,3,,False,1789727284.4539828,0,0,0,,False,False,False,False,0,0.0,0,0,32.0,False,cache_miss,False,False,0,0.0,d80b5805cbd1fecaba2074c1216b4ae74542aca4add60a8d3407210aff11a46c,True,,,1,0,9608.603527,10018.207289,6,8252,4,32
20260726_formal4t4_reuse_intensive_RateFIFO@rho1.2_rep1,1,RateFIFO@rho1.2,RateFIFO,56,reuse_intensive:rep1:req56,reuse_intensive,0,33,0,L0033,8192,0,,False,1789727299.5678694,0,0,0,,False,False,False,False,0,0.0,0,0,32.0,False,cache_miss,False,False,0,0.0,fee6b9dadc8a1ed793cc4fc8a160d1cd6c187e30349355a7b07c8a94b0c35428,True,,,1,0,10232.683243,11353.838352,6,8252,4,32
20260726_formal4t4_reuse_intensive_RateFIFO@rho1.2_rep1,1,RateFIFO@rho1.2,RateFIFO,57,reuse_intensive:rep1:req57,reuse_intensive,0,11,2,L0011,8192,0,0,True,1789727299.5679233,8192,8192,8192,160.79805612564087,False,False,False,False,8192,161.84,1,1,8224.0,True,cache_reused,False,False,0,0.0,41e8452baaf1e58659b106225ce602b853350ae7420db4de9cf800e832843437,True,,,1,0,10231.461259,11352.6895,6,8252,4,8224
20260726_formal4t4_reuse_intensive_RateFIFO@rho1.2_rep1,1,RateFIFO@rho1.2,RateFIFO,58,reuse_intensive:rep1:req58,reuse_intensive,0,38,0,L0038,8192,1,,False,1789727299.567954,0,0,0,,False,False,False,False,0,0.0,0,0,32.0,False,cache_miss,False,False,0,0.0,292c22fa566fdebaf79fbc6f2797bfcde132dd56c5118bb66bf5616089bdfca2,True,,,1,0,9411.737897,9835.041019,6,8252,4,32
20260726_formal4t4_reuse_intensive_RateFIFO@rho1.2_rep1,1,RateFIFO@rho1.2,RateFIFO,59,reuse_intensive:rep1:req59,reuse_intensive,0,0,2,L0000,8192,0,0,True,1789727299.567984,8192,8192,8192,63.61138844490051,False,False,False,False,8192,159.84,1,1,8224.0,True,cache_reused,False,False,0,0.0,c38a60a697a7dbd2961ccfb3288513da09178d50d71eb065710b3cf4b8b781db,True,,,1,0,10228.767172,11349.792502,6,8252,4,8224
20260726_formal4t4_reuse_intensive_RateFIFO@rho1.2_rep1,1,RateFIFO@rho1.2,RateFIFO,60,reuse_intensive:rep1:req60,reuse_intensive,1,87,0,L0087,8192,2,,False,1789727310.925108,0,0,0,,False,False,False,False,0,0.0,0,0,32.0,False,cache_miss,False,False,0,0.0,5da3ff2e4952a53bee878661af3aa63ad95aceb3aca4f8e7ed5d731383cce8d8,True,,,1,0,8475.330493,8867.918388,6,8252,4,32
20260726_formal4t4_reuse_intensive_RateFIFO@rho1.2_rep1,1,RateFIFO@rho1.2,RateFIFO,61,reuse_intensive:rep1:req61,reuse_intensive,1,65,0,L0065,8192,1,,False,1789727310.9251468,0,0,0,,False,False,False,False,0,0.0,0,0,32.0,False,cache_miss,False,False,0,0.0,12622ba9784bea2cfeb7fe2c5e8a6cf2cc0ab2c68a51612c4f341d5fdb1b1936,True,,,1,0,8607.424011,8988.09152,6,8252,4,32
20260726_formal4t4_reuse_intensive_RateFIFO@rho1.2_rep1,1,RateFIFO@rho1.2,RateFIFO,62,reuse_intensive:rep1:req62,reuse_intensive,1,79,0,L0079,8192,0,,False,1789727310.9251845,0,0,0,,False,False,False,False,0,0.0,0,0,32.0,False,cache_miss,False,False,0,0.0,4fa88987a8a934b1a583353e518117ca849e8e83b148f378f071de7132a25d6c,True,,,1,0,10520.134476,10949.826548,6,8252,4,32
20260726_formal4t4_reuse_intensive_RateFIFO@rho1.2_rep1,1,RateFIFO@rho1.2,RateFIFO,63,reuse_intensive:rep1:req63,reuse_intensive,1,67,0,L0067,8192,3,,False,1789727310.925206,0,0,0,,False,False,False,False,0,0.0,0,0,32.0,False,cache_miss,False,False,0,0.0,62d8854695a3a68921a8ca63c3ab634e6515484b29209d1f02430887c3d0608a,True,,,1,0,9087.152441,9490.291103,6,8252,4,32
20260726_formal4t4_reuse_intensive_RateFIFO@rho1.2_rep1,1,RateFIFO@rho1.2,RateFIFO,64,reuse_intensive:rep1:req64,reuse_intensive,1,66,0,L0066,8192,2,,False,1789727321.8808982,0,0,0,,False,False,False,False,0,0.0,0,0,32.0,False,cache_miss,False,False,0,0.0,5198956f2e9bd5a15cdcc9ae9d3e1095c6ec90e286b72cc7491bc3f12af1bc8b,True,,,1,0,10422.506191,10874.007051,6,8252,4,32
20260726_formal4t4_reuse_intensive_RateFIFO@rho1.2_rep1,1,RateFIFO@rho1.2,RateFIFO,65,reuse_intensive:rep1:req65,reuse_intensive,1,64,0,L0064,8192,3,,False,1789727321.880936,0,0,0,,False,False,False,False,0,0.0,0,0,32.0,False,cache_miss,False,False,0,0.0,6dcf04716ed3a6ae1366795c69dff64ca656e6706060819d38a00e5fc4bda6a0,True,,,1,0,9305.06543,9705.227981,6,8252,4,32
20260726_formal4t4_reuse_intensive_RateFIFO@rho1.2_rep1,1,RateFIFO@rho1.2,RateFIFO,66,reuse_intensive:rep1:req66,reuse_intensive,1,67,1,L0067,8192,0,,False,1789727321.88096,8192,0,0,294.57425713539124,True,True,False,False,0,0.0,0,0,32.0,False,cache_miss,False,False,0,0.0,809f5588522785c2558247812f0b2b1333c509573d11a05071242a9dc12ab73a,True,,,1,0,10813.392929,11254.554067,6,8252,4,32
20260726_formal4t4_reuse_intensive_RateFIFO@rho1.2_rep1,1,RateFIFO@rho1.2,RateFIFO,67,reuse_intensive:rep1:req67,reuse_intensive,1,97,0,L0097,8192,1,,False,1789727321.880984,0,0,0,,False,False,False,False,0,0.0,0,0,32.0,False,cache_miss,False,False,0,0.0,eb5f1c79f0cfe0a3d7a10e052541b7ff5b05668aa6ac89e98f368b0de3127437,True,,,1,0,9727.392571,10142.060115,6,8252,4,32
20260726_formal4t4_reuse_intensive_RateFIFO@rho1.2_rep1,1,RateFIFO@rho1.2,RateFIFO,68,reuse_intensive:rep1:req68,reuse_intensive,1,125,0,L0125,8192,2,,False,1789727333.1411972,0,0,0,,False,False,False,False,0,0.0,0,0,16.0,False,cache_miss,False,False,0,0.0,465bcf245119c16df5ef49ba07fe18eb75ffa4d917c7ba82e7962e669cc948c1,True,,,1,0,9005.758905,9412.582728,6,8252,4,16
20260726_formal4t4_reuse_intensive_RateFIFO@rho1.2_rep1,1,RateFIFO@rho1.2,RateFIFO,69,reuse_intensive:rep1:req69,reuse_intensive,1,69,0,L0069,8192,0,,False,1789727333.1412346,0,0,0,,False,False,False,False,0,0.0,0,0,32.0,False,cache_miss,False,False,0,0.0,7c394523df90b619d7b617d1416fca2a0217bfc530f9e2084507a511db28f9e6,True,,,1,0,10258.82167,10676.24317,6,8252,4,32
20260726_formal4t4_reuse_intensive_RateFIFO@rho1.2_rep1,1,RateFIFO@rho1.2,RateFIFO,70,reuse_intensive:rep1:req70,reuse_intensive,1,90,0,L0090,8192,1,,False,1789727333.1412592,0,0,0,,False,False,False,False,0,0.0,0,0,32.0,False,cache_miss,False,False,0,0.0,2e6a92b4e8667c3df8e1c6eef837faba3b994a4cc28e63401ffb7730aba6999b,True,,,1,0,8989.218237,9388.449421,6,8252,4,32
20260726_formal4t4_reuse_intensive_RateFIFO@rho1.2_rep1,1,RateFIFO@rho1.2,RateFIFO,71,reuse_intensive:rep1:req71,reuse_intensive,1,64,1,L0064,8192,3,,False,1789727333.1412785,8192,0,0,305.8345756530762,True,True,False,False,0,0.0,0,0,8224.0,False,cache_reused,False,False,0,0.0,dc2406eeaa382c44a56fb8605b75746f1914e9e83911cfb4f2ebc1bcbcd96f0b,True,,,1,0,210.053366,603.277385,6,8252,4,8224
20260726_formal4t4_reuse_intensive_RateFIFO@rho1.2_rep1,1,RateFIFO@rho1.2,RateFIFO,72,reuse_intensive:rep1:req72,reuse_intensive,1,109,0,L0109,8192,2,,False,1789727343.8223083,0,0,0,,False,False,False,False,0,0.0,0,0,32.0,False,cache_miss,False,False,0,0.0,fab36e63126147582bda34f0433a05153451f0435074fad7c0406c14de12ad70,True,,,1,0,9681.379763,10099.509997,6,8252,4,32
20260726_formal4t4_reuse_intensive_RateFIFO@rho1.2_rep1,1,RateFIFO@rho1.2,RateFIFO,73,reuse_intensive:rep1:req73,reuse_intensive,1,64,2,L0064,8192,1,,False,1789727343.8223474,8192,0,0,316.5156445503235,True,True,False,False,0,0.0,0,0,32.0,False,cache_miss,False,False,0,0.0,3d289f61f2fe2eba3b7d966e8cb77432b2a120c06c49079ad3e0a82901c12e5e,True,,,1,0,8604.295971,8989.028349,6,8252,4,32
20260726_formal4t4_reuse_intensive_RateFIFO@rho1.2_rep1,1,RateFIFO@rho1.2,RateFIFO,74,reuse_intensive:rep1:req74,reuse_intensive,1,74,0,L0074,8192,0,,False,1789727343.8223758,0,0,0,,False,False,False,False,0,0.0,0,0,32.0,False,cache_miss,False,False,0,0.0,19236f55c8191a3f92bcd0bb9a48b6082612fbcbecb04f0108ab10d13cac7cea,True,,,1,0,10603.482596,11039.451989,6,8252,4,32
20260726_formal4t4_reuse_intensive_RateFIFO@rho1.2_rep1,1,RateFIFO@rho1.2,RateFIFO,75,reuse_intensive:rep1:req75,reuse_intensive,1,75,0,L0075,8192,3,,False,1789727343.822397,0,0,0,,False,False,False,False,0,0.0,0,0,32.0,False,cache_miss,False,False,0,0.0,59ff426e682ccdac52b02ae75e8c087d56c397cc983288a7a394c249c5b839ec,True,,,1,0,9139.175472,9545.100528,6,8252,4,32
20260726_formal4t4_reuse_intensive_RateFIFO@rho1.2_rep1,1,RateFIFO@rho1.2,RateFIFO,76,reuse_intensive:rep1:req76,reuse_intensive,1,122,0,L0122,8192,2,,False,1789727354.8676443,0,0,0,,False,False,False,False,0,0.0,0,0,32.0,False,cache_miss,False,False,0,0.0,d82b2e7dfb6ec2657a8abf2f2e31c98e06184a7a54926b646f30b145ea72e806,True,,,1,0,9540.326254,9957.547598,6,8252,4,32
20260726_formal4t4_reuse_intensive_RateFIFO@rho1.2_rep1,1,RateFIFO@rho1.2,RateFIFO,77,reuse_intensive:rep1:req77,reuse_intensive,1,64,0,L0064,8192,3,,False,1789727354.8676815,8192,0,0,327.56097865104675,True,True,False,False,0,0.0,0,0,8224.0,False,cache_reused,False,False,0,0.0,9601aada4782c74362cbb48446d7c6369b5a5360cccc36830c195967be1caa60,True,,,1,0,214.453922,615.649178,6,8252,4,8224
20260726_formal4t4_reuse_intensive_RateFIFO@rho1.2_rep1,1,RateFIFO@rho1.2,RateFIFO,78,reuse_intensive:rep1:req78,reuse_intensive,1,103,0,L0103,8192,0,,False,1789727354.8677087,0,0,0,,False,False,False,False,0,0.0,0,0,16.0,False,cache_miss,False,False,0,0.0,23588ca7b0cf20ea7867c46a298bd24c7aa94edc2ad16c0498334080fb1153a0,True,,,1,0,10550.69623,10970.908883,6,8252,4,16
20260726_formal4t4_reuse_intensive_RateFIFO@rho1.2_rep1,1,RateFIFO@rho1.2,RateFIFO,79,reuse_intensive:rep1:req79,reuse_intensive,1,98,0,L0098,8192,1,,False,1789727354.8677309,0,0,0,,False,False,False,False,0,0.0,0,0,32.0,False,cache_miss,False,False,0,0.0,c0f67110bb589395375e802d634e98d22de27ee3ed51f75afe148ed2f8f7e611,True,,,1,0,9158.354896,9556.663222,6,8252,4,32
20260726_formal4t4_reuse_intensive_RateFIFO@rho1.2_rep1,1,RateFIFO@rho1.2,RateFIFO,80,reuse_intensive:rep1:req80,reuse_intensive,1,69,1,L0069,8192,2,,False,1789727365.8442633,8192,0,0,338.53756046295166,True,True,False,False,0,0.0,0,0,32.0,False,cache_miss,False,False,0,0.0,141b3b6d49ed46d98e096db5ea84e2f273458584d35a716a94983751b1f0de8e,True,,,1,0,10223.985023,10668.660069,6,8252,4,32
20260726_formal4t4_reuse_intensive_RateFIFO@rho1.2_rep1,1,RateFIFO@rho1.2,RateFIFO,81,reuse_intensive:rep1:req81,reuse_intensive,1,120,0,L0120,8192,0,,False,1789727365.8443031,0,0,0,,False,False,False,False,0,0.0,0,0,32.0,False,cache_miss,False,False,0,0.0,c4e204102051d00d5de983bfb8c13dd638ceaba722501fb2527390ce6abd4dce,True,,,1,0,9719.670567,10122.358879,6,8252,4,32
20260726_formal4t4_reuse_intensive_RateFIFO@rho1.2_rep1,1,RateFIFO@rho1.2,RateFIFO,82,reuse_intensive:rep1:req82,reuse_intensive,1,74,1,L0074,8192,1,,False,1789727365.8443294,8192,0,0,338.53762650489807,True,True,False,False,0,0.0,0,0,32.0,False,cache_miss,False,False,0,0.0,040cdc25c27ff248f2593a21fd30c0487a224b9986d5ec8eebfd80a8a09a8eb3,True,,,1,0,8723.83674,9130.382579,6,8252,4,32
20260726_formal4t4_reuse_intensive_RateFIFO@rho1.2_rep1,1,RateFIFO@rho1.2,RateFIFO,83,reuse_intensive:rep1:req83,reuse_intensive,1,65,1,L0065,8192,3,,False,1789727365.844352,8192,0,0,338.5376491546631,True,True,False,False,0,0.0,0,0,32.0,False,cache_miss,False,False,0,0.0,9d71b7bcbba3081adc62514d094f89725a9e3c37026cbcf03ea33628212ded38,True,,,1,0,9788.695707,10219.524933,6,8252,4,32
20260726_formal4t4_reuse_intensive_RateFIFO@rho1.2_rep1,1,RateFIFO@rho1.2,RateFIFO,84,reuse_intensive:rep1:req84,reuse_intensive,1,95,0,L0095,8192,2,,False,1789727376.5162046,0,0,0,,False,False,False,False,0,0.0,0,0,32.0,False,cache_miss,False,False,0,0.0,859a3fdde036136e78abc72dbbb25080f2a915dea98923a446a132117f012dcb,True,,,1,0,9410.096158,9828.234367,6,8252,4,32
20260726_formal4t4_reuse_intensive_RateFIFO@rho1.2_rep1,1,RateFIFO@rho1.2,RateFIFO,85,reuse_intensive:rep1:req85,reuse_intensive,1,70,0,L0070,8192,1,,False,1789727376.516243,0,0,0,,False,False,False,False,0,0.0,0,0,32.0,False,cache_miss,False,False,0,0.0,a1ce609853f5b7fd7b6e7122e0b11075f11b93e7fc0c35853b741f836f8532f8,True,,,1,0,9750.107016,10186.345855,6,8252,4,32
20260726_formal4t4_reuse_intensive_RateFIFO@rho1.2_rep1,1,RateFIFO@rho1.2,RateFIFO,86,reuse_intensive:rep1:req86,reuse_intensive,1,71,0,L0071,8192,0,,False,1789727376.516268,0,0,0,,False,False,False,False,0,0.0,0,0,32.0,False,cache_miss,False,False,0,0.0,cdfe1b8c18a658b4d846962790c53e5f5a91cc10f370fe2ad045211107774744,True,,,1,0,9504.903674,9910.670292,6,8252,4,32
20260726_formal4t4_reuse_intensive_RateFIFO@rho1.2_rep1,1,RateFIFO@rho1.2,RateFIFO,87,reuse_intensive:rep1:req87,reuse_intensive,1,79,1,L0079,8192,3,,False,1789727376.516289,8192,0,0,349.20958614349365,True,True,False,False,0,0.0,0,0,32.0,False,cache_miss,False,False,0,0.0,8d9d26146db7a23a617db89f5bb708d533328b4d37cc64a2547de276e9f18ff6,True,,,1,0,9147.61855,9561.224089,6,8252,4,32
20260726_formal4t4_reuse_intensive_RateFIFO@rho1.2_rep1,1,RateFIFO@rho1.2,RateFIFO,88,reuse_intensive:rep1:req88,reuse_intensive,1,71,1,L0071,8192,2,,False,1789727386.7072985,8192,0,0,359.400595664978,True,True,False,False,0,0.0,0,0,32.0,False,cache_miss,False,False,0,0.0,cddd9824bbc3da3de48c07bf474f1850749acbcbdd59164bc5cee5127d88f9d8,True,,,1,0,8969.986769,9379.577884,6,8252,4,32
20260726_formal4t4_reuse_intensive_RateFIFO@rho1.2_rep1,1,RateFIFO@rho1.2,RateFIFO,89,reuse_intensive:rep1:req89,reuse_intensive,1,68,0,L0068,8192,3,,False,1789727386.7073402,0,0,0,,False,False,False,False,0,0.0,0,0,32.0,False,cache_miss,False,False,0,0.0,5c5a6380038b4deb233b953b3d15eb20030542e6ed2da931719dad516f122b95,True,,,1,0,9485.581066,9906.869892,6,8252,4,32
20260726_formal4t4_reuse_intensive_RateFIFO@rho1.2_rep1,1,RateFIFO@rho1.2,RateFIFO,90,reuse_intensive:rep1:req90,reuse_intensive,1,65,2,L0065,8192,0,,False,1789727386.707366,8192,0,0,359.4006631374359,True,True,False,False,0,0.0,0,0,32.0,False,cache_miss,False,False,0,0.0,7995bb02969f21a5883484e9209b605f131c45bda322bb32db875f01cf84e0ca,True,,,1,0,11266.180173,11750.037642,6,8252,4,32
20260726_formal4t4_reuse_intensive_RateFIFO@rho1.2_rep1,1,RateFIFO@rho1.2,RateFIFO,91,reuse_intensive:rep1:req91,reuse_intensive,1,105,0,L0105,8192,1,,False,1789727386.7073905,0,0,0,,False,False,False,False,0,0.0,0,0,16.0,False,cache_miss,False,False,0,0.0,0ce18f6a4a570f93d5af89ba78add17c2dc49ae3e1362c0a0906eb3db97ebd88,True,,,1,0,9859.777145,10277.802286,6,8252,4,16
20260726_formal4t4_reuse_intensive_RateFIFO@rho1.2_rep1,1,RateFIFO@rho1.2,RateFIFO,92,reuse_intensive:rep1:req92,reuse_intensive,1,72,0,L0072,8192,2,,False,1789727398.5545871,0,0,0,,False,False,False,False,0,0.0,0,0,32.0,False,cache_miss,False,False,0,0.0,29356529f0b05e245ac0d3ec0ef30d79500473e63417faec9f08cc8c8923935b,True,,,1,0,9079.296887,9480.194171,6,8252,4,32
20260726_formal4t4_reuse_intensive_RateFIFO@rho1.2_rep1,1,RateFIFO@rho1.2,RateFIFO,93,reuse_intensive:rep1:req93,reuse_intensive,1,64,1,L0064,8192,0,,False,1789727398.5546265,8192,0,0,371.2479236125946,True,True,False,False,0,0.0,0,0,32.0,False,cache_miss,False,False,0,0.0,3cfe672a31e62bc5935c7af8cc5fa6167c945e624f346ef635540f7f2a090b7b,True,,,1,0,9791.130484,10205.832832,6,8252,4,32
20260726_formal4t4_reuse_intensive_RateFIFO@rho1.2_rep1,1,RateFIFO@rho1.2,RateFIFO,94,reuse_intensive:rep1:req94,reuse_intensive,1,78,0,L0078,8192,1,,False,1789727398.5546553,0,0,0,,False,False,False,False,0,0.0,0,0,32.0,False,cache_miss,False,False,0,0.0,880da6e56173c77a0995c12ae8b9245e1212d0b4490bd7b29e344accff193a18,True,,,1,0,9237.176245,9635.42418,6,8252,4,32
20260726_formal4t4_reuse_intensive_RateFIFO@rho1.2_rep1,1,RateFIFO@rho1.2,RateFIFO,95,reuse_intensive:rep1:req95,reuse_intensive,1,64,2,L0064,8192,3,,False,1789727398.5546763,8192,0,0,371.24797344207764,True,True,False,False,0,0.0,0,0,8224.0,False,cache_reused,False,False,0,0.0,67e8fa8e764142e317edd22029fb845fd894cadbaac38e49bdd4243028550cbc,True,,,1,0,320.313752,747.197469,6,8252,4,8224
20260726_formal4t4_reuse_intensive_RateFIFO@rho1.2_rep1,1,RateFIFO@rho1.2,RateFIFO,96,reuse_intensive:rep1:req96,reuse_intensive,1,64,0,L0064,8192,2,,False,1789727408.7649462,8192,0,0,381.45824337005615,True,True,False,False,0,0.0,0,0,32.0,False,cache_miss,False,False,0,0.0,6b5e0f705d06613e3956ac85efc11e39737365f39ec4978ea3f021cd76c8f189,True,,,1,0,8655.256364,9400.480279,6,8252,4,32
20260726_formal4t4_reuse_intensive_RateFIFO@rho1.2_rep1,1,RateFIFO@rho1.2,RateFIFO,97,reuse_intensive:rep1:req97,reuse_intensive,1,87,1,L0087,8192,2,2,True,1789727408.7650003,8192,8192,8192,86.88693237304688,False,False,False,False,8192,161.84,1,1,8224.0,True,cache_reused,False,False,0,0.0,abc21ad77d91f2eaff37ccdfd111f0905f6be37c998c2887c2da6396c870dcfd,True,,,1,0,8653.858979,9399.019844,6,8252,4,8224
20260726_formal4t4_reuse_intensive_RateFIFO@rho1.2_rep1,1,RateFIFO@rho1.2,RateFIFO,98,reuse_intensive:rep1:req98,reuse_intensive,1,64,1,L0064,8192,0,,False,1789727408.7650287,8192,0,0,381.4583258628845,True,True,False,False,0,0.0,0,0,8224.0,False,cache_reused,False,False,0,0.0,d3a3c6edca04de3a855ba85307b72c721720a2a124cb73e5d2bc1dc300538bdd,True,,,1,0,214.613312,628.053112,6,8252,4,8224
20260726_formal4t4_reuse_intensive_RateFIFO@rho1.2_rep1,1,RateFIFO@rho1.2,RateFIFO,99,reuse_intensive:rep1:req99,reuse_intensive,1,67,2,L0067,8192,1,,False,1789727408.7650514,8192,0,0,381.45834851264954,True,True,False,False,0,0.0,0,0,32.0,False,cache_miss,False,False,0,0.0,ab632d264223c95acd6b877ff408b115f5479f0d1d2b72b91b9b06e41aea629b,True,,,1,0,8908.252411,9302.454068,6,8252,4,32
20260726_formal4t4_reuse_intensive_RateFIFO@rho1.2_rep1,1,RateFIFO@rho1.2,RateFIFO,100,reuse_intensive:rep1:req100,reuse_intensive,1,64,2,L0064,8192,3,,False,1789727418.1685925,8192,0,0,390.8618896007538,True,True,False,False,0,0.0,0,0,8224.0,False,cache_reused,False,False,0,0.0,65dbc9812fb7f487f5be296519fb5a6bac19908e8da47c4ee077873caa25c0ee,True,,,1,0,343.376393,754.005166,6,8253,4,8224
20260726_formal4t4_reuse_intensive_RateFIFO@rho1.2_rep1,1,RateFIFO@rho1.2,RateFIFO,101,reuse_intensive:rep1:req101,reuse_intensive,1,68,1,L0068,8192,0,,False,1789727418.1686318,8192,0,0,390.86192893981934,True,True,False,False,0,0.0,0,0,32.0,False,cache_miss,False,False,0,0.0,6d3dc588aa9f637b56874bc241020a381a4aa350cf4deed3a05e99dcf06b25ec,True,,,1,0,9573.469828,10007.502874,6,8253,4,32
20260726_formal4t4_reuse_intensive_RateFIFO@rho1.2_rep1,1,RateFIFO@rho1.2,RateFIFO,102,reuse_intensive:rep1:req102,reuse_intensive,1,67,0,L0067,8192,2,,False,1789727418.1686583,8192,0,0,390.8619554042816,True,True,False,False,0,0.0,0,0,32.0,False,cache_miss,False,False,0,0.0,26d5680cbf4892ed49a5b0c38d64774caede06077b33a242330829f441ddb92f,True,,,1,0,8564.636959,9333.469082,6,8253,4,32
20260726_formal4t4_reuse_intensive_RateFIFO@rho1.2_rep1,1,RateFIFO@rho1.2,RateFIFO,103,reuse_intensive:rep1:req103,reuse_intensive,1,72,1,L0072,8192,2,2,True,1789727418.1686954,8192,8192,8192,9.40644383430481,False,False,False,False,8192,161.84,1,1,8224.0,True,cache_reused,False,False,0,0.0,2869667ee3bac4e1ae9db04445160296c2f803f21e5694c105090bddfbe43728,True,,,1,0,8563.66902,9332.578455,6,8253,4,8224
20260726_formal4t4_reuse_intensive_RateFIFO@rho1.2_rep1,1,RateFIFO@rho1.2,RateFIFO,104,reuse_intensive:rep1:req104,reuse_intensive,1,68,2,L0068,8192,0,,False,1789727428.180603,8192,0,0,400.8739001750946,True,True,False,False,0,0.0,0,0,8224.0,False,cache_reused,False,False,0,0.0,3301a0029af94d474719f4e796f7917424770ec2f0e77dd83afa7a02cb848f95,True,,,1,0,227.223187,664.975432,6,8253,4,8224
20260726_formal4t4_reuse_intensive_RateFIFO@rho1.2_rep1,1,RateFIFO@rho1.2,RateFIFO,105,reuse_intensive:rep1:req105,reuse_intensive,1,64,0,L0064,8192,2,2,True,1789727428.180657,8192,8192,8192,10.014756441116333,False,False,False,False,8192,163.84,1,1,8224.0,True,cache_reused,False,False,0,0.0,a8da241903b141c435e7aa2d983f3f77fec04e9c47343c7dd9e08e0d63c799aa,True,,,1,0,215.616651,612.303728,6,8253,4,8224
20260726_formal4t4_reuse_intensive_RateFIFO@rho1.2_rep1,1,RateFIFO@rho1.2,RateFIFO,106,reuse_intensive:rep1:req106,reuse_intensive,1,83,0,L0083,8192,3,,False,1789727428.1806877,0,0,0,,False,False,False,False,0,0.0,0,0,32.0,False,cache_miss,False,False,0,0.0,d7bf6be7cdd83a271a9940f79b13320d671590adb680368df3c069051bc60040,True,,,1,0,9748.2475,10177.408435,6,8253,4,32
20260726_formal4t4_reuse_intensive_RateFIFO@rho1.2_rep1,1,RateFIFO@rho1.2,RateFIFO,107,reuse_intensive:rep1:req107,reuse_intensive,1,68,0,L0068,8192,1,,False,1789727428.180712,8192,0,0,400.87400913238525,True,True,False,False,0,0.0,0,0,32.0,False,cache_miss,False,False,0,0.0,3f3406a754605d692925fd6479a4d50a34e800db3e3a849a05e3f0ccb01ae326,True,,,1,0,9657.973483,10077.059233,6,8253,4,32
20260726_formal4t4_reuse_intensive_RateFIFO@rho1.2_rep1,1,RateFIFO@rho1.2,RateFIFO,108,reuse_intensive:rep1:req108,reuse_intensive,1,64,1,L0064,8192,2,2;3,True,1789727438.3636262,8192,8192,8192,20.197725772857666,False,False,False,False,8192,163.84,2,2,8224.0,True,cache_reused,False,False,0,0.0,e286c9104bdbca8b49f6ff15797173d0f468d042610aa8b687166ea303914357,True,,,1,0,332.304462,753.598648,6,8253,4,8224
20260726_formal4t4_reuse_intensive_RateFIFO@rho1.2_rep1,1,RateFIFO@rho1.2,RateFIFO,109,reuse_intensive:rep1:req109,reuse_intensive,1,65,0,L0065,8192,3,,False,1789727438.3636672,8192,0,0,411.0569643974304,True,True,False,False,0,0.0,0,0,8224.0,False,cache_reused,False,False,0,0.0,fbe2fe6567300d70bdc9b45f3b42bda9d1d95dbd84c493c908fc4b9fe23f658f,True,,,1,0,224.76967,661.065616,6,8253,4,8224
20260726_formal4t4_reuse_intensive_RateFIFO@rho1.2_rep1,1,RateFIFO@rho1.2,RateFIFO,110,reuse_intensive:rep1:req110,reuse_intensive,1,70,1,L0070,8192,0,,False,1789727438.3636956,8192,0,0,411.05699276924133,True,True,False,False,0,0.0,0,0,32.0,False,cache_miss,False,False,0,0.0,ad4d52e2d010eb84bf0feea66bda453e68de991918c0f998740fc74edd1615a1,True,,,1,0,9329.879567,9738.23543,6,8253,4,32
20260726_formal4t4_reuse_intensive_RateFIFO@rho1.2_rep1,1,RateFIFO@rho1.2,RateFIFO,111,reuse_intensive:rep1:req111,reuse_intensive,1,77,0,L0077,8192,1,,False,1789727438.3637195,0,0,0,,False,False,False,False,0,0.0,0,0,32.0,False,cache_miss,False,False,0,0.0,8060b1e8ad6a43e025d2cc0bf258142335ae871d0ca7c34dbf8e216089eb115c,True,,,1,0,9382.95261,9793.679601,6,8253,4,32
20260726_formal4t4_reuse_intensive_RateFIFO@rho1.2_rep1,1,RateFIFO@rho1.2,RateFIFO,112,reuse_intensive:rep1:req112,reuse_intensive,1,93,0,L0093,8192,2,,False,1789727448.1645644,0,0,0,,False,False,False,False,0,0.0,0,0,32.0,False,cache_miss,False,False,0,0.0,fd2504da4c3f33ae25bd66e6e0752e40f00222a982c52a43d7cfdb0663c9cd23,True,,,1,0,8595.918976,9400.290829,6,8253,4,32
20260726_formal4t4_reuse_intensive_RateFIFO@rho1.2_rep1,1,RateFIFO@rho1.2,RateFIFO,113,reuse_intensive:rep1:req113,reuse_intensive,1,64,2,L0064,8192,3,2;3,True,1789727448.164619,8192,8192,8192,19.98671817779541,False,False,False,False,8192,163.84,2,2,8224.0,True,cache_reused,False,False,0,0.0,cb4e9b6d849af3af338a66cfe7b5993c5e69e8640697f2abe4afc0e0dc39ea54,True,,,1,0,336.816397,765.540807,6,8253,4,8224
20260726_formal4t4_reuse_intensive_RateFIFO@rho1.2_rep1,1,RateFIFO@rho1.2,RateFIFO,114,reuse_intensive:rep1:req114,reuse_intensive,1,65,1,L0065,8192,1,,False,1789727448.1646497,8192,0,0,420.8579468727112,True,True,False,False,0,0.0,0,0,8224.0,False,cache_reused,False,False,0,0.0,2b8bdc5e1a2fda50cfa9b7225305dd9c649390b86e3bfae7281c5b672facde5e,True,,,1,0,209.041773,592.88061,6,8253,4,8224
20260726_formal4t4_reuse_intensive_RateFIFO@rho1.2_rep1,1,RateFIFO@rho1.2,RateFIFO,115,reuse_intensive:rep1:req115,reuse_intensive,1,66,1,L0066,8192,2,2,True,1789727448.164684,8192,8192,8192,115.02625322341919,False,False,False,False,8192,161.84,1,1,8224.0,True,cache_reused,False,False,0,0.0,2ddeee8bd6873f3238e6e69fc8f7fe268793e97e2d7970c1a43dc5da6c59ebf6,True,,,1,0,8592.356067,9396.811851,6,8253,4,8224
20260726_formal4t4_reuse_intensive_RateFIFO@rho1.2_rep1,1,RateFIFO@rho1.2,RateFIFO,116,reuse_intensive:rep1:req116,reuse_intensive,1,85,0,L0085,8192,0,,False,1789727457.5683122,0,0,0,,False,False,False,False,0,0.0,0,0,32.0,False,cache_miss,False,False,0,0.0,e2e99ae60df5318ed524ea6e046c8c78bb6bade7965d93ecca8df17a54d34f3c,True,,,1,0,9029.690696,9858.231923,6,8253,4,32
20260726_formal4t4_reuse_intensive_RateFIFO@rho1.2_rep1,1,RateFIFO@rho1.2,RateFIFO,117,reuse_intensive:rep1:req117,reuse_intensive,1,120,1,L0120,8192,1,,False,1789727457.5683506,8192,0,0,430.2616477012634,True,True,False,False,0,0.0,0,0,32.0,False,cache_miss,False,False,0,0.0,6a48b2d3f967d8aed6da47ac1496e2a959828339b764f52ebad84db7580b008a,True,,,1,0,9592.914006,10007.201722,6,8253,4,32
20260726_formal4t4_reuse_intensive_RateFIFO@rho1.2_rep1,1,RateFIFO@rho1.2,RateFIFO,118,reuse_intensive:rep1:req118,reuse_intensive,1,69,2,L0069,8192,2,2,False,1789727457.5683932,8192,8192,8192,81.05497789382935,False,False,False,False,8192,0.0,1,1,8224.0,False,cache_reused,False,False,0,0.0,b77ed86d4c5269d077126a0117161a5a793f987a65d753cb3b14a5ef017ef919,True,,,1,0,236.570219,684.383424,6,8253,4,8224
20260726_formal4t4_reuse_intensive_RateFIFO@rho1.2_rep1,1,RateFIFO@rho1.2,RateFIFO,119,reuse_intensive:rep1:req119,reuse_intensive,1,68,1,L0068,8192,0,0,True,1789727457.5684295,8192,8192,8192,19.20754384994507,False,False,False,False,8192,161.84,1,1,8224.0,True,cache_reused,False,False,0,0.0,f185efab635ffa8406b20ba28f23d2c5982c0653efad819354000dae5b640330,True,,,1,0,9025.99482,9854.636413,6,8253,4,8224
20260726_formal4t4_reuse_intensive_StaticSemantic@rho1.2_rep1,1,StaticSemantic@rho1.2,StaticSemantic,24,reuse_intensive:rep1:req24,reuse_intensive,0,4,1,L0004,8192,0,0;3,False,1789727682.8816237,8192,8192,8192,157.19555354118347,False,False,False,False,8192,0.0,2,2,3568.0,False,cache_reused,False,False,0,4624.0,666bd9ad573b20fd7a2afaa38cc55e8e89173451fa00b5992a7303cb71de03d2,True,,,1,0,7516.587352,7959.808523,6,8252,4,3568
20260726_formal4t4_reuse_intensive_StaticSemantic@rho1.2_rep1,1,StaticSemantic@rho1.2,StaticSemantic,25,reuse_intensive:rep1:req25,reuse_intensive,0,1,2,L0001,8192,3,3,True,1789727682.8816752,8192,8192,8192,189.08479595184326,False,False,False,False,8192,163.84,1,1,8224.0,True,cache_reused,False,False,0,0.0,7539756a068da27d38209f2647a53c582194307b5214ba5aacac396fd83b7964,True,,,1,0,210.178354,10873.037138,6,8252,4,8224
20260726_formal4t4_reuse_intensive_StaticSemantic@rho1.2_rep1,1,StaticSemantic@rho1.2,StaticSemantic,26,reuse_intensive:rep1:req26,reuse_intensive,0,2,1,L0002,8192,3,0;3,True,1789727682.8817134,8192,8192,8192,177.64199209213257,False,False,True,True,8192,161.84,2,2,32.0,True,fallback_prefill,True,True,0,8160.0,536f633f66cb81a6a94e2395e9e2c0ffaa019cb480c357beb4b3a2195ab5e585,True,,,1,0,14883.668264,15293.924841,6,8252,4,32
20260726_formal4t4_reuse_intensive_StaticSemantic@rho1.2_rep1,1,StaticSemantic@rho1.2,StaticSemantic,27,reuse_intensive:rep1:req27,reuse_intensive,0,0,2,L0000,8192,2,2,True,1789727682.8817449,8192,8192,8192,199.0592179298401,False,False,False,False,8192,163.84,1,1,8224.0,True,cache_reused,False,False,0,0.0,bd6188f6e9a8a1895c8323a933d4fe53656573e8e5028ee511026b2d836c16f4,True,,,1,0,334.289137,749.496926,6,8252,4,8224
20260726_formal4t4_reuse_intensive_StaticSemantic@rho1.2_rep1,1,StaticSemantic@rho1.2,StaticSemantic,28,reuse_intensive:rep1:req28,reuse_intensive,0,17,0,L0017,8192,0,,False,1789727698.1814926,0,0,0,,False,False,False,False,0,0.0,0,0,32.0,False,cache_miss,False,False,0,0.0,77fc8836dfc7deeb7b3942dac723a0ec4bf1679d8b4cffdb75d9043498633a10,True,,,1,0,8831.684168,9249.209899,6,8252,4,32
20260726_formal4t4_reuse_intensive_StaticSemantic@rho1.2_rep1,1,StaticSemantic@rho1.2,StaticSemantic,29,reuse_intensive:rep1:req29,reuse_intensive,0,2,2,L0002,8192,3,3,True,1789727698.1815436,8192,8192,8192,192.94182229042053,False,False,False,False,8192,163.84,1,1,8224.0,True,cache_reused,False,False,0,0.0,5f83bdaeb61bd195d8b8ab5182777a206f9d926d6a03b499597c57f1146afb48,True,,,1,0,227.085965,1030.628162,6,8252,4,8224
20260726_formal4t4_reuse_intensive_StaticSemantic@rho1.2_rep1,1,StaticSemantic@rho1.2,StaticSemantic,30,reuse_intensive:rep1:req30,reuse_intensive,0,59,0,L0059,8192,2,,False,1789727698.1815748,0,0,0,,False,False,False,False,0,0.0,0,0,32.0,False,cache_miss,False,False,0,0.0,8599b75eac039fcd321631f1c5d1508fe409739a3f75d50f0cf07fd9aab2cc8d,True,,,1,0,9360.394079,9779.32465,6,8252,4,32
20260726_formal4t4_reuse_intensive_StaticSemantic@rho1.2_rep1,1,StaticSemantic@rho1.2,StaticSemantic,31,reuse_intensive:rep1:req31,reuse_intensive,0,1,0,L0001,8192,3,3,True,1789727698.1816084,8192,8192,8192,204.3847291469574,False,False,False,False,8192,161.84,1,1,8224.0,True,cache_reused,False,False,0,0.0,2a4e8151ecc4fac41a4759ffaef52d0b09bc6fc8ac2cc1348d8587232be561dd,True,,,1,0,493.045144,1162.008353,6,8252,4,8224
20260726_formal4t4_reuse_intensive_StaticSemantic@rho1.2_rep1,1,StaticSemantic@rho1.2,StaticSemantic,32,reuse_intensive:rep1:req32,reuse_intensive,0,0,0,L0000,8192,2,2,False,1789727707.9667215,8192,8192,8192,224.1441946029663,False,False,False,False,8192,0.0,1,1,8224.0,False,cache_reused,False,False,0,0.0,96dd669aae5bbd440f0a09376463d0527e470682776af20a51fc550eb8313b9e,True,,,1,0,214.760798,604.913191,6,8252,4,8224
20260726_formal4t4_reuse_intensive_StaticSemantic@rho1.2_rep1,1,StaticSemantic@rho1.2,StaticSemantic,33,reuse_intensive:rep1:req33,reuse_intensive,0,44,0,L0044,8192,3,,False,1789727707.9667618,0,0,0,,False,False,False,False,0,0.0,0,0,32.0,False,cache_miss,False,False,0,0.0,648b307d98f968a1e89e849d6b1672df587d9baddb9b2c0c4e282c3d1ceb9eec,True,,,1,0,9838.370533,10256.178466,6,8252,4,32
20260726_formal4t4_reuse_intensive_StaticSemantic@rho1.2_rep1,1,StaticSemantic@rho1.2,StaticSemantic,34,reuse_intensive:rep1:req34,reuse_intensive,0,25,0,L0025,8192,1,,False,1789727707.9667885,0,0,0,,False,False,False,False,0,0.0,0,0,32.0,False,cache_miss,False,False,0,0.0,ac4a5e1f194417b4e121f6f64902f805adc165471151edb28706197e89d8c663,True,,,1,0,8760.651709,9171.045894,6,8252,4,32
20260726_formal4t4_reuse_intensive_StaticSemantic@rho1.2_rep1,1,StaticSemantic@rho1.2,StaticSemantic,35,reuse_intensive:rep1:req35,reuse_intensive,0,11,1,L0011,8192,0,0;3,False,1789727707.966824,8192,8192,8192,116.82720637321472,False,False,False,False,8192,0.0,2,2,8224.0,False,cache_reused,False,False,0,0.0,00b2c27e942e90d166a5511eb868269ce3535957fda661d2da85f91ba4e0dff3,True,,,1,0,206.710867,620.057289,6,8252,4,8224
20260726_formal4t4_reuse_intensive_StaticSemantic@rho1.2_rep1,1,StaticSemantic@rho1.2,StaticSemantic,36,reuse_intensive:rep1:req36,reuse_intensive,0,1,1,L0001,8192,0,,False,1789727718.227469,8192,0,0,244.55140733718872,True,True,False,False,0,0.0,0,0,8224.0,False,cache_reused,False,False,0,0.0,b969f2a7b65ae653341820f4370954eea9c580eea1d2de11dabc546b388ab72e,True,,,1,0,358.92104,10442.556542,6,8252,4,8224
20260726_formal4t4_reuse_intensive_StaticSemantic@rho1.2_rep1,1,StaticSemantic@rho1.2,StaticSemantic,37,reuse_intensive:rep1:req37,reuse_intensive,0,0,1,L0000,8192,2,2,False,1789727718.2275226,8192,8192,8192,234.40499567985535,False,False,False,False,8192,0.0,1,1,8224.0,False,cache_reused,False,False,0,0.0,ceb830c9a899af5908d15e726615142565096fe9295db3d378613518007d5ddf,True,,,1,0,329.776814,748.677151,6,8252,4,8224
20260726_formal4t4_reuse_intensive_StaticSemantic@rho1.2_rep1,1,StaticSemantic@rho1.2,StaticSemantic,38,reuse_intensive:rep1:req38,reuse_intensive,0,8,0,L0008,8192,3,0;3,False,1789727718.227564,8192,8192,8192,159.58060503005981,False,False,False,False,8192,0.0,2,2,5616.0,False,cache_reused,False,False,0,2576.0,e1f4c0bf72ec445dccd8bd9bdb573d39ef1b82994835eed770f27feaa2f41ef8,True,,,1,0,5068.427686,5494.79187,6,8252,4,5616
20260726_formal4t4_reuse_intensive_StaticSemantic@rho1.2_rep1,1,StaticSemantic@rho1.2,StaticSemantic,39,reuse_intensive:rep1:req39,reuse_intensive,0,6,0,L0006,8192,0,0;3,True,1789727718.227599,8192,8192,8192,171.59901690483093,False,False,True,True,8192,161.84,2,2,32.0,True,fallback_prefill,True,True,0,8160.0,7ee77165fa1eb8a619ed79b6921f45e53d3cca8848cd3a922dc7f555eba97681,True,,,1,0,14806.305779,15263.752183,6,8252,4,32
20260726_formal4t4_reuse_intensive_StaticSemantic@rho1.2_rep1,1,StaticSemantic@rho1.2,StaticSemantic,40,reuse_intensive:rep1:req40,reuse_intensive,0,0,2,L0000,8192,2,2,True,1789727733.4982426,8192,8192,8192,249.67571568489075,False,False,False,False,8192,163.84,1,1,8224.0,True,cache_reused,False,False,0,0.0,3aad3c08872132201164fa3344dbe11d8a4ec6ce8c0a1bd077e754b000022331,True,,,1,0,387.529676,805.230693,6,8252,4,8224
20260726_formal4t4_reuse_intensive_StaticSemantic@rho1.2_rep1,1,StaticSemantic@rho1.2,StaticSemantic,41,reuse_intensive:rep1:req41,reuse_intensive,0,4,2,L0004,8192,0,0;3,False,1789727733.4982955,8192,8192,8192,207.81222534179688,False,False,False,False,8192,0.0,2,2,8224.0,False,cache_reused,False,False,0,0.0,79e911fcedd257e9851532ac2310e6ff9311c8796675a1dc2131955555aea599,True,,,1,0,198.659429,633.434327,6,8252,4,8224
20260726_formal4t4_reuse_intensive_StaticSemantic@rho1.2_rep1,1,StaticSemantic@rho1.2,StaticSemantic,42,reuse_intensive:rep1:req42,reuse_intensive,0,2,0,L0002,8192,3,,False,1789727733.4983268,8192,0,0,259.82226514816284,True,True,False,False,0,0.0,0,0,8224.0,False,cache_reused,False,False,0,0.0,c21a6264bbe2bd02b2638a21f793a00712087d157d2a5b2ab5e2c51939f450ae,True,,,1,0,337.009099,778.891807,6,8252,4,8224
20260726_formal4t4_reuse_intensive_StaticSemantic@rho1.2_rep1,1,StaticSemantic@rho1.2,StaticSemantic,43,reuse_intensive:rep1:req43,reuse_intensive,0,0,0,L0000,8192,2,2,True,1789727733.4983745,8192,8192,8192,249.675847530365,False,False,False,False,8192,161.84,1,1,8224.0,True,cache_reused,False,False,0,0.0,7fe23d4dfc1ebb32723a16bfa46436f3bf884ca086f038874c1ea6de64f49187,True,,,1,0,525.573517,930.50515,6,8252,4,8224
20260726_formal4t4_reuse_intensive_StaticSemantic@rho1.2_rep1,1,StaticSemantic@rho1.2,StaticSemantic,44,reuse_intensive:rep1:req44,reuse_intensive,0,3,2,L0003,8192,3,0;3,True,1789727734.4357877,8192,8192,8192,219.01469206809998,False,False,False,False,8192,163.84,2,2,8224.0,True,cache_reused,False,False,0,0.0,fe5f242ad3ea90e3f54d7906c9133b5ff59111a280ce914e7c7bc8483976578d,True,,,1,0,216.257176,661.90691,6,8252,4,8224
20260726_formal4t4_reuse_intensive_StaticSemantic@rho1.2_rep1,1,StaticSemantic@rho1.2,StaticSemantic,45,reuse_intensive:rep1:req45,reuse_intensive,0,1,2,L0001,8192,1,,False,1789727734.43583,8192,0,0,260.75976848602295,True,True,False,False,0,0.0,0,0,32.0,False,cache_miss,False,False,0,0.0,f0266f5740ea34b6f4da68fd1e9d05d01bffaa792513b940be4b5f0d5a2d74e9,True,,,1,0,8784.479112,9181.350796,6,8252,4,32
20260726_formal4t4_reuse_intensive_StaticSemantic@rho1.2_rep1,1,StaticSemantic@rho1.2,StaticSemantic,46,reuse_intensive:rep1:req46,reuse_intensive,0,4,0,L0004,8192,0,0;3,True,1789727734.4358697,8192,8192,8192,208.74979948997498,False,False,False,False,8192,163.84,2,2,8224.0,True,cache_reused,False,False,0,0.0,a9c6a9c0c0a5a53eceabfa2d8e34aa17c901bd3c9e756a81c8f2ec67d200278d,True,,,1,0,219.77192,659.830343,6,8252,4,8224
20260726_formal4t4_reuse_intensive_StaticSemantic@rho1.2_rep1,1,StaticSemantic@rho1.2,StaticSemantic,47,reuse_intensive:rep1:req47,reuse_intensive,0,20,0,L0020,8192,2,,False,1789727734.4358964,0,0,0,,False,False,False,False,0,0.0,0,0,32.0,False,cache_miss,False,False,0,0.0,a649945d96b82d71fbf39ac40afe707834df89456648ebf9f8ea091592300af4,True,,,1,0,9324.049827,9751.075437,6,8252,4,32
20260726_formal4t4_reuse_intensive_StaticSemantic@rho1.2_rep1,1,StaticSemantic@rho1.2,StaticSemantic,48,reuse_intensive:rep1:req48,reuse_intensive,0,3,0,L0003,8192,0,0;3,False,1789727744.1939335,8192,8192,8192,228.7730131149292,False,False,False,False,8192,0.0,2,2,8224.0,False,cache_reused,False,False,0,0.0,3bf387fd18bc2b8682233a22afdea5d8d1932d56de33d41b0a6db5bd42aa3512,True,,,1,0,338.192744,786.165852,6,8252,4,8224
20260726_formal4t4_reuse_intensive_StaticSemantic@rho1.2_rep1,1,StaticSemantic@rho1.2,StaticSemantic,49,reuse_intensive:rep1:req49,reuse_intensive,0,2,1,L0002,8192,2,,False,1789727744.1939752,8192,0,0,270.5179135799408,True,True,False,False,0,0.0,0,0,3344.0,False,cache_reused,False,False,0,0.0,79676e693577ab62a036a92bb32ef648623254b6b23edd1ad254317c12307d38,True,,,1,0,9289.59285,9750.791369,6,8252,4,3344
20260726_formal4t4_reuse_intensive_StaticSemantic@rho1.2_rep1,1,StaticSemantic@rho1.2,StaticSemantic,50,reuse_intensive:rep1:req50,reuse_intensive,0,36,1,L0036,8192,3,,False,1789727744.1940033,8192,0,0,270.51794171333313,True,True,False,False,0,0.0,0,0,8224.0,False,cache_reused,False,False,0,0.0,f70c1e3aeed66ae65323b2762a84f1e5659d6521241b4d26b809e1a542451bb3,True,,,1,0,362.822411,767.068644,6,8252,4,8224
20260726_formal4t4_reuse_intensive_StaticSemantic@rho1.2_rep1,1,StaticSemantic@rho1.2,StaticSemantic,51,reuse_intensive:rep1:req51,reuse_intensive,0,31,0,L0031,8192,1,,False,1789727744.1940267,0,0,0,,False,False,False,False,0,0.0,0,0,32.0,False,cache_miss,False,False,0,0.0,cb4b8e801117c70fa33be4b229a6ebcba3332afe6b222e10b23a30932bd9d506,True,,,1,0,9051.054772,9471.811596,6,8252,4,32
20260726_formal4t4_reuse_intensive_StaticSemantic@rho1.2_rep1,1,StaticSemantic@rho1.2,StaticSemantic,52,reuse_intensive:rep1:req52,reuse_intensive,0,0,1,L0000,8192,2,2,True,1789727753.949606,8192,8192,8192,270.12707901000977,False,False,False,False,8192,163.84,1,1,8224.0,True,cache_reused,False,False,0,0.0,60b6d4745278b0d32551e02788a2943b7ee1ac8aa178e74a72a3e91a846d6f43,True,,,1,0,209.677471,596.466956,6,8252,4,8224
20260726_formal4t4_reuse_intensive_StaticSemantic@rho1.2_rep1,1,StaticSemantic@rho1.2,StaticSemantic,53,reuse_intensive:rep1:req53,reuse_intensive,0,10,0,L0010,8192,0,0;2,False,1789727753.9496596,8192,8192,8192,173.89903926849365,False,False,False,False,8192,0.0,2,2,8224.0,False,cache_reused,False,False,0,0.0,f83e1096104866e84ded8c278c8dbf0727ab09a89010c4dc3aaf6bf5e71165da,True,,,1,0,376.101828,819.731843,6,8252,4,8224
20260726_formal4t4_reuse_intensive_StaticSemantic@rho1.2_rep1,1,StaticSemantic@rho1.2,StaticSemantic,54,reuse_intensive:rep1:req54,reuse_intensive,0,1,0,L0001,8192,3,,False,1789727753.94969,8192,0,0,280.27362847328186,True,True,False,False,0,0.0,0,0,8224.0,False,cache_reused,False,False,0,0.0,f3e9a12ee63d862d9578534de1a10bd91e1b182a8c0d05c54314ffe0b4526d20,True,,,1,0,335.244687,768.059209,6,8252,4,8224
20260726_formal4t4_reuse_intensive_StaticSemantic@rho1.2_rep1,1,StaticSemantic@rho1.2,StaticSemantic,55,reuse_intensive:rep1:req55,reuse_intensive,0,47,0,L0047,8192,1,,False,1789727753.9497147,0,0,0,,False,False,False,False,0,0.0,0,0,32.0,False,cache_miss,False,False,0,0.0,d80b5805cbd1fecaba2074c1216b4ae74542aca4add60a8d3407210aff11a46c,True,,,1,0,9457.351632,9882.648025,6,8252,4,32
20260726_formal4t4_reuse_intensive_StaticSemantic@rho1.2_rep1,1,StaticSemantic@rho1.2,StaticSemantic,56,reuse_intensive:rep1:req56,reuse_intensive,0,33,0,L0033,8192,3,,False,1789727763.8392754,0,0,0,,False,False,False,False,0,0.0,0,0,32.0,False,cache_miss,False,False,0,0.0,fee6b9dadc8a1ed793cc4fc8a160d1cd6c187e30349355a7b07c8a94b0c35428,True,,,1,0,10605.4108,11044.916432,6,8252,4,32
20260726_formal4t4_reuse_intensive_StaticSemantic@rho1.2_rep1,1,StaticSemantic@rho1.2,StaticSemantic,57,reuse_intensive:rep1:req57,reuse_intensive,0,11,2,L0011,8192,0,0;3,True,1789727763.839331,8192,8192,8192,172.69971323013306,False,False,False,False,8192,163.84,2,2,8224.0,True,cache_reused,False,False,0,0.0,41e8452baaf1e58659b106225ce602b853350ae7420db4de9cf800e832843437,True,,,1,0,335.654862,754.286863,6,8252,4,8224
20260726_formal4t4_reuse_intensive_StaticSemantic@rho1.2_rep1,1,StaticSemantic@rho1.2,StaticSemantic,58,reuse_intensive:rep1:req58,reuse_intensive,0,38,0,L0038,8192,1,,False,1789727763.8393626,0,0,0,,False,False,False,False,0,0.0,0,0,32.0,False,cache_miss,False,False,0,0.0,292c22fa566fdebaf79fbc6f2797bfcde132dd56c5118bb66bf5616089bdfca2,True,,,1,0,9731.570471,10140.996803,6,8252,4,32
20260726_formal4t4_reuse_intensive_StaticSemantic@rho1.2_rep1,1,StaticSemantic@rho1.2,StaticSemantic,59,reuse_intensive:rep1:req59,reuse_intensive,0,0,2,L0000,8192,2,2,False,1789727763.8393962,8192,8192,8192,280.01686930656433,False,False,False,False,8192,0.0,1,1,8224.0,False,cache_reused,False,False,0,0.0,c38a60a697a7dbd2961ccfb3288513da09178d50d71eb065710b3cf4b8b781db,True,,,1,0,326.064701,738.49564,6,8252,4,8224
20260726_formal4t4_reuse_intensive_StaticSemantic@rho1.2_rep1,1,StaticSemantic@rho1.2,StaticSemantic,60,reuse_intensive:rep1:req60,reuse_intensive,1,87,0,L0087,8192,1,,False,1789727774.8874686,0,0,0,,False,False,False,False,0,0.0,0,0,32.0,False,cache_miss,False,False,0,0.0,5da3ff2e4952a53bee878661af3aa63ad95aceb3aca4f8e7ed5d731383cce8d8,True,,,1,0,9622.38815,10037.030993,6,8252,4,32
20260726_formal4t4_reuse_intensive_StaticSemantic@rho1.2_rep1,1,StaticSemantic@rho1.2,StaticSemantic,61,reuse_intensive:rep1:req61,reuse_intensive,1,65,0,L0065,8192,3,,False,1789727774.887506,0,0,0,,False,False,False,False,0,0.0,0,0,32.0,False,cache_miss,False,False,0,0.0,12622ba9784bea2cfeb7fe2c5e8a6cf2cc0ab2c68a51612c4f341d5fdb1b1936,True,,,1,0,10886.369639,11337.321197,6,8252,4,32
20260726_formal4t4_reuse_intensive_StaticSemantic@rho1.2_rep1,1,StaticSemantic@rho1.2,StaticSemantic,62,reuse_intensive:rep1:req62,reuse_intensive,1,79,0,L0079,8192,2,,False,1789727774.8875327,0,0,0,,False,False,False,False,0,0.0,0,0,32.0,False,cache_miss,False,False,0,0.0,4fa88987a8a934b1a583353e518117ca849e8e83b148f378f071de7132a25d6c,True,,,1,0,9554.185476,9980.697356,6,8252,4,32
20260726_formal4t4_reuse_intensive_StaticSemantic@rho1.2_rep1,1,StaticSemantic@rho1.2,StaticSemantic,63,reuse_intensive:rep1:req63,reuse_intensive,1,67,0,L0067,8192,0,,False,1789727774.8875544,0,0,0,,False,False,False,False,0,0.0,0,0,32.0,False,cache_miss,False,False,0,0.0,62d8854695a3a68921a8ca63c3ab634e6515484b29209d1f02430887c3d0608a,True,,,1,0,10302.873268,10757.960146,6,8252,4,32
20260726_formal4t4_reuse_intensive_StaticSemantic@rho1.2_rep1,1,StaticSemantic@rho1.2,StaticSemantic,64,reuse_intensive:rep1:req64,reuse_intensive,1,66,0,L0066,8192,1,,False,1789727786.2294383,0,0,0,,False,False,False,False,0,0.0,0,0,32.0,False,cache_miss,False,False,0,0.0,5198956f2e9bd5a15cdcc9ae9d3e1095c6ec90e286b72cc7491bc3f12af1bc8b,True,,,1,0,8844.499051,9223.264379,6,8252,4,32
20260726_formal4t4_reuse_intensive_StaticSemantic@rho1.2_rep1,1,StaticSemantic@rho1.2,StaticSemantic,65,reuse_intensive:rep1:req65,reuse_intensive,1,64,0,L0064,8192,0,,False,1789727786.2294748,0,0,0,,False,False,False,False,0,0.0,0,0,32.0,False,cache_miss,False,False,0,0.0,6dcf04716ed3a6ae1366795c69dff64ca656e6706060819d38a00e5fc4bda6a0,True,,,1,0,10055.592063,10477.917429,6,8252,4,32
20260726_formal4t4_reuse_intensive_StaticSemantic@rho1.2_rep1,1,StaticSemantic@rho1.2,StaticSemantic,66,reuse_intensive:rep1:req66,reuse_intensive,1,67,1,L0067,8192,3,,False,1789727786.2294993,8192,0,0,312.55343770980835,True,True,False,False,0,0.0,0,0,32.0,False,cache_miss,False,False,0,0.0,809f5588522785c2558247812f0b2b1333c509573d11a05071242a9dc12ab73a,True,,,1,0,9548.830822,9946.990423,6,8252,4,32
20260726_formal4t4_reuse_intensive_StaticSemantic@rho1.2_rep1,1,StaticSemantic@rho1.2,StaticSemantic,67,reuse_intensive:rep1:req67,reuse_intensive,1,97,0,L0097,8192,2,,False,1789727786.2295241,0,0,0,,False,False,False,False,0,0.0,0,0,32.0,False,cache_miss,False,False,0,0.0,eb5f1c79f0cfe0a3d7a10e052541b7ff5b05668aa6ac89e98f368b0de3127437,True,,,1,0,9770.666497,10205.701339,6,8252,4,32
20260726_formal4t4_reuse_intensive_StaticSemantic@rho1.2_rep1,1,StaticSemantic@rho1.2,StaticSemantic,68,reuse_intensive:rep1:req68,reuse_intensive,1,125,0,L0125,8192,1,,False,1789727796.7121139,0,0,0,,False,False,False,False,0,0.0,0,0,16.0,False,cache_miss,False,False,0,0.0,465bcf245119c16df5ef49ba07fe18eb75ffa4d917c7ba82e7962e669cc948c1,True,,,1,0,10425.499375,10863.748434,6,8252,4,16
20260726_formal4t4_reuse_intensive_StaticSemantic@rho1.2_rep1,1,StaticSemantic@rho1.2,StaticSemantic,69,reuse_intensive:rep1:req69,reuse_intensive,1,69,0,L0069,8192,2,,False,1789727796.712151,0,0,0,,False,False,False,False,0,0.0,0,0,32.0,False,cache_miss,False,False,0,0.0,7c394523df90b619d7b617d1416fca2a0217bfc530f9e2084507a511db28f9e6,True,,,1,0,9136.298775,9550.853844,6,8252,4,32
20260726_formal4t4_reuse_intensive_StaticSemantic@rho1.2_rep1,1,StaticSemantic@rho1.2,StaticSemantic,70,reuse_intensive:rep1:req70,reuse_intensive,1,90,0,L0090,8192,3,,False,1789727796.7121894,0,0,0,,False,False,False,False,0,0.0,0,0,32.0,False,cache_miss,False,False,0,0.0,2e6a92b4e8667c3df8e1c6eef837faba3b994a4cc28e63401ffb7730aba6999b,True,,,1,0,10330.887184,10748.064071,6,8252,4,32
20260726_formal4t4_reuse_intensive_StaticSemantic@rho1.2_rep1,1,StaticSemantic@rho1.2,StaticSemantic,71,reuse_intensive:rep1:req71,reuse_intensive,1,64,1,L0064,8192,0,,False,1789727796.71221,8192,0,0,323.03614830970764,True,True,False,False,0,0.0,0,0,8224.0,False,cache_reused,False,False,0,0.0,dc2406eeaa382c44a56fb8605b75746f1914e9e83911cfb4f2ebc1bcbcd96f0b,True,,,1,0,192.163085,619.161113,6,8252,4,8224
20260726_formal4t4_reuse_intensive_StaticSemantic@rho1.2_rep1,1,StaticSemantic@rho1.2,StaticSemantic,72,reuse_intensive:rep1:req72,reuse_intensive,1,109,0,L0109,8192,1,,False,1789727807.5790498,0,0,0,,False,False,False,False,0,0.0,0,0,32.0,False,cache_miss,False,False,0,0.0,fab36e63126147582bda34f0433a05153451f0435074fad7c0406c14de12ad70,True,,,1,0,9500.863612,9912.860758,6,8252,4,32
20260726_formal4t4_reuse_intensive_StaticSemantic@rho1.2_rep1,1,StaticSemantic@rho1.2,StaticSemantic,73,reuse_intensive:rep1:req73,reuse_intensive,1,64,2,L0064,8192,3,,False,1789727807.5790887,8192,0,0,333.9030270576477,True,True,False,False,0,0.0,0,0,32.0,False,cache_miss,False,False,0,0.0,3d289f61f2fe2eba3b7d966e8cb77432b2a120c06c49079ad3e0a82901c12e5e,True,,,1,0,9277.736446,9675.384468,6,8252,4,32
20260726_formal4t4_reuse_intensive_StaticSemantic@rho1.2_rep1,1,StaticSemantic@rho1.2,StaticSemantic,74,reuse_intensive:rep1:req74,reuse_intensive,1,74,0,L0074,8192,2,,False,1789727807.579117,0,0,0,,False,False,False,False,0,0.0,0,0,32.0,False,cache_miss,False,False,0,0.0,19236f55c8191a3f92bcd0bb9a48b6082612fbcbecb04f0108ab10d13cac7cea,True,,,1,0,8529.72837,8910.617966,6,8252,4,32
20260726_formal4t4_reuse_intensive_StaticSemantic@rho1.2_rep1,1,StaticSemantic@rho1.2,StaticSemantic,75,reuse_intensive:rep1:req75,reuse_intensive,1,75,0,L0075,8192,0,,False,1789727807.5791388,0,0,0,,False,False,False,False,0,0.0,0,0,32.0,False,cache_miss,False,False,0,0.0,59ff426e682ccdac52b02ae75e8c087d56c397cc983288a7a394c249c5b839ec,True,,,1,0,9730.846776,10157.325928,6,8252,4,32
20260726_formal4t4_reuse_intensive_StaticSemantic@rho1.2_rep1,1,StaticSemantic@rho1.2,StaticSemantic,76,reuse_intensive:rep1:req76,reuse_intensive,1,122,0,L0122,8192,1,,False,1789727817.7415488,0,0,0,,False,False,False,False,0,0.0,0,0,32.0,False,cache_miss,False,False,0,0.0,d82b2e7dfb6ec2657a8abf2f2e31c98e06184a7a54926b646f30b145ea72e806,True,,,1,0,9654.414168,10077.490357,6,8252,4,32
20260726_formal4t4_reuse_intensive_StaticSemantic@rho1.2_rep1,1,StaticSemantic@rho1.2,StaticSemantic,77,reuse_intensive:rep1:req77,reuse_intensive,1,64,0,L0064,8192,0,,False,1789727817.741566,8192,0,0,344.06550431251526,True,True,False,False,0,0.0,0,0,8224.0,False,cache_reused,False,False,0,0.0,9601aada4782c74362cbb48446d7c6369b5a5360cccc36830c195967be1caa60,True,,,1,0,192.859027,616.922134,6,8252,4,8224
20260726_formal4t4_reuse_intensive_StaticSemantic@rho1.2_rep1,1,StaticSemantic@rho1.2,StaticSemantic,78,reuse_intensive:rep1:req78,reuse_intensive,1,103,0,L0103,8192,3,,False,1789727817.7415786,0,0,0,,False,False,False,False,0,0.0,0,0,16.0,False,cache_miss,False,False,0,0.0,23588ca7b0cf20ea7867c46a298bd24c7aa94edc2ad16c0498334080fb1153a0,True,,,1,0,10859.700366,11299.556545,6,8252,4,16
20260726_formal4t4_reuse_intensive_StaticSemantic@rho1.2_rep1,1,StaticSemantic@rho1.2,StaticSemantic,79,reuse_intensive:rep1:req79,reuse_intensive,1,98,0,L0098,8192,2,,False,1789727817.741588,0,0,0,,False,False,False,False,0,0.0,0,0,32.0,False,cache_miss,False,False,0,0.0,c0f67110bb589395375e802d634e98d22de27ee3ed51f75afe148ed2f8f7e611,True,,,1,0,8709.703757,9090.706708,6,8252,4,32
20260726_formal4t4_reuse_intensive_StaticSemantic@rho1.2_rep1,1,StaticSemantic@rho1.2,StaticSemantic,80,reuse_intensive:rep1:req80,reuse_intensive,1,69,1,L0069,8192,1,,False,1789727829.045352,8192,0,0,355.3692903518677,True,True,False,False,0,0.0,0,0,32.0,False,cache_miss,False,False,0,0.0,141b3b6d49ed46d98e096db5ea84e2f273458584d35a716a94983751b1f0de8e,True,,,1,0,9609.857021,10033.134085,6,8252,4,32
20260726_formal4t4_reuse_intensive_StaticSemantic@rho1.2_rep1,1,StaticSemantic@rho1.2,StaticSemantic,81,reuse_intensive:rep1:req81,reuse_intensive,1,120,0,L0120,8192,2,,False,1789727829.0453918,0,0,0,,False,False,False,False,0,0.0,0,0,16.0,False,cache_miss,False,False,0,0.0,c4e204102051d00d5de983bfb8c13dd638ceaba722501fb2527390ce6abd4dce,True,,,1,0,9691.364495,10106.526522,6,8252,4,16
20260726_formal4t4_reuse_intensive_StaticSemantic@rho1.2_rep1,1,StaticSemantic@rho1.2,StaticSemantic,82,reuse_intensive:rep1:req82,reuse_intensive,1,74,1,L0074,8192,3,,False,1789727829.045418,8192,0,0,355.3693563938141,True,True,False,False,0,0.0,0,0,32.0,False,cache_miss,False,False,0,0.0,040cdc25c27ff248f2593a21fd30c0487a224b9986d5ec8eebfd80a8a09a8eb3,True,,,1,0,9128.783252,9526.337068,6,8252,4,32
20260726_formal4t4_reuse_intensive_StaticSemantic@rho1.2_rep1,1,StaticSemantic@rho1.2,StaticSemantic,83,reuse_intensive:rep1:req83,reuse_intensive,1,65,1,L0065,8192,0,,False,1789727829.045441,8192,0,0,355.3693792819977,True,True,False,False,0,0.0,0,0,32.0,False,cache_miss,False,False,0,0.0,9d71b7bcbba3081adc62514d094f89725a9e3c37026cbcf03ea33628212ded38,True,,,1,0,9857.696894,10306.844311,6,8252,4,32
20260726_formal4t4_reuse_intensive_StaticSemantic@rho1.2_rep1,1,StaticSemantic@rho1.2,StaticSemantic,84,reuse_intensive:rep1:req84,reuse_intensive,1,95,0,L0095,8192,1,,False,1789727839.3590956,0,0,0,,False,False,False,False,0,0.0,0,0,32.0,False,cache_miss,False,False,0,0.0,859a3fdde036136e78abc72dbbb25080f2a915dea98923a446a132117f012dcb,True,,,1,0,9218.648168,9633.958758,6,8252,4,32
20260726_formal4t4_reuse_intensive_StaticSemantic@rho1.2_rep1,1,StaticSemantic@rho1.2,StaticSemantic,85,reuse_intensive:rep1:req85,reuse_intensive,1,70,0,L0070,8192,3,,False,1789727839.359132,0,0,0,,False,False,False,False,0,0.0,0,0,32.0,False,cache_miss,False,False,0,0.0,a1ce609853f5b7fd7b6e7122e0b11075f11b93e7fc0c35853b741f836f8532f8,True,,,1,0,9868.856071,10280.163889,6,8252,4,32
20260726_formal4t4_reuse_intensive_StaticSemantic@rho1.2_rep1,1,StaticSemantic@rho1.2,StaticSemantic,86,reuse_intensive:rep1:req86,reuse_intensive,1,71,0,L0071,8192,2,,False,1789727839.3591752,0,0,0,,False,False,False,False,0,0.0,0,0,32.0,False,cache_miss,False,False,0,0.0,cdfe1b8c18a658b4d846962790c53e5f5a91cc10f370fe2ad045211107774744,True,,,1,0,8733.303211,9143.836045,6,8252,4,32
20260726_formal4t4_reuse_intensive_StaticSemantic@rho1.2_rep1,1,StaticSemantic@rho1.2,StaticSemantic,87,reuse_intensive:rep1:req87,reuse_intensive,1,79,1,L0079,8192,0,,False,1789727839.3591964,8192,0,0,365.68313479423523,True,True,False,False,0,0.0,0,0,32.0,False,cache_miss,False,False,0,0.0,8d9d26146db7a23a617db89f5bb708d533328b4d37cc64a2547de276e9f18ff6,True,,,1,0,8932.863607,9348.96571,6,8252,4,32
20260726_formal4t4_reuse_intensive_StaticSemantic@rho1.2_rep1,1,StaticSemantic@rho1.2,StaticSemantic,88,reuse_intensive:rep1:req88,reuse_intensive,1,71,1,L0071,8192,1,,False,1789727849.643828,8192,0,0,375.9677662849426,True,True,False,False,0,0.0,0,0,32.0,False,cache_miss,False,False,0,0.0,cddd9824bbc3da3de48c07bf474f1850749acbcbdd59164bc5cee5127d88f9d8,True,,,1,0,8621.353229,9025.612851,6,8252,4,32
20260726_formal4t4_reuse_intensive_StaticSemantic@rho1.2_rep1,1,StaticSemantic@rho1.2,StaticSemantic,89,reuse_intensive:rep1:req89,reuse_intensive,1,68,0,L0068,8192,0,,False,1789727849.6438677,0,0,0,,False,False,False,False,0,0.0,0,0,32.0,False,cache_miss,False,False,0,0.0,5c5a6380038b4deb233b953b3d15eb20030542e6ed2da931719dad516f122b95,True,,,1,0,9403.735462,9870.446154,6,8252,4,32
20260726_formal4t4_reuse_intensive_StaticSemantic@rho1.2_rep1,1,StaticSemantic@rho1.2,StaticSemantic,90,reuse_intensive:rep1:req90,reuse_intensive,1,65,2,L0065,8192,3,,False,1789727849.6438925,8192,0,0,375.96783089637756,True,True,False,False,0,0.0,0,0,8224.0,False,cache_reused,False,False,0,0.0,7995bb02969f21a5883484e9209b605f131c45bda322bb32db875f01cf84e0ca,True,,,1,0,215.349584,666.946873,6,8252,4,8224
20260726_formal4t4_reuse_intensive_StaticSemantic@rho1.2_rep1,1,StaticSemantic@rho1.2,StaticSemantic,91,reuse_intensive:rep1:req91,reuse_intensive,1,105,0,L0105,8192,2,,False,1789727849.6439166,0,0,0,,False,False,False,False,0,0.0,0,0,32.0,False,cache_miss,False,False,0,0.0,0ce18f6a4a570f93d5af89ba78add17c2dc49ae3e1362c0a0906eb3db97ebd88,True,,,1,0,9997.896883,10458.055471,6,8252,4,32
20260726_formal4t4_reuse_intensive_StaticSemantic@rho1.2_rep1,1,StaticSemantic@rho1.2,StaticSemantic,92,reuse_intensive:rep1:req92,reuse_intensive,1,72,0,L0072,8192,1,,False,1789727860.1874833,0,0,0,,False,False,False,False,0,0.0,0,0,32.0,False,cache_miss,False,False,0,0.0,29356529f0b05e245ac0d3ec0ef30d79500473e63417faec9f08cc8c8923935b,True,,,1,0,9181.982542,9592.660976,6,8252,4,32
20260726_formal4t4_reuse_intensive_StaticSemantic@rho1.2_rep1,1,StaticSemantic@rho1.2,StaticSemantic,93,reuse_intensive:rep1:req93,reuse_intensive,1,64,1,L0064,8192,2,,False,1789727860.1875057,8192,0,0,386.5114440917969,True,True,False,False,0,0.0,0,0,32.0,False,cache_miss,False,False,0,0.0,3cfe672a31e62bc5935c7af8cc5fa6167c945e624f346ef635540f7f2a090b7b,True,,,1,0,8559.794863,8953.216207,6,8252,4,32
20260726_formal4t4_reuse_intensive_StaticSemantic@rho1.2_rep1,1,StaticSemantic@rho1.2,StaticSemantic,94,reuse_intensive:rep1:req94,reuse_intensive,1,78,0,L0078,8192,3,,False,1789727860.18752,0,0,0,,False,False,False,False,0,0.0,0,0,32.0,False,cache_miss,False,False,0,0.0,880da6e56173c77a0995c12ae8b9245e1212d0b4490bd7b29e344accff193a18,True,,,1,0,9776.327856,10199.562243,6,8252,4,32
20260726_formal4t4_reuse_intensive_StaticSemantic@rho1.2_rep1,1,StaticSemantic@rho1.2,StaticSemantic,95,reuse_intensive:rep1:req95,reuse_intensive,1,64,2,L0064,8192,0,,False,1789727860.18753,8192,0,0,386.51146841049194,True,True,False,False,0,0.0,0,0,8224.0,False,cache_reused,False,False,0,0.0,67e8fa8e764142e317edd22029fb845fd894cadbaac38e49bdd4243028550cbc,True,,,1,0,192.982086,620.593695,6,8252,4,8224
20260726_formal4t4_reuse_intensive_StaticSemantic@rho1.2_rep1,1,StaticSemantic@rho1.2,StaticSemantic,96,reuse_intensive:rep1:req96,reuse_intensive,1,64,0,L0064,8192,1,,False,1789727870.3915296,8192,0,0,396.7154679298401,True,True,False,False,0,0.0,0,0,32.0,False,cache_miss,False,False,0,0.0,6b5e0f705d06613e3956ac85efc11e39737365f39ec4978ea3f021cd76c8f189,True,,,1,0,8879.326531,9292.526756,6,8252,4,32
20260726_formal4t4_reuse_intensive_StaticSemantic@rho1.2_rep1,1,StaticSemantic@rho1.2,StaticSemantic,97,reuse_intensive:rep1:req97,reuse_intensive,1,87,1,L0087,8192,3,,False,1789727870.3915696,8192,0,0,396.7155079841614,True,True,False,False,0,0.0,0,0,32.0,False,cache_miss,False,False,0,0.0,abc21ad77d91f2eaff37ccdfd111f0905f6be37c998c2887c2da6396c870dcfd,True,,,1,0,9656.556624,10087.478215,6,8252,4,32
20260726_formal4t4_reuse_intensive_StaticSemantic@rho1.2_rep1,1,StaticSemantic@rho1.2,StaticSemantic,98,reuse_intensive:rep1:req98,reuse_intensive,1,64,1,L0064,8192,2,,False,1789727870.391597,8192,0,0,396.715535402298,True,True,False,False,0,0.0,0,0,8224.0,False,cache_reused,False,False,0,0.0,d3a3c6edca04de3a855ba85307b72c721720a2a124cb73e5d2bc1dc300538bdd,True,,,1,0,198.863254,590.856261,6,8252,4,8224
20260726_formal4t4_reuse_intensive_StaticSemantic@rho1.2_rep1,1,StaticSemantic@rho1.2,StaticSemantic,99,reuse_intensive:rep1:req99,reuse_intensive,1,67,2,L0067,8192,0,,False,1789727870.39162,8192,0,0,396.71555829048157,True,True,False,False,0,0.0,0,0,8224.0,False,cache_reused,False,False,0,0.0,ab632d264223c95acd6b877ff408b115f5479f0d1d2b72b91b9b06e41aea629b,True,,,1,0,360.388434,839.137288,6,8252,4,8224
20260726_formal4t4_reuse_intensive_StaticSemantic@rho1.2_rep1,1,StaticSemantic@rho1.2,StaticSemantic,100,reuse_intensive:rep1:req100,reuse_intensive,1,64,2,L0064,8192,1,,False,1789727880.483511,8192,0,0,406.8074493408203,True,True,False,False,0,0.0,0,0,8224.0,False,cache_reused,False,False,0,0.0,65dbc9812fb7f487f5be296519fb5a6bac19908e8da47c4ee077873caa25c0ee,True,,,1,0,216.504451,629.811482,6,8253,4,8224
20260726_formal4t4_reuse_intensive_StaticSemantic@rho1.2_rep1,1,StaticSemantic@rho1.2,StaticSemantic,101,reuse_intensive:rep1:req101,reuse_intensive,1,68,1,L0068,8192,0,,False,1789727880.483551,8192,0,0,406.8074893951416,True,True,False,False,0,0.0,0,0,8224.0,False,cache_reused,False,False,0,0.0,6d3dc588aa9f637b56874bc241020a381a4aa350cf4deed3a05e99dcf06b25ec,True,,,1,0,398.956058,875.931391,6,8253,4,8224
20260726_formal4t4_reuse_intensive_StaticSemantic@rho1.2_rep1,1,StaticSemantic@rho1.2,StaticSemantic,102,reuse_intensive:rep1:req102,reuse_intensive,1,67,0,L0067,8192,3,,False,1789727880.4835768,8192,0,0,406.80751514434814,True,True,False,False,0,0.0,0,0,8224.0,False,cache_reused,False,False,0,0.0,26d5680cbf4892ed49a5b0c38d64774caede06077b33a242330829f441ddb92f,True,,,1,0,210.199737,606.615738,6,8253,4,8224
20260726_formal4t4_reuse_intensive_StaticSemantic@rho1.2_rep1,1,StaticSemantic@rho1.2,StaticSemantic,103,reuse_intensive:rep1:req103,reuse_intensive,1,72,1,L0072,8192,2,,False,1789727880.4836,8192,0,0,406.8075382709503,True,True,False,False,0,0.0,0,0,32.0,False,cache_miss,False,False,0,0.0,2869667ee3bac4e1ae9db04445160296c2f803f21e5694c105090bddfbe43728,True,,,1,0,9543.949801,9972.947231,6,8253,4,32
20260726_formal4t4_reuse_intensive_StaticSemantic@rho1.2_rep1,1,StaticSemantic@rho1.2,StaticSemantic,104,reuse_intensive:rep1:req104,reuse_intensive,1,68,2,L0068,8192,1,,False,1789727890.4633522,8192,0,0,416.7872905731201,True,True,False,False,0,0.0,0,0,32.0,False,cache_miss,False,False,0,0.0,3301a0029af94d474719f4e796f7917424770ec2f0e77dd83afa7a02cb848f95,True,,,1,0,9114.761634,9528.148896,6,8253,4,32
20260726_formal4t4_reuse_intensive_StaticSemantic@rho1.2_rep1,1,StaticSemantic@rho1.2,StaticSemantic,105,reuse_intensive:rep1:req105,reuse_intensive,1,64,0,L0064,8192,2,,False,1789727890.4633908,8192,0,0,416.78732919692993,True,True,False,False,0,0.0,0,0,8224.0,False,cache_reused,False,False,0,0.0,a8da241903b141c435e7aa2d983f3f77fec04e9c47343c7dd9e08e0d63c799aa,True,,,1,0,212.182384,602.647648,6,8253,4,8224
20260726_formal4t4_reuse_intensive_StaticSemantic@rho1.2_rep1,1,StaticSemantic@rho1.2,StaticSemantic,106,reuse_intensive:rep1:req106,reuse_intensive,1,83,0,L0083,8192,3,,False,1789727890.463418,0,0,0,,False,False,False,False,0,0.0,0,0,32.0,False,cache_miss,False,False,0,0.0,d7bf6be7cdd83a271a9940f79b13320d671590adb680368df3c069051bc60040,True,,,1,0,9474.542061,9892.797901,6,8253,4,32
20260726_formal4t4_reuse_intensive_StaticSemantic@rho1.2_rep1,1,StaticSemantic@rho1.2,StaticSemantic,107,reuse_intensive:rep1:req107,reuse_intensive,1,68,0,L0068,8192,0,,False,1789727890.4634414,8192,0,0,416.7873797416687,True,True,False,False,0,0.0,0,0,8224.0,False,cache_reused,False,False,0,0.0,3f3406a754605d692925fd6479a4d50a34e800db3e3a849a05e3f0ccb01ae326,True,,,1,0,387.917342,856.814137,6,8253,4,8224
20260726_formal4t4_reuse_intensive_StaticSemantic@rho1.2_rep1,1,StaticSemantic@rho1.2,StaticSemantic,108,reuse_intensive:rep1:req108,reuse_intensive,1,64,1,L0064,8192,1,,False,1789727900.3619747,8192,0,0,426.6859130859375,True,True,False,False,0,0.0,0,0,8224.0,False,cache_reused,False,False,0,0.0,e286c9104bdbca8b49f6ff15797173d0f468d042610aa8b687166ea303914357,True,,,1,0,216.158332,627.78939,6,8253,4,8224
20260726_formal4t4_reuse_intensive_StaticSemantic@rho1.2_rep1,1,StaticSemantic@rho1.2,StaticSemantic,109,reuse_intensive:rep1:req109,reuse_intensive,1,65,0,L0065,8192,3,,False,1789727900.3620157,8192,0,0,426.6859540939331,True,True,False,False,0,0.0,0,0,8224.0,False,cache_reused,False,False,0,0.0,fbe2fe6567300d70bdc9b45f3b42bda9d1d95dbd84c493c908fc4b9fe23f658f,True,,,1,0,227.778006,678.348543,6,8253,4,8224
20260726_formal4t4_reuse_intensive_StaticSemantic@rho1.2_rep1,1,StaticSemantic@rho1.2,StaticSemantic,110,reuse_intensive:rep1:req110,reuse_intensive,1,70,1,L0070,8192,2,,False,1789727900.3620427,8192,0,0,426.68598103523254,True,True,False,False,0,0.0,0,0,32.0,False,cache_miss,False,False,0,0.0,ad4d52e2d010eb84bf0feea66bda453e68de991918c0f998740fc74edd1615a1,True,,,1,0,9381.391318,9823.712559,6,8253,4,32
20260726_formal4t4_reuse_intensive_StaticSemantic@rho1.2_rep1,1,StaticSemantic@rho1.2,StaticSemantic,111,reuse_intensive:rep1:req111,reuse_intensive,1,77,0,L0077,8192,0,,False,1789727900.3620648,0,0,0,,False,False,False,False,0,0.0,0,0,32.0,False,cache_miss,False,False,0,0.0,8060b1e8ad6a43e025d2cc0bf258142335ae871d0ca7c34dbf8e216089eb115c,True,,,1,0,8346.579691,8764.830374,6,8253,4,32
20260726_formal4t4_reuse_intensive_StaticSemantic@rho1.2_rep1,1,StaticSemantic@rho1.2,StaticSemantic,112,reuse_intensive:rep1:req112,reuse_intensive,1,93,0,L0093,8192,1,,False,1789727910.191384,0,0,0,,False,False,False,False,0,0.0,0,0,32.0,False,cache_miss,False,False,0,0.0,fd2504da4c3f33ae25bd66e6e0752e40f00222a982c52a43d7cfdb0663c9cd23,True,,,1,0,9396.227124,9810.375506,6,8253,4,32
20260726_formal4t4_reuse_intensive_StaticSemantic@rho1.2_rep1,1,StaticSemantic@rho1.2,StaticSemantic,113,reuse_intensive:rep1:req113,reuse_intensive,1,64,2,L0064,8192,0,,False,1789727910.1914198,8192,0,0,436.51535820961,True,True,False,False,0,0.0,0,0,8224.0,False,cache_reused,False,False,0,0.0,cb4e9b6d849af3af338a66cfe7b5993c5e69e8640697f2abe4afc0e0dc39ea54,True,,,1,0,211.660759,637.521717,6,8253,4,8224
20260726_formal4t4_reuse_intensive_StaticSemantic@rho1.2_rep1,1,StaticSemantic@rho1.2,StaticSemantic,114,reuse_intensive:rep1:req114,reuse_intensive,1,65,1,L0065,8192,3,,False,1789727910.191449,8192,0,0,436.51538729667664,True,True,False,False,0,0.0,0,0,8224.0,False,cache_reused,False,False,0,0.0,2b8bdc5e1a2fda50cfa9b7225305dd9c649390b86e3bfae7281c5b672facde5e,True,,,1,0,397.105631,849.757742,6,8253,4,8224
20260726_formal4t4_reuse_intensive_StaticSemantic@rho1.2_rep1,1,StaticSemantic@rho1.2,StaticSemantic,115,reuse_intensive:rep1:req115,reuse_intensive,1,66,1,L0066,8192,2,,False,1789727910.1914723,8192,0,0,436.5154106616974,True,True,False,False,0,0.0,0,0,32.0,False,cache_miss,False,False,0,0.0,2ddeee8bd6873f3238e6e69fc8f7fe268793e97e2d7970c1a43dc5da6c59ebf6,True,,,1,0,9832.824284,10267.022349,6,8253,4,32
20260726_formal4t4_reuse_intensive_StaticSemantic@rho1.2_rep1,1,StaticSemantic@rho1.2,StaticSemantic,116,reuse_intensive:rep1:req116,reuse_intensive,1,85,0,L0085,8192,1,,False,1789727920.4654508,0,0,0,,False,False,False,False,0,0.0,0,0,32.0,False,cache_miss,False,False,0,0.0,e2e99ae60df5318ed524ea6e046c8c78bb6bade7965d93ecca8df17a54d34f3c,True,,,1,0,8913.694203,9326.098655,6,8253,4,32
20260726_formal4t4_reuse_intensive_StaticSemantic@rho1.2_rep1,1,StaticSemantic@rho1.2,StaticSemantic,117,reuse_intensive:rep1:req117,reuse_intensive,1,120,1,L0120,8192,2,,False,1789727920.4654863,8192,0,0,446.78942465782166,True,True,False,False,0,0.0,0,0,8224.0,False,cache_reused,False,False,0,0.0,6a48b2d3f967d8aed6da47ac1496e2a959828339b764f52ebad84db7580b008a,True,,,1,0,216.534763,631.770012,6,8253,4,8224
20260726_formal4t4_reuse_intensive_StaticSemantic@rho1.2_rep1,1,StaticSemantic@rho1.2,StaticSemantic,118,reuse_intensive:rep1:req118,reuse_intensive,1,69,2,L0069,8192,3,,False,1789727920.4655147,8192,0,0,446.78945302963257,True,True,False,False,0,0.0,0,0,32.0,False,cache_miss,False,False,0,0.0,b77ed86d4c5269d077126a0117161a5a793f987a65d753cb3b14a5ef017ef919,True,,,1,0,9071.454202,9483.906764,6,8253,4,32
20260726_formal4t4_reuse_intensive_StaticSemantic@rho1.2_rep1,1,StaticSemantic@rho1.2,StaticSemantic,119,reuse_intensive:rep1:req119,reuse_intensive,1,68,1,L0068,8192,0,,False,1789727920.4655378,8192,0,0,446.78947615623474,True,True,False,False,0,0.0,0,0,8224.0,False,cache_reused,False,False,0,0.0,f185efab635ffa8406b20ba28f23d2c5982c0653efad819354000dae5b640330,True,,,1,0,386.8152,861.633136,6,8253,4,8224
20260726_formal4t4_reuse_intensive_RateFIFO@rho1.2_rep2,2,RateFIFO@rho1.2,RateFIFO,24,reuse_intensive:rep2:req24,reuse_intensive,0,4,0,L0004,8192,0,0,True,1789728115.1866097,8192,8192,8192,127.33616518974304,False,False,True,False,8192,163.84,1,1,5264.0,True,cache_reused,False,False,0,2928.0,0a52ca127c5c854d75a2ebf29ead6a12aa952dddb6ad216d64081071141dd65c,True,,,1,0,7690.945842,8922.977639,6,8252,4,5264
20260726_formal4t4_reuse_intensive_RateFIFO@rho1.2_rep2,2,RateFIFO@rho1.2,RateFIFO,25,reuse_intensive:rep2:req25,reuse_intensive,0,2,1,L0002,8192,0,0,True,1789728115.18666,8192,8192,8192,22.295977354049683,False,False,False,False,8192,161.84,1,1,8224.0,True,cache_reused,False,False,0,0.0,ff048c031ae82d515ffe1888f73d320c710de46633bd29a231972a02badab508,True,,,1,0,7689.554446,8921.597697,6,8252,4,8224
20260726_formal4t4_reuse_intensive_RateFIFO@rho1.2_rep2,2,RateFIFO@rho1.2,RateFIFO,26,reuse_intensive:rep2:req26,reuse_intensive,0,2,2,L0002,8192,0,0,True,1789728115.1866934,8192,8192,8192,22.296010732650757,False,False,False,False,8192,159.84,1,1,8224.0,True,cache_reused,False,False,0,0.0,8ada2abf3f88c43eb4e903dcf5fb9b7ff1bbc1dd47820be6d1a0a85a23e84fee,True,,,1,0,7688.258661,8920.244427,6,8252,4,8224
20260726_formal4t4_reuse_intensive_RateFIFO@rho1.2_rep2,2,RateFIFO@rho1.2,RateFIFO,27,reuse_intensive:rep2:req27,reuse_intensive,0,0,1,L0000,8192,0,0,True,1789728115.1867204,8192,8192,8192,169.2957305908203,False,False,False,False,8192,157.84,1,1,8224.0,True,cache_reused,False,False,0,0.0,291a0bee3b392ff5a3c4ef5d73d5bc327d5a1314600dc2c95bfc38e035434082,True,,,1,0,7687.281206,8919.425731,6,8252,4,8224
20260726_formal4t4_reuse_intensive_RateFIFO@rho1.2_rep2,2,RateFIFO@rho1.2,RateFIFO,28,reuse_intensive:rep2:req28,reuse_intensive,0,12,0,L0012,8192,0,0,True,1789728124.1128945,8192,8192,8192,61.38846707344055,False,False,False,False,8192,163.84,1,1,8224.0,True,cache_reused,False,False,0,0.0,cf2387411ac3674443b588e1e31b16cef452a78058363c08d3de344a7e6fbb77,True,,,1,0,259.941911,1176.440796,6,8252,4,8224
20260726_formal4t4_reuse_intensive_RateFIFO@rho1.2_rep2,2,RateFIFO@rho1.2,RateFIFO,29,reuse_intensive:rep2:req29,reuse_intensive,0,3,0,L0003,8192,0,0,True,1789728124.112942,8192,8192,8192,147.30118203163147,False,False,False,False,8192,161.84,1,1,8224.0,True,cache_reused,False,False,0,0.0,069741a8781cbe24dcf782f941bb1ca35a6980b61037d4aabb12572361fbe9d7,True,,,1,0,566.572943,1322.622404,6,8252,4,8224
20260726_formal4t4_reuse_intensive_RateFIFO@rho1.2_rep2,2,RateFIFO@rho1.2,RateFIFO,30,reuse_intensive:rep2:req30,reuse_intensive,0,41,0,L0041,8192,2,,False,1789728124.112969,0,0,0,,False,False,False,False,0,0.0,0,0,32.0,False,cache_miss,False,False,0,0.0,35f9344ddd78c2be78db576f19acde4661e2bbd57dab4c04c75936faa95eef7d,True,,,1,0,9927.05914,10357.924566,6,8252,4,32
20260726_formal4t4_reuse_intensive_RateFIFO@rho1.2_rep2,2,RateFIFO@rho1.2,RateFIFO,31,reuse_intensive:rep2:req31,reuse_intensive,0,18,0,L0018,8192,1,,False,1789728124.112993,0,0,0,,False,False,False,False,0,0.0,0,0,32.0,False,cache_miss,False,False,0,0.0,b15a5238cdb23217311d4f84cd5e1dd93871d91c7af0565b3c8ebca6b5ff0dac,True,,,1,0,9697.155071,10124.533073,6,8252,4,32
20260726_formal4t4_reuse_intensive_RateFIFO@rho1.2_rep2,2,RateFIFO@rho1.2,RateFIFO,32,reuse_intensive:rep2:req32,reuse_intensive,0,0,2,L0000,8192,0,0,True,1789728134.4762902,8192,8192,8192,188.58530044555664,False,False,False,False,8192,163.84,1,1,8224.0,True,cache_reused,False,False,0,0.0,6ed594783323ab9b5fdd5b5dfbed52aec839d8f6d3687c3c683158e239c59eed,True,,,1,0,380.672849,11568.135629,6,8252,4,8224
20260726_formal4t4_reuse_intensive_RateFIFO@rho1.2_rep2,2,RateFIFO@rho1.2,RateFIFO,33,reuse_intensive:rep2:req33,reuse_intensive,0,7,0,L0007,8192,0,0,True,1789728134.476338,8192,8192,8192,115.79821848869324,False,False,False,False,8192,161.84,1,1,8224.0,True,cache_reused,False,False,0,0.0,1a0dbe435def78844a2f24d84830307e5fc10a48c75f933ba02dd3f40179849f,True,,,1,0,6425.983033,11976.537805,6,8252,4,8224
20260726_formal4t4_reuse_intensive_RateFIFO@rho1.2_rep2,2,RateFIFO@rho1.2,RateFIFO,34,reuse_intensive:rep2:req34,reuse_intensive,0,0,0,L0000,8192,0,0,True,1789728134.4763696,8192,8192,8192,188.58537983894348,False,False,False,False,8192,159.84,1,1,8224.0,True,cache_reused,False,False,0,0.0,5d1bd07de8e84514ee2b8e6f25c345d98f39bcf56a091d01bd08537dbd14dfae,True,,,1,0,6425.039082,11975.648383,6,8252,4,8224
20260726_formal4t4_reuse_intensive_RateFIFO@rho1.2_rep2,2,RateFIFO@rho1.2,RateFIFO,35,reuse_intensive:rep2:req35,reuse_intensive,0,5,0,L0005,8192,0,0,True,1789728134.4763954,8192,8192,8192,136.50754928588867,False,False,True,False,8192,157.84,1,1,5008.0,True,cache_reused,False,False,0,3184.0,9dc2f9483a909aa4729d8645578707397948266f31756cb1742e7e8ef5bfcc34,True,,,1,0,11153.143805,12126.625593,6,8252,4,5008
20260726_formal4t4_reuse_intensive_RateFIFO@rho1.2_rep2,2,RateFIFO@rho1.2,RateFIFO,36,reuse_intensive:rep2:req36,reuse_intensive,0,6,0,L0006,8192,0,0,True,1789728146.6099167,8192,8192,8192,138.4242057800293,False,False,True,False,8192,163.84,1,1,5008.0,True,cache_reused,False,False,0,3184.0,2b32e3179e7cdd20dbaf0164fd5bc648762ab7887d9d5b9914c607417d9be71a,True,,,1,0,8423.190907,9660.630971,6,8252,4,5008
20260726_formal4t4_reuse_intensive_RateFIFO@rho1.2_rep2,2,RateFIFO@rho1.2,RateFIFO,37,reuse_intensive:rep2:req37,reuse_intensive,0,5,1,L0005,8192,0,0,True,1789728146.6099656,8192,8192,8192,148.64111948013306,False,False,False,False,8192,161.84,1,1,8224.0,True,cache_reused,False,False,0,0.0,0ea37c2f2f6f66b1c172fd702972af9ca40230cec93a9aea07db2ebebb3a6bf0,True,,,1,0,8421.723792,9659.04405,6,8252,4,8224
20260726_formal4t4_reuse_intensive_RateFIFO@rho1.2_rep2,2,RateFIFO@rho1.2,RateFIFO,38,reuse_intensive:rep2:req38,reuse_intensive,0,46,0,L0046,8192,1,,False,1789728146.6099944,0,0,0,,False,False,False,False,0,0.0,0,0,32.0,False,cache_miss,False,False,0,0.0,47a22223a54abfa91c7737a86af03ad140012b1c094a51f523825cc29377fcaf,True,,,1,0,9832.358139,10261.551734,6,8252,4,32
20260726_formal4t4_reuse_intensive_RateFIFO@rho1.2_rep2,2,RateFIFO@rho1.2,RateFIFO,39,reuse_intensive:rep2:req39,reuse_intensive,0,4,1,L0004,8192,0,0,True,1789728146.6100256,8192,8192,8192,22.49978518486023,False,False,False,False,8192,159.84,1,1,8224.0,True,cache_reused,False,False,0,0.0,8bb9b2bde599eee2b1228036d4f2c7a343d0fcb16bf8a98c6c54af4f2ffca4c8,True,,,1,0,8419.525551,9657.00733,6,8252,4,8224
20260726_formal4t4_reuse_intensive_RateFIFO@rho1.2_rep2,2,RateFIFO@rho1.2,RateFIFO,40,reuse_intensive:rep2:req40,reuse_intensive,0,37,0,L0037,8192,0,,False,1789728156.8771756,0,0,0,,False,False,False,False,0,0.0,0,0,32.0,False,cache_miss,False,False,0,0.0,a1fcbeaf0fea527f1c412cabe60a18d1f377a3e8df1eb88ac6dd96bb04b17a04,True,,,1,0,16279.286261,22255.430169,6,8252,4,32
20260726_formal4t4_reuse_intensive_RateFIFO@rho1.2_rep2,2,RateFIFO@rho1.2,RateFIFO,41,reuse_intensive:rep2:req41,reuse_intensive,0,0,1,L0000,8192,0,0,True,1789728156.8772302,8192,8192,8192,10.270177125930786,False,False,False,False,8192,161.84,1,1,8224.0,True,cache_reused,False,False,0,0.0,593e8271cbe7e84fb3ea7194fa406680cd761724ca060222f478043f196195f1,True,,,1,0,16278.179852,22254.478752,6,8252,4,8224
20260726_formal4t4_reuse_intensive_RateFIFO@rho1.2_rep2,2,RateFIFO@rho1.2,RateFIFO,42,reuse_intensive:rep2:req42,reuse_intensive,0,4,2,L0004,8192,0,0,True,1789728156.8772674,8192,8192,8192,32.76702690124512,False,False,False,False,8192,159.84,1,1,8224.0,True,cache_reused,False,False,0,0.0,9b80328ff6a25362527dce1717d4a1053874ecb2802ac0bbb07681447057e35c,True,,,1,0,16277.11019,22253.500901,6,8252,4,8224
20260726_formal4t4_reuse_intensive_RateFIFO@rho1.2_rep2,2,RateFIFO@rho1.2,RateFIFO,43,reuse_intensive:rep2:req43,reuse_intensive,0,11,1,L0011,8192,0,0,True,1789728156.8772972,8192,8192,8192,80.5145468711853,False,False,False,False,8192,157.84,1,1,5136.0,True,cache_reused,False,False,0,3056.0,a7dbefc6d2c173402e843863b52ec219a0a3cea5de553491cd74e9fb322e645c,True,,,1,0,21199.594673,22395.284351,6,8252,4,5136
20260726_formal4t4_reuse_intensive_RateFIFO@rho1.2_rep2,2,RateFIFO@rho1.2,RateFIFO,44,reuse_intensive:rep2:req44,reuse_intensive,0,0,2,L0000,8192,0,0,True,1789728179.2793307,8192,8192,8192,32.6722776889801,False,False,False,False,8192,163.84,1,1,8224.0,True,cache_reused,False,False,0,0.0,62c1ff05300739175f37443c4a283c019508879a7e62d9dfd53cb74dd445a768,True,,,1,0,245.123012,1734.981049,6,8252,4,8224
20260726_formal4t4_reuse_intensive_RateFIFO@rho1.2_rep2,2,RateFIFO@rho1.2,RateFIFO,45,reuse_intensive:rep2:req45,reuse_intensive,0,8,2,L0008,8192,0,0,True,1789728179.27938,8192,8192,8192,74.9803204536438,False,False,False,False,8192,161.84,1,1,8224.0,True,cache_reused,False,False,0,0.0,142bd983693dd355ceaee483ca9d552fc16177a75c6a1050c70390f29f4aefbe,True,,,1,0,891.368114,2031.745999,6,8252,4,8224
20260726_formal4t4_reuse_intensive_RateFIFO@rho1.2_rep2,2,RateFIFO@rho1.2,RateFIFO,46,reuse_intensive:rep2:req46,reuse_intensive,0,8,0,L0008,8192,0,0,True,1789728179.279413,8192,8192,8192,74.98035335540771,False,False,False,False,8192,159.84,1,1,8224.0,True,cache_reused,False,False,0,0.0,be89b126c8f2850e8ce7aa0d2a3ef6ca65ce75f9eb4741a5d524e5f5958034fd,True,,,1,0,890.394995,2030.984119,6,8252,4,8224
20260726_formal4t4_reuse_intensive_RateFIFO@rho1.2_rep2,2,RateFIFO@rho1.2,RateFIFO,47,reuse_intensive:rep2:req47,reuse_intensive,0,1,1,L0001,8192,0,0,True,1789728179.2794387,8192,8192,8192,95.48352193832397,False,False,False,False,8192,157.84,1,1,8224.0,True,cache_reused,False,False,0,0.0,98c5764e6a019c661fbcd4ab2309664ad835b36a28a09adf3ea4232f8faf5010,True,,,1,0,889.180626,2029.760208,6,8252,4,8224
20260726_formal4t4_reuse_intensive_RateFIFO@rho1.2_rep2,2,RateFIFO@rho1.2,RateFIFO,48,reuse_intensive:rep2:req48,reuse_intensive,0,28,0,L0028,8192,3,,False,1789728181.315813,0,0,0,,False,False,False,False,0,0.0,0,0,32.0,False,cache_miss,False,False,0,0.0,7e3b5e42a71b5d74f2c96e3577231f86c76c7e1187a227bcff3e52ca1c74e4dd,True,,,1,0,8606.317338,9003.877134,6,8252,4,32
20260726_formal4t4_reuse_intensive_RateFIFO@rho1.2_rep2,2,RateFIFO@rho1.2,RateFIFO,49,reuse_intensive:rep2:req49,reuse_intensive,0,7,1,L0007,8192,0,0,True,1789728181.315865,8192,8192,8192,162.6377456188202,False,False,False,False,8192,163.84,1,1,8224.0,True,cache_reused,False,False,0,0.0,ca3fbd325debf4601d2c17438de8c88b5ee18940221dee40bcf37b004055603a,True,,,1,0,242.053547,691.414234,6,8252,4,8224
20260726_formal4t4_reuse_intensive_RateFIFO@rho1.2_rep2,2,RateFIFO@rho1.2,RateFIFO,50,reuse_intensive:rep2:req50,reuse_intensive,0,17,0,L0017,8192,1,,False,1789728181.3158948,0,0,0,,False,False,False,False,0,0.0,0,0,32.0,False,cache_miss,False,False,0,0.0,4750b2775a34d74c04f6d611836db5c64316b1911e143a14370c34b393eabacd,True,,,1,0,9831.956616,10273.163161,6,8252,4,32
20260726_formal4t4_reuse_intensive_RateFIFO@rho1.2_rep2,2,RateFIFO@rho1.2,RateFIFO,51,reuse_intensive:rep2:req51,reuse_intensive,0,27,0,L0027,8192,2,,False,1789728181.3159173,0,0,0,,False,False,False,False,0,0.0,0,0,32.0,False,cache_miss,False,False,0,0.0,2c2dd8893b44a903f4750e2f9ae88b1176175038c573eca9d28f3a36f4959c2b,True,,,1,0,9057.356466,9466.567233,6,8252,4,32
20260726_formal4t4_reuse_intensive_RateFIFO@rho1.2_rep2,2,RateFIFO@rho1.2,RateFIFO,52,reuse_intensive:rep2:req52,reuse_intensive,0,8,1,L0008,8192,0,0,False,1789728191.5946746,8192,8192,8192,87.29561495780945,False,False,False,False,8192,0.0,1,1,8224.0,False,cache_reused,False,False,0,0.0,fc6b4cbe2eea6741eb2a54ff1319060fa8f6cce25aa7b40a4eab24a5de34baaf,True,,,1,0,407.787111,1391.054162,6,8252,4,8224
20260726_formal4t4_reuse_intensive_RateFIFO@rho1.2_rep2,2,RateFIFO@rho1.2,RateFIFO,53,reuse_intensive:rep2:req53,reuse_intensive,0,0,0,L0000,8192,0,0,True,1789728191.5947237,8192,8192,8192,44.98767066001892,False,False,False,False,8192,161.84,1,1,8224.0,True,cache_reused,False,False,0,0.0,196b7a7353ae07bf7aa6b7d32199b40122876d77ebe7219f22a0c130547b47c4,True,,,1,0,818.67532,1544.597047,6,8252,4,8224
20260726_formal4t4_reuse_intensive_RateFIFO@rho1.2_rep2,2,RateFIFO@rho1.2,RateFIFO,54,reuse_intensive:rep2:req54,reuse_intensive,0,45,0,L0045,8192,1,,False,1789728191.594752,0,0,0,,False,False,False,False,0,0.0,0,0,32.0,False,cache_miss,False,False,0,0.0,df578103e406496185fb7ed5a60017a32f63d05f0494422ab18eb80b6fb84760,True,,,1,0,9552.498456,9975.913833,6,8252,4,32
20260726_formal4t4_reuse_intensive_RateFIFO@rho1.2_rep2,2,RateFIFO@rho1.2,RateFIFO,55,reuse_intensive:rep2:req55,reuse_intensive,0,0,1,L0000,8192,0,0,True,1789728191.594783,8192,8192,8192,44.98773002624512,False,False,False,False,8192,159.84,1,1,8224.0,True,cache_reused,False,False,0,0.0,948f3e41d065aed57a36eabcc5ebe780d6169cfe6bf4e742471999f5f5d187a9,True,,,1,0,816.216552,1542.126624,6,8252,4,8224
20260726_formal4t4_reuse_intensive_RateFIFO@rho1.2_rep2,2,RateFIFO@rho1.2,RateFIFO,56,reuse_intensive:rep2:req56,reuse_intensive,0,0,2,L0000,8192,0,0,True,1789728201.5765102,8192,8192,8192,54.969457149505615,False,False,False,False,8192,163.84,1,1,8224.0,True,cache_reused,False,False,0,0.0,ad1decda87957fc2814dbb59c8d59b4b03baa9123cf615d53d308f149a8cb018,True,,,1,0,426.258462,1472.251521,6,8252,4,8224
20260726_formal4t4_reuse_intensive_RateFIFO@rho1.2_rep2,2,RateFIFO@rho1.2,RateFIFO,57,reuse_intensive:rep2:req57,reuse_intensive,0,1,2,L0001,8192,0,0,True,1789728201.57656,8192,8192,8192,117.78064322471619,False,False,False,False,8192,161.84,1,1,8224.0,True,cache_reused,False,False,0,0.0,0159d280cd6c617130f5dad4b630354e957c057ba85ad2c2339a8e4f637e1e13,True,,,1,0,877.036773,1766.136986,6,8252,4,8224
20260726_formal4t4_reuse_intensive_RateFIFO@rho1.2_rep2,2,RateFIFO@rho1.2,RateFIFO,58,reuse_intensive:rep2:req58,reuse_intensive,0,0,0,L0000,8192,0,0,True,1789728201.5765917,8192,8192,8192,54.96953868865967,False,False,False,False,8192,159.84,1,1,8224.0,True,cache_reused,False,False,0,0.0,9130ee0637bd3901638e0abad41b0a00174bd13d9c75966ed11f1fcf6c725408,True,,,1,0,875.668969,1764.657689,6,8252,4,8224
20260726_formal4t4_reuse_intensive_RateFIFO@rho1.2_rep2,2,RateFIFO@rho1.2,RateFIFO,59,reuse_intensive:rep2:req59,reuse_intensive,0,1,0,L0001,8192,0,0,True,1789728201.5766177,8192,8192,8192,117.78070092201233,False,False,False,False,8192,157.84,1,1,8224.0,True,cache_reused,False,False,0,0.0,980334c7bef080d7c0f12515b888686a793e721827da6a10144041a492514c80,True,,,1,0,874.867372,1763.926494,6,8252,4,8224
20260726_formal4t4_reuse_intensive_RateFIFO@rho1.2_rep2,2,RateFIFO@rho1.2,RateFIFO,60,reuse_intensive:rep2:req60,reuse_intensive,1,64,0,L0064,8192,3,,False,1789728203.3473158,0,0,0,,False,False,False,False,0,0.0,0,0,32.0,False,cache_miss,False,False,0,0.0,089b463c84a51c60153b7b1300f7bcdce3869347c6054cd0c96cca1e2ad11121,True,,,1,0,10503.176971,10943.810046,6,8252,4,32
20260726_formal4t4_reuse_intensive_RateFIFO@rho1.2_rep2,2,RateFIFO@rho1.2,RateFIFO,61,reuse_intensive:rep2:req61,reuse_intensive,1,64,1,L0064,8192,0,,False,1789728203.3473535,0,0,0,,False,False,False,False,0,0.0,0,0,32.0,False,cache_miss,False,False,0,0.0,1290be72643c164c005daa5d2a1fe50f73a6d54e09d92d23f4d1c1e474f2b8e1,True,,,1,0,10591.722105,11071.006113,6,8252,4,32
20260726_formal4t4_reuse_intensive_RateFIFO@rho1.2_rep2,2,RateFIFO@rho1.2,RateFIFO,62,reuse_intensive:rep2:req62,reuse_intensive,1,65,0,L0065,8192,2,,False,1789728203.347377,0,0,0,,False,False,False,False,0,0.0,0,0,32.0,False,cache_miss,False,False,0,0.0,7dd510f5482a1f9b7d8ea8988e38ee2d8870ac90aac280b0706fe5ce9827fe2a,True,,,1,0,8665.151964,9082.504687,6,8252,4,32
20260726_formal4t4_reuse_intensive_RateFIFO@rho1.2_rep2,2,RateFIFO@rho1.2,RateFIFO,63,reuse_intensive:rep2:req63,reuse_intensive,1,64,2,L0064,8192,1,,False,1789728203.3473978,0,0,0,,False,False,False,False,0,0.0,0,0,32.0,False,cache_miss,False,False,0,0.0,52cce7c74e4e91f4f4f6cd8db7a92176cd4947747f5ae9d2ebdb89a4cd369904,True,,,1,0,9220.934676,9639.445302,6,8252,4,32
20260726_formal4t4_reuse_intensive_RateFIFO@rho1.2_rep2,2,RateFIFO@rho1.2,RateFIFO,64,reuse_intensive:rep2:req64,reuse_intensive,1,87,0,L0087,8192,3,,False,1789728214.4228318,0,0,0,,False,False,False,False,0,0.0,0,0,32.0,False,cache_miss,False,False,0,0.0,6136dec0b7a68ba831a2f5f738e6851ec23f478f9cea0d29a1eb94b71ad180d6,True,,,1,0,9750.893962,10173.503382,6,8252,4,32
20260726_formal4t4_reuse_intensive_RateFIFO@rho1.2_rep2,2,RateFIFO@rho1.2,RateFIFO,65,reuse_intensive:rep2:req65,reuse_intensive,1,70,0,L0070,8192,1,,False,1789728214.422869,0,0,0,,False,False,False,False,0,0.0,0,0,32.0,False,cache_miss,False,False,0,0.0,c5371b60956b1c9696d04dbd8afb66dea4097a50d142e03320445e2f6b87ca2b,True,,,1,0,9937.668173,10380.3109,6,8252,4,32
20260726_formal4t4_reuse_intensive_RateFIFO@rho1.2_rep2,2,RateFIFO@rho1.2,RateFIFO,66,reuse_intensive:rep2:req66,reuse_intensive,1,65,1,L0065,8192,2,,False,1789728214.4228935,8192,0,0,278.3686738014221,True,True,False,False,0,0.0,0,0,8224.0,False,cache_reused,False,False,0,0.0,a55f570480c95aa5af08c7a6488fcd8019bc3bfded7cda8eeff94b6666f84edb,True,,,1,0,369.75045,811.17497,6,8252,4,8224
20260726_formal4t4_reuse_intensive_RateFIFO@rho1.2_rep2,2,RateFIFO@rho1.2,RateFIFO,67,reuse_intensive:rep2:req67,reuse_intensive,1,64,0,L0064,8192,0,,False,1789728214.4229178,8192,0,0,278.3686981201172,True,True,False,False,0,0.0,0,0,8224.0,False,cache_reused,False,False,0,0.0,e2b200ba7863357962de0c01014023799d49358425265a9c34bbe16fb76aea88,True,,,1,0,244.877312,722.757074,6,8252,4,8224
20260726_formal4t4_reuse_intensive_RateFIFO@rho1.2_rep2,2,RateFIFO@rho1.2,RateFIFO,68,reuse_intensive:rep2:req68,reuse_intensive,1,72,0,L0072,8192,3,,False,1789728224.807593,0,0,0,,False,False,False,False,0,0.0,0,0,32.0,False,cache_miss,False,False,0,0.0,97b76441701ed0ceb0ead9910f18eceadd5e0c7c5f918ca6c8ae126f4ffb6b04,True,,,1,0,9364.795818,10211.081868,6,8252,4,32
20260726_formal4t4_reuse_intensive_RateFIFO@rho1.2_rep2,2,RateFIFO@rho1.2,RateFIFO,69,reuse_intensive:rep2:req69,reuse_intensive,1,65,2,L0065,8192,2,,False,1789728224.8076324,8192,0,0,288.75341272354126,True,True,False,False,0,0.0,0,0,8224.0,False,cache_reused,False,False,0,0.0,32dc4b74cdb112b3b2ec648199640ee58cde6b80a665b6133c9850f2dab7b978,True,,,1,0,339.68986,787.902998,6,8252,4,8224
20260726_formal4t4_reuse_intensive_RateFIFO@rho1.2_rep2,2,RateFIFO@rho1.2,RateFIFO,70,reuse_intensive:rep2:req70,reuse_intensive,1,64,1,L0064,8192,3,3,True,1789728224.8076763,8192,8192,8192,10.387645959854126,False,False,False,False,8192,161.84,1,1,8224.0,True,cache_reused,False,False,0,0.0,2dfe3323a7ca2ee242b9bbce3767e727e5dbdc2f78aeef039828082eaa9a5c79,True,,,1,0,9362.076267,10208.282808,6,8252,4,8224
20260726_formal4t4_reuse_intensive_RateFIFO@rho1.2_rep2,2,RateFIFO@rho1.2,RateFIFO,71,reuse_intensive:rep2:req71,reuse_intensive,1,80,0,L0080,8192,1,,False,1789728224.8077025,0,0,0,,False,False,False,False,0,0.0,0,0,32.0,False,cache_miss,False,False,0,0.0,27f38208f3927636ae3c6e32f17ca7425b5e5886e5ebe63984d4889e567fe225,True,,,1,0,9526.563658,9946.649725,6,8252,4,32
20260726_formal4t4_reuse_intensive_RateFIFO@rho1.2_rep2,2,RateFIFO@rho1.2,RateFIFO,72,reuse_intensive:rep2:req72,reuse_intensive,1,79,0,L0079,8192,0,,False,1789728235.0220668,0,0,0,,False,False,False,False,0,0.0,0,0,32.0,False,cache_miss,False,False,0,0.0,b6956cc5614a0b1578b66bd33a7e0d3c8b3374b7f40b2bad49c848a3a7fc42f4,True,,,1,0,9944.111034,10416.934658,6,8252,4,32
20260726_formal4t4_reuse_intensive_RateFIFO@rho1.2_rep2,2,RateFIFO@rho1.2,RateFIFO,73,reuse_intensive:rep2:req73,reuse_intensive,1,72,1,L0072,8192,2,,False,1789728235.0221062,8192,0,0,298.9678864479065,True,True,False,False,0,0.0,0,0,32.0,False,cache_miss,False,False,0,0.0,df71dd454fffd374a03b454544fdef9cbdf4f6f09cb77c41779dd760333f3a50,True,,,1,0,8835.049594,9256.735598,6,8252,4,32
20260726_formal4t4_reuse_intensive_RateFIFO@rho1.2_rep2,2,RateFIFO@rho1.2,RateFIFO,74,reuse_intensive:rep2:req74,reuse_intensive,1,69,0,L0069,8192,1,,False,1789728235.022134,0,0,0,,False,False,False,False,0,0.0,0,0,32.0,False,cache_miss,False,False,0,0.0,2c93cde8aaeb807c14bf2499093e4152946db7ad77c3600a2df51bd3ad3c3df4,True,,,1,0,9607.062031,10027.032338,6,8252,4,32
20260726_formal4t4_reuse_intensive_RateFIFO@rho1.2_rep2,2,RateFIFO@rho1.2,RateFIFO,75,reuse_intensive:rep2:req75,reuse_intensive,1,64,2,L0064,8192,3,3,False,1789728235.022183,8192,8192,8192,20.602152585983276,False,False,False,False,8192,0.0,1,1,8224.0,False,cache_reused,False,False,0,0.0,6b07931ddd9160348eef2489db86c421d4754c25255d7a4dfc2524defb27f2be,True,,,1,0,208.94788,651.750816,6,8252,4,8224
20260726_formal4t4_reuse_intensive_RateFIFO@rho1.2_rep2,2,RateFIFO@rho1.2,RateFIFO,76,reuse_intensive:rep2:req76,reuse_intensive,1,65,0,L0065,8192,1,,False,1789728245.4424367,8192,0,0,309.3882169723511,True,True,False,False,0,0.0,0,0,32.0,False,cache_miss,False,False,0,0.0,ca4113398b34da714df494a0093cfdda3c5eae6ae0683fc7a2b0cd5a5f9e62a4,True,,,1,0,10221.469886,10648.253999,6,8252,4,32
20260726_formal4t4_reuse_intensive_RateFIFO@rho1.2_rep2,2,RateFIFO@rho1.2,RateFIFO,77,reuse_intensive:rep2:req77,reuse_intensive,1,64,0,L0064,8192,3,3,True,1789728245.442492,8192,8192,8192,31.022461652755737,False,False,False,False,8192,163.84,1,1,8224.0,True,cache_reused,False,False,0,0.0,9601aada4782c74362cbb48446d7c6369b5a5360cccc36830c195967be1caa60,True,,,1,0,367.587503,862.338587,6,8252,4,8224
20260726_formal4t4_reuse_intensive_RateFIFO@rho1.2_rep2,2,RateFIFO@rho1.2,RateFIFO,78,reuse_intensive:rep2:req78,reuse_intensive,1,65,1,L0065,8192,0,,False,1789728245.4425232,8192,0,0,309.3883035182953,True,True,False,False,0,0.0,0,0,32.0,False,cache_miss,False,False,0,0.0,0584b869fcaf48eeafd166c0dca95ba0d00eda1c3f74f18ee2310f912b61295f,True,,,1,0,10685.91732,11159.388782,6,8252,4,32
20260726_formal4t4_reuse_intensive_RateFIFO@rho1.2_rep2,2,RateFIFO@rho1.2,RateFIFO,79,reuse_intensive:rep2:req79,reuse_intensive,1,64,1,L0064,8192,3,3,True,1789728245.4425557,8192,8192,8192,31.022525310516357,False,False,False,False,8192,161.84,1,1,8224.0,True,cache_reused,False,False,0,0.0,212cd440e9519b1bce52979883203bcb12042ae9cf6955bc27f1cb1bc0d73af9,True,,,1,0,542.825246,1007.478143,6,8252,4,8224
20260726_formal4t4_reuse_intensive_RateFIFO@rho1.2_rep2,2,RateFIFO@rho1.2,RateFIFO,80,reuse_intensive:rep2:req80,reuse_intensive,1,73,0,L0073,8192,3,,False,1789728256.6078084,0,0,0,,False,False,False,False,0,0.0,0,0,32.0,False,cache_miss,False,False,0,0.0,9818930ec124b5c931afe6cc70ea60869c8ce69b04841ae64a0cd1cb9e401ff2,True,,,1,0,10285.413036,10730.308081,6,8252,4,32
20260726_formal4t4_reuse_intensive_RateFIFO@rho1.2_rep2,2,RateFIFO@rho1.2,RateFIFO,81,reuse_intensive:rep2:req81,reuse_intensive,1,68,0,L0068,8192,0,,False,1789728256.6078484,0,0,0,,False,False,False,False,0,0.0,0,0,32.0,False,cache_miss,False,False,0,0.0,d049e0b8cb5d4896cda90acbe959ebb14876d8bd10a682b9ea5242d02301de69,True,,,1,0,9668.858262,10126.097583,6,8252,4,32
20260726_formal4t4_reuse_intensive_RateFIFO@rho1.2_rep2,2,RateFIFO@rho1.2,RateFIFO,82,reuse_intensive:rep2:req82,reuse_intensive,1,70,1,L0070,8192,2,,False,1789728256.6078737,8192,0,0,320.5536539554596,True,True,False,False,0,0.0,0,0,32.0,False,cache_miss,False,False,0,0.0,e4a2705cb448c668bc26166a3fc0c6fb761ca95f1eb3b684d9bb84f3a8736b2d,True,,,1,0,8962.445727,9380.787841,6,8252,4,32
20260726_formal4t4_reuse_intensive_RateFIFO@rho1.2_rep2,2,RateFIFO@rho1.2,RateFIFO,83,reuse_intensive:rep2:req83,reuse_intensive,1,65,2,L0065,8192,1,,False,1789728256.607898,8192,0,0,320.55367827415466,True,True,False,False,0,0.0,0,0,8224.0,False,cache_reused,False,False,0,0.0,4e1f5c17d756f5d17af7643d9e1bde4cf1d4a250dc37c76899965c4abdafd4ef,True,,,1,0,221.206147,647.300548,6,8252,4,8224
20260726_formal4t4_reuse_intensive_RateFIFO@rho1.2_rep2,2,RateFIFO@rho1.2,RateFIFO,84,reuse_intensive:rep2:req84,reuse_intensive,1,66,0,L0066,8192,3,,False,1789728267.3415432,0,0,0,,False,False,False,False,0,0.0,0,0,32.0,False,cache_miss,False,False,0,0.0,9bc0bf2d172418345aab6707a7ca937c4f84c0e6b2cdcbb1ab96ded587094ad1,True,,,1,0,9013.44616,9851.297128,6,8252,4,32
20260726_formal4t4_reuse_intensive_RateFIFO@rho1.2_rep2,2,RateFIFO@rho1.2,RateFIFO,85,reuse_intensive:rep2:req85,reuse_intensive,1,64,2,L0064,8192,3,3,True,1789728267.3415966,8192,8192,8192,52.92156624794006,False,False,False,False,8192,161.84,1,1,8224.0,True,cache_reused,False,False,0,0.0,120e6b77ae605dfa4535c9c7240e43f30903fe0ba77ffe15fa146396042c139a,True,,,1,0,9011.982041,9849.723794,6,8252,4,8224
20260726_formal4t4_reuse_intensive_RateFIFO@rho1.2_rep2,2,RateFIFO@rho1.2,RateFIFO,86,reuse_intensive:rep2:req86,reuse_intensive,1,83,0,L0083,8192,0,,False,1789728267.3416274,0,0,0,,False,False,False,False,0,0.0,0,0,32.0,False,cache_miss,False,False,0,0.0,de9aa71987fcf2f093464f04c71fafd1654a02a297e2e63319daec3650d87e6b,True,,,1,0,9896.286877,10357.263235,6,8252,4,32
20260726_formal4t4_reuse_intensive_RateFIFO@rho1.2_rep2,2,RateFIFO@rho1.2,RateFIFO,87,reuse_intensive:rep2:req87,reuse_intensive,1,67,0,L0067,8192,2,,False,1789728267.3416507,0,0,0,,False,False,False,False,0,0.0,0,0,32.0,False,cache_miss,False,False,0,0.0,dc2b780e14a0a0cd31af07acd852506f505fcf1e0cd75cc5b4f4943013a2eb5a,True,,,1,0,9999.46772,10447.552506,6,8252,4,32
20260726_formal4t4_reuse_intensive_RateFIFO@rho1.2_rep2,2,RateFIFO@rho1.2,RateFIFO,88,reuse_intensive:rep2:req88,reuse_intensive,1,71,0,L0071,8192,0,,False,1789728277.7962618,0,0,0,,False,False,False,False,0,0.0,0,0,32.0,False,cache_miss,False,False,0,0.0,c10e854a522c218a5b96a391f44ccc16d5518440c00a9bf7d893f3943b753128,True,,,1,0,9262.986125,9673.601791,6,8252,4,32
20260726_formal4t4_reuse_intensive_RateFIFO@rho1.2_rep2,2,RateFIFO@rho1.2,RateFIFO,89,reuse_intensive:rep2:req89,reuse_intensive,1,75,0,L0075,8192,1,,False,1789728277.7962995,0,0,0,,False,False,False,False,0,0.0,0,0,32.0,False,cache_miss,False,False,0,0.0,bce9e6cd07280a130440f87ff54e0eeae1dabdc0df1674069a388cef2f91dc8d,True,,,1,0,9278.051523,9680.361962,6,8252,4,32
20260726_formal4t4_reuse_intensive_RateFIFO@rho1.2_rep2,2,RateFIFO@rho1.2,RateFIFO,90,reuse_intensive:rep2:req90,reuse_intensive,1,95,0,L0095,8192,2,,False,1789728277.7963245,0,0,0,,False,False,False,False,0,0.0,0,0,32.0,False,cache_miss,False,False,0,0.0,774e9b173dd7fdb195a7c89afd61b544f154878f7a9c48cdb2c180887af4e25f,True,,,1,0,9592.728877,10040.934915,6,8252,4,32
20260726_formal4t4_reuse_intensive_RateFIFO@rho1.2_rep2,2,RateFIFO@rho1.2,RateFIFO,91,reuse_intensive:rep2:req91,reuse_intensive,1,75,1,L0075,8192,3,,False,1789728277.796344,0,0,0,,False,False,False,False,0,0.0,0,0,32.0,False,cache_miss,False,False,0,0.0,71e680116932770d26d6b66996c8bbfaeac2fc988d43efb3e6d3818188b3c865,True,,,1,0,10321.474074,10788.907752,6,8252,4,32
20260726_formal4t4_reuse_intensive_RateFIFO@rho1.2_rep2,2,RateFIFO@rho1.2,RateFIFO,92,reuse_intensive:rep2:req92,reuse_intensive,1,68,1,L0068,8192,0,,False,1789728288.6697507,8192,0,0,352.6155309677124,True,True,False,False,0,0.0,0,0,8224.0,False,cache_reused,False,False,0,0.0,52e1bf74ac97d105d56890e2448c8858138d00a7f5915d3b2e0e28071c7f2012,True,,,1,0,208.409559,659.710943,6,8252,4,8224
20260726_formal4t4_reuse_intensive_RateFIFO@rho1.2_rep2,2,RateFIFO@rho1.2,RateFIFO,93,reuse_intensive:rep2:req93,reuse_intensive,1,64,0,L0064,8192,3,3,True,1789728288.6697853,8192,8192,8192,74.24975490570068,False,False,False,False,8192,163.84,1,1,8224.0,True,cache_reused,False,False,0,0.0,eaa5261a7da6bb18845b084a68a3536f4583087263b067fc6721d771fa187655,True,,,1,0,224.182599,666.295583,6,8252,4,8224
20260726_formal4t4_reuse_intensive_RateFIFO@rho1.2_rep2,2,RateFIFO@rho1.2,RateFIFO,94,reuse_intensive:rep2:req94,reuse_intensive,1,65,0,L0065,8192,1,1,True,1789728288.6698081,8192,8192,8192,32.06486105918884,False,False,False,False,8192,163.84,1,1,8224.0,True,cache_reused,False,False,0,0.0,a09b0669da85a88f0dd2edd866b8c53c240434193ba765361ae679423f6f9439,True,,,1,0,200.370968,633.385557,6,8252,4,8224
20260726_formal4t4_reuse_intensive_RateFIFO@rho1.2_rep2,2,RateFIFO@rho1.2,RateFIFO,95,reuse_intensive:rep2:req95,reuse_intensive,1,89,0,L0089,8192,2,,False,1789728288.6698248,0,0,0,,False,False,False,False,0,0.0,0,0,32.0,False,cache_miss,False,False,0,0.0,405b6a06cdb6f45bf4eb275fa1a023eea626574912b986b7232562cdd653a8c5,True,,,1,0,9001.745283,9431.804738,6,8252,4,32
20260726_formal4t4_reuse_intensive_RateFIFO@rho1.2_rep2,2,RateFIFO@rho1.2,RateFIFO,96,reuse_intensive:rep2:req96,reuse_intensive,1,104,0,L0104,8192,2,,False,1789728298.1068606,0,0,0,,False,False,False,False,0,0.0,0,0,16.0,False,cache_miss,False,False,0,0.0,714bdb5d100a6df7b4f454f4d15e2792577260040f142502e4b774d5f35f6c6f,True,,,1,0,9207.906316,9646.544205,6,8252,4,16
20260726_formal4t4_reuse_intensive_RateFIFO@rho1.2_rep2,2,RateFIFO@rho1.2,RateFIFO,97,reuse_intensive:rep2:req97,reuse_intensive,1,66,1,L0066,8192,3,3,True,1789728298.1069117,8192,8192,8192,20.31356167793274,False,False,False,False,8192,163.84,1,1,8224.0,True,cache_reused,False,False,0,0.0,25e8740cd368c6b511d4b791f00a6c004a7f54f81b53a87446cdefd3f348f97c,True,,,1,0,358.55956,1216.967714,6,8252,4,8224
20260726_formal4t4_reuse_intensive_RateFIFO@rho1.2_rep2,2,RateFIFO@rho1.2,RateFIFO,98,reuse_intensive:rep2:req98,reuse_intensive,1,67,1,L0067,8192,1,,False,1789728298.1069417,8192,0,0,362.0527219772339,True,True,False,False,0,0.0,0,0,32.0,False,cache_miss,False,False,0,0.0,f5252df799197c3832c6992636df7557ed22b2207a422d2f384e4059b8d067e4,True,,,1,0,9741.153313,10165.572989,6,8252,4,32
20260726_formal4t4_reuse_intensive_RateFIFO@rho1.2_rep2,2,RateFIFO@rho1.2,RateFIFO,99,reuse_intensive:rep2:req99,reuse_intensive,1,64,1,L0064,8192,3,3,True,1789728298.106974,8192,8192,8192,83.68694353103638,False,False,False,False,8192,161.84,1,1,8224.0,True,cache_reused,False,False,0,0.0,c9009cfe2d86f8f687dbd544149711c71ae42148e9593f18df7da620f9a71dd3,True,,,1,0,649.998184,1362.351721,6,8252,4,8224
20260726_formal4t4_reuse_intensive_RateFIFO@rho1.2_rep2,2,RateFIFO@rho1.2,RateFIFO,100,reuse_intensive:rep2:req100,reuse_intensive,1,64,2,L0064,8192,3,3,True,1789728308.2781894,8192,8192,8192,93.85815906524658,False,False,False,False,8192,163.84,1,1,8224.0,True,cache_reused,False,False,0,0.0,65dbc9812fb7f487f5be296519fb5a6bac19908e8da47c4ee077873caa25c0ee,True,,,1,0,405.514818,893.26988,6,8253,4,8224
20260726_formal4t4_reuse_intensive_RateFIFO@rho1.2_rep2,2,RateFIFO@rho1.2,RateFIFO,101,reuse_intensive:rep2:req101,reuse_intensive,1,80,1,L0080,8192,2,,False,1789728308.2782302,8192,0,0,372.2240104675293,True,True,False,False,0,0.0,0,0,32.0,False,cache_miss,False,False,0,0.0,1f0637a2ea51ba3044f40d81a420f529896c0946355161dbe1822db6764fe584,True,,,1,0,9467.032548,9904.866002,6,8253,4,32
20260726_formal4t4_reuse_intensive_RateFIFO@rho1.2_rep2,2,RateFIFO@rho1.2,RateFIFO,102,reuse_intensive:rep2:req102,reuse_intensive,1,64,0,L0064,8192,3,3,True,1789728308.2782676,8192,8192,8192,93.85823726654053,False,False,False,False,8192,161.84,1,1,8224.0,True,cache_reused,False,False,0,0.0,59e2ea9fa42e23df452bdefe23182f9217f8f1265ec1399b70d9fa91c5457a98,True,,,1,0,573.573753,1039.009177,6,8253,4,8224
20260726_formal4t4_reuse_intensive_RateFIFO@rho1.2_rep2,2,RateFIFO@rho1.2,RateFIFO,103,reuse_intensive:rep2:req103,reuse_intensive,1,71,1,L0071,8192,0,0,True,1789728308.2782993,8192,8192,8192,19.688854217529297,False,False,False,False,8192,163.84,1,1,8224.0,True,cache_reused,False,False,0,0.0,01e18760c2078d0b4eb39f2e176311783005becb011fac7a6d2476e5b829c5c6,True,,,1,0,368.571235,789.374232,6,8253,4,8224
20260726_formal4t4_reuse_intensive_RateFIFO@rho1.2_rep2,2,RateFIFO@rho1.2,RateFIFO,104,reuse_intensive:rep2:req104,reuse_intensive,1,65,1,L0065,8192,1,1,True,1789728318.187583,8192,8192,8192,61.5826358795166,False,False,False,False,8192,163.84,1,1,8224.0,True,cache_reused,False,False,0,0.0,124d014d4bc49d169aa266d62a3236b31481a4cad4fae2d287e98e6f878f6715,True,,,1,0,368.838882,809.868828,6,8253,4,8224
20260726_formal4t4_reuse_intensive_RateFIFO@rho1.2_rep2,2,RateFIFO@rho1.2,RateFIFO,105,reuse_intensive:rep2:req105,reuse_intensive,1,64,1,L0064,8192,3,3,True,1789728318.187634,8192,8192,8192,103.76760363578796,False,False,False,False,8192,163.84,1,1,8224.0,True,cache_reused,False,False,0,0.0,28e381c5b2415d41aac25e2c52d2dd0b9b818ab0868d67bb3b8e23c6762f7be3,True,,,1,0,385.141019,950.718087,6,8253,4,8224
20260726_formal4t4_reuse_intensive_RateFIFO@rho1.2_rep2,2,RateFIFO@rho1.2,RateFIFO,106,reuse_intensive:rep2:req106,reuse_intensive,1,64,2,L0064,8192,3,3,True,1789728318.1876664,8192,8192,8192,103.76763606071472,False,False,False,False,8192,161.84,1,1,8224.0,True,cache_reused,False,False,0,0.0,8bfbf70de2d1964010356544da5f0d0debbdb3f972ff11f8774a4ed50b2ccf41,True,,,1,0,628.343518,1107.484686,6,8253,4,8224
20260726_formal4t4_reuse_intensive_RateFIFO@rho1.2_rep2,2,RateFIFO@rho1.2,RateFIFO,107,reuse_intensive:rep2:req107,reuse_intensive,1,64,0,L0064,8192,3,3,True,1789728318.1876912,8192,8192,8192,103.76766085624695,False,False,False,False,8192,159.84,1,1,8224.0,True,cache_reused,False,False,0,0.0,7be5f7c41e156f2971302c2baa675a9d96a74f8a81f341316ed018f750e15ca2,True,,,1,0,627.275255,1106.570324,6,8253,4,8224
20260726_formal4t4_reuse_intensive_RateFIFO@rho1.2_rep2,2,RateFIFO@rho1.2,RateFIFO,108,reuse_intensive:rep2:req108,reuse_intensive,1,94,0,L0094,8192,3,,False,1789728319.3012588,0,0,0,,False,False,False,False,0,0.0,0,0,32.0,False,cache_miss,False,False,0,0.0,3de91450727624791d3296e6c3825a49421b56d98aecac994e87a274bc409b41,True,,,1,0,9806.120787,10601.761889,6,8253,4,32
20260726_formal4t4_reuse_intensive_RateFIFO@rho1.2_rep2,2,RateFIFO@rho1.2,RateFIFO,109,reuse_intensive:rep2:req109,reuse_intensive,1,77,0,L0077,8192,1,,False,1789728319.3012962,0,0,0,,False,False,False,False,0,0.0,0,0,32.0,False,cache_miss,False,False,0,0.0,1bcd96494fd6e45ee308fd9dff99b42d41bb800a3062ca252b714233bd7570c0,True,,,1,0,9045.87718,9462.854154,6,8253,4,32
20260726_formal4t4_reuse_intensive_RateFIFO@rho1.2_rep2,2,RateFIFO@rho1.2,RateFIFO,110,reuse_intensive:rep2:req110,reuse_intensive,1,66,2,L0066,8192,3,3,True,1789728319.3013382,8192,8192,8192,41.5079882144928,False,False,False,False,8192,161.84,1,1,8224.0,True,cache_reused,False,False,0,0.0,abfe7e7965e0d13158c27dba77eb3caa7ffdb1c2144994c7f5fed57690dc2319,True,,,1,0,9803.782361,10599.522243,6,8253,4,8224
20260726_formal4t4_reuse_intensive_RateFIFO@rho1.2_rep2,2,RateFIFO@rho1.2,RateFIFO,111,reuse_intensive:rep2:req111,reuse_intensive,1,69,1,L0069,8192,2,,False,1789728319.3013642,8192,0,0,383.2471444606781,True,True,False,False,0,0.0,0,0,32.0,False,cache_miss,False,False,0,0.0,41e741b52ad71de3c8486c423c3a0e73b725171bf8b0fdaf5b03b7d9b9435ade,True,,,1,0,9716.949307,10147.035515,6,8253,4,32
20260726_formal4t4_reuse_intensive_RateFIFO@rho1.2_rep2,2,RateFIFO@rho1.2,RateFIFO,112,reuse_intensive:rep2:req112,reuse_intensive,1,114,0,L0114,8192,0,,False,1789728329.9067316,0,0,0,,False,False,False,False,0,0.0,0,0,16.0,False,cache_miss,False,False,0,0.0,37c790177b6ef6a13ca9e1a3fa641f4515f90d2fc212c64890a25dca9507dd0e,True,,,1,0,9963.93706,10415.758344,6,8253,4,16
20260726_formal4t4_reuse_intensive_RateFIFO@rho1.2_rep2,2,RateFIFO@rho1.2,RateFIFO,113,reuse_intensive:rep2:req113,reuse_intensive,1,64,1,L0064,8192,3,3,True,1789728329.9067855,8192,8192,8192,11.721900463104248,False,False,False,False,8192,163.84,1,1,8224.0,True,cache_reused,False,False,0,0.0,f6d8ec6aefc4054b37a7f60d9b0216efe4bee9e32116eea017fdcab89e788940,True,,,1,0,211.289226,654.61578,6,8253,4,8224
20260726_formal4t4_reuse_intensive_RateFIFO@rho1.2_rep2,2,RateFIFO@rho1.2,RateFIFO,114,reuse_intensive:rep2:req114,reuse_intensive,1,103,0,L0103,8192,2,,False,1789728329.9068167,0,0,0,,False,False,False,False,0,0.0,0,0,32.0,False,cache_miss,False,False,0,0.0,af8d8f90f89aea20c1e17ca3c365a0e456ea84c941e1b080ce63e9cf5f48573b,True,,,1,0,8671.765068,9060.527336,6,8253,4,32
20260726_formal4t4_reuse_intensive_RateFIFO@rho1.2_rep2,2,RateFIFO@rho1.2,RateFIFO,115,reuse_intensive:rep2:req115,reuse_intensive,1,82,0,L0082,8192,1,,False,1789728329.9068396,0,0,0,,False,False,False,False,0,0.0,0,0,32.0,False,cache_miss,False,False,0,0.0,6ce997657342dbe65fd341e65ef87b8131d713e3c0930b11f94961945db59395,True,,,1,0,10165.922283,10614.641561,6,8253,4,32
20260726_formal4t4_reuse_intensive_RateFIFO@rho1.2_rep2,2,RateFIFO@rho1.2,RateFIFO,116,reuse_intensive:rep2:req116,reuse_intensive,1,64,2,L0064,8192,3,3,True,1789728340.5286305,8192,8192,8192,22.343745470046997,False,False,False,False,8192,163.84,1,1,8224.0,True,cache_reused,False,False,0,0.0,5d189ab6a7ebd0d9a7c9ace2857ec14dffe3d564b7ef63bc4a34e9fa54af950f,True,,,1,0,353.886973,1216.889129,6,8253,4,8224
20260726_formal4t4_reuse_intensive_RateFIFO@rho1.2_rep2,2,RateFIFO@rho1.2,RateFIFO,117,reuse_intensive:rep2:req117,reuse_intensive,1,66,0,L0066,8192,3,3,True,1789728340.528681,8192,8192,8192,62.7353310585022,False,False,False,False,8192,161.84,1,1,8224.0,True,cache_reused,False,False,0,0.0,f1eec5cc5ae7d69ea5638429f01e4adca919eb6bf6624d6992666250fb4606c5,True,,,1,0,651.988998,1356.854015,6,8253,4,8224
20260726_formal4t4_reuse_intensive_RateFIFO@rho1.2_rep2,2,RateFIFO@rho1.2,RateFIFO,118,reuse_intensive:rep2:req118,reuse_intensive,1,65,2,L0065,8192,1,1,True,1789728340.5287173,8192,8192,8192,83.92377018928528,False,False,False,False,8192,163.84,1,1,8224.0,True,cache_reused,False,False,0,0.0,e56e2a11f47afd2229e18a5167cb4ec3edcef4e1d38e15dcd387b73bbc7fe032,True,,,1,0,222.272367,651.497195,6,8253,4,8224
20260726_formal4t4_reuse_intensive_RateFIFO@rho1.2_rep2,2,RateFIFO@rho1.2,RateFIFO,119,reuse_intensive:rep2:req119,reuse_intensive,1,90,0,L0090,8192,2,,False,1789728340.528744,0,0,0,,False,False,False,False,0,0.0,0,0,32.0,False,cache_miss,False,False,0,0.0,9350f56a6788f7af180f8ecbdf4fa64efedc07b14a97d65a96f70a42d4485bbc,True,,,1,0,10314.934754,10749.376267,6,8253,4,32
20260726_formal4t4_reuse_intensive_Ideal_rep2,2,Ideal,Ideal,24,reuse_intensive:rep2:req24,reuse_intensive,0,4,0,L0004,8192,3,1;2;3,False,1789728539.9869144,8192,8192,8192,128.8712501525879,False,False,False,False,8192,0.0,3,3,8224.0,False,cache_reused,False,False,0,0.0,0a52ca127c5c854d75a2ebf29ead6a12aa952dddb6ad216d64081071141dd65c,True,,,1,0,349.114453,1200.578241,6,8252,4,8224
20260726_formal4t4_reuse_intensive_Ideal_rep2,2,Ideal,Ideal,25,reuse_intensive:rep2:req25,reuse_intensive,0,2,1,L0002,8192,2,2;3,True,1789728539.986965,8192,8192,8192,21.671712636947632,False,False,False,False,8192,163.84,2,2,8224.0,True,cache_reused,False,False,0,0.0,ff048c031ae82d515ffe1888f73d320c710de46633bd29a231972a02badab508,True,,,1,0,391.003754,864.549202,6,8252,4,8224
20260726_formal4t4_reuse_intensive_Ideal_rep2,2,Ideal,Ideal,26,reuse_intensive:rep2:req26,reuse_intensive,0,2,2,L0002,8192,2,2;3,True,1789728539.9869998,8192,8192,8192,21.67174744606018,False,False,False,False,8192,161.84,2,2,8224.0,True,cache_reused,False,False,0,0.0,8ada2abf3f88c43eb4e903dcf5fb9b7ff1bbc1dd47820be6d1a0a85a23e84fee,True,,,1,0,556.2205,1007.797083,6,8252,4,8224
20260726_formal4t4_reuse_intensive_Ideal_rep2,2,Ideal,Ideal,27,reuse_intensive:rep2:req27,reuse_intensive,0,0,1,L0000,8192,3,3,True,1789728539.987028,8192,8192,8192,0.0001990795135498047,False,False,False,False,8192,161.84,1,1,8224.0,True,cache_reused,False,False,0,0.0,291a0bee3b392ff5a3c4ef5d73d5bc327d5a1314600dc2c95bfc38e035434082,True,,,1,0,644.345828,1333.293448,6,8252,4,8224
20260726_formal4t4_reuse_intensive_Ideal_rep2,2,Ideal,Ideal,28,reuse_intensive:rep2:req28,reuse_intensive,0,12,0,L0012,8192,3,0;1;2;3,False,1789728541.3269074,8192,8192,8192,48.85741972923279,False,False,False,False,8192,0.0,4,4,8224.0,False,cache_reused,False,False,0,0.0,cf2387411ac3674443b588e1e31b16cef452a78058363c08d3de344a7e6fbb77,True,,,1,0,247.825802,719.644321,6,8252,4,8224
20260726_formal4t4_reuse_intensive_Ideal_rep2,2,Ideal,Ideal,29,reuse_intensive:rep2:req29,reuse_intensive,0,3,0,L0003,8192,2,0;1;2;3,False,1789728541.3269584,8192,8192,8192,34.27666997909546,False,False,False,False,8192,0.0,4,4,8224.0,False,cache_reused,False,False,0,0.0,069741a8781cbe24dcf782f941bb1ca35a6980b61037d4aabb12572361fbe9d7,True,,,1,0,229.725115,654.964688,6,8252,4,8224
20260726_formal4t4_reuse_intensive_Ideal_rep2,2,Ideal,Ideal,30,reuse_intensive:rep2:req30,reuse_intensive,0,41,0,L0041,8192,1,,False,1789728541.3269868,0,0,0,,False,False,False,False,0,0.0,0,0,32.0,False,cache_miss,False,False,0,0.0,35f9344ddd78c2be78db576f19acde4661e2bbd57dab4c04c75936faa95eef7d,True,,,1,0,10049.442072,10511.391952,6,8252,4,32
20260726_formal4t4_reuse_intensive_Ideal_rep2,2,Ideal,Ideal,31,reuse_intensive:rep2:req31,reuse_intensive,0,18,0,L0018,8192,0,,False,1789728541.3270118,0,0,0,,False,False,False,False,0,0.0,0,0,32.0,False,cache_miss,False,False,0,0.0,b15a5238cdb23217311d4f84cd5e1dd93871d91c7af0565b3c8ebca6b5ff0dac,True,,,1,0,9431.395017,9867.155715,6,8252,4,32
20260726_formal4t4_reuse_intensive_Ideal_rep2,2,Ideal,Ideal,32,reuse_intensive:rep2:req32,reuse_intensive,0,0,2,L0000,8192,3,3,True,1789728551.843676,8192,8192,8192,10.517371416091919,False,False,False,False,8192,163.84,1,1,8224.0,True,cache_reused,False,False,0,0.0,6ed594783323ab9b5fdd5b5dfbed52aec839d8f6d3687c3c683158e239c59eed,True,,,1,0,334.446439,798.246787,6,8252,4,8224
20260726_formal4t4_reuse_intensive_Ideal_rep2,2,Ideal,Ideal,33,reuse_intensive:rep2:req33,reuse_intensive,0,7,0,L0007,8192,2,0;1;2;3,False,1789728551.8437304,8192,8192,8192,106.24422073364258,False,False,False,False,8192,0.0,4,4,8224.0,False,cache_reused,False,False,0,0.0,1a0dbe435def78844a2f24d84830307e5fc10a48c75f933ba02dd3f40179849f,True,,,1,0,381.445176,847.651133,6,8252,4,8224
20260726_formal4t4_reuse_intensive_Ideal_rep2,2,Ideal,Ideal,34,reuse_intensive:rep2:req34,reuse_intensive,0,0,0,L0000,8192,3,3,True,1789728551.8437648,8192,8192,8192,10.517460107803345,False,False,False,False,8192,161.84,1,1,8224.0,True,cache_reused,False,False,0,0.0,5d1bd07de8e84514ee2b8e6f25c345d98f39bcf56a091d01bd08537dbd14dfae,True,,,1,0,504.049066,931.719032,6,8252,4,8224
20260726_formal4t4_reuse_intensive_Ideal_rep2,2,Ideal,Ideal,35,reuse_intensive:rep2:req35,reuse_intensive,0,5,0,L0005,8192,1,1;2;3,False,1789728551.843797,8192,8192,8192,128.61791920661926,False,False,False,False,8192,0.0,3,3,8224.0,False,cache_reused,False,False,0,0.0,9dc2f9483a909aa4729d8645578707397948266f31756cb1742e7e8ef5bfcc34,True,,,1,0,221.718634,652.981274,6,8252,4,8224
20260726_formal4t4_reuse_intensive_Ideal_rep2,2,Ideal,Ideal,36,reuse_intensive:rep2:req36,reuse_intensive,0,6,0,L0006,8192,1,0;1;2;3,False,1789728552.7809012,8192,8192,8192,117.98069763183594,False,False,False,False,8192,0.0,4,4,8224.0,False,cache_reused,False,False,0,0.0,2b32e3179e7cdd20dbaf0164fd5bc648762ab7887d9d5b9914c607417d9be71a,True,,,1,0,219.115211,634.648216,6,8252,4,8224
20260726_formal4t4_reuse_intensive_Ideal_rep2,2,Ideal,Ideal,37,reuse_intensive:rep2:req37,reuse_intensive,0,5,1,L0005,8192,2,1;2;3,False,1789728552.7809513,8192,8192,8192,129.55507040023804,False,False,False,False,8192,0.0,3,3,8224.0,False,cache_reused,False,False,0,0.0,0ea37c2f2f6f66b1c172fd702972af9ca40230cec93a9aea07db2ebebb3a6bf0,True,,,1,0,236.137235,699.672958,6,8252,4,8224
20260726_formal4t4_reuse_intensive_Ideal_rep2,2,Ideal,Ideal,38,reuse_intensive:rep2:req38,reuse_intensive,0,46,0,L0046,8192,3,,False,1789728552.7809815,0,0,0,,False,False,False,False,0,0.0,0,0,32.0,False,cache_miss,False,False,0,0.0,47a22223a54abfa91c7737a86af03ad140012b1c094a51f523825cc29377fcaf,True,,,1,0,9743.105964,10555.96728,6,8252,4,32
20260726_formal4t4_reuse_intensive_Ideal_rep2,2,Ideal,Ideal,39,reuse_intensive:rep2:req39,reuse_intensive,0,4,1,L0004,8192,3,2;3,True,1789728552.7810175,8192,8192,8192,11.456507444381714,False,False,False,False,8192,161.84,2,2,8224.0,True,cache_reused,False,False,0,0.0,8bb9b2bde599eee2b1228036d4f2c7a343d0fcb16bf8a98c6c54af4f2ffca4c8,True,,,1,0,9742.146743,10555.253133,6,8252,4,8224
20260726_formal4t4_reuse_intensive_Ideal_rep2,2,Ideal,Ideal,40,reuse_intensive:rep2:req40,reuse_intensive,0,37,0,L0037,8192,0,,False,1789728563.3427887,0,0,0,,False,False,False,False,0,0.0,0,0,32.0,False,cache_miss,False,False,0,0.0,a1fcbeaf0fea527f1c412cabe60a18d1f377a3e8df1eb88ac6dd96bb04b17a04,True,,,1,0,10356.113796,10876.35313,6,8252,4,32
20260726_formal4t4_reuse_intensive_Ideal_rep2,2,Ideal,Ideal,41,reuse_intensive:rep2:req41,reuse_intensive,0,0,1,L0000,8192,3,3,True,1789728563.3428411,8192,8192,8192,10.563110828399658,False,False,False,False,8192,163.84,1,1,8224.0,True,cache_reused,False,False,0,0.0,593e8271cbe7e84fb3ea7194fa406680cd761724ca060222f478043f196195f1,True,,,1,0,227.718046,632.298365,6,8252,4,8224
20260726_formal4t4_reuse_intensive_Ideal_rep2,2,Ideal,Ideal,42,reuse_intensive:rep2:req42,reuse_intensive,0,4,2,L0004,8192,2,2;3,False,1789728563.342883,8192,8192,8192,152.2272219657898,False,False,False,False,8192,0.0,2,2,8224.0,False,cache_reused,False,False,0,0.0,9b80328ff6a25362527dce1717d4a1053874ecb2802ac0bbb07681447057e35c,True,,,1,0,344.461771,787.294629,6,8252,4,8224
20260726_formal4t4_reuse_intensive_Ideal_rep2,2,Ideal,Ideal,43,reuse_intensive:rep2:req43,reuse_intensive,0,11,1,L0011,8192,1,0;1;2;3,False,1789728563.3429217,8192,8192,8192,82.85048699378967,False,False,False,False,8192,0.0,4,4,8224.0,False,cache_reused,False,False,0,0.0,a7dbefc6d2c173402e843863b52ec219a0a3cea5de553491cd74e9fb322e645c,True,,,1,0,344.915245,805.144257,6,8252,4,8224
20260726_formal4t4_reuse_intensive_Ideal_rep2,2,Ideal,Ideal,44,reuse_intensive:rep2:req44,reuse_intensive,0,0,2,L0000,8192,3,3,False,1789728574.2220876,8192,8192,8192,0.0017442703247070312,False,False,False,False,8192,0.0,1,1,8224.0,False,cache_reused,False,False,0,0.0,62c1ff05300739175f37443c4a283c019508879a7e62d9dfd53cb74dd445a768,True,,,1,0,370.618511,784.795154,6,8252,4,8224
20260726_formal4t4_reuse_intensive_Ideal_rep2,2,Ideal,Ideal,45,reuse_intensive:rep2:req45,reuse_intensive,0,8,2,L0008,8192,0,0;1;2;3,False,1789728574.2221417,8192,8192,8192,116.61426973342896,False,False,False,False,8192,0.0,4,4,8224.0,False,cache_reused,False,False,0,0.0,142bd983693dd355ceaee483ca9d552fc16177a75c6a1050c70390f29f4aefbe,True,,,1,0,219.665729,1149.816998,6,8252,4,8224
20260726_formal4t4_reuse_intensive_Ideal_rep2,2,Ideal,Ideal,46,reuse_intensive:rep2:req46,reuse_intensive,0,8,0,L0008,8192,2,0;1;2;3,False,1789728574.222195,8192,8192,8192,44.47456932067871,False,False,False,False,8192,0.0,4,4,8224.0,False,cache_reused,False,False,0,0.0,be89b126c8f2850e8ce7aa0d2a3ef6ca65ce75f9eb4741a5d524e5f5958034fd,True,,,1,0,360.273514,817.184572,6,8252,4,8224
20260726_formal4t4_reuse_intensive_Ideal_rep2,2,Ideal,Ideal,47,reuse_intensive:rep2:req47,reuse_intensive,0,1,1,L0001,8192,0,0;2,True,1789728574.2222283,8192,8192,8192,66.11711812019348,False,False,False,False,8192,161.84,2,2,8224.0,True,cache_reused,False,False,0,0.0,98c5764e6a019c661fbcd4ab2309664ad835b36a28a09adf3ea4232f8faf5010,True,,,1,0,527.96933,1295.041567,6,8252,4,8224
20260726_formal4t4_reuse_intensive_Ideal_rep2,2,Ideal,Ideal,48,reuse_intensive:rep2:req48,reuse_intensive,0,28,0,L0028,8192,3,,False,1789728575.5224397,0,0,0,,False,False,False,False,0,0.0,0,0,32.0,False,cache_miss,False,False,0,0.0,7e3b5e42a71b5d74f2c96e3577231f86c76c7e1187a227bcff3e52ca1c74e4dd,True,,,1,0,10429.927918,10906.89102,6,8252,4,32
20260726_formal4t4_reuse_intensive_Ideal_rep2,2,Ideal,Ideal,49,reuse_intensive:rep2:req49,reuse_intensive,0,7,1,L0007,8192,1,0;1;2;3,False,1789728575.5224621,8192,8192,8192,129.92295670509338,False,False,False,False,8192,0.0,4,4,8224.0,False,cache_reused,False,False,0,0.0,ca3fbd325debf4601d2c17438de8c88b5ee18940221dee40bcf37b004055603a,True,,,1,0,346.279518,771.615334,6,8252,4,8224
20260726_formal4t4_reuse_intensive_Ideal_rep2,2,Ideal,Ideal,50,reuse_intensive:rep2:req50,reuse_intensive,0,17,0,L0017,8192,0,,False,1789728575.5224736,0,0,0,,False,False,False,False,0,0.0,0,0,32.0,False,cache_miss,False,False,0,0.0,4750b2775a34d74c04f6d611836db5c64316b1911e143a14370c34b393eabacd,True,,,1,0,10333.906455,10806.88019,6,8252,4,32
20260726_formal4t4_reuse_intensive_Ideal_rep2,2,Ideal,Ideal,51,reuse_intensive:rep2:req51,reuse_intensive,0,27,0,L0027,8192,2,,False,1789728575.5224817,0,0,0,,False,False,False,False,0,0.0,0,0,32.0,False,cache_miss,False,False,0,0.0,2c2dd8893b44a903f4750e2f9ae88b1176175038c573eca9d28f3a36f4959c2b,True,,,1,0,9722.93933,10185.289565,6,8252,4,32
20260726_formal4t4_reuse_intensive_Ideal_rep2,2,Ideal,Ideal,52,reuse_intensive:rep2:req52,reuse_intensive,0,8,1,L0008,8192,0,0;1;2;3,False,1789728586.4304137,8192,8192,8192,10.908569574356079,False,False,False,False,8192,0.0,4,4,8224.0,False,cache_reused,False,False,0,0.0,fc6b4cbe2eea6741eb2a54ff1319060fa8f6cce25aa7b40a4eab24a5de34baaf,True,,,1,0,213.481752,708.938241,6,8252,4,8224
20260726_formal4t4_reuse_intensive_Ideal_rep2,2,Ideal,Ideal,53,reuse_intensive:rep2:req53,reuse_intensive,0,0,0,L0000,8192,3,3,True,1789728586.430432,8192,8192,8192,10.908844947814941,False,False,False,False,8192,163.84,1,1,8224.0,True,cache_reused,False,False,0,0.0,196b7a7353ae07bf7aa6b7d32199b40122876d77ebe7219f22a0c130547b47c4,True,,,1,0,211.3253,651.847599,6,8252,4,8224
20260726_formal4t4_reuse_intensive_Ideal_rep2,2,Ideal,Ideal,54,reuse_intensive:rep2:req54,reuse_intensive,0,45,0,L0045,8192,1,,False,1789728586.4304426,0,0,0,,False,False,False,False,0,0.0,0,0,32.0,False,cache_miss,False,False,0,0.0,df578103e406496185fb7ed5a60017a32f63d05f0494422ab18eb80b6fb84760,True,,,1,0,9458.887005,9912.734004,6,8252,4,32
20260726_formal4t4_reuse_intensive_Ideal_rep2,2,Ideal,Ideal,55,reuse_intensive:rep2:req55,reuse_intensive,0,0,1,L0000,8192,3,3,True,1789728586.4304533,8192,8192,8192,10.908866167068481,False,False,False,False,8192,161.84,1,1,8224.0,True,cache_reused,False,False,0,0.0,948f3e41d065aed57a36eabcc5ebe780d6169cfe6bf4e742471999f5f5d187a9,True,,,1,0,358.671759,785.418308,6,8252,4,8224
20260726_formal4t4_reuse_intensive_Ideal_rep2,2,Ideal,Ideal,56,reuse_intensive:rep2:req56,reuse_intensive,0,0,2,L0000,8192,3,3,False,1789728596.3468492,8192,8192,8192,0.0006010532379150391,False,False,False,False,8192,0.0,1,1,8224.0,False,cache_reused,False,False,0,0.0,ad1decda87957fc2814dbb59c8d59b4b03baa9123cf615d53d308f149a8cb018,True,,,1,0,363.333163,808.44364,6,8252,4,8224
20260726_formal4t4_reuse_intensive_Ideal_rep2,2,Ideal,Ideal,57,reuse_intensive:rep2:req57,reuse_intensive,0,1,2,L0001,8192,2,0;2,False,1789728596.3468993,8192,8192,8192,56.36004710197449,False,False,False,False,8192,0.0,2,2,8224.0,False,cache_reused,False,False,0,0.0,0159d280cd6c617130f5dad4b630354e957c057ba85ad2c2339a8e4f637e1e13,True,,,1,0,369.767642,841.195596,6,8252,4,8224
20260726_formal4t4_reuse_intensive_Ideal_rep2,2,Ideal,Ideal,58,reuse_intensive:rep2:req58,reuse_intensive,0,0,0,L0000,8192,3,3,True,1789728596.346935,8192,8192,8192,0.0006868839263916016,False,False,False,False,8192,161.84,1,1,8224.0,True,cache_reused,False,False,0,0.0,9130ee0637bd3901638e0abad41b0a00174bd13d9c75966ed11f1fcf6c725408,True,,,1,0,516.709915,941.089367,6,8252,4,8224
20260726_formal4t4_reuse_intensive_Ideal_rep2,2,Ideal,Ideal,59,reuse_intensive:rep2:req59,reuse_intensive,0,1,0,L0001,8192,0,0;2,True,1789728596.3469667,8192,8192,8192,20.82472825050354,False,False,False,False,8192,163.84,2,2,8224.0,True,cache_reused,False,False,0,0.0,980334c7bef080d7c0f12515b888686a793e721827da6a10144041a492514c80,True,,,1,0,388.386721,831.130571,6,8252,4,8224
20260726_formal4t4_reuse_intensive_Ideal_rep2,2,Ideal,Ideal,60,reuse_intensive:rep2:req60,reuse_intensive,1,64,0,L0064,8192,3,,False,1789728597.2934134,0,0,0,,False,False,False,False,0,0.0,0,0,32.0,False,cache_miss,False,False,0,0.0,089b463c84a51c60153b7b1300f7bcdce3869347c6054cd0c96cca1e2ad11121,True,,,1,0,10022.477916,10453.644201,6,8252,4,32
20260726_formal4t4_reuse_intensive_Ideal_rep2,2,Ideal,Ideal,61,reuse_intensive:rep2:req61,reuse_intensive,1,64,1,L0064,8192,0,,False,1789728597.2934513,0,0,0,,False,False,False,False,0,0.0,0,0,32.0,False,cache_miss,False,False,0,0.0,1290be72643c164c005daa5d2a1fe50f73a6d54e09d92d23f4d1c1e474f2b8e1,True,,,1,0,9792.960481,10243.332792,6,8252,4,32
20260726_formal4t4_reuse_intensive_Ideal_rep2,2,Ideal,Ideal,62,reuse_intensive:rep2:req62,reuse_intensive,1,65,0,L0065,8192,2,,False,1789728597.2934752,0,0,0,,False,False,False,False,0,0.0,0,0,32.0,False,cache_miss,False,False,0,0.0,7dd510f5482a1f9b7d8ea8988e38ee2d8870ac90aac280b0706fe5ce9827fe2a,True,,,1,0,9334.236862,9768.948991,6,8252,4,32
20260726_formal4t4_reuse_intensive_Ideal_rep2,2,Ideal,Ideal,63,reuse_intensive:rep2:req63,reuse_intensive,1,64,2,L0064,8192,1,,False,1789728597.2934966,0,0,0,,False,False,False,False,0,0.0,0,0,32.0,False,cache_miss,False,False,0,0.0,52cce7c74e4e91f4f4f6cd8db7a92176cd4947747f5ae9d2ebdb89a4cd369904,True,,,1,0,9630.125812,10058.161301,6,8252,4,32
20260726_formal4t4_reuse_intensive_Ideal_rep2,2,Ideal,Ideal,64,reuse_intensive:rep2:req64,reuse_intensive,1,87,0,L0087,8192,3,,False,1789728607.749342,0,0,0,,False,False,False,False,0,0.0,0,0,32.0,False,cache_miss,False,False,0,0.0,6136dec0b7a68ba831a2f5f738e6851ec23f478f9cea0d29a1eb94b71ad180d6,True,,,1,0,9511.04691,9939.235334,6,8252,4,32
20260726_formal4t4_reuse_intensive_Ideal_rep2,2,Ideal,Ideal,65,reuse_intensive:rep2:req65,reuse_intensive,1,70,0,L0070,8192,1,,False,1789728607.7493708,0,0,0,,False,False,False,False,0,0.0,0,0,32.0,False,cache_miss,False,False,0,0.0,c5371b60956b1c9696d04dbd8afb66dea4097a50d142e03320445e2f6b87ca2b,True,,,1,0,9999.978738,10448.812534,6,8252,4,32
20260726_formal4t4_reuse_intensive_Ideal_rep2,2,Ideal,Ideal,66,reuse_intensive:rep2:req66,reuse_intensive,1,65,1,L0065,8192,2,2,False,1789728607.7494,8192,8192,8192,0.0009493827819824219,False,False,False,False,8192,0.0,1,1,8224.0,False,cache_reused,False,False,0,0.0,a55f570480c95aa5af08c7a6488fcd8019bc3bfded7cda8eeff94b6666f84edb,True,,,1,0,211.055125,647.199875,6,8252,4,8224
20260726_formal4t4_reuse_intensive_Ideal_rep2,2,Ideal,Ideal,67,reuse_intensive:rep2:req67,reuse_intensive,1,64,0,L0064,8192,0,0;1;3,False,1789728607.7494292,8192,8192,8192,0.0014395713806152344,False,False,False,False,8192,0.0,3,3,8224.0,False,cache_reused,False,False,0,0.0,e2b200ba7863357962de0c01014023799d49358425265a9c34bbe16fb76aea88,True,,,1,0,227.989334,678.832067,6,8252,4,8224
20260726_formal4t4_reuse_intensive_Ideal_rep2,2,Ideal,Ideal,68,reuse_intensive:rep2:req68,reuse_intensive,1,72,0,L0072,8192,1,,False,1789728618.2020164,0,0,0,,False,False,False,False,0,0.0,0,0,32.0,False,cache_miss,False,False,0,0.0,97b76441701ed0ceb0ead9910f18eceadd5e0c7c5f918ca6c8ae126f4ffb6b04,True,,,1,0,10712.694851,11177.687641,6,8252,4,32
20260726_formal4t4_reuse_intensive_Ideal_rep2,2,Ideal,Ideal,69,reuse_intensive:rep2:req69,reuse_intensive,1,65,2,L0065,8192,2,2,False,1789728618.2020676,8192,8192,8192,0.0012121200561523438,False,False,False,False,8192,0.0,1,1,8224.0,False,cache_reused,False,False,0,0.0,32dc4b74cdb112b3b2ec648199640ee58cde6b80a665b6133c9850f2dab7b978,True,,,1,0,348.486195,796.289867,6,8252,4,8224
20260726_formal4t4_reuse_intensive_Ideal_rep2,2,Ideal,Ideal,70,reuse_intensive:rep2:req70,reuse_intensive,1,64,1,L0064,8192,0,0;1;3,False,1789728618.2021112,8192,8192,8192,0.0006878376007080078,False,False,False,False,8192,0.0,3,3,8224.0,False,cache_reused,False,False,0,0.0,2dfe3323a7ca2ee242b9bbce3767e727e5dbdc2f78aeef039828082eaa9a5c79,True,,,1,0,349.684782,819.808367,6,8252,4,8224
20260726_formal4t4_reuse_intensive_Ideal_rep2,2,Ideal,Ideal,71,reuse_intensive:rep2:req71,reuse_intensive,1,80,0,L0080,8192,3,,False,1789728618.2021384,0,0,0,,False,False,False,False,0,0.0,0,0,32.0,False,cache_miss,False,False,0,0.0,27f38208f3927636ae3c6e32f17ca7425b5e5886e5ebe63984d4889e567fe225,True,,,1,0,10536.515445,10985.130752,6,8252,4,32
20260726_formal4t4_reuse_intensive_Ideal_rep2,2,Ideal,Ideal,72,reuse_intensive:rep2:req72,reuse_intensive,1,79,0,L0079,8192,3,,False,1789728629.3826578,0,0,0,,False,False,False,False,0,0.0,0,0,32.0,False,cache_miss,False,False,0,0.0,b6956cc5614a0b1578b66bd33a7e0d3c8b3374b7f40b2bad49c848a3a7fc42f4,True,,,1,0,9821.483578,10681.482819,6,8252,4,32
20260726_formal4t4_reuse_intensive_Ideal_rep2,2,Ideal,Ideal,73,reuse_intensive:rep2:req73,reuse_intensive,1,72,1,L0072,8192,1,1,False,1789728629.3827088,8192,8192,8192,0.0024576187133789062,False,False,False,False,8192,0.0,1,1,8224.0,False,cache_reused,False,False,0,0.0,df71dd454fffd374a03b454544fdef9cbdf4f6f09cb77c41779dd760333f3a50,True,,,1,0,235.031128,698.868025,6,8252,4,8224
20260726_formal4t4_reuse_intensive_Ideal_rep2,2,Ideal,Ideal,74,reuse_intensive:rep2:req74,reuse_intensive,1,69,0,L0069,8192,0,,False,1789728629.3827388,0,0,0,,False,False,False,False,0,0.0,0,0,32.0,False,cache_miss,False,False,0,0.0,2c93cde8aaeb807c14bf2499093e4152946db7ad77c3600a2df51bd3ad3c3df4,True,,,1,0,9834.149533,10287.596016,6,8252,4,32
20260726_formal4t4_reuse_intensive_Ideal_rep2,2,Ideal,Ideal,75,reuse_intensive:rep2:req75,reuse_intensive,1,64,2,L0064,8192,3,0;1;3,True,1789728629.3827765,8192,8192,8192,21.635302305221558,False,False,False,False,8192,161.84,3,3,8224.0,True,cache_reused,False,False,0,0.0,6b07931ddd9160348eef2489db86c421d4754c25255d7a4dfc2524defb27f2be,True,,,1,0,9817.580426,10677.500134,6,8252,4,8224
20260726_formal4t4_reuse_intensive_Ideal_rep2,2,Ideal,Ideal,76,reuse_intensive:rep2:req76,reuse_intensive,1,65,0,L0065,8192,2,2,True,1789728640.0670464,8192,8192,8192,10.686146020889282,False,False,False,False,8192,163.84,1,1,8224.0,True,cache_reused,False,False,0,0.0,ca4113398b34da714df494a0093cfdda3c5eae6ae0683fc7a2b0cd5a5f9e62a4,True,,,1,0,446.344058,923.931216,6,8252,4,8224
20260726_formal4t4_reuse_intensive_Ideal_rep2,2,Ideal,Ideal,77,reuse_intensive:rep2:req77,reuse_intensive,1,64,0,L0064,8192,3,0;1;3,False,1789728640.067102,8192,8192,8192,0.0006823539733886719,False,False,False,False,8192,0.0,3,3,8224.0,False,cache_reused,False,False,0,0.0,9601aada4782c74362cbb48446d7c6369b5a5360cccc36830c195967be1caa60,True,,,1,0,217.438099,652.197562,6,8252,4,8224
20260726_formal4t4_reuse_intensive_Ideal_rep2,2,Ideal,Ideal,78,reuse_intensive:rep2:req78,reuse_intensive,1,65,1,L0065,8192,2,2,True,1789728640.0671382,8192,8192,8192,10.686237812042236,False,False,False,False,8192,161.84,1,1,8224.0,True,cache_reused,False,False,0,0.0,0584b869fcaf48eeafd166c0dca95ba0d00eda1c3f74f18ee2310f912b61295f,True,,,1,0,443.546601,921.03824,6,8252,4,8224
20260726_formal4t4_reuse_intensive_Ideal_rep2,2,Ideal,Ideal,79,reuse_intensive:rep2:req79,reuse_intensive,1,64,1,L0064,8192,1,0;1;3,False,1789728640.067179,8192,8192,8192,32.318297386169434,False,False,False,False,8192,0.0,3,3,8224.0,False,cache_reused,False,False,0,0.0,212cd440e9519b1bce52979883203bcb12042ae9cf6955bc27f1cb1bc0d73af9,True,,,1,0,367.496457,808.900933,6,8252,4,8224
20260726_formal4t4_reuse_intensive_Ideal_rep2,2,Ideal,Ideal,80,reuse_intensive:rep2:req80,reuse_intensive,1,73,0,L0073,8192,1,,False,1789728640.9938512,0,0,0,,False,False,False,False,0,0.0,0,0,32.0,False,cache_miss,False,False,0,0.0,9818930ec124b5c931afe6cc70ea60869c8ce69b04841ae64a0cd1cb9e401ff2,True,,,1,0,9918.102853,10776.01756,6,8252,4,32
20260726_formal4t4_reuse_intensive_Ideal_rep2,2,Ideal,Ideal,81,reuse_intensive:rep2:req81,reuse_intensive,1,68,0,L0068,8192,0,,False,1789728640.9938881,0,0,0,,False,False,False,False,0,0.0,0,0,32.0,False,cache_miss,False,False,0,0.0,d049e0b8cb5d4896cda90acbe959ebb14876d8bd10a682b9ea5242d02301de69,True,,,1,0,10362.881175,10819.080271,6,8252,4,32
20260726_formal4t4_reuse_intensive_Ideal_rep2,2,Ideal,Ideal,82,reuse_intensive:rep2:req82,reuse_intensive,1,70,1,L0070,8192,1,1,True,1789728640.9939268,8192,8192,8192,22.793642282485962,False,False,False,False,8192,161.84,1,1,8224.0,True,cache_reused,False,False,0,0.0,e4a2705cb448c668bc26166a3fc0c6fb761ca95f1eb3b684d9bb84f3a8736b2d,True,,,1,0,9915.721346,10773.725187,6,8252,4,8224
20260726_formal4t4_reuse_intensive_Ideal_rep2,2,Ideal,Ideal,83,reuse_intensive:rep2:req83,reuse_intensive,1,65,2,L0065,8192,2,2,True,1789728640.9939623,8192,8192,8192,0.0012748241424560547,False,False,False,False,8192,163.84,1,1,8224.0,True,cache_reused,False,False,0,0.0,4e1f5c17d756f5d17af7643d9e1bde4cf1d4a250dc37c76899965c4abdafd4ef,True,,,1,0,238.736242,675.992614,6,8252,4,8224
20260726_formal4t4_reuse_intensive_Ideal_rep2,2,Ideal,Ideal,84,reuse_intensive:rep2:req84,reuse_intensive,1,66,0,L0066,8192,3,,False,1789728651.8171048,0,0,0,,False,False,False,False,0,0.0,0,0,32.0,False,cache_miss,False,False,0,0.0,9bc0bf2d172418345aab6707a7ca937c4f84c0e6b2cdcbb1ab96ded587094ad1,True,,,1,0,10391.308851,10835.410748,6,8252,4,32
20260726_formal4t4_reuse_intensive_Ideal_rep2,2,Ideal,Ideal,85,reuse_intensive:rep2:req85,reuse_intensive,1,64,2,L0064,8192,0,0;1;3,False,1789728651.8171747,8192,8192,8192,22.43569040298462,False,False,False,False,8192,0.0,3,3,8224.0,False,cache_reused,False,False,0,0.0,120e6b77ae605dfa4535c9c7240e43f30903fe0ba77ffe15fa146396042c139a,True,,,1,0,200.950465,651.859874,6,8252,4,8224
20260726_formal4t4_reuse_intensive_Ideal_rep2,2,Ideal,Ideal,86,reuse_intensive:rep2:req86,reuse_intensive,1,83,0,L0083,8192,1,,False,1789728651.8172066,0,0,0,,False,False,False,False,0,0.0,0,0,32.0,False,cache_miss,False,False,0,0.0,de9aa71987fcf2f093464f04c71fafd1654a02a297e2e63319daec3650d87e6b,True,,,1,0,10016.370337,10444.313094,6,8252,4,32
20260726_formal4t4_reuse_intensive_Ideal_rep2,2,Ideal,Ideal,87,reuse_intensive:rep2:req87,reuse_intensive,1,67,0,L0067,8192,2,,False,1789728651.8172297,0,0,0,,False,False,False,False,0,0.0,0,0,32.0,False,cache_miss,False,False,0,0.0,dc2b780e14a0a0cd31af07acd852506f505fcf1e0cd75cc5b4f4943013a2eb5a,True,,,1,0,8803.949328,9217.672869,6,8252,4,32
20260726_formal4t4_reuse_intensive_Ideal_rep2,2,Ideal,Ideal,88,reuse_intensive:rep2:req88,reuse_intensive,1,71,0,L0071,8192,0,,False,1789728662.655499,0,0,0,,False,False,False,False,0,0.0,0,0,32.0,False,cache_miss,False,False,0,0.0,c10e854a522c218a5b96a391f44ccc16d5518440c00a9bf7d893f3943b753128,True,,,1,0,9898.136975,10342.556322,6,8252,4,32
20260726_formal4t4_reuse_intensive_Ideal_rep2,2,Ideal,Ideal,89,reuse_intensive:rep2:req89,reuse_intensive,1,75,0,L0075,8192,3,,False,1789728662.6555362,0,0,0,,False,False,False,False,0,0.0,0,0,32.0,False,cache_miss,False,False,0,0.0,bce9e6cd07280a130440f87ff54e0eeae1dabdc0df1674069a388cef2f91dc8d,True,,,1,0,9405.505753,9812.794772,6,8252,4,32
20260726_formal4t4_reuse_intensive_Ideal_rep2,2,Ideal,Ideal,90,reuse_intensive:rep2:req90,reuse_intensive,1,95,0,L0095,8192,1,,False,1789728662.65556,0,0,0,,False,False,False,False,0,0.0,0,0,32.0,False,cache_miss,False,False,0,0.0,774e9b173dd7fdb195a7c89afd61b544f154878f7a9c48cdb2c180887af4e25f,True,,,1,0,9449.301204,9859.608791,6,8252,4,32
20260726_formal4t4_reuse_intensive_Ideal_rep2,2,Ideal,Ideal,91,reuse_intensive:rep2:req91,reuse_intensive,1,75,1,L0075,8192,2,,False,1789728662.65558,0,0,0,,False,False,False,False,0,0.0,0,0,32.0,False,cache_miss,False,False,0,0.0,71e680116932770d26d6b66996c8bbfaeac2fc988d43efb3e6d3818188b3c865,True,,,1,0,8694.971641,9107.592495,6,8252,4,32
20260726_formal4t4_reuse_intensive_Ideal_rep2,2,Ideal,Ideal,92,reuse_intensive:rep2:req92,reuse_intensive,1,68,1,L0068,8192,0,0,False,1789728673.0009143,8192,8192,8192,21.185535669326782,False,False,False,False,8192,0.0,1,1,8224.0,False,cache_reused,False,False,0,0.0,52e1bf74ac97d105d56890e2448c8858138d00a7f5915d3b2e0e28071c7f2012,True,,,1,0,205.732594,666.182535,6,8252,4,8224
20260726_formal4t4_reuse_intensive_Ideal_rep2,2,Ideal,Ideal,93,reuse_intensive:rep2:req93,reuse_intensive,1,64,0,L0064,8192,3,0;1;3,True,1789728673.000969,8192,8192,8192,32.00885891914368,False,False,False,False,8192,163.84,3,3,8224.0,True,cache_reused,False,False,0,0.0,eaa5261a7da6bb18845b084a68a3536f4583087263b067fc6721d771fa187655,True,,,1,0,224.447045,658.989805,6,8252,4,8224
20260726_formal4t4_reuse_intensive_Ideal_rep2,2,Ideal,Ideal,94,reuse_intensive:rep2:req94,reuse_intensive,1,65,0,L0065,8192,2,2,True,1789728673.0010056,8192,8192,8192,21.184491634368896,False,False,False,False,8192,163.84,1,1,8224.0,True,cache_reused,False,False,0,0.0,a09b0669da85a88f0dd2edd866b8c53c240434193ba765361ae679423f6f9439,True,,,1,0,223.922362,660.620694,6,8252,4,8224
20260726_formal4t4_reuse_intensive_Ideal_rep2,2,Ideal,Ideal,95,reuse_intensive:rep2:req95,reuse_intensive,1,89,0,L0089,8192,1,,False,1789728673.0010316,0,0,0,,False,False,False,False,0,0.0,0,0,32.0,False,cache_miss,False,False,0,0.0,405b6a06cdb6f45bf4eb275fa1a023eea626574912b986b7232562cdd653a8c5,True,,,1,0,10119.417968,10580.668835,6,8252,4,32
20260726_formal4t4_reuse_intensive_Ideal_rep2,2,Ideal,Ideal,96,reuse_intensive:rep2:req96,reuse_intensive,1,104,0,L0104,8192,3,,False,1789728683.5879548,0,0,0,,False,False,False,False,0,0.0,0,0,16.0,False,cache_miss,False,False,0,0.0,714bdb5d100a6df7b4f454f4d15e2792577260040f142502e4b774d5f35f6c6f,True,,,1,0,10596.68979,11433.946871,6,8252,4,16
20260726_formal4t4_reuse_intensive_Ideal_rep2,2,Ideal,Ideal,97,reuse_intensive:rep2:req97,reuse_intensive,1,66,1,L0066,8192,3,3,True,1789728683.5880055,8192,8192,8192,20.934940338134766,False,False,False,False,8192,161.84,1,1,8224.0,True,cache_reused,False,False,0,0.0,25e8740cd368c6b511d4b791f00a6c004a7f54f81b53a87446cdefd3f348f97c,True,,,1,0,10595.530101,11432.843417,6,8252,4,8224
20260726_formal4t4_reuse_intensive_Ideal_rep2,2,Ideal,Ideal,98,reuse_intensive:rep2:req98,reuse_intensive,1,67,1,L0067,8192,2,2,True,1789728683.5880444,8192,8192,8192,20.933148860931396,False,False,False,False,8192,163.84,1,1,8224.0,True,cache_reused,False,False,0,0.0,f5252df799197c3832c6992636df7557ed22b2207a422d2f384e4059b8d067e4,True,,,1,0,358.370018,798.185013,6,8252,4,8224
20260726_formal4t4_reuse_intensive_Ideal_rep2,2,Ideal,Ideal,99,reuse_intensive:rep2:req99,reuse_intensive,1,64,1,L0064,8192,0,0;1;3,False,1789728683.5880845,8192,8192,8192,20.93433427810669,False,False,False,False,8192,0.0,3,3,8224.0,False,cache_reused,False,False,0,0.0,c9009cfe2d86f8f687dbd544149711c71ae42148e9593f18df7da620f9a71dd3,True,,,1,0,350.52751,819.495689,6,8252,4,8224
20260726_formal4t4_reuse_intensive_Ideal_rep2,2,Ideal,Ideal,100,reuse_intensive:rep2:req100,reuse_intensive,1,64,2,L0064,8192,3,0;1;3,True,1789728695.0250294,8192,8192,8192,11.4388108253479,False,False,False,False,8192,163.84,3,3,8224.0,True,cache_reused,False,False,0,0.0,65dbc9812fb7f487f5be296519fb5a6bac19908e8da47c4ee077873caa25c0ee,True,,,1,0,228.708044,1072.721832,6,8253,4,8224
20260726_formal4t4_reuse_intensive_Ideal_rep2,2,Ideal,Ideal,101,reuse_intensive:rep2:req101,reuse_intensive,1,80,1,L0080,8192,3,3,True,1789728695.0250788,8192,8192,8192,65.64303135871887,False,False,False,False,8192,161.84,1,1,8224.0,True,cache_reused,False,False,0,0.0,1f0637a2ea51ba3044f40d81a420f529896c0946355161dbe1822db6764fe584,True,,,1,0,509.840222,1222.701575,6,8253,4,8224
20260726_formal4t4_reuse_intensive_Ideal_rep2,2,Ideal,Ideal,102,reuse_intensive:rep2:req102,reuse_intensive,1,64,0,L0064,8192,1,0;1;3,True,1789728695.0251155,8192,8192,8192,54.03185772895813,False,False,False,False,8192,163.84,3,3,8224.0,True,cache_reused,False,False,0,0.0,59e2ea9fa42e23df452bdefe23182f9217f8f1265ec1399b70d9fa91c5457a98,True,,,1,0,337.497129,786.315175,6,8253,4,8224
20260726_formal4t4_reuse_intensive_Ideal_rep2,2,Ideal,Ideal,103,reuse_intensive:rep2:req103,reuse_intensive,1,71,1,L0071,8192,0,0,False,1789728695.0251465,8192,8192,8192,22.026646375656128,False,False,False,False,8192,0.0,1,1,8224.0,False,cache_reused,False,False,0,0.0,01e18760c2078d0b4eb39f2e176311783005becb011fac7a6d2476e5b829c5c6,True,,,1,0,349.590265,815.687046,6,8253,4,8224
20260726_formal4t4_reuse_intensive_Ideal_rep2,2,Ideal,Ideal,104,reuse_intensive:rep2:req104,reuse_intensive,1,65,1,L0065,8192,2,2,False,1789728696.2519016,8192,8192,8192,12.665112018585205,False,False,False,False,8192,0.0,1,1,8224.0,False,cache_reused,False,False,0,0.0,124d014d4bc49d169aa266d62a3236b31481a4cad4fae2d287e98e6f878f6715,True,,,1,0,391.280442,828.532287,6,8253,4,8224
20260726_formal4t4_reuse_intensive_Ideal_rep2,2,Ideal,Ideal,105,reuse_intensive:rep2:req105,reuse_intensive,1,64,1,L0064,8192,3,0;1;3,False,1789728696.2519538,8192,8192,8192,0.0024547576904296875,False,False,False,False,8192,0.0,3,3,8224.0,False,cache_reused,False,False,0,0.0,28e381c5b2415d41aac25e2c52d2dd0b9b818ab0868d67bb3b8e23c6762f7be3,True,,,1,0,236.554053,669.949538,6,8253,4,8224
20260726_formal4t4_reuse_intensive_Ideal_rep2,2,Ideal,Ideal,106,reuse_intensive:rep2:req106,reuse_intensive,1,64,2,L0064,8192,0,0;1;3,False,1789728696.2519894,8192,8192,8192,1.2275700569152832,False,False,False,False,8192,0.0,3,3,8224.0,False,cache_reused,False,False,0,0.0,8bfbf70de2d1964010356544da5f0d0debbdb3f972ff11f8774a4ed50b2ccf41,True,,,1,0,199.857867,654.518275,6,8253,4,8224
20260726_formal4t4_reuse_intensive_Ideal_rep2,2,Ideal,Ideal,107,reuse_intensive:rep2:req107,reuse_intensive,1,64,0,L0064,8192,1,0;1;3,False,1789728696.2520192,8192,8192,8192,0.0012862682342529297,False,False,False,False,8192,0.0,3,3,8224.0,False,cache_reused,False,False,0,0.0,7be5f7c41e156f2971302c2baa675a9d96a74f8a81f341316ed018f750e15ca2,True,,,1,0,220.545052,648.439396,6,8253,4,8224
20260726_formal4t4_reuse_intensive_Ideal_rep2,2,Ideal,Ideal,108,reuse_intensive:rep2:req108,reuse_intensive,1,94,0,L0094,8192,2,,False,1789728697.0833094,0,0,0,,False,False,False,False,0,0.0,0,0,32.0,False,cache_miss,False,False,0,0.0,3de91450727624791d3296e6c3825a49421b56d98aecac994e87a274bc409b41,True,,,1,0,9793.288668,10237.22913,6,8253,4,32
20260726_formal4t4_reuse_intensive_Ideal_rep2,2,Ideal,Ideal,109,reuse_intensive:rep2:req109,reuse_intensive,1,77,0,L0077,8192,0,,False,1789728697.0833461,0,0,0,,False,False,False,False,0,0.0,0,0,32.0,False,cache_miss,False,False,0,0.0,1bcd96494fd6e45ee308fd9dff99b42d41bb800a3062ca252b714233bd7570c0,True,,,1,0,9286.708968,10156.327225,6,8253,4,32
20260726_formal4t4_reuse_intensive_Ideal_rep2,2,Ideal,Ideal,110,reuse_intensive:rep2:req110,reuse_intensive,1,66,2,L0066,8192,3,3,True,1789728697.0833862,8192,8192,8192,2.0601062774658203,False,False,False,False,8192,163.84,1,1,8224.0,True,cache_reused,False,False,0,0.0,abfe7e7965e0d13158c27dba77eb3caa7ffdb1c2144994c7f5fed57690dc2319,True,,,1,0,230.718777,679.122625,6,8253,4,8224
20260726_formal4t4_reuse_intensive_Ideal_rep2,2,Ideal,Ideal,111,reuse_intensive:rep2:req111,reuse_intensive,1,69,1,L0069,8192,0,0,True,1789728697.083421,8192,8192,8192,57.01757287979126,False,False,False,False,8192,161.84,1,1,8224.0,True,cache_reused,False,False,0,0.0,41e741b52ad71de3c8486c423c3a0e73b725171bf8b0fdaf5b03b7d9b9435ade,True,,,1,0,9284.246265,10153.75274,6,8253,4,8224
20260726_formal4t4_reuse_intensive_Ideal_rep2,2,Ideal,Ideal,112,reuse_intensive:rep2:req112,reuse_intensive,1,114,0,L0114,8192,0,,False,1789728707.323437,0,0,0,,False,False,False,False,0,0.0,0,0,16.0,False,cache_miss,False,False,0,0.0,37c790177b6ef6a13ca9e1a3fa641f4515f90d2fc212c64890a25dca9507dd0e,True,,,1,0,9176.202474,9615.075648,6,8253,4,16
20260726_formal4t4_reuse_intensive_Ideal_rep2,2,Ideal,Ideal,113,reuse_intensive:rep2:req113,reuse_intensive,1,64,1,L0064,8192,1,0;1;3,False,1789728707.3234951,8192,8192,8192,10.240789651870728,False,False,False,False,8192,0.0,3,3,8224.0,False,cache_reused,False,False,0,0.0,f6d8ec6aefc4054b37a7f60d9b0216efe4bee9e32116eea017fdcab89e788940,True,,,1,0,384.752026,816.825386,6,8253,4,8224
20260726_formal4t4_reuse_intensive_Ideal_rep2,2,Ideal,Ideal,114,reuse_intensive:rep2:req114,reuse_intensive,1,103,0,L0103,8192,3,,False,1789728707.3235345,0,0,0,,False,False,False,False,0,0.0,0,0,32.0,False,cache_miss,False,False,0,0.0,af8d8f90f89aea20c1e17ca3c365a0e456ea84c941e1b080ce63e9cf5f48573b,True,,,1,0,9438.834607,9856.947135,6,8253,4,32
20260726_formal4t4_reuse_intensive_Ideal_rep2,2,Ideal,Ideal,115,reuse_intensive:rep2:req115,reuse_intensive,1,82,0,L0082,8192,2,,False,1789728707.3235645,0,0,0,,False,False,False,False,0,0.0,0,0,32.0,False,cache_miss,False,False,0,0.0,6ce997657342dbe65fd341e65ef87b8131d713e3c0930b11f94961945db59395,True,,,1,0,9425.934984,9873.666855,6,8253,4,32
20260726_formal4t4_reuse_intensive_Ideal_rep2,2,Ideal,Ideal,116,reuse_intensive:rep2:req116,reuse_intensive,1,64,2,L0064,8192,1,0;1;3,False,1789728717.2039604,8192,8192,8192,0.0017731189727783203,False,False,False,False,8192,0.0,3,3,8224.0,False,cache_reused,False,False,0,0.0,5d189ab6a7ebd0d9a7c9ace2857ec14dffe3d564b7ef63bc4a34e9fa54af950f,True,,,1,0,372.213256,806.199075,6,8253,4,8224
20260726_formal4t4_reuse_intensive_Ideal_rep2,2,Ideal,Ideal,117,reuse_intensive:rep2:req117,reuse_intensive,1,66,0,L0066,8192,3,3,True,1789728717.2040114,8192,8192,8192,9.881741762161255,False,False,False,False,8192,163.84,1,1,8224.0,True,cache_reused,False,False,0,0.0,f1eec5cc5ae7d69ea5638429f01e4adca919eb6bf6624d6992666250fb4606c5,True,,,1,0,230.935339,678.060599,6,8253,4,8224
20260726_formal4t4_reuse_intensive_Ideal_rep2,2,Ideal,Ideal,118,reuse_intensive:rep2:req118,reuse_intensive,1,65,2,L0065,8192,2,2,False,1789728717.2040482,8192,8192,8192,20.123140811920166,False,False,False,False,8192,0.0,1,1,8224.0,False,cache_reused,False,False,0,0.0,e56e2a11f47afd2229e18a5167cb4ec3edcef4e1d38e15dcd387b73bbc7fe032,True,,,1,0,224.487984,660.649416,6,8253,4,8224
20260726_formal4t4_reuse_intensive_Ideal_rep2,2,Ideal,Ideal,119,reuse_intensive:rep2:req119,reuse_intensive,1,90,0,L0090,8192,0,,False,1789728717.2040732,0,0,0,,False,False,False,False,0,0.0,0,0,32.0,False,cache_miss,False,False,0,0.0,9350f56a6788f7af180f8ecbdf4fa64efedc07b14a97d65a96f70a42d4485bbc,True,,,1,0,10428.823549,10910.382728,6,8253,4,32
20260726_formal4t4_reuse_intensive_StaticSemantic@rho1.2_rep2,2,StaticSemantic@rho1.2,StaticSemantic,24,reuse_intensive:rep2:req24,reuse_intensive,0,4,0,L0004,8192,2,0;2,False,1789728938.7689157,8192,8192,8192,151.40305495262146,False,False,False,False,8192,0.0,2,2,8224.0,False,cache_reused,False,False,0,0.0,0a52ca127c5c854d75a2ebf29ead6a12aa952dddb6ad216d64081071141dd65c,True,,,1,0,374.780394,831.80375,6,8252,4,8224
20260726_formal4t4_reuse_intensive_StaticSemantic@rho1.2_rep2,2,StaticSemantic@rho1.2,StaticSemantic,25,reuse_intensive:rep2:req25,reuse_intensive,0,2,1,L0002,8192,3,0;3,False,1789728938.7689645,8192,8192,8192,174.9533336162567,False,False,False,False,8192,0.0,2,2,8224.0,False,cache_reused,False,False,0,0.0,ff048c031ae82d515ffe1888f73d320c710de46633bd29a231972a02badab508,True,,,1,0,246.329595,714.034162,6,8252,4,8224
20260726_formal4t4_reuse_intensive_StaticSemantic@rho1.2_rep2,2,StaticSemantic@rho1.2,StaticSemantic,26,reuse_intensive:rep2:req26,reuse_intensive,0,2,2,L0002,8192,0,0;3,False,1789728938.7689977,8192,8192,8192,174.95353865623474,False,False,False,False,8192,0.0,2,2,32.0,False,fallback_prefill,True,True,0,8160.0,8ada2abf3f88c43eb4e903dcf5fb9b7ff1bbc1dd47820be6d1a0a85a23e84fee,True,,,1,0,10934.861853,11434.290121,6,8252,4,32
20260726_formal4t4_reuse_intensive_StaticSemantic@rho1.2_rep2,2,StaticSemantic@rho1.2,StaticSemantic,27,reuse_intensive:rep2:req27,reuse_intensive,0,0,1,L0000,8192,1,,False,1789728938.7690222,8192,0,0,209.64226078987122,True,True,False,False,0,0.0,0,0,32.0,False,cache_miss,False,False,0,0.0,291a0bee3b392ff5a3c4ef5d73d5bc327d5a1314600dc2c95bfc38e035434082,True,,,1,0,9340.743049,9788.852652,6,8252,4,32
20260726_formal4t4_reuse_intensive_StaticSemantic@rho1.2_rep2,2,StaticSemantic@rho1.2,StaticSemantic,28,reuse_intensive:rep2:req28,reuse_intensive,0,12,0,L0012,8192,1,,False,1789728950.2089672,8192,0,0,221.0822057723999,True,True,False,False,0,0.0,0,0,8224.0,False,cache_reused,False,False,0,0.0,cf2387411ac3674443b588e1e31b16cef452a78058363c08d3de344a7e6fbb77,True,,,1,0,208.884583,632.966058,6,8252,4,8224
20260726_formal4t4_reuse_intensive_StaticSemantic@rho1.2_rep2,2,StaticSemantic@rho1.2,StaticSemantic,29,reuse_intensive:rep2:req29,reuse_intensive,0,3,0,L0003,8192,2,0;2,True,1789728950.2090254,8192,8192,8192,174.3113796710968,False,False,False,False,8192,163.84,2,2,8224.0,True,cache_reused,False,False,0,0.0,069741a8781cbe24dcf782f941bb1ca35a6980b61037d4aabb12572361fbe9d7,True,,,1,0,373.96317,842.446462,6,8252,4,8224
20260726_formal4t4_reuse_intensive_StaticSemantic@rho1.2_rep2,2,StaticSemantic@rho1.2,StaticSemantic,30,reuse_intensive:rep2:req30,reuse_intensive,0,41,0,L0041,8192,0,,False,1789728950.209056,0,0,0,,False,False,False,False,0,0.0,0,0,32.0,False,cache_miss,False,False,0,0.0,35f9344ddd78c2be78db576f19acde4661e2bbd57dab4c04c75936faa95eef7d,True,,,1,0,9911.762219,10364.319147,6,8252,4,32
20260726_formal4t4_reuse_intensive_StaticSemantic@rho1.2_rep2,2,StaticSemantic@rho1.2,StaticSemantic,31,reuse_intensive:rep2:req31,reuse_intensive,0,18,0,L0018,8192,3,,False,1789728950.2090812,0,0,0,,False,False,False,False,0,0.0,0,0,32.0,False,cache_miss,False,False,0,0.0,b15a5238cdb23217311d4f84cd5e1dd93871d91c7af0565b3c8ebca6b5ff0dac,True,,,1,0,9490.382467,9923.279579,6,8252,4,32
20260726_formal4t4_reuse_intensive_StaticSemantic@rho1.2_rep2,2,StaticSemantic@rho1.2,StaticSemantic,32,reuse_intensive:rep2:req32,reuse_intensive,0,0,2,L0000,8192,2,,False,1789728960.5789485,8192,0,0,231.45218706130981,True,True,False,False,0,0.0,0,0,8224.0,False,cache_reused,False,False,0,0.0,6ed594783323ab9b5fdd5b5dfbed52aec839d8f6d3687c3c683158e239c59eed,True,,,1,0,409.821934,1260.964661,6,8252,4,8224
20260726_formal4t4_reuse_intensive_StaticSemantic@rho1.2_rep2,2,StaticSemantic@rho1.2,StaticSemantic,33,reuse_intensive:rep2:req33,reuse_intensive,0,7,0,L0007,8192,0,0;2,True,1789728960.5790074,8192,8192,8192,139.46368408203125,False,False,False,False,8192,163.84,2,2,8224.0,True,cache_reused,False,False,0,0.0,1a0dbe435def78844a2f24d84830307e5fc10a48c75f933ba02dd3f40179849f,True,,,1,0,240.673682,714.710706,6,8252,4,8224
20260726_formal4t4_reuse_intensive_StaticSemantic@rho1.2_rep2,2,StaticSemantic@rho1.2,StaticSemantic,34,reuse_intensive:rep2:req34,reuse_intensive,0,0,0,L0000,8192,3,,False,1789728960.5790381,8192,0,0,231.45227670669556,True,True,False,False,0,0.0,0,0,32.0,False,cache_miss,False,False,0,0.0,5d1bd07de8e84514ee2b8e6f25c345d98f39bcf56a091d01bd08537dbd14dfae,True,,,1,0,9524.363709,9964.262618,6,8252,4,32
20260726_formal4t4_reuse_intensive_StaticSemantic@rho1.2_rep2,2,StaticSemantic@rho1.2,StaticSemantic,35,reuse_intensive:rep2:req35,reuse_intensive,0,5,0,L0005,8192,2,0;2,True,1789728960.5790734,8192,8192,8192,162.04887580871582,False,False,False,False,8192,161.84,2,2,8224.0,True,cache_reused,False,False,0,0.0,9dc2f9483a909aa4729d8645578707397948266f31756cb1742e7e8ef5bfcc34,True,,,1,0,699.170088,1401.413575,6,8252,4,8224
20260726_formal4t4_reuse_intensive_StaticSemantic@rho1.2_rep2,2,StaticSemantic@rho1.2,StaticSemantic,36,reuse_intensive:rep2:req36,reuse_intensive,0,6,0,L0006,8192,0,0;2,False,1789728970.5489278,8192,8192,8192,160.58777236938477,False,False,False,False,8192,0.0,2,2,5552.0,False,cache_reused,False,False,0,2640.0,2b32e3179e7cdd20dbaf0164fd5bc648762ab7887d9d5b9914c607417d9be71a,True,,,1,0,7314.744654,21421.116905,6,8252,4,5552
20260726_formal4t4_reuse_intensive_StaticSemantic@rho1.2_rep2,2,StaticSemantic@rho1.2,StaticSemantic,37,reuse_intensive:rep2:req37,reuse_intensive,0,5,1,L0005,8192,2,0;2,True,1789728970.5489776,8192,8192,8192,172.01877999305725,False,False,False,False,8192,163.84,2,2,8224.0,True,cache_reused,False,False,0,0.0,0ea37c2f2f6f66b1c172fd702972af9ca40230cec93a9aea07db2ebebb3a6bf0,True,,,1,0,369.265093,818.435034,6,8252,4,8224
20260726_formal4t4_reuse_intensive_StaticSemantic@rho1.2_rep2,2,StaticSemantic@rho1.2,StaticSemantic,38,reuse_intensive:rep2:req38,reuse_intensive,0,46,0,L0046,8192,1,,False,1789728970.5490072,0,0,0,,False,False,False,False,0,0.0,0,0,32.0,False,cache_miss,False,False,0,0.0,47a22223a54abfa91c7737a86af03ad140012b1c094a51f523825cc29377fcaf,True,,,1,0,8969.431925,9380.762582,6,8252,4,32
20260726_formal4t4_reuse_intensive_StaticSemantic@rho1.2_rep2,2,StaticSemantic@rho1.2,StaticSemantic,39,reuse_intensive:rep2:req39,reuse_intensive,0,4,1,L0004,8192,0,0;2,True,1789728970.5490398,8192,8192,8192,183.18331480026245,False,False,True,True,8192,161.84,2,2,32.0,True,fallback_prefill,True,True,0,8160.0,8bb9b2bde599eee2b1228036d4f2c7a343d0fcb16bf8a98c6c54af4f2ffca4c8,True,,,1,0,22842.243571,23288.058843,6,8252,4,32
20260726_formal4t4_reuse_intensive_StaticSemantic@rho1.2_rep2,2,StaticSemantic@rho1.2,StaticSemantic,40,reuse_intensive:rep2:req40,reuse_intensive,0,37,0,L0037,8192,3,,False,1789728993.8439312,0,0,0,,False,False,False,False,0,0.0,0,0,32.0,False,cache_miss,False,False,0,0.0,a1fcbeaf0fea527f1c412cabe60a18d1f377a3e8df1eb88ac6dd96bb04b17a04,True,,,1,0,9260.687873,9705.6131,6,8252,4,32
20260726_formal4t4_reuse_intensive_StaticSemantic@rho1.2_rep2,2,StaticSemantic@rho1.2,StaticSemantic,41,reuse_intensive:rep2:req41,reuse_intensive,0,0,1,L0000,8192,2,,False,1789728993.8439698,8192,0,0,264.71720838546753,True,True,False,False,0,0.0,0,0,8224.0,False,cache_reused,False,False,0,0.0,593e8271cbe7e84fb3ea7194fa406680cd761724ca060222f478043f196195f1,True,,,1,0,382.64475,832.14475,6,8252,4,8224
20260726_formal4t4_reuse_intensive_StaticSemantic@rho1.2_rep2,2,StaticSemantic@rho1.2,StaticSemantic,42,reuse_intensive:rep2:req42,reuse_intensive,0,4,2,L0004,8192,0,0;2,True,1789728993.8440168,8192,8192,8192,206.47829174995422,False,False,False,False,8192,163.84,2,2,8224.0,True,cache_reused,False,False,0,0.0,9b80328ff6a25362527dce1717d4a1053874ecb2802ac0bbb07681447057e35c,True,,,1,0,228.142108,1098.672124,6,8252,4,8224
20260726_formal4t4_reuse_intensive_StaticSemantic@rho1.2_rep2,2,StaticSemantic@rho1.2,StaticSemantic,43,reuse_intensive:rep2:req43,reuse_intensive,0,11,1,L0011,8192,0,0;3,True,1789728993.844054,8192,8192,8192,138.62134766578674,False,False,False,False,8192,161.84,2,2,8224.0,True,cache_reused,False,False,0,0.0,a7dbefc6d2c173402e843863b52ec219a0a3cea5de553491cd74e9fb322e645c,True,,,1,0,517.68811,1247.258942,6,8252,4,8224
20260726_formal4t4_reuse_intensive_StaticSemantic@rho1.2_rep2,2,StaticSemantic@rho1.2,StaticSemantic,44,reuse_intensive:rep2:req44,reuse_intensive,0,0,2,L0000,8192,1,,False,1789729003.5526884,8192,0,0,274.42592692375183,True,True,False,False,0,0.0,0,0,8224.0,False,cache_reused,False,False,0,0.0,62c1ff05300739175f37443c4a283c019508879a7e62d9dfd53cb74dd445a768,True,,,1,0,362.484008,826.595072,6,8252,4,8224
20260726_formal4t4_reuse_intensive_StaticSemantic@rho1.2_rep2,2,StaticSemantic@rho1.2,StaticSemantic,45,reuse_intensive:rep2:req45,reuse_intensive,0,8,2,L0008,8192,3,0;3,False,1789729003.5527465,8192,8192,8192,171.54214668273926,False,False,False,False,8192,0.0,2,2,8224.0,False,cache_reused,False,False,0,0.0,142bd983693dd355ceaee483ca9d552fc16177a75c6a1050c70390f29f4aefbe,True,,,1,0,222.267397,666.391324,6,8252,4,8224
20260726_formal4t4_reuse_intensive_StaticSemantic@rho1.2_rep2,2,StaticSemantic@rho1.2,StaticSemantic,46,reuse_intensive:rep2:req46,reuse_intensive,0,8,0,L0008,8192,0,0;3,False,1789729003.5527852,8192,8192,8192,171.54236721992493,False,False,False,False,8192,0.0,2,2,8224.0,False,cache_reused,False,False,0,0.0,be89b126c8f2850e8ce7aa0d2a3ef6ca65ce75f9eb4741a5d524e5f5958034fd,True,,,1,0,679.183774,1602.803956,6,8252,4,8224
20260726_formal4t4_reuse_intensive_StaticSemantic@rho1.2_rep2,2,StaticSemantic@rho1.2,StaticSemantic,47,reuse_intensive:rep2:req47,reuse_intensive,0,1,1,L0001,8192,0,0,True,1789729003.5528176,8192,8192,8192,251.89281702041626,False,False,False,False,8192,161.84,1,1,8224.0,True,cache_reused,False,False,0,0.0,98c5764e6a019c661fbcd4ab2309664ad835b36a28a09adf3ea4232f8faf5010,True,,,1,0,678.07681,1601.810118,6,8252,4,8224
20260726_formal4t4_reuse_intensive_StaticSemantic@rho1.2_rep2,2,StaticSemantic@rho1.2,StaticSemantic,48,reuse_intensive:rep2:req48,reuse_intensive,0,28,0,L0028,8192,0,,False,1789729005.161362,0,0,0,,False,False,False,False,0,0.0,0,0,32.0,False,cache_miss,False,False,0,0.0,7e3b5e42a71b5d74f2c96e3577231f86c76c7e1187a227bcff3e52ca1c74e4dd,True,,,1,0,10349.290112,10843.861474,6,8252,4,32
20260726_formal4t4_reuse_intensive_StaticSemantic@rho1.2_rep2,2,StaticSemantic@rho1.2,StaticSemantic,49,reuse_intensive:rep2:req49,reuse_intensive,0,7,1,L0007,8192,2,0;2,True,1789729005.1614156,8192,8192,8192,184.04592990875244,False,False,False,False,8192,163.84,2,2,8224.0,True,cache_reused,False,False,0,0.0,ca3fbd325debf4601d2c17438de8c88b5ee18940221dee40bcf37b004055603a,True,,,1,0,362.926694,799.515711,6,8252,4,8224
20260726_formal4t4_reuse_intensive_StaticSemantic@rho1.2_rep2,2,StaticSemantic@rho1.2,StaticSemantic,50,reuse_intensive:rep2:req50,reuse_intensive,0,17,0,L0017,8192,3,,False,1789729005.1614473,0,0,0,,False,False,False,False,0,0.0,0,0,32.0,False,cache_miss,False,False,0,0.0,4750b2775a34d74c04f6d611836db5c64316b1911e143a14370c34b393eabacd,True,,,1,0,9179.270656,9606.373122,6,8252,4,32
20260726_formal4t4_reuse_intensive_StaticSemantic@rho1.2_rep2,2,StaticSemantic@rho1.2,StaticSemantic,51,reuse_intensive:rep2:req51,reuse_intensive,0,27,0,L0027,8192,1,,False,1789729005.161471,0,0,0,,False,False,False,False,0,0.0,0,0,32.0,False,cache_miss,False,False,0,0.0,2c2dd8893b44a903f4750e2f9ae88b1176175038c573eca9d28f3a36f4959c2b,True,,,1,0,9719.994718,10172.220837,6,8252,4,32
20260726_formal4t4_reuse_intensive_StaticSemantic@rho1.2_rep2,2,StaticSemantic@rho1.2,StaticSemantic,52,reuse_intensive:rep2:req52,reuse_intensive,0,8,1,L0008,8192,0,0;3,True,1789729016.0084941,8192,8192,8192,183.99807620048523,False,False,False,False,8192,163.84,2,2,8224.0,True,cache_reused,False,False,0,0.0,fc6b4cbe2eea6741eb2a54ff1319060fa8f6cce25aa7b40a4eab24a5de34baaf,True,,,1,0,233.504359,690.186134,6,8252,4,8224
20260726_formal4t4_reuse_intensive_StaticSemantic@rho1.2_rep2,2,StaticSemantic@rho1.2,StaticSemantic,53,reuse_intensive:rep2:req53,reuse_intensive,0,0,0,L0000,8192,1,,False,1789729016.0085359,8192,0,0,286.8817744255066,True,True,False,False,0,0.0,0,0,8224.0,False,cache_reused,False,False,0,0.0,196b7a7353ae07bf7aa6b7d32199b40122876d77ebe7219f22a0c130547b47c4,True,,,1,0,223.219651,670.600323,6,8252,4,8224
20260726_formal4t4_reuse_intensive_StaticSemantic@rho1.2_rep2,2,StaticSemantic@rho1.2,StaticSemantic,54,reuse_intensive:rep2:req54,reuse_intensive,0,45,0,L0045,8192,2,,False,1789729016.008565,0,0,0,,False,False,False,False,0,0.0,0,0,32.0,False,cache_miss,False,False,0,0.0,df578103e406496185fb7ed5a60017a32f63d05f0494422ab18eb80b6fb84760,True,,,1,0,8487.93026,8917.910841,6,8252,4,32
20260726_formal4t4_reuse_intensive_StaticSemantic@rho1.2_rep2,2,StaticSemantic@rho1.2,StaticSemantic,55,reuse_intensive:rep2:req55,reuse_intensive,0,0,1,L0000,8192,3,,False,1789729016.0085888,8192,0,0,286.88182735443115,True,True,False,False,0,0.0,0,0,8224.0,False,cache_reused,False,False,0,0.0,948f3e41d065aed57a36eabcc5ebe780d6169cfe6bf4e742471999f5f5d187a9,True,,,1,0,216.976002,660.488467,6,8252,4,8224
20260726_formal4t4_reuse_intensive_StaticSemantic@rho1.2_rep2,2,StaticSemantic@rho1.2,StaticSemantic,56,reuse_intensive:rep2:req56,reuse_intensive,0,0,2,L0000,8192,2,,False,1789729024.9321432,8192,0,0,295.80538177490234,True,True,False,False,0,0.0,0,0,8224.0,False,cache_reused,False,False,0,0.0,ad1decda87957fc2814dbb59c8d59b4b03baa9123cf615d53d308f149a8cb018,True,,,1,0,225.025933,663.876857,6,8252,4,8224
20260726_formal4t4_reuse_intensive_StaticSemantic@rho1.2_rep2,2,StaticSemantic@rho1.2,StaticSemantic,57,reuse_intensive:rep2:req57,reuse_intensive,0,1,2,L0001,8192,0,0,True,1789729024.932214,8192,8192,8192,273.2722134590149,False,False,False,False,8192,163.84,1,1,8224.0,True,cache_reused,False,False,0,0.0,0159d280cd6c617130f5dad4b630354e957c057ba85ad2c2339a8e4f637e1e13,True,,,1,0,389.528087,935.475812,6,8252,4,8224
20260726_formal4t4_reuse_intensive_StaticSemantic@rho1.2_rep2,2,StaticSemantic@rho1.2,StaticSemantic,58,reuse_intensive:rep2:req58,reuse_intensive,0,0,0,L0000,8192,3,,False,1789729024.9322455,8192,0,0,295.8054840564728,True,True,False,False,0,0.0,0,0,8224.0,False,cache_reused,False,False,0,0.0,9130ee0637bd3901638e0abad41b0a00174bd13d9c75966ed11f1fcf6c725408,True,,,1,0,381.350093,835.488099,6,8252,4,8224
20260726_formal4t4_reuse_intensive_StaticSemantic@rho1.2_rep2,2,StaticSemantic@rho1.2,StaticSemantic,59,reuse_intensive:rep2:req59,reuse_intensive,0,1,0,L0001,8192,0,0,True,1789729024.93228,8192,8192,8192,273.2722795009613,False,False,False,False,8192,161.84,1,1,8224.0,True,cache_reused,False,False,0,0.0,980334c7bef080d7c0f12515b888686a793e721827da6a10144041a492514c80,True,,,1,0,581.053302,1096.586359,6,8252,4,8224
20260726_formal4t4_reuse_intensive_StaticSemantic@rho1.2_rep2,2,StaticSemantic@rho1.2,StaticSemantic,60,reuse_intensive:rep2:req60,reuse_intensive,1,64,0,L0064,8192,0,,False,1789729026.0360534,0,0,0,,False,False,False,False,0,0.0,0,0,32.0,False,cache_miss,False,False,0,0.0,089b463c84a51c60153b7b1300f7bcdce3869347c6054cd0c96cca1e2ad11121,True,,,1,0,10106.29183,10566.233409,6,8252,4,32
20260726_formal4t4_reuse_intensive_StaticSemantic@rho1.2_rep2,2,StaticSemantic@rho1.2,StaticSemantic,61,reuse_intensive:rep2:req61,reuse_intensive,1,64,1,L0064,8192,2,,False,1789729026.0360894,0,0,0,,False,False,False,False,0,0.0,0,0,32.0,False,cache_miss,False,False,0,0.0,1290be72643c164c005daa5d2a1fe50f73a6d54e09d92d23f4d1c1e474f2b8e1,True,,,1,0,9349.642847,9809.092991,6,8252,4,32
20260726_formal4t4_reuse_intensive_StaticSemantic@rho1.2_rep2,2,StaticSemantic@rho1.2,StaticSemantic,62,reuse_intensive:rep2:req62,reuse_intensive,1,65,0,L0065,8192,1,,False,1789729026.0361135,0,0,0,,False,False,False,False,0,0.0,0,0,32.0,False,cache_miss,False,False,0,0.0,7dd510f5482a1f9b7d8ea8988e38ee2d8870ac90aac280b0706fe5ce9827fe2a,True,,,1,0,9173.456585,9605.237799,6,8252,4,32
20260726_formal4t4_reuse_intensive_StaticSemantic@rho1.2_rep2,2,StaticSemantic@rho1.2,StaticSemantic,63,reuse_intensive:rep2:req63,reuse_intensive,1,64,2,L0064,8192,3,,False,1789729026.0361342,0,0,0,,False,False,False,False,0,0.0,0,0,32.0,False,cache_miss,False,False,0,0.0,52cce7c74e4e91f4f4f6cd8db7a92176cd4947747f5ae9d2ebdb89a4cd369904,True,,,1,0,10205.118623,10644.758428,6,8252,4,32
20260726_formal4t4_reuse_intensive_StaticSemantic@rho1.2_rep2,2,StaticSemantic@rho1.2,StaticSemantic,64,reuse_intensive:rep2:req64,reuse_intensive,1,87,0,L0087,8192,0,,False,1789729036.687847,0,0,0,,False,False,False,False,0,0.0,0,0,32.0,False,cache_miss,False,False,0,0.0,6136dec0b7a68ba831a2f5f738e6851ec23f478f9cea0d29a1eb94b71ad180d6,True,,,1,0,11511.440281,12034.780941,6,8252,4,32
20260726_formal4t4_reuse_intensive_StaticSemantic@rho1.2_rep2,2,StaticSemantic@rho1.2,StaticSemantic,65,reuse_intensive:rep2:req65,reuse_intensive,1,70,0,L0070,8192,3,,False,1789729036.6878834,0,0,0,,False,False,False,False,0,0.0,0,0,32.0,False,cache_miss,False,False,0,0.0,c5371b60956b1c9696d04dbd8afb66dea4097a50d142e03320445e2f6b87ca2b,True,,,1,0,9885.13939,10311.703303,6,8252,4,32
20260726_formal4t4_reuse_intensive_StaticSemantic@rho1.2_rep2,2,StaticSemantic@rho1.2,StaticSemantic,66,reuse_intensive:rep2:req66,reuse_intensive,1,65,1,L0065,8192,1,,False,1789729036.687907,8192,0,0,307.5611455440521,True,True,False,False,0,0.0,0,0,8224.0,False,cache_reused,False,False,0,0.0,a55f570480c95aa5af08c7a6488fcd8019bc3bfded7cda8eeff94b6666f84edb,True,,,1,0,226.684028,664.491669,6,8252,4,8224
20260726_formal4t4_reuse_intensive_StaticSemantic@rho1.2_rep2,2,StaticSemantic@rho1.2,StaticSemantic,67,reuse_intensive:rep2:req67,reuse_intensive,1,64,0,L0064,8192,2,,False,1789729036.6879303,8192,0,0,307.5611689090729,True,True,False,False,0,0.0,0,0,8224.0,False,cache_reused,False,False,0,0.0,e2b200ba7863357962de0c01014023799d49358425265a9c34bbe16fb76aea88,True,,,1,0,231.72433,692.420595,6,8252,4,8224
20260726_formal4t4_reuse_intensive_StaticSemantic@rho1.2_rep2,2,StaticSemantic@rho1.2,StaticSemantic,68,reuse_intensive:rep2:req68,reuse_intensive,1,72,0,L0072,8192,0,,False,1789729048.7258222,0,0,0,,False,False,False,False,0,0.0,0,0,32.0,False,cache_miss,False,False,0,0.0,97b76441701ed0ceb0ead9910f18eceadd5e0c7c5f918ca6c8ae126f4ffb6b04,True,,,1,0,10648.406325,11126.575099,6,8252,4,32
20260726_formal4t4_reuse_intensive_StaticSemantic@rho1.2_rep2,2,StaticSemantic@rho1.2,StaticSemantic,69,reuse_intensive:rep2:req69,reuse_intensive,1,65,2,L0065,8192,1,,False,1789729048.7258615,8192,0,0,319.59910011291504,True,True,False,False,0,0.0,0,0,8224.0,False,cache_reused,False,False,0,0.0,32dc4b74cdb112b3b2ec648199640ee58cde6b80a665b6133c9850f2dab7b978,True,,,1,0,347.387015,789.137325,6,8252,4,8224
20260726_formal4t4_reuse_intensive_StaticSemantic@rho1.2_rep2,2,StaticSemantic@rho1.2,StaticSemantic,70,reuse_intensive:rep2:req70,reuse_intensive,1,64,1,L0064,8192,2,,False,1789729048.7258897,8192,0,0,319.5991282463074,True,True,False,False,0,0.0,0,0,8224.0,False,cache_reused,False,False,0,0.0,2dfe3323a7ca2ee242b9bbce3767e727e5dbdc2f78aeef039828082eaa9a5c79,True,,,1,0,391.782386,859.168232,6,8252,4,8224
20260726_formal4t4_reuse_intensive_StaticSemantic@rho1.2_rep2,2,StaticSemantic@rho1.2,StaticSemantic,71,reuse_intensive:rep2:req71,reuse_intensive,1,80,0,L0080,8192,3,,False,1789729048.7259128,0,0,0,,False,False,False,False,0,0.0,0,0,32.0,False,cache_miss,False,False,0,0.0,27f38208f3927636ae3c6e32f17ca7425b5e5886e5ebe63984d4889e567fe225,True,,,1,0,10604.346721,11043.113207,6,8252,4,32
20260726_formal4t4_reuse_intensive_StaticSemantic@rho1.2_rep2,2,StaticSemantic@rho1.2,StaticSemantic,72,reuse_intensive:rep2:req72,reuse_intensive,1,79,0,L0079,8192,0,,False,1789729059.8557017,0,0,0,,False,False,False,False,0,0.0,0,0,32.0,False,cache_miss,False,False,0,0.0,b6956cc5614a0b1578b66bd33a7e0d3c8b3374b7f40b2bad49c848a3a7fc42f4,True,,,1,0,10276.610617,10750.919937,6,8252,4,32
20260726_formal4t4_reuse_intensive_StaticSemantic@rho1.2_rep2,2,StaticSemantic@rho1.2,StaticSemantic,73,reuse_intensive:rep2:req73,reuse_intensive,1,72,1,L0072,8192,2,,False,1789729059.8557394,8192,0,0,330.7289779186249,True,True,False,False,0,0.0,0,0,32.0,False,cache_miss,False,False,0,0.0,df71dd454fffd374a03b454544fdef9cbdf4f6f09cb77c41779dd760333f3a50,True,,,1,0,9659.215657,10119.767454,6,8252,4,32
20260726_formal4t4_reuse_intensive_StaticSemantic@rho1.2_rep2,2,StaticSemantic@rho1.2,StaticSemantic,74,reuse_intensive:rep2:req74,reuse_intensive,1,69,0,L0069,8192,1,,False,1789729059.8557675,0,0,0,,False,False,False,False,0,0.0,0,0,32.0,False,cache_miss,False,False,0,0.0,2c93cde8aaeb807c14bf2499093e4152946db7ad77c3600a2df51bd3ad3c3df4,True,,,1,0,8900.543207,9328.032326,6,8252,4,32
20260726_formal4t4_reuse_intensive_StaticSemantic@rho1.2_rep2,2,StaticSemantic@rho1.2,StaticSemantic,75,reuse_intensive:rep2:req75,reuse_intensive,1,64,2,L0064,8192,3,,False,1789729059.855789,8192,0,0,330.72902750968933,True,True,False,False,0,0.0,0,0,8224.0,False,cache_reused,False,False,0,0.0,6b07931ddd9160348eef2489db86c421d4754c25255d7a4dfc2524defb27f2be,True,,,1,0,217.146092,659.65699,6,8252,4,8224
20260726_formal4t4_reuse_intensive_StaticSemantic@rho1.2_rep2,2,StaticSemantic@rho1.2,StaticSemantic,76,reuse_intensive:rep2:req76,reuse_intensive,1,65,0,L0065,8192,0,,False,1789729070.6098773,8192,0,0,341.48311591148376,True,True,False,False,0,0.0,0,0,32.0,False,cache_miss,False,False,0,0.0,ca4113398b34da714df494a0093cfdda3c5eae6ae0683fc7a2b0cd5a5f9e62a4,True,,,1,0,10438.897106,10917.633934,6,8252,4,32
20260726_formal4t4_reuse_intensive_StaticSemantic@rho1.2_rep2,2,StaticSemantic@rho1.2,StaticSemantic,77,reuse_intensive:rep2:req77,reuse_intensive,1,64,0,L0064,8192,3,,False,1789729070.6099167,8192,0,0,341.4831552505493,True,True,False,False,0,0.0,0,0,8224.0,False,cache_reused,False,False,0,0.0,9601aada4782c74362cbb48446d7c6369b5a5360cccc36830c195967be1caa60,True,,,1,0,401.11893,856.175429,6,8252,4,8224
20260726_formal4t4_reuse_intensive_StaticSemantic@rho1.2_rep2,2,StaticSemantic@rho1.2,StaticSemantic,78,reuse_intensive:rep2:req78,reuse_intensive,1,65,1,L0065,8192,1,,False,1789729070.6099434,8192,0,0,341.4831819534302,True,True,False,False,0,0.0,0,0,8224.0,False,cache_reused,False,False,0,0.0,0584b869fcaf48eeafd166c0dca95ba0d00eda1c3f74f18ee2310f912b61295f,True,,,1,0,226.159461,663.78287,6,8252,4,8224
20260726_formal4t4_reuse_intensive_StaticSemantic@rho1.2_rep2,2,StaticSemantic@rho1.2,StaticSemantic,79,reuse_intensive:rep2:req79,reuse_intensive,1,64,1,L0064,8192,2,,False,1789729070.6099646,8192,0,0,341.4832031726837,True,True,False,False,0,0.0,0,0,8224.0,False,cache_reused,False,False,0,0.0,212cd440e9519b1bce52979883203bcb12042ae9cf6955bc27f1cb1bc0d73af9,True,,,1,0,232.262346,696.291276,6,8252,4,8224
20260726_formal4t4_reuse_intensive_StaticSemantic@rho1.2_rep2,2,StaticSemantic@rho1.2,StaticSemantic,80,reuse_intensive:rep2:req80,reuse_intensive,1,73,0,L0073,8192,0,,False,1789729081.5306652,0,0,0,,False,False,False,False,0,0.0,0,0,32.0,False,cache_miss,False,False,0,0.0,9818930ec124b5c931afe6cc70ea60869c8ce69b04841ae64a0cd1cb9e401ff2,True,,,1,0,10123.865097,10596.705765,6,8252,4,32
20260726_formal4t4_reuse_intensive_StaticSemantic@rho1.2_rep2,2,StaticSemantic@rho1.2,StaticSemantic,81,reuse_intensive:rep2:req81,reuse_intensive,1,68,0,L0068,8192,1,,False,1789729081.530703,0,0,0,,False,False,False,False,0,0.0,0,0,32.0,False,cache_miss,False,False,0,0.0,d049e0b8cb5d4896cda90acbe959ebb14876d8bd10a682b9ea5242d02301de69,True,,,1,0,10221.448787,10682.275898,6,8252,4,32
20260726_formal4t4_reuse_intensive_StaticSemantic@rho1.2_rep2,2,StaticSemantic@rho1.2,StaticSemantic,82,reuse_intensive:rep2:req82,reuse_intensive,1,70,1,L0070,8192,2,,False,1789729081.5307276,8192,0,0,352.4039661884308,True,True,False,False,0,0.0,0,0,32.0,False,cache_miss,False,False,0,0.0,e4a2705cb448c668bc26166a3fc0c6fb761ca95f1eb3b684d9bb84f3a8736b2d,True,,,1,0,8911.64129,9337.836755,6,8252,4,32
20260726_formal4t4_reuse_intensive_StaticSemantic@rho1.2_rep2,2,StaticSemantic@rho1.2,StaticSemantic,83,reuse_intensive:rep2:req83,reuse_intensive,1,65,2,L0065,8192,3,,False,1789729081.530752,8192,0,0,352.40399050712585,True,True,False,False,0,0.0,0,0,32.0,False,cache_miss,False,False,0,0.0,4e1f5c17d756f5d17af7643d9e1bde4cf1d4a250dc37c76899965c4abdafd4ef,True,,,1,0,11496.112203,11990.933048,6,8252,4,32
20260726_formal4t4_reuse_intensive_StaticSemantic@rho1.2_rep2,2,StaticSemantic@rho1.2,StaticSemantic,84,reuse_intensive:rep2:req84,reuse_intensive,1,66,0,L0066,8192,0,,False,1789729093.5286474,0,0,0,,False,False,False,False,0,0.0,0,0,32.0,False,cache_miss,False,False,0,0.0,9bc0bf2d172418345aab6707a7ca937c4f84c0e6b2cdcbb1ab96ded587094ad1,True,,,1,0,10396.565132,10875.770553,6,8252,4,32
20260726_formal4t4_reuse_intensive_StaticSemantic@rho1.2_rep2,2,StaticSemantic@rho1.2,StaticSemantic,85,reuse_intensive:rep2:req85,reuse_intensive,1,64,2,L0064,8192,2,,False,1789729093.5286849,8192,0,0,364.40192341804504,True,True,False,False,0,0.0,0,0,8224.0,False,cache_reused,False,False,0,0.0,120e6b77ae605dfa4535c9c7240e43f30903fe0ba77ffe15fa146396042c139a,True,,,1,0,357.563446,840.907794,6,8252,4,8224
20260726_formal4t4_reuse_intensive_StaticSemantic@rho1.2_rep2,2,StaticSemantic@rho1.2,StaticSemantic,86,reuse_intensive:rep2:req86,reuse_intensive,1,83,0,L0083,8192,1,,False,1789729093.5287147,0,0,0,,False,False,False,False,0,0.0,0,0,32.0,False,cache_miss,False,False,0,0.0,de9aa71987fcf2f093464f04c71fafd1654a02a297e2e63319daec3650d87e6b,True,,,1,0,9098.954607,9518.537406,6,8252,4,32
20260726_formal4t4_reuse_intensive_StaticSemantic@rho1.2_rep2,2,StaticSemantic@rho1.2,StaticSemantic,87,reuse_intensive:rep2:req87,reuse_intensive,1,67,0,L0067,8192,3,,False,1789729093.5287385,0,0,0,,False,False,False,False,0,0.0,0,0,32.0,False,cache_miss,False,False,0,0.0,dc2b780e14a0a0cd31af07acd852506f505fcf1e0cd75cc5b4f4943013a2eb5a,True,,,1,0,10454.024823,10918.717526,6,8252,4,32
20260726_formal4t4_reuse_intensive_StaticSemantic@rho1.2_rep2,2,StaticSemantic@rho1.2,StaticSemantic,88,reuse_intensive:rep2:req88,reuse_intensive,1,71,0,L0071,8192,0,,False,1789729104.4542387,0,0,0,,False,False,False,False,0,0.0,0,0,32.0,False,cache_miss,False,False,0,0.0,c10e854a522c218a5b96a391f44ccc16d5518440c00a9bf7d893f3943b753128,True,,,1,0,10982.893079,11446.819521,6,8252,4,32
20260726_formal4t4_reuse_intensive_StaticSemantic@rho1.2_rep2,2,StaticSemantic@rho1.2,StaticSemantic,89,reuse_intensive:rep2:req89,reuse_intensive,1,75,0,L0075,8192,3,,False,1789729104.4542766,0,0,0,,False,False,False,False,0,0.0,0,0,32.0,False,cache_miss,False,False,0,0.0,bce9e6cd07280a130440f87ff54e0eeae1dabdc0df1674069a388cef2f91dc8d,True,,,1,0,11297.410433,11797.223858,6,8252,4,32
20260726_formal4t4_reuse_intensive_StaticSemantic@rho1.2_rep2,2,StaticSemantic@rho1.2,StaticSemantic,90,reuse_intensive:rep2:req90,reuse_intensive,1,95,0,L0095,8192,1,,False,1789729104.4543025,0,0,0,,False,False,False,False,0,0.0,0,0,32.0,False,cache_miss,False,False,0,0.0,774e9b173dd7fdb195a7c89afd61b544f154878f7a9c48cdb2c180887af4e25f,True,,,1,0,9569.762045,10010.571134,6,8252,4,32
20260726_formal4t4_reuse_intensive_StaticSemantic@rho1.2_rep2,2,StaticSemantic@rho1.2,StaticSemantic,91,reuse_intensive:rep2:req91,reuse_intensive,1,75,1,L0075,8192,2,,False,1789729104.454322,0,0,0,,False,False,False,False,0,0.0,0,0,32.0,False,cache_miss,False,False,0,0.0,71e680116932770d26d6b66996c8bbfaeac2fc988d43efb3e6d3818188b3c865,True,,,1,0,8404.649491,8809.19556,6,8252,4,32
20260726_formal4t4_reuse_intensive_StaticSemantic@rho1.2_rep2,2,StaticSemantic@rho1.2,StaticSemantic,92,reuse_intensive:rep2:req92,reuse_intensive,1,68,1,L0068,8192,0,,False,1789729116.3432302,8192,0,0,387.21646881103516,True,True,False,False,0,0.0,0,0,32.0,False,cache_miss,False,False,0,0.0,52e1bf74ac97d105d56890e2448c8858138d00a7f5915d3b2e0e28071c7f2012,True,,,1,0,9934.291916,10382.763359,6,8252,4,32
20260726_formal4t4_reuse_intensive_StaticSemantic@rho1.2_rep2,2,StaticSemantic@rho1.2,StaticSemantic,93,reuse_intensive:rep2:req93,reuse_intensive,1,64,0,L0064,8192,1,,False,1789729116.3432555,8192,0,0,387.21649408340454,True,True,False,False,0,0.0,0,0,32.0,False,cache_miss,False,False,0,0.0,eaa5261a7da6bb18845b084a68a3536f4583087263b067fc6721d771fa187655,True,,,1,0,9346.528273,9776.666719,6,8252,4,32
20260726_formal4t4_reuse_intensive_StaticSemantic@rho1.2_rep2,2,StaticSemantic@rho1.2,StaticSemantic,94,reuse_intensive:rep2:req94,reuse_intensive,1,65,0,L0065,8192,2,,False,1789729116.3432715,8192,0,0,387.21651005744934,True,True,False,False,0,0.0,0,0,32.0,False,cache_miss,False,False,0,0.0,a09b0669da85a88f0dd2edd866b8c53c240434193ba765361ae679423f6f9439,True,,,1,0,9977.604787,10443.22567,6,8252,4,32
20260726_formal4t4_reuse_intensive_StaticSemantic@rho1.2_rep2,2,StaticSemantic@rho1.2,StaticSemantic,95,reuse_intensive:rep2:req95,reuse_intensive,1,89,0,L0089,8192,3,,False,1789729116.3432844,0,0,0,,False,False,False,False,0,0.0,0,0,32.0,False,cache_miss,False,False,0,0.0,405b6a06cdb6f45bf4eb275fa1a023eea626574912b986b7232562cdd653a8c5,True,,,1,0,10588.994588,11038.832624,6,8252,4,32
20260726_formal4t4_reuse_intensive_StaticSemantic@rho1.2_rep2,2,StaticSemantic@rho1.2,StaticSemantic,96,reuse_intensive:rep2:req96,reuse_intensive,1,104,0,L0104,8192,0,,False,1789729127.387595,0,0,0,,False,False,False,False,0,0.0,0,0,16.0,False,cache_miss,False,False,0,0.0,714bdb5d100a6df7b4f454f4d15e2792577260040f142502e4b774d5f35f6c6f,True,,,1,0,10482.312673,10979.458256,6,8252,4,16
20260726_formal4t4_reuse_intensive_StaticSemantic@rho1.2_rep2,2,StaticSemantic@rho1.2,StaticSemantic,97,reuse_intensive:rep2:req97,reuse_intensive,1,66,1,L0066,8192,2,,False,1789729127.3876345,8192,0,0,398.2608730792999,True,True,False,False,0,0.0,0,0,32.0,False,cache_miss,False,False,0,0.0,25e8740cd368c6b511d4b791f00a6c004a7f54f81b53a87446cdefd3f348f97c,True,,,1,0,10232.058058,10688.654986,6,8252,4,32
20260726_formal4t4_reuse_intensive_StaticSemantic@rho1.2_rep2,2,StaticSemantic@rho1.2,StaticSemantic,98,reuse_intensive:rep2:req98,reuse_intensive,1,67,1,L0067,8192,1,,False,1789729127.3876634,8192,0,0,398.260901927948,True,True,False,False,0,0.0,0,0,32.0,False,cache_miss,False,False,0,0.0,f5252df799197c3832c6992636df7557ed22b2207a422d2f384e4059b8d067e4,True,,,1,0,10348.263303,10799.451566,6,8252,4,32
20260726_formal4t4_reuse_intensive_StaticSemantic@rho1.2_rep2,2,StaticSemantic@rho1.2,StaticSemantic,99,reuse_intensive:rep2:req99,reuse_intensive,1,64,1,L0064,8192,3,,False,1789729127.3876872,8192,0,0,398.2609257698059,True,True,False,False,0,0.0,0,0,8224.0,False,cache_reused,False,False,0,0.0,c9009cfe2d86f8f687dbd544149711c71ae42148e9593f18df7da620f9a71dd3,True,,,1,0,223.089683,665.335753,6,8252,4,8224
20260726_formal4t4_reuse_intensive_StaticSemantic@rho1.2_rep2,2,StaticSemantic@rho1.2,StaticSemantic,100,reuse_intensive:rep2:req100,reuse_intensive,1,64,2,L0064,8192,0,,False,1789729138.3702211,8192,0,0,409.2434597015381,True,True,False,False,0,0.0,0,0,8224.0,False,cache_reused,False,False,0,0.0,65dbc9812fb7f487f5be296519fb5a6bac19908e8da47c4ee077873caa25c0ee,True,,,1,0,234.924695,694.861117,6,8253,4,8224
20260726_formal4t4_reuse_intensive_StaticSemantic@rho1.2_rep2,2,StaticSemantic@rho1.2,StaticSemantic,101,reuse_intensive:rep2:req101,reuse_intensive,1,80,1,L0080,8192,3,,False,1789729138.3702605,8192,0,0,409.24349904060364,True,True,False,False,0,0.0,0,0,8224.0,False,cache_reused,False,False,0,0.0,1f0637a2ea51ba3044f40d81a420f529896c0946355161dbe1822db6764fe584,True,,,1,0,353.531669,818.310957,6,8253,4,8224
20260726_formal4t4_reuse_intensive_StaticSemantic@rho1.2_rep2,2,StaticSemantic@rho1.2,StaticSemantic,102,reuse_intensive:rep2:req102,reuse_intensive,1,64,0,L0064,8192,1,,False,1789729138.3702855,8192,0,0,409.24352407455444,True,True,False,False,0,0.0,0,0,8224.0,False,cache_reused,False,False,0,0.0,59e2ea9fa42e23df452bdefe23182f9217f8f1265ec1399b70d9fa91c5457a98,True,,,1,0,223.251183,657.523494,6,8253,4,8224
20260726_formal4t4_reuse_intensive_StaticSemantic@rho1.2_rep2,2,StaticSemantic@rho1.2,StaticSemantic,103,reuse_intensive:rep2:req103,reuse_intensive,1,71,1,L0071,8192,2,,False,1789729138.3703058,8192,0,0,409.24354434013367,True,True,False,False,0,0.0,0,0,32.0,False,cache_miss,False,False,0,0.0,01e18760c2078d0b4eb39f2e176311783005becb011fac7a6d2476e5b829c5c6,True,,,1,0,9683.249212,10143.592569,6,8253,4,32
20260726_formal4t4_reuse_intensive_StaticSemantic@rho1.2_rep2,2,StaticSemantic@rho1.2,StaticSemantic,104,reuse_intensive:rep2:req104,reuse_intensive,1,65,1,L0065,8192,0,,False,1789729148.520905,8192,0,0,419.3941435813904,True,True,False,False,0,0.0,0,0,8224.0,False,cache_reused,False,False,0,0.0,124d014d4bc49d169aa266d62a3236b31481a4cad4fae2d287e98e6f878f6715,True,,,1,0,386.702817,877.070987,6,8253,4,8224
20260726_formal4t4_reuse_intensive_StaticSemantic@rho1.2_rep2,2,StaticSemantic@rho1.2,StaticSemantic,105,reuse_intensive:rep2:req105,reuse_intensive,1,64,1,L0064,8192,1,,False,1789729148.5209448,8192,0,0,419.3941833972931,True,True,False,False,0,0.0,0,0,8224.0,False,cache_reused,False,False,0,0.0,28e381c5b2415d41aac25e2c52d2dd0b9b818ab0868d67bb3b8e23c6762f7be3,True,,,1,0,390.7285,839.364141,6,8253,4,8224
20260726_formal4t4_reuse_intensive_StaticSemantic@rho1.2_rep2,2,StaticSemantic@rho1.2,StaticSemantic,106,reuse_intensive:rep2:req106,reuse_intensive,1,64,2,L0064,8192,2,,False,1789729148.5209713,8192,0,0,419.39420986175537,True,True,False,False,0,0.0,0,0,8224.0,False,cache_reused,False,False,0,0.0,8bfbf70de2d1964010356544da5f0d0debbdb3f972ff11f8774a4ed50b2ccf41,True,,,1,0,238.23579,701.626556,6,8253,4,8224
20260726_formal4t4_reuse_intensive_StaticSemantic@rho1.2_rep2,2,StaticSemantic@rho1.2,StaticSemantic,107,reuse_intensive:rep2:req107,reuse_intensive,1,64,0,L0064,8192,3,,False,1789729148.5209942,8192,0,0,419.39423274993896,True,True,False,False,0,0.0,0,0,8224.0,False,cache_reused,False,False,0,0.0,7be5f7c41e156f2971302c2baa675a9d96a74f8a81f341316ed018f750e15ca2,True,,,1,0,387.662951,842.054701,6,8253,4,8224
20260726_formal4t4_reuse_intensive_StaticSemantic@rho1.2_rep2,2,StaticSemantic@rho1.2,StaticSemantic,108,reuse_intensive:rep2:req108,reuse_intensive,1,94,0,L0094,8192,0,,False,1789729149.4012306,0,0,0,,False,False,False,False,0,0.0,0,0,32.0,False,cache_miss,False,False,0,0.0,3de91450727624791d3296e6c3825a49421b56d98aecac994e87a274bc409b41,True,,,1,0,10281.002183,10750.501504,6,8253,4,32
20260726_formal4t4_reuse_intensive_StaticSemantic@rho1.2_rep2,2,StaticSemantic@rho1.2,StaticSemantic,109,reuse_intensive:rep2:req109,reuse_intensive,1,77,0,L0077,8192,2,,False,1789729149.4012685,0,0,0,,False,False,False,False,0,0.0,0,0,32.0,False,cache_miss,False,False,0,0.0,1bcd96494fd6e45ee308fd9dff99b42d41bb800a3062ca252b714233bd7570c0,True,,,1,0,9330.514681,9758.826081,6,8253,4,32
20260726_formal4t4_reuse_intensive_StaticSemantic@rho1.2_rep2,2,StaticSemantic@rho1.2,StaticSemantic,110,reuse_intensive:rep2:req110,reuse_intensive,1,66,2,L0066,8192,1,,False,1789729149.401295,8192,0,0,420.27453351020813,True,True,False,False,0,0.0,0,0,32.0,False,cache_miss,False,False,0,0.0,abfe7e7965e0d13158c27dba77eb3caa7ffdb1c2144994c7f5fed57690dc2319,True,,,1,0,10215.304369,10675.032403,6,8253,4,32
20260726_formal4t4_reuse_intensive_StaticSemantic@rho1.2_rep2,2,StaticSemantic@rho1.2,StaticSemantic,111,reuse_intensive:rep2:req111,reuse_intensive,1,69,1,L0069,8192,3,,False,1789729149.4013212,8192,0,0,420.27455973625183,True,True,False,False,0,0.0,0,0,32.0,False,cache_miss,False,False,0,0.0,41e741b52ad71de3c8486c423c3a0e73b725171bf8b0fdaf5b03b7d9b9435ade,True,,,1,0,11271.847073,11745.273256,6,8253,4,32
20260726_formal4t4_reuse_intensive_StaticSemantic@rho1.2_rep2,2,StaticSemantic@rho1.2,StaticSemantic,112,reuse_intensive:rep2:req112,reuse_intensive,1,114,0,L0114,8192,0,,False,1789729161.1536286,0,0,0,,False,False,False,False,0,0.0,0,0,32.0,False,cache_miss,False,False,0,0.0,37c790177b6ef6a13ca9e1a3fa641f4515f90d2fc212c64890a25dca9507dd0e,True,,,1,0,10308.458854,10804.028935,6,8253,4,32
20260726_formal4t4_reuse_intensive_StaticSemantic@rho1.2_rep2,2,StaticSemantic@rho1.2,StaticSemantic,113,reuse_intensive:rep2:req113,reuse_intensive,1,64,1,L0064,8192,3,,False,1789729161.1536665,8192,0,0,432.02690505981445,True,True,False,False,0,0.0,0,0,8224.0,False,cache_reused,False,False,0,0.0,f6d8ec6aefc4054b37a7f60d9b0216efe4bee9e32116eea017fdcab89e788940,True,,,1,0,220.579567,667.11927,6,8253,4,8224
20260726_formal4t4_reuse_intensive_StaticSemantic@rho1.2_rep2,2,StaticSemantic@rho1.2,StaticSemantic,114,reuse_intensive:rep2:req114,reuse_intensive,1,103,0,L0103,8192,1,,False,1789729161.153704,0,0,0,,False,False,False,False,0,0.0,0,0,16.0,False,cache_miss,False,False,0,0.0,af8d8f90f89aea20c1e17ca3c365a0e456ea84c941e1b080ce63e9cf5f48573b,True,,,1,0,9809.42241,10256.005236,6,8253,4,16
20260726_formal4t4_reuse_intensive_StaticSemantic@rho1.2_rep2,2,StaticSemantic@rho1.2,StaticSemantic,115,reuse_intensive:rep2:req115,reuse_intensive,1,82,0,L0082,8192,2,,False,1789729161.153727,0,0,0,,False,False,False,False,0,0.0,0,0,32.0,False,cache_miss,False,False,0,0.0,6ce997657342dbe65fd341e65ef87b8131d713e3c0930b11f94961945db59395,True,,,1,0,10362.66408,10832.505979,6,8253,4,32
20260726_formal4t4_reuse_intensive_StaticSemantic@rho1.2_rep2,2,StaticSemantic@rho1.2,StaticSemantic,116,reuse_intensive:rep2:req116,reuse_intensive,1,64,2,L0064,8192,0,,False,1789729171.993092,8192,0,0,442.8663306236267,True,True,False,False,0,0.0,0,0,8224.0,False,cache_reused,False,False,0,0.0,5d189ab6a7ebd0d9a7c9ace2857ec14dffe3d564b7ef63bc4a34e9fa54af950f,True,,,1,0,232.354034,691.916023,6,8253,4,8224
20260726_formal4t4_reuse_intensive_StaticSemantic@rho1.2_rep2,2,StaticSemantic@rho1.2,StaticSemantic,117,reuse_intensive:rep2:req117,reuse_intensive,1,66,0,L0066,8192,1,,False,1789729171.9931407,8192,0,0,442.86637926101685,True,True,False,False,0,0.0,0,0,8224.0,False,cache_reused,False,False,0,0.0,f1eec5cc5ae7d69ea5638429f01e4adca919eb6bf6624d6992666250fb4606c5,True,,,1,0,233.560664,696.536908,6,8253,4,8224
20260726_formal4t4_reuse_intensive_StaticSemantic@rho1.2_rep2,2,StaticSemantic@rho1.2,StaticSemantic,118,reuse_intensive:rep2:req118,reuse_intensive,1,65,2,L0065,8192,2,,False,1789729171.9931865,8192,0,0,442.86642503738403,True,True,False,False,0,0.0,0,0,8224.0,False,cache_reused,False,False,0,0.0,e56e2a11f47afd2229e18a5167cb4ec3edcef4e1d38e15dcd387b73bbc7fe032,True,,,1,0,234.111186,697.815822,6,8253,4,8224
20260726_formal4t4_reuse_intensive_StaticSemantic@rho1.2_rep2,2,StaticSemantic@rho1.2,StaticSemantic,119,reuse_intensive:rep2:req119,reuse_intensive,1,90,0,L0090,8192,3,,False,1789729171.993211,0,0,0,,False,False,False,False,0,0.0,0,0,32.0,False,cache_miss,False,False,0,0.0,9350f56a6788f7af180f8ecbdf4fa64efedc07b14a97d65a96f70a42d4485bbc,True,,,1,0,9335.53048,9758.849986,6,8253,4,32
20260726_formal4t4_reuse_intensive_Adaptive@rho1.2_c01024_theta30_rep2,2,Adaptive@rho1.2_c01024_theta30,Adaptive,24,reuse_intensive:rep2:req24,reuse_intensive,0,4,0,L0004,8192,0,0,True,1789729398.4649448,8192,8192,8192,150.52238845825195,False,False,False,False,8192,163.84,1,1,8224.0,True,cache_reused,False,False,0,0.0,0a52ca127c5c854d75a2ebf29ead6a12aa952dddb6ad216d64081071141dd65c,True,,,1,0,394.73287,892.593501,6,8252,4,8224
20260726_formal4t4_reuse_intensive_Adaptive@rho1.2_c01024_theta30_rep2,2,Adaptive@rho1.2_c01024_theta30,Adaptive,25,reuse_intensive:rep2:req25,reuse_intensive,0,2,1,L0002,8192,3,0;3,False,1789729398.4649982,8192,8192,8192,173.52961015701294,False,False,False,False,8192,0.0,2,2,8224.0,False,cache_reused,False,False,0,0.0,ff048c031ae82d515ffe1888f73d320c710de46633bd29a231972a02badab508,True,,,1,0,240.332509,702.398016,6,8252,4,8224
20260726_formal4t4_reuse_intensive_Adaptive@rho1.2_c01024_theta30_rep2,2,Adaptive@rho1.2_c01024_theta30,Adaptive,26,reuse_intensive:rep2:req26,reuse_intensive,0,2,2,L0002,8192,3,0;3,True,1789729398.4650352,8192,8192,8192,173.5296471118927,False,False,False,False,8192,161.84,2,2,8224.0,True,cache_reused,False,False,0,0.0,8ada2abf3f88c43eb4e903dcf5fb9b7ff1bbc1dd47820be6d1a0a85a23e84fee,True,,,1,0,394.328345,845.410856,6,8252,4,8224
20260726_formal4t4_reuse_intensive_Adaptive@rho1.2_c01024_theta30_rep2,2,Adaptive@rho1.2_c01024_theta30,Adaptive,27,reuse_intensive:rep2:req27,reuse_intensive,0,0,1,L0000,8192,1,,False,1789729398.4650598,8192,0,0,208.09745383262634,True,True,False,False,0,0.0,0,0,32.0,False,cache_miss,False,False,0,0.0,291a0bee3b392ff5a3c4ef5d73d5bc327d5a1314600dc2c95bfc38e035434082,True,,,1,0,10196.762625,10631.61536,6,8252,4,32
20260726_formal4t4_reuse_intensive_Adaptive@rho1.2_c01024_theta30_rep2,2,Adaptive@rho1.2_c01024_theta30,Adaptive,28,reuse_intensive:rep2:req28,reuse_intensive,0,12,0,L0012,8192,1,,False,1789729409.103551,8192,0,0,218.73594498634338,True,True,False,False,0,0.0,0,0,8224.0,False,cache_reused,False,False,0,0.0,cf2387411ac3674443b588e1e31b16cef452a78058363c08d3de344a7e6fbb77,True,,,1,0,227.941086,670.112724,6,8252,4,8224
20260726_formal4t4_reuse_intensive_Adaptive@rho1.2_c01024_theta30_rep2,2,Adaptive@rho1.2_c01024_theta30,Adaptive,29,reuse_intensive:rep2:req29,reuse_intensive,0,3,0,L0003,8192,3,0;3,False,1789729409.1036057,8192,8192,8192,172.94977068901062,False,False,False,False,8192,0.0,2,2,8224.0,False,cache_reused,False,False,0,0.0,069741a8781cbe24dcf782f941bb1ca35a6980b61037d4aabb12572361fbe9d7,True,,,1,0,396.401236,824.013878,6,8252,4,8224
20260726_formal4t4_reuse_intensive_Adaptive@rho1.2_c01024_theta30_rep2,2,Adaptive@rho1.2_c01024_theta30,Adaptive,30,reuse_intensive:rep2:req30,reuse_intensive,0,41,0,L0041,8192,0,,False,1789729409.1036358,0,0,0,,False,False,False,False,0,0.0,0,0,32.0,False,cache_miss,False,False,0,0.0,35f9344ddd78c2be78db576f19acde4661e2bbd57dab4c04c75936faa95eef7d,True,,,1,0,10528.702667,10998.657614,6,8252,4,32
20260726_formal4t4_reuse_intensive_Adaptive@rho1.2_c01024_theta30_rep2,2,Adaptive@rho1.2_c01024_theta30,Adaptive,31,reuse_intensive:rep2:req31,reuse_intensive,0,18,0,L0018,8192,2,,False,1789729409.1036596,0,0,0,,False,False,False,False,0,0.0,0,0,32.0,False,cache_miss,False,False,0,0.0,b15a5238cdb23217311d4f84cd5e1dd93871d91c7af0565b3c8ebca6b5ff0dac,True,,,1,0,9381.975484,9846.761857,6,8252,4,32
20260726_formal4t4_reuse_intensive_Adaptive@rho1.2_c01024_theta30_rep2,2,Adaptive@rho1.2_c01024_theta30,Adaptive,32,reuse_intensive:rep2:req32,reuse_intensive,0,0,2,L0000,8192,2,,False,1789729420.1078832,8192,0,0,229.74027729034424,True,True,False,False,0,0.0,0,0,8224.0,False,cache_reused,False,False,0,0.0,6ed594783323ab9b5fdd5b5dfbed52aec839d8f6d3687c3c683158e239c59eed,True,,,1,0,232.75861,682.190354,6,8252,4,8224
20260726_formal4t4_reuse_intensive_Adaptive@rho1.2_c01024_theta30_rep2,2,Adaptive@rho1.2_c01024_theta30,Adaptive,33,reuse_intensive:rep2:req33,reuse_intensive,0,7,0,L0007,8192,0,0,True,1789729420.1079385,8192,8192,8192,134.45240831375122,False,False,False,False,8192,163.84,1,1,8224.0,True,cache_reused,False,False,0,0.0,1a0dbe435def78844a2f24d84830307e5fc10a48c75f933ba02dd3f40179849f,True,,,1,0,239.536626,715.735809,6,8252,4,8224
20260726_formal4t4_reuse_intensive_Adaptive@rho1.2_c01024_theta30_rep2,2,Adaptive@rho1.2_c01024_theta30,Adaptive,34,reuse_intensive:rep2:req34,reuse_intensive,0,0,0,L0000,8192,3,,False,1789729420.1079679,8192,0,0,229.74036192893982,True,True,False,False,0,0.0,0,0,32.0,False,cache_miss,False,False,0,0.0,5d1bd07de8e84514ee2b8e6f25c345d98f39bcf56a091d01bd08537dbd14dfae,True,,,1,0,17459.337743,21125.331757,6,8252,4,32
20260726_formal4t4_reuse_intensive_Adaptive@rho1.2_c01024_theta30_rep2,2,Adaptive@rho1.2_c01024_theta30,Adaptive,35,reuse_intensive:rep2:req35,reuse_intensive,0,5,0,L0005,8192,3,0;3,True,1789729420.1080048,8192,8192,8192,158.79729342460632,False,False,False,False,8192,161.84,2,2,5488.0,True,cache_reused,False,False,0,2704.0,9dc2f9483a909aa4729d8645578707397948266f31756cb1742e7e8ef5bfcc34,True,,,1,0,20473.565782,21307.572844,6,8252,4,5488
20260726_formal4t4_reuse_intensive_Adaptive@rho1.2_c01024_theta30_rep2,2,Adaptive@rho1.2_c01024_theta30,Adaptive,36,reuse_intensive:rep2:req36,reuse_intensive,0,6,0,L0006,8192,0,0,False,1789729441.4225862,8192,8192,8192,167.78429579734802,False,False,False,False,8192,0.0,1,1,8224.0,False,cache_reused,False,False,0,0.0,2b32e3179e7cdd20dbaf0164fd5bc648762ab7887d9d5b9914c607417d9be71a,True,,,1,0,386.826374,1330.789924,6,8252,4,8224
20260726_formal4t4_reuse_intensive_Adaptive@rho1.2_c01024_theta30_rep2,2,Adaptive@rho1.2_c01024_theta30,Adaptive,37,reuse_intensive:rep2:req37,reuse_intensive,0,5,1,L0005,8192,3,0;3,False,1789729441.4226382,8192,8192,8192,180.11192679405212,False,False,False,False,8192,0.0,2,2,8224.0,False,cache_reused,False,False,0,0.0,0ea37c2f2f6f66b1c172fd702972af9ca40230cec93a9aea07db2ebebb3a6bf0,True,,,1,0,273.929312,817.718213,6,8252,4,8224
20260726_formal4t4_reuse_intensive_Adaptive@rho1.2_c01024_theta30_rep2,2,Adaptive@rho1.2_c01024_theta30,Adaptive,38,reuse_intensive:rep2:req38,reuse_intensive,0,46,0,L0046,8192,1,,False,1789729441.4226685,0,0,0,,False,False,False,False,0,0.0,0,0,32.0,False,cache_miss,False,False,0,0.0,47a22223a54abfa91c7737a86af03ad140012b1c094a51f523825cc29377fcaf,True,,,1,0,10194.763809,10636.963748,6,8252,4,32
20260726_formal4t4_reuse_intensive_Adaptive@rho1.2_c01024_theta30_rep2,2,Adaptive@rho1.2_c01024_theta30,Adaptive,39,reuse_intensive:rep2:req39,reuse_intensive,0,4,1,L0004,8192,0,0,True,1789729441.4227028,8192,8192,8192,193.48014640808105,False,False,False,False,8192,161.84,1,1,8224.0,True,cache_reused,False,False,0,0.0,8bb9b2bde599eee2b1228036d4f2c7a343d0fcb16bf8a98c6c54af4f2ffca4c8,True,,,1,0,712.185816,1491.133833,6,8252,4,8224
20260726_formal4t4_reuse_intensive_Adaptive@rho1.2_c01024_theta30_rep2,2,Adaptive@rho1.2_c01024_theta30,Adaptive,40,reuse_intensive:rep2:req40,reuse_intensive,0,37,0,L0037,8192,3,,False,1789729452.0651937,0,0,0,,False,False,False,False,0,0.0,0,0,32.0,False,cache_miss,False,False,0,0.0,a1fcbeaf0fea527f1c412cabe60a18d1f377a3e8df1eb88ac6dd96bb04b17a04,True,,,1,0,11342.735113,11827.91898,6,8252,4,32
20260726_formal4t4_reuse_intensive_Adaptive@rho1.2_c01024_theta30_rep2,2,Adaptive@rho1.2_c01024_theta30,Adaptive,41,reuse_intensive:rep2:req41,reuse_intensive,0,0,1,L0000,8192,2,,False,1789729452.065231,8192,0,0,261.6976251602173,True,True,False,False,0,0.0,0,0,8224.0,False,cache_reused,False,False,0,0.0,593e8271cbe7e84fb3ea7194fa406680cd761724ca060222f478043f196195f1,True,,,1,0,356.773827,814.645176,6,8252,4,8224
20260726_formal4t4_reuse_intensive_Adaptive@rho1.2_c01024_theta30_rep2,2,Adaptive@rho1.2_c01024_theta30,Adaptive,42,reuse_intensive:rep2:req42,reuse_intensive,0,4,2,L0004,8192,0,0,True,1789729452.0652747,8192,8192,8192,204.122718334198,False,False,False,False,8192,163.84,1,1,8224.0,True,cache_reused,False,False,0,0.0,9b80328ff6a25362527dce1717d4a1053874ecb2802ac0bbb07681447057e35c,True,,,1,0,385.721599,1353.893829,6,8252,4,8224
20260726_formal4t4_reuse_intensive_Adaptive@rho1.2_c01024_theta30_rep2,2,Adaptive@rho1.2_c01024_theta30,Adaptive,43,reuse_intensive:rep2:req43,reuse_intensive,0,11,1,L0011,8192,0,0,True,1789729452.065308,8192,8192,8192,130.06386470794678,False,False,False,False,8192,161.84,1,1,8224.0,True,cache_reused,False,False,0,0.0,a7dbefc6d2c173402e843863b52ec219a0a3cea5de553491cd74e9fb322e645c,True,,,1,0,718.924997,1520.714185,6,8252,4,8224
20260726_formal4t4_reuse_intensive_Adaptive@rho1.2_c01024_theta30_rep2,2,Adaptive@rho1.2_c01024_theta30,Adaptive,44,reuse_intensive:rep2:req44,reuse_intensive,0,0,2,L0000,8192,1,,False,1789729463.8962765,8192,0,0,273.5286705493927,True,True,False,False,0,0.0,0,0,8224.0,False,cache_reused,False,False,0,0.0,62c1ff05300739175f37443c4a283c019508879a7e62d9dfd53cb74dd445a768,True,,,1,0,346.261621,807.502967,6,8252,4,8224
20260726_formal4t4_reuse_intensive_Adaptive@rho1.2_c01024_theta30_rep2,2,Adaptive@rho1.2_c01024_theta30,Adaptive,45,reuse_intensive:rep2:req45,reuse_intensive,0,8,2,L0008,8192,3,0;3,False,1789729463.8963335,8192,8192,8192,167.24183106422424,False,False,False,False,8192,0.0,2,2,8224.0,False,cache_reused,False,False,0,0.0,142bd983693dd355ceaee483ca9d552fc16177a75c6a1050c70390f29f4aefbe,True,,,1,0,227.691285,1082.646358,6,8252,4,8224
20260726_formal4t4_reuse_intensive_Adaptive@rho1.2_c01024_theta30_rep2,2,Adaptive@rho1.2_c01024_theta30,Adaptive,46,reuse_intensive:rep2:req46,reuse_intensive,0,8,0,L0008,8192,0,0;3,False,1789729463.8963704,8192,8192,8192,167.24204063415527,False,False,False,False,8192,0.0,2,2,8224.0,False,cache_reused,False,False,0,0.0,be89b126c8f2850e8ce7aa0d2a3ef6ca65ce75f9eb4741a5d524e5f5958034fd,True,,,1,0,373.147161,850.969942,6,8252,4,8224
20260726_formal4t4_reuse_intensive_Adaptive@rho1.2_c01024_theta30_rep2,2,Adaptive@rho1.2_c01024_theta30,Adaptive,47,reuse_intensive:rep2:req47,reuse_intensive,0,1,1,L0001,8192,3,0;3,True,1789729463.8964021,8192,8192,8192,250.79796385765076,False,False,False,False,8192,161.84,2,2,8224.0,True,cache_reused,False,False,0,0.0,98c5764e6a019c661fbcd4ab2309664ad835b36a28a09adf3ea4232f8faf5010,True,,,1,0,511.293301,1230.440198,6,8252,4,8224
20260726_formal4t4_reuse_intensive_Adaptive@rho1.2_c01024_theta30_rep2,2,Adaptive@rho1.2_c01024_theta30,Adaptive,48,reuse_intensive:rep2:req48,reuse_intensive,0,28,0,L0028,8192,0,,False,1789729465.133889,0,0,0,,False,False,False,False,0,0.0,0,0,32.0,False,cache_miss,False,False,0,0.0,7e3b5e42a71b5d74f2c96e3577231f86c76c7e1187a227bcff3e52ca1c74e4dd,True,,,1,0,11133.887097,12088.559799,6,8252,4,32
20260726_formal4t4_reuse_intensive_Adaptive@rho1.2_c01024_theta30_rep2,2,Adaptive@rho1.2_c01024_theta30,Adaptive,49,reuse_intensive:rep2:req49,reuse_intensive,0,7,1,L0007,8192,0,0,True,1789729465.1339407,8192,8192,8192,179.47841048240662,False,False,False,False,8192,161.84,1,1,8224.0,True,cache_reused,False,False,0,0.0,ca3fbd325debf4601d2c17438de8c88b5ee18940221dee40bcf37b004055603a,True,,,1,0,11132.815338,12087.536217,6,8252,4,8224
20260726_formal4t4_reuse_intensive_Adaptive@rho1.2_c01024_theta30_rep2,2,Adaptive@rho1.2_c01024_theta30,Adaptive,50,reuse_intensive:rep2:req50,reuse_intensive,0,17,0,L0017,8192,3,,False,1789729465.1339712,0,0,0,,False,False,False,False,0,0.0,0,0,32.0,False,cache_miss,False,False,0,0.0,4750b2775a34d74c04f6d611836db5c64316b1911e143a14370c34b393eabacd,True,,,1,0,11367.114493,11848.173558,6,8252,4,32
20260726_formal4t4_reuse_intensive_Adaptive@rho1.2_c01024_theta30_rep2,2,Adaptive@rho1.2_c01024_theta30,Adaptive,51,reuse_intensive:rep2:req51,reuse_intensive,0,27,0,L0027,8192,1,,False,1789729465.1339934,0,0,0,,False,False,False,False,0,0.0,0,0,32.0,False,cache_miss,False,False,0,0.0,2c2dd8893b44a903f4750e2f9ae88b1176175038c573eca9d28f3a36f4959c2b,True,,,1,0,8911.116098,9346.417562,6,8252,4,32
20260726_formal4t4_reuse_intensive_Adaptive@rho1.2_c01024_theta30_rep2,2,Adaptive@rho1.2_c01024_theta30,Adaptive,52,reuse_intensive:rep2:req52,reuse_intensive,0,8,1,L0008,8192,0,0;3,True,1789729477.225865,8192,8192,8192,180.57153511047363,False,False,False,False,8192,163.84,2,2,8224.0,True,cache_reused,False,False,0,0.0,fc6b4cbe2eea6741eb2a54ff1319060fa8f6cce25aa7b40a4eab24a5de34baaf,True,,,1,0,226.064698,683.528571,6,8252,4,8224
20260726_formal4t4_reuse_intensive_Adaptive@rho1.2_c01024_theta30_rep2,2,Adaptive@rho1.2_c01024_theta30,Adaptive,53,reuse_intensive:rep2:req53,reuse_intensive,0,0,0,L0000,8192,1,,False,1789729477.225905,8192,0,0,286.8582990169525,True,True,False,False,0,0.0,0,0,8224.0,False,cache_reused,False,False,0,0.0,196b7a7353ae07bf7aa6b7d32199b40122876d77ebe7219f22a0c130547b47c4,True,,,1,0,349.449673,812.25319,6,8252,4,8224
20260726_formal4t4_reuse_intensive_Adaptive@rho1.2_c01024_theta30_rep2,2,Adaptive@rho1.2_c01024_theta30,Adaptive,54,reuse_intensive:rep2:req54,reuse_intensive,0,45,0,L0045,8192,2,,False,1789729477.225932,0,0,0,,False,False,False,False,0,0.0,0,0,32.0,False,cache_miss,False,False,0,0.0,df578103e406496185fb7ed5a60017a32f63d05f0494422ab18eb80b6fb84760,True,,,1,0,8685.181802,9118.561342,6,8252,4,32
20260726_formal4t4_reuse_intensive_Adaptive@rho1.2_c01024_theta30_rep2,2,Adaptive@rho1.2_c01024_theta30,Adaptive,55,reuse_intensive:rep2:req55,reuse_intensive,0,0,1,L0000,8192,3,,False,1789729477.2259548,8192,0,0,286.85834884643555,True,True,False,False,0,0.0,0,0,8224.0,False,cache_reused,False,False,0,0.0,948f3e41d065aed57a36eabcc5ebe780d6169cfe6bf4e742471999f5f5d187a9,True,,,1,0,237.197099,703.318988,6,8252,4,8224
20260726_formal4t4_reuse_intensive_Adaptive@rho1.2_c01024_theta30_rep2,2,Adaptive@rho1.2_c01024_theta30,Adaptive,56,reuse_intensive:rep2:req56,reuse_intensive,0,0,2,L0000,8192,2,,False,1789729486.350179,8192,0,0,295.98257303237915,True,True,False,False,0,0.0,0,0,8224.0,False,cache_reused,False,False,0,0.0,ad1decda87957fc2814dbb59c8d59b4b03baa9123cf615d53d308f149a8cb018,True,,,1,0,228.332037,674.057854,6,8252,4,8224
20260726_formal4t4_reuse_intensive_Adaptive@rho1.2_c01024_theta30_rep2,2,Adaptive@rho1.2_c01024_theta30,Adaptive,57,reuse_intensive:rep2:req57,reuse_intensive,0,1,2,L0001,8192,0,0;3,True,1789729486.350236,8192,8192,8192,273.25196719169617,False,False,False,False,8192,163.84,2,2,8224.0,True,cache_reused,False,False,0,0.0,0159d280cd6c617130f5dad4b630354e957c057ba85ad2c2339a8e4f637e1e13,True,,,1,0,392.829351,901.971701,6,8252,4,8224
20260726_formal4t4_reuse_intensive_Adaptive@rho1.2_c01024_theta30_rep2,2,Adaptive@rho1.2_c01024_theta30,Adaptive,58,reuse_intensive:rep2:req58,reuse_intensive,0,0,0,L0000,8192,3,,False,1789729486.3502648,8192,0,0,295.9826588630676,True,True,False,False,0,0.0,0,0,8224.0,False,cache_reused,False,False,0,0.0,9130ee0637bd3901638e0abad41b0a00174bd13d9c75966ed11f1fcf6c725408,True,,,1,0,386.409704,1275.25843,6,8252,4,8224
20260726_formal4t4_reuse_intensive_Adaptive@rho1.2_c01024_theta30_rep2,2,Adaptive@rho1.2_c01024_theta30,Adaptive,59,reuse_intensive:rep2:req59,reuse_intensive,0,1,0,L0001,8192,3,0;3,True,1789729486.3502975,8192,8192,8192,273.25185918807983,False,False,False,False,8192,161.84,2,2,8224.0,True,cache_reused,False,False,0,0.0,980334c7bef080d7c0f12515b888686a793e721827da6a10144041a492514c80,True,,,1,0,691.907874,1425.450122,6,8252,4,8224
20260726_formal4t4_reuse_intensive_Adaptive@rho1.2_c01024_theta30_rep2,2,Adaptive@rho1.2_c01024_theta30,Adaptive,60,reuse_intensive:rep2:req60,reuse_intensive,1,64,0,L0064,8192,0,,False,1789729487.7827158,0,0,0,,False,False,False,False,0,0.0,0,0,32.0,False,cache_miss,False,False,0,0.0,089b463c84a51c60153b7b1300f7bcdce3869347c6054cd0c96cca1e2ad11121,True,,,1,0,10338.14134,10818.30918,6,8252,4,32
20260726_formal4t4_reuse_intensive_Adaptive@rho1.2_c01024_theta30_rep2,2,Adaptive@rho1.2_c01024_theta30,Adaptive,61,reuse_intensive:rep2:req61,reuse_intensive,1,64,1,L0064,8192,2,,False,1789729487.7827528,0,0,0,,False,False,False,False,0,0.0,0,0,32.0,False,cache_miss,False,False,0,0.0,1290be72643c164c005daa5d2a1fe50f73a6d54e09d92d23f4d1c1e474f2b8e1,True,,,1,0,8711.629174,9146.323352,6,8252,4,32
20260726_formal4t4_reuse_intensive_Adaptive@rho1.2_c01024_theta30_rep2,2,Adaptive@rho1.2_c01024_theta30,Adaptive,62,reuse_intensive:rep2:req62,reuse_intensive,1,65,0,L0065,8192,1,,False,1789729487.7827775,0,0,0,,False,False,False,False,0,0.0,0,0,32.0,False,cache_miss,False,False,0,0.0,7dd510f5482a1f9b7d8ea8988e38ee2d8870ac90aac280b0706fe5ce9827fe2a,True,,,1,0,9467.224417,9899.555702,6,8252,4,32
20260726_formal4t4_reuse_intensive_Adaptive@rho1.2_c01024_theta30_rep2,2,Adaptive@rho1.2_c01024_theta30,Adaptive,63,reuse_intensive:rep2:req63,reuse_intensive,1,64,2,L0064,8192,3,,False,1789729487.782798,0,0,0,,False,False,False,False,0,0.0,0,0,32.0,False,cache_miss,False,False,0,0.0,52cce7c74e4e91f4f4f6cd8db7a92176cd4947747f5ae9d2ebdb89a4cd369904,True,,,1,0,11305.903615,11793.985687,6,8252,4,32
20260726_formal4t4_reuse_intensive_Adaptive@rho1.2_c01024_theta30_rep2,2,Adaptive@rho1.2_c01024_theta30,Adaptive,64,reuse_intensive:rep2:req64,reuse_intensive,1,87,0,L0087,8192,0,,False,1789729499.5835774,0,0,0,,False,False,False,False,0,0.0,0,0,32.0,False,cache_miss,False,False,0,0.0,6136dec0b7a68ba831a2f5f738e6851ec23f478f9cea0d29a1eb94b71ad180d6,True,,,1,0,11640.501681,12174.389991,6,8252,4,32
20260726_formal4t4_reuse_intensive_Adaptive@rho1.2_c01024_theta30_rep2,2,Adaptive@rho1.2_c01024_theta30,Adaptive,65,reuse_intensive:rep2:req65,reuse_intensive,1,70,0,L0070,8192,3,,False,1789729499.5836139,0,0,0,,False,False,False,False,0,0.0,0,0,32.0,False,cache_miss,False,False,0,0.0,c5371b60956b1c9696d04dbd8afb66dea4097a50d142e03320445e2f6b87ca2b,True,,,1,0,11121.160455,11574.156152,6,8252,4,32
20260726_formal4t4_reuse_intensive_Adaptive@rho1.2_c01024_theta30_rep2,2,Adaptive@rho1.2_c01024_theta30,Adaptive,66,reuse_intensive:rep2:req66,reuse_intensive,1,65,1,L0065,8192,1,,False,1789729499.583638,8192,0,0,309.21603202819824,True,True,False,False,0,0.0,0,0,8224.0,False,cache_reused,False,False,0,0.0,a55f570480c95aa5af08c7a6488fcd8019bc3bfded7cda8eeff94b6666f84edb,True,,,1,0,357.08995,792.285344,6,8252,4,8224
20260726_formal4t4_reuse_intensive_Adaptive@rho1.2_c01024_theta30_rep2,2,Adaptive@rho1.2_c01024_theta30,Adaptive,67,reuse_intensive:rep2:req67,reuse_intensive,1,64,0,L0064,8192,2,,False,1789729499.5836618,8192,0,0,309.21605587005615,True,True,False,False,0,0.0,0,0,8224.0,False,cache_reused,False,False,0,0.0,e2b200ba7863357962de0c01014023799d49358425265a9c34bbe16fb76aea88,True,,,1,0,351.067696,809.236151,6,8252,4,8224
20260726_formal4t4_reuse_intensive_Adaptive@rho1.2_c01024_theta30_rep2,2,Adaptive@rho1.2_c01024_theta30,Adaptive,68,reuse_intensive:rep2:req68,reuse_intensive,1,72,0,L0072,8192,0,,False,1789729511.761306,0,0,0,,False,False,False,False,0,0.0,0,0,32.0,False,cache_miss,False,False,0,0.0,97b76441701ed0ceb0ead9910f18eceadd5e0c7c5f918ca6c8ae126f4ffb6b04,True,,,1,0,11507.783496,12013.771875,6,8252,4,32
20260726_formal4t4_reuse_intensive_Adaptive@rho1.2_c01024_theta30_rep2,2,Adaptive@rho1.2_c01024_theta30,Adaptive,69,reuse_intensive:rep2:req69,reuse_intensive,1,65,2,L0065,8192,1,,False,1789729511.7613437,8192,0,0,321.39373779296875,True,True,False,False,0,0.0,0,0,8224.0,False,cache_reused,False,False,0,0.0,32dc4b74cdb112b3b2ec648199640ee58cde6b80a665b6133c9850f2dab7b978,True,,,1,0,329.612994,782.948258,6,8252,4,8224
20260726_formal4t4_reuse_intensive_Adaptive@rho1.2_c01024_theta30_rep2,2,Adaptive@rho1.2_c01024_theta30,Adaptive,70,reuse_intensive:rep2:req70,reuse_intensive,1,64,1,L0064,8192,2,,False,1789729511.7613719,8192,0,0,321.3937659263611,True,True,False,False,0,0.0,0,0,8224.0,False,cache_reused,False,False,0,0.0,2dfe3323a7ca2ee242b9bbce3767e727e5dbdc2f78aeef039828082eaa9a5c79,True,,,1,0,354.755064,798.549436,6,8252,4,8224
20260726_formal4t4_reuse_intensive_Adaptive@rho1.2_c01024_theta30_rep2,2,Adaptive@rho1.2_c01024_theta30,Adaptive,71,reuse_intensive:rep2:req71,reuse_intensive,1,80,0,L0080,8192,3,,False,1789729511.761396,0,0,0,,False,False,False,False,0,0.0,0,0,32.0,False,cache_miss,False,False,0,0.0,27f38208f3927636ae3c6e32f17ca7425b5e5886e5ebe63984d4889e567fe225,True,,,1,0,11203.11136,11659.623358,6,8252,4,32
20260726_formal4t4_reuse_intensive_Adaptive@rho1.2_c01024_theta30_rep2,2,Adaptive@rho1.2_c01024_theta30,Adaptive,72,reuse_intensive:rep2:req72,reuse_intensive,1,79,0,L0079,8192,0,,False,1789729523.7784224,0,0,0,,False,False,False,False,0,0.0,0,0,32.0,False,cache_miss,False,False,0,0.0,b6956cc5614a0b1578b66bd33a7e0d3c8b3374b7f40b2bad49c848a3a7fc42f4,True,,,1,0,11138.513007,11660.452658,6,8252,4,32
20260726_formal4t4_reuse_intensive_Adaptive@rho1.2_c01024_theta30_rep2,2,Adaptive@rho1.2_c01024_theta30,Adaptive,73,reuse_intensive:rep2:req73,reuse_intensive,1,72,1,L0072,8192,2,,False,1789729523.7784612,8192,0,0,333.4108552932739,True,True,False,False,0,0.0,0,0,32.0,False,cache_miss,False,False,0,0.0,df71dd454fffd374a03b454544fdef9cbdf4f6f09cb77c41779dd760333f3a50,True,,,1,0,9839.936479,10313.217936,6,8252,4,32
20260726_formal4t4_reuse_intensive_Adaptive@rho1.2_c01024_theta30_rep2,2,Adaptive@rho1.2_c01024_theta30,Adaptive,74,reuse_intensive:rep2:req74,reuse_intensive,1,69,0,L0069,8192,1,,False,1789729523.7784896,0,0,0,,False,False,False,False,0,0.0,0,0,32.0,False,cache_miss,False,False,0,0.0,2c93cde8aaeb807c14bf2499093e4152946db7ad77c3600a2df51bd3ad3c3df4,True,,,1,0,10532.870368,10992.926126,6,8252,4,32
20260726_formal4t4_reuse_intensive_Adaptive@rho1.2_c01024_theta30_rep2,2,Adaptive@rho1.2_c01024_theta30,Adaptive,75,reuse_intensive:rep2:req75,reuse_intensive,1,64,2,L0064,8192,3,,False,1789729523.7785108,8192,0,0,333.4109048843384,True,True,False,False,0,0.0,0,0,8224.0,False,cache_reused,False,False,0,0.0,6b07931ddd9160348eef2489db86c421d4754c25255d7a4dfc2524defb27f2be,True,,,1,0,233.442287,722.638537,6,8252,4,8224
20260726_formal4t4_reuse_intensive_Adaptive@rho1.2_c01024_theta30_rep2,2,Adaptive@rho1.2_c01024_theta30,Adaptive,76,reuse_intensive:rep2:req76,reuse_intensive,1,65,0,L0065,8192,0,,False,1789729535.4420972,8192,0,0,345.0744912624359,True,True,False,False,0,0.0,0,0,32.0,False,cache_miss,False,False,0,0.0,ca4113398b34da714df494a0093cfdda3c5eae6ae0683fc7a2b0cd5a5f9e62a4,True,,,1,0,10248.63597,10697.440237,6,8252,4,32
20260726_formal4t4_reuse_intensive_Adaptive@rho1.2_c01024_theta30_rep2,2,Adaptive@rho1.2_c01024_theta30,Adaptive,77,reuse_intensive:rep2:req77,reuse_intensive,1,64,0,L0064,8192,3,,False,1789729535.4421384,8192,0,0,345.0745325088501,True,True,False,False,0,0.0,0,0,8224.0,False,cache_reused,False,False,0,0.0,9601aada4782c74362cbb48446d7c6369b5a5360cccc36830c195967be1caa60,True,,,1,0,362.599116,856.323531,6,8252,4,8224
20260726_formal4t4_reuse_intensive_Adaptive@rho1.2_c01024_theta30_rep2,2,Adaptive@rho1.2_c01024_theta30,Adaptive,78,reuse_intensive:rep2:req78,reuse_intensive,1,65,1,L0065,8192,1,,False,1789729535.442183,8192,0,0,345.0745770931244,True,True,False,False,0,0.0,0,0,8224.0,False,cache_reused,False,False,0,0.0,0584b869fcaf48eeafd166c0dca95ba0d00eda1c3f74f18ee2310f912b61295f,True,,,1,0,223.646962,656.516608,6,8252,4,8224
20260726_formal4t4_reuse_intensive_Adaptive@rho1.2_c01024_theta30_rep2,2,Adaptive@rho1.2_c01024_theta30,Adaptive,79,reuse_intensive:rep2:req79,reuse_intensive,1,64,1,L0064,8192,2,,False,1789729535.4422047,8192,0,0,345.0745987892151,True,True,False,False,0,0.0,0,0,8224.0,False,cache_reused,False,False,0,0.0,212cd440e9519b1bce52979883203bcb12042ae9cf6955bc27f1cb1bc0d73af9,True,,,1,0,216.095972,651.735948,6,8252,4,8224
20260726_formal4t4_reuse_intensive_Adaptive@rho1.2_c01024_theta30_rep2,2,Adaptive@rho1.2_c01024_theta30,Adaptive,80,reuse_intensive:rep2:req80,reuse_intensive,1,73,0,L0073,8192,0,,False,1789729546.1429274,0,0,0,,False,False,False,False,0,0.0,0,0,32.0,False,cache_miss,False,False,0,0.0,9818930ec124b5c931afe6cc70ea60869c8ce69b04841ae64a0cd1cb9e401ff2,True,,,1,0,10923.21069,11396.419743,6,8252,4,32
20260726_formal4t4_reuse_intensive_Adaptive@rho1.2_c01024_theta30_rep2,2,Adaptive@rho1.2_c01024_theta30,Adaptive,81,reuse_intensive:rep2:req81,reuse_intensive,1,68,0,L0068,8192,1,,False,1789729546.1429636,0,0,0,,False,False,False,False,0,0.0,0,0,32.0,False,cache_miss,False,False,0,0.0,d049e0b8cb5d4896cda90acbe959ebb14876d8bd10a682b9ea5242d02301de69,True,,,1,0,9493.365069,9927.800757,6,8252,4,32
20260726_formal4t4_reuse_intensive_Adaptive@rho1.2_c01024_theta30_rep2,2,Adaptive@rho1.2_c01024_theta30,Adaptive,82,reuse_intensive:rep2:req82,reuse_intensive,1,70,1,L0070,8192,2,,False,1789729546.1429873,8192,0,0,355.7753813266754,True,True,False,False,0,0.0,0,0,32.0,False,cache_miss,False,False,0,0.0,e4a2705cb448c668bc26166a3fc0c6fb761ca95f1eb3b684d9bb84f3a8736b2d,True,,,1,0,9097.12146,9536.83907,6,8252,4,32
20260726_formal4t4_reuse_intensive_Adaptive@rho1.2_c01024_theta30_rep2,2,Adaptive@rho1.2_c01024_theta30,Adaptive,83,reuse_intensive:rep2:req83,reuse_intensive,1,65,2,L0065,8192,3,,False,1789729546.1430109,8192,0,0,355.77540493011475,True,True,False,False,0,0.0,0,0,32.0,False,cache_miss,False,False,0,0.0,4e1f5c17d756f5d17af7643d9e1bde4cf1d4a250dc37c76899965c4abdafd4ef,True,,,1,0,10967.220033,11415.164842,6,8252,4,32
20260726_formal4t4_reuse_intensive_Adaptive@rho1.2_c01024_theta30_rep2,2,Adaptive@rho1.2_c01024_theta30,Adaptive,84,reuse_intensive:rep2:req84,reuse_intensive,1,66,0,L0066,8192,0,,False,1789729557.5652523,0,0,0,,False,False,False,False,0,0.0,0,0,32.0,False,cache_miss,False,False,0,0.0,9bc0bf2d172418345aab6707a7ca937c4f84c0e6b2cdcbb1ab96ded587094ad1,True,,,1,0,11665.352311,12166.701766,6,8252,4,32
20260726_formal4t4_reuse_intensive_Adaptive@rho1.2_c01024_theta30_rep2,2,Adaptive@rho1.2_c01024_theta30,Adaptive,85,reuse_intensive:rep2:req85,reuse_intensive,1,64,2,L0064,8192,2,,False,1789729557.565291,8192,0,0,367.19768500328064,True,True,False,False,0,0.0,0,0,8224.0,False,cache_reused,False,False,0,0.0,120e6b77ae605dfa4535c9c7240e43f30903fe0ba77ffe15fa146396042c139a,True,,,1,0,381.201413,825.426369,6,8252,4,8224
20260726_formal4t4_reuse_intensive_Adaptive@rho1.2_c01024_theta30_rep2,2,Adaptive@rho1.2_c01024_theta30,Adaptive,86,reuse_intensive:rep2:req86,reuse_intensive,1,83,0,L0083,8192,1,,False,1789729557.5653203,0,0,0,,False,False,False,False,0,0.0,0,0,32.0,False,cache_miss,False,False,0,0.0,de9aa71987fcf2f093464f04c71fafd1654a02a297e2e63319daec3650d87e6b,True,,,1,0,9988.034263,10443.704938,6,8252,4,32
20260726_formal4t4_reuse_intensive_Adaptive@rho1.2_c01024_theta30_rep2,2,Adaptive@rho1.2_c01024_theta30,Adaptive,87,reuse_intensive:rep2:req87,reuse_intensive,1,67,0,L0067,8192,3,,False,1789729557.5653427,0,0,0,,False,False,False,False,0,0.0,0,0,32.0,False,cache_miss,False,False,0,0.0,dc2b780e14a0a0cd31af07acd852506f505fcf1e0cd75cc5b4f4943013a2eb5a,True,,,1,0,11126.243535,11568.913119,6,8252,4,32
20260726_formal4t4_reuse_intensive_Adaptive@rho1.2_c01024_theta30_rep2,2,Adaptive@rho1.2_c01024_theta30,Adaptive,88,reuse_intensive:rep2:req88,reuse_intensive,1,71,0,L0071,8192,0,,False,1789729569.7351818,0,0,0,,False,False,False,False,0,0.0,0,0,32.0,False,cache_miss,False,False,0,0.0,c10e854a522c218a5b96a391f44ccc16d5518440c00a9bf7d893f3943b753128,True,,,1,0,10561.432078,11039.893259,6,8252,4,32
20260726_formal4t4_reuse_intensive_Adaptive@rho1.2_c01024_theta30_rep2,2,Adaptive@rho1.2_c01024_theta30,Adaptive,89,reuse_intensive:rep2:req89,reuse_intensive,1,75,0,L0075,8192,3,,False,1789729569.7352192,0,0,0,,False,False,False,False,0,0.0,0,0,32.0,False,cache_miss,False,False,0,0.0,bce9e6cd07280a130440f87ff54e0eeae1dabdc0df1674069a388cef2f91dc8d,True,,,1,0,9814.154948,10225.645466,6,8252,4,32
20260726_formal4t4_reuse_intensive_Adaptive@rho1.2_c01024_theta30_rep2,2,Adaptive@rho1.2_c01024_theta30,Adaptive,90,reuse_intensive:rep2:req90,reuse_intensive,1,95,0,L0095,8192,1,,False,1789729569.735245,0,0,0,,False,False,False,False,0,0.0,0,0,32.0,False,cache_miss,False,False,0,0.0,774e9b173dd7fdb195a7c89afd61b544f154878f7a9c48cdb2c180887af4e25f,True,,,1,0,10849.298712,11319.051184,6,8252,4,32
20260726_formal4t4_reuse_intensive_Adaptive@rho1.2_c01024_theta30_rep2,2,Adaptive@rho1.2_c01024_theta30,Adaptive,91,reuse_intensive:rep2:req91,reuse_intensive,1,75,1,L0075,8192,2,,False,1789729569.735266,0,0,0,,False,False,False,False,0,0.0,0,0,32.0,False,cache_miss,False,False,0,0.0,71e680116932770d26d6b66996c8bbfaeac2fc988d43efb3e6d3818188b3c865,True,,,1,0,8646.878956,9072.593492,6,8252,4,32
20260726_formal4t4_reuse_intensive_Adaptive@rho1.2_c01024_theta30_rep2,2,Adaptive@rho1.2_c01024_theta30,Adaptive,92,reuse_intensive:rep2:req92,reuse_intensive,1,68,1,L0068,8192,0,,False,1789729581.1445496,8192,0,0,390.77694368362427,True,True,False,False,0,0.0,0,0,32.0,False,cache_miss,False,False,0,0.0,52e1bf74ac97d105d56890e2448c8858138d00a7f5915d3b2e0e28071c7f2012,True,,,1,0,12054.032416,12579.992792,6,8252,4,32
20260726_formal4t4_reuse_intensive_Adaptive@rho1.2_c01024_theta30_rep2,2,Adaptive@rho1.2_c01024_theta30,Adaptive,93,reuse_intensive:rep2:req93,reuse_intensive,1,64,0,L0064,8192,1,,False,1789729581.1445725,8192,0,0,390.77696657180786,True,True,False,False,0,0.0,0,0,32.0,False,cache_miss,False,False,0,0.0,eaa5261a7da6bb18845b084a68a3536f4583087263b067fc6721d771fa187655,True,,,1,0,10210.769169,10666.369141,6,8252,4,32
20260726_formal4t4_reuse_intensive_Adaptive@rho1.2_c01024_theta30_rep2,2,Adaptive@rho1.2_c01024_theta30,Adaptive,94,reuse_intensive:rep2:req94,reuse_intensive,1,65,0,L0065,8192,2,,False,1789729581.144586,8192,0,0,390.77698016166687,True,True,False,False,0,0.0,0,0,32.0,False,cache_miss,False,False,0,0.0,a09b0669da85a88f0dd2edd866b8c53c240434193ba765361ae679423f6f9439,True,,,1,0,11035.59672,11521.398884,6,8252,4,32
20260726_formal4t4_reuse_intensive_Adaptive@rho1.2_c01024_theta30_rep2,2,Adaptive@rho1.2_c01024_theta30,Adaptive,95,reuse_intensive:rep2:req95,reuse_intensive,1,89,0,L0089,8192,3,,False,1789729581.144598,0,0,0,,False,False,False,False,0,0.0,0,0,32.0,False,cache_miss,False,False,0,0.0,405b6a06cdb6f45bf4eb275fa1a023eea626574912b986b7232562cdd653a8c5,True,,,1,0,10755.299685,11232.697214,6,8252,4,32
20260726_formal4t4_reuse_intensive_Adaptive@rho1.2_c01024_theta30_rep2,2,Adaptive@rho1.2_c01024_theta30,Adaptive,96,reuse_intensive:rep2:req96,reuse_intensive,1,104,0,L0104,8192,0,,False,1789729593.7276278,0,0,0,,False,False,False,False,0,0.0,0,0,16.0,False,cache_miss,False,False,0,0.0,714bdb5d100a6df7b4f454f4d15e2792577260040f142502e4b774d5f35f6c6f,True,,,1,0,12940.145089,13466.044738,6,8252,4,16
20260726_formal4t4_reuse_intensive_Adaptive@rho1.2_c01024_theta30_rep2,2,Adaptive@rho1.2_c01024_theta30,Adaptive,97,reuse_intensive:rep2:req97,reuse_intensive,1,66,1,L0066,8192,2,,False,1789729593.727665,8192,0,0,403.36005902290344,True,True,False,False,0,0.0,0,0,32.0,False,cache_miss,False,False,0,0.0,25e8740cd368c6b511d4b791f00a6c004a7f54f81b53a87446cdefd3f348f97c,True,,,1,0,9793.293763,10225.918887,6,8252,4,32
20260726_formal4t4_reuse_intensive_Adaptive@rho1.2_c01024_theta30_rep2,2,Adaptive@rho1.2_c01024_theta30,Adaptive,98,reuse_intensive:rep2:req98,reuse_intensive,1,67,1,L0067,8192,1,,False,1789729593.7276928,8192,0,0,403.3600869178772,True,True,False,False,0,0.0,0,0,32.0,False,cache_miss,False,False,0,0.0,f5252df799197c3832c6992636df7557ed22b2207a422d2f384e4059b8d067e4,True,,,1,0,10716.232368,11198.654481,6,8252,4,32
20260726_formal4t4_reuse_intensive_Adaptive@rho1.2_c01024_theta30_rep2,2,Adaptive@rho1.2_c01024_theta30,Adaptive,99,reuse_intensive:rep2:req99,reuse_intensive,1,64,1,L0064,8192,3,,False,1789729593.7277155,8192,0,0,403.3601095676422,True,True,False,False,0,0.0,0,0,8224.0,False,cache_reused,False,False,0,0.0,c9009cfe2d86f8f687dbd544149711c71ae42148e9593f18df7da620f9a71dd3,True,,,1,0,235.019356,725.425706,6,8252,4,8224
20260726_formal4t4_reuse_intensive_Adaptive@rho1.2_c01024_theta30_rep2,2,Adaptive@rho1.2_c01024_theta30,Adaptive,100,reuse_intensive:rep2:req100,reuse_intensive,1,64,2,L0064,8192,0,,False,1789729607.196939,8192,0,0,416.8293330669403,True,True,False,False,0,0.0,0,0,8224.0,False,cache_reused,False,False,0,0.0,65dbc9812fb7f487f5be296519fb5a6bac19908e8da47c4ee077873caa25c0ee,True,,,1,0,242.656261,726.599777,6,8253,4,8224
20260726_formal4t4_reuse_intensive_Adaptive@rho1.2_c01024_theta30_rep2,2,Adaptive@rho1.2_c01024_theta30,Adaptive,101,reuse_intensive:rep2:req101,reuse_intensive,1,80,1,L0080,8192,3,,False,1789729607.1969786,8192,0,0,416.82937264442444,True,True,False,False,0,0.0,0,0,8224.0,False,cache_reused,False,False,0,0.0,1f0637a2ea51ba3044f40d81a420f529896c0946355161dbe1822db6764fe584,True,,,1,0,374.207835,857.349505,6,8253,4,8224
20260726_formal4t4_reuse_intensive_Adaptive@rho1.2_c01024_theta30_rep2,2,Adaptive@rho1.2_c01024_theta30,Adaptive,102,reuse_intensive:rep2:req102,reuse_intensive,1,64,0,L0064,8192,1,,False,1789729607.197005,8192,0,0,416.8293991088867,True,True,False,False,0,0.0,0,0,8224.0,False,cache_reused,False,False,0,0.0,59e2ea9fa42e23df452bdefe23182f9217f8f1265ec1399b70d9fa91c5457a98,True,,,1,0,348.525486,825.434795,6,8253,4,8224
20260726_formal4t4_reuse_intensive_Adaptive@rho1.2_c01024_theta30_rep2,2,Adaptive@rho1.2_c01024_theta30,Adaptive,103,reuse_intensive:rep2:req103,reuse_intensive,1,71,1,L0071,8192,2,,False,1789729607.1970258,8192,0,0,416.8294198513031,True,True,False,False,0,0.0,0,0,32.0,False,cache_miss,False,False,0,0.0,01e18760c2078d0b4eb39f2e176311783005becb011fac7a6d2476e5b829c5c6,True,,,1,0,9285.588243,9725.886453,6,8253,4,32
20260726_formal4t4_reuse_intensive_Adaptive@rho1.2_c01024_theta30_rep2,2,Adaptive@rho1.2_c01024_theta30,Adaptive,104,reuse_intensive:rep2:req104,reuse_intensive,1,65,1,L0065,8192,0,,False,1789729616.929609,8192,0,0,426.56200313568115,True,True,False,False,0,0.0,0,0,8224.0,False,cache_reused,False,False,0,0.0,124d014d4bc49d169aa266d62a3236b31481a4cad4fae2d287e98e6f878f6715,True,,,1,0,392.346657,851.705492,6,8253,4,8224
20260726_formal4t4_reuse_intensive_Adaptive@rho1.2_c01024_theta30_rep2,2,Adaptive@rho1.2_c01024_theta30,Adaptive,105,reuse_intensive:rep2:req105,reuse_intensive,1,64,1,L0064,8192,1,,False,1789729616.9296494,8192,0,0,426.562043428421,True,True,False,False,0,0.0,0,0,8224.0,False,cache_reused,False,False,0,0.0,28e381c5b2415d41aac25e2c52d2dd0b9b818ab0868d67bb3b8e23c6762f7be3,True,,,1,0,384.749115,850.139912,6,8253,4,8224
20260726_formal4t4_reuse_intensive_Adaptive@rho1.2_c01024_theta30_rep2,2,Adaptive@rho1.2_c01024_theta30,Adaptive,106,reuse_intensive:rep2:req106,reuse_intensive,1,64,2,L0064,8192,2,,False,1789729616.929675,8192,0,0,426.56206917762756,True,True,False,False,0,0.0,0,0,8224.0,False,cache_reused,False,False,0,0.0,8bfbf70de2d1964010356544da5f0d0debbdb3f972ff11f8774a4ed50b2ccf41,True,,,1,0,224.161141,656.553823,6,8253,4,8224
20260726_formal4t4_reuse_intensive_Adaptive@rho1.2_c01024_theta30_rep2,2,Adaptive@rho1.2_c01024_theta30,Adaptive,107,reuse_intensive:rep2:req107,reuse_intensive,1,64,0,L0064,8192,3,,False,1789729616.9296956,8192,0,0,426.56208968162537,True,True,False,False,0,0.0,0,0,8224.0,False,cache_reused,False,False,0,0.0,7be5f7c41e156f2971302c2baa675a9d96a74f8a81f341316ed018f750e15ca2,True,,,1,0,384.050814,878.104692,6,8253,4,8224
20260726_formal4t4_reuse_intensive_Adaptive@rho1.2_c01024_theta30_rep2,2,Adaptive@rho1.2_c01024_theta30,Adaptive,108,reuse_intensive:rep2:req108,reuse_intensive,1,94,0,L0094,8192,0,,False,1789729617.8144825,0,0,0,,False,False,False,False,0,0.0,0,0,32.0,False,cache_miss,False,False,0,0.0,3de91450727624791d3296e6c3825a49421b56d98aecac994e87a274bc409b41,True,,,1,0,10436.978572,10885.386379,6,8253,4,32
20260726_formal4t4_reuse_intensive_Adaptive@rho1.2_c01024_theta30_rep2,2,Adaptive@rho1.2_c01024_theta30,Adaptive,109,reuse_intensive:rep2:req109,reuse_intensive,1,77,0,L0077,8192,2,,False,1789729617.8145201,0,0,0,,False,False,False,False,0,0.0,0,0,32.0,False,cache_miss,False,False,0,0.0,1bcd96494fd6e45ee308fd9dff99b42d41bb800a3062ca252b714233bd7570c0,True,,,1,0,11023.346031,11494.790508,6,8253,4,32
20260726_formal4t4_reuse_intensive_Adaptive@rho1.2_c01024_theta30_rep2,2,Adaptive@rho1.2_c01024_theta30,Adaptive,110,reuse_intensive:rep2:req110,reuse_intensive,1,66,2,L0066,8192,1,,False,1789729617.8145473,8192,0,0,427.4469413757324,True,True,False,False,0,0.0,0,0,32.0,False,cache_miss,False,False,0,0.0,abfe7e7965e0d13158c27dba77eb3caa7ffdb1c2144994c7f5fed57690dc2319,True,,,1,0,10190.18614,10655.144116,6,8253,4,32
20260726_formal4t4_reuse_intensive_Adaptive@rho1.2_c01024_theta30_rep2,2,Adaptive@rho1.2_c01024_theta30,Adaptive,111,reuse_intensive:rep2:req111,reuse_intensive,1,69,1,L0069,8192,3,,False,1789729617.8145728,8192,0,0,427.4469668865204,True,True,False,False,0,0.0,0,0,32.0,False,cache_miss,False,False,0,0.0,41e741b52ad71de3c8486c423c3a0e73b725171bf8b0fdaf5b03b7d9b9435ade,True,,,1,0,12685.351095,13218.370036,6,8253,4,32
20260726_formal4t4_reuse_intensive_Adaptive@rho1.2_c01024_theta30_rep2,2,Adaptive@rho1.2_c01024_theta30,Adaptive,112,reuse_intensive:rep2:req112,reuse_intensive,1,114,0,L0114,8192,0,,False,1789729631.039547,0,0,0,,False,False,False,False,0,0.0,0,0,32.0,False,cache_miss,False,False,0,0.0,37c790177b6ef6a13ca9e1a3fa641f4515f90d2fc212c64890a25dca9507dd0e,True,,,1,0,10676.673259,11145.653119,6,8253,4,32
20260726_formal4t4_reuse_intensive_Adaptive@rho1.2_c01024_theta30_rep2,2,Adaptive@rho1.2_c01024_theta30,Adaptive,113,reuse_intensive:rep2:req113,reuse_intensive,1,64,1,L0064,8192,3,,False,1789729631.0395849,8192,0,0,440.6719789505005,True,True,False,False,0,0.0,0,0,8224.0,False,cache_reused,False,False,0,0.0,f6d8ec6aefc4054b37a7f60d9b0216efe4bee9e32116eea017fdcab89e788940,True,,,1,0,223.41293,708.247378,6,8253,4,8224
20260726_formal4t4_reuse_intensive_Adaptive@rho1.2_c01024_theta30_rep2,2,Adaptive@rho1.2_c01024_theta30,Adaptive,114,reuse_intensive:rep2:req114,reuse_intensive,1,103,0,L0103,8192,1,,False,1789729631.0396128,0,0,0,,False,False,False,False,0,0.0,0,0,16.0,False,cache_miss,False,False,0,0.0,af8d8f90f89aea20c1e17ca3c365a0e456ea84c941e1b080ce63e9cf5f48573b,True,,,1,0,9743.965561,10180.269439,6,8253,4,16
20260726_formal4t4_reuse_intensive_Adaptive@rho1.2_c01024_theta30_rep2,2,Adaptive@rho1.2_c01024_theta30,Adaptive,115,reuse_intensive:rep2:req115,reuse_intensive,1,82,0,L0082,8192,2,,False,1789729631.0396338,0,0,0,,False,False,False,False,0,0.0,0,0,32.0,False,cache_miss,False,False,0,0.0,6ce997657342dbe65fd341e65ef87b8131d713e3c0930b11f94961945db59395,True,,,1,0,10915.466383,11387.262,6,8253,4,32
20260726_formal4t4_reuse_intensive_Adaptive@rho1.2_c01024_theta30_rep2,2,Adaptive@rho1.2_c01024_theta30,Adaptive,116,reuse_intensive:rep2:req116,reuse_intensive,1,64,2,L0064,8192,0,,False,1789729642.4334764,8192,0,0,452.06587052345276,True,True,False,False,0,0.0,0,0,8224.0,False,cache_reused,False,False,0,0.0,5d189ab6a7ebd0d9a7c9ace2857ec14dffe3d564b7ef63bc4a34e9fa54af950f,True,,,1,0,239.992969,724.305174,6,8253,4,8224
20260726_formal4t4_reuse_intensive_Adaptive@rho1.2_c01024_theta30_rep2,2,Adaptive@rho1.2_c01024_theta30,Adaptive,117,reuse_intensive:rep2:req117,reuse_intensive,1,66,0,L0066,8192,1,,False,1789729642.433515,8192,0,0,452.0659091472626,True,True,False,False,0,0.0,0,0,8224.0,False,cache_reused,False,False,0,0.0,f1eec5cc5ae7d69ea5638429f01e4adca919eb6bf6624d6992666250fb4606c5,True,,,1,0,230.552279,695.655372,6,8253,4,8224
20260726_formal4t4_reuse_intensive_Adaptive@rho1.2_c01024_theta30_rep2,2,Adaptive@rho1.2_c01024_theta30,Adaptive,118,reuse_intensive:rep2:req118,reuse_intensive,1,65,2,L0065,8192,2,,False,1789729642.433544,8192,0,0,452.06593799591064,True,True,False,False,0,0.0,0,0,8224.0,False,cache_reused,False,False,0,0.0,e56e2a11f47afd2229e18a5167cb4ec3edcef4e1d38e15dcd387b73bbc7fe032,True,,,1,0,232.798221,718.421106,6,8253,4,8224
20260726_formal4t4_reuse_intensive_Adaptive@rho1.2_c01024_theta30_rep2,2,Adaptive@rho1.2_c01024_theta30,Adaptive,119,reuse_intensive:rep2:req119,reuse_intensive,1,90,0,L0090,8192,3,,False,1789729642.433566,0,0,0,,False,False,False,False,0,0.0,0,0,32.0,False,cache_miss,False,False,0,0.0,9350f56a6788f7af180f8ecbdf4fa64efedc07b14a97d65a96f70a42d4485bbc,True,,,1,0,11876.033788,12360.98591,6,8253,4,32
20260726_formal4t4_reuse_intensive_Adaptive@rho1.2_c01024_theta30_rep3,3,Adaptive@rho1.2_c01024_theta30,Adaptive,24,reuse_intensive:rep3:req24,reuse_intensive,0,1,2,L0001,8192,0,0;3,True,1789729818.120856,8192,8192,8192,131.42890644073486,False,False,False,False,8192,163.84,2,2,8224.0,True,cache_reused,False,False,0,0.0,d856c0e561fa0f705cabf0406d711395012aaeaa09d5e79a9670a2d72ad8e346,True,,,1,0,251.567619,770.449406,6,8252,4,8224
20260726_formal4t4_reuse_intensive_Adaptive@rho1.2_c01024_theta30_rep3,3,Adaptive@rho1.2_c01024_theta30,Adaptive,25,reuse_intensive:rep3:req25,reuse_intensive,0,9,1,L0009,8192,3,0;3,False,1789729818.120909,8192,8192,8192,45.91350817680359,False,False,False,False,8192,0.0,2,2,8224.0,False,cache_reused,False,False,0,0.0,c5e4682a2454780351077d11f47db966ca542a3a8669da2d307966f5ebaeaca5,True,,,1,0,231.590875,678.791098,6,8252,4,8224
20260726_formal4t4_reuse_intensive_Adaptive@rho1.2_c01024_theta30_rep3,3,Adaptive@rho1.2_c01024_theta30,Adaptive,26,reuse_intensive:rep3:req26,reuse_intensive,0,4,1,L0004,8192,1,0;1,True,1789729818.1209474,8192,8192,8192,93.1989176273346,False,False,False,False,8192,163.84,2,2,8224.0,True,cache_reused,False,False,0,0.0,9adda6a984c276f22bcfbad2323e6a8b4c54a3e7952964a6752452bb083ea5d3,True,,,1,0,237.294414,718.807194,6,8252,4,8224
20260726_formal4t4_reuse_intensive_Adaptive@rho1.2_c01024_theta30_rep3,3,Adaptive@rho1.2_c01024_theta30,Adaptive,27,reuse_intensive:rep3:req27,reuse_intensive,0,8,0,L0008,8192,2,,False,1789729818.1209733,8192,0,0,157.21709513664246,True,True,False,False,0,0.0,0,0,8224.0,False,cache_reused,False,False,0,0.0,4f723994cc89259d3eed2f3b66ec838e653c532f5b4a3f98fc63fe603294535e,True,,,1,0,240.375475,713.195793,6,8252,4,8224
20260726_formal4t4_reuse_intensive_Adaptive@rho1.2_c01024_theta30_rep3,3,Adaptive@rho1.2_c01024_theta30,Adaptive,28,reuse_intensive:rep3:req28,reuse_intensive,0,1,0,L0001,8192,0,0;3,False,1789729818.894479,8192,8192,8192,132.2025294303894,False,False,False,False,8192,0.0,2,2,8224.0,False,cache_reused,False,False,0,0.0,0b5595e767cf99e64bcda983a34e0cb58f073ed84b935e1da488a87f90ed343a,True,,,1,0,251.921214,1223.169813,6,8252,4,8224
20260726_formal4t4_reuse_intensive_Adaptive@rho1.2_c01024_theta30_rep3,3,Adaptive@rho1.2_c01024_theta30,Adaptive,29,reuse_intensive:rep3:req29,reuse_intensive,0,0,0,L0000,8192,2,0;2,True,1789729818.8945289,8192,8192,8192,145.2855954170227,False,False,False,False,8192,163.84,2,2,8224.0,True,cache_reused,False,False,0,0.0,6016383f67275265c51ab763b0b862d2f63aaed683e9e3b0d4f7d872c3cece3e,True,,,1,0,247.571035,789.846485,6,8252,4,8224
20260726_formal4t4_reuse_intensive_Adaptive@rho1.2_c01024_theta30_rep3,3,Adaptive@rho1.2_c01024_theta30,Adaptive,30,reuse_intensive:rep3:req30,reuse_intensive,0,7,0,L0007,8192,0,0,True,1789729818.8945649,8192,8192,8192,70.130690574646,False,False,False,False,8192,161.84,1,1,8224.0,True,cache_reused,False,False,0,0.0,24cc61d1d8cd9ebee66d51290b5bdc7253fc2e6d63b868cf9bffaa59731a444a,True,,,1,0,574.67956,1383.127,6,8252,4,8224
20260726_formal4t4_reuse_intensive_Adaptive@rho1.2_c01024_theta30_rep3,3,Adaptive@rho1.2_c01024_theta30,Adaptive,31,reuse_intensive:rep3:req31,reuse_intensive,0,0,1,L0000,8192,2,0;2,True,1789729818.8945956,8192,8192,8192,145.28566217422485,False,False,False,False,8192,161.84,2,2,8224.0,True,cache_reused,False,False,0,0.0,dbcc1e7cba6fec15ef163c4229f31b482402cc59b5f298d7e14733a33403415d,True,,,1,0,427.996405,955.78171,6,8252,4,8224
20260726_formal4t4_reuse_intensive_Adaptive@rho1.2_c01024_theta30_rep3,3,Adaptive@rho1.2_c01024_theta30,Adaptive,32,reuse_intensive:rep3:req32,reuse_intensive,0,0,2,L0000,8192,0,0;2,False,1789729820.2830682,8192,8192,8192,146.67427825927734,False,False,False,False,8192,0.0,2,2,8224.0,False,cache_reused,False,False,0,0.0,6ed594783323ab9b5fdd5b5dfbed52aec839d8f6d3687c3c683158e239c59eed,True,,,1,0,239.104842,742.503111,6,8252,4,8224
20260726_formal4t4_reuse_intensive_Adaptive@rho1.2_c01024_theta30_rep3,3,Adaptive@rho1.2_c01024_theta30,Adaptive,33,reuse_intensive:rep3:req33,reuse_intensive,0,0,0,L0000,8192,2,0;2,True,1789729820.2831166,8192,8192,8192,146.67418313026428,False,False,False,False,8192,163.84,2,2,8224.0,True,cache_reused,False,False,0,0.0,b8fa5bfee4d2163666b1147db166fee683a6022d24745da652d03855b03b8865,True,,,1,0,262.907608,811.050453,6,8252,4,8224
20260726_formal4t4_reuse_intensive_Adaptive@rho1.2_c01024_theta30_rep3,3,Adaptive@rho1.2_c01024_theta30,Adaptive,34,reuse_intensive:rep3:req34,reuse_intensive,0,0,1,L0000,8192,2,0;2,True,1789729820.283151,8192,8192,8192,146.67421746253967,False,False,False,False,8192,161.84,2,2,8224.0,True,cache_reused,False,False,0,0.0,c1cb768b277fae8e92241d26b4bd8386dbbe362422aad8e79b91827915f7b80a,True,,,1,0,446.137097,979.377853,6,8252,4,8224
20260726_formal4t4_reuse_intensive_Adaptive@rho1.2_c01024_theta30_rep3,3,Adaptive@rho1.2_c01024_theta30,Adaptive,35,reuse_intensive:rep3:req35,reuse_intensive,0,1,1,L0001,8192,3,0;3,True,1789729820.283211,8192,8192,8192,133.59109091758728,False,False,False,False,8192,163.84,2,2,8224.0,True,cache_reused,False,False,0,0.0,449874d21792fa344eb8ffb179efb5891e92d95b371141a04c32d4c59afb2185,True,,,1,0,236.987657,711.692931,6,8252,4,8224
20260726_formal4t4_reuse_intensive_Adaptive@rho1.2_c01024_theta30_rep3,3,Adaptive@rho1.2_c01024_theta30,Adaptive,36,reuse_intensive:rep3:req36,reuse_intensive,0,0,2,L0000,8192,0,0;2,False,1789729821.2678173,8192,8192,8192,147.65902733802795,False,False,False,False,8192,0.0,2,2,8224.0,False,cache_reused,False,False,0,0.0,c0bcab89faa2bb2cf4eec4629c3bb5f3eb3f8707d898f3f7db3940568efa86a3,True,,,1,0,249.688592,796.782897,6,8252,4,8224
20260726_formal4t4_reuse_intensive_Adaptive@rho1.2_c01024_theta30_rep3,3,Adaptive@rho1.2_c01024_theta30,Adaptive,37,reuse_intensive:rep3:req37,reuse_intensive,0,0,0,L0000,8192,2,0;2,False,1789729821.2678661,8192,8192,8192,147.65893268585205,False,False,False,False,8192,0.0,2,2,8224.0,False,cache_reused,False,False,0,0.0,fa748ef4e0d50e8f5a6956f1c38859d08ee3b600d07568b244194fecaf83e22a,True,,,1,0,258.038445,762.57346,6,8252,4,8224
20260726_formal4t4_reuse_intensive_Adaptive@rho1.2_c01024_theta30_rep3,3,Adaptive@rho1.2_c01024_theta30,Adaptive,38,reuse_intensive:rep3:req38,reuse_intensive,0,8,1,L0008,8192,1,,False,1789729821.2678936,8192,0,0,160.36401534080505,True,True,False,False,0,0.0,0,0,8224.0,False,cache_reused,False,False,0,0.0,92973313c7302e0b27b0fdc558afce8d920a6d19328ba7fede9c397eacb8eda0,True,,,1,0,345.095897,830.898514,6,8252,4,8224
20260726_formal4t4_reuse_intensive_Adaptive@rho1.2_c01024_theta30_rep3,3,Adaptive@rho1.2_c01024_theta30,Adaptive,39,reuse_intensive:rep3:req39,reuse_intensive,0,0,1,L0000,8192,0,0;2,True,1789729821.267928,8192,8192,8192,147.65913796424866,False,False,False,False,8192,161.84,2,2,8224.0,True,cache_reused,False,False,0,0.0,9b9c98f9caec5a12d578467e4d773bf1eb50957d8e0e92569fbb9f44c169670a,True,,,1,0,430.690756,961.445871,6,8252,4,8224
20260726_formal4t4_reuse_intensive_Adaptive@rho1.2_c01024_theta30_rep3,3,Adaptive@rho1.2_c01024_theta30,Adaptive,40,reuse_intensive:rep3:req40,reuse_intensive,0,0,2,L0000,8192,0,0;2,True,1789729822.235794,8192,8192,8192,148.62700414657593,False,False,False,False,8192,163.84,2,2,8224.0,True,cache_reused,False,False,0,0.0,3aad3c08872132201164fa3344dbe11d8a4ec6ce8c0a1bd077e754b000022331,True,,,1,0,239.304807,1215.44819,6,8252,4,8224
20260726_formal4t4_reuse_intensive_Adaptive@rho1.2_c01024_theta30_rep3,3,Adaptive@rho1.2_c01024_theta30,Adaptive,41,reuse_intensive:rep3:req41,reuse_intensive,0,20,0,L0020,8192,3,,False,1789729822.2358348,0,0,0,,False,False,False,False,0,0.0,0,0,32.0,False,cache_miss,False,False,0,0.0,6dbd8a8395b364107dd135c5143a6d2bd33a6f7023d660de5666cff77fb8a819,True,,,1,0,12198.047085,12688.410365,6,8252,4,32
20260726_formal4t4_reuse_intensive_Adaptive@rho1.2_c01024_theta30_rep3,3,Adaptive@rho1.2_c01024_theta30,Adaptive,42,reuse_intensive:rep3:req42,reuse_intensive,0,4,2,L0004,8192,1,0;1,False,1789729822.2358744,8192,8192,8192,97.31384468078613,False,False,False,False,8192,0.0,2,2,8224.0,False,cache_reused,False,False,0,0.0,9b80328ff6a25362527dce1717d4a1053874ecb2802ac0bbb07681447057e35c,True,,,1,0,237.44859,720.071082,6,8252,4,8224
20260726_formal4t4_reuse_intensive_Adaptive@rho1.2_c01024_theta30_rep3,3,Adaptive@rho1.2_c01024_theta30,Adaptive,43,reuse_intensive:rep3:req43,reuse_intensive,0,7,1,L0007,8192,0,0,True,1789729822.2359076,8192,8192,8192,73.47203326225281,False,False,False,False,8192,161.84,1,1,8224.0,True,cache_reused,False,False,0,0.0,b5b0c4ee555fe3aa1f1309103bef30e3766ad932f4c6dbe34c270b5e830ab311,True,,,1,0,564.111547,1373.886689,6,8252,4,8224
20260726_formal4t4_reuse_intensive_Adaptive@rho1.2_c01024_theta30_rep3,3,Adaptive@rho1.2_c01024_theta30,Adaptive,44,reuse_intensive:rep3:req44,reuse_intensive,0,19,0,L0019,8192,2,,False,1789729834.9285862,0,0,0,,False,False,False,False,0,0.0,0,0,32.0,False,cache_miss,False,False,0,0.0,13359b76214f42e897a92963508ff82aed498123dbb9f9b89c9ce6f0b35ce094,True,,,1,0,10697.842277,11175.149839,6,8252,4,32
20260726_formal4t4_reuse_intensive_Adaptive@rho1.2_c01024_theta30_rep3,3,Adaptive@rho1.2_c01024_theta30,Adaptive,45,reuse_intensive:rep3:req45,reuse_intensive,0,0,0,L0000,8192,0,0;2,True,1789729834.92864,8192,8192,8192,161.31984996795654,False,False,False,False,8192,163.84,2,2,8224.0,True,cache_reused,False,False,0,0.0,52d7ae8333f26885f9b3938f541f60b0c46fadba6b9de827736c907b5f5b7ef7,True,,,1,0,384.747781,896.23831,6,8252,4,8224
20260726_formal4t4_reuse_intensive_Adaptive@rho1.2_c01024_theta30_rep3,3,Adaptive@rho1.2_c01024_theta30,Adaptive,46,reuse_intensive:rep3:req46,reuse_intensive,0,3,0,L0003,8192,3,0;3,False,1789729834.9286816,8192,8192,8192,122.70778274536133,False,False,False,False,8192,0.0,2,2,8224.0,False,cache_reused,False,False,0,0.0,2e75fb1c991d1b26fd867225b995b688b615b5a5ffde120e2a0aa178cb8188b1,True,,,1,0,218.907156,661.353549,6,8252,4,8224
20260726_formal4t4_reuse_intensive_Adaptive@rho1.2_c01024_theta30_rep3,3,Adaptive@rho1.2_c01024_theta30,Adaptive,47,reuse_intensive:rep3:req47,reuse_intensive,0,18,0,L0018,8192,1,,False,1789729834.9287066,0,0,0,,False,False,False,False,0,0.0,0,0,32.0,False,cache_miss,False,False,0,0.0,38e96175aaf808bc388726afaf89b0e05a5d93a994a8fc86a0f978d673e5d593,True,,,1,0,10397.246685,10870.97454,6,8252,4,32
20260726_formal4t4_reuse_intensive_Adaptive@rho1.2_c01024_theta30_rep3,3,Adaptive@rho1.2_c01024_theta30,Adaptive,48,reuse_intensive:rep3:req48,reuse_intensive,0,43,0,L0043,8192,0,,False,1789729846.1068945,0,0,0,,False,False,False,False,0,0.0,0,0,32.0,False,cache_miss,False,False,0,0.0,69f908d79a6596f8530b20faa147672187d5e4e4f754ca6204287596c629c471,True,,,1,0,10432.214246,11378.220652,6,8252,4,32
20260726_formal4t4_reuse_intensive_Adaptive@rho1.2_c01024_theta30_rep3,3,Adaptive@rho1.2_c01024_theta30,Adaptive,49,reuse_intensive:rep3:req49,reuse_intensive,0,2,1,L0002,8192,2,0;2,True,1789729846.10695,8192,8192,8192,147.04851603507996,False,False,False,False,8192,163.84,2,2,8224.0,True,cache_reused,False,False,0,0.0,79676e693577ab62a036a92bb32ef648623254b6b23edd1ad254317c12307d38,True,,,1,0,224.587203,659.011882,6,8252,4,8224
20260726_formal4t4_reuse_intensive_Adaptive@rho1.2_c01024_theta30_rep3,3,Adaptive@rho1.2_c01024_theta30,Adaptive,50,reuse_intensive:rep3:req50,reuse_intensive,0,3,1,L0003,8192,3,0;3,False,1789729846.1069915,8192,8192,8192,133.88609266281128,False,False,False,False,8192,0.0,2,2,8224.0,False,cache_reused,False,False,0,0.0,3a10e1e87d53bb51e9e53cd8f70907ecf2acf12ec2ac6e38f698a9b0b79cd02d,True,,,1,0,350.396469,811.699202,6,8252,4,8224
20260726_formal4t4_reuse_intensive_Adaptive@rho1.2_c01024_theta30_rep3,3,Adaptive@rho1.2_c01024_theta30,Adaptive,51,reuse_intensive:rep3:req51,reuse_intensive,0,0,1,L0000,8192,0,0;2,True,1789729846.1070244,8192,8192,8192,172.49823451042175,False,False,False,False,8192,161.84,2,2,8224.0,True,cache_reused,False,False,0,0.0,e2541ae10d6d2ad05b3442a99560c514e4d43dceb53d9007876b5911c7ccf34a,True,,,1,0,10428.636034,11374.724039,6,8252,4,8224
20260726_formal4t4_reuse_intensive_Adaptive@rho1.2_c01024_theta30_rep3,3,Adaptive@rho1.2_c01024_theta30,Adaptive,52,reuse_intensive:rep3:req52,reuse_intensive,0,3,2,L0003,8192,3,0;3,False,1789729857.4884815,8192,8192,8192,145.267582654953,False,False,False,False,8192,0.0,2,2,8224.0,False,cache_reused,False,False,0,0.0,bf5cb1e17e4c9a1a10f1f41e800fb51560b088220208e0aeae7ef077c075c584,True,,,1,0,373.065966,826.407313,6,8252,4,8224
20260726_formal4t4_reuse_intensive_Adaptive@rho1.2_c01024_theta30_rep3,3,Adaptive@rho1.2_c01024_theta30,Adaptive,53,reuse_intensive:rep3:req53,reuse_intensive,0,21,0,L0021,8192,1,,False,1789729857.4885216,0,0,0,,False,False,False,False,0,0.0,0,0,32.0,False,cache_miss,False,False,0,0.0,3c340afd05221411bfdcd1a46ff1df367939418b17a1b89ee785d00a99dcb3df,True,,,1,0,10391.214338,10845.182765,6,8252,4,32
20260726_formal4t4_reuse_intensive_Adaptive@rho1.2_c01024_theta30_rep3,3,Adaptive@rho1.2_c01024_theta30,Adaptive,54,reuse_intensive:rep3:req54,reuse_intensive,0,3,0,L0003,8192,0,0;3,False,1789729857.4885602,8192,8192,8192,53.89824461936951,False,False,False,False,8192,0.0,2,2,8224.0,False,cache_reused,False,False,0,0.0,53a097447c608dc1563eaa4f08081c630ddcbdc10eb53c750df103cfb8c0b7a5,True,,,1,0,264.310372,779.93618,6,8252,4,8224
20260726_formal4t4_reuse_intensive_Adaptive@rho1.2_c01024_theta30_rep3,3,Adaptive@rho1.2_c01024_theta30,Adaptive,55,reuse_intensive:rep3:req55,reuse_intensive,0,0,2,L0000,8192,2,0;2,False,1789729857.4885929,8192,8192,8192,183.87965941429138,False,False,False,False,8192,0.0,2,2,8224.0,False,cache_reused,False,False,0,0.0,70360c5615a8a22663ab8c1c116cbcde1e0860fcfe0289e217852d8bb4977d1d,True,,,1,0,374.95427,900.033726,6,8252,4,8224
20260726_formal4t4_reuse_intensive_Adaptive@rho1.2_c01024_theta30_rep3,3,Adaptive@rho1.2_c01024_theta30,Adaptive,56,reuse_intensive:rep3:req56,reuse_intensive,0,0,0,L0000,8192,2,0;2,False,1789729868.3383813,8192,8192,8192,194.7294478416443,False,False,False,False,8192,0.0,2,2,8224.0,False,cache_reused,False,False,0,0.0,5171175c1ce3186835428b2d052811ada999a935d64e4e11819eb38c0e22a276,True,,,1,0,381.042781,941.536669,6,8252,4,8224
20260726_formal4t4_reuse_intensive_Adaptive@rho1.2_c01024_theta30_rep3,3,Adaptive@rho1.2_c01024_theta30,Adaptive,57,reuse_intensive:rep3:req57,reuse_intensive,0,1,2,L0001,8192,3,0;3,False,1789729868.3384323,8192,8192,8192,63.612475633621216,False,False,False,False,8192,0.0,2,2,8224.0,False,cache_reused,False,False,0,0.0,0159d280cd6c617130f5dad4b630354e957c057ba85ad2c2339a8e4f637e1e13,True,,,1,0,371.498263,853.659629,6,8252,4,8224
20260726_formal4t4_reuse_intensive_Adaptive@rho1.2_c01024_theta30_rep3,3,Adaptive@rho1.2_c01024_theta30,Adaptive,58,reuse_intensive:rep3:req58,reuse_intensive,0,0,1,L0000,8192,0,0;2,False,1789729868.3384688,8192,8192,8192,194.72967886924744,False,False,False,False,8192,0.0,2,2,8224.0,False,cache_reused,False,False,0,0.0,ea108429fe180c71dff2a819a885681b37e67e731c27de09ed67d24f4bb07a5e,True,,,1,0,383.99766,903.979826,6,8252,4,8224
20260726_formal4t4_reuse_intensive_Adaptive@rho1.2_c01024_theta30_rep3,3,Adaptive@rho1.2_c01024_theta30,Adaptive,59,reuse_intensive:rep3:req59,reuse_intensive,0,0,2,L0000,8192,2,0;2,True,1789729868.3385003,8192,8192,8192,194.72956681251526,False,False,False,False,8192,161.84,2,2,8224.0,True,cache_reused,False,False,0,0.0,c38a60a697a7dbd2961ccfb3288513da09178d50d71eb065710b3cf4b8b781db,True,,,1,0,576.811989,1109.699144,6,8252,4,8224
20260726_formal4t4_reuse_intensive_Adaptive@rho1.2_c01024_theta30_rep3,3,Adaptive@rho1.2_c01024_theta30,Adaptive,60,reuse_intensive:rep3:req60,reuse_intensive,1,69,0,L0069,8192,2,,False,1789729869.4549932,0,0,0,,False,False,False,False,0,0.0,0,0,32.0,False,cache_miss,False,False,0,0.0,c05cd416f11029ce640a63933777710aef0f3858ce048a310a9d7536eca9798e,True,,,1,0,11047.402322,11531.085991,6,8252,4,32
20260726_formal4t4_reuse_intensive_Adaptive@rho1.2_c01024_theta30_rep3,3,Adaptive@rho1.2_c01024_theta30,Adaptive,61,reuse_intensive:rep3:req61,reuse_intensive,1,65,0,L0065,8192,0,,False,1789729869.4550295,0,0,0,,False,False,False,False,0,0.0,0,0,32.0,False,cache_miss,False,False,0,0.0,12622ba9784bea2cfeb7fe2c5e8a6cf2cc0ab2c68a51612c4f341d5fdb1b1936,True,,,1,0,10726.125317,11228.942828,6,8252,4,32
20260726_formal4t4_reuse_intensive_Adaptive@rho1.2_c01024_theta30_rep3,3,Adaptive@rho1.2_c01024_theta30,Adaptive,62,reuse_intensive:rep3:req62,reuse_intensive,1,70,0,L0070,8192,1,,False,1789729869.4550562,0,0,0,,False,False,False,False,0,0.0,0,0,32.0,False,cache_miss,False,False,0,0.0,8e2c2ca264cbf1ac7892ec0a9dc3ef7529cfb223b2a33206d7750c89c6e39f88,True,,,1,0,10321.416081,10762.700802,6,8252,4,32
20260726_formal4t4_reuse_intensive_Adaptive@rho1.2_c01024_theta30_rep3,3,Adaptive@rho1.2_c01024_theta30,Adaptive,63,reuse_intensive:rep3:req63,reuse_intensive,1,124,0,L0124,8192,3,,False,1789729869.4550767,0,0,0,,False,False,False,False,0,0.0,0,0,16.0,False,cache_miss,False,False,0,0.0,88d64852fe87017ef883a4d966e554ed4e2104eddb4c921c467f968cd5d4be1d,True,,,1,0,10539.425647,11017.884036,6,8252,4,16
20260726_formal4t4_reuse_intensive_Adaptive@rho1.2_c01024_theta30_rep3,3,Adaptive@rho1.2_c01024_theta30,Adaptive,64,reuse_intensive:rep3:req64,reuse_intensive,1,65,1,L0065,8192,2,,False,1789729880.9892945,8192,0,0,220.08541631698608,True,True,False,False,0,0.0,0,0,32.0,False,cache_miss,False,False,0,0.0,d6e7c91df69a03735c108f7137e20a82d21d84ab8e975c52bec6e64d72fcc207,True,,,1,0,10371.290302,10835.032914,6,8252,4,32
20260726_formal4t4_reuse_intensive_Adaptive@rho1.2_c01024_theta30_rep3,3,Adaptive@rho1.2_c01024_theta30,Adaptive,65,reuse_intensive:rep3:req65,reuse_intensive,1,69,1,L0069,8192,1,,False,1789729880.989334,8192,0,0,220.08545589447021,True,True,False,False,0,0.0,0,0,32.0,False,cache_miss,False,False,0,0.0,8006fd4628fe9aa69a0b3ee0c18bd954cb5bb6d28d0e6ea0447ce10fe726498a,True,,,1,0,9826.794234,10270.644261,6,8252,4,32
20260726_formal4t4_reuse_intensive_Adaptive@rho1.2_c01024_theta30_rep3,3,Adaptive@rho1.2_c01024_theta30,Adaptive,66,reuse_intensive:rep3:req66,reuse_intensive,1,112,0,L0112,8192,0,,False,1789729880.9893608,0,0,0,,False,False,False,False,0,0.0,0,0,16.0,False,cache_miss,False,False,0,0.0,e3bbfc9c38b2d99ac81b34d6fa6eb3f635554aeafc03a01046759fd43ca8b09d,True,,,1,0,11043.026016,11546.469435,6,8252,4,16
20260726_formal4t4_reuse_intensive_Adaptive@rho1.2_c01024_theta30_rep3,3,Adaptive@rho1.2_c01024_theta30,Adaptive,67,reuse_intensive:rep3:req67,reuse_intensive,1,76,0,L0076,8192,3,,False,1789729880.9893825,0,0,0,,False,False,False,False,0,0.0,0,0,32.0,False,cache_miss,False,False,0,0.0,8ccd4c5b7d5a6f430fd39727c9cfde2904c45c81b2f63c92ca0d1ce589ca49fd,True,,,1,0,10332.191074,10790.487219,6,8252,4,32
20260726_formal4t4_reuse_intensive_Adaptive@rho1.2_c01024_theta30_rep3,3,Adaptive@rho1.2_c01024_theta30,Adaptive,68,reuse_intensive:rep3:req68,reuse_intensive,1,71,0,L0071,8192,2,,False,1789729892.5414622,0,0,0,,False,False,False,False,0,0.0,0,0,32.0,False,cache_miss,False,False,0,0.0,1729119e0e4ba3c39f37247d4191b8b6caf99744b2090286ca4c874b71cca00d,True,,,1,0,10112.35637,10574.459065,6,8252,4,32
20260726_formal4t4_reuse_intensive_Adaptive@rho1.2_c01024_theta30_rep3,3,Adaptive@rho1.2_c01024_theta30,Adaptive,69,reuse_intensive:rep3:req69,reuse_intensive,1,69,2,L0069,8192,3,,False,1789729892.5414999,8192,0,0,231.63762164115906,True,True,False,False,0,0.0,0,0,32.0,False,cache_miss,False,False,0,0.0,2c9b1fb73c59fee328c830febe48fb1023e83f0761591fd277656ee481e859d3,True,,,1,0,11734.818076,12217.789688,6,8252,4,32
20260726_formal4t4_reuse_intensive_Adaptive@rho1.2_c01024_theta30_rep3,3,Adaptive@rho1.2_c01024_theta30,Adaptive,70,reuse_intensive:rep3:req70,reuse_intensive,1,74,0,L0074,8192,0,,False,1789729892.541529,0,0,0,,False,False,False,False,0,0.0,0,0,32.0,False,cache_miss,False,False,0,0.0,ea553a1360810decb2575a61ecff459fc66eb785976a06019ab908a38ce7f1de,True,,,1,0,10779.608611,11293.585909,6,8252,4,32
20260726_formal4t4_reuse_intensive_Adaptive@rho1.2_c01024_theta30_rep3,3,Adaptive@rho1.2_c01024_theta30,Adaptive,71,reuse_intensive:rep3:req71,reuse_intensive,1,64,0,L0064,8192,1,,False,1789729892.5415518,0,0,0,,False,False,False,False,0,0.0,0,0,32.0,False,cache_miss,False,False,0,0.0,4df3f1a977d15ab1b983ea74f9ca96d0acb310b7fa26e0ed546cdbca2179f743,True,,,1,0,9348.066673,9787.979436,6,8252,4,32
20260726_formal4t4_reuse_intensive_Adaptive@rho1.2_c01024_theta30_rep3,3,Adaptive@rho1.2_c01024_theta30,Adaptive,72,reuse_intensive:rep3:req72,reuse_intensive,1,67,0,L0067,8192,2,,False,1789729904.7638404,0,0,0,,False,False,False,False,0,0.0,0,0,32.0,False,cache_miss,False,False,0,0.0,d6ec29a925b765628d35ae95d8f0edc3a4bfa82e6e99229c5cfa5adf46f093a8,True,,,1,0,11605.051611,12091.517102,6,8252,4,32
20260726_formal4t4_reuse_intensive_Adaptive@rho1.2_c01024_theta30_rep3,3,Adaptive@rho1.2_c01024_theta30,Adaptive,73,reuse_intensive:rep3:req73,reuse_intensive,1,64,1,L0064,8192,0,,False,1789729904.7638788,8192,0,0,243.86000061035156,True,True,False,False,0,0.0,0,0,32.0,False,cache_miss,False,False,0,0.0,c950d5acf8cacb5ac8365826f8d76b0adb37ce728485d90d3416556e8b3f06c1,True,,,1,0,10742.724866,11249.907041,6,8252,4,32
20260726_formal4t4_reuse_intensive_Adaptive@rho1.2_c01024_theta30_rep3,3,Adaptive@rho1.2_c01024_theta30,Adaptive,74,reuse_intensive:rep3:req74,reuse_intensive,1,71,1,L0071,8192,1,,False,1789729904.763907,8192,0,0,243.8600287437439,True,True,False,False,0,0.0,0,0,32.0,False,cache_miss,False,False,0,0.0,8ef093a4a95ce9801025d810f40562f93e5bb81083ccb8122bf2be89d23b37c2,True,,,1,0,9778.157012,10250.691797,6,8252,4,32
20260726_formal4t4_reuse_intensive_Adaptive@rho1.2_c01024_theta30_rep3,3,Adaptive@rho1.2_c01024_theta30,Adaptive,75,reuse_intensive:rep3:req75,reuse_intensive,1,64,2,L0064,8192,3,,False,1789729904.7639291,8192,0,0,243.86005091667175,True,True,False,False,0,0.0,0,0,32.0,False,cache_miss,False,False,0,0.0,6b07931ddd9160348eef2489db86c421d4754c25255d7a4dfc2524defb27f2be,True,,,1,0,10161.343606,10605.541495,6,8252,4,32
20260726_formal4t4_reuse_intensive_Adaptive@rho1.2_c01024_theta30_rep3,3,Adaptive@rho1.2_c01024_theta30,Adaptive,76,reuse_intensive:rep3:req76,reuse_intensive,1,67,1,L0067,8192,2,,False,1789729916.8586457,8192,0,0,255.95476746559143,True,True,False,False,0,0.0,0,0,8224.0,False,cache_reused,False,False,0,0.0,213c519a4cdeced14b770aaaa6c6734cd58e82e90d907793a212a8885570f955,True,,,1,0,241.207116,727.534598,6,8252,4,8224
20260726_formal4t4_reuse_intensive_Adaptive@rho1.2_c01024_theta30_rep3,3,Adaptive@rho1.2_c01024_theta30,Adaptive,77,reuse_intensive:rep3:req77,reuse_intensive,1,64,0,L0064,8192,1,,False,1789729916.8586867,8192,0,0,255.95480847358704,True,True,False,False,0,0.0,0,0,8224.0,False,cache_reused,False,False,0,0.0,9601aada4782c74362cbb48446d7c6369b5a5360cccc36830c195967be1caa60,True,,,1,0,369.8322,821.063992,6,8252,4,8224
20260726_formal4t4_reuse_intensive_Adaptive@rho1.2_c01024_theta30_rep3,3,Adaptive@rho1.2_c01024_theta30,Adaptive,78,reuse_intensive:rep3:req78,reuse_intensive,1,65,2,L0065,8192,0,,False,1789729916.8587143,8192,0,0,255.9548361301422,True,True,False,False,0,0.0,0,0,8224.0,False,cache_reused,False,False,0,0.0,e10b23878e600e38933965aa3c969a6079ac47069719c34a9d17e3e349fb9004,True,,,1,0,249.455355,757.017816,6,8252,4,8224
20260726_formal4t4_reuse_intensive_Adaptive@rho1.2_c01024_theta30_rep3,3,Adaptive@rho1.2_c01024_theta30,Adaptive,79,reuse_intensive:rep3:req79,reuse_intensive,1,65,0,L0065,8192,3,,False,1789729916.8587375,8192,0,0,255.95485925674438,True,True,False,False,0,0.0,0,0,32.0,False,cache_miss,False,False,0,0.0,3ff5d6eab81af23e109a3b941c31e85653ebae63fb2b579dfead4105b017c4f0,True,,,1,0,11108.515812,11609.706301,6,8252,4,32
20260726_formal4t4_reuse_intensive_Adaptive@rho1.2_c01024_theta30_rep3,3,Adaptive@rho1.2_c01024_theta30,Adaptive,80,reuse_intensive:rep3:req80,reuse_intensive,1,64,1,L0064,8192,2,,False,1789729928.4750385,8192,0,0,267.5711603164673,True,True,False,False,0,0.0,0,0,32.0,False,cache_miss,False,False,0,0.0,573f7eb593e900e73cc1f87a47a95f1e7ff04c560d4a9c491fd661868a4bf59f,True,,,1,0,9569.767751,10014.352944,6,8252,4,32
20260726_formal4t4_reuse_intensive_Adaptive@rho1.2_c01024_theta30_rep3,3,Adaptive@rho1.2_c01024_theta30,Adaptive,81,reuse_intensive:rep3:req81,reuse_intensive,1,91,0,L0091,8192,3,,False,1789729928.4750786,0,0,0,,False,False,False,False,0,0.0,0,0,32.0,False,cache_miss,False,False,0,0.0,3127820c6bc57dca218b14fa6770723e917121790c99ce9f4f377b55ae68ef17,True,,,1,0,10197.339443,10670.890045,6,8252,4,32
20260726_formal4t4_reuse_intensive_Adaptive@rho1.2_c01024_theta30_rep3,3,Adaptive@rho1.2_c01024_theta30,Adaptive,82,reuse_intensive:rep3:req82,reuse_intensive,1,68,0,L0068,8192,0,,False,1789729928.475105,0,0,0,,False,False,False,False,0,0.0,0,0,32.0,False,cache_miss,False,False,0,0.0,7ada2be111cb77b9367f21df8d90f7349815ee10be0252139b7575513af67529,True,,,1,0,10536.747219,11020.091469,6,8252,4,32
20260726_formal4t4_reuse_intensive_Adaptive@rho1.2_c01024_theta30_rep3,3,Adaptive@rho1.2_c01024_theta30,Adaptive,83,reuse_intensive:rep3:req83,reuse_intensive,1,66,0,L0066,8192,1,,False,1789729928.4751256,0,0,0,,False,False,False,False,0,0.0,0,0,32.0,False,cache_miss,False,False,0,0.0,c315f741b6d7394eeefbd9b91819d2112a9f252409d85cda2694f2ca7ffb98d9,True,,,1,0,10999.044247,11497.035258,6,8252,4,32
20260726_formal4t4_reuse_intensive_Adaptive@rho1.2_c01024_theta30_rep3,3,Adaptive@rho1.2_c01024_theta30,Adaptive,84,reuse_intensive:rep3:req84,reuse_intensive,1,68,1,L0068,8192,2,,False,1789729939.9792247,8192,0,0,279.07534646987915,True,True,False,False,0,0.0,0,0,32.0,False,cache_miss,False,False,0,0.0,a6277ca8af32a6d8df210dc5a90c74d524fd27b00b6d48fd817f0329db681682,True,,,1,0,8806.787257,9241.90464,6,8252,4,32
20260726_formal4t4_reuse_intensive_Adaptive@rho1.2_c01024_theta30_rep3,3,Adaptive@rho1.2_c01024_theta30,Adaptive,85,reuse_intensive:rep3:req85,reuse_intensive,1,92,0,L0092,8192,0,,False,1789729939.979264,0,0,0,,False,False,False,False,0,0.0,0,0,32.0,False,cache_miss,False,False,0,0.0,f03df7cfbc5f4c44b62eb08eb10e481146b17be2aaa336f0c7e398e1910532ba,True,,,1,0,10432.492234,10898.969868,6,8252,4,32
20260726_formal4t4_reuse_intensive_Adaptive@rho1.2_c01024_theta30_rep3,3,Adaptive@rho1.2_c01024_theta30,Adaptive,86,reuse_intensive:rep3:req86,reuse_intensive,1,106,0,L0106,8192,1,,False,1789729939.97929,0,0,0,,False,False,False,False,0,0.0,0,0,16.0,False,cache_miss,False,False,0,0.0,47e368b1573f1e3133679f1922905af0816495c70681a017e86efbcc7f717641,True,,,1,0,9426.285782,9864.446259,6,8252,4,16
20260726_formal4t4_reuse_intensive_Adaptive@rho1.2_c01024_theta30_rep3,3,Adaptive@rho1.2_c01024_theta30,Adaptive,87,reuse_intensive:rep3:req87,reuse_intensive,1,81,0,L0081,8192,3,,False,1789729939.9793117,0,0,0,,False,False,False,False,0,0.0,0,0,32.0,False,cache_miss,False,False,0,0.0,e20c953a8183dfae841d46710d3bfa18ab21cb603df5328247a24c7789ef7b6d,True,,,1,0,10789.639198,11273.174284,6,8252,4,32
20260726_formal4t4_reuse_intensive_Adaptive@rho1.2_c01024_theta30_rep3,3,Adaptive@rho1.2_c01024_theta30,Adaptive,88,reuse_intensive:rep3:req88,reuse_intensive,1,64,2,L0064,8192,2,,False,1789729951.2593076,8192,0,0,290.35542941093445,True,True,False,False,0,0.0,0,0,8224.0,False,cache_reused,False,False,0,0.0,19a813cfd1b0387dc98ad39211b06c1b2baa94e6d1ee9c580a85cd83cac754ed,True,,,1,0,393.352938,850.070599,6,8252,4,8224
20260726_formal4t4_reuse_intensive_Adaptive@rho1.2_c01024_theta30_rep3,3,Adaptive@rho1.2_c01024_theta30,Adaptive,89,reuse_intensive:rep3:req89,reuse_intensive,1,74,1,L0074,8192,1,,False,1789729951.259348,8192,0,0,290.3554697036743,True,True,False,False,0,0.0,0,0,32.0,False,cache_miss,False,False,0,0.0,f0e9aa37adeca6bebaa6e2e0cc8c2c63af97e19815a97b09dff8e0f3428a0886,True,,,1,0,9464.04316,9915.102176,6,8252,4,32
20260726_formal4t4_reuse_intensive_Adaptive@rho1.2_c01024_theta30_rep3,3,Adaptive@rho1.2_c01024_theta30,Adaptive,90,reuse_intensive:rep3:req90,reuse_intensive,1,64,0,L0064,8192,0,,False,1789729951.2593741,8192,0,0,290.355495929718,True,True,False,False,0,0.0,0,0,8224.0,False,cache_reused,False,False,0,0.0,69ba94396dae7b5671983cd74486da1d75bd341ebdc5fda6a2cc2807b3920d75,True,,,1,0,248.800196,756.234854,6,8252,4,8224
20260726_formal4t4_reuse_intensive_Adaptive@rho1.2_c01024_theta30_rep3,3,Adaptive@rho1.2_c01024_theta30,Adaptive,91,reuse_intensive:rep3:req91,reuse_intensive,1,64,1,L0064,8192,3,,False,1789729951.2593968,8192,0,0,290.35551857948303,True,True,False,False,0,0.0,0,0,8224.0,False,cache_reused,False,False,0,0.0,f28850e03a7d645c5de0071aaaff47437281e141b7a580ce09aa06f4fe34fb59,True,,,1,0,230.885982,677.769238,6,8252,4,8224
20260726_formal4t4_reuse_intensive_Adaptive@rho1.2_c01024_theta30_rep3,3,Adaptive@rho1.2_c01024_theta30,Adaptive,92,reuse_intensive:rep3:req92,reuse_intensive,1,65,1,L0065,8192,2,,False,1789729961.2697024,8192,0,0,300.3658242225647,True,True,False,False,0,0.0,0,0,8224.0,False,cache_reused,False,False,0,0.0,235de4b320ff6f733d0c99b3a71f87462d20c35b732d7054d457ef6ad17cdfda,True,,,1,0,364.588218,835.494674,6,8252,4,8224
20260726_formal4t4_reuse_intensive_Adaptive@rho1.2_c01024_theta30_rep3,3,Adaptive@rho1.2_c01024_theta30,Adaptive,93,reuse_intensive:rep3:req93,reuse_intensive,1,78,0,L0078,8192,3,,False,1789729961.2697291,0,0,0,,False,False,False,False,0,0.0,0,0,32.0,False,cache_miss,False,False,0,0.0,482f3cbf435820b2fe4f10370f77d1e39aed2aa456cdb16b931e5586cc1a932e,True,,,1,0,12119.428771,12610.24508,6,8252,4,32
20260726_formal4t4_reuse_intensive_Adaptive@rho1.2_c01024_theta30_rep3,3,Adaptive@rho1.2_c01024_theta30,Adaptive,94,reuse_intensive:rep3:req94,reuse_intensive,1,105,0,L0105,8192,0,,False,1789729961.269744,0,0,0,,False,False,False,False,0,0.0,0,0,32.0,False,cache_miss,False,False,0,0.0,363a6896d645d43c324eee2d768f9bce9724ed42813a5ce06fe16d67e377644c,True,,,1,0,10031.381395,10525.084769,6,8252,4,32
20260726_formal4t4_reuse_intensive_Adaptive@rho1.2_c01024_theta30_rep3,3,Adaptive@rho1.2_c01024_theta30,Adaptive,95,reuse_intensive:rep3:req95,reuse_intensive,1,104,0,L0104,8192,1,,False,1789729961.2697566,0,0,0,,False,False,False,False,0,0.0,0,0,32.0,False,cache_miss,False,False,0,0.0,3347e664a8599de0ff6289177948347d8e18124395267e9eed039a949e986884,True,,,1,0,10001.183111,10443.622755,6,8252,4,32
20260726_formal4t4_reuse_intensive_Adaptive@rho1.2_c01024_theta30_rep3,3,Adaptive@rho1.2_c01024_theta30,Adaptive,96,reuse_intensive:rep3:req96,reuse_intensive,1,117,0,L0117,8192,2,,False,1789729973.88246,0,0,0,,False,False,False,False,0,0.0,0,0,16.0,False,cache_miss,False,False,0,0.0,7774ceac73230aa47ad5d33639db35193757445a881661226a5c67195230afd7,True,,,1,0,9021.119629,9434.721579,6,8252,4,16
20260726_formal4t4_reuse_intensive_Adaptive@rho1.2_c01024_theta30_rep3,3,Adaptive@rho1.2_c01024_theta30,Adaptive,97,reuse_intensive:rep3:req97,reuse_intensive,1,66,1,L0066,8192,0,,False,1789729973.882479,8192,0,0,312.97860074043274,True,True,False,False,0,0.0,0,0,32.0,False,cache_miss,False,False,0,0.0,25e8740cd368c6b511d4b791f00a6c004a7f54f81b53a87446cdefd3f348f97c,True,,,1,0,10128.21622,10607.874925,6,8252,4,32
20260726_formal4t4_reuse_intensive_Adaptive@rho1.2_c01024_theta30_rep3,3,Adaptive@rho1.2_c01024_theta30,Adaptive,98,reuse_intensive:rep3:req98,reuse_intensive,1,72,0,L0072,8192,1,,False,1789729973.8824916,0,0,0,,False,False,False,False,0,0.0,0,0,32.0,False,cache_miss,False,False,0,0.0,f878ea719b4628592bf729bc177c5870615219197821ef5f9cf31dee9c389c76,True,,,1,0,10391.039943,10846.597913,6,8252,4,32
20260726_formal4t4_reuse_intensive_Adaptive@rho1.2_c01024_theta30_rep3,3,Adaptive@rho1.2_c01024_theta30,Adaptive,99,reuse_intensive:rep3:req99,reuse_intensive,1,67,2,L0067,8192,3,,False,1789729973.8825016,8192,0,0,312.97862339019775,True,True,False,False,0,0.0,0,0,32.0,False,cache_miss,False,False,0,0.0,ab632d264223c95acd6b877ff408b115f5479f0d1d2b72b91b9b06e41aea629b,True,,,1,0,11203.072246,11682.262422,6,8252,4,32
20260726_formal4t4_reuse_intensive_Adaptive@rho1.2_c01024_theta30_rep3,3,Adaptive@rho1.2_c01024_theta30,Adaptive,100,reuse_intensive:rep3:req100,reuse_intensive,1,65,2,L0065,8192,2,,False,1789729985.5695677,8192,0,0,324.6656894683838,True,True,False,False,0,0.0,0,0,8224.0,False,cache_reused,False,False,0,0.0,33813a7bdd85641088644763d94a18b8ae78bbb333b10d28c3bf2894d2acb492,True,,,1,0,383.227046,856.374448,6,8253,4,8224
20260726_formal4t4_reuse_intensive_Adaptive@rho1.2_c01024_theta30_rep3,3,Adaptive@rho1.2_c01024_theta30,Adaptive,101,reuse_intensive:rep3:req101,reuse_intensive,1,103,0,L0103,8192,1,,False,1789729985.5696084,0,0,0,,False,False,False,False,0,0.0,0,0,32.0,False,cache_miss,False,False,0,0.0,44d4aa527f3d0a26a2ff7afe49cfe3b799c705e16ffc4ffbf8e0d17bebd75112,True,,,1,0,10769.354266,11234.414562,6,8253,4,32
20260726_formal4t4_reuse_intensive_Adaptive@rho1.2_c01024_theta30_rep3,3,Adaptive@rho1.2_c01024_theta30,Adaptive,102,reuse_intensive:rep3:req102,reuse_intensive,1,69,0,L0069,8192,0,,False,1789729985.5696342,8192,0,0,324.66575598716736,True,True,False,False,0,0.0,0,0,32.0,False,cache_miss,False,False,0,0.0,6abc79e02b4c2b04c66a214e0223260f14dee4eda6857247bc6f4fa2752855e9,True,,,1,0,11283.759825,11805.476094,6,8253,4,32
20260726_formal4t4_reuse_intensive_Adaptive@rho1.2_c01024_theta30_rep3,3,Adaptive@rho1.2_c01024_theta30,Adaptive,103,reuse_intensive:rep3:req103,reuse_intensive,1,83,0,L0083,8192,3,,False,1789729985.5696578,0,0,0,,False,False,False,False,0,0.0,0,0,32.0,False,cache_miss,False,False,0,0.0,0976e97f20a2f279530c47ee8a33bc851e058f114575b81892be043b7eb9d365,True,,,1,0,10620.444296,11051.543972,6,8253,4,32
20260726_formal4t4_reuse_intensive_Adaptive@rho1.2_c01024_theta30_rep3,3,Adaptive@rho1.2_c01024_theta30,Adaptive,104,reuse_intensive:rep3:req104,reuse_intensive,1,70,1,L0070,8192,2,,False,1789729997.380639,8192,0,0,336.4767608642578,True,True,False,False,0,0.0,0,0,32.0,False,cache_miss,False,False,0,0.0,563820a20057e535a351d7b95b773041e16720c4d8e31885aa0a7d805bf656ff,True,,,1,0,9959.866274,10432.330659,6,8253,4,32
20260726_formal4t4_reuse_intensive_Adaptive@rho1.2_c01024_theta30_rep3,3,Adaptive@rho1.2_c01024_theta30,Adaptive,105,reuse_intensive:rep3:req105,reuse_intensive,1,64,2,L0064,8192,3,,False,1789729997.3806784,8192,0,0,336.47680020332336,True,True,False,False,0,0.0,0,0,8224.0,False,cache_reused,False,False,0,0.0,6bf3ab5269086e4a7b34d13c531134d2069f93d20023e39c39cfe7788d724113,True,,,1,0,228.669291,675.362671,6,8253,4,8224
20260726_formal4t4_reuse_intensive_Adaptive@rho1.2_c01024_theta30_rep3,3,Adaptive@rho1.2_c01024_theta30,Adaptive,106,reuse_intensive:rep3:req106,reuse_intensive,1,64,0,L0064,8192,0,,False,1789729997.3807063,8192,0,0,336.4768280982971,True,True,False,False,0,0.0,0,0,8224.0,False,cache_reused,False,False,0,0.0,8f367b1a9748497698346a07db9f721fcf1268e738d73af501e35f241696be9c,True,,,1,0,248.79851,758.099463,6,8253,4,8224
20260726_formal4t4_reuse_intensive_Adaptive@rho1.2_c01024_theta30_rep3,3,Adaptive@rho1.2_c01024_theta30,Adaptive,107,reuse_intensive:rep3:req107,reuse_intensive,1,98,0,L0098,8192,1,,False,1789729997.3807282,0,0,0,,False,False,False,False,0,0.0,0,0,32.0,False,cache_miss,False,False,0,0.0,dfb805d6b7a1cb5591070d3be17a1c8fbe240dac4312caa60c1f7d901e855939,True,,,1,0,11218.431776,11712.115664,6,8253,4,32
20260726_formal4t4_reuse_intensive_Adaptive@rho1.2_c01024_theta30_rep3,3,Adaptive@rho1.2_c01024_theta30,Adaptive,108,reuse_intensive:rep3:req108,reuse_intensive,1,68,2,L0068,8192,2,,False,1789730009.0996733,8192,0,0,348.1957950592041,True,True,False,False,0,0.0,0,0,8224.0,False,cache_reused,False,False,0,0.0,1bdcb06c2f02b49c6d6d1daef3a2bd0a83454d2da27539955953b11c1eb1421e,True,,,1,0,229.873394,671.704196,6,8253,4,8224
20260726_formal4t4_reuse_intensive_Adaptive@rho1.2_c01024_theta30_rep3,3,Adaptive@rho1.2_c01024_theta30,Adaptive,109,reuse_intensive:rep3:req109,reuse_intensive,1,65,0,L0065,8192,0,,False,1789730009.0997126,8192,0,0,348.19583439826965,True,True,False,False,0,0.0,0,0,8224.0,False,cache_reused,False,False,0,0.0,fbe2fe6567300d70bdc9b45f3b42bda9d1d95dbd84c493c908fc4b9fe23f658f,True,,,1,0,395.811525,909.421746,6,8253,4,8224
20260726_formal4t4_reuse_intensive_Adaptive@rho1.2_c01024_theta30_rep3,3,Adaptive@rho1.2_c01024_theta30,Adaptive,110,reuse_intensive:rep3:req110,reuse_intensive,1,64,1,L0064,8192,1,,False,1789730009.0997396,8192,0,0,348.1958613395691,True,True,False,False,0,0.0,0,0,8224.0,False,cache_reused,False,False,0,0.0,629f4739b4e00b577391d61687965882c1975464a1e2324332ec9389186d1807,True,,,1,0,214.709738,655.049692,6,8253,4,8224
20260726_formal4t4_reuse_intensive_Adaptive@rho1.2_c01024_theta30_rep3,3,Adaptive@rho1.2_c01024_theta30,Adaptive,111,reuse_intensive:rep3:req111,reuse_intensive,1,75,0,L0075,8192,3,,False,1789730009.0997627,0,0,0,,False,False,False,False,0,0.0,0,0,32.0,False,cache_miss,False,False,0,0.0,cf37ca0d7d615389d17532785e507c93792c0780618309faa31e2d3c20ff6775,True,,,1,0,11843.988908,12338.093891,6,8253,4,32
20260726_formal4t4_reuse_intensive_Adaptive@rho1.2_c01024_theta30_rep3,3,Adaptive@rho1.2_c01024_theta30,Adaptive,112,reuse_intensive:rep3:req112,reuse_intensive,1,65,1,L0065,8192,2,,False,1789730021.4446056,8192,0,0,360.54072737693787,True,True,False,False,0,0.0,0,0,8224.0,False,cache_reused,False,False,0,0.0,36e4cede6498272eb7ad9bbc4d37722a082ad0898e1f578411833ad7d8c80e6f,True,,,1,0,364.160481,841.263639,6,8253,4,8224
20260726_formal4t4_reuse_intensive_Adaptive@rho1.2_c01024_theta30_rep3,3,Adaptive@rho1.2_c01024_theta30,Adaptive,113,reuse_intensive:rep3:req113,reuse_intensive,1,76,1,L0076,8192,1,,False,1789730021.4446464,8192,0,0,360.5407681465149,True,True,False,False,0,0.0,0,0,32.0,False,cache_miss,False,False,0,0.0,9cbb41273a796558e6d2beed4d3324ee0845fa252d373c6c07a1b7424819a061,True,,,1,0,10503.432956,10953.116683,6,8253,4,32
20260726_formal4t4_reuse_intensive_Adaptive@rho1.2_c01024_theta30_rep3,3,Adaptive@rho1.2_c01024_theta30,Adaptive,114,reuse_intensive:rep3:req114,reuse_intensive,1,72,1,L0072,8192,0,,False,1789730021.444673,8192,0,0,360.54079484939575,True,True,False,False,0,0.0,0,0,32.0,False,cache_miss,False,False,0,0.0,1c85849ba1e139fca70df31bde1f8d28ca9627aefb23a84c34796f55a0327d2b,True,,,1,0,10761.998121,11231.691525,6,8253,4,32
20260726_formal4t4_reuse_intensive_Adaptive@rho1.2_c01024_theta30_rep3,3,Adaptive@rho1.2_c01024_theta30,Adaptive,115,reuse_intensive:rep3:req115,reuse_intensive,1,64,2,L0064,8192,3,,False,1789730021.4446957,8192,0,0,360.54081749916077,True,True,False,False,0,0.0,0,0,8224.0,False,cache_reused,False,False,0,0.0,dbb85f715b7596a2dc94870eb688d94cc08ca7272628a3c5a97e5066aee4f701,True,,,1,0,228.560827,676.406154,6,8253,4,8224
20260726_formal4t4_reuse_intensive_Adaptive@rho1.2_c01024_theta30_rep3,3,Adaptive@rho1.2_c01024_theta30,Adaptive,116,reuse_intensive:rep3:req116,reuse_intensive,1,64,0,L0064,8192,2,,False,1789730032.682292,8192,0,0,371.778413772583,True,True,False,False,0,0.0,0,0,8224.0,False,cache_reused,False,False,0,0.0,5376ca031dd956d7d9192699b7ecccfd6eab031f09fd3426e1e531a9423b8bf5,True,,,1,0,355.101568,814.75192,6,8253,4,8224
20260726_formal4t4_reuse_intensive_Adaptive@rho1.2_c01024_theta30_rep3,3,Adaptive@rho1.2_c01024_theta30,Adaptive,117,reuse_intensive:rep3:req117,reuse_intensive,1,80,0,L0080,8192,3,,False,1789730032.6823325,0,0,0,,False,False,False,False,0,0.0,0,0,32.0,False,cache_miss,False,False,0,0.0,acbc9e56daf24b139a5804a149838d326de3056ce6439720abc789edc93f513b,True,,,1,0,10634.489711,11096.636379,6,8253,4,32
20260726_formal4t4_reuse_intensive_Adaptive@rho1.2_c01024_theta30_rep3,3,Adaptive@rho1.2_c01024_theta30,Adaptive,118,reuse_intensive:rep3:req118,reuse_intensive,1,71,2,L0071,8192,0,,False,1789730032.6823583,8192,0,0,371.778480052948,True,True,False,False,0,0.0,0,0,32.0,False,cache_miss,False,False,0,0.0,2bea41d4bb96d0a92f6849426c295121d2414a39d85cdc7b3fbe0ad13a658849,True,,,1,0,10620.497152,11116.153599,6,8253,4,32
20260726_formal4t4_reuse_intensive_Adaptive@rho1.2_c01024_theta30_rep3,3,Adaptive@rho1.2_c01024_theta30,Adaptive,119,reuse_intensive:rep3:req119,reuse_intensive,1,103,1,L0103,8192,1,,False,1789730032.682381,8192,0,0,371.778502702713,True,True,False,False,0,0.0,0,0,8224.0,False,cache_reused,False,False,0,0.0,51575a682e5f7980824577d7152108709fab20ed8b187dd063beb9e95635946a,True,,,1,0,220.999425,691.191624,6,8253,4,8224
20260726_formal4t4_reuse_intensive_RateFIFO@rho1.2_rep3,3,RateFIFO@rho1.2,RateFIFO,24,reuse_intensive:rep3:req24,reuse_intensive,0,1,2,L0001,8192,0,0,True,1789730211.2197144,8192,8192,8192,138.69332790374756,False,False,False,False,8192,163.84,1,1,8224.0,True,cache_reused,False,False,0,0.0,d856c0e561fa0f705cabf0406d711395012aaeaa09d5e79a9670a2d72ad8e346,True,,,1,0,260.378631,2248.908107,6,8252,4,8224
20260726_formal4t4_reuse_intensive_RateFIFO@rho1.2_rep3,3,RateFIFO@rho1.2,RateFIFO,25,reuse_intensive:rep3:req25,reuse_intensive,0,9,1,L0009,8192,0,0,True,1789730211.2197611,8192,8192,8192,51.98521709442139,False,False,False,False,8192,161.84,1,1,8224.0,True,cache_reused,False,False,0,0.0,c5e4682a2454780351077d11f47db966ca542a3a8669da2d307966f5ebaeaca5,True,,,1,0,1105.832914,2696.109465,6,8252,4,8224
20260726_formal4t4_reuse_intensive_RateFIFO@rho1.2_rep3,3,RateFIFO@rho1.2,RateFIFO,26,reuse_intensive:rep3:req26,reuse_intensive,0,4,1,L0004,8192,0,0,True,1789730211.2197917,8192,8192,8192,101.38296103477478,False,False,False,False,8192,159.84,1,1,8224.0,True,cache_reused,False,False,0,0.0,9adda6a984c276f22bcfbad2323e6a8b4c54a3e7952964a6752452bb083ea5d3,True,,,1,0,1104.936425,2695.260661,6,8252,4,8224
20260726_formal4t4_reuse_intensive_RateFIFO@rho1.2_rep3,3,RateFIFO@rho1.2,RateFIFO,27,reuse_intensive:rep3:req27,reuse_intensive,0,8,0,L0008,8192,0,0,True,1789730211.2198172,8192,8192,8192,64.85499095916748,False,False,False,False,8192,157.84,1,1,8224.0,True,cache_reused,False,False,0,0.0,4f723994cc89259d3eed2f3b66ec838e653c532f5b4a3f98fc63fe603294535e,True,,,1,0,1103.9182,2694.293058,6,8252,4,8224
20260726_formal4t4_reuse_intensive_RateFIFO@rho1.2_rep3,3,RateFIFO@rho1.2,RateFIFO,28,reuse_intensive:rep3:req28,reuse_intensive,0,1,0,L0001,8192,0,0,True,1789730213.9206011,8192,8192,8192,141.39421463012695,False,False,False,False,8192,163.84,1,1,8224.0,True,cache_reused,False,False,0,0.0,0b5595e767cf99e64bcda983a34e0cb58f073ed84b935e1da488a87f90ed343a,True,,,1,0,257.121624,1834.921952,6,8252,4,8224
20260726_formal4t4_reuse_intensive_RateFIFO@rho1.2_rep3,3,RateFIFO@rho1.2,RateFIFO,29,reuse_intensive:rep3:req29,reuse_intensive,0,0,0,L0000,8192,0,0,True,1789730213.9206464,8192,8192,8192,22.2784104347229,False,False,False,False,8192,161.84,1,1,8224.0,True,cache_reused,False,False,0,0.0,6016383f67275265c51ab763b0b862d2f63aaed683e9e3b0d4f7d872c3cece3e,True,,,1,0,930.661201,2161.525075,6,8252,4,8224
20260726_formal4t4_reuse_intensive_RateFIFO@rho1.2_rep3,3,RateFIFO@rho1.2,RateFIFO,30,reuse_intensive:rep3:req30,reuse_intensive,0,7,0,L0007,8192,0,0,True,1789730213.9206784,8192,8192,8192,80.19664812088013,False,False,False,False,8192,159.84,1,1,8224.0,True,cache_reused,False,False,0,0.0,24cc61d1d8cd9ebee66d51290b5bdc7253fc2e6d63b868cf9bffaa59731a444a,True,,,1,0,929.753577,2160.657015,6,8252,4,8224
20260726_formal4t4_reuse_intensive_RateFIFO@rho1.2_rep3,3,RateFIFO@rho1.2,RateFIFO,31,reuse_intensive:rep3:req31,reuse_intensive,0,0,1,L0000,8192,0,0,True,1789730213.920704,8192,8192,8192,22.278467893600464,False,False,False,False,8192,157.84,1,1,8224.0,True,cache_reused,False,False,0,0.0,dbcc1e7cba6fec15ef163c4229f31b482402cc59b5f298d7e14733a33403415d,True,,,1,0,928.734928,2159.684273,6,8252,4,8224
20260726_formal4t4_reuse_intensive_RateFIFO@rho1.2_rep3,3,RateFIFO@rho1.2,RateFIFO,32,reuse_intensive:rep3:req32,reuse_intensive,0,0,2,L0000,8192,0,0,True,1789730216.086775,8192,8192,8192,20.803588390350342,False,False,False,False,8192,163.84,1,1,8224.0,True,cache_reused,False,False,0,0.0,6ed594783323ab9b5fdd5b5dfbed52aec839d8f6d3687c3c683158e239c59eed,True,,,1,0,269.967746,1384.548987,6,8252,4,8224
20260726_formal4t4_reuse_intensive_RateFIFO@rho1.2_rep3,3,RateFIFO@rho1.2,RateFIFO,33,reuse_intensive:rep3:req33,reuse_intensive,0,0,0,L0000,8192,0,0,True,1789730216.0868218,8192,8192,8192,20.803635120391846,False,False,False,False,8192,161.84,1,1,8224.0,True,cache_reused,False,False,0,0.0,b8fa5bfee4d2163666b1147db166fee683a6022d24745da652d03855b03b8865,True,,,1,0,742.091157,1701.831562,6,8252,4,8224
20260726_formal4t4_reuse_intensive_RateFIFO@rho1.2_rep3,3,RateFIFO@rho1.2,RateFIFO,34,reuse_intensive:rep3:req34,reuse_intensive,0,0,1,L0000,8192,0,0,True,1789730216.0868528,8192,8192,8192,20.80366611480713,False,False,False,False,8192,159.84,1,1,8224.0,True,cache_reused,False,False,0,0.0,c1cb768b277fae8e92241d26b4bd8386dbbe362422aad8e79b91827915f7b80a,True,,,1,0,741.197152,1701.023653,6,8252,4,8224
20260726_formal4t4_reuse_intensive_RateFIFO@rho1.2_rep3,3,RateFIFO@rho1.2,RateFIFO,35,reuse_intensive:rep3:req35,reuse_intensive,0,1,1,L0001,8192,0,0,True,1789730216.086878,8192,8192,8192,143.56049156188965,False,False,False,False,8192,157.84,1,1,8224.0,True,cache_reused,False,False,0,0.0,449874d21792fa344eb8ffb179efb5891e92d95b371141a04c32d4c59afb2185,True,,,1,0,740.220326,1700.05427,6,8252,4,8224
20260726_formal4t4_reuse_intensive_RateFIFO@rho1.2_rep3,3,RateFIFO@rho1.2,RateFIFO,36,reuse_intensive:rep3:req36,reuse_intensive,0,0,2,L0000,8192,0,0,True,1789730217.79333,8192,8192,8192,22.510143280029297,False,False,False,False,8192,163.84,1,1,8224.0,True,cache_reused,False,False,0,0.0,c0bcab89faa2bb2cf4eec4629c3bb5f3eb3f8707d898f3f7db3940568efa86a3,True,,,1,0,267.988357,1381.428084,6,8252,4,8224
20260726_formal4t4_reuse_intensive_RateFIFO@rho1.2_rep3,3,RateFIFO@rho1.2,RateFIFO,37,reuse_intensive:rep3:req37,reuse_intensive,0,0,0,L0000,8192,0,0,True,1789730217.7933784,8192,8192,8192,22.510191679000854,False,False,False,False,8192,161.84,1,1,8224.0,True,cache_reused,False,False,0,0.0,fa748ef4e0d50e8f5a6956f1c38859d08ee3b600d07568b244194fecaf83e22a,True,,,1,0,741.920718,1704.766143,6,8252,4,8224
20260726_formal4t4_reuse_intensive_RateFIFO@rho1.2_rep3,3,RateFIFO@rho1.2,RateFIFO,38,reuse_intensive:rep3:req38,reuse_intensive,0,8,1,L0008,8192,0,0,True,1789730217.7934108,8192,8192,8192,71.42858457565308,False,False,False,False,8192,159.84,1,1,8224.0,True,cache_reused,False,False,0,0.0,92973313c7302e0b27b0fdc558afce8d920a6d19328ba7fede9c397eacb8eda0,True,,,1,0,741.02154,1703.889159,6,8252,4,8224
20260726_formal4t4_reuse_intensive_RateFIFO@rho1.2_rep3,3,RateFIFO@rho1.2,RateFIFO,39,reuse_intensive:rep3:req39,reuse_intensive,0,0,1,L0000,8192,0,0,True,1789730217.7934375,8192,8192,8192,22.51025080680847,False,False,False,False,8192,157.84,1,1,8224.0,True,cache_reused,False,False,0,0.0,9b9c98f9caec5a12d578467e4d773bf1eb50957d8e0e92569fbb9f44c169670a,True,,,1,0,739.998624,1702.890324,6,8252,4,8224
20260726_formal4t4_reuse_intensive_RateFIFO@rho1.2_rep3,3,RateFIFO@rho1.2,RateFIFO,40,reuse_intensive:rep3:req40,reuse_intensive,0,0,2,L0000,8192,0,0,True,1789730219.502881,8192,8192,8192,24.21969437599182,False,False,False,False,8192,163.84,1,1,8224.0,True,cache_reused,False,False,0,0.0,3aad3c08872132201164fa3344dbe11d8a4ec6ce8c0a1bd077e754b000022331,True,,,1,0,266.14258,1809.358486,6,8252,4,8224
20260726_formal4t4_reuse_intensive_RateFIFO@rho1.2_rep3,3,RateFIFO@rho1.2,RateFIFO,41,reuse_intensive:rep3:req41,reuse_intensive,0,20,0,L0020,8192,3,,False,1789730219.5029206,0,0,0,,False,False,False,False,0,0.0,0,0,32.0,False,cache_miss,False,False,0,0.0,6dbd8a8395b364107dd135c5143a6d2bd33a6f7023d660de5666cff77fb8a819,True,,,1,0,12158.226146,12670.239073,6,8252,4,32
20260726_formal4t4_reuse_intensive_RateFIFO@rho1.2_rep3,3,RateFIFO@rho1.2,RateFIFO,42,reuse_intensive:rep3:req42,reuse_intensive,0,4,2,L0004,8192,0,0,True,1789730219.5029569,8192,8192,8192,109.6661262512207,False,False,False,False,8192,161.84,1,1,8224.0,True,cache_reused,False,False,0,0.0,9b80328ff6a25362527dce1717d4a1053874ecb2802ac0bbb07681447057e35c,True,,,1,0,904.237014,2119.944841,6,8252,4,8224
20260726_formal4t4_reuse_intensive_RateFIFO@rho1.2_rep3,3,RateFIFO@rho1.2,RateFIFO,43,reuse_intensive:rep3:req43,reuse_intensive,0,7,1,L0007,8192,0,0,True,1789730219.5029867,8192,8192,8192,85.77895641326904,False,False,False,False,8192,159.84,1,1,8224.0,True,cache_reused,False,False,0,0.0,b5b0c4ee555fe3aa1f1309103bef30e3766ad932f4c6dbe34c270b5e830ab311,True,,,1,0,903.335655,2119.030452,6,8252,4,8224
20260726_formal4t4_reuse_intensive_RateFIFO@rho1.2_rep3,3,RateFIFO@rho1.2,RateFIFO,44,reuse_intensive:rep3:req44,reuse_intensive,0,19,0,L0019,8192,1,,False,1789730232.1779966,0,0,0,,False,False,False,False,0,0.0,0,0,32.0,False,cache_miss,False,False,0,0.0,13359b76214f42e897a92963508ff82aed498123dbb9f9b89c9ce6f0b35ce094,True,,,1,0,10199.211692,10675.558534,6,8252,4,32
20260726_formal4t4_reuse_intensive_RateFIFO@rho1.2_rep3,3,RateFIFO@rho1.2,RateFIFO,45,reuse_intensive:rep3:req45,reuse_intensive,0,0,0,L0000,8192,0,0,True,1789730232.1780522,8192,8192,8192,36.8948655128479,False,False,False,False,8192,163.84,1,1,8224.0,True,cache_reused,False,False,0,0.0,52d7ae8333f26885f9b3938f541f60b0c46fadba6b9de827736c907b5f5b7ef7,True,,,1,0,399.72543,1402.0601,6,8252,4,8224
20260726_formal4t4_reuse_intensive_RateFIFO@rho1.2_rep3,3,RateFIFO@rho1.2,RateFIFO,46,reuse_intensive:rep3:req46,reuse_intensive,0,3,0,L0003,8192,0,0,True,1789730232.1780903,8192,8192,8192,134.40773463249207,False,False,False,False,8192,161.84,1,1,8224.0,True,cache_reused,False,False,0,0.0,2e75fb1c991d1b26fd867225b995b688b615b5a5ffde120e2a0aa178cb8188b1,True,,,1,0,743.912346,1572.291118,6,8252,4,8224
20260726_formal4t4_reuse_intensive_RateFIFO@rho1.2_rep3,3,RateFIFO@rho1.2,RateFIFO,47,reuse_intensive:rep3:req47,reuse_intensive,0,18,0,L0018,8192,2,,False,1789730232.1781147,0,0,0,,False,False,False,False,0,0.0,0,0,32.0,False,cache_miss,False,False,0,0.0,38e96175aaf808bc388726afaf89b0e05a5d93a994a8fc86a0f978d673e5d593,True,,,1,0,10771.776143,11243.864489,6,8252,4,32
20260726_formal4t4_reuse_intensive_RateFIFO@rho1.2_rep3,3,RateFIFO@rho1.2,RateFIFO,48,reuse_intensive:rep3:req48,reuse_intensive,0,43,0,L0043,8192,3,,False,1789730243.428878,0,0,0,,False,False,False,False,0,0.0,0,0,32.0,False,cache_miss,False,False,0,0.0,69f908d79a6596f8530b20faa147672187d5e4e4f754ca6204287596c629c471,True,,,1,0,11303.053051,11781.707226,6,8252,4,32
20260726_formal4t4_reuse_intensive_RateFIFO@rho1.2_rep3,3,RateFIFO@rho1.2,RateFIFO,49,reuse_intensive:rep3:req49,reuse_intensive,0,2,1,L0002,8192,0,0,True,1789730243.4289289,8192,8192,8192,158.41246914863586,False,False,False,False,8192,163.84,1,1,8224.0,True,cache_reused,False,False,0,0.0,79676e693577ab62a036a92bb32ef648623254b6b23edd1ad254317c12307d38,True,,,1,0,433.606731,1987.150516,6,8252,4,8224
20260726_formal4t4_reuse_intensive_RateFIFO@rho1.2_rep3,3,RateFIFO@rho1.2,RateFIFO,50,reuse_intensive:rep3:req50,reuse_intensive,0,3,1,L0003,8192,0,0,True,1789730243.4289653,8192,8192,8192,145.65860962867737,False,False,False,False,8192,161.84,1,1,8224.0,True,cache_reused,False,False,0,0.0,3a10e1e87d53bb51e9e53cd8f70907ecf2acf12ec2ac6e38f698a9b0b79cd02d,True,,,1,0,1080.288855,2311.508,6,8252,4,8224
20260726_formal4t4_reuse_intensive_RateFIFO@rho1.2_rep3,3,RateFIFO@rho1.2,RateFIFO,51,reuse_intensive:rep3:req51,reuse_intensive,0,0,1,L0000,8192,0,0,True,1789730243.4289932,8192,8192,8192,25.638347625732422,False,False,False,False,8192,159.84,1,1,8224.0,True,cache_reused,False,False,0,0.0,e2541ae10d6d2ad05b3442a99560c514e4d43dceb53d9007876b5911c7ccf34a,True,,,1,0,1079.012706,2310.060628,6,8252,4,8224
20260726_formal4t4_reuse_intensive_RateFIFO@rho1.2_rep3,3,RateFIFO@rho1.2,RateFIFO,52,reuse_intensive:rep3:req52,reuse_intensive,0,3,2,L0003,8192,0,0,True,1789730255.2137764,8192,8192,8192,157.44342064857483,False,False,False,False,8192,163.84,1,1,8224.0,True,cache_reused,False,False,0,0.0,bf5cb1e17e4c9a1a10f1f41e800fb51560b088220208e0aeae7ef077c075c584,True,,,1,0,409.808648,1540.747472,6,8252,4,8224
20260726_formal4t4_reuse_intensive_RateFIFO@rho1.2_rep3,3,RateFIFO@rho1.2,RateFIFO,53,reuse_intensive:rep3:req53,reuse_intensive,0,21,0,L0021,8192,2,,False,1789730255.213818,0,0,0,,False,False,False,False,0,0.0,0,0,32.0,False,cache_miss,False,False,0,0.0,3c340afd05221411bfdcd1a46ff1df367939418b17a1b89ee785d00a99dcb3df,True,,,1,0,10504.998179,10977.254471,6,8252,4,32
20260726_formal4t4_reuse_intensive_RateFIFO@rho1.2_rep3,3,RateFIFO@rho1.2,RateFIFO,54,reuse_intensive:rep3:req54,reuse_intensive,0,3,0,L0003,8192,0,0,True,1789730255.2138538,8192,8192,8192,157.44349813461304,False,False,False,False,8192,161.84,1,1,8224.0,True,cache_reused,False,False,0,0.0,53a097447c608dc1563eaa4f08081c630ddcbdc10eb53c750df103cfb8c0b7a5,True,,,1,0,882.581665,1864.811848,6,8252,4,8224
20260726_formal4t4_reuse_intensive_RateFIFO@rho1.2_rep3,3,RateFIFO@rho1.2,RateFIFO,55,reuse_intensive:rep3:req55,reuse_intensive,0,0,2,L0000,8192,0,0,True,1789730255.2138834,8192,8192,8192,23.038887977600098,False,False,False,False,8192,159.84,1,1,8224.0,True,cache_reused,False,False,0,0.0,70360c5615a8a22663ab8c1c116cbcde1e0860fcfe0289e217852d8bb4977d1d,True,,,1,0,881.188279,1863.381416,6,8252,4,8224
20260726_formal4t4_reuse_intensive_RateFIFO@rho1.2_rep3,3,RateFIFO@rho1.2,RateFIFO,56,reuse_intensive:rep3:req56,reuse_intensive,0,0,0,L0000,8192,0,0,True,1789730266.195606,8192,8192,8192,34.02061057090759,False,False,False,False,8192,163.84,1,1,8224.0,True,cache_reused,False,False,0,0.0,5171175c1ce3186835428b2d052811ada999a935d64e4e11819eb38c0e22a276,True,,,1,0,439.749195,1562.219001,6,8252,4,8224
20260726_formal4t4_reuse_intensive_RateFIFO@rho1.2_rep3,3,RateFIFO@rho1.2,RateFIFO,57,reuse_intensive:rep3:req57,reuse_intensive,0,1,2,L0001,8192,0,0,True,1789730266.1956537,8192,8192,8192,52.277668476104736,False,False,False,False,8192,161.84,1,1,8224.0,True,cache_reused,False,False,0,0.0,0159d280cd6c617130f5dad4b630354e957c057ba85ad2c2339a8e4f637e1e13,True,,,1,0,919.901807,1878.36012,6,8252,4,8224
20260726_formal4t4_reuse_intensive_RateFIFO@rho1.2_rep3,3,RateFIFO@rho1.2,RateFIFO,58,reuse_intensive:rep3:req58,reuse_intensive,0,0,1,L0000,8192,0,0,True,1789730266.195684,8192,8192,8192,34.02068853378296,False,False,False,False,8192,159.84,1,1,8224.0,True,cache_reused,False,False,0,0.0,ea108429fe180c71dff2a819a885681b37e67e731c27de09ed67d24f4bb07a5e,True,,,1,0,918.910924,1877.419933,6,8252,4,8224
20260726_formal4t4_reuse_intensive_RateFIFO@rho1.2_rep3,3,RateFIFO@rho1.2,RateFIFO,59,reuse_intensive:rep3:req59,reuse_intensive,0,0,2,L0000,8192,0,0,True,1789730266.1957097,8192,8192,8192,34.0207142829895,False,False,False,False,8192,157.84,1,1,8224.0,True,cache_reused,False,False,0,0.0,c38a60a697a7dbd2961ccfb3288513da09178d50d71eb065710b3cf4b8b781db,True,,,1,0,917.829237,1876.385758,6,8252,4,8224
20260726_formal4t4_reuse_intensive_RateFIFO@rho1.2_rep3,3,RateFIFO@rho1.2,RateFIFO,60,reuse_intensive:rep3:req60,reuse_intensive,1,69,0,L0069,8192,1,,False,1789730268.0788672,0,0,0,,False,False,False,False,0,0.0,0,0,32.0,False,cache_miss,False,False,0,0.0,c05cd416f11029ce640a63933777710aef0f3858ce048a310a9d7536eca9798e,True,,,1,0,10048.645048,10528.45395,6,8252,4,32
20260726_formal4t4_reuse_intensive_RateFIFO@rho1.2_rep3,3,RateFIFO@rho1.2,RateFIFO,61,reuse_intensive:rep3:req61,reuse_intensive,1,65,0,L0065,8192,0,,False,1789730268.0789034,0,0,0,,False,False,False,False,0,0.0,0,0,32.0,False,cache_miss,False,False,0,0.0,12622ba9784bea2cfeb7fe2c5e8a6cf2cc0ab2c68a51612c4f341d5fdb1b1936,True,,,1,0,10743.086947,11253.039762,6,8252,4,32
20260726_formal4t4_reuse_intensive_RateFIFO@rho1.2_rep3,3,RateFIFO@rho1.2,RateFIFO,62,reuse_intensive:rep3:req62,reuse_intensive,1,70,0,L0070,8192,3,,False,1789730268.0789292,0,0,0,,False,False,False,False,0,0.0,0,0,32.0,False,cache_miss,False,False,0,0.0,8e2c2ca264cbf1ac7892ec0a9dc3ef7529cfb223b2a33206d7750c89c6e39f88,True,,,1,0,9647.545141,10091.392899,6,8252,4,32
20260726_formal4t4_reuse_intensive_RateFIFO@rho1.2_rep3,3,RateFIFO@rho1.2,RateFIFO,63,reuse_intensive:rep3:req63,reuse_intensive,1,124,0,L0124,8192,2,,False,1789730268.0789506,0,0,0,,False,False,False,False,0,0.0,0,0,16.0,False,cache_miss,False,False,0,0.0,88d64852fe87017ef883a4d966e554ed4e2104eddb4c921c467f968cd5d4be1d,True,,,1,0,10973.215551,11469.999213,6,8252,4,16
20260726_formal4t4_reuse_intensive_RateFIFO@rho1.2_rep3,3,RateFIFO@rho1.2,RateFIFO,64,reuse_intensive:rep3:req64,reuse_intensive,1,65,1,L0065,8192,1,,False,1789730279.555904,8192,0,0,229.6487171649933,True,True,False,False,0,0.0,0,0,32.0,False,cache_miss,False,False,0,0.0,d6e7c91df69a03735c108f7137e20a82d21d84ab8e975c52bec6e64d72fcc207,True,,,1,0,10181.357447,10637.389742,6,8252,4,32
20260726_formal4t4_reuse_intensive_RateFIFO@rho1.2_rep3,3,RateFIFO@rho1.2,RateFIFO,65,reuse_intensive:rep3:req65,reuse_intensive,1,69,1,L0069,8192,2,,False,1789730279.5559437,8192,0,0,229.648756980896,True,True,False,False,0,0.0,0,0,32.0,False,cache_miss,False,False,0,0.0,8006fd4628fe9aa69a0b3ee0c18bd954cb5bb6d28d0e6ea0447ce10fe726498a,True,,,1,0,11001.417224,11469.574962,6,8252,4,32
20260726_formal4t4_reuse_intensive_RateFIFO@rho1.2_rep3,3,RateFIFO@rho1.2,RateFIFO,66,reuse_intensive:rep3:req66,reuse_intensive,1,112,0,L0112,8192,3,,False,1789730279.5559702,0,0,0,,False,False,False,False,0,0.0,0,0,16.0,False,cache_miss,False,False,0,0.0,e3bbfc9c38b2d99ac81b34d6fa6eb3f635554aeafc03a01046759fd43ca8b09d,True,,,1,0,11452.785266,11948.499624,6,8252,4,16
20260726_formal4t4_reuse_intensive_RateFIFO@rho1.2_rep3,3,RateFIFO@rho1.2,RateFIFO,67,reuse_intensive:rep3:req67,reuse_intensive,1,76,0,L0076,8192,0,,False,1789730279.555993,0,0,0,,False,False,False,False,0,0.0,0,0,32.0,False,cache_miss,False,False,0,0.0,8ccd4c5b7d5a6f430fd39727c9cfde2904c45c81b2f63c92ca0d1ce589ca49fd,True,,,1,0,11111.643492,11619.791144,6,8252,4,32
20260726_formal4t4_reuse_intensive_RateFIFO@rho1.2_rep3,3,RateFIFO@rho1.2,RateFIFO,68,reuse_intensive:rep3:req68,reuse_intensive,1,71,0,L0071,8192,1,,False,1789730291.5104175,0,0,0,,False,False,False,False,0,0.0,0,0,32.0,False,cache_miss,False,False,0,0.0,1729119e0e4ba3c39f37247d4191b8b6caf99744b2090286ca4c874b71cca00d,True,,,1,0,10246.659829,10720.900889,6,8252,4,32
20260726_formal4t4_reuse_intensive_RateFIFO@rho1.2_rep3,3,RateFIFO@rho1.2,RateFIFO,69,reuse_intensive:rep3:req69,reuse_intensive,1,69,2,L0069,8192,3,,False,1789730291.5104554,8192,0,0,241.60326862335205,True,True,False,False,0,0.0,0,0,32.0,False,cache_miss,False,False,0,0.0,2c9b1fb73c59fee328c830febe48fb1023e83f0761591fd277656ee481e859d3,True,,,1,0,12794.191366,13311.368916,6,8252,4,32
20260726_formal4t4_reuse_intensive_RateFIFO@rho1.2_rep3,3,RateFIFO@rho1.2,RateFIFO,70,reuse_intensive:rep3:req70,reuse_intensive,1,74,0,L0074,8192,2,,False,1789730291.510483,0,0,0,,False,False,False,False,0,0.0,0,0,32.0,False,cache_miss,False,False,0,0.0,ea553a1360810decb2575a61ecff459fc66eb785976a06019ab908a38ce7f1de,True,,,1,0,9864.857347,10329.303959,6,8252,4,32
20260726_formal4t4_reuse_intensive_RateFIFO@rho1.2_rep3,3,RateFIFO@rho1.2,RateFIFO,71,reuse_intensive:rep3:req71,reuse_intensive,1,64,0,L0064,8192,0,,False,1789730291.5105045,0,0,0,,False,False,False,False,0,0.0,0,0,32.0,False,cache_miss,False,False,0,0.0,4df3f1a977d15ab1b983ea74f9ca96d0acb310b7fa26e0ed546cdbca2179f743,True,,,1,0,10858.852269,11375.103105,6,8252,4,32
20260726_formal4t4_reuse_intensive_RateFIFO@rho1.2_rep3,3,RateFIFO@rho1.2,RateFIFO,72,reuse_intensive:rep3:req72,reuse_intensive,1,67,0,L0067,8192,1,,False,1789730304.8264146,0,0,0,,False,False,False,False,0,0.0,0,0,32.0,False,cache_miss,False,False,0,0.0,d6ec29a925b765628d35ae95d8f0edc3a4bfa82e6e99229c5cfa5adf46f093a8,True,,,1,0,11704.265363,12206.281035,6,8252,4,32
20260726_formal4t4_reuse_intensive_RateFIFO@rho1.2_rep3,3,RateFIFO@rho1.2,RateFIFO,73,reuse_intensive:rep3:req73,reuse_intensive,1,64,1,L0064,8192,0,,False,1789730304.8264515,8192,0,0,254.919264793396,True,True,False,False,0,0.0,0,0,8224.0,False,cache_reused,False,False,0,0.0,c950d5acf8cacb5ac8365826f8d76b0adb37ce728485d90d3416556e8b3f06c1,True,,,1,0,400.951873,920.871287,6,8252,4,8224
20260726_formal4t4_reuse_intensive_RateFIFO@rho1.2_rep3,3,RateFIFO@rho1.2,RateFIFO,74,reuse_intensive:rep3:req74,reuse_intensive,1,71,1,L0071,8192,3,,False,1789730304.8264778,8192,0,0,254.9192910194397,True,True,False,False,0,0.0,0,0,32.0,False,cache_miss,False,False,0,0.0,8ef093a4a95ce9801025d810f40562f93e5bb81083ccb8122bf2be89d23b37c2,True,,,1,0,11072.003533,11528.305208,6,8252,4,32
20260726_formal4t4_reuse_intensive_RateFIFO@rho1.2_rep3,3,RateFIFO@rho1.2,RateFIFO,75,reuse_intensive:rep3:req75,reuse_intensive,1,64,2,L0064,8192,2,,False,1789730304.8264992,8192,0,0,254.91931247711182,True,True,False,False,0,0.0,0,0,32.0,False,cache_miss,False,False,0,0.0,6b07931ddd9160348eef2489db86c421d4754c25255d7a4dfc2524defb27f2be,True,,,1,0,10939.692682,11434.930741,6,8252,4,32
20260726_formal4t4_reuse_intensive_RateFIFO@rho1.2_rep3,3,RateFIFO@rho1.2,RateFIFO,76,reuse_intensive:rep3:req76,reuse_intensive,1,67,1,L0067,8192,1,,False,1789730317.0359032,8192,0,0,267.12871646881104,True,True,False,False,0,0.0,0,0,8224.0,False,cache_reused,False,False,0,0.0,213c519a4cdeced14b770aaaa6c6734cd58e82e90d907793a212a8885570f955,True,,,1,0,236.447727,1294.1136,6,8252,4,8224
20260726_formal4t4_reuse_intensive_RateFIFO@rho1.2_rep3,3,RateFIFO@rho1.2,RateFIFO,77,reuse_intensive:rep3:req77,reuse_intensive,1,64,0,L0064,8192,2,,False,1789730317.0359426,8192,0,0,267.1287558078766,True,True,False,False,0,0.0,0,0,8224.0,False,cache_reused,False,False,0,0.0,9601aada4782c74362cbb48446d7c6369b5a5360cccc36830c195967be1caa60,True,,,1,0,245.868115,745.009068,6,8252,4,8224
20260726_formal4t4_reuse_intensive_RateFIFO@rho1.2_rep3,3,RateFIFO@rho1.2,RateFIFO,78,reuse_intensive:rep3:req78,reuse_intensive,1,65,2,L0065,8192,1,1,True,1789730317.0359836,8192,8192,8192,25.52859330177307,False,False,False,False,8192,161.84,1,1,8224.0,True,cache_reused,False,False,0,0.0,e10b23878e600e38933965aa3c969a6079ac47069719c34a9d17e3e349fb9004,True,,,1,0,674.044967,1456.53437,6,8252,4,8224
20260726_formal4t4_reuse_intensive_RateFIFO@rho1.2_rep3,3,RateFIFO@rho1.2,RateFIFO,79,reuse_intensive:rep3:req79,reuse_intensive,1,65,0,L0065,8192,1,1,True,1789730317.0360172,8192,8192,8192,25.528626918792725,False,False,False,False,8192,159.84,1,1,8224.0,True,cache_reused,False,False,0,0.0,3ff5d6eab81af23e109a3b941c31e85653ebae63fb2b579dfead4105b017c4f0,True,,,1,0,672.660667,1455.027883,6,8252,4,8224
20260726_formal4t4_reuse_intensive_RateFIFO@rho1.2_rep3,3,RateFIFO@rho1.2,RateFIFO,80,reuse_intensive:rep3:req80,reuse_intensive,1,64,1,L0064,8192,3,,False,1789730318.497991,8192,0,0,268.5908043384552,True,True,False,False,0,0.0,0,0,32.0,False,cache_miss,False,False,0,0.0,573f7eb593e900e73cc1f87a47a95f1e7ff04c560d4a9c491fd661868a4bf59f,True,,,1,0,11473.169689,11961.888845,6,8252,4,32
20260726_formal4t4_reuse_intensive_RateFIFO@rho1.2_rep3,3,RateFIFO@rho1.2,RateFIFO,81,reuse_intensive:rep3:req81,reuse_intensive,1,91,0,L0091,8192,1,,False,1789730318.4980302,0,0,0,,False,False,False,False,0,0.0,0,0,32.0,False,cache_miss,False,False,0,0.0,3127820c6bc57dca218b14fa6770723e917121790c99ce9f4f377b55ae68ef17,True,,,1,0,9830.676989,10286.851542,6,8252,4,32
20260726_formal4t4_reuse_intensive_RateFIFO@rho1.2_rep3,3,RateFIFO@rho1.2,RateFIFO,82,reuse_intensive:rep3:req82,reuse_intensive,1,68,0,L0068,8192,2,,False,1789730318.4980552,0,0,0,,False,False,False,False,0,0.0,0,0,32.0,False,cache_miss,False,False,0,0.0,7ada2be111cb77b9367f21df8d90f7349815ee10be0252139b7575513af67529,True,,,1,0,9605.933659,10033.773844,6,8252,4,32
20260726_formal4t4_reuse_intensive_RateFIFO@rho1.2_rep3,3,RateFIFO@rho1.2,RateFIFO,83,reuse_intensive:rep3:req83,reuse_intensive,1,66,0,L0066,8192,0,,False,1789730318.4980748,0,0,0,,False,False,False,False,0,0.0,0,0,32.0,False,cache_miss,False,False,0,0.0,c315f741b6d7394eeefbd9b91819d2112a9f252409d85cda2694f2ca7ffb98d9,True,,,1,0,10613.29473,11066.310651,6,8252,4,32
20260726_formal4t4_reuse_intensive_RateFIFO@rho1.2_rep3,3,RateFIFO@rho1.2,RateFIFO,84,reuse_intensive:rep3:req84,reuse_intensive,1,68,1,L0068,8192,3,,False,1789730330.4636014,8192,0,0,280.556414604187,True,True,False,False,0,0.0,0,0,32.0,False,cache_miss,False,False,0,0.0,a6277ca8af32a6d8df210dc5a90c74d524fd27b00b6d48fd817f0329db681682,True,,,1,0,10770.485,11244.629248,6,8252,4,32
20260726_formal4t4_reuse_intensive_RateFIFO@rho1.2_rep3,3,RateFIFO@rho1.2,RateFIFO,85,reuse_intensive:rep3:req85,reuse_intensive,1,92,0,L0092,8192,2,,False,1789730330.463642,0,0,0,,False,False,False,False,0,0.0,0,0,32.0,False,cache_miss,False,False,0,0.0,f03df7cfbc5f4c44b62eb08eb10e481146b17be2aaa336f0c7e398e1910532ba,True,,,1,0,11186.905363,11667.33258,6,8252,4,32
20260726_formal4t4_reuse_intensive_RateFIFO@rho1.2_rep3,3,RateFIFO@rho1.2,RateFIFO,86,reuse_intensive:rep3:req86,reuse_intensive,1,106,0,L0106,8192,1,,False,1789730330.4636674,0,0,0,,False,False,False,False,0,0.0,0,0,16.0,False,cache_miss,False,False,0,0.0,47e368b1573f1e3133679f1922905af0816495c70681a017e86efbcc7f717641,True,,,1,0,11539.020595,12027.831869,6,8252,4,16
20260726_formal4t4_reuse_intensive_RateFIFO@rho1.2_rep3,3,RateFIFO@rho1.2,RateFIFO,87,reuse_intensive:rep3:req87,reuse_intensive,1,81,0,L0081,8192,0,,False,1789730330.4636874,0,0,0,,False,False,False,False,0,0.0,0,0,32.0,False,cache_miss,False,False,0,0.0,e20c953a8183dfae841d46710d3bfa18ab21cb603df5328247a24c7789ef7b6d,True,,,1,0,11477.623626,11980.910095,6,8252,4,32
20260726_formal4t4_reuse_intensive_RateFIFO@rho1.2_rep3,3,RateFIFO@rho1.2,RateFIFO,88,reuse_intensive:rep3:req88,reuse_intensive,1,64,2,L0064,8192,3,3,False,1789730342.4971964,8192,8192,8192,12.036848306655884,False,False,False,False,8192,0.0,1,1,8224.0,False,cache_reused,False,False,0,0.0,19a813cfd1b0387dc98ad39211b06c1b2baa94e6d1ee9c580a85cd83cac754ed,True,,,1,0,230.35757,887.758463,6,8252,4,8224
20260726_formal4t4_reuse_intensive_RateFIFO@rho1.2_rep3,3,RateFIFO@rho1.2,RateFIFO,89,reuse_intensive:rep3:req89,reuse_intensive,1,74,1,L0074,8192,1,,False,1789730342.4972374,8192,0,0,292.59005069732666,True,True,False,False,0,0.0,0,0,32.0,False,cache_miss,False,False,0,0.0,f0e9aa37adeca6bebaa6e2e0cc8c2c63af97e19815a97b09dff8e0f3428a0886,True,,,1,0,9890.257352,10341.859755,6,8252,4,32
20260726_formal4t4_reuse_intensive_RateFIFO@rho1.2_rep3,3,RateFIFO@rho1.2,RateFIFO,90,reuse_intensive:rep3:req90,reuse_intensive,1,64,0,L0064,8192,3,3,True,1789730342.497277,8192,8192,8192,12.03692889213562,False,False,False,False,8192,161.84,1,1,8224.0,True,cache_reused,False,False,0,0.0,69ba94396dae7b5671983cd74486da1d75bd341ebdc5fda6a2cc2807b3920d75,True,,,1,0,530.153746,1061.033223,6,8252,4,8224
20260726_formal4t4_reuse_intensive_RateFIFO@rho1.2_rep3,3,RateFIFO@rho1.2,RateFIFO,91,reuse_intensive:rep3:req91,reuse_intensive,1,64,1,L0064,8192,3,3,True,1789730342.4973073,8192,8192,8192,12.036959171295166,False,False,False,False,8192,159.84,1,1,8224.0,True,cache_reused,False,False,0,0.0,f28850e03a7d645c5de0071aaaff47437281e141b7a580ce09aa06f4fe34fb59,True,,,1,0,529.096683,1060.011799,6,8252,4,8224
20260726_formal4t4_reuse_intensive_RateFIFO@rho1.2_rep3,3,RateFIFO@rho1.2,RateFIFO,92,reuse_intensive:rep3:req92,reuse_intensive,1,65,1,L0065,8192,1,1,True,1789730352.9175537,8192,8192,8192,61.41016340255737,False,False,False,False,8192,163.84,1,1,8224.0,True,cache_reused,False,False,0,0.0,235de4b320ff6f733d0c99b3a71f87462d20c35b732d7054d457ef6ad17cdfda,True,,,1,0,215.705449,672.784179,6,8252,4,8224
20260726_formal4t4_reuse_intensive_RateFIFO@rho1.2_rep3,3,RateFIFO@rho1.2,RateFIFO,93,reuse_intensive:rep3:req93,reuse_intensive,1,78,0,L0078,8192,3,,False,1789730352.9175892,0,0,0,,False,False,False,False,0,0.0,0,0,32.0,False,cache_miss,False,False,0,0.0,482f3cbf435820b2fe4f10370f77d1e39aed2aa456cdb16b931e5586cc1a932e,True,,,1,0,11483.392402,11943.249673,6,8252,4,32
20260726_formal4t4_reuse_intensive_RateFIFO@rho1.2_rep3,3,RateFIFO@rho1.2,RateFIFO,94,reuse_intensive:rep3:req94,reuse_intensive,1,105,0,L0105,8192,2,,False,1789730352.91761,0,0,0,,False,False,False,False,0,0.0,0,0,32.0,False,cache_miss,False,False,0,0.0,363a6896d645d43c324eee2d768f9bce9724ed42813a5ce06fe16d67e377644c,True,,,1,0,12467.683112,12984.907038,6,8252,4,32
20260726_formal4t4_reuse_intensive_RateFIFO@rho1.2_rep3,3,RateFIFO@rho1.2,RateFIFO,95,reuse_intensive:rep3:req95,reuse_intensive,1,104,0,L0104,8192,0,,False,1789730352.9176269,0,0,0,,False,False,False,False,0,0.0,0,0,16.0,False,cache_miss,False,False,0,0.0,3347e664a8599de0ff6289177948347d8e18124395267e9eed039a949e986884,True,,,1,0,12575.914584,13136.351654,6,8252,4,16
20260726_formal4t4_reuse_intensive_RateFIFO@rho1.2_rep3,3,RateFIFO@rho1.2,RateFIFO,96,reuse_intensive:rep3:req96,reuse_intensive,1,117,0,L0117,8192,3,,False,1789730366.060173,0,0,0,,False,False,False,False,0,0.0,0,0,32.0,False,cache_miss,False,False,0,0.0,7774ceac73230aa47ad5d33639db35193757445a881661226a5c67195230afd7,True,,,1,0,11115.502735,11576.9861,6,8252,4,32
20260726_formal4t4_reuse_intensive_RateFIFO@rho1.2_rep3,3,RateFIFO@rho1.2,RateFIFO,97,reuse_intensive:rep3:req97,reuse_intensive,1,66,1,L0066,8192,0,,False,1789730366.0602105,8192,0,0,316.1530237197876,True,True,False,False,0,0.0,0,0,8224.0,False,cache_reused,False,False,0,0.0,25e8740cd368c6b511d4b791f00a6c004a7f54f81b53a87446cdefd3f348f97c,True,,,1,0,215.953939,671.363393,6,8252,4,8224
20260726_formal4t4_reuse_intensive_RateFIFO@rho1.2_rep3,3,RateFIFO@rho1.2,RateFIFO,98,reuse_intensive:rep3:req98,reuse_intensive,1,72,0,L0072,8192,2,,False,1789730366.0602386,0,0,0,,False,False,False,False,0,0.0,0,0,32.0,False,cache_miss,False,False,0,0.0,f878ea719b4628592bf729bc177c5870615219197821ef5f9cf31dee9c389c76,True,,,1,0,9051.845854,9487.528609,6,8252,4,32
20260726_formal4t4_reuse_intensive_RateFIFO@rho1.2_rep3,3,RateFIFO@rho1.2,RateFIFO,99,reuse_intensive:rep3:req99,reuse_intensive,1,67,2,L0067,8192,1,1,False,1789730366.060274,8192,8192,8192,49.027079343795776,False,False,False,False,8192,0.0,1,1,8224.0,False,cache_reused,False,False,0,0.0,ab632d264223c95acd6b877ff408b115f5479f0d1d2b72b91b9b06e41aea629b,True,,,1,0,386.409921,901.064861,6,8252,4,8224
20260726_formal4t4_reuse_intensive_RateFIFO@rho1.2_rep3,3,RateFIFO@rho1.2,RateFIFO,100,reuse_intensive:rep3:req100,reuse_intensive,1,65,2,L0065,8192,1,1,True,1789730377.6404548,8192,8192,8192,11.583019018173218,False,False,False,False,8192,163.84,1,1,8224.0,True,cache_reused,False,False,0,0.0,33813a7bdd85641088644763d94a18b8ae78bbb333b10d28c3bf2894d2acb492,True,,,1,0,394.429178,1318.872096,6,8253,4,8224
20260726_formal4t4_reuse_intensive_RateFIFO@rho1.2_rep3,3,RateFIFO@rho1.2,RateFIFO,101,reuse_intensive:rep3:req101,reuse_intensive,1,103,0,L0103,8192,0,,False,1789730377.6404972,0,0,0,,False,False,False,False,0,0.0,0,0,32.0,False,cache_miss,False,False,0,0.0,44d4aa527f3d0a26a2ff7afe49cfe3b799c705e16ffc4ffbf8e0d17bebd75112,True,,,1,0,10373.840756,10848.687201,6,8253,4,32
20260726_formal4t4_reuse_intensive_RateFIFO@rho1.2_rep3,3,RateFIFO@rho1.2,RateFIFO,102,reuse_intensive:rep3:req102,reuse_intensive,1,69,0,L0069,8192,1,1,True,1789730377.6405318,8192,8192,8192,98.08734083175659,False,False,False,False,8192,161.84,1,1,8224.0,True,cache_reused,False,False,0,0.0,6abc79e02b4c2b04c66a214e0223260f14dee4eda6857247bc6f4fa2752855e9,True,,,1,0,732.161596,1474.778364,6,8253,4,8224
20260726_formal4t4_reuse_intensive_RateFIFO@rho1.2_rep3,3,RateFIFO@rho1.2,RateFIFO,103,reuse_intensive:rep3:req103,reuse_intensive,1,83,0,L0083,8192,3,,False,1789730377.640557,0,0,0,,False,False,False,False,0,0.0,0,0,32.0,False,cache_miss,False,False,0,0.0,0976e97f20a2f279530c47ee8a33bc851e058f114575b81892be043b7eb9d365,True,,,1,0,10469.592319,10918.446324,6,8253,4,32
20260726_formal4t4_reuse_intensive_RateFIFO@rho1.2_rep3,3,RateFIFO@rho1.2,RateFIFO,104,reuse_intensive:rep3:req104,reuse_intensive,1,70,1,L0070,8192,2,,False,1789730388.5659993,8192,0,0,338.6588125228882,True,True,False,False,0,0.0,0,0,32.0,False,cache_miss,False,False,0,0.0,563820a20057e535a351d7b95b773041e16720c4d8e31885aa0a7d805bf656ff,True,,,1,0,10324.063307,10763.586221,6,8253,4,32
20260726_formal4t4_reuse_intensive_RateFIFO@rho1.2_rep3,3,RateFIFO@rho1.2,RateFIFO,105,reuse_intensive:rep3:req105,reuse_intensive,1,64,2,L0064,8192,3,3,False,1789730388.5660515,8192,8192,8192,35.72518587112427,False,False,False,False,8192,0.0,1,1,8224.0,False,cache_reused,False,False,0,0.0,6bf3ab5269086e4a7b34d13c531134d2069f93d20023e39c39cfe7788d724113,True,,,1,0,233.341399,769.01526,6,8253,4,8224
20260726_formal4t4_reuse_intensive_RateFIFO@rho1.2_rep3,3,RateFIFO@rho1.2,RateFIFO,106,reuse_intensive:rep3:req106,reuse_intensive,1,64,0,L0064,8192,3,3,True,1789730388.5660892,8192,8192,8192,35.725223541259766,False,False,False,False,8192,161.84,1,1,8224.0,True,cache_reused,False,False,0,0.0,8f367b1a9748497698346a07db9f721fcf1268e738d73af501e35f241696be9c,True,,,1,0,411.844857,931.011198,6,8253,4,8224
20260726_formal4t4_reuse_intensive_RateFIFO@rho1.2_rep3,3,RateFIFO@rho1.2,RateFIFO,107,reuse_intensive:rep3:req107,reuse_intensive,1,98,0,L0098,8192,1,,False,1789730388.5661132,0,0,0,,False,False,False,False,0,0.0,0,0,32.0,False,cache_miss,False,False,0,0.0,dfb805d6b7a1cb5591070d3be17a1c8fbe240dac4312caa60c1f7d901e855939,True,,,1,0,9172.675128,9600.200166,6,8253,4,32
20260726_formal4t4_reuse_intensive_RateFIFO@rho1.2_rep3,3,RateFIFO@rho1.2,RateFIFO,108,reuse_intensive:rep3:req108,reuse_intensive,1,68,2,L0068,8192,3,3,True,1789730399.332896,8192,8192,8192,56.83846163749695,False,False,False,False,8192,163.84,1,1,8224.0,True,cache_reused,False,False,0,0.0,1bdcb06c2f02b49c6d6d1daef3a2bd0a83454d2da27539955953b11c1eb1421e,True,,,1,0,711.649154,1642.852934,6,8253,4,8224
20260726_formal4t4_reuse_intensive_RateFIFO@rho1.2_rep3,3,RateFIFO@rho1.2,RateFIFO,109,reuse_intensive:rep3:req109,reuse_intensive,1,65,0,L0065,8192,1,1,True,1789730399.3329437,8192,8192,8192,10.769794464111328,False,False,False,False,8192,163.84,1,1,8224.0,True,cache_reused,False,False,0,0.0,fbe2fe6567300d70bdc9b45f3b42bda9d1d95dbd84c493c908fc4b9fe23f658f,True,,,1,0,232.828818,692.293356,6,8253,4,8224
20260726_formal4t4_reuse_intensive_RateFIFO@rho1.2_rep3,3,RateFIFO@rho1.2,RateFIFO,110,reuse_intensive:rep3:req110,reuse_intensive,1,64,1,L0064,8192,3,3,True,1789730399.3329787,8192,8192,8192,46.49211311340332,False,False,False,False,8192,161.84,1,1,8224.0,True,cache_reused,False,False,0,0.0,629f4739b4e00b577391d61687965882c1975464a1e2324332ec9389186d1807,True,,,1,0,708.932993,1640.020515,6,8253,4,8224
20260726_formal4t4_reuse_intensive_RateFIFO@rho1.2_rep3,3,RateFIFO@rho1.2,RateFIFO,111,reuse_intensive:rep3:req111,reuse_intensive,1,75,0,L0075,8192,0,,False,1789730399.3330028,0,0,0,,False,False,False,False,0,0.0,0,0,32.0,False,cache_miss,False,False,0,0.0,cf37ca0d7d615389d17532785e507c93792c0780618309faa31e2d3c20ff6775,True,,,1,0,10163.488134,10667.548177,6,8253,4,32
20260726_formal4t4_reuse_intensive_RateFIFO@rho1.2_rep3,3,RateFIFO@rho1.2,RateFIFO,112,reuse_intensive:rep3:req112,reuse_intensive,1,65,1,L0065,8192,1,1,True,1789730410.0074914,8192,8192,8192,21.444342136383057,False,False,False,False,8192,163.84,1,1,8224.0,True,cache_reused,False,False,0,0.0,36e4cede6498272eb7ad9bbc4d37722a082ad0898e1f578411833ad7d8c80e6f,True,,,1,0,392.973623,860.704011,6,8253,4,8224
20260726_formal4t4_reuse_intensive_RateFIFO@rho1.2_rep3,3,RateFIFO@rho1.2,RateFIFO,113,reuse_intensive:rep3:req113,reuse_intensive,1,76,1,L0076,8192,2,,False,1789730410.0075338,8192,0,0,360.10034704208374,True,True,False,False,0,0.0,0,0,32.0,False,cache_miss,False,False,0,0.0,9cbb41273a796558e6d2beed4d3324ee0845fa252d373c6c07a1b7424819a061,True,,,1,0,10719.959132,11194.839033,6,8253,4,32
20260726_formal4t4_reuse_intensive_RateFIFO@rho1.2_rep3,3,RateFIFO@rho1.2,RateFIFO,114,reuse_intensive:rep3:req114,reuse_intensive,1,72,1,L0072,8192,0,,False,1789730410.0075624,8192,0,0,360.10037565231323,True,True,False,False,0,0.0,0,0,32.0,False,cache_miss,False,False,0,0.0,1c85849ba1e139fca70df31bde1f8d28ca9627aefb23a84c34796f55a0327d2b,True,,,1,0,9971.145311,10463.941034,6,8253,4,32
20260726_formal4t4_reuse_intensive_RateFIFO@rho1.2_rep3,3,RateFIFO@rho1.2,RateFIFO,115,reuse_intensive:rep3:req115,reuse_intensive,1,64,2,L0064,8192,3,3,False,1789730410.0075965,8192,8192,8192,57.166730880737305,False,False,False,False,8192,0.0,1,1,8224.0,False,cache_reused,False,False,0,0.0,dbb85f715b7596a2dc94870eb688d94cc08ca7272628a3c5a97e5066aee4f701,True,,,1,0,398.762386,894.923584,6,8253,4,8224
20260726_formal4t4_reuse_intensive_RateFIFO@rho1.2_rep3,3,RateFIFO@rho1.2,RateFIFO,116,reuse_intensive:rep3:req116,reuse_intensive,1,64,0,L0064,8192,3,3,True,1789730421.2070456,8192,8192,8192,68.36617994308472,False,False,False,False,8192,163.84,1,1,8224.0,True,cache_reused,False,False,0,0.0,5376ca031dd956d7d9192699b7ecccfd6eab031f09fd3426e1e531a9423b8bf5,True,,,1,0,417.232077,910.852146,6,8253,4,8224
20260726_formal4t4_reuse_intensive_RateFIFO@rho1.2_rep3,3,RateFIFO@rho1.2,RateFIFO,117,reuse_intensive:rep3:req117,reuse_intensive,1,80,0,L0080,8192,1,,False,1789730421.2070868,0,0,0,,False,False,False,False,0,0.0,0,0,32.0,False,cache_miss,False,False,0,0.0,acbc9e56daf24b139a5804a149838d326de3056ce6439720abc789edc93f513b,True,,,1,0,10832.921124,11758.796668,6,8253,4,32
20260726_formal4t4_reuse_intensive_RateFIFO@rho1.2_rep3,3,RateFIFO@rho1.2,RateFIFO,118,reuse_intensive:rep3:req118,reuse_intensive,1,71,2,L0071,8192,1,1,True,1789730421.2071238,8192,8192,8192,116.38355350494385,False,False,False,False,8192,161.84,1,1,8224.0,True,cache_reused,False,False,0,0.0,2bea41d4bb96d0a92f6849426c295121d2414a39d85cdc7b3fbe0ad13a658849,True,,,1,0,10831.485314,11757.282155,6,8253,4,8224
20260726_formal4t4_reuse_intensive_RateFIFO@rho1.2_rep3,3,RateFIFO@rho1.2,RateFIFO,119,reuse_intensive:rep3:req119,reuse_intensive,1,103,1,L0103,8192,0,,False,1789730421.207149,8192,0,0,371.2999622821808,True,True,False,False,0,0.0,0,0,8224.0,False,cache_reused,False,False,0,0.0,51575a682e5f7980824577d7152108709fab20ed8b187dd063beb9e95635946a,True,,,1,0,220.212343,691.142138,6,8253,4,8224
20260726_formal4t4_reuse_intensive_Ideal_rep3,3,Ideal,Ideal,24,reuse_intensive:rep3:req24,reuse_intensive,0,1,2,L0001,8192,2,0;1;2;3,False,1789730604.0598142,8192,8192,8192,13.661368370056152,False,False,False,False,8192,0.0,4,4,8224.0,False,cache_reused,False,False,0,0.0,d856c0e561fa0f705cabf0406d711395012aaeaa09d5e79a9670a2d72ad8e346,True,,,1,0,246.539427,737.55711,6,8252,4,8224
20260726_formal4t4_reuse_intensive_Ideal_rep3,3,Ideal,Ideal,25,reuse_intensive:rep3:req25,reuse_intensive,0,9,1,L0009,8192,0,0;1;2;3,False,1789730604.0598633,8192,8192,8192,46.84198331832886,False,False,False,False,8192,0.0,4,4,8224.0,False,cache_reused,False,False,0,0.0,c5e4682a2454780351077d11f47db966ca542a3a8669da2d307966f5ebaeaca5,True,,,1,0,217.151115,715.690784,6,8252,4,8224
20260726_formal4t4_reuse_intensive_Ideal_rep3,3,Ideal,Ideal,26,reuse_intensive:rep3:req26,reuse_intensive,0,4,1,L0004,8192,1,0;1;2;3,False,1789730604.0598984,8192,8192,8192,101.91955709457397,False,False,False,False,8192,0.0,4,4,8224.0,False,cache_reused,False,False,0,0.0,9adda6a984c276f22bcfbad2323e6a8b4c54a3e7952964a6752452bb083ea5d3,True,,,1,0,232.415027,705.432721,6,8252,4,8224
20260726_formal4t4_reuse_intensive_Ideal_rep3,3,Ideal,Ideal,27,reuse_intensive:rep3:req27,reuse_intensive,0,8,0,L0008,8192,3,0;1;2;3,False,1789730604.0599282,8192,8192,8192,60.17515182495117,False,False,False,False,8192,0.0,4,4,8224.0,False,cache_reused,False,False,0,0.0,4f723994cc89259d3eed2f3b66ec838e653c532f5b4a3f98fc63fe603294535e,True,,,1,0,241.32065,719.162978,6,8252,4,8224
20260726_formal4t4_reuse_intensive_Ideal_rep3,3,Ideal,Ideal,28,reuse_intensive:rep3:req28,reuse_intensive,0,1,0,L0001,8192,2,0;1;2;3,False,1789730604.8003008,8192,8192,8192,0.0024225711822509766,False,False,False,False,8192,0.0,4,4,8224.0,False,cache_reused,False,False,0,0.0,0b5595e767cf99e64bcda983a34e0cb58f073ed84b935e1da488a87f90ed343a,True,,,1,0,245.084842,735.79214,6,8252,4,8224
20260726_formal4t4_reuse_intensive_Ideal_rep3,3,Ideal,Ideal,29,reuse_intensive:rep3:req29,reuse_intensive,0,0,0,L0000,8192,3,0;1;2;3,False,1789730604.8003495,8192,8192,8192,0.7405946254730225,False,False,False,False,8192,0.0,4,4,8224.0,False,cache_reused,False,False,0,0.0,6016383f67275265c51ab763b0b862d2f63aaed683e9e3b0d4f7d872c3cece3e,True,,,1,0,229.889442,677.727132,6,8252,4,8224
20260726_formal4t4_reuse_intensive_Ideal_rep3,3,Ideal,Ideal,30,reuse_intensive:rep3:req30,reuse_intensive,0,7,0,L0007,8192,0,0;1;2;3,False,1789730604.800384,8192,8192,8192,74.69309449195862,False,False,False,False,8192,0.0,4,4,8224.0,False,cache_reused,False,False,0,0.0,24cc61d1d8cd9ebee66d51290b5bdc7253fc2e6d63b868cf9bffaa59731a444a,True,,,1,0,216.228021,706.355993,6,8252,4,8224
20260726_formal4t4_reuse_intensive_Ideal_rep3,3,Ideal,Ideal,31,reuse_intensive:rep3:req31,reuse_intensive,0,0,1,L0000,8192,1,0;1;2;3,False,1789730604.8004153,8192,8192,8192,13.6096830368042,False,False,False,False,8192,0.0,4,4,8224.0,False,cache_reused,False,False,0,0.0,dbcc1e7cba6fec15ef163c4229f31b482402cc59b5f298d7e14733a33403415d,True,,,1,0,220.45325,716.107171,6,8252,4,8224
20260726_formal4t4_reuse_intensive_Ideal_rep3,3,Ideal,Ideal,32,reuse_intensive:rep3:req32,reuse_intensive,0,0,2,L0000,8192,2,0;1;2;3,False,1789730605.538964,8192,8192,8192,2.4056568145751953,False,False,False,False,8192,0.0,4,4,8224.0,False,cache_reused,False,False,0,0.0,6ed594783323ab9b5fdd5b5dfbed52aec839d8f6d3687c3c683158e239c59eed,True,,,1,0,234.82976,690.790963,6,8252,4,8224
20260726_formal4t4_reuse_intensive_Ideal_rep3,3,Ideal,Ideal,33,reuse_intensive:rep3:req33,reuse_intensive,0,0,0,L0000,8192,1,0;1;2;3,False,1789730605.539015,8192,8192,8192,0.0006773471832275391,False,False,False,False,8192,0.0,4,4,8224.0,False,cache_reused,False,False,0,0.0,b8fa5bfee4d2163666b1147db166fee683a6022d24745da652d03855b03b8865,True,,,1,0,231.390864,729.098135,6,8252,4,8224
20260726_formal4t4_reuse_intensive_Ideal_rep3,3,Ideal,Ideal,34,reuse_intensive:rep3:req34,reuse_intensive,0,0,1,L0000,8192,0,0;1;2;3,False,1789730605.5390513,8192,8192,8192,13.551568508148193,False,False,False,False,8192,0.0,4,4,8224.0,False,cache_reused,False,False,0,0.0,c1cb768b277fae8e92241d26b4bd8386dbbe362422aad8e79b91827915f7b80a,True,,,1,0,239.466773,794.113382,6,8252,4,8224
20260726_formal4t4_reuse_intensive_Ideal_rep3,3,Ideal,Ideal,35,reuse_intensive:rep3:req35,reuse_intensive,0,1,1,L0001,8192,3,0;1;2;3,False,1789730605.5390823,8192,8192,8192,141.79497385025024,False,False,False,False,8192,0.0,4,4,8224.0,False,cache_reused,False,False,0,0.0,449874d21792fa344eb8ffb179efb5891e92d95b371141a04c32d4c59afb2185,True,,,1,0,244.029872,731.889739,6,8252,4,8224
20260726_formal4t4_reuse_intensive_Ideal_rep3,3,Ideal,Ideal,36,reuse_intensive:rep3:req36,reuse_intensive,0,0,2,L0000,8192,2,0;1;2;3,False,1789730606.338432,8192,8192,8192,0.0024192333221435547,False,False,False,False,8192,0.0,4,4,8224.0,False,cache_reused,False,False,0,0.0,c0bcab89faa2bb2cf4eec4629c3bb5f3eb3f8707d898f3f7db3940568efa86a3,True,,,1,0,233.664302,688.418846,6,8252,4,8224
20260726_formal4t4_reuse_intensive_Ideal_rep3,3,Ideal,Ideal,37,reuse_intensive:rep3:req37,reuse_intensive,0,0,0,L0000,8192,0,0;1;2;3,False,1789730606.3384814,8192,8192,8192,0.0012214183807373047,False,False,False,False,8192,0.0,4,4,8224.0,False,cache_reused,False,False,0,0.0,fa748ef4e0d50e8f5a6956f1c38859d08ee3b600d07568b244194fecaf83e22a,True,,,1,0,235.427046,789.216735,6,8252,4,8224
20260726_formal4t4_reuse_intensive_Ideal_rep3,3,Ideal,Ideal,38,reuse_intensive:rep3:req38,reuse_intensive,0,8,1,L0008,8192,1,0;1;2;3,False,1789730606.3385189,8192,8192,8192,62.45375204086304,False,False,False,False,8192,0.0,4,4,8224.0,False,cache_reused,False,False,0,0.0,92973313c7302e0b27b0fdc558afce8d920a6d19328ba7fede9c397eacb8eda0,True,,,1,0,231.400572,734.262429,6,8252,4,8224
20260726_formal4t4_reuse_intensive_Ideal_rep3,3,Ideal,Ideal,39,reuse_intensive:rep3:req39,reuse_intensive,0,0,1,L0000,8192,3,0;1;2;3,False,1789730606.3385503,8192,8192,8192,0.8013412952423096,False,False,False,False,8192,0.0,4,4,8224.0,False,cache_reused,False,False,0,0.0,9b9c98f9caec5a12d578467e4d773bf1eb50957d8e0e92569fbb9f44c169670a,True,,,1,0,231.892489,678.382329,6,8252,4,8224
20260726_formal4t4_reuse_intensive_Ideal_rep3,3,Ideal,Ideal,40,reuse_intensive:rep3:req40,reuse_intensive,0,0,2,L0000,8192,2,0;1;2;3,False,1789730607.1317863,8192,8192,8192,0.0023949146270751953,False,False,False,False,8192,0.0,4,4,8224.0,False,cache_reused,False,False,0,0.0,3aad3c08872132201164fa3344dbe11d8a4ec6ce8c0a1bd077e754b000022331,True,,,1,0,233.734583,688.550447,6,8252,4,8224
20260726_formal4t4_reuse_intensive_Ideal_rep3,3,Ideal,Ideal,41,reuse_intensive:rep3:req41,reuse_intensive,0,20,0,L0020,8192,3,,False,1789730607.1318247,0,0,0,,False,False,False,False,0,0.0,0,0,32.0,False,cache_miss,False,False,0,0.0,6dbd8a8395b364107dd135c5143a6d2bd33a6f7023d660de5666cff77fb8a819,True,,,1,0,11446.174499,11950.349449,6,8252,4,32
20260726_formal4t4_reuse_intensive_Ideal_rep3,3,Ideal,Ideal,42,reuse_intensive:rep3:req42,reuse_intensive,0,4,2,L0004,8192,1,0;1;2;3,False,1789730607.131864,8192,8192,8192,2.332749843597412,False,False,False,False,8192,0.0,4,4,8224.0,False,cache_reused,False,False,0,0.0,9b80328ff6a25362527dce1717d4a1053874ecb2802ac0bbb07681447057e35c,True,,,1,0,225.289085,698.201406,6,8252,4,8224
20260726_formal4t4_reuse_intensive_Ideal_rep3,3,Ideal,Ideal,43,reuse_intensive:rep3:req43,reuse_intensive,0,7,1,L0007,8192,0,0;1;2;3,False,1789730607.1318974,8192,8192,8192,1.5941224098205566,False,False,False,False,8192,0.0,4,4,8224.0,False,cache_reused,False,False,0,0.0,b5b0c4ee555fe3aa1f1309103bef30e3766ad932f4c6dbe34c270b5e830ab311,True,,,1,0,213.731485,705.358471,6,8252,4,8224
20260726_formal4t4_reuse_intensive_Ideal_rep3,3,Ideal,Ideal,44,reuse_intensive:rep3:req44,reuse_intensive,0,19,0,L0019,8192,1,,False,1789730619.0863254,0,0,0,,False,False,False,False,0,0.0,0,0,32.0,False,cache_miss,False,False,0,0.0,13359b76214f42e897a92963508ff82aed498123dbb9f9b89c9ce6f0b35ce094,True,,,1,0,9086.215123,9490.961567,6,8252,4,32
20260726_formal4t4_reuse_intensive_Ideal_rep3,3,Ideal,Ideal,45,reuse_intensive:rep3:req45,reuse_intensive,0,0,0,L0000,8192,3,0;1;2;3,False,1789730619.0863826,8192,8192,8192,11.955202341079712,False,False,False,False,8192,0.0,4,4,8224.0,False,cache_reused,False,False,0,0.0,52d7ae8333f26885f9b3938f541f60b0c46fadba6b9de827736c907b5f5b7ef7,True,,,1,0,230.275751,675.887707,6,8252,4,8224
20260726_formal4t4_reuse_intensive_Ideal_rep3,3,Ideal,Ideal,46,reuse_intensive:rep3:req46,reuse_intensive,0,3,0,L0003,8192,0,0;1;2;3,False,1789730619.086424,8192,8192,8192,15.953125476837158,False,False,False,False,8192,0.0,4,4,8224.0,False,cache_reused,False,False,0,0.0,2e75fb1c991d1b26fd867225b995b688b615b5a5ffde120e2a0aa178cb8188b1,True,,,1,0,420.254294,959.006478,6,8252,4,8224
20260726_formal4t4_reuse_intensive_Ideal_rep3,3,Ideal,Ideal,47,reuse_intensive:rep3:req47,reuse_intensive,0,18,0,L0018,8192,2,,False,1789730619.0864496,0,0,0,,False,False,False,False,0,0.0,0,0,32.0,False,cache_miss,False,False,0,0.0,38e96175aaf808bc388726afaf89b0e05a5d93a994a8fc86a0f978d673e5d593,True,,,1,0,10239.335671,10709.307363,6,8252,4,32
20260726_formal4t4_reuse_intensive_Ideal_rep3,3,Ideal,Ideal,48,reuse_intensive:rep3:req48,reuse_intensive,0,43,0,L0043,8192,3,,False,1789730629.8024094,0,0,0,,False,False,False,False,0,0.0,0,0,32.0,False,cache_miss,False,False,0,0.0,69f908d79a6596f8530b20faa147672187d5e4e4f754ca6204287596c629c471,True,,,1,0,11881.493894,12381.493401,6,8252,4,32
20260726_formal4t4_reuse_intensive_Ideal_rep3,3,Ideal,Ideal,49,reuse_intensive:rep3:req49,reuse_intensive,0,2,1,L0002,8192,2,0;1;2,False,1789730629.8024635,8192,8192,8192,38.6117377281189,False,False,False,False,8192,0.0,3,3,8224.0,False,cache_reused,False,False,0,0.0,79676e693577ab62a036a92bb32ef648623254b6b23edd1ad254317c12307d38,True,,,1,0,241.614626,724.281037,6,8252,4,8224
20260726_formal4t4_reuse_intensive_Ideal_rep3,3,Ideal,Ideal,50,reuse_intensive:rep3:req50,reuse_intensive,0,3,1,L0003,8192,0,0;1;2;3,False,1789730629.8025043,8192,8192,8192,0.0012469291687011719,False,False,False,False,8192,0.0,4,4,8224.0,False,cache_reused,False,False,0,0.0,3a10e1e87d53bb51e9e53cd8f70907ecf2acf12ec2ac6e38f698a9b0b79cd02d,True,,,1,0,383.553567,923.155267,6,8252,4,8224
20260726_formal4t4_reuse_intensive_Ideal_rep3,3,Ideal,Ideal,51,reuse_intensive:rep3:req51,reuse_intensive,0,0,1,L0000,8192,1,0;1;2;3,False,1789730629.8025384,8192,8192,8192,23.46585488319397,False,False,False,False,8192,0.0,4,4,8224.0,False,cache_reused,False,False,0,0.0,e2541ae10d6d2ad05b3442a99560c514e4d43dceb53d9007876b5911c7ccf34a,True,,,1,0,239.705447,731.427187,6,8252,4,8224
20260726_formal4t4_reuse_intensive_Ideal_rep3,3,Ideal,Ideal,52,reuse_intensive:rep3:req52,reuse_intensive,0,3,2,L0003,8192,2,0;1;2,False,1789730642.1868038,8192,8192,8192,151.9040138721466,False,False,False,False,8192,0.0,3,3,8224.0,False,cache_reused,False,False,0,0.0,bf5cb1e17e4c9a1a10f1f41e800fb51560b088220208e0aeae7ef077c075c584,True,,,1,0,399.543205,891.000508,6,8252,4,8224
20260726_formal4t4_reuse_intensive_Ideal_rep3,3,Ideal,Ideal,53,reuse_intensive:rep3:req53,reuse_intensive,0,21,0,L0021,8192,1,,False,1789730642.1868436,0,0,0,,False,False,False,False,0,0.0,0,0,32.0,False,cache_miss,False,False,0,0.0,3c340afd05221411bfdcd1a46ff1df367939418b17a1b89ee785d00a99dcb3df,True,,,1,0,11132.43115,11631.206897,6,8252,4,32
20260726_formal4t4_reuse_intensive_Ideal_rep3,3,Ideal,Ideal,54,reuse_intensive:rep3:req54,reuse_intensive,0,3,0,L0003,8192,0,0;1;2,True,1789730642.186883,8192,8192,8192,0.0012564659118652344,False,False,False,False,8192,163.84,3,3,8224.0,True,cache_reused,False,False,0,0.0,53a097447c608dc1563eaa4f08081c630ddcbdc10eb53c750df103cfb8c0b7a5,True,,,1,0,413.931155,956.075248,6,8252,4,8224
20260726_formal4t4_reuse_intensive_Ideal_rep3,3,Ideal,Ideal,55,reuse_intensive:rep3:req55,reuse_intensive,0,0,2,L0000,8192,3,0;1;2;3,False,1789730642.1869192,8192,8192,8192,12.386242151260376,False,False,False,False,8192,0.0,4,4,8224.0,False,cache_reused,False,False,0,0.0,70360c5615a8a22663ab8c1c116cbcde1e0860fcfe0289e217852d8bb4977d1d,True,,,1,0,227.964132,679.214371,6,8252,4,8224
20260726_formal4t4_reuse_intensive_Ideal_rep3,3,Ideal,Ideal,56,reuse_intensive:rep3:req56,reuse_intensive,0,0,0,L0000,8192,1,0;1;2;3,False,1789730653.8223155,8192,8192,8192,11.636117935180664,False,False,False,False,8192,0.0,4,4,8224.0,False,cache_reused,False,False,0,0.0,5171175c1ce3186835428b2d052811ada999a935d64e4e11819eb38c0e22a276,True,,,1,0,230.073297,722.898716,6,8252,4,8224
20260726_formal4t4_reuse_intensive_Ideal_rep3,3,Ideal,Ideal,57,reuse_intensive:rep3:req57,reuse_intensive,0,1,2,L0001,8192,3,0;2;3,False,1789730653.8223639,8192,8192,8192,47.484549045562744,False,False,False,False,8192,0.0,3,3,8224.0,False,cache_reused,False,False,0,0.0,0159d280cd6c617130f5dad4b630354e957c057ba85ad2c2339a8e4f637e1e13,True,,,1,0,371.71978,875.731989,6,8252,4,8224
20260726_formal4t4_reuse_intensive_Ideal_rep3,3,Ideal,Ideal,58,reuse_intensive:rep3:req58,reuse_intensive,0,0,1,L0000,8192,2,0;1;2;3,False,1789730653.8224018,8192,8192,8192,34.73849654197693,False,False,False,False,8192,0.0,4,4,8224.0,False,cache_reused,False,False,0,0.0,ea108429fe180c71dff2a819a885681b37e67e731c27de09ed67d24f4bb07a5e,True,,,1,0,386.762815,853.411834,6,8252,4,8224
20260726_formal4t4_reuse_intensive_Ideal_rep3,3,Ideal,Ideal,59,reuse_intensive:rep3:req59,reuse_intensive,0,0,2,L0000,8192,0,0;1;2;3,False,1789730653.822431,8192,8192,8192,46.69239401817322,False,False,False,False,8192,0.0,4,4,8224.0,False,cache_reused,False,False,0,0.0,c38a60a697a7dbd2961ccfb3288513da09178d50d71eb065710b3cf4b8b781db,True,,,1,0,417.513586,980.843997,6,8252,4,8224
20260726_formal4t4_reuse_intensive_Ideal_rep3,3,Ideal,Ideal,60,reuse_intensive:rep3:req60,reuse_intensive,1,69,0,L0069,8192,1,,False,1789730654.8098118,0,0,0,,False,False,False,False,0,0.0,0,0,32.0,False,cache_miss,False,False,0,0.0,c05cd416f11029ce640a63933777710aef0f3858ce048a310a9d7536eca9798e,True,,,1,0,11766.562196,12274.069084,6,8252,4,32
20260726_formal4t4_reuse_intensive_Ideal_rep3,3,Ideal,Ideal,61,reuse_intensive:rep3:req61,reuse_intensive,1,65,0,L0065,8192,0,,False,1789730654.8098493,0,0,0,,False,False,False,False,0,0.0,0,0,32.0,False,cache_miss,False,False,0,0.0,12622ba9784bea2cfeb7fe2c5e8a6cf2cc0ab2c68a51612c4f341d5fdb1b1936,True,,,1,0,9540.450997,10002.577212,6,8252,4,32
20260726_formal4t4_reuse_intensive_Ideal_rep3,3,Ideal,Ideal,62,reuse_intensive:rep3:req62,reuse_intensive,1,70,0,L0070,8192,3,,False,1789730654.809875,0,0,0,,False,False,False,False,0,0.0,0,0,32.0,False,cache_miss,False,False,0,0.0,8e2c2ca264cbf1ac7892ec0a9dc3ef7529cfb223b2a33206d7750c89c6e39f88,True,,,1,0,11239.783464,11742.528714,6,8252,4,32
20260726_formal4t4_reuse_intensive_Ideal_rep3,3,Ideal,Ideal,63,reuse_intensive:rep3:req63,reuse_intensive,1,124,0,L0124,8192,2,,False,1789730654.8098965,0,0,0,,False,False,False,False,0,0.0,0,0,16.0,False,cache_miss,False,False,0,0.0,88d64852fe87017ef883a4d966e554ed4e2104eddb4c921c467f968cd5d4be1d,True,,,1,0,11591.006621,12114.534789,6,8252,4,16
20260726_formal4t4_reuse_intensive_Ideal_rep3,3,Ideal,Ideal,64,reuse_intensive:rep3:req64,reuse_intensive,1,65,1,L0065,8192,0,0,True,1789730667.08671,8192,8192,8192,0.001743316650390625,False,False,False,False,8192,163.84,1,1,8224.0,True,cache_reused,False,False,0,0.0,d6e7c91df69a03735c108f7137e20a82d21d84ab8e975c52bec6e64d72fcc207,True,,,1,0,349.795918,824.032016,6,8252,4,8224
20260726_formal4t4_reuse_intensive_Ideal_rep3,3,Ideal,Ideal,65,reuse_intensive:rep3:req65,reuse_intensive,1,69,1,L0069,8192,1,1,True,1789730667.086757,8192,8192,8192,0.002434968948364258,False,False,False,False,8192,163.84,1,1,8224.0,True,cache_reused,False,False,0,0.0,8006fd4628fe9aa69a0b3ee0c18bd954cb5bb6d28d0e6ea0447ce10fe726498a,True,,,1,0,218.302852,723.728118,6,8252,4,8224
20260726_formal4t4_reuse_intensive_Ideal_rep3,3,Ideal,Ideal,66,reuse_intensive:rep3:req66,reuse_intensive,1,112,0,L0112,8192,3,,False,1789730667.0867853,0,0,0,,False,False,False,False,0,0.0,0,0,16.0,False,cache_miss,False,False,0,0.0,e3bbfc9c38b2d99ac81b34d6fa6eb3f635554aeafc03a01046759fd43ca8b09d,True,,,1,0,11794.972101,12273.313433,6,8252,4,16
20260726_formal4t4_reuse_intensive_Ideal_rep3,3,Ideal,Ideal,67,reuse_intensive:rep3:req67,reuse_intensive,1,76,0,L0076,8192,2,,False,1789730667.0868094,0,0,0,,False,False,False,False,0,0.0,0,0,32.0,False,cache_miss,False,False,0,0.0,8ccd4c5b7d5a6f430fd39727c9cfde2904c45c81b2f63c92ca0d1ce589ca49fd,True,,,1,0,10898.061456,11371.875021,6,8252,4,32
20260726_formal4t4_reuse_intensive_Ideal_rep3,3,Ideal,Ideal,68,reuse_intensive:rep3:req68,reuse_intensive,1,71,0,L0071,8192,3,,False,1789730679.365445,0,0,0,,False,False,False,False,0,0.0,0,0,32.0,False,cache_miss,False,False,0,0.0,1729119e0e4ba3c39f37247d4191b8b6caf99744b2090286ca4c874b71cca00d,True,,,1,0,12535.542494,13049.133933,6,8252,4,32
20260726_formal4t4_reuse_intensive_Ideal_rep3,3,Ideal,Ideal,69,reuse_intensive:rep3:req69,reuse_intensive,1,69,2,L0069,8192,1,1,False,1789730679.3654938,8192,8192,8192,0.0017952919006347656,False,False,False,False,8192,0.0,1,1,8224.0,False,cache_reused,False,False,0,0.0,2c9b1fb73c59fee328c830febe48fb1023e83f0761591fd277656ee481e859d3,True,,,1,0,360.262157,874.45097,6,8252,4,8224
20260726_formal4t4_reuse_intensive_Ideal_rep3,3,Ideal,Ideal,70,reuse_intensive:rep3:req70,reuse_intensive,1,74,0,L0074,8192,0,,False,1789730679.3655238,0,0,0,,False,False,False,False,0,0.0,0,0,32.0,False,cache_miss,False,False,0,0.0,ea553a1360810decb2575a61ecff459fc66eb785976a06019ab908a38ce7f1de,True,,,1,0,10648.644058,11136.118526,6,8252,4,32
20260726_formal4t4_reuse_intensive_Ideal_rep3,3,Ideal,Ideal,71,reuse_intensive:rep3:req71,reuse_intensive,1,64,0,L0064,8192,2,,False,1789730679.365546,0,0,0,,False,False,False,False,0,0.0,0,0,32.0,False,cache_miss,False,False,0,0.0,4df3f1a977d15ab1b983ea74f9ca96d0acb310b7fa26e0ed546cdbca2179f743,True,,,1,0,10600.400741,11069.553586,6,8252,4,32
20260726_formal4t4_reuse_intensive_Ideal_rep3,3,Ideal,Ideal,72,reuse_intensive:rep3:req72,reuse_intensive,1,67,0,L0067,8192,0,,False,1789730692.417448,0,0,0,,False,False,False,False,0,0.0,0,0,32.0,False,cache_miss,False,False,0,0.0,d6ec29a925b765628d35ae95d8f0edc3a4bfa82e6e99229c5cfa5adf46f093a8,True,,,1,0,11976.988755,12501.254257,6,8252,4,32
20260726_formal4t4_reuse_intensive_Ideal_rep3,3,Ideal,Ideal,73,reuse_intensive:rep3:req73,reuse_intensive,1,64,1,L0064,8192,2,2,True,1789730692.4174986,8192,8192,8192,0.0006470680236816406,False,False,False,False,8192,163.84,1,1,8224.0,True,cache_reused,False,False,0,0.0,c950d5acf8cacb5ac8365826f8d76b0adb37ce728485d90d3416556e8b3f06c1,True,,,1,0,363.783876,892.31769,6,8252,4,8224
20260726_formal4t4_reuse_intensive_Ideal_rep3,3,Ideal,Ideal,74,reuse_intensive:rep3:req74,reuse_intensive,1,71,1,L0071,8192,3,3,False,1789730692.4175355,8192,8192,8192,0.0024995803833007812,False,False,False,False,8192,0.0,1,1,8224.0,False,cache_reused,False,False,0,0.0,8ef093a4a95ce9801025d810f40562f93e5bb81083ccb8122bf2be89d23b37c2,True,,,1,0,236.990159,746.540205,6,8252,4,8224
20260726_formal4t4_reuse_intensive_Ideal_rep3,3,Ideal,Ideal,75,reuse_intensive:rep3:req75,reuse_intensive,1,64,2,L0064,8192,2,2,True,1789730692.4175649,8192,8192,8192,0.000713348388671875,False,False,False,False,8192,161.84,1,1,8224.0,True,cache_reused,False,False,0,0.0,6b07931ddd9160348eef2489db86c421d4754c25255d7a4dfc2524defb27f2be,True,,,1,0,551.870634,1048.021328,6,8252,4,8224
20260726_formal4t4_reuse_intensive_Ideal_rep3,3,Ideal,Ideal,76,reuse_intensive:rep3:req76,reuse_intensive,1,67,1,L0067,8192,0,0,True,1789730704.9216268,8192,8192,8192,0.0024182796478271484,False,False,False,False,8192,163.84,1,1,8224.0,True,cache_reused,False,False,0,0.0,213c519a4cdeced14b770aaaa6c6734cd58e82e90d907793a212a8885570f955,True,,,1,0,228.955317,1356.286936,6,8252,4,8224
20260726_formal4t4_reuse_intensive_Ideal_rep3,3,Ideal,Ideal,77,reuse_intensive:rep3:req77,reuse_intensive,1,64,0,L0064,8192,2,2,True,1789730704.9216747,8192,8192,8192,0.0006566047668457031,False,False,False,False,8192,163.84,1,1,8224.0,True,cache_reused,False,False,0,0.0,9601aada4782c74362cbb48446d7c6369b5a5360cccc36830c195967be1caa60,True,,,1,0,394.759418,867.70888,6,8252,4,8224
20260726_formal4t4_reuse_intensive_Ideal_rep3,3,Ideal,Ideal,78,reuse_intensive:rep3:req78,reuse_intensive,1,65,2,L0065,8192,0,0,True,1789730704.9217088,8192,8192,8192,25.558686017990112,False,False,False,False,8192,161.84,1,1,8224.0,True,cache_reused,False,False,0,0.0,e10b23878e600e38933965aa3c969a6079ac47069719c34a9d17e3e349fb9004,True,,,1,0,693.220201,1520.876961,6,8252,4,8224
20260726_formal4t4_reuse_intensive_Ideal_rep3,3,Ideal,Ideal,79,reuse_intensive:rep3:req79,reuse_intensive,1,65,0,L0065,8192,0,0,True,1789730704.9217362,8192,8192,8192,25.55871343612671,False,False,False,False,8192,159.84,1,1,8224.0,True,cache_reused,False,False,0,0.0,3ff5d6eab81af23e109a3b941c31e85653ebae63fb2b579dfead4105b017c4f0,True,,,1,0,691.836077,1519.467497,6,8252,4,8224
20260726_formal4t4_reuse_intensive_Ideal_rep3,3,Ideal,Ideal,80,reuse_intensive:rep3:req80,reuse_intensive,1,64,1,L0064,8192,2,2,True,1789730706.4479728,8192,8192,8192,0.0017354488372802734,False,False,False,False,8192,163.84,1,1,8224.0,True,cache_reused,False,False,0,0.0,573f7eb593e900e73cc1f87a47a95f1e7ff04c560d4a9c491fd661868a4bf59f,True,,,1,0,236.682893,709.414985,6,8252,4,8224
20260726_formal4t4_reuse_intensive_Ideal_rep3,3,Ideal,Ideal,81,reuse_intensive:rep3:req81,reuse_intensive,1,91,0,L0091,8192,1,,False,1789730706.4480152,0,0,0,,False,False,False,False,0,0.0,0,0,32.0,False,cache_miss,False,False,0,0.0,3127820c6bc57dca218b14fa6770723e917121790c99ce9f4f377b55ae68ef17,True,,,1,0,10322.206995,10802.884323,6,8252,4,32
20260726_formal4t4_reuse_intensive_Ideal_rep3,3,Ideal,Ideal,82,reuse_intensive:rep3:req82,reuse_intensive,1,68,0,L0068,8192,0,,False,1789730706.448043,0,0,0,,False,False,False,False,0,0.0,0,0,32.0,False,cache_miss,False,False,0,0.0,7ada2be111cb77b9367f21df8d90f7349815ee10be0252139b7575513af67529,True,,,1,0,11357.917627,11862.17728,6,8252,4,32
20260726_formal4t4_reuse_intensive_Ideal_rep3,3,Ideal,Ideal,83,reuse_intensive:rep3:req83,reuse_intensive,1,66,0,L0066,8192,3,,False,1789730706.448065,0,0,0,,False,False,False,False,0,0.0,0,0,32.0,False,cache_miss,False,False,0,0.0,c315f741b6d7394eeefbd9b91819d2112a9f252409d85cda2694f2ca7ffb98d9,True,,,1,0,12123.396801,12634.867291,6,8252,4,32
20260726_formal4t4_reuse_intensive_Ideal_rep3,3,Ideal,Ideal,84,reuse_intensive:rep3:req84,reuse_intensive,1,68,1,L0068,8192,0,0,False,1789730719.0895293,8192,8192,8192,0.0011734962463378906,False,False,False,False,8192,0.0,1,1,8224.0,False,cache_reused,False,False,0,0.0,a6277ca8af32a6d8df210dc5a90c74d524fd27b00b6d48fd817f0329db681682,True,,,1,0,220.643027,722.566145,6,8252,4,8224
20260726_formal4t4_reuse_intensive_Ideal_rep3,3,Ideal,Ideal,85,reuse_intensive:rep3:req85,reuse_intensive,1,92,0,L0092,8192,1,,False,1789730719.0895672,0,0,0,,False,False,False,False,0,0.0,0,0,32.0,False,cache_miss,False,False,0,0.0,f03df7cfbc5f4c44b62eb08eb10e481146b17be2aaa336f0c7e398e1910532ba,True,,,1,0,10330.708636,10805.086143,6,8252,4,32
20260726_formal4t4_reuse_intensive_Ideal_rep3,3,Ideal,Ideal,86,reuse_intensive:rep3:req86,reuse_intensive,1,106,0,L0106,8192,3,,False,1789730719.089593,0,0,0,,False,False,False,False,0,0.0,0,0,32.0,False,cache_miss,False,False,0,0.0,47e368b1573f1e3133679f1922905af0816495c70681a017e86efbcc7f717641,True,,,1,0,10255.66643,10728.845381,6,8252,4,32
20260726_formal4t4_reuse_intensive_Ideal_rep3,3,Ideal,Ideal,87,reuse_intensive:rep3:req87,reuse_intensive,1,81,0,L0081,8192,2,,False,1789730719.0896125,0,0,0,,False,False,False,False,0,0.0,0,0,32.0,False,cache_miss,False,False,0,0.0,e20c953a8183dfae841d46710d3bfa18ab21cb603df5328247a24c7789ef7b6d,True,,,1,0,10699.535112,11218.930891,6,8252,4,32
20260726_formal4t4_reuse_intensive_Ideal_rep3,3,Ideal,Ideal,88,reuse_intensive:rep3:req88,reuse_intensive,1,64,2,L0064,8192,2,2,True,1789730730.3149555,8192,8192,8192,11.227852582931519,False,False,False,False,8192,163.84,1,1,8224.0,True,cache_reused,False,False,0,0.0,19a813cfd1b0387dc98ad39211b06c1b2baa94e6d1ee9c580a85cd83cac754ed,True,,,1,0,237.43221,818.682855,6,8252,4,8224
20260726_formal4t4_reuse_intensive_Ideal_rep3,3,Ideal,Ideal,89,reuse_intensive:rep3:req89,reuse_intensive,1,74,1,L0074,8192,0,0,True,1789730730.3150046,8192,8192,8192,37.8987135887146,False,False,False,False,8192,163.84,1,1,8224.0,True,cache_reused,False,False,0,0.0,f0e9aa37adeca6bebaa6e2e0cc8c2c63af97e19815a97b09dff8e0f3428a0886,True,,,1,0,378.748869,874.773747,6,8252,4,8224
20260726_formal4t4_reuse_intensive_Ideal_rep3,3,Ideal,Ideal,90,reuse_intensive:rep3:req90,reuse_intensive,1,64,0,L0064,8192,2,2,True,1789730730.3150563,8192,8192,8192,11.227953433990479,False,False,False,False,8192,161.84,1,1,8224.0,True,cache_reused,False,False,0,0.0,69ba94396dae7b5671983cd74486da1d75bd341ebdc5fda6a2cc2807b3920d75,True,,,1,0,476.951695,985.016545,6,8252,4,8224
20260726_formal4t4_reuse_intensive_Ideal_rep3,3,Ideal,Ideal,91,reuse_intensive:rep3:req91,reuse_intensive,1,64,1,L0064,8192,2,2,True,1789730730.3150861,8192,8192,8192,11.227983236312866,False,False,False,False,8192,159.84,1,1,8224.0,True,cache_reused,False,False,0,0.0,f28850e03a7d645c5de0071aaaff47437281e141b7a580ce09aa06f4fe34fb59,True,,,1,0,475.916653,984.068017,6,8252,4,8224
20260726_formal4t4_reuse_intensive_Ideal_rep3,3,Ideal,Ideal,92,reuse_intensive:rep3:req92,reuse_intensive,1,65,1,L0065,8192,0,0,True,1789730731.3056526,8192,8192,8192,24.858277559280396,False,False,False,False,8192,163.84,1,1,8224.0,True,cache_reused,False,False,0,0.0,235de4b320ff6f733d0c99b3a71f87462d20c35b732d7054d457ef6ad17cdfda,True,,,1,0,208.036207,678.138381,6,8252,4,8224
20260726_formal4t4_reuse_intensive_Ideal_rep3,3,Ideal,Ideal,93,reuse_intensive:rep3:req93,reuse_intensive,1,78,0,L0078,8192,2,,False,1789730731.3056939,0,0,0,,False,False,False,False,0,0.0,0,0,32.0,False,cache_miss,False,False,0,0.0,482f3cbf435820b2fe4f10370f77d1e39aed2aa456cdb16b931e5586cc1a932e,True,,,1,0,9895.609764,10322.821151,6,8252,4,32
20260726_formal4t4_reuse_intensive_Ideal_rep3,3,Ideal,Ideal,94,reuse_intensive:rep3:req94,reuse_intensive,1,105,0,L0105,8192,1,,False,1789730731.3057213,0,0,0,,False,False,False,False,0,0.0,0,0,16.0,False,cache_miss,False,False,0,0.0,363a6896d645d43c324eee2d768f9bce9724ed42813a5ce06fe16d67e377644c,True,,,1,0,9644.912053,10096.450234,6,8252,4,16
20260726_formal4t4_reuse_intensive_Ideal_rep3,3,Ideal,Ideal,95,reuse_intensive:rep3:req95,reuse_intensive,1,104,0,L0104,8192,3,,False,1789730731.3057435,0,0,0,,False,False,False,False,0,0.0,0,0,32.0,False,cache_miss,False,False,0,0.0,3347e664a8599de0ff6289177948347d8e18124395267e9eed039a949e986884,True,,,1,0,11965.820115,12481.879037,6,8252,4,32
20260726_formal4t4_reuse_intensive_Ideal_rep3,3,Ideal,Ideal,96,reuse_intensive:rep3:req96,reuse_intensive,1,117,0,L0117,8192,2,,False,1789730743.7940059,0,0,0,,False,False,False,False,0,0.0,0,0,32.0,False,cache_miss,False,False,0,0.0,7774ceac73230aa47ad5d33639db35193757445a881661226a5c67195230afd7,True,,,1,0,10286.092433,10755.33446,6,8252,4,32
20260726_formal4t4_reuse_intensive_Ideal_rep3,3,Ideal,Ideal,97,reuse_intensive:rep3:req97,reuse_intensive,1,66,1,L0066,8192,3,3,False,1789730743.7940567,8192,8192,8192,24.705142498016357,False,False,False,False,8192,0.0,1,1,8224.0,False,cache_reused,False,False,0,0.0,25e8740cd368c6b511d4b791f00a6c004a7f54f81b53a87446cdefd3f348f97c,True,,,1,0,253.795853,772.421246,6,8252,4,8224
20260726_formal4t4_reuse_intensive_Ideal_rep3,3,Ideal,Ideal,98,reuse_intensive:rep3:req98,reuse_intensive,1,72,0,L0072,8192,1,,False,1789730743.7940867,0,0,0,,False,False,False,False,0,0.0,0,0,32.0,False,cache_miss,False,False,0,0.0,f878ea719b4628592bf729bc177c5870615219197821ef5f9cf31dee9c389c76,True,,,1,0,10206.951349,10684.269148,6,8252,4,32
20260726_formal4t4_reuse_intensive_Ideal_rep3,3,Ideal,Ideal,99,reuse_intensive:rep3:req99,reuse_intensive,1,67,2,L0067,8192,0,0,False,1789730743.79412,8192,8192,8192,37.348541498184204,False,False,False,False,8192,0.0,1,1,8224.0,False,cache_reused,False,False,0,0.0,ab632d264223c95acd6b877ff408b115f5479f0d1d2b72b91b9b06e41aea629b,True,,,1,0,379.275368,923.44833,6,8252,4,8224
20260726_formal4t4_reuse_intensive_Ideal_rep3,3,Ideal,Ideal,100,reuse_intensive:rep3:req100,reuse_intensive,1,65,2,L0065,8192,0,0,False,1789730754.5522797,8192,8192,8192,10.760720014572144,False,False,False,False,8192,0.0,1,1,8224.0,False,cache_reused,False,False,0,0.0,33813a7bdd85641088644763d94a18b8ae78bbb333b10d28c3bf2894d2acb492,True,,,1,0,392.022084,868.700357,6,8253,4,8224
20260726_formal4t4_reuse_intensive_Ideal_rep3,3,Ideal,Ideal,101,reuse_intensive:rep3:req101,reuse_intensive,1,103,0,L0103,8192,1,,False,1789730754.552319,0,0,0,,False,False,False,False,0,0.0,0,0,32.0,False,cache_miss,False,False,0,0.0,44d4aa527f3d0a26a2ff7afe49cfe3b799c705e16ffc4ffbf8e0d17bebd75112,True,,,1,0,11512.293815,12512.581284,6,8253,4,32
20260726_formal4t4_reuse_intensive_Ideal_rep3,3,Ideal,Ideal,102,reuse_intensive:rep3:req102,reuse_intensive,1,69,0,L0069,8192,1,1,True,1789730754.5523548,8192,8192,8192,62.13664126396179,False,False,False,False,8192,161.84,1,1,8224.0,True,cache_reused,False,False,0,0.0,6abc79e02b4c2b04c66a214e0223260f14dee4eda6857247bc6f4fa2752855e9,True,,,1,0,11510.899682,12511.100709,6,8253,4,8224
20260726_formal4t4_reuse_intensive_Ideal_rep3,3,Ideal,Ideal,103,reuse_intensive:rep3:req103,reuse_intensive,1,83,0,L0083,8192,3,,False,1789730754.5523798,0,0,0,,False,False,False,False,0,0.0,0,0,32.0,False,cache_miss,False,False,0,0.0,0976e97f20a2f279530c47ee8a33bc851e058f114575b81892be043b7eb9d365,True,,,1,0,10119.492342,10576.144187,6,8253,4,32
20260726_formal4t4_reuse_intensive_Ideal_rep3,3,Ideal,Ideal,104,reuse_intensive:rep3:req104,reuse_intensive,1,70,1,L0070,8192,3,3,True,1789730767.069112,8192,8192,8192,99.98357248306274,False,False,False,False,8192,163.84,1,1,8224.0,True,cache_reused,False,False,0,0.0,563820a20057e535a351d7b95b773041e16720c4d8e31885aa0a7d805bf656ff,True,,,1,0,385.420245,899.034866,6,8253,4,8224
20260726_formal4t4_reuse_intensive_Ideal_rep3,3,Ideal,Ideal,105,reuse_intensive:rep3:req105,reuse_intensive,1,64,2,L0064,8192,2,2,True,1789730767.0691667,8192,8192,8192,35.764124393463135,False,False,False,False,8192,163.84,1,1,8224.0,True,cache_reused,False,False,0,0.0,6bf3ab5269086e4a7b34d13c531134d2069f93d20023e39c39cfe7788d724113,True,,,1,0,396.427175,906.158556,6,8253,4,8224
20260726_formal4t4_reuse_intensive_Ideal_rep3,3,Ideal,Ideal,106,reuse_intensive:rep3:req106,reuse_intensive,1,64,0,L0064,8192,2,2,True,1789730767.069199,8192,8192,8192,35.76415681838989,False,False,False,False,8192,161.84,1,1,8224.0,True,cache_reused,False,False,0,0.0,8f367b1a9748497698346a07db9f721fcf1268e738d73af501e35f241696be9c,True,,,1,0,567.369228,1063.643576,6,8253,4,8224
20260726_formal4t4_reuse_intensive_Ideal_rep3,3,Ideal,Ideal,107,reuse_intensive:rep3:req107,reuse_intensive,1,98,0,L0098,8192,0,,False,1789730767.0692222,0,0,0,,False,False,False,False,0,0.0,0,0,32.0,False,cache_miss,False,False,0,0.0,dfb805d6b7a1cb5591070d3be17a1c8fbe240dac4312caa60c1f7d901e855939,True,,,1,0,13401.493058,14020.650711,6,8253,4,32
20260726_formal4t4_reuse_intensive_Ideal_rep3,3,Ideal,Ideal,108,reuse_intensive:rep3:req108,reuse_intensive,1,68,2,L0068,8192,0,0,True,1789730781.0964167,8192,8192,8192,50.783891916275024,False,False,False,False,8192,163.84,1,1,8224.0,True,cache_reused,False,False,0,0.0,1bdcb06c2f02b49c6d6d1daef3a2bd0a83454d2da27539955953b11c1eb1421e,True,,,1,0,224.782106,1177.014703,6,8253,4,8224
20260726_formal4t4_reuse_intensive_Ideal_rep3,3,Ideal,Ideal,109,reuse_intensive:rep3:req109,reuse_intensive,1,65,0,L0065,8192,0,0,True,1789730781.0964637,8192,8192,8192,14.029781818389893,False,False,False,False,8192,161.84,1,1,8224.0,True,cache_reused,False,False,0,0.0,fbe2fe6567300d70bdc9b45f3b42bda9d1d95dbd84c493c908fc4b9fe23f658f,True,,,1,0,544.962948,1331.324233,6,8253,4,8224
20260726_formal4t4_reuse_intensive_Ideal_rep3,3,Ideal,Ideal,110,reuse_intensive:rep3:req110,reuse_intensive,1,64,1,L0064,8192,2,2,True,1789730781.0964973,8192,8192,8192,0.0012640953063964844,False,False,False,False,8192,163.84,1,1,8224.0,True,cache_reused,False,False,0,0.0,629f4739b4e00b577391d61687965882c1975464a1e2324332ec9389186d1807,True,,,1,0,409.306135,879.560637,6,8253,4,8224
20260726_formal4t4_reuse_intensive_Ideal_rep3,3,Ideal,Ideal,111,reuse_intensive:rep3:req111,reuse_intensive,1,75,0,L0075,8192,3,,False,1789730781.0965214,0,0,0,,False,False,False,False,0,0.0,0,0,32.0,False,cache_miss,False,False,0,0.0,cf37ca0d7d615389d17532785e507c93792c0780618309faa31e2d3c20ff6775,True,,,1,0,9909.872777,10336.544518,6,8253,4,32
20260726_formal4t4_reuse_intensive_Ideal_rep3,3,Ideal,Ideal,112,reuse_intensive:rep3:req112,reuse_intensive,1,65,1,L0065,8192,0,0,False,1789730791.439493,8192,8192,8192,0.001753091812133789,False,False,False,False,8192,0.0,1,1,8224.0,False,cache_reused,False,False,0,0.0,36e4cede6498272eb7ad9bbc4d37722a082ad0898e1f578411833ad7d8c80e6f,True,,,1,0,336.903179,824.65085,6,8253,4,8224
20260726_formal4t4_reuse_intensive_Ideal_rep3,3,Ideal,Ideal,113,reuse_intensive:rep3:req113,reuse_intensive,1,76,1,L0076,8192,2,2,True,1789730791.4395418,8192,8192,8192,112.07469844818115,False,False,False,False,8192,163.84,1,1,8224.0,True,cache_reused,False,False,0,0.0,9cbb41273a796558e6d2beed4d3324ee0845fa252d373c6c07a1b7424819a061,True,,,1,0,370.375112,1299.151117,6,8253,4,8224
20260726_formal4t4_reuse_intensive_Ideal_rep3,3,Ideal,Ideal,114,reuse_intensive:rep3:req114,reuse_intensive,1,72,1,L0072,8192,1,1,False,1789730791.4395769,8192,8192,8192,36.88849496841431,False,False,False,False,8192,0.0,1,1,8224.0,False,cache_reused,False,False,0,0.0,1c85849ba1e139fca70df31bde1f8d28ca9627aefb23a84c34796f55a0327d2b,True,,,1,0,394.556047,884.055802,6,8253,4,8224
20260726_formal4t4_reuse_intensive_Ideal_rep3,3,Ideal,Ideal,115,reuse_intensive:rep3:req115,reuse_intensive,1,64,2,L0064,8192,2,2,True,1789730791.4396079,8192,8192,8192,0.0012941360473632812,False,False,False,False,8192,161.84,1,1,8224.0,True,cache_reused,False,False,0,0.0,dbb85f715b7596a2dc94870eb688d94cc08ca7272628a3c5a97e5066aee4f701,True,,,1,0,685.460906,1454.002204,6,8253,4,8224
20260726_formal4t4_reuse_intensive_Ideal_rep3,3,Ideal,Ideal,116,reuse_intensive:rep3:req116,reuse_intensive,1,64,0,L0064,8192,2,2,True,1789730792.900188,8192,8192,8192,0.0006127357482910156,False,False,False,False,8192,163.84,1,1,8224.0,True,cache_reused,False,False,0,0.0,5376ca031dd956d7d9192699b7ecccfd6eab031f09fd3426e1e531a9423b8bf5,True,,,1,0,244.73892,716.322611,6,8253,4,8224
20260726_formal4t4_reuse_intensive_Ideal_rep3,3,Ideal,Ideal,117,reuse_intensive:rep3:req117,reuse_intensive,1,80,0,L0080,8192,1,,False,1789730792.9002297,0,0,0,,False,False,False,False,0,0.0,0,0,32.0,False,cache_miss,False,False,0,0.0,acbc9e56daf24b139a5804a149838d326de3056ce6439720abc789edc93f513b,True,,,1,0,10130.807951,11074.82144,6,8253,4,32
20260726_formal4t4_reuse_intensive_Ideal_rep3,3,Ideal,Ideal,118,reuse_intensive:rep3:req118,reuse_intensive,1,71,2,L0071,8192,3,3,False,1789730792.900266,8192,8192,8192,87.97981119155884,False,False,False,False,8192,0.0,1,1,8224.0,False,cache_reused,False,False,0,0.0,2bea41d4bb96d0a92f6849426c295121d2414a39d85cdc7b3fbe0ad13a658849,True,,,1,0,250.807585,766.685716,6,8253,4,8224
20260726_formal4t4_reuse_intensive_Ideal_rep3,3,Ideal,Ideal,119,reuse_intensive:rep3:req119,reuse_intensive,1,103,1,L0103,8192,1,1,True,1789730792.9002984,8192,8192,8192,25.832942724227905,False,False,False,False,8192,161.84,1,1,8224.0,True,cache_reused,False,False,0,0.0,51575a682e5f7980824577d7152108709fab20ed8b187dd063beb9e95635946a,True,,,1,0,10128.353161,11072.2786,6,8253,4,8224
20260726_formal4t4_reuse_intensive_StaticSemantic@rho1.2_rep3,3,StaticSemantic@rho1.2,StaticSemantic,24,reuse_intensive:rep3:req24,reuse_intensive,0,1,2,L0001,8192,0,0;3,True,1789730970.9174032,8192,8192,8192,140.48786306381226,False,False,False,False,8192,163.84,2,2,8224.0,True,cache_reused,False,False,0,0.0,d856c0e561fa0f705cabf0406d711395012aaeaa09d5e79a9670a2d72ad8e346,True,,,1,0,227.016277,1214.965538,6,8252,4,8224
20260726_formal4t4_reuse_intensive_StaticSemantic@rho1.2_rep3,3,StaticSemantic@rho1.2,StaticSemantic,25,reuse_intensive:rep3:req25,reuse_intensive,0,9,1,L0009,8192,3,0;3,False,1789730970.9174538,8192,8192,8192,49.425615549087524,False,False,False,False,8192,0.0,2,2,8224.0,False,cache_reused,False,False,0,0.0,c5e4682a2454780351077d11f47db966ca542a3a8669da2d307966f5ebaeaca5,True,,,1,0,254.858739,770.240122,6,8252,4,8224
20260726_formal4t4_reuse_intensive_StaticSemantic@rho1.2_rep3,3,StaticSemantic@rho1.2,StaticSemantic,26,reuse_intensive:rep3:req26,reuse_intensive,0,4,1,L0004,8192,2,0;2,False,1789730970.9174879,8192,8192,8192,103.32229113578796,False,False,False,False,8192,0.0,2,2,8224.0,False,cache_reused,False,False,0,0.0,9adda6a984c276f22bcfbad2323e6a8b4c54a3e7952964a6752452bb083ea5d3,True,,,1,0,220.801904,682.407677,6,8252,4,8224
20260726_formal4t4_reuse_intensive_StaticSemantic@rho1.2_rep3,3,StaticSemantic@rho1.2,StaticSemantic,27,reuse_intensive:rep3:req27,reuse_intensive,0,8,0,L0008,8192,0,0;3,True,1789730970.9175189,8192,8192,8192,62.48098635673523,False,False,False,False,8192,161.84,2,2,8224.0,True,cache_reused,False,False,0,0.0,4f723994cc89259d3eed2f3b66ec838e653c532f5b4a3f98fc63fe603294535e,True,,,1,0,553.403628,1380.809038,6,8252,4,8224
20260726_formal4t4_reuse_intensive_StaticSemantic@rho1.2_rep3,3,StaticSemantic@rho1.2,StaticSemantic,28,reuse_intensive:rep3:req28,reuse_intensive,0,1,0,L0001,8192,0,0;3,True,1789730972.3048475,8192,8192,8192,141.87530732154846,False,False,False,False,8192,163.84,2,2,8224.0,True,cache_reused,False,False,0,0.0,0b5595e767cf99e64bcda983a34e0cb58f073ed84b935e1da488a87f90ed343a,True,,,1,0,230.632409,1231.138572,6,8252,4,8224
20260726_formal4t4_reuse_intensive_StaticSemantic@rho1.2_rep3,3,StaticSemantic@rho1.2,StaticSemantic,29,reuse_intensive:rep3:req29,reuse_intensive,0,0,0,L0000,8192,2,0;2,False,1789730972.3048985,8192,8192,8192,154.6138072013855,False,False,False,False,8192,0.0,2,2,8224.0,False,cache_reused,False,False,0,0.0,6016383f67275265c51ab763b0b862d2f63aaed683e9e3b0d4f7d872c3cece3e,True,,,1,0,245.232802,749.078237,6,8252,4,8224
20260726_formal4t4_reuse_intensive_StaticSemantic@rho1.2_rep3,3,StaticSemantic@rho1.2,StaticSemantic,30,reuse_intensive:rep3:req30,reuse_intensive,0,7,0,L0007,8192,3,0;3,False,1789730972.3049333,8192,8192,8192,77.380544424057,False,False,False,False,8192,0.0,2,2,8224.0,False,cache_reused,False,False,0,0.0,24cc61d1d8cd9ebee66d51290b5bdc7253fc2e6d63b868cf9bffaa59731a444a,True,,,1,0,215.500186,709.869869,6,8252,4,8224
20260726_formal4t4_reuse_intensive_StaticSemantic@rho1.2_rep3,3,StaticSemantic@rho1.2,StaticSemantic,31,reuse_intensive:rep3:req31,reuse_intensive,0,0,1,L0000,8192,0,0;2,True,1789730972.3049636,8192,8192,8192,154.6140172481537,False,False,False,False,8192,161.84,2,2,8224.0,True,cache_reused,False,False,0,0.0,dbcc1e7cba6fec15ef163c4229f31b482402cc59b5f298d7e14733a33403415d,True,,,1,0,562.518517,1405.28745,6,8252,4,8224
20260726_formal4t4_reuse_intensive_StaticSemantic@rho1.2_rep3,3,StaticSemantic@rho1.2,StaticSemantic,32,reuse_intensive:rep3:req32,reuse_intensive,0,0,2,L0000,8192,0,0;2,True,1789730973.7167273,8192,8192,8192,156.025780916214,False,False,False,False,8192,163.84,2,2,8224.0,True,cache_reused,False,False,0,0.0,6ed594783323ab9b5fdd5b5dfbed52aec839d8f6d3687c3c683158e239c59eed,True,,,1,0,233.957978,805.742717,6,8252,4,8224
20260726_formal4t4_reuse_intensive_StaticSemantic@rho1.2_rep3,3,StaticSemantic@rho1.2,StaticSemantic,33,reuse_intensive:rep3:req33,reuse_intensive,0,0,0,L0000,8192,2,0;2,True,1789730973.716776,8192,8192,8192,156.02568459510803,False,False,False,False,8192,163.84,2,2,8224.0,True,cache_reused,False,False,0,0.0,b8fa5bfee4d2163666b1147db166fee683a6022d24745da652d03855b03b8865,True,,,1,0,248.175572,751.085447,6,8252,4,8224
20260726_formal4t4_reuse_intensive_StaticSemantic@rho1.2_rep3,3,StaticSemantic@rho1.2,StaticSemantic,34,reuse_intensive:rep3:req34,reuse_intensive,0,0,1,L0000,8192,0,0;2,True,1789730973.7168095,8192,8192,8192,156.02586317062378,False,False,False,False,8192,161.84,2,2,8224.0,True,cache_reused,False,False,0,0.0,c1cb768b277fae8e92241d26b4bd8386dbbe362422aad8e79b91827915f7b80a,True,,,1,0,423.717964,978.118645,6,8252,4,8224
20260726_formal4t4_reuse_intensive_StaticSemantic@rho1.2_rep3,3,StaticSemantic@rho1.2,StaticSemantic,35,reuse_intensive:rep3:req35,reuse_intensive,0,1,1,L0001,8192,3,0;3,False,1789730973.71684,8192,8192,8192,143.28712463378906,False,False,False,False,8192,0.0,2,2,8224.0,False,cache_reused,False,False,0,0.0,449874d21792fa344eb8ffb179efb5891e92d95b371141a04c32d4c59afb2185,True,,,1,0,207.337836,683.393147,6,8252,4,8224
20260726_formal4t4_reuse_intensive_StaticSemantic@rho1.2_rep3,3,StaticSemantic@rho1.2,StaticSemantic,36,reuse_intensive:rep3:req36,reuse_intensive,0,0,2,L0000,8192,0,0;2,True,1789730974.70031,8192,8192,8192,157.00936365127563,False,False,False,False,8192,163.84,2,2,8224.0,True,cache_reused,False,False,0,0.0,c0bcab89faa2bb2cf4eec4629c3bb5f3eb3f8707d898f3f7db3940568efa86a3,True,,,1,0,235.75975,809.899549,6,8252,4,8224
20260726_formal4t4_reuse_intensive_StaticSemantic@rho1.2_rep3,3,StaticSemantic@rho1.2,StaticSemantic,37,reuse_intensive:rep3:req37,reuse_intensive,0,0,0,L0000,8192,2,0;2,True,1789730974.700359,8192,8192,8192,157.00926780700684,False,False,False,False,8192,163.84,2,2,8224.0,True,cache_reused,False,False,0,0.0,fa748ef4e0d50e8f5a6956f1c38859d08ee3b600d07568b244194fecaf83e22a,True,,,1,0,243.259127,741.101905,6,8252,4,8224
20260726_formal4t4_reuse_intensive_StaticSemantic@rho1.2_rep3,3,StaticSemantic@rho1.2,StaticSemantic,38,reuse_intensive:rep3:req38,reuse_intensive,0,8,1,L0008,8192,3,0;3,False,1789730974.7003949,8192,8192,8192,66.26368570327759,False,False,False,False,8192,0.0,2,2,8224.0,False,cache_reused,False,False,0,0.0,92973313c7302e0b27b0fdc558afce8d920a6d19328ba7fede9c397eacb8eda0,True,,,1,0,220.836766,743.562471,6,8252,4,8224
20260726_formal4t4_reuse_intensive_StaticSemantic@rho1.2_rep3,3,StaticSemantic@rho1.2,StaticSemantic,39,reuse_intensive:rep3:req39,reuse_intensive,0,0,1,L0000,8192,0,0;2,True,1789730974.7004251,8192,8192,8192,157.00947880744934,False,False,False,False,8192,161.84,2,2,8224.0,True,cache_reused,False,False,0,0.0,9b9c98f9caec5a12d578467e4d773bf1eb50957d8e0e92569fbb9f44c169670a,True,,,1,0,425.956228,984.597359,6,8252,4,8224
20260726_formal4t4_reuse_intensive_StaticSemantic@rho1.2_rep3,3,StaticSemantic@rho1.2,StaticSemantic,40,reuse_intensive:rep3:req40,reuse_intensive,0,0,2,L0000,8192,0,0;2,True,1789730975.691446,8192,8192,8192,158.0004997253418,False,False,False,False,8192,163.84,2,2,8224.0,True,cache_reused,False,False,0,0.0,3aad3c08872132201164fa3344dbe11d8a4ec6ce8c0a1bd077e754b000022331,True,,,1,0,234.194931,763.287715,6,8252,4,8224
20260726_formal4t4_reuse_intensive_StaticSemantic@rho1.2_rep3,3,StaticSemantic@rho1.2,StaticSemantic,41,reuse_intensive:rep3:req41,reuse_intensive,0,20,0,L0020,8192,2,,False,1789730975.6914861,0,0,0,,False,False,False,False,0,0.0,0,0,32.0,False,cache_miss,False,False,0,0.0,6dbd8a8395b364107dd135c5143a6d2bd33a6f7023d660de5666cff77fb8a819,True,,,1,0,9948.409107,10841.665309,6,8252,4,32
20260726_formal4t4_reuse_intensive_StaticSemantic@rho1.2_rep3,3,StaticSemantic@rho1.2,StaticSemantic,42,reuse_intensive:rep3:req42,reuse_intensive,0,4,2,L0004,8192,2,0;2,True,1789730975.691524,8192,8192,8192,108.09632730484009,False,False,False,False,8192,161.84,2,2,8224.0,True,cache_reused,False,False,0,0.0,9b80328ff6a25362527dce1717d4a1053874ecb2802ac0bbb07681447057e35c,True,,,1,0,9947.432238,10840.779246,6,8252,4,8224
20260726_formal4t4_reuse_intensive_StaticSemantic@rho1.2_rep3,3,StaticSemantic@rho1.2,StaticSemantic,43,reuse_intensive:rep3:req43,reuse_intensive,0,7,1,L0007,8192,3,0;3,True,1789730975.6915581,8192,8192,8192,80.76716923713684,False,False,False,False,8192,163.84,2,2,8224.0,True,cache_reused,False,False,0,0.0,b5b0c4ee555fe3aa1f1309103bef30e3766ad932f4c6dbe34c270b5e830ab311,True,,,1,0,214.74649,708.699732,6,8252,4,8224
20260726_formal4t4_reuse_intensive_StaticSemantic@rho1.2_rep3,3,StaticSemantic@rho1.2,StaticSemantic,44,reuse_intensive:rep3:req44,reuse_intensive,0,19,0,L0019,8192,0,,False,1789730986.5376441,0,0,0,,False,False,False,False,0,0.0,0,0,32.0,False,cache_miss,False,False,0,0.0,13359b76214f42e897a92963508ff82aed498123dbb9f9b89c9ce6f0b35ce094,True,,,1,0,11101.707131,11594.307113,6,8252,4,32
20260726_formal4t4_reuse_intensive_StaticSemantic@rho1.2_rep3,3,StaticSemantic@rho1.2,StaticSemantic,45,reuse_intensive:rep3:req45,reuse_intensive,0,0,0,L0000,8192,2,0;2,False,1789730986.5376983,8192,8192,8192,168.84660696983337,False,False,False,False,8192,0.0,2,2,8224.0,False,cache_reused,False,False,0,0.0,52d7ae8333f26885f9b3938f541f60b0c46fadba6b9de827736c907b5f5b7ef7,True,,,1,0,235.965738,735.739131,6,8252,4,8224
20260726_formal4t4_reuse_intensive_StaticSemantic@rho1.2_rep3,3,StaticSemantic@rho1.2,StaticSemantic,46,reuse_intensive:rep3:req46,reuse_intensive,0,3,0,L0003,8192,3,0;3,False,1789730986.5377371,8192,8192,8192,131.71603417396545,False,False,False,False,8192,0.0,2,2,8224.0,False,cache_reused,False,False,0,0.0,2e75fb1c991d1b26fd867225b995b688b615b5a5ffde120e2a0aa178cb8188b1,True,,,1,0,369.148865,861.334707,6,8252,4,8224
20260726_formal4t4_reuse_intensive_StaticSemantic@rho1.2_rep3,3,StaticSemantic@rho1.2,StaticSemantic,47,reuse_intensive:rep3:req47,reuse_intensive,0,18,0,L0018,8192,1,,False,1789730986.5377617,0,0,0,,False,False,False,False,0,0.0,0,0,32.0,False,cache_miss,False,False,0,0.0,38e96175aaf808bc388726afaf89b0e05a5d93a994a8fc86a0f978d673e5d593,True,,,1,0,11116.989138,11587.8162,6,8252,4,32
20260726_formal4t4_reuse_intensive_StaticSemantic@rho1.2_rep3,3,StaticSemantic@rho1.2,StaticSemantic,48,reuse_intensive:rep3:req48,reuse_intensive,0,43,0,L0043,8192,2,,False,1789730998.1350656,0,0,0,,False,False,False,False,0,0.0,0,0,32.0,False,cache_miss,False,False,0,0.0,69f908d79a6596f8530b20faa147672187d5e4e4f754ca6204287596c629c471,True,,,1,0,11509.033329,12016.957031,6,8252,4,32
20260726_formal4t4_reuse_intensive_StaticSemantic@rho1.2_rep3,3,StaticSemantic@rho1.2,StaticSemantic,49,reuse_intensive:rep3:req49,reuse_intensive,0,2,1,L0002,8192,0,0;3,True,1789730998.1351185,8192,8192,8192,155.24416661262512,False,False,False,False,8192,163.84,2,2,8224.0,True,cache_reused,False,False,0,0.0,79676e693577ab62a036a92bb32ef648623254b6b23edd1ad254317c12307d38,True,,,1,0,226.840358,1243.530157,6,8252,4,8224
20260726_formal4t4_reuse_intensive_StaticSemantic@rho1.2_rep3,3,StaticSemantic@rho1.2,StaticSemantic,50,reuse_intensive:rep3:req50,reuse_intensive,0,3,1,L0003,8192,3,0;3,False,1789730998.1351688,8192,8192,8192,143.31346583366394,False,False,False,False,8192,0.0,2,2,8224.0,False,cache_reused,False,False,0,0.0,3a10e1e87d53bb51e9e53cd8f70907ecf2acf12ec2ac6e38f698a9b0b79cd02d,True,,,1,0,396.27077,891.336908,6,8252,4,8224
20260726_formal4t4_reuse_intensive_StaticSemantic@rho1.2_rep3,3,StaticSemantic@rho1.2,StaticSemantic,51,reuse_intensive:rep3:req51,reuse_intensive,0,0,1,L0000,8192,0,0;2,True,1789730998.1352031,8192,8192,8192,180.44425678253174,False,False,False,False,8192,161.84,2,2,8224.0,True,cache_reused,False,False,0,0.0,e2541ae10d6d2ad05b3442a99560c514e4d43dceb53d9007876b5911c7ccf34a,True,,,1,0,566.527156,1416.927305,6,8252,4,8224
20260726_formal4t4_reuse_intensive_StaticSemantic@rho1.2_rep3,3,StaticSemantic@rho1.2,StaticSemantic,52,reuse_intensive:rep3:req52,reuse_intensive,0,3,2,L0003,8192,0,0;3,True,1789731010.1551824,8192,8192,8192,155.33365941047668,False,False,False,False,8192,163.84,2,2,8224.0,True,cache_reused,False,False,0,0.0,bf5cb1e17e4c9a1a10f1f41e800fb51560b088220208e0aeae7ef077c075c584,True,,,1,0,382.668773,863.696092,6,8252,4,8224
20260726_formal4t4_reuse_intensive_StaticSemantic@rho1.2_rep3,3,StaticSemantic@rho1.2,StaticSemantic,53,reuse_intensive:rep3:req53,reuse_intensive,0,21,0,L0021,8192,1,,False,1789731010.1552231,0,0,0,,False,False,False,False,0,0.0,0,0,32.0,False,cache_miss,False,False,0,0.0,3c340afd05221411bfdcd1a46ff1df367939418b17a1b89ee785d00a99dcb3df,True,,,1,0,11050.649172,11553.640172,6,8252,4,32
20260726_formal4t4_reuse_intensive_StaticSemantic@rho1.2_rep3,3,StaticSemantic@rho1.2,StaticSemantic,54,reuse_intensive:rep3:req54,reuse_intensive,0,3,0,L0003,8192,3,0;3,True,1789731010.155262,8192,8192,8192,155.33355903625488,False,False,False,False,8192,163.84,2,2,8224.0,True,cache_reused,False,False,0,0.0,53a097447c608dc1563eaa4f08081c630ddcbdc10eb53c750df103cfb8c0b7a5,True,,,1,0,401.263535,892.681878,6,8252,4,8224
20260726_formal4t4_reuse_intensive_StaticSemantic@rho1.2_rep3,3,StaticSemantic@rho1.2,StaticSemantic,55,reuse_intensive:rep3:req55,reuse_intensive,0,0,2,L0000,8192,2,0;2,False,1789731010.155296,8192,8192,8192,192.464204788208,False,False,False,False,8192,0.0,2,2,8224.0,False,cache_reused,False,False,0,0.0,70360c5615a8a22663ab8c1c116cbcde1e0860fcfe0289e217852d8bb4977d1d,True,,,1,0,245.052784,743.22809,6,8252,4,8224
20260726_formal4t4_reuse_intensive_StaticSemantic@rho1.2_rep3,3,StaticSemantic@rho1.2,StaticSemantic,56,reuse_intensive:rep3:req56,reuse_intensive,0,0,0,L0000,8192,0,0;2,False,1789731021.7133014,8192,8192,8192,204.02235507965088,False,False,False,False,8192,0.0,2,2,8224.0,False,cache_reused,False,False,0,0.0,5171175c1ce3186835428b2d052811ada999a935d64e4e11819eb38c0e22a276,True,,,1,0,379.763774,921.248081,6,8252,4,8224
20260726_formal4t4_reuse_intensive_StaticSemantic@rho1.2_rep3,3,StaticSemantic@rho1.2,StaticSemantic,57,reuse_intensive:rep3:req57,reuse_intensive,0,1,2,L0001,8192,3,0;3,True,1789731021.7133527,8192,8192,8192,191.28363728523254,False,False,False,False,8192,163.84,2,2,8224.0,True,cache_reused,False,False,0,0.0,0159d280cd6c617130f5dad4b630354e957c057ba85ad2c2339a8e4f637e1e13,True,,,1,0,382.509874,874.758352,6,8252,4,8224
20260726_formal4t4_reuse_intensive_StaticSemantic@rho1.2_rep3,3,StaticSemantic@rho1.2,StaticSemantic,58,reuse_intensive:rep3:req58,reuse_intensive,0,0,1,L0000,8192,2,0;2,True,1789731021.7133873,8192,8192,8192,204.02229595184326,False,False,False,False,8192,163.84,2,2,8224.0,True,cache_reused,False,False,0,0.0,ea108429fe180c71dff2a819a885681b37e67e731c27de09ed67d24f4bb07a5e,True,,,1,0,397.398859,938.099987,6,8252,4,8224
20260726_formal4t4_reuse_intensive_StaticSemantic@rho1.2_rep3,3,StaticSemantic@rho1.2,StaticSemantic,59,reuse_intensive:rep3:req59,reuse_intensive,0,0,2,L0000,8192,2,0;2,True,1789731021.7134156,8192,8192,8192,204.02232432365417,False,False,False,False,8192,161.84,2,2,8224.0,True,cache_reused,False,False,0,0.0,c38a60a697a7dbd2961ccfb3288513da09178d50d71eb065710b3cf4b8b781db,True,,,1,0,585.895332,1101.683037,6,8252,4,8224
20260726_formal4t4_reuse_intensive_StaticSemantic@rho1.2_rep3,3,StaticSemantic@rho1.2,StaticSemantic,60,reuse_intensive:rep3:req60,reuse_intensive,1,69,0,L0069,8192,0,,False,1789731022.8217838,0,0,0,,False,False,False,False,0,0.0,0,0,32.0,False,cache_miss,False,False,0,0.0,c05cd416f11029ce640a63933777710aef0f3858ce048a310a9d7536eca9798e,True,,,1,0,11816.700078,12333.706427,6,8252,4,32
20260726_formal4t4_reuse_intensive_StaticSemantic@rho1.2_rep3,3,StaticSemantic@rho1.2,StaticSemantic,61,reuse_intensive:rep3:req61,reuse_intensive,1,65,0,L0065,8192,3,,False,1789731022.8218217,0,0,0,,False,False,False,False,0,0.0,0,0,32.0,False,cache_miss,False,False,0,0.0,12622ba9784bea2cfeb7fe2c5e8a6cf2cc0ab2c68a51612c4f341d5fdb1b1936,True,,,1,0,13051.019633,13597.542005,6,8252,4,32
20260726_formal4t4_reuse_intensive_StaticSemantic@rho1.2_rep3,3,StaticSemantic@rho1.2,StaticSemantic,62,reuse_intensive:rep3:req62,reuse_intensive,1,70,0,L0070,8192,1,,False,1789731022.821848,0,0,0,,False,False,False,False,0,0.0,0,0,32.0,False,cache_miss,False,False,0,0.0,8e2c2ca264cbf1ac7892ec0a9dc3ef7529cfb223b2a33206d7750c89c6e39f88,True,,,1,0,10448.720486,10912.378917,6,8252,4,32
20260726_formal4t4_reuse_intensive_StaticSemantic@rho1.2_rep3,3,StaticSemantic@rho1.2,StaticSemantic,63,reuse_intensive:rep3:req63,reuse_intensive,1,124,0,L0124,8192,2,,False,1789731022.8218682,0,0,0,,False,False,False,False,0,0.0,0,0,16.0,False,cache_miss,False,False,0,0.0,88d64852fe87017ef883a4d966e554ed4e2104eddb4c921c467f968cd5d4be1d,True,,,1,0,11416.433451,11933.913703,6,8252,4,16
20260726_formal4t4_reuse_intensive_StaticSemantic@rho1.2_rep3,3,StaticSemantic@rho1.2,StaticSemantic,64,reuse_intensive:rep3:req64,reuse_intensive,1,65,1,L0065,8192,0,,False,1789731036.4239202,8192,0,0,231.43792009353638,True,True,False,False,0,0.0,0,0,32.0,False,cache_miss,False,False,0,0.0,d6e7c91df69a03735c108f7137e20a82d21d84ab8e975c52bec6e64d72fcc207,True,,,1,0,10967.948832,11510.284415,6,8252,4,32
20260726_formal4t4_reuse_intensive_StaticSemantic@rho1.2_rep3,3,StaticSemantic@rho1.2,StaticSemantic,65,reuse_intensive:rep3:req65,reuse_intensive,1,69,1,L0069,8192,1,,False,1789731036.4239585,8192,0,0,231.4379584789276,True,True,False,False,0,0.0,0,0,32.0,False,cache_miss,False,False,0,0.0,8006fd4628fe9aa69a0b3ee0c18bd954cb5bb6d28d0e6ea0447ce10fe726498a,True,,,1,0,10848.175654,11297.309032,6,8252,4,32
20260726_formal4t4_reuse_intensive_StaticSemantic@rho1.2_rep3,3,StaticSemantic@rho1.2,StaticSemantic,66,reuse_intensive:rep3:req66,reuse_intensive,1,112,0,L0112,8192,2,,False,1789731036.423985,0,0,0,,False,False,False,False,0,0.0,0,0,32.0,False,cache_miss,False,False,0,0.0,e3bbfc9c38b2d99ac81b34d6fa6eb3f635554aeafc03a01046759fd43ca8b09d,True,,,1,0,12126.816366,12624.745468,6,8252,4,32
20260726_formal4t4_reuse_intensive_StaticSemantic@rho1.2_rep3,3,StaticSemantic@rho1.2,StaticSemantic,67,reuse_intensive:rep3:req67,reuse_intensive,1,76,0,L0076,8192,3,,False,1789731036.424007,0,0,0,,False,False,False,False,0,0.0,0,0,32.0,False,cache_miss,False,False,0,0.0,8ccd4c5b7d5a6f430fd39727c9cfde2904c45c81b2f63c92ca0d1ce589ca49fd,True,,,1,0,11694.451976,12180.87613,6,8252,4,32
20260726_formal4t4_reuse_intensive_StaticSemantic@rho1.2_rep3,3,StaticSemantic@rho1.2,StaticSemantic,68,reuse_intensive:rep3:req68,reuse_intensive,1,71,0,L0071,8192,0,,False,1789731049.05444,0,0,0,,False,False,False,False,0,0.0,0,0,32.0,False,cache_miss,False,False,0,0.0,1729119e0e4ba3c39f37247d4191b8b6caf99744b2090286ca4c874b71cca00d,True,,,1,0,12322.201442,12855.282541,6,8252,4,32
20260726_formal4t4_reuse_intensive_StaticSemantic@rho1.2_rep3,3,StaticSemantic@rho1.2,StaticSemantic,69,reuse_intensive:rep3:req69,reuse_intensive,1,69,2,L0069,8192,2,,False,1789731049.054477,8192,0,0,244.0684769153595,True,True,False,False,0,0.0,0,0,32.0,False,cache_miss,False,False,0,0.0,2c9b1fb73c59fee328c830febe48fb1023e83f0761591fd277656ee481e859d3,True,,,1,0,13048.620721,13598.326,6,8252,4,32
20260726_formal4t4_reuse_intensive_StaticSemantic@rho1.2_rep3,3,StaticSemantic@rho1.2,StaticSemantic,70,reuse_intensive:rep3:req70,reuse_intensive,1,74,0,L0074,8192,1,,False,1789731049.054506,0,0,0,,False,False,False,False,0,0.0,0,0,32.0,False,cache_miss,False,False,0,0.0,ea553a1360810decb2575a61ecff459fc66eb785976a06019ab908a38ce7f1de,True,,,1,0,10507.558391,10986.26034,6,8252,4,32
20260726_formal4t4_reuse_intensive_StaticSemantic@rho1.2_rep3,3,StaticSemantic@rho1.2,StaticSemantic,71,reuse_intensive:rep3:req71,reuse_intensive,1,64,0,L0064,8192,3,,False,1789731049.054528,0,0,0,,False,False,False,False,0,0.0,0,0,32.0,False,cache_miss,False,False,0,0.0,4df3f1a977d15ab1b983ea74f9ca96d0acb310b7fa26e0ed546cdbca2179f743,True,,,1,0,13321.147887,13858.056889,6,8252,4,32
20260726_formal4t4_reuse_intensive_StaticSemantic@rho1.2_rep3,3,StaticSemantic@rho1.2,StaticSemantic,72,reuse_intensive:rep3:req72,reuse_intensive,1,67,0,L0067,8192,0,,False,1789731062.9193664,0,0,0,,False,False,False,False,0,0.0,0,0,32.0,False,cache_miss,False,False,0,0.0,d6ec29a925b765628d35ae95d8f0edc3a4bfa82e6e99229c5cfa5adf46f093a8,True,,,1,0,12510.731094,13070.050247,6,8252,4,32
20260726_formal4t4_reuse_intensive_StaticSemantic@rho1.2_rep3,3,StaticSemantic@rho1.2,StaticSemantic,73,reuse_intensive:rep3:req73,reuse_intensive,1,64,1,L0064,8192,3,,False,1789731062.919404,8192,0,0,257.93340396881104,True,True,False,False,0,0.0,0,0,8224.0,False,cache_reused,False,False,0,0.0,c950d5acf8cacb5ac8365826f8d76b0adb37ce728485d90d3416556e8b3f06c1,True,,,1,0,260.000378,802.569787,6,8252,4,8224
20260726_formal4t4_reuse_intensive_StaticSemantic@rho1.2_rep3,3,StaticSemantic@rho1.2,StaticSemantic,74,reuse_intensive:rep3:req74,reuse_intensive,1,71,1,L0071,8192,1,,False,1789731062.9194314,8192,0,0,257.93343138694763,True,True,False,False,0,0.0,0,0,32.0,False,cache_miss,False,False,0,0.0,8ef093a4a95ce9801025d810f40562f93e5bb81083ccb8122bf2be89d23b37c2,True,,,1,0,10987.869882,11472.190794,6,8252,4,32
20260726_formal4t4_reuse_intensive_StaticSemantic@rho1.2_rep3,3,StaticSemantic@rho1.2,StaticSemantic,75,reuse_intensive:rep3:req75,reuse_intensive,1,64,2,L0064,8192,2,,False,1789731062.9194531,8192,0,0,257.93345308303833,True,True,False,False,0,0.0,0,0,32.0,False,cache_miss,False,False,0,0.0,6b07931ddd9160348eef2489db86c421d4754c25255d7a4dfc2524defb27f2be,True,,,1,0,11747.008384,12285.043677,6,8252,4,32
20260726_formal4t4_reuse_intensive_StaticSemantic@rho1.2_rep3,3,StaticSemantic@rho1.2,StaticSemantic,76,reuse_intensive:rep3:req76,reuse_intensive,1,67,1,L0067,8192,0,,False,1789731075.9929216,8192,0,0,271.0069215297699,True,True,False,False,0,0.0,0,0,8224.0,False,cache_reused,False,False,0,0.0,213c519a4cdeced14b770aaaa6c6734cd58e82e90d907793a212a8885570f955,True,,,1,0,237.09898,793.607503,6,8252,4,8224
20260726_formal4t4_reuse_intensive_StaticSemantic@rho1.2_rep3,3,StaticSemantic@rho1.2,StaticSemantic,77,reuse_intensive:rep3:req77,reuse_intensive,1,64,0,L0064,8192,1,,False,1789731075.9929616,8192,0,0,271.0069615840912,True,True,False,False,0,0.0,0,0,32.0,False,cache_miss,False,False,0,0.0,9601aada4782c74362cbb48446d7c6369b5a5360cccc36830c195967be1caa60,True,,,1,0,11533.452008,12028.342006,6,8252,4,32
20260726_formal4t4_reuse_intensive_StaticSemantic@rho1.2_rep3,3,StaticSemantic@rho1.2,StaticSemantic,78,reuse_intensive:rep3:req78,reuse_intensive,1,65,2,L0065,8192,2,,False,1789731075.9929888,8192,0,0,271.0069887638092,True,True,False,False,0,0.0,0,0,32.0,False,cache_miss,False,False,0,0.0,e10b23878e600e38933965aa3c969a6079ac47069719c34a9d17e3e349fb9004,True,,,1,0,11855.216453,12321.182479,6,8252,4,32
20260726_formal4t4_reuse_intensive_StaticSemantic@rho1.2_rep3,3,StaticSemantic@rho1.2,StaticSemantic,79,reuse_intensive:rep3:req79,reuse_intensive,1,65,0,L0065,8192,3,,False,1789731075.9930122,8192,0,0,271.00701212882996,True,True,False,False,0,0.0,0,0,8224.0,False,cache_reused,False,False,0,0.0,3ff5d6eab81af23e109a3b941c31e85653ebae63fb2b579dfead4105b017c4f0,True,,,1,0,407.106938,962.212954,6,8252,4,8224
20260726_formal4t4_reuse_intensive_StaticSemantic@rho1.2_rep3,3,StaticSemantic@rho1.2,StaticSemantic,80,reuse_intensive:rep3:req80,reuse_intensive,1,64,1,L0064,8192,0,,False,1789731088.3202102,8192,0,0,283.3342101573944,True,True,False,False,0,0.0,0,0,32.0,False,cache_miss,False,False,0,0.0,573f7eb593e900e73cc1f87a47a95f1e7ff04c560d4a9c491fd661868a4bf59f,True,,,1,0,12966.898549,13547.837241,6,8252,4,32
20260726_formal4t4_reuse_intensive_StaticSemantic@rho1.2_rep3,3,StaticSemantic@rho1.2,StaticSemantic,81,reuse_intensive:rep3:req81,reuse_intensive,1,91,0,L0091,8192,2,,False,1789731088.3202517,0,0,0,,False,False,False,False,0,0.0,0,0,32.0,False,cache_miss,False,False,0,0.0,3127820c6bc57dca218b14fa6770723e917121790c99ce9f4f377b55ae68ef17,True,,,1,0,11165.502654,11656.925579,6,8252,4,32
20260726_formal4t4_reuse_intensive_StaticSemantic@rho1.2_rep3,3,StaticSemantic@rho1.2,StaticSemantic,82,reuse_intensive:rep3:req82,reuse_intensive,1,68,0,L0068,8192,1,,False,1789731088.3202786,0,0,0,,False,False,False,False,0,0.0,0,0,32.0,False,cache_miss,False,False,0,0.0,7ada2be111cb77b9367f21df8d90f7349815ee10be0252139b7575513af67529,True,,,1,0,10682.724704,11160.702014,6,8252,4,32
20260726_formal4t4_reuse_intensive_StaticSemantic@rho1.2_rep3,3,StaticSemantic@rho1.2,StaticSemantic,83,reuse_intensive:rep3:req83,reuse_intensive,1,66,0,L0066,8192,3,,False,1789731088.3202999,0,0,0,,False,False,False,False,0,0.0,0,0,32.0,False,cache_miss,False,False,0,0.0,c315f741b6d7394eeefbd9b91819d2112a9f252409d85cda2694f2ca7ffb98d9,True,,,1,0,11354.091647,11839.303992,6,8252,4,32
20260726_formal4t4_reuse_intensive_StaticSemantic@rho1.2_rep3,3,StaticSemantic@rho1.2,StaticSemantic,84,reuse_intensive:rep3:req84,reuse_intensive,1,68,1,L0068,8192,0,,False,1789731101.8714707,8192,0,0,296.8854706287384,True,True,False,False,0,0.0,0,0,32.0,False,cache_miss,False,False,0,0.0,a6277ca8af32a6d8df210dc5a90c74d524fd27b00b6d48fd817f0329db681682,True,,,1,0,12724.179659,13266.080851,6,8252,4,32
20260726_formal4t4_reuse_intensive_StaticSemantic@rho1.2_rep3,3,StaticSemantic@rho1.2,StaticSemantic,85,reuse_intensive:rep3:req85,reuse_intensive,1,92,0,L0092,8192,3,,False,1789731101.8715103,0,0,0,,False,False,False,False,0,0.0,0,0,32.0,False,cache_miss,False,False,0,0.0,f03df7cfbc5f4c44b62eb08eb10e481146b17be2aaa336f0c7e398e1910532ba,True,,,1,0,10750.434064,11204.539013,6,8252,4,32
20260726_formal4t4_reuse_intensive_StaticSemantic@rho1.2_rep3,3,StaticSemantic@rho1.2,StaticSemantic,86,reuse_intensive:rep3:req86,reuse_intensive,1,106,0,L0106,8192,1,,False,1789731101.871537,0,0,0,,False,False,False,False,0,0.0,0,0,16.0,False,cache_miss,False,False,0,0.0,47e368b1573f1e3133679f1922905af0816495c70681a017e86efbcc7f717641,True,,,1,0,11991.995424,12517.582342,6,8252,4,16
20260726_formal4t4_reuse_intensive_StaticSemantic@rho1.2_rep3,3,StaticSemantic@rho1.2,StaticSemantic,87,reuse_intensive:rep3:req87,reuse_intensive,1,81,0,L0081,8192,2,,False,1789731101.8715572,0,0,0,,False,False,False,False,0,0.0,0,0,32.0,False,cache_miss,False,False,0,0.0,e20c953a8183dfae841d46710d3bfa18ab21cb603df5328247a24c7789ef7b6d,True,,,1,0,11418.36503,11891.379228,6,8252,4,32
20260726_formal4t4_reuse_intensive_StaticSemantic@rho1.2_rep3,3,StaticSemantic@rho1.2,StaticSemantic,88,reuse_intensive:rep3:req88,reuse_intensive,1,64,2,L0064,8192,0,,False,1789731115.1410441,8192,0,0,310.1550440788269,True,True,False,False,0,0.0,0,0,8224.0,False,cache_reused,False,False,0,0.0,19a813cfd1b0387dc98ad39211b06c1b2baa94e6d1ee9c580a85cd83cac754ed,True,,,1,0,245.661305,830.737615,6,8252,4,8224
20260726_formal4t4_reuse_intensive_StaticSemantic@rho1.2_rep3,3,StaticSemantic@rho1.2,StaticSemantic,89,reuse_intensive:rep3:req89,reuse_intensive,1,74,1,L0074,8192,1,,False,1789731115.1410866,8192,0,0,310.155086517334,True,True,False,False,0,0.0,0,0,8224.0,False,cache_reused,False,False,0,0.0,f0e9aa37adeca6bebaa6e2e0cc8c2c63af97e19815a97b09dff8e0f3428a0886,True,,,1,0,237.798078,714.682095,6,8252,4,8224
20260726_formal4t4_reuse_intensive_StaticSemantic@rho1.2_rep3,3,StaticSemantic@rho1.2,StaticSemantic,90,reuse_intensive:rep3:req90,reuse_intensive,1,64,0,L0064,8192,2,,False,1789731115.1411233,8192,0,0,310.15512323379517,True,True,False,False,0,0.0,0,0,8224.0,False,cache_reused,False,False,0,0.0,69ba94396dae7b5671983cd74486da1d75bd341ebdc5fda6a2cc2807b3920d75,True,,,1,0,258.193884,793.826692,6,8252,4,8224
20260726_formal4t4_reuse_intensive_StaticSemantic@rho1.2_rep3,3,StaticSemantic@rho1.2,StaticSemantic,91,reuse_intensive:rep3:req91,reuse_intensive,1,64,1,L0064,8192,3,,False,1789731115.1411517,8192,0,0,310.1551516056061,True,True,False,False,0,0.0,0,0,8224.0,False,cache_reused,False,False,0,0.0,f28850e03a7d645c5de0071aaaff47437281e141b7a580ce09aa06f4fe34fb59,True,,,1,0,394.668376,945.079117,6,8252,4,8224
20260726_formal4t4_reuse_intensive_StaticSemantic@rho1.2_rep3,3,StaticSemantic@rho1.2,StaticSemantic,92,reuse_intensive:rep3:req92,reuse_intensive,1,65,1,L0065,8192,0,,False,1789731116.1759923,8192,0,0,311.18999218940735,True,True,False,False,0,0.0,0,0,8224.0,False,cache_reused,False,False,0,0.0,235de4b320ff6f733d0c99b3a71f87462d20c35b732d7054d457ef6ad17cdfda,True,,,1,0,240.509234,780.881507,6,8252,4,8224
20260726_formal4t4_reuse_intensive_StaticSemantic@rho1.2_rep3,3,StaticSemantic@rho1.2,StaticSemantic,93,reuse_intensive:rep3:req93,reuse_intensive,1,78,0,L0078,8192,2,,False,1789731116.1760364,0,0,0,,False,False,False,False,0,0.0,0,0,32.0,False,cache_miss,False,False,0,0.0,482f3cbf435820b2fe4f10370f77d1e39aed2aa456cdb16b931e5586cc1a932e,True,,,1,0,10625.756771,11084.502995,6,8252,4,32
20260726_formal4t4_reuse_intensive_StaticSemantic@rho1.2_rep3,3,StaticSemantic@rho1.2,StaticSemantic,94,reuse_intensive:rep3:req94,reuse_intensive,1,105,0,L0105,8192,1,,False,1789731116.1760623,0,0,0,,False,False,False,False,0,0.0,0,0,32.0,False,cache_miss,False,False,0,0.0,363a6896d645d43c324eee2d768f9bce9724ed42813a5ce06fe16d67e377644c,True,,,1,0,10421.951585,10891.834934,6,8252,4,32
20260726_formal4t4_reuse_intensive_StaticSemantic@rho1.2_rep3,3,StaticSemantic@rho1.2,StaticSemantic,95,reuse_intensive:rep3:req95,reuse_intensive,1,104,0,L0104,8192,3,,False,1789731116.1760848,0,0,0,,False,False,False,False,0,0.0,0,0,16.0,False,cache_miss,False,False,0,0.0,3347e664a8599de0ff6289177948347d8e18124395267e9eed039a949e986884,True,,,1,0,10656.113131,11136.350332,6,8252,4,16
20260726_formal4t4_reuse_intensive_StaticSemantic@rho1.2_rep3,3,StaticSemantic@rho1.2,StaticSemantic,96,reuse_intensive:rep3:req96,reuse_intensive,1,117,0,L0117,8192,0,,False,1789731127.3193614,0,0,0,,False,False,False,False,0,0.0,0,0,16.0,False,cache_miss,False,False,0,0.0,7774ceac73230aa47ad5d33639db35193757445a881661226a5c67195230afd7,True,,,1,0,11982.584662,12502.232105,6,8252,4,16
20260726_formal4t4_reuse_intensive_StaticSemantic@rho1.2_rep3,3,StaticSemantic@rho1.2,StaticSemantic,97,reuse_intensive:rep3:req97,reuse_intensive,1,66,1,L0066,8192,3,,False,1789731127.3193986,8192,0,0,322.33339858055115,True,True,False,False,0,0.0,0,0,8224.0,False,cache_reused,False,False,0,0.0,25e8740cd368c6b511d4b791f00a6c004a7f54f81b53a87446cdefd3f348f97c,True,,,1,0,237.437287,723.025585,6,8252,4,8224
20260726_formal4t4_reuse_intensive_StaticSemantic@rho1.2_rep3,3,StaticSemantic@rho1.2,StaticSemantic,98,reuse_intensive:rep3:req98,reuse_intensive,1,72,0,L0072,8192,1,,False,1789731127.319427,0,0,0,,False,False,False,False,0,0.0,0,0,32.0,False,cache_miss,False,False,0,0.0,f878ea719b4628592bf729bc177c5870615219197821ef5f9cf31dee9c389c76,True,,,1,0,11218.501786,11692.73074,6,8252,4,32
20260726_formal4t4_reuse_intensive_StaticSemantic@rho1.2_rep3,3,StaticSemantic@rho1.2,StaticSemantic,99,reuse_intensive:rep3:req99,reuse_intensive,1,67,2,L0067,8192,2,,False,1789731127.3194485,8192,0,0,322.3334484100342,True,True,False,False,0,0.0,0,0,32.0,False,cache_miss,False,False,0,0.0,ab632d264223c95acd6b877ff408b115f5479f0d1d2b72b91b9b06e41aea629b,True,,,1,0,11869.894937,12385.207769,6,8252,4,32
20260726_formal4t4_reuse_intensive_StaticSemantic@rho1.2_rep3,3,StaticSemantic@rho1.2,StaticSemantic,100,reuse_intensive:rep3:req100,reuse_intensive,1,65,2,L0065,8192,0,,False,1789731139.824865,8192,0,0,334.8388650417328,True,True,False,False,0,0.0,0,0,8224.0,False,cache_reused,False,False,0,0.0,33813a7bdd85641088644763d94a18b8ae78bbb333b10d28c3bf2894d2acb492,True,,,1,0,231.454257,770.278086,6,8253,4,8224
20260726_formal4t4_reuse_intensive_StaticSemantic@rho1.2_rep3,3,StaticSemantic@rho1.2,StaticSemantic,101,reuse_intensive:rep3:req101,reuse_intensive,1,103,0,L0103,8192,1,,False,1789731139.8249056,0,0,0,,False,False,False,False,0,0.0,0,0,32.0,False,cache_miss,False,False,0,0.0,44d4aa527f3d0a26a2ff7afe49cfe3b799c705e16ffc4ffbf8e0d17bebd75112,True,,,1,0,11634.859943,12160.246325,6,8253,4,32
20260726_formal4t4_reuse_intensive_StaticSemantic@rho1.2_rep3,3,StaticSemantic@rho1.2,StaticSemantic,102,reuse_intensive:rep3:req102,reuse_intensive,1,69,0,L0069,8192,2,,False,1789731139.8249316,8192,0,0,334.83893156051636,True,True,False,False,0,0.0,0,0,8224.0,False,cache_reused,False,False,0,0.0,6abc79e02b4c2b04c66a214e0223260f14dee4eda6857247bc6f4fa2752855e9,True,,,1,0,260.373782,812.27544,6,8253,4,8224
20260726_formal4t4_reuse_intensive_StaticSemantic@rho1.2_rep3,3,StaticSemantic@rho1.2,StaticSemantic,103,reuse_intensive:rep3:req103,reuse_intensive,1,83,0,L0083,8192,3,,False,1789731139.8249557,0,0,0,,False,False,False,False,0,0.0,0,0,32.0,False,cache_miss,False,False,0,0.0,0976e97f20a2f279530c47ee8a33bc851e058f114575b81892be043b7eb9d365,True,,,1,0,10148.815668,10617.401246,6,8253,4,32
20260726_formal4t4_reuse_intensive_StaticSemantic@rho1.2_rep3,3,StaticSemantic@rho1.2,StaticSemantic,104,reuse_intensive:rep3:req104,reuse_intensive,1,70,1,L0070,8192,0,,False,1789731151.989516,8192,0,0,347.003515958786,True,True,False,False,0,0.0,0,0,32.0,False,cache_miss,False,False,0,0.0,563820a20057e535a351d7b95b773041e16720c4d8e31885aa0a7d805bf656ff,True,,,1,0,11622.19753,12142.863345,6,8253,4,32
20260726_formal4t4_reuse_intensive_StaticSemantic@rho1.2_rep3,3,StaticSemantic@rho1.2,StaticSemantic,105,reuse_intensive:rep3:req105,reuse_intensive,1,64,2,L0064,8192,2,,False,1789731151.9895554,8192,0,0,347.00355529785156,True,True,False,False,0,0.0,0,0,8224.0,False,cache_reused,False,False,0,0.0,6bf3ab5269086e4a7b34d13c531134d2069f93d20023e39c39cfe7788d724113,True,,,1,0,389.384808,934.973145,6,8253,4,8224
20260726_formal4t4_reuse_intensive_StaticSemantic@rho1.2_rep3,3,StaticSemantic@rho1.2,StaticSemantic,106,reuse_intensive:rep3:req106,reuse_intensive,1,64,0,L0064,8192,1,,False,1789731151.9895828,8192,0,0,347.00358271598816,True,True,False,False,0,0.0,0,0,8224.0,False,cache_reused,False,False,0,0.0,8f367b1a9748497698346a07db9f721fcf1268e738d73af501e35f241696be9c,True,,,1,0,247.603635,748.216248,6,8253,4,8224
20260726_formal4t4_reuse_intensive_StaticSemantic@rho1.2_rep3,3,StaticSemantic@rho1.2,StaticSemantic,107,reuse_intensive:rep3:req107,reuse_intensive,1,98,0,L0098,8192,3,,False,1789731151.9896057,0,0,0,,False,False,False,False,0,0.0,0,0,32.0,False,cache_miss,False,False,0,0.0,dfb805d6b7a1cb5591070d3be17a1c8fbe240dac4312caa60c1f7d901e855939,True,,,1,0,11123.02127,11636.849746,6,8253,4,32
20260726_formal4t4_reuse_intensive_StaticSemantic@rho1.2_rep3,3,StaticSemantic@rho1.2,StaticSemantic,108,reuse_intensive:rep3:req108,reuse_intensive,1,68,2,L0068,8192,0,,False,1789731164.1355278,8192,0,0,359.14952778816223,True,True,False,False,0,0.0,0,0,8224.0,False,cache_reused,False,False,0,0.0,1bdcb06c2f02b49c6d6d1daef3a2bd0a83454d2da27539955953b11c1eb1421e,True,,,1,0,233.565677,774.431911,6,8253,4,8224
20260726_formal4t4_reuse_intensive_StaticSemantic@rho1.2_rep3,3,StaticSemantic@rho1.2,StaticSemantic,109,reuse_intensive:rep3:req109,reuse_intensive,1,65,0,L0065,8192,3,,False,1789731164.1355674,8192,0,0,359.14956736564636,True,True,False,False,0,0.0,0,0,8224.0,False,cache_reused,False,False,0,0.0,fbe2fe6567300d70bdc9b45f3b42bda9d1d95dbd84c493c908fc4b9fe23f658f,True,,,1,0,254.345497,810.837723,6,8253,4,8224
20260726_formal4t4_reuse_intensive_StaticSemantic@rho1.2_rep3,3,StaticSemantic@rho1.2,StaticSemantic,110,reuse_intensive:rep3:req110,reuse_intensive,1,64,1,L0064,8192,1,,False,1789731164.135595,8192,0,0,359.14959502220154,True,True,False,False,0,0.0,0,0,8224.0,False,cache_reused,False,False,0,0.0,629f4739b4e00b577391d61687965882c1975464a1e2324332ec9389186d1807,True,,,1,0,394.618769,901.821626,6,8253,4,8224
20260726_formal4t4_reuse_intensive_StaticSemantic@rho1.2_rep3,3,StaticSemantic@rho1.2,StaticSemantic,111,reuse_intensive:rep3:req111,reuse_intensive,1,75,0,L0075,8192,2,,False,1789731164.1356175,0,0,0,,False,False,False,False,0,0.0,0,0,32.0,False,cache_miss,False,False,0,0.0,cf37ca0d7d615389d17532785e507c93792c0780618309faa31e2d3c20ff6775,True,,,1,0,10243.725297,10690.960697,6,8253,4,32
20260726_formal4t4_reuse_intensive_StaticSemantic@rho1.2_rep3,3,StaticSemantic@rho1.2,StaticSemantic,112,reuse_intensive:rep3:req112,reuse_intensive,1,65,1,L0065,8192,0,,False,1789731174.833258,8192,0,0,369.8472578525543,True,True,False,False,0,0.0,0,0,8224.0,False,cache_reused,False,False,0,0.0,36e4cede6498272eb7ad9bbc4d37722a082ad0898e1f578411833ad7d8c80e6f,True,,,1,0,380.525601,934.55276,6,8253,4,8224
20260726_formal4t4_reuse_intensive_StaticSemantic@rho1.2_rep3,3,StaticSemantic@rho1.2,StaticSemantic,113,reuse_intensive:rep3:req113,reuse_intensive,1,76,1,L0076,8192,1,,False,1789731174.8332958,8192,0,0,369.8472957611084,True,True,False,False,0,0.0,0,0,32.0,False,cache_miss,False,False,0,0.0,9cbb41273a796558e6d2beed4d3324ee0845fa252d373c6c07a1b7424819a061,True,,,1,0,10115.53493,10593.23375,6,8253,4,32
20260726_formal4t4_reuse_intensive_StaticSemantic@rho1.2_rep3,3,StaticSemantic@rho1.2,StaticSemantic,114,reuse_intensive:rep3:req114,reuse_intensive,1,72,1,L0072,8192,2,,False,1789731174.8333232,8192,0,0,369.847323179245,True,True,False,False,0,0.0,0,0,32.0,False,cache_miss,False,False,0,0.0,1c85849ba1e139fca70df31bde1f8d28ca9627aefb23a84c34796f55a0327d2b,True,,,1,0,10425.504308,10909.177128,6,8253,4,32
20260726_formal4t4_reuse_intensive_StaticSemantic@rho1.2_rep3,3,StaticSemantic@rho1.2,StaticSemantic,115,reuse_intensive:rep3:req115,reuse_intensive,1,64,2,L0064,8192,3,,False,1789731174.8333457,8192,0,0,369.84734559059143,True,True,False,False,0,0.0,0,0,8224.0,False,cache_reused,False,False,0,0.0,dbb85f715b7596a2dc94870eb688d94cc08ca7272628a3c5a97e5066aee4f701,True,,,1,0,405.247571,951.334651,6,8253,4,8224
20260726_formal4t4_reuse_intensive_StaticSemantic@rho1.2_rep3,3,StaticSemantic@rho1.2,StaticSemantic,116,reuse_intensive:rep3:req116,reuse_intensive,1,64,0,L0064,8192,0,,False,1789731185.7480428,8192,0,0,380.762042760849,True,True,False,False,0,0.0,0,0,8224.0,False,cache_reused,False,False,0,0.0,5376ca031dd956d7d9192699b7ecccfd6eab031f09fd3426e1e531a9423b8bf5,True,,,1,0,436.556569,1020.4565,6,8253,4,8224
20260726_formal4t4_reuse_intensive_StaticSemantic@rho1.2_rep3,3,StaticSemantic@rho1.2,StaticSemantic,117,reuse_intensive:rep3:req117,reuse_intensive,1,80,0,L0080,8192,2,,False,1789731185.748082,0,0,0,,False,False,False,False,0,0.0,0,0,32.0,False,cache_miss,False,False,0,0.0,acbc9e56daf24b139a5804a149838d326de3056ce6439720abc789edc93f513b,True,,,1,0,11443.072715,11968.611283,6,8253,4,32
20260726_formal4t4_reuse_intensive_StaticSemantic@rho1.2_rep3,3,StaticSemantic@rho1.2,StaticSemantic,118,reuse_intensive:rep3:req118,reuse_intensive,1,71,2,L0071,8192,1,,False,1789731185.7481081,8192,0,0,380.7621080875397,True,True,False,False,0,0.0,0,0,8224.0,False,cache_reused,False,False,0,0.0,2bea41d4bb96d0a92f6849426c295121d2414a39d85cdc7b3fbe0ad13a658849,True,,,1,0,241.343218,727.496587,6,8253,4,8224
20260726_formal4t4_reuse_intensive_StaticSemantic@rho1.2_rep3,3,StaticSemantic@rho1.2,StaticSemantic,119,reuse_intensive:rep3:req119,reuse_intensive,1,103,1,L0103,8192,3,,False,1789731185.7481303,8192,0,0,380.76213026046753,True,True,False,False,0,0.0,0,0,32.0,False,cache_miss,False,False,0,0.0,51575a682e5f7980824577d7152108709fab20ed8b187dd063beb9e95635946a,True,,,1,0,11462.137298,11978.231889,6,8253,4,32
20260726_formal4t4_reuse_intensive_RateFIFO@rho1.2_rep4,4,RateFIFO@rho1.2,RateFIFO,24,reuse_intensive:rep4:req24,reuse_intensive,0,21,0,L0021,8192,3,,False,1789731440.9897816,0,0,0,,False,False,False,False,0,0.0,0,0,32.0,False,cache_miss,False,False,0,0.0,6084b90f91958a8a02a56d8428c8c5e1930367dcb662b2e623b2ee7af171aea0,True,,,1,0,12220.986191,12756.193514,6,8252,4,32
20260726_formal4t4_reuse_intensive_RateFIFO@rho1.2_rep4,4,RateFIFO@rho1.2,RateFIFO,25,reuse_intensive:rep4:req25,reuse_intensive,0,1,2,L0001,8192,0,0,False,1789731440.989834,8192,8192,8192,212.33647751808167,False,False,False,False,8192,0.0,1,1,8224.0,False,cache_reused,False,False,0,0.0,7539756a068da27d38209f2647a53c582194307b5214ba5aacac396fd83b7964,True,,,1,0,249.311387,1894.694008,6,8252,4,8224
20260726_formal4t4_reuse_intensive_RateFIFO@rho1.2_rep4,4,RateFIFO@rho1.2,RateFIFO,26,reuse_intensive:rep4:req26,reuse_intensive,0,2,0,L0002,8192,0,0,True,1789731440.9898732,8192,8192,8192,200.43136048316956,False,False,False,False,8192,161.84,1,1,8224.0,True,cache_reused,False,False,0,0.0,4c52276ff4df152def34bb48cc30bff5f3da49b1912851d141f2e92f88d4822d,True,,,1,0,932.552772,2258.565696,6,8252,4,8224
20260726_formal4t4_reuse_intensive_RateFIFO@rho1.2_rep4,4,RateFIFO@rho1.2,RateFIFO,27,reuse_intensive:rep4:req27,reuse_intensive,0,7,2,L0007,8192,0,0,True,1789731440.989904,8192,8192,8192,148.01858758926392,False,False,False,False,8192,159.84,1,1,8224.0,True,cache_reused,False,False,0,0.0,a57365283639e944e83c84048bc9d048a4e55bc6851dea85c38e4f93f3188303,True,,,1,0,931.548092,2257.700143,6,8252,4,8224
20260726_formal4t4_reuse_intensive_RateFIFO@rho1.2_rep4,4,RateFIFO@rho1.2,RateFIFO,28,reuse_intensive:rep4:req28,reuse_intensive,0,0,0,L0000,8192,0,0,True,1789731453.7492511,8192,8192,8192,12.759724140167236,False,False,False,False,8192,163.84,1,1,8224.0,True,cache_reused,False,False,0,0.0,03101a33f5506c5279d2aaa9ef47148750687d988184054a4b19ba0905c73f13,True,,,1,0,448.108899,2107.824755,6,8252,4,8224
20260726_formal4t4_reuse_intensive_RateFIFO@rho1.2_rep4,4,RateFIFO@rho1.2,RateFIFO,29,reuse_intensive:rep4:req29,reuse_intensive,0,43,0,L0043,8192,3,,False,1789731453.7492905,0,0,0,,False,False,False,False,0,0.0,0,0,32.0,False,cache_miss,False,False,0,0.0,5b8995a57dacf6cace4bcdda3a5646ae3da1dbd5d741a01942921714cef50d52,True,,,1,0,11134.366345,11630.025292,6,8252,4,32
20260726_formal4t4_reuse_intensive_RateFIFO@rho1.2_rep4,4,RateFIFO@rho1.2,RateFIFO,30,reuse_intensive:rep4:req30,reuse_intensive,0,6,2,L0006,8192,0,0,True,1789731453.7493331,8192,8192,8192,29.240764617919922,False,False,False,False,8192,161.84,1,1,8224.0,True,cache_reused,False,False,0,0.0,c5d9ab05e959ac7b0549292ee1eb6e664062a26f29d4092d8588ef1c91db02be,True,,,1,0,1136.045325,2476.794576,6,8252,4,8224
20260726_formal4t4_reuse_intensive_RateFIFO@rho1.2_rep4,4,RateFIFO@rho1.2,RateFIFO,31,reuse_intensive:rep4:req31,reuse_intensive,0,11,0,L0011,8192,0,0,True,1789731453.749366,8192,8192,8192,108.44751310348511,False,False,False,False,8192,159.84,1,1,8224.0,True,cache_reused,False,False,0,0.0,4263c119b8319795ff08c1ccda1fa72f947d72e9ae9c925b623f4b7925ea67a8,True,,,1,0,1134.664176,2475.371854,6,8252,4,8224
20260726_formal4t4_reuse_intensive_RateFIFO@rho1.2_rep4,4,RateFIFO@rho1.2,RateFIFO,32,reuse_intensive:rep4:req32,reuse_intensive,0,15,1,L0015,8192,0,0,True,1789731465.3840718,8192,8192,8192,102.21987724304199,False,False,False,False,8192,163.84,1,1,8224.0,True,cache_reused,False,False,0,0.0,c78276eff2c192be97c7e02ab7efba55e8e7fb6493a0426cef84973af2153543,True,,,1,0,441.199895,1501.873226,6,8252,4,8224
20260726_formal4t4_reuse_intensive_RateFIFO@rho1.2_rep4,4,RateFIFO@rho1.2,RateFIFO,33,reuse_intensive:rep4:req33,reuse_intensive,0,33,0,L0033,8192,1,,False,1789731465.3841124,0,0,0,,False,False,False,False,0,0.0,0,0,32.0,False,cache_miss,False,False,0,0.0,6b862e8773a351b7bacf6ca4e96c5830b03ae745dcf6ac0b2c251e1758e98aa8,True,,,1,0,11074.442786,11552.99978,6,8252,4,32
20260726_formal4t4_reuse_intensive_RateFIFO@rho1.2_rep4,4,RateFIFO@rho1.2,RateFIFO,34,reuse_intensive:rep4:req34,reuse_intensive,0,10,0,L0010,8192,0,0,True,1789731465.3841493,8192,8192,8192,133.75656938552856,False,False,False,False,8192,161.84,1,1,8224.0,True,cache_reused,False,False,0,0.0,88574df43f455ac64dec6e454dc249b990ef9507a144163f3fd204408a1dfdc3,True,,,1,0,794.032337,1685.941345,6,8252,4,8224
20260726_formal4t4_reuse_intensive_RateFIFO@rho1.2_rep4,4,RateFIFO@rho1.2,RateFIFO,35,reuse_intensive:rep4:req35,reuse_intensive,0,22,0,L0022,8192,2,,False,1789731465.3842032,0,0,0,,False,False,False,False,0,0.0,0,0,32.0,False,cache_miss,False,False,0,0.0,9fccc8499b657d8981c8a6c41e75456ad887dd7616bf514c2763d9d84acc6e53,True,,,1,0,10122.698242,10603.189085,6,8252,4,32
20260726_formal4t4_reuse_intensive_RateFIFO@rho1.2_rep4,4,RateFIFO@rho1.2,RateFIFO,36,reuse_intensive:rep4:req36,reuse_intensive,0,0,1,L0000,8192,0,0,True,1789731476.9417307,8192,8192,8192,11.560543060302734,False,False,False,False,8192,163.84,1,1,8224.0,True,cache_reused,False,False,0,0.0,dabdba8ba104408a88f198a75b28209d96e79d21817dfbbf1afd23252891b5e5,True,,,1,0,411.62093,6267.799554,6,8252,4,8224
20260726_formal4t4_reuse_intensive_RateFIFO@rho1.2_rep4,4,RateFIFO@rho1.2,RateFIFO,37,reuse_intensive:rep4:req37,reuse_intensive,0,23,0,L0023,8192,1,,False,1789731476.9417708,0,0,0,,False,False,False,False,0,0.0,0,0,32.0,False,cache_miss,False,False,0,0.0,8c2fb51c5c26300a717b46fbc092366a04eac959aab7938ecd775ea51070a48c,True,,,1,0,11022.712874,11491.187125,6,8252,4,32
20260726_formal4t4_reuse_intensive_RateFIFO@rho1.2_rep4,4,RateFIFO@rho1.2,RateFIFO,38,reuse_intensive:rep4:req38,reuse_intensive,0,9,0,L0009,8192,0,0,True,1789731476.941806,8192,8192,8192,158.11780047416687,False,False,False,False,8192,161.84,1,1,7024.0,True,cache_reused,False,False,0,1168.0,8903253da79794b51fe66c165a8d0c55eb40e017dede0de839b96e5ffc007afa,True,,,1,0,5559.702341,6612.775022,6,8252,4,7024
20260726_formal4t4_reuse_intensive_RateFIFO@rho1.2_rep4,4,RateFIFO@rho1.2,RateFIFO,39,reuse_intensive:rep4:req39,reuse_intensive,0,0,2,L0000,8192,0,0,True,1789731476.9418373,8192,8192,8192,11.560649633407593,False,False,False,False,8192,159.84,1,1,8224.0,True,cache_reused,False,False,0,0.0,7eb46a657bc0ad3aa4f0942d6faa594f5b7823b83b0b92fb6e49786e8f8e4833,True,,,1,0,5558.74318,6611.818608,6,8252,4,8224
20260726_formal4t4_reuse_intensive_RateFIFO@rho1.2_rep4,4,RateFIFO@rho1.2,RateFIFO,40,reuse_intensive:rep4:req40,reuse_intensive,0,44,0,L0044,8192,2,,False,1789731488.4374552,0,0,0,,False,False,False,False,0,0.0,0,0,32.0,False,cache_miss,False,False,0,0.0,ed2efac4fc1f38dbcc6c210e8c6ab2e7f11b43f432a9e7e625eb26cc74e0100d,True,,,1,0,10928.515677,11397.568379,6,8252,4,32
20260726_formal4t4_reuse_intensive_RateFIFO@rho1.2_rep4,4,RateFIFO@rho1.2,RateFIFO,41,reuse_intensive:rep4:req41,reuse_intensive,0,2,1,L0002,8192,0,0,False,1789731488.4375057,8192,8192,8192,247.8789930343628,False,False,False,False,8192,0.0,1,1,8224.0,False,cache_reused,False,False,0,0.0,179e665dc223c19f6615a2c3b32b90a197006249541acd844d633f14ed16eee4,True,,,1,0,411.937684,1524.07672,6,8252,4,8224
20260726_formal4t4_reuse_intensive_RateFIFO@rho1.2_rep4,4,RateFIFO@rho1.2,RateFIFO,42,reuse_intensive:rep4:req42,reuse_intensive,0,11,1,L0011,8192,0,0,True,1789731488.4375434,8192,8192,8192,143.13569045066833,False,False,False,False,8192,161.84,1,1,8224.0,True,cache_reused,False,False,0,0.0,295d8a2260130067b88ca25e56ecf69cd6b04e14d3703d124ae1cdc025a9073c,True,,,1,0,788.017974,1724.738514,6,8252,4,8224
20260726_formal4t4_reuse_intensive_RateFIFO@rho1.2_rep4,4,RateFIFO@rho1.2,RateFIFO,43,reuse_intensive:rep4:req43,reuse_intensive,0,23,1,L0023,8192,3,,False,1789731488.4375684,8192,0,0,284.59072732925415,True,True,False,False,0,0.0,0,0,32.0,False,cache_miss,False,False,0,0.0,0dd1c04b9b24d6d52566bf5f469735f5b6c604f5da050702e167e86a9f74cba6,True,,,1,0,11010.802427,11501.13653,6,8252,4,32
20260726_formal4t4_reuse_intensive_RateFIFO@rho1.2_rep4,4,RateFIFO@rho1.2,RateFIFO,44,reuse_intensive:rep4:req44,reuse_intensive,0,4,0,L0004,8192,0,0,False,1789731499.945447,8192,8192,8192,245.75568795204163,False,False,False,False,8192,0.0,1,1,32.0,False,fallback_prefill,True,True,0,8160.0,a03b2d5e8ca7bad0131fd999dfe630e390ec40b3b4d8f553412f9dfb86252723,True,,,1,0,12890.954242,13905.519727,6,8252,4,32
20260726_formal4t4_reuse_intensive_RateFIFO@rho1.2_rep4,4,RateFIFO@rho1.2,RateFIFO,45,reuse_intensive:rep4:req45,reuse_intensive,0,0,0,L0000,8192,0,0,True,1789731499.945496,8192,8192,8192,11.510698556900024,False,False,False,False,8192,161.84,1,1,8224.0,True,cache_reused,False,False,0,0.0,52d7ae8333f26885f9b3938f541f60b0c46fadba6b9de827736c907b5f5b7ef7,True,,,1,0,12889.382985,13903.773696,6,8252,4,8224
20260726_formal4t4_reuse_intensive_RateFIFO@rho1.2_rep4,4,RateFIFO@rho1.2,RateFIFO,46,reuse_intensive:rep4:req46,reuse_intensive,0,36,0,L0036,8192,1,,False,1789731499.945524,0,0,0,,False,False,False,False,0,0.0,0,0,32.0,False,cache_miss,False,False,0,0.0,9057be0c61d3d0c72867917fdac13184e8b322c42ba49b21903c1d396d012256,True,,,1,0,10474.628695,10942.807517,6,8252,4,32
20260726_formal4t4_reuse_intensive_RateFIFO@rho1.2_rep4,4,RateFIFO@rho1.2,RateFIFO,47,reuse_intensive:rep4:req47,reuse_intensive,0,0,1,L0000,8192,0,0,True,1789731499.945553,8192,8192,8192,11.51075553894043,False,False,False,False,8192,159.84,1,1,8224.0,True,cache_reused,False,False,0,0.0,557ff2cf8d8a40684dcafef822af047b621c9f6f3f1b0331565c9b68f725bcc8,True,,,1,0,12887.17688,13901.700021,6,8252,4,8224
20260726_formal4t4_reuse_intensive_RateFIFO@rho1.2_rep4,4,RateFIFO@rho1.2,RateFIFO,48,reuse_intensive:rep4:req48,reuse_intensive,0,0,2,L0000,8192,0,0,True,1789731513.854238,8192,8192,8192,25.419440507888794,False,False,False,False,8192,163.84,1,1,8224.0,True,cache_reused,False,False,0,0.0,7ad5ac9897ee11cec9273921d21b3a8a425614aab8c628ee2b3eb767c248847e,True,,,1,0,267.902299,1376.954428,6,8252,4,8224
20260726_formal4t4_reuse_intensive_RateFIFO@rho1.2_rep4,4,RateFIFO@rho1.2,RateFIFO,49,reuse_intensive:rep4:req49,reuse_intensive,0,0,0,L0000,8192,0,0,True,1789731513.8542857,8192,8192,8192,25.419488191604614,False,False,False,False,8192,161.84,1,1,8224.0,True,cache_reused,False,False,0,0.0,b567c668bb96fcb8121a02a37b77e097ad572ede4e4b45c87231d2487ac4ca58,True,,,1,0,725.514345,1700.796555,6,8252,4,8224
20260726_formal4t4_reuse_intensive_RateFIFO@rho1.2_rep4,4,RateFIFO@rho1.2,RateFIFO,50,reuse_intensive:rep4:req50,reuse_intensive,0,1,0,L0001,8192,0,0,True,1789731513.8543184,8192,8192,8192,285.2009618282318,False,False,False,False,8192,159.84,1,1,8224.0,True,cache_reused,False,False,0,0.0,ea7e1c651d687e774a4979c3efb91196c44ca5d76d120dc2909a9361a0f2963f,True,,,1,0,724.457485,1699.870864,6,8252,4,8224
20260726_formal4t4_reuse_intensive_RateFIFO@rho1.2_rep4,4,RateFIFO@rho1.2,RateFIFO,51,reuse_intensive:rep4:req51,reuse_intensive,0,26,0,L0026,8192,1,,False,1789731513.854342,0,0,0,,False,False,False,False,0,0.0,0,0,32.0,False,cache_miss,False,False,0,0.0,ab23ec4431c7e7c77bc5a3de03c5c98fc1de668a4847cea3d00dd616899f91ba,True,,,1,0,11142.964863,11647.090323,6,8252,4,32
20260726_formal4t4_reuse_intensive_RateFIFO@rho1.2_rep4,4,RateFIFO@rho1.2,RateFIFO,52,reuse_intensive:rep4:req52,reuse_intensive,0,23,2,L0023,8192,2,,False,1789731525.507934,8192,0,0,321.6610929965973,True,True,False,False,0,0.0,0,0,32.0,False,cache_miss,False,False,0,0.0,ddf1c7fd7ca4ffe636d7279abf5bb6929aff340607f6f589c5687248fa67650f,True,,,1,0,11789.005193,12275.257681,6,8252,4,32
20260726_formal4t4_reuse_intensive_RateFIFO@rho1.2_rep4,4,RateFIFO@rho1.2,RateFIFO,53,reuse_intensive:rep4:req53,reuse_intensive,0,4,1,L0004,8192,0,0,True,1789731525.507986,8192,8192,8192,11.656543731689453,False,False,False,False,8192,163.84,1,1,8224.0,True,cache_reused,False,False,0,0.0,ac25badeca96a4d4fe217fc668d3d7d3be00fa2e5b864dbddb01bd3a580b73b5,True,,,1,0,441.726339,1602.787694,6,8252,4,8224
20260726_formal4t4_reuse_intensive_RateFIFO@rho1.2_rep4,4,RateFIFO@rho1.2,RateFIFO,54,reuse_intensive:rep4:req54,reuse_intensive,0,0,1,L0000,8192,0,0,True,1789731525.5080216,8192,8192,8192,37.07322406768799,False,False,False,False,8192,161.84,1,1,8224.0,True,cache_reused,False,False,0,0.0,89d52b012deb02110654ffc30953d75c1e41c3b742e215a16c9837d6ccf95479,True,,,1,0,926.429666,1784.915154,6,8252,4,8224
20260726_formal4t4_reuse_intensive_RateFIFO@rho1.2_rep4,4,RateFIFO@rho1.2,RateFIFO,55,reuse_intensive:rep4:req55,reuse_intensive,0,0,2,L0000,8192,0,0,True,1789731525.5080497,8192,8192,8192,37.07325220108032,False,False,False,False,8192,159.84,1,1,8224.0,True,cache_reused,False,False,0,0.0,70360c5615a8a22663ab8c1c116cbcde1e0860fcfe0289e217852d8bb4977d1d,True,,,1,0,925.11052,1783.561992,6,8252,4,8224
20260726_formal4t4_reuse_intensive_RateFIFO@rho1.2_rep4,4,RateFIFO@rho1.2,RateFIFO,56,reuse_intensive:rep4:req56,reuse_intensive,0,63,0,L0063,8192,1,,False,1789731537.786353,0,0,0,,False,False,False,False,0,0.0,0,0,32.0,False,cache_miss,False,False,0,0.0,f8dce29e0f9422fa258b0db0d40b2ce52cdc4fe514b053940a17394e1cc45b08,True,,,1,0,11980.54467,12484.055196,6,8252,4,32
20260726_formal4t4_reuse_intensive_RateFIFO@rho1.2_rep4,4,RateFIFO@rho1.2,RateFIFO,57,reuse_intensive:rep4:req57,reuse_intensive,0,5,0,L0005,8192,0,0,False,1789731537.7864046,8192,8192,8192,102.93392324447632,False,False,False,False,8192,0.0,1,1,8224.0,False,cache_reused,False,False,0,0.0,b594b68e0d9b679366dd783194eb6d4c896fad52a680aca5bdb74b4558105938,True,,,1,0,408.891064,1994.117865,6,8252,4,8224
20260726_formal4t4_reuse_intensive_RateFIFO@rho1.2_rep4,4,RateFIFO@rho1.2,RateFIFO,58,reuse_intensive:rep4:req58,reuse_intensive,0,1,1,L0001,8192,0,0,True,1789731537.786443,8192,8192,8192,309.1330864429474,False,False,False,False,8192,161.84,1,1,8224.0,True,cache_reused,False,False,0,0.0,1b83320fd4da9b24757bd10f8f66d8b795b79369c5c4dbf3ddc6781ac560098d,True,,,1,0,1068.417559,2324.722986,6,8252,4,8224
20260726_formal4t4_reuse_intensive_RateFIFO@rho1.2_rep4,4,RateFIFO@rho1.2,RateFIFO,59,reuse_intensive:rep4:req59,reuse_intensive,0,15,2,L0015,8192,0,0,True,1789731537.7864726,8192,8192,8192,60.8474817276001,False,False,False,False,8192,159.84,1,1,8224.0,True,cache_reused,False,False,0,0.0,f79c1a58bb61b3ab1743d02e4886eee5ce63f3468b3fda84ac8d59d9d77439ff,True,,,1,0,1067.354454,2323.842394,6,8252,4,8224
20260726_formal4t4_reuse_intensive_RateFIFO@rho1.2_rep4,4,RateFIFO@rho1.2,RateFIFO,60,reuse_intensive:rep4:req60,reuse_intensive,1,65,0,L0065,8192,0,,False,1789731550.2735522,0,0,0,,False,False,False,False,0,0.0,0,0,32.0,False,cache_miss,False,False,0,0.0,024964d1a76f4c5bc1f22dfcc99705b418e7231aa867a58b479b50ed2a438326,True,,,1,0,12541.086664,13078.31645,6,8252,4,32
20260726_formal4t4_reuse_intensive_RateFIFO@rho1.2_rep4,4,RateFIFO@rho1.2,RateFIFO,61,reuse_intensive:rep4:req61,reuse_intensive,1,69,0,L0069,8192,2,,False,1789731550.2735884,0,0,0,,False,False,False,False,0,0.0,0,0,32.0,False,cache_miss,False,False,0,0.0,e064c087bc2d73b361c44efba62a2c7ba0d39305477a8a97420bedb9f7855fe1,True,,,1,0,11431.028217,11952.945209,6,8252,4,32
20260726_formal4t4_reuse_intensive_RateFIFO@rho1.2_rep4,4,RateFIFO@rho1.2,RateFIFO,62,reuse_intensive:rep4:req62,reuse_intensive,1,66,0,L0066,8192,1,,False,1789731550.2736132,0,0,0,,False,False,False,False,0,0.0,0,0,32.0,False,cache_miss,False,False,0,0.0,5f4e20f0854467db6a5ce2dc7fd30edec766b3b7427bec1f5b1547ff89d61723,True,,,1,0,11222.151491,11711.781534,6,8252,4,32
20260726_formal4t4_reuse_intensive_RateFIFO@rho1.2_rep4,4,RateFIFO@rho1.2,RateFIFO,63,reuse_intensive:rep4:req63,reuse_intensive,1,75,0,L0075,8192,3,,False,1789731550.273635,0,0,0,,False,False,False,False,0,0.0,0,0,32.0,False,cache_miss,False,False,0,0.0,e60b831c617e9dee960c3cf30867a1965e3698710a22ecf16aecf05118ef48fa,True,,,1,0,11453.385659,11943.802777,6,8252,4,32
20260726_formal4t4_reuse_intensive_RateFIFO@rho1.2_rep4,4,RateFIFO@rho1.2,RateFIFO,64,reuse_intensive:rep4:req64,reuse_intensive,1,64,0,L0064,8192,0,,False,1789731563.3551426,0,0,0,,False,False,False,False,0,0.0,0,0,32.0,False,cache_miss,False,False,0,0.0,5bcb1ddb5527921c0d9998f7fbc0c065cff592adfbf06eabad54714b500f5c46,True,,,1,0,12027.056063,12573.026256,6,8252,4,32
20260726_formal4t4_reuse_intensive_RateFIFO@rho1.2_rep4,4,RateFIFO@rho1.2,RateFIFO,65,reuse_intensive:rep4:req65,reuse_intensive,1,64,1,L0064,8192,3,,False,1789731563.3551931,0,0,0,,False,False,False,False,0,0.0,0,0,32.0,False,cache_miss,False,False,0,0.0,554b70aae01da91b70879d610f5920b4fcca8781e904fc29ff09a0d4df863979,True,,,1,0,11386.403585,11882.277379,6,8252,4,32
20260726_formal4t4_reuse_intensive_RateFIFO@rho1.2_rep4,4,RateFIFO@rho1.2,RateFIFO,66,reuse_intensive:rep4:req66,reuse_intensive,1,64,2,L0064,8192,1,,False,1789731563.3552175,0,0,0,,False,False,False,False,0,0.0,0,0,32.0,False,cache_miss,False,False,0,0.0,9f34837903dcafcca47efb4864ad0b253f178bd810c190b788ee898c930795d5,True,,,1,0,11482.044361,11975.367573,6,8252,4,32
20260726_formal4t4_reuse_intensive_RateFIFO@rho1.2_rep4,4,RateFIFO@rho1.2,RateFIFO,67,reuse_intensive:rep4:req67,reuse_intensive,1,65,1,L0065,8192,2,,False,1789731563.355238,8192,0,0,359.5083968639374,True,True,False,False,0,0.0,0,0,32.0,False,cache_miss,False,False,0,0.0,9d55293943b72a9a7f5b038ffd2576249a454efb296df3c6b0004619ce93075b,True,,,1,0,10272.519731,10754.972741,6,8252,4,32
20260726_formal4t4_reuse_intensive_RateFIFO@rho1.2_rep4,4,RateFIFO@rho1.2,RateFIFO,68,reuse_intensive:rep4:req68,reuse_intensive,1,64,0,L0064,8192,0,,False,1789731575.931466,8192,0,0,372.08462500572205,True,True,False,False,0,0.0,0,0,8224.0,False,cache_reused,False,False,0,0.0,7e327c6062852bc1a8e4858ab783b956491d75d6e49bb4df07fcc6fc947eab20,True,,,1,0,265.109083,811.805721,6,8252,4,8224
20260726_formal4t4_reuse_intensive_RateFIFO@rho1.2_rep4,4,RateFIFO@rho1.2,RateFIFO,69,reuse_intensive:rep4:req69,reuse_intensive,1,77,0,L0077,8192,1,,False,1789731575.931505,0,0,0,,False,False,False,False,0,0.0,0,0,32.0,False,cache_miss,False,False,0,0.0,079aa5f1988381279ec66595f4611f880ec4644d9cea7aaf6fa38da9211a2a70,True,,,1,0,9789.435754,10249.705776,6,8252,4,32
20260726_formal4t4_reuse_intensive_RateFIFO@rho1.2_rep4,4,RateFIFO@rho1.2,RateFIFO,70,reuse_intensive:rep4:req70,reuse_intensive,1,64,1,L0064,8192,2,,False,1789731575.9315314,8192,0,0,372.0846903324127,True,True,False,False,0,0.0,0,0,32.0,False,cache_miss,False,False,0,0.0,2dfe3323a7ca2ee242b9bbce3767e727e5dbdc2f78aeef039828082eaa9a5c79,True,,,1,0,10759.180262,11233.298128,6,8252,4,32
20260726_formal4t4_reuse_intensive_RateFIFO@rho1.2_rep4,4,RateFIFO@rho1.2,RateFIFO,71,reuse_intensive:rep4:req71,reuse_intensive,1,69,1,L0069,8192,3,,False,1789731575.9315543,8192,0,0,372.0847132205963,True,True,False,False,0,0.0,0,0,32.0,False,cache_miss,False,False,0,0.0,bd821fd24b9e397e725a33c90c9b6baae59a071be366aa34efcfba343ba3c498,True,,,1,0,11911.932401,12406.320873,6,8252,4,32
20260726_formal4t4_reuse_intensive_RateFIFO@rho1.2_rep4,4,RateFIFO@rho1.2,RateFIFO,72,reuse_intensive:rep4:req72,reuse_intensive,1,64,2,L0064,8192,0,0,False,1789731588.3446424,8192,8192,8192,12.415966510772705,False,False,False,False,8192,0.0,1,1,8224.0,False,cache_reused,False,False,0,0.0,7fbdd7cedf8332431a5a178b74d555e1e174ed5d9df1d8a530eacfa32b49496f,True,,,1,0,405.37698,1008.272963,6,8252,4,8224
20260726_formal4t4_reuse_intensive_RateFIFO@rho1.2_rep4,4,RateFIFO@rho1.2,RateFIFO,73,reuse_intensive:rep4:req73,reuse_intensive,1,69,2,L0069,8192,3,,False,1789731588.3446827,8192,0,0,384.4978415966034,True,True,False,False,0,0.0,0,0,8224.0,False,cache_reused,False,False,0,0.0,a226b9e01ed158dde658f087c4ee4d446316d0611790bda2b8594d007b8d84da,True,,,1,0,244.580002,740.587968,6,8252,4,8224
20260726_formal4t4_reuse_intensive_RateFIFO@rho1.2_rep4,4,RateFIFO@rho1.2,RateFIFO,74,reuse_intensive:rep4:req74,reuse_intensive,1,76,0,L0076,8192,2,,False,1789731588.34471,0,0,0,,False,False,False,False,0,0.0,0,0,32.0,False,cache_miss,False,False,0,0.0,223a7775dff4524cad92cd55b00fed090c051c88720eedd3072c848d4770ac09,True,,,1,0,11142.867701,11628.696904,6,8252,4,32
20260726_formal4t4_reuse_intensive_RateFIFO@rho1.2_rep4,4,RateFIFO@rho1.2,RateFIFO,75,reuse_intensive:rep4:req75,reuse_intensive,1,64,0,L0064,8192,0,0,True,1789731588.3447433,8192,8192,8192,12.416067361831665,False,False,False,False,8192,161.84,1,1,8224.0,True,cache_reused,False,False,0,0.0,55602f478038078915e5cf907b938dbfcb30ca4c40fc205cf39972258ce97473,True,,,1,0,608.682934,1187.651691,6,8252,4,8224
20260726_formal4t4_reuse_intensive_RateFIFO@rho1.2_rep4,4,RateFIFO@rho1.2,RateFIFO,76,reuse_intensive:rep4:req76,reuse_intensive,1,76,1,L0076,8192,2,,False,1789731599.9790628,8192,0,0,396.132221698761,True,True,False,False,0,0.0,0,0,8224.0,False,cache_reused,False,False,0,0.0,da2547cd7c99df9842c78cbd2c59065c05eb5fafd6c1389fc2f86fcc4a18e5aa,True,,,1,0,244.57543,735.565873,6,8252,4,8224
20260726_formal4t4_reuse_intensive_RateFIFO@rho1.2_rep4,4,RateFIFO@rho1.2,RateFIFO,77,reuse_intensive:rep4:req77,reuse_intensive,1,64,1,L0064,8192,0,0,True,1789731599.9791148,8192,8192,8192,11.63723349571228,False,False,False,False,8192,163.84,1,1,8224.0,True,cache_reused,False,False,0,0.0,dcc4525b18ba476ef33872ea2bb1f62f4968649a780fab6fa0e0f6ecea26f71a,True,,,1,0,408.096367,1004.700762,6,8252,4,8224
20260726_formal4t4_reuse_intensive_RateFIFO@rho1.2_rep4,4,RateFIFO@rho1.2,RateFIFO,78,reuse_intensive:rep4:req78,reuse_intensive,1,66,1,L0066,8192,3,,False,1789731599.9791434,8192,0,0,396.1323022842407,True,True,False,False,0,0.0,0,0,32.0,False,cache_miss,False,False,0,0.0,abf38b76a8a0f86759da4535834220da09f8c2b1ed320e6901ea1b565d80fbe6,True,,,1,0,10959.268841,11445.098988,6,8252,4,32
20260726_formal4t4_reuse_intensive_RateFIFO@rho1.2_rep4,4,RateFIFO@rho1.2,RateFIFO,79,reuse_intensive:rep4:req79,reuse_intensive,1,64,2,L0064,8192,0,0,True,1789731599.9791884,8192,8192,8192,11.637307167053223,False,False,False,False,8192,161.84,1,1,8224.0,True,cache_reused,False,False,0,0.0,e660bf8567e1ab5ddca65f9e39e1d17527e9f253d9d36ead7d15e97f95d903d9,True,,,1,0,610.183833,1185.115205,6,8252,4,8224
20260726_formal4t4_reuse_intensive_RateFIFO@rho1.2_rep4,4,RateFIFO@rho1.2,RateFIFO,80,reuse_intensive:rep4:req80,reuse_intensive,1,64,0,L0064,8192,0,0,False,1789731611.4298573,8192,8192,8192,11.453450202941895,False,False,False,False,8192,0.0,1,1,8224.0,False,cache_reused,False,False,0,0.0,355a01cc1c5b3cfb2dd13dfb7fece0aeb3e6834b5da6f2637197014eadd638f2,True,,,1,0,457.910574,1131.274662,6,8252,4,8224
20260726_formal4t4_reuse_intensive_RateFIFO@rho1.2_rep4,4,RateFIFO@rho1.2,RateFIFO,81,reuse_intensive:rep4:req81,reuse_intensive,1,64,1,L0064,8192,0,0,True,1789731611.429903,8192,8192,8192,11.453495979309082,False,False,False,False,8192,161.84,1,1,8224.0,True,cache_reused,False,False,0,0.0,57ebada825478dbe5c8e5910b3140754a6bc30b47a171ce79091d6b4d8e55bc8,True,,,1,0,736.566407,1329.51295,6,8252,4,8224
20260726_formal4t4_reuse_intensive_RateFIFO@rho1.2_rep4,4,RateFIFO@rho1.2,RateFIFO,82,reuse_intensive:rep4:req82,reuse_intensive,1,76,2,L0076,8192,2,,False,1789731611.42993,8192,0,0,407.5830888748169,True,True,False,False,0,0.0,0,0,8224.0,False,cache_reused,False,False,0,0.0,3a1996dab1a554ca036c82abe9f7a2bb79a65e8d07ea01b9c0b1cde8d6161807,True,,,1,0,358.85406,866.25442,6,8252,4,8224
20260726_formal4t4_reuse_intensive_RateFIFO@rho1.2_rep4,4,RateFIFO@rho1.2,RateFIFO,83,reuse_intensive:rep4:req83,reuse_intensive,1,64,2,L0064,8192,0,0,True,1789731611.4299612,8192,8192,8192,11.453554153442383,False,False,False,False,8192,159.84,1,1,8224.0,True,cache_reused,False,False,0,0.0,6e68f13cea355ab7dad98bb86d5acdc2a17d31f8200ade751cbe8130e057d5ac,True,,,1,0,734.064421,1326.936003,6,8252,4,8224
20260726_formal4t4_reuse_intensive_RateFIFO@rho1.2_rep4,4,RateFIFO@rho1.2,RateFIFO,84,reuse_intensive:rep4:req84,reuse_intensive,1,64,0,L0064,8192,0,0,True,1789731612.7638004,8192,8192,8192,12.78739333152771,False,False,False,False,8192,163.84,1,1,8224.0,True,cache_reused,False,False,0,0.0,e856055016fa7c7f4c42e8c35a94ded0952ccfce2dedc8f447d112892123e9c0,True,,,1,0,280.139378,1484.974633,6,8252,4,8224
20260726_formal4t4_reuse_intensive_RateFIFO@rho1.2_rep4,4,RateFIFO@rho1.2,RateFIFO,85,reuse_intensive:rep4:req85,reuse_intensive,1,64,1,L0064,8192,0,0,True,1789731612.7638478,8192,8192,8192,12.787440776824951,False,False,False,False,8192,161.84,1,1,8224.0,True,cache_reused,False,False,0,0.0,05a01e442bbbaa77da47357a762d0af7b05a64b297db9395ee5b20e1ece6b900,True,,,1,0,793.311772,1827.658306,6,8252,4,8224
20260726_formal4t4_reuse_intensive_RateFIFO@rho1.2_rep4,4,RateFIFO@rho1.2,RateFIFO,86,reuse_intensive:rep4:req86,reuse_intensive,1,65,2,L0065,8192,0,0,True,1789731612.7638795,8192,8192,8192,49.41153860092163,False,False,False,False,8192,159.84,1,1,8224.0,True,cache_reused,False,False,0,0.0,473fa440ecb8fadffddfe58126c73480671a33e26478c4f283df2237fa1c61e5,True,,,1,0,792.34258,1826.837785,6,8252,4,8224
20260726_formal4t4_reuse_intensive_RateFIFO@rho1.2_rep4,4,RateFIFO@rho1.2,RateFIFO,87,reuse_intensive:rep4:req87,reuse_intensive,1,64,2,L0064,8192,0,0,True,1789731612.763907,8192,8192,8192,12.787499904632568,False,False,False,False,8192,157.84,1,1,8224.0,True,cache_reused,False,False,0,0.0,62d2cc5b1b823295df766f6d316f5c8668f3ed5c62703b51a580ff9a9fd931da,True,,,1,0,791.409806,1825.869537,6,8252,4,8224
20260726_formal4t4_reuse_intensive_RateFIFO@rho1.2_rep4,4,RateFIFO@rho1.2,RateFIFO,88,reuse_intensive:rep4:req88,reuse_intensive,1,86,0,L0086,8192,3,,False,1789731614.5960956,0,0,0,,False,False,False,False,0,0.0,0,0,32.0,False,cache_miss,False,False,0,0.0,22c32cdcab0f5c9206927ac6cd5881728d854c2f5c93a3bce08768c51b57fcd6,True,,,1,0,10566.880052,11057.805054,6,8252,4,32
20260726_formal4t4_reuse_intensive_RateFIFO@rho1.2_rep4,4,RateFIFO@rho1.2,RateFIFO,89,reuse_intensive:rep4:req89,reuse_intensive,1,64,0,L0064,8192,0,0,True,1789731614.5961912,8192,8192,8192,14.619784116744995,False,False,False,False,8192,163.84,1,1,8224.0,True,cache_reused,False,False,0,0.0,dba62e6603baa070772f6609f49873018ca1c7a7ef4cab1aab765cdda26a3ec6,True,,,1,0,278.854839,1310.093531,6,8252,4,8224
20260726_formal4t4_reuse_intensive_RateFIFO@rho1.2_rep4,4,RateFIFO@rho1.2,RateFIFO,90,reuse_intensive:rep4:req90,reuse_intensive,1,120,0,L0120,8192,1,,False,1789731614.5962236,0,0,0,,False,False,False,False,0,0.0,0,0,16.0,False,cache_miss,False,False,0,0.0,eb4dea8d812c349815770863598a60edb56e29c906ae07143a89eb99b21c2d46,True,,,1,0,12178.764209,12702.937335,6,8252,4,16
20260726_formal4t4_reuse_intensive_RateFIFO@rho1.2_rep4,4,RateFIFO@rho1.2,RateFIFO,91,reuse_intensive:rep4:req91,reuse_intensive,1,65,0,L0065,8192,0,0,True,1789731614.5962563,8192,8192,8192,51.24391531944275,False,False,False,False,8192,161.84,1,1,8224.0,True,cache_reused,False,False,0,0.0,da06ff75f82a4b89ad9e4fe1a9bfd0a70c783e607203d825ebe322c59ad2a61c,True,,,1,0,621.440324,1487.863309,6,8252,4,8224
20260726_formal4t4_reuse_intensive_RateFIFO@rho1.2_rep4,4,RateFIFO@rho1.2,RateFIFO,92,reuse_intensive:rep4:req92,reuse_intensive,1,64,1,L0064,8192,0,0,True,1789731627.3953774,8192,8192,8192,12.801846027374268,False,False,False,False,8192,163.84,1,1,8224.0,True,cache_reused,False,False,0,0.0,71fc01415070347fe02b46c9b47dce9629e001d524b166620bbacd2a35d67e50,True,,,1,0,406.538218,1585.172254,6,8252,4,8224
20260726_formal4t4_reuse_intensive_RateFIFO@rho1.2_rep4,4,RateFIFO@rho1.2,RateFIFO,93,reuse_intensive:rep4:req93,reuse_intensive,1,80,0,L0080,8192,3,,False,1789731627.395403,0,0,0,,False,False,False,False,0,0.0,0,0,32.0,False,cache_miss,False,False,0,0.0,8deffd65b96325a11dae1cb5304df8e2719c3686aedac8cc7635b617c7c3aabb,True,,,1,0,12141.694503,12630.082712,6,8252,4,32
20260726_formal4t4_reuse_intensive_RateFIFO@rho1.2_rep4,4,RateFIFO@rho1.2,RateFIFO,94,reuse_intensive:rep4:req94,reuse_intensive,1,65,1,L0065,8192,0,0,True,1789731627.3954213,8192,8192,8192,64.04308032989502,False,False,False,False,8192,161.84,1,1,8224.0,True,cache_reused,False,False,0,0.0,cc62661261755c4cb02daf939547bdb7dab9f740baaef407d6bf59efa01c5c32,True,,,1,0,897.641527,1779.398876,6,8252,4,8224
20260726_formal4t4_reuse_intensive_RateFIFO@rho1.2_rep4,4,RateFIFO@rho1.2,RateFIFO,95,reuse_intensive:rep4:req95,reuse_intensive,1,65,2,L0065,8192,0,0,True,1789731627.395437,8192,8192,8192,64.04309606552124,False,False,False,False,8192,159.84,1,1,8224.0,True,cache_reused,False,False,0,0.0,732d7d2e82439246264809cd378ad3abe3e286b7710bf9e860863f020f0fc2e1,True,,,1,0,896.969091,1778.579786,6,8252,4,8224
20260726_formal4t4_reuse_intensive_RateFIFO@rho1.2_rep4,4,RateFIFO@rho1.2,RateFIFO,96,reuse_intensive:rep4:req96,reuse_intensive,1,118,0,L0118,8192,0,,False,1789731640.029371,0,0,0,,False,False,False,False,0,0.0,0,0,16.0,False,cache_miss,False,False,0,0.0,bdb6cba6aa24e11fa023ca10e392a124abf8e09f4a8d4e3260e316d4b23c4ad2,True,,,1,0,14037.341469,15094.689889,6,8252,4,16
20260726_formal4t4_reuse_intensive_RateFIFO@rho1.2_rep4,4,RateFIFO@rho1.2,RateFIFO,97,reuse_intensive:rep4:req97,reuse_intensive,1,100,0,L0100,8192,3,,False,1789731640.0294096,0,0,0,,False,False,False,False,0,0.0,0,0,16.0,False,cache_miss,False,False,0,0.0,728d18b87d7e84482162b00d659b3b249955200a4c75308b1e54daaaab8749ae,True,,,1,0,13178.8725,13714.397903,6,8252,4,16
20260726_formal4t4_reuse_intensive_RateFIFO@rho1.2_rep4,4,RateFIFO@rho1.2,RateFIFO,98,reuse_intensive:rep4:req98,reuse_intensive,1,66,2,L0066,8192,1,,False,1789731640.029435,8192,0,0,436.18259382247925,True,True,False,False,0,0.0,0,0,8224.0,False,cache_reused,False,False,0,0.0,df53225ebfaf378d69df988a435a6ef54a5353dd3cf46836c012d39eeeec3262,True,,,1,0,374.689162,879.273464,6,8252,4,8224
20260726_formal4t4_reuse_intensive_RateFIFO@rho1.2_rep4,4,RateFIFO@rho1.2,RateFIFO,99,reuse_intensive:rep4:req99,reuse_intensive,1,64,2,L0064,8192,0,0,True,1789731640.0294733,8192,8192,8192,25.43594193458557,False,False,False,False,8192,161.84,1,1,8224.0,True,cache_reused,False,False,0,0.0,fd97341be5312373b3bbd424ba18009794a974ffea13fe522c5264fd165189aa,True,,,1,0,14033.36815,15090.618946,6,8252,4,8224
20260726_formal4t4_reuse_intensive_RateFIFO@rho1.2_rep4,4,RateFIFO@rho1.2,RateFIFO,100,reuse_intensive:rep4:req100,reuse_intensive,1,64,0,L0064,8192,0,0,True,1789731655.1272476,8192,8192,8192,15.100543975830078,False,False,False,False,8192,163.84,1,1,8224.0,True,cache_reused,False,False,0,0.0,b972cbca272b1ed8bf1a64ebf89edf73cc881b3fa02cf52ca00db8a5925f7e76,True,,,1,0,276.539287,824.653093,6,8253,4,8224
20260726_formal4t4_reuse_intensive_RateFIFO@rho1.2_rep4,4,RateFIFO@rho1.2,RateFIFO,101,reuse_intensive:rep4:req101,reuse_intensive,1,70,0,L0070,8192,3,,False,1789731655.1272879,0,0,0,,False,False,False,False,0,0.0,0,0,32.0,False,cache_miss,False,False,0,0.0,1060285ba9d9aa8d3c3b5400f94834c31efebeb74e301f0fc3ac74e43a00079d,True,,,1,0,13281.659688,13808.78202,6,8253,4,32
20260726_formal4t4_reuse_intensive_RateFIFO@rho1.2_rep4,4,RateFIFO@rho1.2,RateFIFO,102,reuse_intensive:rep4:req102,reuse_intensive,1,67,0,L0067,8192,1,,False,1789731655.127314,0,0,0,,False,False,False,False,0,0.0,0,0,32.0,False,cache_miss,False,False,0,0.0,26d5680cbf4892ed49a5b0c38d64774caede06077b33a242330829f441ddb92f,True,,,1,0,11288.366204,11778.695785,6,8253,4,32
20260726_formal4t4_reuse_intensive_RateFIFO@rho1.2_rep4,4,RateFIFO@rho1.2,RateFIFO,103,reuse_intensive:rep4:req103,reuse_intensive,1,80,1,L0080,8192,2,,False,1789731655.127335,8192,0,0,451.28049397468567,True,True,False,False,0,0.0,0,0,32.0,False,cache_miss,False,False,0,0.0,72e27842d09f457b558a1849cb746fba63d3625126a1690d4e536af0e0d6e16d,True,,,1,0,11612.154015,12152.695314,6,8253,4,32
20260726_formal4t4_reuse_intensive_RateFIFO@rho1.2_rep4,4,RateFIFO@rho1.2,RateFIFO,104,reuse_intensive:rep4:req104,reuse_intensive,1,64,1,L0064,8192,0,0,True,1789731668.9405174,8192,8192,8192,28.913813829421997,False,False,False,False,8192,163.84,1,1,8224.0,True,cache_reused,False,False,0,0.0,3e1f58880a06abd38c38f18e15c2a621df1eef29f3c7090b659077487a1e5c61,True,,,1,0,416.054938,974.153319,6,8253,4,8224
20260726_formal4t4_reuse_intensive_RateFIFO@rho1.2_rep4,4,RateFIFO@rho1.2,RateFIFO,105,reuse_intensive:rep4:req105,reuse_intensive,1,66,0,L0066,8192,2,,False,1789731668.9405577,8192,0,0,465.0937166213989,True,True,False,False,0,0.0,0,0,32.0,False,cache_miss,False,False,0,0.0,1a3f6daf279996d4b4246823c8a778fcf23979531d916522590b7a81d5944c07,True,,,1,0,13166.700073,13735.689386,6,8253,4,32
20260726_formal4t4_reuse_intensive_RateFIFO@rho1.2_rep4,4,RateFIFO@rho1.2,RateFIFO,106,reuse_intensive:rep4:req106,reuse_intensive,1,78,0,L0078,8192,3,,False,1789731668.9405873,0,0,0,,False,False,False,False,0,0.0,0,0,32.0,False,cache_miss,False,False,0,0.0,9fb78b48e474c5ed3cb6e4f0ffc419773227bf64614c739dbb2ef33d7c6ff563,True,,,1,0,13486.313594,14019.572494,6,8253,4,32
20260726_formal4t4_reuse_intensive_RateFIFO@rho1.2_rep4,4,RateFIFO@rho1.2,RateFIFO,107,reuse_intensive:rep4:req107,reuse_intensive,1,68,0,L0068,8192,1,,False,1789731668.9406085,0,0,0,,False,False,False,False,0,0.0,0,0,32.0,False,cache_miss,False,False,0,0.0,3f3406a754605d692925fd6479a4d50a34e800db3e3a849a05e3f0ccb01ae326,True,,,1,0,11976.645554,12472.301612,6,8253,4,32
20260726_formal4t4_reuse_intensive_RateFIFO@rho1.2_rep4,4,RateFIFO@rho1.2,RateFIFO,108,reuse_intensive:rep4:req108,reuse_intensive,1,64,2,L0064,8192,0,0,True,1789731682.965939,8192,8192,8192,14.028210163116455,False,False,False,False,8192,163.84,1,1,8224.0,True,cache_reused,False,False,0,0.0,6e4cc51c363b0951704cfe17e8e4a5ab66849ccb9bc2dcd33297fdc5c4492dac,True,,,1,0,428.70933,991.500099,6,8253,4,8224
20260726_formal4t4_reuse_intensive_RateFIFO@rho1.2_rep4,4,RateFIFO@rho1.2,RateFIFO,109,reuse_intensive:rep4:req109,reuse_intensive,1,66,1,L0066,8192,1,,False,1789731682.9659772,8192,0,0,479.119136095047,True,True,False,False,0,0.0,0,0,8224.0,False,cache_reused,False,False,0,0.0,53279fd553134bb3b606ae051f097ea4f59ff27638739a546d8ae9ab51aff3e4,True,,,1,0,243.319865,737.11255,6,8253,4,8224
20260726_formal4t4_reuse_intensive_RateFIFO@rho1.2_rep4,4,RateFIFO@rho1.2,RateFIFO,110,reuse_intensive:rep4:req110,reuse_intensive,1,92,0,L0092,8192,2,,False,1789731682.9660058,0,0,0,,False,False,False,False,0,0.0,0,0,32.0,False,cache_miss,False,False,0,0.0,defe5bfce0f3d9a752430964dc533506ca3c2511a9e83fd84e45a858cb442efe,True,,,1,0,10259.389118,10712.580711,6,8253,4,32
20260726_formal4t4_reuse_intensive_RateFIFO@rho1.2_rep4,4,RateFIFO@rho1.2,RateFIFO,111,reuse_intensive:rep4:req111,reuse_intensive,1,81,0,L0081,8192,3,,False,1789731682.9660277,0,0,0,,False,False,False,False,0,0.0,0,0,32.0,False,cache_miss,False,False,0,0.0,6091c7a22efd8bac3408de7e202fc8ec2be99072c75a026552bf2aaad78e42fc,True,,,1,0,13100.815044,13617.371163,6,8253,4,32
20260726_formal4t4_reuse_intensive_RateFIFO@rho1.2_rep4,4,RateFIFO@rho1.2,RateFIFO,112,reuse_intensive:rep4:req112,reuse_intensive,1,64,0,L0064,8192,0,0,False,1789731696.5901425,8192,8192,8192,13.627046346664429,False,False,False,False,8192,0.0,1,1,8224.0,False,cache_reused,False,False,0,0.0,6f1f87d9c7f552fef17f2e66fc8acd8fd1f6c2406d60184fb92844c5d7c02850,True,,,1,0,442.24521,1546.036435,6,8253,4,8224
20260726_formal4t4_reuse_intensive_RateFIFO@rho1.2_rep4,4,RateFIFO@rho1.2,RateFIFO,113,reuse_intensive:rep4:req113,reuse_intensive,1,110,0,L0110,8192,3,,False,1789731696.590197,0,0,0,,False,False,False,False,0,0.0,0,0,32.0,False,cache_miss,False,False,0,0.0,3b663001c09c2dd5d4da8965281ed83f26fe7089ccbfba65172fae68e6078bb5,True,,,1,0,13017.774666,13535.369079,6,8253,4,32
20260726_formal4t4_reuse_intensive_RateFIFO@rho1.2_rep4,4,RateFIFO@rho1.2,RateFIFO,114,reuse_intensive:rep4:req114,reuse_intensive,1,65,0,L0065,8192,0,0,True,1789731696.590234,8192,8192,8192,133.23789310455322,False,False,False,False,8192,161.84,1,1,8224.0,True,cache_reused,False,False,0,0.0,ccabe5d041eb242f67ae953638364b2adb0f644ab17414233f5e879bef079699,True,,,1,0,849.619742,1725.721574,6,8253,4,8224
20260726_formal4t4_reuse_intensive_RateFIFO@rho1.2_rep4,4,RateFIFO@rho1.2,RateFIFO,115,reuse_intensive:rep4:req115,reuse_intensive,1,66,2,L0066,8192,2,,False,1789731696.5902605,8192,0,0,492.7434194087982,True,True,False,False,0,0.0,0,0,8224.0,False,cache_reused,False,False,0,0.0,291b9e2bead37c5f9aa672ec74f05a244776be9e3d1aefac8d7352bcfc77648b,True,,,1,0,423.316986,1001.019564,6,8253,4,8224
20260726_formal4t4_reuse_intensive_RateFIFO@rho1.2_rep4,4,RateFIFO@rho1.2,RateFIFO,116,reuse_intensive:rep4:req116,reuse_intensive,1,66,0,L0066,8192,2,,False,1789731710.1299903,8192,0,0,506.2831492424011,True,True,False,False,0,0.0,0,0,8224.0,False,cache_reused,False,False,0,0.0,cd5c69830cd9eb0e708db1b90d807866685f191adfb3d10541b8d4ec8bb4a654,True,,,1,0,420.080875,993.468796,6,8253,4,8224
20260726_formal4t4_reuse_intensive_RateFIFO@rho1.2_rep4,4,RateFIFO@rho1.2,RateFIFO,117,reuse_intensive:rep4:req117,reuse_intensive,1,65,1,L0065,8192,0,0,True,1789731710.1300454,8192,8192,8192,146.77770447731018,False,False,False,False,8192,163.84,1,1,8224.0,True,cache_reused,False,False,0,0.0,333e4affa965e948400637cab10667274184e384fd9592c9380aa3c88334f848,True,,,1,0,413.734258,1461.821009,6,8253,4,8224
20260726_formal4t4_reuse_intensive_RateFIFO@rho1.2_rep4,4,RateFIFO@rho1.2,RateFIFO,118,reuse_intensive:rep4:req118,reuse_intensive,1,64,1,L0064,8192,0,0,True,1789731710.130084,8192,8192,8192,13.542638778686523,False,False,False,False,8192,161.84,1,1,8224.0,True,cache_reused,False,False,0,0.0,3990e821a609083efee48751aea75a2fa53ba2c0aed00a5e4d7f41dd9bd03720,True,,,1,0,770.681823,1646.931615,6,8253,4,8224
20260726_formal4t4_reuse_intensive_RateFIFO@rho1.2_rep4,4,RateFIFO@rho1.2,RateFIFO,119,reuse_intensive:rep4:req119,reuse_intensive,1,69,0,L0069,8192,3,,False,1789731710.130111,8192,0,0,506.28326988220215,True,True,False,False,0,0.0,0,0,8224.0,False,cache_reused,False,False,0,0.0,981716d20d2f3140a1717f8bbc5f9d80616b234c899c370b3be6a8962114b384,True,,,1,0,247.561413,749.875073,6,8253,4,8224
20260726_formal4t4_reuse_intensive_Ideal_rep4,4,Ideal,Ideal,24,reuse_intensive:rep4:req24,reuse_intensive,0,21,0,L0021,8192,2,,False,1789731901.3296254,0,0,0,,False,False,False,False,0,0.0,0,0,32.0,False,cache_miss,False,False,0,0.0,6084b90f91958a8a02a56d8428c8c5e1930367dcb662b2e623b2ee7af171aea0,True,,,1,0,11369.207585,11905.105856,6,8252,4,32
20260726_formal4t4_reuse_intensive_Ideal_rep4,4,Ideal,Ideal,25,reuse_intensive:rep4:req25,reuse_intensive,0,1,2,L0001,8192,1,1;2,True,1789731901.329678,8192,8192,8192,157.82843589782715,False,False,False,False,8192,163.84,2,2,8224.0,True,cache_reused,False,False,0,0.0,7539756a068da27d38209f2647a53c582194307b5214ba5aacac396fd83b7964,True,,,1,0,235.296961,708.0099,6,8252,4,8224
20260726_formal4t4_reuse_intensive_Ideal_rep4,4,Ideal,Ideal,26,reuse_intensive:rep4:req26,reuse_intensive,0,2,0,L0002,8192,3,0;1;2;3,False,1789731901.3297215,8192,8192,8192,145.14386653900146,False,False,False,False,8192,0.0,4,4,8224.0,False,cache_reused,False,False,0,0.0,4c52276ff4df152def34bb48cc30bff5f3da49b1912851d141f2e92f88d4822d,True,,,1,0,234.725851,719.612358,6,8252,4,8224
20260726_formal4t4_reuse_intensive_Ideal_rep4,4,Ideal,Ideal,27,reuse_intensive:rep4:req27,reuse_intensive,0,7,2,L0007,8192,0,0;1;2;3,False,1789731901.329754,8192,8192,8192,0.9653100967407227,False,False,False,False,8192,0.0,4,4,8224.0,False,cache_reused,False,False,0,0.0,a57365283639e944e83c84048bc9d048a4e55bc6851dea85c38e4f93f3188303,True,,,1,0,257.155821,782.256444,6,8252,4,8224
20260726_formal4t4_reuse_intensive_Ideal_rep4,4,Ideal,Ideal,28,reuse_intensive:rep4:req28,reuse_intensive,0,0,0,L0000,8192,3,3,True,1789731913.2376595,8192,8192,8192,11.90807318687439,False,False,False,False,8192,163.84,1,1,8224.0,True,cache_reused,False,False,0,0.0,03101a33f5506c5279d2aaa9ef47148750687d988184054a4b19ba0905c73f13,True,,,1,0,381.006905,900.703116,6,8252,4,8224
20260726_formal4t4_reuse_intensive_Ideal_rep4,4,Ideal,Ideal,29,reuse_intensive:rep4:req29,reuse_intensive,0,43,0,L0043,8192,1,,False,1789731913.237697,0,0,0,,False,False,False,False,0,0.0,0,0,32.0,False,cache_miss,False,False,0,0.0,5b8995a57dacf6cace4bcdda3a5646ae3da1dbd5d741a01942921714cef50d52,True,,,1,0,10474.080565,10953.611731,6,8252,4,32
20260726_formal4t4_reuse_intensive_Ideal_rep4,4,Ideal,Ideal,30,reuse_intensive:rep4:req30,reuse_intensive,0,6,2,L0006,8192,0,0;1;2;3,False,1789731913.2377388,8192,8192,8192,117.05523920059204,False,False,False,False,8192,0.0,4,4,8224.0,False,cache_reused,False,False,0,0.0,c5d9ab05e959ac7b0549292ee1eb6e664062a26f29d4092d8588ef1c91db02be,True,,,1,0,406.316717,904.51967,6,8252,4,8224
20260726_formal4t4_reuse_intensive_Ideal_rep4,4,Ideal,Ideal,31,reuse_intensive:rep4:req31,reuse_intensive,0,11,0,L0011,8192,2,0;1;2;3,False,1789731913.2377768,8192,8192,8192,50.07533049583435,False,False,False,False,8192,0.0,4,4,8224.0,False,cache_reused,False,False,0,0.0,4263c119b8319795ff08c1ccda1fa72f947d72e9ae9c925b623f4b7925ea67a8,True,,,1,0,242.897461,730.593288,6,8252,4,8224
20260726_formal4t4_reuse_intensive_Ideal_rep4,4,Ideal,Ideal,32,reuse_intensive:rep4:req32,reuse_intensive,0,15,1,L0015,8192,0,0;1;2;3,False,1789731924.1954556,8192,8192,8192,26.123562574386597,False,False,False,False,8192,0.0,4,4,8224.0,False,cache_reused,False,False,0,0.0,c78276eff2c192be97c7e02ab7efba55e8e7fb6493a0426cef84973af2153543,True,,,1,0,384.887564,917.702099,6,8252,4,8224
20260726_formal4t4_reuse_intensive_Ideal_rep4,4,Ideal,Ideal,33,reuse_intensive:rep4:req33,reuse_intensive,0,33,0,L0033,8192,3,,False,1789731924.1954932,0,0,0,,False,False,False,False,0,0.0,0,0,32.0,False,cache_miss,False,False,0,0.0,6b862e8773a351b7bacf6ca4e96c5830b03ae745dcf6ac0b2c251e1758e98aa8,True,,,1,0,10873.969224,11387.614613,6,8252,4,32
20260726_formal4t4_reuse_intensive_Ideal_rep4,4,Ideal,Ideal,34,reuse_intensive:rep4:req34,reuse_intensive,0,10,0,L0010,8192,2,0;1;2;3,False,1789731924.1955335,8192,8192,8192,74.77773809432983,False,False,False,False,8192,0.0,4,4,8224.0,False,cache_reused,False,False,0,0.0,88574df43f455ac64dec6e454dc249b990ef9507a144163f3fd204408a1dfdc3,True,,,1,0,392.095249,936.765501,6,8252,4,8224
20260726_formal4t4_reuse_intensive_Ideal_rep4,4,Ideal,Ideal,35,reuse_intensive:rep4:req35,reuse_intensive,0,22,0,L0022,8192,1,,False,1789731924.195559,0,0,0,,False,False,False,False,0,0.0,0,0,32.0,False,cache_miss,False,False,0,0.0,9fccc8499b657d8981c8a6c41e75456ad887dd7616bf514c2763d9d84acc6e53,True,,,1,0,11476.027813,11989.061756,6,8252,4,32
20260726_formal4t4_reuse_intensive_Ideal_rep4,4,Ideal,Ideal,36,reuse_intensive:rep4:req36,reuse_intensive,0,0,1,L0000,8192,3,3,True,1789731936.1910791,8192,8192,8192,11.998052597045898,False,False,False,False,8192,163.84,1,1,8224.0,True,cache_reused,False,False,0,0.0,dabdba8ba104408a88f198a75b28209d96e79d21817dfbbf1afd23252891b5e5,True,,,1,0,246.987578,794.682436,6,8252,4,8224
20260726_formal4t4_reuse_intensive_Ideal_rep4,4,Ideal,Ideal,37,reuse_intensive:rep4:req37,reuse_intensive,0,23,0,L0023,8192,2,,False,1789731936.1911168,0,0,0,,False,False,False,False,0,0.0,0,0,32.0,False,cache_miss,False,False,0,0.0,8c2fb51c5c26300a717b46fbc092366a04eac959aab7938ecd775ea51070a48c,True,,,1,0,9729.576589,10181.413644,6,8252,4,32
20260726_formal4t4_reuse_intensive_Ideal_rep4,4,Ideal,Ideal,38,reuse_intensive:rep4:req38,reuse_intensive,0,9,0,L0009,8192,1,0;1;2;3,False,1789731936.191172,8192,8192,8192,101.09924674034119,False,False,False,False,8192,0.0,4,4,8224.0,False,cache_reused,False,False,0,0.0,8903253da79794b51fe66c165a8d0c55eb40e017dede0de839b96e5ffc007afa,True,,,1,0,224.153653,689.546587,6,8252,4,8224
20260726_formal4t4_reuse_intensive_Ideal_rep4,4,Ideal,Ideal,39,reuse_intensive:rep4:req39,reuse_intensive,0,0,2,L0000,8192,3,3,True,1789731936.191206,8192,8192,8192,11.99817943572998,False,False,False,False,8192,161.84,1,1,8224.0,True,cache_reused,False,False,0,0.0,7eb46a657bc0ad3aa4f0942d6faa594f5b7823b83b0b92fb6e49786e8f8e4833,True,,,1,0,426.612039,959.808248,6,8252,4,8224
20260726_formal4t4_reuse_intensive_Ideal_rep4,4,Ideal,Ideal,40,reuse_intensive:rep4:req40,reuse_intensive,0,44,0,L0044,8192,1,,False,1789731946.376649,0,0,0,,False,False,False,False,0,0.0,0,0,32.0,False,cache_miss,False,False,0,0.0,ed2efac4fc1f38dbcc6c210e8c6ab2e7f11b43f432a9e7e625eb26cc74e0100d,True,,,1,0,11158.982318,11685.286238,6,8252,4,32
20260726_formal4t4_reuse_intensive_Ideal_rep4,4,Ideal,Ideal,41,reuse_intensive:rep4:req41,reuse_intensive,0,2,1,L0002,8192,3,0;1;2;3,False,1789731946.3767085,8192,8192,8192,33.140217542648315,False,False,False,False,8192,0.0,4,4,8224.0,False,cache_reused,False,False,0,0.0,179e665dc223c19f6615a2c3b32b90a197006249541acd844d633f14ed16eee4,True,,,1,0,363.331729,859.42356,6,8252,4,8224
20260726_formal4t4_reuse_intensive_Ideal_rep4,4,Ideal,Ideal,42,reuse_intensive:rep4:req42,reuse_intensive,0,11,1,L0011,8192,0,0;1;2;3,False,1789731946.3767514,8192,8192,8192,83.21431875228882,False,False,False,False,8192,0.0,4,4,8224.0,False,cache_reused,False,False,0,0.0,295d8a2260130067b88ca25e56ecf69cd6b04e14d3703d124ae1cdc025a9073c,True,,,1,0,441.369614,1045.679818,6,8252,4,8224
20260726_formal4t4_reuse_intensive_Ideal_rep4,4,Ideal,Ideal,43,reuse_intensive:rep4:req43,reuse_intensive,0,23,1,L0023,8192,2,2,False,1789731946.3767848,8192,8192,8192,0.0019087791442871094,False,False,False,False,8192,0.0,1,1,8224.0,False,cache_reused,False,False,0,0.0,0dd1c04b9b24d6d52566bf5f469735f5b6c604f5da050702e167e86a9f74cba6,True,,,1,0,221.826985,677.088637,6,8252,4,8224
20260726_formal4t4_reuse_intensive_Ideal_rep4,4,Ideal,Ideal,44,reuse_intensive:rep4:req44,reuse_intensive,0,4,0,L0004,8192,0,0;3,False,1789731958.0647135,8192,8192,8192,186.48943519592285,False,False,False,False,8192,0.0,2,2,8224.0,False,cache_reused,False,False,0,0.0,a03b2d5e8ca7bad0131fd999dfe630e390ec40b3b4d8f553412f9dfb86252723,True,,,1,0,417.887544,1025.674118,6,8252,4,8224
20260726_formal4t4_reuse_intensive_Ideal_rep4,4,Ideal,Ideal,45,reuse_intensive:rep4:req45,reuse_intensive,0,0,0,L0000,8192,3,3,True,1789731958.064764,8192,8192,8192,11.688722372055054,False,False,False,False,8192,163.84,1,1,8224.0,True,cache_reused,False,False,0,0.0,52d7ae8333f26885f9b3938f541f60b0c46fadba6b9de827736c907b5f5b7ef7,True,,,1,0,387.468622,949.96142,6,8252,4,8224
20260726_formal4t4_reuse_intensive_Ideal_rep4,4,Ideal,Ideal,46,reuse_intensive:rep4:req46,reuse_intensive,0,36,0,L0036,8192,1,,False,1789731958.0647936,0,0,0,,False,False,False,False,0,0.0,0,0,32.0,False,cache_miss,False,False,0,0.0,9057be0c61d3d0c72867917fdac13184e8b322c42ba49b21903c1d396d012256,True,,,1,0,10831.412756,11350.274065,6,8252,4,32
20260726_formal4t4_reuse_intensive_Ideal_rep4,4,Ideal,Ideal,47,reuse_intensive:rep4:req47,reuse_intensive,0,0,1,L0000,8192,3,3,True,1789731958.0648239,8192,8192,8192,11.688782215118408,False,False,False,False,8192,161.84,1,1,8224.0,True,cache_reused,False,False,0,0.0,557ff2cf8d8a40684dcafef822af047b621c9f6f3f1b0331565c9b68f725bcc8,True,,,1,0,581.324131,1118.388876,6,8252,4,8224
20260726_formal4t4_reuse_intensive_Ideal_rep4,4,Ideal,Ideal,48,reuse_intensive:rep4:req48,reuse_intensive,0,0,2,L0000,8192,3,3,False,1789731969.4204915,8192,8192,8192,0.0006151199340820312,False,False,False,False,8192,0.0,1,1,8224.0,False,cache_reused,False,False,0,0.0,7ad5ac9897ee11cec9273921d21b3a8a425614aab8c628ee2b3eb767c248847e,True,,,1,0,388.364635,939.015593,6,8252,4,8224
20260726_formal4t4_reuse_intensive_Ideal_rep4,4,Ideal,Ideal,49,reuse_intensive:rep4:req49,reuse_intensive,0,0,0,L0000,8192,3,3,True,1789731969.4205394,8192,8192,8192,0.0006630420684814453,False,False,False,False,8192,161.84,1,1,8224.0,True,cache_reused,False,False,0,0.0,b567c668bb96fcb8121a02a37b77e097ad572ede4e4b45c87231d2487ac4ca58,True,,,1,0,576.095919,1106.410767,6,8252,4,8224
20260726_formal4t4_reuse_intensive_Ideal_rep4,4,Ideal,Ideal,50,reuse_intensive:rep4:req50,reuse_intensive,0,1,0,L0001,8192,1,1;2,False,1789731969.420575,8192,8192,8192,56.18466639518738,False,False,False,False,8192,0.0,2,2,8224.0,False,cache_reused,False,False,0,0.0,ea7e1c651d687e774a4979c3efb91196c44ca5d76d120dc2909a9361a0f2963f,True,,,1,0,226.806069,699.269375,6,8252,4,8224
20260726_formal4t4_reuse_intensive_Ideal_rep4,4,Ideal,Ideal,51,reuse_intensive:rep4:req51,reuse_intensive,0,26,0,L0026,8192,2,,False,1789731969.420601,0,0,0,,False,False,False,False,0,0.0,0,0,32.0,False,cache_miss,False,False,0,0.0,ab23ec4431c7e7c77bc5a3de03c5c98fc1de668a4847cea3d00dd616899f91ba,True,,,1,0,10745.084597,11252.823096,6,8252,4,32
20260726_formal4t4_reuse_intensive_Ideal_rep4,4,Ideal,Ideal,52,reuse_intensive:rep4:req52,reuse_intensive,0,23,2,L0023,8192,2,2,False,1789731980.6799505,8192,8192,8192,22.615856409072876,False,False,False,False,8192,0.0,1,1,8224.0,False,cache_reused,False,False,0,0.0,ddf1c7fd7ca4ffe636d7279abf5bb6929aff340607f6f589c5687248fa67650f,True,,,1,0,232.146135,685.247596,6,8252,4,8224
20260726_formal4t4_reuse_intensive_Ideal_rep4,4,Ideal,Ideal,53,reuse_intensive:rep4:req53,reuse_intensive,0,4,1,L0004,8192,0,0;3,False,1789731980.6800025,8192,8192,8192,11.261960744857788,False,False,False,False,8192,0.0,2,2,8224.0,False,cache_reused,False,False,0,0.0,ac25badeca96a4d4fe217fc668d3d7d3be00fa2e5b864dbddb01bd3a580b73b5,True,,,1,0,442.473434,1045.442458,6,8252,4,8224
20260726_formal4t4_reuse_intensive_Ideal_rep4,4,Ideal,Ideal,54,reuse_intensive:rep4:req54,reuse_intensive,0,0,1,L0000,8192,3,3,True,1789731980.6800404,8192,8192,8192,0.0018703937530517578,False,False,False,False,8192,163.84,1,1,8224.0,True,cache_reused,False,False,0,0.0,89d52b012deb02110654ffc30953d75c1e41c3b742e215a16c9837d6ccf95479,True,,,1,0,380.566489,938.62336,6,8252,4,8224
20260726_formal4t4_reuse_intensive_Ideal_rep4,4,Ideal,Ideal,55,reuse_intensive:rep4:req55,reuse_intensive,0,0,2,L0000,8192,3,3,True,1789731980.68007,8192,8192,8192,0.0018999576568603516,False,False,False,False,8192,161.84,1,1,8224.0,True,cache_reused,False,False,0,0.0,70360c5615a8a22663ab8c1c116cbcde1e0860fcfe0289e217852d8bb4977d1d,True,,,1,0,574.442211,1106.240237,6,8252,4,8224
20260726_formal4t4_reuse_intensive_Ideal_rep4,4,Ideal,Ideal,56,reuse_intensive:rep4:req56,reuse_intensive,0,63,0,L0063,8192,2,,False,1789731981.7910762,0,0,0,,False,False,False,False,0,0.0,0,0,32.0,False,cache_miss,False,False,0,0.0,f8dce29e0f9422fa258b0db0d40b2ce52cdc4fe514b053940a17394e1cc45b08,True,,,1,0,10766.948544,11253.910673,6,8252,4,32
20260726_formal4t4_reuse_intensive_Ideal_rep4,4,Ideal,Ideal,57,reuse_intensive:rep4:req57,reuse_intensive,0,5,0,L0005,8192,1,0;1;2;3,False,1789731981.7910974,8192,8192,8192,82.84705805778503,False,False,False,False,8192,0.0,4,4,8224.0,False,cache_reused,False,False,0,0.0,b594b68e0d9b679366dd783194eb6d4c896fad52a680aca5bdb74b4558105938,True,,,1,0,362.539644,1329.780023,6,8252,4,8224
20260726_formal4t4_reuse_intensive_Ideal_rep4,4,Ideal,Ideal,58,reuse_intensive:rep4:req58,reuse_intensive,0,1,1,L0001,8192,1,1;2,True,1789731981.7911117,8192,8192,8192,1.112380027770996,False,False,False,False,8192,161.84,2,2,8224.0,True,cache_reused,False,False,0,0.0,1b83320fd4da9b24757bd10f8f66d8b795b79369c5c4dbf3ddc6781ac560098d,True,,,1,0,725.225604,1486.663125,6,8252,4,8224
20260726_formal4t4_reuse_intensive_Ideal_rep4,4,Ideal,Ideal,59,reuse_intensive:rep4:req59,reuse_intensive,0,15,2,L0015,8192,3,0;1;2;3,False,1789731981.791124,8192,8192,8192,99.8801531791687,False,False,False,False,8192,0.0,4,4,8224.0,False,cache_reused,False,False,0,0.0,f79c1a58bb61b3ab1743d02e4886eee5ce63f3468b3fda84ac8d59d9d77439ff,True,,,1,0,271.385172,824.26875,6,8252,4,8224
20260726_formal4t4_reuse_intensive_Ideal_rep4,4,Ideal,Ideal,60,reuse_intensive:rep4:req60,reuse_intensive,1,65,0,L0065,8192,1,,False,1789731993.0476432,0,0,0,,False,False,False,False,0,0.0,0,0,32.0,False,cache_miss,False,False,0,0.0,024964d1a76f4c5bc1f22dfcc99705b418e7231aa867a58b479b50ed2a438326,True,,,1,0,11124.337525,11640.60592,6,8252,4,32
20260726_formal4t4_reuse_intensive_Ideal_rep4,4,Ideal,Ideal,61,reuse_intensive:rep4:req61,reuse_intensive,1,69,0,L0069,8192,3,,False,1789731993.0476797,0,0,0,,False,False,False,False,0,0.0,0,0,32.0,False,cache_miss,False,False,0,0.0,e064c087bc2d73b361c44efba62a2c7ba0d39305477a8a97420bedb9f7855fe1,True,,,1,0,11798.260377,12323.860212,6,8252,4,32
20260726_formal4t4_reuse_intensive_Ideal_rep4,4,Ideal,Ideal,62,reuse_intensive:rep4:req62,reuse_intensive,1,66,0,L0066,8192,2,,False,1789731993.047706,0,0,0,,False,False,False,False,0,0.0,0,0,32.0,False,cache_miss,False,False,0,0.0,5f4e20f0854467db6a5ce2dc7fd30edec766b3b7427bec1f5b1547ff89d61723,True,,,1,0,10741.593435,11241.41979,6,8252,4,32
20260726_formal4t4_reuse_intensive_Ideal_rep4,4,Ideal,Ideal,63,reuse_intensive:rep4:req63,reuse_intensive,1,75,0,L0075,8192,0,,False,1789731993.0477273,0,0,0,,False,False,False,False,0,0.0,0,0,32.0,False,cache_miss,False,False,0,0.0,e60b831c617e9dee960c3cf30867a1965e3698710a22ecf16aecf05118ef48fa,True,,,1,0,11719.450059,12273.682256,6,8252,4,32
20260726_formal4t4_reuse_intensive_Ideal_rep4,4,Ideal,Ideal,64,reuse_intensive:rep4:req64,reuse_intensive,1,64,0,L0064,8192,1,,False,1789732005.3740644,0,0,0,,False,False,False,False,0,0.0,0,0,32.0,False,cache_miss,False,False,0,0.0,5bcb1ddb5527921c0d9998f7fbc0c065cff592adfbf06eabad54714b500f5c46,True,,,1,0,11870.732644,12849.496792,6,8252,4,32
20260726_formal4t4_reuse_intensive_Ideal_rep4,4,Ideal,Ideal,65,reuse_intensive:rep4:req65,reuse_intensive,1,64,1,L0064,8192,0,,False,1789732005.3740778,0,0,0,,False,False,False,False,0,0.0,0,0,32.0,False,cache_miss,False,False,0,0.0,554b70aae01da91b70879d610f5920b4fcca8781e904fc29ff09a0d4df863979,True,,,1,0,10985.237454,11485.888003,6,8252,4,32
20260726_formal4t4_reuse_intensive_Ideal_rep4,4,Ideal,Ideal,66,reuse_intensive:rep4:req66,reuse_intensive,1,64,2,L0064,8192,3,,False,1789732005.3740857,0,0,0,,False,False,False,False,0,0.0,0,0,32.0,False,cache_miss,False,False,0,0.0,9f34837903dcafcca47efb4864ad0b253f178bd810c190b788ee898c930795d5,True,,,1,0,11950.871657,12450.369136,6,8252,4,32
20260726_formal4t4_reuse_intensive_Ideal_rep4,4,Ideal,Ideal,67,reuse_intensive:rep4:req67,reuse_intensive,1,65,1,L0065,8192,1,1,True,1789732005.374097,8192,8192,8192,0.0008714199066162109,False,False,False,False,8192,161.84,1,1,8224.0,True,cache_reused,False,False,0,0.0,9d55293943b72a9a7f5b038ffd2576249a454efb296df3c6b0004619ce93075b,True,,,1,0,11869.47859,12848.332481,6,8252,4,8224
20260726_formal4t4_reuse_intensive_Ideal_rep4,4,Ideal,Ideal,68,reuse_intensive:rep4:req68,reuse_intensive,1,64,0,L0064,8192,3,0;1;3,True,1789732018.2264845,8192,8192,8192,0.0011954307556152344,False,False,False,False,8192,163.84,3,3,8224.0,True,cache_reused,False,False,0,0.0,7e327c6062852bc1a8e4858ab783b956491d75d6e49bb4df07fcc6fc947eab20,True,,,1,0,248.525925,1245.287492,6,8252,4,8224
20260726_formal4t4_reuse_intensive_Ideal_rep4,4,Ideal,Ideal,69,reuse_intensive:rep4:req69,reuse_intensive,1,77,0,L0077,8192,0,,False,1789732018.226524,0,0,0,,False,False,False,False,0,0.0,0,0,32.0,False,cache_miss,False,False,0,0.0,079aa5f1988381279ec66595f4611f880ec4644d9cea7aaf6fa38da9211a2a70,True,,,1,0,12280.914384,12840.520248,6,8252,4,32
20260726_formal4t4_reuse_intensive_Ideal_rep4,4,Ideal,Ideal,70,reuse_intensive:rep4:req70,reuse_intensive,1,64,1,L0064,8192,1,0;1;3,True,1789732018.2265666,8192,8192,8192,0.0025527477264404297,False,False,False,False,8192,163.84,3,3,8224.0,True,cache_reused,False,False,0,0.0,2dfe3323a7ca2ee242b9bbce3767e727e5dbdc2f78aeef039828082eaa9a5c79,True,,,1,0,250.736567,736.773631,6,8252,4,8224
20260726_formal4t4_reuse_intensive_Ideal_rep4,4,Ideal,Ideal,71,reuse_intensive:rep4:req71,reuse_intensive,1,69,1,L0069,8192,3,3,True,1789732018.2265987,8192,8192,8192,12.85311508178711,False,False,False,False,8192,161.84,1,1,8224.0,True,cache_reused,False,False,0,0.0,bd821fd24b9e397e725a33c90c9b6baae59a071be366aa34efcfba343ba3c498,True,,,1,0,576.203695,1417.182475,6,8252,4,8224
20260726_formal4t4_reuse_intensive_Ideal_rep4,4,Ideal,Ideal,72,reuse_intensive:rep4:req72,reuse_intensive,1,64,2,L0064,8192,1,0;1;3,False,1789732031.071133,8192,8192,8192,0.0011703968048095703,False,False,False,False,8192,0.0,3,3,8224.0,False,cache_reused,False,False,0,0.0,7fbdd7cedf8332431a5a178b74d555e1e174ed5d9df1d8a530eacfa32b49496f,True,,,1,0,369.423909,878.484787,6,8252,4,8224
20260726_formal4t4_reuse_intensive_Ideal_rep4,4,Ideal,Ideal,73,reuse_intensive:rep4:req73,reuse_intensive,1,69,2,L0069,8192,3,3,True,1789732031.0711906,8192,8192,8192,0.0006623268127441406,False,False,False,False,8192,163.84,1,1,8224.0,True,cache_reused,False,False,0,0.0,a226b9e01ed158dde658f087c4ee4d446316d0611790bda2b8594d007b8d84da,True,,,1,0,424.225402,960.78581,6,8252,4,8224
20260726_formal4t4_reuse_intensive_Ideal_rep4,4,Ideal,Ideal,74,reuse_intensive:rep4:req74,reuse_intensive,1,76,0,L0076,8192,2,,False,1789732031.071219,0,0,0,,False,False,False,False,0,0.0,0,0,32.0,False,cache_miss,False,False,0,0.0,223a7775dff4524cad92cd55b00fed090c051c88720eedd3072c848d4770ac09,True,,,1,0,9751.433563,10212.509302,6,8252,4,32
20260726_formal4t4_reuse_intensive_Ideal_rep4,4,Ideal,Ideal,75,reuse_intensive:rep4:req75,reuse_intensive,1,64,0,L0064,8192,0,0;1;3,False,1789732031.0712535,8192,8192,8192,12.846561431884766,False,False,False,False,8192,0.0,3,3,8224.0,False,cache_reused,False,False,0,0.0,55602f478038078915e5cf907b938dbfcb30ca4c40fc205cf39972258ce97473,True,,,1,0,249.424016,753.114631,6,8252,4,8224
20260726_formal4t4_reuse_intensive_Ideal_rep4,4,Ideal,Ideal,76,reuse_intensive:rep4:req76,reuse_intensive,1,76,1,L0076,8192,2,2,True,1789732041.2890694,8192,8192,8192,0.001194000244140625,False,False,False,False,8192,163.84,1,1,8224.0,True,cache_reused,False,False,0,0.0,da2547cd7c99df9842c78cbd2c59065c05eb5fafd6c1389fc2f86fcc4a18e5aa,True,,,1,0,234.587355,1169.91026,6,8252,4,8224
20260726_formal4t4_reuse_intensive_Ideal_rep4,4,Ideal,Ideal,77,reuse_intensive:rep4:req77,reuse_intensive,1,64,1,L0064,8192,3,0;1;3,False,1789732041.289123,8192,8192,8192,10.220404148101807,False,False,False,False,8192,0.0,3,3,8224.0,False,cache_reused,False,False,0,0.0,dcc4525b18ba476ef33872ea2bb1f62f4968649a780fab6fa0e0f6ecea26f71a,True,,,1,0,419.547109,924.303303,6,8252,4,8224
20260726_formal4t4_reuse_intensive_Ideal_rep4,4,Ideal,Ideal,78,reuse_intensive:rep4:req78,reuse_intensive,1,66,1,L0066,8192,2,2,True,1789732041.2891674,8192,8192,8192,35.915491819381714,False,False,False,False,8192,161.84,1,1,8224.0,True,cache_reused,False,False,0,0.0,abf38b76a8a0f86759da4535834220da09f8c2b1ed320e6901ea1b565d80fbe6,True,,,1,0,546.263535,1335.415001,6,8252,4,8224
20260726_formal4t4_reuse_intensive_Ideal_rep4,4,Ideal,Ideal,79,reuse_intensive:rep4:req79,reuse_intensive,1,64,2,L0064,8192,0,0;1;3,False,1789732041.2892015,8192,8192,8192,0.0007395744323730469,False,False,False,False,8192,0.0,3,3,8224.0,False,cache_reused,False,False,0,0.0,e660bf8567e1ab5ddca65f9e39e1d17527e9f253d9d36ead7d15e97f95d903d9,True,,,1,0,382.946073,896.744057,6,8252,4,8224
20260726_formal4t4_reuse_intensive_Ideal_rep4,4,Ideal,Ideal,80,reuse_intensive:rep4:req80,reuse_intensive,1,64,0,L0064,8192,0,0;1;3,False,1789732042.6298716,8192,8192,8192,0.0006084442138671875,False,False,False,False,8192,0.0,3,3,8224.0,False,cache_reused,False,False,0,0.0,355a01cc1c5b3cfb2dd13dfb7fece0aeb3e6834b5da6f2637197014eadd638f2,True,,,1,0,247.554617,751.049309,6,8252,4,8224
20260726_formal4t4_reuse_intensive_Ideal_rep4,4,Ideal,Ideal,81,reuse_intensive:rep4:req81,reuse_intensive,1,64,1,L0064,8192,3,0;1;3,True,1789732042.6299257,8192,8192,8192,0.0018041133880615234,False,False,False,False,8192,163.84,3,3,8224.0,True,cache_reused,False,False,0,0.0,57ebada825478dbe5c8e5910b3140754a6bc30b47a171ce79091d6b4d8e55bc8,True,,,1,0,234.405705,735.784068,6,8252,4,8224
20260726_formal4t4_reuse_intensive_Ideal_rep4,4,Ideal,Ideal,82,reuse_intensive:rep4:req82,reuse_intensive,1,76,2,L0076,8192,2,2,True,1789732042.6299617,8192,8192,8192,0.002485990524291992,False,False,False,False,8192,163.84,1,1,8224.0,True,cache_reused,False,False,0,0.0,3a1996dab1a554ca036c82abe9f7a2bb79a65e8d07ea01b9c0b1cde8d6161807,True,,,1,0,227.993606,688.635223,6,8252,4,8224
20260726_formal4t4_reuse_intensive_Ideal_rep4,4,Ideal,Ideal,83,reuse_intensive:rep4:req83,reuse_intensive,1,64,2,L0064,8192,1,0;1;3,False,1789732042.6299963,8192,8192,8192,1.3433685302734375,False,False,False,False,8192,0.0,3,3,8224.0,False,cache_reused,False,False,0,0.0,6e68f13cea355ab7dad98bb86d5acdc2a17d31f8200ade751cbe8130e057d5ac,True,,,1,0,381.443098,878.049078,6,8252,4,8224
20260726_formal4t4_reuse_intensive_Ideal_rep4,4,Ideal,Ideal,84,reuse_intensive:rep4:req84,reuse_intensive,1,64,0,L0064,8192,0,0;1;3,False,1789732043.5144532,8192,8192,8192,0.002456188201904297,False,False,False,False,8192,0.0,3,3,8224.0,False,cache_reused,False,False,0,0.0,e856055016fa7c7f4c42e8c35a94ded0952ccfce2dedc8f447d112892123e9c0,True,,,1,0,248.209577,757.792138,6,8252,4,8224
20260726_formal4t4_reuse_intensive_Ideal_rep4,4,Ideal,Ideal,85,reuse_intensive:rep4:req85,reuse_intensive,1,64,1,L0064,8192,1,0;1;3,False,1789732043.5145051,8192,8192,8192,0.0006964206695556641,False,False,False,False,8192,0.0,3,3,8224.0,False,cache_reused,False,False,0,0.0,05a01e442bbbaa77da47357a762d0af7b05a64b297db9395ee5b20e1ece6b900,True,,,1,0,243.853955,1228.222204,6,8252,4,8224
20260726_formal4t4_reuse_intensive_Ideal_rep4,4,Ideal,Ideal,86,reuse_intensive:rep4:req86,reuse_intensive,1,65,2,L0065,8192,1,1,True,1789732043.5145416,8192,8192,8192,25.28868556022644,False,False,False,False,8192,161.84,1,1,8224.0,True,cache_reused,False,False,0,0.0,473fa440ecb8fadffddfe58126c73480671a33e26478c4f283df2237fa1c61e5,True,,,1,0,570.939054,1400.37611,6,8252,4,8224
20260726_formal4t4_reuse_intensive_Ideal_rep4,4,Ideal,Ideal,87,reuse_intensive:rep4:req87,reuse_intensive,1,64,2,L0064,8192,3,0;1;3,True,1789732043.5145772,8192,8192,8192,0.001903533935546875,False,False,False,False,8192,163.84,3,3,8224.0,True,cache_reused,False,False,0,0.0,62d2cc5b1b823295df766f6d316f5c8668f3ed5c62703b51a580ff9a9fd931da,True,,,1,0,230.839469,734.534295,6,8252,4,8224
20260726_formal4t4_reuse_intensive_Ideal_rep4,4,Ideal,Ideal,88,reuse_intensive:rep4:req88,reuse_intensive,1,86,0,L0086,8192,0,,False,1789732044.9201083,0,0,0,,False,False,False,False,0,0.0,0,0,32.0,False,cache_miss,False,False,0,0.0,22c32cdcab0f5c9206927ac6cd5881728d854c2f5c93a3bce08768c51b57fcd6,True,,,1,0,13117.035432,13681.844947,6,8252,4,32
20260726_formal4t4_reuse_intensive_Ideal_rep4,4,Ideal,Ideal,89,reuse_intensive:rep4:req89,reuse_intensive,1,64,0,L0064,8192,1,0;1;3,True,1789732044.920176,8192,8192,8192,0.0017867088317871094,False,False,False,False,8192,163.84,3,3,8224.0,True,cache_reused,False,False,0,0.0,dba62e6603baa070772f6609f49873018ca1c7a7ef4cab1aab765cdda26a3ec6,True,,,1,0,234.067853,1217.886925,6,8252,4,8224
20260726_formal4t4_reuse_intensive_Ideal_rep4,4,Ideal,Ideal,90,reuse_intensive:rep4:req90,reuse_intensive,1,120,0,L0120,8192,3,,False,1789732044.9202073,0,0,0,,False,False,False,False,0,0.0,0,0,16.0,False,cache_miss,False,False,0,0.0,eb4dea8d812c349815770863598a60edb56e29c906ae07143a89eb99b21c2d46,True,,,1,0,10779.368889,11244.183085,6,8252,4,16
20260726_formal4t4_reuse_intensive_Ideal_rep4,4,Ideal,Ideal,91,reuse_intensive:rep4:req91,reuse_intensive,1,65,0,L0065,8192,1,1,True,1789732044.9202402,8192,8192,8192,0.0012843608856201172,False,False,False,False,8192,161.84,1,1,8224.0,True,cache_reused,False,False,0,0.0,da06ff75f82a4b89ad9e4fe1a9bfd0a70c783e607203d825ebe322c59ad2a61c,True,,,1,0,559.047372,1390.234785,6,8252,4,8224
20260726_formal4t4_reuse_intensive_Ideal_rep4,4,Ideal,Ideal,92,reuse_intensive:rep4:req92,reuse_intensive,1,64,1,L0064,8192,1,0;1;3,True,1789732058.6048477,8192,8192,8192,0.0017697811126708984,False,False,False,False,8192,163.84,3,3,8224.0,True,cache_reused,False,False,0,0.0,71fc01415070347fe02b46c9b47dce9629e001d524b166620bbacd2a35d67e50,True,,,1,0,445.678578,1613.924132,6,8252,4,8224
20260726_formal4t4_reuse_intensive_Ideal_rep4,4,Ideal,Ideal,93,reuse_intensive:rep4:req93,reuse_intensive,1,80,0,L0080,8192,3,,False,1789732058.604888,0,0,0,,False,False,False,False,0,0.0,0,0,32.0,False,cache_miss,False,False,0,0.0,8deffd65b96325a11dae1cb5304df8e2719c3686aedac8cc7635b617c7c3aabb,True,,,1,0,13023.069211,13550.169118,6,8252,4,32
20260726_formal4t4_reuse_intensive_Ideal_rep4,4,Ideal,Ideal,94,reuse_intensive:rep4:req94,reuse_intensive,1,65,1,L0065,8192,1,1,True,1789732058.604925,8192,8192,8192,0.0006897449493408203,False,False,False,False,8192,161.84,1,1,8224.0,True,cache_reused,False,False,0,0.0,cc62661261755c4cb02daf939547bdb7dab9f740baaef407d6bf59efa01c5c32,True,,,1,0,951.223739,1798.243842,6,8252,4,8224
20260726_formal4t4_reuse_intensive_Ideal_rep4,4,Ideal,Ideal,95,reuse_intensive:rep4:req95,reuse_intensive,1,65,2,L0065,8192,1,1,True,1789732058.604957,8192,8192,8192,0.0007219314575195312,False,False,False,False,8192,159.84,1,1,8224.0,True,cache_reused,False,False,0,0.0,732d7d2e82439246264809cd378ad3abe3e286b7710bf9e860863f020f0fc2e1,True,,,1,0,950.216948,1797.281121,6,8252,4,8224
20260726_formal4t4_reuse_intensive_Ideal_rep4,4,Ideal,Ideal,96,reuse_intensive:rep4:req96,reuse_intensive,1,118,0,L0118,8192,1,,False,1789732072.1594543,0,0,0,,False,False,False,False,0,0.0,0,0,16.0,False,cache_miss,False,False,0,0.0,bdb6cba6aa24e11fa023ca10e392a124abf8e09f4a8d4e3260e316d4b23c4ad2,True,,,1,0,12114.699932,12663.807496,6,8252,4,16
20260726_formal4t4_reuse_intensive_Ideal_rep4,4,Ideal,Ideal,97,reuse_intensive:rep4:req97,reuse_intensive,1,100,0,L0100,8192,3,,False,1789732072.1594915,0,0,0,,False,False,False,False,0,0.0,0,0,32.0,False,cache_miss,False,False,0,0.0,728d18b87d7e84482162b00d659b3b249955200a4c75308b1e54daaaab8749ae,True,,,1,0,12074.532703,12595.858115,6,8252,4,32
20260726_formal4t4_reuse_intensive_Ideal_rep4,4,Ideal,Ideal,98,reuse_intensive:rep4:req98,reuse_intensive,1,66,2,L0066,8192,2,2,False,1789732072.1595304,8192,8192,8192,29.530829668045044,False,False,False,False,8192,0.0,1,1,8224.0,False,cache_reused,False,False,0,0.0,df53225ebfaf378d69df988a435a6ef54a5353dd3cf46836c012d39eeeec3262,True,,,1,0,381.56547,899.148699,6,8252,4,8224
20260726_formal4t4_reuse_intensive_Ideal_rep4,4,Ideal,Ideal,99,reuse_intensive:rep4:req99,reuse_intensive,1,64,2,L0064,8192,0,0;1;3,False,1789732072.1595714,8192,8192,8192,27.241851329803467,False,False,False,False,8192,0.0,3,3,8224.0,False,cache_reused,False,False,0,0.0,fd97341be5312373b3bbd424ba18009794a974ffea13fe522c5264fd165189aa,True,,,1,0,412.879317,916.033506,6,8252,4,8224
20260726_formal4t4_reuse_intensive_Ideal_rep4,4,Ideal,Ideal,100,reuse_intensive:rep4:req100,reuse_intensive,1,64,0,L0064,8192,3,0;1;3,False,1789732084.8261874,8192,8192,8192,39.906668186187744,False,False,False,False,8192,0.0,3,3,8224.0,False,cache_reused,False,False,0,0.0,b972cbca272b1ed8bf1a64ebf89edf73cc881b3fa02cf52ca00db8a5925f7e76,True,,,1,0,250.959172,1252.217823,6,8253,4,8224
20260726_formal4t4_reuse_intensive_Ideal_rep4,4,Ideal,Ideal,101,reuse_intensive:rep4:req101,reuse_intensive,1,70,0,L0070,8192,0,,False,1789732084.8262274,0,0,0,,False,False,False,False,0,0.0,0,0,32.0,False,cache_miss,False,False,0,0.0,1060285ba9d9aa8d3c3b5400f94834c31efebeb74e301f0fc3ac74e43a00079d,True,,,1,0,13319.433966,13917.008526,6,8253,4,32
20260726_formal4t4_reuse_intensive_Ideal_rep4,4,Ideal,Ideal,102,reuse_intensive:rep4:req102,reuse_intensive,1,67,0,L0067,8192,1,,False,1789732084.8262537,0,0,0,,False,False,False,False,0,0.0,0,0,32.0,False,cache_miss,False,False,0,0.0,26d5680cbf4892ed49a5b0c38d64774caede06077b33a242330829f441ddb92f,True,,,1,0,10873.843709,11338.514624,6,8253,4,32
20260726_formal4t4_reuse_intensive_Ideal_rep4,4,Ideal,Ideal,103,reuse_intensive:rep4:req103,reuse_intensive,1,80,1,L0080,8192,3,3,True,1789732084.826287,8192,8192,8192,12.668699026107788,False,False,False,False,8192,161.84,1,1,8224.0,True,cache_reused,False,False,0,0.0,72e27842d09f457b558a1849cb746fba63d3625126a1690d4e536af0e0d6e16d,True,,,1,0,580.969962,1425.674941,6,8253,4,8224
20260726_formal4t4_reuse_intensive_Ideal_rep4,4,Ideal,Ideal,104,reuse_intensive:rep4:req104,reuse_intensive,1,64,1,L0064,8192,1,0;1;3,False,1789732098.7459404,8192,8192,8192,26.589072704315186,False,False,False,False,8192,0.0,3,3,8224.0,False,cache_reused,False,False,0,0.0,3e1f58880a06abd38c38f18e15c2a621df1eef29f3c7090b659077487a1e5c61,True,,,1,0,370.888123,867.196118,6,8253,4,8224
20260726_formal4t4_reuse_intensive_Ideal_rep4,4,Ideal,Ideal,105,reuse_intensive:rep4:req105,reuse_intensive,1,66,0,L0066,8192,2,2,True,1789732098.7459636,8192,8192,8192,13.92096757888794,False,False,False,False,8192,163.84,1,1,8224.0,True,cache_reused,False,False,0,0.0,1a3f6daf279996d4b4246823c8a778fcf23979531d916522590b7a81d5944c07,True,,,1,0,401.100441,912.954715,6,8253,4,8224
20260726_formal4t4_reuse_intensive_Ideal_rep4,4,Ideal,Ideal,106,reuse_intensive:rep4:req106,reuse_intensive,1,78,0,L0078,8192,3,,False,1789732098.7459762,0,0,0,,False,False,False,False,0,0.0,0,0,32.0,False,cache_miss,False,False,0,0.0,9fb78b48e474c5ed3cb6e4f0ffc419773227bf64614c739dbb2ef33d7c6ff563,True,,,1,0,13051.637936,13601.39487,6,8253,4,32
20260726_formal4t4_reuse_intensive_Ideal_rep4,4,Ideal,Ideal,107,reuse_intensive:rep4:req107,reuse_intensive,1,68,0,L0068,8192,0,,False,1789732098.7459862,0,0,0,,False,False,False,False,0,0.0,0,0,32.0,False,cache_miss,False,False,0,0.0,3f3406a754605d692925fd6479a4d50a34e800db3e3a849a05e3f0ccb01ae326,True,,,1,0,13157.402623,13750.397205,6,8253,4,32
20260726_formal4t4_reuse_intensive_Ideal_rep4,4,Ideal,Ideal,108,reuse_intensive:rep4:req108,reuse_intensive,1,64,2,L0064,8192,3,0;1;3,False,1789732112.5007367,8192,8192,8192,13.755856990814209,False,False,False,False,8192,0.0,3,3,8224.0,False,cache_reused,False,False,0,0.0,6e4cc51c363b0951704cfe17e8e4a5ab66849ccb9bc2dcd33297fdc5c4492dac,True,,,1,0,245.433665,748.015479,6,8253,4,8224
20260726_formal4t4_reuse_intensive_Ideal_rep4,4,Ideal,Ideal,109,reuse_intensive:rep4:req109,reuse_intensive,1,66,1,L0066,8192,2,2,True,1789732112.5007865,8192,8192,8192,0.001811981201171875,False,False,False,False,8192,163.84,1,1,8224.0,True,cache_reused,False,False,0,0.0,53279fd553134bb3b606ae051f097ea4f59ff27638739a546d8ae9ab51aff3e4,True,,,1,0,402.935456,908.280902,6,8253,4,8224
20260726_formal4t4_reuse_intensive_Ideal_rep4,4,Ideal,Ideal,110,reuse_intensive:rep4:req110,reuse_intensive,1,92,0,L0092,8192,1,,False,1789732112.5008159,0,0,0,,False,False,False,False,0,0.0,0,0,32.0,False,cache_miss,False,False,0,0.0,defe5bfce0f3d9a752430964dc533506ca3c2511a9e83fd84e45a858cb442efe,True,,,1,0,11479.205222,11969.61906,6,8253,4,32
20260726_formal4t4_reuse_intensive_Ideal_rep4,4,Ideal,Ideal,111,reuse_intensive:rep4:req111,reuse_intensive,1,81,0,L0081,8192,0,,False,1789732112.500838,0,0,0,,False,False,False,False,0,0.0,0,0,32.0,False,cache_miss,False,False,0,0.0,6091c7a22efd8bac3408de7e202fc8ec2be99072c75a026552bf2aaad78e42fc,True,,,1,0,11252.651711,11777.491805,6,8253,4,32
20260726_formal4t4_reuse_intensive_Ideal_rep4,4,Ideal,Ideal,112,reuse_intensive:rep4:req112,reuse_intensive,1,64,0,L0064,8192,1,0;1;3,False,1789732124.4757454,8192,8192,8192,11.977419137954712,False,False,False,False,8192,0.0,3,3,8224.0,False,cache_reused,False,False,0,0.0,6f1f87d9c7f552fef17f2e66fc8acd8fd1f6c2406d60184fb92844c5d7c02850,True,,,1,0,242.715675,1225.811005,6,8253,4,8224
20260726_formal4t4_reuse_intensive_Ideal_rep4,4,Ideal,Ideal,113,reuse_intensive:rep4:req113,reuse_intensive,1,110,0,L0110,8192,0,,False,1789732124.4757848,0,0,0,,False,False,False,False,0,0.0,0,0,16.0,False,cache_miss,False,False,0,0.0,3b663001c09c2dd5d4da8965281ed83f26fe7089ccbfba65172fae68e6078bb5,True,,,1,0,11629.077362,12160.443363,6,8253,4,16
20260726_formal4t4_reuse_intensive_Ideal_rep4,4,Ideal,Ideal,114,reuse_intensive:rep4:req114,reuse_intensive,1,65,0,L0065,8192,1,1,True,1789732124.4758215,8192,8192,8192,52.316980838775635,False,False,False,False,8192,161.84,1,1,8224.0,True,cache_reused,False,False,0,0.0,ccabe5d041eb242f67ae953638364b2adb0f644ab17414233f5e879bef079699,True,,,1,0,568.869807,1397.525305,6,8253,4,8224
20260726_formal4t4_reuse_intensive_Ideal_rep4,4,Ideal,Ideal,115,reuse_intensive:rep4:req115,reuse_intensive,1,66,2,L0066,8192,2,2,False,1789732124.4758549,8192,8192,8192,0.0018701553344726562,False,False,False,False,8192,0.0,1,1,8224.0,False,cache_reused,False,False,0,0.0,291b9e2bead37c5f9aa672ec74f05a244776be9e3d1aefac8d7352bcfc77648b,True,,,1,0,373.946543,887.499397,6,8253,4,8224
20260726_formal4t4_reuse_intensive_Ideal_rep4,4,Ideal,Ideal,116,reuse_intensive:rep4:req116,reuse_intensive,1,66,0,L0066,8192,2,2,True,1789732136.6403215,8192,8192,8192,0.0006189346313476562,False,False,False,False,8192,163.84,1,1,8224.0,True,cache_reused,False,False,0,0.0,cd5c69830cd9eb0e708db1b90d807866685f191adfb3d10541b8d4ec8bb4a654,True,,,1,0,410.567773,925.024125,6,8253,4,8224
20260726_formal4t4_reuse_intensive_Ideal_rep4,4,Ideal,Ideal,117,reuse_intensive:rep4:req117,reuse_intensive,1,65,1,L0065,8192,1,1,False,1789732136.640371,8192,8192,8192,0.0012347698211669922,False,False,False,False,8192,0.0,1,1,8224.0,False,cache_reused,False,False,0,0.0,333e4affa965e948400637cab10667274184e384fd9592c9380aa3c88334f848,True,,,1,0,411.30008,934.327383,6,8253,4,8224
20260726_formal4t4_reuse_intensive_Ideal_rep4,4,Ideal,Ideal,118,reuse_intensive:rep4:req118,reuse_intensive,1,64,1,L0064,8192,0,0;1;3,False,1789732136.6404135,8192,8192,8192,51.814846992492676,False,False,False,False,8192,0.0,3,3,8224.0,False,cache_reused,False,False,0,0.0,3990e821a609083efee48751aea75a2fa53ba2c0aed00a5e4d7f41dd9bd03720,True,,,1,0,250.039631,751.977291,6,8253,4,8224
20260726_formal4t4_reuse_intensive_Ideal_rep4,4,Ideal,Ideal,119,reuse_intensive:rep4:req119,reuse_intensive,1,69,0,L0069,8192,3,3,False,1789732136.6404445,8192,8192,8192,95.35313820838928,False,False,False,False,8192,0.0,1,1,8224.0,False,cache_reused,False,False,0,0.0,981716d20d2f3140a1717f8bbc5f9d80616b234c899c370b3be6a8962114b384,True,,,1,0,412.213354,938.947195,6,8253,4,8224
20260726_formal4t4_reuse_intensive_StaticSemantic@rho1.2_rep4,4,StaticSemantic@rho1.2,StaticSemantic,24,reuse_intensive:rep4:req24,reuse_intensive,0,21,0,L0021,8192,2,,False,1789732345.9205456,0,0,0,,False,False,False,False,0,0.0,0,0,32.0,False,cache_miss,False,False,0,0.0,6084b90f91958a8a02a56d8428c8c5e1930367dcb662b2e623b2ee7af171aea0,True,,,1,0,11253.515044,11744.964382,6,8252,4,32
20260726_formal4t4_reuse_intensive_StaticSemantic@rho1.2_rep4,4,StaticSemantic@rho1.2,StaticSemantic,25,reuse_intensive:rep4:req25,reuse_intensive,0,1,2,L0001,8192,3,0;3,False,1789732345.9206002,8192,8192,8192,179.7280285358429,False,False,False,False,8192,0.0,2,2,8224.0,False,cache_reused,False,False,0,0.0,7539756a068da27d38209f2647a53c582194307b5214ba5aacac396fd83b7964,True,,,1,0,258.569802,792.329442,6,8252,4,8224
20260726_formal4t4_reuse_intensive_StaticSemantic@rho1.2_rep4,4,StaticSemantic@rho1.2,StaticSemantic,26,reuse_intensive:rep4:req26,reuse_intensive,0,2,0,L0002,8192,0,0;3,True,1789732345.9206407,8192,8192,8192,165.7683846950531,False,False,False,False,8192,163.84,2,2,8224.0,True,cache_reused,False,False,0,0.0,4c52276ff4df152def34bb48cc30bff5f3da49b1912851d141f2e92f88d4822d,True,,,1,0,279.535734,1360.03188,6,8252,4,8224
20260726_formal4t4_reuse_intensive_StaticSemantic@rho1.2_rep4,4,StaticSemantic@rho1.2,StaticSemantic,27,reuse_intensive:rep4:req27,reuse_intensive,0,7,2,L0007,8192,0,0;3,True,1789732345.9206734,8192,8192,8192,106.65980911254883,False,False,False,False,8192,161.84,2,2,8224.0,True,cache_reused,False,False,0,0.0,a57365283639e944e83c84048bc9d048a4e55bc6851dea85c38e4f93f3188303,True,,,1,0,639.764538,1547.803408,6,8252,4,8224
20260726_formal4t4_reuse_intensive_StaticSemantic@rho1.2_rep4,4,StaticSemantic@rho1.2,StaticSemantic,28,reuse_intensive:rep4:req28,reuse_intensive,0,0,0,L0000,8192,1,,False,1789732357.6687644,8192,0,0,219.07569813728333,True,True,False,False,0,0.0,0,0,5712.0,False,cache_reused,False,False,0,0.0,03101a33f5506c5279d2aaa9ef47148750687d988184054a4b19ba0905c73f13,True,,,1,0,6860.741454,7359.612436,6,8252,4,5712
20260726_formal4t4_reuse_intensive_StaticSemantic@rho1.2_rep4,4,StaticSemantic@rho1.2,StaticSemantic,29,reuse_intensive:rep4:req29,reuse_intensive,0,43,0,L0043,8192,0,,False,1789732357.6688058,0,0,0,,False,False,False,False,0,0.0,0,0,32.0,False,cache_miss,False,False,0,0.0,5b8995a57dacf6cace4bcdda3a5646ae3da1dbd5d741a01942921714cef50d52,True,,,1,0,13937.162533,14542.70415,6,8252,4,32
20260726_formal4t4_reuse_intensive_StaticSemantic@rho1.2_rep4,4,StaticSemantic@rho1.2,StaticSemantic,30,reuse_intensive:rep4:req30,reuse_intensive,0,6,2,L0006,8192,3,0;3,False,1789732357.6688511,8192,8192,8192,132.06740045547485,False,False,False,False,8192,0.0,2,2,8224.0,False,cache_reused,False,False,0,0.0,c5d9ab05e959ac7b0549292ee1eb6e664062a26f29d4092d8588ef1c91db02be,True,,,1,0,422.206354,982.459836,6,8252,4,8224
20260726_formal4t4_reuse_intensive_StaticSemantic@rho1.2_rep4,4,StaticSemantic@rho1.2,StaticSemantic,31,reuse_intensive:rep4:req31,reuse_intensive,0,11,0,L0011,8192,2,,False,1789732357.6688786,8192,0,0,219.07581233978271,True,True,False,False,0,0.0,0,0,8224.0,False,cache_reused,False,False,0,0.0,4263c119b8319795ff08c1ccda1fa72f947d72e9ae9c925b623f4b7925ea67a8,True,,,1,0,243.857038,743.318397,6,8252,4,8224
20260726_formal4t4_reuse_intensive_StaticSemantic@rho1.2_rep4,4,StaticSemantic@rho1.2,StaticSemantic,32,reuse_intensive:rep4:req32,reuse_intensive,0,15,1,L0015,8192,2,,False,1789732372.2161016,8192,0,0,233.6230354309082,True,True,False,False,0,0.0,0,0,8224.0,False,cache_reused,False,False,0,0.0,c78276eff2c192be97c7e02ab7efba55e8e7fb6493a0426cef84973af2153543,True,,,1,0,416.421027,930.446573,6,8252,4,8224
20260726_formal4t4_reuse_intensive_StaticSemantic@rho1.2_rep4,4,StaticSemantic@rho1.2,StaticSemantic,33,reuse_intensive:rep4:req33,reuse_intensive,0,33,0,L0033,8192,3,,False,1789732372.216141,0,0,0,,False,False,False,False,0,0.0,0,0,32.0,False,cache_miss,False,False,0,0.0,6b862e8773a351b7bacf6ca4e96c5830b03ae745dcf6ac0b2c251e1758e98aa8,True,,,1,0,12340.862297,12868.24551,6,8252,4,32
20260726_formal4t4_reuse_intensive_StaticSemantic@rho1.2_rep4,4,StaticSemantic@rho1.2,StaticSemantic,34,reuse_intensive:rep4:req34,reuse_intensive,0,10,0,L0010,8192,0,0;2,False,1789732372.2162023,8192,8192,8192,89.94319701194763,False,False,False,False,8192,0.0,2,2,8224.0,False,cache_reused,False,False,0,0.0,88574df43f455ac64dec6e454dc249b990ef9507a144163f3fd204408a1dfdc3,True,,,1,0,255.428112,823.828872,6,8252,4,8224
20260726_formal4t4_reuse_intensive_StaticSemantic@rho1.2_rep4,4,StaticSemantic@rho1.2,StaticSemantic,35,reuse_intensive:rep4:req35,reuse_intensive,0,22,0,L0022,8192,1,,False,1789732372.2162304,0,0,0,,False,False,False,False,0,0.0,0,0,32.0,False,cache_miss,False,False,0,0.0,9fccc8499b657d8981c8a6c41e75456ad887dd7616bf514c2763d9d84acc6e53,True,,,1,0,10738.04493,11237.33902,6,8252,4,32
20260726_formal4t4_reuse_intensive_StaticSemantic@rho1.2_rep4,4,StaticSemantic@rho1.2,StaticSemantic,36,reuse_intensive:rep4:req36,reuse_intensive,0,0,1,L0000,8192,3,,False,1789732385.0889332,8192,0,0,246.49586701393127,True,True,False,False,0,0.0,0,0,32.0,False,cache_miss,False,False,0,0.0,dabdba8ba104408a88f198a75b28209d96e79d21817dfbbf1afd23252891b5e5,True,,,1,0,11396.275165,11878.166677,6,8252,4,32
20260726_formal4t4_reuse_intensive_StaticSemantic@rho1.2_rep4,4,StaticSemantic@rho1.2,StaticSemantic,37,reuse_intensive:rep4:req37,reuse_intensive,0,23,0,L0023,8192,1,,False,1789732385.088973,0,0,0,,False,False,False,False,0,0.0,0,0,32.0,False,cache_miss,False,False,0,0.0,8c2fb51c5c26300a717b46fbc092366a04eac959aab7938ecd775ea51070a48c,True,,,1,0,12085.094034,12588.814215,6,8252,4,32
20260726_formal4t4_reuse_intensive_StaticSemantic@rho1.2_rep4,4,StaticSemantic@rho1.2,StaticSemantic,38,reuse_intensive:rep4:req38,reuse_intensive,0,9,0,L0009,8192,0,0;3,True,1789732385.0890155,8192,8192,8192,117.22287797927856,False,False,False,False,8192,163.84,2,2,8224.0,True,cache_reused,False,False,0,0.0,8903253da79794b51fe66c165a8d0c55eb40e017dede0de839b96e5ffc007afa,True,,,1,0,418.127818,1010.853493,6,8252,4,8224
20260726_formal4t4_reuse_intensive_StaticSemantic@rho1.2_rep4,4,StaticSemantic@rho1.2,StaticSemantic,39,reuse_intensive:rep4:req39,reuse_intensive,0,0,2,L0000,8192,2,,False,1789732385.0890439,8192,0,0,246.49597764015198,True,True,False,False,0,0.0,0,0,8224.0,False,cache_reused,False,False,0,0.0,7eb46a657bc0ad3aa4f0942d6faa594f5b7823b83b0b92fb6e49786e8f8e4833,True,,,1,0,436.033298,1069.269359,6,8252,4,8224
20260726_formal4t4_reuse_intensive_StaticSemantic@rho1.2_rep4,4,StaticSemantic@rho1.2,StaticSemantic,40,reuse_intensive:rep4:req40,reuse_intensive,0,44,0,L0044,8192,0,,False,1789732397.68223,0,0,0,,False,False,False,False,0,0.0,0,0,32.0,False,cache_miss,False,False,0,0.0,ed2efac4fc1f38dbcc6c210e8c6ab2e7f11b43f432a9e7e625eb26cc74e0100d,True,,,1,0,13982.250783,14578.365044,6,8252,4,32
20260726_formal4t4_reuse_intensive_StaticSemantic@rho1.2_rep4,4,StaticSemantic@rho1.2,StaticSemantic,41,reuse_intensive:rep4:req41,reuse_intensive,0,2,1,L0002,8192,3,0;3,True,1789732397.6822858,8192,8192,8192,217.5298547744751,False,False,False,False,8192,163.84,2,2,8224.0,True,cache_reused,False,False,0,0.0,179e665dc223c19f6615a2c3b32b90a197006249541acd844d633f14ed16eee4,True,,,1,0,275.76449,854.002992,6,8252,4,8224
20260726_formal4t4_reuse_intensive_StaticSemantic@rho1.2_rep4,4,StaticSemantic@rho1.2,StaticSemantic,42,reuse_intensive:rep4:req42,reuse_intensive,0,11,1,L0011,8192,2,,False,1789732397.682317,8192,0,0,259.0892508029938,True,True,False,False,0,0.0,0,0,8224.0,False,cache_reused,False,False,0,0.0,295d8a2260130067b88ca25e56ecf69cd6b04e14d3703d124ae1cdc025a9073c,True,,,1,0,413.087441,925.609591,6,8252,4,8224
20260726_formal4t4_reuse_intensive_StaticSemantic@rho1.2_rep4,4,StaticSemantic@rho1.2,StaticSemantic,43,reuse_intensive:rep4:req43,reuse_intensive,0,23,1,L0023,8192,1,,False,1789732397.6823418,8192,0,0,259.089275598526,True,True,False,False,0,0.0,0,0,8224.0,False,cache_reused,False,False,0,0.0,0dd1c04b9b24d6d52566bf5f469735f5b6c604f5da050702e167e86a9f74cba6,True,,,1,0,246.470247,747.915124,6,8252,4,8224
20260726_formal4t4_reuse_intensive_StaticSemantic@rho1.2_rep4,4,StaticSemantic@rho1.2,StaticSemantic,44,reuse_intensive:rep4:req44,reuse_intensive,0,4,0,L0004,8192,0,0;2,True,1789732412.263808,8192,8192,8192,215.4710283279419,False,False,True,True,8192,163.84,2,2,32.0,True,fallback_prefill,True,True,0,8160.0,a03b2d5e8ca7bad0131fd999dfe630e390ec40b3b4d8f553412f9dfb86252723,True,,,1,0,11910.261659,12417.938121,6,8252,4,32
20260726_formal4t4_reuse_intensive_StaticSemantic@rho1.2_rep4,4,StaticSemantic@rho1.2,StaticSemantic,45,reuse_intensive:rep4:req45,reuse_intensive,0,0,0,L0000,8192,1,,False,1789732412.2638514,8192,0,0,273.6707851886749,True,True,False,False,0,0.0,0,0,8224.0,False,cache_reused,False,False,0,0.0,52d7ae8333f26885f9b3938f541f60b0c46fadba6b9de827736c907b5f5b7ef7,True,,,1,0,370.381338,867.304531,6,8252,4,8224
20260726_formal4t4_reuse_intensive_StaticSemantic@rho1.2_rep4,4,StaticSemantic@rho1.2,StaticSemantic,46,reuse_intensive:rep4:req46,reuse_intensive,0,36,0,L0036,8192,2,,False,1789732412.2638786,0,0,0,,False,False,False,False,0,0.0,0,0,32.0,False,cache_miss,False,False,0,0.0,9057be0c61d3d0c72867917fdac13184e8b322c42ba49b21903c1d396d012256,True,,,1,0,11756.298448,12273.168384,6,8252,4,32
20260726_formal4t4_reuse_intensive_StaticSemantic@rho1.2_rep4,4,StaticSemantic@rho1.2,StaticSemantic,47,reuse_intensive:rep4:req47,reuse_intensive,0,0,1,L0000,8192,3,,False,1789732412.2639015,8192,0,0,273.67083525657654,True,True,False,False,0,0.0,0,0,8224.0,False,cache_reused,False,False,0,0.0,557ff2cf8d8a40684dcafef822af047b621c9f6f3f1b0331565c9b68f725bcc8,True,,,1,0,368.038941,870.575943,6,8252,4,8224
20260726_formal4t4_reuse_intensive_StaticSemantic@rho1.2_rep4,4,StaticSemantic@rho1.2,StaticSemantic,48,reuse_intensive:rep4:req48,reuse_intensive,0,0,2,L0000,8192,2,,False,1789732424.6850202,8192,0,0,286.0919539928436,True,True,False,False,0,0.0,0,0,8224.0,False,cache_reused,False,False,0,0.0,7ad5ac9897ee11cec9273921d21b3a8a425614aab8c628ee2b3eb767c248847e,True,,,1,0,288.028966,914.605378,6,8252,4,8224
20260726_formal4t4_reuse_intensive_StaticSemantic@rho1.2_rep4,4,StaticSemantic@rho1.2,StaticSemantic,49,reuse_intensive:rep4:req49,reuse_intensive,0,0,0,L0000,8192,1,,False,1789732424.68506,8192,0,0,286.09199380874634,True,True,False,False,0,0.0,0,0,8224.0,False,cache_reused,False,False,0,0.0,b567c668bb96fcb8121a02a37b77e097ad572ede4e4b45c87231d2487ac4ca58,True,,,1,0,380.207856,881.057991,6,8252,4,8224
20260726_formal4t4_reuse_intensive_StaticSemantic@rho1.2_rep4,4,StaticSemantic@rho1.2,StaticSemantic,50,reuse_intensive:rep4:req50,reuse_intensive,0,1,0,L0001,8192,3,3,True,1789732424.685101,8192,8192,8192,258.49252939224243,False,False,False,False,8192,163.84,1,1,8224.0,True,cache_reused,False,False,0,0.0,ea7e1c651d687e774a4979c3efb91196c44ca5d76d120dc2909a9361a0f2963f,True,,,1,0,383.19333,927.553062,6,8252,4,8224
20260726_formal4t4_reuse_intensive_StaticSemantic@rho1.2_rep4,4,StaticSemantic@rho1.2,StaticSemantic,51,reuse_intensive:rep4:req51,reuse_intensive,0,26,0,L0026,8192,0,,False,1789732424.6851277,0,0,0,,False,False,False,False,0,0.0,0,0,32.0,False,cache_miss,False,False,0,0.0,ab23ec4431c7e7c77bc5a3de03c5c98fc1de668a4847cea3d00dd616899f91ba,True,,,1,0,11848.057396,12351.173744,6,8252,4,32
20260726_formal4t4_reuse_intensive_StaticSemantic@rho1.2_rep4,4,StaticSemantic@rho1.2,StaticSemantic,52,reuse_intensive:rep4:req52,reuse_intensive,0,23,2,L0023,8192,3,,False,1789732437.0433555,8192,0,0,298.45028924942017,True,True,False,False,0,0.0,0,0,32.0,False,cache_miss,False,False,0,0.0,ddf1c7fd7ca4ffe636d7279abf5bb6929aff340607f6f589c5687248fa67650f,True,,,1,0,12070.302674,12584.989792,6,8252,4,32
20260726_formal4t4_reuse_intensive_StaticSemantic@rho1.2_rep4,4,StaticSemantic@rho1.2,StaticSemantic,53,reuse_intensive:rep4:req53,reuse_intensive,0,4,1,L0004,8192,2,2,True,1789732437.0434089,8192,8192,8192,240.25049662590027,False,False,False,False,8192,163.84,1,1,7472.0,True,cache_reused,False,False,0,720.0,ac25badeca96a4d4fe217fc668d3d7d3be00fa2e5b864dbddb01bd3a580b73b5,True,,,1,0,2093.707463,2599.393298,6,8252,4,7472
20260726_formal4t4_reuse_intensive_StaticSemantic@rho1.2_rep4,4,StaticSemantic@rho1.2,StaticSemantic,54,reuse_intensive:rep4:req54,reuse_intensive,0,0,1,L0000,8192,0,,False,1789732437.0434403,8192,0,0,298.4503741264343,True,True,False,False,0,0.0,0,0,8224.0,False,cache_reused,False,False,0,0.0,89d52b012deb02110654ffc30953d75c1e41c3b742e215a16c9837d6ccf95479,True,,,1,0,234.696911,739.225982,6,8252,4,8224
20260726_formal4t4_reuse_intensive_StaticSemantic@rho1.2_rep4,4,StaticSemantic@rho1.2,StaticSemantic,55,reuse_intensive:rep4:req55,reuse_intensive,0,0,2,L0000,8192,1,,False,1789732437.0434635,8192,0,0,298.4503972530365,True,True,False,False,0,0.0,0,0,8224.0,False,cache_reused,False,False,0,0.0,70360c5615a8a22663ab8c1c116cbcde1e0860fcfe0289e217852d8bb4977d1d,True,,,1,0,405.858394,898.751233,6,8252,4,8224
20260726_formal4t4_reuse_intensive_StaticSemantic@rho1.2_rep4,4,StaticSemantic@rho1.2,StaticSemantic,56,reuse_intensive:rep4:req56,reuse_intensive,0,63,0,L0063,8192,0,,False,1789732449.631543,0,0,0,,False,False,False,False,0,0.0,0,0,32.0,False,cache_miss,False,False,0,0.0,f8dce29e0f9422fa258b0db0d40b2ce52cdc4fe514b053940a17394e1cc45b08,True,,,1,0,12279.95862,12788.758499,6,8252,4,32
20260726_formal4t4_reuse_intensive_StaticSemantic@rho1.2_rep4,4,StaticSemantic@rho1.2,StaticSemantic,57,reuse_intensive:rep4:req57,reuse_intensive,0,5,0,L0005,8192,3,0;3,False,1789732449.631599,8192,8192,8192,237.74170541763306,False,False,False,False,8192,0.0,2,2,8224.0,False,cache_reused,False,False,0,0.0,b594b68e0d9b679366dd783194eb6d4c896fad52a680aca5bdb74b4558105938,True,,,1,0,247.100236,1215.494817,6,8252,4,8224
20260726_formal4t4_reuse_intensive_StaticSemantic@rho1.2_rep4,4,StaticSemantic@rho1.2,StaticSemantic,58,reuse_intensive:rep4:req58,reuse_intensive,0,1,1,L0001,8192,3,3,True,1789732449.6316392,8192,8192,8192,283.4390676021576,False,False,False,False,8192,161.84,1,1,8224.0,True,cache_reused,False,False,0,0.0,1b83320fd4da9b24757bd10f8f66d8b795b79369c5c4dbf3ddc6781ac560098d,True,,,1,0,568.895447,1391.72172,6,8252,4,8224
20260726_formal4t4_reuse_intensive_StaticSemantic@rho1.2_rep4,4,StaticSemantic@rho1.2,StaticSemantic,59,reuse_intensive:rep4:req59,reuse_intensive,0,15,2,L0015,8192,2,,False,1789732449.6316643,8192,0,0,311.0385980606079,True,True,False,False,0,0.0,0,0,8224.0,False,cache_reused,False,False,0,0.0,f79c1a58bb61b3ab1743d02e4886eee5ce63f3468b3fda84ac8d59d9d77439ff,True,,,1,0,396.772084,906.22498,6,8252,4,8224
20260726_formal4t4_reuse_intensive_StaticSemantic@rho1.2_rep4,4,StaticSemantic@rho1.2,StaticSemantic,60,reuse_intensive:rep4:req60,reuse_intensive,1,65,0,L0065,8192,2,,False,1789732462.4236457,0,0,0,,False,False,False,False,0,0.0,0,0,32.0,False,cache_miss,False,False,0,0.0,024964d1a76f4c5bc1f22dfcc99705b418e7231aa867a58b479b50ed2a438326,True,,,1,0,12842.544411,13389.753689,6,8252,4,32
20260726_formal4t4_reuse_intensive_StaticSemantic@rho1.2_rep4,4,StaticSemantic@rho1.2,StaticSemantic,61,reuse_intensive:rep4:req61,reuse_intensive,1,69,0,L0069,8192,3,,False,1789732462.4236867,0,0,0,,False,False,False,False,0,0.0,0,0,32.0,False,cache_miss,False,False,0,0.0,e064c087bc2d73b361c44efba62a2c7ba0d39305477a8a97420bedb9f7855fe1,True,,,1,0,12902.411118,13419.567333,6,8252,4,32
20260726_formal4t4_reuse_intensive_StaticSemantic@rho1.2_rep4,4,StaticSemantic@rho1.2,StaticSemantic,62,reuse_intensive:rep4:req62,reuse_intensive,1,66,0,L0066,8192,0,,False,1789732462.4237123,0,0,0,,False,False,False,False,0,0.0,0,0,32.0,False,cache_miss,False,False,0,0.0,5f4e20f0854467db6a5ce2dc7fd30edec766b3b7427bec1f5b1547ff89d61723,True,,,1,0,12343.406858,12885.982496,6,8252,4,32
20260726_formal4t4_reuse_intensive_StaticSemantic@rho1.2_rep4,4,StaticSemantic@rho1.2,StaticSemantic,63,reuse_intensive:rep4:req63,reuse_intensive,1,75,0,L0075,8192,1,,False,1789732462.4237337,0,0,0,,False,False,False,False,0,0.0,0,0,32.0,False,cache_miss,False,False,0,0.0,e60b831c617e9dee960c3cf30867a1965e3698710a22ecf16aecf05118ef48fa,True,,,1,0,12186.598881,12698.677785,6,8252,4,32
20260726_formal4t4_reuse_intensive_StaticSemantic@rho1.2_rep4,4,StaticSemantic@rho1.2,StaticSemantic,64,reuse_intensive:rep4:req64,reuse_intensive,1,64,0,L0064,8192,2,,False,1789732475.8479702,0,0,0,,False,False,False,False,0,0.0,0,0,32.0,False,cache_miss,False,False,0,0.0,5bcb1ddb5527921c0d9998f7fbc0c065cff592adfbf06eabad54714b500f5c46,True,,,1,0,10716.275435,11225.855037,6,8252,4,32
20260726_formal4t4_reuse_intensive_StaticSemantic@rho1.2_rep4,4,StaticSemantic@rho1.2,StaticSemantic,65,reuse_intensive:rep4:req65,reuse_intensive,1,64,1,L0064,8192,0,,False,1789732475.8480077,0,0,0,,False,False,False,False,0,0.0,0,0,32.0,False,cache_miss,False,False,0,0.0,554b70aae01da91b70879d610f5920b4fcca8781e904fc29ff09a0d4df863979,True,,,1,0,14750.457328,15354.157034,6,8252,4,32
20260726_formal4t4_reuse_intensive_StaticSemantic@rho1.2_rep4,4,StaticSemantic@rho1.2,StaticSemantic,66,reuse_intensive:rep4:req66,reuse_intensive,1,64,2,L0064,8192,1,,False,1789732475.8480313,0,0,0,,False,False,False,False,0,0.0,0,0,32.0,False,cache_miss,False,False,0,0.0,9f34837903dcafcca47efb4864ad0b253f178bd810c190b788ee898c930795d5,True,,,1,0,12929.532358,13474.560302,6,8252,4,32
20260726_formal4t4_reuse_intensive_StaticSemantic@rho1.2_rep4,4,StaticSemantic@rho1.2,StaticSemantic,67,reuse_intensive:rep4:req67,reuse_intensive,1,65,1,L0065,8192,3,,False,1789732475.8480515,8192,0,0,337.254985332489,True,True,False,False,0,0.0,0,0,32.0,False,cache_miss,False,False,0,0.0,9d55293943b72a9a7f5b038ffd2576249a454efb296df3c6b0004619ce93075b,True,,,1,0,14820.003829,15388.696368,6,8252,4,32
20260726_formal4t4_reuse_intensive_StaticSemantic@rho1.2_rep4,4,StaticSemantic@rho1.2,StaticSemantic,68,reuse_intensive:rep4:req68,reuse_intensive,1,64,0,L0064,8192,2,,False,1789732491.2435331,8192,0,0,352.6504669189453,True,True,False,False,0,0.0,0,0,8224.0,False,cache_reused,False,False,0,0.0,7e327c6062852bc1a8e4858ab783b956491d75d6e49bb4df07fcc6fc947eab20,True,,,1,0,373.478706,900.407846,6,8252,4,8224
20260726_formal4t4_reuse_intensive_StaticSemantic@rho1.2_rep4,4,StaticSemantic@rho1.2,StaticSemantic,69,reuse_intensive:rep4:req69,reuse_intensive,1,77,0,L0077,8192,1,,False,1789732491.243574,0,0,0,,False,False,False,False,0,0.0,0,0,32.0,False,cache_miss,False,False,0,0.0,079aa5f1988381279ec66595f4611f880ec4644d9cea7aaf6fa38da9211a2a70,True,,,1,0,11847.430216,12352.510826,6,8252,4,32
20260726_formal4t4_reuse_intensive_StaticSemantic@rho1.2_rep4,4,StaticSemantic@rho1.2,StaticSemantic,70,reuse_intensive:rep4:req70,reuse_intensive,1,64,1,L0064,8192,0,,False,1789732491.2436013,8192,0,0,352.65053510665894,True,True,False,False,0,0.0,0,0,8224.0,False,cache_reused,False,False,0,0.0,2dfe3323a7ca2ee242b9bbce3767e727e5dbdc2f78aeef039828082eaa9a5c79,True,,,1,0,286.138376,884.746875,6,8252,4,8224
20260726_formal4t4_reuse_intensive_StaticSemantic@rho1.2_rep4,4,StaticSemantic@rho1.2,StaticSemantic,71,reuse_intensive:rep4:req71,reuse_intensive,1,69,1,L0069,8192,3,,False,1789732491.243625,8192,0,0,352.65055871009827,True,True,False,False,0,0.0,0,0,8224.0,False,cache_reused,False,False,0,0.0,bd821fd24b9e397e725a33c90c9b6baae59a071be366aa34efcfba343ba3c498,True,,,1,0,257.513831,778.356632,6,8252,4,8224
20260726_formal4t4_reuse_intensive_StaticSemantic@rho1.2_rep4,4,StaticSemantic@rho1.2,StaticSemantic,72,reuse_intensive:rep4:req72,reuse_intensive,1,64,2,L0064,8192,2,,False,1789732503.6005092,8192,0,0,365.0074429512024,True,True,False,False,0,0.0,0,0,8224.0,False,cache_reused,False,False,0,0.0,7fbdd7cedf8332431a5a178b74d555e1e174ed5d9df1d8a530eacfa32b49496f,True,,,1,0,414.65964,933.662938,6,8252,4,8224
20260726_formal4t4_reuse_intensive_StaticSemantic@rho1.2_rep4,4,StaticSemantic@rho1.2,StaticSemantic,73,reuse_intensive:rep4:req73,reuse_intensive,1,69,2,L0069,8192,3,,False,1789732503.6005502,8192,0,0,365.007483959198,True,True,False,False,0,0.0,0,0,8224.0,False,cache_reused,False,False,0,0.0,a226b9e01ed158dde658f087c4ee4d446316d0611790bda2b8594d007b8d84da,True,,,1,0,417.932594,940.284663,6,8252,4,8224
20260726_formal4t4_reuse_intensive_StaticSemantic@rho1.2_rep4,4,StaticSemantic@rho1.2,StaticSemantic,74,reuse_intensive:rep4:req74,reuse_intensive,1,76,0,L0076,8192,0,,False,1789732503.600577,0,0,0,,False,False,False,False,0,0.0,0,0,32.0,False,cache_miss,False,False,0,0.0,223a7775dff4524cad92cd55b00fed090c051c88720eedd3072c848d4770ac09,True,,,1,0,14563.695714,15157.289973,6,8252,4,32
20260726_formal4t4_reuse_intensive_StaticSemantic@rho1.2_rep4,4,StaticSemantic@rho1.2,StaticSemantic,75,reuse_intensive:rep4:req75,reuse_intensive,1,64,0,L0064,8192,1,,False,1789732503.6005998,8192,0,0,365.00753355026245,True,True,False,False,0,0.0,0,0,8224.0,False,cache_reused,False,False,0,0.0,55602f478038078915e5cf907b938dbfcb30ca4c40fc205cf39972258ce97473,True,,,1,0,262.768178,814.396424,6,8252,4,8224
20260726_formal4t4_reuse_intensive_StaticSemantic@rho1.2_rep4,4,StaticSemantic@rho1.2,StaticSemantic,76,reuse_intensive:rep4:req76,reuse_intensive,1,76,1,L0076,8192,2,,False,1789732518.7638571,8192,0,0,380.1707909107208,True,True,False,False,0,0.0,0,0,32.0,False,cache_miss,False,False,0,0.0,da2547cd7c99df9842c78cbd2c59065c05eb5fafd6c1389fc2f86fcc4a18e5aa,True,,,1,0,12049.107561,12604.511149,6,8252,4,32
20260726_formal4t4_reuse_intensive_StaticSemantic@rho1.2_rep4,4,StaticSemantic@rho1.2,StaticSemantic,77,reuse_intensive:rep4:req77,reuse_intensive,1,64,1,L0064,8192,0,,False,1789732518.7638972,8192,0,0,380.1708309650421,True,True,False,False,0,0.0,0,0,8224.0,False,cache_reused,False,False,0,0.0,dcc4525b18ba476ef33872ea2bb1f62f4968649a780fab6fa0e0f6ecea26f71a,True,,,1,0,271.144152,872.892945,6,8252,4,8224
20260726_formal4t4_reuse_intensive_StaticSemantic@rho1.2_rep4,4,StaticSemantic@rho1.2,StaticSemantic,78,reuse_intensive:rep4:req78,reuse_intensive,1,66,1,L0066,8192,1,,False,1789732518.7639236,8192,0,0,380.1708574295044,True,True,False,False,0,0.0,0,0,32.0,False,cache_miss,False,False,0,0.0,abf38b76a8a0f86759da4535834220da09f8c2b1ed320e6901ea1b565d80fbe6,True,,,1,0,10574.689673,11024.434312,6,8252,4,32
20260726_formal4t4_reuse_intensive_StaticSemantic@rho1.2_rep4,4,StaticSemantic@rho1.2,StaticSemantic,79,reuse_intensive:rep4:req79,reuse_intensive,1,64,2,L0064,8192,3,,False,1789732518.7639463,8192,0,0,380.1708800792694,True,True,False,False,0,0.0,0,0,32.0,False,cache_miss,False,False,0,0.0,e660bf8567e1ab5ddca65f9e39e1d17527e9f253d9d36ead7d15e97f95d903d9,True,,,1,0,12068.221923,12562.877681,6,8252,4,32
20260726_formal4t4_reuse_intensive_StaticSemantic@rho1.2_rep4,4,StaticSemantic@rho1.2,StaticSemantic,80,reuse_intensive:rep4:req80,reuse_intensive,1,64,0,L0064,8192,2,,False,1789732531.3718026,8192,0,0,392.77873635292053,True,True,False,False,0,0.0,0,0,8224.0,False,cache_reused,False,False,0,0.0,355a01cc1c5b3cfb2dd13dfb7fece0aeb3e6834b5da6f2637197014eadd638f2,True,,,1,0,250.416885,766.014712,6,8252,4,8224
20260726_formal4t4_reuse_intensive_StaticSemantic@rho1.2_rep4,4,StaticSemantic@rho1.2,StaticSemantic,81,reuse_intensive:rep4:req81,reuse_intensive,1,64,1,L0064,8192,1,,False,1789732531.37185,8192,0,0,392.7787837982178,True,True,False,False,0,0.0,0,0,8224.0,False,cache_reused,False,False,0,0.0,57ebada825478dbe5c8e5910b3140754a6bc30b47a171ce79091d6b4d8e55bc8,True,,,1,0,248.539816,796.63416,6,8252,4,8224
20260726_formal4t4_reuse_intensive_StaticSemantic@rho1.2_rep4,4,StaticSemantic@rho1.2,StaticSemantic,82,reuse_intensive:rep4:req82,reuse_intensive,1,76,2,L0076,8192,0,,False,1789732531.3718762,8192,0,0,392.7788100242615,True,True,False,False,0,0.0,0,0,8224.0,False,cache_reused,False,False,0,0.0,3a1996dab1a554ca036c82abe9f7a2bb79a65e8d07ea01b9c0b1cde8d6161807,True,,,1,0,452.868642,1063.427063,6,8252,4,8224
20260726_formal4t4_reuse_intensive_StaticSemantic@rho1.2_rep4,4,StaticSemantic@rho1.2,StaticSemantic,83,reuse_intensive:rep4:req83,reuse_intensive,1,64,2,L0064,8192,3,,False,1789732531.3718991,8192,0,0,392.77883291244507,True,True,False,False,0,0.0,0,0,8224.0,False,cache_reused,False,False,0,0.0,6e68f13cea355ab7dad98bb86d5acdc2a17d31f8200ade751cbe8130e057d5ac,True,,,1,0,247.690349,743.927869,6,8252,4,8224
20260726_formal4t4_reuse_intensive_StaticSemantic@rho1.2_rep4,4,StaticSemantic@rho1.2,StaticSemantic,84,reuse_intensive:rep4:req84,reuse_intensive,1,64,0,L0064,8192,2,,False,1789732532.4407835,8192,0,0,393.84771728515625,True,True,False,False,0,0.0,0,0,8224.0,False,cache_reused,False,False,0,0.0,e856055016fa7c7f4c42e8c35a94ded0952ccfce2dedc8f447d112892123e9c0,True,,,1,0,252.68546,769.467225,6,8252,4,8224
20260726_formal4t4_reuse_intensive_StaticSemantic@rho1.2_rep4,4,StaticSemantic@rho1.2,StaticSemantic,85,reuse_intensive:rep4:req85,reuse_intensive,1,64,1,L0064,8192,3,,False,1789732532.4408233,8192,0,0,393.84775710105896,True,True,False,False,0,0.0,0,0,8224.0,False,cache_reused,False,False,0,0.0,05a01e442bbbaa77da47357a762d0af7b05a64b297db9395ee5b20e1ece6b900,True,,,1,0,244.535961,744.105664,6,8252,4,8224
20260726_formal4t4_reuse_intensive_StaticSemantic@rho1.2_rep4,4,StaticSemantic@rho1.2,StaticSemantic,86,reuse_intensive:rep4:req86,reuse_intensive,1,65,2,L0065,8192,0,,False,1789732532.4408493,8192,0,0,393.8477830886841,True,True,False,False,0,0.0,0,0,32.0,False,cache_miss,False,False,0,0.0,473fa440ecb8fadffddfe58126c73480671a33e26478c4f283df2237fa1c61e5,True,,,1,0,13871.734431,14458.506012,6,8252,4,32
20260726_formal4t4_reuse_intensive_StaticSemantic@rho1.2_rep4,4,StaticSemantic@rho1.2,StaticSemantic,87,reuse_intensive:rep4:req87,reuse_intensive,1,64,2,L0064,8192,1,,False,1789732532.4408727,8192,0,0,393.84780645370483,True,True,False,False,0,0.0,0,0,8224.0,False,cache_reused,False,False,0,0.0,62d2cc5b1b823295df766f6d316f5c8668f3ed5c62703b51a580ff9a9fd931da,True,,,1,0,247.483733,798.088754,6,8252,4,8224
20260726_formal4t4_reuse_intensive_StaticSemantic@rho1.2_rep4,4,StaticSemantic@rho1.2,StaticSemantic,88,reuse_intensive:rep4:req88,reuse_intensive,1,86,0,L0086,8192,2,,False,1789732546.904868,0,0,0,,False,False,False,False,0,0.0,0,0,32.0,False,cache_miss,False,False,0,0.0,22c32cdcab0f5c9206927ac6cd5881728d854c2f5c93a3bce08768c51b57fcd6,True,,,1,0,11079.40555,11570.056174,6,8252,4,32
20260726_formal4t4_reuse_intensive_StaticSemantic@rho1.2_rep4,4,StaticSemantic@rho1.2,StaticSemantic,89,reuse_intensive:rep4:req89,reuse_intensive,1,64,0,L0064,8192,0,,False,1789732546.9049056,8192,0,0,408.3118393421173,True,True,False,False,0,0.0,0,0,8224.0,False,cache_reused,False,False,0,0.0,dba62e6603baa070772f6609f49873018ca1c7a7ef4cab1aab765cdda26a3ec6,True,,,1,0,279.205523,880.936825,6,8252,4,8224
20260726_formal4t4_reuse_intensive_StaticSemantic@rho1.2_rep4,4,StaticSemantic@rho1.2,StaticSemantic,90,reuse_intensive:rep4:req90,reuse_intensive,1,120,0,L0120,8192,1,,False,1789732546.9049346,0,0,0,,False,False,False,False,0,0.0,0,0,16.0,False,cache_miss,False,False,0,0.0,eb4dea8d812c349815770863598a60edb56e29c906ae07143a89eb99b21c2d46,True,,,1,0,13565.38044,14115.268733,6,8252,4,16
20260726_formal4t4_reuse_intensive_StaticSemantic@rho1.2_rep4,4,StaticSemantic@rho1.2,StaticSemantic,91,reuse_intensive:rep4:req91,reuse_intensive,1,65,0,L0065,8192,3,,False,1789732546.9049573,8192,0,0,408.311891078949,True,True,False,False,0,0.0,0,0,8224.0,False,cache_reused,False,False,0,0.0,da06ff75f82a4b89ad9e4fe1a9bfd0a70c783e607203d825ebe322c59ad2a61c,True,,,1,0,391.847572,963.202804,6,8252,4,8224
20260726_formal4t4_reuse_intensive_StaticSemantic@rho1.2_rep4,4,StaticSemantic@rho1.2,StaticSemantic,92,reuse_intensive:rep4:req92,reuse_intensive,1,64,1,L0064,8192,2,,False,1789732561.110888,8192,0,0,422.51782178878784,True,True,False,False,0,0.0,0,0,8224.0,False,cache_reused,False,False,0,0.0,71fc01415070347fe02b46c9b47dce9629e001d524b166620bbacd2a35d67e50,True,,,1,0,392.022154,919.593966,6,8252,4,8224
20260726_formal4t4_reuse_intensive_StaticSemantic@rho1.2_rep4,4,StaticSemantic@rho1.2,StaticSemantic,93,reuse_intensive:rep4:req93,reuse_intensive,1,80,0,L0080,8192,1,,False,1789732561.1109302,0,0,0,,False,False,False,False,0,0.0,0,0,32.0,False,cache_miss,False,False,0,0.0,8deffd65b96325a11dae1cb5304df8e2719c3686aedac8cc7635b617c7c3aabb,True,,,1,0,11373.142129,11890.22313,6,8252,4,32
20260726_formal4t4_reuse_intensive_StaticSemantic@rho1.2_rep4,4,StaticSemantic@rho1.2,StaticSemantic,94,reuse_intensive:rep4:req94,reuse_intensive,1,65,1,L0065,8192,0,,False,1789732561.1109557,8192,0,0,422.5178894996643,True,True,False,False,0,0.0,0,0,8224.0,False,cache_reused,False,False,0,0.0,cc62661261755c4cb02daf939547bdb7dab9f740baaef407d6bf59efa01c5c32,True,,,1,0,428.240628,1018.048137,6,8252,4,8224
20260726_formal4t4_reuse_intensive_StaticSemantic@rho1.2_rep4,4,StaticSemantic@rho1.2,StaticSemantic,95,reuse_intensive:rep4:req95,reuse_intensive,1,65,2,L0065,8192,3,,False,1789732561.1109805,8192,0,0,422.51791429519653,True,True,False,False,0,0.0,0,0,8224.0,False,cache_reused,False,False,0,0.0,732d7d2e82439246264809cd378ad3abe3e286b7710bf9e860863f020f0fc2e1,True,,,1,0,410.47878,981.907432,6,8252,4,8224
20260726_formal4t4_reuse_intensive_StaticSemantic@rho1.2_rep4,4,StaticSemantic@rho1.2,StaticSemantic,96,reuse_intensive:rep4:req96,reuse_intensive,1,118,0,L0118,8192,2,,False,1789732573.006006,0,0,0,,False,False,False,False,0,0.0,0,0,16.0,False,cache_miss,False,False,0,0.0,bdb6cba6aa24e11fa023ca10e392a124abf8e09f4a8d4e3260e316d4b23c4ad2,True,,,1,0,10448.901737,10919.465315,6,8252,4,16
20260726_formal4t4_reuse_intensive_StaticSemantic@rho1.2_rep4,4,StaticSemantic@rho1.2,StaticSemantic,97,reuse_intensive:rep4:req97,reuse_intensive,1,100,0,L0100,8192,3,,False,1789732573.0060427,0,0,0,,False,False,False,False,0,0.0,0,0,16.0,False,cache_miss,False,False,0,0.0,728d18b87d7e84482162b00d659b3b249955200a4c75308b1e54daaaab8749ae,True,,,1,0,13608.570709,14184.211578,6,8252,4,16
20260726_formal4t4_reuse_intensive_StaticSemantic@rho1.2_rep4,4,StaticSemantic@rho1.2,StaticSemantic,98,reuse_intensive:rep4:req98,reuse_intensive,1,66,2,L0066,8192,0,,False,1789732573.0060694,8192,0,0,434.41300320625305,True,True,False,False,0,0.0,0,0,8224.0,False,cache_reused,False,False,0,0.0,df53225ebfaf378d69df988a435a6ef54a5353dd3cf46836c012d39eeeec3262,True,,,1,0,408.235521,961.983759,6,8252,4,8224
20260726_formal4t4_reuse_intensive_StaticSemantic@rho1.2_rep4,4,StaticSemantic@rho1.2,StaticSemantic,99,reuse_intensive:rep4:req99,reuse_intensive,1,64,2,L0064,8192,1,,False,1789732573.0060966,8192,0,0,434.41303038597107,True,True,False,False,0,0.0,0,0,8224.0,False,cache_reused,False,False,0,0.0,fd97341be5312373b3bbd424ba18009794a974ffea13fe522c5264fd165189aa,True,,,1,0,263.150575,812.299041,6,8252,4,8224
20260726_formal4t4_reuse_intensive_StaticSemantic@rho1.2_rep4,4,StaticSemantic@rho1.2,StaticSemantic,100,reuse_intensive:rep4:req100,reuse_intensive,1,64,0,L0064,8192,2,,False,1789732587.195273,8192,0,0,448.60220670700073,True,True,False,False,0,0.0,0,0,8224.0,False,cache_reused,False,False,0,0.0,b972cbca272b1ed8bf1a64ebf89edf73cc881b3fa02cf52ca00db8a5925f7e76,True,,,1,0,414.179844,932.294425,6,8253,4,8224
20260726_formal4t4_reuse_intensive_StaticSemantic@rho1.2_rep4,4,StaticSemantic@rho1.2,StaticSemantic,101,reuse_intensive:rep4:req101,reuse_intensive,1,70,0,L0070,8192,0,,False,1789732587.1953127,0,0,0,,False,False,False,False,0,0.0,0,0,32.0,False,cache_miss,False,False,0,0.0,1060285ba9d9aa8d3c3b5400f94834c31efebeb74e301f0fc3ac74e43a00079d,True,,,1,0,12578.358412,13141.864249,6,8253,4,32
20260726_formal4t4_reuse_intensive_StaticSemantic@rho1.2_rep4,4,StaticSemantic@rho1.2,StaticSemantic,102,reuse_intensive:rep4:req102,reuse_intensive,1,67,0,L0067,8192,1,,False,1789732587.195339,0,0,0,,False,False,False,False,0,0.0,0,0,32.0,False,cache_miss,False,False,0,0.0,26d5680cbf4892ed49a5b0c38d64774caede06077b33a242330829f441ddb92f,True,,,1,0,11087.515541,11565.777277,6,8253,4,32
20260726_formal4t4_reuse_intensive_StaticSemantic@rho1.2_rep4,4,StaticSemantic@rho1.2,StaticSemantic,103,reuse_intensive:rep4:req103,reuse_intensive,1,80,1,L0080,8192,3,,False,1789732587.195364,8192,0,0,448.60229778289795,True,True,False,False,0,0.0,0,0,32.0,False,cache_miss,False,False,0,0.0,72e27842d09f457b558a1849cb746fba63d3625126a1690d4e536af0e0d6e16d,True,,,1,0,12471.81205,12964.869578,6,8253,4,32
20260726_formal4t4_reuse_intensive_StaticSemantic@rho1.2_rep4,4,StaticSemantic@rho1.2,StaticSemantic,104,reuse_intensive:rep4:req104,reuse_intensive,1,64,1,L0064,8192,2,,False,1789732600.3416674,8192,0,0,461.7486011981964,True,True,False,False,0,0.0,0,0,8224.0,False,cache_reused,False,False,0,0.0,3e1f58880a06abd38c38f18e15c2a621df1eef29f3c7090b659077487a1e5c61,True,,,1,0,382.261048,914.887879,6,8253,4,8224
20260726_formal4t4_reuse_intensive_StaticSemantic@rho1.2_rep4,4,StaticSemantic@rho1.2,StaticSemantic,105,reuse_intensive:rep4:req105,reuse_intensive,1,66,0,L0066,8192,1,,False,1789732600.341707,8192,0,0,461.74864077568054,True,True,False,False,0,0.0,0,0,8224.0,False,cache_reused,False,False,0,0.0,1a3f6daf279996d4b4246823c8a778fcf23979531d916522590b7a81d5944c07,True,,,1,0,230.341131,686.125465,6,8253,4,8224
20260726_formal4t4_reuse_intensive_StaticSemantic@rho1.2_rep4,4,StaticSemantic@rho1.2,StaticSemantic,106,reuse_intensive:rep4:req106,reuse_intensive,1,78,0,L0078,8192,0,,False,1789732600.3417337,0,0,0,,False,False,False,False,0,0.0,0,0,32.0,False,cache_miss,False,False,0,0.0,9fb78b48e474c5ed3cb6e4f0ffc419773227bf64614c739dbb2ef33d7c6ff563,True,,,1,0,13380.893735,13946.765722,6,8253,4,32
20260726_formal4t4_reuse_intensive_StaticSemantic@rho1.2_rep4,4,StaticSemantic@rho1.2,StaticSemantic,107,reuse_intensive:rep4:req107,reuse_intensive,1,68,0,L0068,8192,3,,False,1789732600.3417556,0,0,0,,False,False,False,False,0,0.0,0,0,32.0,False,cache_miss,False,False,0,0.0,3f3406a754605d692925fd6479a4d50a34e800db3e3a849a05e3f0ccb01ae326,True,,,1,0,13757.817981,14320.351596,6,8253,4,32
20260726_formal4t4_reuse_intensive_StaticSemantic@rho1.2_rep4,4,StaticSemantic@rho1.2,StaticSemantic,108,reuse_intensive:rep4:req108,reuse_intensive,1,64,2,L0064,8192,2,,False,1789732614.669226,8192,0,0,476.07615971565247,True,True,False,False,0,0.0,0,0,8224.0,False,cache_reused,False,False,0,0.0,6e4cc51c363b0951704cfe17e8e4a5ab66849ccb9bc2dcd33297fdc5c4492dac,True,,,1,0,413.943678,929.504084,6,8253,4,8224
20260726_formal4t4_reuse_intensive_StaticSemantic@rho1.2_rep4,4,StaticSemantic@rho1.2,StaticSemantic,109,reuse_intensive:rep4:req109,reuse_intensive,1,66,1,L0066,8192,3,,False,1789732614.6692674,8192,0,0,476.07620120048523,True,True,False,False,0,0.0,0,0,32.0,False,cache_miss,False,False,0,0.0,53279fd553134bb3b606ae051f097ea4f59ff27638739a546d8ae9ab51aff3e4,True,,,1,0,13737.601853,14288.027615,6,8253,4,32
20260726_formal4t4_reuse_intensive_StaticSemantic@rho1.2_rep4,4,StaticSemantic@rho1.2,StaticSemantic,110,reuse_intensive:rep4:req110,reuse_intensive,1,92,0,L0092,8192,0,,False,1789732614.669295,0,0,0,,False,False,False,False,0,0.0,0,0,32.0,False,cache_miss,False,False,0,0.0,defe5bfce0f3d9a752430964dc533506ca3c2511a9e83fd84e45a858cb442efe,True,,,1,0,14336.918199,14928.391183,6,8253,4,32
20260726_formal4t4_reuse_intensive_StaticSemantic@rho1.2_rep4,4,StaticSemantic@rho1.2,StaticSemantic,111,reuse_intensive:rep4:req111,reuse_intensive,1,81,0,L0081,8192,1,,False,1789732614.669317,0,0,0,,False,False,False,False,0,0.0,0,0,32.0,False,cache_miss,False,False,0,0.0,6091c7a22efd8bac3408de7e202fc8ec2be99072c75a026552bf2aaad78e42fc,True,,,1,0,11871.392507,12370.496867,6,8253,4,32
20260726_formal4t4_reuse_intensive_StaticSemantic@rho1.2_rep4,4,StaticSemantic@rho1.2,StaticSemantic,112,reuse_intensive:rep4:req112,reuse_intensive,1,64,0,L0064,8192,2,,False,1789732629.6034276,8192,0,0,491.0103614330292,True,True,False,False,0,0.0,0,0,8224.0,False,cache_reused,False,False,0,0.0,6f1f87d9c7f552fef17f2e66fc8acd8fd1f6c2406d60184fb92844c5d7c02850,True,,,1,0,391.268591,914.579436,6,8253,4,8224
20260726_formal4t4_reuse_intensive_StaticSemantic@rho1.2_rep4,4,StaticSemantic@rho1.2,StaticSemantic,113,reuse_intensive:rep4:req113,reuse_intensive,1,110,0,L0110,8192,0,,False,1789732629.603469,0,0,0,,False,False,False,False,0,0.0,0,0,16.0,False,cache_miss,False,False,0,0.0,3b663001c09c2dd5d4da8965281ed83f26fe7089ccbfba65172fae68e6078bb5,True,,,1,0,14376.67272,14972.503663,6,8253,4,16
20260726_formal4t4_reuse_intensive_StaticSemantic@rho1.2_rep4,4,StaticSemantic@rho1.2,StaticSemantic,114,reuse_intensive:rep4:req114,reuse_intensive,1,65,0,L0065,8192,1,,False,1789732629.6034942,8192,0,0,491.01042795181274,True,True,False,False,0,0.0,0,0,32.0,False,cache_miss,False,False,0,0.0,ccabe5d041eb242f67ae953638364b2adb0f644ab17414233f5e879bef079699,True,,,1,0,13046.672419,13601.275881,6,8253,4,32
20260726_formal4t4_reuse_intensive_StaticSemantic@rho1.2_rep4,4,StaticSemantic@rho1.2,StaticSemantic,115,reuse_intensive:rep4:req115,reuse_intensive,1,66,2,L0066,8192,3,,False,1789732629.6035185,8192,0,0,491.0104522705078,True,True,False,False,0,0.0,0,0,8224.0,False,cache_reused,False,False,0,0.0,291b9e2bead37c5f9aa672ec74f05a244776be9e3d1aefac8d7352bcfc77648b,True,,,1,0,262.76562,808.458558,6,8253,4,8224
20260726_formal4t4_reuse_intensive_StaticSemantic@rho1.2_rep4,4,StaticSemantic@rho1.2,StaticSemantic,116,reuse_intensive:rep4:req116,reuse_intensive,1,66,0,L0066,8192,2,,False,1789732644.5806632,8192,0,0,505.987596988678,True,True,False,False,0,0.0,0,0,32.0,False,cache_miss,False,False,0,0.0,cd5c69830cd9eb0e708db1b90d807866685f191adfb3d10541b8d4ec8bb4a654,True,,,1,0,10596.280128,11094.807753,6,8253,4,32
20260726_formal4t4_reuse_intensive_StaticSemantic@rho1.2_rep4,4,StaticSemantic@rho1.2,StaticSemantic,117,reuse_intensive:rep4:req117,reuse_intensive,1,65,1,L0065,8192,1,,False,1789732644.5807047,8192,0,0,505.98763847351074,True,True,False,False,0,0.0,0,0,8224.0,False,cache_reused,False,False,0,0.0,333e4affa965e948400637cab10667274184e384fd9592c9380aa3c88334f848,True,,,1,0,265.601195,822.425062,6,8253,4,8224
20260726_formal4t4_reuse_intensive_StaticSemantic@rho1.2_rep4,4,StaticSemantic@rho1.2,StaticSemantic,118,reuse_intensive:rep4:req118,reuse_intensive,1,64,1,L0064,8192,0,,False,1789732644.5807335,8192,0,0,505.9876673221588,True,True,False,False,0,0.0,0,0,8224.0,False,cache_reused,False,False,0,0.0,3990e821a609083efee48751aea75a2fa53ba2c0aed00a5e4d7f41dd9bd03720,True,,,1,0,276.478683,877.894723,6,8253,4,8224
20260726_formal4t4_reuse_intensive_StaticSemantic@rho1.2_rep4,4,StaticSemantic@rho1.2,StaticSemantic,119,reuse_intensive:rep4:req119,reuse_intensive,1,69,0,L0069,8192,3,,False,1789732644.5807567,8192,0,0,505.987690448761,True,True,False,False,0,0.0,0,0,8224.0,False,cache_reused,False,False,0,0.0,981716d20d2f3140a1717f8bbc5f9d80616b234c899c370b3be6a8962114b384,True,,,1,0,410.756599,931.586017,6,8253,4,8224
20260726_formal4t4_reuse_intensive_Adaptive@rho1.2_c01024_theta30_rep4,4,Adaptive@rho1.2_c01024_theta30,Adaptive,24,reuse_intensive:rep4:req24,reuse_intensive,0,21,0,L0021,8192,3,,False,1789732879.0966678,0,0,0,,False,False,False,False,0,0.0,0,0,32.0,False,cache_miss,False,False,0,0.0,6084b90f91958a8a02a56d8428c8c5e1930367dcb662b2e623b2ee7af171aea0,True,,,1,0,12009.824744,12538.322588,6,8252,4,32
20260726_formal4t4_reuse_intensive_Adaptive@rho1.2_c01024_theta30_rep4,4,Adaptive@rho1.2_c01024_theta30,Adaptive,25,reuse_intensive:rep4:req25,reuse_intensive,0,1,2,L0001,8192,0,0;3,True,1789732879.0967245,8192,8192,8192,190.8424413204193,False,False,True,True,8192,163.84,2,2,32.0,True,fallback_prefill,True,True,0,8160.0,7539756a068da27d38209f2647a53c582194307b5214ba5aacac396fd83b7964,True,,,1,0,11640.732875,12683.769163,6,8252,4,32
20260726_formal4t4_reuse_intensive_Adaptive@rho1.2_c01024_theta30_rep4,4,Adaptive@rho1.2_c01024_theta30,Adaptive,26,reuse_intensive:rep4:req26,reuse_intensive,0,2,0,L0002,8192,2,0;2,True,1789732879.0967638,8192,8192,8192,178.6227469444275,False,False,False,False,8192,163.84,2,2,8224.0,True,cache_reused,False,False,0,0.0,4c52276ff4df152def34bb48cc30bff5f3da49b1912851d141f2e92f88d4822d,True,,,1,0,425.478151,948.240858,6,8252,4,8224
20260726_formal4t4_reuse_intensive_Adaptive@rho1.2_c01024_theta30_rep4,4,Adaptive@rho1.2_c01024_theta30,Adaptive,27,reuse_intensive:rep4:req27,reuse_intensive,0,7,2,L0007,8192,0,0,True,1789732879.096795,8192,8192,8192,121.20733547210693,False,False,False,False,8192,161.84,1,1,8224.0,True,cache_reused,False,False,0,0.0,a57365283639e944e83c84048bc9d048a4e55bc6851dea85c38e4f93f3188303,True,,,1,0,11638.58403,12681.674631,6,8252,4,8224
20260726_formal4t4_reuse_intensive_Adaptive@rho1.2_c01024_theta30_rep4,4,Adaptive@rho1.2_c01024_theta30,Adaptive,28,reuse_intensive:rep4:req28,reuse_intensive,0,0,0,L0000,8192,3,3,True,1789732891.7855914,8192,8192,8192,216.72575688362122,False,False,False,False,8192,163.84,1,1,8224.0,True,cache_reused,False,False,0,0.0,03101a33f5506c5279d2aaa9ef47148750687d988184054a4b19ba0905c73f13,True,,,1,0,264.504499,819.546553,6,8252,4,8224
20260726_formal4t4_reuse_intensive_Adaptive@rho1.2_c01024_theta30_rep4,4,Adaptive@rho1.2_c01024_theta30,Adaptive,29,reuse_intensive:rep4:req29,reuse_intensive,0,43,0,L0043,8192,1,,False,1789732891.7856324,0,0,0,,False,False,False,False,0,0.0,0,0,32.0,False,cache_miss,False,False,0,0.0,5b8995a57dacf6cace4bcdda3a5646ae3da1dbd5d741a01942921714cef50d52,True,,,1,0,11918.187707,12439.933034,6,8252,4,32
20260726_formal4t4_reuse_intensive_Adaptive@rho1.2_c01024_theta30_rep4,4,Adaptive@rho1.2_c01024_theta30,Adaptive,30,reuse_intensive:rep4:req30,reuse_intensive,0,6,2,L0006,8192,0,0;3,True,1789732891.7856724,8192,8192,8192,148.2092673778534,False,False,False,False,8192,163.84,2,2,8224.0,True,cache_reused,False,False,0,0.0,c5d9ab05e959ac7b0549292ee1eb6e664062a26f29d4092d8588ef1c91db02be,True,,,1,0,278.376715,1455.759891,6,8252,4,8224
20260726_formal4t4_reuse_intensive_Adaptive@rho1.2_c01024_theta30_rep4,4,Adaptive@rho1.2_c01024_theta30,Adaptive,31,reuse_intensive:rep4:req31,reuse_intensive,0,11,0,L0011,8192,0,0,True,1789732891.7857053,8192,8192,8192,79.10349154472351,False,False,False,False,8192,161.84,1,1,8224.0,True,cache_reused,False,False,0,0.0,4263c119b8319795ff08c1ccda1fa72f947d72e9ae9c925b623f4b7925ea67a8,True,,,1,0,671.112524,1662.951754,6,8252,4,8224
20260726_formal4t4_reuse_intensive_Adaptive@rho1.2_c01024_theta30_rep4,4,Adaptive@rho1.2_c01024_theta30,Adaptive,32,reuse_intensive:rep4:req32,reuse_intensive,0,15,1,L0015,8192,1,,False,1789732904.230055,8192,0,0,242.4489107131958,True,True,False,False,0,0.0,0,0,8224.0,False,cache_reused,False,False,0,0.0,c78276eff2c192be97c7e02ab7efba55e8e7fb6493a0426cef84973af2153543,True,,,1,0,264.966714,821.206754,6,8252,4,8224
20260726_formal4t4_reuse_intensive_Adaptive@rho1.2_c01024_theta30_rep4,4,Adaptive@rho1.2_c01024_theta30,Adaptive,33,reuse_intensive:rep4:req33,reuse_intensive,0,33,0,L0033,8192,2,,False,1789732904.2300956,0,0,0,,False,False,False,False,0,0.0,0,0,32.0,False,cache_miss,False,False,0,0.0,6b862e8773a351b7bacf6ca4e96c5830b03ae745dcf6ac0b2c251e1758e98aa8,True,,,1,0,10356.711876,10832.698829,6,8252,4,32
20260726_formal4t4_reuse_intensive_Adaptive@rho1.2_c01024_theta30_rep4,4,Adaptive@rho1.2_c01024_theta30,Adaptive,34,reuse_intensive:rep4:req34,reuse_intensive,0,10,0,L0010,8192,0,0,True,1789732904.2301373,8192,8192,8192,105.36411619186401,False,False,False,False,8192,163.84,1,1,8224.0,True,cache_reused,False,False,0,0.0,88574df43f455ac64dec6e454dc249b990ef9507a144163f3fd204408a1dfdc3,True,,,1,0,413.00267,994.893257,6,8252,4,8224
20260726_formal4t4_reuse_intensive_Adaptive@rho1.2_c01024_theta30_rep4,4,Adaptive@rho1.2_c01024_theta30,Adaptive,35,reuse_intensive:rep4:req35,reuse_intensive,0,22,0,L0022,8192,3,,False,1789732904.2301793,0,0,0,,False,False,False,False,0,0.0,0,0,32.0,False,cache_miss,False,False,0,0.0,9fccc8499b657d8981c8a6c41e75456ad887dd7616bf514c2763d9d84acc6e53,True,,,1,0,11701.752124,12193.248074,6,8252,4,32
20260726_formal4t4_reuse_intensive_Adaptive@rho1.2_c01024_theta30_rep4,4,Adaptive@rho1.2_c01024_theta30,Adaptive,36,reuse_intensive:rep4:req36,reuse_intensive,0,0,1,L0000,8192,2,,False,1789732916.4303982,8192,0,0,254.64925384521484,True,True,False,False,0,0.0,0,0,32.0,False,cache_miss,False,False,0,0.0,dabdba8ba104408a88f198a75b28209d96e79d21817dfbbf1afd23252891b5e5,True,,,1,0,11700.945563,12236.890738,6,8252,4,32
20260726_formal4t4_reuse_intensive_Adaptive@rho1.2_c01024_theta30_rep4,4,Adaptive@rho1.2_c01024_theta30,Adaptive,37,reuse_intensive:rep4:req37,reuse_intensive,0,23,0,L0023,8192,0,,False,1789732916.4304376,0,0,0,,False,False,False,False,0,0.0,0,0,32.0,False,cache_miss,False,False,0,0.0,8c2fb51c5c26300a717b46fbc092366a04eac959aab7938ecd775ea51070a48c,True,,,1,0,11578.662283,12120.190493,6,8252,4,32
20260726_formal4t4_reuse_intensive_Adaptive@rho1.2_c01024_theta30_rep4,4,Adaptive@rho1.2_c01024_theta30,Adaptive,38,reuse_intensive:rep4:req38,reuse_intensive,0,9,0,L0009,8192,3,0;3,True,1789732916.4304817,8192,8192,8192,131.13533210754395,False,False,False,False,8192,163.84,2,2,8224.0,True,cache_reused,False,False,0,0.0,8903253da79794b51fe66c165a8d0c55eb40e017dede0de839b96e5ffc007afa,True,,,1,0,255.650072,778.270344,6,8252,4,8224
20260726_formal4t4_reuse_intensive_Adaptive@rho1.2_c01024_theta30_rep4,4,Adaptive@rho1.2_c01024_theta30,Adaptive,39,reuse_intensive:rep4:req39,reuse_intensive,0,0,2,L0000,8192,1,,False,1789732916.4305093,8192,0,0,254.6493649482727,True,True,False,False,0,0.0,0,0,32.0,False,cache_miss,False,False,0,0.0,7eb46a657bc0ad3aa4f0942d6faa594f5b7823b83b0b92fb6e49786e8f8e4833,True,,,1,0,10545.848715,11041.326315,6,8252,4,32
20260726_formal4t4_reuse_intensive_Adaptive@rho1.2_c01024_theta30_rep4,4,Adaptive@rho1.2_c01024_theta30,Adaptive,40,reuse_intensive:rep4:req40,reuse_intensive,0,44,0,L0044,8192,3,,False,1789732928.67058,0,0,0,,False,False,False,False,0,0.0,0,0,32.0,False,cache_miss,False,False,0,0.0,ed2efac4fc1f38dbcc6c210e8c6ab2e7f11b43f432a9e7e625eb26cc74e0100d,True,,,1,0,12187.303449,12721.371613,6,8252,4,32
20260726_formal4t4_reuse_intensive_Adaptive@rho1.2_c01024_theta30_rep4,4,Adaptive@rho1.2_c01024_theta30,Adaptive,41,reuse_intensive:rep4:req41,reuse_intensive,0,2,1,L0002,8192,2,2,False,1789732928.670632,8192,8192,8192,228.19661498069763,False,False,False,False,8192,0.0,1,1,8224.0,False,cache_reused,False,False,0,0.0,179e665dc223c19f6615a2c3b32b90a197006249541acd844d633f14ed16eee4,True,,,1,0,240.638351,765.427021,6,8252,4,8224
20260726_formal4t4_reuse_intensive_Adaptive@rho1.2_c01024_theta30_rep4,4,Adaptive@rho1.2_c01024_theta30,Adaptive,42,reuse_intensive:rep4:req42,reuse_intensive,0,11,1,L0011,8192,0,0,False,1789732928.6706698,8192,8192,8192,115.98845601081848,False,False,False,False,8192,0.0,1,1,8224.0,False,cache_reused,False,False,0,0.0,295d8a2260130067b88ca25e56ecf69cd6b04e14d3703d124ae1cdc025a9073c,True,,,1,0,292.295199,918.883516,6,8252,4,8224
20260726_formal4t4_reuse_intensive_Adaptive@rho1.2_c01024_theta30_rep4,4,Adaptive@rho1.2_c01024_theta30,Adaptive,43,reuse_intensive:rep4:req43,reuse_intensive,0,23,1,L0023,8192,1,,False,1789732928.6706963,8192,0,0,266.88955187797546,True,True,False,False,0,0.0,0,0,32.0,False,cache_miss,False,False,0,0.0,0dd1c04b9b24d6d52566bf5f469735f5b6c604f5da050702e167e86a9f74cba6,True,,,1,0,12536.192324,13043.658754,6,8252,4,32
20260726_formal4t4_reuse_intensive_Adaptive@rho1.2_c01024_theta30_rep4,4,Adaptive@rho1.2_c01024_theta30,Adaptive,44,reuse_intensive:rep4:req44,reuse_intensive,0,4,0,L0004,8192,0,0;3,True,1789732941.7212605,8192,8192,8192,226.2150194644928,False,False,True,True,8192,163.84,2,2,32.0,True,fallback_prefill,True,True,0,8160.0,a03b2d5e8ca7bad0131fd999dfe630e390ec40b3b4d8f553412f9dfb86252723,True,,,1,0,11989.757827,12540.004209,6,8252,4,32
20260726_formal4t4_reuse_intensive_Adaptive@rho1.2_c01024_theta30_rep4,4,Adaptive@rho1.2_c01024_theta30,Adaptive,45,reuse_intensive:rep4:req45,reuse_intensive,0,0,0,L0000,8192,1,,False,1789732941.7213023,8192,0,0,279.9401578903198,True,True,False,False,0,0.0,0,0,8224.0,False,cache_reused,False,False,0,0.0,52d7ae8333f26885f9b3938f541f60b0c46fadba6b9de827736c907b5f5b7ef7,True,,,1,0,237.68475,739.5991,6,8252,4,8224
20260726_formal4t4_reuse_intensive_Adaptive@rho1.2_c01024_theta30_rep4,4,Adaptive@rho1.2_c01024_theta30,Adaptive,46,reuse_intensive:rep4:req46,reuse_intensive,0,36,0,L0036,8192,2,,False,1789732941.7213302,0,0,0,,False,False,False,False,0,0.0,0,0,32.0,False,cache_miss,False,False,0,0.0,9057be0c61d3d0c72867917fdac13184e8b322c42ba49b21903c1d396d012256,True,,,1,0,14171.843572,14774.223604,6,8252,4,32
20260726_formal4t4_reuse_intensive_Adaptive@rho1.2_c01024_theta30_rep4,4,Adaptive@rho1.2_c01024_theta30,Adaptive,47,reuse_intensive:rep4:req47,reuse_intensive,0,0,1,L0000,8192,3,,False,1789732941.721353,8192,0,0,279.9402086734772,True,True,False,False,0,0.0,0,0,8224.0,False,cache_reused,False,False,0,0.0,557ff2cf8d8a40684dcafef822af047b621c9f6f3f1b0331565c9b68f725bcc8,True,,,1,0,253.945486,812.238536,6,8252,4,8224
20260726_formal4t4_reuse_intensive_Adaptive@rho1.2_c01024_theta30_rep4,4,Adaptive@rho1.2_c01024_theta30,Adaptive,48,reuse_intensive:rep4:req48,reuse_intensive,0,0,2,L0000,8192,2,,False,1789732956.5016615,8192,0,0,294.7205171585083,True,True,False,False,0,0.0,0,0,8224.0,False,cache_reused,False,False,0,0.0,7ad5ac9897ee11cec9273921d21b3a8a425614aab8c628ee2b3eb767c248847e,True,,,1,0,258.036721,796.091199,6,8252,4,8224
20260726_formal4t4_reuse_intensive_Adaptive@rho1.2_c01024_theta30_rep4,4,Adaptive@rho1.2_c01024_theta30,Adaptive,49,reuse_intensive:rep4:req49,reuse_intensive,0,0,0,L0000,8192,1,,False,1789732956.5017018,8192,0,0,294.72055745124817,True,True,False,False,0,0.0,0,0,8224.0,False,cache_reused,False,False,0,0.0,b567c668bb96fcb8121a02a37b77e097ad572ede4e4b45c87231d2487ac4ca58,True,,,1,0,361.055399,872.838066,6,8252,4,8224
20260726_formal4t4_reuse_intensive_Adaptive@rho1.2_c01024_theta30_rep4,4,Adaptive@rho1.2_c01024_theta30,Adaptive,50,reuse_intensive:rep4:req50,reuse_intensive,0,1,0,L0001,8192,3,3,True,1789732956.5017416,8192,8192,8192,268.24728631973267,False,False,False,False,8192,163.84,1,1,8224.0,True,cache_reused,False,False,0,0.0,ea7e1c651d687e774a4979c3efb91196c44ca5d76d120dc2909a9361a0f2963f,True,,,1,0,391.279149,936.700847,6,8252,4,8224
20260726_formal4t4_reuse_intensive_Adaptive@rho1.2_c01024_theta30_rep4,4,Adaptive@rho1.2_c01024_theta30,Adaptive,51,reuse_intensive:rep4:req51,reuse_intensive,0,26,0,L0026,8192,0,,False,1789732956.5017676,0,0,0,,False,False,False,False,0,0.0,0,0,32.0,False,cache_miss,False,False,0,0.0,ab23ec4431c7e7c77bc5a3de03c5c98fc1de668a4847cea3d00dd616899f91ba,True,,,1,0,13237.554648,13830.81435,6,8252,4,32
20260726_formal4t4_reuse_intensive_Adaptive@rho1.2_c01024_theta30_rep4,4,Adaptive@rho1.2_c01024_theta30,Adaptive,52,reuse_intensive:rep4:req52,reuse_intensive,0,23,2,L0023,8192,3,,False,1789732970.3397837,8192,0,0,308.5586392879486,True,True,False,False,0,0.0,0,0,32.0,False,cache_miss,False,False,0,0.0,ddf1c7fd7ca4ffe636d7279abf5bb6929aff340607f6f589c5687248fa67650f,True,,,1,0,11912.586816,12418.470462,6,8252,4,32
20260726_formal4t4_reuse_intensive_Adaptive@rho1.2_c01024_theta30_rep4,4,Adaptive@rho1.2_c01024_theta30,Adaptive,53,reuse_intensive:rep4:req53,reuse_intensive,0,4,1,L0004,8192,0,0;3,False,1789732970.3398468,8192,8192,8192,254.8336057662964,False,False,False,False,8192,0.0,2,2,8224.0,False,cache_reused,False,False,0,0.0,ac25badeca96a4d4fe217fc668d3d7d3be00fa2e5b864dbddb01bd3a580b73b5,True,,,1,0,236.182543,790.735396,6,8252,4,8224
20260726_formal4t4_reuse_intensive_Adaptive@rho1.2_c01024_theta30_rep4,4,Adaptive@rho1.2_c01024_theta30,Adaptive,54,reuse_intensive:rep4:req54,reuse_intensive,0,0,1,L0000,8192,1,,False,1789732970.3398776,8192,0,0,308.5587332248688,True,True,False,False,0,0.0,0,0,8224.0,False,cache_reused,False,False,0,0.0,89d52b012deb02110654ffc30953d75c1e41c3b742e215a16c9837d6ccf95479,True,,,1,0,369.154716,886.522287,6,8252,4,8224
20260726_formal4t4_reuse_intensive_Adaptive@rho1.2_c01024_theta30_rep4,4,Adaptive@rho1.2_c01024_theta30,Adaptive,55,reuse_intensive:rep4:req55,reuse_intensive,0,0,2,L0000,8192,2,,False,1789732970.3399012,8192,0,0,308.5587568283081,True,True,False,False,0,0.0,0,0,8224.0,False,cache_reused,False,False,0,0.0,70360c5615a8a22663ab8c1c116cbcde1e0860fcfe0289e217852d8bb4977d1d,True,,,1,0,392.708699,933.776382,6,8252,4,8224
20260726_formal4t4_reuse_intensive_Adaptive@rho1.2_c01024_theta30_rep4,4,Adaptive@rho1.2_c01024_theta30,Adaptive,56,reuse_intensive:rep4:req56,reuse_intensive,0,63,0,L0063,8192,0,,False,1789732982.7614386,0,0,0,,False,False,False,False,0,0.0,0,0,32.0,False,cache_miss,False,False,0,0.0,f8dce29e0f9422fa258b0db0d40b2ce52cdc4fe514b053940a17394e1cc45b08,True,,,1,0,13640.269243,14237.191222,6,8252,4,32
20260726_formal4t4_reuse_intensive_Adaptive@rho1.2_c01024_theta30_rep4,4,Adaptive@rho1.2_c01024_theta30,Adaptive,57,reuse_intensive:rep4:req57,reuse_intensive,0,5,0,L0005,8192,3,,False,1789732982.7614753,8192,0,0,320.9803309440613,True,True,False,False,0,0.0,0,0,32.0,False,cache_miss,False,False,0,0.0,b594b68e0d9b679366dd783194eb6d4c896fad52a680aca5bdb74b4558105938,True,,,1,0,15241.320108,16344.684556,6,8252,4,32
20260726_formal4t4_reuse_intensive_Adaptive@rho1.2_c01024_theta30_rep4,4,Adaptive@rho1.2_c01024_theta30,Adaptive,58,reuse_intensive:rep4:req58,reuse_intensive,0,1,1,L0001,8192,3,3,True,1789732982.7615178,8192,8192,8192,294.50706243515015,False,False,False,False,8192,161.84,1,1,8224.0,True,cache_reused,False,False,0,0.0,1b83320fd4da9b24757bd10f8f66d8b795b79369c5c4dbf3ddc6781ac560098d,True,,,1,0,15240.238889,16343.696544,6,8252,4,8224
20260726_formal4t4_reuse_intensive_Adaptive@rho1.2_c01024_theta30_rep4,4,Adaptive@rho1.2_c01024_theta30,Adaptive,59,reuse_intensive:rep4:req59,reuse_intensive,0,15,2,L0015,8192,1,,False,1789732982.761544,8192,0,0,320.98039960861206,True,True,False,False,0,0.0,0,0,8224.0,False,cache_reused,False,False,0,0.0,f79c1a58bb61b3ab1743d02e4886eee5ce63f3468b3fda84ac8d59d9d77439ff,True,,,1,0,391.751216,958.64375,6,8252,4,8224
20260726_formal4t4_reuse_intensive_Adaptive@rho1.2_c01024_theta30_rep4,4,Adaptive@rho1.2_c01024_theta30,Adaptive,60,reuse_intensive:rep4:req60,reuse_intensive,1,65,0,L0065,8192,1,,False,1789732999.110959,0,0,0,,False,False,False,False,0,0.0,0,0,32.0,False,cache_miss,False,False,0,0.0,024964d1a76f4c5bc1f22dfcc99705b418e7231aa867a58b479b50ed2a438326,True,,,1,0,10882.255383,11403.612571,6,8252,4,32
20260726_formal4t4_reuse_intensive_Adaptive@rho1.2_c01024_theta30_rep4,4,Adaptive@rho1.2_c01024_theta30,Adaptive,61,reuse_intensive:rep4:req61,reuse_intensive,1,69,0,L0069,8192,2,,False,1789732999.1109965,0,0,0,,False,False,False,False,0,0.0,0,0,32.0,False,cache_miss,False,False,0,0.0,e064c087bc2d73b361c44efba62a2c7ba0d39305477a8a97420bedb9f7855fe1,True,,,1,0,11287.757205,11806.838002,6,8252,4,32
20260726_formal4t4_reuse_intensive_Adaptive@rho1.2_c01024_theta30_rep4,4,Adaptive@rho1.2_c01024_theta30,Adaptive,62,reuse_intensive:rep4:req62,reuse_intensive,1,66,0,L0066,8192,3,,False,1789732999.1110208,0,0,0,,False,False,False,False,0,0.0,0,0,32.0,False,cache_miss,False,False,0,0.0,5f4e20f0854467db6a5ce2dc7fd30edec766b3b7427bec1f5b1547ff89d61723,True,,,1,0,13080.177336,13621.524714,6,8252,4,32
20260726_formal4t4_reuse_intensive_Adaptive@rho1.2_c01024_theta30_rep4,4,Adaptive@rho1.2_c01024_theta30,Adaptive,63,reuse_intensive:rep4:req63,reuse_intensive,1,75,0,L0075,8192,0,,False,1789732999.1110427,0,0,0,,False,False,False,False,0,0.0,0,0,32.0,False,cache_miss,False,False,0,0.0,e60b831c617e9dee960c3cf30867a1965e3698710a22ecf16aecf05118ef48fa,True,,,1,0,12265.669718,12815.927947,6,8252,4,32
20260726_formal4t4_reuse_intensive_Adaptive@rho1.2_c01024_theta30_rep4,4,Adaptive@rho1.2_c01024_theta30,Adaptive,64,reuse_intensive:rep4:req64,reuse_intensive,1,64,0,L0064,8192,1,,False,1789733012.738668,0,0,0,,False,False,False,False,0,0.0,0,0,32.0,False,cache_miss,False,False,0,0.0,5bcb1ddb5527921c0d9998f7fbc0c065cff592adfbf06eabad54714b500f5c46,True,,,1,0,11733.095597,12274.804641,6,8252,4,32
20260726_formal4t4_reuse_intensive_Adaptive@rho1.2_c01024_theta30_rep4,4,Adaptive@rho1.2_c01024_theta30,Adaptive,65,reuse_intensive:rep4:req65,reuse_intensive,1,64,1,L0064,8192,3,,False,1789733012.7387064,0,0,0,,False,False,False,False,0,0.0,0,0,32.0,False,cache_miss,False,False,0,0.0,554b70aae01da91b70879d610f5920b4fcca8781e904fc29ff09a0d4df863979,True,,,1,0,11821.07112,12362.516149,6,8252,4,32
20260726_formal4t4_reuse_intensive_Adaptive@rho1.2_c01024_theta30_rep4,4,Adaptive@rho1.2_c01024_theta30,Adaptive,66,reuse_intensive:rep4:req66,reuse_intensive,1,64,2,L0064,8192,2,,False,1789733012.738731,0,0,0,,False,False,False,False,0,0.0,0,0,32.0,False,cache_miss,False,False,0,0.0,9f34837903dcafcca47efb4864ad0b253f178bd810c190b788ee898c930795d5,True,,,1,0,11003.349507,11525.337237,6,8252,4,32
20260726_formal4t4_reuse_intensive_Adaptive@rho1.2_c01024_theta30_rep4,4,Adaptive@rho1.2_c01024_theta30,Adaptive,67,reuse_intensive:rep4:req67,reuse_intensive,1,65,1,L0065,8192,0,,False,1789733012.7387507,8192,0,0,350.9576063156128,True,True,False,False,0,0.0,0,0,32.0,False,cache_miss,False,False,0,0.0,9d55293943b72a9a7f5b038ffd2576249a454efb296df3c6b0004619ce93075b,True,,,1,0,11388.446793,11908.735503,6,8252,4,32
20260726_formal4t4_reuse_intensive_Adaptive@rho1.2_c01024_theta30_rep4,4,Adaptive@rho1.2_c01024_theta30,Adaptive,68,reuse_intensive:rep4:req68,reuse_intensive,1,64,0,L0064,8192,1,,False,1789733025.1057355,8192,0,0,363.32459115982056,True,True,False,False,0,0.0,0,0,8224.0,False,cache_reused,False,False,0,0.0,7e327c6062852bc1a8e4858ab783b956491d75d6e49bb4df07fcc6fc947eab20,True,,,1,0,259.907854,800.206992,6,8252,4,8224
20260726_formal4t4_reuse_intensive_Adaptive@rho1.2_c01024_theta30_rep4,4,Adaptive@rho1.2_c01024_theta30,Adaptive,69,reuse_intensive:rep4:req69,reuse_intensive,1,77,0,L0077,8192,0,,False,1789733025.1057763,0,0,0,,False,False,False,False,0,0.0,0,0,32.0,False,cache_miss,False,False,0,0.0,079aa5f1988381279ec66595f4611f880ec4644d9cea7aaf6fa38da9211a2a70,True,,,1,0,13232.231944,13770.11312,6,8252,4,32
20260726_formal4t4_reuse_intensive_Adaptive@rho1.2_c01024_theta30_rep4,4,Adaptive@rho1.2_c01024_theta30,Adaptive,70,reuse_intensive:rep4:req70,reuse_intensive,1,64,1,L0064,8192,3,,False,1789733025.1058044,8192,0,0,363.3246600627899,True,True,False,False,0,0.0,0,0,8224.0,False,cache_reused,False,False,0,0.0,2dfe3323a7ca2ee242b9bbce3767e727e5dbdc2f78aeef039828082eaa9a5c79,True,,,1,0,248.688739,796.358458,6,8252,4,8224
20260726_formal4t4_reuse_intensive_Adaptive@rho1.2_c01024_theta30_rep4,4,Adaptive@rho1.2_c01024_theta30,Adaptive,71,reuse_intensive:rep4:req71,reuse_intensive,1,69,1,L0069,8192,2,,False,1789733025.1058285,8192,0,0,363.3246841430664,True,True,False,False,0,0.0,0,0,8224.0,False,cache_reused,False,False,0,0.0,bd821fd24b9e397e725a33c90c9b6baae59a071be366aa34efcfba343ba3c498,True,,,1,0,252.555594,772.773337,6,8252,4,8224
20260726_formal4t4_reuse_intensive_Adaptive@rho1.2_c01024_theta30_rep4,4,Adaptive@rho1.2_c01024_theta30,Adaptive,72,reuse_intensive:rep4:req72,reuse_intensive,1,64,2,L0064,8192,1,,False,1789733038.8803174,8192,0,0,377.09917306900024,True,True,False,False,0,0.0,0,0,8224.0,False,cache_reused,False,False,0,0.0,7fbdd7cedf8332431a5a178b74d555e1e174ed5d9df1d8a530eacfa32b49496f,True,,,1,0,392.245768,950.974383,6,8252,4,8224
20260726_formal4t4_reuse_intensive_Adaptive@rho1.2_c01024_theta30_rep4,4,Adaptive@rho1.2_c01024_theta30,Adaptive,73,reuse_intensive:rep4:req73,reuse_intensive,1,69,2,L0069,8192,2,,False,1789733038.8803568,8192,0,0,377.0992124080658,True,True,False,False,0,0.0,0,0,8224.0,False,cache_reused,False,False,0,0.0,a226b9e01ed158dde658f087c4ee4d446316d0611790bda2b8594d007b8d84da,True,,,1,0,417.711994,936.202616,6,8252,4,8224
20260726_formal4t4_reuse_intensive_Adaptive@rho1.2_c01024_theta30_rep4,4,Adaptive@rho1.2_c01024_theta30,Adaptive,74,reuse_intensive:rep4:req74,reuse_intensive,1,76,0,L0076,8192,3,,False,1789733038.8803825,0,0,0,,False,False,False,False,0,0.0,0,0,32.0,False,cache_miss,False,False,0,0.0,223a7775dff4524cad92cd55b00fed090c051c88720eedd3072c848d4770ac09,True,,,1,0,13188.638011,13747.585134,6,8252,4,32
20260726_formal4t4_reuse_intensive_Adaptive@rho1.2_c01024_theta30_rep4,4,Adaptive@rho1.2_c01024_theta30,Adaptive,75,reuse_intensive:rep4:req75,reuse_intensive,1,64,0,L0064,8192,0,,False,1789733038.8804052,8192,0,0,377.09926080703735,True,True,False,False,0,0.0,0,0,32.0,False,cache_miss,False,False,0,0.0,55602f478038078915e5cf907b938dbfcb30ca4c40fc205cf39972258ce97473,True,,,1,0,14072.698291,14642.448003,6,8252,4,32
20260726_formal4t4_reuse_intensive_Adaptive@rho1.2_c01024_theta30_rep4,4,Adaptive@rho1.2_c01024_theta30,Adaptive,76,reuse_intensive:rep4:req76,reuse_intensive,1,76,1,L0076,8192,1,,False,1789733053.5300395,8192,0,0,391.74889516830444,True,True,False,False,0,0.0,0,0,32.0,False,cache_miss,False,False,0,0.0,da2547cd7c99df9842c78cbd2c59065c05eb5fafd6c1389fc2f86fcc4a18e5aa,True,,,1,0,10706.809414,11182.834452,6,8252,4,32
20260726_formal4t4_reuse_intensive_Adaptive@rho1.2_c01024_theta30_rep4,4,Adaptive@rho1.2_c01024_theta30,Adaptive,77,reuse_intensive:rep4:req77,reuse_intensive,1,64,1,L0064,8192,3,,False,1789733053.5300786,8192,0,0,391.7489342689514,True,True,False,False,0,0.0,0,0,8224.0,False,cache_reused,False,False,0,0.0,dcc4525b18ba476ef33872ea2bb1f62f4968649a780fab6fa0e0f6ecea26f71a,True,,,1,0,252.256724,797.850538,6,8252,4,8224
20260726_formal4t4_reuse_intensive_Adaptive@rho1.2_c01024_theta30_rep4,4,Adaptive@rho1.2_c01024_theta30,Adaptive,78,reuse_intensive:rep4:req78,reuse_intensive,1,66,1,L0066,8192,2,,False,1789733053.5301065,8192,0,0,391.74896216392517,True,True,False,False,0,0.0,0,0,32.0,False,cache_miss,False,False,0,0.0,abf38b76a8a0f86759da4535834220da09f8c2b1ed320e6901ea1b565d80fbe6,True,,,1,0,12063.230792,12632.049592,6,8252,4,32
20260726_formal4t4_reuse_intensive_Adaptive@rho1.2_c01024_theta30_rep4,4,Adaptive@rho1.2_c01024_theta30,Adaptive,79,reuse_intensive:rep4:req79,reuse_intensive,1,64,2,L0064,8192,0,,False,1789733053.530129,8192,0,0,391.7489845752716,True,True,False,False,0,0.0,0,0,8224.0,False,cache_reused,False,False,0,0.0,e660bf8567e1ab5ddca65f9e39e1d17527e9f253d9d36ead7d15e97f95d903d9,True,,,1,0,242.326378,813.435809,6,8252,4,8224
20260726_formal4t4_reuse_intensive_Adaptive@rho1.2_c01024_theta30_rep4,4,Adaptive@rho1.2_c01024_theta30,Adaptive,80,reuse_intensive:rep4:req80,reuse_intensive,1,64,0,L0064,8192,1,,False,1789733066.1679482,8192,0,0,404.38680386543274,True,True,False,False,0,0.0,0,0,8224.0,False,cache_reused,False,False,0,0.0,355a01cc1c5b3cfb2dd13dfb7fece0aeb3e6834b5da6f2637197014eadd638f2,True,,,1,0,262.249412,803.838459,6,8252,4,8224
20260726_formal4t4_reuse_intensive_Adaptive@rho1.2_c01024_theta30_rep4,4,Adaptive@rho1.2_c01024_theta30,Adaptive,81,reuse_intensive:rep4:req81,reuse_intensive,1,64,1,L0064,8192,0,,False,1789733066.167986,8192,0,0,404.38684153556824,True,True,False,False,0,0.0,0,0,8224.0,False,cache_reused,False,False,0,0.0,57ebada825478dbe5c8e5910b3140754a6bc30b47a171ce79091d6b4d8e55bc8,True,,,1,0,423.210726,999.446392,6,8252,4,8224
20260726_formal4t4_reuse_intensive_Adaptive@rho1.2_c01024_theta30_rep4,4,Adaptive@rho1.2_c01024_theta30,Adaptive,82,reuse_intensive:rep4:req82,reuse_intensive,1,76,2,L0076,8192,3,,False,1789733066.168013,8192,0,0,404.38686871528625,True,True,False,False,0,0.0,0,0,8224.0,False,cache_reused,False,False,0,0.0,3a1996dab1a554ca036c82abe9f7a2bb79a65e8d07ea01b9c0b1cde8d6161807,True,,,1,0,403.478384,971.097705,6,8252,4,8224
20260726_formal4t4_reuse_intensive_Adaptive@rho1.2_c01024_theta30_rep4,4,Adaptive@rho1.2_c01024_theta30,Adaptive,83,reuse_intensive:rep4:req83,reuse_intensive,1,64,2,L0064,8192,2,,False,1789733066.1680355,8192,0,0,404.3868911266327,True,True,False,False,0,0.0,0,0,8224.0,False,cache_reused,False,False,0,0.0,6e68f13cea355ab7dad98bb86d5acdc2a17d31f8200ade751cbe8130e057d5ac,True,,,1,0,243.84299,765.288104,6,8252,4,8224
20260726_formal4t4_reuse_intensive_Adaptive@rho1.2_c01024_theta30_rep4,4,Adaptive@rho1.2_c01024_theta30,Adaptive,84,reuse_intensive:rep4:req84,reuse_intensive,1,64,0,L0064,8192,1,,False,1789733067.17182,8192,0,0,405.39067554473877,True,True,False,False,0,0.0,0,0,8224.0,False,cache_reused,False,False,0,0.0,e856055016fa7c7f4c42e8c35a94ded0952ccfce2dedc8f447d112892123e9c0,True,,,1,0,259.762265,801.452838,6,8252,4,8224
20260726_formal4t4_reuse_intensive_Adaptive@rho1.2_c01024_theta30_rep4,4,Adaptive@rho1.2_c01024_theta30,Adaptive,85,reuse_intensive:rep4:req85,reuse_intensive,1,64,1,L0064,8192,2,,False,1789733067.1718576,8192,0,0,405.39071321487427,True,True,False,False,0,0.0,0,0,8224.0,False,cache_reused,False,False,0,0.0,05a01e442bbbaa77da47357a762d0af7b05a64b297db9395ee5b20e1ece6b900,True,,,1,0,242.827272,766.766415,6,8252,4,8224
20260726_formal4t4_reuse_intensive_Adaptive@rho1.2_c01024_theta30_rep4,4,Adaptive@rho1.2_c01024_theta30,Adaptive,86,reuse_intensive:rep4:req86,reuse_intensive,1,65,2,L0065,8192,3,,False,1789733067.1718836,8192,0,0,405.3907392024994,True,True,False,False,0,0.0,0,0,32.0,False,cache_miss,False,False,0,0.0,473fa440ecb8fadffddfe58126c73480671a33e26478c4f283df2237fa1c61e5,True,,,1,0,13004.786871,13560.283179,6,8252,4,32
20260726_formal4t4_reuse_intensive_Adaptive@rho1.2_c01024_theta30_rep4,4,Adaptive@rho1.2_c01024_theta30,Adaptive,87,reuse_intensive:rep4:req87,reuse_intensive,1,64,2,L0064,8192,0,,False,1789733067.1719065,8192,0,0,405.390762090683,True,True,False,False,0,0.0,0,0,8224.0,False,cache_reused,False,False,0,0.0,62d2cc5b1b823295df766f6d316f5c8668f3ed5c62703b51a580ff9a9fd931da,True,,,1,0,240.786839,810.80801,6,8252,4,8224
20260726_formal4t4_reuse_intensive_Adaptive@rho1.2_c01024_theta30_rep4,4,Adaptive@rho1.2_c01024_theta30,Adaptive,88,reuse_intensive:rep4:req88,reuse_intensive,1,86,0,L0086,8192,1,,False,1789733080.737975,0,0,0,,False,False,False,False,0,0.0,0,0,32.0,False,cache_miss,False,False,0,0.0,22c32cdcab0f5c9206927ac6cd5881728d854c2f5c93a3bce08768c51b57fcd6,True,,,1,0,12799.900777,13387.963963,6,8252,4,32
20260726_formal4t4_reuse_intensive_Adaptive@rho1.2_c01024_theta30_rep4,4,Adaptive@rho1.2_c01024_theta30,Adaptive,89,reuse_intensive:rep4:req89,reuse_intensive,1,64,0,L0064,8192,3,,False,1789733080.738012,8192,0,0,418.95686769485474,True,True,False,False,0,0.0,0,0,8224.0,False,cache_reused,False,False,0,0.0,dba62e6603baa070772f6609f49873018ca1c7a7ef4cab1aab765cdda26a3ec6,True,,,1,0,261.941981,806.920246,6,8252,4,8224
20260726_formal4t4_reuse_intensive_Adaptive@rho1.2_c01024_theta30_rep4,4,Adaptive@rho1.2_c01024_theta30,Adaptive,90,reuse_intensive:rep4:req90,reuse_intensive,1,120,0,L0120,8192,2,,False,1789733080.7380424,0,0,0,,False,False,False,False,0,0.0,0,0,16.0,False,cache_miss,False,False,0,0.0,eb4dea8d812c349815770863598a60edb56e29c906ae07143a89eb99b21c2d46,True,,,1,0,11205.360724,11728.96193,6,8252,4,16
20260726_formal4t4_reuse_intensive_Adaptive@rho1.2_c01024_theta30_rep4,4,Adaptive@rho1.2_c01024_theta30,Adaptive,91,reuse_intensive:rep4:req91,reuse_intensive,1,65,0,L0065,8192,0,,False,1789733080.738064,8192,0,0,418.956919670105,True,True,False,False,0,0.0,0,0,8224.0,False,cache_reused,False,False,0,0.0,da06ff75f82a4b89ad9e4fe1a9bfd0a70c783e607203d825ebe322c59ad2a61c,True,,,1,0,369.637031,907.680317,6,8252,4,8224
20260726_formal4t4_reuse_intensive_Adaptive@rho1.2_c01024_theta30_rep4,4,Adaptive@rho1.2_c01024_theta30,Adaptive,92,reuse_intensive:rep4:req92,reuse_intensive,1,64,1,L0064,8192,1,,False,1789733094.2146122,8192,0,0,432.43346786499023,True,True,False,False,0,0.0,0,0,8224.0,False,cache_reused,False,False,0,0.0,71fc01415070347fe02b46c9b47dce9629e001d524b166620bbacd2a35d67e50,True,,,1,0,237.995974,778.824484,6,8252,4,8224
20260726_formal4t4_reuse_intensive_Adaptive@rho1.2_c01024_theta30_rep4,4,Adaptive@rho1.2_c01024_theta30,Adaptive,93,reuse_intensive:rep4:req93,reuse_intensive,1,80,0,L0080,8192,0,,False,1789733094.2146397,0,0,0,,False,False,False,False,0,0.0,0,0,32.0,False,cache_miss,False,False,0,0.0,8deffd65b96325a11dae1cb5304df8e2719c3686aedac8cc7635b617c7c3aabb,True,,,1,0,11000.063233,11529.262804,6,8252,4,32
20260726_formal4t4_reuse_intensive_Adaptive@rho1.2_c01024_theta30_rep4,4,Adaptive@rho1.2_c01024_theta30,Adaptive,94,reuse_intensive:rep4:req94,reuse_intensive,1,65,1,L0065,8192,3,,False,1789733094.214655,8192,0,0,432.4335105419159,True,True,False,False,0,0.0,0,0,8224.0,False,cache_reused,False,False,0,0.0,cc62661261755c4cb02daf939547bdb7dab9f740baaef407d6bf59efa01c5c32,True,,,1,0,401.985602,961.353735,6,8252,4,8224
20260726_formal4t4_reuse_intensive_Adaptive@rho1.2_c01024_theta30_rep4,4,Adaptive@rho1.2_c01024_theta30,Adaptive,95,reuse_intensive:rep4:req95,reuse_intensive,1,65,2,L0065,8192,2,,False,1789733094.2146702,8192,0,0,432.43352580070496,True,True,False,False,0,0.0,0,0,32.0,False,cache_miss,False,False,0,0.0,732d7d2e82439246264809cd378ad3abe3e286b7710bf9e860863f020f0fc2e1,True,,,1,0,10867.574577,11387.674018,6,8252,4,32
20260726_formal4t4_reuse_intensive_Adaptive@rho1.2_c01024_theta30_rep4,4,Adaptive@rho1.2_c01024_theta30,Adaptive,96,reuse_intensive:rep4:req96,reuse_intensive,1,118,0,L0118,8192,1,,False,1789733105.7479076,0,0,0,,False,False,False,False,0,0.0,0,0,16.0,False,cache_miss,False,False,0,0.0,bdb6cba6aa24e11fa023ca10e392a124abf8e09f4a8d4e3260e316d4b23c4ad2,True,,,1,0,10948.665746,11427.584011,6,8252,4,16
20260726_formal4t4_reuse_intensive_Adaptive@rho1.2_c01024_theta30_rep4,4,Adaptive@rho1.2_c01024_theta30,Adaptive,97,reuse_intensive:rep4:req97,reuse_intensive,1,100,0,L0100,8192,2,,False,1789733105.7479436,0,0,0,,False,False,False,False,0,0.0,0,0,32.0,False,cache_miss,False,False,0,0.0,728d18b87d7e84482162b00d659b3b249955200a4c75308b1e54daaaab8749ae,True,,,1,0,11257.811146,11745.754397,6,8252,4,32
20260726_formal4t4_reuse_intensive_Adaptive@rho1.2_c01024_theta30_rep4,4,Adaptive@rho1.2_c01024_theta30,Adaptive,98,reuse_intensive:rep4:req98,reuse_intensive,1,66,2,L0066,8192,3,,False,1789733105.7479694,8192,0,0,443.96682500839233,True,True,False,False,0,0.0,0,0,8224.0,False,cache_reused,False,False,0,0.0,df53225ebfaf378d69df988a435a6ef54a5353dd3cf46836c012d39eeeec3262,True,,,1,0,410.213337,965.259036,6,8252,4,8224
20260726_formal4t4_reuse_intensive_Adaptive@rho1.2_c01024_theta30_rep4,4,Adaptive@rho1.2_c01024_theta30,Adaptive,99,reuse_intensive:rep4:req99,reuse_intensive,1,64,2,L0064,8192,0,,False,1789733105.7479947,8192,0,0,443.9668502807617,True,True,False,False,0,0.0,0,0,8224.0,False,cache_reused,False,False,0,0.0,fd97341be5312373b3bbd424ba18009794a974ffea13fe522c5264fd165189aa,True,,,1,0,242.290778,815.106508,6,8252,4,8224
20260726_formal4t4_reuse_intensive_Adaptive@rho1.2_c01024_theta30_rep4,4,Adaptive@rho1.2_c01024_theta30,Adaptive,100,reuse_intensive:rep4:req100,reuse_intensive,1,64,0,L0064,8192,1,,False,1789733117.4982188,8192,0,0,455.7170743942261,True,True,False,False,0,0.0,0,0,8224.0,False,cache_reused,False,False,0,0.0,b972cbca272b1ed8bf1a64ebf89edf73cc881b3fa02cf52ca00db8a5925f7e76,True,,,1,0,261.414696,804.55183,6,8253,4,8224
20260726_formal4t4_reuse_intensive_Adaptive@rho1.2_c01024_theta30_rep4,4,Adaptive@rho1.2_c01024_theta30,Adaptive,101,reuse_intensive:rep4:req101,reuse_intensive,1,70,0,L0070,8192,3,,False,1789733117.498257,0,0,0,,False,False,False,False,0,0.0,0,0,32.0,False,cache_miss,False,False,0,0.0,1060285ba9d9aa8d3c3b5400f94834c31efebeb74e301f0fc3ac74e43a00079d,True,,,1,0,13121.392442,13676.875766,6,8253,4,32
20260726_formal4t4_reuse_intensive_Adaptive@rho1.2_c01024_theta30_rep4,4,Adaptive@rho1.2_c01024_theta30,Adaptive,102,reuse_intensive:rep4:req102,reuse_intensive,1,67,0,L0067,8192,2,,False,1789733117.4982827,0,0,0,,False,False,False,False,0,0.0,0,0,32.0,False,cache_miss,False,False,0,0.0,26d5680cbf4892ed49a5b0c38d64774caede06077b33a242330829f441ddb92f,True,,,1,0,11504.930617,12014.718265,6,8253,4,32
20260726_formal4t4_reuse_intensive_Adaptive@rho1.2_c01024_theta30_rep4,4,Adaptive@rho1.2_c01024_theta30,Adaptive,103,reuse_intensive:rep4:req103,reuse_intensive,1,80,1,L0080,8192,0,,False,1789733117.4983044,8192,0,0,455.717159986496,True,True,False,False,0,0.0,0,0,8224.0,False,cache_reused,False,False,0,0.0,72e27842d09f457b558a1849cb746fba63d3625126a1690d4e536af0e0d6e16d,True,,,1,0,368.724126,909.054332,6,8253,4,8224
20260726_formal4t4_reuse_intensive_Adaptive@rho1.2_c01024_theta30_rep4,4,Adaptive@rho1.2_c01024_theta30,Adaptive,104,reuse_intensive:rep4:req104,reuse_intensive,1,64,1,L0064,8192,1,,False,1789733131.1796649,8192,0,0,469.3985204696655,True,True,False,False,0,0.0,0,0,8224.0,False,cache_reused,False,False,0,0.0,3e1f58880a06abd38c38f18e15c2a621df1eef29f3c7090b659077487a1e5c61,True,,,1,0,418.313351,962.657775,6,8253,4,8224
20260726_formal4t4_reuse_intensive_Adaptive@rho1.2_c01024_theta30_rep4,4,Adaptive@rho1.2_c01024_theta30,Adaptive,105,reuse_intensive:rep4:req105,reuse_intensive,1,66,0,L0066,8192,0,,False,1789733131.179705,8192,0,0,469.3985605239868,True,True,False,False,0,0.0,0,0,32.0,False,cache_miss,False,False,0,0.0,1a3f6daf279996d4b4246823c8a778fcf23979531d916522590b7a81d5944c07,True,,,1,0,13013.354793,13591.0362,6,8253,4,32
20260726_formal4t4_reuse_intensive_Adaptive@rho1.2_c01024_theta30_rep4,4,Adaptive@rho1.2_c01024_theta30,Adaptive,106,reuse_intensive:rep4:req106,reuse_intensive,1,78,0,L0078,8192,3,,False,1789733131.1797316,0,0,0,,False,False,False,False,0,0.0,0,0,32.0,False,cache_miss,False,False,0,0.0,9fb78b48e474c5ed3cb6e4f0ffc419773227bf64614c739dbb2ef33d7c6ff563,True,,,1,0,11466.407427,11951.812404,6,8253,4,32
20260726_formal4t4_reuse_intensive_Adaptive@rho1.2_c01024_theta30_rep4,4,Adaptive@rho1.2_c01024_theta30,Adaptive,107,reuse_intensive:rep4:req107,reuse_intensive,1,68,0,L0068,8192,2,,False,1789733131.1797543,0,0,0,,False,False,False,False,0,0.0,0,0,32.0,False,cache_miss,False,False,0,0.0,3f3406a754605d692925fd6479a4d50a34e800db3e3a849a05e3f0ccb01ae326,True,,,1,0,11668.083049,12188.471718,6,8253,4,32
20260726_formal4t4_reuse_intensive_Adaptive@rho1.2_c01024_theta30_rep4,4,Adaptive@rho1.2_c01024_theta30,Adaptive,108,reuse_intensive:rep4:req108,reuse_intensive,1,64,2,L0064,8192,1,,False,1789733144.775338,8192,0,0,482.99419355392456,True,True,False,False,0,0.0,0,0,8224.0,False,cache_reused,False,False,0,0.0,6e4cc51c363b0951704cfe17e8e4a5ab66849ccb9bc2dcd33297fdc5c4492dac,True,,,1,0,394.444562,950.242593,6,8253,4,8224
20260726_formal4t4_reuse_intensive_Adaptive@rho1.2_c01024_theta30_rep4,4,Adaptive@rho1.2_c01024_theta30,Adaptive,109,reuse_intensive:rep4:req109,reuse_intensive,1,66,1,L0066,8192,2,,False,1789733144.7753766,8192,0,0,482.9942321777344,True,True,False,False,0,0.0,0,0,8224.0,False,cache_reused,False,False,0,0.0,53279fd553134bb3b606ae051f097ea4f59ff27638739a546d8ae9ab51aff3e4,True,,,1,0,260.455029,830.975006,6,8253,4,8224
20260726_formal4t4_reuse_intensive_Adaptive@rho1.2_c01024_theta30_rep4,4,Adaptive@rho1.2_c01024_theta30,Adaptive,110,reuse_intensive:rep4:req110,reuse_intensive,1,92,0,L0092,8192,3,,False,1789733144.7754028,0,0,0,,False,False,False,False,0,0.0,0,0,32.0,False,cache_miss,False,False,0,0.0,defe5bfce0f3d9a752430964dc533506ca3c2511a9e83fd84e45a858cb442efe,True,,,1,0,12600.152844,13113.084649,6,8253,4,32
20260726_formal4t4_reuse_intensive_Adaptive@rho1.2_c01024_theta30_rep4,4,Adaptive@rho1.2_c01024_theta30,Adaptive,111,reuse_intensive:rep4:req111,reuse_intensive,1,81,0,L0081,8192,0,,False,1789733144.7754247,0,0,0,,False,False,False,False,0,0.0,0,0,32.0,False,cache_miss,False,False,0,0.0,6091c7a22efd8bac3408de7e202fc8ec2be99072c75a026552bf2aaad78e42fc,True,,,1,0,14215.176006,14826.542069,6,8253,4,32
20260726_formal4t4_reuse_intensive_Adaptive@rho1.2_c01024_theta30_rep4,4,Adaptive@rho1.2_c01024_theta30,Adaptive,112,reuse_intensive:rep4:req112,reuse_intensive,1,64,0,L0064,8192,1,,False,1789733159.608911,8192,0,0,497.8277666568756,True,True,False,False,0,0.0,0,0,8224.0,False,cache_reused,False,False,0,0.0,6f1f87d9c7f552fef17f2e66fc8acd8fd1f6c2406d60184fb92844c5d7c02850,True,,,1,0,393.333765,947.697405,6,8253,4,8224
20260726_formal4t4_reuse_intensive_Adaptive@rho1.2_c01024_theta30_rep4,4,Adaptive@rho1.2_c01024_theta30,Adaptive,113,reuse_intensive:rep4:req113,reuse_intensive,1,110,0,L0110,8192,3,,False,1789733159.6089494,0,0,0,,False,False,False,False,0,0.0,0,0,16.0,False,cache_miss,False,False,0,0.0,3b663001c09c2dd5d4da8965281ed83f26fe7089ccbfba65172fae68e6078bb5,True,,,1,0,12954.855108,13516.145473,6,8253,4,16
20260726_formal4t4_reuse_intensive_Adaptive@rho1.2_c01024_theta30_rep4,4,Adaptive@rho1.2_c01024_theta30,Adaptive,114,reuse_intensive:rep4:req114,reuse_intensive,1,65,0,L0065,8192,2,,False,1789733159.608976,8192,0,0,497.8278315067291,True,True,False,False,0,0.0,0,0,8224.0,False,cache_reused,False,False,0,0.0,ccabe5d041eb242f67ae953638364b2adb0f644ab17414233f5e879bef079699,True,,,1,0,388.420601,913.381639,6,8253,4,8224
20260726_formal4t4_reuse_intensive_Adaptive@rho1.2_c01024_theta30_rep4,4,Adaptive@rho1.2_c01024_theta30,Adaptive,115,reuse_intensive:rep4:req115,reuse_intensive,1,66,2,L0066,8192,0,,False,1789733159.609001,8192,0,0,497.82785654067993,True,True,False,False,0,0.0,0,0,8224.0,False,cache_reused,False,False,0,0.0,291b9e2bead37c5f9aa672ec74f05a244776be9e3d1aefac8d7352bcfc77648b,True,,,1,0,244.112568,824.435447,6,8253,4,8224
20260726_formal4t4_reuse_intensive_Adaptive@rho1.2_c01024_theta30_rep4,4,Adaptive@rho1.2_c01024_theta30,Adaptive,116,reuse_intensive:rep4:req116,reuse_intensive,1,66,0,L0066,8192,1,,False,1789733173.1295922,8192,0,0,511.3484477996826,True,True,False,False,0,0.0,0,0,32.0,False,cache_miss,False,False,0,0.0,cd5c69830cd9eb0e708db1b90d807866685f191adfb3d10541b8d4ec8bb4a654,True,,,1,0,11374.746971,11900.368334,6,8253,4,32
20260726_formal4t4_reuse_intensive_Adaptive@rho1.2_c01024_theta30_rep4,4,Adaptive@rho1.2_c01024_theta30,Adaptive,117,reuse_intensive:rep4:req117,reuse_intensive,1,65,1,L0065,8192,0,,False,1789733173.129632,8192,0,0,511.3484876155853,True,True,False,False,0,0.0,0,0,8224.0,False,cache_reused,False,False,0,0.0,333e4affa965e948400637cab10667274184e384fd9592c9380aa3c88334f848,True,,,1,0,404.176558,933.347852,6,8253,4,8224
20260726_formal4t4_reuse_intensive_Adaptive@rho1.2_c01024_theta30_rep4,4,Adaptive@rho1.2_c01024_theta30,Adaptive,118,reuse_intensive:rep4:req118,reuse_intensive,1,64,1,L0064,8192,3,,False,1789733173.1296597,8192,0,0,511.3485152721405,True,True,False,False,0,0.0,0,0,8224.0,False,cache_reused,False,False,0,0.0,3990e821a609083efee48751aea75a2fa53ba2c0aed00a5e4d7f41dd9bd03720,True,,,1,0,250.436735,798.924134,6,8253,4,8224
20260726_formal4t4_reuse_intensive_Adaptive@rho1.2_c01024_theta30_rep4,4,Adaptive@rho1.2_c01024_theta30,Adaptive,119,reuse_intensive:rep4:req119,reuse_intensive,1,69,0,L0069,8192,2,,False,1789733173.1296825,8192,0,0,511.3485381603241,True,True,False,False,0,0.0,0,0,8224.0,False,cache_reused,False,False,0,0.0,981716d20d2f3140a1717f8bbc5f9d80616b234c899c370b3be6a8962114b384,True,,,1,0,398.137466,927.450881,6,8253,4,8224
