experiment_id,rep,cell_id,policy,request_id,trace_id,workload,phase,lineage_id,step,digest,reusable_prefix_tokens,selected_instance,advertised_owners,candidate_hit,dispatch_time_unix,source_truth_coverage_tokens,dispatcher_view_coverage_tokens,advertised_coverage_tokens,dispatch_state_age_s,dispatcher_view_missing,source_view_false_negative,source_view_false_positive,physical_false_positive_affinity,expected_coverage_tokens,expected_net_prefill_ms,raw_candidate_fanout,evaluated_candidate_fanout,actual_reusable_coverage_tokens,validation_attempt,validation_result,fallback,stale_fallback,forced_owner_resets_before_request,coverage_shortfall_tokens,prompt_sha256,ok,error,prior_attempt_errors,attempt_count,sse_parse_errors,ttft_ms,latency_ms,chunks,input_tokens,output_tokens,vllm_cached_tokens
20260726_formal4t4_reuse_intensive_Ideal_rep0,0,Ideal,Ideal,24,reuse_intensive:rep0:req24,reuse_intensive,0,0,2,L0000,4096,1,0;1;2;3,False,1789717252.737673,4096,4096,4096,9.369850158691406e-05,False,False,False,False,4096,0.0,4,4,4128.0,False,cache_reused,False,False,0,0.0,5fa6f4de43ea9d0774bde01de370c5fcf35179a6224cfb81f325497d8211f9bf,True,,,1,0,287.265449,995.858245,6,4156,4,4128
20260726_formal4t4_reuse_intensive_Ideal_rep0,0,Ideal,Ideal,25,reuse_intensive:rep0:req25,reuse_intensive,0,6,1,L0006,4096,3,0;1;2;3,False,1789717252.7377226,4096,4096,4096,22.560422897338867,False,False,False,False,4096,0.0,4,4,4128.0,False,cache_reused,False,False,0,0.0,dee8b3c7962c31776d784bd015e4a121e4a8eb0e80c5c51f5a4eb6f395ac6a51,True,,,1,0,303.164491,1046.388481,6,4156,4,4128
20260726_formal4t4_reuse_intensive_Ideal_rep0,0,Ideal,Ideal,26,reuse_intensive:rep0:req26,reuse_intensive,0,3,0,L0003,4096,2,0;1;2;3,False,1789717252.7377572,4096,4096,4096,128.10481882095337,False,False,False,False,4096,0.0,4,4,4128.0,False,cache_reused,False,False,0,0.0,8b8e78b01a768b747b2f6bf2a3173257141a26ce1b32de169d029f7e07bed279,True,,,1,0,277.015608,1008.57727,6,4156,4,4128
20260726_formal4t4_reuse_intensive_Ideal_rep0,0,Ideal,Ideal,27,reuse_intensive:rep0:req27,reuse_intensive,0,1,0,L0001,4096,0,0;1;2;3,False,1789717252.7377877,4096,4096,4096,0.00019216537475585938,False,False,False,False,4096,0.0,4,4,4128.0,False,cache_reused,False,False,0,0.0,89dee4596b0d230764a7c9307b0b13486bc66117c74bf6d9843d85a8bc1bd273,True,,,1,0,303.715149,1051.82245,6,4156,4,4128
20260726_formal4t4_reuse_intensive_Ideal_rep0,0,Ideal,Ideal,28,reuse_intensive:rep0:req28,reuse_intensive,0,1,1,L0001,4096,1,0;1;2;3,False,1789717253.7940426,4096,4096,4096,12.6882963180542,False,False,False,False,4096,0.0,4,4,4128.0,False,cache_reused,False,False,0,0.0,48595c3c349dae1e8f2ed87161d2515796df6f68f7d78304c260ff46e667f663,True,,,1,0,305.058775,1056.132324,6,4156,4,4128
20260726_formal4t4_reuse_intensive_Ideal_rep0,0,Ideal,Ideal,29,reuse_intensive:rep0:req29,reuse_intensive,0,0,0,L0000,4096,2,0;1;2;3,False,1789717253.794093,4096,4096,4096,2.1050562858581543,False,False,False,False,4096,0.0,4,4,4128.0,False,cache_reused,False,False,0,0.0,f12045d4835f2d9b0cb91180b153756836f6137c67bdaaef0287a247fc00d5c5,True,,,1,0,274.953012,1001.487658,6,4156,4,4128
20260726_formal4t4_reuse_intensive_Ideal_rep0,0,Ideal,Ideal,30,reuse_intensive:rep0:req30,reuse_intensive,0,0,1,L0000,4096,3,0;1;2;3,False,1789717253.79413,4096,4096,4096,1.0565249919891357,False,False,False,False,4096,0.0,4,4,4128.0,False,cache_reused,False,False,0,0.0,1edbbc5c297ab4045f09b57baa81bf2a79e7ab68c5beed86b4d99cf577cdbbc0,True,,,1,0,290.982755,991.825519,6,4156,4,4128
20260726_formal4t4_reuse_intensive_Ideal_rep0,0,Ideal,Ideal,31,reuse_intensive:rep0:req31,reuse_intensive,0,29,0,L0029,4096,0,,False,1789717253.794153,0,0,0,,False,False,False,False,0,0.0,0,0,32.0,False,cache_miss,False,False,0,0.0,b8dac449fb5915b5bb5197aacd6e8a900646f4d20331e4b4c053a06e2d9b1c28,True,,,1,0,8550.665514,9279.269943,6,4156,4,32
20260726_formal4t4_reuse_intensive_Ideal_rep0,0,Ideal,Ideal,32,reuse_intensive:rep0:req32,reuse_intensive,0,30,0,L0030,4096,0,,False,1789717263.07756,0,0,0,,False,False,False,False,0,0.0,0,0,32.0,False,cache_miss,False,False,0,0.0,103d5b6b4c614e2b1fe2b167ae224e6d7df286880160d4984eaa2e15dd7bf0bc,True,,,1,0,8954.80591,9700.912647,6,4156,4,32
20260726_formal4t4_reuse_intensive_Ideal_rep0,0,Ideal,Ideal,33,reuse_intensive:rep0:req33,reuse_intensive,0,1,2,L0001,4096,2,0;1;2;3,False,1789717263.0776167,4096,4096,4096,157.6130027770996,False,False,False,False,4096,0.0,4,4,4128.0,False,cache_reused,False,False,0,0.0,cf115236f97e4e5c33ee006624316ecb12c2dc1d3f18e60b2e9c4a750ab514a8,True,,,1,0,462.988148,1170.656005,6,4156,4,4128
20260726_formal4t4_reuse_intensive_Ideal_rep0,0,Ideal,Ideal,34,reuse_intensive:rep0:req34,reuse_intensive,0,0,2,L0000,4096,3,0;1;2;3,False,1789717263.077659,4096,4096,4096,0.0007379055023193359,False,False,False,False,4096,0.0,4,4,4128.0,False,cache_reused,False,False,0,0.0,b2452ea1c0080429e9f9a25cd7948dc4262c79e311e4f39839bfe60b3c24f1dd,True,,,1,0,470.279992,1178.443203,6,4156,4,4128
20260726_formal4t4_reuse_intensive_Ideal_rep0,0,Ideal,Ideal,35,reuse_intensive:rep0:req35,reuse_intensive,0,13,1,L0013,4096,1,0;1;2;3,False,1789717263.0776942,4096,4096,4096,47.440133571624756,False,False,False,False,4096,0.0,4,4,4128.0,False,cache_reused,False,False,0,0.0,f76cee20fdaa9f46493ce97058383f2f71f0a2f28ea21f67a7dd97c766f2799f,True,,,1,0,453.300206,1141.091985,6,4156,4,4128
20260726_formal4t4_reuse_intensive_Ideal_rep0,0,Ideal,Ideal,36,reuse_intensive:rep0:req36,reuse_intensive,0,1,0,L0001,4096,3,0;1;2;3,False,1789717272.7802851,4096,4096,4096,32.83893942832947,False,False,False,False,4096,0.0,4,4,4128.0,False,cache_reused,False,False,0,0.0,8e15bf6699a6f6333fca2a54066981d98a26d59d303882d857f4f558663eafb1,True,,,1,0,419.524866,1088.409294,6,4156,4,4128
20260726_formal4t4_reuse_intensive_Ideal_rep0,0,Ideal,Ideal,37,reuse_intensive:rep0:req37,reuse_intensive,0,12,0,L0012,4096,0,0;1;2;3,False,1789717272.780333,4096,4096,4096,66.43398761749268,False,False,False,False,4096,0.0,4,4,4128.0,False,cache_reused,False,False,0,0.0,e4c9da0917e501ae2b69321f4a7812593c3ea33a39e621a4d34783c2646157d9,True,,,1,0,305.104711,1026.152061,6,4156,4,4128
20260726_formal4t4_reuse_intensive_Ideal_rep0,0,Ideal,Ideal,38,reuse_intensive:rep0:req38,reuse_intensive,0,7,0,L0007,4096,2,0;1;2;3,False,1789717272.7803707,4096,4096,4096,109.13841795921326,False,False,False,False,4096,0.0,4,4,4128.0,False,cache_reused,False,False,0,0.0,566a186e28540363242658c09a467302d068439f4f3bcf8c258f06f92643965d,True,,,1,0,446.962513,1192.815715,6,4156,4,4128
20260726_formal4t4_reuse_intensive_Ideal_rep0,0,Ideal,Ideal,39,reuse_intensive:rep0:req39,reuse_intensive,0,1,1,L0001,4096,1,0;1;2;3,False,1789717272.7804015,4096,4096,4096,9.704163789749146,False,False,False,False,4096,0.0,4,4,4128.0,False,cache_reused,False,False,0,0.0,4c4cfd7da56cffbc62744af9585b5833225dc27f99fad3e5df397e7a98fc99f7,True,,,1,0,432.522907,1178.983255,6,4156,4,4128
20260726_formal4t4_reuse_intensive_Ideal_rep0,0,Ideal,Ideal,40,reuse_intensive:rep0:req40,reuse_intensive,0,1,2,L0001,4096,3,0;1;2;3,False,1789717273.9768438,4096,4096,4096,0.0013613700866699219,False,False,False,False,4096,0.0,4,4,4128.0,False,cache_reused,False,False,0,0.0,f2263abf5e966de28d39c7c57963dec0df8b96d9cb72e14bec725cee71762edc,True,,,1,0,283.248955,950.223497,6,4156,4,4128
20260726_formal4t4_reuse_intensive_Ideal_rep0,0,Ideal,Ideal,41,reuse_intensive:rep0:req41,reuse_intensive,0,0,0,L0000,4096,2,0;1;2;3,False,1789717273.9768941,4096,4096,4096,10.900282144546509,False,False,False,False,4096,0.0,4,4,4128.0,False,cache_reused,False,False,0,0.0,adc7199cdd525bfa2147514ea67f80194d306f3fc5c2d58c2ac771ddece99a0f,True,,,1,0,274.665058,999.285643,6,4156,4,4128
20260726_formal4t4_reuse_intensive_Ideal_rep0,0,Ideal,Ideal,42,reuse_intensive:rep0:req42,reuse_intensive,0,1,0,L0001,4096,1,0;1;2;3,False,1789717273.97693,4096,4096,4096,0.00043272972106933594,False,False,False,False,4096,0.0,4,4,4128.0,False,cache_reused,False,False,0,0.0,b27036eb3c7a9433ae664d60ebd14f2d06fa46ed5b23d5b703af431d36c13f10,True,,,1,0,300.220502,1045.589511,6,4156,4,4128
20260726_formal4t4_reuse_intensive_Ideal_rep0,0,Ideal,Ideal,43,reuse_intensive:rep0:req43,reuse_intensive,0,2,1,L0002,4096,0,0;1;2;3,False,1789717273.9769595,4096,4096,4096,43.799681663513184,False,False,False,False,4096,0.0,4,4,4128.0,False,cache_reused,False,False,0,0.0,57b5db8678f3521dc95b8b78f81f71834b9bfbb884f13bec3a34938351d10a0d,True,,,1,0,321.132053,1096.19195,6,4156,4,4128
20260726_formal4t4_reuse_intensive_Ideal_rep0,0,Ideal,Ideal,44,reuse_intensive:rep0:req44,reuse_intensive,0,0,1,L0000,4096,3,0;1;2;3,False,1789717275.0772827,4096,4096,4096,2.2976536750793457,False,False,False,False,4096,0.0,4,4,4128.0,False,cache_reused,False,False,0,0.0,66b828b52112f7956f588f4dcc313a2026de169bd21c3401054736a6c4091c7d,True,,,1,0,307.725137,1011.57117,6,4156,4,4128
20260726_formal4t4_reuse_intensive_Ideal_rep0,0,Ideal,Ideal,45,reuse_intensive:rep0:req45,reuse_intensive,0,0,2,L0000,4096,1,0;1;2;3,False,1789717275.0773318,4096,4096,4096,21.284684658050537,False,False,False,False,4096,0.0,4,4,4128.0,False,cache_reused,False,False,0,0.0,0c7b647b322cd0861dfad1590f7a3796fcb8aaefea239d2a9d5581af048edcbd,True,,,1,0,287.032475,988.606641,6,4156,4,4128
20260726_formal4t4_reuse_intensive_Ideal_rep0,0,Ideal,Ideal,46,reuse_intensive:rep0:req46,reuse_intensive,0,0,0,L0000,4096,2,0;1;2;3,False,1789717275.077367,4096,4096,4096,0.0010535717010498047,False,False,False,False,4096,0.0,4,4,4128.0,False,cache_reused,False,False,0,0.0,6c4758e52ead9dc1cd52be2a7330c7529042cdd9ea8ee6a471686bb30565f9a7,True,,,1,0,273.891941,1001.241985,6,4156,4,4128
20260726_formal4t4_reuse_intensive_Ideal_rep0,0,Ideal,Ideal,47,reuse_intensive:rep0:req47,reuse_intensive,0,0,1,L0000,4096,0,0;1;2;3,False,1789717275.0773957,4096,4096,4096,179.16259956359863,False,False,False,False,4096,0.0,4,4,4128.0,False,cache_reused,False,False,0,0.0,834883c707fe47a0f5360faaf62894e701688184cec6739a66007f65935d18d0,True,,,1,0,328.417652,1094.757575,6,4156,4,4128
20260726_formal4t4_reuse_intensive_Ideal_rep0,0,Ideal,Ideal,48,reuse_intensive:rep0:req48,reuse_intensive,0,10,0,L0010,4096,3,0;1;2;3,False,1789717276.1762843,4096,4096,4096,83.21244859695435,False,False,False,False,4096,0.0,4,4,4128.0,False,cache_reused,False,False,0,0.0,acfe48220adbae95a832df7a9eef39a892c7042ddea35f66f027811743578943,True,,,1,0,312.318427,1024.892445,6,4156,4,4128
20260726_formal4t4_reuse_intensive_Ideal_rep0,0,Ideal,Ideal,49,reuse_intensive:rep0:req49,reuse_intensive,0,3,1,L0003,4096,0,0;1;2;3,False,1789717276.176333,4096,4096,4096,151.54340744018555,False,False,False,False,4096,0.0,4,4,4128.0,False,cache_reused,False,False,0,0.0,0d7831c33060ceaeba7fabc8ed97169d14aa5ac4a0a2cec0dae2f3c86a7ad45c,True,,,1,0,326.75289,1083.178468,6,4156,4,4128
20260726_formal4t4_reuse_intensive_Ideal_rep0,0,Ideal,Ideal,50,reuse_intensive:rep0:req50,reuse_intensive,0,1,1,L0001,4096,2,0;1;2;3,False,1789717276.1763706,4096,4096,4096,3.3970561027526855,False,False,False,False,4096,0.0,4,4,4128.0,False,cache_reused,False,False,0,0.0,cafd87c2fb3f8d991f44410f1deb632327374667ce7c5dc663bb56b98c93cc1b,True,,,1,0,263.502476,958.549417,6,4156,4,4128
20260726_formal4t4_reuse_intensive_Ideal_rep0,0,Ideal,Ideal,51,reuse_intensive:rep0:req51,reuse_intensive,0,6,2,L0006,4096,1,0;1;2;3,False,1789717276.1764026,4096,4096,4096,122.30420279502869,False,False,False,False,4096,0.0,4,4,4128.0,False,cache_reused,False,False,0,0.0,4a631114a9022ffff31f895c28e795ba55046b37c9c92be3f2be2499c908d68f,True,,,1,0,295.214086,1026.312431,6,4156,4,4128
20260726_formal4t4_reuse_intensive_Ideal_rep0,0,Ideal,Ideal,52,reuse_intensive:rep0:req52,reuse_intensive,0,58,0,L0058,4096,3,,False,1789717277.262047,0,0,0,,False,False,False,False,0,0.0,0,0,32.0,False,cache_miss,False,False,0,0.0,8890e6f972bb3cb42ada6a7e2645a802ecb0a07c1b8fe13507fc38a874086312,True,,,1,0,8529.130469,9245.938265,6,4156,4,32
20260726_formal4t4_reuse_intensive_Ideal_rep0,0,Ideal,Ideal,53,reuse_intensive:rep0:req53,reuse_intensive,0,0,2,L0000,4096,1,0;1;2;3,False,1789717277.2621014,4096,4096,4096,1.0867772102355957,False,False,False,False,4096,0.0,4,4,4128.0,False,cache_reused,False,False,0,0.0,bb5d8644614fd9015a214ea34f00d7df51a33c25424e99538a466c6466eb0f2c,True,,,1,0,287.105048,989.081007,6,4156,4,4128
20260726_formal4t4_reuse_intensive_Ideal_rep0,0,Ideal,Ideal,54,reuse_intensive:rep0:req54,reuse_intensive,0,3,2,L0003,4096,0,0;1;2;3,False,1789717277.2621424,4096,4096,4096,0.0010352134704589844,False,False,False,False,4096,0.0,4,4,4128.0,False,cache_reused,False,False,0,0.0,2bf6537e16df0783055a3e77b0ba6f7c7b3f95884f3f0f68508a6b2aa4848250,True,,,1,0,314.03335,1070.617346,6,4156,4,4128
20260726_formal4t4_reuse_intensive_Ideal_rep0,0,Ideal,Ideal,55,reuse_intensive:rep0:req55,reuse_intensive,0,0,0,L0000,4096,2,0;1;2;3,False,1789717277.2621853,4096,4096,4096,1.0865542888641357,False,False,False,False,4096,0.0,4,4,4128.0,False,cache_reused,False,False,0,0.0,bf3257bf69584c4d9ffeba4e4bd0118d55fea55fd502f392f9229176d8846f6d,True,,,1,0,271.865184,995.03623,6,4156,4,4128
20260726_formal4t4_reuse_intensive_Ideal_rep0,0,Ideal,Ideal,56,reuse_intensive:rep0:req56,reuse_intensive,0,2,2,L0002,4096,2,0;1;2;3,False,1789717286.509759,4096,4096,4096,33.7721471786499,False,False,False,False,4096,0.0,4,4,4128.0,False,cache_reused,False,False,0,0.0,7d1676edc75fa05b51d3cf6894279a6d0b4eb7eedb71a247e9d1409e8a1467d6,True,,,1,0,433.97236,1096.963812,6,4156,4,4128
20260726_formal4t4_reuse_intensive_Ideal_rep0,0,Ideal,Ideal,57,reuse_intensive:rep0:req57,reuse_intensive,0,0,1,L0000,4096,0,0;1;2;3,False,1789717286.5098097,4096,4096,4096,10.333881378173828,False,False,False,False,4096,0.0,4,4,4128.0,False,cache_reused,False,False,0,0.0,b8b69df2c048d0b64d446cbaa5c6673d64a07fa1f0a21da501763b759fccb5eb,True,,,1,0,481.865184,1254.019168,6,4156,4,4128
20260726_formal4t4_reuse_intensive_Ideal_rep0,0,Ideal,Ideal,58,reuse_intensive:rep0:req58,reuse_intensive,0,0,2,L0000,4096,1,0;1;2;3,False,1789717286.5098455,4096,4096,4096,0.0010602474212646484,False,False,False,False,4096,0.0,4,4,4128.0,False,cache_reused,False,False,0,0.0,6e034127c9b2846826678c3561ca66501a810e7b20dcf0c284525cf5b4e87fbe,True,,,1,0,447.616194,1148.92143,6,4156,4,4128
20260726_formal4t4_reuse_intensive_Ideal_rep0,0,Ideal,Ideal,59,reuse_intensive:rep0:req59,reuse_intensive,0,2,0,L0002,4096,3,0;1;2;3,False,1789717286.509875,4096,4096,4096,45.404114961624146,False,False,False,False,4096,0.0,4,4,4128.0,False,cache_reused,False,False,0,0.0,35dccec5c9e227038581b134b86288b8afdbcfafe0560f510c8ddd433cad4359,True,,,1,0,312.453531,1026.090383,6,4156,4,4128
20260726_formal4t4_reuse_intensive_Ideal_rep0,0,Ideal,Ideal,60,reuse_intensive:rep0:req60,reuse_intensive,1,64,0,L0064,4096,2,,False,1789717287.7666173,0,0,0,,False,False,False,False,0,0.0,0,0,32.0,False,cache_miss,False,False,0,0.0,b0c91a0e6ff8ec07ff78419431719b81c4c3fdb1adefc21b17c16ec441fe4452,True,,,1,0,7663.759843,8319.234983,6,4156,4,32
20260726_formal4t4_reuse_intensive_Ideal_rep0,0,Ideal,Ideal,61,reuse_intensive:rep0:req61,reuse_intensive,1,69,0,L0069,4096,1,,False,1789717287.766654,0,0,0,,False,False,False,False,0,0.0,0,0,32.0,False,cache_miss,False,False,0,0.0,b4bac0e9687c9a7fe75012014b5054e6199776c484437df1dd03cc4fc1aa02bf,True,,,1,0,8763.604983,9506.821646,6,4156,4,32
20260726_formal4t4_reuse_intensive_Ideal_rep0,0,Ideal,Ideal,62,reuse_intensive:rep0:req62,reuse_intensive,1,75,0,L0075,4096,0,,False,1789717287.7666776,0,0,0,,False,False,False,False,0,0.0,0,0,32.0,False,cache_miss,False,False,0,0.0,2643dd0538db0ba34bb0abb9cfaf1c1569036dd5257a4a8a4511ac1716651fbb,True,,,1,0,8074.662652,8768.321135,6,4156,4,32
20260726_formal4t4_reuse_intensive_Ideal_rep0,0,Ideal,Ideal,63,reuse_intensive:rep0:req63,reuse_intensive,1,64,1,L0064,4096,3,,False,1789717287.7666988,0,0,0,,False,False,False,False,0,0.0,0,0,32.0,False,cache_miss,False,False,0,0.0,33749032ef34d3f76e9253b5b72e322cf4c7dc377127463620db157afdd30881,True,,,1,0,8295.450274,8984.873188,6,4156,4,32
20260726_formal4t4_reuse_intensive_Ideal_rep0,0,Ideal,Ideal,64,reuse_intensive:rep0:req64,reuse_intensive,1,67,0,L0067,4096,2,,False,1789717297.276076,0,0,0,,False,False,False,False,0,0.0,0,0,32.0,False,cache_miss,False,False,0,0.0,809cb8ac448b56d15ddfb9058a817313c437703a70e08dcd03b3f73c930e7863,True,,,1,0,7443.554039,8678.201818,6,4156,4,32
20260726_formal4t4_reuse_intensive_Ideal_rep0,0,Ideal,Ideal,65,reuse_intensive:rep0:req65,reuse_intensive,1,104,0,L0104,4096,3,,False,1789717297.2761118,0,0,0,,False,False,False,False,0,0.0,0,0,16.0,False,cache_miss,False,False,0,0.0,228cc7e388cdc2e455c7db30dff60b7cdc3b1c8b8aa6f7ca4d5aee68e6f1249d,True,,,1,0,9086.636295,9809.449899,6,4156,4,16
20260726_formal4t4_reuse_intensive_Ideal_rep0,0,Ideal,Ideal,66,reuse_intensive:rep0:req66,reuse_intensive,1,121,0,L0121,4096,0,,False,1789717297.2761364,0,0,0,,False,False,False,False,0,0.0,0,0,16.0,False,cache_miss,False,False,0,0.0,87937fa1712b808820b49d9452b4910226251a71a546ea9b84cecffea6cce41d,True,,,1,0,9196.089179,9954.054744,6,4156,4,16
20260726_formal4t4_reuse_intensive_Ideal_rep0,0,Ideal,Ideal,67,reuse_intensive:rep0:req67,reuse_intensive,1,64,2,L0064,4096,2,2;3,True,1789717297.2761858,4096,4096,4096,0.0014088153839111328,False,False,False,False,4096,79.92,2,2,4128.0,True,cache_reused,False,False,0,0.0,1c82ba184422269606c248d0a0065891b479a0699ef26e58e3e3daf8418c6b96,True,,,1,0,7440.915671,8675.479036,6,4156,4,4128
20260726_formal4t4_reuse_intensive_Ideal_rep0,0,Ideal,Ideal,68,reuse_intensive:rep0:req68,reuse_intensive,1,64,0,L0064,4096,3,2;3,False,1789717307.233601,4096,4096,4096,9.95784878730774,False,False,False,False,4096,0.0,2,2,4128.0,False,cache_reused,False,False,0,0.0,11fe226070d4778ab2dc89124ff47f5edcb697b786f96a647062f37f50f213aa,True,,,1,0,295.812747,990.778624,6,4156,4,4128
20260726_formal4t4_reuse_intensive_Ideal_rep0,0,Ideal,Ideal,69,reuse_intensive:rep0:req69,reuse_intensive,1,70,0,L0070,4096,2,,False,1789717307.233641,0,0,0,,False,False,False,False,0,0.0,0,0,32.0,False,cache_miss,False,False,0,0.0,1c2a32f46520bd3fb4cceba6b2ab4986458213720cff6acc84dd2c1cf1bfaaf2,True,,,1,0,7756.043795,8439.344309,6,4156,4,32
20260726_formal4t4_reuse_intensive_Ideal_rep0,0,Ideal,Ideal,70,reuse_intensive:rep0:req70,reuse_intensive,1,96,0,L0096,4096,0,,False,1789717307.2336679,0,0,0,,False,False,False,False,0,0.0,0,0,32.0,False,cache_miss,False,False,0,0.0,5d189bc330bafa09ba8e1768964b20962b5be735a0c7a85cbd47cf1390f18912,True,,,1,0,9736.193739,10561.212307,6,4156,4,32
20260726_formal4t4_reuse_intensive_Ideal_rep0,0,Ideal,Ideal,71,reuse_intensive:rep0:req71,reuse_intensive,1,88,0,L0088,4096,1,,False,1789717307.23369,0,0,0,,False,False,False,False,0,0.0,0,0,32.0,False,cache_miss,False,False,0,0.0,4d5b278485e610538c9e48a2823cd29443c789558edda493a3046ed526bb6cd3,True,,,1,0,8351.361771,9056.635502,6,4156,4,32
20260726_formal4t4_reuse_intensive_Ideal_rep0,0,Ideal,Ideal,72,reuse_intensive:rep0:req72,reuse_intensive,1,66,0,L0066,4096,0,,False,1789717317.7982209,0,0,0,,False,False,False,False,0,0.0,0,0,32.0,False,cache_miss,False,False,0,0.0,ca4dc7af17c2442ceeacb44e24ac54b82629ea350db5c964aa368c8d2e6183dd,True,,,1,0,8558.59916,9298.195954,6,4156,4,32
20260726_formal4t4_reuse_intensive_Ideal_rep0,0,Ideal,Ideal,73,reuse_intensive:rep0:req73,reuse_intensive,1,64,1,L0064,4096,2,2;3,True,1789717317.7982755,4096,4096,4096,10.56502890586853,False,False,False,False,4096,81.92,2,2,4128.0,True,cache_reused,False,False,0,0.0,91269667db552c2b21d066684caf8892d3452c50dfac886b81ddeb95a37426a9,True,,,1,0,429.922827,1106.879349,6,4156,4,4128
20260726_formal4t4_reuse_intensive_Ideal_rep0,0,Ideal,Ideal,74,reuse_intensive:rep0:req74,reuse_intensive,1,65,0,L0065,4096,3,,False,1789717317.7983065,0,0,0,,False,False,False,False,0,0.0,0,0,32.0,False,cache_miss,False,False,0,0.0,8b26700135099b093aad7095b888371d7d6234f362b9e139a9c361d6f27bbc9f,True,,,1,0,8532.254886,9238.674747,6,4156,4,32
20260726_formal4t4_reuse_intensive_Ideal_rep0,0,Ideal,Ideal,75,reuse_intensive:rep0:req75,reuse_intensive,1,66,1,L0066,4096,1,,False,1789717317.7983305,0,0,0,,False,False,False,False,0,0.0,0,0,32.0,False,cache_miss,False,False,0,0.0,a5e7d86c466b845dd05807efcd8d241ebc58ac452b270f4b1f46aaccb2d211e5,True,,,1,0,8832.36898,9587.498419,6,4156,4,32
20260726_formal4t4_reuse_intensive_Ideal_rep0,0,Ideal,Ideal,76,reuse_intensive:rep0:req76,reuse_intensive,1,64,2,L0064,4096,2,2;3,True,1789717327.3898103,4096,4096,4096,0.0009849071502685547,False,False,False,False,4096,81.92,2,2,4128.0,True,cache_reused,False,False,0,0.0,f21dd9582ac424d55692c2090f1a7fad8e671fe634112e8d1d1cae337a5a5a4c,True,,,1,0,422.642476,1080.16688,6,4156,4,4128
20260726_formal4t4_reuse_intensive_Ideal_rep0,0,Ideal,Ideal,77,reuse_intensive:rep0:req77,reuse_intensive,1,65,1,L0065,4096,3,3,True,1789717327.3898582,4096,4096,4096,0.0007188320159912109,False,False,False,False,4096,81.92,1,1,4128.0,True,cache_reused,False,False,0,0.0,6c4f2c3a773df42a86d461575c036c09b8e9a64370ec3fd8434260b20ec101ac,True,,,1,0,294.372899,1176.848523,6,4156,4,4128
20260726_formal4t4_reuse_intensive_Ideal_rep0,0,Ideal,Ideal,78,reuse_intensive:rep0:req78,reuse_intensive,1,65,2,L0065,4096,3,3,True,1789717327.3898916,4096,4096,4096,0.0007522106170654297,False,False,False,False,4096,79.92,1,1,4128.0,True,cache_reused,False,False,0,0.0,a43b764840b4e6b297891594eaca3bf38287e8810bdf1fe356bc04e56a889f56,True,,,1,0,658.09431,1433.535404,6,4156,4,4128
20260726_formal4t4_reuse_intensive_Ideal_rep0,0,Ideal,Ideal,79,reuse_intensive:rep0:req79,reuse_intensive,1,65,0,L0065,4096,3,3,True,1789717327.389918,4096,4096,4096,0.0007786750793457031,False,False,False,False,4096,77.92,1,1,4128.0,True,cache_reused,False,False,0,0.0,77584a5761aeb8fa850d0650dd10ac89f7624987cf9e1a58c2b9f29e6ee9e1d9,True,,,1,0,657.356351,1432.917659,6,4156,4,4128
20260726_formal4t4_reuse_intensive_Ideal_rep0,0,Ideal,Ideal,80,reuse_intensive:rep0:req80,reuse_intensive,1,74,0,L0074,4096,1,,False,1789717328.8271713,0,0,0,,False,False,False,False,0,0.0,0,0,32.0,False,cache_miss,False,False,0,0.0,a2a069496d68f227d127fc06bd6687ff2a13be3c818d122a3316b455824a3c65,True,,,1,0,8679.63641,10040.860549,6,4156,4,32
20260726_formal4t4_reuse_intensive_Ideal_rep0,0,Ideal,Ideal,81,reuse_intensive:rep0:req81,reuse_intensive,1,64,0,L0064,4096,2,2;3,False,1789717328.8272247,4096,4096,4096,0.00138092041015625,False,False,False,False,4096,0.0,2,2,4128.0,False,cache_reused,False,False,0,0.0,4faa5e0d3f5815b217eb40e821cdb72f3670a4f62cb78b0c2da8f2944a7e4d13,True,,,1,0,277.88349,940.549534,6,4156,4,4128
20260726_formal4t4_reuse_intensive_Ideal_rep0,0,Ideal,Ideal,82,reuse_intensive:rep0:req82,reuse_intensive,1,65,1,L0065,4096,3,3,True,1789717328.8272648,4096,4096,4096,0.0004279613494873047,False,False,False,False,4096,81.92,1,1,4128.0,True,cache_reused,False,False,0,0.0,04deed94efc14e710d59820f9c63470f5578e68021dbf0b2133cabadae6b1af5,True,,,1,0,289.44536,992.459014,6,4156,4,4128
20260726_formal4t4_reuse_intensive_Ideal_rep0,0,Ideal,Ideal,83,reuse_intensive:rep0:req83,reuse_intensive,1,69,1,L0069,4096,1,1,True,1789717328.827297,4096,4096,4096,31.55216073989868,False,False,False,False,4096,79.92,1,1,4128.0,True,cache_reused,False,False,0,0.0,2b31793578f7499cb621ba6e85f8269fcd724baf4a9a6bd2ae422b5390cbc90b,True,,,1,0,8677.32998,10038.610756,6,4156,4,4128
20260726_formal4t4_reuse_intensive_Ideal_rep0,0,Ideal,Ideal,84,reuse_intensive:rep0:req84,reuse_intensive,1,65,2,L0065,4096,3,3,True,1789717338.8700523,4096,4096,4096,0.0006544589996337891,False,False,False,False,4096,81.92,1,1,4128.0,True,cache_reused,False,False,0,0.0,59e35f4dee8102331ab788229fb622ca9fa5c91d38c2f25d847296ea913e5b1a,True,,,1,0,465.543994,1179.591082,6,4156,4,4128
20260726_formal4t4_reuse_intensive_Ideal_rep0,0,Ideal,Ideal,85,reuse_intensive:rep0:req85,reuse_intensive,1,106,0,L0106,4096,0,,False,1789717338.870093,0,0,0,,False,False,False,False,0,0.0,0,0,32.0,False,cache_miss,False,False,0,0.0,3113c33aefb9721468fb3323d6e15979e8e3d6abac32866e8e38b0a667551624,True,,,1,0,8430.807155,9154.103809,6,4156,4,32
20260726_formal4t4_reuse_intensive_Ideal_rep0,0,Ideal,Ideal,86,reuse_intensive:rep0:req86,reuse_intensive,1,70,1,L0070,4096,2,2,False,1789717338.870129,4096,4096,4096,21.0728440284729,False,False,False,False,4096,0.0,1,1,4128.0,False,cache_reused,False,False,0,0.0,8203f58a0d9928b8933d34d66d2bc496a89686fc2d3a756109d6a332b1a4f1a0,True,,,1,0,450.560156,1200.73076,6,4156,4,4128
20260726_formal4t4_reuse_intensive_Ideal_rep0,0,Ideal,Ideal,87,reuse_intensive:rep0:req87,reuse_intensive,1,70,2,L0070,4096,2,2,True,1789717338.870173,4096,4096,4096,21.072887897491455,False,False,False,False,4096,79.92,1,1,4128.0,True,cache_reused,False,False,0,0.0,5a11b918f9b8c0d85cab48267cc45a42b4e426e2c55d7d68ebf0332754050a3d,True,,,1,0,704.905986,1429.646244,6,4156,4,4128
20260726_formal4t4_reuse_intensive_Ideal_rep0,0,Ideal,Ideal,88,reuse_intensive:rep0:req88,reuse_intensive,1,64,1,L0064,4096,3,2;3,False,1789717348.0270073,4096,4096,4096,30.230101585388184,False,False,False,False,4096,0.0,2,2,4128.0,False,cache_reused,False,False,0,0.0,0c5394eee41d9fbf0b50c9e2aca955fee6260c5bcb36390a609afe6f461a7091,True,,,1,0,452.769971,1199.748579,6,4156,4,4128
20260726_formal4t4_reuse_intensive_Ideal_rep0,0,Ideal,Ideal,89,reuse_intensive:rep0:req89,reuse_intensive,1,64,2,L0064,4096,2,2;3,True,1789717348.0270567,4096,4096,4096,9.157984972000122,False,False,False,False,4096,81.92,2,2,4128.0,True,cache_reused,False,False,0,0.0,72fb677e94e3081302fbdb388dc0faa9fc173a57b22b867cfeb7f504e211f173,True,,,1,0,435.74216,1097.495623,6,4156,4,4128
20260726_formal4t4_reuse_intensive_Ideal_rep0,0,Ideal,Ideal,90,reuse_intensive:rep0:req90,reuse_intensive,1,118,0,L0118,4096,1,,False,1789717348.0270827,0,0,0,,False,False,False,False,0,0.0,0,0,16.0,False,cache_miss,False,False,0,0.0,b13f7bab187a501df655499e2d1315d5bc9fc2941b2746c531678faad215674f,True,,,1,0,8052.086069,8732.252491,6,4156,4,16
20260726_formal4t4_reuse_intensive_Ideal_rep0,0,Ideal,Ideal,91,reuse_intensive:rep0:req91,reuse_intensive,1,64,0,L0064,4096,3,2;3,True,1789717348.0271134,4096,4096,4096,30.230207681655884,False,False,False,False,4096,79.92,2,2,4128.0,True,cache_reused,False,False,0,0.0,096fe01f8bb3331ac82d72e9449cbe4598c151ea9a4fbdf641830d1f325f0777,True,,,1,0,702.11498,1427.296998,6,4156,4,4128
20260726_formal4t4_reuse_intensive_Ideal_rep0,0,Ideal,Ideal,92,reuse_intensive:rep0:req92,reuse_intensive,1,65,0,L0065,4096,3,3,True,1789717356.7629094,4096,4096,4096,8.7372465133667,False,False,False,False,4096,81.92,1,1,4128.0,True,cache_reused,False,False,0,0.0,c20eb8f7fe0f0c4aec066c482dc5f0bfe4cfb9d1c2e78c2626d43673f08f8dfc,True,,,1,0,446.256958,1216.787463,6,4156,4,4128
20260726_formal4t4_reuse_intensive_Ideal_rep0,0,Ideal,Ideal,93,reuse_intensive:rep0:req93,reuse_intensive,1,109,0,L0109,4096,2,,False,1789717356.7629495,0,0,0,,False,False,False,False,0,0.0,0,0,16.0,False,cache_miss,False,False,0,0.0,13ac0062f44b8de5f1d02dfa6f0d1f04b33903fd2f46172e92baf200071bc717,True,,,1,0,8294.202229,9011.388401,6,4156,4,16
20260726_formal4t4_reuse_intensive_Ideal_rep0,0,Ideal,Ideal,94,reuse_intensive:rep0:req94,reuse_intensive,1,65,1,L0065,4096,3,3,True,1789717356.7629867,4096,4096,4096,8.737323760986328,False,False,False,False,4096,79.92,1,1,4128.0,True,cache_reused,False,False,0,0.0,9b246c6cf3c1e0d48526e48a608df0960e45a70d711107de60f75590ec9b70f0,True,,,1,0,706.789936,1450.398808,6,4156,4,4128
20260726_formal4t4_reuse_intensive_Ideal_rep0,0,Ideal,Ideal,95,reuse_intensive:rep0:req95,reuse_intensive,1,82,0,L0082,4096,1,,False,1789717356.763012,0,0,0,,False,False,False,False,0,0.0,0,0,32.0,False,cache_miss,False,False,0,0.0,89b2cc466a610581b632d4c9253fe635e6d5acfc6b1f78505fc1bf96a3971cf1,True,,,1,0,9346.036337,10118.235273,6,4156,4,32
20260726_formal4t4_reuse_intensive_Ideal_rep0,0,Ideal,Ideal,96,reuse_intensive:rep0:req96,reuse_intensive,1,64,1,L0064,4096,3,2;3,True,1789717366.8855977,4096,4096,4096,10.123033285140991,False,False,False,False,4096,81.92,2,2,4128.0,True,cache_reused,False,False,0,0.0,6079e6a49827713e4d8e7c62d940b704f1ecc4298f87931d3d6dac6bceeb9297,True,,,1,0,466.392963,1998.885097,6,4156,4,4128
20260726_formal4t4_reuse_intensive_Ideal_rep0,0,Ideal,Ideal,97,reuse_intensive:rep0:req97,reuse_intensive,1,65,2,L0065,4096,3,3,True,1789717366.885647,4096,4096,4096,0.0007073879241943359,False,False,False,False,4096,79.92,1,1,4128.0,True,cache_reused,False,False,0,0.0,4ff2bb5d0427792a6efa0d217929c2108efe9053da9861257cfcf369935e8183,True,,,1,0,1102.037627,2249.804944,6,4156,4,4128
20260726_formal4t4_reuse_intensive_Ideal_rep0,0,Ideal,Ideal,98,reuse_intensive:rep0:req98,reuse_intensive,1,65,0,L0065,4096,3,3,True,1789717366.8856816,4096,4096,4096,0.0007419586181640625,False,False,False,False,4096,77.92,1,1,4128.0,True,cache_reused,False,False,0,0.0,97a192ee78ad1f64c7f8b13cd0cefda2b68bb7b4aa76a836dfb2a8f24da0cf13,True,,,1,0,1101.280306,2249.19341,6,4156,4,4128
20260726_formal4t4_reuse_intensive_Ideal_rep0,0,Ideal,Ideal,99,reuse_intensive:rep0:req99,reuse_intensive,1,78,0,L0078,4096,0,,False,1789717366.8857048,0,0,0,,False,False,False,False,0,0.0,0,0,32.0,False,cache_miss,False,False,0,0.0,46c69faffd7fa9bb31f65334b121afcafdbdbbf934230e3f4998f7ca195183c0,True,,,1,0,9812.626691,10625.37684,6,4156,4,32
20260726_formal4t4_reuse_intensive_Ideal_rep0,0,Ideal,Ideal,100,reuse_intensive:rep0:req100,reuse_intensive,1,71,0,L0071,4096,3,,False,1789717377.5154126,0,0,0,,False,False,False,False,0,0.0,0,0,32.0,False,cache_miss,False,False,0,0.0,a0c9b6ac5c59b39bee43b46b48d0535e4cc118f715f078950beb21606b63fe23,True,,,1,0,9438.236967,10774.80201,6,4157,4,32
20260726_formal4t4_reuse_intensive_Ideal_rep0,0,Ideal,Ideal,101,reuse_intensive:rep0:req101,reuse_intensive,1,105,0,L0105,4096,2,,False,1789717377.515449,0,0,0,,False,False,False,False,0,0.0,0,0,32.0,False,cache_miss,False,False,0,0.0,fb958c90ca342febbdf4170a631d01add59d9f55bd65b747765eebfc1e0c9446,True,,,1,0,8575.019218,9919.688395,6,4157,4,32
20260726_formal4t4_reuse_intensive_Ideal_rep0,0,Ideal,Ideal,102,reuse_intensive:rep0:req102,reuse_intensive,1,64,2,L0064,4096,2,2;3,True,1789717377.5154889,4096,4096,4096,20.753547191619873,False,False,False,False,4096,79.92,2,2,4128.0,True,cache_reused,False,False,0,0.0,624557376908f15c859e713afe5d59e4baa99fa60ecd0afdebb8330d52672296,True,,,1,0,8573.960415,9918.50734,6,4157,4,4128
20260726_formal4t4_reuse_intensive_Ideal_rep0,0,Ideal,Ideal,103,reuse_intensive:rep0:req103,reuse_intensive,1,64,0,L0064,4096,3,2;3,True,1789717377.515524,4096,4096,4096,0.0014426708221435547,False,False,False,False,4096,79.92,2,2,4128.0,True,cache_reused,False,False,0,0.0,8583b0c79f19910a073554865123cd0d03606bb0aea40af17ae8a86522d960a7,True,,,1,0,9435.350812,10771.824452,6,4157,4,4128
20260726_formal4t4_reuse_intensive_Ideal_rep0,0,Ideal,Ideal,104,reuse_intensive:rep0:req104,reuse_intensive,1,76,0,L0076,4096,1,,False,1789717388.2919614,0,0,0,,False,False,False,False,0,0.0,0,0,32.0,False,cache_miss,False,False,0,0.0,b1b36eaa3d1792753f3fbade984dc340cd93c6dee4d48e7ab0ea17294aa005d2,True,,,1,0,8343.647763,9030.354604,6,4157,4,32
20260726_formal4t4_reuse_intensive_Ideal_rep0,0,Ideal,Ideal,105,reuse_intensive:rep0:req105,reuse_intensive,1,64,1,L0064,4096,3,2;3,False,1789717388.2920172,4096,4096,4096,0.0003883838653564453,False,False,False,False,4096,0.0,2,2,4128.0,False,cache_reused,False,False,0,0.0,86e0c8e6db327b29beb62106dd0464eaabe1cb991f803143ac67c544fc16db3b,True,,,1,0,288.122719,976.981859,6,4157,4,4128
20260726_formal4t4_reuse_intensive_Ideal_rep0,0,Ideal,Ideal,106,reuse_intensive:rep0:req106,reuse_intensive,1,89,0,L0089,4096,0,,False,1789717388.2920487,0,0,0,,False,False,False,False,0,0.0,0,0,32.0,False,cache_miss,False,False,0,0.0,7e19f154a5da54048af81a5c2647302f4218ad681a199257257a00ec50327375,True,,,1,0,8343.247317,9057.453599,6,4157,4,32
20260726_formal4t4_reuse_intensive_Ideal_rep0,0,Ideal,Ideal,107,reuse_intensive:rep0:req107,reuse_intensive,1,77,0,L0077,4096,2,,False,1789717388.2920728,0,0,0,,False,False,False,False,0,0.0,0,0,32.0,False,cache_miss,False,False,0,0.0,34f818a08b5c5d9e485f8ebe10f5996fd167df9a306eed4e9d2c0d13cf960cf5,True,,,1,0,7967.397919,8674.551178,6,4157,4,32
20260726_formal4t4_reuse_intensive_Ideal_rep0,0,Ideal,Ideal,108,reuse_intensive:rep0:req108,reuse_intensive,1,66,2,L0066,4096,1,0;1,True,1789717397.353145,4096,4096,4096,69.96367740631104,False,False,False,False,4096,81.92,2,2,4128.0,True,cache_reused,False,False,0,0.0,4f6625d01115fc6cb15d12c712844df18c8e6df466d9cd5d1bfba1396d678d3b,True,,,1,0,304.473732,1056.041367,6,4157,4,4128
20260726_formal4t4_reuse_intensive_Ideal_rep0,0,Ideal,Ideal,109,reuse_intensive:rep0:req109,reuse_intensive,1,72,0,L0072,4096,3,,False,1789717397.3531942,0,0,0,,False,False,False,False,0,0.0,0,0,32.0,False,cache_miss,False,False,0,0.0,016a497147480c1e5063d61c1a578f19533c53c6c8dcf357cbee6389d37c5cc5,True,,,1,0,9279.056066,10623.841311,6,4157,4,32
20260726_formal4t4_reuse_intensive_Ideal_rep0,0,Ideal,Ideal,110,reuse_intensive:rep0:req110,reuse_intensive,1,65,1,L0065,4096,3,3,True,1789717397.3532314,4096,4096,4096,19.8384530544281,False,False,False,False,4096,79.92,1,1,4128.0,True,cache_reused,False,False,0,0.0,7e1805f1198c319b2d60d421305f1631db342082b385b2e3e3a6ddf12b48abb5,True,,,1,0,9278.269476,10623.131043,6,4157,4,4128
20260726_formal4t4_reuse_intensive_Ideal_rep0,0,Ideal,Ideal,111,reuse_intensive:rep0:req111,reuse_intensive,1,66,0,L0066,4096,0,0;1,True,1789717397.353266,4096,4096,4096,69.96460342407227,False,False,False,False,4096,81.92,2,2,4128.0,True,cache_reused,False,False,0,0.0,4e08da2e8e23163428f4a9cf160a5999b10f7ee5d8a40b672a06a0529e9179b5,True,,,1,0,282.748689,1018.909036,6,4157,4,4128
20260726_formal4t4_reuse_intensive_Ideal_rep0,0,Ideal,Ideal,112,reuse_intensive:rep0:req112,reuse_intensive,1,82,1,L0082,4096,1,1,False,1789717407.9799712,4096,4096,4096,41.09471774101257,False,False,False,False,4096,0.0,1,1,4128.0,False,cache_reused,False,False,0,0.0,9e0c7511e496aef4dead7bf026980c86986b45ba9740193a5e961f47c5026135,True,,,1,0,471.880235,1256.648938,6,4157,4,4128
20260726_formal4t4_reuse_intensive_Ideal_rep0,0,Ideal,Ideal,113,reuse_intensive:rep0:req113,reuse_intensive,1,64,2,L0064,4096,2,2;3,True,1789717407.9800227,4096,4096,4096,19.688704252243042,False,False,False,False,4096,81.92,2,2,4128.0,True,cache_reused,False,False,0,0.0,9ae3d0add036df57f2a9ef66c18c1ff2464a7253886e7fa73717c058721ea061,True,,,1,0,446.420104,1108.782941,6,4157,4,4128
20260726_formal4t4_reuse_intensive_Ideal_rep0,0,Ideal,Ideal,114,reuse_intensive:rep0:req114,reuse_intensive,1,113,0,L0113,4096,3,,False,1789717407.9800513,0,0,0,,False,False,False,False,0,0.0,0,0,32.0,False,cache_miss,False,False,0,0.0,c675d08bece628aea5f4686a0f59ac9b3b428bb1201ceb7a8bdf1d22f55f3a0b,True,,,1,0,9039.371573,10313.135018,6,4157,4,32
20260726_formal4t4_reuse_intensive_Ideal_rep0,0,Ideal,Ideal,115,reuse_intensive:rep0:req115,reuse_intensive,1,64,0,L0064,4096,3,2;3,True,1789717407.9800823,4096,4096,4096,10.627896785736084,False,False,False,False,4096,79.92,2,2,4128.0,True,cache_reused,False,False,0,0.0,6e14980616e72c7a7695cadbf1b271a848f1b93295544fe44362af2ba653ea4c,True,,,1,0,9038.738371,10312.588533,6,4157,4,4128
20260726_formal4t4_reuse_intensive_Ideal_rep0,0,Ideal,Ideal,116,reuse_intensive:rep0:req116,reuse_intensive,1,111,0,L0111,4096,0,,False,1789717418.2971375,0,0,0,,False,False,False,False,0,0.0,0,0,32.0,False,cache_miss,False,False,0,0.0,bdd80f9c8717e98a55c1011ee206f91c69d80e05d52d4de4fdea0e0d099e619f,True,,,1,0,9677.738684,11088.594113,6,4157,4,32
20260726_formal4t4_reuse_intensive_Ideal_rep0,0,Ideal,Ideal,117,reuse_intensive:rep0:req117,reuse_intensive,1,66,1,L0066,4096,1,0;1,False,1789717418.2972057,4096,4096,4096,10.318581581115723,False,False,False,False,4096,0.0,2,2,4128.0,False,cache_reused,False,False,0,0.0,9a517865da02d794357ba53896c33d875c5bfc210a17ac9f07715c7a716b037c,True,,,1,0,450.241241,1199.456073,6,4157,4,4128
20260726_formal4t4_reuse_intensive_Ideal_rep0,0,Ideal,Ideal,118,reuse_intensive:rep0:req118,reuse_intensive,1,64,1,L0064,4096,3,2;3,False,1789717418.2972453,4096,4096,4096,0.0004382133483886719,False,False,False,False,4096,0.0,2,2,4128.0,False,cache_reused,False,False,0,0.0,3a10cfd2b509247fe76078454973cb4f2eb0f000dd781ef415e8e99a30c9d688,True,,,1,0,287.098817,986.242218,6,4157,4,4128
20260726_formal4t4_reuse_intensive_Ideal_rep0,0,Ideal,Ideal,119,reuse_intensive:rep0:req119,reuse_intensive,1,66,2,L0066,4096,0,0;1,True,1789717418.297278,4096,4096,4096,10.31765365600586,False,False,False,False,4096,79.92,2,2,4128.0,True,cache_reused,False,False,0,0.0,8d10f128e9da9187c555cedd44bc86c1dff6ff3b53dd756f08612f1508f116f6,True,,,1,0,9675.06599,11086.017625,6,4157,4,4128
20260726_formal4t4_reuse_intensive_Adaptive@rho1.2_c01024_theta30_rep0,0,Adaptive@rho1.2_c01024_theta30,Adaptive,24,reuse_intensive:rep0:req24,reuse_intensive,0,0,2,L0000,4096,0,0;2,True,1789717603.573154,4096,4096,4096,163.48123025894165,False,False,False,False,4096,81.92,2,2,4128.0,True,cache_reused,False,False,0,0.0,5fa6f4de43ea9d0774bde01de370c5fcf35179a6224cfb81f325497d8211f9bf,True,,,1,0,323.609548,1740.57548,6,4156,4,4128
20260726_formal4t4_reuse_intensive_Adaptive@rho1.2_c01024_theta30_rep0,0,Adaptive@rho1.2_c01024_theta30,Adaptive,25,reuse_intensive:rep0:req25,reuse_intensive,0,6,1,L0006,4096,3,0;3,True,1789717603.5732367,4096,4096,4096,104.04505205154419,False,False,False,False,4096,81.92,2,2,4128.0,True,cache_reused,False,False,0,0.0,dee8b3c7962c31776d784bd015e4a121e4a8eb0e80c5c51f5a4eb6f395ac6a51,True,,,1,0,291.857033,1664.467981,6,4156,4,4128
20260726_formal4t4_reuse_intensive_Adaptive@rho1.2_c01024_theta30_rep0,0,Adaptive@rho1.2_c01024_theta30,Adaptive,26,reuse_intensive:rep0:req26,reuse_intensive,0,3,0,L0003,4096,0,0;3,True,1789717603.5732725,4096,4096,4096,134.4558355808258,False,False,False,False,4096,79.92,2,2,4128.0,True,cache_reused,False,False,0,0.0,8b8e78b01a768b747b2f6bf2a3173257141a26ce1b32de169d029f7e07bed279,True,,,1,0,796.78668,1976.49473,6,4156,4,4128
20260726_formal4t4_reuse_intensive_Adaptive@rho1.2_c01024_theta30_rep0,0,Adaptive@rho1.2_c01024_theta30,Adaptive,27,reuse_intensive:rep0:req27,reuse_intensive,0,1,0,L0001,4096,3,0;3,True,1789717603.573301,4096,4096,4096,153.97559666633606,False,False,False,False,4096,79.92,2,2,4128.0,True,cache_reused,False,False,0,0.0,89dee4596b0d230764a7c9307b0b13486bc66117c74bf6d9843d85a8bc1bd273,True,,,1,0,750.081188,1905.56518,6,4156,4,4128
20260726_formal4t4_reuse_intensive_Adaptive@rho1.2_c01024_theta30_rep0,0,Adaptive@rho1.2_c01024_theta30,Adaptive,28,reuse_intensive:rep0:req28,reuse_intensive,0,1,1,L0001,4096,3,0;3,False,1789717605.5533066,4096,4096,4096,155.95560216903687,False,False,False,False,4096,0.0,2,2,4128.0,False,cache_reused,False,False,0,0.0,48595c3c349dae1e8f2ed87161d2515796df6f68f7d78304c260ff46e667f663,True,,,1,0,298.067196,1022.821539,6,4156,4,4128
20260726_formal4t4_reuse_intensive_Adaptive@rho1.2_c01024_theta30_rep0,0,Adaptive@rho1.2_c01024_theta30,Adaptive,29,reuse_intensive:rep0:req29,reuse_intensive,0,0,0,L0000,4096,2,0;2,False,1789717605.5533533,4096,4096,4096,165.46127820014954,False,False,False,False,4096,0.0,2,2,4128.0,False,cache_reused,False,False,0,0.0,f12045d4835f2d9b0cb91180b153756836f6137c67bdaaef0287a247fc00d5c5,True,,,1,0,460.508998,1173.771149,6,4156,4,4128
20260726_formal4t4_reuse_intensive_Adaptive@rho1.2_c01024_theta30_rep0,0,Adaptive@rho1.2_c01024_theta30,Adaptive,30,reuse_intensive:rep0:req30,reuse_intensive,0,0,1,L0000,4096,0,0;2,True,1789717605.553388,4096,4096,4096,165.46146440505981,False,False,False,False,4096,81.92,2,2,4128.0,True,cache_reused,False,False,0,0.0,1edbbc5c297ab4045f09b57baa81bf2a79e7ab68c5beed86b4d99cf577cdbbc0,True,,,1,0,311.557823,1078.446005,6,4156,4,4128
20260726_formal4t4_reuse_intensive_Adaptive@rho1.2_c01024_theta30_rep0,0,Adaptive@rho1.2_c01024_theta30,Adaptive,31,reuse_intensive:rep0:req31,reuse_intensive,0,29,0,L0029,4096,1,,False,1789717605.553413,0,0,0,,False,False,False,False,0,0.0,0,0,32.0,False,cache_miss,False,False,0,0.0,b8dac449fb5915b5bb5197aacd6e8a900646f4d20331e4b4c053a06e2d9b1c28,True,,,1,0,8476.114603,9179.198142,6,4156,4,32
20260726_formal4t4_reuse_intensive_Adaptive@rho1.2_c01024_theta30_rep0,0,Adaptive@rho1.2_c01024_theta30,Adaptive,32,reuse_intensive:rep0:req32,reuse_intensive,0,30,0,L0030,4096,2,,False,1789717614.7368183,0,0,0,,False,False,False,False,0,0.0,0,0,32.0,False,cache_miss,False,False,0,0.0,103d5b6b4c614e2b1fe2b167ae224e6d7df286880160d4984eaa2e15dd7bf0bc,True,,,1,0,8431.888391,9162.201464,6,4156,4,32
20260726_formal4t4_reuse_intensive_Adaptive@rho1.2_c01024_theta30_rep0,0,Adaptive@rho1.2_c01024_theta30,Adaptive,33,reuse_intensive:rep0:req33,reuse_intensive,0,1,2,L0001,4096,3,0;3,False,1789717614.7368722,4096,4096,4096,165.13916778564453,False,False,False,False,4096,0.0,2,2,4128.0,False,cache_reused,False,False,0,0.0,cf115236f97e4e5c33ee006624316ecb12c2dc1d3f18e60b2e9c4a750ab514a8,True,,,1,0,445.082722,1173.977475,6,4156,4,4128
20260726_formal4t4_reuse_intensive_Adaptive@rho1.2_c01024_theta30_rep0,0,Adaptive@rho1.2_c01024_theta30,Adaptive,34,reuse_intensive:rep0:req34,reuse_intensive,0,0,2,L0000,4096,0,0;2,True,1789717614.7369118,4096,4096,4096,174.64498805999756,False,False,False,False,4096,81.92,2,2,4128.0,True,cache_reused,False,False,0,0.0,b2452ea1c0080429e9f9a25cd7948dc4262c79e311e4f39839bfe60b3c24f1dd,True,,,1,0,483.725175,1935.430412,6,4156,4,4128
20260726_formal4t4_reuse_intensive_Adaptive@rho1.2_c01024_theta30_rep0,0,Adaptive@rho1.2_c01024_theta30,Adaptive,35,reuse_intensive:rep0:req35,reuse_intensive,0,13,1,L0013,4096,0,0,True,1789717614.7369437,4096,4096,4096,51.33344912528992,False,False,False,False,4096,79.92,1,1,4128.0,True,cache_reused,False,False,0,0.0,f76cee20fdaa9f46493ce97058383f2f71f0a2f28ea21f67a7dd97c766f2799f,True,,,1,0,969.756693,2199.188403,6,4156,4,4128
20260726_formal4t4_reuse_intensive_Adaptive@rho1.2_c01024_theta30_rep0,0,Adaptive@rho1.2_c01024_theta30,Adaptive,36,reuse_intensive:rep0:req36,reuse_intensive,0,1,0,L0001,4096,0,0;3,True,1789717623.9011111,4096,4096,4096,174.3035798072815,False,False,False,False,4096,81.92,2,2,4128.0,True,cache_reused,False,False,0,0.0,8e15bf6699a6f6333fca2a54066981d98a26d59d303882d857f4f558663eafb1,True,,,1,0,477.9304,1865.425973,6,4156,4,4128
20260726_formal4t4_reuse_intensive_Adaptive@rho1.2_c01024_theta30_rep0,0,Adaptive@rho1.2_c01024_theta30,Adaptive,37,reuse_intensive:rep0:req37,reuse_intensive,0,12,0,L0012,4096,3,0;3,True,1789717623.901171,4096,4096,4096,71.09084987640381,False,False,False,False,4096,81.92,2,2,4128.0,True,cache_reused,False,False,0,0.0,e4c9da0917e501ae2b69321f4a7812593c3ea33a39e621a4d34783c2646157d9,True,,,1,0,427.635414,1747.228965,6,4156,4,4128
20260726_formal4t4_reuse_intensive_Adaptive@rho1.2_c01024_theta30_rep0,0,Adaptive@rho1.2_c01024_theta30,Adaptive,38,reuse_intensive:rep0:req38,reuse_intensive,0,7,0,L0007,4096,0,0;3,True,1789717623.9012048,4096,4096,4096,114.40888547897339,False,False,False,False,4096,79.92,2,2,4128.0,True,cache_reused,False,False,0,0.0,566a186e28540363242658c09a467302d068439f4f3bcf8c258f06f92643965d,True,,,1,0,940.380494,2112.449196,6,4156,4,4128
20260726_formal4t4_reuse_intensive_Adaptive@rho1.2_c01024_theta30_rep0,0,Adaptive@rho1.2_c01024_theta30,Adaptive,39,reuse_intensive:rep0:req39,reuse_intensive,0,1,1,L0001,4096,3,0;3,True,1789717623.9012325,4096,4096,4096,174.30352807044983,False,False,False,False,4096,79.92,2,2,4128.0,True,cache_reused,False,False,0,0.0,4c4cfd7da56cffbc62744af9585b5833225dc27f99fad3e5df397e7a98fc99f7,True,,,1,0,871.841094,1987.054048,6,4156,4,4128
20260726_formal4t4_reuse_intensive_Adaptive@rho1.2_c01024_theta30_rep0,0,Adaptive@rho1.2_c01024_theta30,Adaptive,40,reuse_intensive:rep0:req40,reuse_intensive,0,1,2,L0001,4096,0,0;3,True,1789717626.017576,4096,4096,4096,176.42004466056824,False,False,False,False,4096,81.92,2,2,4128.0,True,cache_reused,False,False,0,0.0,f2263abf5e966de28d39c7c57963dec0df8b96d9cb72e14bec725cee71762edc,True,,,1,0,309.224867,1758.573303,6,4156,4,4128
20260726_formal4t4_reuse_intensive_Adaptive@rho1.2_c01024_theta30_rep0,0,Adaptive@rho1.2_c01024_theta30,Adaptive,41,reuse_intensive:rep0:req41,reuse_intensive,0,0,0,L0000,4096,2,0;2,True,1789717626.017626,4096,4096,4096,185.9255509376526,False,False,False,False,4096,81.92,2,2,4128.0,True,cache_reused,False,False,0,0.0,adc7199cdd525bfa2147514ea67f80194d306f3fc5c2d58c2ac771ddece99a0f,True,,,1,0,453.387426,1157.794415,6,4156,4,4128
20260726_formal4t4_reuse_intensive_Adaptive@rho1.2_c01024_theta30_rep0,0,Adaptive@rho1.2_c01024_theta30,Adaptive,42,reuse_intensive:rep0:req42,reuse_intensive,0,1,0,L0001,4096,3,0;3,False,1789717626.0176632,4096,4096,4096,176.41995882987976,False,False,False,False,4096,0.0,2,2,4128.0,False,cache_reused,False,False,0,0.0,b27036eb3c7a9433ae664d60ebd14f2d06fa46ed5b23d5b703af431d36c13f10,True,,,1,0,302.969623,1029.177104,6,4156,4,4128
20260726_formal4t4_reuse_intensive_Adaptive@rho1.2_c01024_theta30_rep0,0,Adaptive@rho1.2_c01024_theta30,Adaptive,43,reuse_intensive:rep0:req43,reuse_intensive,0,2,1,L0002,4096,0,0;2,True,1789717626.0176945,4096,4096,4096,166.57592582702637,False,False,False,False,4096,79.92,2,2,4128.0,True,cache_reused,False,False,0,0.0,57b5db8678f3521dc95b8b78f81f71834b9bfbb884f13bec3a34938351d10a0d,True,,,1,0,792.49257,2017.404128,6,4156,4,4128
20260726_formal4t4_reuse_intensive_Adaptive@rho1.2_c01024_theta30_rep0,0,Adaptive@rho1.2_c01024_theta30,Adaptive,44,reuse_intensive:rep0:req44,reuse_intensive,0,0,1,L0000,4096,0,0;2,True,1789717628.0384011,4096,4096,4096,187.9464774131775,False,False,False,False,4096,81.92,2,2,4128.0,True,cache_reused,False,False,0,0.0,66b828b52112f7956f588f4dcc313a2026de169bd21c3401054736a6c4091c7d,True,,,1,0,314.817674,1148.446519,6,4156,4,4128
20260726_formal4t4_reuse_intensive_Adaptive@rho1.2_c01024_theta30_rep0,0,Adaptive@rho1.2_c01024_theta30,Adaptive,45,reuse_intensive:rep0:req45,reuse_intensive,0,0,2,L0000,4096,2,0;2,True,1789717628.0384223,4096,4096,4096,187.9463472366333,False,False,False,False,4096,81.92,2,2,4128.0,True,cache_reused,False,False,0,0.0,0c7b647b322cd0861dfad1590f7a3796fcb8aaefea239d2a9d5581af048edcbd,True,,,1,0,273.270735,1051.333179,6,4156,4,4128
20260726_formal4t4_reuse_intensive_Adaptive@rho1.2_c01024_theta30_rep0,0,Adaptive@rho1.2_c01024_theta30,Adaptive,46,reuse_intensive:rep0:req46,reuse_intensive,0,0,0,L0000,4096,0,0;2,True,1789717628.038436,4096,4096,4096,187.94651222229004,False,False,False,False,4096,79.92,2,2,4128.0,True,cache_reused,False,False,0,0.0,6c4758e52ead9dc1cd52be2a7330c7529042cdd9ea8ee6a471686bb30565f9a7,True,,,1,0,594.921553,1403.815359,6,4156,4,4128
20260726_formal4t4_reuse_intensive_Adaptive@rho1.2_c01024_theta30_rep0,0,Adaptive@rho1.2_c01024_theta30,Adaptive,47,reuse_intensive:rep0:req47,reuse_intensive,0,0,1,L0000,4096,2,0;2,True,1789717628.038447,4096,4096,4096,187.94637179374695,False,False,False,False,4096,79.92,2,2,4128.0,True,cache_reused,False,False,0,0.0,834883c707fe47a0f5360faaf62894e701688184cec6739a66007f65935d18d0,True,,,1,0,533.89768,1289.706971,6,4156,4,4128
20260726_formal4t4_reuse_intensive_Adaptive@rho1.2_c01024_theta30_rep0,0,Adaptive@rho1.2_c01024_theta30,Adaptive,48,reuse_intensive:rep0:req48,reuse_intensive,0,10,0,L0010,4096,0,0;3,True,1789717629.4448192,4096,4096,4096,89.8684253692627,False,False,False,False,4096,81.92,2,2,4128.0,True,cache_reused,False,False,0,0.0,acfe48220adbae95a832df7a9eef39a892c7042ddea35f66f027811743578943,True,,,1,0,318.261562,1715.089174,6,4156,4,4128
20260726_formal4t4_reuse_intensive_Adaptive@rho1.2_c01024_theta30_rep0,0,Adaptive@rho1.2_c01024_theta30,Adaptive,49,reuse_intensive:rep0:req49,reuse_intensive,0,3,1,L0003,4096,3,0;3,True,1789717629.4448695,4096,4096,4096,160.3272521495819,False,False,False,False,4096,81.92,2,2,4128.0,True,cache_reused,False,False,0,0.0,0d7831c33060ceaeba7fabc8ed97169d14aa5ac4a0a2cec0dae2f3c86a7ad45c,True,,,1,0,470.064987,1853.491433,6,4156,4,4128
20260726_formal4t4_reuse_intensive_Adaptive@rho1.2_c01024_theta30_rep0,0,Adaptive@rho1.2_c01024_theta30,Adaptive,50,reuse_intensive:rep0:req50,reuse_intensive,0,1,1,L0001,4096,0,0;3,True,1789717629.4449034,4096,4096,4096,179.8473720550537,False,False,False,False,4096,79.92,2,2,4128.0,True,cache_reused,False,False,0,0.0,cafd87c2fb3f8d991f44410f1deb632327374667ce7c5dc663bb56b98c93cc1b,True,,,1,0,786.190061,1958.715674,6,4156,4,4128
20260726_formal4t4_reuse_intensive_Adaptive@rho1.2_c01024_theta30_rep0,0,Adaptive@rho1.2_c01024_theta30,Adaptive,51,reuse_intensive:rep0:req51,reuse_intensive,0,6,2,L0006,4096,3,0;3,True,1789717629.444931,4096,4096,4096,129.91674637794495,False,False,False,False,4096,79.92,2,2,4128.0,True,cache_reused,False,False,0,0.0,4a631114a9022ffff31f895c28e795ba55046b37c9c92be3f2be2499c908d68f,True,,,1,0,934.570805,2087.584289,6,4156,4,4128
20260726_formal4t4_reuse_intensive_Adaptive@rho1.2_c01024_theta30_rep0,0,Adaptive@rho1.2_c01024_theta30,Adaptive,52,reuse_intensive:rep0:req52,reuse_intensive,0,58,0,L0058,4096,1,,False,1789717631.5368006,0,0,0,,False,False,False,False,0,0.0,0,0,32.0,False,cache_miss,False,False,0,0.0,8890e6f972bb3cb42ada6a7e2645a802ecb0a07c1b8fe13507fc38a874086312,True,,,1,0,8605.199857,9334.781633,6,4156,4,32
20260726_formal4t4_reuse_intensive_Adaptive@rho1.2_c01024_theta30_rep0,0,Adaptive@rho1.2_c01024_theta30,Adaptive,53,reuse_intensive:rep0:req53,reuse_intensive,0,0,2,L0000,4096,2,0;2,True,1789717631.5368555,4096,4096,4096,191.44478034973145,False,False,False,False,4096,81.92,2,2,4128.0,True,cache_reused,False,False,0,0.0,bb5d8644614fd9015a214ea34f00d7df51a33c25424e99538a466c6466eb0f2c,True,,,1,0,418.202978,1194.841142,6,4156,4,4128
20260726_formal4t4_reuse_intensive_Adaptive@rho1.2_c01024_theta30_rep0,0,Adaptive@rho1.2_c01024_theta30,Adaptive,54,reuse_intensive:rep0:req54,reuse_intensive,0,3,2,L0003,4096,0,0;3,False,1789717631.5368955,4096,4096,4096,162.4194586277008,False,False,False,False,4096,0.0,2,2,4128.0,False,cache_reused,False,False,0,0.0,2bf6537e16df0783055a3e77b0ba6f7c7b3f95884f3f0f68508a6b2aa4848250,True,,,1,0,291.799016,1003.988153,6,4156,4,4128
20260726_formal4t4_reuse_intensive_Adaptive@rho1.2_c01024_theta30_rep0,0,Adaptive@rho1.2_c01024_theta30,Adaptive,55,reuse_intensive:rep0:req55,reuse_intensive,0,0,0,L0000,4096,2,0;2,True,1789717631.5369277,4096,4096,4096,191.4448525905609,False,False,False,False,4096,79.92,2,2,4128.0,True,cache_reused,False,False,0,0.0,bf3257bf69584c4d9ffeba4e4bd0118d55fea55fd502f392f9229176d8846f6d,True,,,1,0,679.278057,1429.313774,6,4156,4,4128
20260726_formal4t4_reuse_intensive_Adaptive@rho1.2_c01024_theta30_rep0,0,Adaptive@rho1.2_c01024_theta30,Adaptive,56,reuse_intensive:rep0:req56,reuse_intensive,0,2,2,L0002,4096,0,0;2,False,1789717640.8736212,4096,4096,4096,181.43185257911682,False,False,False,False,4096,0.0,2,2,4128.0,False,cache_reused,False,False,0,0.0,7d1676edc75fa05b51d3cf6894279a6d0b4eb7eedb71a247e9d1409e8a1467d6,True,,,1,0,463.33902,1313.751569,6,4156,4,4128
20260726_formal4t4_reuse_intensive_Adaptive@rho1.2_c01024_theta30_rep0,0,Adaptive@rho1.2_c01024_theta30,Adaptive,57,reuse_intensive:rep0:req57,reuse_intensive,0,0,1,L0000,4096,2,0;2,False,1789717640.8736708,4096,4096,4096,200.7815957069397,False,False,False,False,4096,0.0,2,2,4128.0,False,cache_reused,False,False,0,0.0,b8b69df2c048d0b64d446cbaa5c6673d64a07fa1f0a21da501763b759fccb5eb,True,,,1,0,468.774883,1235.882707,6,4156,4,4128
20260726_formal4t4_reuse_intensive_Adaptive@rho1.2_c01024_theta30_rep0,0,Adaptive@rho1.2_c01024_theta30,Adaptive,58,reuse_intensive:rep0:req58,reuse_intensive,0,0,2,L0000,4096,2,0;2,True,1789717640.8737054,4096,4096,4096,200.78163027763367,False,False,False,False,4096,79.92,2,2,4128.0,True,cache_reused,False,False,0,0.0,6e034127c9b2846826678c3561ca66501a810e7b20dcf0c284525cf5b4e87fbe,True,,,1,0,726.572058,1471.544085,6,4156,4,4128
20260726_formal4t4_reuse_intensive_Adaptive@rho1.2_c01024_theta30_rep0,0,Adaptive@rho1.2_c01024_theta30,Adaptive,59,reuse_intensive:rep0:req59,reuse_intensive,0,2,0,L0002,4096,0,0;2,True,1789717640.8737333,4096,4096,4096,181.431964635849,False,False,False,False,4096,79.92,2,2,4128.0,True,cache_reused,False,False,0,0.0,35dccec5c9e227038581b134b86288b8afdbcfafe0560f510c8ddd433cad4359,True,,,1,0,747.146906,1572.145268,6,4156,4,4128
20260726_formal4t4_reuse_intensive_Adaptive@rho1.2_c01024_theta30_rep0,0,Adaptive@rho1.2_c01024_theta30,Adaptive,60,reuse_intensive:rep0:req60,reuse_intensive,1,64,0,L0064,4096,0,,False,1789717642.4504583,0,0,0,,False,False,False,False,0,0.0,0,0,32.0,False,cache_miss,False,False,0,0.0,b0c91a0e6ff8ec07ff78419431719b81c4c3fdb1adefc21b17c16ec441fe4452,True,,,1,0,9335.052796,10124.273771,6,4156,4,32
20260726_formal4t4_reuse_intensive_Adaptive@rho1.2_c01024_theta30_rep0,0,Adaptive@rho1.2_c01024_theta30,Adaptive,61,reuse_intensive:rep0:req61,reuse_intensive,1,69,0,L0069,4096,3,,False,1789717642.4504962,0,0,0,,False,False,False,False,0,0.0,0,0,32.0,False,cache_miss,False,False,0,0.0,b4bac0e9687c9a7fe75012014b5054e6199776c484437df1dd03cc4fc1aa02bf,True,,,1,0,8222.053303,8934.12484,6,4156,4,32
20260726_formal4t4_reuse_intensive_Adaptive@rho1.2_c01024_theta30_rep0,0,Adaptive@rho1.2_c01024_theta30,Adaptive,62,reuse_intensive:rep0:req62,reuse_intensive,1,75,0,L0075,4096,1,,False,1789717642.450522,0,0,0,,False,False,False,False,0,0.0,0,0,32.0,False,cache_miss,False,False,0,0.0,2643dd0538db0ba34bb0abb9cfaf1c1569036dd5257a4a8a4511ac1716651fbb,True,,,1,0,8128.575368,8829.333533,6,4156,4,32
20260726_formal4t4_reuse_intensive_Adaptive@rho1.2_c01024_theta30_rep0,0,Adaptive@rho1.2_c01024_theta30,Adaptive,63,reuse_intensive:rep0:req63,reuse_intensive,1,64,1,L0064,4096,2,,False,1789717642.450542,0,0,0,,False,False,False,False,0,0.0,0,0,32.0,False,cache_miss,False,False,0,0.0,33749032ef34d3f76e9253b5b72e322cf4c7dc377127463620db157afdd30881,True,,,1,0,7845.41061,8524.259129,6,4156,4,32
20260726_formal4t4_reuse_intensive_Adaptive@rho1.2_c01024_theta30_rep0,0,Adaptive@rho1.2_c01024_theta30,Adaptive,64,reuse_intensive:rep0:req64,reuse_intensive,1,67,0,L0067,4096,0,,False,1789717652.5766778,0,0,0,,False,False,False,False,0,0.0,0,0,32.0,False,cache_miss,False,False,0,0.0,809cb8ac448b56d15ddfb9058a817313c437703a70e08dcd03b3f73c930e7863,True,,,1,0,8332.74588,9060.590327,6,4156,4,32
20260726_formal4t4_reuse_intensive_Adaptive@rho1.2_c01024_theta30_rep0,0,Adaptive@rho1.2_c01024_theta30,Adaptive,65,reuse_intensive:rep0:req65,reuse_intensive,1,104,0,L0104,4096,1,,False,1789717652.5767152,0,0,0,,False,False,False,False,0,0.0,0,0,16.0,False,cache_miss,False,False,0,0.0,228cc7e388cdc2e455c7db30dff60b7cdc3b1c8b8aa6f7ca4d5aee68e6f1249d,True,,,1,0,8541.169291,9270.108393,6,4156,4,16
20260726_formal4t4_reuse_intensive_Adaptive@rho1.2_c01024_theta30_rep0,0,Adaptive@rho1.2_c01024_theta30,Adaptive,66,reuse_intensive:rep0:req66,reuse_intensive,1,121,0,L0121,4096,2,,False,1789717652.576738,0,0,0,,False,False,False,False,0,0.0,0,0,16.0,False,cache_miss,False,False,0,0.0,87937fa1712b808820b49d9452b4910226251a71a546ea9b84cecffea6cce41d,True,,,1,0,8917.947852,9677.497453,6,4156,4,16
20260726_formal4t4_reuse_intensive_Adaptive@rho1.2_c01024_theta30_rep0,0,Adaptive@rho1.2_c01024_theta30,Adaptive,67,reuse_intensive:rep0:req67,reuse_intensive,1,64,2,L0064,4096,3,,False,1789717652.576758,4096,0,0,222.18166422843933,True,True,False,False,0,0.0,0,0,32.0,False,cache_miss,False,False,0,0.0,1c82ba184422269606c248d0a0065891b479a0699ef26e58e3e3daf8418c6b96,True,,,1,0,8287.32648,8984.450346,6,4156,4,32
20260726_formal4t4_reuse_intensive_Adaptive@rho1.2_c01024_theta30_rep0,0,Adaptive@rho1.2_c01024_theta30,Adaptive,68,reuse_intensive:rep0:req68,reuse_intensive,1,64,0,L0064,4096,0,,False,1789717662.2578404,4096,0,0,231.86274671554565,True,True,False,False,0,0.0,0,0,4128.0,False,cache_reused,False,False,0,0.0,11fe226070d4778ab2dc89124ff47f5edcb697b786f96a647062f37f50f213aa,True,,,1,0,315.223402,1095.149014,6,4156,4,4128
20260726_formal4t4_reuse_intensive_Adaptive@rho1.2_c01024_theta30_rep0,0,Adaptive@rho1.2_c01024_theta30,Adaptive,69,reuse_intensive:rep0:req69,reuse_intensive,1,70,0,L0070,4096,2,,False,1789717662.2578816,0,0,0,,False,False,False,False,0,0.0,0,0,32.0,False,cache_miss,False,False,0,0.0,1c2a32f46520bd3fb4cceba6b2ab4986458213720cff6acc84dd2c1cf1bfaaf2,True,,,1,0,7832.577878,8495.099954,6,4156,4,32
20260726_formal4t4_reuse_intensive_Adaptive@rho1.2_c01024_theta30_rep0,0,Adaptive@rho1.2_c01024_theta30,Adaptive,70,reuse_intensive:rep0:req70,reuse_intensive,1,96,0,L0096,4096,1,,False,1789717662.2579093,0,0,0,,False,False,False,False,0,0.0,0,0,32.0,False,cache_miss,False,False,0,0.0,5d189bc330bafa09ba8e1768964b20962b5be735a0c7a85cbd47cf1390f18912,True,,,1,0,8708.976663,9439.509597,6,4156,4,32
20260726_formal4t4_reuse_intensive_Adaptive@rho1.2_c01024_theta30_rep0,0,Adaptive@rho1.2_c01024_theta30,Adaptive,71,reuse_intensive:rep0:req71,reuse_intensive,1,88,0,L0088,4096,3,,False,1789717662.2579312,0,0,0,,False,False,False,False,0,0.0,0,0,32.0,False,cache_miss,False,False,0,0.0,4d5b278485e610538c9e48a2823cd29443c789558edda493a3046ed526bb6cd3,True,,,1,0,8784.566986,9504.257623,6,4156,4,32
20260726_formal4t4_reuse_intensive_Adaptive@rho1.2_c01024_theta30_rep0,0,Adaptive@rho1.2_c01024_theta30,Adaptive,72,reuse_intensive:rep0:req72,reuse_intensive,1,66,0,L0066,4096,0,,False,1789717671.7664716,0,0,0,,False,False,False,False,0,0.0,0,0,32.0,False,cache_miss,False,False,0,0.0,ca4dc7af17c2442ceeacb44e24ac54b82629ea350db5c964aa368c8d2e6183dd,True,,,1,0,8647.67446,9402.14983,6,4156,4,32
20260726_formal4t4_reuse_intensive_Adaptive@rho1.2_c01024_theta30_rep0,0,Adaptive@rho1.2_c01024_theta30,Adaptive,73,reuse_intensive:rep0:req73,reuse_intensive,1,64,1,L0064,4096,3,,False,1789717671.7665095,4096,0,0,241.37141585350037,True,True,False,False,0,0.0,0,0,4128.0,False,cache_reused,False,False,0,0.0,91269667db552c2b21d066684caf8892d3452c50dfac886b81ddeb95a37426a9,True,,,1,0,283.866264,975.920658,6,4156,4,4128
20260726_formal4t4_reuse_intensive_Adaptive@rho1.2_c01024_theta30_rep0,0,Adaptive@rho1.2_c01024_theta30,Adaptive,74,reuse_intensive:rep0:req74,reuse_intensive,1,65,0,L0065,4096,1,,False,1789717671.766539,0,0,0,,False,False,False,False,0,0.0,0,0,32.0,False,cache_miss,False,False,0,0.0,8b26700135099b093aad7095b888371d7d6234f362b9e139a9c361d6f27bbc9f,True,,,1,0,8183.688652,8853.319279,6,4156,4,32
20260726_formal4t4_reuse_intensive_Adaptive@rho1.2_c01024_theta30_rep0,0,Adaptive@rho1.2_c01024_theta30,Adaptive,75,reuse_intensive:rep0:req75,reuse_intensive,1,66,1,L0066,4096,2,,False,1789717671.7665617,0,0,0,,False,False,False,False,0,0.0,0,0,32.0,False,cache_miss,False,False,0,0.0,a5e7d86c466b845dd05807efcd8d241ebc58ac452b270f4b1f46aaccb2d211e5,True,,,1,0,8075.425036,8734.608442,6,4156,4,32
20260726_formal4t4_reuse_intensive_Adaptive@rho1.2_c01024_theta30_rep0,0,Adaptive@rho1.2_c01024_theta30,Adaptive,76,reuse_intensive:rep0:req76,reuse_intensive,1,64,2,L0064,4096,0,,False,1789717681.1706076,4096,0,0,250.7755138874054,True,True,False,False,0,0.0,0,0,4128.0,False,cache_reused,False,False,0,0.0,f21dd9582ac424d55692c2090f1a7fad8e671fe634112e8d1d1cae337a5a5a4c,True,,,1,0,314.280044,1094.450416,6,4156,4,4128
20260726_formal4t4_reuse_intensive_Adaptive@rho1.2_c01024_theta30_rep0,0,Adaptive@rho1.2_c01024_theta30,Adaptive,77,reuse_intensive:rep0:req77,reuse_intensive,1,65,1,L0065,4096,1,,False,1789717681.1706474,4096,0,0,250.7755537033081,True,True,False,False,0,0.0,0,0,4128.0,False,cache_reused,False,False,0,0.0,6c4f2c3a773df42a86d461575c036c09b8e9a64370ec3fd8434260b20ec101ac,True,,,1,0,278.538791,952.644068,6,4156,4,4128
20260726_formal4t4_reuse_intensive_Adaptive@rho1.2_c01024_theta30_rep0,0,Adaptive@rho1.2_c01024_theta30,Adaptive,78,reuse_intensive:rep0:req78,reuse_intensive,1,65,2,L0065,4096,2,,False,1789717681.1706753,4096,0,0,250.77558159828186,True,True,False,False,0,0.0,0,0,32.0,False,cache_miss,False,False,0,0.0,a43b764840b4e6b297891594eaca3bf38287e8810bdf1fe356bc04e56a889f56,True,,,1,0,7962.667802,8630.427797,6,4156,4,32
20260726_formal4t4_reuse_intensive_Adaptive@rho1.2_c01024_theta30_rep0,0,Adaptive@rho1.2_c01024_theta30,Adaptive,79,reuse_intensive:rep0:req79,reuse_intensive,1,65,0,L0065,4096,3,,False,1789717681.1706977,4096,0,0,250.7756040096283,True,True,False,False,0,0.0,0,0,32.0,False,cache_miss,False,False,0,0.0,77584a5761aeb8fa850d0650dd10ac89f7624987cf9e1a58c2b9f29e6ee9e1d9,True,,,1,0,9339.496735,10060.191652,6,4156,4,32
20260726_formal4t4_reuse_intensive_Adaptive@rho1.2_c01024_theta30_rep0,0,Adaptive@rho1.2_c01024_theta30,Adaptive,80,reuse_intensive:rep0:req80,reuse_intensive,1,74,0,L0074,4096,0,,False,1789717691.2351332,0,0,0,,False,False,False,False,0,0.0,0,0,32.0,False,cache_miss,False,False,0,0.0,a2a069496d68f227d127fc06bd6687ff2a13be3c818d122a3316b455824a3c65,True,,,1,0,9862.919652,10691.166039,6,4156,4,32
20260726_formal4t4_reuse_intensive_Adaptive@rho1.2_c01024_theta30_rep0,0,Adaptive@rho1.2_c01024_theta30,Adaptive,81,reuse_intensive:rep0:req81,reuse_intensive,1,64,0,L0064,4096,2,,False,1789717691.2351828,4096,0,0,260.8400890827179,True,True,False,False,0,0.0,0,0,4128.0,False,cache_reused,False,False,0,0.0,4faa5e0d3f5815b217eb40e821cdb72f3670a4f62cb78b0c2da8f2944a7e4d13,True,,,1,0,283.443268,962.919032,6,4156,4,4128
20260726_formal4t4_reuse_intensive_Adaptive@rho1.2_c01024_theta30_rep0,0,Adaptive@rho1.2_c01024_theta30,Adaptive,82,reuse_intensive:rep0:req82,reuse_intensive,1,65,1,L0065,4096,1,,False,1789717691.2352123,4096,0,0,260.8401186466217,True,True,False,False,0,0.0,0,0,4128.0,False,cache_reused,False,False,0,0.0,04deed94efc14e710d59820f9c63470f5578e68021dbf0b2133cabadae6b1af5,True,,,1,0,424.45671,1102.148835,6,4156,4,4128
20260726_formal4t4_reuse_intensive_Adaptive@rho1.2_c01024_theta30_rep0,0,Adaptive@rho1.2_c01024_theta30,Adaptive,83,reuse_intensive:rep0:req83,reuse_intensive,1,69,1,L0069,4096,3,3,False,1789717691.235251,4096,4096,4096,38.6596577167511,False,False,False,False,4096,0.0,1,1,4128.0,False,cache_reused,False,False,0,0.0,2b31793578f7499cb621ba6e85f8269fcd724baf4a9a6bd2ae422b5390cbc90b,True,,,1,0,293.924055,1013.374826,6,4156,4,4128
20260726_formal4t4_reuse_intensive_Adaptive@rho1.2_c01024_theta30_rep0,0,Adaptive@rho1.2_c01024_theta30,Adaptive,84,reuse_intensive:rep0:req84,reuse_intensive,1,65,2,L0065,4096,1,,False,1789717701.9283135,4096,0,0,271.53321981430054,True,True,False,False,0,0.0,0,0,4128.0,False,cache_reused,False,False,0,0.0,59e35f4dee8102331ab788229fb622ca9fa5c91d38c2f25d847296ea913e5b1a,True,,,1,0,419.686549,1097.574298,6,4156,4,4128
20260726_formal4t4_reuse_intensive_Adaptive@rho1.2_c01024_theta30_rep0,0,Adaptive@rho1.2_c01024_theta30,Adaptive,85,reuse_intensive:rep0:req85,reuse_intensive,1,106,0,L0106,4096,0,,False,1789717701.9283533,0,0,0,,False,False,False,False,0,0.0,0,0,16.0,False,cache_miss,False,False,0,0.0,3113c33aefb9721468fb3323d6e15979e8e3d6abac32866e8e38b0a667551624,True,,,1,0,8821.800867,9537.032153,6,4156,4,16
20260726_formal4t4_reuse_intensive_Adaptive@rho1.2_c01024_theta30_rep0,0,Adaptive@rho1.2_c01024_theta30,Adaptive,86,reuse_intensive:rep0:req86,reuse_intensive,1,70,1,L0070,4096,3,,False,1789717701.9283795,4096,0,0,271.53328585624695,True,True,False,False,0,0.0,0,0,32.0,False,cache_miss,False,False,0,0.0,8203f58a0d9928b8933d34d66d2bc496a89686fc2d3a756109d6a332b1a4f1a0,True,,,1,0,8371.44171,9066.838718,6,4156,4,32
20260726_formal4t4_reuse_intensive_Adaptive@rho1.2_c01024_theta30_rep0,0,Adaptive@rho1.2_c01024_theta30,Adaptive,87,reuse_intensive:rep0:req87,reuse_intensive,1,70,2,L0070,4096,2,,False,1789717701.9284027,4096,0,0,271.5333089828491,True,True,False,False,0,0.0,0,0,4128.0,False,cache_reused,False,False,0,0.0,5a11b918f9b8c0d85cab48267cc45a42b4e426e2c55d7d68ebf0332754050a3d,True,,,1,0,410.191762,1077.303672,6,4156,4,4128
20260726_formal4t4_reuse_intensive_Adaptive@rho1.2_c01024_theta30_rep0,0,Adaptive@rho1.2_c01024_theta30,Adaptive,88,reuse_intensive:rep0:req88,reuse_intensive,1,64,1,L0064,4096,1,,False,1789717711.4683485,4096,0,0,281.0732548236847,True,True,False,False,0,0.0,0,0,32.0,False,cache_miss,False,False,0,0.0,0c5394eee41d9fbf0b50c9e2aca955fee6260c5bcb36390a609afe6f461a7091,True,,,1,0,8850.466925,9619.634093,6,4156,4,32
20260726_formal4t4_reuse_intensive_Adaptive@rho1.2_c01024_theta30_rep0,0,Adaptive@rho1.2_c01024_theta30,Adaptive,89,reuse_intensive:rep0:req89,reuse_intensive,1,64,2,L0064,4096,2,,False,1789717711.4683888,4096,0,0,281.07329511642456,True,True,False,False,0,0.0,0,0,4128.0,False,cache_reused,False,False,0,0.0,72fb677e94e3081302fbdb388dc0faa9fc173a57b22b867cfeb7f504e211f173,True,,,1,0,447.90706,1122.76757,6,4156,4,4128
20260726_formal4t4_reuse_intensive_Adaptive@rho1.2_c01024_theta30_rep0,0,Adaptive@rho1.2_c01024_theta30,Adaptive,90,reuse_intensive:rep0:req90,reuse_intensive,1,118,0,L0118,4096,3,,False,1789717711.4684155,0,0,0,,False,False,False,False,0,0.0,0,0,16.0,False,cache_miss,False,False,0,0.0,b13f7bab187a501df655499e2d1315d5bc9fc2941b2746c531678faad215674f,True,,,1,0,8963.878703,9698.804375,6,4156,4,16
20260726_formal4t4_reuse_intensive_Adaptive@rho1.2_c01024_theta30_rep0,0,Adaptive@rho1.2_c01024_theta30,Adaptive,91,reuse_intensive:rep0:req91,reuse_intensive,1,64,0,L0064,4096,0,,False,1789717711.468438,4096,0,0,281.07334423065186,True,True,False,False,0,0.0,0,0,4128.0,False,cache_reused,False,False,0,0.0,096fe01f8bb3331ac82d72e9449cbe4598c151ea9a4fbdf641830d1f325f0777,True,,,1,0,317.006043,1097.324312,6,4156,4,4128
20260726_formal4t4_reuse_intensive_Adaptive@rho1.2_c01024_theta30_rep0,0,Adaptive@rho1.2_c01024_theta30,Adaptive,92,reuse_intensive:rep0:req92,reuse_intensive,1,65,0,L0065,4096,1,1,False,1789717721.2633288,4096,4096,4096,30.02927041053772,False,False,False,False,4096,0.0,1,1,4128.0,False,cache_reused,False,False,0,0.0,c20eb8f7fe0f0c4aec066c482dc5f0bfe4cfb9d1c2e78c2626d43673f08f8dfc,True,,,1,0,259.674099,994.023529,6,4156,4,4128
20260726_formal4t4_reuse_intensive_Adaptive@rho1.2_c01024_theta30_rep0,0,Adaptive@rho1.2_c01024_theta30,Adaptive,93,reuse_intensive:rep0:req93,reuse_intensive,1,109,0,L0109,4096,0,,False,1789717721.263373,0,0,0,,False,False,False,False,0,0.0,0,0,32.0,False,cache_miss,False,False,0,0.0,13ac0062f44b8de5f1d02dfa6f0d1f04b33903fd2f46172e92baf200071bc717,True,,,1,0,9436.624445,10241.966081,6,4156,4,32
20260726_formal4t4_reuse_intensive_Adaptive@rho1.2_c01024_theta30_rep0,0,Adaptive@rho1.2_c01024_theta30,Adaptive,94,reuse_intensive:rep0:req94,reuse_intensive,1,65,1,L0065,4096,1,1,True,1789717721.2634082,4096,4096,4096,30.02934980392456,False,False,False,False,4096,79.92,1,1,4128.0,True,cache_reused,False,False,0,0.0,9b246c6cf3c1e0d48526e48a608df0960e45a70d711107de60f75590ec9b70f0,True,,,1,0,504.042157,1216.147188,6,4156,4,4128
20260726_formal4t4_reuse_intensive_Adaptive@rho1.2_c01024_theta30_rep0,0,Adaptive@rho1.2_c01024_theta30,Adaptive,95,reuse_intensive:rep0:req95,reuse_intensive,1,82,0,L0082,4096,2,,False,1789717721.263434,0,0,0,,False,False,False,False,0,0.0,0,0,32.0,False,cache_miss,False,False,0,0.0,89b2cc466a610581b632d4c9253fe635e6d5acfc6b1f78505fc1bf96a3971cf1,True,,,1,0,8510.316927,9219.160028,6,4156,4,32
20260726_formal4t4_reuse_intensive_Adaptive@rho1.2_c01024_theta30_rep0,0,Adaptive@rho1.2_c01024_theta30,Adaptive,96,reuse_intensive:rep0:req96,reuse_intensive,1,64,1,L0064,4096,0,0,True,1789717731.5082803,4096,4096,4096,40.27466011047363,False,False,False,False,4096,81.92,1,1,4128.0,True,cache_reused,False,False,0,0.0,6079e6a49827713e4d8e7c62d940b704f1ecc4298f87931d3d6dac6bceeb9297,True,,,1,0,315.232407,1101.460075,6,4156,4,4128
20260726_formal4t4_reuse_intensive_Adaptive@rho1.2_c01024_theta30_rep0,0,Adaptive@rho1.2_c01024_theta30,Adaptive,97,reuse_intensive:rep0:req97,reuse_intensive,1,65,2,L0065,4096,1,1,False,1789717731.5083292,4096,4096,4096,40.27427077293396,False,False,False,False,4096,0.0,1,1,4128.0,False,cache_reused,False,False,0,0.0,4ff2bb5d0427792a6efa0d217929c2108efe9053da9861257cfcf369935e8183,True,,,1,0,443.053217,1171.288116,6,4156,4,4128
20260726_formal4t4_reuse_intensive_Adaptive@rho1.2_c01024_theta30_rep0,0,Adaptive@rho1.2_c01024_theta30,Adaptive,98,reuse_intensive:rep0:req98,reuse_intensive,1,65,0,L0065,4096,1,1,True,1789717731.508364,4096,4096,4096,40.27430558204651,False,False,False,False,4096,79.92,1,1,4128.0,True,cache_reused,False,False,0,0.0,97a192ee78ad1f64c7f8b13cd0cefda2b68bb7b4aa76a836dfb2a8f24da0cf13,True,,,1,0,686.352661,1395.160832,6,4156,4,4128
20260726_formal4t4_reuse_intensive_Adaptive@rho1.2_c01024_theta30_rep0,0,Adaptive@rho1.2_c01024_theta30,Adaptive,99,reuse_intensive:rep0:req99,reuse_intensive,1,78,0,L0078,4096,3,,False,1789717731.508388,0,0,0,,False,False,False,False,0,0.0,0,0,32.0,False,cache_miss,False,False,0,0.0,46c69faffd7fa9bb31f65334b121afcafdbdbbf934230e3f4998f7ca195183c0,True,,,1,0,8762.591104,9480.621552,6,4156,4,32
20260726_formal4t4_reuse_intensive_Adaptive@rho1.2_c01024_theta30_rep0,0,Adaptive@rho1.2_c01024_theta30,Adaptive,100,reuse_intensive:rep0:req100,reuse_intensive,1,71,0,L0071,4096,2,,False,1789717740.9935727,0,0,0,,False,False,False,False,0,0.0,0,0,32.0,False,cache_miss,False,False,0,0.0,a0c9b6ac5c59b39bee43b46b48d0535e4cc118f715f078950beb21606b63fe23,True,,,1,0,8955.321336,9708.691407,6,4157,4,32
20260726_formal4t4_reuse_intensive_Adaptive@rho1.2_c01024_theta30_rep0,0,Adaptive@rho1.2_c01024_theta30,Adaptive,101,reuse_intensive:rep0:req101,reuse_intensive,1,105,0,L0105,4096,0,,False,1789717740.9936094,0,0,0,,False,False,False,False,0,0.0,0,0,32.0,False,cache_miss,False,False,0,0.0,fb958c90ca342febbdf4170a631d01add59d9f55bd65b747765eebfc1e0c9446,True,,,1,0,9115.709878,10553.629784,6,4157,4,32
20260726_formal4t4_reuse_intensive_Adaptive@rho1.2_c01024_theta30_rep0,0,Adaptive@rho1.2_c01024_theta30,Adaptive,102,reuse_intensive:rep0:req102,reuse_intensive,1,64,2,L0064,4096,0,0,True,1789717740.9936483,4096,4096,4096,49.76002812385559,False,False,False,False,4096,79.92,1,1,4128.0,True,cache_reused,False,False,0,0.0,624557376908f15c859e713afe5d59e4baa99fa60ecd0afdebb8330d52672296,True,,,1,0,9114.910136,10552.875766,6,4157,4,4128
20260726_formal4t4_reuse_intensive_Adaptive@rho1.2_c01024_theta30_rep0,0,Adaptive@rho1.2_c01024_theta30,Adaptive,103,reuse_intensive:rep0:req103,reuse_intensive,1,64,0,L0064,4096,0,0,True,1789717740.9936824,4096,4096,4096,49.7600622177124,False,False,False,False,4096,77.92,1,1,4128.0,True,cache_reused,False,False,0,0.0,8583b0c79f19910a073554865123cd0d03606bb0aea40af17ae8a86522d960a7,True,,,1,0,9113.822492,10551.615431,6,4157,4,4128
20260726_formal4t4_reuse_intensive_Adaptive@rho1.2_c01024_theta30_rep0,0,Adaptive@rho1.2_c01024_theta30,Adaptive,104,reuse_intensive:rep0:req104,reuse_intensive,1,76,0,L0076,4096,0,,False,1789717751.5503263,0,0,0,,False,False,False,False,0,0.0,0,0,32.0,False,cache_miss,False,False,0,0.0,b1b36eaa3d1792753f3fbade984dc340cd93c6dee4d48e7ab0ea17294aa005d2,True,,,1,0,9172.370568,10629.443727,6,4157,4,32
20260726_formal4t4_reuse_intensive_Adaptive@rho1.2_c01024_theta30_rep0,0,Adaptive@rho1.2_c01024_theta30,Adaptive,105,reuse_intensive:rep0:req105,reuse_intensive,1,64,1,L0064,4096,0,0,True,1789717751.5503793,4096,4096,4096,60.31675910949707,False,False,False,False,4096,79.92,1,1,4128.0,True,cache_reused,False,False,0,0.0,86e0c8e6db327b29beb62106dd0464eaabe1cb991f803143ac67c544fc16db3b,True,,,1,0,9171.340605,10628.318483,6,4157,4,4128
20260726_formal4t4_reuse_intensive_Adaptive@rho1.2_c01024_theta30_rep0,0,Adaptive@rho1.2_c01024_theta30,Adaptive,106,reuse_intensive:rep0:req106,reuse_intensive,1,89,0,L0089,4096,3,,False,1789717751.5504174,0,0,0,,False,False,False,False,0,0.0,0,0,32.0,False,cache_miss,False,False,0,0.0,7e19f154a5da54048af81a5c2647302f4218ad681a199257257a00ec50327375,True,,,1,0,9214.68358,9937.528058,6,4157,4,32
20260726_formal4t4_reuse_intensive_Adaptive@rho1.2_c01024_theta30_rep0,0,Adaptive@rho1.2_c01024_theta30,Adaptive,107,reuse_intensive:rep0:req107,reuse_intensive,1,77,0,L0077,4096,1,,False,1789717751.550441,0,0,0,,False,False,False,False,0,0.0,0,0,32.0,False,cache_miss,False,False,0,0.0,34f818a08b5c5d9e485f8ebe10f5996fd167df9a306eed4e9d2c0d13cf960cf5,True,,,1,0,8984.216079,9756.844149,6,4157,4,32
20260726_formal4t4_reuse_intensive_Adaptive@rho1.2_c01024_theta30_rep0,0,Adaptive@rho1.2_c01024_theta30,Adaptive,108,reuse_intensive:rep0:req108,reuse_intensive,1,66,2,L0066,4096,1,,False,1789717762.1817398,4096,0,0,331.7866461277008,True,True,False,False,0,0.0,0,0,32.0,False,cache_miss,False,False,0,0.0,4f6625d01115fc6cb15d12c712844df18c8e6df466d9cd5d1bfba1396d678d3b,True,,,1,0,8364.162115,9607.66289,6,4157,4,32
20260726_formal4t4_reuse_intensive_Adaptive@rho1.2_c01024_theta30_rep0,0,Adaptive@rho1.2_c01024_theta30,Adaptive,109,reuse_intensive:rep0:req109,reuse_intensive,1,72,0,L0072,4096,3,,False,1789717762.1817787,0,0,0,,False,False,False,False,0,0.0,0,0,32.0,False,cache_miss,False,False,0,0.0,016a497147480c1e5063d61c1a578f19533c53c6c8dcf357cbee6389d37c5cc5,True,,,1,0,8512.39419,9224.718547,6,4157,4,32
20260726_formal4t4_reuse_intensive_Adaptive@rho1.2_c01024_theta30_rep0,0,Adaptive@rho1.2_c01024_theta30,Adaptive,110,reuse_intensive:rep0:req110,reuse_intensive,1,65,1,L0065,4096,1,1,True,1789717762.181819,4096,4096,4096,50.71504187583923,False,False,False,False,4096,79.92,1,1,4128.0,True,cache_reused,False,False,0,0.0,7e1805f1198c319b2d60d421305f1631db342082b385b2e3e3a6ddf12b48abb5,True,,,1,0,8362.681747,9606.271847,6,4157,4,4128
20260726_formal4t4_reuse_intensive_Adaptive@rho1.2_c01024_theta30_rep0,0,Adaptive@rho1.2_c01024_theta30,Adaptive,111,reuse_intensive:rep0:req111,reuse_intensive,1,66,0,L0066,4096,2,,False,1789717762.1818454,4096,0,0,331.78675174713135,True,True,False,False,0,0.0,0,0,4128.0,False,cache_reused,False,False,0,0.0,4e08da2e8e23163428f4a9cf160a5999b10f7ee5d8a40b672a06a0529e9179b5,True,,,1,0,418.739853,1083.601001,6,4157,4,4128
20260726_formal4t4_reuse_intensive_Adaptive@rho1.2_c01024_theta30_rep0,0,Adaptive@rho1.2_c01024_theta30,Adaptive,112,reuse_intensive:rep0:req112,reuse_intensive,1,82,1,L0082,4096,2,,False,1789717771.7917118,4096,0,0,341.3966181278229,True,True,False,False,0,0.0,0,0,4128.0,False,cache_reused,False,False,0,0.0,9e0c7511e496aef4dead7bf026980c86986b45ba9740193a5e961f47c5026135,True,,,1,0,448.603934,1160.615294,6,4157,4,4128
20260726_formal4t4_reuse_intensive_Adaptive@rho1.2_c01024_theta30_rep0,0,Adaptive@rho1.2_c01024_theta30,Adaptive,113,reuse_intensive:rep0:req113,reuse_intensive,1,64,2,L0064,4096,1,0;1,False,1789717771.7917702,4096,4096,4096,50.6223406791687,False,False,False,False,4096,0.0,2,2,4128.0,False,cache_reused,False,False,0,0.0,9ae3d0add036df57f2a9ef66c18c1ff2464a7253886e7fa73717c058721ea061,True,,,1,0,311.775848,1086.010939,6,4157,4,4128
20260726_formal4t4_reuse_intensive_Adaptive@rho1.2_c01024_theta30_rep0,0,Adaptive@rho1.2_c01024_theta30,Adaptive,114,reuse_intensive:rep0:req114,reuse_intensive,1,113,0,L0113,4096,3,,False,1789717771.7918017,0,0,0,,False,False,False,False,0,0.0,0,0,32.0,False,cache_miss,False,False,0,0.0,c675d08bece628aea5f4686a0f59ac9b3b428bb1201ceb7a8bdf1d22f55f3a0b,True,,,1,0,8426.440088,9109.315634,6,4157,4,32
20260726_formal4t4_reuse_intensive_Adaptive@rho1.2_c01024_theta30_rep0,0,Adaptive@rho1.2_c01024_theta30,Adaptive,115,reuse_intensive:rep0:req115,reuse_intensive,1,64,0,L0064,4096,0,0;1,False,1789717771.7918353,4096,4096,4096,80.55821514129639,False,False,False,False,4096,0.0,2,2,4128.0,False,cache_reused,False,False,0,0.0,6e14980616e72c7a7695cadbf1b271a848f1b93295544fe44362af2ba653ea4c,True,,,1,0,460.274525,1239.635383,6,4157,4,4128
20260726_formal4t4_reuse_intensive_Adaptive@rho1.2_c01024_theta30_rep0,0,Adaptive@rho1.2_c01024_theta30,Adaptive,116,reuse_intensive:rep0:req116,reuse_intensive,1,111,0,L0111,4096,0,,False,1789717780.9048805,0,0,0,,False,False,False,False,0,0.0,0,0,32.0,False,cache_miss,False,False,0,0.0,bdd80f9c8717e98a55c1011ee206f91c69d80e05d52d4de4fdea0e0d099e619f,True,,,1,0,8538.970788,9273.071987,6,4157,4,32
20260726_formal4t4_reuse_intensive_Adaptive@rho1.2_c01024_theta30_rep0,0,Adaptive@rho1.2_c01024_theta30,Adaptive,117,reuse_intensive:rep0:req117,reuse_intensive,1,66,1,L0066,4096,2,,False,1789717780.9049184,4096,0,0,350.5098247528076,True,True,False,False,0,0.0,0,0,4128.0,False,cache_reused,False,False,0,0.0,9a517865da02d794357ba53896c33d875c5bfc210a17ac9f07715c7a716b037c,True,,,1,0,428.669267,1084.959689,6,4157,4,4128
20260726_formal4t4_reuse_intensive_Adaptive@rho1.2_c01024_theta30_rep0,0,Adaptive@rho1.2_c01024_theta30,Adaptive,118,reuse_intensive:rep0:req118,reuse_intensive,1,64,1,L0064,4096,1,0;1,False,1789717780.9049659,4096,4096,4096,59.735536336898804,False,False,False,False,4096,0.0,2,2,4128.0,False,cache_reused,False,False,0,0.0,3a10cfd2b509247fe76078454973cb4f2eb0f000dd781ef415e8e99a30c9d688,True,,,1,0,460.80799,1231.836342,6,4157,4,4128
20260726_formal4t4_reuse_intensive_Adaptive@rho1.2_c01024_theta30_rep0,0,Adaptive@rho1.2_c01024_theta30,Adaptive,119,reuse_intensive:rep0:req119,reuse_intensive,1,66,2,L0066,4096,3,,False,1789717780.9049933,4096,0,0,350.50989961624146,True,True,False,False,0,0.0,0,0,32.0,False,cache_miss,False,False,0,0.0,8d10f128e9da9187c555cedd44bc86c1dff6ff3b53dd756f08612f1508f116f6,True,,,1,0,8419.700309,9114.729189,6,4157,4,32
20260726_formal4t4_reuse_intensive_StaticSemantic@rho1.2_rep0,0,StaticSemantic@rho1.2,StaticSemantic,24,reuse_intensive:rep0:req24,reuse_intensive,0,0,2,L0000,4096,0,0;2,True,1789717974.321358,4096,4096,4096,164.67575407028198,False,False,False,False,4096,81.92,2,2,4128.0,True,cache_reused,False,False,0,0.0,5fa6f4de43ea9d0774bde01de370c5fcf35179a6224cfb81f325497d8211f9bf,True,,,1,0,287.205742,1666.9778,6,4156,4,4128
20260726_formal4t4_reuse_intensive_StaticSemantic@rho1.2_rep0,0,StaticSemantic@rho1.2,StaticSemantic,25,reuse_intensive:rep0:req25,reuse_intensive,0,6,1,L0006,4096,1,0;1,True,1789717974.3214061,4096,4096,4096,103.36318278312683,False,False,False,False,4096,81.92,2,2,4128.0,True,cache_reused,False,False,0,0.0,dee8b3c7962c31776d784bd015e4a121e4a8eb0e80c5c51f5a4eb6f395ac6a51,True,,,1,0,439.107201,1145.069598,6,4156,4,4128
20260726_formal4t4_reuse_intensive_StaticSemantic@rho1.2_rep0,0,StaticSemantic@rho1.2,StaticSemantic,26,reuse_intensive:rep0:req26,reuse_intensive,0,3,0,L0003,4096,3,0;3,False,1789717974.3214436,4096,4096,4096,133.77284574508667,False,False,False,False,4096,0.0,2,2,4128.0,False,cache_reused,False,False,0,0.0,8b8e78b01a768b747b2f6bf2a3173257141a26ce1b32de169d029f7e07bed279,True,,,1,0,301.229643,1040.108112,6,4156,4,4128
20260726_formal4t4_reuse_intensive_StaticSemantic@rho1.2_rep0,0,StaticSemantic@rho1.2,StaticSemantic,27,reuse_intensive:rep0:req27,reuse_intensive,0,1,0,L0001,4096,0,0;3,True,1789717974.3214746,4096,4096,4096,154.52882194519043,False,False,False,False,4096,79.92,2,2,4128.0,True,cache_reused,False,False,0,0.0,89dee4596b0d230764a7c9307b0b13486bc66117c74bf6d9843d85a8bc1bd273,True,,,1,0,747.082958,1925.014488,6,4156,4,4128
20260726_formal4t4_reuse_intensive_StaticSemantic@rho1.2_rep0,0,StaticSemantic@rho1.2,StaticSemantic,28,reuse_intensive:rep0:req28,reuse_intensive,0,1,1,L0001,4096,0,0;3,True,1789717976.251033,4096,4096,4096,156.45838046073914,False,False,False,False,4096,81.92,2,2,4128.0,True,cache_reused,False,False,0,0.0,48595c3c349dae1e8f2ed87161d2515796df6f68f7d78304c260ff46e667f663,True,,,1,0,319.065765,1696.582113,6,4156,4,4128
20260726_formal4t4_reuse_intensive_StaticSemantic@rho1.2_rep0,0,StaticSemantic@rho1.2,StaticSemantic,29,reuse_intensive:rep0:req29,reuse_intensive,0,0,0,L0000,4096,2,0;2,True,1789717976.2510843,4096,4096,4096,166.6053445339203,False,False,False,False,4096,81.92,2,2,4128.0,True,cache_reused,False,False,0,0.0,f12045d4835f2d9b0cb91180b153756836f6137c67bdaaef0287a247fc00d5c5,True,,,1,0,436.065919,1153.592593,6,4156,4,4128
20260726_formal4t4_reuse_intensive_StaticSemantic@rho1.2_rep0,0,StaticSemantic@rho1.2,StaticSemantic,30,reuse_intensive:rep0:req30,reuse_intensive,0,0,1,L0000,4096,0,0;2,True,1789717976.2511258,4096,4096,4096,166.60552191734314,False,False,False,False,4096,79.92,2,2,4128.0,True,cache_reused,False,False,0,0.0,1edbbc5c297ab4045f09b57baa81bf2a79e7ab68c5beed86b4d99cf577cdbbc0,True,,,1,0,779.7852,1937.389819,6,4156,4,4128
20260726_formal4t4_reuse_intensive_StaticSemantic@rho1.2_rep0,0,StaticSemantic@rho1.2,StaticSemantic,31,reuse_intensive:rep0:req31,reuse_intensive,0,29,0,L0029,4096,3,,False,1789717976.2511528,0,0,0,,False,False,False,False,0,0.0,0,0,32.0,False,cache_miss,False,False,0,0.0,b8dac449fb5915b5bb5197aacd6e8a900646f4d20331e4b4c053a06e2d9b1c28,True,,,1,0,8292.540005,9001.263354,6,4156,4,32
20260726_formal4t4_reuse_intensive_StaticSemantic@rho1.2_rep0,0,StaticSemantic@rho1.2,StaticSemantic,32,reuse_intensive:rep0:req32,reuse_intensive,0,30,0,L0030,4096,0,,False,1789717985.2568378,0,0,0,,False,False,False,False,0,0.0,0,0,32.0,False,cache_miss,False,False,0,0.0,103d5b6b4c614e2b1fe2b167ae224e6d7df286880160d4984eaa2e15dd7bf0bc,True,,,1,0,8934.52495,9708.855621,6,4156,4,32
20260726_formal4t4_reuse_intensive_StaticSemantic@rho1.2_rep0,0,StaticSemantic@rho1.2,StaticSemantic,33,reuse_intensive:rep0:req33,reuse_intensive,0,1,2,L0001,4096,3,0;3,True,1789717985.2568927,4096,4096,4096,165.46407055854797,False,False,False,False,4096,81.92,2,2,4128.0,True,cache_reused,False,False,0,0.0,cf115236f97e4e5c33ee006624316ecb12c2dc1d3f18e60b2e9c4a750ab514a8,True,,,1,0,295.929066,1027.66988,6,4156,4,4128
20260726_formal4t4_reuse_intensive_StaticSemantic@rho1.2_rep0,0,StaticSemantic@rho1.2,StaticSemantic,34,reuse_intensive:rep0:req34,reuse_intensive,0,0,2,L0000,4096,2,0;2,False,1789717985.2569418,4096,4096,4096,175.61120200157166,False,False,False,False,4096,0.0,2,2,4128.0,False,cache_reused,False,False,0,0.0,b2452ea1c0080429e9f9a25cd7948dc4262c79e311e4f39839bfe60b3c24f1dd,True,,,1,0,431.547367,1159.070098,6,4156,4,4128
20260726_formal4t4_reuse_intensive_StaticSemantic@rho1.2_rep0,0,StaticSemantic@rho1.2,StaticSemantic,35,reuse_intensive:rep0:req35,reuse_intensive,0,13,1,L0013,4096,1,,False,1789717985.256966,4096,0,0,184.96020984649658,True,True,False,False,0,0.0,0,0,4128.0,False,cache_reused,False,False,0,0.0,f76cee20fdaa9f46493ce97058383f2f71f0a2f28ea21f67a7dd97c766f2799f,True,,,1,0,447.768674,1184.183956,6,4156,4,4128
20260726_formal4t4_reuse_intensive_StaticSemantic@rho1.2_rep0,0,StaticSemantic@rho1.2,StaticSemantic,36,reuse_intensive:rep0:req36,reuse_intensive,0,1,0,L0001,4096,3,0;3,True,1789717994.9678874,4096,4096,4096,175.17506527900696,False,False,False,False,4096,81.92,2,2,4128.0,True,cache_reused,False,False,0,0.0,8e15bf6699a6f6333fca2a54066981d98a26d59d303882d857f4f558663eafb1,True,,,1,0,432.590061,1170.251288,6,4156,4,4128
20260726_formal4t4_reuse_intensive_StaticSemantic@rho1.2_rep0,0,StaticSemantic@rho1.2,StaticSemantic,37,reuse_intensive:rep0:req37,reuse_intensive,0,12,0,L0012,4096,1,,False,1789717994.9679272,4096,0,0,194.6711709499359,True,True,False,False,0,0.0,0,0,4128.0,False,cache_reused,False,False,0,0.0,e4c9da0917e501ae2b69321f4a7812593c3ea33a39e621a4d34783c2646157d9,True,,,1,0,445.962458,1126.808241,6,4156,4,4128
20260726_formal4t4_reuse_intensive_StaticSemantic@rho1.2_rep0,0,StaticSemantic@rho1.2,StaticSemantic,38,reuse_intensive:rep0:req38,reuse_intensive,0,7,0,L0007,4096,0,0;1,True,1789717994.9679673,4096,4096,4096,113.42817878723145,False,False,False,False,4096,81.92,2,2,4128.0,True,cache_reused,False,False,0,0.0,566a186e28540363242658c09a467302d068439f4f3bcf8c258f06f92643965d,True,,,1,0,307.53421,1745.65258,6,4156,4,4128
20260726_formal4t4_reuse_intensive_StaticSemantic@rho1.2_rep0,0,StaticSemantic@rho1.2,StaticSemantic,39,reuse_intensive:rep0:req39,reuse_intensive,0,1,1,L0001,4096,0,0;3,True,1789717994.9680092,4096,4096,4096,175.17535662651062,False,False,False,False,4096,79.92,2,2,4128.0,True,cache_reused,False,False,0,0.0,4c4cfd7da56cffbc62744af9585b5833225dc27f99fad3e5df397e7a98fc99f7,True,,,1,0,789.564916,2004.701566,6,4156,4,4128
20260726_formal4t4_reuse_intensive_StaticSemantic@rho1.2_rep0,0,StaticSemantic@rho1.2,StaticSemantic,40,reuse_intensive:rep0:req40,reuse_intensive,0,1,2,L0001,4096,0,0;3,True,1789717996.9773726,4096,4096,4096,177.18472003936768,False,False,False,False,4096,81.92,2,2,4128.0,True,cache_reused,False,False,0,0.0,f2263abf5e966de28d39c7c57963dec0df8b96d9cb72e14bec725cee71762edc,True,,,1,0,312.776721,1708.983918,6,4156,4,4128
20260726_formal4t4_reuse_intensive_StaticSemantic@rho1.2_rep0,0,StaticSemantic@rho1.2,StaticSemantic,41,reuse_intensive:rep0:req41,reuse_intensive,0,0,0,L0000,4096,2,0;2,True,1789717996.977423,4096,4096,4096,187.3316831588745,False,False,False,False,4096,81.92,2,2,4128.0,True,cache_reused,False,False,0,0.0,adc7199cdd525bfa2147514ea67f80194d306f3fc5c2d58c2ac771ddece99a0f,True,,,1,0,459.249299,1186.76043,6,4156,4,4128
20260726_formal4t4_reuse_intensive_StaticSemantic@rho1.2_rep0,0,StaticSemantic@rho1.2,StaticSemantic,42,reuse_intensive:rep0:req42,reuse_intensive,0,1,0,L0001,4096,3,0;3,False,1789717996.9774585,4096,4096,4096,177.1846363544464,False,False,False,False,4096,0.0,2,2,4128.0,False,cache_reused,False,False,0,0.0,b27036eb3c7a9433ae664d60ebd14f2d06fa46ed5b23d5b703af431d36c13f10,True,,,1,0,299.794639,1033.081969,6,4156,4,4128
20260726_formal4t4_reuse_intensive_StaticSemantic@rho1.2_rep0,0,StaticSemantic@rho1.2,StaticSemantic,43,reuse_intensive:rep0:req43,reuse_intensive,0,2,1,L0002,4096,0,0;3,True,1789717996.9774892,4096,4096,4096,166.87553119659424,False,False,False,False,4096,79.92,2,2,4128.0,True,cache_reused,False,False,0,0.0,57b5db8678f3521dc95b8b78f81f71834b9bfbb884f13bec3a34938351d10a0d,True,,,1,0,779.471277,1942.694465,6,4156,4,4128
20260726_formal4t4_reuse_intensive_StaticSemantic@rho1.2_rep0,0,StaticSemantic@rho1.2,StaticSemantic,44,reuse_intensive:rep0:req44,reuse_intensive,0,0,1,L0000,4096,0,0;2,True,1789717998.9246984,4096,4096,4096,189.27909445762634,False,False,False,False,4096,81.92,2,2,4128.0,True,cache_reused,False,False,0,0.0,66b828b52112f7956f588f4dcc313a2026de169bd21c3401054736a6c4091c7d,True,,,1,0,294.611968,1083.353411,6,4156,4,4128
20260726_formal4t4_reuse_intensive_StaticSemantic@rho1.2_rep0,0,StaticSemantic@rho1.2,StaticSemantic,45,reuse_intensive:rep0:req45,reuse_intensive,0,0,2,L0000,4096,2,0;2,False,1789717998.9247482,4096,4096,4096,189.2790083885193,False,False,False,False,4096,0.0,2,2,4128.0,False,cache_reused,False,False,0,0.0,0c7b647b322cd0861dfad1590f7a3796fcb8aaefea239d2a9d5581af048edcbd,True,,,1,0,295.766706,1077.757063,6,4156,4,4128
20260726_formal4t4_reuse_intensive_StaticSemantic@rho1.2_rep0,0,StaticSemantic@rho1.2,StaticSemantic,46,reuse_intensive:rep0:req46,reuse_intensive,0,0,0,L0000,4096,0,0;2,True,1789717998.9247828,4096,4096,4096,189.27917885780334,False,False,False,False,4096,79.92,2,2,4128.0,True,cache_reused,False,False,0,0.0,6c4758e52ead9dc1cd52be2a7330c7529042cdd9ea8ee6a471686bb30565f9a7,True,,,1,0,558.02291,1322.688529,6,4156,4,4128
20260726_formal4t4_reuse_intensive_StaticSemantic@rho1.2_rep0,0,StaticSemantic@rho1.2,StaticSemantic,47,reuse_intensive:rep0:req47,reuse_intensive,0,0,1,L0000,4096,2,0;2,True,1789717998.92481,4096,4096,4096,189.27907013893127,False,False,False,False,4096,79.92,2,2,4128.0,True,cache_reused,False,False,0,0.0,834883c707fe47a0f5360faaf62894e701688184cec6739a66007f65935d18d0,True,,,1,0,556.968615,1318.416574,6,4156,4,4128
20260726_formal4t4_reuse_intensive_StaticSemantic@rho1.2_rep0,0,StaticSemantic@rho1.2,StaticSemantic,48,reuse_intensive:rep0:req48,reuse_intensive,0,10,0,L0010,4096,0,0;3,True,1789718000.251182,4096,4096,4096,88.96340584754944,False,False,False,False,4096,81.92,2,2,4128.0,True,cache_reused,False,False,0,0.0,acfe48220adbae95a832df7a9eef39a892c7042ddea35f66f027811743578943,True,,,1,0,319.377341,1751.81383,6,4156,4,4128
20260726_formal4t4_reuse_intensive_StaticSemantic@rho1.2_rep0,0,StaticSemantic@rho1.2,StaticSemantic,49,reuse_intensive:rep0:req49,reuse_intensive,0,3,1,L0003,4096,3,0;3,True,1789718000.2512352,4096,4096,4096,159.70263743400574,False,False,False,False,4096,81.92,2,2,4128.0,True,cache_reused,False,False,0,0.0,0d7831c33060ceaeba7fabc8ed97169d14aa5ac4a0a2cec0dae2f3c86a7ad45c,True,,,1,0,450.796326,1193.37493,6,4156,4,4128
20260726_formal4t4_reuse_intensive_StaticSemantic@rho1.2_rep0,0,StaticSemantic@rho1.2,StaticSemantic,50,reuse_intensive:rep0:req50,reuse_intensive,0,1,1,L0001,4096,0,0;3,True,1789718000.2512798,4096,4096,4096,180.4586272239685,False,False,False,False,4096,79.92,2,2,4128.0,True,cache_reused,False,False,0,0.0,cafd87c2fb3f8d991f44410f1deb632327374667ce7c5dc663bb56b98c93cc1b,True,,,1,0,797.813701,2010.258664,6,4156,4,4128
20260726_formal4t4_reuse_intensive_StaticSemantic@rho1.2_rep0,0,StaticSemantic@rho1.2,StaticSemantic,51,reuse_intensive:rep0:req51,reuse_intensive,0,6,2,L0006,4096,1,0;1,True,1789718000.2513084,4096,4096,4096,129.2930850982666,False,False,False,False,4096,81.92,2,2,4128.0,True,cache_reused,False,False,0,0.0,4a631114a9022ffff31f895c28e795ba55046b37c9c92be3f2be2499c908d68f,True,,,1,0,416.13269,1121.782738,6,4156,4,4128
20260726_formal4t4_reuse_intensive_StaticSemantic@rho1.2_rep0,0,StaticSemantic@rho1.2,StaticSemantic,52,reuse_intensive:rep0:req52,reuse_intensive,0,58,0,L0058,4096,1,,False,1789718002.2651753,0,0,0,,False,False,False,False,0,0.0,0,0,32.0,False,cache_miss,False,False,0,0.0,8890e6f972bb3cb42ada6a7e2645a802ecb0a07c1b8fe13507fc38a874086312,True,,,1,0,8689.980793,9423.179118,6,4156,4,32
20260726_formal4t4_reuse_intensive_StaticSemantic@rho1.2_rep0,0,StaticSemantic@rho1.2,StaticSemantic,53,reuse_intensive:rep0:req53,reuse_intensive,0,0,2,L0000,4096,2,0;2,False,1789718002.2652326,4096,4096,4096,192.61949276924133,False,False,False,False,4096,0.0,2,2,4128.0,False,cache_reused,False,False,0,0.0,bb5d8644614fd9015a214ea34f00d7df51a33c25424e99538a466c6466eb0f2c,True,,,1,0,459.133822,1234.462136,6,4156,4,4128
20260726_formal4t4_reuse_intensive_StaticSemantic@rho1.2_rep0,0,StaticSemantic@rho1.2,StaticSemantic,54,reuse_intensive:rep0:req54,reuse_intensive,0,3,2,L0003,4096,0,0;3,False,1789718002.2652695,4096,4096,4096,161.7168436050415,False,False,False,False,4096,0.0,2,2,4128.0,False,cache_reused,False,False,0,0.0,2bf6537e16df0783055a3e77b0ba6f7c7b3f95884f3f0f68508a6b2aa4848250,True,,,1,0,315.466529,1101.527957,6,4156,4,4128
20260726_formal4t4_reuse_intensive_StaticSemantic@rho1.2_rep0,0,StaticSemantic@rho1.2,StaticSemantic,55,reuse_intensive:rep0:req55,reuse_intensive,0,0,0,L0000,4096,2,0;2,True,1789718002.265313,4096,4096,4096,192.6195731163025,False,False,False,False,4096,79.92,2,2,4128.0,True,cache_reused,False,False,0,0.0,bf3257bf69584c4d9ffeba4e4bd0118d55fea55fd502f392f9229176d8846f6d,True,,,1,0,720.422619,1471.651019,6,4156,4,4128
20260726_formal4t4_reuse_intensive_StaticSemantic@rho1.2_rep0,0,StaticSemantic@rho1.2,StaticSemantic,56,reuse_intensive:rep0:req56,reuse_intensive,0,2,2,L0002,4096,0,0;3,False,1789718011.6905277,4096,4096,4096,181.58856964111328,False,False,False,False,4096,0.0,2,2,4128.0,False,cache_reused,False,False,0,0.0,7d1676edc75fa05b51d3cf6894279a6d0b4eb7eedb71a247e9d1409e8a1467d6,True,,,1,0,432.303141,1145.622649,6,4156,4,4128
20260726_formal4t4_reuse_intensive_StaticSemantic@rho1.2_rep0,0,StaticSemantic@rho1.2,StaticSemantic,57,reuse_intensive:rep0:req57,reuse_intensive,0,0,1,L0000,4096,2,0;2,True,1789718011.6905842,4096,4096,4096,202.0448443889618,False,False,False,False,4096,81.92,2,2,4128.0,True,cache_reused,False,False,0,0.0,b8b69df2c048d0b64d446cbaa5c6673d64a07fa1f0a21da501763b759fccb5eb,True,,,1,0,596.334891,1374.511221,6,4156,4,4128
20260726_formal4t4_reuse_intensive_StaticSemantic@rho1.2_rep0,0,StaticSemantic@rho1.2,StaticSemantic,58,reuse_intensive:rep0:req58,reuse_intensive,0,0,2,L0000,4096,2,0;2,True,1789718011.6906176,4096,4096,4096,202.04487776756287,False,False,False,False,4096,79.92,2,2,4128.0,True,cache_reused,False,False,0,0.0,6e034127c9b2846826678c3561ca66501a810e7b20dcf0c284525cf5b4e87fbe,True,,,1,0,595.613875,1373.892851,6,4156,4,4128
20260726_formal4t4_reuse_intensive_StaticSemantic@rho1.2_rep0,0,StaticSemantic@rho1.2,StaticSemantic,59,reuse_intensive:rep0:req59,reuse_intensive,0,2,0,L0002,4096,3,0;3,True,1789718011.690646,4096,4096,4096,181.58851885795593,False,False,False,False,4096,81.92,2,2,4128.0,True,cache_reused,False,False,0,0.0,35dccec5c9e227038581b134b86288b8afdbcfafe0560f510c8ddd433cad4359,True,,,1,0,453.098075,1177.216109,6,4156,4,4128
20260726_formal4t4_reuse_intensive_StaticSemantic@rho1.2_rep0,0,StaticSemantic@rho1.2,StaticSemantic,60,reuse_intensive:rep0:req60,reuse_intensive,1,64,0,L0064,4096,0,,False,1789718013.0683467,0,0,0,,False,False,False,False,0,0.0,0,0,32.0,False,cache_miss,False,False,0,0.0,b0c91a0e6ff8ec07ff78419431719b81c4c3fdb1adefc21b17c16ec441fe4452,True,,,1,0,8250.42243,8975.93081,6,4156,4,32
20260726_formal4t4_reuse_intensive_StaticSemantic@rho1.2_rep0,0,StaticSemantic@rho1.2,StaticSemantic,61,reuse_intensive:rep0:req61,reuse_intensive,1,69,0,L0069,4096,2,,False,1789718013.0683844,0,0,0,,False,False,False,False,0,0.0,0,0,32.0,False,cache_miss,False,False,0,0.0,b4bac0e9687c9a7fe75012014b5054e6199776c484437df1dd03cc4fc1aa02bf,True,,,1,0,8132.268687,8838.159191,6,4156,4,32
20260726_formal4t4_reuse_intensive_StaticSemantic@rho1.2_rep0,0,StaticSemantic@rho1.2,StaticSemantic,62,reuse_intensive:rep0:req62,reuse_intensive,1,75,0,L0075,4096,1,,False,1789718013.0684087,0,0,0,,False,False,False,False,0,0.0,0,0,32.0,False,cache_miss,False,False,0,0.0,2643dd0538db0ba34bb0abb9cfaf1c1569036dd5257a4a8a4511ac1716651fbb,True,,,1,0,8353.021908,9077.922975,6,4156,4,32
20260726_formal4t4_reuse_intensive_StaticSemantic@rho1.2_rep0,0,StaticSemantic@rho1.2,StaticSemantic,63,reuse_intensive:rep0:req63,reuse_intensive,1,64,1,L0064,4096,3,,False,1789718013.0684285,0,0,0,,False,False,False,False,0,0.0,0,0,32.0,False,cache_miss,False,False,0,0.0,33749032ef34d3f76e9253b5b72e322cf4c7dc377127463620db157afdd30881,True,,,1,0,9303.050142,10047.186203,6,4156,4,32
20260726_formal4t4_reuse_intensive_StaticSemantic@rho1.2_rep0,0,StaticSemantic@rho1.2,StaticSemantic,64,reuse_intensive:rep0:req64,reuse_intensive,1,67,0,L0067,4096,0,,False,1789718023.1199613,0,0,0,,False,False,False,False,0,0.0,0,0,32.0,False,cache_miss,False,False,0,0.0,809cb8ac448b56d15ddfb9058a817313c437703a70e08dcd03b3f73c930e7863,True,,,1,0,8655.948624,9400.298306,6,4156,4,32
20260726_formal4t4_reuse_intensive_StaticSemantic@rho1.2_rep0,0,StaticSemantic@rho1.2,StaticSemantic,65,reuse_intensive:rep0:req65,reuse_intensive,1,104,0,L0104,4096,3,,False,1789718023.1200068,0,0,0,,False,False,False,False,0,0.0,0,0,16.0,False,cache_miss,False,False,0,0.0,228cc7e388cdc2e455c7db30dff60b7cdc3b1c8b8aa6f7ca4d5aee68e6f1249d,True,,,1,0,8830.311882,9564.647601,6,4156,4,16
20260726_formal4t4_reuse_intensive_StaticSemantic@rho1.2_rep0,0,StaticSemantic@rho1.2,StaticSemantic,66,reuse_intensive:rep0:req66,reuse_intensive,1,121,0,L0121,4096,1,,False,1789718023.1200318,0,0,0,,False,False,False,False,0,0.0,0,0,16.0,False,cache_miss,False,False,0,0.0,87937fa1712b808820b49d9452b4910226251a71a546ea9b84cecffea6cce41d,True,,,1,0,8665.207923,9376.423029,6,4156,4,16
20260726_formal4t4_reuse_intensive_StaticSemantic@rho1.2_rep0,0,StaticSemantic@rho1.2,StaticSemantic,67,reuse_intensive:rep0:req67,reuse_intensive,1,64,2,L0064,4096,2,,False,1789718023.1200585,4096,0,0,222.82330226898193,True,True,False,False,0,0.0,0,0,32.0,False,cache_miss,False,False,0,0.0,1c82ba184422269606c248d0a0065891b479a0699ef26e58e3e3daf8418c6b96,True,,,1,0,8286.823086,9002.729612,6,4156,4,32
20260726_formal4t4_reuse_intensive_StaticSemantic@rho1.2_rep0,0,StaticSemantic@rho1.2,StaticSemantic,68,reuse_intensive:rep0:req68,reuse_intensive,1,64,0,L0064,4096,0,,False,1789718032.6875348,4096,0,0,232.39077854156494,True,True,False,False,0,0.0,0,0,4128.0,False,cache_reused,False,False,0,0.0,11fe226070d4778ab2dc89124ff47f5edcb697b786f96a647062f37f50f213aa,True,,,1,0,295.825349,1020.572301,6,4156,4,4128
20260726_formal4t4_reuse_intensive_StaticSemantic@rho1.2_rep0,0,StaticSemantic@rho1.2,StaticSemantic,69,reuse_intensive:rep0:req69,reuse_intensive,1,70,0,L0070,4096,1,,False,1789718032.6875737,0,0,0,,False,False,False,False,0,0.0,0,0,32.0,False,cache_miss,False,False,0,0.0,1c2a32f46520bd3fb4cceba6b2ab4986458213720cff6acc84dd2c1cf1bfaaf2,True,,,1,0,8552.466725,9278.708127,6,4156,4,32
20260726_formal4t4_reuse_intensive_StaticSemantic@rho1.2_rep0,0,StaticSemantic@rho1.2,StaticSemantic,70,reuse_intensive:rep0:req70,reuse_intensive,1,96,0,L0096,4096,2,,False,1789718032.6875994,0,0,0,,False,False,False,False,0,0.0,0,0,32.0,False,cache_miss,False,False,0,0.0,5d189bc330bafa09ba8e1768964b20962b5be735a0c7a85cbd47cf1390f18912,True,,,1,0,8977.948632,9740.897736,6,4156,4,32
20260726_formal4t4_reuse_intensive_StaticSemantic@rho1.2_rep0,0,StaticSemantic@rho1.2,StaticSemantic,71,reuse_intensive:rep0:req71,reuse_intensive,1,88,0,L0088,4096,3,,False,1789718032.6876206,0,0,0,,False,False,False,False,0,0.0,0,0,32.0,False,cache_miss,False,False,0,0.0,4d5b278485e610538c9e48a2823cd29443c789558edda493a3046ed526bb6cd3,True,,,1,0,8730.788431,9470.723056,6,4156,4,32
20260726_formal4t4_reuse_intensive_StaticSemantic@rho1.2_rep0,0,StaticSemantic@rho1.2,StaticSemantic,72,reuse_intensive:rep0:req72,reuse_intensive,1,66,0,L0066,4096,0,,False,1789718042.432124,0,0,0,,False,False,False,False,0,0.0,0,0,32.0,False,cache_miss,False,False,0,0.0,ca4dc7af17c2442ceeacb44e24ac54b82629ea350db5c964aa368c8d2e6183dd,True,,,1,0,9469.313006,10298.616055,6,4156,4,32
20260726_formal4t4_reuse_intensive_StaticSemantic@rho1.2_rep0,0,StaticSemantic@rho1.2,StaticSemantic,73,reuse_intensive:rep0:req73,reuse_intensive,1,64,1,L0064,4096,2,,False,1789718042.4321735,4096,0,0,242.13541722297668,True,True,False,False,0,0.0,0,0,4128.0,False,cache_reused,False,False,0,0.0,91269667db552c2b21d066684caf8892d3452c50dfac886b81ddeb95a37426a9,True,,,1,0,291.793541,1006.134463,6,4156,4,4128
20260726_formal4t4_reuse_intensive_StaticSemantic@rho1.2_rep0,0,StaticSemantic@rho1.2,StaticSemantic,74,reuse_intensive:rep0:req74,reuse_intensive,1,65,0,L0065,4096,1,,False,1789718042.432203,0,0,0,,False,False,False,False,0,0.0,0,0,32.0,False,cache_miss,False,False,0,0.0,8b26700135099b093aad7095b888371d7d6234f362b9e139a9c361d6f27bbc9f,True,,,1,0,8652.76945,9401.861073,6,4156,4,32
20260726_formal4t4_reuse_intensive_StaticSemantic@rho1.2_rep0,0,StaticSemantic@rho1.2,StaticSemantic,75,reuse_intensive:rep0:req75,reuse_intensive,1,66,1,L0066,4096,3,,False,1789718042.4322257,0,0,0,,False,False,False,False,0,0.0,0,0,32.0,False,cache_miss,False,False,0,0.0,a5e7d86c466b845dd05807efcd8d241ebc58ac452b270f4b1f46aaccb2d211e5,True,,,1,0,8504.272335,9194.107817,6,4156,4,32
20260726_formal4t4_reuse_intensive_StaticSemantic@rho1.2_rep0,0,StaticSemantic@rho1.2,StaticSemantic,76,reuse_intensive:rep0:req76,reuse_intensive,1,64,2,L0064,4096,0,,False,1789718052.7328136,4096,0,0,252.43605732917786,True,True,False,False,0,0.0,0,0,4128.0,False,cache_reused,False,False,0,0.0,f21dd9582ac424d55692c2090f1a7fad8e671fe634112e8d1d1cae337a5a5a4c,True,,,1,0,293.85608,1021.231323,6,4156,4,4128
20260726_formal4t4_reuse_intensive_StaticSemantic@rho1.2_rep0,0,StaticSemantic@rho1.2,StaticSemantic,77,reuse_intensive:rep0:req77,reuse_intensive,1,65,1,L0065,4096,3,,False,1789718052.7328582,4096,0,0,252.43610191345215,True,True,False,False,0,0.0,0,0,32.0,False,cache_miss,False,False,0,0.0,6c4f2c3a773df42a86d461575c036c09b8e9a64370ec3fd8434260b20ec101ac,True,,,1,0,8624.927751,9342.104214,6,4156,4,32
20260726_formal4t4_reuse_intensive_StaticSemantic@rho1.2_rep0,0,StaticSemantic@rho1.2,StaticSemantic,78,reuse_intensive:rep0:req78,reuse_intensive,1,65,2,L0065,4096,1,,False,1789718052.7328877,4096,0,0,252.43613147735596,True,True,False,False,0,0.0,0,0,4128.0,False,cache_reused,False,False,0,0.0,a43b764840b4e6b297891594eaca3bf38287e8810bdf1fe356bc04e56a889f56,True,,,1,0,304.155317,1056.700949,6,4156,4,4128
20260726_formal4t4_reuse_intensive_StaticSemantic@rho1.2_rep0,0,StaticSemantic@rho1.2,StaticSemantic,79,reuse_intensive:rep0:req79,reuse_intensive,1,65,0,L0065,4096,2,,False,1789718052.7329187,4096,0,0,252.43616247177124,True,True,False,False,0,0.0,0,0,32.0,False,cache_miss,False,False,0,0.0,77584a5761aeb8fa850d0650dd10ac89f7624987cf9e1a58c2b9f29e6ee9e1d9,True,,,1,0,8657.511292,9389.638644,6,4156,4,32
20260726_formal4t4_reuse_intensive_StaticSemantic@rho1.2_rep0,0,StaticSemantic@rho1.2,StaticSemantic,80,reuse_intensive:rep0:req80,reuse_intensive,1,74,0,L0074,4096,0,,False,1789718062.1269054,0,0,0,,False,False,False,False,0,0.0,0,0,32.0,False,cache_miss,False,False,0,0.0,a2a069496d68f227d127fc06bd6687ff2a13be3c818d122a3316b455824a3c65,True,,,1,0,7945.604645,8664.05703,6,4156,4,32
20260726_formal4t4_reuse_intensive_StaticSemantic@rho1.2_rep0,0,StaticSemantic@rho1.2,StaticSemantic,81,reuse_intensive:rep0:req81,reuse_intensive,1,64,0,L0064,4096,1,,False,1789718062.1269426,4096,0,0,261.8301863670349,True,True,False,False,0,0.0,0,0,32.0,False,cache_miss,False,False,0,0.0,4faa5e0d3f5815b217eb40e821cdb72f3670a4f62cb78b0c2da8f2944a7e4d13,True,,,1,0,9175.506177,9939.214847,6,4156,4,32
20260726_formal4t4_reuse_intensive_StaticSemantic@rho1.2_rep0,0,StaticSemantic@rho1.2,StaticSemantic,82,reuse_intensive:rep0:req82,reuse_intensive,1,65,1,L0065,4096,2,,False,1789718062.1269715,4096,0,0,261.830215215683,True,True,False,False,0,0.0,0,0,4128.0,False,cache_reused,False,False,0,0.0,04deed94efc14e710d59820f9c63470f5578e68021dbf0b2133cabadae6b1af5,True,,,1,0,296.371301,1022.804564,6,4156,4,4128
20260726_formal4t4_reuse_intensive_StaticSemantic@rho1.2_rep0,0,StaticSemantic@rho1.2,StaticSemantic,83,reuse_intensive:rep0:req83,reuse_intensive,1,69,1,L0069,4096,3,,False,1789718062.1269944,4096,0,0,261.8302381038666,True,True,False,False,0,0.0,0,0,32.0,False,cache_miss,False,False,0,0.0,2b31793578f7499cb621ba6e85f8269fcd724baf4a9a6bd2ae422b5390cbc90b,True,,,1,0,9688.55834,10431.600862,6,4156,4,32
20260726_formal4t4_reuse_intensive_StaticSemantic@rho1.2_rep0,0,StaticSemantic@rho1.2,StaticSemantic,84,reuse_intensive:rep0:req84,reuse_intensive,1,65,2,L0065,4096,0,,False,1789718072.562135,4096,0,0,272.2653787136078,True,True,False,False,0,0.0,0,0,32.0,False,cache_miss,False,False,0,0.0,59e35f4dee8102331ab788229fb622ca9fa5c91d38c2f25d847296ea913e5b1a,True,,,1,0,9696.40976,10513.528224,6,4156,4,32
20260726_formal4t4_reuse_intensive_StaticSemantic@rho1.2_rep0,0,StaticSemantic@rho1.2,StaticSemantic,85,reuse_intensive:rep0:req85,reuse_intensive,1,106,0,L0106,4096,2,,False,1789718072.5621512,0,0,0,,False,False,False,False,0,0.0,0,0,16.0,False,cache_miss,False,False,0,0.0,3113c33aefb9721468fb3323d6e15979e8e3d6abac32866e8e38b0a667551624,True,,,1,0,7665.601629,8339.45281,6,4156,4,16
20260726_formal4t4_reuse_intensive_StaticSemantic@rho1.2_rep0,0,StaticSemantic@rho1.2,StaticSemantic,86,reuse_intensive:rep0:req86,reuse_intensive,1,70,1,L0070,4096,1,,False,1789718072.5621743,4096,0,0,272.26541805267334,True,True,False,False,0,0.0,0,0,4128.0,False,cache_reused,False,False,0,0.0,8203f58a0d9928b8933d34d66d2bc496a89686fc2d3a756109d6a332b1a4f1a0,True,,,1,0,299.34907,1031.936994,6,4156,4,4128
20260726_formal4t4_reuse_intensive_StaticSemantic@rho1.2_rep0,0,StaticSemantic@rho1.2,StaticSemantic,87,reuse_intensive:rep0:req87,reuse_intensive,1,70,2,L0070,4096,3,,False,1789718072.5621827,4096,0,0,272.2654263973236,True,True,False,False,0,0.0,0,0,32.0,False,cache_miss,False,False,0,0.0,5a11b918f9b8c0d85cab48267cc45a42b4e426e2c55d7d68ebf0332754050a3d,True,,,1,0,8736.00753,9431.893993,6,4156,4,32
20260726_formal4t4_reuse_intensive_StaticSemantic@rho1.2_rep0,0,StaticSemantic@rho1.2,StaticSemantic,88,reuse_intensive:rep0:req88,reuse_intensive,1,64,1,L0064,4096,0,,False,1789718083.0774834,4096,0,0,282.78072714805603,True,True,False,False,0,0.0,0,0,4128.0,False,cache_reused,False,False,0,0.0,0c5394eee41d9fbf0b50c9e2aca955fee6260c5bcb36390a609afe6f461a7091,True,,,1,0,294.356148,1018.73274,6,4156,4,4128
20260726_formal4t4_reuse_intensive_StaticSemantic@rho1.2_rep0,0,StaticSemantic@rho1.2,StaticSemantic,89,reuse_intensive:rep0:req89,reuse_intensive,1,64,2,L0064,4096,3,,False,1789718083.0775223,4096,0,0,282.7807660102844,True,True,False,False,0,0.0,0,0,4128.0,False,cache_reused,False,False,0,0.0,72fb677e94e3081302fbdb388dc0faa9fc173a57b22b867cfeb7f504e211f173,True,,,1,0,303.774636,1054.908183,6,4156,4,4128
20260726_formal4t4_reuse_intensive_StaticSemantic@rho1.2_rep0,0,StaticSemantic@rho1.2,StaticSemantic,90,reuse_intensive:rep0:req90,reuse_intensive,1,118,0,L0118,4096,1,,False,1789718083.0775485,0,0,0,,False,False,False,False,0,0.0,0,0,32.0,False,cache_miss,False,False,0,0.0,b13f7bab187a501df655499e2d1315d5bc9fc2941b2746c531678faad215674f,True,,,1,0,8751.147094,9453.872876,6,4156,4,32
20260726_formal4t4_reuse_intensive_StaticSemantic@rho1.2_rep0,0,StaticSemantic@rho1.2,StaticSemantic,91,reuse_intensive:rep0:req91,reuse_intensive,1,64,0,L0064,4096,2,,False,1789718083.0775697,4096,0,0,282.78081345558167,True,True,False,False,0,0.0,0,0,4128.0,False,cache_reused,False,False,0,0.0,096fe01f8bb3331ac82d72e9449cbe4598c151ea9a4fbdf641830d1f325f0777,True,,,1,0,459.412292,1178.669039,6,4156,4,4128
20260726_formal4t4_reuse_intensive_StaticSemantic@rho1.2_rep0,0,StaticSemantic@rho1.2,StaticSemantic,92,reuse_intensive:rep0:req92,reuse_intensive,1,65,0,L0065,4096,0,,False,1789718092.610468,4096,0,0,292.313711643219,True,True,False,False,0,0.0,0,0,4128.0,False,cache_reused,False,False,0,0.0,c20eb8f7fe0f0c4aec066c482dc5f0bfe4cfb9d1c2e78c2626d43673f08f8dfc,True,,,1,0,472.971242,1286.823826,6,4156,4,4128
20260726_formal4t4_reuse_intensive_StaticSemantic@rho1.2_rep0,0,StaticSemantic@rho1.2,StaticSemantic,93,reuse_intensive:rep0:req93,reuse_intensive,1,109,0,L0109,4096,1,,False,1789718092.6105137,0,0,0,,False,False,False,False,0,0.0,0,0,32.0,False,cache_miss,False,False,0,0.0,13ac0062f44b8de5f1d02dfa6f0d1f04b33903fd2f46172e92baf200071bc717,True,,,1,0,7841.081081,8512.739959,6,4156,4,32
20260726_formal4t4_reuse_intensive_StaticSemantic@rho1.2_rep0,0,StaticSemantic@rho1.2,StaticSemantic,94,reuse_intensive:rep0:req94,reuse_intensive,1,65,1,L0065,4096,2,,False,1789718092.6105404,4096,0,0,292.31378412246704,True,True,False,False,0,0.0,0,0,4128.0,False,cache_reused,False,False,0,0.0,9b246c6cf3c1e0d48526e48a608df0960e45a70d711107de60f75590ec9b70f0,True,,,1,0,430.61437,1160.671163,6,4156,4,4128
20260726_formal4t4_reuse_intensive_StaticSemantic@rho1.2_rep0,0,StaticSemantic@rho1.2,StaticSemantic,95,reuse_intensive:rep0:req95,reuse_intensive,1,82,0,L0082,4096,3,,False,1789718092.6105638,0,0,0,,False,False,False,False,0,0.0,0,0,32.0,False,cache_miss,False,False,0,0.0,89b2cc466a610581b632d4c9253fe635e6d5acfc6b1f78505fc1bf96a3971cf1,True,,,1,0,8688.002526,9403.920533,6,4156,4,32
20260726_formal4t4_reuse_intensive_StaticSemantic@rho1.2_rep0,0,StaticSemantic@rho1.2,StaticSemantic,96,reuse_intensive:rep0:req96,reuse_intensive,1,64,1,L0064,4096,0,,False,1789718102.019556,4096,0,0,301.7227997779846,True,True,False,False,0,0.0,0,0,4128.0,False,cache_reused,False,False,0,0.0,6079e6a49827713e4d8e7c62d940b704f1ecc4298f87931d3d6dac6bceeb9297,True,,,1,0,462.732753,1188.404937,6,4156,4,4128
20260726_formal4t4_reuse_intensive_StaticSemantic@rho1.2_rep0,0,StaticSemantic@rho1.2,StaticSemantic,97,reuse_intensive:rep0:req97,reuse_intensive,1,65,2,L0065,4096,2,,False,1789718102.0195982,4096,0,0,301.7228419780731,True,True,False,False,0,0.0,0,0,4128.0,False,cache_reused,False,False,0,0.0,4ff2bb5d0427792a6efa0d217929c2108efe9053da9861257cfcf369935e8183,True,,,1,0,444.162011,1164.919807,6,4156,4,4128
20260726_formal4t4_reuse_intensive_StaticSemantic@rho1.2_rep0,0,StaticSemantic@rho1.2,StaticSemantic,98,reuse_intensive:rep0:req98,reuse_intensive,1,65,0,L0065,4096,1,,False,1789718102.0196252,4096,0,0,301.72286891937256,True,True,False,False,0,0.0,0,0,4128.0,False,cache_reused,False,False,0,0.0,97a192ee78ad1f64c7f8b13cd0cefda2b68bb7b4aa76a836dfb2a8f24da0cf13,True,,,1,0,303.880967,1049.192862,6,4156,4,4128
20260726_formal4t4_reuse_intensive_StaticSemantic@rho1.2_rep0,0,StaticSemantic@rho1.2,StaticSemantic,99,reuse_intensive:rep0:req99,reuse_intensive,1,78,0,L0078,4096,3,,False,1789718102.0196464,0,0,0,,False,False,False,False,0,0.0,0,0,32.0,False,cache_miss,False,False,0,0.0,46c69faffd7fa9bb31f65334b121afcafdbdbbf934230e3f4998f7ca195183c0,True,,,1,0,8831.101243,9538.56188,6,4156,4,32
20260726_formal4t4_reuse_intensive_StaticSemantic@rho1.2_rep0,0,StaticSemantic@rho1.2,StaticSemantic,100,reuse_intensive:rep0:req100,reuse_intensive,1,71,0,L0071,4096,0,,False,1789718111.5642962,0,0,0,,False,False,False,False,0,0.0,0,0,32.0,False,cache_miss,False,False,0,0.0,a0c9b6ac5c59b39bee43b46b48d0535e4cc118f715f078950beb21606b63fe23,True,,,1,0,8602.995795,9344.220893,6,4157,4,32
20260726_formal4t4_reuse_intensive_StaticSemantic@rho1.2_rep0,0,StaticSemantic@rho1.2,StaticSemantic,101,reuse_intensive:rep0:req101,reuse_intensive,1,105,0,L0105,4096,3,,False,1789718111.5643523,0,0,0,,False,False,False,False,0,0.0,0,0,32.0,False,cache_miss,False,False,0,0.0,fb958c90ca342febbdf4170a631d01add59d9f55bd65b747765eebfc1e0c9446,True,,,1,0,8642.757904,9348.685316,6,4157,4,32
20260726_formal4t4_reuse_intensive_StaticSemantic@rho1.2_rep0,0,StaticSemantic@rho1.2,StaticSemantic,102,reuse_intensive:rep0:req102,reuse_intensive,1,64,2,L0064,4096,1,,False,1789718111.5643907,4096,0,0,311.26763439178467,True,True,False,False,0,0.0,0,0,4128.0,False,cache_reused,False,False,0,0.0,624557376908f15c859e713afe5d59e4baa99fa60ecd0afdebb8330d52672296,True,,,1,0,481.881973,1241.121435,6,4157,4,4128
20260726_formal4t4_reuse_intensive_StaticSemantic@rho1.2_rep0,0,StaticSemantic@rho1.2,StaticSemantic,103,reuse_intensive:rep0:req103,reuse_intensive,1,64,0,L0064,4096,2,,False,1789718111.5644197,4096,0,0,311.2676634788513,True,True,False,False,0,0.0,0,0,4128.0,False,cache_reused,False,False,0,0.0,8583b0c79f19910a073554865123cd0d03606bb0aea40af17ae8a86522d960a7,True,,,1,0,463.153127,1176.862466,6,4157,4,4128
20260726_formal4t4_reuse_intensive_StaticSemantic@rho1.2_rep0,0,StaticSemantic@rho1.2,StaticSemantic,104,reuse_intensive:rep0:req104,reuse_intensive,1,76,0,L0076,4096,0,,False,1789718120.917116,0,0,0,,False,False,False,False,0,0.0,0,0,32.0,False,cache_miss,False,False,0,0.0,b1b36eaa3d1792753f3fbade984dc340cd93c6dee4d48e7ab0ea17294aa005d2,True,,,1,0,9052.866643,9820.863794,6,4157,4,32
20260726_formal4t4_reuse_intensive_StaticSemantic@rho1.2_rep0,0,StaticSemantic@rho1.2,StaticSemantic,105,reuse_intensive:rep0:req105,reuse_intensive,1,64,1,L0064,4096,1,,False,1789718120.9171536,4096,0,0,320.62039732933044,True,True,False,False,0,0.0,0,0,4128.0,False,cache_reused,False,False,0,0.0,86e0c8e6db327b29beb62106dd0464eaabe1cb991f803143ac67c544fc16db3b,True,,,1,0,454.359502,1216.675234,6,4157,4,4128
20260726_formal4t4_reuse_intensive_StaticSemantic@rho1.2_rep0,0,StaticSemantic@rho1.2,StaticSemantic,106,reuse_intensive:rep0:req106,reuse_intensive,1,89,0,L0089,4096,2,,False,1789718120.9172034,0,0,0,,False,False,False,False,0,0.0,0,0,32.0,False,cache_miss,False,False,0,0.0,7e19f154a5da54048af81a5c2647302f4218ad681a199257257a00ec50327375,True,,,1,0,7595.431472,8266.696861,6,4157,4,32
20260726_formal4t4_reuse_intensive_StaticSemantic@rho1.2_rep0,0,StaticSemantic@rho1.2,StaticSemantic,107,reuse_intensive:rep0:req107,reuse_intensive,1,77,0,L0077,4096,3,,False,1789718120.9172254,0,0,0,,False,False,False,False,0,0.0,0,0,32.0,False,cache_miss,False,False,0,0.0,34f818a08b5c5d9e485f8ebe10f5996fd167df9a306eed4e9d2c0d13cf960cf5,True,,,1,0,8786.555781,9483.976362,6,4157,4,32
20260726_formal4t4_reuse_intensive_StaticSemantic@rho1.2_rep0,0,StaticSemantic@rho1.2,StaticSemantic,108,reuse_intensive:rep0:req108,reuse_intensive,1,66,2,L0066,4096,0,,False,1789718130.740975,4096,0,0,330.4442186355591,True,True,False,False,0,0.0,0,0,4128.0,False,cache_reused,False,False,0,0.0,4f6625d01115fc6cb15d12c712844df18c8e6df466d9cd5d1bfba1396d678d3b,True,,,1,0,331.503996,1161.147666,6,4157,4,4128
20260726_formal4t4_reuse_intensive_StaticSemantic@rho1.2_rep0,0,StaticSemantic@rho1.2,StaticSemantic,109,reuse_intensive:rep0:req109,reuse_intensive,1,72,0,L0072,4096,2,,False,1789718130.7410324,0,0,0,,False,False,False,False,0,0.0,0,0,32.0,False,cache_miss,False,False,0,0.0,016a497147480c1e5063d61c1a578f19533c53c6c8dcf357cbee6389d37c5cc5,True,,,1,0,8234.945923,8966.942429,6,4157,4,32
20260726_formal4t4_reuse_intensive_StaticSemantic@rho1.2_rep0,0,StaticSemantic@rho1.2,StaticSemantic,110,reuse_intensive:rep0:req110,reuse_intensive,1,65,1,L0065,4096,1,,False,1789718130.7410717,4096,0,0,330.4443154335022,True,True,False,False,0,0.0,0,0,4128.0,False,cache_reused,False,False,0,0.0,7e1805f1198c319b2d60d421305f1631db342082b385b2e3e3a6ddf12b48abb5,True,,,1,0,448.592191,1196.780949,6,4157,4,4128
20260726_formal4t4_reuse_intensive_StaticSemantic@rho1.2_rep0,0,StaticSemantic@rho1.2,StaticSemantic,111,reuse_intensive:rep0:req111,reuse_intensive,1,66,0,L0066,4096,3,,False,1789718130.7411067,4096,0,0,330.4443504810333,True,True,False,False,0,0.0,0,0,4128.0,False,cache_reused,False,False,0,0.0,4e08da2e8e23163428f4a9cf160a5999b10f7ee5d8a40b672a06a0529e9179b5,True,,,1,0,283.474857,974.032375,6,4157,4,4128
20260726_formal4t4_reuse_intensive_StaticSemantic@rho1.2_rep0,0,StaticSemantic@rho1.2,StaticSemantic,112,reuse_intensive:rep0:req112,reuse_intensive,1,82,1,L0082,4096,0,,False,1789718139.7118342,4096,0,0,339.4150779247284,True,True,False,False,0,0.0,0,0,32.0,False,cache_miss,False,False,0,0.0,9e0c7511e496aef4dead7bf026980c86986b45ba9740193a5e961f47c5026135,True,,,1,0,8438.057818,9192.52748,6,4157,4,32
20260726_formal4t4_reuse_intensive_StaticSemantic@rho1.2_rep0,0,StaticSemantic@rho1.2,StaticSemantic,113,reuse_intensive:rep0:req113,reuse_intensive,1,64,2,L0064,4096,3,,False,1789718139.7118897,4096,0,0,339.4151334762573,True,True,False,False,0,0.0,0,0,4128.0,False,cache_reused,False,False,0,0.0,9ae3d0add036df57f2a9ef66c18c1ff2464a7253886e7fa73717c058721ea061,True,,,1,0,457.560812,1201.77005,6,4157,4,4128
20260726_formal4t4_reuse_intensive_StaticSemantic@rho1.2_rep0,0,StaticSemantic@rho1.2,StaticSemantic,114,reuse_intensive:rep0:req114,reuse_intensive,1,113,0,L0113,4096,1,,False,1789718139.7119172,0,0,0,,False,False,False,False,0,0.0,0,0,32.0,False,cache_miss,False,False,0,0.0,c675d08bece628aea5f4686a0f59ac9b3b428bb1201ceb7a8bdf1d22f55f3a0b,True,,,1,0,9067.578939,9839.843947,6,4157,4,32
20260726_formal4t4_reuse_intensive_StaticSemantic@rho1.2_rep0,0,StaticSemantic@rho1.2,StaticSemantic,115,reuse_intensive:rep0:req115,reuse_intensive,1,64,0,L0064,4096,2,,False,1789718139.7119384,4096,0,0,339.41518211364746,True,True,False,False,0,0.0,0,0,4128.0,False,cache_reused,False,False,0,0.0,6e14980616e72c7a7695cadbf1b271a848f1b93295544fe44362af2ba653ea4c,True,,,1,0,268.598704,979.344913,6,4157,4,4128
20260726_formal4t4_reuse_intensive_StaticSemantic@rho1.2_rep0,0,StaticSemantic@rho1.2,StaticSemantic,116,reuse_intensive:rep0:req116,reuse_intensive,1,111,0,L0111,4096,0,,False,1789718149.556566,0,0,0,,False,False,False,False,0,0.0,0,0,16.0,False,cache_miss,False,False,0,0.0,bdd80f9c8717e98a55c1011ee206f91c69d80e05d52d4de4fdea0e0d099e619f,True,,,1,0,8498.525682,9236.817669,6,4157,4,16
20260726_formal4t4_reuse_intensive_StaticSemantic@rho1.2_rep0,0,StaticSemantic@rho1.2,StaticSemantic,117,reuse_intensive:rep0:req117,reuse_intensive,1,66,1,L0066,4096,1,,False,1789718149.5566046,4096,0,0,349.25984835624695,True,True,False,False,0,0.0,0,0,32.0,False,cache_miss,False,False,0,0.0,9a517865da02d794357ba53896c33d875c5bfc210a17ac9f07715c7a716b037c,True,,,1,0,8272.156092,8984.217832,6,4157,4,32
20260726_formal4t4_reuse_intensive_StaticSemantic@rho1.2_rep0,0,StaticSemantic@rho1.2,StaticSemantic,118,reuse_intensive:rep0:req118,reuse_intensive,1,64,1,L0064,4096,2,,False,1789718149.5566323,4096,0,0,349.2598760128021,True,True,False,False,0,0.0,0,0,4128.0,False,cache_reused,False,False,0,0.0,3a10cfd2b509247fe76078454973cb4f2eb0f000dd781ef415e8e99a30c9d688,True,,,1,0,461.850609,1182.340038,6,4157,4,4128
20260726_formal4t4_reuse_intensive_StaticSemantic@rho1.2_rep0,0,StaticSemantic@rho1.2,StaticSemantic,119,reuse_intensive:rep0:req119,reuse_intensive,1,66,2,L0066,4096,3,,False,1789718149.556655,4096,0,0,349.25989866256714,True,True,False,False,0,0.0,0,0,4128.0,False,cache_reused,False,False,0,0.0,8d10f128e9da9187c555cedd44bc86c1dff6ff3b53dd756f08612f1508f116f6,True,,,1,0,440.138654,1126.977435,6,4157,4,4128
20260726_formal4t4_reuse_intensive_RateFIFO@rho1.2_rep0,0,RateFIFO@rho1.2,RateFIFO,24,reuse_intensive:rep0:req24,reuse_intensive,0,0,2,L0000,4096,0,0,True,1789718349.5537276,4096,4096,4096,172.09027886390686,False,False,False,False,4096,81.92,1,1,4128.0,True,cache_reused,False,False,0,0.0,5fa6f4de43ea9d0774bde01de370c5fcf35179a6224cfb81f325497d8211f9bf,True,,,1,0,315.422757,3111.647716,6,4156,4,4128
20260726_formal4t4_reuse_intensive_RateFIFO@rho1.2_rep0,0,RateFIFO@rho1.2,RateFIFO,25,reuse_intensive:rep0:req25,reuse_intensive,0,6,1,L0006,4096,0,0,True,1789718349.553775,4096,4096,4096,112.17553496360779,False,False,False,False,4096,79.92,1,1,4128.0,True,cache_reused,False,False,0,0.0,dee8b3c7962c31776d784bd015e4a121e4a8eb0e80c5c51f5a4eb6f395ac6a51,True,,,1,0,1526.271924,3748.890658,6,4156,4,4128
20260726_formal4t4_reuse_intensive_RateFIFO@rho1.2_rep0,0,RateFIFO@rho1.2,RateFIFO,26,reuse_intensive:rep0:req26,reuse_intensive,0,3,0,L0003,4096,0,0,True,1789718349.5538068,4096,4096,4096,142.08118438720703,False,False,False,False,4096,77.92,1,1,4128.0,True,cache_reused,False,False,0,0.0,8b8e78b01a768b747b2f6bf2a3173257141a26ce1b32de169d029f7e07bed279,True,,,1,0,1525.594815,3748.608659,6,4156,4,4128
20260726_formal4t4_reuse_intensive_RateFIFO@rho1.2_rep0,0,RateFIFO@rho1.2,RateFIFO,27,reuse_intensive:rep0:req27,reuse_intensive,0,1,0,L0001,4096,0,0,True,1789718349.5538335,4096,4096,4096,162.52421164512634,False,False,False,False,4096,75.92,1,1,4128.0,True,cache_reused,False,False,0,0.0,89dee4596b0d230764a7c9307b0b13486bc66117c74bf6d9843d85a8bc1bd273,True,,,1,0,1524.531537,3747.735755,6,4156,4,4128
20260726_formal4t4_reuse_intensive_RateFIFO@rho1.2_rep0,0,RateFIFO@rho1.2,RateFIFO,28,reuse_intensive:rep0:req28,reuse_intensive,0,1,1,L0001,4096,0,0,True,1789718353.3059769,4096,4096,4096,166.27635502815247,False,False,False,False,4096,81.92,1,1,4128.0,True,cache_reused,False,False,0,0.0,48595c3c349dae1e8f2ed87161d2515796df6f68f7d78304c260ff46e667f663,True,,,1,0,318.767997,1999.008499,6,4156,4,4128
20260726_formal4t4_reuse_intensive_RateFIFO@rho1.2_rep0,0,RateFIFO@rho1.2,RateFIFO,29,reuse_intensive:rep0:req29,reuse_intensive,0,0,0,L0000,4096,0,0,True,1789718353.3060238,4096,4096,4096,175.8425750732422,False,False,False,False,4096,79.92,1,1,4128.0,True,cache_reused,False,False,0,0.0,f12045d4835f2d9b0cb91180b153756836f6137c67bdaaef0287a247fc00d5c5,True,,,1,0,1013.87925,2271.535086,6,4156,4,4128
20260726_formal4t4_reuse_intensive_RateFIFO@rho1.2_rep0,0,RateFIFO@rho1.2,RateFIFO,30,reuse_intensive:rep0:req30,reuse_intensive,0,0,1,L0000,4096,0,0,True,1789718353.3060548,4096,4096,4096,175.84260606765747,False,False,False,False,4096,77.92,1,1,4128.0,True,cache_reused,False,False,0,0.0,1edbbc5c297ab4045f09b57baa81bf2a79e7ab68c5beed86b4d99cf577cdbbc0,True,,,1,0,1013.34772,2271.055528,6,4156,4,4128
20260726_formal4t4_reuse_intensive_RateFIFO@rho1.2_rep0,0,RateFIFO@rho1.2,RateFIFO,31,reuse_intensive:rep0:req31,reuse_intensive,0,29,0,L0029,4096,3,,False,1789718353.306078,0,0,0,,False,False,False,False,0,0.0,0,0,32.0,False,cache_miss,False,False,0,0.0,b8dac449fb5915b5bb5197aacd6e8a900646f4d20331e4b4c053a06e2d9b1c28,True,,,1,0,8776.767392,9522.55476,6,4156,4,32
20260726_formal4t4_reuse_intensive_RateFIFO@rho1.2_rep0,0,RateFIFO@rho1.2,RateFIFO,32,reuse_intensive:rep0:req32,reuse_intensive,0,30,0,L0030,4096,0,,False,1789718362.832873,0,0,0,,False,False,False,False,0,0.0,0,0,32.0,False,cache_miss,False,False,0,0.0,103d5b6b4c614e2b1fe2b167ae224e6d7df286880160d4984eaa2e15dd7bf0bc,True,,,1,0,10150.308929,12492.76021,6,4156,4,32
20260726_formal4t4_reuse_intensive_RateFIFO@rho1.2_rep0,0,RateFIFO@rho1.2,RateFIFO,33,reuse_intensive:rep0:req33,reuse_intensive,0,1,2,L0001,4096,0,0,True,1789718362.8329232,4096,4096,4096,175.8033013343811,False,False,False,False,4096,79.92,1,1,4128.0,True,cache_reused,False,False,0,0.0,cf115236f97e4e5c33ee006624316ecb12c2dc1d3f18e60b2e9c4a750ab514a8,True,,,1,0,10149.106492,12491.480048,6,4156,4,4128
20260726_formal4t4_reuse_intensive_RateFIFO@rho1.2_rep0,0,RateFIFO@rho1.2,RateFIFO,34,reuse_intensive:rep0:req34,reuse_intensive,0,0,2,L0000,4096,0,0,True,1789718362.8329594,4096,4096,4096,185.36951065063477,False,False,False,False,4096,77.92,1,1,4128.0,True,cache_reused,False,False,0,0.0,b2452ea1c0080429e9f9a25cd7948dc4262c79e311e4f39839bfe60b3c24f1dd,True,,,1,0,10147.991748,12490.243821,6,4156,4,4128
20260726_formal4t4_reuse_intensive_RateFIFO@rho1.2_rep0,0,RateFIFO@rho1.2,RateFIFO,35,reuse_intensive:rep0:req35,reuse_intensive,0,13,1,L0013,4096,0,0,True,1789718362.8329885,4096,4096,4096,62.04152178764343,False,False,False,False,4096,75.92,1,1,4128.0,True,cache_reused,False,False,0,0.0,f76cee20fdaa9f46493ce97058383f2f71f0a2f28ea21f67a7dd97c766f2799f,True,,,1,0,10147.53737,12489.954107,6,4156,4,4128
20260726_formal4t4_reuse_intensive_RateFIFO@rho1.2_rep0,0,RateFIFO@rho1.2,RateFIFO,36,reuse_intensive:rep0:req36,reuse_intensive,0,1,0,L0001,4096,0,0,True,1789718375.3276434,4096,4096,4096,188.2980215549469,False,False,False,False,4096,81.92,1,1,4128.0,True,cache_reused,False,False,0,0.0,8e15bf6699a6f6333fca2a54066981d98a26d59d303882d857f4f558663eafb1,True,,,1,0,322.120141,2619.07882,6,4156,4,4128
20260726_formal4t4_reuse_intensive_RateFIFO@rho1.2_rep0,0,RateFIFO@rho1.2,RateFIFO,37,reuse_intensive:rep0:req37,reuse_intensive,0,12,0,L0012,4096,0,0,True,1789718375.32769,4096,4096,4096,84.53117847442627,False,False,False,False,4096,79.92,1,1,4128.0,True,cache_reused,False,False,0,0.0,e4c9da0917e501ae2b69321f4a7812593c3ea33a39e621a4d34783c2646157d9,True,,,1,0,1314.103639,3268.996004,6,4156,4,4128
20260726_formal4t4_reuse_intensive_RateFIFO@rho1.2_rep0,0,RateFIFO@rho1.2,RateFIFO,38,reuse_intensive:rep0:req38,reuse_intensive,0,7,0,L0007,4096,0,0,True,1789718375.3277228,4096,4096,4096,127.6929452419281,False,False,False,False,4096,77.92,1,1,4128.0,True,cache_reused,False,False,0,0.0,566a186e28540363242658c09a467302d068439f4f3bcf8c258f06f92643965d,True,,,1,0,1313.430408,3268.703113,6,4156,4,4128
20260726_formal4t4_reuse_intensive_RateFIFO@rho1.2_rep0,0,RateFIFO@rho1.2,RateFIFO,39,reuse_intensive:rep0:req39,reuse_intensive,0,1,1,L0001,4096,0,0,True,1789718375.3277485,4096,4096,4096,188.29812669754028,False,False,False,False,4096,75.92,1,1,4128.0,True,cache_reused,False,False,0,0.0,4c4cfd7da56cffbc62744af9585b5833225dc27f99fad3e5df397e7a98fc99f7,True,,,1,0,1312.401774,3267.809649,6,4156,4,4128
20260726_formal4t4_reuse_intensive_RateFIFO@rho1.2_rep0,0,RateFIFO@rho1.2,RateFIFO,40,reuse_intensive:rep0:req40,reuse_intensive,0,1,2,L0001,4096,0,0,True,1789718378.599936,4096,4096,4096,191.57031416893005,False,False,False,False,4096,81.92,1,1,4128.0,True,cache_reused,False,False,0,0.0,f2263abf5e966de28d39c7c57963dec0df8b96d9cb72e14bec725cee71762edc,True,,,1,0,319.464977,2652.703753,6,4156,4,4128
20260726_formal4t4_reuse_intensive_RateFIFO@rho1.2_rep0,0,RateFIFO@rho1.2,RateFIFO,41,reuse_intensive:rep0:req41,reuse_intensive,0,0,0,L0000,4096,0,0,True,1789718378.5999844,4096,4096,4096,25.295539617538452,False,False,False,False,4096,79.92,1,1,4128.0,True,cache_reused,False,False,0,0.0,adc7199cdd525bfa2147514ea67f80194d306f3fc5c2d58c2ac771ddece99a0f,True,,,1,0,1336.179721,3309.802876,6,4156,4,4128
20260726_formal4t4_reuse_intensive_RateFIFO@rho1.2_rep0,0,RateFIFO@rho1.2,RateFIFO,42,reuse_intensive:rep0:req42,reuse_intensive,0,1,0,L0001,4096,0,0,True,1789718378.6000159,4096,4096,4096,191.57039403915405,False,False,False,False,4096,77.92,1,1,4128.0,True,cache_reused,False,False,0,0.0,b27036eb3c7a9433ae664d60ebd14f2d06fa46ed5b23d5b703af431d36c13f10,True,,,1,0,1335.517727,3309.542709,6,4156,4,4128
20260726_formal4t4_reuse_intensive_RateFIFO@rho1.2_rep0,0,RateFIFO@rho1.2,RateFIFO,43,reuse_intensive:rep0:req43,reuse_intensive,0,2,1,L0002,4096,0,0,True,1789718378.6000412,4096,4096,4096,32.35941004753113,False,False,False,False,4096,75.92,1,1,4128.0,True,cache_reused,False,False,0,0.0,57b5db8678f3521dc95b8b78f81f71834b9bfbb884f13bec3a34938351d10a0d,True,,,1,0,1334.419124,3308.666478,6,4156,4,4128
20260726_formal4t4_reuse_intensive_RateFIFO@rho1.2_rep0,0,RateFIFO@rho1.2,RateFIFO,44,reuse_intensive:rep0:req44,reuse_intensive,0,0,1,L0000,4096,0,0,True,1789718381.9130554,4096,4096,4096,28.6086106300354,False,False,False,False,4096,81.92,1,1,4128.0,True,cache_reused,False,False,0,0.0,66b828b52112f7956f588f4dcc313a2026de169bd21c3401054736a6c4091c7d,True,,,1,0,315.024684,1304.771425,6,4156,4,4128
20260726_formal4t4_reuse_intensive_RateFIFO@rho1.2_rep0,0,RateFIFO@rho1.2,RateFIFO,45,reuse_intensive:rep0:req45,reuse_intensive,0,0,2,L0000,4096,0,0,True,1789718381.9131033,4096,4096,4096,28.6086585521698,False,False,False,False,4096,79.92,1,1,4128.0,True,cache_reused,False,False,0,0.0,0c7b647b322cd0861dfad1590f7a3796fcb8aaefea239d2a9d5581af048edcbd,True,,,1,0,738.319231,1583.506979,6,4156,4,4128
20260726_formal4t4_reuse_intensive_RateFIFO@rho1.2_rep0,0,RateFIFO@rho1.2,RateFIFO,46,reuse_intensive:rep0:req46,reuse_intensive,0,0,0,L0000,4096,0,0,True,1789718381.9131343,4096,4096,4096,28.608689546585083,False,False,False,False,4096,77.92,1,1,4128.0,True,cache_reused,False,False,0,0.0,6c4758e52ead9dc1cd52be2a7330c7529042cdd9ea8ee6a471686bb30565f9a7,True,,,1,0,737.660152,1583.249362,6,4156,4,4128
20260726_formal4t4_reuse_intensive_RateFIFO@rho1.2_rep0,0,RateFIFO@rho1.2,RateFIFO,47,reuse_intensive:rep0:req47,reuse_intensive,0,0,1,L0000,4096,0,0,True,1789718381.9131722,4096,4096,4096,28.60872745513916,False,False,False,False,4096,75.92,1,1,4128.0,True,cache_reused,False,False,0,0.0,834883c707fe47a0f5360faaf62894e701688184cec6739a66007f65935d18d0,True,,,1,0,736.648451,1582.350435,6,4156,4,4128
20260726_formal4t4_reuse_intensive_RateFIFO@rho1.2_rep0,0,RateFIFO@rho1.2,RateFIFO,48,reuse_intensive:rep0:req48,reuse_intensive,0,10,0,L0010,4096,0,0,True,1789718383.4998891,4096,4096,4096,105.80209565162659,False,False,False,False,4096,81.92,1,1,4128.0,True,cache_reused,False,False,0,0.0,acfe48220adbae95a832df7a9eef39a892c7042ddea35f66f027811743578943,True,,,1,0,311.627419,3066.914399,6,4156,4,4128
20260726_formal4t4_reuse_intensive_RateFIFO@rho1.2_rep0,0,RateFIFO@rho1.2,RateFIFO,49,reuse_intensive:rep0:req49,reuse_intensive,0,3,1,L0003,4096,0,0,True,1789718383.4999354,4096,4096,4096,176.0273129940033,False,False,False,False,4096,79.92,1,1,4128.0,True,cache_reused,False,False,0,0.0,0d7831c33060ceaeba7fabc8ed97169d14aa5ac4a0a2cec0dae2f3c86a7ad45c,True,,,1,0,1514.762997,3712.407266,6,4156,4,4128
20260726_formal4t4_reuse_intensive_RateFIFO@rho1.2_rep0,0,RateFIFO@rho1.2,RateFIFO,50,reuse_intensive:rep0:req50,reuse_intensive,0,1,1,L0001,4096,0,0,True,1789718383.4999666,4096,4096,4096,20.668612480163574,False,False,False,False,4096,77.92,1,1,4128.0,True,cache_reused,False,False,0,0.0,cafd87c2fb3f8d991f44410f1deb632327374667ce7c5dc663bb56b98c93cc1b,True,,,1,0,1514.061499,3712.079824,6,4156,4,4128
20260726_formal4t4_reuse_intensive_RateFIFO@rho1.2_rep0,0,RateFIFO@rho1.2,RateFIFO,51,reuse_intensive:rep0:req51,reuse_intensive,0,6,2,L0006,4096,0,0,True,1789718383.4999926,4096,4096,4096,146.12175250053406,False,False,False,False,4096,75.92,1,1,4128.0,True,cache_reused,False,False,0,0.0,4a631114a9022ffff31f895c28e795ba55046b37c9c92be3f2be2499c908d68f,True,,,1,0,1513.002721,3711.205473,6,4156,4,4128
20260726_formal4t4_reuse_intensive_RateFIFO@rho1.2_rep0,0,RateFIFO@rho1.2,RateFIFO,52,reuse_intensive:rep0:req52,reuse_intensive,0,58,0,L0058,4096,3,,False,1789718387.2155552,0,0,0,,False,False,False,False,0,0.0,0,0,32.0,False,cache_miss,False,False,0,0.0,8890e6f972bb3cb42ada6a7e2645a802ecb0a07c1b8fe13507fc38a874086312,True,,,1,0,8835.653976,9579.412821,6,4156,4,32
20260726_formal4t4_reuse_intensive_RateFIFO@rho1.2_rep0,0,RateFIFO@rho1.2,RateFIFO,53,reuse_intensive:rep0:req53,reuse_intensive,0,0,2,L0000,4096,0,0,True,1789718387.2156067,4096,4096,4096,33.91116189956665,False,False,False,False,4096,81.92,1,1,4128.0,True,cache_reused,False,False,0,0.0,bb5d8644614fd9015a214ea34f00d7df51a33c25424e99538a466c6466eb0f2c,True,,,1,0,314.038603,1960.945544,6,4156,4,4128
20260726_formal4t4_reuse_intensive_RateFIFO@rho1.2_rep0,0,RateFIFO@rho1.2,RateFIFO,54,reuse_intensive:rep0:req54,reuse_intensive,0,3,2,L0003,4096,0,0,True,1789718387.2156436,4096,4096,4096,179.74302124977112,False,False,False,False,4096,79.92,1,1,4128.0,True,cache_reused,False,False,0,0.0,2bf6537e16df0783055a3e77b0ba6f7c7b3f95884f3f0f68508a6b2aa4848250,True,,,1,0,996.8242,2439.584945,6,4156,4,4128
20260726_formal4t4_reuse_intensive_RateFIFO@rho1.2_rep0,0,RateFIFO@rho1.2,RateFIFO,55,reuse_intensive:rep0:req55,reuse_intensive,0,0,0,L0000,4096,0,0,True,1789718387.2156725,4096,4096,4096,33.91122770309448,False,False,False,False,4096,77.92,1,1,4128.0,True,cache_reused,False,False,0,0.0,bf3257bf69584c4d9ffeba4e4bd0118d55fea55fd502f392f9229176d8846f6d,True,,,1,0,996.258701,2439.086673,6,4156,4,4128
20260726_formal4t4_reuse_intensive_RateFIFO@rho1.2_rep0,0,RateFIFO@rho1.2,RateFIFO,56,reuse_intensive:rep0:req56,reuse_intensive,0,2,2,L0002,4096,0,0,True,1789718396.7969406,4096,4096,4096,50.55630946159363,False,False,False,False,4096,81.92,1,1,4128.0,True,cache_reused,False,False,0,0.0,7d1676edc75fa05b51d3cf6894279a6d0b4eb7eedb71a247e9d1409e8a1467d6,True,,,1,0,506.054152,2264.420279,6,4156,4,4128
20260726_formal4t4_reuse_intensive_RateFIFO@rho1.2_rep0,0,RateFIFO@rho1.2,RateFIFO,57,reuse_intensive:rep0:req57,reuse_intensive,0,0,1,L0000,4096,0,0,True,1789718396.7969887,4096,4096,4096,43.49254393577576,False,False,False,False,4096,79.92,1,1,4128.0,True,cache_reused,False,False,0,0.0,b8b69df2c048d0b64d446cbaa5c6673d64a07fa1f0a21da501763b759fccb5eb,True,,,1,0,1267.759481,2762.710908,6,4156,4,4128
20260726_formal4t4_reuse_intensive_RateFIFO@rho1.2_rep0,0,RateFIFO@rho1.2,RateFIFO,58,reuse_intensive:rep0:req58,reuse_intensive,0,0,2,L0000,4096,0,0,True,1789718396.7970204,4096,4096,4096,43.49257564544678,False,False,False,False,4096,77.92,1,1,4128.0,True,cache_reused,False,False,0,0.0,6e034127c9b2846826678c3561ca66501a810e7b20dcf0c284525cf5b4e87fbe,True,,,1,0,1266.547793,2761.392722,6,4156,4,4128
20260726_formal4t4_reuse_intensive_RateFIFO@rho1.2_rep0,0,RateFIFO@rho1.2,RateFIFO,59,reuse_intensive:rep0:req59,reuse_intensive,0,2,0,L0002,4096,0,0,True,1789718396.797046,4096,4096,4096,50.55641484260559,False,False,False,False,4096,75.92,1,1,4128.0,True,cache_reused,False,False,0,0.0,35dccec5c9e227038581b134b86288b8afdbcfafe0560f510c8ddd433cad4359,True,,,1,0,1265.997979,2760.886869,6,4156,4,4128
20260726_formal4t4_reuse_intensive_RateFIFO@rho1.2_rep0,0,RateFIFO@rho1.2,RateFIFO,60,reuse_intensive:rep0:req60,reuse_intensive,1,64,0,L0064,4096,2,,False,1789718399.5626268,0,0,0,,False,False,False,False,0,0.0,0,0,32.0,False,cache_miss,False,False,0,0.0,b0c91a0e6ff8ec07ff78419431719b81c4c3fdb1adefc21b17c16ec441fe4452,True,,,1,0,7710.865836,8369.59569,6,4156,4,32
20260726_formal4t4_reuse_intensive_RateFIFO@rho1.2_rep0,0,RateFIFO@rho1.2,RateFIFO,61,reuse_intensive:rep0:req61,reuse_intensive,1,69,0,L0069,4096,1,,False,1789718399.5626647,0,0,0,,False,False,False,False,0,0.0,0,0,32.0,False,cache_miss,False,False,0,0.0,b4bac0e9687c9a7fe75012014b5054e6199776c484437df1dd03cc4fc1aa02bf,True,,,1,0,9188.060206,9969.755849,6,4156,4,32
20260726_formal4t4_reuse_intensive_RateFIFO@rho1.2_rep0,0,RateFIFO@rho1.2,RateFIFO,62,reuse_intensive:rep0:req62,reuse_intensive,1,75,0,L0075,4096,0,,False,1789718399.562688,0,0,0,,False,False,False,False,0,0.0,0,0,32.0,False,cache_miss,False,False,0,0.0,2643dd0538db0ba34bb0abb9cfaf1c1569036dd5257a4a8a4511ac1716651fbb,True,,,1,0,8626.29037,9341.246236,6,4156,4,32
20260726_formal4t4_reuse_intensive_RateFIFO@rho1.2_rep0,0,RateFIFO@rho1.2,RateFIFO,63,reuse_intensive:rep0:req63,reuse_intensive,1,64,1,L0064,4096,3,,False,1789718399.5627072,0,0,0,,False,False,False,False,0,0.0,0,0,32.0,False,cache_miss,False,False,0,0.0,33749032ef34d3f76e9253b5b72e322cf4c7dc377127463620db157afdd30881,True,,,1,0,8578.905467,9293.632464,6,4156,4,32
20260726_formal4t4_reuse_intensive_RateFIFO@rho1.2_rep0,0,RateFIFO@rho1.2,RateFIFO,64,reuse_intensive:rep0:req64,reuse_intensive,1,67,0,L0067,4096,2,,False,1789718409.5352998,0,0,0,,False,False,False,False,0,0.0,0,0,32.0,False,cache_miss,False,False,0,0.0,809cb8ac448b56d15ddfb9058a817313c437703a70e08dcd03b3f73c930e7863,True,,,1,0,8007.599634,8709.061399,6,4156,4,32
20260726_formal4t4_reuse_intensive_RateFIFO@rho1.2_rep0,0,RateFIFO@rho1.2,RateFIFO,65,reuse_intensive:rep0:req65,reuse_intensive,1,104,0,L0104,4096,3,,False,1789718409.535337,0,0,0,,False,False,False,False,0,0.0,0,0,16.0,False,cache_miss,False,False,0,0.0,228cc7e388cdc2e455c7db30dff60b7cdc3b1c8b8aa6f7ca4d5aee68e6f1249d,True,,,1,0,8934.002436,9646.963636,6,4156,4,16
20260726_formal4t4_reuse_intensive_RateFIFO@rho1.2_rep0,0,RateFIFO@rho1.2,RateFIFO,66,reuse_intensive:rep0:req66,reuse_intensive,1,121,0,L0121,4096,0,,False,1789718409.5353615,0,0,0,,False,False,False,False,0,0.0,0,0,16.0,False,cache_miss,False,False,0,0.0,87937fa1712b808820b49d9452b4910226251a71a546ea9b84cecffea6cce41d,True,,,1,0,10145.938955,10973.163332,6,4156,4,16
20260726_formal4t4_reuse_intensive_RateFIFO@rho1.2_rep0,0,RateFIFO@rho1.2,RateFIFO,67,reuse_intensive:rep0:req67,reuse_intensive,1,64,2,L0064,4096,1,,False,1789718409.5353818,4096,0,0,241.88158416748047,True,True,False,False,0,0.0,0,0,32.0,False,cache_miss,False,False,0,0.0,1c82ba184422269606c248d0a0065891b479a0699ef26e58e3e3daf8418c6b96,True,,,1,0,8288.926901,9002.364685,6,4156,4,32
20260726_formal4t4_reuse_intensive_RateFIFO@rho1.2_rep0,0,RateFIFO@rho1.2,RateFIFO,68,reuse_intensive:rep0:req68,reuse_intensive,1,64,0,L0064,4096,2,,False,1789718420.5121317,4096,0,0,252.85833406448364,True,True,False,False,0,0.0,0,0,4128.0,False,cache_reused,False,False,0,0.0,11fe226070d4778ab2dc89124ff47f5edcb697b786f96a647062f37f50f213aa,True,,,1,0,410.565723,1086.112673,6,4156,4,4128
20260726_formal4t4_reuse_intensive_RateFIFO@rho1.2_rep0,0,RateFIFO@rho1.2,RateFIFO,69,reuse_intensive:rep0:req69,reuse_intensive,1,70,0,L0070,4096,0,,False,1789718420.512188,0,0,0,,False,False,False,False,0,0.0,0,0,32.0,False,cache_miss,False,False,0,0.0,1c2a32f46520bd3fb4cceba6b2ab4986458213720cff6acc84dd2c1cf1bfaaf2,True,,,1,0,8721.205197,9449.090853,6,4156,4,32
20260726_formal4t4_reuse_intensive_RateFIFO@rho1.2_rep0,0,RateFIFO@rho1.2,RateFIFO,70,reuse_intensive:rep0:req70,reuse_intensive,1,96,0,L0096,4096,1,,False,1789718420.5122142,0,0,0,,False,False,False,False,0,0.0,0,0,32.0,False,cache_miss,False,False,0,0.0,5d189bc330bafa09ba8e1768964b20962b5be735a0c7a85cbd47cf1390f18912,True,,,1,0,8750.106507,9485.254574,6,4156,4,32
20260726_formal4t4_reuse_intensive_RateFIFO@rho1.2_rep0,0,RateFIFO@rho1.2,RateFIFO,71,reuse_intensive:rep0:req71,reuse_intensive,1,88,0,L0088,4096,3,,False,1789718420.5122352,0,0,0,,False,False,False,False,0,0.0,0,0,32.0,False,cache_miss,False,False,0,0.0,4d5b278485e610538c9e48a2823cd29443c789558edda493a3046ed526bb6cd3,True,,,1,0,8676.546583,9383.60422,6,4156,4,32
20260726_formal4t4_reuse_intensive_RateFIFO@rho1.2_rep0,0,RateFIFO@rho1.2,RateFIFO,72,reuse_intensive:rep0:req72,reuse_intensive,1,66,0,L0066,4096,2,,False,1789718430.0009682,0,0,0,,False,False,False,False,0,0.0,0,0,32.0,False,cache_miss,False,False,0,0.0,ca4dc7af17c2442ceeacb44e24ac54b82629ea350db5c964aa368c8d2e6183dd,True,,,1,0,8888.656293,10215.213037,6,4156,4,32
20260726_formal4t4_reuse_intensive_RateFIFO@rho1.2_rep0,0,RateFIFO@rho1.2,RateFIFO,73,reuse_intensive:rep0:req73,reuse_intensive,1,64,1,L0064,4096,2,2,True,1789718430.0010178,4096,4096,4096,20.46726107597351,False,False,False,False,4096,79.92,1,1,4128.0,True,cache_reused,False,False,0,0.0,91269667db552c2b21d066684caf8892d3452c50dfac886b81ddeb95a37426a9,True,,,1,0,8887.792795,10214.465568,6,4156,4,4128
20260726_formal4t4_reuse_intensive_RateFIFO@rho1.2_rep0,0,RateFIFO@rho1.2,RateFIFO,74,reuse_intensive:rep0:req74,reuse_intensive,1,65,0,L0065,4096,0,,False,1789718430.0010486,0,0,0,,False,False,False,False,0,0.0,0,0,32.0,False,cache_miss,False,False,0,0.0,8b26700135099b093aad7095b888371d7d6234f362b9e139a9c361d6f27bbc9f,True,,,1,0,8606.390582,9340.790294,6,4156,4,32
20260726_formal4t4_reuse_intensive_RateFIFO@rho1.2_rep0,0,RateFIFO@rho1.2,RateFIFO,75,reuse_intensive:rep0:req75,reuse_intensive,1,66,1,L0066,4096,1,,False,1789718430.0010717,0,0,0,,False,False,False,False,0,0.0,0,0,32.0,False,cache_miss,False,False,0,0.0,a5e7d86c466b845dd05807efcd8d241ebc58ac452b270f4b1f46aaccb2d211e5,True,,,1,0,8508.663561,9217.411124,6,4156,4,32
20260726_formal4t4_reuse_intensive_RateFIFO@rho1.2_rep0,0,RateFIFO@rho1.2,RateFIFO,76,reuse_intensive:rep0:req76,reuse_intensive,1,64,2,L0064,4096,2,2,True,1789718440.2184477,4096,4096,4096,10.218977928161621,False,False,False,False,4096,81.92,1,1,4128.0,True,cache_reused,False,False,0,0.0,f21dd9582ac424d55692c2090f1a7fad8e671fe634112e8d1d1cae337a5a5a4c,True,,,1,0,283.174614,952.565233,6,4156,4,4128
20260726_formal4t4_reuse_intensive_RateFIFO@rho1.2_rep0,0,RateFIFO@rho1.2,RateFIFO,77,reuse_intensive:rep0:req77,reuse_intensive,1,65,1,L0065,4096,1,,False,1789718440.2184875,4096,0,0,272.56468987464905,True,True,False,False,0,0.0,0,0,32.0,False,cache_miss,False,False,0,0.0,6c4f2c3a773df42a86d461575c036c09b8e9a64370ec3fd8434260b20ec101ac,True,,,1,0,8231.263987,8931.855507,6,4156,4,32
20260726_formal4t4_reuse_intensive_RateFIFO@rho1.2_rep0,0,RateFIFO@rho1.2,RateFIFO,78,reuse_intensive:rep0:req78,reuse_intensive,1,65,2,L0065,4096,0,,False,1789718440.2185147,4096,0,0,272.56471705436707,True,True,False,False,0,0.0,0,0,4128.0,False,cache_reused,False,False,0,0.0,a43b764840b4e6b297891594eaca3bf38287e8810bdf1fe356bc04e56a889f56,True,,,1,0,296.961972,1025.891509,6,4156,4,4128
20260726_formal4t4_reuse_intensive_RateFIFO@rho1.2_rep0,0,RateFIFO@rho1.2,RateFIFO,79,reuse_intensive:rep0:req79,reuse_intensive,1,65,0,L0065,4096,3,,False,1789718440.218536,4096,0,0,272.5647382736206,True,True,False,False,0,0.0,0,0,32.0,False,cache_miss,False,False,0,0.0,77584a5761aeb8fa850d0650dd10ac89f7624987cf9e1a58c2b9f29e6ee9e1d9,True,,,1,0,8536.775113,9226.419188,6,4156,4,32
20260726_formal4t4_reuse_intensive_RateFIFO@rho1.2_rep0,0,RateFIFO@rho1.2,RateFIFO,80,reuse_intensive:rep0:req80,reuse_intensive,1,74,0,L0074,4096,0,,False,1789718449.4492605,0,0,0,,False,False,False,False,0,0.0,0,0,32.0,False,cache_miss,False,False,0,0.0,a2a069496d68f227d127fc06bd6687ff2a13be3c818d122a3316b455824a3c65,True,,,1,0,9613.501168,10420.377652,6,4156,4,32
20260726_formal4t4_reuse_intensive_RateFIFO@rho1.2_rep0,0,RateFIFO@rho1.2,RateFIFO,81,reuse_intensive:rep0:req81,reuse_intensive,1,64,0,L0064,4096,2,2,True,1789718449.4493108,4096,4096,4096,19.449841022491455,False,False,False,False,4096,81.92,1,1,4128.0,True,cache_reused,False,False,0,0.0,4faa5e0d3f5815b217eb40e821cdb72f3670a4f62cb78b0c2da8f2944a7e4d13,True,,,1,0,419.634522,1091.967277,6,4156,4,4128
20260726_formal4t4_reuse_intensive_RateFIFO@rho1.2_rep0,0,RateFIFO@rho1.2,RateFIFO,82,reuse_intensive:rep0:req82,reuse_intensive,1,65,1,L0065,4096,3,,False,1789718449.449342,4096,0,0,281.79554438591003,True,True,False,False,0,0.0,0,0,4128.0,False,cache_reused,False,False,0,0.0,04deed94efc14e710d59820f9c63470f5578e68021dbf0b2133cabadae6b1af5,True,,,1,0,286.391238,986.812755,6,4156,4,4128
20260726_formal4t4_reuse_intensive_RateFIFO@rho1.2_rep0,0,RateFIFO@rho1.2,RateFIFO,83,reuse_intensive:rep0:req83,reuse_intensive,1,69,1,L0069,4096,1,,False,1789718449.4493666,4096,0,0,281.7955689430237,True,True,False,False,0,0.0,0,0,4128.0,False,cache_reused,False,False,0,0.0,2b31793578f7499cb621ba6e85f8269fcd724baf4a9a6bd2ae422b5390cbc90b,True,,,1,0,314.52967,1090.619341,6,4156,4,4128
20260726_formal4t4_reuse_intensive_RateFIFO@rho1.2_rep0,0,RateFIFO@rho1.2,RateFIFO,84,reuse_intensive:rep0:req84,reuse_intensive,1,65,2,L0065,4096,1,,False,1789718459.8716278,4096,0,0,292.2178301811218,True,True,False,False,0,0.0,0,0,4128.0,False,cache_reused,False,False,0,0.0,59e35f4dee8102331ab788229fb622ca9fa5c91d38c2f25d847296ea913e5b1a,True,,,1,0,443.336301,1144.81691,6,4156,4,4128
20260726_formal4t4_reuse_intensive_RateFIFO@rho1.2_rep0,0,RateFIFO@rho1.2,RateFIFO,85,reuse_intensive:rep0:req85,reuse_intensive,1,106,0,L0106,4096,2,,False,1789718459.8716688,0,0,0,,False,False,False,False,0,0.0,0,0,16.0,False,cache_miss,False,False,0,0.0,3113c33aefb9721468fb3323d6e15979e8e3d6abac32866e8e38b0a667551624,True,,,1,0,8428.839896,9162.470676,6,4156,4,16
20260726_formal4t4_reuse_intensive_RateFIFO@rho1.2_rep0,0,RateFIFO@rho1.2,RateFIFO,86,reuse_intensive:rep0:req86,reuse_intensive,1,70,1,L0070,4096,3,,False,1789718459.871694,4096,0,0,292.2178964614868,True,True,False,False,0,0.0,0,0,32.0,False,cache_miss,False,False,0,0.0,8203f58a0d9928b8933d34d66d2bc496a89686fc2d3a756109d6a332b1a4f1a0,True,,,1,0,9037.997735,9788.606203,6,4156,4,32
20260726_formal4t4_reuse_intensive_RateFIFO@rho1.2_rep0,0,RateFIFO@rho1.2,RateFIFO,87,reuse_intensive:rep0:req87,reuse_intensive,1,70,2,L0070,4096,0,,False,1789718459.8717165,4096,0,0,292.21791887283325,True,True,False,False,0,0.0,0,0,4128.0,False,cache_reused,False,False,0,0.0,5a11b918f9b8c0d85cab48267cc45a42b4e426e2c55d7d68ebf0332754050a3d,True,,,1,0,298.663017,1032.951179,6,4156,4,4128
20260726_formal4t4_reuse_intensive_RateFIFO@rho1.2_rep0,0,RateFIFO@rho1.2,RateFIFO,88,reuse_intensive:rep0:req88,reuse_intensive,1,64,1,L0064,4096,2,2,True,1789718469.6641054,4096,4096,4096,20.216426610946655,False,False,False,False,4096,81.92,1,1,4128.0,True,cache_reused,False,False,0,0.0,0c5394eee41d9fbf0b50c9e2aca955fee6260c5bcb36390a609afe6f461a7091,True,,,1,0,281.662949,1105.751335,6,4156,4,4128
20260726_formal4t4_reuse_intensive_RateFIFO@rho1.2_rep0,0,RateFIFO@rho1.2,RateFIFO,89,reuse_intensive:rep0:req89,reuse_intensive,1,64,2,L0064,4096,2,2,True,1789718469.6641543,4096,4096,4096,20.21647548675537,False,False,False,False,4096,79.92,1,1,4128.0,True,cache_reused,False,False,0,0.0,72fb677e94e3081302fbdb388dc0faa9fc173a57b22b867cfeb7f504e211f173,True,,,1,0,620.355119,1344.338015,6,4156,4,4128
20260726_formal4t4_reuse_intensive_RateFIFO@rho1.2_rep0,0,RateFIFO@rho1.2,RateFIFO,90,reuse_intensive:rep0:req90,reuse_intensive,1,118,0,L0118,4096,3,,False,1789718469.664194,0,0,0,,False,False,False,False,0,0.0,0,0,32.0,False,cache_miss,False,False,0,0.0,b13f7bab187a501df655499e2d1315d5bc9fc2941b2746c531678faad215674f,True,,,1,0,8401.826265,9084.514453,6,4156,4,32
20260726_formal4t4_reuse_intensive_RateFIFO@rho1.2_rep0,0,RateFIFO@rho1.2,RateFIFO,91,reuse_intensive:rep0:req91,reuse_intensive,1,64,0,L0064,4096,2,2,True,1789718469.6642253,4096,4096,4096,20.216546535491943,False,False,False,False,4096,77.92,1,1,4128.0,True,cache_reused,False,False,0,0.0,096fe01f8bb3331ac82d72e9449cbe4598c151ea9a4fbdf641830d1f325f0777,True,,,1,0,618.675892,1342.821965,6,4156,4,4128
20260726_formal4t4_reuse_intensive_RateFIFO@rho1.2_rep0,0,RateFIFO@rho1.2,RateFIFO,92,reuse_intensive:rep0:req92,reuse_intensive,1,65,0,L0065,4096,1,1,True,1789718478.8493483,4096,4096,4096,9.186811923980713,False,False,False,False,4096,81.92,1,1,4128.0,True,cache_reused,False,False,0,0.0,c20eb8f7fe0f0c4aec066c482dc5f0bfe4cfb9d1c2e78c2626d43673f08f8dfc,True,,,1,0,449.707186,1202.959394,6,4156,4,4128
20260726_formal4t4_reuse_intensive_RateFIFO@rho1.2_rep0,0,RateFIFO@rho1.2,RateFIFO,93,reuse_intensive:rep0:req93,reuse_intensive,1,109,0,L0109,4096,2,,False,1789718478.8493752,0,0,0,,False,False,False,False,0,0.0,0,0,32.0,False,cache_miss,False,False,0,0.0,13ac0062f44b8de5f1d02dfa6f0d1f04b33903fd2f46172e92baf200071bc717,True,,,1,0,8884.698683,9614.645942,6,4156,4,32
20260726_formal4t4_reuse_intensive_RateFIFO@rho1.2_rep0,0,RateFIFO@rho1.2,RateFIFO,94,reuse_intensive:rep0:req94,reuse_intensive,1,65,1,L0065,4096,1,1,True,1789718478.8493938,4096,4096,4096,9.186857461929321,False,False,False,False,4096,79.92,1,1,4128.0,True,cache_reused,False,False,0,0.0,9b246c6cf3c1e0d48526e48a608df0960e45a70d711107de60f75590ec9b70f0,True,,,1,0,700.472017,1432.603681,6,4156,4,4128
20260726_formal4t4_reuse_intensive_RateFIFO@rho1.2_rep0,0,RateFIFO@rho1.2,RateFIFO,95,reuse_intensive:rep0:req95,reuse_intensive,1,82,0,L0082,4096,3,,False,1789718478.8494065,0,0,0,,False,False,False,False,0,0.0,0,0,32.0,False,cache_miss,False,False,0,0.0,89b2cc466a610581b632d4c9253fe635e6d5acfc6b1f78505fc1bf96a3971cf1,True,,,1,0,8604.019562,9321.313394,6,4156,4,32
20260726_formal4t4_reuse_intensive_RateFIFO@rho1.2_rep0,0,RateFIFO@rho1.2,RateFIFO,96,reuse_intensive:rep0:req96,reuse_intensive,1,64,1,L0064,4096,2,2,False,1789718488.4666548,4096,4096,4096,9.715628385543823,False,False,False,False,4096,0.0,1,1,4128.0,False,cache_reused,False,False,0,0.0,6079e6a49827713e4d8e7c62d940b704f1ecc4298f87931d3d6dac6bceeb9297,True,,,1,0,278.488622,944.800762,6,4156,4,4128
20260726_formal4t4_reuse_intensive_RateFIFO@rho1.2_rep0,0,RateFIFO@rho1.2,RateFIFO,97,reuse_intensive:rep0:req97,reuse_intensive,1,65,2,L0065,4096,1,1,False,1789718488.466703,4096,4096,4096,18.804166555404663,False,False,False,False,4096,0.0,1,1,4128.0,False,cache_reused,False,False,0,0.0,4ff2bb5d0427792a6efa0d217929c2108efe9053da9861257cfcf369935e8183,True,,,1,0,567.695147,1321.963766,6,4156,4,4128
20260726_formal4t4_reuse_intensive_RateFIFO@rho1.2_rep0,0,RateFIFO@rho1.2,RateFIFO,98,reuse_intensive:rep0:req98,reuse_intensive,1,65,0,L0065,4096,1,1,True,1789718488.4667394,4096,4096,4096,18.804203033447266,False,False,False,False,4096,79.92,1,1,4128.0,True,cache_reused,False,False,0,0.0,97a192ee78ad1f64c7f8b13cd0cefda2b68bb7b4aa76a836dfb2a8f24da0cf13,True,,,1,0,566.561071,1320.738032,6,4156,4,4128
20260726_formal4t4_reuse_intensive_RateFIFO@rho1.2_rep0,0,RateFIFO@rho1.2,RateFIFO,99,reuse_intensive:rep0:req99,reuse_intensive,1,78,0,L0078,4096,0,,False,1789718488.4667628,0,0,0,,False,False,False,False,0,0.0,0,0,32.0,False,cache_miss,False,False,0,0.0,46c69faffd7fa9bb31f65334b121afcafdbdbbf934230e3f4998f7ca195183c0,True,,,1,0,9784.504535,10610.936011,6,4156,4,32
20260726_formal4t4_reuse_intensive_RateFIFO@rho1.2_rep0,0,RateFIFO@rho1.2,RateFIFO,100,reuse_intensive:rep0:req100,reuse_intensive,1,71,0,L0071,4096,1,,False,1789718499.0823758,0,0,0,,False,False,False,False,0,0.0,0,0,32.0,False,cache_miss,False,False,0,0.0,a0c9b6ac5c59b39bee43b46b48d0535e4cc118f715f078950beb21606b63fe23,True,,,1,0,8289.452852,9027.651095,6,4157,4,32
20260726_formal4t4_reuse_intensive_RateFIFO@rho1.2_rep0,0,RateFIFO@rho1.2,RateFIFO,101,reuse_intensive:rep0:req101,reuse_intensive,1,105,0,L0105,4096,2,,False,1789718499.082412,0,0,0,,False,False,False,False,0,0.0,0,0,32.0,False,cache_miss,False,False,0,0.0,fb958c90ca342febbdf4170a631d01add59d9f55bd65b747765eebfc1e0c9446,True,,,1,0,8090.887408,9334.933157,6,4157,4,32
20260726_formal4t4_reuse_intensive_RateFIFO@rho1.2_rep0,0,RateFIFO@rho1.2,RateFIFO,102,reuse_intensive:rep0:req102,reuse_intensive,1,64,2,L0064,4096,2,2,True,1789718499.0824506,4096,4096,4096,20.331424236297607,False,False,False,False,4096,79.92,1,1,4128.0,True,cache_reused,False,False,0,0.0,624557376908f15c859e713afe5d59e4baa99fa60ecd0afdebb8330d52672296,True,,,1,0,8089.916268,9333.923263,6,4157,4,4128
20260726_formal4t4_reuse_intensive_RateFIFO@rho1.2_rep0,0,RateFIFO@rho1.2,RateFIFO,103,reuse_intensive:rep0:req103,reuse_intensive,1,64,0,L0064,4096,2,2,True,1789718499.0824845,4096,4096,4096,20.33145809173584,False,False,False,False,4096,77.92,1,1,4128.0,True,cache_reused,False,False,0,0.0,8583b0c79f19910a073554865123cd0d03606bb0aea40af17ae8a86522d960a7,True,,,1,0,8088.904636,9332.799194,6,4157,4,4128
20260726_formal4t4_reuse_intensive_RateFIFO@rho1.2_rep0,0,RateFIFO@rho1.2,RateFIFO,104,reuse_intensive:rep0:req104,reuse_intensive,1,76,0,L0076,4096,3,,False,1789718508.4205174,0,0,0,,False,False,False,False,0,0.0,0,0,32.0,False,cache_miss,False,False,0,0.0,b1b36eaa3d1792753f3fbade984dc340cd93c6dee4d48e7ab0ea17294aa005d2,True,,,1,0,9258.774349,9996.654849,6,4157,4,32
20260726_formal4t4_reuse_intensive_RateFIFO@rho1.2_rep0,0,RateFIFO@rho1.2,RateFIFO,105,reuse_intensive:rep0:req105,reuse_intensive,1,64,1,L0064,4096,2,2,True,1789718508.4205713,4096,4096,4096,9.339771270751953,False,False,False,False,4096,81.92,1,1,4128.0,True,cache_reused,False,False,0,0.0,86e0c8e6db327b29beb62106dd0464eaabe1cb991f803143ac67c544fc16db3b,True,,,1,0,277.998453,943.922964,6,4157,4,4128
20260726_formal4t4_reuse_intensive_RateFIFO@rho1.2_rep0,0,RateFIFO@rho1.2,RateFIFO,106,reuse_intensive:rep0:req106,reuse_intensive,1,89,0,L0089,4096,0,,False,1789718508.4206018,0,0,0,,False,False,False,False,0,0.0,0,0,32.0,False,cache_miss,False,False,0,0.0,7e19f154a5da54048af81a5c2647302f4218ad681a199257257a00ec50327375,True,,,1,0,9050.996487,9799.159893,6,4157,4,32
20260726_formal4t4_reuse_intensive_RateFIFO@rho1.2_rep0,0,RateFIFO@rho1.2,RateFIFO,107,reuse_intensive:rep0:req107,reuse_intensive,1,77,0,L0077,4096,1,,False,1789718508.420624,0,0,0,,False,False,False,False,0,0.0,0,0,32.0,False,cache_miss,False,False,0,0.0,34f818a08b5c5d9e485f8ebe10f5996fd167df9a306eed4e9d2c0d13cf960cf5,True,,,1,0,8855.313759,9590.005803,6,4157,4,32
20260726_formal4t4_reuse_intensive_RateFIFO@rho1.2_rep0,0,RateFIFO@rho1.2,RateFIFO,108,reuse_intensive:rep0:req108,reuse_intensive,1,66,2,L0066,4096,2,2,True,1789718518.4192336,4096,4096,4096,78.20236372947693,False,False,False,False,4096,81.92,1,1,4128.0,True,cache_reused,False,False,0,0.0,4f6625d01115fc6cb15d12c712844df18c8e6df466d9cd5d1bfba1396d678d3b,True,,,1,0,466.366089,1253.574696,6,4157,4,4128
20260726_formal4t4_reuse_intensive_RateFIFO@rho1.2_rep0,0,RateFIFO@rho1.2,RateFIFO,109,reuse_intensive:rep0:req109,reuse_intensive,1,72,0,L0072,4096,1,,False,1789718518.419277,0,0,0,,False,False,False,False,0,0.0,0,0,32.0,False,cache_miss,False,False,0,0.0,016a497147480c1e5063d61c1a578f19533c53c6c8dcf357cbee6389d37c5cc5,True,,,1,0,9437.003333,10812.164193,6,4157,4,32
20260726_formal4t4_reuse_intensive_RateFIFO@rho1.2_rep0,0,RateFIFO@rho1.2,RateFIFO,110,reuse_intensive:rep0:req110,reuse_intensive,1,65,1,L0065,4096,1,1,True,1789718518.419313,4096,4096,4096,29.95425510406494,False,False,False,False,4096,79.92,1,1,4128.0,True,cache_reused,False,False,0,0.0,7e1805f1198c319b2d60d421305f1631db342082b385b2e3e3a6ddf12b48abb5,True,,,1,0,9435.946529,10811.02764,6,4157,4,4128
20260726_formal4t4_reuse_intensive_RateFIFO@rho1.2_rep0,0,RateFIFO@rho1.2,RateFIFO,111,reuse_intensive:rep0:req111,reuse_intensive,1,66,0,L0066,4096,2,2,True,1789718518.4193459,4096,4096,4096,78.20247602462769,False,False,False,False,4096,79.92,1,1,4128.0,True,cache_reused,False,False,0,0.0,4e08da2e8e23163428f4a9cf160a5999b10f7ee5d8a40b672a06a0529e9179b5,True,,,1,0,728.393867,1492.123753,6,4157,4,4128
20260726_formal4t4_reuse_intensive_RateFIFO@rho1.2_rep0,0,RateFIFO@rho1.2,RateFIFO,112,reuse_intensive:rep0:req112,reuse_intensive,1,82,1,L0082,4096,3,,False,1789718529.2345057,4096,0,0,361.580708026886,True,True,False,False,0,0.0,0,0,4128.0,False,cache_reused,False,False,0,0.0,9e0c7511e496aef4dead7bf026980c86986b45ba9740193a5e961f47c5026135,True,,,1,0,450.198494,1173.633606,6,4157,4,4128
20260726_formal4t4_reuse_intensive_RateFIFO@rho1.2_rep0,0,RateFIFO@rho1.2,RateFIFO,113,reuse_intensive:rep0:req113,reuse_intensive,1,64,2,L0064,4096,2,2,True,1789718529.2345598,4096,4096,4096,30.153759717941284,False,False,False,False,4096,81.92,1,1,4128.0,True,cache_reused,False,False,0,0.0,9ae3d0add036df57f2a9ef66c18c1ff2464a7253886e7fa73717c058721ea061,True,,,1,0,441.754022,1168.535735,6,4157,4,4128
20260726_formal4t4_reuse_intensive_RateFIFO@rho1.2_rep0,0,RateFIFO@rho1.2,RateFIFO,114,reuse_intensive:rep0:req114,reuse_intensive,1,113,0,L0113,4096,0,,False,1789718529.2345905,0,0,0,,False,False,False,False,0,0.0,0,0,32.0,False,cache_miss,False,False,0,0.0,c675d08bece628aea5f4686a0f59ac9b3b428bb1201ceb7a8bdf1d22f55f3a0b,True,,,1,0,8542.801053,9321.528077,6,4157,4,32
20260726_formal4t4_reuse_intensive_RateFIFO@rho1.2_rep0,0,RateFIFO@rho1.2,RateFIFO,115,reuse_intensive:rep0:req115,reuse_intensive,1,64,0,L0064,4096,2,2,True,1789718529.2346208,4096,4096,4096,30.153820753097534,False,False,False,False,4096,79.92,1,1,4128.0,True,cache_reused,False,False,0,0.0,6e14980616e72c7a7695cadbf1b271a848f1b93295544fe44362af2ba653ea4c,True,,,1,0,684.715902,1388.174422,6,4157,4,4128
20260726_formal4t4_reuse_intensive_RateFIFO@rho1.2_rep0,0,RateFIFO@rho1.2,RateFIFO,116,reuse_intensive:rep0:req116,reuse_intensive,1,111,0,L0111,4096,1,,False,1789718538.5599816,0,0,0,,False,False,False,False,0,0.0,0,0,16.0,False,cache_miss,False,False,0,0.0,bdd80f9c8717e98a55c1011ee206f91c69d80e05d52d4de4fdea0e0d099e619f,True,,,1,0,8860.515622,9577.361208,6,4157,4,16
20260726_formal4t4_reuse_intensive_RateFIFO@rho1.2_rep0,0,RateFIFO@rho1.2,RateFIFO,117,reuse_intensive:rep0:req117,reuse_intensive,1,66,1,L0066,4096,2,2,False,1789718538.5600328,4096,4096,4096,9.327104806900024,False,False,False,False,4096,0.0,1,1,4128.0,False,cache_reused,False,False,0,0.0,9a517865da02d794357ba53896c33d875c5bfc210a17ac9f07715c7a716b037c,True,,,1,0,463.359929,2045.331606,6,4157,4,4128
20260726_formal4t4_reuse_intensive_RateFIFO@rho1.2_rep0,0,RateFIFO@rho1.2,RateFIFO,118,reuse_intensive:rep0:req118,reuse_intensive,1,64,1,L0064,4096,2,2,True,1789718538.5600712,4096,4096,4096,39.47927117347717,False,False,False,False,4096,79.92,1,1,4128.0,True,cache_reused,False,False,0,0.0,3a10cfd2b509247fe76078454973cb4f2eb0f000dd781ef415e8e99a30c9d688,True,,,1,0,1146.937517,2486.865886,6,4157,4,4128
20260726_formal4t4_reuse_intensive_RateFIFO@rho1.2_rep0,0,RateFIFO@rho1.2,RateFIFO,119,reuse_intensive:rep0:req119,reuse_intensive,1,66,2,L0066,4096,2,2,True,1789718538.560102,4096,4096,4096,9.327173948287964,False,False,False,False,4096,77.92,1,1,4128.0,True,cache_reused,False,False,0,0.0,8d10f128e9da9187c555cedd44bc86c1dff6ff3b53dd756f08612f1508f116f6,True,,,1,0,1146.262485,2486.353748,6,4157,4,4128
20260726_formal4t4_reuse_intensive_Ideal_rep1,1,Ideal,Ideal,24,reuse_intensive:rep1:req24,reuse_intensive,0,4,1,L0004,4096,2,0;1;2;3,False,1789718729.7161093,4096,4096,4096,27.268673419952393,False,False,False,False,4096,0.0,4,4,4128.0,False,cache_reused,False,False,0,0.0,ead994e8561941a2554cf8d05fa1fc104e5d1345e6214396364d4109686a1831,True,,,1,0,424.466312,1117.845509,6,4156,4,4128
20260726_formal4t4_reuse_intensive_Ideal_rep1,1,Ideal,Ideal,25,reuse_intensive:rep1:req25,reuse_intensive,0,1,2,L0001,4096,3,0;1;2;3,False,1789718729.7161882,4096,4096,4096,156.12432193756104,False,False,False,False,4096,0.0,4,4,4128.0,False,cache_reused,False,False,0,0.0,fa597e7474ba33775baac9e97141a42f535b6df7a1f086cd40a8c29507c3d936,True,,,1,0,449.19215,1173.411597,6,4156,4,4128
20260726_formal4t4_reuse_intensive_Ideal_rep1,1,Ideal,Ideal,26,reuse_intensive:rep1:req26,reuse_intensive,0,2,1,L0002,4096,0,0;1;2;3,False,1789718729.716225,4096,4096,4096,145.51247382164001,False,False,False,False,4096,0.0,4,4,4128.0,False,cache_reused,False,False,0,0.0,6891c670a86b564226aea0110bd587e27a6acea55ec9252f53fcff198a8b8354,True,,,1,0,492.638399,1292.56783,6,4156,4,4128
20260726_formal4t4_reuse_intensive_Ideal_rep1,1,Ideal,Ideal,27,reuse_intensive:rep1:req27,reuse_intensive,0,0,2,L0000,4096,1,0;1;2;3,False,1789718729.7162557,4096,4096,4096,38.11263561248779,False,False,False,False,4096,0.0,4,4,4128.0,False,cache_reused,False,False,0,0.0,e8c6fb761c5c26fee276c575cdb17714bc1c75f55937d3414cf00fbd46053b4e,True,,,1,0,279.12659,956.10269,6,4156,4,4128
20260726_formal4t4_reuse_intensive_Ideal_rep1,1,Ideal,Ideal,28,reuse_intensive:rep1:req28,reuse_intensive,0,17,0,L0017,4096,2,,False,1789718731.012293,0,0,0,,False,False,False,False,0,0.0,0,0,32.0,False,cache_miss,False,False,0,0.0,fd2f07a8c5c581bc8ddf8008a322eba1b02c1346ee7e768fafbf21a16b8a73ae,True,,,1,0,8120.483825,8839.909281,6,4156,4,32
20260726_formal4t4_reuse_intensive_Ideal_rep1,1,Ideal,Ideal,29,reuse_intensive:rep1:req29,reuse_intensive,0,2,2,L0002,4096,0,0;1;2;3,False,1789718731.012348,4096,4096,4096,0.0006892681121826172,False,False,False,False,4096,0.0,4,4,4128.0,False,cache_reused,False,False,0,0.0,a312cc5f992ca23d316b828efc17ec06eff52a2c4b28676af19200dc415544ae,True,,,1,0,320.366452,1124.647887,6,4156,4,4128
20260726_formal4t4_reuse_intensive_Ideal_rep1,1,Ideal,Ideal,30,reuse_intensive:rep1:req30,reuse_intensive,0,59,0,L0059,4096,3,,False,1789718731.012377,0,0,0,,False,False,False,False,0,0.0,0,0,32.0,False,cache_miss,False,False,0,0.0,4ecf49ae827699f6dc227e033133e23f0b12310d5ba9ca68401d35b02a4725b7,True,,,1,0,8529.600815,9243.718561,6,4156,4,32
20260726_formal4t4_reuse_intensive_Ideal_rep1,1,Ideal,Ideal,31,reuse_intensive:rep1:req31,reuse_intensive,0,1,0,L0001,4096,1,0;1;2;3,False,1789718731.0124128,4096,4096,4096,157.420551776886,False,False,False,False,4096,0.0,4,4,4128.0,False,cache_reused,False,False,0,0.0,bc7ea185e992508212ef0561deac136daa2230be879ce233127010391abae778,True,,,1,0,290.465001,1003.886266,6,4156,4,4128
20260726_formal4t4_reuse_intensive_Ideal_rep1,1,Ideal,Ideal,32,reuse_intensive:rep1:req32,reuse_intensive,0,0,0,L0000,4096,0,0;1;2;3,False,1789718740.2594442,4096,4096,4096,10.543399095535278,False,False,False,False,4096,0.0,4,4,4128.0,False,cache_reused,False,False,0,0.0,8a1d3b0a7b0c2ada148e91616d936f7d33e7cdbeb3d5c62c91b49a393647ba17,True,,,1,0,467.413764,1252.959425,6,4156,4,4128
20260726_formal4t4_reuse_intensive_Ideal_rep1,1,Ideal,Ideal,33,reuse_intensive:rep1:req33,reuse_intensive,0,44,0,L0044,4096,2,,False,1789718740.259485,0,0,0,,False,False,False,False,0,0.0,0,0,32.0,False,cache_miss,False,False,0,0.0,02638b210a878ccd455c6484e5943daa0976417eed442d633c0d2684b783acb7,True,,,1,0,8451.709527,9179.920984,6,4156,4,32
20260726_formal4t4_reuse_intensive_Ideal_rep1,1,Ideal,Ideal,34,reuse_intensive:rep1:req34,reuse_intensive,0,25,0,L0025,4096,3,,False,1789718740.2595134,0,0,0,,False,False,False,False,0,0.0,0,0,32.0,False,cache_miss,False,False,0,0.0,9928fd26215fb6c8559fd7f707fce2c6191dd390ccdea875ecee17df321e9871,True,,,1,0,8841.681703,9554.093024,6,4156,4,32
20260726_formal4t4_reuse_intensive_Ideal_rep1,1,Ideal,Ideal,35,reuse_intensive:rep1:req35,reuse_intensive,0,11,1,L0011,4096,1,0;1;2;3,False,1789718740.259552,4096,4096,4096,72.12627506256104,False,False,False,False,4096,0.0,4,4,4128.0,False,cache_reused,False,False,0,0.0,38a4f0059b5ac6d2937c4187652b341353b3129ea0e427b51b87ec16a4a85790,True,,,1,0,454.738876,1199.235701,6,4156,4,4128
20260726_formal4t4_reuse_intensive_Ideal_rep1,1,Ideal,Ideal,36,reuse_intensive:rep1:req36,reuse_intensive,0,1,1,L0001,4096,2,0;1;2;3,False,1789718749.8173695,4096,4096,4096,37.89050817489624,False,False,False,False,4096,0.0,4,4,4128.0,False,cache_reused,False,False,0,0.0,8cfba15f4ea2635198bc5649221b8254498802898c9daf4536115143c4fc6360,True,,,1,0,289.017097,984.665991,6,4156,4,4128
20260726_formal4t4_reuse_intensive_Ideal_rep1,1,Ideal,Ideal,37,reuse_intensive:rep1:req37,reuse_intensive,0,0,1,L0000,4096,1,0;1;2;3,False,1789718749.8174205,4096,4096,4096,18.80546498298645,False,False,False,False,4096,0.0,4,4,4128.0,False,cache_reused,False,False,0,0.0,55a69c80ecdf7b0e5ce2ea8244a5b1b4f0b3bc3cb2123c441fb53e11c50e1cef,True,,,1,0,440.381091,1113.446162,6,4156,4,4128
20260726_formal4t4_reuse_intensive_Ideal_rep1,1,Ideal,Ideal,38,reuse_intensive:rep1:req38,reuse_intensive,0,8,0,L0008,4096,0,0;1;2;3,False,1789718749.817464,4096,4096,4096,111.21775317192078,False,False,False,False,4096,0.0,4,4,4128.0,False,cache_reused,False,False,0,0.0,23e8470b3aa8b34d554ee1e9f7dfa17ed18ebb944b349fd79d39999c3bef4276,True,,,1,0,450.737324,1192.281814,6,4156,4,4128
20260726_formal4t4_reuse_intensive_Ideal_rep1,1,Ideal,Ideal,39,reuse_intensive:rep1:req39,reuse_intensive,0,6,0,L0006,4096,3,0;1;2;3,False,1789718749.8175144,4096,4096,4096,124.22043514251709,False,False,False,False,4096,0.0,4,4,4128.0,False,cache_reused,False,False,0,0.0,0b3139e7938bd0081e28c8edf34c153a7200957ef027db58b730a6af0a068fab,True,,,1,0,296.708779,1023.595708,6,4156,4,4128
20260726_formal4t4_reuse_intensive_Ideal_rep1,1,Ideal,Ideal,40,reuse_intensive:rep1:req40,reuse_intensive,0,0,2,L0000,4096,2,0;1;2;3,False,1789718751.0134785,4096,4096,4096,30.337897539138794,False,False,False,False,4096,0.0,4,4,4128.0,False,cache_reused,False,False,0,0.0,d07423d886b0007ba137c6ab0fac09035811a86bf8db0bb4ad263ecd773a6a5e,True,,,1,0,290.26323,999.328754,6,4156,4,4128
20260726_formal4t4_reuse_intensive_Ideal_rep1,1,Ideal,Ideal,41,reuse_intensive:rep1:req41,reuse_intensive,0,4,2,L0004,4096,0,0;1;2;3,False,1789718751.01353,4096,4096,4096,146.41066455841064,False,False,False,False,4096,0.0,4,4,4128.0,False,cache_reused,False,False,0,0.0,f35a57674f627997e0cd028d934f438b0944a3234f638ccfac36332806e08783,True,,,1,0,296.499677,1039.938791,6,4156,4,4128
20260726_formal4t4_reuse_intensive_Ideal_rep1,1,Ideal,Ideal,42,reuse_intensive:rep1:req42,reuse_intensive,0,2,0,L0002,4096,1,0;1;2;3,False,1789718751.0135682,4096,4096,4096,166.80980587005615,False,False,False,False,4096,0.0,4,4,4128.0,False,cache_reused,False,False,0,0.0,9e47b88b09ec54a29c89b6cf69bfcf1bd2eb3185e85e1c72367cf0f3bd15f818,True,,,1,0,307.148457,1068.424677,6,4156,4,4128
20260726_formal4t4_reuse_intensive_Ideal_rep1,1,Ideal,Ideal,43,reuse_intensive:rep1:req43,reuse_intensive,0,0,0,L0000,4096,3,0;1;2;3,False,1789718751.0135992,4096,4096,4096,30.338025331497192,False,False,False,False,4096,0.0,4,4,4128.0,False,cache_reused,False,False,0,0.0,c44524791087196a4883bc5b723b64542237c6d21f9c461554f4ab86377a3475,True,,,1,0,293.183805,1023.788479,6,4156,4,4128
20260726_formal4t4_reuse_intensive_Ideal_rep1,1,Ideal,Ideal,44,reuse_intensive:rep1:req44,reuse_intensive,0,3,2,L0003,4096,2,0;1;2;3,False,1789718752.0853658,4096,4096,4096,22.36931324005127,False,False,False,False,4096,0.0,4,4,4128.0,False,cache_reused,False,False,0,0.0,3ed3f73abbdb539806f71f870af2f0fbaeaaefa25566f6ac62bab58096092ac6,True,,,1,0,278.970688,974.642524,6,4156,4,4128
20260726_formal4t4_reuse_intensive_Ideal_rep1,1,Ideal,Ideal,45,reuse_intensive:rep1:req45,reuse_intensive,0,1,2,L0001,4096,3,0;1;2;3,False,1789718752.085416,4096,4096,4096,21.07406520843506,False,False,False,False,4096,0.0,4,4,4128.0,False,cache_reused,False,False,0,0.0,32549592a42b7ef5087fccb8139d70a06b28e39995e812ac15f734a51c776230,True,,,1,0,292.374968,1016.474473,6,4156,4,4128
20260726_formal4t4_reuse_intensive_Ideal_rep1,1,Ideal,Ideal,46,reuse_intensive:rep1:req46,reuse_intensive,0,4,0,L0004,4096,0,0;1;2;3,False,1789718752.085452,4096,4096,4096,0.0010437965393066406,False,False,False,False,4096,0.0,4,4,4128.0,False,cache_reused,False,False,0,0.0,62b99311c7422c1418467214b56ac7e3817fae2449ef25a964da51c013e1f669,True,,,1,0,300.79571,1044.72793,6,4156,4,4128
20260726_formal4t4_reuse_intensive_Ideal_rep1,1,Ideal,Ideal,47,reuse_intensive:rep1:req47,reuse_intensive,0,20,0,L0020,4096,1,,False,1789718752.0854766,0,0,0,,False,False,False,False,0,0.0,0,0,32.0,False,cache_miss,False,False,0,0.0,d0c812882023b5aa76331dd6d5847f47876a31f10c8dcfee28d26c82bc5f1744,True,,,1,0,8591.811638,9313.639709,6,4156,4,32
20260726_formal4t4_reuse_intensive_Ideal_rep1,1,Ideal,Ideal,48,reuse_intensive:rep1:req48,reuse_intensive,0,3,0,L0003,4096,1,0;1;2;3,False,1789718761.40315,4096,4096,4096,60.104336738586426,False,False,False,False,4096,0.0,4,4,4128.0,False,cache_reused,False,False,0,0.0,4088a7d9e3a868461664f81acce6eb1a0f5ae6bfd8f4a362e421c58f611faafb,True,,,1,0,297.167157,1022.510373,6,4156,4,4128
20260726_formal4t4_reuse_intensive_Ideal_rep1,1,Ideal,Ideal,49,reuse_intensive:rep1:req49,reuse_intensive,0,2,1,L0002,4096,0,0;1;2;3,False,1789718761.403208,4096,4096,4096,21.144744157791138,False,False,False,False,4096,0.0,4,4,4128.0,False,cache_reused,False,False,0,0.0,7a84eeeb94373affc8280c7a594e1e6be31a5752dc17828e0da0ee8159f12b58,True,,,1,0,500.338285,1306.073386,6,4156,4,4128
20260726_formal4t4_reuse_intensive_Ideal_rep1,1,Ideal,Ideal,50,reuse_intensive:rep1:req50,reuse_intensive,0,36,1,L0036,4096,3,3,False,1789718761.4032433,4096,4096,4096,49.47635316848755,False,False,False,False,4096,0.0,1,1,4128.0,False,cache_reused,False,False,0,0.0,135a6e858903638ea507f23578327ea63ade9e96f18e6f5648850d72db6099d7,True,,,1,0,451.593789,1185.593861,6,4156,4,4128
20260726_formal4t4_reuse_intensive_Ideal_rep1,1,Ideal,Ideal,51,reuse_intensive:rep1:req51,reuse_intensive,0,31,0,L0031,4096,2,,False,1789718761.4032688,0,0,0,,False,False,False,False,0,0.0,0,0,32.0,False,cache_miss,False,False,0,0.0,ab3886e928d184083931f38ce830597529331997234ed00c352be7c72edfc785,True,,,1,0,8852.423086,9615.625248,6,4156,4,32
20260726_formal4t4_reuse_intensive_Ideal_rep1,1,Ideal,Ideal,52,reuse_intensive:rep1:req52,reuse_intensive,0,0,1,L0000,4096,0,0;1;2;3,False,1789718771.0232778,4096,4096,4096,21.20735454559326,False,False,False,False,4096,0.0,4,4,4128.0,False,cache_reused,False,False,0,0.0,4e034460afe0ae93964e568ee16134dbe48a66c2ca4fb33cf9028086b1d7029b,True,,,1,0,486.272164,1273.309924,6,4156,4,4128
20260726_formal4t4_reuse_intensive_Ideal_rep1,1,Ideal,Ideal,53,reuse_intensive:rep1:req53,reuse_intensive,0,10,0,L0010,4096,2,0;1;2;3,False,1789718771.023329,4096,4096,4096,112.70466613769531,False,False,False,False,4096,0.0,4,4,4128.0,False,cache_reused,False,False,0,0.0,53be2c9987ae7d0b72c58562202f6e61b4db45a23c879e77293606492526ba7d,True,,,1,0,284.796247,1045.22263,6,4156,4,4128
20260726_formal4t4_reuse_intensive_Ideal_rep1,1,Ideal,Ideal,54,reuse_intensive:rep1:req54,reuse_intensive,0,1,0,L0001,4096,1,0;1;2;3,False,1789718771.023366,4096,4096,4096,30.764288187026978,False,False,False,False,4096,0.0,4,4,4128.0,False,cache_reused,False,False,0,0.0,757e8e596f607667de19119e58fcd2af2de40c52afde5fa80e693bcc6bbeabd7,True,,,1,0,420.914435,1130.579837,6,4156,4,4128
20260726_formal4t4_reuse_intensive_Ideal_rep1,1,Ideal,Ideal,55,reuse_intensive:rep1:req55,reuse_intensive,0,47,0,L0047,4096,3,,False,1789718771.02339,0,0,0,,False,False,False,False,0,0.0,0,0,32.0,False,cache_miss,False,False,0,0.0,a03e928f1d681cc9dc0b488c6c2901f3db865fab7b1f82519aaf04885ef1458b,True,,,1,0,9519.033405,10296.184794,6,4156,4,32
20260726_formal4t4_reuse_intensive_Ideal_rep1,1,Ideal,Ideal,56,reuse_intensive:rep1:req56,reuse_intensive,0,33,0,L0033,4096,3,,False,1789718781.323903,0,0,0,,False,False,False,False,0,0.0,0,0,32.0,False,cache_miss,False,False,0,0.0,ef288d17f2d692af9ff89bb94d3307fc0242839e7e192628b6480bbc908fdc4b,True,,,1,0,8563.784442,9265.551706,6,4156,4,32
20260726_formal4t4_reuse_intensive_Ideal_rep1,1,Ideal,Ideal,57,reuse_intensive:rep1:req57,reuse_intensive,0,11,2,L0011,4096,1,0;1;2;3,False,1789718781.323961,4096,4096,4096,31.506981372833252,False,False,False,False,4096,0.0,4,4,4128.0,False,cache_reused,False,False,0,0.0,4a02cdae2a49a1af90b0eaca884c94f7403a240cbc84b9ab1601402b6452b372,True,,,1,0,455.484409,1192.525398,6,4156,4,4128
20260726_formal4t4_reuse_intensive_Ideal_rep1,1,Ideal,Ideal,58,reuse_intensive:rep1:req58,reuse_intensive,0,38,0,L0038,4096,0,,False,1789718781.3239923,0,0,0,,False,False,False,False,0,0.0,0,0,32.0,False,cache_miss,False,False,0,0.0,92d3bc300d3067d3987668274347fe47a820390ce263a5923930141b6e850798,True,,,1,0,8825.041306,9615.257894,6,4156,4,32
20260726_formal4t4_reuse_intensive_Ideal_rep1,1,Ideal,Ideal,59,reuse_intensive:rep1:req59,reuse_intensive,0,0,2,L0000,4096,2,0;1;2;3,False,1789718781.3240294,4096,4096,4096,29.23998713493347,False,False,False,False,4096,0.0,4,4,4128.0,False,cache_reused,False,False,0,0.0,a0affa8e88dcd8ad93aec1c3b4d40e409c99719cb0a99ab0be8ad73a34a8f1b7,True,,,1,0,444.719308,1158.433538,6,4156,4,4128
20260726_formal4t4_reuse_intensive_Ideal_rep1,1,Ideal,Ideal,60,reuse_intensive:rep1:req60,reuse_intensive,1,87,0,L0087,4096,1,,False,1789718790.942861,0,0,0,,False,False,False,False,0,0.0,0,0,32.0,False,cache_miss,False,False,0,0.0,dac312222027957405dabf9ec886bb47aeb2706b460f87d52fb5d63fc922a4da,True,,,1,0,9017.081277,9765.468168,6,4156,4,32
20260726_formal4t4_reuse_intensive_Ideal_rep1,1,Ideal,Ideal,61,reuse_intensive:rep1:req61,reuse_intensive,1,65,0,L0065,4096,2,,False,1789718790.9429002,0,0,0,,False,False,False,False,0,0.0,0,0,32.0,False,cache_miss,False,False,0,0.0,663be6d01dba66a710f74eeaf2bfc0ce90f264eb15122f2195734f33b56b2022,True,,,1,0,7789.048469,8473.412511,6,4156,4,32
20260726_formal4t4_reuse_intensive_Ideal_rep1,1,Ideal,Ideal,62,reuse_intensive:rep1:req62,reuse_intensive,1,79,0,L0079,4096,3,,False,1789718790.9429245,0,0,0,,False,False,False,False,0,0.0,0,0,32.0,False,cache_miss,False,False,0,0.0,4857ac2fe0d8026900ea8571ebdc80b6cac99e616ca2f44c2bfd5dee989e5af2,True,,,1,0,8770.274456,9494.834743,6,4156,4,32
20260726_formal4t4_reuse_intensive_Ideal_rep1,1,Ideal,Ideal,63,reuse_intensive:rep1:req63,reuse_intensive,1,67,0,L0067,4096,0,,False,1789718790.942945,0,0,0,,False,False,False,False,0,0.0,0,0,32.0,False,cache_miss,False,False,0,0.0,a77d6b6caf11b05b56e8d8099dafe9175d9a3f8cdef430cb95dcbfd63679057a,True,,,1,0,8728.620017,9482.087253,6,4156,4,32
20260726_formal4t4_reuse_intensive_Ideal_rep1,1,Ideal,Ideal,64,reuse_intensive:rep1:req64,reuse_intensive,1,66,0,L0066,4096,1,,False,1789718800.7100122,0,0,0,,False,False,False,False,0,0.0,0,0,32.0,False,cache_miss,False,False,0,0.0,abdd665072f3f639532c7fd8ab45ba6683ea34e68db2ebadedbdb8978f715da9,True,,,1,0,8561.234055,9291.043761,6,4156,4,32
20260726_formal4t4_reuse_intensive_Ideal_rep1,1,Ideal,Ideal,65,reuse_intensive:rep1:req65,reuse_intensive,1,64,0,L0064,4096,3,,False,1789718800.7100477,0,0,0,,False,False,False,False,0,0.0,0,0,32.0,False,cache_miss,False,False,0,0.0,8196fbfab01066670a59e69df247ebe9ce0cd7f3a986e9c878dfc047dd7bd062,True,,,1,0,8846.874073,9574.553626,6,4156,4,32
20260726_formal4t4_reuse_intensive_Ideal_rep1,1,Ideal,Ideal,66,reuse_intensive:rep1:req66,reuse_intensive,1,67,1,L0067,4096,0,0,True,1789718800.7100868,4096,4096,4096,0.0004000663757324219,False,False,False,False,4096,81.92,1,1,4128.0,True,cache_reused,False,False,0,0.0,3221cc575df87ffe81d373cdeb94ad42dfb30dfdd64d0ca29b9b9d51bd509abd,True,,,1,0,304.27004,1051.396585,6,4156,4,4128
20260726_formal4t4_reuse_intensive_Ideal_rep1,1,Ideal,Ideal,67,reuse_intensive:rep1:req67,reuse_intensive,1,97,0,L0097,4096,2,,False,1789718800.710114,0,0,0,,False,False,False,False,0,0.0,0,0,32.0,False,cache_miss,False,False,0,0.0,4cf5c86eaf5bbb0884f66c36233d4a1b38b5a426a0c65794c0a1cb9f2b96ef8f,True,,,1,0,7420.138163,8089.247817,6,4156,4,32
20260726_formal4t4_reuse_intensive_Ideal_rep1,1,Ideal,Ideal,68,reuse_intensive:rep1:req68,reuse_intensive,1,125,0,L0125,4096,2,,False,1789718810.2872622,0,0,0,,False,False,False,False,0,0.0,0,0,16.0,False,cache_miss,False,False,0,0.0,a4989493ebd8cdea75d1219d13f5a7a7dbf7ce2505ae85b1901920e0d6cb5a8e,True,,,1,0,8312.200727,9043.323889,6,4156,4,16
20260726_formal4t4_reuse_intensive_Ideal_rep1,1,Ideal,Ideal,69,reuse_intensive:rep1:req69,reuse_intensive,1,69,0,L0069,4096,1,,False,1789718810.2872975,0,0,0,,False,False,False,False,0,0.0,0,0,32.0,False,cache_miss,False,False,0,0.0,53afe9510b17a2b5bb3ef910dbf7cdb80785c058c7998e7c586248c9be16d5e6,True,,,1,0,9193.698832,9974.911176,6,4156,4,32
20260726_formal4t4_reuse_intensive_Ideal_rep1,1,Ideal,Ideal,70,reuse_intensive:rep1:req70,reuse_intensive,1,90,0,L0090,4096,0,,False,1789718810.28732,0,0,0,,False,False,False,False,0,0.0,0,0,32.0,False,cache_miss,False,False,0,0.0,092d8a9507505574ba4892fbe65c2a29233b74e1dba6c57d117bcb54af9c1ffc,True,,,1,0,8320.880596,9078.152344,6,4156,4,32
20260726_formal4t4_reuse_intensive_Ideal_rep1,1,Ideal,Ideal,71,reuse_intensive:rep1:req71,reuse_intensive,1,64,1,L0064,4096,3,3,False,1789718810.2873542,4096,4096,4096,0.0010662078857421875,False,False,False,False,4096,0.0,1,1,4128.0,False,cache_reused,False,False,0,0.0,89723d8f3578b8ea3e2bad54babdd6edbcca0d6c567df308494b362c72545669,True,,,1,0,295.94657,1021.36281,6,4156,4,4128
20260726_formal4t4_reuse_intensive_Ideal_rep1,1,Ideal,Ideal,72,reuse_intensive:rep1:req72,reuse_intensive,1,109,0,L0109,4096,3,,False,1789718820.2648234,0,0,0,,False,False,False,False,0,0.0,0,0,16.0,False,cache_miss,False,False,0,0.0,98d84703c180e702403a3f6e2b44b8a96bd4e9169987b0b7cddf547eccf35484,True,,,1,0,9290.544993,10662.345303,6,4156,4,16
20260726_formal4t4_reuse_intensive_Ideal_rep1,1,Ideal,Ideal,73,reuse_intensive:rep1:req73,reuse_intensive,1,64,2,L0064,4096,3,3,True,1789718820.2648764,4096,4096,4096,0.0003886222839355469,False,False,False,False,4096,79.92,1,1,4128.0,True,cache_reused,False,False,0,0.0,ae3451bde7b84d2a6b6cbf78820cdbb50d45f5e9e112ee218e3cd72fbb1b14e9,True,,,1,0,9289.64007,10661.528048,6,4156,4,4128
20260726_formal4t4_reuse_intensive_Ideal_rep1,1,Ideal,Ideal,74,reuse_intensive:rep1:req74,reuse_intensive,1,74,0,L0074,4096,2,,False,1789718820.2649062,0,0,0,,False,False,False,False,0,0.0,0,0,32.0,False,cache_miss,False,False,0,0.0,ca35847069a4726fcfc3cfd6b19ec36b898b67d4ee49658e7147dc77a8ec8d46,True,,,1,0,8336.890629,9055.382119,6,4156,4,32
20260726_formal4t4_reuse_intensive_Ideal_rep1,1,Ideal,Ideal,75,reuse_intensive:rep1:req75,reuse_intensive,1,75,0,L0075,4096,1,,False,1789718820.264928,0,0,0,,False,False,False,False,0,0.0,0,0,32.0,False,cache_miss,False,False,0,0.0,fab95173120da80a0750117abec4e90752b64c5d04da201d8b1ce9d4904231ba,True,,,1,0,8646.059526,9368.287552,6,4156,4,32
20260726_formal4t4_reuse_intensive_Ideal_rep1,1,Ideal,Ideal,76,reuse_intensive:rep1:req76,reuse_intensive,1,122,0,L0122,4096,0,,False,1789718830.929137,0,0,0,,False,False,False,False,0,0.0,0,0,16.0,False,cache_miss,False,False,0,0.0,1345c1ad311b524cfeebf0dbb0daac8e31d223c4062abfab58b9bceefb0ff21d,True,,,1,0,9512.435101,10306.388572,6,4156,4,16
20260726_formal4t4_reuse_intensive_Ideal_rep1,1,Ideal,Ideal,77,reuse_intensive:rep1:req77,reuse_intensive,1,64,0,L0064,4096,3,3,False,1789718830.9291985,4096,4096,4096,0.000993967056274414,False,False,False,False,4096,0.0,1,1,4128.0,False,cache_reused,False,False,0,0.0,ef1c2624114a3659476767b1d50df8337a62048c6bbd76547b46407e9499cb74,True,,,1,0,298.524946,1025.251856,6,4156,4,4128
20260726_formal4t4_reuse_intensive_Ideal_rep1,1,Ideal,Ideal,78,reuse_intensive:rep1:req78,reuse_intensive,1,103,0,L0103,4096,2,,False,1789718830.9292283,0,0,0,,False,False,False,False,0,0.0,0,0,32.0,False,cache_miss,False,False,0,0.0,228c02ce1351e268c414c1a96d8f18c2497fa60f661d282cb3680bfb28a6229c,True,,,1,0,8370.288013,9059.078115,6,4156,4,32
20260726_formal4t4_reuse_intensive_Ideal_rep1,1,Ideal,Ideal,79,reuse_intensive:rep1:req79,reuse_intensive,1,98,0,L0098,4096,1,,False,1789718830.9292526,0,0,0,,False,False,False,False,0,0.0,0,0,32.0,False,cache_miss,False,False,0,0.0,32332ddf42df9f3d52d64356c698c51b4c7402e3b3961a950fce3fb84abb55d6,True,,,1,0,8738.813918,9500.03259,6,4156,4,32
20260726_formal4t4_reuse_intensive_Ideal_rep1,1,Ideal,Ideal,80,reuse_intensive:rep1:req80,reuse_intensive,1,69,1,L0069,4096,1,1,False,1789718841.2372754,4096,4096,4096,20.973392724990845,False,False,False,False,4096,0.0,1,1,4128.0,False,cache_reused,False,False,0,0.0,fecc1594019ccbd1f72e99481940c02e023d5c5f0f89c51383dfab24fc9fde36,True,,,1,0,316.081984,1100.556545,6,4156,4,4128
20260726_formal4t4_reuse_intensive_Ideal_rep1,1,Ideal,Ideal,81,reuse_intensive:rep1:req81,reuse_intensive,1,120,0,L0120,4096,3,,False,1789718841.2373154,0,0,0,,False,False,False,False,0,0.0,0,0,32.0,False,cache_miss,False,False,0,0.0,6e08e69cf136b9dbd768ec8dd42a0de7d5542e98dca5e4fc82f2b423c50bc400,True,,,1,0,9264.275196,9970.167263,6,4156,4,32
20260726_formal4t4_reuse_intensive_Ideal_rep1,1,Ideal,Ideal,82,reuse_intensive:rep1:req82,reuse_intensive,1,74,1,L0074,4096,2,2,True,1789718841.2373512,4096,4096,4096,10.308837652206421,False,False,False,False,4096,81.92,1,1,4128.0,True,cache_reused,False,False,0,0.0,7bc6bb4d6deaa4026d115b25d1428abd239115e2c439569b5e5aa8dc24b3668a,True,,,1,0,296.288592,1598.874666,6,4156,4,4128
20260726_formal4t4_reuse_intensive_Ideal_rep1,1,Ideal,Ideal,83,reuse_intensive:rep1:req83,reuse_intensive,1,65,1,L0065,4096,2,2,True,1789718841.2373824,4096,4096,4096,40.52832531929016,False,False,False,False,4096,79.92,1,1,4128.0,True,cache_reused,False,False,0,0.0,0cf66cbdb260204c8d838d88ca1729c57e1c15a7fc513313877bf5eee6e5457f,True,,,1,0,730.954915,1825.628623,6,4156,4,4128
20260726_formal4t4_reuse_intensive_Ideal_rep1,1,Ideal,Ideal,84,reuse_intensive:rep1:req84,reuse_intensive,1,95,0,L0095,4096,0,,False,1789718851.210149,0,0,0,,False,False,False,False,0,0.0,0,0,32.0,False,cache_miss,False,False,0,0.0,04454472cf917ee7b86692195c62d0c529dfed749d16d6bf39bc61915d1b27e8,True,,,1,0,8437.745822,9170.212195,6,4156,4,32
20260726_formal4t4_reuse_intensive_Ideal_rep1,1,Ideal,Ideal,85,reuse_intensive:rep1:req85,reuse_intensive,1,70,0,L0070,4096,3,,False,1789718851.2101977,0,0,0,,False,False,False,False,0,0.0,0,0,32.0,False,cache_miss,False,False,0,0.0,ef5027a09d057a63553c036b5b31eb04905a127b38acc95faf49eb4358908793,True,,,1,0,8812.412295,10148.957606,6,4156,4,32
20260726_formal4t4_reuse_intensive_Ideal_rep1,1,Ideal,Ideal,86,reuse_intensive:rep1:req86,reuse_intensive,1,71,0,L0071,4096,1,,False,1789718851.2102246,0,0,0,,False,False,False,False,0,0.0,0,0,32.0,False,cache_miss,False,False,0,0.0,1514204d10d8ae7d483f33d574f98942ba685a053e0941fb8416611d6e9f5408,True,,,1,0,8997.872946,9743.62934,6,4156,4,32
20260726_formal4t4_reuse_intensive_Ideal_rep1,1,Ideal,Ideal,87,reuse_intensive:rep1:req87,reuse_intensive,1,79,1,L0079,4096,3,3,True,1789718851.210259,4096,4096,4096,50.500871896743774,False,False,False,False,4096,79.92,1,1,4128.0,True,cache_reused,False,False,0,0.0,5a5f8a151636bf3f18810d8024b7a5be1f263f418a84f3a35ec6b11949b13a03,True,,,1,0,8810.825868,10147.454044,6,4156,4,4128
20260726_formal4t4_reuse_intensive_Ideal_rep1,1,Ideal,Ideal,88,reuse_intensive:rep1:req88,reuse_intensive,1,71,1,L0071,4096,1,1,False,1789718861.362199,4096,4096,4096,0.0006580352783203125,False,False,False,False,4096,0.0,1,1,4128.0,False,cache_reused,False,False,0,0.0,b41940b9016131f7c82e6ae6b7a88ff89dd4c6e3955b0d7725a4b130bf08c552,True,,,1,0,307.236767,1059.311358,6,4156,4,4128
20260726_formal4t4_reuse_intensive_Ideal_rep1,1,Ideal,Ideal,89,reuse_intensive:rep1:req89,reuse_intensive,1,68,0,L0068,4096,3,,False,1789718861.3622391,0,0,0,,False,False,False,False,0,0.0,0,0,32.0,False,cache_miss,False,False,0,0.0,5cab005a47049fda200da4121b63de43142308d1aa2388f133f517ff6b4ba13c,True,,,1,0,9101.837474,9844.011837,6,4156,4,32
20260726_formal4t4_reuse_intensive_Ideal_rep1,1,Ideal,Ideal,90,reuse_intensive:rep1:req90,reuse_intensive,1,65,2,L0065,4096,2,2,True,1789718861.3622758,4096,4096,4096,10.15245771408081,False,False,False,False,4096,81.92,1,1,4128.0,True,cache_reused,False,False,0,0.0,91d8c47b30e26e89a33bc3017570a513183126a5de01ad4b18c43d0e67c73dcf,True,,,1,0,428.754682,1118.80242,6,4156,4,4128
20260726_formal4t4_reuse_intensive_Ideal_rep1,1,Ideal,Ideal,91,reuse_intensive:rep1:req91,reuse_intensive,1,105,0,L0105,4096,0,,False,1789718861.3623035,0,0,0,,False,False,False,False,0,0.0,0,0,32.0,False,cache_miss,False,False,0,0.0,b53f73310d48aea9c90d5f56745c105debf4b6a2fff412a897bebff55dc0c492,True,,,1,0,9128.749115,9908.05805,6,4156,4,32
20260726_formal4t4_reuse_intensive_Ideal_rep1,1,Ideal,Ideal,92,reuse_intensive:rep1:req92,reuse_intensive,1,72,0,L0072,4096,3,,False,1789718871.2747436,0,0,0,,False,False,False,False,0,0.0,0,0,32.0,False,cache_miss,False,False,0,0.0,fa623b87516c7cfbdf9ae07c610f69eda1f2347d551b747a2fee668cfb564196,True,,,1,0,9455.74948,10844.727055,6,4156,4,32
20260726_formal4t4_reuse_intensive_Ideal_rep1,1,Ideal,Ideal,93,reuse_intensive:rep1:req93,reuse_intensive,1,64,1,L0064,4096,3,3,True,1789718871.2747948,4096,4096,4096,30.038474798202515,False,False,False,False,4096,79.92,1,1,4128.0,True,cache_reused,False,False,0,0.0,1c783bd15c4256e10fd663d9ab2881d0932db3b1e5604b5641b4d3cd7e9a67f9,True,,,1,0,9454.86831,10843.893955,6,4156,4,4128
20260726_formal4t4_reuse_intensive_Ideal_rep1,1,Ideal,Ideal,94,reuse_intensive:rep1:req94,reuse_intensive,1,78,0,L0078,4096,0,,False,1789718871.274824,0,0,0,,False,False,False,False,0,0.0,0,0,32.0,False,cache_miss,False,False,0,0.0,63bde83dcbd2d5e8d053b84fb33e8f6384bbcdb66fa8bf792ea7c6c3370b1da9,True,,,1,0,8347.790525,9082.923463,6,4156,4,32
20260726_formal4t4_reuse_intensive_Ideal_rep1,1,Ideal,Ideal,95,reuse_intensive:rep1:req95,reuse_intensive,1,64,2,L0064,4096,3,3,True,1789718871.2748544,4096,4096,4096,30.03853440284729,False,False,False,False,4096,77.92,1,1,4128.0,True,cache_reused,False,False,0,0.0,80110d0d8e256b2dff46c5543969f8d04c40ed9af04bcb65d549d4e3ce705327,True,,,1,0,9452.810998,10841.657257,6,4156,4,4128
20260726_formal4t4_reuse_intensive_Ideal_rep1,1,Ideal,Ideal,96,reuse_intensive:rep1:req96,reuse_intensive,1,64,0,L0064,4096,3,3,True,1789718882.1213665,4096,4096,4096,0.0003490447998046875,False,False,False,False,4096,81.92,1,1,4128.0,True,cache_reused,False,False,0,0.0,562c6bbb86ada9cec36b61f74d4ab3f161be8e89b18b3fbb106e8c8d1867f206,True,,,1,0,302.121327,1090.606726,6,4156,4,4128
20260726_formal4t4_reuse_intensive_Ideal_rep1,1,Ideal,Ideal,97,reuse_intensive:rep1:req97,reuse_intensive,1,87,1,L0087,4096,1,1,True,1789718882.1214142,4096,4096,4096,81.41270422935486,False,False,False,False,4096,81.92,1,1,4128.0,True,cache_reused,False,False,0,0.0,328fa8da3f9b7c0a7812de418a9cc8fbdf7db20f2e57a406708d5560d9da528a,True,,,1,0,473.707793,1230.221511,6,4156,4,4128
20260726_formal4t4_reuse_intensive_Ideal_rep1,1,Ideal,Ideal,98,reuse_intensive:rep1:req98,reuse_intensive,1,64,1,L0064,4096,3,3,True,1789718882.1214473,4096,4096,4096,0.0004298686981201172,False,False,False,False,4096,79.92,1,1,4128.0,True,cache_reused,False,False,0,0.0,693c57dcf1ca72a0ff046131055544c434bb5fbd692d5ea4cfd6a0cfafe92455,True,,,1,0,566.531977,1332.873498,6,4156,4,4128
20260726_formal4t4_reuse_intensive_Ideal_rep1,1,Ideal,Ideal,99,reuse_intensive:rep1:req99,reuse_intensive,1,67,2,L0067,4096,0,0,True,1789718882.1214752,4096,4096,4096,71.83488368988037,False,False,False,False,4096,81.92,1,1,4128.0,True,cache_reused,False,False,0,0.0,490fee34a1515925a902e6742cf2efe248d17e1828294808960f8d300f0e2fd3,True,,,1,0,435.073861,1183.838193,6,4156,4,4128
20260726_formal4t4_reuse_intensive_Ideal_rep1,1,Ideal,Ideal,100,reuse_intensive:rep1:req100,reuse_intensive,1,64,2,L0064,4096,3,3,True,1789718883.457886,4096,4096,4096,0.0006411075592041016,False,False,False,False,4096,81.92,1,1,4128.0,True,cache_reused,False,False,0,0.0,e34312590e84f1a84a82c24a5b06170ebb08a7f6eba8f7b99071f133fefc97ca,True,,,1,0,303.680479,2501.0527,6,4157,4,4128
20260726_formal4t4_reuse_intensive_Ideal_rep1,1,Ideal,Ideal,101,reuse_intensive:rep1:req101,reuse_intensive,1,68,1,L0068,4096,3,3,True,1789718883.4579327,4096,4096,4096,12.18413782119751,False,False,False,False,4096,79.92,1,1,4128.0,True,cache_reused,False,False,0,0.0,7e4bca15d2108922bade032d0236f06c8cc9bff33fdc5df95038026949ab42e7,True,,,1,0,1219.309375,2962.485278,6,4157,4,4128
20260726_formal4t4_reuse_intensive_Ideal_rep1,1,Ideal,Ideal,102,reuse_intensive:rep1:req102,reuse_intensive,1,67,0,L0067,4096,0,0,False,1789718883.4579663,4096,4096,4096,0.0004267692565917969,False,False,False,False,4096,0.0,1,1,4128.0,False,cache_reused,False,False,0,0.0,e85a9ac6b8f5bbbad6eb4febf22e77fb03e68732d71f25c7729eec581e05d7a8,True,,,1,0,302.420776,1052.741336,6,4157,4,4128
20260726_formal4t4_reuse_intensive_Ideal_rep1,1,Ideal,Ideal,103,reuse_intensive:rep1:req103,reuse_intensive,1,72,1,L0072,4096,3,3,True,1789718883.457997,4096,4096,4096,1.3379597663879395,False,False,False,False,4096,77.92,1,1,4128.0,True,cache_reused,False,False,0,0.0,8e2628600e339b15d1cc7d3eff016d404024b53ac793ac80789aa5eeb2de9f93,True,,,1,0,1217.597133,2961.21131,6,4157,4,4128
20260726_formal4t4_reuse_intensive_Ideal_rep1,1,Ideal,Ideal,104,reuse_intensive:rep1:req104,reuse_intensive,1,68,2,L0068,4096,3,3,True,1789718886.42331,4096,4096,4096,0.0009608268737792969,False,False,False,False,4096,81.92,1,1,4128.0,True,cache_reused,False,False,0,0.0,9df1877a4ee6143bb7f1243b527b1afdc9a0a45e3cad74cd60ea1472e95d4a1c,True,,,1,0,307.083883,1934.941578,6,4157,4,4128
20260726_formal4t4_reuse_intensive_Ideal_rep1,1,Ideal,Ideal,105,reuse_intensive:rep1:req105,reuse_intensive,1,64,0,L0064,4096,3,3,True,1789718886.4233584,4096,4096,4096,0.0013980865478515625,False,False,False,False,4096,79.92,1,1,4128.0,True,cache_reused,False,False,0,0.0,816f18c2ea430c5d45b61b9a236577699384a3df5c4103ee121bd53c20ce42cb,True,,,1,0,981.005196,2403.995422,6,4157,4,4128
20260726_formal4t4_reuse_intensive_Ideal_rep1,1,Ideal,Ideal,106,reuse_intensive:rep1:req106,reuse_intensive,1,83,0,L0083,4096,2,,False,1789718886.4233873,0,0,0,,False,False,False,False,0,0.0,0,0,32.0,False,cache_miss,False,False,0,0.0,42448b2648652d8459123f165129b5e34bb74191e6b64e6c009e0261d4c4f641,True,,,1,0,8704.022313,9462.95143,6,4157,4,32
20260726_formal4t4_reuse_intensive_Ideal_rep1,1,Ideal,Ideal,107,reuse_intensive:rep1:req107,reuse_intensive,1,68,0,L0068,4096,3,3,True,1789718886.423418,4096,4096,4096,0.0010688304901123047,False,False,False,False,4096,77.92,1,1,4128.0,True,cache_reused,False,False,0,0.0,47af614fbd76567b458be25e51cec987cf9d269a955212e8dfe9d60ae79a4814,True,,,1,0,979.089554,2402.499266,6,4157,4,4128
20260726_formal4t4_reuse_intensive_Ideal_rep1,1,Ideal,Ideal,108,reuse_intensive:rep1:req108,reuse_intensive,1,64,1,L0064,4096,3,3,True,1789718895.8897479,4096,4096,4096,0.0009577274322509766,False,False,False,False,4096,81.92,1,1,4128.0,True,cache_reused,False,False,0,0.0,35fb7cc7714389929444cfd996480fd2934cedef57ad74f581841bec795efdba,True,,,1,0,856.277441,2218.547927,6,4157,4,4128
20260726_formal4t4_reuse_intensive_Ideal_rep1,1,Ideal,Ideal,109,reuse_intensive:rep1:req109,reuse_intensive,1,65,0,L0065,4096,2,2,True,1789718895.889798,4096,4096,4096,24.615699768066406,False,False,False,False,4096,81.92,1,1,4128.0,True,cache_reused,False,False,0,0.0,475b036e0cda94b8c8f928a9ab25d753dec24a7866f9e8571ff4d31d76430bc8,True,,,1,0,258.570512,939.261996,6,4157,4,4128
20260726_formal4t4_reuse_intensive_Ideal_rep1,1,Ideal,Ideal,110,reuse_intensive:rep1:req110,reuse_intensive,1,70,1,L0070,4096,3,3,True,1789718895.8898351,4096,4096,4096,34.52860116958618,False,False,False,False,4096,79.92,1,1,4128.0,True,cache_reused,False,False,0,0.0,3494015246044ec817369dd9cc08055950bbd7a8cb8396569ae7c0c86a8fc4df,True,,,1,0,854.494456,2216.861316,6,4157,4,4128
20260726_formal4t4_reuse_intensive_Ideal_rep1,1,Ideal,Ideal,111,reuse_intensive:rep1:req111,reuse_intensive,1,77,0,L0077,4096,0,,False,1789718895.8898602,0,0,0,,False,False,False,False,0,0.0,0,0,32.0,False,cache_miss,False,False,0,0.0,0c48f787678bb6fa1e5cfa899c2831557c3deaa7a437f56a10ecc1df54985ec3,True,,,1,0,9737.461253,10547.23026,6,4157,4,32
20260726_formal4t4_reuse_intensive_Ideal_rep1,1,Ideal,Ideal,112,reuse_intensive:rep1:req112,reuse_intensive,1,93,0,L0093,4096,3,,False,1789718906.4415452,0,0,0,,False,False,False,False,0,0.0,0,0,32.0,False,cache_miss,False,False,0,0.0,25d15a2eb436e92c2a00dc5ff9aa15214c9a830de65291cbcb6e2c1bba05297b,True,,,1,0,9684.046947,11071.084955,6,4157,4,32
20260726_formal4t4_reuse_intensive_Ideal_rep1,1,Ideal,Ideal,113,reuse_intensive:rep1:req113,reuse_intensive,1,64,2,L0064,4096,3,3,True,1789718906.441597,4096,4096,4096,0.0013766288757324219,False,False,False,False,4096,79.92,1,1,4128.0,True,cache_reused,False,False,0,0.0,9ae3d0add036df57f2a9ef66c18c1ff2464a7253886e7fa73717c058721ea061,True,,,1,0,9682.778588,11069.735476,6,4157,4,4128
20260726_formal4t4_reuse_intensive_Ideal_rep1,1,Ideal,Ideal,114,reuse_intensive:rep1:req114,reuse_intensive,1,65,1,L0065,4096,2,2,True,1789718906.441634,4096,4096,4096,0.0010385513305664062,False,False,False,False,4096,81.92,1,1,4128.0,True,cache_reused,False,False,0,0.0,e271c8d079d74dad2fc115520183ee911440cdb3550672f65e4af876b33e616a,True,,,1,0,441.953116,1127.818683,6,4157,4,4128
20260726_formal4t4_reuse_intensive_Ideal_rep1,1,Ideal,Ideal,115,reuse_intensive:rep1:req115,reuse_intensive,1,66,1,L0066,4096,1,1,True,1789718906.4416664,4096,4096,4096,96.15576553344727,False,False,False,False,4096,81.92,1,1,4128.0,True,cache_reused,False,False,0,0.0,7c97cea606873a46d0b3a2e897320d57b6561959df040cb129bafcb8a1df1def,True,,,1,0,434.673068,1162.949324,6,4157,4,4128
20260726_formal4t4_reuse_intensive_Ideal_rep1,1,Ideal,Ideal,116,reuse_intensive:rep1:req116,reuse_intensive,1,85,0,L0085,4096,2,,False,1789718917.514387,0,0,0,,False,False,False,False,0,0.0,0,0,32.0,False,cache_miss,False,False,0,0.0,2268bd2b295a65b7267dfd7cf51129ba6a128147032981df645b49f563e64d18,True,,,1,0,7759.171246,8418.082827,6,4157,4,32
20260726_formal4t4_reuse_intensive_Ideal_rep1,1,Ideal,Ideal,117,reuse_intensive:rep1:req117,reuse_intensive,1,120,1,L0120,4096,3,3,False,1789718917.5144386,4096,4096,4096,66.30522847175598,False,False,False,False,4096,0.0,1,1,4128.0,False,cache_reused,False,False,0,0.0,3944ff2fc7ac530605c0bdc9c2cd1150925702c56b42f9b5119d7f4662c995ee,True,,,1,0,294.560532,1668.178304,6,4157,4,4128
20260726_formal4t4_reuse_intensive_Ideal_rep1,1,Ideal,Ideal,118,reuse_intensive:rep1:req118,reuse_intensive,1,69,2,L0069,4096,1,1,False,1789718917.5144763,4096,4096,4096,66.30565857887268,False,False,False,False,4096,0.0,1,1,4128.0,False,cache_reused,False,False,0,0.0,b84fb4c09e0ff10982a1fe5c9ed2f22ad4ff976dd68e337ac09c29b1f15b747c,True,,,1,0,456.309997,1239.019024,6,4157,4,4128
20260726_formal4t4_reuse_intensive_Ideal_rep1,1,Ideal,Ideal,119,reuse_intensive:rep1:req119,reuse_intensive,1,68,1,L0068,4096,3,3,True,1789718917.5145082,4096,4096,4096,21.625102996826172,False,False,False,False,4096,79.92,1,1,4128.0,True,cache_reused,False,False,0,0.0,b65a08a7822e9d94a2fce939fad23b17bc26b8219569fe655c185d4e92f53e0d,True,,,1,0,752.476342,1914.022518,6,4157,4,4128
20260726_formal4t4_reuse_intensive_Adaptive@rho1.2_c01024_theta30_rep1,1,Adaptive@rho1.2_c01024_theta30,Adaptive,24,reuse_intensive:rep1:req24,reuse_intensive,0,4,1,L0004,4096,0,0;3,False,1789719111.5501928,4096,4096,4096,132.1888337135315,False,False,False,False,4096,0.0,2,2,4128.0,False,cache_reused,False,False,0,0.0,ead994e8561941a2554cf8d05fa1fc104e5d1345e6214396364d4109686a1831,True,,,1,0,484.100615,1323.518762,6,4156,4,4128
20260726_formal4t4_reuse_intensive_Adaptive@rho1.2_c01024_theta30_rep1,1,Adaptive@rho1.2_c01024_theta30,Adaptive,25,reuse_intensive:rep1:req25,reuse_intensive,0,1,2,L0001,4096,3,0;3,True,1789719111.550247,4096,4096,4096,163.84270524978638,False,False,False,False,4096,81.92,2,2,4128.0,True,cache_reused,False,False,0,0.0,fa597e7474ba33775baac9e97141a42f535b6df7a1f086cd40a8c29507c3d936,True,,,1,0,311.702363,1747.462905,6,4156,4,4128
20260726_formal4t4_reuse_intensive_Adaptive@rho1.2_c01024_theta30_rep1,1,Adaptive@rho1.2_c01024_theta30,Adaptive,26,reuse_intensive:rep1:req26,reuse_intensive,0,2,1,L0002,4096,3,0;3,True,1789719111.5502822,4096,4096,4096,153.18154549598694,False,False,False,False,4096,79.92,2,2,4128.0,True,cache_reused,False,False,0,0.0,6891c670a86b564226aea0110bd587e27a6acea55ec9252f53fcff198a8b8354,True,,,1,0,791.100791,1996.687703,6,4156,4,4128
20260726_formal4t4_reuse_intensive_Adaptive@rho1.2_c01024_theta30_rep1,1,Adaptive@rho1.2_c01024_theta30,Adaptive,27,reuse_intensive:rep1:req27,reuse_intensive,0,0,2,L0000,4096,2,0;2,True,1789719111.5503109,4096,4096,4096,174.0372166633606,False,False,False,False,4096,81.92,2,2,4128.0,True,cache_reused,False,False,0,0.0,e8c6fb761c5c26fee276c575cdb17714bc1c75f55937d3414cf00fbd46053b4e,True,,,1,0,429.382275,1095.233323,6,4156,4,4128
20260726_formal4t4_reuse_intensive_Adaptive@rho1.2_c01024_theta30_rep1,1,Adaptive@rho1.2_c01024_theta30,Adaptive,28,reuse_intensive:rep1:req28,reuse_intensive,0,17,0,L0017,4096,0,,False,1789719113.5509224,0,0,0,,False,False,False,False,0,0.0,0,0,32.0,False,cache_miss,False,False,0,0.0,fd2f07a8c5c581bc8ddf8008a322eba1b02c1346ee7e768fafbf21a16b8a73ae,True,,,1,0,8680.246873,9428.132517,6,4156,4,32
20260726_formal4t4_reuse_intensive_Adaptive@rho1.2_c01024_theta30_rep1,1,Adaptive@rho1.2_c01024_theta30,Adaptive,29,reuse_intensive:rep1:req29,reuse_intensive,0,2,2,L0002,4096,3,0;3,True,1789719113.5509768,4096,4096,4096,155.18224000930786,False,False,False,False,4096,81.92,2,2,4128.0,True,cache_reused,False,False,0,0.0,a312cc5f992ca23d316b828efc17ec06eff52a2c4b28676af19200dc415544ae,True,,,1,0,304.244883,1744.320991,6,4156,4,4128
20260726_formal4t4_reuse_intensive_Adaptive@rho1.2_c01024_theta30_rep1,1,Adaptive@rho1.2_c01024_theta30,Adaptive,30,reuse_intensive:rep1:req30,reuse_intensive,0,59,0,L0059,4096,2,,False,1789719113.5510073,0,0,0,,False,False,False,False,0,0.0,0,0,32.0,False,cache_miss,False,False,0,0.0,4ecf49ae827699f6dc227e033133e23f0b12310d5ba9ca68401d35b02a4725b7,True,,,1,0,7784.343812,8467.245596,6,4156,4,32
20260726_formal4t4_reuse_intensive_Adaptive@rho1.2_c01024_theta30_rep1,1,Adaptive@rho1.2_c01024_theta30,Adaptive,31,reuse_intensive:rep1:req31,reuse_intensive,0,1,0,L0001,4096,3,0;3,True,1789719113.5510416,4096,4096,4096,165.84349989891052,False,False,False,False,4096,79.92,2,2,4128.0,True,cache_reused,False,False,0,0.0,bc7ea185e992508212ef0561deac136daa2230be879ce233127010391abae778,True,,,1,0,782.886471,1995.433913,6,4156,4,4128
20260726_formal4t4_reuse_intensive_Adaptive@rho1.2_c01024_theta30_rep1,1,Adaptive@rho1.2_c01024_theta30,Adaptive,32,reuse_intensive:rep1:req32,reuse_intensive,0,0,0,L0000,4096,2,0;2,False,1789719122.98114,4096,4096,4096,59.60266613960266,False,False,False,False,4096,0.0,2,2,4128.0,False,cache_reused,False,False,0,0.0,8a1d3b0a7b0c2ada148e91616d936f7d33e7cdbeb3d5c62c91b49a393647ba17,True,,,1,0,276.118706,938.330474,6,4156,4,4128
20260726_formal4t4_reuse_intensive_Adaptive@rho1.2_c01024_theta30_rep1,1,Adaptive@rho1.2_c01024_theta30,Adaptive,33,reuse_intensive:rep1:req33,reuse_intensive,0,44,0,L0044,4096,3,,False,1789719122.981197,0,0,0,,False,False,False,False,0,0.0,0,0,32.0,False,cache_miss,False,False,0,0.0,02638b210a878ccd455c6484e5943daa0976417eed442d633c0d2684b783acb7,True,,,1,0,8715.88444,9466.784012,6,4156,4,32
20260726_formal4t4_reuse_intensive_Adaptive@rho1.2_c01024_theta30_rep1,1,Adaptive@rho1.2_c01024_theta30,Adaptive,34,reuse_intensive:rep1:req34,reuse_intensive,0,25,0,L0025,4096,1,,False,1789719122.9812253,0,0,0,,False,False,False,False,0,0.0,0,0,32.0,False,cache_miss,False,False,0,0.0,9928fd26215fb6c8559fd7f707fce2c6191dd390ccdea875ecee17df321e9871,True,,,1,0,8148.867071,8861.122791,6,4156,4,32
20260726_formal4t4_reuse_intensive_Adaptive@rho1.2_c01024_theta30_rep1,1,Adaptive@rho1.2_c01024_theta30,Adaptive,35,reuse_intensive:rep1:req35,reuse_intensive,0,11,1,L0011,4096,0,,False,1789719122.9812481,4096,0,0,196.04014420509338,True,True,False,False,0,0.0,0,0,4128.0,False,cache_reused,False,False,0,0.0,38a4f0059b5ac6d2937c4187652b341353b3129ea0e427b51b87ec16a4a85790,True,,,1,0,325.435134,1137.807145,6,4156,4,4128
20260726_formal4t4_reuse_intensive_Adaptive@rho1.2_c01024_theta30_rep1,1,Adaptive@rho1.2_c01024_theta30,Adaptive,36,reuse_intensive:rep1:req36,reuse_intensive,0,1,1,L0001,4096,3,0;3,False,1789719132.450884,4096,4096,4096,184.74334239959717,False,False,False,False,4096,0.0,2,2,4128.0,False,cache_reused,False,False,0,0.0,8cfba15f4ea2635198bc5649221b8254498802898c9daf4536115143c4fc6360,True,,,1,0,302.406146,1050.327054,6,4156,4,4128
20260726_formal4t4_reuse_intensive_Adaptive@rho1.2_c01024_theta30_rep1,1,Adaptive@rho1.2_c01024_theta30,Adaptive,37,reuse_intensive:rep1:req37,reuse_intensive,0,0,1,L0000,4096,0,0;2,True,1789719132.4509351,4096,4096,4096,69.07241535186768,False,False,False,False,4096,81.92,2,2,4128.0,True,cache_reused,False,False,0,0.0,55a69c80ecdf7b0e5ce2ea8244a5b1b4f0b3bc3cb2123c441fb53e11c50e1cef,True,,,1,0,467.834666,1878.353322,6,4156,4,4128
20260726_formal4t4_reuse_intensive_Adaptive@rho1.2_c01024_theta30_rep1,1,Adaptive@rho1.2_c01024_theta30,Adaptive,38,reuse_intensive:rep1:req38,reuse_intensive,0,8,0,L0008,4096,2,0;2,False,1789719132.4509714,4096,4096,4096,120.29393458366394,False,False,False,False,4096,0.0,2,2,4128.0,False,cache_reused,False,False,0,0.0,23e8470b3aa8b34d554ee1e9f7dfa17ed18ebb944b349fd79d39999c3bef4276,True,,,1,0,454.644313,1189.946523,6,4156,4,4128
20260726_formal4t4_reuse_intensive_Adaptive@rho1.2_c01024_theta30_rep1,1,Adaptive@rho1.2_c01024_theta30,Adaptive,39,reuse_intensive:rep1:req39,reuse_intensive,0,6,0,L0006,4096,0,0;3,True,1789719132.4510045,4096,4096,4096,133.59838438034058,False,False,False,False,4096,79.92,2,2,4128.0,True,cache_reused,False,False,0,0.0,0b3139e7938bd0081e28c8edf34c153a7200957ef027db58b730a6af0a068fab,True,,,1,0,939.720235,2119.744402,6,4156,4,4128
20260726_formal4t4_reuse_intensive_Adaptive@rho1.2_c01024_theta30_rep1,1,Adaptive@rho1.2_c01024_theta30,Adaptive,40,reuse_intensive:rep1:req40,reuse_intensive,0,0,2,L0000,4096,0,0;2,True,1789719134.57543,4096,4096,4096,71.19691014289856,False,False,False,False,4096,81.92,2,2,4128.0,True,cache_reused,False,False,0,0.0,d07423d886b0007ba137c6ab0fac09035811a86bf8db0bb4ad263ecd773a6a5e,True,,,1,0,318.725264,1813.195951,6,4156,4,4128
20260726_formal4t4_reuse_intensive_Adaptive@rho1.2_c01024_theta30_rep1,1,Adaptive@rho1.2_c01024_theta30,Adaptive,41,reuse_intensive:rep1:req41,reuse_intensive,0,4,2,L0004,4096,3,0;3,True,1789719134.575481,4096,4096,4096,155.21393036842346,False,False,False,False,4096,81.92,2,2,4128.0,True,cache_reused,False,False,0,0.0,f35a57674f627997e0cd028d934f438b0944a3234f638ccfac36332806e08783,True,,,1,0,298.224072,1036.255825,6,4156,4,4128
20260726_formal4t4_reuse_intensive_Adaptive@rho1.2_c01024_theta30_rep1,1,Adaptive@rho1.2_c01024_theta30,Adaptive,42,reuse_intensive:rep1:req42,reuse_intensive,0,2,0,L0002,4096,0,0;3,True,1789719134.5755143,4096,4096,4096,176.20696473121643,False,False,False,False,4096,79.92,2,2,4128.0,True,cache_reused,False,False,0,0.0,9e47b88b09ec54a29c89b6cf69bfcf1bd2eb3185e85e1c72367cf0f3bd15f818,True,,,1,0,818.475319,2071.606436,6,4156,4,4128
20260726_formal4t4_reuse_intensive_Adaptive@rho1.2_c01024_theta30_rep1,1,Adaptive@rho1.2_c01024_theta30,Adaptive,43,reuse_intensive:rep1:req43,reuse_intensive,0,0,0,L0000,4096,2,0;2,False,1789719134.575544,4096,4096,4096,71.19707036018372,False,False,False,False,4096,0.0,2,2,4128.0,False,cache_reused,False,False,0,0.0,c44524791087196a4883bc5b723b64542237c6d21f9c461554f4ab86377a3475,True,,,1,0,274.171918,934.800127,6,4156,4,4128
20260726_formal4t4_reuse_intensive_Adaptive@rho1.2_c01024_theta30_rep1,1,Adaptive@rho1.2_c01024_theta30,Adaptive,44,reuse_intensive:rep1:req44,reuse_intensive,0,3,2,L0003,4096,3,0;3,False,1789719136.6507885,4096,4096,4096,167.95390939712524,False,False,False,False,4096,0.0,2,2,4128.0,False,cache_reused,False,False,0,0.0,3ed3f73abbdb539806f71f870af2f0fbaeaaefa25566f6ac62bab58096092ac6,True,,,1,0,302.481534,1049.417738,6,4156,4,4128
20260726_formal4t4_reuse_intensive_Adaptive@rho1.2_c01024_theta30_rep1,1,Adaptive@rho1.2_c01024_theta30,Adaptive,45,reuse_intensive:rep1:req45,reuse_intensive,0,1,2,L0001,4096,0,0;3,True,1789719136.6508389,4096,4096,4096,188.9434781074524,False,False,False,False,4096,81.92,2,2,4128.0,True,cache_reused,False,False,0,0.0,32549592a42b7ef5087fccb8139d70a06b28e39995e812ac15f734a51c776230,True,,,1,0,306.090455,1807.373236,6,4156,4,4128
20260726_formal4t4_reuse_intensive_Adaptive@rho1.2_c01024_theta30_rep1,1,Adaptive@rho1.2_c01024_theta30,Adaptive,46,reuse_intensive:rep1:req46,reuse_intensive,0,4,0,L0004,4096,0,0;3,True,1789719136.6508734,4096,4096,4096,157.2895143032074,False,False,False,False,4096,79.92,2,2,4128.0,True,cache_reused,False,False,0,0.0,62b99311c7422c1418467214b56ac7e3817fae2449ef25a964da51c013e1f669,True,,,1,0,809.575197,2086.229111,6,4156,4,4128
20260726_formal4t4_reuse_intensive_Adaptive@rho1.2_c01024_theta30_rep1,1,Adaptive@rho1.2_c01024_theta30,Adaptive,47,reuse_intensive:rep1:req47,reuse_intensive,0,20,0,L0020,4096,2,,False,1789719136.6508968,0,0,0,,False,False,False,False,0,0.0,0,0,32.0,False,cache_miss,False,False,0,0.0,d0c812882023b5aa76331dd6d5847f47876a31f10c8dcfee28d26c82bc5f1744,True,,,1,0,8371.383502,9121.883071,6,4156,4,32
20260726_formal4t4_reuse_intensive_Adaptive@rho1.2_c01024_theta30_rep1,1,Adaptive@rho1.2_c01024_theta30,Adaptive,48,reuse_intensive:rep1:req48,reuse_intensive,0,3,0,L0003,4096,3,0;3,True,1789719145.7771437,4096,4096,4096,177.08026456832886,False,False,False,False,4096,81.92,2,2,4128.0,True,cache_reused,False,False,0,0.0,4088a7d9e3a868461664f81acce6eb1a0f5ae6bfd8f4a362e421c58f611faafb,True,,,1,0,463.636019,1211.639594,6,4156,4,4128
20260726_formal4t4_reuse_intensive_Adaptive@rho1.2_c01024_theta30_rep1,1,Adaptive@rho1.2_c01024_theta30,Adaptive,49,reuse_intensive:rep1:req49,reuse_intensive,0,2,1,L0002,4096,0,0;3,False,1789719145.7772055,4096,4096,4096,34.227314949035645,False,False,False,False,4096,0.0,2,2,4128.0,False,cache_reused,False,False,0,0.0,7a84eeeb94373affc8280c7a594e1e6be31a5752dc17828e0da0ee8159f12b58,True,,,1,0,478.380802,1267.841393,6,4156,4,4128
20260726_formal4t4_reuse_intensive_Adaptive@rho1.2_c01024_theta30_rep1,1,Adaptive@rho1.2_c01024_theta30,Adaptive,50,reuse_intensive:rep1:req50,reuse_intensive,0,36,1,L0036,4096,1,,False,1789719145.777234,4096,0,0,218.8361301422119,True,True,False,False,0,0.0,0,0,32.0,False,cache_miss,False,False,0,0.0,135a6e858903638ea507f23578327ea63ade9e96f18e6f5648850d72db6099d7,True,,,1,0,8242.100735,8940.084489,6,4156,4,32
20260726_formal4t4_reuse_intensive_Adaptive@rho1.2_c01024_theta30_rep1,1,Adaptive@rho1.2_c01024_theta30,Adaptive,51,reuse_intensive:rep1:req51,reuse_intensive,0,31,0,L0031,4096,2,,False,1789719145.7772603,0,0,0,,False,False,False,False,0,0.0,0,0,32.0,False,cache_miss,False,False,0,0.0,ab3886e928d184083931f38ce830597529331997234ed00c352be7c72edfc785,True,,,1,0,8234.38275,8969.779438,6,4156,4,32
20260726_formal4t4_reuse_intensive_Adaptive@rho1.2_c01024_theta30_rep1,1,Adaptive@rho1.2_c01024_theta30,Adaptive,52,reuse_intensive:rep1:req52,reuse_intensive,0,0,1,L0000,4096,0,0;2,False,1789719154.7517478,4096,4096,4096,91.37322807312012,False,False,False,False,4096,0.0,2,2,4128.0,False,cache_reused,False,False,0,0.0,4e034460afe0ae93964e568ee16134dbe48a66c2ca4fb33cf9028086b1d7029b,True,,,1,0,473.249644,1960.656012,6,4156,4,4128
20260726_formal4t4_reuse_intensive_Adaptive@rho1.2_c01024_theta30_rep1,1,Adaptive@rho1.2_c01024_theta30,Adaptive,53,reuse_intensive:rep1:req53,reuse_intensive,0,10,0,L0010,4096,0,0,True,1789719154.7517972,4096,4096,4096,123.34354400634766,False,False,False,False,4096,79.92,1,1,4128.0,True,cache_reused,False,False,0,0.0,53be2c9987ae7d0b72c58562202f6e61b4db45a23c879e77293606492526ba7d,True,,,1,0,970.111691,2213.642067,6,4156,4,4128
20260726_formal4t4_reuse_intensive_Adaptive@rho1.2_c01024_theta30_rep1,1,Adaptive@rho1.2_c01024_theta30,Adaptive,54,reuse_intensive:rep1:req54,reuse_intensive,0,1,0,L0001,4096,3,0;3,False,1789719154.7518356,4096,4096,4096,53.968382358551025,False,False,False,False,4096,0.0,2,2,4128.0,False,cache_reused,False,False,0,0.0,757e8e596f607667de19119e58fcd2af2de40c52afde5fa80e693bcc6bbeabd7,True,,,1,0,449.009216,1202.377169,6,4156,4,4128
20260726_formal4t4_reuse_intensive_Adaptive@rho1.2_c01024_theta30_rep1,1,Adaptive@rho1.2_c01024_theta30,Adaptive,55,reuse_intensive:rep1:req55,reuse_intensive,0,47,0,L0047,4096,1,,False,1789719154.7518606,0,0,0,,False,False,False,False,0,0.0,0,0,32.0,False,cache_miss,False,False,0,0.0,a03e928f1d681cc9dc0b488c6c2901f3db865fab7b1f82519aaf04885ef1458b,True,,,1,0,8396.382687,9142.553033,6,4156,4,32
20260726_formal4t4_reuse_intensive_Adaptive@rho1.2_c01024_theta30_rep1,1,Adaptive@rho1.2_c01024_theta30,Adaptive,56,reuse_intensive:rep1:req56,reuse_intensive,0,33,0,L0033,4096,3,,False,1789719163.8992147,0,0,0,,False,False,False,False,0,0.0,0,0,32.0,False,cache_miss,False,False,0,0.0,ef288d17f2d692af9ff89bb94d3307fc0242839e7e192628b6480bbc908fdc4b,True,,,1,0,8542.310772,9287.347558,6,4156,4,32
20260726_formal4t4_reuse_intensive_Adaptive@rho1.2_c01024_theta30_rep1,1,Adaptive@rho1.2_c01024_theta30,Adaptive,57,reuse_intensive:rep1:req57,reuse_intensive,0,11,2,L0011,4096,0,,False,1789719163.8992527,4096,0,0,236.95814871788025,True,True,False,False,0,0.0,0,0,4128.0,False,cache_reused,False,False,0,0.0,4a02cdae2a49a1af90b0eaca884c94f7403a240cbc84b9ab1601402b6452b372,True,,,1,0,494.781453,1305.209416,6,4156,4,4128
20260726_formal4t4_reuse_intensive_Adaptive@rho1.2_c01024_theta30_rep1,1,Adaptive@rho1.2_c01024_theta30,Adaptive,58,reuse_intensive:rep1:req58,reuse_intensive,0,38,0,L0038,4096,2,,False,1789719163.8992813,0,0,0,,False,False,False,False,0,0.0,0,0,32.0,False,cache_miss,False,False,0,0.0,92d3bc300d3067d3987668274347fe47a820390ce263a5923930141b6e850798,True,,,1,0,9554.717822,10893.24328,6,4156,4,32
20260726_formal4t4_reuse_intensive_Adaptive@rho1.2_c01024_theta30_rep1,1,Adaptive@rho1.2_c01024_theta30,Adaptive,59,reuse_intensive:rep1:req59,reuse_intensive,0,0,2,L0000,4096,2,0;2,True,1789719163.8993208,4096,4096,4096,31.450003385543823,False,False,False,False,4096,79.92,2,2,4128.0,True,cache_reused,False,False,0,0.0,a0affa8e88dcd8ad93aec1c3b4d40e409c99719cb0a99ab0be8ad73a34a8f1b7,True,,,1,0,9553.686137,10892.135119,6,4156,4,4128
20260726_formal4t4_reuse_intensive_Adaptive@rho1.2_c01024_theta30_rep1,1,Adaptive@rho1.2_c01024_theta30,Adaptive,60,reuse_intensive:rep1:req60,reuse_intensive,1,87,0,L0087,4096,0,,False,1789719174.7964423,0,0,0,,False,False,False,False,0,0.0,0,0,32.0,False,cache_miss,False,False,0,0.0,dac312222027957405dabf9ec886bb47aeb2706b460f87d52fb5d63fc922a4da,True,,,1,0,9060.206429,9856.643635,6,4156,4,32
20260726_formal4t4_reuse_intensive_Adaptive@rho1.2_c01024_theta30_rep1,1,Adaptive@rho1.2_c01024_theta30,Adaptive,61,reuse_intensive:rep1:req61,reuse_intensive,1,65,0,L0065,4096,3,,False,1789719174.79648,0,0,0,,False,False,False,False,0,0.0,0,0,32.0,False,cache_miss,False,False,0,0.0,663be6d01dba66a710f74eeaf2bfc0ce90f264eb15122f2195734f33b56b2022,True,,,1,0,8551.463543,9275.877341,6,4156,4,32
20260726_formal4t4_reuse_intensive_Adaptive@rho1.2_c01024_theta30_rep1,1,Adaptive@rho1.2_c01024_theta30,Adaptive,62,reuse_intensive:rep1:req62,reuse_intensive,1,79,0,L0079,4096,1,,False,1789719174.7965057,0,0,0,,False,False,False,False,0,0.0,0,0,32.0,False,cache_miss,False,False,0,0.0,4857ac2fe0d8026900ea8571ebdc80b6cac99e616ca2f44c2bfd5dee989e5af2,True,,,1,0,8107.793817,8845.205543,6,4156,4,32
20260726_formal4t4_reuse_intensive_Adaptive@rho1.2_c01024_theta30_rep1,1,Adaptive@rho1.2_c01024_theta30,Adaptive,63,reuse_intensive:rep1:req63,reuse_intensive,1,67,0,L0067,4096,2,,False,1789719174.796525,0,0,0,,False,False,False,False,0,0.0,0,0,32.0,False,cache_miss,False,False,0,0.0,a77d6b6caf11b05b56e8d8099dafe9175d9a3f8cdef430cb95dcbfd63679057a,True,,,1,0,7991.246061,8698.372398,6,4156,4,32
20260726_formal4t4_reuse_intensive_Adaptive@rho1.2_c01024_theta30_rep1,1,Adaptive@rho1.2_c01024_theta30,Adaptive,64,reuse_intensive:rep1:req64,reuse_intensive,1,66,0,L0066,4096,0,,False,1789719184.6550474,0,0,0,,False,False,False,False,0,0.0,0,0,32.0,False,cache_miss,False,False,0,0.0,abdd665072f3f639532c7fd8ab45ba6683ea34e68db2ebadedbdb8978f715da9,True,,,1,0,8422.705407,9202.528384,6,4156,4,32
20260726_formal4t4_reuse_intensive_Adaptive@rho1.2_c01024_theta30_rep1,1,Adaptive@rho1.2_c01024_theta30,Adaptive,65,reuse_intensive:rep1:req65,reuse_intensive,1,64,0,L0064,4096,1,,False,1789719184.6550863,0,0,0,,False,False,False,False,0,0.0,0,0,32.0,False,cache_miss,False,False,0,0.0,8196fbfab01066670a59e69df247ebe9ce0cd7f3a986e9c878dfc047dd7bd062,True,,,1,0,8898.968091,9670.942134,6,4156,4,32
20260726_formal4t4_reuse_intensive_Adaptive@rho1.2_c01024_theta30_rep1,1,Adaptive@rho1.2_c01024_theta30,Adaptive,66,reuse_intensive:rep1:req66,reuse_intensive,1,67,1,L0067,4096,2,,False,1789719184.655112,4096,0,0,257.71400809288025,True,True,False,False,0,0.0,0,0,4128.0,False,cache_reused,False,False,0,0.0,3221cc575df87ffe81d373cdeb94ad42dfb30dfdd64d0ca29b9b9d51bd509abd,True,,,1,0,289.45309,994.659048,6,4156,4,4128
20260726_formal4t4_reuse_intensive_Adaptive@rho1.2_c01024_theta30_rep1,1,Adaptive@rho1.2_c01024_theta30,Adaptive,67,reuse_intensive:rep1:req67,reuse_intensive,1,97,0,L0097,4096,3,,False,1789719184.6551366,0,0,0,,False,False,False,False,0,0.0,0,0,32.0,False,cache_miss,False,False,0,0.0,4cf5c86eaf5bbb0884f66c36233d4a1b38b5a426a0c65794c0a1cb9f2b96ef8f,True,,,1,0,8546.260567,9237.281985,6,4156,4,32
20260726_formal4t4_reuse_intensive_Adaptive@rho1.2_c01024_theta30_rep1,1,Adaptive@rho1.2_c01024_theta30,Adaptive,68,reuse_intensive:rep1:req68,reuse_intensive,1,125,0,L0125,4096,0,,False,1789719194.3289173,0,0,0,,False,False,False,False,0,0.0,0,0,16.0,False,cache_miss,False,False,0,0.0,a4989493ebd8cdea75d1219d13f5a7a7dbf7ce2505ae85b1901920e0d6cb5a8e,True,,,1,0,8768.230105,9558.970458,6,4156,4,16
20260726_formal4t4_reuse_intensive_Adaptive@rho1.2_c01024_theta30_rep1,1,Adaptive@rho1.2_c01024_theta30,Adaptive,69,reuse_intensive:rep1:req69,reuse_intensive,1,69,0,L0069,4096,2,,False,1789719194.3289552,0,0,0,,False,False,False,False,0,0.0,0,0,32.0,False,cache_miss,False,False,0,0.0,53afe9510b17a2b5bb3ef910dbf7cdb80785c058c7998e7c586248c9be16d5e6,True,,,1,0,8062.455625,8785.358853,6,4156,4,32
20260726_formal4t4_reuse_intensive_Adaptive@rho1.2_c01024_theta30_rep1,1,Adaptive@rho1.2_c01024_theta30,Adaptive,70,reuse_intensive:rep1:req70,reuse_intensive,1,90,0,L0090,4096,1,,False,1789719194.3289785,0,0,0,,False,False,False,False,0,0.0,0,0,32.0,False,cache_miss,False,False,0,0.0,092d8a9507505574ba4892fbe65c2a29233b74e1dba6c57d117bcb54af9c1ffc,True,,,1,0,8388.630135,9097.571145,6,4156,4,32
20260726_formal4t4_reuse_intensive_Adaptive@rho1.2_c01024_theta30_rep1,1,Adaptive@rho1.2_c01024_theta30,Adaptive,71,reuse_intensive:rep1:req71,reuse_intensive,1,64,1,L0064,4096,3,,False,1789719194.3289976,4096,0,0,267.3878936767578,True,True,False,False,0,0.0,0,0,32.0,False,cache_miss,False,False,0,0.0,89723d8f3578b8ea3e2bad54babdd6edbcca0d6c567df308494b362c72545669,True,,,1,0,8447.985154,9145.708395,6,4156,4,32
20260726_formal4t4_reuse_intensive_Adaptive@rho1.2_c01024_theta30_rep1,1,Adaptive@rho1.2_c01024_theta30,Adaptive,72,reuse_intensive:rep1:req72,reuse_intensive,1,109,0,L0109,4096,0,,False,1789719203.8898845,0,0,0,,False,False,False,False,0,0.0,0,0,32.0,False,cache_miss,False,False,0,0.0,98d84703c180e702403a3f6e2b44b8a96bd4e9169987b0b7cddf547eccf35484,True,,,1,0,8198.045653,8933.698281,6,4156,4,32
20260726_formal4t4_reuse_intensive_Adaptive@rho1.2_c01024_theta30_rep1,1,Adaptive@rho1.2_c01024_theta30,Adaptive,73,reuse_intensive:rep1:req73,reuse_intensive,1,64,2,L0064,4096,3,,False,1789719203.8899276,4096,0,0,276.94882369041443,True,True,False,False,0,0.0,0,0,4128.0,False,cache_reused,False,False,0,0.0,ae3451bde7b84d2a6b6cbf78820cdbb50d45f5e9e112ee218e3cd72fbb1b14e9,True,,,1,0,283.211153,977.233719,6,4156,4,4128
20260726_formal4t4_reuse_intensive_Adaptive@rho1.2_c01024_theta30_rep1,1,Adaptive@rho1.2_c01024_theta30,Adaptive,74,reuse_intensive:rep1:req74,reuse_intensive,1,74,0,L0074,4096,1,,False,1789719203.889956,0,0,0,,False,False,False,False,0,0.0,0,0,32.0,False,cache_miss,False,False,0,0.0,ca35847069a4726fcfc3cfd6b19ec36b898b67d4ee49658e7147dc77a8ec8d46,True,,,1,0,9185.694484,9963.411184,6,4156,4,32
20260726_formal4t4_reuse_intensive_Adaptive@rho1.2_c01024_theta30_rep1,1,Adaptive@rho1.2_c01024_theta30,Adaptive,75,reuse_intensive:rep1:req75,reuse_intensive,1,75,0,L0075,4096,2,,False,1789719203.8899767,0,0,0,,False,False,False,False,0,0.0,0,0,32.0,False,cache_miss,False,False,0,0.0,fab95173120da80a0750117abec4e90752b64c5d04da201d8b1ce9d4904231ba,True,,,1,0,7984.103678,8660.204427,6,4156,4,32
20260726_formal4t4_reuse_intensive_Adaptive@rho1.2_c01024_theta30_rep1,1,Adaptive@rho1.2_c01024_theta30,Adaptive,76,reuse_intensive:rep1:req76,reuse_intensive,1,122,0,L0122,4096,0,,False,1789719213.8570287,0,0,0,,False,False,False,False,0,0.0,0,0,32.0,False,cache_miss,False,False,0,0.0,1345c1ad311b524cfeebf0dbb0daac8e31d223c4062abfab58b9bceefb0ff21d,True,,,1,0,9639.277605,10468.573597,6,4156,4,32
20260726_formal4t4_reuse_intensive_Adaptive@rho1.2_c01024_theta30_rep1,1,Adaptive@rho1.2_c01024_theta30,Adaptive,77,reuse_intensive:rep1:req77,reuse_intensive,1,64,0,L0064,4096,1,,False,1789719213.8570678,4096,0,0,286.91596388816833,True,True,False,False,0,0.0,0,0,4128.0,False,cache_reused,False,False,0,0.0,ef1c2624114a3659476767b1d50df8337a62048c6bbd76547b46407e9499cb74,True,,,1,0,334.440867,1105.313128,6,4156,4,4128
20260726_formal4t4_reuse_intensive_Adaptive@rho1.2_c01024_theta30_rep1,1,Adaptive@rho1.2_c01024_theta30,Adaptive,78,reuse_intensive:rep1:req78,reuse_intensive,1,103,0,L0103,4096,2,,False,1789719213.8570962,0,0,0,,False,False,False,False,0,0.0,0,0,16.0,False,cache_miss,False,False,0,0.0,228c02ce1351e268c414c1a96d8f18c2497fa60f661d282cb3680bfb28a6229c,True,,,1,0,8393.300892,9118.012358,6,4156,4,16
20260726_formal4t4_reuse_intensive_Adaptive@rho1.2_c01024_theta30_rep1,1,Adaptive@rho1.2_c01024_theta30,Adaptive,79,reuse_intensive:rep1:req79,reuse_intensive,1,98,0,L0098,4096,3,,False,1789719213.857117,0,0,0,,False,False,False,False,0,0.0,0,0,32.0,False,cache_miss,False,False,0,0.0,32332ddf42df9f3d52d64356c698c51b4c7402e3b3961a950fce3fb84abb55d6,True,,,1,0,8986.522357,9743.207524,6,4156,4,32
20260726_formal4t4_reuse_intensive_Adaptive@rho1.2_c01024_theta30_rep1,1,Adaptive@rho1.2_c01024_theta30,Adaptive,80,reuse_intensive:rep1:req80,reuse_intensive,1,69,1,L0069,4096,0,,False,1789719224.3276467,4096,0,0,297.3865427970886,True,True,False,False,0,0.0,0,0,32.0,False,cache_miss,False,False,0,0.0,fecc1594019ccbd1f72e99481940c02e023d5c5f0f89c51383dfab24fc9fde36,True,,,1,0,8142.121069,8876.328427,6,4156,4,32
20260726_formal4t4_reuse_intensive_Adaptive@rho1.2_c01024_theta30_rep1,1,Adaptive@rho1.2_c01024_theta30,Adaptive,81,reuse_intensive:rep1:req81,reuse_intensive,1,120,0,L0120,4096,2,,False,1789719224.3276887,0,0,0,,False,False,False,False,0,0.0,0,0,32.0,False,cache_miss,False,False,0,0.0,6e08e69cf136b9dbd768ec8dd42a0de7d5542e98dca5e4fc82f2b423c50bc400,True,,,1,0,8576.996437,9305.756091,6,4156,4,32
20260726_formal4t4_reuse_intensive_Adaptive@rho1.2_c01024_theta30_rep1,1,Adaptive@rho1.2_c01024_theta30,Adaptive,82,reuse_intensive:rep1:req82,reuse_intensive,1,74,1,L0074,4096,1,,False,1789719224.3277144,4096,0,0,297.3866105079651,True,True,False,False,0,0.0,0,0,4128.0,False,cache_reused,False,False,0,0.0,7bc6bb4d6deaa4026d115b25d1428abd239115e2c439569b5e5aa8dc24b3668a,True,,,1,0,495.477901,1274.989286,6,4156,4,4128
20260726_formal4t4_reuse_intensive_Adaptive@rho1.2_c01024_theta30_rep1,1,Adaptive@rho1.2_c01024_theta30,Adaptive,83,reuse_intensive:rep1:req83,reuse_intensive,1,65,1,L0065,4096,3,,False,1789719224.3277373,4096,0,0,297.3866333961487,True,True,False,False,0,0.0,0,0,4128.0,False,cache_reused,False,False,0,0.0,0cf66cbdb260204c8d838d88ca1729c57e1c15a7fc513313877bf5eee6e5457f,True,,,1,0,296.847663,1028.887315,6,4156,4,4128
20260726_formal4t4_reuse_intensive_Adaptive@rho1.2_c01024_theta30_rep1,1,Adaptive@rho1.2_c01024_theta30,Adaptive,84,reuse_intensive:rep1:req84,reuse_intensive,1,95,0,L0095,4096,0,,False,1789719233.6363664,0,0,0,,False,False,False,False,0,0.0,0,0,32.0,False,cache_miss,False,False,0,0.0,04454472cf917ee7b86692195c62d0c529dfed749d16d6bf39bc61915d1b27e8,True,,,1,0,8768.817633,9541.220817,6,4156,4,32
20260726_formal4t4_reuse_intensive_Adaptive@rho1.2_c01024_theta30_rep1,1,Adaptive@rho1.2_c01024_theta30,Adaptive,85,reuse_intensive:rep1:req85,reuse_intensive,1,70,0,L0070,4096,3,,False,1789719233.6364093,0,0,0,,False,False,False,False,0,0.0,0,0,32.0,False,cache_miss,False,False,0,0.0,ef5027a09d057a63553c036b5b31eb04905a127b38acc95faf49eb4358908793,True,,,1,0,8518.32263,9218.067373,6,4156,4,32
20260726_formal4t4_reuse_intensive_Adaptive@rho1.2_c01024_theta30_rep1,1,Adaptive@rho1.2_c01024_theta30,Adaptive,86,reuse_intensive:rep1:req86,reuse_intensive,1,71,0,L0071,4096,1,,False,1789719233.6364355,0,0,0,,False,False,False,False,0,0.0,0,0,32.0,False,cache_miss,False,False,0,0.0,1514204d10d8ae7d483f33d574f98942ba685a053e0941fb8416611d6e9f5408,True,,,1,0,8521.732199,9264.294155,6,4156,4,32
20260726_formal4t4_reuse_intensive_Adaptive@rho1.2_c01024_theta30_rep1,1,Adaptive@rho1.2_c01024_theta30,Adaptive,87,reuse_intensive:rep1:req87,reuse_intensive,1,79,1,L0079,4096,2,,False,1789719233.6364565,4096,0,0,306.6953525543213,True,True,False,False,0,0.0,0,0,32.0,False,cache_miss,False,False,0,0.0,5a5f8a151636bf3f18810d8024b7a5be1f263f418a84f3a35ec6b11949b13a03,True,,,1,0,8856.51292,9603.862084,6,4156,4,32
20260726_formal4t4_reuse_intensive_Adaptive@rho1.2_c01024_theta30_rep1,1,Adaptive@rho1.2_c01024_theta30,Adaptive,88,reuse_intensive:rep1:req88,reuse_intensive,1,71,1,L0071,4096,0,,False,1789719243.244979,4096,0,0,316.3038749694824,True,True,False,False,0,0.0,0,0,32.0,False,cache_miss,False,False,0,0.0,b41940b9016131f7c82e6ae6b7a88ff89dd4c6e3955b0d7725a4b130bf08c552,True,,,1,0,8140.297152,8835.31894,6,4156,4,32
20260726_formal4t4_reuse_intensive_Adaptive@rho1.2_c01024_theta30_rep1,1,Adaptive@rho1.2_c01024_theta30,Adaptive,89,reuse_intensive:rep1:req89,reuse_intensive,1,68,0,L0068,4096,1,,False,1789719243.245018,0,0,0,,False,False,False,False,0,0.0,0,0,32.0,False,cache_miss,False,False,0,0.0,5cab005a47049fda200da4121b63de43142308d1aa2388f133f517ff6b4ba13c,True,,,1,0,9335.406837,10125.575107,6,4156,4,32
20260726_formal4t4_reuse_intensive_Adaptive@rho1.2_c01024_theta30_rep1,1,Adaptive@rho1.2_c01024_theta30,Adaptive,90,reuse_intensive:rep1:req90,reuse_intensive,1,65,2,L0065,4096,2,,False,1789719243.2450428,4096,0,0,316.3039388656616,True,True,False,False,0,0.0,0,0,32.0,False,cache_miss,False,False,0,0.0,91d8c47b30e26e89a33bc3017570a513183126a5de01ad4b18c43d0e67c73dcf,True,,,1,0,8187.739483,8884.219993,6,4156,4,32
20260726_formal4t4_reuse_intensive_Adaptive@rho1.2_c01024_theta30_rep1,1,Adaptive@rho1.2_c01024_theta30,Adaptive,91,reuse_intensive:rep1:req91,reuse_intensive,1,105,0,L0105,4096,3,,False,1789719243.245066,0,0,0,,False,False,False,False,0,0.0,0,0,16.0,False,cache_miss,False,False,0,0.0,b53f73310d48aea9c90d5f56745c105debf4b6a2fff412a897bebff55dc0c492,True,,,1,0,8784.609209,9525.51634,6,4156,4,16
20260726_formal4t4_reuse_intensive_Adaptive@rho1.2_c01024_theta30_rep1,1,Adaptive@rho1.2_c01024_theta30,Adaptive,92,reuse_intensive:rep1:req92,reuse_intensive,1,72,0,L0072,4096,0,,False,1789719253.4679093,0,0,0,,False,False,False,False,0,0.0,0,0,32.0,False,cache_miss,False,False,0,0.0,fa623b87516c7cfbdf9ae07c610f69eda1f2347d551b747a2fee668cfb564196,True,,,1,0,9266.434574,10042.568925,6,4156,4,32
20260726_formal4t4_reuse_intensive_Adaptive@rho1.2_c01024_theta30_rep1,1,Adaptive@rho1.2_c01024_theta30,Adaptive,93,reuse_intensive:rep1:req93,reuse_intensive,1,64,1,L0064,4096,2,,False,1789719253.4679308,4096,0,0,326.5268268585205,True,True,False,False,0,0.0,0,0,32.0,False,cache_miss,False,False,0,0.0,1c783bd15c4256e10fd663d9ab2881d0932db3b1e5604b5641b4d3cd7e9a67f9,True,,,1,0,7886.375594,8566.385795,6,4156,4,32
20260726_formal4t4_reuse_intensive_Adaptive@rho1.2_c01024_theta30_rep1,1,Adaptive@rho1.2_c01024_theta30,Adaptive,94,reuse_intensive:rep1:req94,reuse_intensive,1,78,0,L0078,4096,1,,False,1789719253.4679456,0,0,0,,False,False,False,False,0,0.0,0,0,32.0,False,cache_miss,False,False,0,0.0,63bde83dcbd2d5e8d053b84fb33e8f6384bbcdb66fa8bf792ea7c6c3370b1da9,True,,,1,0,8096.020092,8787.618974,6,4156,4,32
20260726_formal4t4_reuse_intensive_Adaptive@rho1.2_c01024_theta30_rep1,1,Adaptive@rho1.2_c01024_theta30,Adaptive,95,reuse_intensive:rep1:req95,reuse_intensive,1,64,2,L0064,4096,3,,False,1789719253.4679563,4096,0,0,326.5268523693085,True,True,False,False,0,0.0,0,0,4128.0,False,cache_reused,False,False,0,0.0,80110d0d8e256b2dff46c5543969f8d04c40ed9af04bcb65d549d4e3ce705327,True,,,1,0,287.400643,990.218057,6,4156,4,4128
20260726_formal4t4_reuse_intensive_Adaptive@rho1.2_c01024_theta30_rep1,1,Adaptive@rho1.2_c01024_theta30,Adaptive,96,reuse_intensive:rep1:req96,reuse_intensive,1,64,0,L0064,4096,0,,False,1789719263.5134344,4096,0,0,336.5723304748535,True,True,False,False,0,0.0,0,0,32.0,False,cache_miss,False,False,0,0.0,562c6bbb86ada9cec36b61f74d4ab3f161be8e89b18b3fbb106e8c8d1867f206,True,,,1,0,9890.723442,11359.057774,6,4156,4,32
20260726_formal4t4_reuse_intensive_Adaptive@rho1.2_c01024_theta30_rep1,1,Adaptive@rho1.2_c01024_theta30,Adaptive,97,reuse_intensive:rep1:req97,reuse_intensive,1,87,1,L0087,4096,0,0,True,1789719263.513492,4096,4096,4096,78.85998702049255,False,False,False,False,4096,79.92,1,1,4128.0,True,cache_reused,False,False,0,0.0,328fa8da3f9b7c0a7812de418a9cc8fbdf7db20f2e57a406708d5560d9da528a,True,,,1,0,9889.59292,11357.844537,6,4156,4,4128
20260726_formal4t4_reuse_intensive_Adaptive@rho1.2_c01024_theta30_rep1,1,Adaptive@rho1.2_c01024_theta30,Adaptive,98,reuse_intensive:rep1:req98,reuse_intensive,1,64,1,L0064,4096,2,,False,1789719263.5135221,4096,0,0,336.5724182128906,True,True,False,False,0,0.0,0,0,4128.0,False,cache_reused,False,False,0,0.0,693c57dcf1ca72a0ff046131055544c434bb5fbd692d5ea4cfd6a0cfafe92455,True,,,1,0,280.837551,957.940081,6,4156,4,4128
20260726_formal4t4_reuse_intensive_Adaptive@rho1.2_c01024_theta30_rep1,1,Adaptive@rho1.2_c01024_theta30,Adaptive,99,reuse_intensive:rep1:req99,reuse_intensive,1,67,2,L0067,4096,1,,False,1789719263.5135462,4096,0,0,336.5724422931671,True,True,False,False,0,0.0,0,0,32.0,False,cache_miss,False,False,0,0.0,490fee34a1515925a902e6742cf2efe248d17e1828294808960f8d300f0e2fd3,True,,,1,0,8763.119482,9488.932497,6,4156,4,32
20260726_formal4t4_reuse_intensive_Adaptive@rho1.2_c01024_theta30_rep1,1,Adaptive@rho1.2_c01024_theta30,Adaptive,100,reuse_intensive:rep1:req100,reuse_intensive,1,64,2,L0064,4096,1,,False,1789719274.875544,4096,0,0,347.9344401359558,True,True,False,False,0,0.0,0,0,4128.0,False,cache_reused,False,False,0,0.0,e34312590e84f1a84a82c24a5b06170ebb08a7f6eba8f7b99071f133fefc97ca,True,,,1,0,451.810417,1231.080517,6,4157,4,4128
20260726_formal4t4_reuse_intensive_Adaptive@rho1.2_c01024_theta30_rep1,1,Adaptive@rho1.2_c01024_theta30,Adaptive,101,reuse_intensive:rep1:req101,reuse_intensive,1,68,1,L0068,4096,2,,False,1789719274.8755858,4096,0,0,347.93448185920715,True,True,False,False,0,0.0,0,0,32.0,False,cache_miss,False,False,0,0.0,7e4bca15d2108922bade032d0236f06c8cc9bff33fdc5df95038026949ab42e7,True,,,1,0,8737.916142,9473.616875,6,4157,4,32
20260726_formal4t4_reuse_intensive_Adaptive@rho1.2_c01024_theta30_rep1,1,Adaptive@rho1.2_c01024_theta30,Adaptive,102,reuse_intensive:rep1:req102,reuse_intensive,1,67,0,L0067,4096,3,,False,1789719274.875612,4096,0,0,347.93450808525085,True,True,False,False,0,0.0,0,0,32.0,False,cache_miss,False,False,0,0.0,e85a9ac6b8f5bbbad6eb4febf22e77fb03e68732d71f25c7729eec581e05d7a8,True,,,1,0,9054.024011,9776.34404,6,4157,4,32
20260726_formal4t4_reuse_intensive_Adaptive@rho1.2_c01024_theta30_rep1,1,Adaptive@rho1.2_c01024_theta30,Adaptive,103,reuse_intensive:rep1:req103,reuse_intensive,1,72,1,L0072,4096,0,,False,1789719274.875635,4096,0,0,347.93453097343445,True,True,False,False,0,0.0,0,0,4128.0,False,cache_reused,False,False,0,0.0,8e2628600e339b15d1cc7d3eff016d404024b53ac793ac80789aa5eeb2de9f93,True,,,1,0,310.031033,1083.698105,6,4157,4,4128
20260726_formal4t4_reuse_intensive_Adaptive@rho1.2_c01024_theta30_rep1,1,Adaptive@rho1.2_c01024_theta30,Adaptive,104,reuse_intensive:rep1:req104,reuse_intensive,1,68,2,L0068,4096,1,,False,1789719284.6568868,4096,0,0,357.7157828807831,True,True,False,False,0,0.0,0,0,4128.0,False,cache_reused,False,False,0,0.0,9df1877a4ee6143bb7f1243b527b1afdc9a0a45e3cad74cd60ea1472e95d4a1c,True,,,1,0,493.013416,1286.016249,6,4157,4,4128
20260726_formal4t4_reuse_intensive_Adaptive@rho1.2_c01024_theta30_rep1,1,Adaptive@rho1.2_c01024_theta30,Adaptive,105,reuse_intensive:rep1:req105,reuse_intensive,1,64,0,L0064,4096,3,,False,1789719284.656947,4096,0,0,357.715842962265,True,True,False,False,0,0.0,0,0,4128.0,False,cache_reused,False,False,0,0.0,816f18c2ea430c5d45b61b9a236577699384a3df5c4103ee121bd53c20ce42cb,True,,,1,0,302.290048,999.465162,6,4157,4,4128
20260726_formal4t4_reuse_intensive_Adaptive@rho1.2_c01024_theta30_rep1,1,Adaptive@rho1.2_c01024_theta30,Adaptive,106,reuse_intensive:rep1:req106,reuse_intensive,1,83,0,L0083,4096,2,,False,1789719284.6569767,0,0,0,,False,False,False,False,0,0.0,0,0,32.0,False,cache_miss,False,False,0,0.0,42448b2648652d8459123f165129b5e34bb74191e6b64e6c009e0261d4c4f641,True,,,1,0,8859.602333,9617.094294,6,4157,4,32
20260726_formal4t4_reuse_intensive_Adaptive@rho1.2_c01024_theta30_rep1,1,Adaptive@rho1.2_c01024_theta30,Adaptive,107,reuse_intensive:rep1:req107,reuse_intensive,1,68,0,L0068,4096,0,,False,1789719284.6569998,4096,0,0,357.7158958911896,True,True,False,False,0,0.0,0,0,32.0,False,cache_miss,False,False,0,0.0,47af614fbd76567b458be25e51cec987cf9d269a955212e8dfe9d60ae79a4814,True,,,1,0,8752.262777,9491.688039,6,4157,4,32
20260726_formal4t4_reuse_intensive_Adaptive@rho1.2_c01024_theta30_rep1,1,Adaptive@rho1.2_c01024_theta30,Adaptive,108,reuse_intensive:rep1:req108,reuse_intensive,1,64,1,L0064,4096,1,,False,1789719294.2792637,4096,0,0,367.3381597995758,True,True,False,False,0,0.0,0,0,4128.0,False,cache_reused,False,False,0,0.0,35fb7cc7714389929444cfd996480fd2934cedef57ad74f581841bec795efdba,True,,,1,0,484.704153,1265.455781,6,4157,4,4128
20260726_formal4t4_reuse_intensive_Adaptive@rho1.2_c01024_theta30_rep1,1,Adaptive@rho1.2_c01024_theta30,Adaptive,109,reuse_intensive:rep1:req109,reuse_intensive,1,65,0,L0065,4096,0,,False,1789719294.279325,4096,0,0,367.33822107315063,True,True,False,False,0,0.0,0,0,32.0,False,cache_miss,False,False,0,0.0,475b036e0cda94b8c8f928a9ab25d753dec24a7866f9e8571ff4d31d76430bc8,True,,,1,0,9092.114425,9869.018208,6,4157,4,32
20260726_formal4t4_reuse_intensive_Adaptive@rho1.2_c01024_theta30_rep1,1,Adaptive@rho1.2_c01024_theta30,Adaptive,110,reuse_intensive:rep1:req110,reuse_intensive,1,70,1,L0070,4096,3,,False,1789719294.2793715,4096,0,0,367.33826756477356,True,True,False,False,0,0.0,0,0,4128.0,False,cache_reused,False,False,0,0.0,3494015246044ec817369dd9cc08055950bbd7a8cb8396569ae7c0c86a8fc4df,True,,,1,0,430.991731,1126.165034,6,4157,4,4128
20260726_formal4t4_reuse_intensive_Adaptive@rho1.2_c01024_theta30_rep1,1,Adaptive@rho1.2_c01024_theta30,Adaptive,111,reuse_intensive:rep1:req111,reuse_intensive,1,77,0,L0077,4096,2,,False,1789719294.2794054,0,0,0,,False,False,False,False,0,0.0,0,0,32.0,False,cache_miss,False,False,0,0.0,0c48f787678bb6fa1e5cfa899c2831557c3deaa7a437f56a10ecc1df54985ec3,True,,,1,0,7793.427032,8463.509626,6,4157,4,32
20260726_formal4t4_reuse_intensive_Adaptive@rho1.2_c01024_theta30_rep1,1,Adaptive@rho1.2_c01024_theta30,Adaptive,112,reuse_intensive:rep1:req112,reuse_intensive,1,93,0,L0093,4096,1,,False,1789719304.1516824,0,0,0,,False,False,False,False,0,0.0,0,0,32.0,False,cache_miss,False,False,0,0.0,25d15a2eb436e92c2a00dc5ff9aa15214c9a830de65291cbcb6e2c1bba05297b,True,,,1,0,9003.28403,9745.32687,6,4157,4,32
20260726_formal4t4_reuse_intensive_Adaptive@rho1.2_c01024_theta30_rep1,1,Adaptive@rho1.2_c01024_theta30,Adaptive,113,reuse_intensive:rep1:req113,reuse_intensive,1,64,2,L0064,4096,0,0,True,1789719304.151735,4096,4096,4096,29.278791427612305,False,False,False,False,4096,81.92,1,1,4128.0,True,cache_reused,False,False,0,0.0,9ae3d0add036df57f2a9ef66c18c1ff2464a7253886e7fa73717c058721ea061,True,,,1,0,317.796131,1772.991791,6,4157,4,4128
20260726_formal4t4_reuse_intensive_Adaptive@rho1.2_c01024_theta30_rep1,1,Adaptive@rho1.2_c01024_theta30,Adaptive,114,reuse_intensive:rep1:req114,reuse_intensive,1,65,1,L0065,4096,2,,False,1789719304.1517744,4096,0,0,377.2106704711914,True,True,False,False,0,0.0,0,0,4128.0,False,cache_reused,False,False,0,0.0,e271c8d079d74dad2fc115520183ee911440cdb3550672f65e4af876b33e616a,True,,,1,0,288.209899,989.413601,6,4157,4,4128
20260726_formal4t4_reuse_intensive_Adaptive@rho1.2_c01024_theta30_rep1,1,Adaptive@rho1.2_c01024_theta30,Adaptive,115,reuse_intensive:rep1:req115,reuse_intensive,1,66,1,L0066,4096,0,0,True,1789719304.1518104,4096,4096,4096,109.82443857192993,False,False,False,False,4096,79.92,1,1,4128.0,True,cache_reused,False,False,0,0.0,7c97cea606873a46d0b3a2e897320d57b6561959df040cb129bafcb8a1df1def,True,,,1,0,803.926826,2034.543153,6,4157,4,4128
20260726_formal4t4_reuse_intensive_Adaptive@rho1.2_c01024_theta30_rep1,1,Adaptive@rho1.2_c01024_theta30,Adaptive,116,reuse_intensive:rep1:req116,reuse_intensive,1,85,0,L0085,4096,3,,False,1789719313.8993213,0,0,0,,False,False,False,False,0,0.0,0,0,32.0,False,cache_miss,False,False,0,0.0,2268bd2b295a65b7267dfd7cf51129ba6a128147032981df645b49f563e64d18,True,,,1,0,9385.456214,10146.828015,6,4157,4,32
20260726_formal4t4_reuse_intensive_Adaptive@rho1.2_c01024_theta30_rep1,1,Adaptive@rho1.2_c01024_theta30,Adaptive,117,reuse_intensive:rep1:req117,reuse_intensive,1,120,1,L0120,4096,2,2,True,1789719313.8993762,4096,4096,4096,80.26411032676697,False,False,False,False,4096,81.92,1,1,4128.0,True,cache_reused,False,False,0,0.0,3944ff2fc7ac530605c0bdc9c2cd1150925702c56b42f9b5119d7f4662c995ee,True,,,1,0,454.375977,1191.017562,6,4157,4,4128
20260726_formal4t4_reuse_intensive_Adaptive@rho1.2_c01024_theta30_rep1,1,Adaptive@rho1.2_c01024_theta30,Adaptive,118,reuse_intensive:rep1:req118,reuse_intensive,1,69,2,L0069,4096,0,,False,1789719313.8994067,4096,0,0,386.95830273628235,True,True,False,False,0,0.0,0,0,4128.0,False,cache_reused,False,False,0,0.0,b84fb4c09e0ff10982a1fe5c9ed2f22ad4ff976dd68e337ac09c29b1f15b747c,True,,,1,0,445.714118,1188.794464,6,4157,4,4128
20260726_formal4t4_reuse_intensive_Adaptive@rho1.2_c01024_theta30_rep1,1,Adaptive@rho1.2_c01024_theta30,Adaptive,119,reuse_intensive:rep1:req119,reuse_intensive,1,68,1,L0068,4096,1,,False,1789719313.8994317,4096,0,0,386.95832777023315,True,True,False,False,0,0.0,0,0,4128.0,False,cache_reused,False,False,0,0.0,b65a08a7822e9d94a2fce939fad23b17bc26b8219569fe655c185d4e92f53e0d,True,,,1,0,318.125944,1102.976551,6,4157,4,4128
20260726_formal4t4_reuse_intensive_RateFIFO@rho1.2_rep1,1,RateFIFO@rho1.2,RateFIFO,24,reuse_intensive:rep1:req24,reuse_intensive,0,4,1,L0004,4096,0,0,False,1789719517.239357,4096,4096,4096,138.17741441726685,False,False,False,False,4096,0.0,1,1,4128.0,False,cache_reused,False,False,0,0.0,ead994e8561941a2554cf8d05fa1fc104e5d1345e6214396364d4109686a1831,True,,,1,0,490.324332,3058.495836,6,4156,4,4128
20260726_formal4t4_reuse_intensive_RateFIFO@rho1.2_rep1,1,RateFIFO@rho1.2,RateFIFO,25,reuse_intensive:rep1:req25,reuse_intensive,0,1,2,L0001,4096,0,0,True,1789719517.239408,4096,4096,4096,167.67094731330872,False,False,False,False,4096,79.92,1,1,4128.0,True,cache_reused,False,False,0,0.0,fa597e7474ba33775baac9e97141a42f535b6df7a1f086cd40a8c29507c3d936,True,,,1,0,1592.732588,3665.645849,6,4156,4,4128
20260726_formal4t4_reuse_intensive_RateFIFO@rho1.2_rep1,1,RateFIFO@rho1.2,RateFIFO,26,reuse_intensive:rep1:req26,reuse_intensive,0,2,1,L0002,4096,0,0,True,1789719517.239441,4096,4096,4096,157.95920872688293,False,False,False,False,4096,77.92,1,1,4128.0,True,cache_reused,False,False,0,0.0,6891c670a86b564226aea0110bd587e27a6acea55ec9252f53fcff198a8b8354,True,,,1,0,1591.940152,3665.174016,6,4156,4,4128
20260726_formal4t4_reuse_intensive_RateFIFO@rho1.2_rep1,1,RateFIFO@rho1.2,RateFIFO,27,reuse_intensive:rep1:req27,reuse_intensive,0,0,2,L0000,4096,0,0,True,1789719517.239467,4096,4096,4096,37.785399198532104,False,False,False,False,4096,75.92,1,1,4128.0,True,cache_reused,False,False,0,0.0,e8c6fb761c5c26fee276c575cdb17714bc1c75f55937d3414cf00fbd46053b4e,True,,,1,0,1590.790416,3664.211205,6,4156,4,4128
20260726_formal4t4_reuse_intensive_RateFIFO@rho1.2_rep1,1,RateFIFO@rho1.2,RateFIFO,28,reuse_intensive:rep1:req28,reuse_intensive,0,17,0,L0017,4096,0,,False,1789719520.9086626,0,0,0,,False,False,False,False,0,0.0,0,0,32.0,False,cache_miss,False,False,0,0.0,fd2f07a8c5c581bc8ddf8008a322eba1b02c1346ee7e768fafbf21a16b8a73ae,True,,,1,0,9132.065028,10983.247126,6,4156,4,32
20260726_formal4t4_reuse_intensive_RateFIFO@rho1.2_rep1,1,RateFIFO@rho1.2,RateFIFO,29,reuse_intensive:rep1:req29,reuse_intensive,0,2,2,L0002,4096,0,0,True,1789719520.9087157,4096,4096,4096,161.62848353385925,False,False,False,False,4096,79.92,1,1,4128.0,True,cache_reused,False,False,0,0.0,a312cc5f992ca23d316b828efc17ec06eff52a2c4b28676af19200dc415544ae,True,,,1,0,9130.81628,10981.765949,6,4156,4,4128
20260726_formal4t4_reuse_intensive_RateFIFO@rho1.2_rep1,1,RateFIFO@rho1.2,RateFIFO,30,reuse_intensive:rep1:req30,reuse_intensive,0,59,0,L0059,4096,1,,False,1789719520.9087472,0,0,0,,False,False,False,False,0,0.0,0,0,32.0,False,cache_miss,False,False,0,0.0,4ecf49ae827699f6dc227e033133e23f0b12310d5ba9ca68401d35b02a4725b7,True,,,1,0,8716.669937,9443.048548,6,4156,4,32
20260726_formal4t4_reuse_intensive_RateFIFO@rho1.2_rep1,1,RateFIFO@rho1.2,RateFIFO,31,reuse_intensive:rep1:req31,reuse_intensive,0,1,0,L0001,4096,0,0,True,1789719520.90878,4096,4096,4096,171.3403193950653,False,False,False,False,4096,77.92,1,1,4128.0,True,cache_reused,False,False,0,0.0,bc7ea185e992508212ef0561deac136daa2230be879ce233127010391abae778,True,,,1,0,9129.271946,10980.358527,6,4156,4,4128
20260726_formal4t4_reuse_intensive_RateFIFO@rho1.2_rep1,1,RateFIFO@rho1.2,RateFIFO,32,reuse_intensive:rep1:req32,reuse_intensive,0,0,0,L0000,4096,0,0,True,1789719531.8938854,4096,4096,4096,52.439817667007446,False,False,False,False,4096,81.92,1,1,4128.0,True,cache_reused,False,False,0,0.0,8a1d3b0a7b0c2ada148e91616d936f7d33e7cdbeb3d5c62c91b49a393647ba17,True,,,1,0,305.476417,1762.329038,6,4156,4,4128
20260726_formal4t4_reuse_intensive_RateFIFO@rho1.2_rep1,1,RateFIFO@rho1.2,RateFIFO,33,reuse_intensive:rep1:req33,reuse_intensive,0,44,0,L0044,4096,3,,False,1789719531.8939254,0,0,0,,False,False,False,False,0,0.0,0,0,32.0,False,cache_miss,False,False,0,0.0,02638b210a878ccd455c6484e5943daa0976417eed442d633c0d2684b783acb7,True,,,1,0,8902.768381,9629.345256,6,4156,4,32
20260726_formal4t4_reuse_intensive_RateFIFO@rho1.2_rep1,1,RateFIFO@rho1.2,RateFIFO,34,reuse_intensive:rep1:req34,reuse_intensive,0,25,0,L0025,4096,2,,False,1789719531.8939538,0,0,0,,False,False,False,False,0,0.0,0,0,32.0,False,cache_miss,False,False,0,0.0,9928fd26215fb6c8559fd7f707fce2c6191dd390ccdea875ecee17df321e9871,True,,,1,0,8709.119211,9451.291998,6,4156,4,32
20260726_formal4t4_reuse_intensive_RateFIFO@rho1.2_rep1,1,RateFIFO@rho1.2,RateFIFO,35,reuse_intensive:rep1:req35,reuse_intensive,0,11,1,L0011,4096,0,0,True,1789719531.8939865,4096,4096,4096,87.47211265563965,False,False,False,False,4096,79.92,1,1,4128.0,True,cache_reused,False,False,0,0.0,38a4f0059b5ac6d2937c4187652b341353b3129ea0e427b51b87ec16a4a85790,True,,,1,0,792.991606,2022.028406,6,4156,4,4128
20260726_formal4t4_reuse_intensive_RateFIFO@rho1.2_rep1,1,RateFIFO@rho1.2,RateFIFO,36,reuse_intensive:rep1:req36,reuse_intensive,0,1,1,L0001,4096,0,0,False,1789719541.5250757,4096,4096,4096,34.67529368400574,False,False,False,False,4096,0.0,1,1,4128.0,False,cache_reused,False,False,0,0.0,8cfba15f4ea2635198bc5649221b8254498802898c9daf4536115143c4fc6360,True,,,1,0,465.798018,3196.848295,6,4156,4,4128
20260726_formal4t4_reuse_intensive_RateFIFO@rho1.2_rep1,1,RateFIFO@rho1.2,RateFIFO,37,reuse_intensive:rep1:req37,reuse_intensive,0,0,1,L0000,4096,0,0,True,1789719541.5250955,4096,4096,4096,62.071027755737305,False,False,False,False,4096,79.92,1,1,4128.0,True,cache_reused,False,False,0,0.0,55a69c80ecdf7b0e5ce2ea8244a5b1b4f0b3bc3cb2123c441fb53e11c50e1cef,True,,,1,0,1642.331266,3843.116479,6,4156,4,4128
20260726_formal4t4_reuse_intensive_RateFIFO@rho1.2_rep1,1,RateFIFO@rho1.2,RateFIFO,38,reuse_intensive:rep1:req38,reuse_intensive,0,8,0,L0008,4096,0,0,True,1789719541.5251071,4096,4096,4096,128.6058955192566,False,False,False,False,4096,77.92,1,1,4128.0,True,cache_reused,False,False,0,0.0,23e8470b3aa8b34d554ee1e9f7dfa17ed18ebb944b349fd79d39999c3bef4276,True,,,1,0,1641.758407,3843.225333,6,4156,4,4128
20260726_formal4t4_reuse_intensive_RateFIFO@rho1.2_rep1,1,RateFIFO@rho1.2,RateFIFO,39,reuse_intensive:rep1:req39,reuse_intensive,0,6,0,L0006,4096,0,0,True,1789719541.5251174,4096,4096,4096,142.33715271949768,False,False,False,False,4096,75.92,1,1,4128.0,True,cache_reused,False,False,0,0.0,0b3139e7938bd0081e28c8edf34c153a7200957ef027db58b730a6af0a068fab,True,,,1,0,1641.780027,3842.769248,6,4156,4,4128
20260726_formal4t4_reuse_intensive_RateFIFO@rho1.2_rep1,1,RateFIFO@rho1.2,RateFIFO,40,reuse_intensive:rep1:req40,reuse_intensive,0,0,2,L0000,4096,0,0,False,1789719545.3710065,4096,4096,4096,65.91693878173828,False,False,False,False,4096,0.0,1,1,4128.0,False,cache_reused,False,False,0,0.0,d07423d886b0007ba137c6ab0fac09035811a86bf8db0bb4ad263ecd773a6a5e,True,,,1,0,305.406351,2485.81562,6,4156,4,4128
20260726_formal4t4_reuse_intensive_RateFIFO@rho1.2_rep1,1,RateFIFO@rho1.2,RateFIFO,41,reuse_intensive:rep1:req41,reuse_intensive,0,4,2,L0004,4096,0,0,True,1789719545.3710563,4096,4096,4096,166.30911374092102,False,False,False,False,4096,79.92,1,1,4128.0,True,cache_reused,False,False,0,0.0,f35a57674f627997e0cd028d934f438b0944a3234f638ccfac36332806e08783,True,,,1,0,1243.202812,3104.869084,6,4156,4,4128
20260726_formal4t4_reuse_intensive_RateFIFO@rho1.2_rep1,1,RateFIFO@rho1.2,RateFIFO,42,reuse_intensive:rep1:req42,reuse_intensive,0,2,0,L0002,4096,0,0,True,1789719545.3710887,4096,4096,4096,28.1320481300354,False,False,False,False,4096,77.92,1,1,4128.0,True,cache_reused,False,False,0,0.0,9e47b88b09ec54a29c89b6cf69bfcf1bd2eb3185e85e1c72367cf0f3bd15f818,True,,,1,0,1242.550852,3104.284474,6,4156,4,4128
20260726_formal4t4_reuse_intensive_RateFIFO@rho1.2_rep1,1,RateFIFO@rho1.2,RateFIFO,43,reuse_intensive:rep1:req43,reuse_intensive,0,0,0,L0000,4096,0,0,True,1789719545.3711138,4096,4096,4096,65.91704607009888,False,False,False,False,4096,75.92,1,1,4128.0,True,cache_reused,False,False,0,0.0,c44524791087196a4883bc5b723b64542237c6d21f9c461554f4ab86377a3475,True,,,1,0,1241.509898,3103.077989,6,4156,4,4128
20260726_formal4t4_reuse_intensive_RateFIFO@rho1.2_rep1,1,RateFIFO@rho1.2,RateFIFO,44,reuse_intensive:rep1:req44,reuse_intensive,0,3,2,L0003,4096,0,0,False,1789719548.478938,4096,4096,4096,179.44436073303223,False,False,False,False,4096,0.0,1,1,4128.0,False,cache_reused,False,False,0,0.0,3ed3f73abbdb539806f71f870af2f0fbaeaaefa25566f6ac62bab58096092ac6,True,,,1,0,310.965551,2497.752657,6,4156,4,4128
20260726_formal4t4_reuse_intensive_RateFIFO@rho1.2_rep1,1,RateFIFO@rho1.2,RateFIFO,45,reuse_intensive:rep1:req45,reuse_intensive,0,1,2,L0001,4096,0,0,True,1789719548.4789867,4096,4096,4096,41.629204750061035,False,False,False,False,4096,79.92,1,1,4128.0,True,cache_reused,False,False,0,0.0,32549592a42b7ef5087fccb8139d70a06b28e39995e812ac15f734a51c776230,True,,,1,0,1216.441258,2966.229841,6,4156,4,4128
20260726_formal4t4_reuse_intensive_RateFIFO@rho1.2_rep1,1,RateFIFO@rho1.2,RateFIFO,46,reuse_intensive:rep1:req46,reuse_intensive,0,4,0,L0004,4096,0,0,True,1789719548.4790182,4096,4096,4096,169.41707563400269,False,False,False,False,4096,77.92,1,1,4128.0,True,cache_reused,False,False,0,0.0,62b99311c7422c1418467214b56ac7e3817fae2449ef25a964da51c013e1f669,True,,,1,0,1215.860332,2965.194314,6,4156,4,4128
20260726_formal4t4_reuse_intensive_RateFIFO@rho1.2_rep1,1,RateFIFO@rho1.2,RateFIFO,47,reuse_intensive:rep1:req47,reuse_intensive,0,20,0,L0020,4096,2,,False,1789719548.4790401,0,0,0,,False,False,False,False,0,0.0,0,0,32.0,False,cache_miss,False,False,0,0.0,d0c812882023b5aa76331dd6d5847f47876a31f10c8dcfee28d26c82bc5f1744,True,,,1,0,7751.382104,8420.87157,6,4156,4,32
20260726_formal4t4_reuse_intensive_RateFIFO@rho1.2_rep1,1,RateFIFO@rho1.2,RateFIFO,48,reuse_intensive:rep1:req48,reuse_intensive,0,3,0,L0003,4096,0,0,True,1789719556.9041443,4096,4096,4096,187.86956691741943,False,False,False,False,4096,81.92,1,1,4128.0,True,cache_reused,False,False,0,0.0,4088a7d9e3a868461664f81acce6eb1a0f5ae6bfd8f4a362e421c58f611faafb,True,,,1,0,481.187093,1820.21908,6,4156,4,4128
20260726_formal4t4_reuse_intensive_RateFIFO@rho1.2_rep1,1,RateFIFO@rho1.2,RateFIFO,49,reuse_intensive:rep1:req49,reuse_intensive,0,2,1,L0002,4096,0,0,True,1789719556.9042025,4096,4096,4096,39.66516184806824,False,False,False,False,4096,79.92,1,1,4128.0,True,cache_reused,False,False,0,0.0,7a84eeeb94373affc8280c7a594e1e6be31a5752dc17828e0da0ee8159f12b58,True,,,1,0,931.8895,2050.452263,6,4156,4,4128
20260726_formal4t4_reuse_intensive_RateFIFO@rho1.2_rep1,1,RateFIFO@rho1.2,RateFIFO,50,reuse_intensive:rep1:req50,reuse_intensive,0,36,1,L0036,4096,1,,False,1789719556.9042304,4096,0,0,226.75349688529968,True,True,False,False,0,0.0,0,0,32.0,False,cache_miss,False,False,0,0.0,135a6e858903638ea507f23578327ea63ade9e96f18e6f5648850d72db6099d7,True,,,1,0,8521.602053,9230.864449,6,4156,4,32
20260726_formal4t4_reuse_intensive_RateFIFO@rho1.2_rep1,1,RateFIFO@rho1.2,RateFIFO,51,reuse_intensive:rep1:req51,reuse_intensive,0,31,0,L0031,4096,2,,False,1789719556.9042554,0,0,0,,False,False,False,False,0,0.0,0,0,32.0,False,cache_miss,False,False,0,0.0,ab3886e928d184083931f38ce830597529331997234ed00c352be7c72edfc785,True,,,1,0,7940.779055,8648.373632,6,4156,4,32
20260726_formal4t4_reuse_intensive_RateFIFO@rho1.2_rep1,1,RateFIFO@rho1.2,RateFIFO,52,reuse_intensive:rep1:req52,reuse_intensive,0,0,1,L0000,4096,0,0,True,1789719566.1390378,4096,4096,4096,86.68497014045715,False,False,False,False,4096,81.92,1,1,4128.0,True,cache_reused,False,False,0,0.0,4e034460afe0ae93964e568ee16134dbe48a66c2ca4fb33cf9028086b1d7029b,True,,,1,0,487.212565,2649.031135,6,4156,4,4128
20260726_formal4t4_reuse_intensive_RateFIFO@rho1.2_rep1,1,RateFIFO@rho1.2,RateFIFO,53,reuse_intensive:rep1:req53,reuse_intensive,0,10,0,L0010,4096,0,0,True,1789719566.139086,4096,4096,4096,132.19640135765076,False,False,False,False,4096,79.92,1,1,4128.0,True,cache_reused,False,False,0,0.0,53be2c9987ae7d0b72c58562202f6e61b4db45a23c879e77293606492526ba7d,True,,,1,0,1386.026504,3134.980634,6,4156,4,4128
20260726_formal4t4_reuse_intensive_RateFIFO@rho1.2_rep1,1,RateFIFO@rho1.2,RateFIFO,54,reuse_intensive:rep1:req54,reuse_intensive,0,1,0,L0001,4096,0,0,True,1789719566.1391187,4096,4096,4096,59.28933668136597,False,False,False,False,4096,77.92,1,1,4128.0,True,cache_reused,False,False,0,0.0,757e8e596f607667de19119e58fcd2af2de40c52afde5fa80e693bcc6bbeabd7,True,,,1,0,1385.361844,3134.379876,6,4156,4,4128
20260726_formal4t4_reuse_intensive_RateFIFO@rho1.2_rep1,1,RateFIFO@rho1.2,RateFIFO,55,reuse_intensive:rep1:req55,reuse_intensive,0,47,0,L0047,4096,3,,False,1789719566.1391416,0,0,0,,False,False,False,False,0,0.0,0,0,32.0,False,cache_miss,False,False,0,0.0,a03e928f1d681cc9dc0b488c6c2901f3db865fab7b1f82519aaf04885ef1458b,True,,,1,0,8803.793162,9534.983907,6,4156,4,32
20260726_formal4t4_reuse_intensive_RateFIFO@rho1.2_rep1,1,RateFIFO@rho1.2,RateFIFO,56,reuse_intensive:rep1:req56,reuse_intensive,0,33,0,L0033,4096,0,,False,1789719575.678744,0,0,0,,False,False,False,False,0,0.0,0,0,32.0,False,cache_miss,False,False,0,0.0,ef288d17f2d692af9ff89bb94d3307fc0242839e7e192628b6480bbc908fdc4b,True,,,1,0,10743.393771,12793.836629,6,4156,4,32
20260726_formal4t4_reuse_intensive_RateFIFO@rho1.2_rep1,1,RateFIFO@rho1.2,RateFIFO,57,reuse_intensive:rep1:req57,reuse_intensive,0,11,2,L0011,4096,0,0,True,1789719575.6787977,4096,4096,4096,131.2569239139557,False,False,False,False,4096,79.92,1,1,4128.0,True,cache_reused,False,False,0,0.0,4a02cdae2a49a1af90b0eaca884c94f7403a240cbc84b9ab1601402b6452b372,True,,,1,0,10742.379024,12792.870225,6,4156,4,4128
20260726_formal4t4_reuse_intensive_RateFIFO@rho1.2_rep1,1,RateFIFO@rho1.2,RateFIFO,58,reuse_intensive:rep1:req58,reuse_intensive,0,38,0,L0038,4096,1,,False,1789719575.6788275,0,0,0,,False,False,False,False,0,0.0,0,0,32.0,False,cache_miss,False,False,0,0.0,92d3bc300d3067d3987668274347fe47a820390ce263a5923930141b6e850798,True,,,1,0,8677.607573,9394.977484,6,4156,4,32
20260726_formal4t4_reuse_intensive_RateFIFO@rho1.2_rep1,1,RateFIFO@rho1.2,RateFIFO,59,reuse_intensive:rep1:req59,reuse_intensive,0,0,2,L0000,4096,0,0,True,1789719575.6788583,4096,4096,4096,34.154366970062256,False,False,False,False,4096,77.92,1,1,4128.0,True,cache_reused,False,False,0,0.0,a0affa8e88dcd8ad93aec1c3b4d40e409c99719cb0a99ab0be8ad73a34a8f1b7,True,,,1,0,10740.332046,12790.662374,6,4156,4,4128
20260726_formal4t4_reuse_intensive_RateFIFO@rho1.2_rep1,1,RateFIFO@rho1.2,RateFIFO,60,reuse_intensive:rep1:req60,reuse_intensive,1,87,0,L0087,4096,2,,False,1789719588.474759,0,0,0,,False,False,False,False,0,0.0,0,0,32.0,False,cache_miss,False,False,0,0.0,dac312222027957405dabf9ec886bb47aeb2706b460f87d52fb5d63fc922a4da,True,,,1,0,8605.819277,9347.766629,6,4156,4,32
20260726_formal4t4_reuse_intensive_RateFIFO@rho1.2_rep1,1,RateFIFO@rho1.2,RateFIFO,61,reuse_intensive:rep1:req61,reuse_intensive,1,65,0,L0065,4096,1,,False,1789719588.4747975,0,0,0,,False,False,False,False,0,0.0,0,0,32.0,False,cache_miss,False,False,0,0.0,663be6d01dba66a710f74eeaf2bfc0ce90f264eb15122f2195734f33b56b2022,True,,,1,0,9236.246932,10006.176339,6,4156,4,32
20260726_formal4t4_reuse_intensive_RateFIFO@rho1.2_rep1,1,RateFIFO@rho1.2,RateFIFO,62,reuse_intensive:rep1:req62,reuse_intensive,1,79,0,L0079,4096,0,,False,1789719588.4748223,0,0,0,,False,False,False,False,0,0.0,0,0,32.0,False,cache_miss,False,False,0,0.0,4857ac2fe0d8026900ea8571ebdc80b6cac99e616ca2f44c2bfd5dee989e5af2,True,,,1,0,8521.043248,9203.694028,6,4156,4,32
20260726_formal4t4_reuse_intensive_RateFIFO@rho1.2_rep1,1,RateFIFO@rho1.2,RateFIFO,63,reuse_intensive:rep1:req63,reuse_intensive,1,67,0,L0067,4096,3,,False,1789719588.4748435,0,0,0,,False,False,False,False,0,0.0,0,0,32.0,False,cache_miss,False,False,0,0.0,a77d6b6caf11b05b56e8d8099dafe9175d9a3f8cdef430cb95dcbfd63679057a,True,,,1,0,9215.56576,9965.255492,6,4156,4,32
20260726_formal4t4_reuse_intensive_RateFIFO@rho1.2_rep1,1,RateFIFO@rho1.2,RateFIFO,64,reuse_intensive:rep1:req64,reuse_intensive,1,66,0,L0066,4096,2,,False,1789719598.4839127,0,0,0,,False,False,False,False,0,0.0,0,0,32.0,False,cache_miss,False,False,0,0.0,abdd665072f3f639532c7fd8ab45ba6683ea34e68db2ebadedbdb8978f715da9,True,,,1,0,8605.590963,9346.566749,6,4156,4,32
20260726_formal4t4_reuse_intensive_RateFIFO@rho1.2_rep1,1,RateFIFO@rho1.2,RateFIFO,65,reuse_intensive:rep1:req65,reuse_intensive,1,64,0,L0064,4096,3,,False,1789719598.4839513,0,0,0,,False,False,False,False,0,0.0,0,0,32.0,False,cache_miss,False,False,0,0.0,8196fbfab01066670a59e69df247ebe9ce0cd7f3a986e9c878dfc047dd7bd062,True,,,1,0,8785.828726,9519.066274,6,4156,4,32
20260726_formal4t4_reuse_intensive_RateFIFO@rho1.2_rep1,1,RateFIFO@rho1.2,RateFIFO,66,reuse_intensive:rep1:req66,reuse_intensive,1,67,1,L0067,4096,0,,False,1789719598.4839761,4096,0,0,268.3332426548004,True,True,False,False,0,0.0,0,0,32.0,False,cache_miss,False,False,0,0.0,3221cc575df87ffe81d373cdeb94ad42dfb30dfdd64d0ca29b9b9d51bd509abd,True,,,1,0,9043.401485,9804.655104,6,4156,4,32
20260726_formal4t4_reuse_intensive_RateFIFO@rho1.2_rep1,1,RateFIFO@rho1.2,RateFIFO,67,reuse_intensive:rep1:req67,reuse_intensive,1,97,0,L0097,4096,1,,False,1789719598.4839995,0,0,0,,False,False,False,False,0,0.0,0,0,32.0,False,cache_miss,False,False,0,0.0,4cf5c86eaf5bbb0884f66c36233d4a1b38b5a426a0c65794c0a1cb9f2b96ef8f,True,,,1,0,8527.395667,9216.971536,6,4156,4,32
20260726_formal4t4_reuse_intensive_RateFIFO@rho1.2_rep1,1,RateFIFO@rho1.2,RateFIFO,68,reuse_intensive:rep1:req68,reuse_intensive,1,125,0,L0125,4096,2,,False,1789719608.2922235,0,0,0,,False,False,False,False,0,0.0,0,0,16.0,False,cache_miss,False,False,0,0.0,a4989493ebd8cdea75d1219d13f5a7a7dbf7ce2505ae85b1901920e0d6cb5a8e,True,,,1,0,7774.06747,8442.8479,6,4156,4,16
20260726_formal4t4_reuse_intensive_RateFIFO@rho1.2_rep1,1,RateFIFO@rho1.2,RateFIFO,69,reuse_intensive:rep1:req69,reuse_intensive,1,69,0,L0069,4096,0,,False,1789719608.2922604,0,0,0,,False,False,False,False,0,0.0,0,0,32.0,False,cache_miss,False,False,0,0.0,53afe9510b17a2b5bb3ef910dbf7cdb80785c058c7998e7c586248c9be16d5e6,True,,,1,0,10026.3047,10832.722342,6,4156,4,32
20260726_formal4t4_reuse_intensive_RateFIFO@rho1.2_rep1,1,RateFIFO@rho1.2,RateFIFO,70,reuse_intensive:rep1:req70,reuse_intensive,1,90,0,L0090,4096,1,,False,1789719608.292283,0,0,0,,False,False,False,False,0,0.0,0,0,32.0,False,cache_miss,False,False,0,0.0,092d8a9507505574ba4892fbe65c2a29233b74e1dba6c57d117bcb54af9c1ffc,True,,,1,0,7920.426365,8588.828889,6,4156,4,32
20260726_formal4t4_reuse_intensive_RateFIFO@rho1.2_rep1,1,RateFIFO@rho1.2,RateFIFO,71,reuse_intensive:rep1:req71,reuse_intensive,1,64,1,L0064,4096,3,,False,1789719608.2923033,4096,0,0,278.141569852829,True,True,False,False,0,0.0,0,0,4128.0,False,cache_reused,False,False,0,0.0,89723d8f3578b8ea3e2bad54babdd6edbcca0d6c567df308494b362c72545669,True,,,1,0,298.615606,1025.995837,6,4156,4,4128
20260726_formal4t4_reuse_intensive_RateFIFO@rho1.2_rep1,1,RateFIFO@rho1.2,RateFIFO,72,reuse_intensive:rep1:req72,reuse_intensive,1,109,0,L0109,4096,2,,False,1789719619.127812,0,0,0,,False,False,False,False,0,0.0,0,0,32.0,False,cache_miss,False,False,0,0.0,98d84703c180e702403a3f6e2b44b8a96bd4e9169987b0b7cddf547eccf35484,True,,,1,0,8822.578888,9588.950729,6,4156,4,32
20260726_formal4t4_reuse_intensive_RateFIFO@rho1.2_rep1,1,RateFIFO@rho1.2,RateFIFO,73,reuse_intensive:rep1:req73,reuse_intensive,1,64,2,L0064,4096,1,,False,1789719619.1278496,4096,0,0,288.9771161079407,True,True,False,False,0,0.0,0,0,32.0,False,cache_miss,False,False,0,0.0,ae3451bde7b84d2a6b6cbf78820cdbb50d45f5e9e112ee218e3cd72fbb1b14e9,True,,,1,0,9089.400844,9864.110518,6,4156,4,32
20260726_formal4t4_reuse_intensive_RateFIFO@rho1.2_rep1,1,RateFIFO@rho1.2,RateFIFO,74,reuse_intensive:rep1:req74,reuse_intensive,1,74,0,L0074,4096,0,,False,1789719619.1278763,0,0,0,,False,False,False,False,0,0.0,0,0,32.0,False,cache_miss,False,False,0,0.0,ca35847069a4726fcfc3cfd6b19ec36b898b67d4ee49658e7147dc77a8ec8d46,True,,,1,0,9598.587805,10385.283405,6,4156,4,32
20260726_formal4t4_reuse_intensive_RateFIFO@rho1.2_rep1,1,RateFIFO@rho1.2,RateFIFO,75,reuse_intensive:rep1:req75,reuse_intensive,1,75,0,L0075,4096,3,,False,1789719619.1278973,0,0,0,,False,False,False,False,0,0.0,0,0,32.0,False,cache_miss,False,False,0,0.0,fab95173120da80a0750117abec4e90752b64c5d04da201d8b1ce9d4904231ba,True,,,1,0,8881.592838,9597.369411,6,4156,4,32
20260726_formal4t4_reuse_intensive_RateFIFO@rho1.2_rep1,1,RateFIFO@rho1.2,RateFIFO,76,reuse_intensive:rep1:req76,reuse_intensive,1,122,0,L0122,4096,2,,False,1789719629.5166993,0,0,0,,False,False,False,False,0,0.0,0,0,32.0,False,cache_miss,False,False,0,0.0,1345c1ad311b524cfeebf0dbb0daac8e31d223c4062abfab58b9bceefb0ff21d,True,,,1,0,8755.149948,9505.264532,6,4156,4,32
20260726_formal4t4_reuse_intensive_RateFIFO@rho1.2_rep1,1,RateFIFO@rho1.2,RateFIFO,77,reuse_intensive:rep1:req77,reuse_intensive,1,64,0,L0064,4096,3,,False,1789719629.516738,4096,0,0,299.3660044670105,True,True,False,False,0,0.0,0,0,4128.0,False,cache_reused,False,False,0,0.0,ef1c2624114a3659476767b1d50df8337a62048c6bbd76547b46407e9499cb74,True,,,1,0,296.201418,1026.317528,6,4156,4,4128
20260726_formal4t4_reuse_intensive_RateFIFO@rho1.2_rep1,1,RateFIFO@rho1.2,RateFIFO,78,reuse_intensive:rep1:req78,reuse_intensive,1,103,0,L0103,4096,0,,False,1789719629.516767,0,0,0,,False,False,False,False,0,0.0,0,0,16.0,False,cache_miss,False,False,0,0.0,228c02ce1351e268c414c1a96d8f18c2497fa60f661d282cb3680bfb28a6229c,True,,,1,0,9283.548102,10043.734945,6,4156,4,16
20260726_formal4t4_reuse_intensive_RateFIFO@rho1.2_rep1,1,RateFIFO@rho1.2,RateFIFO,79,reuse_intensive:rep1:req79,reuse_intensive,1,98,0,L0098,4096,1,,False,1789719629.516789,0,0,0,,False,False,False,False,0,0.0,0,0,32.0,False,cache_miss,False,False,0,0.0,32332ddf42df9f3d52d64356c698c51b4c7402e3b3961a950fce3fb84abb55d6,True,,,1,0,8670.272395,9383.448689,6,4156,4,32
20260726_formal4t4_reuse_intensive_RateFIFO@rho1.2_rep1,1,RateFIFO@rho1.2,RateFIFO,80,reuse_intensive:rep1:req80,reuse_intensive,1,69,1,L0069,4096,2,,False,1789719639.564066,4096,0,0,309.4133324623108,True,True,False,False,0,0.0,0,0,32.0,False,cache_miss,False,False,0,0.0,fecc1594019ccbd1f72e99481940c02e023d5c5f0f89c51383dfab24fc9fde36,True,,,1,0,7826.559417,8473.454808,6,4156,4,32
20260726_formal4t4_reuse_intensive_RateFIFO@rho1.2_rep1,1,RateFIFO@rho1.2,RateFIFO,81,reuse_intensive:rep1:req81,reuse_intensive,1,120,0,L0120,4096,0,,False,1789719639.5641065,0,0,0,,False,False,False,False,0,0.0,0,0,32.0,False,cache_miss,False,False,0,0.0,6e08e69cf136b9dbd768ec8dd42a0de7d5542e98dca5e4fc82f2b423c50bc400,True,,,1,0,9065.151366,9817.191887,6,4156,4,32
20260726_formal4t4_reuse_intensive_RateFIFO@rho1.2_rep1,1,RateFIFO@rho1.2,RateFIFO,82,reuse_intensive:rep1:req82,reuse_intensive,1,74,1,L0074,4096,1,,False,1789719639.5641325,4096,0,0,309.41339898109436,True,True,False,False,0,0.0,0,0,32.0,False,cache_miss,False,False,0,0.0,7bc6bb4d6deaa4026d115b25d1428abd239115e2c439569b5e5aa8dc24b3668a,True,,,1,0,9319.315709,10096.098658,6,4156,4,32
20260726_formal4t4_reuse_intensive_RateFIFO@rho1.2_rep1,1,RateFIFO@rho1.2,RateFIFO,83,reuse_intensive:rep1:req83,reuse_intensive,1,65,1,L0065,4096,3,,False,1789719639.5641534,4096,0,0,309.4134199619293,True,True,False,False,0,0.0,0,0,32.0,False,cache_miss,False,False,0,0.0,0cf66cbdb260204c8d838d88ca1729c57e1c15a7fc513313877bf5eee6e5457f,True,,,1,0,9371.083218,10126.568929,6,4156,4,32
20260726_formal4t4_reuse_intensive_RateFIFO@rho1.2_rep1,1,RateFIFO@rho1.2,RateFIFO,84,reuse_intensive:rep1:req84,reuse_intensive,1,95,0,L0095,4096,2,,False,1789719649.695013,0,0,0,,False,False,False,False,0,0.0,0,0,32.0,False,cache_miss,False,False,0,0.0,04454472cf917ee7b86692195c62d0c529dfed749d16d6bf39bc61915d1b27e8,True,,,1,0,8351.378094,9052.765493,6,4156,4,32
20260726_formal4t4_reuse_intensive_RateFIFO@rho1.2_rep1,1,RateFIFO@rho1.2,RateFIFO,85,reuse_intensive:rep1:req85,reuse_intensive,1,70,0,L0070,4096,1,,False,1789719649.6950517,0,0,0,,False,False,False,False,0,0.0,0,0,32.0,False,cache_miss,False,False,0,0.0,ef5027a09d057a63553c036b5b31eb04905a127b38acc95faf49eb4358908793,True,,,1,0,9438.563501,10202.210396,6,4156,4,32
20260726_formal4t4_reuse_intensive_RateFIFO@rho1.2_rep1,1,RateFIFO@rho1.2,RateFIFO,86,reuse_intensive:rep1:req86,reuse_intensive,1,71,0,L0071,4096,0,,False,1789719649.695077,0,0,0,,False,False,False,False,0,0.0,0,0,32.0,False,cache_miss,False,False,0,0.0,1514204d10d8ae7d483f33d574f98942ba685a053e0941fb8416611d6e9f5408,True,,,1,0,10262.317758,11103.265612,6,4156,4,32
20260726_formal4t4_reuse_intensive_RateFIFO@rho1.2_rep1,1,RateFIFO@rho1.2,RateFIFO,87,reuse_intensive:rep1:req87,reuse_intensive,1,79,1,L0079,4096,3,,False,1789719649.6950977,4096,0,0,319.5443642139435,True,True,False,False,0,0.0,0,0,32.0,False,cache_miss,False,False,0,0.0,5a5f8a151636bf3f18810d8024b7a5be1f263f418a84f3a35ec6b11949b13a03,True,,,1,0,8693.102975,9399.686786,6,4156,4,32
20260726_formal4t4_reuse_intensive_RateFIFO@rho1.2_rep1,1,RateFIFO@rho1.2,RateFIFO,88,reuse_intensive:rep1:req88,reuse_intensive,1,71,1,L0071,4096,2,,False,1789719660.8020399,4096,0,0,330.65130639076233,True,True,False,False,0,0.0,0,0,32.0,False,cache_miss,False,False,0,0.0,b41940b9016131f7c82e6ae6b7a88ff89dd4c6e3955b0d7725a4b130bf08c552,True,,,1,0,9235.116542,9998.579276,6,4156,4,32
20260726_formal4t4_reuse_intensive_RateFIFO@rho1.2_rep1,1,RateFIFO@rho1.2,RateFIFO,89,reuse_intensive:rep1:req89,reuse_intensive,1,68,0,L0068,4096,3,,False,1789719660.8020823,0,0,0,,False,False,False,False,0,0.0,0,0,32.0,False,cache_miss,False,False,0,0.0,5cab005a47049fda200da4121b63de43142308d1aa2388f133f517ff6b4ba13c,True,,,1,0,8485.71686,9188.064642,6,4156,4,32
20260726_formal4t4_reuse_intensive_RateFIFO@rho1.2_rep1,1,RateFIFO@rho1.2,RateFIFO,90,reuse_intensive:rep1:req90,reuse_intensive,1,65,2,L0065,4096,0,,False,1789719660.8021088,4096,0,0,330.6513752937317,True,True,False,False,0,0.0,0,0,32.0,False,cache_miss,False,False,0,0.0,91d8c47b30e26e89a33bc3017570a513183126a5de01ad4b18c43d0e67c73dcf,True,,,1,0,8973.545921,9700.850854,6,4156,4,32
20260726_formal4t4_reuse_intensive_RateFIFO@rho1.2_rep1,1,RateFIFO@rho1.2,RateFIFO,91,reuse_intensive:rep1:req91,reuse_intensive,1,105,0,L0105,4096,1,,False,1789719660.8021338,0,0,0,,False,False,False,False,0,0.0,0,0,16.0,False,cache_miss,False,False,0,0.0,b53f73310d48aea9c90d5f56745c105debf4b6a2fff412a897bebff55dc0c492,True,,,1,0,8396.325135,9079.691365,6,4156,4,16
20260726_formal4t4_reuse_intensive_RateFIFO@rho1.2_rep1,1,RateFIFO@rho1.2,RateFIFO,92,reuse_intensive:rep1:req92,reuse_intensive,1,72,0,L0072,4096,2,,False,1789719670.887263,0,0,0,,False,False,False,False,0,0.0,0,0,32.0,False,cache_miss,False,False,0,0.0,fa623b87516c7cfbdf9ae07c610f69eda1f2347d551b747a2fee668cfb564196,True,,,1,0,8415.469299,9140.749481,6,4156,4,32
20260726_formal4t4_reuse_intensive_RateFIFO@rho1.2_rep1,1,RateFIFO@rho1.2,RateFIFO,93,reuse_intensive:rep1:req93,reuse_intensive,1,64,1,L0064,4096,0,,False,1789719670.8872907,4096,0,0,340.7365572452545,True,True,False,False,0,0.0,0,0,32.0,False,cache_miss,False,False,0,0.0,1c783bd15c4256e10fd663d9ab2881d0932db3b1e5604b5641b4d3cd7e9a67f9,True,,,1,0,9381.391109,10162.871209,6,4156,4,32
20260726_formal4t4_reuse_intensive_RateFIFO@rho1.2_rep1,1,RateFIFO@rho1.2,RateFIFO,94,reuse_intensive:rep1:req94,reuse_intensive,1,78,0,L0078,4096,1,,False,1789719670.8873093,0,0,0,,False,False,False,False,0,0.0,0,0,32.0,False,cache_miss,False,False,0,0.0,63bde83dcbd2d5e8d053b84fb33e8f6384bbcdb66fa8bf792ea7c6c3370b1da9,True,,,1,0,8331.201758,9021.46702,6,4156,4,32
20260726_formal4t4_reuse_intensive_RateFIFO@rho1.2_rep1,1,RateFIFO@rho1.2,RateFIFO,95,reuse_intensive:rep1:req95,reuse_intensive,1,64,2,L0064,4096,3,,False,1789719670.8873239,4096,0,0,340.736590385437,True,True,False,False,0,0.0,0,0,4128.0,False,cache_reused,False,False,0,0.0,80110d0d8e256b2dff46c5543969f8d04c40ed9af04bcb65d549d4e3ce705327,True,,,1,0,299.976405,1034.60336,6,4156,4,4128
20260726_formal4t4_reuse_intensive_RateFIFO@rho1.2_rep1,1,RateFIFO@rho1.2,RateFIFO,96,reuse_intensive:rep1:req96,reuse_intensive,1,64,0,L0064,4096,2,,False,1789719681.0528316,4096,0,0,350.9020981788635,True,True,False,False,0,0.0,0,0,32.0,False,cache_miss,False,False,0,0.0,562c6bbb86ada9cec36b61f74d4ab3f161be8e89b18b3fbb106e8c8d1867f206,True,,,1,0,8653.874567,9973.574735,6,4156,4,32
20260726_formal4t4_reuse_intensive_RateFIFO@rho1.2_rep1,1,RateFIFO@rho1.2,RateFIFO,97,reuse_intensive:rep1:req97,reuse_intensive,1,87,1,L0087,4096,2,2,True,1789719681.052886,4096,4096,4096,82.57049250602722,False,False,False,False,4096,79.92,1,1,4128.0,True,cache_reused,False,False,0,0.0,328fa8da3f9b7c0a7812de418a9cc8fbdf7db20f2e57a406708d5560d9da528a,True,,,1,0,8653.194512,9972.960244,6,4156,4,4128
20260726_formal4t4_reuse_intensive_RateFIFO@rho1.2_rep1,1,RateFIFO@rho1.2,RateFIFO,98,reuse_intensive:rep1:req98,reuse_intensive,1,64,1,L0064,4096,0,,False,1789719681.0529158,4096,0,0,350.90218234062195,True,True,False,False,0,0.0,0,0,4128.0,False,cache_reused,False,False,0,0.0,693c57dcf1ca72a0ff046131055544c434bb5fbd692d5ea4cfd6a0cfafe92455,True,,,1,0,316.493816,1104.038072,6,4156,4,4128
20260726_formal4t4_reuse_intensive_RateFIFO@rho1.2_rep1,1,RateFIFO@rho1.2,RateFIFO,99,reuse_intensive:rep1:req99,reuse_intensive,1,67,2,L0067,4096,1,,False,1789719681.0529406,4096,0,0,350.9022071361542,True,True,False,False,0,0.0,0,0,32.0,False,cache_miss,False,False,0,0.0,490fee34a1515925a902e6742cf2efe248d17e1828294808960f8d300f0e2fd3,True,,,1,0,9508.399305,10275.744221,6,4156,4,32
20260726_formal4t4_reuse_intensive_RateFIFO@rho1.2_rep1,1,RateFIFO@rho1.2,RateFIFO,100,reuse_intensive:rep1:req100,reuse_intensive,1,64,2,L0064,4096,3,,False,1789719691.3332055,4096,0,0,361.1824719905853,True,True,False,False,0,0.0,0,0,4128.0,False,cache_reused,False,False,0,0.0,e34312590e84f1a84a82c24a5b06170ebb08a7f6eba8f7b99071f133fefc97ca,True,,,1,0,446.701959,1172.799682,6,4157,4,4128
20260726_formal4t4_reuse_intensive_RateFIFO@rho1.2_rep1,1,RateFIFO@rho1.2,RateFIFO,101,reuse_intensive:rep1:req101,reuse_intensive,1,68,1,L0068,4096,0,,False,1789719691.3332467,4096,0,0,361.1825132369995,True,True,False,False,0,0.0,0,0,32.0,False,cache_miss,False,False,0,0.0,7e4bca15d2108922bade032d0236f06c8cc9bff33fdc5df95038026949ab42e7,True,,,1,0,9567.47507,10373.951204,6,4157,4,32
20260726_formal4t4_reuse_intensive_RateFIFO@rho1.2_rep1,1,RateFIFO@rho1.2,RateFIFO,102,reuse_intensive:rep1:req102,reuse_intensive,1,67,0,L0067,4096,2,,False,1789719691.3332744,4096,0,0,361.1825408935547,True,True,False,False,0,0.0,0,0,32.0,False,cache_miss,False,False,0,0.0,e85a9ac6b8f5bbbad6eb4febf22e77fb03e68732d71f25c7729eec581e05d7a8,True,,,1,0,8740.647807,10093.830782,6,4157,4,32
20260726_formal4t4_reuse_intensive_RateFIFO@rho1.2_rep1,1,RateFIFO@rho1.2,RateFIFO,103,reuse_intensive:rep1:req103,reuse_intensive,1,72,1,L0072,4096,2,2,True,1789719691.3333113,4096,4096,4096,10.28208613395691,False,False,False,False,4096,79.92,1,1,4128.0,True,cache_reused,False,False,0,0.0,8e2628600e339b15d1cc7d3eff016d404024b53ac793ac80789aa5eeb2de9f93,True,,,1,0,8740.051602,10093.291353,6,4157,4,4128
20260726_formal4t4_reuse_intensive_RateFIFO@rho1.2_rep1,1,RateFIFO@rho1.2,RateFIFO,104,reuse_intensive:rep1:req104,reuse_intensive,1,68,2,L0068,4096,0,,False,1789719701.7102787,4096,0,0,371.5595452785492,True,True,False,False,0,0.0,0,0,4128.0,False,cache_reused,False,False,0,0.0,9df1877a4ee6143bb7f1243b527b1afdc9a0a45e3cad74cd60ea1472e95d4a1c,True,,,1,0,317.156847,1117.747424,6,4157,4,4128
20260726_formal4t4_reuse_intensive_RateFIFO@rho1.2_rep1,1,RateFIFO@rho1.2,RateFIFO,105,reuse_intensive:rep1:req105,reuse_intensive,1,64,0,L0064,4096,3,,False,1789719701.710319,4096,0,0,371.55958557128906,True,True,False,False,0,0.0,0,0,4128.0,False,cache_reused,False,False,0,0.0,816f18c2ea430c5d45b61b9a236577699384a3df5c4103ee121bd53c20ce42cb,True,,,1,0,433.961729,1164.471079,6,4157,4,4128
20260726_formal4t4_reuse_intensive_RateFIFO@rho1.2_rep1,1,RateFIFO@rho1.2,RateFIFO,106,reuse_intensive:rep1:req106,reuse_intensive,1,83,0,L0083,4096,1,,False,1789719701.7103467,0,0,0,,False,False,False,False,0,0.0,0,0,32.0,False,cache_miss,False,False,0,0.0,42448b2648652d8459123f165129b5e34bb74191e6b64e6c009e0261d4c4f641,True,,,1,0,8356.065651,9059.610657,6,4157,4,32
20260726_formal4t4_reuse_intensive_RateFIFO@rho1.2_rep1,1,RateFIFO@rho1.2,RateFIFO,107,reuse_intensive:rep1:req107,reuse_intensive,1,68,0,L0068,4096,2,,False,1789719701.7103698,4096,0,0,371.5596363544464,True,True,False,False,0,0.0,0,0,32.0,False,cache_miss,False,False,0,0.0,47af614fbd76567b458be25e51cec987cf9d269a955212e8dfe9d60ae79a4814,True,,,1,0,8300.01759,8984.462605,6,4157,4,32
20260726_formal4t4_reuse_intensive_RateFIFO@rho1.2_rep1,1,RateFIFO@rho1.2,RateFIFO,108,reuse_intensive:rep1:req108,reuse_intensive,1,64,1,L0064,4096,2,2,True,1789719710.7737372,4096,4096,4096,19.442155599594116,False,False,False,False,4096,81.92,1,1,4128.0,True,cache_reused,False,False,0,0.0,35fb7cc7714389929444cfd996480fd2934cedef57ad74f581841bec795efdba,True,,,1,0,277.330646,943.764802,6,4157,4,4128
20260726_formal4t4_reuse_intensive_RateFIFO@rho1.2_rep1,1,RateFIFO@rho1.2,RateFIFO,109,reuse_intensive:rep1:req109,reuse_intensive,1,65,0,L0065,4096,1,,False,1789719710.7737782,4096,0,0,380.6230447292328,True,True,False,False,0,0.0,0,0,4128.0,False,cache_reused,False,False,0,0.0,475b036e0cda94b8c8f928a9ab25d753dec24a7866f9e8571ff4d31d76430bc8,True,,,1,0,310.116783,1083.935305,6,4157,4,4128
20260726_formal4t4_reuse_intensive_RateFIFO@rho1.2_rep1,1,RateFIFO@rho1.2,RateFIFO,110,reuse_intensive:rep1:req110,reuse_intensive,1,70,1,L0070,4096,3,,False,1789719710.7738073,4096,0,0,380.62307381629944,True,True,False,False,0,0.0,0,0,32.0,False,cache_miss,False,False,0,0.0,3494015246044ec817369dd9cc08055950bbd7a8cb8396569ae7c0c86a8fc4df,True,,,1,0,9497.688881,10286.974588,6,4157,4,32
20260726_formal4t4_reuse_intensive_RateFIFO@rho1.2_rep1,1,RateFIFO@rho1.2,RateFIFO,111,reuse_intensive:rep1:req111,reuse_intensive,1,77,0,L0077,4096,0,,False,1789719710.7738304,0,0,0,,False,False,False,False,0,0.0,0,0,32.0,False,cache_miss,False,False,0,0.0,0c48f787678bb6fa1e5cfa899c2831557c3deaa7a437f56a10ecc1df54985ec3,True,,,1,0,9178.587969,9965.108602,6,4157,4,32
20260726_formal4t4_reuse_intensive_RateFIFO@rho1.2_rep1,1,RateFIFO@rho1.2,RateFIFO,112,reuse_intensive:rep1:req112,reuse_intensive,1,93,0,L0093,4096,1,,False,1789719721.0644968,0,0,0,,False,False,False,False,0,0.0,0,0,32.0,False,cache_miss,False,False,0,0.0,25d15a2eb436e92c2a00dc5ff9aa15214c9a830de65291cbcb6e2c1bba05297b,True,,,1,0,9386.21115,10135.761333,6,4157,4,32
20260726_formal4t4_reuse_intensive_RateFIFO@rho1.2_rep1,1,RateFIFO@rho1.2,RateFIFO,113,reuse_intensive:rep1:req113,reuse_intensive,1,64,2,L0064,4096,3,2;3,False,1789719721.0645528,4096,4096,4096,19.35594367980957,False,False,False,False,4096,0.0,2,2,4128.0,False,cache_reused,False,False,0,0.0,9ae3d0add036df57f2a9ef66c18c1ff2464a7253886e7fa73717c058721ea061,True,,,1,0,275.101216,1003.644182,6,4157,4,4128
20260726_formal4t4_reuse_intensive_RateFIFO@rho1.2_rep1,1,RateFIFO@rho1.2,RateFIFO,114,reuse_intensive:rep1:req114,reuse_intensive,1,65,1,L0065,4096,0,,False,1789719721.0645852,4096,0,0,390.9138517379761,True,True,False,False,0,0.0,0,0,4128.0,False,cache_reused,False,False,0,0.0,e271c8d079d74dad2fc115520183ee911440cdb3550672f65e4af876b33e616a,True,,,1,0,296.872897,1021.49961,6,4157,4,4128
20260726_formal4t4_reuse_intensive_RateFIFO@rho1.2_rep1,1,RateFIFO@rho1.2,RateFIFO,115,reuse_intensive:rep1:req115,reuse_intensive,1,66,1,L0066,4096,2,2,False,1789719721.064622,4096,4096,4096,112.77397418022156,False,False,False,False,4096,0.0,1,1,4128.0,False,cache_reused,False,False,0,0.0,7c97cea606873a46d0b3a2e897320d57b6561959df040cb129bafcb8a1df1def,True,,,1,0,469.363575,1219.042111,6,4157,4,4128
20260726_formal4t4_reuse_intensive_RateFIFO@rho1.2_rep1,1,RateFIFO@rho1.2,RateFIFO,116,reuse_intensive:rep1:req116,reuse_intensive,1,85,0,L0085,4096,3,,False,1789719731.202369,0,0,0,,False,False,False,False,0,0.0,0,0,32.0,False,cache_miss,False,False,0,0.0,2268bd2b295a65b7267dfd7cf51129ba6a128147032981df645b49f563e64d18,True,,,1,0,8678.059451,9372.026857,6,4157,4,32
20260726_formal4t4_reuse_intensive_RateFIFO@rho1.2_rep1,1,RateFIFO@rho1.2,RateFIFO,117,reuse_intensive:rep1:req117,reuse_intensive,1,120,1,L0120,4096,2,,False,1789719731.2024095,4096,0,0,401.05167603492737,True,True,False,False,0,0.0,0,0,32.0,False,cache_miss,False,False,0,0.0,3944ff2fc7ac530605c0bdc9c2cd1150925702c56b42f9b5119d7f4662c995ee,True,,,1,0,7893.285005,9127.849932,6,4157,4,32
20260726_formal4t4_reuse_intensive_RateFIFO@rho1.2_rep1,1,RateFIFO@rho1.2,RateFIFO,118,reuse_intensive:rep1:req118,reuse_intensive,1,69,2,L0069,4096,2,2,True,1789719731.202453,4096,4096,4096,81.50898551940918,False,False,False,False,4096,79.92,1,1,4128.0,True,cache_reused,False,False,0,0.0,b84fb4c09e0ff10982a1fe5c9ed2f22ad4ff976dd68e337ac09c29b1f15b747c,True,,,1,0,7892.608892,9127.200504,6,4157,4,4128
20260726_formal4t4_reuse_intensive_RateFIFO@rho1.2_rep1,1,RateFIFO@rho1.2,RateFIFO,119,reuse_intensive:rep1:req119,reuse_intensive,1,68,1,L0068,4096,0,0,True,1789719731.2024872,4096,4096,4096,20.430407524108887,False,False,False,False,4096,81.92,1,1,4128.0,True,cache_reused,False,False,0,0.0,b65a08a7822e9d94a2fce939fad23b17bc26b8219569fe655c185d4e92f53e0d,True,,,1,0,459.359162,1263.384149,6,4157,4,4128
20260726_formal4t4_reuse_intensive_StaticSemantic@rho1.2_rep1,1,StaticSemantic@rho1.2,StaticSemantic,24,reuse_intensive:rep1:req24,reuse_intensive,0,4,1,L0004,4096,3,0;3,False,1789719935.74587,4096,4096,4096,137.21548533439636,False,False,False,False,4096,0.0,2,2,4128.0,False,cache_reused,False,False,0,0.0,ead994e8561941a2554cf8d05fa1fc104e5d1345e6214396364d4109686a1831,True,,,1,0,426.118762,1114.058465,6,4156,4,4128
20260726_formal4t4_reuse_intensive_StaticSemantic@rho1.2_rep1,1,StaticSemantic@rho1.2,StaticSemantic,25,reuse_intensive:rep1:req25,reuse_intensive,0,1,2,L0001,4096,2,0;2,False,1789719935.7459195,4096,4096,4096,167.06382989883423,False,False,False,False,4096,0.0,2,2,4128.0,False,cache_reused,False,False,0,0.0,fa597e7474ba33775baac9e97141a42f535b6df7a1f086cd40a8c29507c3d936,True,,,1,0,304.171863,1064.513958,6,4156,4,4128
20260726_formal4t4_reuse_intensive_StaticSemantic@rho1.2_rep1,1,StaticSemantic@rho1.2,StaticSemantic,26,reuse_intensive:rep1:req26,reuse_intensive,0,2,1,L0002,4096,0,0;2,True,1789719935.745956,4096,4096,4096,156.73313927650452,False,False,False,False,4096,81.92,2,2,4128.0,True,cache_reused,False,False,0,0.0,6891c670a86b564226aea0110bd587e27a6acea55ec9252f53fcff198a8b8354,True,,,1,0,472.628144,1293.701558,6,4156,4,4128
20260726_formal4t4_reuse_intensive_StaticSemantic@rho1.2_rep1,1,StaticSemantic@rho1.2,StaticSemantic,27,reuse_intensive:rep1:req27,reuse_intensive,0,0,2,L0000,4096,1,0;1,False,1789719935.7459881,4096,4096,4096,176.45504760742188,False,False,False,False,4096,0.0,2,2,4128.0,False,cache_reused,False,False,0,0.0,e8c6fb761c5c26fee276c575cdb17714bc1c75f55937d3414cf00fbd46053b4e,True,,,1,0,443.108579,1219.537405,6,4156,4,4128
20260726_formal4t4_reuse_intensive_StaticSemantic@rho1.2_rep1,1,StaticSemantic@rho1.2,StaticSemantic,28,reuse_intensive:rep1:req28,reuse_intensive,0,17,0,L0017,4096,3,,False,1789719937.0438101,0,0,0,,False,False,False,False,0,0.0,0,0,32.0,False,cache_miss,False,False,0,0.0,fd2f07a8c5c581bc8ddf8008a322eba1b02c1346ee7e768fafbf21a16b8a73ae,True,,,1,0,8798.701198,9524.439685,6,4156,4,32
20260726_formal4t4_reuse_intensive_StaticSemantic@rho1.2_rep1,1,StaticSemantic@rho1.2,StaticSemantic,29,reuse_intensive:rep1:req29,reuse_intensive,0,2,2,L0002,4096,0,0;2,False,1789719937.0438635,4096,4096,4096,158.0310468673706,False,False,False,False,4096,0.0,2,2,4128.0,False,cache_reused,False,False,0,0.0,a312cc5f992ca23d316b828efc17ec06eff52a2c4b28676af19200dc415544ae,True,,,1,0,328.95891,1147.581628,6,4156,4,4128
20260726_formal4t4_reuse_intensive_StaticSemantic@rho1.2_rep1,1,StaticSemantic@rho1.2,StaticSemantic,30,reuse_intensive:rep1:req30,reuse_intensive,0,59,0,L0059,4096,1,,False,1789719937.0438964,0,0,0,,False,False,False,False,0,0.0,0,0,32.0,False,cache_miss,False,False,0,0.0,4ecf49ae827699f6dc227e033133e23f0b12310d5ba9ca68401d35b02a4725b7,True,,,1,0,8804.839541,9502.098172,6,4156,4,32
20260726_formal4t4_reuse_intensive_StaticSemantic@rho1.2_rep1,1,StaticSemantic@rho1.2,StaticSemantic,31,reuse_intensive:rep1:req31,reuse_intensive,0,1,0,L0001,4096,2,0;2,False,1789719937.04393,4096,4096,4096,168.3618404865265,False,False,False,False,4096,0.0,2,2,4128.0,False,cache_reused,False,False,0,0.0,bc7ea185e992508212ef0561deac136daa2230be879ce233127010391abae778,True,,,1,0,306.376029,1066.666172,6,4156,4,4128
20260726_formal4t4_reuse_intensive_StaticSemantic@rho1.2_rep1,1,StaticSemantic@rho1.2,StaticSemantic,32,reuse_intensive:rep1:req32,reuse_intensive,0,0,0,L0000,4096,1,0;1,False,1789719946.5703776,4096,4096,4096,187.2794370651245,False,False,False,False,4096,0.0,2,2,4128.0,False,cache_reused,False,False,0,0.0,8a1d3b0a7b0c2ada148e91616d936f7d33e7cdbeb3d5c62c91b49a393647ba17,True,,,1,0,289.82161,1057.948575,6,4156,4,4128
20260726_formal4t4_reuse_intensive_StaticSemantic@rho1.2_rep1,1,StaticSemantic@rho1.2,StaticSemantic,33,reuse_intensive:rep1:req33,reuse_intensive,0,44,0,L0044,4096,2,,False,1789719946.5704195,0,0,0,,False,False,False,False,0,0.0,0,0,32.0,False,cache_miss,False,False,0,0.0,02638b210a878ccd455c6484e5943daa0976417eed442d633c0d2684b783acb7,True,,,1,0,8364.963504,9088.41814,6,4156,4,32
20260726_formal4t4_reuse_intensive_StaticSemantic@rho1.2_rep1,1,StaticSemantic@rho1.2,StaticSemantic,34,reuse_intensive:rep1:req34,reuse_intensive,0,25,0,L0025,4096,0,,False,1789719946.570448,0,0,0,,False,False,False,False,0,0.0,0,0,32.0,False,cache_miss,False,False,0,0.0,9928fd26215fb6c8559fd7f707fce2c6191dd390ccdea875ecee17df321e9871,True,,,1,0,8219.088167,8971.820688,6,4156,4,32
20260726_formal4t4_reuse_intensive_StaticSemantic@rho1.2_rep1,1,StaticSemantic@rho1.2,StaticSemantic,35,reuse_intensive:rep1:req35,reuse_intensive,0,11,1,L0011,4096,3,,False,1789719946.570473,4096,0,0,197.13996529579163,True,True,False,False,0,0.0,0,0,4128.0,False,cache_reused,False,False,0,0.0,38a4f0059b5ac6d2937c4187652b341353b3129ea0e427b51b87ec16a4a85790,True,,,1,0,304.51159,1061.126638,6,4156,4,4128
20260726_formal4t4_reuse_intensive_StaticSemantic@rho1.2_rep1,1,StaticSemantic@rho1.2,StaticSemantic,36,reuse_intensive:rep1:req36,reuse_intensive,0,1,1,L0001,4096,2,0;2,False,1789719955.6620045,4096,4096,4096,186.97991490364075,False,False,False,False,4096,0.0,2,2,4128.0,False,cache_reused,False,False,0,0.0,8cfba15f4ea2635198bc5649221b8254498802898c9daf4536115143c4fc6360,True,,,1,0,308.180198,1726.955861,6,4156,4,4128
20260726_formal4t4_reuse_intensive_StaticSemantic@rho1.2_rep1,1,StaticSemantic@rho1.2,StaticSemantic,37,reuse_intensive:rep1:req37,reuse_intensive,0,0,1,L0000,4096,0,0;1,False,1789719955.6620538,4096,4096,4096,196.37120056152344,False,False,False,False,4096,0.0,2,2,4128.0,False,cache_reused,False,False,0,0.0,55a69c80ecdf7b0e5ce2ea8244a5b1b4f0b3bc3cb2123c441fb53e11c50e1cef,True,,,1,0,308.597215,1078.69091,6,4156,4,4128
20260726_formal4t4_reuse_intensive_StaticSemantic@rho1.2_rep1,1,StaticSemantic@rho1.2,StaticSemantic,38,reuse_intensive:rep1:req38,reuse_intensive,0,8,0,L0008,4096,2,0;2,True,1789719955.6620915,4096,4096,4096,122.76084041595459,False,False,False,False,4096,79.92,2,2,4128.0,True,cache_reused,False,False,0,0.0,23e8470b3aa8b34d554ee1e9f7dfa17ed18ebb944b349fd79d39999c3bef4276,True,,,1,0,780.846674,1970.469564,6,4156,4,4128
20260726_formal4t4_reuse_intensive_StaticSemantic@rho1.2_rep1,1,StaticSemantic@rho1.2,StaticSemantic,39,reuse_intensive:rep1:req39,reuse_intensive,0,6,0,L0006,4096,3,0;3,True,1789719955.6621256,4096,4096,4096,135.97978734970093,False,False,False,False,4096,81.92,2,2,4128.0,True,cache_reused,False,False,0,0.0,0b3139e7938bd0081e28c8edf34c153a7200957ef027db58b730a6af0a068fab,True,,,1,0,462.010342,1248.488979,6,4156,4,4128
20260726_formal4t4_reuse_intensive_StaticSemantic@rho1.2_rep1,1,StaticSemantic@rho1.2,StaticSemantic,40,reuse_intensive:rep1:req40,reuse_intensive,0,0,2,L0000,4096,1,0;1,True,1789719957.63644,4096,4096,4096,198.34549951553345,False,False,False,False,4096,81.92,2,2,4128.0,True,cache_reused,False,False,0,0.0,d07423d886b0007ba137c6ab0fac09035811a86bf8db0bb4ad263ecd773a6a5e,True,,,1,0,591.35688,1434.887155,6,4156,4,4128
20260726_formal4t4_reuse_intensive_StaticSemantic@rho1.2_rep1,1,StaticSemantic@rho1.2,StaticSemantic,41,reuse_intensive:rep1:req41,reuse_intensive,0,4,2,L0004,4096,3,0;3,False,1789719957.6364908,4096,4096,4096,159.10610604286194,False,False,False,False,4096,0.0,2,2,4128.0,False,cache_reused,False,False,0,0.0,f35a57674f627997e0cd028d934f438b0944a3234f638ccfac36332806e08783,True,,,1,0,284.19983,974.931429,6,4156,4,4128
20260726_formal4t4_reuse_intensive_StaticSemantic@rho1.2_rep1,1,StaticSemantic@rho1.2,StaticSemantic,42,reuse_intensive:rep1:req42,reuse_intensive,0,2,0,L0002,4096,0,0;2,False,1789719957.6365259,4096,4096,4096,178.62370920181274,False,False,False,False,4096,0.0,2,2,4128.0,False,cache_reused,False,False,0,0.0,9e47b88b09ec54a29c89b6cf69bfcf1bd2eb3185e85e1c72367cf0f3bd15f818,True,,,1,0,324.909346,1148.207316,6,4156,4,4128
20260726_formal4t4_reuse_intensive_StaticSemantic@rho1.2_rep1,1,StaticSemantic@rho1.2,StaticSemantic,43,reuse_intensive:rep1:req43,reuse_intensive,0,0,0,L0000,4096,1,0;1,True,1789719957.6365573,4096,4096,4096,198.34561681747437,False,False,False,False,4096,79.92,2,2,4128.0,True,cache_reused,False,False,0,0.0,c44524791087196a4883bc5b723b64542237c6d21f9c461554f4ab86377a3475,True,,,1,0,588.944552,1432.528598,6,4156,4,4128
20260726_formal4t4_reuse_intensive_StaticSemantic@rho1.2_rep1,1,StaticSemantic@rho1.2,StaticSemantic,44,reuse_intensive:rep1:req44,reuse_intensive,0,3,2,L0003,4096,3,0;3,True,1789719959.0738034,4096,4096,4096,170.2943651676178,False,False,False,False,4096,81.92,2,2,4128.0,True,cache_reused,False,False,0,0.0,3ed3f73abbdb539806f71f870af2f0fbaeaaefa25566f6ac62bab58096092ac6,True,,,1,0,291.385109,1005.497511,6,4156,4,4128
20260726_formal4t4_reuse_intensive_StaticSemantic@rho1.2_rep1,1,StaticSemantic@rho1.2,StaticSemantic,45,reuse_intensive:rep1:req45,reuse_intensive,0,1,2,L0001,4096,2,0;2,True,1789719959.0738537,4096,4096,4096,190.39176416397095,False,False,False,False,4096,81.92,2,2,4128.0,True,cache_reused,False,False,0,0.0,32549592a42b7ef5087fccb8139d70a06b28e39995e812ac15f734a51c776230,True,,,1,0,307.081462,1067.666903,6,4156,4,4128
20260726_formal4t4_reuse_intensive_StaticSemantic@rho1.2_rep1,1,StaticSemantic@rho1.2,StaticSemantic,46,reuse_intensive:rep1:req46,reuse_intensive,0,4,0,L0004,4096,0,0;3,False,1789719959.0738897,4096,4096,4096,160.54369616508484,False,False,False,False,4096,0.0,2,2,4128.0,False,cache_reused,False,False,0,0.0,62b99311c7422c1418467214b56ac7e3817fae2449ef25a964da51c013e1f669,True,,,1,0,280.768225,1014.665823,6,4156,4,4128
20260726_formal4t4_reuse_intensive_StaticSemantic@rho1.2_rep1,1,StaticSemantic@rho1.2,StaticSemantic,47,reuse_intensive:rep1:req47,reuse_intensive,0,20,0,L0020,4096,1,,False,1789719959.0739138,0,0,0,,False,False,False,False,0,0.0,0,0,32.0,False,cache_miss,False,False,0,0.0,d0c812882023b5aa76331dd6d5847f47876a31f10c8dcfee28d26c82bc5f1744,True,,,1,0,9038.047498,9803.328707,6,4156,4,32
20260726_formal4t4_reuse_intensive_StaticSemantic@rho1.2_rep1,1,StaticSemantic@rho1.2,StaticSemantic,48,reuse_intensive:rep1:req48,reuse_intensive,0,3,0,L0003,4096,0,0;3,True,1789719968.881905,4096,4096,4096,180.10263991355896,False,False,False,False,4096,81.92,2,2,4128.0,True,cache_reused,False,False,0,0.0,4088a7d9e3a868461664f81acce6eb1a0f5ae6bfd8f4a362e421c58f611faafb,True,,,1,0,462.219967,1222.683448,6,4156,4,4128
20260726_formal4t4_reuse_intensive_StaticSemantic@rho1.2_rep1,1,StaticSemantic@rho1.2,StaticSemantic,49,reuse_intensive:rep1:req49,reuse_intensive,0,2,1,L0002,4096,2,0;2,True,1789719968.8819568,4096,4096,4096,189.8689947128296,False,False,False,False,4096,81.92,2,2,4128.0,True,cache_reused,False,False,0,0.0,7a84eeeb94373affc8280c7a594e1e6be31a5752dc17828e0da0ee8159f12b58,True,,,1,0,474.444398,1242.662945,6,4156,4,4128
20260726_formal4t4_reuse_intensive_StaticSemantic@rho1.2_rep1,1,StaticSemantic@rho1.2,StaticSemantic,50,reuse_intensive:rep1:req50,reuse_intensive,0,36,1,L0036,4096,3,,False,1789719968.8819852,4096,0,0,219.4514775276184,True,True,False,False,0,0.0,0,0,32.0,False,cache_miss,False,False,0,0.0,135a6e858903638ea507f23578327ea63ade9e96f18e6f5648850d72db6099d7,True,,,1,0,8934.595607,9631.35771,6,4156,4,32
20260726_formal4t4_reuse_intensive_StaticSemantic@rho1.2_rep1,1,StaticSemantic@rho1.2,StaticSemantic,51,reuse_intensive:rep1:req51,reuse_intensive,0,31,0,L0031,4096,1,,False,1789719968.882011,0,0,0,,False,False,False,False,0,0.0,0,0,32.0,False,cache_miss,False,False,0,0.0,ab3886e928d184083931f38ce830597529331997234ed00c352be7c72edfc785,True,,,1,0,9358.082399,10137.108104,6,4156,4,32
20260726_formal4t4_reuse_intensive_StaticSemantic@rho1.2_rep1,1,StaticSemantic@rho1.2,StaticSemantic,52,reuse_intensive:rep1:req52,reuse_intensive,0,0,1,L0000,4096,0,0;1,True,1789719979.024024,4096,4096,4096,219.73317074775696,False,False,False,False,4096,81.92,2,2,4128.0,True,cache_reused,False,False,0,0.0,4e034460afe0ae93964e568ee16134dbe48a66c2ca4fb33cf9028086b1d7029b,True,,,1,0,500.550283,1265.241613,6,4156,4,4128
20260726_formal4t4_reuse_intensive_StaticSemantic@rho1.2_rep1,1,StaticSemantic@rho1.2,StaticSemantic,53,reuse_intensive:rep1:req53,reuse_intensive,0,10,0,L0010,4096,1,0;1,True,1789719979.0240734,4096,4096,4096,125.89369297027588,False,False,False,False,4096,81.92,2,2,4128.0,True,cache_reused,False,False,0,0.0,53be2c9987ae7d0b72c58562202f6e61b4db45a23c879e77293606492526ba7d,True,,,1,0,314.67748,1038.559979,6,4156,4,4128
20260726_formal4t4_reuse_intensive_StaticSemantic@rho1.2_rep1,1,StaticSemantic@rho1.2,StaticSemantic,54,reuse_intensive:rep1:req54,reuse_intensive,0,1,0,L0001,4096,2,0;2,True,1789719979.0241096,4096,4096,4096,210.34202003479004,False,False,False,False,4096,81.92,2,2,4128.0,True,cache_reused,False,False,0,0.0,757e8e596f607667de19119e58fcd2af2de40c52afde5fa80e693bcc6bbeabd7,True,,,1,0,446.227765,1202.962264,6,4156,4,4128
20260726_formal4t4_reuse_intensive_StaticSemantic@rho1.2_rep1,1,StaticSemantic@rho1.2,StaticSemantic,55,reuse_intensive:rep1:req55,reuse_intensive,0,47,0,L0047,4096,3,,False,1789719979.0241342,0,0,0,,False,False,False,False,0,0.0,0,0,32.0,False,cache_miss,False,False,0,0.0,a03e928f1d681cc9dc0b488c6c2901f3db865fab7b1f82519aaf04885ef1458b,True,,,1,0,9257.839863,10002.334437,6,4156,4,32
20260726_formal4t4_reuse_intensive_StaticSemantic@rho1.2_rep1,1,StaticSemantic@rho1.2,StaticSemantic,56,reuse_intensive:rep1:req56,reuse_intensive,0,33,0,L0033,4096,2,,False,1789719989.0311022,0,0,0,,False,False,False,False,0,0.0,0,0,32.0,False,cache_miss,False,False,0,0.0,ef288d17f2d692af9ff89bb94d3307fc0242839e7e192628b6480bbc908fdc4b,True,,,1,0,8574.325025,9310.081288,6,4156,4,32
20260726_formal4t4_reuse_intensive_StaticSemantic@rho1.2_rep1,1,StaticSemantic@rho1.2,StaticSemantic,57,reuse_intensive:rep1:req57,reuse_intensive,0,11,2,L0011,4096,0,0;1,True,1789719989.0311718,4096,4096,4096,125.31867551803589,False,False,False,False,4096,81.92,2,2,4128.0,True,cache_reused,False,False,0,0.0,4a02cdae2a49a1af90b0eaca884c94f7403a240cbc84b9ab1601402b6452b372,True,,,1,0,494.887555,1256.339506,6,4156,4,4128
20260726_formal4t4_reuse_intensive_StaticSemantic@rho1.2_rep1,1,StaticSemantic@rho1.2,StaticSemantic,58,reuse_intensive:rep1:req58,reuse_intensive,0,38,0,L0038,4096,3,,False,1789719989.0312045,0,0,0,,False,False,False,False,0,0.0,0,0,32.0,False,cache_miss,False,False,0,0.0,92d3bc300d3067d3987668274347fe47a820390ce263a5923930141b6e850798,True,,,1,0,9011.095252,9764.976838,6,4156,4,32
20260726_formal4t4_reuse_intensive_StaticSemantic@rho1.2_rep1,1,StaticSemantic@rho1.2,StaticSemantic,59,reuse_intensive:rep1:req59,reuse_intensive,0,0,2,L0000,4096,1,0;1,False,1789719989.0312402,4096,4096,4096,229.74029970169067,False,False,False,False,4096,0.0,2,2,4128.0,False,cache_reused,False,False,0,0.0,a0affa8e88dcd8ad93aec1c3b4d40e409c99719cb0a99ab0be8ad73a34a8f1b7,True,,,1,0,479.714536,1249.687848,6,4156,4,4128
20260726_formal4t4_reuse_intensive_StaticSemantic@rho1.2_rep1,1,StaticSemantic@rho1.2,StaticSemantic,60,reuse_intensive:rep1:req60,reuse_intensive,1,87,0,L0087,4096,0,,False,1789719998.8001523,0,0,0,,False,False,False,False,0,0.0,0,0,32.0,False,cache_miss,False,False,0,0.0,dac312222027957405dabf9ec886bb47aeb2706b460f87d52fb5d63fc922a4da,True,,,1,0,8609.245001,9361.154916,6,4156,4,32
20260726_formal4t4_reuse_intensive_StaticSemantic@rho1.2_rep1,1,StaticSemantic@rho1.2,StaticSemantic,61,reuse_intensive:rep1:req61,reuse_intensive,1,65,0,L0065,4096,3,,False,1789719998.8002017,0,0,0,,False,False,False,False,0,0.0,0,0,32.0,False,cache_miss,False,False,0,0.0,663be6d01dba66a710f74eeaf2bfc0ce90f264eb15122f2195734f33b56b2022,True,,,1,0,9249.545804,9979.707099,6,4156,4,32
20260726_formal4t4_reuse_intensive_StaticSemantic@rho1.2_rep1,1,StaticSemantic@rho1.2,StaticSemantic,62,reuse_intensive:rep1:req62,reuse_intensive,1,79,0,L0079,4096,1,,False,1789719998.8002286,0,0,0,,False,False,False,False,0,0.0,0,0,32.0,False,cache_miss,False,False,0,0.0,4857ac2fe0d8026900ea8571ebdc80b6cac99e616ca2f44c2bfd5dee989e5af2,True,,,1,0,9286.312323,10020.295912,6,4156,4,32
20260726_formal4t4_reuse_intensive_StaticSemantic@rho1.2_rep1,1,StaticSemantic@rho1.2,StaticSemantic,63,reuse_intensive:rep1:req63,reuse_intensive,1,67,0,L0067,4096,2,,False,1789719998.8002489,0,0,0,,False,False,False,False,0,0.0,0,0,32.0,False,cache_miss,False,False,0,0.0,a77d6b6caf11b05b56e8d8099dafe9175d9a3f8cdef430cb95dcbfd63679057a,True,,,1,0,8658.53172,9411.197711,6,4156,4,32
20260726_formal4t4_reuse_intensive_StaticSemantic@rho1.2_rep1,1,StaticSemantic@rho1.2,StaticSemantic,64,reuse_intensive:rep1:req64,reuse_intensive,1,66,0,L0066,4096,0,,False,1789720008.8244023,0,0,0,,False,False,False,False,0,0.0,0,0,32.0,False,cache_miss,False,False,0,0.0,abdd665072f3f639532c7fd8ab45ba6683ea34e68db2ebadedbdb8978f715da9,True,,,1,0,8974.534231,9778.367979,6,4156,4,32
20260726_formal4t4_reuse_intensive_StaticSemantic@rho1.2_rep1,1,StaticSemantic@rho1.2,StaticSemantic,65,reuse_intensive:rep1:req65,reuse_intensive,1,64,0,L0064,4096,1,,False,1789720008.8244407,0,0,0,,False,False,False,False,0,0.0,0,0,32.0,False,cache_miss,False,False,0,0.0,8196fbfab01066670a59e69df247ebe9ce0cd7f3a986e9c878dfc047dd7bd062,True,,,1,0,8081.489727,8762.033572,6,4156,4,32
20260726_formal4t4_reuse_intensive_StaticSemantic@rho1.2_rep1,1,StaticSemantic@rho1.2,StaticSemantic,66,reuse_intensive:rep1:req66,reuse_intensive,1,67,1,L0067,4096,2,,False,1789720008.824465,4096,0,0,259.3939573764801,True,True,False,False,0,0.0,0,0,4128.0,False,cache_reused,False,False,0,0.0,3221cc575df87ffe81d373cdeb94ad42dfb30dfdd64d0ca29b9b9d51bd509abd,True,,,1,0,305.859007,1053.809612,6,4156,4,4128
20260726_formal4t4_reuse_intensive_StaticSemantic@rho1.2_rep1,1,StaticSemantic@rho1.2,StaticSemantic,67,reuse_intensive:rep1:req67,reuse_intensive,1,97,0,L0097,4096,3,,False,1789720008.8244903,0,0,0,,False,False,False,False,0,0.0,0,0,32.0,False,cache_miss,False,False,0,0.0,4cf5c86eaf5bbb0884f66c36233d4a1b38b5a426a0c65794c0a1cb9f2b96ef8f,True,,,1,0,8615.303285,9332.900767,6,4156,4,32
20260726_formal4t4_reuse_intensive_StaticSemantic@rho1.2_rep1,1,StaticSemantic@rho1.2,StaticSemantic,68,reuse_intensive:rep1:req68,reuse_intensive,1,125,0,L0125,4096,0,,False,1789720018.6050448,0,0,0,,False,False,False,False,0,0.0,0,0,16.0,False,cache_miss,False,False,0,0.0,a4989493ebd8cdea75d1219d13f5a7a7dbf7ce2505ae85b1901920e0d6cb5a8e,True,,,1,0,9006.757785,9781.417962,6,4156,4,16
20260726_formal4t4_reuse_intensive_StaticSemantic@rho1.2_rep1,1,StaticSemantic@rho1.2,StaticSemantic,69,reuse_intensive:rep1:req69,reuse_intensive,1,69,0,L0069,4096,2,,False,1789720018.6050844,0,0,0,,False,False,False,False,0,0.0,0,0,32.0,False,cache_miss,False,False,0,0.0,53afe9510b17a2b5bb3ef910dbf7cdb80785c058c7998e7c586248c9be16d5e6,True,,,1,0,8387.541906,9118.623447,6,4156,4,32
20260726_formal4t4_reuse_intensive_StaticSemantic@rho1.2_rep1,1,StaticSemantic@rho1.2,StaticSemantic,70,reuse_intensive:rep1:req70,reuse_intensive,1,90,0,L0090,4096,1,,False,1789720018.6051095,0,0,0,,False,False,False,False,0,0.0,0,0,32.0,False,cache_miss,False,False,0,0.0,092d8a9507505574ba4892fbe65c2a29233b74e1dba6c57d117bcb54af9c1ffc,True,,,1,0,8577.887428,9293.482126,6,4156,4,32
20260726_formal4t4_reuse_intensive_StaticSemantic@rho1.2_rep1,1,StaticSemantic@rho1.2,StaticSemantic,71,reuse_intensive:rep1:req71,reuse_intensive,1,64,1,L0064,4096,3,,False,1789720018.6051302,4096,0,0,269.17462253570557,True,True,False,False,0,0.0,0,0,32.0,False,cache_miss,False,False,0,0.0,89723d8f3578b8ea3e2bad54babdd6edbcca0d6c567df308494b362c72545669,True,,,1,0,8761.429432,9458.723092,6,4156,4,32
20260726_formal4t4_reuse_intensive_StaticSemantic@rho1.2_rep1,1,StaticSemantic@rho1.2,StaticSemantic,72,reuse_intensive:rep1:req72,reuse_intensive,1,109,0,L0109,4096,0,,False,1789720028.3886747,0,0,0,,False,False,False,False,0,0.0,0,0,32.0,False,cache_miss,False,False,0,0.0,98d84703c180e702403a3f6e2b44b8a96bd4e9169987b0b7cddf547eccf35484,True,,,1,0,9115.927709,9882.353001,6,4156,4,32
20260726_formal4t4_reuse_intensive_StaticSemantic@rho1.2_rep1,1,StaticSemantic@rho1.2,StaticSemantic,73,reuse_intensive:rep1:req73,reuse_intensive,1,64,2,L0064,4096,3,,False,1789720028.3887126,4096,0,0,278.9582049846649,True,True,False,False,0,0.0,0,0,4128.0,False,cache_reused,False,False,0,0.0,ae3451bde7b84d2a6b6cbf78820cdbb50d45f5e9e112ee218e3cd72fbb1b14e9,True,,,1,0,289.974444,999.493554,6,4156,4,4128
20260726_formal4t4_reuse_intensive_StaticSemantic@rho1.2_rep1,1,StaticSemantic@rho1.2,StaticSemantic,74,reuse_intensive:rep1:req74,reuse_intensive,1,74,0,L0074,4096,1,,False,1789720028.388742,0,0,0,,False,False,False,False,0,0.0,0,0,32.0,False,cache_miss,False,False,0,0.0,ca35847069a4726fcfc3cfd6b19ec36b898b67d4ee49658e7147dc77a8ec8d46,True,,,1,0,8944.069924,9696.165677,6,4156,4,32
20260726_formal4t4_reuse_intensive_StaticSemantic@rho1.2_rep1,1,StaticSemantic@rho1.2,StaticSemantic,75,reuse_intensive:rep1:req75,reuse_intensive,1,75,0,L0075,4096,2,,False,1789720028.3887646,0,0,0,,False,False,False,False,0,0.0,0,0,32.0,False,cache_miss,False,False,0,0.0,fab95173120da80a0750117abec4e90752b64c5d04da201d8b1ce9d4904231ba,True,,,1,0,8257.358148,8953.286304,6,4156,4,32
20260726_formal4t4_reuse_intensive_StaticSemantic@rho1.2_rep1,1,StaticSemantic@rho1.2,StaticSemantic,76,reuse_intensive:rep1:req76,reuse_intensive,1,122,0,L0122,4096,0,,False,1789720038.2729728,0,0,0,,False,False,False,False,0,0.0,0,0,32.0,False,cache_miss,False,False,0,0.0,1345c1ad311b524cfeebf0dbb0daac8e31d223c4062abfab58b9bceefb0ff21d,True,,,1,0,9149.532143,9933.607425,6,4156,4,32
20260726_formal4t4_reuse_intensive_StaticSemantic@rho1.2_rep1,1,StaticSemantic@rho1.2,StaticSemantic,77,reuse_intensive:rep1:req77,reuse_intensive,1,64,0,L0064,4096,1,,False,1789720038.2730098,4096,0,0,288.842502117157,True,True,False,False,0,0.0,0,0,4128.0,False,cache_reused,False,False,0,0.0,ef1c2624114a3659476767b1d50df8337a62048c6bbd76547b46407e9499cb74,True,,,1,0,279.159079,951.494234,6,4156,4,4128
20260726_formal4t4_reuse_intensive_StaticSemantic@rho1.2_rep1,1,StaticSemantic@rho1.2,StaticSemantic,78,reuse_intensive:rep1:req78,reuse_intensive,1,103,0,L0103,4096,2,,False,1789720038.2730377,0,0,0,,False,False,False,False,0,0.0,0,0,16.0,False,cache_miss,False,False,0,0.0,228c02ce1351e268c414c1a96d8f18c2497fa60f661d282cb3680bfb28a6229c,True,,,1,0,7815.754468,8477.186889,6,4156,4,16
20260726_formal4t4_reuse_intensive_StaticSemantic@rho1.2_rep1,1,StaticSemantic@rho1.2,StaticSemantic,79,reuse_intensive:rep1:req79,reuse_intensive,1,98,0,L0098,4096,3,,False,1789720038.2730606,0,0,0,,False,False,False,False,0,0.0,0,0,32.0,False,cache_miss,False,False,0,0.0,32332ddf42df9f3d52d64356c698c51b4c7402e3b3961a950fce3fb84abb55d6,True,,,1,0,10282.450225,11095.150413,6,4156,4,32
20260726_formal4t4_reuse_intensive_StaticSemantic@rho1.2_rep1,1,StaticSemantic@rho1.2,StaticSemantic,80,reuse_intensive:rep1:req80,reuse_intensive,1,69,1,L0069,4096,0,,False,1789720049.3725553,4096,0,0,299.9420475959778,True,True,False,False,0,0.0,0,0,32.0,False,cache_miss,False,False,0,0.0,fecc1594019ccbd1f72e99481940c02e023d5c5f0f89c51383dfab24fc9fde36,True,,,1,0,9598.250954,10409.36182,6,4156,4,32
20260726_formal4t4_reuse_intensive_StaticSemantic@rho1.2_rep1,1,StaticSemantic@rho1.2,StaticSemantic,81,reuse_intensive:rep1:req81,reuse_intensive,1,120,0,L0120,4096,2,,False,1789720049.3725965,0,0,0,,False,False,False,False,0,0.0,0,0,32.0,False,cache_miss,False,False,0,0.0,6e08e69cf136b9dbd768ec8dd42a0de7d5542e98dca5e4fc82f2b423c50bc400,True,,,1,0,8150.853448,8847.083669,6,4156,4,32
20260726_formal4t4_reuse_intensive_StaticSemantic@rho1.2_rep1,1,StaticSemantic@rho1.2,StaticSemantic,82,reuse_intensive:rep1:req82,reuse_intensive,1,74,1,L0074,4096,1,,False,1789720049.3726237,4096,0,0,299.94211602211,True,True,False,False,0,0.0,0,0,4128.0,False,cache_reused,False,False,0,0.0,7bc6bb4d6deaa4026d115b25d1428abd239115e2c439569b5e5aa8dc24b3668a,True,,,1,0,445.238696,1196.362781,6,4156,4,4128
20260726_formal4t4_reuse_intensive_StaticSemantic@rho1.2_rep1,1,StaticSemantic@rho1.2,StaticSemantic,83,reuse_intensive:rep1:req83,reuse_intensive,1,65,1,L0065,4096,3,,False,1789720049.3726487,4096,0,0,299.9421410560608,True,True,False,False,0,0.0,0,0,4128.0,False,cache_reused,False,False,0,0.0,0cf66cbdb260204c8d838d88ca1729c57e1c15a7fc513313877bf5eee6e5457f,True,,,1,0,295.837782,1024.228383,6,4156,4,4128
20260726_formal4t4_reuse_intensive_StaticSemantic@rho1.2_rep1,1,StaticSemantic@rho1.2,StaticSemantic,84,reuse_intensive:rep1:req84,reuse_intensive,1,95,0,L0095,4096,0,,False,1789720059.7841225,0,0,0,,False,False,False,False,0,0.0,0,0,32.0,False,cache_miss,False,False,0,0.0,04454472cf917ee7b86692195c62d0c529dfed749d16d6bf39bc61915d1b27e8,True,,,1,0,9474.221629,10261.017787,6,4156,4,32
20260726_formal4t4_reuse_intensive_StaticSemantic@rho1.2_rep1,1,StaticSemantic@rho1.2,StaticSemantic,85,reuse_intensive:rep1:req85,reuse_intensive,1,70,0,L0070,4096,3,,False,1789720059.784186,0,0,0,,False,False,False,False,0,0.0,0,0,32.0,False,cache_miss,False,False,0,0.0,ef5027a09d057a63553c036b5b31eb04905a127b38acc95faf49eb4358908793,True,,,1,0,9405.924964,10107.080068,6,4156,4,32
20260726_formal4t4_reuse_intensive_StaticSemantic@rho1.2_rep1,1,StaticSemantic@rho1.2,StaticSemantic,86,reuse_intensive:rep1:req86,reuse_intensive,1,71,0,L0071,4096,1,,False,1789720059.7842267,0,0,0,,False,False,False,False,0,0.0,0,0,32.0,False,cache_miss,False,False,0,0.0,1514204d10d8ae7d483f33d574f98942ba685a053e0941fb8416611d6e9f5408,True,,,1,0,8671.68751,9401.490687,6,4156,4,32
20260726_formal4t4_reuse_intensive_StaticSemantic@rho1.2_rep1,1,StaticSemantic@rho1.2,StaticSemantic,87,reuse_intensive:rep1:req87,reuse_intensive,1,79,1,L0079,4096,2,,False,1789720059.7842598,4096,0,0,310.35375213623047,True,True,False,False,0,0.0,0,0,32.0,False,cache_miss,False,False,0,0.0,5a5f8a151636bf3f18810d8024b7a5be1f263f418a84f3a35ec6b11949b13a03,True,,,1,0,9157.076504,9914.000894,6,4156,4,32
20260726_formal4t4_reuse_intensive_StaticSemantic@rho1.2_rep1,1,StaticSemantic@rho1.2,StaticSemantic,88,reuse_intensive:rep1:req88,reuse_intensive,1,71,1,L0071,4096,0,,False,1789720070.047296,4096,0,0,320.6167883872986,True,True,False,False,0,0.0,0,0,32.0,False,cache_miss,False,False,0,0.0,b41940b9016131f7c82e6ae6b7a88ff89dd4c6e3955b0d7725a4b130bf08c552,True,,,1,0,9221.375881,9982.132851,6,4156,4,32
20260726_formal4t4_reuse_intensive_StaticSemantic@rho1.2_rep1,1,StaticSemantic@rho1.2,StaticSemantic,89,reuse_intensive:rep1:req89,reuse_intensive,1,68,0,L0068,4096,1,,False,1789720070.0473495,0,0,0,,False,False,False,False,0,0.0,0,0,32.0,False,cache_miss,False,False,0,0.0,5cab005a47049fda200da4121b63de43142308d1aa2388f133f517ff6b4ba13c,True,,,1,0,9267.036502,10017.457326,6,4156,4,32
20260726_formal4t4_reuse_intensive_StaticSemantic@rho1.2_rep1,1,StaticSemantic@rho1.2,StaticSemantic,90,reuse_intensive:rep1:req90,reuse_intensive,1,65,2,L0065,4096,2,,False,1789720070.0473757,4096,0,0,320.616868019104,True,True,False,False,0,0.0,0,0,32.0,False,cache_miss,False,False,0,0.0,91d8c47b30e26e89a33bc3017570a513183126a5de01ad4b18c43d0e67c73dcf,True,,,1,0,7434.020032,8075.128047,6,4156,4,32
20260726_formal4t4_reuse_intensive_StaticSemantic@rho1.2_rep1,1,StaticSemantic@rho1.2,StaticSemantic,91,reuse_intensive:rep1:req91,reuse_intensive,1,105,0,L0105,4096,3,,False,1789720070.0473998,0,0,0,,False,False,False,False,0,0.0,0,0,16.0,False,cache_miss,False,False,0,0.0,b53f73310d48aea9c90d5f56745c105debf4b6a2fff412a897bebff55dc0c492,True,,,1,0,9066.457221,9809.937879,6,4156,4,16
20260726_formal4t4_reuse_intensive_StaticSemantic@rho1.2_rep1,1,StaticSemantic@rho1.2,StaticSemantic,92,reuse_intensive:rep1:req92,reuse_intensive,1,72,0,L0072,4096,0,,False,1789720080.1543465,0,0,0,,False,False,False,False,0,0.0,0,0,32.0,False,cache_miss,False,False,0,0.0,fa623b87516c7cfbdf9ae07c610f69eda1f2347d551b747a2fee668cfb564196,True,,,1,0,8960.246897,9731.354971,6,4156,4,32
20260726_formal4t4_reuse_intensive_StaticSemantic@rho1.2_rep1,1,StaticSemantic@rho1.2,StaticSemantic,93,reuse_intensive:rep1:req93,reuse_intensive,1,64,1,L0064,4096,2,,False,1789720080.1543689,4096,0,0,330.7238612174988,True,True,False,False,0,0.0,0,0,32.0,False,cache_miss,False,False,0,0.0,1c783bd15c4256e10fd663d9ab2881d0932db3b1e5604b5641b4d3cd7e9a67f9,True,,,1,0,8022.523717,8679.415234,6,4156,4,32
20260726_formal4t4_reuse_intensive_StaticSemantic@rho1.2_rep1,1,StaticSemantic@rho1.2,StaticSemantic,94,reuse_intensive:rep1:req94,reuse_intensive,1,78,0,L0078,4096,1,,False,1789720080.154385,0,0,0,,False,False,False,False,0,0.0,0,0,32.0,False,cache_miss,False,False,0,0.0,63bde83dcbd2d5e8d053b84fb33e8f6384bbcdb66fa8bf792ea7c6c3370b1da9,True,,,1,0,9111.579172,9852.161268,6,4156,4,32
20260726_formal4t4_reuse_intensive_StaticSemantic@rho1.2_rep1,1,StaticSemantic@rho1.2,StaticSemantic,95,reuse_intensive:rep1:req95,reuse_intensive,1,64,2,L0064,4096,3,,False,1789720080.1543975,4096,0,0,330.72388982772827,True,True,False,False,0,0.0,0,0,4128.0,False,cache_reused,False,False,0,0.0,80110d0d8e256b2dff46c5543969f8d04c40ed9af04bcb65d549d4e3ce705327,True,,,1,0,288.405532,991.129975,6,4156,4,4128
20260726_formal4t4_reuse_intensive_StaticSemantic@rho1.2_rep1,1,StaticSemantic@rho1.2,StaticSemantic,96,reuse_intensive:rep1:req96,reuse_intensive,1,64,0,L0064,4096,0,,False,1789720090.009592,4096,0,0,340.5790843963623,True,True,False,False,0,0.0,0,0,32.0,False,cache_miss,False,False,0,0.0,562c6bbb86ada9cec36b61f74d4ab3f161be8e89b18b3fbb106e8c8d1867f206,True,,,1,0,9908.460242,10744.833758,6,4156,4,32
20260726_formal4t4_reuse_intensive_StaticSemantic@rho1.2_rep1,1,StaticSemantic@rho1.2,StaticSemantic,97,reuse_intensive:rep1:req97,reuse_intensive,1,87,1,L0087,4096,3,,False,1789720090.009632,4096,0,0,340.5791244506836,True,True,False,False,0,0.0,0,0,32.0,False,cache_miss,False,False,0,0.0,328fa8da3f9b7c0a7812de418a9cc8fbdf7db20f2e57a406708d5560d9da528a,True,,,1,0,8848.8023,9538.446434,6,4156,4,32
20260726_formal4t4_reuse_intensive_StaticSemantic@rho1.2_rep1,1,StaticSemantic@rho1.2,StaticSemantic,98,reuse_intensive:rep1:req98,reuse_intensive,1,64,1,L0064,4096,1,,False,1789720090.0096583,4096,0,0,340.5791506767273,True,True,False,False,0,0.0,0,0,4128.0,False,cache_reused,False,False,0,0.0,693c57dcf1ca72a0ff046131055544c434bb5fbd692d5ea4cfd6a0cfafe92455,True,,,1,0,278.138629,953.197306,6,4156,4,4128
20260726_formal4t4_reuse_intensive_StaticSemantic@rho1.2_rep1,1,StaticSemantic@rho1.2,StaticSemantic,99,reuse_intensive:rep1:req99,reuse_intensive,1,67,2,L0067,4096,2,,False,1789720090.009681,4096,0,0,340.5791733264923,True,True,False,False,0,0.0,0,0,4128.0,False,cache_reused,False,False,0,0.0,490fee34a1515925a902e6742cf2efe248d17e1828294808960f8d300f0e2fd3,True,,,1,0,305.721247,1063.238658,6,4156,4,4128
20260726_formal4t4_reuse_intensive_StaticSemantic@rho1.2_rep1,1,StaticSemantic@rho1.2,StaticSemantic,100,reuse_intensive:rep1:req100,reuse_intensive,1,64,2,L0064,4096,0,,False,1789720100.7564192,4096,0,0,351.3259115219116,True,True,False,False,0,0.0,0,0,4128.0,False,cache_reused,False,False,0,0.0,e34312590e84f1a84a82c24a5b06170ebb08a7f6eba8f7b99071f133fefc97ca,True,,,1,0,332.146767,1169.844371,6,4157,4,4128
20260726_formal4t4_reuse_intensive_StaticSemantic@rho1.2_rep1,1,StaticSemantic@rho1.2,StaticSemantic,101,reuse_intensive:rep1:req101,reuse_intensive,1,68,1,L0068,4096,1,,False,1789720100.756459,4096,0,0,351.32595133781433,True,True,False,False,0,0.0,0,0,4128.0,False,cache_reused,False,False,0,0.0,7e4bca15d2108922bade032d0236f06c8cc9bff33fdc5df95038026949ab42e7,True,,,1,0,460.373425,1210.333266,6,4157,4,4128
20260726_formal4t4_reuse_intensive_StaticSemantic@rho1.2_rep1,1,StaticSemantic@rho1.2,StaticSemantic,102,reuse_intensive:rep1:req102,reuse_intensive,1,67,0,L0067,4096,2,,False,1789720100.756486,4096,0,0,351.32597827911377,True,True,False,False,0,0.0,0,0,4128.0,False,cache_reused,False,False,0,0.0,e85a9ac6b8f5bbbad6eb4febf22e77fb03e68732d71f25c7729eec581e05d7a8,True,,,1,0,456.502542,1207.45757,6,4157,4,4128
20260726_formal4t4_reuse_intensive_StaticSemantic@rho1.2_rep1,1,StaticSemantic@rho1.2,StaticSemantic,103,reuse_intensive:rep1:req103,reuse_intensive,1,72,1,L0072,4096,3,,False,1789720100.7565084,4096,0,0,351.3260006904602,True,True,False,False,0,0.0,0,0,32.0,False,cache_miss,False,False,0,0.0,8e2628600e339b15d1cc7d3eff016d404024b53ac793ac80789aa5eeb2de9f93,True,,,1,0,9551.030241,10285.329348,6,4157,4,32
20260726_formal4t4_reuse_intensive_StaticSemantic@rho1.2_rep1,1,StaticSemantic@rho1.2,StaticSemantic,104,reuse_intensive:rep1:req104,reuse_intensive,1,68,2,L0068,4096,0,,False,1789720111.0466564,4096,0,0,361.61614871025085,True,True,False,False,0,0.0,0,0,32.0,False,cache_miss,False,False,0,0.0,9df1877a4ee6143bb7f1243b527b1afdc9a0a45e3cad74cd60ea1472e95d4a1c,True,,,1,0,9326.853488,10102.097914,6,4157,4,32
20260726_formal4t4_reuse_intensive_StaticSemantic@rho1.2_rep1,1,StaticSemantic@rho1.2,StaticSemantic,105,reuse_intensive:rep1:req105,reuse_intensive,1,64,0,L0064,4096,2,,False,1789720111.0466955,4096,0,0,361.6161878108978,True,True,False,False,0,0.0,0,0,4128.0,False,cache_reused,False,False,0,0.0,816f18c2ea430c5d45b61b9a236577699384a3df5c4103ee121bd53c20ce42cb,True,,,1,0,443.907441,1104.017323,6,4157,4,4128
20260726_formal4t4_reuse_intensive_StaticSemantic@rho1.2_rep1,1,StaticSemantic@rho1.2,StaticSemantic,106,reuse_intensive:rep1:req106,reuse_intensive,1,83,0,L0083,4096,1,,False,1789720111.0467236,0,0,0,,False,False,False,False,0,0.0,0,0,32.0,False,cache_miss,False,False,0,0.0,42448b2648652d8459123f165129b5e34bb74191e6b64e6c009e0261d4c4f641,True,,,1,0,8453.942804,9168.140241,6,4157,4,32
20260726_formal4t4_reuse_intensive_StaticSemantic@rho1.2_rep1,1,StaticSemantic@rho1.2,StaticSemantic,107,reuse_intensive:rep1:req107,reuse_intensive,1,68,0,L0068,4096,3,,False,1789720111.0467474,4096,0,0,361.61623978614807,True,True,False,False,0,0.0,0,0,32.0,False,cache_miss,False,False,0,0.0,47af614fbd76567b458be25e51cec987cf9d269a955212e8dfe9d60ae79a4814,True,,,1,0,8815.02006,9514.268563,6,4157,4,32
20260726_formal4t4_reuse_intensive_StaticSemantic@rho1.2_rep1,1,StaticSemantic@rho1.2,StaticSemantic,108,reuse_intensive:rep1:req108,reuse_intensive,1,64,1,L0064,4096,0,,False,1789720121.1508858,4096,0,0,371.7203781604767,True,True,False,False,0,0.0,0,0,4128.0,False,cache_reused,False,False,0,0.0,35fb7cc7714389929444cfd996480fd2934cedef57ad74f581841bec795efdba,True,,,1,0,334.088889,1172.153919,6,4157,4,4128
20260726_formal4t4_reuse_intensive_StaticSemantic@rho1.2_rep1,1,StaticSemantic@rho1.2,StaticSemantic,109,reuse_intensive:rep1:req109,reuse_intensive,1,65,0,L0065,4096,3,,False,1789720121.1509275,4096,0,0,371.720419883728,True,True,False,False,0,0.0,0,0,4128.0,False,cache_reused,False,False,0,0.0,475b036e0cda94b8c8f928a9ab25d753dec24a7866f9e8571ff4d31d76430bc8,True,,,1,0,297.660132,1028.293701,6,4157,4,4128
20260726_formal4t4_reuse_intensive_StaticSemantic@rho1.2_rep1,1,StaticSemantic@rho1.2,StaticSemantic,110,reuse_intensive:rep1:req110,reuse_intensive,1,70,1,L0070,4096,1,,False,1789720121.1509552,4096,0,0,371.7204475402832,True,True,False,False,0,0.0,0,0,32.0,False,cache_miss,False,False,0,0.0,3494015246044ec817369dd9cc08055950bbd7a8cb8396569ae7c0c86a8fc4df,True,,,1,0,8088.274169,8776.762854,6,4157,4,32
20260726_formal4t4_reuse_intensive_StaticSemantic@rho1.2_rep1,1,StaticSemantic@rho1.2,StaticSemantic,111,reuse_intensive:rep1:req111,reuse_intensive,1,77,0,L0077,4096,2,,False,1789720121.150979,0,0,0,,False,False,False,False,0,0.0,0,0,32.0,False,cache_miss,False,False,0,0.0,0c48f787678bb6fa1e5cfa899c2831557c3deaa7a437f56a10ecc1df54985ec3,True,,,1,0,8231.069835,8938.618343,6,4157,4,32
20260726_formal4t4_reuse_intensive_StaticSemantic@rho1.2_rep1,1,StaticSemantic@rho1.2,StaticSemantic,112,reuse_intensive:rep1:req112,reuse_intensive,1,93,0,L0093,4096,0,,False,1789720130.0942342,0,0,0,,False,False,False,False,0,0.0,0,0,32.0,False,cache_miss,False,False,0,0.0,25d15a2eb436e92c2a00dc5ff9aa15214c9a830de65291cbcb6e2c1bba05297b,True,,,1,0,8698.382553,9434.550632,6,4157,4,32
20260726_formal4t4_reuse_intensive_StaticSemantic@rho1.2_rep1,1,StaticSemantic@rho1.2,StaticSemantic,113,reuse_intensive:rep1:req113,reuse_intensive,1,64,2,L0064,4096,1,,False,1789720130.0942726,4096,0,0,380.6637649536133,True,True,False,False,0,0.0,0,0,4128.0,False,cache_reused,False,False,0,0.0,9ae3d0add036df57f2a9ef66c18c1ff2464a7253886e7fa73717c058721ea061,True,,,1,0,259.470411,935.579182,6,4157,4,4128
20260726_formal4t4_reuse_intensive_StaticSemantic@rho1.2_rep1,1,StaticSemantic@rho1.2,StaticSemantic,114,reuse_intensive:rep1:req114,reuse_intensive,1,65,1,L0065,4096,2,,False,1789720130.0943031,4096,0,0,380.6637954711914,True,True,False,False,0,0.0,0,0,4128.0,False,cache_reused,False,False,0,0.0,e271c8d079d74dad2fc115520183ee911440cdb3550672f65e4af876b33e616a,True,,,1,0,266.717628,898.227578,6,4157,4,4128
20260726_formal4t4_reuse_intensive_StaticSemantic@rho1.2_rep1,1,StaticSemantic@rho1.2,StaticSemantic,115,reuse_intensive:rep1:req115,reuse_intensive,1,66,1,L0066,4096,3,,False,1789720130.0943398,4096,0,0,380.6638321876526,True,True,False,False,0,0.0,0,0,32.0,False,cache_miss,False,False,0,0.0,7c97cea606873a46d0b3a2e897320d57b6561959df040cb129bafcb8a1df1def,True,,,1,0,9556.655624,10326.367007,6,4157,4,32
20260726_formal4t4_reuse_intensive_StaticSemantic@rho1.2_rep1,1,StaticSemantic@rho1.2,StaticSemantic,116,reuse_intensive:rep1:req116,reuse_intensive,1,85,0,L0085,4096,0,,False,1789720140.4252906,0,0,0,,False,False,False,False,0,0.0,0,0,32.0,False,cache_miss,False,False,0,0.0,2268bd2b295a65b7267dfd7cf51129ba6a128147032981df645b49f563e64d18,True,,,1,0,8704.878826,9430.196526,6,4157,4,32
20260726_formal4t4_reuse_intensive_StaticSemantic@rho1.2_rep1,1,StaticSemantic@rho1.2,StaticSemantic,117,reuse_intensive:rep1:req117,reuse_intensive,1,120,1,L0120,4096,2,,False,1789720140.425329,4096,0,0,390.99482131004333,True,True,False,False,0,0.0,0,0,4128.0,False,cache_reused,False,False,0,0.0,3944ff2fc7ac530605c0bdc9c2cd1150925702c56b42f9b5119d7f4662c995ee,True,,,1,0,442.374978,1141.093047,6,4157,4,4128
20260726_formal4t4_reuse_intensive_StaticSemantic@rho1.2_rep1,1,StaticSemantic@rho1.2,StaticSemantic,118,reuse_intensive:rep1:req118,reuse_intensive,1,69,2,L0069,4096,1,,False,1789720140.4253576,4096,0,0,390.9948499202728,True,True,False,False,0,0.0,0,0,32.0,False,cache_miss,False,False,0,0.0,b84fb4c09e0ff10982a1fe5c9ed2f22ad4ff976dd68e337ac09c29b1f15b747c,True,,,1,0,8709.22405,9427.365368,6,4157,4,32
20260726_formal4t4_reuse_intensive_StaticSemantic@rho1.2_rep1,1,StaticSemantic@rho1.2,StaticSemantic,119,reuse_intensive:rep1:req119,reuse_intensive,1,68,1,L0068,4096,3,,False,1789720140.4253814,4096,0,0,390.99487376213074,True,True,False,False,0,0.0,0,0,4128.0,False,cache_reused,False,False,0,0.0,b65a08a7822e9d94a2fce939fad23b17bc26b8219569fe655c185d4e92f53e0d,True,,,1,0,289.21083,997.210441,6,4157,4,4128
20260726_formal4t4_reuse_intensive_RateFIFO@rho1.2_rep2,2,RateFIFO@rho1.2,RateFIFO,24,reuse_intensive:rep2:req24,reuse_intensive,0,4,0,L0004,4096,0,0,True,1789720333.7240994,4096,4096,4096,127.37027049064636,False,False,False,False,4096,81.92,1,1,4128.0,True,cache_reused,False,False,0,0.0,4d4c6eb1e44b7b2c6cfa1680a93053f8c25b7c0cb6e39498f52f26c607765254,True,,,1,0,466.266897,2727.258541,6,4156,4,4128
20260726_formal4t4_reuse_intensive_RateFIFO@rho1.2_rep2,2,RateFIFO@rho1.2,RateFIFO,25,reuse_intensive:rep2:req25,reuse_intensive,0,2,1,L0002,4096,0,0,True,1789720333.7241476,4096,4096,4096,147.16990160942078,False,False,False,False,4096,79.92,1,1,4128.0,True,cache_reused,False,False,0,0.0,b47c30dee413d3fb4b2adc5fe2f9493706a74cb07cc1e32a091537804cd7ad27,True,,,1,0,1432.188957,3218.768091,6,4156,4,4128
20260726_formal4t4_reuse_intensive_RateFIFO@rho1.2_rep2,2,RateFIFO@rho1.2,RateFIFO,26,reuse_intensive:rep2:req26,reuse_intensive,0,2,2,L0002,4096,0,0,True,1789720333.724204,4096,4096,4096,147.16995811462402,False,False,False,False,4096,77.92,1,1,4128.0,True,cache_reused,False,False,0,0.0,78d2e5dbaf79438cd5314c83a44fa9c7ca5100c99c5d21259ee0845ba6cde124,True,,,1,0,1431.542787,3217.447076,6,4156,4,4128
20260726_formal4t4_reuse_intensive_RateFIFO@rho1.2_rep2,2,RateFIFO@rho1.2,RateFIFO,27,reuse_intensive:rep2:req27,reuse_intensive,0,0,1,L0000,4096,0,0,True,1789720333.7242308,4096,4096,4096,167.6827530860901,False,False,False,False,4096,75.92,1,1,4128.0,True,cache_reused,False,False,0,0.0,1299095cb034f5b2781964a9fc89a6df403e0b9eda7c170c31fc9a046ed99f7b,True,,,1,0,1430.840963,3216.950642,6,4156,4,4128
20260726_formal4t4_reuse_intensive_RateFIFO@rho1.2_rep2,2,RateFIFO@rho1.2,RateFIFO,28,reuse_intensive:rep2:req28,reuse_intensive,0,12,0,L0012,4096,0,0,True,1789720336.945874,4096,4096,4096,57.53887486457825,False,False,False,False,4096,81.92,1,1,4128.0,True,cache_reused,False,False,0,0.0,6a929f8c017cb98de67ddac706b2e3802b447dc78a35824dd65c45df6f89958b,True,,,1,0,306.097429,1715.064509,6,4156,4,4128
20260726_formal4t4_reuse_intensive_RateFIFO@rho1.2_rep2,2,RateFIFO@rho1.2,RateFIFO,29,reuse_intensive:rep2:req29,reuse_intensive,0,3,0,L0003,4096,0,0,True,1789720336.9459226,4096,4096,4096,140.2688660621643,False,False,False,False,4096,79.92,1,1,4128.0,True,cache_reused,False,False,0,0.0,a081aa81060d417da1719515af3af9f436f75d4100d99e0a05c159013b5b22ba,True,,,1,0,778.457475,1971.392092,6,4156,4,4128
20260726_formal4t4_reuse_intensive_RateFIFO@rho1.2_rep2,2,RateFIFO@rho1.2,RateFIFO,30,reuse_intensive:rep2:req30,reuse_intensive,0,41,0,L0041,4096,2,,False,1789720336.9459488,0,0,0,,False,False,False,False,0,0.0,0,0,32.0,False,cache_miss,False,False,0,0.0,6cdd8b4ae9a10b5fc097d606c97953fc408fa71d8e8ae230ed87e0c9227f1517,True,,,1,0,8933.701495,9686.224721,6,4156,4,32
20260726_formal4t4_reuse_intensive_RateFIFO@rho1.2_rep2,2,RateFIFO@rho1.2,RateFIFO,31,reuse_intensive:rep2:req31,reuse_intensive,0,18,0,L0018,4096,1,,False,1789720336.945972,0,0,0,,False,False,False,False,0,0.0,0,0,32.0,False,cache_miss,False,False,0,0.0,0bbf5775ca43151f7a611c57f36c0b05ff29b3ebe04fba94e32a7323a35b60b2,True,,,1,0,9048.186059,9803.944389,6,4156,4,32
20260726_formal4t4_reuse_intensive_RateFIFO@rho1.2_rep2,2,RateFIFO@rho1.2,RateFIFO,32,reuse_intensive:rep2:req32,reuse_intensive,0,0,2,L0000,4096,0,0,True,1789720346.7541745,4096,4096,4096,180.7126967906952,False,False,False,False,4096,81.92,1,1,4128.0,True,cache_reused,False,False,0,0.0,b4e07b6ddc6feb56db2ef8cf0604643015c86449e51a5c67283b9ac5be416613,True,,,1,0,496.115948,2802.368342,6,4156,4,4128
20260726_formal4t4_reuse_intensive_RateFIFO@rho1.2_rep2,2,RateFIFO@rho1.2,RateFIFO,33,reuse_intensive:rep2:req33,reuse_intensive,0,7,0,L0007,4096,0,0,True,1789720346.7542238,4096,4096,4096,110.36564636230469,False,False,False,False,4096,79.92,1,1,4128.0,True,cache_reused,False,False,0,0.0,7de60c73814700eb71065a6c48c77c2a6bed634de25d8d622549ece279e7dace,True,,,1,0,1487.132755,3452.179462,6,4156,4,4128
20260726_formal4t4_reuse_intensive_RateFIFO@rho1.2_rep2,2,RateFIFO@rho1.2,RateFIFO,34,reuse_intensive:rep2:req34,reuse_intensive,0,0,0,L0000,4096,0,0,True,1789720346.7542567,4096,4096,4096,180.71277904510498,False,False,False,False,4096,77.92,1,1,4128.0,True,cache_reused,False,False,0,0.0,2bd11a5c4d56fb228f4ee1b9012aea127a9fd50266b02d70614edfee078e0e98,True,,,1,0,1486.193011,3451.189451,6,4156,4,4128
20260726_formal4t4_reuse_intensive_RateFIFO@rho1.2_rep2,2,RateFIFO@rho1.2,RateFIFO,35,reuse_intensive:rep2:req35,reuse_intensive,0,5,0,L0005,4096,0,0,True,1789720346.754283,4096,4096,4096,130.46290397644043,False,False,False,False,4096,75.92,1,1,4128.0,True,cache_reused,False,False,0,0.0,27dbe1abeef726bed4f86de6ddc0f74aaea26897d871b72e5b616c1d1e3e0614,True,,,1,0,1485.133756,3450.098286,6,4156,4,4128
20260726_formal4t4_reuse_intensive_RateFIFO@rho1.2_rep2,2,RateFIFO@rho1.2,RateFIFO,36,reuse_intensive:rep2:req36,reuse_intensive,0,6,0,L0006,4096,0,0,True,1789720350.2093177,4096,4096,4096,123.98404550552368,False,False,False,False,4096,81.92,1,1,4128.0,True,cache_reused,False,False,0,0.0,0e046203cbc5bb54f74e511ad866d607d763ac55af35f24e0d6197988bdcf5aa,True,,,1,0,320.182847,2441.504868,6,4156,4,4128
20260726_formal4t4_reuse_intensive_RateFIFO@rho1.2_rep2,2,RateFIFO@rho1.2,RateFIFO,37,reuse_intensive:rep2:req37,reuse_intensive,0,5,1,L0005,4096,0,0,True,1789720350.209365,4096,4096,4096,133.9179859161377,False,False,False,False,4096,79.92,1,1,4128.0,True,cache_reused,False,False,0,0.0,5773d5f0d4c9937ecc6ad4b1918e84f10a6a789191adf5005a1f2454f837f9d4,True,,,1,0,1198.252802,2884.133383,6,4156,4,4128
20260726_formal4t4_reuse_intensive_RateFIFO@rho1.2_rep2,2,RateFIFO@rho1.2,RateFIFO,38,reuse_intensive:rep2:req38,reuse_intensive,0,46,0,L0046,4096,1,,False,1789720350.2093928,0,0,0,,False,False,False,False,0,0.0,0,0,32.0,False,cache_miss,False,False,0,0.0,4356b3d9c2e0d807e0005ff45a7d5fdff694df04d51c44848f3364c61243c070,True,,,1,0,8795.047541,9522.448469,6,4156,4,32
20260726_formal4t4_reuse_intensive_RateFIFO@rho1.2_rep2,2,RateFIFO@rho1.2,RateFIFO,39,reuse_intensive:rep2:req39,reuse_intensive,0,4,1,L0004,4096,0,0,True,1789720350.209424,4096,4096,4096,143.85559511184692,False,False,False,False,4096,77.92,1,1,4128.0,True,cache_reused,False,False,0,0.0,05a3259f83a98d0dfcf47c849119b9ec8418548b5f405fb7b0205163290510ef,True,,,1,0,1196.684272,2882.420358,6,4156,4,4128
20260726_formal4t4_reuse_intensive_RateFIFO@rho1.2_rep2,2,RateFIFO@rho1.2,RateFIFO,40,reuse_intensive:rep2:req40,reuse_intensive,0,37,0,L0037,4096,0,,False,1789720359.7353697,0,0,0,,False,False,False,False,0,0.0,0,0,32.0,False,cache_miss,False,False,0,0.0,21890b6615364f94e0cef7475db622a09dfa413aac8ca52ff7ba5565b1bec533,True,,,1,0,10810.360988,13242.568356,6,4156,4,32
20260726_formal4t4_reuse_intensive_RateFIFO@rho1.2_rep2,2,RateFIFO@rho1.2,RateFIFO,41,reuse_intensive:rep2:req41,reuse_intensive,0,0,1,L0000,4096,0,0,True,1789720359.7354221,4096,4096,4096,44.89991211891174,False,False,False,False,4096,79.92,1,1,4128.0,True,cache_reused,False,False,0,0.0,a719b6172119f5b251f97c4d7f38cfd343267f43626958f46db3bce2db9208d5,True,,,1,0,10809.281977,13241.407464,6,4156,4,4128
20260726_formal4t4_reuse_intensive_RateFIFO@rho1.2_rep2,2,RateFIFO@rho1.2,RateFIFO,42,reuse_intensive:rep2:req42,reuse_intensive,0,4,2,L0004,4096,0,0,True,1789720359.7354598,4096,4096,4096,153.38163089752197,False,False,False,False,4096,77.92,1,1,4128.0,True,cache_reused,False,False,0,0.0,b3f6a90c74b79e72fc624c4c0eb5d779d3b368e8bf801098b965543b2e374686,True,,,1,0,10808.3323,13240.408947,6,4156,4,4128
20260726_formal4t4_reuse_intensive_RateFIFO@rho1.2_rep2,2,RateFIFO@rho1.2,RateFIFO,43,reuse_intensive:rep2:req43,reuse_intensive,0,11,1,L0011,4096,0,0,True,1789720359.7354891,4096,4096,4096,60.69934940338135,False,False,False,False,4096,75.92,1,1,4128.0,True,cache_reused,False,False,0,0.0,d14791b9d2471e0ba5ff7868c3c1b228e79ee223a8feb7f126d054b23f1a1686,True,,,1,0,10807.313385,13239.242708,6,4156,4,4128
20260726_formal4t4_reuse_intensive_RateFIFO@rho1.2_rep2,2,RateFIFO@rho1.2,RateFIFO,44,reuse_intensive:rep2:req44,reuse_intensive,0,0,2,L0000,4096,0,0,True,1789720372.9799094,4096,4096,4096,58.14439940452576,False,False,False,False,4096,81.92,1,1,4128.0,True,cache_reused,False,False,0,0.0,69e8302bc1193c79131405628c9a03ede503970687f2a02c89e9cd86a02b7e41,True,,,1,0,324.638839,2725.956824,6,4156,4,4128
20260726_formal4t4_reuse_intensive_RateFIFO@rho1.2_rep2,2,RateFIFO@rho1.2,RateFIFO,45,reuse_intensive:rep2:req45,reuse_intensive,0,8,2,L0008,4096,0,0,True,1789720372.9799573,4096,4096,4096,49.19249486923218,False,False,False,False,4096,79.92,1,1,4128.0,True,cache_reused,False,False,0,0.0,04971248bde84c97f429f681cd81ae01a7114635037df12a0701a50aa4b7af2c,True,,,1,0,1363.393308,3238.519654,6,4156,4,4128
20260726_formal4t4_reuse_intensive_RateFIFO@rho1.2_rep2,2,RateFIFO@rho1.2,RateFIFO,46,reuse_intensive:rep2:req46,reuse_intensive,0,8,0,L0008,4096,0,0,True,1789720372.9799907,4096,4096,4096,49.19252824783325,False,False,False,False,4096,77.92,1,1,4128.0,True,cache_reused,False,False,0,0.0,743a2c79258073148edfb1ee886a0f958286aa6afe0a2490fad544d842335ae0,True,,,1,0,1362.729076,3237.899169,6,4156,4,4128
20260726_formal4t4_reuse_intensive_RateFIFO@rho1.2_rep2,2,RateFIFO@rho1.2,RateFIFO,47,reuse_intensive:rep2:req47,reuse_intensive,0,1,1,L0001,4096,0,0,True,1789720372.9800184,4096,4096,4096,71.14782166481018,False,False,False,False,4096,75.92,1,1,4128.0,True,cache_reused,False,False,0,0.0,18aed6c264e4c978d231739e13759859b912361815c2d7e4725fbebb7a330839,True,,,1,0,1361.710448,3236.727588,6,4156,4,4128
20260726_formal4t4_reuse_intensive_RateFIFO@rho1.2_rep2,2,RateFIFO@rho1.2,RateFIFO,48,reuse_intensive:rep2:req48,reuse_intensive,0,28,0,L0028,4096,3,,False,1789720376.221397,0,0,0,,False,False,False,False,0,0.0,0,0,32.0,False,cache_miss,False,False,0,0.0,e4af0add15ea5b9e2b717d8c9cd109e5c822e44f61ecf6cb0b18abd8fe1f1242,True,,,1,0,9058.804705,9808.846712,6,4156,4,32
20260726_formal4t4_reuse_intensive_RateFIFO@rho1.2_rep2,2,RateFIFO@rho1.2,RateFIFO,49,reuse_intensive:rep2:req49,reuse_intensive,0,7,1,L0007,4096,0,0,True,1789720376.2214472,4096,4096,4096,139.8328697681427,False,False,False,False,4096,81.92,1,1,4128.0,True,cache_reused,False,False,0,0.0,c92db257f19a81d34a95bd32dbd1be364ad4cb3484dbdce9bd2813665ad13716,True,,,1,0,327.0959,1137.224696,6,4156,4,4128
20260726_formal4t4_reuse_intensive_RateFIFO@rho1.2_rep2,2,RateFIFO@rho1.2,RateFIFO,50,reuse_intensive:rep2:req50,reuse_intensive,0,17,0,L0017,4096,1,,False,1789720376.221478,0,0,0,,False,False,False,False,0,0.0,0,0,32.0,False,cache_miss,False,False,0,0.0,576e18df224c98f845c0525303f0f2dd8a42f8c845aab55945c7230e1413b0da,True,,,1,0,8855.916858,9621.147934,6,4156,4,32
20260726_formal4t4_reuse_intensive_RateFIFO@rho1.2_rep2,2,RateFIFO@rho1.2,RateFIFO,51,reuse_intensive:rep2:req51,reuse_intensive,0,27,0,L0027,4096,2,,False,1789720376.221502,0,0,0,,False,False,False,False,0,0.0,0,0,32.0,False,cache_miss,False,False,0,0.0,52cdad49ad5968956658177e5f0173eee75ae2cabd1bbe597bb1d0a63930b624,True,,,1,0,8182.019762,8883.271198,6,4156,4,32
20260726_formal4t4_reuse_intensive_RateFIFO@rho1.2_rep2,2,RateFIFO@rho1.2,RateFIFO,52,reuse_intensive:rep2:req52,reuse_intensive,0,8,1,L0008,4096,0,0,False,1789720386.0322344,4096,4096,4096,62.24477195739746,False,False,False,False,4096,0.0,1,1,4128.0,False,cache_reused,False,False,0,0.0,f537f36009a30671ffccd4f7bbf8804df42244f510c4491db66f34e3e4560c22,True,,,1,0,941.836136,2399.518365,6,4156,4,4128
20260726_formal4t4_reuse_intensive_RateFIFO@rho1.2_rep2,2,RateFIFO@rho1.2,RateFIFO,53,reuse_intensive:rep2:req53,reuse_intensive,0,0,0,L0000,4096,0,0,True,1789720386.0322835,4096,4096,4096,71.19677352905273,False,False,False,False,4096,79.92,1,1,4128.0,True,cache_reused,False,False,0,0.0,d2fdd1a80b87ff551d4b321a1941eb4466ee03b3ecf10b5fe66b29715cba48a2,True,,,1,0,940.737079,2398.381925,6,4156,4,4128
20260726_formal4t4_reuse_intensive_RateFIFO@rho1.2_rep2,2,RateFIFO@rho1.2,RateFIFO,54,reuse_intensive:rep2:req54,reuse_intensive,0,45,0,L0045,4096,1,,False,1789720386.0323124,0,0,0,,False,False,False,False,0,0.0,0,0,32.0,False,cache_miss,False,False,0,0.0,51528aebb6dd494c4d53b946a85ba2c9b4a8164ec627508ccdfedbf9833904b2,True,,,1,0,8597.133701,9326.130411,6,4156,4,32
20260726_formal4t4_reuse_intensive_RateFIFO@rho1.2_rep2,2,RateFIFO@rho1.2,RateFIFO,55,reuse_intensive:rep2:req55,reuse_intensive,0,0,1,L0000,4096,0,0,True,1789720386.032342,4096,4096,4096,71.19683194160461,False,False,False,False,4096,77.92,1,1,4128.0,True,cache_reused,False,False,0,0.0,9918ef619e5d6b4ce926c75e71bfbb05d0822c1693a71ccf787ac8d06e330a6d,True,,,1,0,938.847982,2396.406061,6,4156,4,4128
20260726_formal4t4_reuse_intensive_RateFIFO@rho1.2_rep2,2,RateFIFO@rho1.2,RateFIFO,56,reuse_intensive:rep2:req56,reuse_intensive,0,0,2,L0000,4096,0,0,True,1789720395.3622427,4096,4096,4096,45.1544713973999,False,False,False,False,4096,81.92,1,1,4128.0,True,cache_reused,False,False,0,0.0,0d5376bfe05cdb84ff3fa0c893b0195cd75430be746c8e29f89ad11e147f9a10,True,,,1,0,494.217664,2300.082464,6,4156,4,4128
20260726_formal4t4_reuse_intensive_RateFIFO@rho1.2_rep2,2,RateFIFO@rho1.2,RateFIFO,57,reuse_intensive:rep2:req57,reuse_intensive,0,1,2,L0001,4096,0,0,True,1789720395.3622909,4096,4096,4096,93.53009414672852,False,False,False,False,4096,79.92,1,1,4128.0,True,cache_reused,False,False,0,0.0,6d17156c563b19c1d6be8f47ef7fcb820bb0e94053300212cc99e6300dd8af31,True,,,1,0,1273.956631,2813.500595,6,4156,4,4128
20260726_formal4t4_reuse_intensive_RateFIFO@rho1.2_rep2,2,RateFIFO@rho1.2,RateFIFO,58,reuse_intensive:rep2:req58,reuse_intensive,0,0,0,L0000,4096,0,0,True,1789720395.3623226,4096,4096,4096,45.1545512676239,False,False,False,False,4096,77.92,1,1,4128.0,True,cache_reused,False,False,0,0.0,3939f69e1c794be81b65b392f0e439cdd7e96bd678267fe51390cfdaf4eb41ce,True,,,1,0,1272.797993,2812.190464,6,4156,4,4128
20260726_formal4t4_reuse_intensive_RateFIFO@rho1.2_rep2,2,RateFIFO@rho1.2,RateFIFO,59,reuse_intensive:rep2:req59,reuse_intensive,0,1,0,L0001,4096,0,0,True,1789720395.3623486,4096,4096,4096,93.53015184402466,False,False,False,False,4096,75.92,1,1,4128.0,True,cache_reused,False,False,0,0.0,a5f568b7f28682329c05aaf45d0cac0320acae31410875d54035c0aba4db37f0,True,,,1,0,1272.195224,2811.695556,6,4156,4,4128
20260726_formal4t4_reuse_intensive_RateFIFO@rho1.2_rep2,2,RateFIFO@rho1.2,RateFIFO,60,reuse_intensive:rep2:req60,reuse_intensive,1,64,0,L0064,4096,3,,False,1789720398.1787102,0,0,0,,False,False,False,False,0,0.0,0,0,32.0,False,cache_miss,False,False,0,0.0,b0c91a0e6ff8ec07ff78419431719b81c4c3fdb1adefc21b17c16ec441fe4452,True,,,1,0,8995.339275,9740.698924,6,4156,4,32
20260726_formal4t4_reuse_intensive_RateFIFO@rho1.2_rep2,2,RateFIFO@rho1.2,RateFIFO,61,reuse_intensive:rep2:req61,reuse_intensive,1,64,1,L0064,4096,0,,False,1789720398.178747,0,0,0,,False,False,False,False,0,0.0,0,0,32.0,False,cache_miss,False,False,0,0.0,c0d2aa803f3f779674f6e83504123acf95df53ac9e20246561263364d53bb2b0,True,,,1,0,9338.843353,10117.119476,6,4156,4,32
20260726_formal4t4_reuse_intensive_RateFIFO@rho1.2_rep2,2,RateFIFO@rho1.2,RateFIFO,62,reuse_intensive:rep2:req62,reuse_intensive,1,65,0,L0065,4096,2,,False,1789720398.178771,0,0,0,,False,False,False,False,0,0.0,0,0,32.0,False,cache_miss,False,False,0,0.0,dd286ab3add8340bd46ccdfd3d36d97d6a8bbcd83043d3cc5a9615b4ef62f415,True,,,1,0,8400.233853,9095.753934,6,4156,4,32
20260726_formal4t4_reuse_intensive_RateFIFO@rho1.2_rep2,2,RateFIFO@rho1.2,RateFIFO,63,reuse_intensive:rep2:req63,reuse_intensive,1,64,2,L0064,4096,1,,False,1789720398.1787918,0,0,0,,False,False,False,False,0,0.0,0,0,32.0,False,cache_miss,False,False,0,0.0,9175987cb4ecc78e5aa0881845471775bfc8920cce94aecef78a03aff9889f91,True,,,1,0,9621.570767,10378.938257,6,4156,4,32
20260726_formal4t4_reuse_intensive_RateFIFO@rho1.2_rep2,2,RateFIFO@rho1.2,RateFIFO,64,reuse_intensive:rep2:req64,reuse_intensive,1,87,0,L0087,4096,3,,False,1789720408.5622988,0,0,0,,False,False,False,False,0,0.0,0,0,32.0,False,cache_miss,False,False,0,0.0,c83a0b3a4fe3e9403fe46690aa7cc8bb8b5e384385eef87765cf965ff74ae669,True,,,1,0,8771.990668,9524.782338,6,4156,4,32
20260726_formal4t4_reuse_intensive_RateFIFO@rho1.2_rep2,2,RateFIFO@rho1.2,RateFIFO,65,reuse_intensive:rep2:req65,reuse_intensive,1,70,0,L0070,4096,1,,False,1789720408.5623357,0,0,0,,False,False,False,False,0,0.0,0,0,32.0,False,cache_miss,False,False,0,0.0,5d4c85c8a4e2f06a5e591c7ace9e1822813246599d3e671f2947dc669771d3f3,True,,,1,0,8452.929799,9138.439932,6,4156,4,32
20260726_formal4t4_reuse_intensive_RateFIFO@rho1.2_rep2,2,RateFIFO@rho1.2,RateFIFO,66,reuse_intensive:rep2:req66,reuse_intensive,1,65,1,L0065,4096,2,,False,1789720408.5623603,4096,0,0,252.58504796028137,True,True,False,False,0,0.0,0,0,4128.0,False,cache_reused,False,False,0,0.0,1d72219649b19ceba59b2ba8987e5640beb8dd62d314ac5134ab74afb9251676,True,,,1,0,285.341537,981.150332,6,4156,4,4128
20260726_formal4t4_reuse_intensive_RateFIFO@rho1.2_rep2,2,RateFIFO@rho1.2,RateFIFO,67,reuse_intensive:rep2:req67,reuse_intensive,1,64,0,L0064,4096,0,,False,1789720408.5623846,4096,0,0,252.58507227897644,True,True,False,False,0,0.0,0,0,4128.0,False,cache_reused,False,False,0,0.0,6291dc2e656fa095a5b7e5e91c6dce191f2db4f87603d52e98aaa0cc7a3af976,True,,,1,0,312.792689,1090.723673,6,4156,4,4128
20260726_formal4t4_reuse_intensive_RateFIFO@rho1.2_rep2,2,RateFIFO@rho1.2,RateFIFO,68,reuse_intensive:rep2:req68,reuse_intensive,1,72,0,L0072,4096,3,,False,1789720418.0890136,0,0,0,,False,False,False,False,0,0.0,0,0,32.0,False,cache_miss,False,False,0,0.0,09baa0bfd743a006e65ff0cf116b932f19597feb42d6ee719695c06a204b9221,True,,,1,0,9139.393304,9866.34272,6,4156,4,32
20260726_formal4t4_reuse_intensive_RateFIFO@rho1.2_rep2,2,RateFIFO@rho1.2,RateFIFO,69,reuse_intensive:rep2:req69,reuse_intensive,1,65,2,L0065,4096,2,,False,1789720418.0890508,4096,0,0,262.11173844337463,True,True,False,False,0,0.0,0,0,4128.0,False,cache_reused,False,False,0,0.0,a0859e2da8c4100a18c6d9806872752921dd77206455b0484ced61306f35499d,True,,,1,0,449.2201,1145.634599,6,4156,4,4128
20260726_formal4t4_reuse_intensive_RateFIFO@rho1.2_rep2,2,RateFIFO@rho1.2,RateFIFO,70,reuse_intensive:rep2:req70,reuse_intensive,1,64,1,L0064,4096,1,,False,1789720418.089078,4096,0,0,262.11176562309265,True,True,False,False,0,0.0,0,0,4128.0,False,cache_reused,False,False,0,0.0,38980a11beb4f1b8f8b667a1ac64c5ad34f9ecae635d8b8b778e595e1ad37e64,True,,,1,0,306.765487,1062.271542,6,4156,4,4128
20260726_formal4t4_reuse_intensive_RateFIFO@rho1.2_rep2,2,RateFIFO@rho1.2,RateFIFO,71,reuse_intensive:rep2:req71,reuse_intensive,1,80,0,L0080,4096,0,,False,1789720418.0891008,0,0,0,,False,False,False,False,0,0.0,0,0,32.0,False,cache_miss,False,False,0,0.0,bfcde8cf72383144cfeff9c069cba3cd8cc4f1d3a71ea67299533f1ce0ae5575,True,,,1,0,9300.701789,10090.019268,6,4156,4,32
20260726_formal4t4_reuse_intensive_RateFIFO@rho1.2_rep2,2,RateFIFO@rho1.2,RateFIFO,72,reuse_intensive:rep2:req72,reuse_intensive,1,79,0,L0079,4096,3,,False,1789720428.1835961,0,0,0,,False,False,False,False,0,0.0,0,0,32.0,False,cache_miss,False,False,0,0.0,2f8a25609e9f80b8f736be69ef0c3fbbfcaa7a03fe6d016b6ff3fa4edf44c365,True,,,1,0,9100.879357,9853.619387,6,4156,4,32
20260726_formal4t4_reuse_intensive_RateFIFO@rho1.2_rep2,2,RateFIFO@rho1.2,RateFIFO,73,reuse_intensive:rep2:req73,reuse_intensive,1,72,1,L0072,4096,0,,False,1789720428.1836326,4096,0,0,272.2063202857971,True,True,False,False,0,0.0,0,0,32.0,False,cache_miss,False,False,0,0.0,f4f74f2f4efdd866ea83d07e2c9a3f23887f8254af653a1bba33fd3d8c7116ba,True,,,1,0,9200.954606,10005.14703,6,4156,4,32
20260726_formal4t4_reuse_intensive_RateFIFO@rho1.2_rep2,2,RateFIFO@rho1.2,RateFIFO,74,reuse_intensive:rep2:req74,reuse_intensive,1,69,0,L0069,4096,2,,False,1789720428.1836588,0,0,0,,False,False,False,False,0,0.0,0,0,32.0,False,cache_miss,False,False,0,0.0,2f0b21b785893667b46081776cc15381013dcb31bb00d7ba5d2737bcfdf645c6,True,,,1,0,7940.222152,8631.913919,6,4156,4,32
20260726_formal4t4_reuse_intensive_RateFIFO@rho1.2_rep2,2,RateFIFO@rho1.2,RateFIFO,75,reuse_intensive:rep2:req75,reuse_intensive,1,64,2,L0064,4096,1,,False,1789720428.1836796,4096,0,0,272.2063672542572,True,True,False,False,0,0.0,0,0,4128.0,False,cache_reused,False,False,0,0.0,2bb9a180da5d95c0b8136915e108bc9ccd7382c22fc128440f148ec380163b91,True,,,1,0,467.915439,1222.663676,6,4156,4,4128
20260726_formal4t4_reuse_intensive_RateFIFO@rho1.2_rep2,2,RateFIFO@rho1.2,RateFIFO,76,reuse_intensive:rep2:req76,reuse_intensive,1,65,0,L0065,4096,3,,False,1789720438.1916096,4096,0,0,282.2142972946167,True,True,False,False,0,0.0,0,0,32.0,False,cache_miss,False,False,0,0.0,9254dbcba878c10329b5dd69c6505c5008c3c7264b45dfe0ad99ed174cc932ff,True,,,1,0,8711.214461,9435.704588,6,4156,4,32
20260726_formal4t4_reuse_intensive_RateFIFO@rho1.2_rep2,2,RateFIFO@rho1.2,RateFIFO,77,reuse_intensive:rep2:req77,reuse_intensive,1,64,0,L0064,4096,1,,False,1789720438.191649,4096,0,0,282.21433663368225,True,True,False,False,0,0.0,0,0,4128.0,False,cache_reused,False,False,0,0.0,ef1c2624114a3659476767b1d50df8337a62048c6bbd76547b46407e9499cb74,True,,,1,0,459.246017,1214.930122,6,4156,4,4128
20260726_formal4t4_reuse_intensive_RateFIFO@rho1.2_rep2,2,RateFIFO@rho1.2,RateFIFO,78,reuse_intensive:rep2:req78,reuse_intensive,1,65,1,L0065,4096,2,,False,1789720438.1916761,4096,0,0,282.21436381340027,True,True,False,False,0,0.0,0,0,4128.0,False,cache_reused,False,False,0,0.0,001affb5cd99abe5f3530efdee3d29ee449e9016512dac734206d9e7d743f9d6,True,,,1,0,286.406695,982.168614,6,4156,4,4128
20260726_formal4t4_reuse_intensive_RateFIFO@rho1.2_rep2,2,RateFIFO@rho1.2,RateFIFO,79,reuse_intensive:rep2:req79,reuse_intensive,1,64,1,L0064,4096,0,,False,1789720438.191697,4096,0,0,282.21438455581665,True,True,False,False,0,0.0,0,0,4128.0,False,cache_reused,False,False,0,0.0,03f067b95eed4a741ca55a13f832acae3953a91362be908192da8cd5cc82c2fe,True,,,1,0,312.315321,1088.830505,6,4156,4,4128
20260726_formal4t4_reuse_intensive_RateFIFO@rho1.2_rep2,2,RateFIFO@rho1.2,RateFIFO,80,reuse_intensive:rep2:req80,reuse_intensive,1,73,0,L0073,4096,3,,False,1789720447.628398,0,0,0,,False,False,False,False,0,0.0,0,0,32.0,False,cache_miss,False,False,0,0.0,5a49bf714154ae1985d53bae2253b7dec5653261359d2dcd67c97f703b1f8a0b,True,,,1,0,8102.726696,8781.484505,6,4156,4,32
20260726_formal4t4_reuse_intensive_RateFIFO@rho1.2_rep2,2,RateFIFO@rho1.2,RateFIFO,81,reuse_intensive:rep2:req81,reuse_intensive,1,68,0,L0068,4096,2,,False,1789720447.6284149,0,0,0,,False,False,False,False,0,0.0,0,0,32.0,False,cache_miss,False,False,0,0.0,a81c1a7de2202f1070d0c8bb695bfb035c9269e90c75e1f43e9fb9405fe847e7,True,,,1,0,9068.55762,9837.109204,6,4156,4,32
20260726_formal4t4_reuse_intensive_RateFIFO@rho1.2_rep2,2,RateFIFO@rho1.2,RateFIFO,82,reuse_intensive:rep2:req82,reuse_intensive,1,70,1,L0070,4096,1,,False,1789720447.6284251,4096,0,0,291.6511127948761,True,True,False,False,0,0.0,0,0,4128.0,False,cache_reused,False,False,0,0.0,4cb48522f80ed9a5c95712cf169c90f8575217bc57d7b6109e86954be0797625,True,,,1,0,440.628454,1126.335087,6,4156,4,4128
20260726_formal4t4_reuse_intensive_RateFIFO@rho1.2_rep2,2,RateFIFO@rho1.2,RateFIFO,83,reuse_intensive:rep2:req83,reuse_intensive,1,65,2,L0065,4096,0,,False,1789720447.6284409,4096,0,0,291.6511285305023,True,True,False,False,0,0.0,0,0,32.0,False,cache_miss,False,False,0,0.0,dcfc229c6c869ef0697581f7b8007bad4166d237418ec69f0265177b2ca5eb18,True,,,1,0,9132.088165,9939.868659,6,4156,4,32
20260726_formal4t4_reuse_intensive_RateFIFO@rho1.2_rep2,2,RateFIFO@rho1.2,RateFIFO,84,reuse_intensive:rep2:req84,reuse_intensive,1,66,0,L0066,4096,3,,False,1789720457.5727944,0,0,0,,False,False,False,False,0,0.0,0,0,32.0,False,cache_miss,False,False,0,0.0,0048385b4f46601237d9dbe49de8bb5d8d5537a558d8b05db39f4e8331894c04,True,,,1,0,9120.269043,10518.716384,6,4156,4,32
20260726_formal4t4_reuse_intensive_RateFIFO@rho1.2_rep2,2,RateFIFO@rho1.2,RateFIFO,85,reuse_intensive:rep2:req85,reuse_intensive,1,64,2,L0064,4096,3,3,True,1789720457.5728443,4096,4096,4096,49.012123346328735,False,False,False,False,4096,79.92,1,1,4128.0,True,cache_reused,False,False,0,0.0,99bd9763abc3d961c7b2e4b880c74a9daf67883dd6857eac94fd88299a1e0514,True,,,1,0,9119.206056,10517.558497,6,4156,4,4128
20260726_formal4t4_reuse_intensive_RateFIFO@rho1.2_rep2,2,RateFIFO@rho1.2,RateFIFO,86,reuse_intensive:rep2:req86,reuse_intensive,1,83,0,L0083,4096,2,,False,1789720457.5728743,0,0,0,,False,False,False,False,0,0.0,0,0,32.0,False,cache_miss,False,False,0,0.0,c0611baa5661f2ead9d104b37e14ddbaf41eca0b236093de919419c6699c8df3,True,,,1,0,8055.019993,8749.529498,6,4156,4,32
20260726_formal4t4_reuse_intensive_RateFIFO@rho1.2_rep2,2,RateFIFO@rho1.2,RateFIFO,87,reuse_intensive:rep2:req87,reuse_intensive,1,67,0,L0067,4096,1,,False,1789720457.5728972,0,0,0,,False,False,False,False,0,0.0,0,0,32.0,False,cache_miss,False,False,0,0.0,e71afca171d19fd1db6dbd192899376279e13f6e2f3df39bb5cf3435dfc94434,True,,,1,0,8092.539562,8759.782202,6,4156,4,32
20260726_formal4t4_reuse_intensive_RateFIFO@rho1.2_rep2,2,RateFIFO@rho1.2,RateFIFO,88,reuse_intensive:rep2:req88,reuse_intensive,1,71,0,L0071,4096,0,,False,1789720468.0934632,0,0,0,,False,False,False,False,0,0.0,0,0,32.0,False,cache_miss,False,False,0,0.0,b0bb1bece2a0412cbfac29c9d30b279283a0c0c458d24902b79fe6890c8bc645,True,,,1,0,8913.606101,9707.535302,6,4156,4,32
20260726_formal4t4_reuse_intensive_RateFIFO@rho1.2_rep2,2,RateFIFO@rho1.2,RateFIFO,89,reuse_intensive:rep2:req89,reuse_intensive,1,75,0,L0075,4096,3,,False,1789720468.0935001,0,0,0,,False,False,False,False,0,0.0,0,0,32.0,False,cache_miss,False,False,0,0.0,772d72650628f02ad6eec8e62a16af661022af8db3a66af6f2af53b225b84a6e,True,,,1,0,9294.504048,10032.225221,6,4156,4,32
20260726_formal4t4_reuse_intensive_RateFIFO@rho1.2_rep2,2,RateFIFO@rho1.2,RateFIFO,90,reuse_intensive:rep2:req90,reuse_intensive,1,95,0,L0095,4096,1,,False,1789720468.0935247,0,0,0,,False,False,False,False,0,0.0,0,0,32.0,False,cache_miss,False,False,0,0.0,704afde6acf2a93c95cd4e29ad3513ba1f384999eab4e468ac66938bc708e2de,True,,,1,0,8015.724752,8711.937085,6,4156,4,32
20260726_formal4t4_reuse_intensive_RateFIFO@rho1.2_rep2,2,RateFIFO@rho1.2,RateFIFO,91,reuse_intensive:rep2:req91,reuse_intensive,1,75,1,L0075,4096,2,,False,1789720468.0935457,0,0,0,,False,False,False,False,0,0.0,0,0,32.0,False,cache_miss,False,False,0,0.0,8790a1e4bf110f5807a24cf49a2163ca2524087bb6fc34769a444ab839864f75,True,,,1,0,8108.233733,8847.119354,6,4156,4,32
20260726_formal4t4_reuse_intensive_RateFIFO@rho1.2_rep2,2,RateFIFO@rho1.2,RateFIFO,92,reuse_intensive:rep2:req92,reuse_intensive,1,68,1,L0068,4096,0,,False,1789720478.2110276,4096,0,0,322.2337152957916,True,True,False,False,0,0.0,0,0,32.0,False,cache_miss,False,False,0,0.0,01b44cda087ca5a3d5ae408eaf8732950f20c7735f57d158500b7555aa976af3,True,,,1,0,8450.354434,9203.939999,6,4156,4,32
20260726_formal4t4_reuse_intensive_RateFIFO@rho1.2_rep2,2,RateFIFO@rho1.2,RateFIFO,93,reuse_intensive:rep2:req93,reuse_intensive,1,64,0,L0064,4096,3,3,True,1789720478.2110558,4096,4096,4096,69.65033483505249,False,False,False,False,4096,81.92,1,1,4128.0,True,cache_reused,False,False,0,0.0,faa22180ad2cfcc5a7d3b97f469ba28273009a914635f406134d6fe67fc403fc,True,,,1,0,302.560475,1688.966594,6,4156,4,4128
20260726_formal4t4_reuse_intensive_RateFIFO@rho1.2_rep2,2,RateFIFO@rho1.2,RateFIFO,94,reuse_intensive:rep2:req94,reuse_intensive,1,65,0,L0065,4096,3,3,True,1789720478.211075,4096,4096,4096,30.583404541015625,False,False,False,False,4096,79.92,1,1,4128.0,True,cache_reused,False,False,0,0.0,591fe289704a6594a8460085091e29ee90bc5e8b8dc6374a8abd07e016285c74,True,,,1,0,765.892283,1930.531465,6,4156,4,4128
20260726_formal4t4_reuse_intensive_RateFIFO@rho1.2_rep2,2,RateFIFO@rho1.2,RateFIFO,95,reuse_intensive:rep2:req95,reuse_intensive,1,89,0,L0089,4096,2,,False,1789720478.2110877,0,0,0,,False,False,False,False,0,0.0,0,0,32.0,False,cache_miss,False,False,0,0.0,f6e80547aea87f72d5458eecd4c67ef3593753c80ef7abc1d8a1de9078d84fbb,True,,,1,0,7505.314278,8143.386121,6,4156,4,32
20260726_formal4t4_reuse_intensive_RateFIFO@rho1.2_rep2,2,RateFIFO@rho1.2,RateFIFO,96,reuse_intensive:rep2:req96,reuse_intensive,1,104,0,L0104,4096,2,,False,1789720487.4169815,0,0,0,,False,False,False,False,0,0.0,0,0,16.0,False,cache_miss,False,False,0,0.0,7ac0df6113e0081096089c95504aebc9cd473e23e8e27110941bcc837e11de98,True,,,1,0,7661.687943,8329.186665,6,4156,4,16
20260726_formal4t4_reuse_intensive_RateFIFO@rho1.2_rep2,2,RateFIFO@rho1.2,RateFIFO,97,reuse_intensive:rep2:req97,reuse_intensive,1,66,1,L0066,4096,0,,False,1789720487.4170191,4096,0,0,331.43970680236816,True,True,False,False,0,0.0,0,0,32.0,False,cache_miss,False,False,0,0.0,71db7bccedfcd84fe141752cd2979e2dba0d357242fba44b5568231d10955840,True,,,1,0,9223.91402,10026.533512,6,4156,4,32
20260726_formal4t4_reuse_intensive_RateFIFO@rho1.2_rep2,2,RateFIFO@rho1.2,RateFIFO,98,reuse_intensive:rep2:req98,reuse_intensive,1,67,1,L0067,4096,1,,False,1789720487.4170458,4096,0,0,331.439733505249,True,True,False,False,0,0.0,0,0,4128.0,False,cache_reused,False,False,0,0.0,ae3d3244927e8d4068feed0e2d9fb776ba767b79e67d93d9886050b21138ba27,True,,,1,0,430.688657,1093.093826,6,4156,4,4128
20260726_formal4t4_reuse_intensive_RateFIFO@rho1.2_rep2,2,RateFIFO@rho1.2,RateFIFO,99,reuse_intensive:rep2:req99,reuse_intensive,1,64,1,L0064,4096,3,3,False,1789720487.4170828,4096,4096,4096,78.85636186599731,False,False,False,False,4096,0.0,1,1,4128.0,False,cache_reused,False,False,0,0.0,23a31b807ec2dd68be582353118dea9d5161ad5ab7cd036ff47bb72f59afe1c7,True,,,1,0,460.616383,1215.179684,6,4156,4,4128
20260726_formal4t4_reuse_intensive_RateFIFO@rho1.2_rep2,2,RateFIFO@rho1.2,RateFIFO,100,reuse_intensive:rep2:req100,reuse_intensive,1,64,2,L0064,4096,3,3,False,1789720497.4465675,4096,4096,4096,88.88584661483765,False,False,False,False,4096,0.0,1,1,4128.0,False,cache_reused,False,False,0,0.0,e34312590e84f1a84a82c24a5b06170ebb08a7f6eba8f7b99071f133fefc97ca,True,,,1,0,465.127113,1269.782663,6,4157,4,4128
20260726_formal4t4_reuse_intensive_RateFIFO@rho1.2_rep2,2,RateFIFO@rho1.2,RateFIFO,101,reuse_intensive:rep2:req101,reuse_intensive,1,80,1,L0080,4096,0,,False,1789720497.446608,4096,0,0,341.46929574012756,True,True,False,False,0,0.0,0,0,4128.0,False,cache_reused,False,False,0,0.0,1144029e74b461de7abb6c275f21cbd5d29862381e2f151d19a105be4c0d6a71,True,,,1,0,313.596034,1096.216732,6,4157,4,4128
20260726_formal4t4_reuse_intensive_RateFIFO@rho1.2_rep2,2,RateFIFO@rho1.2,RateFIFO,102,reuse_intensive:rep2:req102,reuse_intensive,1,64,0,L0064,4096,3,3,True,1789720497.446645,4096,4096,4096,88.88592410087585,False,False,False,False,4096,79.92,1,1,4128.0,True,cache_reused,False,False,0,0.0,82ca59a7b0c02d0c20132dcd0b6bc186fd16b0cc43c167922f478c0fa40113a3,True,,,1,0,735.260555,1514.566275,6,4157,4,4128
20260726_formal4t4_reuse_intensive_RateFIFO@rho1.2_rep2,2,RateFIFO@rho1.2,RateFIFO,103,reuse_intensive:rep2:req103,reuse_intensive,1,71,1,L0071,4096,1,,False,1789720497.44667,4096,0,0,341.46935772895813,True,True,False,False,0,0.0,0,0,32.0,False,cache_miss,False,False,0,0.0,3c4b575bfdd98c0e5e172320877ed873cc6f457d474185f45d75facdd14acd1f,True,,,1,0,8276.073886,8980.242132,6,4157,4,32
20260726_formal4t4_reuse_intensive_RateFIFO@rho1.2_rep2,2,RateFIFO@rho1.2,RateFIFO,104,reuse_intensive:rep2:req104,reuse_intensive,1,65,1,L0065,4096,3,3,True,1789720506.4316733,4096,4096,4096,58.80400276184082,False,False,False,False,4096,81.92,1,1,4128.0,True,cache_reused,False,False,0,0.0,133c2e3fc5449891a4b4ac6028f4e59d1845659305ad19da00223316c7f3fc87,True,,,1,0,484.053238,2207.878643,6,4157,4,4128
20260726_formal4t4_reuse_intensive_RateFIFO@rho1.2_rep2,2,RateFIFO@rho1.2,RateFIFO,105,reuse_intensive:rep2:req105,reuse_intensive,1,64,1,L0064,4096,3,3,True,1789720506.4317234,4096,4096,4096,97.8710024356842,False,False,False,False,4096,79.92,1,1,4128.0,True,cache_reused,False,False,0,0.0,86e0c8e6db327b29beb62106dd0464eaabe1cb991f803143ac67c544fc16db3b,True,,,1,0,1258.732869,2478.117819,6,4157,4,4128
20260726_formal4t4_reuse_intensive_RateFIFO@rho1.2_rep2,2,RateFIFO@rho1.2,RateFIFO,106,reuse_intensive:rep2:req106,reuse_intensive,1,64,2,L0064,4096,3,3,True,1789720506.4317553,4096,4096,4096,97.8710343837738,False,False,False,False,4096,77.92,1,1,4128.0,True,cache_reused,False,False,0,0.0,4b7b0dff13c277779fca33a3300d3741e383d13b93d994cc9602eb0070c82620,True,,,1,0,1258.047991,2477.744849,6,4157,4,4128
20260726_formal4t4_reuse_intensive_RateFIFO@rho1.2_rep2,2,RateFIFO@rho1.2,RateFIFO,107,reuse_intensive:rep2:req107,reuse_intensive,1,64,0,L0064,4096,3,3,True,1789720506.4317803,4096,4096,4096,97.87105941772461,False,False,False,False,4096,75.92,1,1,4128.0,True,cache_reused,False,False,0,0.0,2c6da140a8dec1db5c35971f97ae2c472298db94dd49abe5cac885b23f3eeccf,True,,,1,0,1257.148998,2476.785279,6,4157,4,4128
20260726_formal4t4_reuse_intensive_RateFIFO@rho1.2_rep2,2,RateFIFO@rho1.2,RateFIFO,108,reuse_intensive:rep2:req108,reuse_intensive,1,94,0,L0094,4096,1,,False,1789720508.9133775,0,0,0,,False,False,False,False,0,0.0,0,0,32.0,False,cache_miss,False,False,0,0.0,c49842c706eae19c3bdf91446731af4628327891c776a0a7e629dd135af0b144,True,,,1,0,8841.273094,9555.530298,6,4157,4,32
20260726_formal4t4_reuse_intensive_RateFIFO@rho1.2_rep2,2,RateFIFO@rho1.2,RateFIFO,109,reuse_intensive:rep2:req109,reuse_intensive,1,77,0,L0077,4096,2,,False,1789720508.9134204,0,0,0,,False,False,False,False,0,0.0,0,0,32.0,False,cache_miss,False,False,0,0.0,61959889e6c85365109c87ec74acabfbda1bf08aeebac2a26cd547d3957cbfe5,True,,,1,0,8199.495527,8916.33775,6,4157,4,32
20260726_formal4t4_reuse_intensive_RateFIFO@rho1.2_rep2,2,RateFIFO@rho1.2,RateFIFO,110,reuse_intensive:rep2:req110,reuse_intensive,1,66,2,L0066,4096,3,3,False,1789720508.9134655,4096,4096,4096,40.82155108451843,False,False,False,False,4096,0.0,1,1,4128.0,False,cache_reused,False,False,0,0.0,81112315baa604664267cdc63ab1576f9e2c7418f71394a186e43bd53a9cddd1,True,,,1,0,295.432281,1013.99779,6,4157,4,4128
20260726_formal4t4_reuse_intensive_RateFIFO@rho1.2_rep2,2,RateFIFO@rho1.2,RateFIFO,111,reuse_intensive:rep2:req111,reuse_intensive,1,69,1,L0069,4096,0,,False,1789720508.913494,4096,0,0,352.93618178367615,True,True,False,False,0,0.0,0,0,32.0,False,cache_miss,False,False,0,0.0,94879ae75d0ce775daa135f668da19e141739fb19004c4099abc899799543318,True,,,1,0,9760.939139,10599.017064,6,4157,4,32
20260726_formal4t4_reuse_intensive_RateFIFO@rho1.2_rep2,2,RateFIFO@rho1.2,RateFIFO,112,reuse_intensive:rep2:req112,reuse_intensive,1,114,0,L0114,4096,2,,False,1789720519.5171413,0,0,0,,False,False,False,False,0,0.0,0,0,32.0,False,cache_miss,False,False,0,0.0,5df75f2ae5915f7599385db2e072db610f925d89da491ad7fd5c060b538c1524,True,,,1,0,8379.277222,9078.292958,6,4157,4,32
20260726_formal4t4_reuse_intensive_RateFIFO@rho1.2_rep2,2,RateFIFO@rho1.2,RateFIFO,113,reuse_intensive:rep2:req113,reuse_intensive,1,64,1,L0064,4096,3,3,True,1789720519.5172124,4096,4096,4096,110.95649147033691,False,False,False,False,4096,81.92,1,1,4128.0,True,cache_reused,False,False,0,0.0,ab26322c46052b7ab56ab614728165373a346d294fc38ece35700d591b407ca8,True,,,1,0,463.900552,1215.183892,6,4157,4,4128
20260726_formal4t4_reuse_intensive_RateFIFO@rho1.2_rep2,2,RateFIFO@rho1.2,RateFIFO,114,reuse_intensive:rep2:req114,reuse_intensive,1,103,0,L0103,4096,1,,False,1789720519.5172453,0,0,0,,False,False,False,False,0,0.0,0,0,16.0,False,cache_miss,False,False,0,0.0,9bc3c7bdcb9b5950df5a2f171008c052c8f034ec36fe5884d55b36e4ae43f361,True,,,1,0,9052.627391,9827.935466,6,4157,4,16
20260726_formal4t4_reuse_intensive_RateFIFO@rho1.2_rep2,2,RateFIFO@rho1.2,RateFIFO,115,reuse_intensive:rep2:req115,reuse_intensive,1,82,0,L0082,4096,0,,False,1789720519.5172672,0,0,0,,False,False,False,False,0,0.0,0,0,32.0,False,cache_miss,False,False,0,0.0,09ea332208e57098fbff657083e50397e97795d19642f13fe05daa7b7b910543,True,,,1,0,8512.279245,9232.676185,6,4157,4,32
20260726_formal4t4_reuse_intensive_RateFIFO@rho1.2_rep2,2,RateFIFO@rho1.2,RateFIFO,116,reuse_intensive:rep2:req116,reuse_intensive,1,64,2,L0064,4096,3,3,False,1789720529.3491201,4096,4096,4096,120.78839921951294,False,False,False,False,4096,0.0,1,1,4128.0,False,cache_reused,False,False,0,0.0,5ac3cda04f26be6154ab908268e70ee91bc6d5f2346def18df442694926eeb35,True,,,1,0,1179.096207,3061.287252,6,4157,4,4128
20260726_formal4t4_reuse_intensive_RateFIFO@rho1.2_rep2,2,RateFIFO@rho1.2,RateFIFO,117,reuse_intensive:rep2:req117,reuse_intensive,1,66,0,L0066,4096,3,3,True,1789720529.3491948,4096,4096,4096,61.257280349731445,False,False,False,False,4096,79.92,1,1,4128.0,True,cache_reused,False,False,0,0.0,95cdf9e3a79585f7d6785fc7a9ae83c8923dd012f75a54fc55313710e26904f9,True,,,1,0,1178.267574,3060.580747,6,4157,4,4128
20260726_formal4t4_reuse_intensive_RateFIFO@rho1.2_rep2,2,RateFIFO@rho1.2,RateFIFO,118,reuse_intensive:rep2:req118,reuse_intensive,1,65,2,L0065,4096,3,3,True,1789720529.3492372,4096,4096,4096,81.7215666770935,False,False,False,False,4096,77.92,1,1,4128.0,True,cache_reused,False,False,0,0.0,98eb36c386a9e44833bf0c1d4cc2500b451ba9dd53ed819b85ddaa2fb0184783,True,,,1,0,1177.500811,3059.876122,6,4157,4,4128
20260726_formal4t4_reuse_intensive_RateFIFO@rho1.2_rep2,2,RateFIFO@rho1.2,RateFIFO,119,reuse_intensive:rep2:req119,reuse_intensive,1,90,0,L0090,4096,1,,False,1789720529.3492682,0,0,0,,False,False,False,False,0,0.0,0,0,32.0,False,cache_miss,False,False,0,0.0,ce1c426130c95867e973976b61c67aa5611bf48071b2a82c32fb6a7cffeb42ec,True,,,1,0,8344.434377,9066.551255,6,4157,4,32
20260726_formal4t4_reuse_intensive_Ideal_rep2,2,Ideal,Ideal,24,reuse_intensive:rep2:req24,reuse_intensive,0,4,0,L0004,4096,0,0;1;2;3,False,1789720718.1449723,4096,4096,4096,123.41618752479553,False,False,False,False,4096,0.0,4,4,4128.0,False,cache_reused,False,False,0,0.0,4d4c6eb1e44b7b2c6cfa1680a93053f8c25b7c0cb6e39498f52f26c607765254,True,,,1,0,470.910749,1253.39931,6,4156,4,4128
20260726_formal4t4_reuse_intensive_Ideal_rep2,2,Ideal,Ideal,25,reuse_intensive:rep2:req25,reuse_intensive,0,2,1,L0002,4096,2,0;1;2;3,False,1789720718.1450224,4096,4096,4096,142.74508905410767,False,False,False,False,4096,0.0,4,4,4128.0,False,cache_reused,False,False,0,0.0,b47c30dee413d3fb4b2adc5fe2f9493706a74cb07cc1e32a091537804cd7ad27,True,,,1,0,438.186363,1169.162218,6,4156,4,4128
20260726_formal4t4_reuse_intensive_Ideal_rep2,2,Ideal,Ideal,26,reuse_intensive:rep2:req26,reuse_intensive,0,2,2,L0002,4096,1,0;1;2;3,False,1789720718.1450577,4096,4096,4096,142.74512815475464,False,False,False,False,4096,0.0,4,4,4128.0,False,cache_reused,False,False,0,0.0,78d2e5dbaf79438cd5314c83a44fa9c7ca5100c99c5d21259ee0845ba6cde124,True,,,1,0,436.72664,1131.947737,6,4156,4,4128
20260726_formal4t4_reuse_intensive_Ideal_rep2,2,Ideal,Ideal,27,reuse_intensive:rep2:req27,reuse_intensive,0,0,1,L0000,4096,3,0;1;2;3,False,1789720718.145088,4096,4096,4096,8.990554332733154,False,False,False,False,4096,0.0,4,4,4128.0,False,cache_reused,False,False,0,0.0,1299095cb034f5b2781964a9fc89a6df403e0b9eda7c170c31fc9a046ed99f7b,True,,,1,0,316.893909,1104.23885,6,4156,4,4128
20260726_formal4t4_reuse_intensive_Ideal_rep2,2,Ideal,Ideal,28,reuse_intensive:rep2:req28,reuse_intensive,0,12,0,L0012,4096,0,0;1;2;3,False,1789720719.4002,4096,4096,4096,50.5256450176239,False,False,False,False,4096,0.0,4,4,4128.0,False,cache_reused,False,False,0,0.0,6a929f8c017cb98de67ddac706b2e3802b447dc78a35824dd65c45df6f89958b,True,,,1,0,309.218434,1075.338791,6,4156,4,4128
20260726_formal4t4_reuse_intensive_Ideal_rep2,2,Ideal,Ideal,29,reuse_intensive:rep2:req29,reuse_intensive,0,3,0,L0003,4096,1,0;1;2;3,False,1789720719.4002502,4096,4096,4096,19.73118829727173,False,False,False,False,4096,0.0,4,4,4128.0,False,cache_reused,False,False,0,0.0,a081aa81060d417da1719515af3af9f436f75d4100d99e0a05c159013b5b22ba,True,,,1,0,290.688375,1007.898062,6,4156,4,4128
20260726_formal4t4_reuse_intensive_Ideal_rep2,2,Ideal,Ideal,30,reuse_intensive:rep2:req30,reuse_intensive,0,41,0,L0041,4096,2,,False,1789720719.4002776,0,0,0,,False,False,False,False,0,0.0,0,0,32.0,False,cache_miss,False,False,0,0.0,6cdd8b4ae9a10b5fc097d606c97953fc408fa71d8e8ae230ed87e0c9227f1517,True,,,1,0,7864.810219,8565.867612,6,4156,4,32
20260726_formal4t4_reuse_intensive_Ideal_rep2,2,Ideal,Ideal,31,reuse_intensive:rep2:req31,reuse_intensive,0,18,0,L0018,4096,3,,False,1789720719.400302,0,0,0,,False,False,False,False,0,0.0,0,0,32.0,False,cache_miss,False,False,0,0.0,0bbf5775ca43151f7a611c57f36c0b05ff29b3ebe04fba94e32a7323a35b60b2,True,,,1,0,8758.240621,9493.398324,6,4156,4,32
20260726_formal4t4_reuse_intensive_Ideal_rep2,2,Ideal,Ideal,32,reuse_intensive:rep2:req32,reuse_intensive,0,0,2,L0000,4096,2,0;1;2;3,False,1789720728.89769,4096,4096,4096,29.228649616241455,False,False,False,False,4096,0.0,4,4,4128.0,False,cache_reused,False,False,0,0.0,b4e07b6ddc6feb56db2ef8cf0604643015c86449e51a5c67283b9ac5be416613,True,,,1,0,293.953741,1014.829814,6,4156,4,4128
20260726_formal4t4_reuse_intensive_Ideal_rep2,2,Ideal,Ideal,33,reuse_intensive:rep2:req33,reuse_intensive,0,7,0,L0007,4096,0,0;1;2;3,False,1789720728.8977394,4096,4096,4096,103.27412223815918,False,False,False,False,4096,0.0,4,4,4128.0,False,cache_reused,False,False,0,0.0,7de60c73814700eb71065a6c48c77c2a6bed634de25d8d622549ece279e7dace,True,,,1,0,471.453135,1263.256598,6,4156,4,4128
20260726_formal4t4_reuse_intensive_Ideal_rep2,2,Ideal,Ideal,34,reuse_intensive:rep2:req34,reuse_intensive,0,0,0,L0000,4096,1,0;1;2;3,False,1789720728.8977761,4096,4096,4096,173.9715440273285,False,False,False,False,4096,0.0,4,4,4128.0,False,cache_reused,False,False,0,0.0,2bd11a5c4d56fb228f4ee1b9012aea127a9fd50266b02d70614edfee078e0e98,True,,,1,0,439.333315,1168.803032,6,4156,4,4128
20260726_formal4t4_reuse_intensive_Ideal_rep2,2,Ideal,Ideal,35,reuse_intensive:rep2:req35,reuse_intensive,0,5,0,L0005,4096,3,0;1;2;3,False,1789720728.8978071,4096,4096,4096,123.36213445663452,False,False,False,False,4096,0.0,4,4,4128.0,False,cache_reused,False,False,0,0.0,27dbe1abeef726bed4f86de6ddc0f74aaea26897d871b72e5b616c1d1e3e0614,True,,,1,0,325.793609,1129.285915,6,4156,4,4128
20260726_formal4t4_reuse_intensive_Ideal_rep2,2,Ideal,Ideal,36,reuse_intensive:rep2:req36,reuse_intensive,0,6,0,L0006,4096,2,0;1;2;3,False,1789720730.1635652,4096,4096,4096,114.5031852722168,False,False,False,False,4096,0.0,4,4,4128.0,False,cache_reused,False,False,0,0.0,0e046203cbc5bb54f74e511ad866d607d763ac55af35f24e0d6197988bdcf5aa,True,,,1,0,298.394949,1030.750524,6,4156,4,4128
20260726_formal4t4_reuse_intensive_Ideal_rep2,2,Ideal,Ideal,37,reuse_intensive:rep2:req37,reuse_intensive,0,5,1,L0005,4096,3,0;1;2;3,False,1789720730.1636164,4096,4096,4096,0.0003960132598876953,False,False,False,False,4096,0.0,4,4,4128.0,False,cache_reused,False,False,0,0.0,5773d5f0d4c9937ecc6ad4b1918e84f10a6a789191adf5005a1f2454f837f9d4,True,,,1,0,320.247309,1114.101144,6,4156,4,4128
20260726_formal4t4_reuse_intensive_Ideal_rep2,2,Ideal,Ideal,38,reuse_intensive:rep2:req38,reuse_intensive,0,46,0,L0046,4096,0,,False,1789720730.163646,0,0,0,,False,False,False,False,0,0.0,0,0,32.0,False,cache_miss,False,False,0,0.0,4356b3d9c2e0d807e0005ff45a7d5fdff694df04d51c44848f3364c61243c070,True,,,1,0,8801.73821,9581.073897,6,4156,4,32
20260726_formal4t4_reuse_intensive_Ideal_rep2,2,Ideal,Ideal,39,reuse_intensive:rep2:req39,reuse_intensive,0,4,1,L0004,4096,1,0;1;2;3,False,1789720730.163682,4096,4096,4096,135.43488669395447,False,False,False,False,4096,0.0,4,4,4128.0,False,cache_reused,False,False,0,0.0,05a3259f83a98d0dfcf47c849119b9ec8418548b5f405fb7b0205163290510ef,True,,,1,0,291.871936,1010.552574,6,4156,4,4128
20260726_formal4t4_reuse_intensive_Ideal_rep2,2,Ideal,Ideal,40,reuse_intensive:rep2:req40,reuse_intensive,0,37,0,L0037,4096,1,,False,1789720739.748018,0,0,0,,False,False,False,False,0,0.0,0,0,32.0,False,cache_miss,False,False,0,0.0,21890b6615364f94e0cef7475db622a09dfa413aac8ca52ff7ba5565b1bec533,True,,,1,0,8416.90066,9133.422407,6,4156,4,32
20260726_formal4t4_reuse_intensive_Ideal_rep2,2,Ideal,Ideal,41,reuse_intensive:rep2:req41,reuse_intensive,0,0,1,L0000,4096,3,0;1;2;3,False,1789720739.7480743,4096,4096,4096,20.348236799240112,False,False,False,False,4096,0.0,4,4,4128.0,False,cache_reused,False,False,0,0.0,a719b6172119f5b251f97c4d7f38cfd343267f43626958f46db3bce2db9208d5,True,,,1,0,499.401142,1290.558132,6,4156,4,4128
20260726_formal4t4_reuse_intensive_Ideal_rep2,2,Ideal,Ideal,42,reuse_intensive:rep2:req42,reuse_intensive,0,4,2,L0004,4096,0,0;1;2;3,False,1789720739.748116,4096,4096,4096,20.3493013381958,False,False,False,False,4096,0.0,4,4,4128.0,False,cache_reused,False,False,0,0.0,b3f6a90c74b79e72fc624c4c0eb5d779d3b368e8bf801098b965543b2e374686,True,,,1,0,312.180825,1088.219411,6,4156,4,4128
20260726_formal4t4_reuse_intensive_Ideal_rep2,2,Ideal,Ideal,43,reuse_intensive:rep2:req43,reuse_intensive,0,11,1,L0011,4096,2,0;1;2;3,False,1789720739.7481494,4096,4096,4096,80.72173309326172,False,False,False,False,4096,0.0,4,4,4128.0,False,cache_reused,False,False,0,0.0,d14791b9d2471e0ba5ff7868c3c1b228e79ee223a8feb7f126d054b23f1a1686,True,,,1,0,496.009525,1282.915933,6,4156,4,4128
20260726_formal4t4_reuse_intensive_Ideal_rep2,2,Ideal,Ideal,44,reuse_intensive:rep2:req44,reuse_intensive,0,0,2,L0000,4096,0,0;1;2;3,False,1789720748.8832066,4096,4096,4096,30.738309860229492,False,False,False,False,4096,0.0,4,4,4128.0,False,cache_reused,False,False,0,0.0,69e8302bc1193c79131405628c9a03ede503970687f2a02c89e9cd86a02b7e41,True,,,1,0,467.892416,1242.144837,6,4156,4,4128
20260726_formal4t4_reuse_intensive_Ideal_rep2,2,Ideal,Ideal,45,reuse_intensive:rep2:req45,reuse_intensive,0,8,2,L0008,4096,2,0;1;2;3,False,1789720748.8832576,4096,4096,4096,39.72873854637146,False,False,False,False,4096,0.0,4,4,4128.0,False,cache_reused,False,False,0,0.0,04971248bde84c97f429f681cd81ae01a7114635037df12a0701a50aa4b7af2c,True,,,1,0,447.810395,1184.971377,6,4156,4,4128
20260726_formal4t4_reuse_intensive_Ideal_rep2,2,Ideal,Ideal,46,reuse_intensive:rep2:req46,reuse_intensive,0,8,0,L0008,4096,1,0;1;2;3,False,1789720748.883297,4096,4096,4096,113.4406361579895,False,False,False,False,4096,0.0,4,4,4128.0,False,cache_reused,False,False,0,0.0,743a2c79258073148edfb1ee886a0f958286aa6afe0a2490fad544d842335ae0,True,,,1,0,307.035485,1067.731244,6,4156,4,4128
20260726_formal4t4_reuse_intensive_Ideal_rep2,2,Ideal,Ideal,47,reuse_intensive:rep2:req47,reuse_intensive,0,1,1,L0001,4096,3,0;1;2;3,False,1789720748.883328,4096,4096,4096,59.741841077804565,False,False,False,False,4096,0.0,4,4,4128.0,False,cache_reused,False,False,0,0.0,18aed6c264e4c978d231739e13759859b912361815c2d7e4725fbebb7a330839,True,,,1,0,444.608935,1175.649335,6,4156,4,4128
20260726_formal4t4_reuse_intensive_Ideal_rep2,2,Ideal,Ideal,48,reuse_intensive:rep2:req48,reuse_intensive,0,28,0,L0028,4096,0,,False,1789720750.1270576,0,0,0,,False,False,False,False,0,0.0,0,0,32.0,False,cache_miss,False,False,0,0.0,e4af0add15ea5b9e2b717d8c9cd109e5c822e44f61ecf6cb0b18abd8fe1f1242,True,,,1,0,8900.522291,9711.554491,6,4156,4,32
20260726_formal4t4_reuse_intensive_Ideal_rep2,2,Ideal,Ideal,49,reuse_intensive:rep2:req49,reuse_intensive,0,7,1,L0007,4096,3,0;1;2;3,False,1789720750.1271126,4096,4096,4096,124.5034773349762,False,False,False,False,4096,0.0,4,4,4128.0,False,cache_reused,False,False,0,0.0,c92db257f19a81d34a95bd32dbd1be364ad4cb3484dbdce9bd2813665ad13716,True,,,1,0,291.277469,1002.558543,6,4156,4,4128
20260726_formal4t4_reuse_intensive_Ideal_rep2,2,Ideal,Ideal,50,reuse_intensive:rep2:req50,reuse_intensive,0,17,0,L0017,4096,2,,False,1789720750.127143,0,0,0,,False,False,False,False,0,0.0,0,0,32.0,False,cache_miss,False,False,0,0.0,576e18df224c98f845c0525303f0f2dd8a42f8c845aab55945c7230e1413b0da,True,,,1,0,7631.626242,8318.224482,6,4156,4,32
20260726_formal4t4_reuse_intensive_Ideal_rep2,2,Ideal,Ideal,51,reuse_intensive:rep2:req51,reuse_intensive,0,27,0,L0027,4096,1,,False,1789720750.1271784,0,0,0,,False,False,False,False,0,0.0,0,0,32.0,False,cache_miss,False,False,0,0.0,52cdad49ad5968956658177e5f0173eee75ae2cabd1bbe597bb1d0a63930b624,True,,,1,0,8168.840702,8900.041101,6,4156,4,32
20260726_formal4t4_reuse_intensive_Ideal_rep2,2,Ideal,Ideal,52,reuse_intensive:rep2:req52,reuse_intensive,0,8,1,L0008,4096,1,0;1;2;3,False,1789720759.8403635,4096,4096,4096,9.713931798934937,False,False,False,False,4096,0.0,4,4,4128.0,False,cache_reused,False,False,0,0.0,f537f36009a30671ffccd4f7bbf8804df42244f510c4491db66f34e3e4560c22,True,,,1,0,306.138759,1062.922551,6,4156,4,4128
20260726_formal4t4_reuse_intensive_Ideal_rep2,2,Ideal,Ideal,53,reuse_intensive:rep2:req53,reuse_intensive,0,0,0,L0000,4096,3,0;1;2;3,False,1789720759.840414,4096,4096,4096,10.958174228668213,False,False,False,False,4096,0.0,4,4,4128.0,False,cache_reused,False,False,0,0.0,d2fdd1a80b87ff551d4b321a1941eb4466ee03b3ecf10b5fe66b29715cba48a2,True,,,1,0,481.494695,1266.050666,6,4156,4,4128
20260726_formal4t4_reuse_intensive_Ideal_rep2,2,Ideal,Ideal,54,reuse_intensive:rep2:req54,reuse_intensive,0,45,0,L0045,4096,2,,False,1789720759.8404424,0,0,0,,False,False,False,False,0,0.0,0,0,32.0,False,cache_miss,False,False,0,0.0,51528aebb6dd494c4d53b946a85ba2c9b4a8164ec627508ccdfedbf9833904b2,True,,,1,0,7812.778701,8492.766322,6,4156,4,32
20260726_formal4t4_reuse_intensive_Ideal_rep2,2,Ideal,Ideal,55,reuse_intensive:rep2:req55,reuse_intensive,0,0,1,L0000,4096,0,0;1;2;3,False,1789720759.8404763,4096,4096,4096,9.714735984802246,False,False,False,False,4096,0.0,4,4,4128.0,False,cache_reused,False,False,0,0.0,9918ef619e5d6b4ce926c75e71bfbb05d0822c1693a71ccf787ac8d06e330a6d,True,,,1,0,312.430659,1089.003293,6,4156,4,4128
20260726_formal4t4_reuse_intensive_Ideal_rep2,2,Ideal,Ideal,56,reuse_intensive:rep2:req56,reuse_intensive,0,0,2,L0000,4096,0,0;1;2;3,False,1789720768.3366404,4096,4096,4096,0.000347137451171875,False,False,False,False,4096,0.0,4,4,4128.0,False,cache_reused,False,False,0,0.0,0d5376bfe05cdb84ff3fa0c893b0195cd75430be746c8e29f89ad11e147f9a10,True,,,1,0,459.861186,1241.836623,6,4156,4,4128
20260726_formal4t4_reuse_intensive_Ideal_rep2,2,Ideal,Ideal,57,reuse_intensive:rep2:req57,reuse_intensive,0,1,2,L0001,4096,1,0;1;2;3,False,1789720768.3366907,4096,4096,4096,79.19517970085144,False,False,False,False,4096,0.0,4,4,4128.0,False,cache_reused,False,False,0,0.0,6d17156c563b19c1d6be8f47ef7fcb820bb0e94053300212cc99e6300dd8af31,True,,,1,0,435.190878,1177.915814,6,4156,4,4128
20260726_formal4t4_reuse_intensive_Ideal_rep2,2,Ideal,Ideal,58,reuse_intensive:rep2:req58,reuse_intensive,0,0,0,L0000,4096,2,0;1;2;3,False,1789720768.3367264,4096,4096,4096,38.17448163032532,False,False,False,False,4096,0.0,4,4,4128.0,False,cache_reused,False,False,0,0.0,3939f69e1c794be81b65b392f0e439cdd7e96bd678267fe51390cfdaf4eb41ce,True,,,1,0,293.217807,1010.706187,6,4156,4,4128
20260726_formal4t4_reuse_intensive_Ideal_rep2,2,Ideal,Ideal,59,reuse_intensive:rep2:req59,reuse_intensive,0,1,0,L0001,4096,3,0;1;2;3,False,1789720768.336757,4096,4096,4096,18.210027933120728,False,False,False,False,4096,0.0,4,4,4128.0,False,cache_reused,False,False,0,0.0,a5f568b7f28682329c05aaf45d0cac0320acae31410875d54035c0aba4db37f0,True,,,1,0,439.774015,1172.962786,6,4156,4,4128
20260726_formal4t4_reuse_intensive_Ideal_rep2,2,Ideal,Ideal,60,reuse_intensive:rep2:req60,reuse_intensive,1,64,0,L0064,4096,0,,False,1789720769.580212,0,0,0,,False,False,False,False,0,0.0,0,0,32.0,False,cache_miss,False,False,0,0.0,b0c91a0e6ff8ec07ff78419431719b81c4c3fdb1adefc21b17c16ec441fe4452,True,,,1,0,9413.248277,10246.220185,6,4156,4,32
20260726_formal4t4_reuse_intensive_Ideal_rep2,2,Ideal,Ideal,61,reuse_intensive:rep2:req61,reuse_intensive,1,64,1,L0064,4096,2,,False,1789720769.5802488,0,0,0,,False,False,False,False,0,0.0,0,0,32.0,False,cache_miss,False,False,0,0.0,c0d2aa803f3f779674f6e83504123acf95df53ac9e20246561263364d53bb2b0,True,,,1,0,8711.938079,9459.294821,6,4156,4,32
20260726_formal4t4_reuse_intensive_Ideal_rep2,2,Ideal,Ideal,62,reuse_intensive:rep2:req62,reuse_intensive,1,65,0,L0065,4096,1,,False,1789720769.5802739,0,0,0,,False,False,False,False,0,0.0,0,0,32.0,False,cache_miss,False,False,0,0.0,dd286ab3add8340bd46ccdfd3d36d97d6a8bbcd83043d3cc5a9615b4ef62f415,True,,,1,0,8316.197501,9019.053683,6,4156,4,32
20260726_formal4t4_reuse_intensive_Ideal_rep2,2,Ideal,Ideal,63,reuse_intensive:rep2:req63,reuse_intensive,1,64,2,L0064,4096,3,,False,1789720769.5802968,0,0,0,,False,False,False,False,0,0.0,0,0,32.0,False,cache_miss,False,False,0,0.0,9175987cb4ecc78e5aa0881845471775bfc8920cce94aecef78a03aff9889f91,True,,,1,0,8612.922229,9343.216283,6,4156,4,32
20260726_formal4t4_reuse_intensive_Ideal_rep2,2,Ideal,Ideal,64,reuse_intensive:rep2:req64,reuse_intensive,1,87,0,L0087,4096,0,,False,1789720779.828201,0,0,0,,False,False,False,False,0,0.0,0,0,32.0,False,cache_miss,False,False,0,0.0,c83a0b3a4fe3e9403fe46690aa7cc8bb8b5e384385eef87765cf965ff74ae669,True,,,1,0,8900.573047,9675.418507,6,4156,4,32
20260726_formal4t4_reuse_intensive_Ideal_rep2,2,Ideal,Ideal,65,reuse_intensive:rep2:req65,reuse_intensive,1,70,0,L0070,4096,3,,False,1789720779.8282378,0,0,0,,False,False,False,False,0,0.0,0,0,32.0,False,cache_miss,False,False,0,0.0,5d4c85c8a4e2f06a5e591c7ace9e1822813246599d3e671f2947dc669771d3f3,True,,,1,0,9607.631479,10393.237204,6,4156,4,32
20260726_formal4t4_reuse_intensive_Ideal_rep2,2,Ideal,Ideal,66,reuse_intensive:rep2:req66,reuse_intensive,1,65,1,L0065,4096,1,1,False,1789720779.828278,4096,4096,4096,0.0007064342498779297,False,False,False,False,4096,0.0,1,1,4128.0,False,cache_reused,False,False,0,0.0,1d72219649b19ceba59b2ba8987e5640beb8dd62d314ac5134ab74afb9251676,True,,,1,0,288.843181,994.574336,6,4156,4,4128
20260726_formal4t4_reuse_intensive_Ideal_rep2,2,Ideal,Ideal,67,reuse_intensive:rep2:req67,reuse_intensive,1,64,0,L0064,4096,2,0;2;3,False,1789720779.8283179,4096,4096,4096,0.0010509490966796875,False,False,False,False,4096,0.0,3,3,4128.0,False,cache_reused,False,False,0,0.0,6291dc2e656fa095a5b7e5e91c6dce191f2db4f87603d52e98aaa0cc7a3af976,True,,,1,0,304.095273,1055.501125,6,4156,4,4128
20260726_formal4t4_reuse_intensive_Ideal_rep2,2,Ideal,Ideal,68,reuse_intensive:rep2:req68,reuse_intensive,1,72,0,L0072,4096,2,,False,1789720790.2240653,0,0,0,,False,False,False,False,0,0.0,0,0,32.0,False,cache_miss,False,False,0,0.0,09baa0bfd743a006e65ff0cf116b932f19597feb42d6ee719695c06a204b9221,True,,,1,0,8369.628289,9078.80547,6,4156,4,32
20260726_formal4t4_reuse_intensive_Ideal_rep2,2,Ideal,Ideal,69,reuse_intensive:rep2:req69,reuse_intensive,1,65,2,L0065,4096,1,1,True,1789720790.224117,4096,4096,4096,0.0006880760192871094,False,False,False,False,4096,81.92,1,1,4128.0,True,cache_reused,False,False,0,0.0,a0859e2da8c4100a18c6d9806872752921dd77206455b0484ced61306f35499d,True,,,1,0,419.94232,1126.156338,6,4156,4,4128
20260726_formal4t4_reuse_intensive_Ideal_rep2,2,Ideal,Ideal,70,reuse_intensive:rep2:req70,reuse_intensive,1,64,1,L0064,4096,3,0;2;3,False,1789720790.224169,4096,4096,4096,10.396302700042725,False,False,False,False,4096,0.0,3,3,4128.0,False,cache_reused,False,False,0,0.0,38980a11beb4f1b8f8b667a1ac64c5ad34f9ecae635d8b8b778e595e1ad37e64,True,,,1,0,295.1178,1022.17881,6,4156,4,4128
20260726_formal4t4_reuse_intensive_Ideal_rep2,2,Ideal,Ideal,71,reuse_intensive:rep2:req71,reuse_intensive,1,80,0,L0080,4096,0,,False,1789720790.224196,0,0,0,,False,False,False,False,0,0.0,0,0,32.0,False,cache_miss,False,False,0,0.0,bfcde8cf72383144cfeff9c069cba3cd8cc4f1d3a71ea67299533f1ce0ae5575,True,,,1,0,9579.998199,10409.18312,6,4156,4,32
20260726_formal4t4_reuse_intensive_Ideal_rep2,2,Ideal,Ideal,72,reuse_intensive:rep2:req72,reuse_intensive,1,79,0,L0079,4096,0,,False,1789720800.637686,0,0,0,,False,False,False,False,0,0.0,0,0,32.0,False,cache_miss,False,False,0,0.0,2f8a25609e9f80b8f736be69ef0c3fbbfcaa7a03fe6d016b6ff3fa4edf44c365,True,,,1,0,9980.960417,11509.569372,6,4156,4,32
20260726_formal4t4_reuse_intensive_Ideal_rep2,2,Ideal,Ideal,73,reuse_intensive:rep2:req73,reuse_intensive,1,72,1,L0072,4096,2,2,True,1789720800.6377368,4096,4096,4096,0.0013692378997802734,False,False,False,False,4096,81.92,1,1,4128.0,True,cache_reused,False,False,0,0.0,f4f74f2f4efdd866ea83d07e2c9a3f23887f8254af653a1bba33fd3d8c7116ba,True,,,1,0,287.083597,990.011798,6,4156,4,4128
20260726_formal4t4_reuse_intensive_Ideal_rep2,2,Ideal,Ideal,74,reuse_intensive:rep2:req74,reuse_intensive,1,69,0,L0069,4096,3,,False,1789720800.6377668,0,0,0,,False,False,False,False,0,0.0,0,0,32.0,False,cache_miss,False,False,0,0.0,2f0b21b785893667b46081776cc15381013dcb31bb00d7ba5d2737bcfdf645c6,True,,,1,0,8368.756589,9084.964052,6,4156,4,32
20260726_formal4t4_reuse_intensive_Ideal_rep2,2,Ideal,Ideal,75,reuse_intensive:rep2:req75,reuse_intensive,1,64,2,L0064,4096,0,0;2;3,True,1789720800.6378043,4096,4096,4096,20.810997009277344,False,False,False,False,4096,79.92,3,3,4128.0,True,cache_reused,False,False,0,0.0,2bb9a180da5d95c0b8136915e108bc9ccd7382c22fc128440f148ec380163b91,True,,,1,0,9978.192627,11506.702433,6,4156,4,4128
20260726_formal4t4_reuse_intensive_Ideal_rep2,2,Ideal,Ideal,76,reuse_intensive:rep2:req76,reuse_intensive,1,65,0,L0065,4096,1,1,True,1789720812.1489832,4096,4096,4096,11.512250661849976,False,False,False,False,4096,81.92,1,1,4128.0,True,cache_reused,False,False,0,0.0,9254dbcba878c10329b5dd69c6505c5008c3c7264b45dfe0ad99ed174cc932ff,True,,,1,0,467.988657,1243.222443,6,4156,4,4128
20260726_formal4t4_reuse_intensive_Ideal_rep2,2,Ideal,Ideal,77,reuse_intensive:rep2:req77,reuse_intensive,1,64,0,L0064,4096,0,0;2;3,False,1789720812.1490388,4096,4096,4096,0.00040221214294433594,False,False,False,False,4096,0.0,3,3,4128.0,False,cache_reused,False,False,0,0.0,ef1c2624114a3659476767b1d50df8337a62048c6bbd76547b46407e9499cb74,True,,,1,0,348.505169,1189.692898,6,4156,4,4128
20260726_formal4t4_reuse_intensive_Ideal_rep2,2,Ideal,Ideal,78,reuse_intensive:rep2:req78,reuse_intensive,1,65,1,L0065,4096,1,1,True,1789720812.1490762,4096,4096,4096,11.512343645095825,False,False,False,False,4096,79.92,1,1,4128.0,True,cache_reused,False,False,0,0.0,001affb5cd99abe5f3530efdee3d29ee449e9016512dac734206d9e7d743f9d6,True,,,1,0,725.406215,1478.008429,6,4156,4,4128
20260726_formal4t4_reuse_intensive_Ideal_rep2,2,Ideal,Ideal,79,reuse_intensive:rep2:req79,reuse_intensive,1,64,1,L0064,4096,2,0;2;3,False,1789720812.149111,4096,4096,4096,21.925378561019897,False,False,False,False,4096,0.0,3,3,4128.0,False,cache_reused,False,False,0,0.0,03f067b95eed4a741ca55a13f832acae3953a91362be908192da8cd5cc82c2fe,True,,,1,0,449.629921,1204.66247,6,4156,4,4128
20260726_formal4t4_reuse_intensive_Ideal_rep2,2,Ideal,Ideal,80,reuse_intensive:rep2:req80,reuse_intensive,1,73,0,L0073,4096,2,,False,1789720813.6305518,0,0,0,,False,False,False,False,0,0.0,0,0,32.0,False,cache_miss,False,False,0,0.0,5a49bf714154ae1985d53bae2253b7dec5653261359d2dcd67c97f703b1f8a0b,True,,,1,0,8773.443628,9519.054449,6,4156,4,32
20260726_formal4t4_reuse_intensive_Ideal_rep2,2,Ideal,Ideal,81,reuse_intensive:rep2:req81,reuse_intensive,1,68,0,L0068,4096,1,,False,1789720813.6305885,0,0,0,,False,False,False,False,0,0.0,0,0,32.0,False,cache_miss,False,False,0,0.0,a81c1a7de2202f1070d0c8bb695bfb035c9269e90c75e1f43e9fb9405fe847e7,True,,,1,0,8636.935159,9986.769501,6,4156,4,32
20260726_formal4t4_reuse_intensive_Ideal_rep2,2,Ideal,Ideal,82,reuse_intensive:rep2:req82,reuse_intensive,1,70,1,L0070,4096,3,3,True,1789720813.6306272,4096,4096,4096,23.4075288772583,False,False,False,False,4096,81.92,1,1,4128.0,True,cache_reused,False,False,0,0.0,4cb48522f80ed9a5c95712cf169c90f8575217bc57d7b6109e86954be0797625,True,,,1,0,472.146216,1258.787884,6,4156,4,4128
20260726_formal4t4_reuse_intensive_Ideal_rep2,2,Ideal,Ideal,83,reuse_intensive:rep2:req83,reuse_intensive,1,65,2,L0065,4096,1,1,True,1789720813.6306624,4096,4096,4096,0.0007486343383789062,False,False,False,False,4096,79.92,1,1,4128.0,True,cache_reused,False,False,0,0.0,dcfc229c6c869ef0697581f7b8007bad4166d237418ec69f0265177b2ca5eb18,True,,,1,0,8635.599543,9985.509752,6,4156,4,4128
20260726_formal4t4_reuse_intensive_Ideal_rep2,2,Ideal,Ideal,84,reuse_intensive:rep2:req84,reuse_intensive,1,66,0,L0066,4096,0,,False,1789720823.620144,0,0,0,,False,False,False,False,0,0.0,0,0,32.0,False,cache_miss,False,False,0,0.0,0048385b4f46601237d9dbe49de8bb5d8d5537a558d8b05db39f4e8331894c04,True,,,1,0,9087.250089,9835.952335,6,4156,4,32
20260726_formal4t4_reuse_intensive_Ideal_rep2,2,Ideal,Ideal,85,reuse_intensive:rep2:req85,reuse_intensive,1,64,2,L0064,4096,2,0;2;3,False,1789720823.6202126,4096,4096,4096,9.989991426467896,False,False,False,False,4096,0.0,3,3,4128.0,False,cache_reused,False,False,0,0.0,99bd9763abc3d961c7b2e4b880c74a9daf67883dd6857eac94fd88299a1e0514,True,,,1,0,300.434646,1044.700067,6,4156,4,4128
20260726_formal4t4_reuse_intensive_Ideal_rep2,2,Ideal,Ideal,86,reuse_intensive:rep2:req86,reuse_intensive,1,83,0,L0083,4096,3,,False,1789720823.6202426,0,0,0,,False,False,False,False,0,0.0,0,0,32.0,False,cache_miss,False,False,0,0.0,c0611baa5661f2ead9d104b37e14ddbaf41eca0b236093de919419c6699c8df3,True,,,1,0,9040.204155,9789.240208,6,4156,4,32
20260726_formal4t4_reuse_intensive_Ideal_rep2,2,Ideal,Ideal,87,reuse_intensive:rep2:req87,reuse_intensive,1,67,0,L0067,4096,1,,False,1789720823.620265,0,0,0,,False,False,False,False,0,0.0,0,0,32.0,False,cache_miss,False,False,0,0.0,e71afca171d19fd1db6dbd192899376279e13f6e2f3df39bb5cf3435dfc94434,True,,,1,0,7900.438515,8573.769012,6,4156,4,32
20260726_formal4t4_reuse_intensive_Ideal_rep2,2,Ideal,Ideal,88,reuse_intensive:rep2:req88,reuse_intensive,1,71,0,L0071,4096,1,,False,1789720833.4577937,0,0,0,,False,False,False,False,0,0.0,0,0,32.0,False,cache_miss,False,False,0,0.0,b0bb1bece2a0412cbfac29c9d30b279283a0c0c458d24902b79fe6890c8bc645,True,,,1,0,8625.008382,9346.625661,6,4156,4,32
20260726_formal4t4_reuse_intensive_Ideal_rep2,2,Ideal,Ideal,89,reuse_intensive:rep2:req89,reuse_intensive,1,75,0,L0075,4096,0,,False,1789720833.4578302,0,0,0,,False,False,False,False,0,0.0,0,0,32.0,False,cache_miss,False,False,0,0.0,772d72650628f02ad6eec8e62a16af661022af8db3a66af6f2af53b225b84a6e,True,,,1,0,8981.94806,9757.853666,6,4156,4,32
20260726_formal4t4_reuse_intensive_Ideal_rep2,2,Ideal,Ideal,90,reuse_intensive:rep2:req90,reuse_intensive,1,95,0,L0095,4096,3,,False,1789720833.4578552,0,0,0,,False,False,False,False,0,0.0,0,0,32.0,False,cache_miss,False,False,0,0.0,704afde6acf2a93c95cd4e29ad3513ba1f384999eab4e468ac66938bc708e2de,True,,,1,0,8548.3567,9258.772872,6,4156,4,32
20260726_formal4t4_reuse_intensive_Ideal_rep2,2,Ideal,Ideal,91,reuse_intensive:rep2:req91,reuse_intensive,1,75,1,L0075,4096,2,,False,1789720833.4578767,0,0,0,,False,False,False,False,0,0.0,0,0,32.0,False,cache_miss,False,False,0,0.0,8790a1e4bf110f5807a24cf49a2163ca2524087bb6fc34769a444ab839864f75,True,,,1,0,7606.805514,8247.618356,6,4156,4,32
20260726_formal4t4_reuse_intensive_Ideal_rep2,2,Ideal,Ideal,92,reuse_intensive:rep2:req92,reuse_intensive,1,68,1,L0068,4096,1,1,False,1789720843.218231,4096,4096,4096,19.59903073310852,False,False,False,False,4096,0.0,1,1,4128.0,False,cache_reused,False,False,0,0.0,01b44cda087ca5a3d5ae408eaf8732950f20c7735f57d158500b7555aa976af3,True,,,1,0,289.985466,1642.883134,6,4156,4,4128
20260726_formal4t4_reuse_intensive_Ideal_rep2,2,Ideal,Ideal,93,reuse_intensive:rep2:req93,reuse_intensive,1,64,0,L0064,4096,3,0;2;3,False,1789720843.218283,4096,4096,4096,42.58123850822449,False,False,False,False,4096,0.0,3,3,4128.0,False,cache_reused,False,False,0,0.0,faa22180ad2cfcc5a7d3b97f469ba28273009a914635f406134d6fe67fc403fc,True,,,1,0,272.176423,994.086277,6,4156,4,4128
20260726_formal4t4_reuse_intensive_Ideal_rep2,2,Ideal,Ideal,94,reuse_intensive:rep2:req94,reuse_intensive,1,65,0,L0065,4096,1,1,True,1789720843.2183213,4096,4096,4096,19.5985050201416,False,False,False,False,4096,79.92,1,1,4128.0,True,cache_reused,False,False,0,0.0,591fe289704a6594a8460085091e29ee90bc5e8b8dc6374a8abd07e016285c74,True,,,1,0,740.12431,1876.663623,6,4156,4,4128
20260726_formal4t4_reuse_intensive_Ideal_rep2,2,Ideal,Ideal,95,reuse_intensive:rep2:req95,reuse_intensive,1,89,0,L0089,4096,2,,False,1789720843.2183483,0,0,0,,False,False,False,False,0,0.0,0,0,32.0,False,cache_miss,False,False,0,0.0,f6e80547aea87f72d5458eecd4c67ef3593753c80ef7abc1d8a1de9078d84fbb,True,,,1,0,7785.509733,8479.357028,6,4156,4,32
20260726_formal4t4_reuse_intensive_Ideal_rep2,2,Ideal,Ideal,96,reuse_intensive:rep2:req96,reuse_intensive,1,104,0,L0104,4096,0,,False,1789720851.701905,0,0,0,,False,False,False,False,0,0.0,0,0,16.0,False,cache_miss,False,False,0,0.0,7ac0df6113e0081096089c95504aebc9cd473e23e8e27110941bcc837e11de98,True,,,1,0,9523.729156,10931.046073,6,4156,4,16
20260726_formal4t4_reuse_intensive_Ideal_rep2,2,Ideal,Ideal,97,reuse_intensive:rep2:req97,reuse_intensive,1,66,1,L0066,4096,0,0,True,1789720851.7019546,4096,4096,4096,18.245468854904175,False,False,False,False,4096,79.92,1,1,4128.0,True,cache_reused,False,False,0,0.0,71db7bccedfcd84fe141752cd2979e2dba0d357242fba44b5568231d10955840,True,,,1,0,9522.568866,10929.76263,6,4156,4,4128
20260726_formal4t4_reuse_intensive_Ideal_rep2,2,Ideal,Ideal,98,reuse_intensive:rep2:req98,reuse_intensive,1,67,1,L0067,4096,1,1,True,1789720851.701992,4096,4096,4096,18.244521379470825,False,False,False,False,4096,81.92,1,1,4128.0,True,cache_reused,False,False,0,0.0,ae3d3244927e8d4068feed0e2d9fb776ba767b79e67d93d9886050b21138ba27,True,,,1,0,411.929853,1088.610241,6,4156,4,4128
20260726_formal4t4_reuse_intensive_Ideal_rep2,2,Ideal,Ideal,99,reuse_intensive:rep2:req99,reuse_intensive,1,64,1,L0064,4096,3,0;2;3,False,1789720851.702032,4096,4096,4096,0.0010814666748046875,False,False,False,False,4096,0.0,3,3,4128.0,False,cache_reused,False,False,0,0.0,23a31b807ec2dd68be582353118dea9d5161ad5ab7cd036ff47bb72f59afe1c7,True,,,1,0,456.531201,1194.509051,6,4156,4,4128
20260726_formal4t4_reuse_intensive_Ideal_rep2,2,Ideal,Ideal,100,reuse_intensive:rep2:req100,reuse_intensive,1,64,2,L0064,4096,3,0;2;3,False,1789720862.6346853,4096,4096,4096,0.0003466606140136719,False,False,False,False,4096,0.0,3,3,4128.0,False,cache_reused,False,False,0,0.0,e34312590e84f1a84a82c24a5b06170ebb08a7f6eba8f7b99071f133fefc97ca,True,,,1,0,444.891737,1173.887705,6,4157,4,4128
20260726_formal4t4_reuse_intensive_Ideal_rep2,2,Ideal,Ideal,101,reuse_intensive:rep2:req101,reuse_intensive,1,80,1,L0080,4096,0,0,True,1789720862.6347344,4096,4096,4096,61.99737763404846,False,False,False,False,4096,81.92,1,1,4128.0,True,cache_reused,False,False,0,0.0,1144029e74b461de7abb6c275f21cbd5d29862381e2f151d19a105be4c0d6a71,True,,,1,0,329.829696,1155.370668,6,4157,4,4128
20260726_formal4t4_reuse_intensive_Ideal_rep2,2,Ideal,Ideal,102,reuse_intensive:rep2:req102,reuse_intensive,1,64,0,L0064,4096,2,0;2;3,False,1789720862.6347718,4096,4096,4096,29.17792773246765,False,False,False,False,4096,0.0,3,3,4128.0,False,cache_reused,False,False,0,0.0,82ca59a7b0c02d0c20132dcd0b6bc186fd16b0cc43c167922f478c0fa40113a3,True,,,1,0,445.487607,1198.724936,6,4157,4,4128
20260726_formal4t4_reuse_intensive_Ideal_rep2,2,Ideal,Ideal,103,reuse_intensive:rep2:req103,reuse_intensive,1,71,1,L0071,4096,1,1,False,1789720862.6348019,4096,4096,4096,19.41790509223938,False,False,False,False,4096,0.0,1,1,4128.0,False,cache_reused,False,False,0,0.0,3c4b575bfdd98c0e5e172320877ed873cc6f457d474185f45d75facdd14acd1f,True,,,1,0,451.321036,1165.730351,6,4157,4,4128
20260726_formal4t4_reuse_intensive_Ideal_rep2,2,Ideal,Ideal,104,reuse_intensive:rep2:req104,reuse_intensive,1,65,1,L0065,4096,1,1,True,1789720863.8369887,4096,4096,4096,12.135717630386353,False,False,False,False,4096,81.92,1,1,4128.0,True,cache_reused,False,False,0,0.0,133c2e3fc5449891a4b4ac6028f4e59d1845659305ad19da00223316c7f3fc87,True,,,1,0,289.387918,995.388653,6,4157,4,4128
20260726_formal4t4_reuse_intensive_Ideal_rep2,2,Ideal,Ideal,105,reuse_intensive:rep2:req105,reuse_intensive,1,64,1,L0064,4096,0,0;2;3,False,1789720863.8370411,4096,4096,4096,50.20743536949158,False,False,False,False,4096,0.0,3,3,4128.0,False,cache_reused,False,False,0,0.0,86e0c8e6db327b29beb62106dd0464eaabe1cb991f803143ac67c544fc16db3b,True,,,1,0,332.497024,1170.74844,6,4157,4,4128
20260726_formal4t4_reuse_intensive_Ideal_rep2,2,Ideal,Ideal,106,reuse_intensive:rep2:req106,reuse_intensive,1,64,2,L0064,4096,3,0;2;3,False,1789720863.8370795,4096,4096,4096,0.0014371871948242188,False,False,False,False,4096,0.0,3,3,4128.0,False,cache_reused,False,False,0,0.0,4b7b0dff13c277779fca33a3300d3741e383d13b93d994cc9602eb0070c82620,True,,,1,0,275.577739,1011.246414,6,4157,4,4128
20260726_formal4t4_reuse_intensive_Ideal_rep2,2,Ideal,Ideal,107,reuse_intensive:rep2:req107,reuse_intensive,1,64,0,L0064,4096,2,0;2;3,False,1789720863.8371096,4096,4096,4096,0.0007786750793457031,False,False,False,False,4096,0.0,3,3,4128.0,False,cache_reused,False,False,0,0.0,2c6da140a8dec1db5c35971f97ae2c472298db94dd49abe5cac885b23f3eeccf,True,,,1,0,279.380557,1025.342394,6,4157,4,4128
20260726_formal4t4_reuse_intensive_Ideal_rep2,2,Ideal,Ideal,108,reuse_intensive:rep2:req108,reuse_intensive,1,94,0,L0094,4096,3,,False,1789720865.010348,0,0,0,,False,False,False,False,0,0.0,0,0,32.0,False,cache_miss,False,False,0,0.0,c49842c706eae19c3bdf91446731af4628327891c776a0a7e629dd135af0b144,True,,,1,0,8656.397312,10024.894252,6,4157,4,32
20260726_formal4t4_reuse_intensive_Ideal_rep2,2,Ideal,Ideal,109,reuse_intensive:rep2:req109,reuse_intensive,1,77,0,L0077,4096,1,,False,1789720865.0103846,0,0,0,,False,False,False,False,0,0.0,0,0,32.0,False,cache_miss,False,False,0,0.0,61959889e6c85365109c87ec74acabfbda1bf08aeebac2a26cd547d3957cbfe5,True,,,1,0,8497.555019,9220.65719,6,4157,4,32
20260726_formal4t4_reuse_intensive_Ideal_rep2,2,Ideal,Ideal,110,reuse_intensive:rep2:req110,reuse_intensive,1,66,2,L0066,4096,0,0,True,1789720865.0104241,4096,4096,4096,2.376706838607788,False,False,False,False,4096,81.92,1,1,4128.0,True,cache_reused,False,False,0,0.0,81112315baa604664267cdc63ab1576f9e2c7418f71394a186e43bd53a9cddd1,True,,,1,0,302.549471,1053.657277,6,4157,4,4128
20260726_formal4t4_reuse_intensive_Ideal_rep2,2,Ideal,Ideal,111,reuse_intensive:rep2:req111,reuse_intensive,1,69,1,L0069,4096,3,3,True,1789720865.0104594,4096,4096,4096,52.86211943626404,False,False,False,False,4096,79.92,1,1,4128.0,True,cache_reused,False,False,0,0.0,94879ae75d0ce775daa135f668da19e141739fb19004c4099abc899799543318,True,,,1,0,8653.902744,10022.306061,6,4157,4,4128
20260726_formal4t4_reuse_intensive_Ideal_rep2,2,Ideal,Ideal,112,reuse_intensive:rep2:req112,reuse_intensive,1,114,0,L0114,4096,1,,False,1789720875.0369503,0,0,0,,False,False,False,False,0,0.0,0,0,16.0,False,cache_miss,False,False,0,0.0,5df75f2ae5915f7599385db2e072db610f925d89da491ad7fd5c060b538c1524,True,,,1,0,9337.927186,10126.387647,6,4157,4,16
20260726_formal4t4_reuse_intensive_Ideal_rep2,2,Ideal,Ideal,113,reuse_intensive:rep2:req113,reuse_intensive,1,64,1,L0064,4096,2,0;2;3,False,1789720875.0370061,4096,4096,4096,10.026995420455933,False,False,False,False,4096,0.0,3,3,4128.0,False,cache_reused,False,False,0,0.0,ab26322c46052b7ab56ab614728165373a346d294fc38ece35700d591b407ca8,True,,,1,0,468.147127,1223.863012,6,4157,4,4128
20260726_formal4t4_reuse_intensive_Ideal_rep2,2,Ideal,Ideal,114,reuse_intensive:rep2:req114,reuse_intensive,1,103,0,L0103,4096,0,,False,1789720875.0370371,0,0,0,,False,False,False,False,0,0.0,0,0,32.0,False,cache_miss,False,False,0,0.0,9bc3c7bdcb9b5950df5a2f171008c052c8f034ec36fe5884d55b36e4ae43f361,True,,,1,0,9723.63576,10555.740072,6,4157,4,32
20260726_formal4t4_reuse_intensive_Ideal_rep2,2,Ideal,Ideal,115,reuse_intensive:rep2:req115,reuse_intensive,1,82,0,L0082,4096,3,,False,1789720875.0370595,0,0,0,,False,False,False,False,0,0.0,0,0,32.0,False,cache_miss,False,False,0,0.0,09ea332208e57098fbff657083e50397e97795d19642f13fe05daa7b7b910543,True,,,1,0,9124.496058,9874.483864,6,4157,4,32
20260726_formal4t4_reuse_intensive_Ideal_rep2,2,Ideal,Ideal,116,reuse_intensive:rep2:req116,reuse_intensive,1,64,2,L0064,4096,2,0;2;3,False,1789720885.596276,4096,4096,4096,0.0009646415710449219,False,False,False,False,4096,0.0,3,3,4128.0,False,cache_reused,False,False,0,0.0,5ac3cda04f26be6154ab908268e70ee91bc6d5f2346def18df442694926eeb35,True,,,1,0,465.246826,1216.503646,6,4157,4,4128
20260726_formal4t4_reuse_intensive_Ideal_rep2,2,Ideal,Ideal,117,reuse_intensive:rep2:req117,reuse_intensive,1,66,0,L0066,4096,0,0,True,1789720885.596326,4096,4096,4096,10.560012578964233,False,False,False,False,4096,81.92,1,1,4128.0,True,cache_reused,False,False,0,0.0,95cdf9e3a79585f7d6785fc7a9ae83c8923dd012f75a54fc55313710e26904f9,True,,,1,0,300.034498,1045.46964,6,4157,4,4128
20260726_formal4t4_reuse_intensive_Ideal_rep2,2,Ideal,Ideal,118,reuse_intensive:rep2:req118,reuse_intensive,1,65,2,L0065,4096,1,1,False,1789720885.5963619,4096,4096,4096,20.587337970733643,False,False,False,False,4096,0.0,1,1,4128.0,False,cache_reused,False,False,0,0.0,98eb36c386a9e44833bf0c1d4cc2500b451ba9dd53ed819b85ddaa2fb0184783,True,,,1,0,289.542629,995.629056,6,4157,4,4128
20260726_formal4t4_reuse_intensive_Ideal_rep2,2,Ideal,Ideal,119,reuse_intensive:rep2:req119,reuse_intensive,1,90,0,L0090,4096,3,,False,1789720885.5963888,0,0,0,,False,False,False,False,0,0.0,0,0,32.0,False,cache_miss,False,False,0,0.0,ce1c426130c95867e973976b61c67aa5611bf48071b2a82c32fb6a7cffeb42ec,True,,,1,0,8997.805241,9720.610873,6,4157,4,32
20260726_formal4t4_reuse_intensive_StaticSemantic@rho1.2_rep2,2,StaticSemantic@rho1.2,StaticSemantic,24,reuse_intensive:rep2:req24,reuse_intensive,0,4,0,L0004,4096,3,0;3,True,1789721075.7354434,4096,4096,4096,128.95980405807495,False,False,False,False,4096,81.92,2,2,4128.0,True,cache_reused,False,False,0,0.0,4d4c6eb1e44b7b2c6cfa1680a93053f8c25b7c0cb6e39498f52f26c607765254,True,,,1,0,285.201149,1707.544685,6,4156,4,4128
20260726_formal4t4_reuse_intensive_StaticSemantic@rho1.2_rep2,2,StaticSemantic@rho1.2,StaticSemantic,25,reuse_intensive:rep2:req25,reuse_intensive,0,2,1,L0002,4096,0,0;3,True,1789721075.7354968,4096,4096,4096,149.08300828933716,False,False,False,False,4096,81.92,2,2,4128.0,True,cache_reused,False,False,0,0.0,b47c30dee413d3fb4b2adc5fe2f9493706a74cb07cc1e32a091537804cd7ad27,True,,,1,0,471.410619,1254.787453,6,4156,4,4128
20260726_formal4t4_reuse_intensive_StaticSemantic@rho1.2_rep2,2,StaticSemantic@rho1.2,StaticSemantic,26,reuse_intensive:rep2:req26,reuse_intensive,0,2,2,L0002,4096,3,0;3,True,1789721075.7355318,4096,4096,4096,149.08287286758423,False,False,False,False,4096,79.92,2,2,4128.0,True,cache_reused,False,False,0,0.0,78d2e5dbaf79438cd5314c83a44fa9c7ca5100c99c5d21259ee0845ba6cde124,True,,,1,0,760.394733,1941.738044,6,4156,4,4128
20260726_formal4t4_reuse_intensive_StaticSemantic@rho1.2_rep2,2,StaticSemantic@rho1.2,StaticSemantic,27,reuse_intensive:rep2:req27,reuse_intensive,0,0,1,L0000,4096,1,0;1,False,1789721075.7355635,4096,4096,4096,169.43885254859924,False,False,False,False,4096,0.0,2,2,4128.0,False,cache_reused,False,False,0,0.0,1299095cb034f5b2781964a9fc89a6df403e0b9eda7c170c31fc9a046ed99f7b,True,,,1,0,436.567556,1166.555826,6,4156,4,4128
20260726_formal4t4_reuse_intensive_StaticSemantic@rho1.2_rep2,2,StaticSemantic@rho1.2,StaticSemantic,28,reuse_intensive:rep2:req28,reuse_intensive,0,12,0,L0012,4096,3,0;3,True,1789721077.6812048,4096,4096,4096,56.157625913619995,False,False,False,False,4096,81.92,2,2,4128.0,True,cache_reused,False,False,0,0.0,6a929f8c017cb98de67ddac706b2e3802b447dc78a35824dd65c45df6f89958b,True,,,1,0,278.042959,960.824048,6,4156,4,4128
20260726_formal4t4_reuse_intensive_StaticSemantic@rho1.2_rep2,2,StaticSemantic@rho1.2,StaticSemantic,29,reuse_intensive:rep2:req29,reuse_intensive,0,3,0,L0003,4096,0,0;3,True,1789721077.6812565,4096,4096,4096,141.2047016620636,False,False,False,False,4096,81.92,2,2,4128.0,True,cache_reused,False,False,0,0.0,a081aa81060d417da1719515af3af9f436f75d4100d99e0a05c159013b5b22ba,True,,,1,0,289.419414,997.475983,6,4156,4,4128
20260726_formal4t4_reuse_intensive_StaticSemantic@rho1.2_rep2,2,StaticSemantic@rho1.2,StaticSemantic,30,reuse_intensive:rep2:req30,reuse_intensive,0,41,0,L0041,4096,1,,False,1789721077.6812866,0,0,0,,False,False,False,False,0,0.0,0,0,32.0,False,cache_miss,False,False,0,0.0,6cdd8b4ae9a10b5fc097d606c97953fc408fa71d8e8ae230ed87e0c9227f1517,True,,,1,0,8090.959871,8811.784031,6,4156,4,32
20260726_formal4t4_reuse_intensive_StaticSemantic@rho1.2_rep2,2,StaticSemantic@rho1.2,StaticSemantic,31,reuse_intensive:rep2:req31,reuse_intensive,0,18,0,L0018,4096,2,,False,1789721077.6813123,0,0,0,,False,False,False,False,0,0.0,0,0,32.0,False,cache_miss,False,False,0,0.0,0bbf5775ca43151f7a611c57f36c0b05ff29b3ebe04fba94e32a7323a35b60b2,True,,,1,0,8389.099135,9112.8808,6,4156,4,32
20260726_formal4t4_reuse_intensive_StaticSemantic@rho1.2_rep2,2,StaticSemantic@rho1.2,StaticSemantic,32,reuse_intensive:rep2:req32,reuse_intensive,0,0,2,L0000,4096,0,0;1,False,1789721086.798577,4096,4096,4096,180.501944065094,False,False,False,False,4096,0.0,2,2,4128.0,False,cache_reused,False,False,0,0.0,b4e07b6ddc6feb56db2ef8cf0604643015c86449e51a5c67283b9ac5be416613,True,,,1,0,468.781895,1224.80794,6,4156,4,4128
20260726_formal4t4_reuse_intensive_StaticSemantic@rho1.2_rep2,2,StaticSemantic@rho1.2,StaticSemantic,33,reuse_intensive:rep2:req33,reuse_intensive,0,7,0,L0007,4096,3,0;3,True,1789721086.79863,4096,4096,4096,109.16434383392334,False,False,False,False,4096,81.92,2,2,4128.0,True,cache_reused,False,False,0,0.0,7de60c73814700eb71065a6c48c77c2a6bed634de25d8d622549ece279e7dace,True,,,1,0,441.851006,1188.853139,6,4156,4,4128
20260726_formal4t4_reuse_intensive_StaticSemantic@rho1.2_rep2,2,StaticSemantic@rho1.2,StaticSemantic,34,reuse_intensive:rep2:req34,reuse_intensive,0,0,0,L0000,4096,1,0;1,False,1789721086.798667,4096,4096,4096,180.50195598602295,False,False,False,False,4096,0.0,2,2,4128.0,False,cache_reused,False,False,0,0.0,2bd11a5c4d56fb228f4ee1b9012aea127a9fd50266b02d70614edfee078e0e98,True,,,1,0,297.960572,1029.119321,6,4156,4,4128
20260726_formal4t4_reuse_intensive_StaticSemantic@rho1.2_rep2,2,StaticSemantic@rho1.2,StaticSemantic,35,reuse_intensive:rep2:req35,reuse_intensive,0,5,0,L0005,4096,2,0;2,False,1789721086.7986965,4096,4096,4096,129.73171377182007,False,False,False,False,4096,0.0,2,2,4128.0,False,cache_reused,False,False,0,0.0,27dbe1abeef726bed4f86de6ddc0f74aaea26897d871b72e5b616c1d1e3e0614,True,,,1,0,302.291347,1044.690715,6,4156,4,4128
20260726_formal4t4_reuse_intensive_StaticSemantic@rho1.2_rep2,2,StaticSemantic@rho1.2,StaticSemantic,36,reuse_intensive:rep2:req36,reuse_intensive,0,6,0,L0006,4096,0,0;3,False,1789721088.0254018,4096,4096,4096,120.86362504959106,False,False,False,False,4096,0.0,2,2,4128.0,False,cache_reused,False,False,0,0.0,0e046203cbc5bb54f74e511ad866d607d763ac55af35f24e0d6197988bdcf5aa,True,,,1,0,301.219802,1045.405531,6,4156,4,4128
20260726_formal4t4_reuse_intensive_StaticSemantic@rho1.2_rep2,2,StaticSemantic@rho1.2,StaticSemantic,37,reuse_intensive:rep2:req37,reuse_intensive,0,5,1,L0005,4096,2,0;2,True,1789721088.0254536,4096,4096,4096,130.95847082138062,False,False,False,False,4096,81.92,2,2,4128.0,True,cache_reused,False,False,0,0.0,5773d5f0d4c9937ecc6ad4b1918e84f10a6a789191adf5005a1f2454f837f9d4,True,,,1,0,298.492335,1037.707433,6,4156,4,4128
20260726_formal4t4_reuse_intensive_StaticSemantic@rho1.2_rep2,2,StaticSemantic@rho1.2,StaticSemantic,38,reuse_intensive:rep2:req38,reuse_intensive,0,46,0,L0046,4096,1,,False,1789721088.0254827,0,0,0,,False,False,False,False,0,0.0,0,0,32.0,False,cache_miss,False,False,0,0.0,4356b3d9c2e0d807e0005ff45a7d5fdff694df04d51c44848f3364c61243c070,True,,,1,0,8218.432347,8938.625231,6,4156,4,32
20260726_formal4t4_reuse_intensive_StaticSemantic@rho1.2_rep2,2,StaticSemantic@rho1.2,StaticSemantic,39,reuse_intensive:rep2:req39,reuse_intensive,0,4,1,L0004,4096,3,0;3,False,1789721088.025518,4096,4096,4096,141.24987864494324,False,False,False,False,4096,0.0,2,2,4128.0,False,cache_reused,False,False,0,0.0,05a3259f83a98d0dfcf47c849119b9ec8418548b5f405fb7b0205163290510ef,True,,,1,0,285.167946,1027.567212,6,4156,4,4128
20260726_formal4t4_reuse_intensive_StaticSemantic@rho1.2_rep2,2,StaticSemantic@rho1.2,StaticSemantic,40,reuse_intensive:rep2:req40,reuse_intensive,0,37,0,L0037,4096,3,,False,1789721096.9677138,0,0,0,,False,False,False,False,0,0.0,0,0,32.0,False,cache_miss,False,False,0,0.0,21890b6615364f94e0cef7475db622a09dfa413aac8ca52ff7ba5565b1bec533,True,,,1,0,9302.066471,10706.456788,6,4156,4,32
20260726_formal4t4_reuse_intensive_StaticSemantic@rho1.2_rep2,2,StaticSemantic@rho1.2,StaticSemantic,41,reuse_intensive:rep2:req41,reuse_intensive,0,0,1,L0000,4096,0,0;1,False,1789721096.967768,4096,4096,4096,190.67113494873047,False,False,False,False,4096,0.0,2,2,4128.0,False,cache_reused,False,False,0,0.0,a719b6172119f5b251f97c4d7f38cfd343267f43626958f46db3bce2db9208d5,True,,,1,0,452.257866,1215.571431,6,4156,4,4128
20260726_formal4t4_reuse_intensive_StaticSemantic@rho1.2_rep2,2,StaticSemantic@rho1.2,StaticSemantic,42,reuse_intensive:rep2:req42,reuse_intensive,0,4,2,L0004,4096,3,0;3,True,1789721096.9678085,4096,4096,4096,150.19216918945312,False,False,False,False,4096,79.92,2,2,4128.0,True,cache_reused,False,False,0,0.0,b3f6a90c74b79e72fc624c4c0eb5d779d3b368e8bf801098b965543b2e374686,True,,,1,0,9300.409365,10704.85413,6,4156,4,4128
20260726_formal4t4_reuse_intensive_StaticSemantic@rho1.2_rep2,2,StaticSemantic@rho1.2,StaticSemantic,43,reuse_intensive:rep2:req43,reuse_intensive,0,11,1,L0011,4096,1,0;1,False,1789721096.967842,4096,4096,4096,85.25103759765625,False,False,False,False,4096,0.0,2,2,4128.0,False,cache_reused,False,False,0,0.0,d14791b9d2471e0ba5ff7868c3c1b228e79ee223a8feb7f126d054b23f1a1686,True,,,1,0,278.944625,959.004663,6,4156,4,4128
20260726_formal4t4_reuse_intensive_StaticSemantic@rho1.2_rep2,2,StaticSemantic@rho1.2,StaticSemantic,44,reuse_intensive:rep2:req44,reuse_intensive,0,0,2,L0000,4096,1,0;1,True,1789721107.6764922,4096,4096,4096,201.3797812461853,False,False,False,False,4096,81.92,2,2,4128.0,True,cache_reused,False,False,0,0.0,69e8302bc1193c79131405628c9a03ede503970687f2a02c89e9cd86a02b7e41,True,,,1,0,450.87729,1184.840858,6,4156,4,4128
20260726_formal4t4_reuse_intensive_StaticSemantic@rho1.2_rep2,2,StaticSemantic@rho1.2,StaticSemantic,45,reuse_intensive:rep2:req45,reuse_intensive,0,8,2,L0008,4096,3,0;3,False,1789721107.6765442,4096,4096,4096,119.70180130004883,False,False,False,False,4096,0.0,2,2,4128.0,False,cache_reused,False,False,0,0.0,04971248bde84c97f429f681cd81ae01a7114635037df12a0701a50aa4b7af2c,True,,,1,0,310.818942,1725.497667,6,4156,4,4128
20260726_formal4t4_reuse_intensive_StaticSemantic@rho1.2_rep2,2,StaticSemantic@rho1.2,StaticSemantic,46,reuse_intensive:rep2:req46,reuse_intensive,0,8,0,L0008,4096,0,0;3,False,1789721107.6765811,4096,4096,4096,119.701908826828,False,False,False,False,4096,0.0,2,2,4128.0,False,cache_reused,False,False,0,0.0,743a2c79258073148edfb1ee886a0f958286aa6afe0a2490fad544d842335ae0,True,,,1,0,495.229104,1280.975949,6,4156,4,4128
20260726_formal4t4_reuse_intensive_StaticSemantic@rho1.2_rep2,2,StaticSemantic@rho1.2,StaticSemantic,47,reuse_intensive:rep2:req47,reuse_intensive,0,1,1,L0001,4096,3,0;3,True,1789721107.676613,4096,4096,4096,191.1380877494812,False,False,False,False,4096,79.92,2,2,4128.0,True,cache_reused,False,False,0,0.0,18aed6c264e4c978d231739e13759859b912361815c2d7e4725fbebb7a330839,True,,,1,0,784.40969,1971.565686,6,4156,4,4128
20260726_formal4t4_reuse_intensive_StaticSemantic@rho1.2_rep2,2,StaticSemantic@rho1.2,StaticSemantic,48,reuse_intensive:rep2:req48,reuse_intensive,0,28,0,L0028,4096,2,,False,1789721109.6529343,0,0,0,,False,False,False,False,0,0.0,0,0,32.0,False,cache_miss,False,False,0,0.0,e4af0add15ea5b9e2b717d8c9cd109e5c822e44f61ecf6cb0b18abd8fe1f1242,True,,,1,0,8029.039843,8725.06291,6,4156,4,32
20260726_formal4t4_reuse_intensive_StaticSemantic@rho1.2_rep2,2,StaticSemantic@rho1.2,StaticSemantic,49,reuse_intensive:rep2:req49,reuse_intensive,0,7,1,L0007,4096,0,0;3,False,1789721109.652991,4096,4096,4096,132.01890468597412,False,False,False,False,4096,0.0,2,2,4128.0,False,cache_reused,False,False,0,0.0,c92db257f19a81d34a95bd32dbd1be364ad4cb3484dbdce9bd2813665ad13716,True,,,1,0,308.489195,1068.480044,6,4156,4,4128
20260726_formal4t4_reuse_intensive_StaticSemantic@rho1.2_rep2,2,StaticSemantic@rho1.2,StaticSemantic,50,reuse_intensive:rep2:req50,reuse_intensive,0,17,0,L0017,4096,3,,False,1789721109.6530223,0,0,0,,False,False,False,False,0,0.0,0,0,32.0,False,cache_miss,False,False,0,0.0,576e18df224c98f845c0525303f0f2dd8a42f8c845aab55945c7230e1413b0da,True,,,1,0,8510.523325,9234.457006,6,4156,4,32
20260726_formal4t4_reuse_intensive_StaticSemantic@rho1.2_rep2,2,StaticSemantic@rho1.2,StaticSemantic,51,reuse_intensive:rep2:req51,reuse_intensive,0,27,0,L0027,4096,1,,False,1789721109.6530452,0,0,0,,False,False,False,False,0,0.0,0,0,32.0,False,cache_miss,False,False,0,0.0,52cdad49ad5968956658177e5f0173eee75ae2cabd1bbe597bb1d0a63930b624,True,,,1,0,8653.487694,9376.365728,6,4156,4,32
20260726_formal4t4_reuse_intensive_StaticSemantic@rho1.2_rep2,2,StaticSemantic@rho1.2,StaticSemantic,52,reuse_intensive:rep2:req52,reuse_intensive,0,8,1,L0008,4096,3,0;3,False,1789721119.0340288,4096,4096,4096,131.05928587913513,False,False,False,False,4096,0.0,2,2,4128.0,False,cache_reused,False,False,0,0.0,f537f36009a30671ffccd4f7bbf8804df42244f510c4491db66f34e3e4560c22,True,,,1,0,302.283796,1050.229584,6,4156,4,4128
20260726_formal4t4_reuse_intensive_StaticSemantic@rho1.2_rep2,2,StaticSemantic@rho1.2,StaticSemantic,53,reuse_intensive:rep2:req53,reuse_intensive,0,0,0,L0000,4096,0,0;1,False,1789721119.0340798,4096,4096,4096,212.73744678497314,False,False,False,False,4096,0.0,2,2,4128.0,False,cache_reused,False,False,0,0.0,d2fdd1a80b87ff551d4b321a1941eb4466ee03b3ecf10b5fe66b29715cba48a2,True,,,1,0,452.751813,1207.282382,6,4156,4,4128
20260726_formal4t4_reuse_intensive_StaticSemantic@rho1.2_rep2,2,StaticSemantic@rho1.2,StaticSemantic,54,reuse_intensive:rep2:req54,reuse_intensive,0,45,0,L0045,4096,2,,False,1789721119.0341086,0,0,0,,False,False,False,False,0,0.0,0,0,32.0,False,cache_miss,False,False,0,0.0,51528aebb6dd494c4d53b946a85ba2c9b4a8164ec627508ccdfedbf9833904b2,True,,,1,0,7627.598472,8292.722792,6,4156,4,32
20260726_formal4t4_reuse_intensive_StaticSemantic@rho1.2_rep2,2,StaticSemantic@rho1.2,StaticSemantic,55,reuse_intensive:rep2:req55,reuse_intensive,0,0,1,L0000,4096,1,0;1,False,1789721119.0341408,4096,4096,4096,212.73742985725403,False,False,False,False,4096,0.0,2,2,4128.0,False,cache_reused,False,False,0,0.0,9918ef619e5d6b4ce926c75e71bfbb05d0822c1693a71ccf787ac8d06e330a6d,True,,,1,0,298.382797,1032.166137,6,4156,4,4128
20260726_formal4t4_reuse_intensive_StaticSemantic@rho1.2_rep2,2,StaticSemantic@rho1.2,StaticSemantic,56,reuse_intensive:rep2:req56,reuse_intensive,0,0,2,L0000,4096,1,0;1,True,1789721127.3306942,4096,4096,4096,221.03398323059082,False,False,False,False,4096,81.92,2,2,4128.0,True,cache_reused,False,False,0,0.0,0d5376bfe05cdb84ff3fa0c893b0195cd75430be746c8e29f89ad11e147f9a10,True,,,1,0,469.610873,1195.679002,6,4156,4,4128
20260726_formal4t4_reuse_intensive_StaticSemantic@rho1.2_rep2,2,StaticSemantic@rho1.2,StaticSemantic,57,reuse_intensive:rep2:req57,reuse_intensive,0,1,2,L0001,4096,3,0;3,True,1789721127.3307428,4096,4096,4096,210.79221749305725,False,False,False,False,4096,81.92,2,2,4128.0,True,cache_reused,False,False,0,0.0,6d17156c563b19c1d6be8f47ef7fcb820bb0e94053300212cc99e6300dd8af31,True,,,1,0,474.649571,1280.250983,6,4156,4,4128
20260726_formal4t4_reuse_intensive_StaticSemantic@rho1.2_rep2,2,StaticSemantic@rho1.2,StaticSemantic,58,reuse_intensive:rep2:req58,reuse_intensive,0,0,0,L0000,4096,0,0;1,False,1789721127.330779,4096,4096,4096,221.03414607048035,False,False,False,False,4096,0.0,2,2,4128.0,False,cache_reused,False,False,0,0.0,3939f69e1c794be81b65b392f0e439cdd7e96bd678267fe51390cfdaf4eb41ce,True,,,1,0,487.197175,1252.97519,6,4156,4,4128
20260726_formal4t4_reuse_intensive_StaticSemantic@rho1.2_rep2,2,StaticSemantic@rho1.2,StaticSemantic,59,reuse_intensive:rep2:req59,reuse_intensive,0,1,0,L0001,4096,3,0;3,True,1789721127.3308096,4096,4096,4096,210.7922842502594,False,False,False,False,4096,79.92,2,2,4128.0,True,cache_reused,False,False,0,0.0,a5f568b7f28682329c05aaf45d0cac0320acae31410875d54035c0aba4db37f0,True,,,1,0,746.168808,1526.565903,6,4156,4,4128
20260726_formal4t4_reuse_intensive_StaticSemantic@rho1.2_rep2,2,StaticSemantic@rho1.2,StaticSemantic,60,reuse_intensive:rep2:req60,reuse_intensive,1,64,0,L0064,4096,2,,False,1789721128.86199,0,0,0,,False,False,False,False,0,0.0,0,0,32.0,False,cache_miss,False,False,0,0.0,b0c91a0e6ff8ec07ff78419431719b81c4c3fdb1adefc21b17c16ec441fe4452,True,,,1,0,8051.729699,8753.927357,6,4156,4,32
20260726_formal4t4_reuse_intensive_StaticSemantic@rho1.2_rep2,2,StaticSemantic@rho1.2,StaticSemantic,61,reuse_intensive:rep2:req61,reuse_intensive,1,64,1,L0064,4096,3,,False,1789721128.8620305,0,0,0,,False,False,False,False,0,0.0,0,0,32.0,False,cache_miss,False,False,0,0.0,c0d2aa803f3f779674f6e83504123acf95df53ac9e20246561263364d53bb2b0,True,,,1,0,9701.544707,10505.240905,6,4156,4,32
20260726_formal4t4_reuse_intensive_StaticSemantic@rho1.2_rep2,2,StaticSemantic@rho1.2,StaticSemantic,62,reuse_intensive:rep2:req62,reuse_intensive,1,65,0,L0065,4096,0,,False,1789721128.8620563,0,0,0,,False,False,False,False,0,0.0,0,0,32.0,False,cache_miss,False,False,0,0.0,dd286ab3add8340bd46ccdfd3d36d97d6a8bbcd83043d3cc5a9615b4ef62f415,True,,,1,0,9335.946079,10149.358205,6,4156,4,32
20260726_formal4t4_reuse_intensive_StaticSemantic@rho1.2_rep2,2,StaticSemantic@rho1.2,StaticSemantic,63,reuse_intensive:rep2:req63,reuse_intensive,1,64,2,L0064,4096,1,,False,1789721128.8620777,0,0,0,,False,False,False,False,0,0.0,0,0,32.0,False,cache_miss,False,False,0,0.0,9175987cb4ecc78e5aa0881845471775bfc8920cce94aecef78a03aff9889f91,True,,,1,0,8629.434232,9374.996606,6,4156,4,32
20260726_formal4t4_reuse_intensive_StaticSemantic@rho1.2_rep2,2,StaticSemantic@rho1.2,StaticSemantic,64,reuse_intensive:rep2:req64,reuse_intensive,1,87,0,L0087,4096,2,,False,1789721139.3702388,0,0,0,,False,False,False,False,0,0.0,0,0,32.0,False,cache_miss,False,False,0,0.0,c83a0b3a4fe3e9403fe46690aa7cc8bb8b5e384385eef87765cf965ff74ae669,True,,,1,0,8151.712581,8825.390823,6,4156,4,32
20260726_formal4t4_reuse_intensive_StaticSemantic@rho1.2_rep2,2,StaticSemantic@rho1.2,StaticSemantic,65,reuse_intensive:rep2:req65,reuse_intensive,1,70,0,L0070,4096,0,,False,1789721139.3702776,0,0,0,,False,False,False,False,0,0.0,0,0,32.0,False,cache_miss,False,False,0,0.0,5d4c85c8a4e2f06a5e591c7ace9e1822813246599d3e671f2947dc669771d3f3,True,,,1,0,8807.168894,9599.093333,6,4156,4,32
20260726_formal4t4_reuse_intensive_StaticSemantic@rho1.2_rep2,2,StaticSemantic@rho1.2,StaticSemantic,66,reuse_intensive:rep2:req66,reuse_intensive,1,65,1,L0065,4096,1,,False,1789721139.3703036,4096,0,0,243.04202151298523,True,True,False,False,0,0.0,0,0,32.0,False,cache_miss,False,False,0,0.0,1d72219649b19ceba59b2ba8987e5640beb8dd62d314ac5134ab74afb9251676,True,,,1,0,8845.497284,9593.195802,6,4156,4,32
20260726_formal4t4_reuse_intensive_StaticSemantic@rho1.2_rep2,2,StaticSemantic@rho1.2,StaticSemantic,67,reuse_intensive:rep2:req67,reuse_intensive,1,64,0,L0064,4096,3,,False,1789721139.3703277,4096,0,0,243.04204559326172,True,True,False,False,0,0.0,0,0,4128.0,False,cache_reused,False,False,0,0.0,6291dc2e656fa095a5b7e5e91c6dce191f2db4f87603d52e98aaa0cc7a3af976,True,,,1,0,320.987362,1119.782079,6,4156,4,4128
20260726_formal4t4_reuse_intensive_StaticSemantic@rho1.2_rep2,2,StaticSemantic@rho1.2,StaticSemantic,68,reuse_intensive:rep2:req68,reuse_intensive,1,72,0,L0072,4096,2,,False,1789721148.972283,0,0,0,,False,False,False,False,0,0.0,0,0,32.0,False,cache_miss,False,False,0,0.0,09baa0bfd743a006e65ff0cf116b932f19597feb42d6ee719695c06a204b9221,True,,,1,0,9192.92799,9966.127771,6,4156,4,32
20260726_formal4t4_reuse_intensive_StaticSemantic@rho1.2_rep2,2,StaticSemantic@rho1.2,StaticSemantic,69,reuse_intensive:rep2:req69,reuse_intensive,1,65,2,L0065,4096,1,,False,1789721148.9723237,4096,0,0,252.64404153823853,True,True,False,False,0,0.0,0,0,4128.0,False,cache_reused,False,False,0,0.0,a0859e2da8c4100a18c6d9806872752921dd77206455b0484ced61306f35499d,True,,,1,0,304.900006,1058.035732,6,4156,4,4128
20260726_formal4t4_reuse_intensive_StaticSemantic@rho1.2_rep2,2,StaticSemantic@rho1.2,StaticSemantic,70,reuse_intensive:rep2:req70,reuse_intensive,1,64,1,L0064,4096,0,,False,1789721148.972354,4096,0,0,252.64407181739807,True,True,False,False,0,0.0,0,0,32.0,False,cache_miss,False,False,0,0.0,38980a11beb4f1b8f8b667a1ac64c5ad34f9ecae635d8b8b778e595e1ad37e64,True,,,1,0,8365.772204,9117.999041,6,4156,4,32
20260726_formal4t4_reuse_intensive_StaticSemantic@rho1.2_rep2,2,StaticSemantic@rho1.2,StaticSemantic,71,reuse_intensive:rep2:req71,reuse_intensive,1,80,0,L0080,4096,3,,False,1789721148.972379,0,0,0,,False,False,False,False,0,0.0,0,0,32.0,False,cache_miss,False,False,0,0.0,bfcde8cf72383144cfeff9c069cba3cd8cc4f1d3a71ea67299533f1ce0ae5575,True,,,1,0,9586.46953,10354.247614,6,4156,4,32
20260726_formal4t4_reuse_intensive_StaticSemantic@rho1.2_rep2,2,StaticSemantic@rho1.2,StaticSemantic,72,reuse_intensive:rep2:req72,reuse_intensive,1,79,0,L0079,4096,2,,False,1789721159.331004,0,0,0,,False,False,False,False,0,0.0,0,0,32.0,False,cache_miss,False,False,0,0.0,2f8a25609e9f80b8f736be69ef0c3fbbfcaa7a03fe6d016b6ff3fa4edf44c365,True,,,1,0,8356.123983,9042.953873,6,4156,4,32
20260726_formal4t4_reuse_intensive_StaticSemantic@rho1.2_rep2,2,StaticSemantic@rho1.2,StaticSemantic,73,reuse_intensive:rep2:req73,reuse_intensive,1,72,1,L0072,4096,3,,False,1789721159.331043,4096,0,0,263.002760887146,True,True,False,False,0,0.0,0,0,32.0,False,cache_miss,False,False,0,0.0,f4f74f2f4efdd866ea83d07e2c9a3f23887f8254af653a1bba33fd3d8c7116ba,True,,,1,0,8484.859697,9177.804722,6,4156,4,32
20260726_formal4t4_reuse_intensive_StaticSemantic@rho1.2_rep2,2,StaticSemantic@rho1.2,StaticSemantic,74,reuse_intensive:rep2:req74,reuse_intensive,1,69,0,L0069,4096,0,,False,1789721159.3310723,0,0,0,,False,False,False,False,0,0.0,0,0,32.0,False,cache_miss,False,False,0,0.0,2f0b21b785893667b46081776cc15381013dcb31bb00d7ba5d2737bcfdf645c6,True,,,1,0,9111.824157,9907.498308,6,4156,4,32
20260726_formal4t4_reuse_intensive_StaticSemantic@rho1.2_rep2,2,StaticSemantic@rho1.2,StaticSemantic,75,reuse_intensive:rep2:req75,reuse_intensive,1,64,2,L0064,4096,1,,False,1789721159.3310938,4096,0,0,263.00281167030334,True,True,False,False,0,0.0,0,0,4128.0,False,cache_reused,False,False,0,0.0,2bb9a180da5d95c0b8136915e108bc9ccd7382c22fc128440f148ec380163b91,True,,,1,0,452.850369,1205.252895,6,4156,4,4128
20260726_formal4t4_reuse_intensive_StaticSemantic@rho1.2_rep2,2,StaticSemantic@rho1.2,StaticSemantic,76,reuse_intensive:rep2:req76,reuse_intensive,1,65,0,L0065,4096,2,,False,1789721169.2422879,4096,0,0,272.9140057563782,True,True,False,False,0,0.0,0,0,32.0,False,cache_miss,False,False,0,0.0,9254dbcba878c10329b5dd69c6505c5008c3c7264b45dfe0ad99ed174cc932ff,True,,,1,0,8101.044044,8801.338272,6,4156,4,32
20260726_formal4t4_reuse_intensive_StaticSemantic@rho1.2_rep2,2,StaticSemantic@rho1.2,StaticSemantic,77,reuse_intensive:rep2:req77,reuse_intensive,1,64,0,L0064,4096,0,,False,1789721169.242331,4096,0,0,272.914048910141,True,True,False,False,0,0.0,0,0,4128.0,False,cache_reused,False,False,0,0.0,ef1c2624114a3659476767b1d50df8337a62048c6bbd76547b46407e9499cb74,True,,,1,0,307.882393,1069.380641,6,4156,4,4128
20260726_formal4t4_reuse_intensive_StaticSemantic@rho1.2_rep2,2,StaticSemantic@rho1.2,StaticSemantic,78,reuse_intensive:rep2:req78,reuse_intensive,1,65,1,L0065,4096,1,,False,1789721169.2423594,4096,0,0,272.9140772819519,True,True,False,False,0,0.0,0,0,4128.0,False,cache_reused,False,False,0,0.0,001affb5cd99abe5f3530efdee3d29ee449e9016512dac734206d9e7d743f9d6,True,,,1,0,452.140831,1199.441504,6,4156,4,4128
20260726_formal4t4_reuse_intensive_StaticSemantic@rho1.2_rep2,2,StaticSemantic@rho1.2,StaticSemantic,79,reuse_intensive:rep2:req79,reuse_intensive,1,64,1,L0064,4096,3,,False,1789721169.2423816,4096,0,0,272.91409945487976,True,True,False,False,0,0.0,0,0,4128.0,False,cache_reused,False,False,0,0.0,03f067b95eed4a741ca55a13f832acae3953a91362be908192da8cd5cc82c2fe,True,,,1,0,322.619255,1124.809807,6,4156,4,4128
20260726_formal4t4_reuse_intensive_StaticSemantic@rho1.2_rep2,2,StaticSemantic@rho1.2,StaticSemantic,80,reuse_intensive:rep2:req80,reuse_intensive,1,73,0,L0073,4096,2,,False,1789721178.0456583,0,0,0,,False,False,False,False,0,0.0,0,0,32.0,False,cache_miss,False,False,0,0.0,5a49bf714154ae1985d53bae2253b7dec5653261359d2dcd67c97f703b1f8a0b,True,,,1,0,8344.922354,9075.716448,6,4156,4,32
20260726_formal4t4_reuse_intensive_StaticSemantic@rho1.2_rep2,2,StaticSemantic@rho1.2,StaticSemantic,81,reuse_intensive:rep2:req81,reuse_intensive,1,68,0,L0068,4096,1,,False,1789721178.0456965,0,0,0,,False,False,False,False,0,0.0,0,0,32.0,False,cache_miss,False,False,0,0.0,a81c1a7de2202f1070d0c8bb695bfb035c9269e90c75e1f43e9fb9405fe847e7,True,,,1,0,8637.162879,9365.207458,6,4156,4,32
20260726_formal4t4_reuse_intensive_StaticSemantic@rho1.2_rep2,2,StaticSemantic@rho1.2,StaticSemantic,82,reuse_intensive:rep2:req82,reuse_intensive,1,70,1,L0070,4096,0,,False,1789721178.045721,4096,0,0,281.7174389362335,True,True,False,False,0,0.0,0,0,4128.0,False,cache_reused,False,False,0,0.0,4cb48522f80ed9a5c95712cf169c90f8575217bc57d7b6109e86954be0797625,True,,,1,0,484.67191,1276.33056,6,4156,4,4128
20260726_formal4t4_reuse_intensive_StaticSemantic@rho1.2_rep2,2,StaticSemantic@rho1.2,StaticSemantic,83,reuse_intensive:rep2:req83,reuse_intensive,1,65,2,L0065,4096,3,,False,1789721178.0457454,4096,0,0,281.7174632549286,True,True,False,False,0,0.0,0,0,32.0,False,cache_miss,False,False,0,0.0,dcfc229c6c869ef0697581f7b8007bad4166d237418ec69f0265177b2ca5eb18,True,,,1,0,9024.990154,9757.073534,6,4156,4,32
20260726_formal4t4_reuse_intensive_StaticSemantic@rho1.2_rep2,2,StaticSemantic@rho1.2,StaticSemantic,84,reuse_intensive:rep2:req84,reuse_intensive,1,66,0,L0066,4096,2,,False,1789721187.8075557,0,0,0,,False,False,False,False,0,0.0,0,0,32.0,False,cache_miss,False,False,0,0.0,0048385b4f46601237d9dbe49de8bb5d8d5537a558d8b05db39f4e8331894c04,True,,,1,0,8994.012034,9734.754952,6,4156,4,32
20260726_formal4t4_reuse_intensive_StaticSemantic@rho1.2_rep2,2,StaticSemantic@rho1.2,StaticSemantic,85,reuse_intensive:rep2:req85,reuse_intensive,1,64,2,L0064,4096,3,,False,1789721187.8075936,4096,0,0,291.47931146621704,True,True,False,False,0,0.0,0,0,4128.0,False,cache_reused,False,False,0,0.0,99bd9763abc3d961c7b2e4b880c74a9daf67883dd6857eac94fd88299a1e0514,True,,,1,0,321.640121,1123.128677,6,4156,4,4128
20260726_formal4t4_reuse_intensive_StaticSemantic@rho1.2_rep2,2,StaticSemantic@rho1.2,StaticSemantic,86,reuse_intensive:rep2:req86,reuse_intensive,1,83,0,L0083,4096,0,,False,1789721187.807623,0,0,0,,False,False,False,False,0,0.0,0,0,32.0,False,cache_miss,False,False,0,0.0,c0611baa5661f2ead9d104b37e14ddbaf41eca0b236093de919419c6699c8df3,True,,,1,0,9318.197173,10114.415954,6,4156,4,32
20260726_formal4t4_reuse_intensive_StaticSemantic@rho1.2_rep2,2,StaticSemantic@rho1.2,StaticSemantic,87,reuse_intensive:rep2:req87,reuse_intensive,1,67,0,L0067,4096,1,,False,1789721187.8076441,0,0,0,,False,False,False,False,0,0.0,0,0,32.0,False,cache_miss,False,False,0,0.0,e71afca171d19fd1db6dbd192899376279e13f6e2f3df39bb5cf3435dfc94434,True,,,1,0,7805.386144,8460.372758,6,4156,4,32
20260726_formal4t4_reuse_intensive_StaticSemantic@rho1.2_rep2,2,StaticSemantic@rho1.2,StaticSemantic,88,reuse_intensive:rep2:req88,reuse_intensive,1,71,0,L0071,4096,2,,False,1789721197.9257255,0,0,0,,False,False,False,False,0,0.0,0,0,32.0,False,cache_miss,False,False,0,0.0,b0bb1bece2a0412cbfac29c9d30b279283a0c0c458d24902b79fe6890c8bc645,True,,,1,0,8343.756649,9036.388599,6,4156,4,32
20260726_formal4t4_reuse_intensive_StaticSemantic@rho1.2_rep2,2,StaticSemantic@rho1.2,StaticSemantic,89,reuse_intensive:rep2:req89,reuse_intensive,1,75,0,L0075,4096,0,,False,1789721197.9257627,0,0,0,,False,False,False,False,0,0.0,0,0,32.0,False,cache_miss,False,False,0,0.0,772d72650628f02ad6eec8e62a16af661022af8db3a66af6f2af53b225b84a6e,True,,,1,0,8156.688291,8901.802972,6,4156,4,32
20260726_formal4t4_reuse_intensive_StaticSemantic@rho1.2_rep2,2,StaticSemantic@rho1.2,StaticSemantic,90,reuse_intensive:rep2:req90,reuse_intensive,1,95,0,L0095,4096,1,,False,1789721197.925786,0,0,0,,False,False,False,False,0,0.0,0,0,32.0,False,cache_miss,False,False,0,0.0,704afde6acf2a93c95cd4e29ad3513ba1f384999eab4e468ac66938bc708e2de,True,,,1,0,7957.682062,8650.094624,6,4156,4,32
20260726_formal4t4_reuse_intensive_StaticSemantic@rho1.2_rep2,2,StaticSemantic@rho1.2,StaticSemantic,91,reuse_intensive:rep2:req91,reuse_intensive,1,75,1,L0075,4096,3,,False,1789721197.9258068,0,0,0,,False,False,False,False,0,0.0,0,0,32.0,False,cache_miss,False,False,0,0.0,8790a1e4bf110f5807a24cf49a2163ca2524087bb6fc34769a444ab839864f75,True,,,1,0,9238.1414,9971.603419,6,4156,4,32
20260726_formal4t4_reuse_intensive_StaticSemantic@rho1.2_rep2,2,StaticSemantic@rho1.2,StaticSemantic,92,reuse_intensive:rep2:req92,reuse_intensive,1,68,1,L0068,4096,2,,False,1789721207.9840665,4096,0,0,311.655784368515,True,True,False,False,0,0.0,0,0,32.0,False,cache_miss,False,False,0,0.0,01b44cda087ca5a3d5ae408eaf8732950f20c7735f57d158500b7555aa976af3,True,,,1,0,8612.572254,9356.646548,6,4156,4,32
20260726_formal4t4_reuse_intensive_StaticSemantic@rho1.2_rep2,2,StaticSemantic@rho1.2,StaticSemantic,93,reuse_intensive:rep2:req93,reuse_intensive,1,64,0,L0064,4096,1,,False,1789721207.9840918,4096,0,0,311.6558096408844,True,True,False,False,0,0.0,0,0,4128.0,False,cache_reused,False,False,0,0.0,faa22180ad2cfcc5a7d3b97f469ba28273009a914635f406134d6fe67fc403fc,True,,,1,0,299.920661,1043.6421,6,4156,4,4128
20260726_formal4t4_reuse_intensive_StaticSemantic@rho1.2_rep2,2,StaticSemantic@rho1.2,StaticSemantic,94,reuse_intensive:rep2:req94,reuse_intensive,1,65,0,L0065,4096,0,,False,1789721207.9841075,4096,0,0,311.6558253765106,True,True,False,False,0,0.0,0,0,4128.0,False,cache_reused,False,False,0,0.0,591fe289704a6594a8460085091e29ee90bc5e8b8dc6374a8abd07e016285c74,True,,,1,0,322.109035,1128.640224,6,4156,4,4128
20260726_formal4t4_reuse_intensive_StaticSemantic@rho1.2_rep2,2,StaticSemantic@rho1.2,StaticSemantic,95,reuse_intensive:rep2:req95,reuse_intensive,1,89,0,L0089,4096,3,,False,1789721207.9841218,0,0,0,,False,False,False,False,0,0.0,0,0,32.0,False,cache_miss,False,False,0,0.0,f6e80547aea87f72d5458eecd4c67ef3593753c80ef7abc1d8a1de9078d84fbb,True,,,1,0,8968.96031,9702.825617,6,4156,4,32
20260726_formal4t4_reuse_intensive_StaticSemantic@rho1.2_rep2,2,StaticSemantic@rho1.2,StaticSemantic,96,reuse_intensive:rep2:req96,reuse_intensive,1,104,0,L0104,4096,2,,False,1789721217.6903322,0,0,0,,False,False,False,False,0,0.0,0,0,16.0,False,cache_miss,False,False,0,0.0,7ac0df6113e0081096089c95504aebc9cd473e23e8e27110941bcc837e11de98,True,,,1,0,9059.437177,9801.397325,6,4156,4,16
20260726_formal4t4_reuse_intensive_StaticSemantic@rho1.2_rep2,2,StaticSemantic@rho1.2,StaticSemantic,97,reuse_intensive:rep2:req97,reuse_intensive,1,66,1,L0066,4096,3,,False,1789721217.6903713,4096,0,0,321.3620891571045,True,True,False,False,0,0.0,0,0,32.0,False,cache_miss,False,False,0,0.0,71db7bccedfcd84fe141752cd2979e2dba0d357242fba44b5568231d10955840,True,,,1,0,8670.443373,9397.145389,6,4156,4,32
20260726_formal4t4_reuse_intensive_StaticSemantic@rho1.2_rep2,2,StaticSemantic@rho1.2,StaticSemantic,98,reuse_intensive:rep2:req98,reuse_intensive,1,67,1,L0067,4096,0,,False,1789721217.6903992,4096,0,0,321.36211705207825,True,True,False,False,0,0.0,0,0,32.0,False,cache_miss,False,False,0,0.0,ae3d3244927e8d4068feed0e2d9fb776ba767b79e67d93d9886050b21138ba27,True,,,1,0,9328.395511,10163.956297,6,4156,4,32
20260726_formal4t4_reuse_intensive_StaticSemantic@rho1.2_rep2,2,StaticSemantic@rho1.2,StaticSemantic,99,reuse_intensive:rep2:req99,reuse_intensive,1,64,1,L0064,4096,1,,False,1789721217.6904233,4096,0,0,321.36214113235474,True,True,False,False,0,0.0,0,0,4128.0,False,cache_reused,False,False,0,0.0,23a31b807ec2dd68be582353118dea9d5161ad5ab7cd036ff47bb72f59afe1c7,True,,,1,0,449.111253,1193.134248,6,4156,4,4128
20260726_formal4t4_reuse_intensive_StaticSemantic@rho1.2_rep2,2,StaticSemantic@rho1.2,StaticSemantic,100,reuse_intensive:rep2:req100,reuse_intensive,1,64,2,L0064,4096,2,,False,1789721227.858037,4096,0,0,331.52975487709045,True,True,False,False,0,0.0,0,0,4128.0,False,cache_reused,False,False,0,0.0,e34312590e84f1a84a82c24a5b06170ebb08a7f6eba8f7b99071f133fefc97ca,True,,,1,0,288.94728,990.436837,6,4157,4,4128
20260726_formal4t4_reuse_intensive_StaticSemantic@rho1.2_rep2,2,StaticSemantic@rho1.2,StaticSemantic,101,reuse_intensive:rep2:req101,reuse_intensive,1,80,1,L0080,4096,0,,False,1789721227.858078,4096,0,0,331.52979588508606,True,True,False,False,0,0.0,0,0,32.0,False,cache_miss,False,False,0,0.0,1144029e74b461de7abb6c275f21cbd5d29862381e2f151d19a105be4c0d6a71,True,,,1,0,9677.327393,10519.837845,6,4157,4,32
20260726_formal4t4_reuse_intensive_StaticSemantic@rho1.2_rep2,2,StaticSemantic@rho1.2,StaticSemantic,102,reuse_intensive:rep2:req102,reuse_intensive,1,64,0,L0064,4096,1,,False,1789721227.8581038,4096,0,0,331.5298216342926,True,True,False,False,0,0.0,0,0,4128.0,False,cache_reused,False,False,0,0.0,82ca59a7b0c02d0c20132dcd0b6bc186fd16b0cc43c167922f478c0fa40113a3,True,,,1,0,446.830836,1195.565696,6,4157,4,4128
20260726_formal4t4_reuse_intensive_StaticSemantic@rho1.2_rep2,2,StaticSemantic@rho1.2,StaticSemantic,103,reuse_intensive:rep2:req103,reuse_intensive,1,71,1,L0071,4096,3,,False,1789721227.8581247,4096,0,0,331.52984261512756,True,True,False,False,0,0.0,0,0,32.0,False,cache_miss,False,False,0,0.0,3c4b575bfdd98c0e5e172320877ed873cc6f457d474185f45d75facdd14acd1f,True,,,1,0,8747.443369,9462.112742,6,4157,4,32
20260726_formal4t4_reuse_intensive_StaticSemantic@rho1.2_rep2,2,StaticSemantic@rho1.2,StaticSemantic,104,reuse_intensive:rep2:req104,reuse_intensive,1,65,1,L0065,4096,2,,False,1789721238.3808596,4096,0,0,342.05257749557495,True,True,False,False,0,0.0,0,0,4128.0,False,cache_reused,False,False,0,0.0,133c2e3fc5449891a4b4ac6028f4e59d1845659305ad19da00223316c7f3fc87,True,,,1,0,431.779537,1141.691967,6,4157,4,4128
20260726_formal4t4_reuse_intensive_StaticSemantic@rho1.2_rep2,2,StaticSemantic@rho1.2,StaticSemantic,105,reuse_intensive:rep2:req105,reuse_intensive,1,64,1,L0064,4096,1,,False,1789721238.3809037,4096,0,0,342.0526216030121,True,True,False,False,0,0.0,0,0,4128.0,False,cache_reused,False,False,0,0.0,86e0c8e6db327b29beb62106dd0464eaabe1cb991f803143ac67c544fc16db3b,True,,,1,0,456.361744,1198.531439,6,4157,4,4128
20260726_formal4t4_reuse_intensive_StaticSemantic@rho1.2_rep2,2,StaticSemantic@rho1.2,StaticSemantic,106,reuse_intensive:rep2:req106,reuse_intensive,1,64,2,L0064,4096,0,,False,1789721238.3809314,4096,0,0,342.05264925956726,True,True,False,False,0,0.0,0,0,4128.0,False,cache_reused,False,False,0,0.0,4b7b0dff13c277779fca33a3300d3741e383d13b93d994cc9602eb0070c82620,True,,,1,0,307.108839,1067.868784,6,4157,4,4128
20260726_formal4t4_reuse_intensive_StaticSemantic@rho1.2_rep2,2,StaticSemantic@rho1.2,StaticSemantic,107,reuse_intensive:rep2:req107,reuse_intensive,1,64,0,L0064,4096,3,,False,1789721238.3809528,4096,0,0,342.0526707172394,True,True,False,False,0,0.0,0,0,4128.0,False,cache_reused,False,False,0,0.0,2c6da140a8dec1db5c35971f97ae2c472298db94dd49abe5cac885b23f3eeccf,True,,,1,0,320.268584,1124.735484,6,4157,4,4128
20260726_formal4t4_reuse_intensive_StaticSemantic@rho1.2_rep2,2,StaticSemantic@rho1.2,StaticSemantic,108,reuse_intensive:rep2:req108,reuse_intensive,1,94,0,L0094,4096,2,,False,1789721239.5824707,0,0,0,,False,False,False,False,0,0.0,0,0,32.0,False,cache_miss,False,False,0,0.0,c49842c706eae19c3bdf91446731af4628327891c776a0a7e629dd135af0b144,True,,,1,0,8206.119199,8912.593997,6,4157,4,32
20260726_formal4t4_reuse_intensive_StaticSemantic@rho1.2_rep2,2,StaticSemantic@rho1.2,StaticSemantic,109,reuse_intensive:rep2:req109,reuse_intensive,1,77,0,L0077,4096,3,,False,1789721239.5825088,0,0,0,,False,False,False,False,0,0.0,0,0,32.0,False,cache_miss,False,False,0,0.0,61959889e6c85365109c87ec74acabfbda1bf08aeebac2a26cd547d3957cbfe5,True,,,1,0,9112.159974,9836.097066,6,4157,4,32
20260726_formal4t4_reuse_intensive_StaticSemantic@rho1.2_rep2,2,StaticSemantic@rho1.2,StaticSemantic,110,reuse_intensive:rep2:req110,reuse_intensive,1,66,2,L0066,4096,0,,False,1789721239.582533,4096,0,0,343.2542507648468,True,True,False,False,0,0.0,0,0,32.0,False,cache_miss,False,False,0,0.0,81112315baa604664267cdc63ab1576f9e2c7418f71394a186e43bd53a9cddd1,True,,,1,0,9468.0902,10286.060589,6,4157,4,32
20260726_formal4t4_reuse_intensive_StaticSemantic@rho1.2_rep2,2,StaticSemantic@rho1.2,StaticSemantic,111,reuse_intensive:rep2:req111,reuse_intensive,1,69,1,L0069,4096,1,,False,1789721239.582557,4096,0,0,343.2542748451233,True,True,False,False,0,0.0,0,0,32.0,False,cache_miss,False,False,0,0.0,94879ae75d0ce775daa135f668da19e141739fb19004c4099abc899799543318,True,,,1,0,8573.233671,9285.979952,6,4157,4,32
20260726_formal4t4_reuse_intensive_StaticSemantic@rho1.2_rep2,2,StaticSemantic@rho1.2,StaticSemantic,112,reuse_intensive:rep2:req112,reuse_intensive,1,114,0,L0114,4096,2,,False,1789721249.8723438,0,0,0,,False,False,False,False,0,0.0,0,0,32.0,False,cache_miss,False,False,0,0.0,5df75f2ae5915f7599385db2e072db610f925d89da491ad7fd5c060b538c1524,True,,,1,0,8678.53238,9404.995681,6,4157,4,32
20260726_formal4t4_reuse_intensive_StaticSemantic@rho1.2_rep2,2,StaticSemantic@rho1.2,StaticSemantic,113,reuse_intensive:rep2:req113,reuse_intensive,1,64,1,L0064,4096,0,,False,1789721249.8723824,4096,0,0,353.5441002845764,True,True,False,False,0,0.0,0,0,4128.0,False,cache_reused,False,False,0,0.0,ab26322c46052b7ab56ab614728165373a346d294fc38ece35700d591b407ca8,True,,,1,0,308.130708,1066.597322,6,4157,4,4128
20260726_formal4t4_reuse_intensive_StaticSemantic@rho1.2_rep2,2,StaticSemantic@rho1.2,StaticSemantic,114,reuse_intensive:rep2:req114,reuse_intensive,1,103,0,L0103,4096,1,,False,1789721249.8724127,0,0,0,,False,False,False,False,0,0.0,0,0,16.0,False,cache_miss,False,False,0,0.0,9bc3c7bdcb9b5950df5a2f171008c052c8f034ec36fe5884d55b36e4ae43f361,True,,,1,0,9342.443807,10132.030991,6,4157,4,16
20260726_formal4t4_reuse_intensive_StaticSemantic@rho1.2_rep2,2,StaticSemantic@rho1.2,StaticSemantic,115,reuse_intensive:rep2:req115,reuse_intensive,1,82,0,L0082,4096,3,,False,1789721249.8724341,0,0,0,,False,False,False,False,0,0.0,0,0,32.0,False,cache_miss,False,False,0,0.0,09ea332208e57098fbff657083e50397e97795d19642f13fe05daa7b7b910543,True,,,1,0,9370.058509,10132.91115,6,4157,4,32
20260726_formal4t4_reuse_intensive_StaticSemantic@rho1.2_rep2,2,StaticSemantic@rho1.2,StaticSemantic,116,reuse_intensive:rep2:req116,reuse_intensive,1,64,2,L0064,4096,2,,False,1789721260.0098062,4096,0,0,363.6815240383148,True,True,False,False,0,0.0,0,0,4128.0,False,cache_reused,False,False,0,0.0,5ac3cda04f26be6154ab908268e70ee91bc6d5f2346def18df442694926eeb35,True,,,1,0,288.860827,990.300187,6,4157,4,4128
20260726_formal4t4_reuse_intensive_StaticSemantic@rho1.2_rep2,2,StaticSemantic@rho1.2,StaticSemantic,117,reuse_intensive:rep2:req117,reuse_intensive,1,66,0,L0066,4096,1,,False,1789721260.0098467,4096,0,0,363.68156456947327,True,True,False,False,0,0.0,0,0,32.0,False,cache_miss,False,False,0,0.0,95cdf9e3a79585f7d6785fc7a9ae83c8923dd012f75a54fc55313710e26904f9,True,,,1,0,8625.780047,9352.058401,6,4157,4,32
20260726_formal4t4_reuse_intensive_StaticSemantic@rho1.2_rep2,2,StaticSemantic@rho1.2,StaticSemantic,118,reuse_intensive:rep2:req118,reuse_intensive,1,65,2,L0065,4096,0,,False,1789721260.0098736,4096,0,0,363.6815915107727,True,True,False,False,0,0.0,0,0,4128.0,False,cache_reused,False,False,0,0.0,98eb36c386a9e44833bf0c1d4cc2500b451ba9dd53ed819b85ddaa2fb0184783,True,,,1,0,481.717132,1290.508298,6,4157,4,4128
20260726_formal4t4_reuse_intensive_StaticSemantic@rho1.2_rep2,2,StaticSemantic@rho1.2,StaticSemantic,119,reuse_intensive:rep2:req119,reuse_intensive,1,90,0,L0090,4096,3,,False,1789721260.009897,0,0,0,,False,False,False,False,0,0.0,0,0,32.0,False,cache_miss,False,False,0,0.0,ce1c426130c95867e973976b61c67aa5611bf48071b2a82c32fb6a7cffeb42ec,True,,,1,0,8694.979237,9409.463293,6,4157,4,32
20260726_formal4t4_reuse_intensive_Adaptive@rho1.2_c01024_theta30_rep2,2,Adaptive@rho1.2_c01024_theta30,Adaptive,24,reuse_intensive:rep2:req24,reuse_intensive,0,4,0,L0004,4096,0,0,True,1789721453.292185,4096,4096,4096,127.29148268699646,False,False,False,False,4096,81.92,1,1,4128.0,True,cache_reused,False,False,0,0.0,4d4c6eb1e44b7b2c6cfa1680a93053f8c25b7c0cb6e39498f52f26c607765254,True,,,1,0,303.097861,1722.523826,6,4156,4,4128
20260726_formal4t4_reuse_intensive_Adaptive@rho1.2_c01024_theta30_rep2,2,Adaptive@rho1.2_c01024_theta30,Adaptive,25,reuse_intensive:rep2:req25,reuse_intensive,0,2,1,L0002,4096,1,0;1,True,1789721453.2922409,4096,4096,4096,148.0701994895935,False,False,False,False,4096,81.92,2,2,4128.0,True,cache_reused,False,False,0,0.0,b47c30dee413d3fb4b2adc5fe2f9493706a74cb07cc1e32a091537804cd7ad27,True,,,1,0,453.027062,1257.212466,6,4156,4,4128
20260726_formal4t4_reuse_intensive_Adaptive@rho1.2_c01024_theta30_rep2,2,Adaptive@rho1.2_c01024_theta30,Adaptive,26,reuse_intensive:rep2:req26,reuse_intensive,0,2,2,L0002,4096,1,0;1,True,1789721453.2922776,4096,4096,4096,148.0702362060547,False,False,False,False,4096,79.92,2,2,4128.0,True,cache_reused,False,False,0,0.0,78d2e5dbaf79438cd5314c83a44fa9c7ca5100c99c5d21259ee0845ba6cde124,True,,,1,0,723.385321,1503.668404,6,4156,4,4128
20260726_formal4t4_reuse_intensive_Adaptive@rho1.2_c01024_theta30_rep2,2,Adaptive@rho1.2_c01024_theta30,Adaptive,27,reuse_intensive:rep2:req27,reuse_intensive,0,0,1,L0000,4096,0,0;1,True,1789721453.2923079,4096,4096,4096,167.95577597618103,False,False,False,False,4096,79.92,2,2,4128.0,True,cache_reused,False,False,0,0.0,1299095cb034f5b2781964a9fc89a6df403e0b9eda7c170c31fc9a046ed99f7b,True,,,1,0,776.270217,1978.718815,6,4156,4,4128
20260726_formal4t4_reuse_intensive_Adaptive@rho1.2_c01024_theta30_rep2,2,Adaptive@rho1.2_c01024_theta30,Adaptive,28,reuse_intensive:rep2:req28,reuse_intensive,0,12,0,L0012,4096,0,0,True,1789721455.2757685,4096,4096,4096,54.38436555862427,False,False,False,False,4096,81.92,1,1,4128.0,True,cache_reused,False,False,0,0.0,6a929f8c017cb98de67ddac706b2e3802b447dc78a35824dd65c45df6f89958b,True,,,1,0,273.752212,961.064643,6,4156,4,4128
20260726_formal4t4_reuse_intensive_Adaptive@rho1.2_c01024_theta30_rep2,2,Adaptive@rho1.2_c01024_theta30,Adaptive,29,reuse_intensive:rep2:req29,reuse_intensive,0,3,0,L0003,4096,1,0;1,True,1789721455.2758229,4096,4096,4096,139.5483410358429,False,False,False,False,4096,81.92,2,2,4128.0,True,cache_reused,False,False,0,0.0,a081aa81060d417da1719515af3af9f436f75d4100d99e0a05c159013b5b22ba,True,,,1,0,311.478251,1077.627419,6,4156,4,4128
20260726_formal4t4_reuse_intensive_Adaptive@rho1.2_c01024_theta30_rep2,2,Adaptive@rho1.2_c01024_theta30,Adaptive,30,reuse_intensive:rep2:req30,reuse_intensive,0,41,0,L0041,4096,2,,False,1789721455.275853,0,0,0,,False,False,False,False,0,0.0,0,0,32.0,False,cache_miss,False,False,0,0.0,6cdd8b4ae9a10b5fc097d606c97953fc408fa71d8e8ae230ed87e0c9227f1517,True,,,1,0,8742.574063,9455.135508,6,4156,4,32
20260726_formal4t4_reuse_intensive_Adaptive@rho1.2_c01024_theta30_rep2,2,Adaptive@rho1.2_c01024_theta30,Adaptive,31,reuse_intensive:rep2:req31,reuse_intensive,0,18,0,L0018,4096,3,,False,1789721455.2758772,0,0,0,,False,False,False,False,0,0.0,0,0,32.0,False,cache_miss,False,False,0,0.0,0bbf5775ca43151f7a611c57f36c0b05ff29b3ebe04fba94e32a7323a35b60b2,True,,,1,0,8985.666215,9727.389818,6,4156,4,32
20260726_formal4t4_reuse_intensive_Adaptive@rho1.2_c01024_theta30_rep2,2,Adaptive@rho1.2_c01024_theta30,Adaptive,32,reuse_intensive:rep2:req32,reuse_intensive,0,0,2,L0000,4096,0,0;1,False,1789721465.007908,4096,4096,4096,179.67137622833252,False,False,False,False,4096,0.0,2,2,4128.0,False,cache_reused,False,False,0,0.0,b4e07b6ddc6feb56db2ef8cf0604643015c86449e51a5c67283b9ac5be416613,True,,,1,0,910.633956,2348.305062,6,4156,4,4128
20260726_formal4t4_reuse_intensive_Adaptive@rho1.2_c01024_theta30_rep2,2,Adaptive@rho1.2_c01024_theta30,Adaptive,33,reuse_intensive:rep2:req33,reuse_intensive,0,7,0,L0007,4096,0,0,True,1789721465.0079591,4096,4096,4096,108.4518039226532,False,False,False,False,4096,79.92,1,1,4128.0,True,cache_reused,False,False,0,0.0,7de60c73814700eb71065a6c48c77c2a6bed634de25d8d622549ece279e7dace,True,,,1,0,909.406856,2346.974515,6,4156,4,4128
20260726_formal4t4_reuse_intensive_Adaptive@rho1.2_c01024_theta30_rep2,2,Adaptive@rho1.2_c01024_theta30,Adaptive,34,reuse_intensive:rep2:req34,reuse_intensive,0,0,0,L0000,4096,1,0;1,False,1789721465.0079985,4096,4096,4096,179.67138290405273,False,False,False,False,4096,0.0,2,2,4128.0,False,cache_reused,False,False,0,0.0,2bd11a5c4d56fb228f4ee1b9012aea127a9fd50266b02d70614edfee078e0e98,True,,,1,0,450.866617,1198.875499,6,4156,4,4128
20260726_formal4t4_reuse_intensive_Adaptive@rho1.2_c01024_theta30_rep2,2,Adaptive@rho1.2_c01024_theta30,Adaptive,35,reuse_intensive:rep2:req35,reuse_intensive,0,5,0,L0005,4096,2,0;2,False,1789721465.008029,4096,4096,4096,128.968820810318,False,False,False,False,4096,0.0,2,2,4128.0,False,cache_reused,False,False,0,0.0,27dbe1abeef726bed4f86de6ddc0f74aaea26897d871b72e5b616c1d1e3e0614,True,,,1,0,317.239678,1105.316269,6,4156,4,4128
20260726_formal4t4_reuse_intensive_Adaptive@rho1.2_c01024_theta30_rep2,2,Adaptive@rho1.2_c01024_theta30,Adaptive,36,reuse_intensive:rep2:req36,reuse_intensive,0,6,0,L0006,4096,0,,False,1789721467.3582494,4096,0,0,191.83769917488098,True,True,False,False,0,0.0,0,0,4128.0,False,cache_reused,False,False,0,0.0,0e046203cbc5bb54f74e511ad866d607d763ac55af35f24e0d6197988bdcf5aa,True,,,1,0,331.088715,1810.223813,6,4156,4,4128
20260726_formal4t4_reuse_intensive_Adaptive@rho1.2_c01024_theta30_rep2,2,Adaptive@rho1.2_c01024_theta30,Adaptive,37,reuse_intensive:rep2:req37,reuse_intensive,0,5,1,L0005,4096,2,0;2,True,1789721467.3583086,4096,4096,4096,131.31910037994385,False,False,False,False,4096,81.92,2,2,4128.0,True,cache_reused,False,False,0,0.0,5773d5f0d4c9937ecc6ad4b1918e84f10a6a789191adf5005a1f2454f837f9d4,True,,,1,0,317.435876,1105.818737,6,4156,4,4128
20260726_formal4t4_reuse_intensive_Adaptive@rho1.2_c01024_theta30_rep2,2,Adaptive@rho1.2_c01024_theta30,Adaptive,38,reuse_intensive:rep2:req38,reuse_intensive,0,46,0,L0046,4096,3,,False,1789721467.3583398,0,0,0,,False,False,False,False,0,0.0,0,0,32.0,False,cache_miss,False,False,0,0.0,4356b3d9c2e0d807e0005ff45a7d5fdff694df04d51c44848f3364c61243c070,True,,,1,0,9123.681612,9845.643799,6,4156,4,32
20260726_formal4t4_reuse_intensive_Adaptive@rho1.2_c01024_theta30_rep2,2,Adaptive@rho1.2_c01024_theta30,Adaptive,39,reuse_intensive:rep2:req39,reuse_intensive,0,4,1,L0004,4096,0,0,True,1789721467.3583724,4096,4096,4096,141.35767006874084,False,False,False,False,4096,79.92,1,1,4128.0,True,cache_reused,False,False,0,0.0,05a3259f83a98d0dfcf47c849119b9ec8418548b5f405fb7b0205163290510ef,True,,,1,0,824.317174,2059.948416,6,4156,4,4128
20260726_formal4t4_reuse_intensive_Adaptive@rho1.2_c01024_theta30_rep2,2,Adaptive@rho1.2_c01024_theta30,Adaptive,40,reuse_intensive:rep2:req40,reuse_intensive,0,37,0,L0037,4096,2,,False,1789721477.2077115,0,0,0,,False,False,False,False,0,0.0,0,0,32.0,False,cache_miss,False,False,0,0.0,21890b6615364f94e0cef7475db622a09dfa413aac8ca52ff7ba5565b1bec533,True,,,1,0,8533.947379,9293.12907,6,4156,4,32
20260726_formal4t4_reuse_intensive_Adaptive@rho1.2_c01024_theta30_rep2,2,Adaptive@rho1.2_c01024_theta30,Adaptive,41,reuse_intensive:rep2:req41,reuse_intensive,0,0,1,L0000,4096,0,0;1,True,1789721477.2077703,4096,4096,4096,191.87123847007751,False,False,False,False,4096,81.92,2,2,4128.0,True,cache_reused,False,False,0,0.0,a719b6172119f5b251f97c4d7f38cfd343267f43626958f46db3bce2db9208d5,True,,,1,0,506.656151,2783.038548,6,4156,4,4128
20260726_formal4t4_reuse_intensive_Adaptive@rho1.2_c01024_theta30_rep2,2,Adaptive@rho1.2_c01024_theta30,Adaptive,42,reuse_intensive:rep2:req42,reuse_intensive,0,4,2,L0004,4096,0,0,True,1789721477.207811,4096,4096,4096,151.2071087360382,False,False,False,False,4096,79.92,1,1,4128.0,True,cache_reused,False,False,0,0.0,b3f6a90c74b79e72fc624c4c0eb5d779d3b368e8bf801098b965543b2e374686,True,,,1,0,1450.239482,3275.974201,6,4156,4,4128
20260726_formal4t4_reuse_intensive_Adaptive@rho1.2_c01024_theta30_rep2,2,Adaptive@rho1.2_c01024_theta30,Adaptive,43,reuse_intensive:rep2:req43,reuse_intensive,0,11,1,L0011,4096,0,0,True,1789721477.2078414,4096,4096,4096,56.16163492202759,False,False,False,False,4096,77.92,1,1,4128.0,True,cache_reused,False,False,0,0.0,d14791b9d2471e0ba5ff7868c3c1b228e79ee223a8feb7f126d054b23f1a1686,True,,,1,0,1449.165791,3274.911778,6,4156,4,4128
20260726_formal4t4_reuse_intensive_Adaptive@rho1.2_c01024_theta30_rep2,2,Adaptive@rho1.2_c01024_theta30,Adaptive,44,reuse_intensive:rep2:req44,reuse_intensive,0,0,2,L0000,4096,1,0;1,False,1789721486.5023925,4096,4096,4096,201.16577696800232,False,False,False,False,4096,0.0,2,2,4128.0,False,cache_reused,False,False,0,0.0,69e8302bc1193c79131405628c9a03ede503970687f2a02c89e9cd86a02b7e41,True,,,1,0,848.07599,2188.992356,6,4156,4,4128
20260726_formal4t4_reuse_intensive_Adaptive@rho1.2_c01024_theta30_rep2,2,Adaptive@rho1.2_c01024_theta30,Adaptive,45,reuse_intensive:rep2:req45,reuse_intensive,0,8,2,L0008,4096,0,0,True,1789721486.5024297,4096,4096,4096,42.647125482559204,False,False,False,False,4096,81.92,1,1,4128.0,True,cache_reused,False,False,0,0.0,04971248bde84c97f429f681cd81ae01a7114635037df12a0701a50aa4b7af2c,True,,,1,0,469.598128,1309.572611,6,4156,4,4128
20260726_formal4t4_reuse_intensive_Adaptive@rho1.2_c01024_theta30_rep2,2,Adaptive@rho1.2_c01024_theta30,Adaptive,46,reuse_intensive:rep2:req46,reuse_intensive,0,8,0,L0008,4096,0,0,True,1789721486.5024545,4096,4096,4096,42.64715027809143,False,False,False,False,4096,79.92,1,1,4128.0,True,cache_reused,False,False,0,0.0,743a2c79258073148edfb1ee886a0f958286aa6afe0a2490fad544d842335ae0,True,,,1,0,752.43726,1569.925892,6,4156,4,4128
20260726_formal4t4_reuse_intensive_Adaptive@rho1.2_c01024_theta30_rep2,2,Adaptive@rho1.2_c01024_theta30,Adaptive,47,reuse_intensive:rep2:req47,reuse_intensive,0,1,1,L0001,4096,1,0;1,True,1789721486.5024762,4096,4096,4096,63.432851791381836,False,False,False,False,4096,79.92,2,2,4128.0,True,cache_reused,False,False,0,0.0,18aed6c264e4c978d231739e13759859b912361815c2d7e4725fbebb7a330839,True,,,1,0,846.179744,2187.213927,6,4156,4,4128
20260726_formal4t4_reuse_intensive_Adaptive@rho1.2_c01024_theta30_rep2,2,Adaptive@rho1.2_c01024_theta30,Adaptive,48,reuse_intensive:rep2:req48,reuse_intensive,0,28,0,L0028,4096,1,,False,1789721488.694614,0,0,0,,False,False,False,False,0,0.0,0,0,32.0,False,cache_miss,False,False,0,0.0,e4af0add15ea5b9e2b717d8c9cd109e5c822e44f61ecf6cb0b18abd8fe1f1242,True,,,1,0,7468.072485,8138.059608,6,4156,4,32
20260726_formal4t4_reuse_intensive_Adaptive@rho1.2_c01024_theta30_rep2,2,Adaptive@rho1.2_c01024_theta30,Adaptive,49,reuse_intensive:rep2:req49,reuse_intensive,0,7,1,L0007,4096,0,0,True,1789721488.6946683,4096,4096,4096,132.13851308822632,False,False,False,False,4096,81.92,1,1,4128.0,True,cache_reused,False,False,0,0.0,c92db257f19a81d34a95bd32dbd1be364ad4cb3484dbdce9bd2813665ad13716,True,,,1,0,289.862316,1065.897151,6,4156,4,4128
20260726_formal4t4_reuse_intensive_Adaptive@rho1.2_c01024_theta30_rep2,2,Adaptive@rho1.2_c01024_theta30,Adaptive,50,reuse_intensive:rep2:req50,reuse_intensive,0,17,0,L0017,4096,2,,False,1789721488.6947,0,0,0,,False,False,False,False,0,0.0,0,0,32.0,False,cache_miss,False,False,0,0.0,576e18df224c98f845c0525303f0f2dd8a42f8c845aab55945c7230e1413b0da,True,,,1,0,8019.135188,8733.4526,6,4156,4,32
20260726_formal4t4_reuse_intensive_Adaptive@rho1.2_c01024_theta30_rep2,2,Adaptive@rho1.2_c01024_theta30,Adaptive,51,reuse_intensive:rep2:req51,reuse_intensive,0,27,0,L0027,4096,3,,False,1789721488.6947234,0,0,0,,False,False,False,False,0,0.0,0,0,32.0,False,cache_miss,False,False,0,0.0,52cdad49ad5968956658177e5f0173eee75ae2cabd1bbe597bb1d0a63930b624,True,,,1,0,9217.068545,9969.952455,6,4156,4,32
20260726_formal4t4_reuse_intensive_Adaptive@rho1.2_c01024_theta30_rep2,2,Adaptive@rho1.2_c01024_theta30,Adaptive,52,reuse_intensive:rep2:req52,reuse_intensive,0,8,1,L0008,4096,0,0,True,1789721498.66909,4096,4096,4096,54.813785791397095,False,False,False,False,4096,81.92,1,1,4128.0,True,cache_reused,False,False,0,0.0,f537f36009a30671ffccd4f7bbf8804df42244f510c4491db66f34e3e4560c22,True,,,1,0,922.152975,2379.094504,6,4156,4,4128
20260726_formal4t4_reuse_intensive_Adaptive@rho1.2_c01024_theta30_rep2,2,Adaptive@rho1.2_c01024_theta30,Adaptive,53,reuse_intensive:rep2:req53,reuse_intensive,0,0,0,L0000,4096,1,0;1,True,1789721498.6691456,4096,4096,4096,213.33253002166748,False,False,False,False,4096,81.92,2,2,4128.0,True,cache_reused,False,False,0,0.0,d2fdd1a80b87ff551d4b321a1941eb4466ee03b3ecf10b5fe66b29715cba48a2,True,,,1,0,408.952745,1156.724282,6,4156,4,4128
20260726_formal4t4_reuse_intensive_Adaptive@rho1.2_c01024_theta30_rep2,2,Adaptive@rho1.2_c01024_theta30,Adaptive,54,reuse_intensive:rep2:req54,reuse_intensive,0,45,0,L0045,4096,2,,False,1789721498.6691873,0,0,0,,False,False,False,False,0,0.0,0,0,32.0,False,cache_miss,False,False,0,0.0,51528aebb6dd494c4d53b946a85ba2c9b4a8164ec627508ccdfedbf9833904b2,True,,,1,0,8444.266601,9187.208314,6,4156,4,32
20260726_formal4t4_reuse_intensive_Adaptive@rho1.2_c01024_theta30_rep2,2,Adaptive@rho1.2_c01024_theta30,Adaptive,55,reuse_intensive:rep2:req55,reuse_intensive,0,0,1,L0000,4096,0,0;1,True,1789721498.6692214,4096,4096,4096,213.3326895236969,False,False,False,False,4096,79.92,2,2,4128.0,True,cache_reused,False,False,0,0.0,9918ef619e5d6b4ce926c75e71bfbb05d0822c1693a71ccf787ac8d06e330a6d,True,,,1,0,919.201119,2376.02561,6,4156,4,4128
20260726_formal4t4_reuse_intensive_Adaptive@rho1.2_c01024_theta30_rep2,2,Adaptive@rho1.2_c01024_theta30,Adaptive,56,reuse_intensive:rep2:req56,reuse_intensive,0,0,2,L0000,4096,1,0;1,False,1789721507.8603842,4096,4096,4096,222.52376866340637,False,False,False,False,4096,0.0,2,2,4128.0,False,cache_reused,False,False,0,0.0,0d5376bfe05cdb84ff3fa0c893b0195cd75430be746c8e29f89ad11e147f9a10,True,,,1,0,853.364918,2201.32743,6,4156,4,4128
20260726_formal4t4_reuse_intensive_Adaptive@rho1.2_c01024_theta30_rep2,2,Adaptive@rho1.2_c01024_theta30,Adaptive,57,reuse_intensive:rep2:req57,reuse_intensive,0,1,2,L0001,4096,0,0;1,False,1789721507.8604362,4096,4096,4096,212.65212678909302,False,False,False,False,4096,0.0,2,2,4128.0,False,cache_reused,False,False,0,0.0,6d17156c563b19c1d6be8f47ef7fcb820bb0e94053300212cc99e6300dd8af31,True,,,1,0,478.22586,1922.121238,6,4156,4,4128
20260726_formal4t4_reuse_intensive_Adaptive@rho1.2_c01024_theta30_rep2,2,Adaptive@rho1.2_c01024_theta30,Adaptive,58,reuse_intensive:rep2:req58,reuse_intensive,0,0,0,L0000,4096,0,0;1,True,1789721507.8604739,4096,4096,4096,222.52394199371338,False,False,False,False,4096,79.92,2,2,4128.0,True,cache_reused,False,False,0,0.0,3939f69e1c794be81b65b392f0e439cdd7e96bd678267fe51390cfdaf4eb41ce,True,,,1,0,961.221983,2179.616482,6,4156,4,4128
20260726_formal4t4_reuse_intensive_Adaptive@rho1.2_c01024_theta30_rep2,2,Adaptive@rho1.2_c01024_theta30,Adaptive,59,reuse_intensive:rep2:req59,reuse_intensive,0,1,0,L0001,4096,1,0;1,True,1789721507.860505,4096,4096,4096,84.79088068008423,False,False,False,False,4096,79.92,2,2,4128.0,True,cache_reused,False,False,0,0.0,a5f568b7f28682329c05aaf45d0cac0320acae31410875d54035c0aba4db37f0,True,,,1,0,850.672891,2198.700132,6,4156,4,4128
20260726_formal4t4_reuse_intensive_Adaptive@rho1.2_c01024_theta30_rep2,2,Adaptive@rho1.2_c01024_theta30,Adaptive,60,reuse_intensive:rep2:req60,reuse_intensive,1,64,0,L0064,4096,1,,False,1789721510.0640004,0,0,0,,False,False,False,False,0,0.0,0,0,32.0,False,cache_miss,False,False,0,0.0,b0c91a0e6ff8ec07ff78419431719b81c4c3fdb1adefc21b17c16ec441fe4452,True,,,1,0,8256.712083,9002.935978,6,4156,4,32
20260726_formal4t4_reuse_intensive_Adaptive@rho1.2_c01024_theta30_rep2,2,Adaptive@rho1.2_c01024_theta30,Adaptive,61,reuse_intensive:rep2:req61,reuse_intensive,1,64,1,L0064,4096,2,,False,1789721510.0640397,0,0,0,,False,False,False,False,0,0.0,0,0,32.0,False,cache_miss,False,False,0,0.0,c0d2aa803f3f779674f6e83504123acf95df53ac9e20246561263364d53bb2b0,True,,,1,0,7647.690531,8340.498165,6,4156,4,32
20260726_formal4t4_reuse_intensive_Adaptive@rho1.2_c01024_theta30_rep2,2,Adaptive@rho1.2_c01024_theta30,Adaptive,62,reuse_intensive:rep2:req62,reuse_intensive,1,65,0,L0065,4096,3,,False,1789721510.0640647,0,0,0,,False,False,False,False,0,0.0,0,0,32.0,False,cache_miss,False,False,0,0.0,dd286ab3add8340bd46ccdfd3d36d97d6a8bbcd83043d3cc5a9615b4ef62f415,True,,,1,0,8804.049357,9543.701116,6,4156,4,32
20260726_formal4t4_reuse_intensive_Adaptive@rho1.2_c01024_theta30_rep2,2,Adaptive@rho1.2_c01024_theta30,Adaptive,63,reuse_intensive:rep2:req63,reuse_intensive,1,64,2,L0064,4096,0,,False,1789721510.0640857,0,0,0,,False,False,False,False,0,0.0,0,0,32.0,False,cache_miss,False,False,0,0.0,9175987cb4ecc78e5aa0881845471775bfc8920cce94aecef78a03aff9889f91,True,,,1,0,8454.598378,9214.812686,6,4156,4,32
20260726_formal4t4_reuse_intensive_Adaptive@rho1.2_c01024_theta30_rep2,2,Adaptive@rho1.2_c01024_theta30,Adaptive,64,reuse_intensive:rep2:req64,reuse_intensive,1,87,0,L0087,4096,1,,False,1789721519.6114206,0,0,0,,False,False,False,False,0,0.0,0,0,32.0,False,cache_miss,False,False,0,0.0,c83a0b3a4fe3e9403fe46690aa7cc8bb8b5e384385eef87765cf965ff74ae669,True,,,1,0,8200.113262,8922.60996,6,4156,4,32
20260726_formal4t4_reuse_intensive_Adaptive@rho1.2_c01024_theta30_rep2,2,Adaptive@rho1.2_c01024_theta30,Adaptive,65,reuse_intensive:rep2:req65,reuse_intensive,1,70,0,L0070,4096,3,,False,1789721519.6114583,0,0,0,,False,False,False,False,0,0.0,0,0,32.0,False,cache_miss,False,False,0,0.0,5d4c85c8a4e2f06a5e591c7ace9e1822813246599d3e671f2947dc669771d3f3,True,,,1,0,8806.368745,9582.225387,6,4156,4,32
20260726_formal4t4_reuse_intensive_Adaptive@rho1.2_c01024_theta30_rep2,2,Adaptive@rho1.2_c01024_theta30,Adaptive,66,reuse_intensive:rep2:req66,reuse_intensive,1,65,1,L0065,4096,2,,False,1789721519.6114833,4096,0,0,244.09093308448792,True,True,False,False,0,0.0,0,0,32.0,False,cache_miss,False,False,0,0.0,1d72219649b19ceba59b2ba8987e5640beb8dd62d314ac5134ab74afb9251676,True,,,1,0,8114.702978,8837.342012,6,4156,4,32
20260726_formal4t4_reuse_intensive_Adaptive@rho1.2_c01024_theta30_rep2,2,Adaptive@rho1.2_c01024_theta30,Adaptive,67,reuse_intensive:rep2:req67,reuse_intensive,1,64,0,L0064,4096,0,,False,1789721519.6115074,4096,0,0,244.0909571647644,True,True,False,False,0,0.0,0,0,4128.0,False,cache_reused,False,False,0,0.0,6291dc2e656fa095a5b7e5e91c6dce191f2db4f87603d52e98aaa0cc7a3af976,True,,,1,0,308.758148,1071.550856,6,4156,4,4128
20260726_formal4t4_reuse_intensive_Adaptive@rho1.2_c01024_theta30_rep2,2,Adaptive@rho1.2_c01024_theta30,Adaptive,68,reuse_intensive:rep2:req68,reuse_intensive,1,72,0,L0072,4096,1,,False,1789721529.1966538,0,0,0,,False,False,False,False,0,0.0,0,0,32.0,False,cache_miss,False,False,0,0.0,09baa0bfd743a006e65ff0cf116b932f19597feb42d6ee719695c06a204b9221,True,,,1,0,8334.519152,9073.431881,6,4156,4,32
20260726_formal4t4_reuse_intensive_Adaptive@rho1.2_c01024_theta30_rep2,2,Adaptive@rho1.2_c01024_theta30,Adaptive,69,reuse_intensive:rep2:req69,reuse_intensive,1,65,2,L0065,4096,0,,False,1789721529.196694,4096,0,0,253.67614364624023,True,True,False,False,0,0.0,0,0,32.0,False,cache_miss,False,False,0,0.0,a0859e2da8c4100a18c6d9806872752921dd77206455b0484ced61306f35499d,True,,,1,0,9131.62026,9914.98955,6,4156,4,32
20260726_formal4t4_reuse_intensive_Adaptive@rho1.2_c01024_theta30_rep2,2,Adaptive@rho1.2_c01024_theta30,Adaptive,70,reuse_intensive:rep2:req70,reuse_intensive,1,64,1,L0064,4096,3,,False,1789721529.1967237,4096,0,0,253.67617344856262,True,True,False,False,0,0.0,0,0,32.0,False,cache_miss,False,False,0,0.0,38980a11beb4f1b8f8b667a1ac64c5ad34f9ecae635d8b8b778e595e1ad37e64,True,,,1,0,8847.646185,9572.051609,6,4156,4,32
20260726_formal4t4_reuse_intensive_Adaptive@rho1.2_c01024_theta30_rep2,2,Adaptive@rho1.2_c01024_theta30,Adaptive,71,reuse_intensive:rep2:req71,reuse_intensive,1,80,0,L0080,4096,2,,False,1789721529.1967485,0,0,0,,False,False,False,False,0,0.0,0,0,32.0,False,cache_miss,False,False,0,0.0,bfcde8cf72383144cfeff9c069cba3cd8cc4f1d3a71ea67299533f1ce0ae5575,True,,,1,0,8321.951969,9051.858756,6,4156,4,32
20260726_formal4t4_reuse_intensive_Adaptive@rho1.2_c01024_theta30_rep2,2,Adaptive@rho1.2_c01024_theta30,Adaptive,72,reuse_intensive:rep2:req72,reuse_intensive,1,79,0,L0079,4096,1,,False,1789721539.114601,0,0,0,,False,False,False,False,0,0.0,0,0,32.0,False,cache_miss,False,False,0,0.0,2f8a25609e9f80b8f736be69ef0c3fbbfcaa7a03fe6d016b6ff3fa4edf44c365,True,,,1,0,8698.563928,9433.425983,6,4156,4,32
20260726_formal4t4_reuse_intensive_Adaptive@rho1.2_c01024_theta30_rep2,2,Adaptive@rho1.2_c01024_theta30,Adaptive,73,reuse_intensive:rep2:req73,reuse_intensive,1,72,1,L0072,4096,2,,False,1789721539.1146393,4096,0,0,263.5940890312195,True,True,False,False,0,0.0,0,0,32.0,False,cache_miss,False,False,0,0.0,f4f74f2f4efdd866ea83d07e2c9a3f23887f8254af653a1bba33fd3d8c7116ba,True,,,1,0,7778.950246,8457.457646,6,4156,4,32
20260726_formal4t4_reuse_intensive_Adaptive@rho1.2_c01024_theta30_rep2,2,Adaptive@rho1.2_c01024_theta30,Adaptive,74,reuse_intensive:rep2:req74,reuse_intensive,1,69,0,L0069,4096,3,,False,1789721539.1146681,0,0,0,,False,False,False,False,0,0.0,0,0,32.0,False,cache_miss,False,False,0,0.0,2f0b21b785893667b46081776cc15381013dcb31bb00d7ba5d2737bcfdf645c6,True,,,1,0,9275.52851,10022.877343,6,4156,4,32
20260726_formal4t4_reuse_intensive_Adaptive@rho1.2_c01024_theta30_rep2,2,Adaptive@rho1.2_c01024_theta30,Adaptive,75,reuse_intensive:rep2:req75,reuse_intensive,1,64,2,L0064,4096,0,,False,1789721539.1146898,4096,0,0,263.59413957595825,True,True,False,False,0,0.0,0,0,4128.0,False,cache_reused,False,False,0,0.0,2bb9a180da5d95c0b8136915e108bc9ccd7382c22fc128440f148ec380163b91,True,,,1,0,306.285162,1068.050283,6,4156,4,4128
20260726_formal4t4_reuse_intensive_Adaptive@rho1.2_c01024_theta30_rep2,2,Adaptive@rho1.2_c01024_theta30,Adaptive,76,reuse_intensive:rep2:req76,reuse_intensive,1,65,0,L0065,4096,1,,False,1789721549.1412315,4096,0,0,273.62068128585815,True,True,False,False,0,0.0,0,0,32.0,False,cache_miss,False,False,0,0.0,9254dbcba878c10329b5dd69c6505c5008c3c7264b45dfe0ad99ed174cc932ff,True,,,1,0,8137.735144,8814.507953,6,4156,4,32
20260726_formal4t4_reuse_intensive_Adaptive@rho1.2_c01024_theta30_rep2,2,Adaptive@rho1.2_c01024_theta30,Adaptive,77,reuse_intensive:rep2:req77,reuse_intensive,1,64,0,L0064,4096,3,,False,1789721549.141275,4096,0,0,273.62072467803955,True,True,False,False,0,0.0,0,0,4128.0,False,cache_reused,False,False,0,0.0,ef1c2624114a3659476767b1d50df8337a62048c6bbd76547b46407e9499cb74,True,,,1,0,295.977956,1025.296325,6,4156,4,4128
20260726_formal4t4_reuse_intensive_Adaptive@rho1.2_c01024_theta30_rep2,2,Adaptive@rho1.2_c01024_theta30,Adaptive,78,reuse_intensive:rep2:req78,reuse_intensive,1,65,1,L0065,4096,2,,False,1789721549.1413023,4096,0,0,273.62075209617615,True,True,False,False,0,0.0,0,0,4128.0,False,cache_reused,False,False,0,0.0,001affb5cd99abe5f3530efdee3d29ee449e9016512dac734206d9e7d743f9d6,True,,,1,0,295.379786,1014.164371,6,4156,4,4128
20260726_formal4t4_reuse_intensive_Adaptive@rho1.2_c01024_theta30_rep2,2,Adaptive@rho1.2_c01024_theta30,Adaptive,79,reuse_intensive:rep2:req79,reuse_intensive,1,64,1,L0064,4096,0,,False,1789721549.1413243,4096,0,0,273.6207740306854,True,True,False,False,0,0.0,0,0,4128.0,False,cache_reused,False,False,0,0.0,03f067b95eed4a741ca55a13f832acae3953a91362be908192da8cd5cc82c2fe,True,,,1,0,456.036365,1219.316829,6,4156,4,4128
20260726_formal4t4_reuse_intensive_Adaptive@rho1.2_c01024_theta30_rep2,2,Adaptive@rho1.2_c01024_theta30,Adaptive,80,reuse_intensive:rep2:req80,reuse_intensive,1,73,0,L0073,4096,1,,False,1789721557.9577453,0,0,0,,False,False,False,False,0,0.0,0,0,32.0,False,cache_miss,False,False,0,0.0,5a49bf714154ae1985d53bae2253b7dec5653261359d2dcd67c97f703b1f8a0b,True,,,1,0,8350.615816,9049.373844,6,4156,4,32
20260726_formal4t4_reuse_intensive_Adaptive@rho1.2_c01024_theta30_rep2,2,Adaptive@rho1.2_c01024_theta30,Adaptive,81,reuse_intensive:rep2:req81,reuse_intensive,1,68,0,L0068,4096,0,,False,1789721557.9577825,0,0,0,,False,False,False,False,0,0.0,0,0,32.0,False,cache_miss,False,False,0,0.0,a81c1a7de2202f1070d0c8bb695bfb035c9269e90c75e1f43e9fb9405fe847e7,True,,,1,0,8970.421349,9781.014109,6,4156,4,32
20260726_formal4t4_reuse_intensive_Adaptive@rho1.2_c01024_theta30_rep2,2,Adaptive@rho1.2_c01024_theta30,Adaptive,82,reuse_intensive:rep2:req82,reuse_intensive,1,70,1,L0070,4096,3,,False,1789721557.957808,4096,0,0,282.43725776672363,True,True,False,False,0,0.0,0,0,4128.0,False,cache_reused,False,False,0,0.0,4cb48522f80ed9a5c95712cf169c90f8575217bc57d7b6109e86954be0797625,True,,,1,0,470.751376,1250.619771,6,4156,4,4128
20260726_formal4t4_reuse_intensive_Adaptive@rho1.2_c01024_theta30_rep2,2,Adaptive@rho1.2_c01024_theta30,Adaptive,83,reuse_intensive:rep2:req83,reuse_intensive,1,65,2,L0065,4096,2,,False,1789721557.9578333,4096,0,0,282.437283039093,True,True,False,False,0,0.0,0,0,4128.0,False,cache_reused,False,False,0,0.0,dcfc229c6c869ef0697581f7b8007bad4166d237418ec69f0265177b2ca5eb18,True,,,1,0,458.184633,1181.809738,6,4156,4,4128
20260726_formal4t4_reuse_intensive_Adaptive@rho1.2_c01024_theta30_rep2,2,Adaptive@rho1.2_c01024_theta30,Adaptive,84,reuse_intensive:rep2:req84,reuse_intensive,1,66,0,L0066,4096,1,,False,1789721567.7416658,0,0,0,,False,False,False,False,0,0.0,0,0,32.0,False,cache_miss,False,False,0,0.0,0048385b4f46601237d9dbe49de8bb5d8d5537a558d8b05db39f4e8331894c04,True,,,1,0,8784.558208,10180.786063,6,4156,4,32
20260726_formal4t4_reuse_intensive_Adaptive@rho1.2_c01024_theta30_rep2,2,Adaptive@rho1.2_c01024_theta30,Adaptive,85,reuse_intensive:rep2:req85,reuse_intensive,1,64,2,L0064,4096,1,1,True,1789721567.7417183,4096,4096,4096,48.13187909126282,False,False,False,False,4096,79.92,1,1,4128.0,True,cache_reused,False,False,0,0.0,99bd9763abc3d961c7b2e4b880c74a9daf67883dd6857eac94fd88299a1e0514,True,,,1,0,8783.835642,10180.154978,6,4156,4,4128
20260726_formal4t4_reuse_intensive_Adaptive@rho1.2_c01024_theta30_rep2,2,Adaptive@rho1.2_c01024_theta30,Adaptive,86,reuse_intensive:rep2:req86,reuse_intensive,1,83,0,L0083,4096,0,,False,1789721567.7417495,0,0,0,,False,False,False,False,0,0.0,0,0,32.0,False,cache_miss,False,False,0,0.0,c0611baa5661f2ead9d104b37e14ddbaf41eca0b236093de919419c6699c8df3,True,,,1,0,8959.496792,9756.756573,6,4156,4,32
20260726_formal4t4_reuse_intensive_Adaptive@rho1.2_c01024_theta30_rep2,2,Adaptive@rho1.2_c01024_theta30,Adaptive,87,reuse_intensive:rep2:req87,reuse_intensive,1,67,0,L0067,4096,3,,False,1789721567.7417715,0,0,0,,False,False,False,False,0,0.0,0,0,32.0,False,cache_miss,False,False,0,0.0,e71afca171d19fd1db6dbd192899376279e13f6e2f3df39bb5cf3435dfc94434,True,,,1,0,9298.575801,10044.068633,6,4156,4,32
20260726_formal4t4_reuse_intensive_Adaptive@rho1.2_c01024_theta30_rep2,2,Adaptive@rho1.2_c01024_theta30,Adaptive,88,reuse_intensive:rep2:req88,reuse_intensive,1,71,0,L0071,4096,2,,False,1789721577.9246876,0,0,0,,False,False,False,False,0,0.0,0,0,32.0,False,cache_miss,False,False,0,0.0,b0bb1bece2a0412cbfac29c9d30b279283a0c0c458d24902b79fe6890c8bc645,True,,,1,0,8324.964843,9058.383576,6,4156,4,32
20260726_formal4t4_reuse_intensive_Adaptive@rho1.2_c01024_theta30_rep2,2,Adaptive@rho1.2_c01024_theta30,Adaptive,89,reuse_intensive:rep2:req89,reuse_intensive,1,75,0,L0075,4096,0,,False,1789721577.9247255,0,0,0,,False,False,False,False,0,0.0,0,0,32.0,False,cache_miss,False,False,0,0.0,772d72650628f02ad6eec8e62a16af661022af8db3a66af6f2af53b225b84a6e,True,,,1,0,8437.403491,9182.049574,6,4156,4,32
20260726_formal4t4_reuse_intensive_Adaptive@rho1.2_c01024_theta30_rep2,2,Adaptive@rho1.2_c01024_theta30,Adaptive,90,reuse_intensive:rep2:req90,reuse_intensive,1,95,0,L0095,4096,1,,False,1789721577.9247496,0,0,0,,False,False,False,False,0,0.0,0,0,32.0,False,cache_miss,False,False,0,0.0,704afde6acf2a93c95cd4e29ad3513ba1f384999eab4e468ac66938bc708e2de,True,,,1,0,8216.740176,8929.995465,6,4156,4,32
20260726_formal4t4_reuse_intensive_Adaptive@rho1.2_c01024_theta30_rep2,2,Adaptive@rho1.2_c01024_theta30,Adaptive,91,reuse_intensive:rep2:req91,reuse_intensive,1,75,1,L0075,4096,3,,False,1789721577.924771,0,0,0,,False,False,False,False,0,0.0,0,0,32.0,False,cache_miss,False,False,0,0.0,8790a1e4bf110f5807a24cf49a2163ca2524087bb6fc34769a444ab839864f75,True,,,1,0,8624.291379,9353.569261,6,4156,4,32
20260726_formal4t4_reuse_intensive_Adaptive@rho1.2_c01024_theta30_rep2,2,Adaptive@rho1.2_c01024_theta30,Adaptive,92,reuse_intensive:rep2:req92,reuse_intensive,1,68,1,L0068,4096,2,,False,1789721587.3614426,4096,0,0,311.8408923149109,True,True,False,False,0,0.0,0,0,32.0,False,cache_miss,False,False,0,0.0,01b44cda087ca5a3d5ae408eaf8732950f20c7735f57d158500b7555aa976af3,True,,,1,0,8125.408701,8847.210715,6,4156,4,32
20260726_formal4t4_reuse_intensive_Adaptive@rho1.2_c01024_theta30_rep2,2,Adaptive@rho1.2_c01024_theta30,Adaptive,93,reuse_intensive:rep2:req93,reuse_intensive,1,64,0,L0064,4096,1,1,False,1789721587.361471,4096,4096,4096,67.75163173675537,False,False,False,False,4096,0.0,1,1,4128.0,False,cache_reused,False,False,0,0.0,faa22180ad2cfcc5a7d3b97f469ba28273009a914635f406134d6fe67fc403fc,True,,,1,0,280.47448,1025.653866,6,4156,4,4128
20260726_formal4t4_reuse_intensive_Adaptive@rho1.2_c01024_theta30_rep2,2,Adaptive@rho1.2_c01024_theta30,Adaptive,94,reuse_intensive:rep2:req94,reuse_intensive,1,65,0,L0065,4096,0,0,True,1789721587.3614905,4096,4096,4096,48.247978925704956,False,False,False,False,4096,81.92,1,1,4128.0,True,cache_reused,False,False,0,0.0,591fe289704a6594a8460085091e29ee90bc5e8b8dc6374a8abd07e016285c74,True,,,1,0,294.445492,1081.684821,6,4156,4,4128
20260726_formal4t4_reuse_intensive_Adaptive@rho1.2_c01024_theta30_rep2,2,Adaptive@rho1.2_c01024_theta30,Adaptive,95,reuse_intensive:rep2:req95,reuse_intensive,1,89,0,L0089,4096,3,,False,1789721587.3615046,0,0,0,,False,False,False,False,0,0.0,0,0,32.0,False,cache_miss,False,False,0,0.0,f6e80547aea87f72d5458eecd4c67ef3593753c80ef7abc1d8a1de9078d84fbb,True,,,1,0,8766.26242,9488.176977,6,4156,4,32
20260726_formal4t4_reuse_intensive_Adaptive@rho1.2_c01024_theta30_rep2,2,Adaptive@rho1.2_c01024_theta30,Adaptive,96,reuse_intensive:rep2:req96,reuse_intensive,1,104,0,L0104,4096,0,,False,1789721596.851775,0,0,0,,False,False,False,False,0,0.0,0,0,16.0,False,cache_miss,False,False,0,0.0,7ac0df6113e0081096089c95504aebc9cd473e23e8e27110941bcc837e11de98,True,,,1,0,9616.421852,10445.76555,6,4156,4,16
20260726_formal4t4_reuse_intensive_Adaptive@rho1.2_c01024_theta30_rep2,2,Adaptive@rho1.2_c01024_theta30,Adaptive,97,reuse_intensive:rep2:req97,reuse_intensive,1,66,1,L0066,4096,2,,False,1789721596.8517897,4096,0,0,321.3312394618988,True,True,False,False,0,0.0,0,0,32.0,False,cache_miss,False,False,0,0.0,71db7bccedfcd84fe141752cd2979e2dba0d357242fba44b5568231d10955840,True,,,1,0,8079.14124,8799.788795,6,4156,4,32
20260726_formal4t4_reuse_intensive_Adaptive@rho1.2_c01024_theta30_rep2,2,Adaptive@rho1.2_c01024_theta30,Adaptive,98,reuse_intensive:rep2:req98,reuse_intensive,1,67,1,L0067,4096,1,,False,1789721596.8517995,4096,0,0,321.33124923706055,True,True,False,False,0,0.0,0,0,32.0,False,cache_miss,False,False,0,0.0,ae3d3244927e8d4068feed0e2d9fb776ba767b79e67d93d9886050b21138ba27,True,,,1,0,9379.434321,10834.808516,6,4156,4,32
20260726_formal4t4_reuse_intensive_Adaptive@rho1.2_c01024_theta30_rep2,2,Adaptive@rho1.2_c01024_theta30,Adaptive,99,reuse_intensive:rep2:req99,reuse_intensive,1,64,1,L0064,4096,1,1,True,1789721596.851813,4096,4096,4096,77.24197387695312,False,False,False,False,4096,79.92,1,1,4128.0,True,cache_reused,False,False,0,0.0,23a31b807ec2dd68be582353118dea9d5161ad5ab7cd036ff47bb72f59afe1c7,True,,,1,0,9379.252304,10834.701038,6,4156,4,4128
20260726_formal4t4_reuse_intensive_Adaptive@rho1.2_c01024_theta30_rep2,2,Adaptive@rho1.2_c01024_theta30,Adaptive,100,reuse_intensive:rep2:req100,reuse_intensive,1,64,2,L0064,4096,1,1,False,1789721607.6896102,4096,4096,4096,88.07977104187012,False,False,False,False,4096,0.0,1,1,4128.0,False,cache_reused,False,False,0,0.0,e34312590e84f1a84a82c24a5b06170ebb08a7f6eba8f7b99071f133fefc97ca,True,,,1,0,303.764501,1116.963079,6,4157,4,4128
20260726_formal4t4_reuse_intensive_Adaptive@rho1.2_c01024_theta30_rep2,2,Adaptive@rho1.2_c01024_theta30,Adaptive,101,reuse_intensive:rep2:req101,reuse_intensive,1,80,1,L0080,4096,2,,False,1789721607.6896517,4096,0,0,332.1691014766693,True,True,False,False,0,0.0,0,0,4128.0,False,cache_reused,False,False,0,0.0,1144029e74b461de7abb6c275f21cbd5d29862381e2f151d19a105be4c0d6a71,True,,,1,0,436.336217,1168.5482,6,4157,4,4128
20260726_formal4t4_reuse_intensive_Adaptive@rho1.2_c01024_theta30_rep2,2,Adaptive@rho1.2_c01024_theta30,Adaptive,102,reuse_intensive:rep2:req102,reuse_intensive,1,64,0,L0064,4096,1,1,True,1789721607.6896908,4096,4096,4096,88.07985162734985,False,False,False,False,4096,79.92,1,1,4128.0,True,cache_reused,False,False,0,0.0,82ca59a7b0c02d0c20132dcd0b6bc186fd16b0cc43c167922f478c0fa40113a3,True,,,1,0,573.041722,1364.292051,6,4157,4,4128
20260726_formal4t4_reuse_intensive_Adaptive@rho1.2_c01024_theta30_rep2,2,Adaptive@rho1.2_c01024_theta30,Adaptive,103,reuse_intensive:rep2:req103,reuse_intensive,1,71,1,L0071,4096,0,,False,1789721607.6897163,4096,0,0,332.16916608810425,True,True,False,False,0,0.0,0,0,32.0,False,cache_miss,False,False,0,0.0,3c4b575bfdd98c0e5e172320877ed873cc6f457d474185f45d75facdd14acd1f,True,,,1,0,9347.843126,10187.814282,6,4157,4,32
20260726_formal4t4_reuse_intensive_Adaptive@rho1.2_c01024_theta30_rep2,2,Adaptive@rho1.2_c01024_theta30,Adaptive,104,reuse_intensive:rep2:req104,reuse_intensive,1,65,1,L0065,4096,0,0;1,True,1789721617.8818579,4096,4096,4096,78.76834630966187,False,False,False,False,4096,81.92,2,2,4128.0,True,cache_reused,False,False,0,0.0,133c2e3fc5449891a4b4ac6028f4e59d1845659305ad19da00223316c7f3fc87,True,,,1,0,302.908212,1089.177874,6,4157,4,4128
20260726_formal4t4_reuse_intensive_Adaptive@rho1.2_c01024_theta30_rep2,2,Adaptive@rho1.2_c01024_theta30,Adaptive,105,reuse_intensive:rep2:req105,reuse_intensive,1,64,1,L0064,4096,1,1,True,1789721617.8819098,4096,4096,4096,98.27207064628601,False,False,False,False,4096,81.92,1,1,4128.0,True,cache_reused,False,False,0,0.0,86e0c8e6db327b29beb62106dd0464eaabe1cb991f803143ac67c544fc16db3b,True,,,1,0,476.136642,1400.839173,6,4157,4,4128
20260726_formal4t4_reuse_intensive_Adaptive@rho1.2_c01024_theta30_rep2,2,Adaptive@rho1.2_c01024_theta30,Adaptive,106,reuse_intensive:rep2:req106,reuse_intensive,1,64,2,L0064,4096,1,1,True,1789721617.881945,4096,4096,4096,98.27210569381714,False,False,False,False,4096,79.92,1,1,4128.0,True,cache_reused,False,False,0,0.0,4b7b0dff13c277779fca33a3300d3741e383d13b93d994cc9602eb0070c82620,True,,,1,0,858.706824,1670.344794,6,4157,4,4128
20260726_formal4t4_reuse_intensive_Adaptive@rho1.2_c01024_theta30_rep2,2,Adaptive@rho1.2_c01024_theta30,Adaptive,107,reuse_intensive:rep2:req107,reuse_intensive,1,64,0,L0064,4096,1,1,True,1789721617.8819728,4096,4096,4096,98.2721335887909,False,False,False,False,4096,77.92,1,1,4128.0,True,cache_reused,False,False,0,0.0,2c6da140a8dec1db5c35971f97ae2c472298db94dd49abe5cac885b23f3eeccf,True,,,1,0,858.008908,1669.727393,6,4157,4,4128
20260726_formal4t4_reuse_intensive_Adaptive@rho1.2_c01024_theta30_rep2,2,Adaptive@rho1.2_c01024_theta30,Adaptive,108,reuse_intensive:rep2:req108,reuse_intensive,1,94,0,L0094,4096,3,,False,1789721619.5562165,0,0,0,,False,False,False,False,0,0.0,0,0,32.0,False,cache_miss,False,False,0,0.0,c49842c706eae19c3bdf91446731af4628327891c776a0a7e629dd135af0b144,True,,,1,0,9155.363848,9891.961783,6,4157,4,32
20260726_formal4t4_reuse_intensive_Adaptive@rho1.2_c01024_theta30_rep2,2,Adaptive@rho1.2_c01024_theta30,Adaptive,109,reuse_intensive:rep2:req109,reuse_intensive,1,77,0,L0077,4096,2,,False,1789721619.556254,0,0,0,,False,False,False,False,0,0.0,0,0,32.0,False,cache_miss,False,False,0,0.0,61959889e6c85365109c87ec74acabfbda1bf08aeebac2a26cd547d3957cbfe5,True,,,1,0,8330.584162,9081.079033,6,4157,4,32
20260726_formal4t4_reuse_intensive_Adaptive@rho1.2_c01024_theta30_rep2,2,Adaptive@rho1.2_c01024_theta30,Adaptive,110,reuse_intensive:rep2:req110,reuse_intensive,1,66,2,L0066,4096,1,1,False,1789721619.5562918,4096,4096,4096,41.63316082954407,False,False,False,False,4096,0.0,1,1,4128.0,False,cache_reused,False,False,0,0.0,81112315baa604664267cdc63ab1576f9e2c7418f71394a186e43bd53a9cddd1,True,,,1,0,300.907391,1040.587937,6,4157,4,4128
20260726_formal4t4_reuse_intensive_Adaptive@rho1.2_c01024_theta30_rep2,2,Adaptive@rho1.2_c01024_theta30,Adaptive,111,reuse_intensive:rep2:req111,reuse_intensive,1,69,1,L0069,4096,0,,False,1789721619.5563202,4096,0,0,344.0357699394226,True,True,False,False,0,0.0,0,0,32.0,False,cache_miss,False,False,0,0.0,94879ae75d0ce775daa135f668da19e141739fb19004c4099abc899799543318,True,,,1,0,9103.117105,9916.034511,6,4157,4,32
20260726_formal4t4_reuse_intensive_Adaptive@rho1.2_c01024_theta30_rep2,2,Adaptive@rho1.2_c01024_theta30,Adaptive,112,reuse_intensive:rep2:req112,reuse_intensive,1,114,0,L0114,4096,0,,False,1789721629.4769204,0,0,0,,False,False,False,False,0,0.0,0,0,32.0,False,cache_miss,False,False,0,0.0,5df75f2ae5915f7599385db2e072db610f925d89da491ad7fd5c060b538c1524,True,,,1,0,9199.817269,9971.386788,6,4157,4,32
20260726_formal4t4_reuse_intensive_Adaptive@rho1.2_c01024_theta30_rep2,2,Adaptive@rho1.2_c01024_theta30,Adaptive,113,reuse_intensive:rep2:req113,reuse_intensive,1,64,1,L0064,4096,1,1,True,1789721629.476972,4096,4096,4096,109.86713290214539,False,False,False,False,4096,81.92,1,1,4128.0,True,cache_reused,False,False,0,0.0,ab26322c46052b7ab56ab614728165373a346d294fc38ece35700d591b407ca8,True,,,1,0,463.568424,1207.735284,6,4157,4,4128
20260726_formal4t4_reuse_intensive_Adaptive@rho1.2_c01024_theta30_rep2,2,Adaptive@rho1.2_c01024_theta30,Adaptive,114,reuse_intensive:rep2:req114,reuse_intensive,1,103,0,L0103,4096,3,,False,1789721629.4770038,0,0,0,,False,False,False,False,0,0.0,0,0,16.0,False,cache_miss,False,False,0,0.0,9bc3c7bdcb9b5950df5a2f171008c052c8f034ec36fe5884d55b36e4ae43f361,True,,,1,0,9248.138162,10013.05216,6,4157,4,16
20260726_formal4t4_reuse_intensive_Adaptive@rho1.2_c01024_theta30_rep2,2,Adaptive@rho1.2_c01024_theta30,Adaptive,115,reuse_intensive:rep2:req115,reuse_intensive,1,82,0,L0082,4096,2,,False,1789721629.4770274,0,0,0,,False,False,False,False,0,0.0,0,0,32.0,False,cache_miss,False,False,0,0.0,09ea332208e57098fbff657083e50397e97795d19642f13fe05daa7b7b910543,True,,,1,0,8840.181591,9588.205266,6,4157,4,32
20260726_formal4t4_reuse_intensive_Adaptive@rho1.2_c01024_theta30_rep2,2,Adaptive@rho1.2_c01024_theta30,Adaptive,116,reuse_intensive:rep2:req116,reuse_intensive,1,64,2,L0064,4096,1,1,False,1789721639.4939013,4096,4096,4096,119.88406205177307,False,False,False,False,4096,0.0,1,1,4128.0,False,cache_reused,False,False,0,0.0,5ac3cda04f26be6154ab908268e70ee91bc6d5f2346def18df442694926eeb35,True,,,1,0,466.751334,1858.041796,6,4157,4,4128
20260726_formal4t4_reuse_intensive_Adaptive@rho1.2_c01024_theta30_rep2,2,Adaptive@rho1.2_c01024_theta30,Adaptive,117,reuse_intensive:rep2:req117,reuse_intensive,1,66,0,L0066,4096,1,1,True,1789721639.4939528,4096,4096,4096,61.57082176208496,False,False,False,False,4096,79.92,1,1,4128.0,True,cache_reused,False,False,0,0.0,95cdf9e3a79585f7d6785fc7a9ae83c8923dd012f75a54fc55313710e26904f9,True,,,1,0,927.990143,2103.636062,6,4157,4,4128
20260726_formal4t4_reuse_intensive_Adaptive@rho1.2_c01024_theta30_rep2,2,Adaptive@rho1.2_c01024_theta30,Adaptive,118,reuse_intensive:rep2:req118,reuse_intensive,1,65,2,L0065,4096,0,0;1,False,1789721639.493993,4096,4096,4096,100.38048148155212,False,False,False,False,4096,0.0,2,2,4128.0,False,cache_reused,False,False,0,0.0,98eb36c386a9e44833bf0c1d4cc2500b451ba9dd53ed819b85ddaa2fb0184783,True,,,1,0,311.832622,1093.856546,6,4157,4,4128
20260726_formal4t4_reuse_intensive_Adaptive@rho1.2_c01024_theta30_rep2,2,Adaptive@rho1.2_c01024_theta30,Adaptive,119,reuse_intensive:rep2:req119,reuse_intensive,1,90,0,L0090,4096,3,,False,1789721639.4940207,0,0,0,,False,False,False,False,0,0.0,0,0,32.0,False,cache_miss,False,False,0,0.0,ce1c426130c95867e973976b61c67aa5611bf48071b2a82c32fb6a7cffeb42ec,True,,,1,0,9479.147485,10231.946728,6,4157,4,32
20260726_formal4t4_reuse_intensive_Adaptive@rho1.2_c01024_theta30_rep3,3,Adaptive@rho1.2_c01024_theta30,Adaptive,24,reuse_intensive:rep3:req24,reuse_intensive,0,1,2,L0001,4096,0,0;3,True,1789721806.7220368,4096,4096,4096,130.85062170028687,False,False,False,False,4096,81.92,2,2,4128.0,True,cache_reused,False,False,0,0.0,1c99218ac6b81383d6dbfc40ef2c84182d2a26ebab9a4bd84ca6886327058ad5,True,,,1,0,334.86688,1774.107285,6,4156,4,4128
20260726_formal4t4_reuse_intensive_Adaptive@rho1.2_c01024_theta30_rep3,3,Adaptive@rho1.2_c01024_theta30,Adaptive,25,reuse_intensive:rep3:req25,reuse_intensive,0,9,1,L0009,4096,0,0,True,1789721806.7220876,4096,4096,4096,55.59460234642029,False,False,False,False,4096,79.92,1,1,4128.0,True,cache_reused,False,False,0,0.0,a5b428342ae3a7946cadaeea431f69cb9e5a8bbef5286b529e1c6277d7e43564,True,,,1,0,812.734306,2012.515589,6,4156,4,4128
20260726_formal4t4_reuse_intensive_Adaptive@rho1.2_c01024_theta30_rep3,3,Adaptive@rho1.2_c01024_theta30,Adaptive,26,reuse_intensive:rep3:req26,reuse_intensive,0,4,1,L0004,4096,2,,False,1789721806.722118,4096,0,0,150.88251519203186,True,True,False,False,0,0.0,0,0,4128.0,False,cache_reused,False,False,0,0.0,a654a8598d72f43fc93a284aba35bfb0011a5f1c5f7167a87a03a65e7f620928,True,,,1,0,475.716569,1250.537567,6,4156,4,4128
20260726_formal4t4_reuse_intensive_Adaptive@rho1.2_c01024_theta30_rep3,3,Adaptive@rho1.2_c01024_theta30,Adaptive,27,reuse_intensive:rep3:req27,reuse_intensive,0,8,0,L0008,4096,1,,False,1789721806.7221425,4096,0,0,150.8825397491455,True,True,False,False,0,0.0,0,0,4128.0,False,cache_reused,False,False,0,0.0,cf1b944ef44b6aa1373771daafe743060cf4275490ff4d5077cf7e1285ed21be,True,,,1,0,462.849543,1224.499394,6,4156,4,4128
20260726_formal4t4_reuse_intensive_Adaptive@rho1.2_c01024_theta30_rep3,3,Adaptive@rho1.2_c01024_theta30,Adaptive,28,reuse_intensive:rep3:req28,reuse_intensive,0,1,0,L0001,4096,3,0;3,False,1789721808.7375355,4096,4096,4096,132.8660171031952,False,False,False,False,4096,0.0,2,2,4128.0,False,cache_reused,False,False,0,0.0,7b4cda841320eea8b5f63fd639095932dd58c3fc90135a802c070500b16c00ea,True,,,1,0,413.973653,1792.667531,6,4156,4,4128
20260726_formal4t4_reuse_intensive_Adaptive@rho1.2_c01024_theta30_rep3,3,Adaptive@rho1.2_c01024_theta30,Adaptive,29,reuse_intensive:rep3:req29,reuse_intensive,0,0,0,L0000,4096,0,0;3,True,1789721808.737587,4096,4096,4096,142.80153703689575,False,False,False,False,4096,81.92,2,2,4128.0,True,cache_reused,False,False,0,0.0,f12045d4835f2d9b0cb91180b153756836f6137c67bdaaef0287a247fc00d5c5,True,,,1,0,320.211778,1831.676013,6,4156,4,4128
20260726_formal4t4_reuse_intensive_Adaptive@rho1.2_c01024_theta30_rep3,3,Adaptive@rho1.2_c01024_theta30,Adaptive,30,reuse_intensive:rep3:req30,reuse_intensive,0,7,0,L0007,4096,0,0;3,True,1789721808.7376246,4096,4096,4096,78.18167781829834,False,False,False,False,4096,79.92,2,2,4128.0,True,cache_reused,False,False,0,0.0,49a21cd0403661c8a08f6405aa0eba83139f01ecf3fadd4e2504191d93184953,True,,,1,0,825.551896,2096.86348,6,4156,4,4128
20260726_formal4t4_reuse_intensive_Adaptive@rho1.2_c01024_theta30_rep3,3,Adaptive@rho1.2_c01024_theta30,Adaptive,31,reuse_intensive:rep3:req31,reuse_intensive,0,0,1,L0000,4096,3,0;3,True,1789721808.7376556,4096,4096,4096,142.80151796340942,False,False,False,False,4096,79.92,2,2,4128.0,True,cache_reused,False,False,0,0.0,cf88b87c4b6b84023a10cab4b8236f79f6605ff212c05ba1a989a596cf1aeb69,True,,,1,0,873.322532,2034.62141,6,4156,4,4128
20260726_formal4t4_reuse_intensive_Adaptive@rho1.2_c01024_theta30_rep3,3,Adaptive@rho1.2_c01024_theta30,Adaptive,32,reuse_intensive:rep3:req32,reuse_intensive,0,0,2,L0000,4096,3,0;3,False,1789721810.8381538,4096,4096,4096,144.90201616287231,False,False,False,False,4096,0.0,2,2,4128.0,False,cache_reused,False,False,0,0.0,b4e07b6ddc6feb56db2ef8cf0604643015c86449e51a5c67283b9ac5be416613,True,,,1,0,277.120024,1658.348537,6,4156,4,4128
20260726_formal4t4_reuse_intensive_Adaptive@rho1.2_c01024_theta30_rep3,3,Adaptive@rho1.2_c01024_theta30,Adaptive,33,reuse_intensive:rep3:req33,reuse_intensive,0,0,0,L0000,4096,0,0;3,True,1789721810.8382165,4096,4096,4096,21.53836417198181,False,False,False,False,4096,81.92,2,2,4128.0,True,cache_reused,False,False,0,0.0,e46f727aabcb2eee2d52049e9d47eb3df67a7962d071d34656819099542b42b5,True,,,1,0,321.807731,1185.357885,6,4156,4,4128
20260726_formal4t4_reuse_intensive_Adaptive@rho1.2_c01024_theta30_rep3,3,Adaptive@rho1.2_c01024_theta30,Adaptive,34,reuse_intensive:rep3:req34,reuse_intensive,0,0,1,L0000,4096,0,0;3,True,1789721810.8382533,4096,4096,4096,21.538400888442993,False,False,False,False,4096,79.92,2,2,4128.0,True,cache_reused,False,False,0,0.0,64386a09c100813193a27527fb7a8ba1d8a5d6b675a14c2d2398d9561cae548a,True,,,1,0,611.628901,1454.919412,6,4156,4,4128
20260726_formal4t4_reuse_intensive_Adaptive@rho1.2_c01024_theta30_rep3,3,Adaptive@rho1.2_c01024_theta30,Adaptive,35,reuse_intensive:rep3:req35,reuse_intensive,0,1,1,L0001,4096,3,0;3,True,1789721810.8382833,4096,4096,4096,134.9667649269104,False,False,False,False,4096,79.92,2,2,4128.0,True,cache_reused,False,False,0,0.0,9769510ab1738d7e5de02c14d44f67019adf18850594316576bab35c6aedbc33,True,,,1,0,737.407341,1894.699533,6,4156,4,4128
20260726_formal4t4_reuse_intensive_Adaptive@rho1.2_c01024_theta30_rep3,3,Adaptive@rho1.2_c01024_theta30,Adaptive,36,reuse_intensive:rep3:req36,reuse_intensive,0,0,2,L0000,4096,3,0;3,False,1789721812.7373328,4096,4096,4096,146.80119514465332,False,False,False,False,4096,0.0,2,2,4128.0,False,cache_reused,False,False,0,0.0,cbb8af0b0b0328e8f05ec72ff29fa914ebbd9471de832765322ad8ae1975630a,True,,,1,0,274.749968,1066.341966,6,4156,4,4128
20260726_formal4t4_reuse_intensive_Adaptive@rho1.2_c01024_theta30_rep3,3,Adaptive@rho1.2_c01024_theta30,Adaptive,37,reuse_intensive:rep3:req37,reuse_intensive,0,0,0,L0000,4096,0,0;3,False,1789721812.7373822,4096,4096,4096,23.437529802322388,False,False,False,False,4096,0.0,2,2,4128.0,False,cache_reused,False,False,0,0.0,f5ac1349f9772a4bb643ab4f2bc8b28b5094ad12967ce64f4121b85989573768,True,,,1,0,324.345752,1133.724138,6,4156,4,4128
20260726_formal4t4_reuse_intensive_Adaptive@rho1.2_c01024_theta30_rep3,3,Adaptive@rho1.2_c01024_theta30,Adaptive,38,reuse_intensive:rep3:req38,reuse_intensive,0,8,1,L0008,4096,2,,False,1789721812.7374098,4096,0,0,156.89780712127686,True,True,False,False,0,0.0,0,0,4128.0,False,cache_reused,False,False,0,0.0,fa1331bb6ecb3c0fc1538de7123e70c9f7d3c28f2b512e31c69078b98b288942,True,,,1,0,455.964078,1172.92114,6,4156,4,4128
20260726_formal4t4_reuse_intensive_Adaptive@rho1.2_c01024_theta30_rep3,3,Adaptive@rho1.2_c01024_theta30,Adaptive,39,reuse_intensive:rep3:req39,reuse_intensive,0,0,1,L0000,4096,3,0;3,True,1789721812.7374456,4096,4096,4096,146.80130791664124,False,False,False,False,4096,79.92,2,2,4128.0,True,cache_reused,False,False,0,0.0,59fe3ba5d8d984f9ebc39842cab74c44f76ddd5a766f3746deb5c07c435e0b79,True,,,1,0,538.520141,1305.168857,6,4156,4,4128
20260726_formal4t4_reuse_intensive_Adaptive@rho1.2_c01024_theta30_rep3,3,Adaptive@rho1.2_c01024_theta30,Adaptive,40,reuse_intensive:rep3:req40,reuse_intensive,0,0,2,L0000,4096,3,0;3,True,1789721814.0469496,4096,4096,4096,148.11081194877625,False,False,False,False,4096,81.92,2,2,4128.0,True,cache_reused,False,False,0,0.0,d07423d886b0007ba137c6ab0fac09035811a86bf8db0bb4ad263ecd773a6a5e,True,,,1,0,273.755644,1008.940167,6,4156,4,4128
20260726_formal4t4_reuse_intensive_Adaptive@rho1.2_c01024_theta30_rep3,3,Adaptive@rho1.2_c01024_theta30,Adaptive,41,reuse_intensive:rep3:req41,reuse_intensive,0,20,0,L0020,4096,1,,False,1789721814.0469913,0,0,0,,False,False,False,False,0,0.0,0,0,32.0,False,cache_miss,False,False,0,0.0,c0cf44af1147314fec49dd1c291a09fc5a8d0c680274fece6c1eae59a1506f81,True,,,1,0,8382.696894,9102.455675,6,4156,4,32
20260726_formal4t4_reuse_intensive_Adaptive@rho1.2_c01024_theta30_rep3,3,Adaptive@rho1.2_c01024_theta30,Adaptive,42,reuse_intensive:rep3:req42,reuse_intensive,0,4,2,L0004,4096,2,,False,1789721814.0470183,4096,0,0,158.2074155807495,True,True,False,False,0,0.0,0,0,4128.0,False,cache_reused,False,False,0,0.0,b3f6a90c74b79e72fc624c4c0eb5d779d3b368e8bf801098b965543b2e374686,True,,,1,0,314.106031,1092.420914,6,4156,4,4128
20260726_formal4t4_reuse_intensive_Adaptive@rho1.2_c01024_theta30_rep3,3,Adaptive@rho1.2_c01024_theta30,Adaptive,43,reuse_intensive:rep3:req43,reuse_intensive,0,7,1,L0007,4096,0,0;3,False,1789721814.0470548,4096,4096,4096,83.49110794067383,False,False,False,False,4096,0.0,2,2,4128.0,False,cache_reused,False,False,0,0.0,89507a132a1795df0d16c2c55ed55aa336024cddece839130c6a87b13230436a,True,,,1,0,318.557874,1112.923406,6,4156,4,4128
20260726_formal4t4_reuse_intensive_Adaptive@rho1.2_c01024_theta30_rep3,3,Adaptive@rho1.2_c01024_theta30,Adaptive,44,reuse_intensive:rep3:req44,reuse_intensive,0,19,0,L0019,4096,0,,False,1789721823.1524143,0,0,0,,False,False,False,False,0,0.0,0,0,32.0,False,cache_miss,False,False,0,0.0,7d1860fc2375585010aa8b6fd431faff8db38ffa1bc599914fca1f3fd543a63c,True,,,1,0,9840.985958,11269.31975,6,4156,4,32
20260726_formal4t4_reuse_intensive_Adaptive@rho1.2_c01024_theta30_rep3,3,Adaptive@rho1.2_c01024_theta30,Adaptive,45,reuse_intensive:rep3:req45,reuse_intensive,0,0,0,L0000,4096,3,0;3,True,1789721823.1524715,4096,4096,4096,157.21633386611938,False,False,False,False,4096,81.92,2,2,4128.0,True,cache_reused,False,False,0,0.0,409dccd8dc09237b4266a1eb49a942f5182fd5ba10e5c3a855b0aed2da6ecc43,True,,,1,0,442.919107,1169.061371,6,4156,4,4128
20260726_formal4t4_reuse_intensive_Adaptive@rho1.2_c01024_theta30_rep3,3,Adaptive@rho1.2_c01024_theta30,Adaptive,46,reuse_intensive:rep3:req46,reuse_intensive,0,3,0,L0003,4096,0,0;3,True,1789721823.1525111,4096,4096,4096,126.95825386047363,False,False,False,False,4096,79.92,2,2,4128.0,True,cache_reused,False,False,0,0.0,313aaa461a215b4589e943ff704fcd4086e36e139cf13b09dd9190ba5a551682,True,,,1,0,9838.956638,11267.179564,6,4156,4,4128
20260726_formal4t4_reuse_intensive_Adaptive@rho1.2_c01024_theta30_rep3,3,Adaptive@rho1.2_c01024_theta30,Adaptive,47,reuse_intensive:rep3:req47,reuse_intensive,0,18,0,L0018,4096,2,,False,1789721823.1525352,0,0,0,,False,False,False,False,0,0.0,0,0,32.0,False,cache_miss,False,False,0,0.0,1fefdcb6b2ceb5cd306cb9f699e370a8040c91501435d7f2642f3d5658679a44,True,,,1,0,8939.637438,9711.426481,6,4156,4,32
20260726_formal4t4_reuse_intensive_Adaptive@rho1.2_c01024_theta30_rep3,3,Adaptive@rho1.2_c01024_theta30,Adaptive,48,reuse_intensive:rep3:req48,reuse_intensive,0,43,0,L0043,4096,2,,False,1789721834.4237857,0,0,0,,False,False,False,False,0,0.0,0,0,32.0,False,cache_miss,False,False,0,0.0,d2ebaec1df4b98eb30b10ffbd0f538b930ae2e7a53710425e3e6778bf4fc9a4b,True,,,1,0,8366.677178,9093.464864,6,4156,4,32
20260726_formal4t4_reuse_intensive_Adaptive@rho1.2_c01024_theta30_rep3,3,Adaptive@rho1.2_c01024_theta30,Adaptive,49,reuse_intensive:rep3:req49,reuse_intensive,0,2,1,L0002,4096,0,0;2,False,1789721834.4238427,4096,4096,4096,148.11450719833374,False,False,False,False,4096,0.0,2,2,4128.0,False,cache_reused,False,False,0,0.0,7a84eeeb94373affc8280c7a594e1e6be31a5752dc17828e0da0ee8159f12b58,True,,,1,0,333.659862,1796.512474,6,4156,4,4128
20260726_formal4t4_reuse_intensive_Adaptive@rho1.2_c01024_theta30_rep3,3,Adaptive@rho1.2_c01024_theta30,Adaptive,50,reuse_intensive:rep3:req50,reuse_intensive,0,3,1,L0003,4096,3,0;3,False,1789721834.4238822,4096,4096,4096,138.22953724861145,False,False,False,False,4096,0.0,2,2,4128.0,False,cache_reused,False,False,0,0.0,28cad6289f49008f65667751c71a4ede8bb2a2d000d425f2534f8c139555caa7,True,,,1,0,420.251308,1146.20671,6,4156,4,4128
20260726_formal4t4_reuse_intensive_Adaptive@rho1.2_c01024_theta30_rep3,3,Adaptive@rho1.2_c01024_theta30,Adaptive,51,reuse_intensive:rep3:req51,reuse_intensive,0,0,1,L0000,4096,0,0;3,True,1789721834.4239159,4096,4096,4096,45.12406349182129,False,False,False,False,4096,79.92,2,2,4128.0,True,cache_reused,False,False,0,0.0,c76d052506742f3a5ab7fd283a4e4b910ce29987d9aafc9a506dd7c8a75a1a14,True,,,1,0,821.863634,2064.566847,6,4156,4,4128
20260726_formal4t4_reuse_intensive_Adaptive@rho1.2_c01024_theta30_rep3,3,Adaptive@rho1.2_c01024_theta30,Adaptive,52,reuse_intensive:rep3:req52,reuse_intensive,0,3,2,L0003,4096,0,0;3,True,1789721843.5193129,4096,4096,4096,147.32505559921265,False,False,False,False,4096,81.92,2,2,4128.0,True,cache_reused,False,False,0,0.0,7507866f9d5a4caed8ac4e3beb07f0e135c3c5d127b8c070bbf9488d5debd0ff,True,,,1,0,479.450707,2003.079161,6,4156,4,4128
20260726_formal4t4_reuse_intensive_Adaptive@rho1.2_c01024_theta30_rep3,3,Adaptive@rho1.2_c01024_theta30,Adaptive,53,reuse_intensive:rep3:req53,reuse_intensive,0,21,0,L0021,4096,3,,False,1789721843.519354,0,0,0,,False,False,False,False,0,0.0,0,0,32.0,False,cache_miss,False,False,0,0.0,e074ca8d631c7117ea8d26b25bc02d546648472f1ab6e8bdce992b1f324ae624,True,,,1,0,9601.431044,10949.750768,6,4156,4,32
20260726_formal4t4_reuse_intensive_Adaptive@rho1.2_c01024_theta30_rep3,3,Adaptive@rho1.2_c01024_theta30,Adaptive,54,reuse_intensive:rep3:req54,reuse_intensive,0,3,0,L0003,4096,3,0;3,True,1789721843.5193925,4096,4096,4096,147.32504749298096,False,False,False,False,4096,79.92,2,2,4128.0,True,cache_reused,False,False,0,0.0,a909df8aec602a0c8d1b2586b3b25a19e1a186107d237ab4d691b8aa6f4acf5d,True,,,1,0,9600.756126,10949.14968,6,4156,4,4128
20260726_formal4t4_reuse_intensive_Adaptive@rho1.2_c01024_theta30_rep3,3,Adaptive@rho1.2_c01024_theta30,Adaptive,55,reuse_intensive:rep3:req55,reuse_intensive,0,0,2,L0000,4096,0,0;3,True,1789721843.5194244,4096,4096,4096,54.21957206726074,False,False,False,False,4096,79.92,2,2,4128.0,True,cache_reused,False,False,0,0.0,501ea76d516d498226da89e5049218be51eb5d242e2c4fdfffbb61e7262d4b28,True,,,1,0,986.729025,2271.269549,6,4156,4,4128
20260726_formal4t4_reuse_intensive_Adaptive@rho1.2_c01024_theta30_rep3,3,Adaptive@rho1.2_c01024_theta30,Adaptive,56,reuse_intensive:rep3:req56,reuse_intensive,0,0,0,L0000,4096,0,0;3,False,1789721854.472385,4096,4096,4096,65.17253255844116,False,False,False,False,4096,0.0,2,2,4128.0,False,cache_reused,False,False,0,0.0,8f28c5d1c7e845868ad757509ffc5128dccfcc49dcffe8e933aa4121df34a700,True,,,1,0,502.770098,1368.535073,6,4156,4,4128
20260726_formal4t4_reuse_intensive_Adaptive@rho1.2_c01024_theta30_rep3,3,Adaptive@rho1.2_c01024_theta30,Adaptive,57,reuse_intensive:rep3:req57,reuse_intensive,0,1,2,L0001,4096,3,0;3,True,1789721854.4724395,4096,4096,4096,178.60092115402222,False,False,False,False,4096,81.92,2,2,4128.0,True,cache_reused,False,False,0,0.0,6d17156c563b19c1d6be8f47ef7fcb820bb0e94053300212cc99e6300dd8af31,True,,,1,0,309.473047,1679.569916,6,4156,4,4128
20260726_formal4t4_reuse_intensive_Adaptive@rho1.2_c01024_theta30_rep3,3,Adaptive@rho1.2_c01024_theta30,Adaptive,58,reuse_intensive:rep3:req58,reuse_intensive,0,0,1,L0000,4096,3,0;3,True,1789721854.4724765,4096,4096,4096,188.53633880615234,False,False,False,False,4096,79.92,2,2,4128.0,True,cache_reused,False,False,0,0.0,f4bc9607730b0afde87e6d41bf9e12c05399bbdf2bb4b4505ea46e3daf4b7db1,True,,,1,0,768.40844,1922.424292,6,4156,4,4128
20260726_formal4t4_reuse_intensive_Adaptive@rho1.2_c01024_theta30_rep3,3,Adaptive@rho1.2_c01024_theta30,Adaptive,59,reuse_intensive:rep3:req59,reuse_intensive,0,0,2,L0000,4096,0,0;3,True,1789721854.4725049,4096,4096,4096,65.17265248298645,False,False,False,False,4096,79.92,2,2,4128.0,True,cache_reused,False,False,0,0.0,a0affa8e88dcd8ad93aec1c3b4d40e409c99719cb0a99ab0be8ad73a34a8f1b7,True,,,1,0,791.865644,1632.588596,6,4156,4,4128
20260726_formal4t4_reuse_intensive_Adaptive@rho1.2_c01024_theta30_rep3,3,Adaptive@rho1.2_c01024_theta30,Adaptive,60,reuse_intensive:rep3:req60,reuse_intensive,1,69,0,L0069,4096,0,,False,1789721856.3987808,0,0,0,,False,False,False,False,0,0.0,0,0,32.0,False,cache_miss,False,False,0,0.0,4adf282f2f04c8d5b9e1d9ece7aed6e0cfdeb8e821eb0ef434d628444a70a600,True,,,1,0,8859.744884,9645.486203,6,4156,4,32
20260726_formal4t4_reuse_intensive_Adaptive@rho1.2_c01024_theta30_rep3,3,Adaptive@rho1.2_c01024_theta30,Adaptive,61,reuse_intensive:rep3:req61,reuse_intensive,1,65,0,L0065,4096,2,,False,1789721856.3988202,0,0,0,,False,False,False,False,0,0.0,0,0,32.0,False,cache_miss,False,False,0,0.0,663be6d01dba66a710f74eeaf2bfc0ce90f264eb15122f2195734f33b56b2022,True,,,1,0,8406.685623,9132.208284,6,4156,4,32
20260726_formal4t4_reuse_intensive_Adaptive@rho1.2_c01024_theta30_rep3,3,Adaptive@rho1.2_c01024_theta30,Adaptive,62,reuse_intensive:rep3:req62,reuse_intensive,1,70,0,L0070,4096,1,,False,1789721856.3988473,0,0,0,,False,False,False,False,0,0.0,0,0,32.0,False,cache_miss,False,False,0,0.0,a1518c53cf117727e1a91d88850206cee1c5e8e490bdb8cfb31bd989a8376cd2,True,,,1,0,8690.443549,9395.895836,6,4156,4,32
20260726_formal4t4_reuse_intensive_Adaptive@rho1.2_c01024_theta30_rep3,3,Adaptive@rho1.2_c01024_theta30,Adaptive,63,reuse_intensive:rep3:req63,reuse_intensive,1,124,0,L0124,4096,3,,False,1789721856.39887,0,0,0,,False,False,False,False,0,0.0,0,0,16.0,False,cache_miss,False,False,0,0.0,710730425a7eea933debdbd4f5538a9a860f2ccc4403b323c51126f0f5f7f39c,True,,,1,0,9350.589758,10085.52503,6,4156,4,16
20260726_formal4t4_reuse_intensive_Adaptive@rho1.2_c01024_theta30_rep3,3,Adaptive@rho1.2_c01024_theta30,Adaptive,64,reuse_intensive:rep3:req64,reuse_intensive,1,65,1,L0065,4096,0,,False,1789721866.4890175,4096,0,0,210.64941477775574,True,True,False,False,0,0.0,0,0,32.0,False,cache_miss,False,False,0,0.0,307334f99c361b4b259fc0e373a1bf52e7dc91789b3823a0ed2444d339486bed,True,,,1,0,8903.303499,9687.564998,6,4156,4,32
20260726_formal4t4_reuse_intensive_Adaptive@rho1.2_c01024_theta30_rep3,3,Adaptive@rho1.2_c01024_theta30,Adaptive,65,reuse_intensive:rep3:req65,reuse_intensive,1,69,1,L0069,4096,3,,False,1789721866.489058,4096,0,0,210.64945530891418,True,True,False,False,0,0.0,0,0,32.0,False,cache_miss,False,False,0,0.0,0de836b5b5936fd04b58933d019a6f8801adf421efe18e93384817d493a1e063,True,,,1,0,9505.102322,10270.532639,6,4156,4,32
20260726_formal4t4_reuse_intensive_Adaptive@rho1.2_c01024_theta30_rep3,3,Adaptive@rho1.2_c01024_theta30,Adaptive,66,reuse_intensive:rep3:req66,reuse_intensive,1,112,0,L0112,4096,1,,False,1789721866.4890852,0,0,0,,False,False,False,False,0,0.0,0,0,16.0,False,cache_miss,False,False,0,0.0,16f7121c497e249202994f1e671bc49a39ea91be0c99ab68492b50f98ca78871,True,,,1,0,8738.818207,9466.952919,6,4156,4,16
20260726_formal4t4_reuse_intensive_Adaptive@rho1.2_c01024_theta30_rep3,3,Adaptive@rho1.2_c01024_theta30,Adaptive,67,reuse_intensive:rep3:req67,reuse_intensive,1,76,0,L0076,4096,2,,False,1789721866.4891074,0,0,0,,False,False,False,False,0,0.0,0,0,32.0,False,cache_miss,False,False,0,0.0,c47f8f9f1e7ebce01365ed9d8496f8aa49d3e968d458d2d66b6144f52b27cc13,True,,,1,0,8842.880456,9601.195622,6,4156,4,32
20260726_formal4t4_reuse_intensive_Adaptive@rho1.2_c01024_theta30_rep3,3,Adaptive@rho1.2_c01024_theta30,Adaptive,68,reuse_intensive:rep3:req68,reuse_intensive,1,71,0,L0071,4096,0,,False,1789721876.7625442,0,0,0,,False,False,False,False,0,0.0,0,0,32.0,False,cache_miss,False,False,0,0.0,a62cb66f71d40f72aaf1eab8075f8c6e8a0c2956f35f024a0c7191c693169b25,True,,,1,0,8989.416564,9766.409824,6,4156,4,32
20260726_formal4t4_reuse_intensive_Adaptive@rho1.2_c01024_theta30_rep3,3,Adaptive@rho1.2_c01024_theta30,Adaptive,69,reuse_intensive:rep3:req69,reuse_intensive,1,69,2,L0069,4096,1,,False,1789721876.7625833,4096,0,0,220.9229805469513,True,True,False,False,0,0.0,0,0,32.0,False,cache_miss,False,False,0,0.0,87574ba3057753fa557c1b144f37cdf0b5f9e09300249dd42a11326c6ff0e47c,True,,,1,0,8873.388515,9626.149713,6,4156,4,32
20260726_formal4t4_reuse_intensive_Adaptive@rho1.2_c01024_theta30_rep3,3,Adaptive@rho1.2_c01024_theta30,Adaptive,70,reuse_intensive:rep3:req70,reuse_intensive,1,74,0,L0074,4096,2,,False,1789721876.7626116,0,0,0,,False,False,False,False,0,0.0,0,0,32.0,False,cache_miss,False,False,0,0.0,56d6ea74feaa00fe2d5c840e2619dde32ad32940a910e21e779a58bc2e6bec70,True,,,1,0,7790.87327,8477.502529,6,4156,4,32
20260726_formal4t4_reuse_intensive_Adaptive@rho1.2_c01024_theta30_rep3,3,Adaptive@rho1.2_c01024_theta30,Adaptive,71,reuse_intensive:rep3:req71,reuse_intensive,1,64,0,L0064,4096,3,,False,1789721876.7626336,0,0,0,,False,False,False,False,0,0.0,0,0,32.0,False,cache_miss,False,False,0,0.0,af1ec262ba18a30683fce0f444582487da729aaed56b093ffb3f6f52f53e1900,True,,,1,0,9027.394466,9776.89262,6,4156,4,32
20260726_formal4t4_reuse_intensive_Adaptive@rho1.2_c01024_theta30_rep3,3,Adaptive@rho1.2_c01024_theta30,Adaptive,72,reuse_intensive:rep3:req72,reuse_intensive,1,67,0,L0067,4096,0,,False,1789721886.5438812,0,0,0,,False,False,False,False,0,0.0,0,0,32.0,False,cache_miss,False,False,0,0.0,9e3c15020e3a81be5ad8040be210df2696b7d5787e6922b83f35d091149ee484,True,,,1,0,9305.854915,10107.342936,6,4156,4,32
20260726_formal4t4_reuse_intensive_Adaptive@rho1.2_c01024_theta30_rep3,3,Adaptive@rho1.2_c01024_theta30,Adaptive,73,reuse_intensive:rep3:req73,reuse_intensive,1,64,1,L0064,4096,2,,False,1789721886.5439198,4096,0,0,230.7043170928955,True,True,False,False,0,0.0,0,0,32.0,False,cache_miss,False,False,0,0.0,91269667db552c2b21d066684caf8892d3452c50dfac886b81ddeb95a37426a9,True,,,1,0,8090.642117,8799.287758,6,4156,4,32
20260726_formal4t4_reuse_intensive_Adaptive@rho1.2_c01024_theta30_rep3,3,Adaptive@rho1.2_c01024_theta30,Adaptive,74,reuse_intensive:rep3:req74,reuse_intensive,1,71,1,L0071,4096,1,,False,1789721886.5439475,4096,0,0,230.70434474945068,True,True,False,False,0,0.0,0,0,32.0,False,cache_miss,False,False,0,0.0,09d903037ea69c0cd54282287f1aa1f5e5b1e85eda9539c92c3576d7d0d6510a,True,,,1,0,8453.921965,9169.123128,6,4156,4,32
20260726_formal4t4_reuse_intensive_Adaptive@rho1.2_c01024_theta30_rep3,3,Adaptive@rho1.2_c01024_theta30,Adaptive,75,reuse_intensive:rep3:req75,reuse_intensive,1,64,2,L0064,4096,3,,False,1789721886.543971,4096,0,0,230.70436835289001,True,True,False,False,0,0.0,0,0,4128.0,False,cache_reused,False,False,0,0.0,2bb9a180da5d95c0b8136915e108bc9ccd7382c22fc128440f148ec380163b91,True,,,1,0,279.386098,1026.803063,6,4156,4,4128
20260726_formal4t4_reuse_intensive_Adaptive@rho1.2_c01024_theta30_rep3,3,Adaptive@rho1.2_c01024_theta30,Adaptive,76,reuse_intensive:rep3:req76,reuse_intensive,1,67,1,L0067,4096,0,,False,1789721896.653251,4096,0,0,240.81364822387695,True,True,False,False,0,0.0,0,0,4128.0,False,cache_reused,False,False,0,0.0,131204fe2866c10c90a732144b51e51d2987a0000837d74e9bd6075baedd08c2,True,,,1,0,328.919944,1133.931795,6,4156,4,4128
20260726_formal4t4_reuse_intensive_Adaptive@rho1.2_c01024_theta30_rep3,3,Adaptive@rho1.2_c01024_theta30,Adaptive,77,reuse_intensive:rep3:req77,reuse_intensive,1,64,0,L0064,4096,3,,False,1789721896.6532917,4096,0,0,240.81368899345398,True,True,False,False,0,0.0,0,0,4128.0,False,cache_reused,False,False,0,0.0,ef1c2624114a3659476767b1d50df8337a62048c6bbd76547b46407e9499cb74,True,,,1,0,443.904806,1193.321641,6,4156,4,4128
20260726_formal4t4_reuse_intensive_Adaptive@rho1.2_c01024_theta30_rep3,3,Adaptive@rho1.2_c01024_theta30,Adaptive,78,reuse_intensive:rep3:req78,reuse_intensive,1,65,2,L0065,4096,2,2,True,1789721896.653333,4096,4096,4096,30.16539740562439,False,False,False,False,4096,81.92,1,1,4128.0,True,cache_reused,False,False,0,0.0,a43b764840b4e6b297891594eaca3bf38287e8810bdf1fe356bc04e56a889f56,True,,,1,0,309.133996,1099.320281,6,4156,4,4128
20260726_formal4t4_reuse_intensive_Adaptive@rho1.2_c01024_theta30_rep3,3,Adaptive@rho1.2_c01024_theta30,Adaptive,79,reuse_intensive:rep3:req79,reuse_intensive,1,65,0,L0065,4096,2,2,True,1789721896.653368,4096,4096,4096,30.165432453155518,False,False,False,False,4096,79.92,1,1,4128.0,True,cache_reused,False,False,0,0.0,77584a5761aeb8fa850d0650dd10ac89f7624987cf9e1a58c2b9f29e6ee9e1d9,True,,,1,0,573.300731,1340.776136,6,4156,4,4128
20260726_formal4t4_reuse_intensive_Adaptive@rho1.2_c01024_theta30_rep3,3,Adaptive@rho1.2_c01024_theta30,Adaptive,80,reuse_intensive:rep3:req80,reuse_intensive,1,64,1,L0064,4096,2,,False,1789721897.9986744,4096,0,0,242.15907168388367,True,True,False,False,0,0.0,0,0,4128.0,False,cache_reused,False,False,0,0.0,93aa6cc487ac4a040175e80e9f03cbfd0026d1b986556f3e5ec35f03581dce84,True,,,1,0,278.582773,993.430621,6,4156,4,4128
20260726_formal4t4_reuse_intensive_Adaptive@rho1.2_c01024_theta30_rep3,3,Adaptive@rho1.2_c01024_theta30,Adaptive,81,reuse_intensive:rep3:req81,reuse_intensive,1,91,0,L0091,4096,3,,False,1789721897.9987135,0,0,0,,False,False,False,False,0,0.0,0,0,32.0,False,cache_miss,False,False,0,0.0,04d00b9bca3b20a734aaac46c7e278a1a97991141079983923c3296414bd7a47,True,,,1,0,9217.871003,9990.867511,6,4156,4,32
20260726_formal4t4_reuse_intensive_Adaptive@rho1.2_c01024_theta30_rep3,3,Adaptive@rho1.2_c01024_theta30,Adaptive,82,reuse_intensive:rep3:req82,reuse_intensive,1,68,0,L0068,4096,0,,False,1789721897.9987385,0,0,0,,False,False,False,False,0,0.0,0,0,32.0,False,cache_miss,False,False,0,0.0,2c087d434f9192c840ab41cf39cd96d6ec21f617c5057b2ab2ecbd97c556ff04,True,,,1,0,9944.303532,10766.277724,6,4156,4,32
20260726_formal4t4_reuse_intensive_Adaptive@rho1.2_c01024_theta30_rep3,3,Adaptive@rho1.2_c01024_theta30,Adaptive,83,reuse_intensive:rep3:req83,reuse_intensive,1,66,0,L0066,4096,1,,False,1789721897.9987593,0,0,0,,False,False,False,False,0,0.0,0,0,32.0,False,cache_miss,False,False,0,0.0,f220aa3160b7af6661ca4e8e9f9c5f5d50edc0052f3b7452c94c91a0a38cfbd3,True,,,1,0,8953.348458,9661.338019,6,4156,4,32
20260726_formal4t4_reuse_intensive_Adaptive@rho1.2_c01024_theta30_rep3,3,Adaptive@rho1.2_c01024_theta30,Adaptive,84,reuse_intensive:rep3:req84,reuse_intensive,1,68,1,L0068,4096,2,,False,1789721908.7685778,4096,0,0,252.92897510528564,True,True,False,False,0,0.0,0,0,32.0,False,cache_miss,False,False,0,0.0,c8f41cb6231c6995e5aa43d79387287dee147d5d0713309bfb6afaff727502e7,True,,,1,0,8254.736889,8950.643994,6,4156,4,32
20260726_formal4t4_reuse_intensive_Adaptive@rho1.2_c01024_theta30_rep3,3,Adaptive@rho1.2_c01024_theta30,Adaptive,85,reuse_intensive:rep3:req85,reuse_intensive,1,92,0,L0092,4096,0,,False,1789721908.7686164,0,0,0,,False,False,False,False,0,0.0,0,0,32.0,False,cache_miss,False,False,0,0.0,4abc782f9a0b4624b86360a59733395b9f01e98c8e16b9fb69c97cb168289ea3,True,,,1,0,8788.142729,9550.37592,6,4156,4,32
20260726_formal4t4_reuse_intensive_Adaptive@rho1.2_c01024_theta30_rep3,3,Adaptive@rho1.2_c01024_theta30,Adaptive,86,reuse_intensive:rep3:req86,reuse_intensive,1,106,0,L0106,4096,1,,False,1789721908.7686443,0,0,0,,False,False,False,False,0,0.0,0,0,32.0,False,cache_miss,False,False,0,0.0,6c3914c53e2934104783a96f6271377d49191655913678f6cdd14f1dffc8e603,True,,,1,0,8352.318112,9066.746344,6,4156,4,32
20260726_formal4t4_reuse_intensive_Adaptive@rho1.2_c01024_theta30_rep3,3,Adaptive@rho1.2_c01024_theta30,Adaptive,87,reuse_intensive:rep3:req87,reuse_intensive,1,81,0,L0081,4096,3,,False,1789721908.7686653,0,0,0,,False,False,False,False,0,0.0,0,0,32.0,False,cache_miss,False,False,0,0.0,15c88bad16965603c40cfe6b5433e2b0b5002f84cd45ac0d0313584277ecaeea,True,,,1,0,8576.113306,9293.515151,6,4156,4,32
20260726_formal4t4_reuse_intensive_Adaptive@rho1.2_c01024_theta30_rep3,3,Adaptive@rho1.2_c01024_theta30,Adaptive,88,reuse_intensive:rep3:req88,reuse_intensive,1,64,2,L0064,4096,2,,False,1789721918.3218658,4096,0,0,262.4822630882263,True,True,False,False,0,0.0,0,0,4128.0,False,cache_reused,False,False,0,0.0,822b19cc816a1d53a74a473019b0ebe24cd127427c4d1fd1b22d1cc88ffda7dc,True,,,1,0,299.638826,1010.292545,6,4156,4,4128
20260726_formal4t4_reuse_intensive_Adaptive@rho1.2_c01024_theta30_rep3,3,Adaptive@rho1.2_c01024_theta30,Adaptive,89,reuse_intensive:rep3:req89,reuse_intensive,1,74,1,L0074,4096,1,,False,1789721918.3219063,4096,0,0,262.48230361938477,True,True,False,False,0,0.0,0,0,32.0,False,cache_miss,False,False,0,0.0,7367bdf74904e9926335495138cae05ce9bd37128dad6277ba8b61110de3543a,True,,,1,0,8697.561648,9412.319455,6,4156,4,32
20260726_formal4t4_reuse_intensive_Adaptive@rho1.2_c01024_theta30_rep3,3,Adaptive@rho1.2_c01024_theta30,Adaptive,90,reuse_intensive:rep3:req90,reuse_intensive,1,64,0,L0064,4096,0,,False,1789721918.3219335,4096,0,0,262.4823307991028,True,True,False,False,0,0.0,0,0,32.0,False,cache_miss,False,False,0,0.0,47da42ba51453b0311d65f4c3df975cffaac0f8bd525a90a45c6090a30d6d983,True,,,1,0,9477.408335,10309.71287,6,4156,4,32
20260726_formal4t4_reuse_intensive_Adaptive@rho1.2_c01024_theta30_rep3,3,Adaptive@rho1.2_c01024_theta30,Adaptive,91,reuse_intensive:rep3:req91,reuse_intensive,1,64,1,L0064,4096,3,,False,1789721918.3219562,4096,0,0,262.4823534488678,True,True,False,False,0,0.0,0,0,4128.0,False,cache_reused,False,False,0,0.0,6f4fd90fe0fc05a51f766b5e3e4eb90bdf446df6bc293f59142789ad6e44fc5c,True,,,1,0,303.077823,1050.594998,6,4156,4,4128
20260726_formal4t4_reuse_intensive_Adaptive@rho1.2_c01024_theta30_rep3,3,Adaptive@rho1.2_c01024_theta30,Adaptive,92,reuse_intensive:rep3:req92,reuse_intensive,1,65,1,L0065,4096,2,2,False,1789721928.724315,4096,4096,4096,62.23637938499451,False,False,False,False,4096,0.0,1,1,4128.0,False,cache_reused,False,False,0,0.0,5cf03dc2d771ca8b2bb20186d44cf5a8fa799172a6304f9b2928ebd1fa2179cc,True,,,1,0,449.059393,1176.801862,6,4156,4,4128
20260726_formal4t4_reuse_intensive_Adaptive@rho1.2_c01024_theta30_rep3,3,Adaptive@rho1.2_c01024_theta30,Adaptive,93,reuse_intensive:rep3:req93,reuse_intensive,1,78,0,L0078,4096,0,,False,1789721928.7243602,0,0,0,,False,False,False,False,0,0.0,0,0,32.0,False,cache_miss,False,False,0,0.0,7f1de2a966f76ad948e40c187080a73d5c9216116fc935b77380165e3a2292f9,True,,,1,0,10106.13819,10947.574586,6,4156,4,32
20260726_formal4t4_reuse_intensive_Adaptive@rho1.2_c01024_theta30_rep3,3,Adaptive@rho1.2_c01024_theta30,Adaptive,94,reuse_intensive:rep3:req94,reuse_intensive,1,105,0,L0105,4096,3,,False,1789721928.7243857,0,0,0,,False,False,False,False,0,0.0,0,0,32.0,False,cache_miss,False,False,0,0.0,ba7e0711a7707e34c7378c0ccdf181949be1443660e5d83795422d037c794af6,True,,,1,0,9228.504687,9969.643308,6,4156,4,32
20260726_formal4t4_reuse_intensive_Adaptive@rho1.2_c01024_theta30_rep3,3,Adaptive@rho1.2_c01024_theta30,Adaptive,95,reuse_intensive:rep3:req95,reuse_intensive,1,104,0,L0104,4096,1,,False,1789721928.7244053,0,0,0,,False,False,False,False,0,0.0,0,0,32.0,False,cache_miss,False,False,0,0.0,ca4ffa98a290595834e71c1e7bfd08b031b47dfebafd593696401f42e8cd19dc,True,,,1,0,9204.227319,9974.27625,6,4156,4,32
20260726_formal4t4_reuse_intensive_Adaptive@rho1.2_c01024_theta30_rep3,3,Adaptive@rho1.2_c01024_theta30,Adaptive,96,reuse_intensive:rep3:req96,reuse_intensive,1,117,0,L0117,4096,3,,False,1789721939.6749165,0,0,0,,False,False,False,False,0,0.0,0,0,32.0,False,cache_miss,False,False,0,0.0,e09237dc6210bb48b01ea149d6825a41e31543a989be7a0b0d56774cf2749bd2,True,,,1,0,8771.379852,9484.722887,6,4156,4,32
20260726_formal4t4_reuse_intensive_Adaptive@rho1.2_c01024_theta30_rep3,3,Adaptive@rho1.2_c01024_theta30,Adaptive,97,reuse_intensive:rep3:req97,reuse_intensive,1,66,1,L0066,4096,1,,False,1789721939.6749535,4096,0,0,283.83535075187683,True,True,False,False,0,0.0,0,0,4128.0,False,cache_reused,False,False,0,0.0,71db7bccedfcd84fe141752cd2979e2dba0d357242fba44b5568231d10955840,True,,,1,0,289.34166,1001.358093,6,4156,4,4128
20260726_formal4t4_reuse_intensive_Adaptive@rho1.2_c01024_theta30_rep3,3,Adaptive@rho1.2_c01024_theta30,Adaptive,98,reuse_intensive:rep3:req98,reuse_intensive,1,72,0,L0072,4096,2,,False,1789721939.674981,0,0,0,,False,False,False,False,0,0.0,0,0,32.0,False,cache_miss,False,False,0,0.0,a667715c0e1129822dd6103c52629707e9821ea5a68ed6d137adc47121a3f33f,True,,,1,0,8795.464419,9548.057143,6,4156,4,32
20260726_formal4t4_reuse_intensive_Adaptive@rho1.2_c01024_theta30_rep3,3,Adaptive@rho1.2_c01024_theta30,Adaptive,99,reuse_intensive:rep3:req99,reuse_intensive,1,67,2,L0067,4096,0,0,False,1789721939.6750164,4096,4096,4096,41.677897214889526,False,False,False,False,4096,0.0,1,1,4128.0,False,cache_reused,False,False,0,0.0,490fee34a1515925a902e6742cf2efe248d17e1828294808960f8d300f0e2fd3,True,,,1,0,341.711059,1140.663907,6,4156,4,4128
20260726_formal4t4_reuse_intensive_Adaptive@rho1.2_c01024_theta30_rep3,3,Adaptive@rho1.2_c01024_theta30,Adaptive,100,reuse_intensive:rep3:req100,reuse_intensive,1,65,2,L0065,4096,2,2,True,1789721949.226653,4096,4096,4096,82.73871755599976,False,False,False,False,4096,81.92,1,1,4128.0,True,cache_reused,False,False,0,0.0,6b08d970cedaa56b18c7e71132bd8a5bb113283303d782441be55a1721de5ab0,True,,,1,0,281.036426,1006.045102,6,4157,4,4128
20260726_formal4t4_reuse_intensive_Adaptive@rho1.2_c01024_theta30_rep3,3,Adaptive@rho1.2_c01024_theta30,Adaptive,101,reuse_intensive:rep3:req101,reuse_intensive,1,103,0,L0103,4096,1,,False,1789721949.2266948,0,0,0,,False,False,False,False,0,0.0,0,0,32.0,False,cache_miss,False,False,0,0.0,ddd1618893be00b9fcf99a2b0877acb32cf8845dd1de3f4125b39889d941b7fc,True,,,1,0,9383.842065,10146.850675,6,4157,4,32
20260726_formal4t4_reuse_intensive_Adaptive@rho1.2_c01024_theta30_rep3,3,Adaptive@rho1.2_c01024_theta30,Adaptive,102,reuse_intensive:rep3:req102,reuse_intensive,1,69,0,L0069,4096,0,0,True,1789721949.2267303,4096,4096,4096,82.73924422264099,False,False,False,False,4096,81.92,1,1,4128.0,True,cache_reused,False,False,0,0.0,c83e75f2cc51702d8385159f256cd6dca435389486569a4d068a44c89a8146b1,True,,,1,0,448.260277,1234.771726,6,4157,4,4128
20260726_formal4t4_reuse_intensive_Adaptive@rho1.2_c01024_theta30_rep3,3,Adaptive@rho1.2_c01024_theta30,Adaptive,103,reuse_intensive:rep3:req103,reuse_intensive,1,83,0,L0083,4096,3,,False,1789721949.2267575,0,0,0,,False,False,False,False,0,0.0,0,0,32.0,False,cache_miss,False,False,0,0.0,75787e7e6e2418610fdd8d10e390974e9deab9be5c077aa2798588c65a29c1be,True,,,1,0,8820.261175,9552.225055,6,4157,4,32
20260726_formal4t4_reuse_intensive_Adaptive@rho1.2_c01024_theta30_rep3,3,Adaptive@rho1.2_c01024_theta30,Adaptive,104,reuse_intensive:rep3:req104,reuse_intensive,1,70,1,L0070,4096,1,1,True,1789721959.376388,4096,4096,4096,92.88807940483093,False,False,False,False,4096,81.92,1,1,4128.0,True,cache_reused,False,False,0,0.0,605d36ef9c2356ba97a69129f4f1164a2b0f53ff8b720cb54a318711436ce559,True,,,1,0,287.786231,992.774369,6,4157,4,4128
20260726_formal4t4_reuse_intensive_Adaptive@rho1.2_c01024_theta30_rep3,3,Adaptive@rho1.2_c01024_theta30,Adaptive,105,reuse_intensive:rep3:req105,reuse_intensive,1,64,2,L0064,4096,2,,False,1789721959.376429,4096,0,0,303.5368263721466,True,True,False,False,0,0.0,0,0,4128.0,False,cache_reused,False,False,0,0.0,35a52838d214edfa1965032faaefa6263cc3af345c92070e8ea35529ff2348c0,True,,,1,0,450.423508,1162.747949,6,4157,4,4128
20260726_formal4t4_reuse_intensive_Adaptive@rho1.2_c01024_theta30_rep3,3,Adaptive@rho1.2_c01024_theta30,Adaptive,106,reuse_intensive:rep3:req106,reuse_intensive,1,64,0,L0064,4096,3,,False,1789721959.3764572,4096,0,0,303.53685450553894,True,True,False,False,0,0.0,0,0,4128.0,False,cache_reused,False,False,0,0.0,814c07caf2956524ef6862241f6ea66c5f1149c6d69b73798f468658b5fd2de6,True,,,1,0,300.986293,1042.925356,6,4157,4,4128
20260726_formal4t4_reuse_intensive_Adaptive@rho1.2_c01024_theta30_rep3,3,Adaptive@rho1.2_c01024_theta30,Adaptive,107,reuse_intensive:rep3:req107,reuse_intensive,1,98,0,L0098,4096,0,,False,1789721959.3764796,0,0,0,,False,False,False,False,0,0.0,0,0,32.0,False,cache_miss,False,False,0,0.0,f8e7e88fcc172885521cc66668ad73b58bddad0942c12913f2223d61610cb70d,True,,,1,0,9916.438934,10740.983981,6,4157,4,32
20260726_formal4t4_reuse_intensive_Adaptive@rho1.2_c01024_theta30_rep3,3,Adaptive@rho1.2_c01024_theta30,Adaptive,108,reuse_intensive:rep3:req108,reuse_intensive,1,68,2,L0068,4096,0,0;2,True,1789721970.1219265,4096,4096,4096,61.35407495498657,False,False,False,False,4096,81.92,2,2,4128.0,True,cache_reused,False,False,0,0.0,7bc27f90b72b627d9a5cf31b62e8f51c6859ca1dc67474eb348c185095c3e19c,True,,,1,0,316.972099,1145.498504,6,4157,4,4128
20260726_formal4t4_reuse_intensive_Adaptive@rho1.2_c01024_theta30_rep3,3,Adaptive@rho1.2_c01024_theta30,Adaptive,109,reuse_intensive:rep3:req109,reuse_intensive,1,65,0,L0065,4096,2,2,True,1789721970.1219783,4096,4096,4096,103.63404273986816,False,False,False,False,4096,81.92,1,1,4128.0,True,cache_reused,False,False,0,0.0,475b036e0cda94b8c8f928a9ab25d753dec24a7866f9e8571ff4d31d76430bc8,True,,,1,0,463.544211,1842.24817,6,4157,4,4128
20260726_formal4t4_reuse_intensive_Adaptive@rho1.2_c01024_theta30_rep3,3,Adaptive@rho1.2_c01024_theta30,Adaptive,110,reuse_intensive:rep3:req110,reuse_intensive,1,64,1,L0064,4096,2,2,True,1789721970.1220152,4096,4096,4096,41.48837733268738,False,False,False,False,4096,79.92,1,1,4128.0,True,cache_reused,False,False,0,0.0,a67f9aaf408dc9cec28db5bec5239f4a2aa8f1b06d0a1a83cd9c74e7f96f9644,True,,,1,0,927.604008,2080.567675,6,4157,4,4128
20260726_formal4t4_reuse_intensive_Adaptive@rho1.2_c01024_theta30_rep3,3,Adaptive@rho1.2_c01024_theta30,Adaptive,111,reuse_intensive:rep3:req111,reuse_intensive,1,75,0,L0075,4096,3,,False,1789721970.1220405,0,0,0,,False,False,False,False,0,0.0,0,0,32.0,False,cache_miss,False,False,0,0.0,c869ab746c1594b1db7f5604b2dc00167046ce87c4a8561c8c29c570db460393,True,,,1,0,9431.761579,10184.52484,6,4157,4,32
20260726_formal4t4_reuse_intensive_Adaptive@rho1.2_c01024_theta30_rep3,3,Adaptive@rho1.2_c01024_theta30,Adaptive,112,reuse_intensive:rep3:req112,reuse_intensive,1,65,1,L0065,4096,2,2,False,1789721980.3111172,4096,4096,4096,40.63773250579834,False,False,False,False,4096,0.0,1,1,4128.0,False,cache_reused,False,False,0,0.0,c2b19f1c06673872689f3cb0d6630cf6c6a1f3c7516a78a493d5b7007a8f08c9,True,,,1,0,499.948981,2655.966593,6,4157,4,4128
20260726_formal4t4_reuse_intensive_Adaptive@rho1.2_c01024_theta30_rep3,3,Adaptive@rho1.2_c01024_theta30,Adaptive,113,reuse_intensive:rep3:req113,reuse_intensive,1,76,1,L0076,4096,2,2,True,1789721980.3111808,4096,4096,4096,103.54900813102722,False,False,False,False,4096,79.92,1,1,4128.0,True,cache_reused,False,False,0,0.0,8f7860641a558bb37ce1d50ad89e3699a42bcb0775a6bb8b212286ed82fe2c8c,True,,,1,0,1391.821075,3113.852315,6,4157,4,4128
20260726_formal4t4_reuse_intensive_Adaptive@rho1.2_c01024_theta30_rep3,3,Adaptive@rho1.2_c01024_theta30,Adaptive,114,reuse_intensive:rep3:req114,reuse_intensive,1,72,1,L0072,4096,0,,False,1789721980.311211,4096,0,0,324.47160840034485,True,True,False,False,0,0.0,0,0,32.0,False,cache_miss,False,False,0,0.0,3b0a682cbee631bd6633300aa884cf00125889f394adfe1dadae2b3d6d3bd628,True,,,1,0,9122.787619,9894.774686,6,4157,4,32
20260726_formal4t4_reuse_intensive_Adaptive@rho1.2_c01024_theta30_rep3,3,Adaptive@rho1.2_c01024_theta30,Adaptive,115,reuse_intensive:rep3:req115,reuse_intensive,1,64,2,L0064,4096,2,2,True,1789721980.311244,4096,4096,4096,51.67760610580444,False,False,False,False,4096,77.92,1,1,4128.0,True,cache_reused,False,False,0,0.0,f046048366733ef3d6ea7d2bed12f13a554d44fc1acc590289e77402116dcd19,True,,,1,0,1389.828641,3111.850695,6,4157,4,4128
20260726_formal4t4_reuse_intensive_Adaptive@rho1.2_c01024_theta30_rep3,3,Adaptive@rho1.2_c01024_theta30,Adaptive,116,reuse_intensive:rep3:req116,reuse_intensive,1,64,0,L0064,4096,2,2,True,1789721990.209949,4096,4096,4096,61.576311111450195,False,False,False,False,4096,81.92,1,1,4128.0,True,cache_reused,False,False,0,0.0,ad89bca3d243838b1c4a3ade9bff18d687002084a495f5b4a6a5ffae11dd3221,True,,,1,0,440.65866,1156.304152,6,4157,4,4128
20260726_formal4t4_reuse_intensive_Adaptive@rho1.2_c01024_theta30_rep3,3,Adaptive@rho1.2_c01024_theta30,Adaptive,117,reuse_intensive:rep3:req117,reuse_intensive,1,80,0,L0080,4096,3,,False,1789721990.2099912,0,0,0,,False,False,False,False,0,0.0,0,0,32.0,False,cache_miss,False,False,0,0.0,76ecf7f39507d6c73ab091925285f712aac7144f221201fba328c4f75cf932de,True,,,1,0,9111.479226,9856.030961,6,4157,4,32
20260726_formal4t4_reuse_intensive_Adaptive@rho1.2_c01024_theta30_rep3,3,Adaptive@rho1.2_c01024_theta30,Adaptive,118,reuse_intensive:rep3:req118,reuse_intensive,1,71,2,L0071,4096,1,1,True,1789721990.2100275,4096,4096,4096,93.55751085281372,False,False,False,False,4096,81.92,1,1,4128.0,True,cache_reused,False,False,0,0.0,157799f23c17f64d01a23c830703487bca341e31626c617b1fb3f3d794e0a921,True,,,1,0,439.174147,1800.761704,6,4157,4,4128
20260726_formal4t4_reuse_intensive_Adaptive@rho1.2_c01024_theta30_rep3,3,Adaptive@rho1.2_c01024_theta30,Adaptive,119,reuse_intensive:rep3:req119,reuse_intensive,1,103,1,L0103,4096,1,1,True,1789721990.21006,4096,4096,4096,30.834778308868408,False,False,False,False,4096,79.92,1,1,4128.0,True,cache_reused,False,False,0,0.0,873ee59422ecd87e829e699e40e6acf8805bee052bc0224e8e78bfec636425d6,True,,,1,0,892.753698,2052.351115,6,4157,4,4128
20260726_formal4t4_reuse_intensive_RateFIFO@rho1.2_rep3,3,RateFIFO@rho1.2,RateFIFO,24,reuse_intensive:rep3:req24,reuse_intensive,0,1,2,L0001,4096,0,0,True,1789722159.4922261,4096,4096,4096,132.15645670890808,False,False,False,False,4096,81.92,1,1,4128.0,True,cache_reused,False,False,0,0.0,1c99218ac6b81383d6dbfc40ef2c84182d2a26ebab9a4bd84ca6886327058ad5,True,,,1,0,328.844216,3156.140462,6,4156,4,4128
20260726_formal4t4_reuse_intensive_RateFIFO@rho1.2_rep3,3,RateFIFO@rho1.2,RateFIFO,25,reuse_intensive:rep3:req25,reuse_intensive,0,9,1,L0009,4096,0,0,True,1789722159.4922864,4096,4096,4096,56.86406588554382,False,False,False,False,4096,79.92,1,1,4128.0,True,cache_reused,False,False,0,0.0,a5b428342ae3a7946cadaeea431f69cb9e5a8bbef5286b529e1c6277d7e43564,True,,,1,0,1538.261238,3829.31459,6,4156,4,4128
20260726_formal4t4_reuse_intensive_RateFIFO@rho1.2_rep3,3,RateFIFO@rho1.2,RateFIFO,26,reuse_intensive:rep3:req26,reuse_intensive,0,4,1,L0004,4096,0,0,True,1789722159.4923217,4096,4096,4096,101.32289385795593,False,False,False,False,4096,77.92,1,1,4128.0,True,cache_reused,False,False,0,0.0,a654a8598d72f43fc93a284aba35bfb0011a5f1c5f7167a87a03a65e7f620928,True,,,1,0,1537.412015,3828.068983,6,4156,4,4128
20260726_formal4t4_reuse_intensive_RateFIFO@rho1.2_rep3,3,RateFIFO@rho1.2,RateFIFO,27,reuse_intensive:rep3:req27,reuse_intensive,0,8,0,L0008,4096,0,0,True,1789722159.4923508,4096,4096,4096,66.45116138458252,False,False,False,False,4096,75.92,1,1,4128.0,True,cache_reused,False,False,0,0.0,cf1b944ef44b6aa1373771daafe743060cf4275490ff4d5077cf7e1285ed21be,True,,,1,0,1536.428331,3827.680354,6,4156,4,4128
20260726_formal4t4_reuse_intensive_RateFIFO@rho1.2_rep3,3,RateFIFO@rho1.2,RateFIFO,28,reuse_intensive:rep3:req28,reuse_intensive,0,1,0,L0001,4096,0,0,True,1789722163.3245897,4096,4096,4096,135.98882031440735,False,False,False,False,4096,81.92,1,1,4128.0,True,cache_reused,False,False,0,0.0,7b4cda841320eea8b5f63fd639095932dd58c3fc90135a802c070500b16c00ea,True,,,1,0,325.598479,2656.714973,6,4156,4,4128
20260726_formal4t4_reuse_intensive_RateFIFO@rho1.2_rep3,3,RateFIFO@rho1.2,RateFIFO,29,reuse_intensive:rep3:req29,reuse_intensive,0,0,0,L0000,4096,0,0,True,1789722163.324638,4096,4096,4096,25.92255997657776,False,False,False,False,4096,79.92,1,1,4128.0,True,cache_reused,False,False,0,0.0,f12045d4835f2d9b0cb91180b153756836f6137c67bdaaef0287a247fc00d5c5,True,,,1,0,1320.248677,3152.552444,6,4156,4,4128
20260726_formal4t4_reuse_intensive_RateFIFO@rho1.2_rep3,3,RateFIFO@rho1.2,RateFIFO,30,reuse_intensive:rep3:req30,reuse_intensive,0,7,0,L0007,4096,0,0,True,1789722163.3246694,4096,4096,4096,80.7784469127655,False,False,False,False,4096,77.92,1,1,4128.0,True,cache_reused,False,False,0,0.0,49a21cd0403661c8a08f6405aa0eba83139f01ecf3fadd4e2504191d93184953,True,,,1,0,1319.360452,3151.604936,6,4156,4,4128
20260726_formal4t4_reuse_intensive_RateFIFO@rho1.2_rep3,3,RateFIFO@rho1.2,RateFIFO,31,reuse_intensive:rep3:req31,reuse_intensive,0,0,1,L0000,4096,0,0,True,1789722163.3246973,4096,4096,4096,25.922619342803955,False,False,False,False,4096,75.92,1,1,4128.0,True,cache_reused,False,False,0,0.0,cf88b87c4b6b84023a10cab4b8236f79f6605ff212c05ba1a989a596cf1aeb69,True,,,1,0,1318.374928,3150.543579,6,4156,4,4128
20260726_formal4t4_reuse_intensive_RateFIFO@rho1.2_rep3,3,RateFIFO@rho1.2,RateFIFO,32,reuse_intensive:rep3:req32,reuse_intensive,0,0,2,L0000,4096,0,0,True,1789722166.4801245,4096,4096,4096,29.078046560287476,False,False,False,False,4096,81.92,1,1,4128.0,True,cache_reused,False,False,0,0.0,b4e07b6ddc6feb56db2ef8cf0604643015c86449e51a5c67283b9ac5be416613,True,,,1,0,324.654747,2054.858341,6,4156,4,4128
20260726_formal4t4_reuse_intensive_RateFIFO@rho1.2_rep3,3,RateFIFO@rho1.2,RateFIFO,33,reuse_intensive:rep3:req33,reuse_intensive,0,0,0,L0000,4096,0,0,True,1789722166.480185,4096,4096,4096,29.078107118606567,False,False,False,False,4096,79.92,1,1,4128.0,True,cache_reused,False,False,0,0.0,e46f727aabcb2eee2d52049e9d47eb3df67a7962d071d34656819099542b42b5,True,,,1,0,1065.001898,2551.342572,6,4156,4,4128
20260726_formal4t4_reuse_intensive_RateFIFO@rho1.2_rep3,3,RateFIFO@rho1.2,RateFIFO,34,reuse_intensive:rep3:req34,reuse_intensive,0,0,1,L0000,4096,0,0,True,1789722166.480218,4096,4096,4096,29.078140020370483,False,False,False,False,4096,77.92,1,1,4128.0,True,cache_reused,False,False,0,0.0,64386a09c100813193a27527fb7a8ba1d8a5d6b675a14c2d2398d9561cae548a,True,,,1,0,1064.187006,2550.473479,6,4156,4,4128
20260726_formal4t4_reuse_intensive_RateFIFO@rho1.2_rep3,3,RateFIFO@rho1.2,RateFIFO,35,reuse_intensive:rep3:req35,reuse_intensive,0,1,1,L0001,4096,0,0,True,1789722166.4802442,4096,4096,4096,139.14447474479675,False,False,False,False,4096,75.92,1,1,4128.0,True,cache_reused,False,False,0,0.0,9769510ab1738d7e5de02c14d44f67019adf18850594316576bab35c6aedbc33,True,,,1,0,1063.195195,2549.441245,6,4156,4,4128
20260726_formal4t4_reuse_intensive_RateFIFO@rho1.2_rep3,3,RateFIFO@rho1.2,RateFIFO,36,reuse_intensive:rep3:req36,reuse_intensive,0,0,2,L0000,4096,0,0,True,1789722169.0343955,4096,4096,4096,31.632317543029785,False,False,False,False,4096,81.92,1,1,4128.0,True,cache_reused,False,False,0,0.0,cbb8af0b0b0328e8f05ec72ff29fa914ebbd9471de832765322ad8ae1975630a,True,,,1,0,328.263806,2125.995762,6,4156,4,4128
20260726_formal4t4_reuse_intensive_RateFIFO@rho1.2_rep3,3,RateFIFO@rho1.2,RateFIFO,37,reuse_intensive:rep3:req37,reuse_intensive,0,0,0,L0000,4096,0,0,True,1789722169.0344448,4096,4096,4096,31.63236689567566,False,False,False,False,4096,79.92,1,1,4128.0,True,cache_reused,False,False,0,0.0,f5ac1349f9772a4bb643ab4f2bc8b28b5094ad12967ce64f4121b85989573768,True,,,1,0,1094.968376,2638.88629,6,4156,4,4128
20260726_formal4t4_reuse_intensive_RateFIFO@rho1.2_rep3,3,RateFIFO@rho1.2,RateFIFO,38,reuse_intensive:rep3:req38,reuse_intensive,0,8,1,L0008,4096,0,0,True,1789722169.0344777,4096,4096,4096,75.99328827857971,False,False,False,False,4096,77.92,1,1,4128.0,True,cache_reused,False,False,0,0.0,fa1331bb6ecb3c0fc1538de7123e70c9f7d3c28f2b512e31c69078b98b288942,True,,,1,0,1094.133145,2637.99664,6,4156,4,4128
20260726_formal4t4_reuse_intensive_RateFIFO@rho1.2_rep3,3,RateFIFO@rho1.2,RateFIFO,39,reuse_intensive:rep3:req39,reuse_intensive,0,0,1,L0000,4096,0,0,True,1789722169.0345066,4096,4096,4096,31.632428646087646,False,False,False,False,4096,75.92,1,1,4128.0,True,cache_reused,False,False,0,0.0,59fe3ba5d8d984f9ebc39842cab74c44f76ddd5a766f3746deb5c07c435e0b79,True,,,1,0,1093.160549,2636.956568,6,4156,4,4128
20260726_formal4t4_reuse_intensive_RateFIFO@rho1.2_rep3,3,RateFIFO@rho1.2,RateFIFO,40,reuse_intensive:rep3:req40,reuse_intensive,0,0,2,L0000,4096,0,0,True,1789722171.6762125,4096,4096,4096,28.9479660987854,False,False,False,False,4096,81.92,1,1,4128.0,True,cache_reused,False,False,0,0.0,d07423d886b0007ba137c6ab0fac09035811a86bf8db0bb4ad263ecd773a6a5e,True,,,1,0,326.30825,2669.156332,6,4156,4,4128
20260726_formal4t4_reuse_intensive_RateFIFO@rho1.2_rep3,3,RateFIFO@rho1.2,RateFIFO,41,reuse_intensive:rep3:req41,reuse_intensive,0,20,0,L0020,4096,3,,False,1789722171.6762514,0,0,0,,False,False,False,False,0,0.0,0,0,32.0,False,cache_miss,False,False,0,0.0,c0cf44af1147314fec49dd1c291a09fc5a8d0c680274fece6c1eae59a1506f81,True,,,1,0,8438.713682,9173.326402,6,4156,4,32
20260726_formal4t4_reuse_intensive_RateFIFO@rho1.2_rep3,3,RateFIFO@rho1.2,RateFIFO,42,reuse_intensive:rep3:req42,reuse_intensive,0,4,2,L0004,4096,0,0,True,1789722171.6762867,4096,4096,4096,113.5068588256836,False,False,False,False,4096,79.92,1,1,4128.0,True,cache_reused,False,False,0,0.0,b3f6a90c74b79e72fc624c4c0eb5d779d3b368e8bf801098b965543b2e374686,True,,,1,0,1292.715949,3169.765422,6,4156,4,4128
20260726_formal4t4_reuse_intensive_RateFIFO@rho1.2_rep3,3,RateFIFO@rho1.2,RateFIFO,43,reuse_intensive:rep3:req43,reuse_intensive,0,7,1,L0007,4096,0,0,True,1789722171.676317,4096,4096,4096,89.13009452819824,False,False,False,False,4096,77.92,1,1,4128.0,True,cache_reused,False,False,0,0.0,89507a132a1795df0d16c2c55ed55aa336024cddece839130c6a87b13230436a,True,,,1,0,1291.845305,3168.73937,6,4156,4,4128
20260726_formal4t4_reuse_intensive_RateFIFO@rho1.2_rep3,3,RateFIFO@rho1.2,RateFIFO,44,reuse_intensive:rep3:req44,reuse_intensive,0,19,0,L0019,4096,1,,False,1789722180.8524399,0,0,0,,False,False,False,False,0,0.0,0,0,32.0,False,cache_miss,False,False,0,0.0,7d1860fc2375585010aa8b6fd431faff8db38ffa1bc599914fca1f3fd543a63c,True,,,1,0,8480.08911,9205.213301,6,4156,4,32
20260726_formal4t4_reuse_intensive_RateFIFO@rho1.2_rep3,3,RateFIFO@rho1.2,RateFIFO,45,reuse_intensive:rep3:req45,reuse_intensive,0,0,0,L0000,4096,0,0,True,1789722180.8524952,4096,4096,4096,38.12424874305725,False,False,False,False,4096,81.92,1,1,4128.0,True,cache_reused,False,False,0,0.0,409dccd8dc09237b4266a1eb49a942f5182fd5ba10e5c3a855b0aed2da6ecc43,True,,,1,0,481.834289,1951.504494,6,4156,4,4128
20260726_formal4t4_reuse_intensive_RateFIFO@rho1.2_rep3,3,RateFIFO@rho1.2,RateFIFO,46,reuse_intensive:rep3:req46,reuse_intensive,0,3,0,L0003,4096,0,0,True,1789722180.8525317,4096,4096,4096,133.50741171836853,False,False,False,False,4096,79.92,1,1,4128.0,True,cache_reused,False,False,0,0.0,313aaa461a215b4589e943ff704fcd4086e36e139cf13b09dd9190ba5a551682,True,,,1,0,976.092713,2213.769904,6,4156,4,4128
20260726_formal4t4_reuse_intensive_RateFIFO@rho1.2_rep3,3,RateFIFO@rho1.2,RateFIFO,47,reuse_intensive:rep3:req47,reuse_intensive,0,18,0,L0018,4096,2,,False,1789722180.8525543,0,0,0,,False,False,False,False,0,0.0,0,0,32.0,False,cache_miss,False,False,0,0.0,1fefdcb6b2ceb5cd306cb9f699e370a8040c91501435d7f2642f3d5658679a44,True,,,1,0,7959.189875,8649.807489,6,4156,4,32
20260726_formal4t4_reuse_intensive_RateFIFO@rho1.2_rep3,3,RateFIFO@rho1.2,RateFIFO,48,reuse_intensive:rep3:req48,reuse_intensive,0,43,0,L0043,4096,3,,False,1789722190.0596871,0,0,0,,False,False,False,False,0,0.0,0,0,32.0,False,cache_miss,False,False,0,0.0,d2ebaec1df4b98eb30b10ffbd0f538b930ae2e7a53710425e3e6778bf4fc9a4b,True,,,1,0,8622.995624,9359.565638,6,4156,4,32
20260726_formal4t4_reuse_intensive_RateFIFO@rho1.2_rep3,3,RateFIFO@rho1.2,RateFIFO,49,reuse_intensive:rep3:req49,reuse_intensive,0,2,1,L0002,4096,0,0,True,1789722190.0597422,4096,4096,4096,152.7636902332306,False,False,False,False,4096,81.92,1,1,4128.0,True,cache_reused,False,False,0,0.0,7a84eeeb94373affc8280c7a594e1e6be31a5752dc17828e0da0ee8159f12b58,True,,,1,0,909.174938,2955.376557,6,4156,4,4128
20260726_formal4t4_reuse_intensive_RateFIFO@rho1.2_rep3,3,RateFIFO@rho1.2,RateFIFO,50,reuse_intensive:rep3:req50,reuse_intensive,0,3,1,L0003,4096,0,0,True,1789722190.059781,4096,4096,4096,142.7146611213684,False,False,False,False,4096,79.92,1,1,4128.0,True,cache_reused,False,False,0,0.0,28cad6289f49008f65667751c71a4ede8bb2a2d000d425f2534f8c139555caa7,True,,,1,0,908.100704,2954.323219,6,4156,4,4128
20260726_formal4t4_reuse_intensive_RateFIFO@rho1.2_rep3,3,RateFIFO@rho1.2,RateFIFO,51,reuse_intensive:rep3:req51,reuse_intensive,0,0,1,L0000,4096,0,0,True,1789722190.0598109,4096,4096,4096,43.96333169937134,False,False,False,False,4096,77.92,1,1,4128.0,True,cache_reused,False,False,0,0.0,c76d052506742f3a5ab7fd283a4e4b910ce29987d9aafc9a506dd7c8a75a1a14,True,,,1,0,1630.135843,3220.439544,6,4156,4,4128
20260726_formal4t4_reuse_intensive_RateFIFO@rho1.2_rep3,3,RateFIFO@rho1.2,RateFIFO,52,reuse_intensive:rep3:req52,reuse_intensive,0,3,2,L0003,4096,0,0,True,1789722199.4213073,4096,4096,4096,152.07618737220764,False,False,False,False,4096,81.92,1,1,4128.0,True,cache_reused,False,False,0,0.0,7507866f9d5a4caed8ac4e3beb07f0e135c3c5d127b8c070bbf9488d5debd0ff,True,,,1,0,480.353462,2153.990846,6,4156,4,4128
20260726_formal4t4_reuse_intensive_RateFIFO@rho1.2_rep3,3,RateFIFO@rho1.2,RateFIFO,53,reuse_intensive:rep3:req53,reuse_intensive,0,21,0,L0021,4096,2,,False,1789722199.4213486,0,0,0,,False,False,False,False,0,0.0,0,0,32.0,False,cache_miss,False,False,0,0.0,e074ca8d631c7117ea8d26b25bc02d546648472f1ab6e8bdce992b1f324ae624,True,,,1,0,8485.419453,9216.569507,6,4156,4,32
20260726_formal4t4_reuse_intensive_RateFIFO@rho1.2_rep3,3,RateFIFO@rho1.2,RateFIFO,54,reuse_intensive:rep3:req54,reuse_intensive,0,3,0,L0003,4096,0,0,True,1789722199.4213836,4096,4096,4096,152.07626366615295,False,False,False,False,4096,79.92,1,1,4128.0,True,cache_reused,False,False,0,0.0,a909df8aec602a0c8d1b2586b3b25a19e1a186107d237ab4d691b8aa6f4acf5d,True,,,1,0,1172.062872,2637.440269,6,4156,4,4128
20260726_formal4t4_reuse_intensive_RateFIFO@rho1.2_rep3,3,RateFIFO@rho1.2,RateFIFO,55,reuse_intensive:rep3:req55,reuse_intensive,0,0,2,L0000,4096,0,0,True,1789722199.421412,4096,4096,4096,53.32493281364441,False,False,False,False,4096,77.92,1,1,4128.0,True,cache_reused,False,False,0,0.0,501ea76d516d498226da89e5049218be51eb5d242e2c4fdfffbb61e7262d4b28,True,,,1,0,1170.988418,2636.352856,6,4156,4,4128
20260726_formal4t4_reuse_intensive_RateFIFO@rho1.2_rep3,3,RateFIFO@rho1.2,RateFIFO,56,reuse_intensive:rep3:req56,reuse_intensive,0,0,0,L0000,4096,0,0,True,1789722208.6409845,4096,4096,4096,62.54450535774231,False,False,False,False,4096,81.92,1,1,4128.0,True,cache_reused,False,False,0,0.0,8f28c5d1c7e845868ad757509ffc5128dccfcc49dcffe8e933aa4121df34a700,True,,,1,0,492.398134,2217.420372,6,4156,4,4128
20260726_formal4t4_reuse_intensive_RateFIFO@rho1.2_rep3,3,RateFIFO@rho1.2,RateFIFO,57,reuse_intensive:rep3:req57,reuse_intensive,0,1,2,L0001,4096,0,0,True,1789722208.6410341,4096,4096,4096,45.31815576553345,False,False,False,False,4096,79.92,1,1,4128.0,True,cache_reused,False,False,0,0.0,6d17156c563b19c1d6be8f47ef7fcb820bb0e94053300212cc99e6300dd8af31,True,,,1,0,1231.095851,2705.861146,6,4156,4,4128
20260726_formal4t4_reuse_intensive_RateFIFO@rho1.2_rep3,3,RateFIFO@rho1.2,RateFIFO,58,reuse_intensive:rep3:req58,reuse_intensive,0,0,1,L0000,4096,0,0,True,1789722208.6410658,4096,4096,4096,62.54458665847778,False,False,False,False,4096,77.92,1,1,4128.0,True,cache_reused,False,False,0,0.0,f4bc9607730b0afde87e6d41bf9e12c05399bbdf2bb4b4505ea46e3daf4b7db1,True,,,1,0,1230.420001,2704.546171,6,4156,4,4128
20260726_formal4t4_reuse_intensive_RateFIFO@rho1.2_rep3,3,RateFIFO@rho1.2,RateFIFO,59,reuse_intensive:rep3:req59,reuse_intensive,0,0,2,L0000,4096,0,0,True,1789722208.6410906,4096,4096,4096,62.54461145401001,False,False,False,False,4096,75.92,1,1,4128.0,True,cache_reused,False,False,0,0.0,a0affa8e88dcd8ad93aec1c3b4d40e409c99719cb0a99ab0be8ad73a34a8f1b7,True,,,1,0,1229.727021,2704.040147,6,4156,4,4128
20260726_formal4t4_reuse_intensive_RateFIFO@rho1.2_rep3,3,RateFIFO@rho1.2,RateFIFO,60,reuse_intensive:rep3:req60,reuse_intensive,1,69,0,L0069,4096,1,,False,1789722211.3498235,0,0,0,,False,False,False,False,0,0.0,0,0,32.0,False,cache_miss,False,False,0,0.0,4adf282f2f04c8d5b9e1d9ece7aed6e0cfdeb8e821eb0ef434d628444a70a600,True,,,1,0,7978.563025,8681.756776,6,4156,4,32
20260726_formal4t4_reuse_intensive_RateFIFO@rho1.2_rep3,3,RateFIFO@rho1.2,RateFIFO,61,reuse_intensive:rep3:req61,reuse_intensive,1,65,0,L0065,4096,0,,False,1789722211.3498626,0,0,0,,False,False,False,False,0,0.0,0,0,32.0,False,cache_miss,False,False,0,0.0,663be6d01dba66a710f74eeaf2bfc0ce90f264eb15122f2195734f33b56b2022,True,,,1,0,8473.916609,9256.217213,6,4156,4,32
20260726_formal4t4_reuse_intensive_RateFIFO@rho1.2_rep3,3,RateFIFO@rho1.2,RateFIFO,62,reuse_intensive:rep3:req62,reuse_intensive,1,70,0,L0070,4096,3,,False,1789722211.3498898,0,0,0,,False,False,False,False,0,0.0,0,0,32.0,False,cache_miss,False,False,0,0.0,a1518c53cf117727e1a91d88850206cee1c5e8e490bdb8cfb31bd989a8376cd2,True,,,1,0,9316.845842,10069.005502,6,4156,4,32
20260726_formal4t4_reuse_intensive_RateFIFO@rho1.2_rep3,3,RateFIFO@rho1.2,RateFIFO,63,reuse_intensive:rep3:req63,reuse_intensive,1,124,0,L0124,4096,2,,False,1789722211.3499115,0,0,0,,False,False,False,False,0,0.0,0,0,16.0,False,cache_miss,False,False,0,0.0,710730425a7eea933debdbd4f5538a9a860f2ccc4403b323c51126f0f5f7f39c,True,,,1,0,8664.483647,9422.268777,6,4156,4,16
20260726_formal4t4_reuse_intensive_RateFIFO@rho1.2_rep3,3,RateFIFO@rho1.2,RateFIFO,64,reuse_intensive:rep3:req64,reuse_intensive,1,65,1,L0065,4096,1,,False,1789722221.4226081,4096,0,0,215.2561812400818,True,True,False,False,0,0.0,0,0,32.0,False,cache_miss,False,False,0,0.0,307334f99c361b4b259fc0e373a1bf52e7dc91789b3823a0ed2444d339486bed,True,,,1,0,9091.384854,9865.058373,6,4156,4,32
20260726_formal4t4_reuse_intensive_RateFIFO@rho1.2_rep3,3,RateFIFO@rho1.2,RateFIFO,65,reuse_intensive:rep3:req65,reuse_intensive,1,69,1,L0069,4096,2,,False,1789722221.4226496,4096,0,0,215.25622272491455,True,True,False,False,0,0.0,0,0,32.0,False,cache_miss,False,False,0,0.0,0de836b5b5936fd04b58933d019a6f8801adf421efe18e93384817d493a1e063,True,,,1,0,8231.328942,8971.036746,6,4156,4,32
20260726_formal4t4_reuse_intensive_RateFIFO@rho1.2_rep3,3,RateFIFO@rho1.2,RateFIFO,66,reuse_intensive:rep3:req66,reuse_intensive,1,112,0,L0112,4096,3,,False,1789722221.4226754,0,0,0,,False,False,False,False,0,0.0,0,0,16.0,False,cache_miss,False,False,0,0.0,16f7121c497e249202994f1e671bc49a39ea91be0c99ab68492b50f98ca78871,True,,,1,0,9829.065649,10645.214617,6,4156,4,16
20260726_formal4t4_reuse_intensive_RateFIFO@rho1.2_rep3,3,RateFIFO@rho1.2,RateFIFO,67,reuse_intensive:rep3:req67,reuse_intensive,1,76,0,L0076,4096,0,,False,1789722221.422697,0,0,0,,False,False,False,False,0,0.0,0,0,32.0,False,cache_miss,False,False,0,0.0,c47f8f9f1e7ebce01365ed9d8496f8aa49d3e968d458d2d66b6144f52b27cc13,True,,,1,0,9387.288952,10215.394675,6,4156,4,32
20260726_formal4t4_reuse_intensive_RateFIFO@rho1.2_rep3,3,RateFIFO@rho1.2,RateFIFO,68,reuse_intensive:rep3:req68,reuse_intensive,1,71,0,L0071,4096,1,,False,1789722232.0724263,0,0,0,,False,False,False,False,0,0.0,0,0,32.0,False,cache_miss,False,False,0,0.0,a62cb66f71d40f72aaf1eab8075f8c6e8a0c2956f35f024a0c7191c693169b25,True,,,1,0,7988.033001,8694.297586,6,4156,4,32
20260726_formal4t4_reuse_intensive_RateFIFO@rho1.2_rep3,3,RateFIFO@rho1.2,RateFIFO,69,reuse_intensive:rep3:req69,reuse_intensive,1,69,2,L0069,4096,3,,False,1789722232.0724652,4096,0,0,225.90603828430176,True,True,False,False,0,0.0,0,0,32.0,False,cache_miss,False,False,0,0.0,87574ba3057753fa557c1b144f37cdf0b5f9e09300249dd42a11326c6ff0e47c,True,,,1,0,8612.140384,9335.163035,6,4156,4,32
20260726_formal4t4_reuse_intensive_RateFIFO@rho1.2_rep3,3,RateFIFO@rho1.2,RateFIFO,70,reuse_intensive:rep3:req70,reuse_intensive,1,74,0,L0074,4096,2,,False,1789722232.072492,0,0,0,,False,False,False,False,0,0.0,0,0,32.0,False,cache_miss,False,False,0,0.0,56d6ea74feaa00fe2d5c840e2619dde32ad32940a910e21e779a58bc2e6bec70,True,,,1,0,8799.865919,9548.553058,6,4156,4,32
20260726_formal4t4_reuse_intensive_RateFIFO@rho1.2_rep3,3,RateFIFO@rho1.2,RateFIFO,71,reuse_intensive:rep3:req71,reuse_intensive,1,64,0,L0064,4096,0,,False,1789722232.072512,0,0,0,,False,False,False,False,0,0.0,0,0,32.0,False,cache_miss,False,False,0,0.0,af1ec262ba18a30683fce0f444582487da729aaed56b093ffb3f6f52f53e1900,True,,,1,0,8422.801553,9189.067726,6,4156,4,32
20260726_formal4t4_reuse_intensive_RateFIFO@rho1.2_rep3,3,RateFIFO@rho1.2,RateFIFO,72,reuse_intensive:rep3:req72,reuse_intensive,1,67,0,L0067,4096,1,,False,1789722241.624747,0,0,0,,False,False,False,False,0,0.0,0,0,32.0,False,cache_miss,False,False,0,0.0,9e3c15020e3a81be5ad8040be210df2696b7d5787e6922b83f35d091149ee484,True,,,1,0,8656.877546,9399.901089,6,4156,4,32
20260726_formal4t4_reuse_intensive_RateFIFO@rho1.2_rep3,3,RateFIFO@rho1.2,RateFIFO,73,reuse_intensive:rep3:req73,reuse_intensive,1,64,1,L0064,4096,0,,False,1789722241.624786,4096,0,0,235.45835900306702,True,True,False,False,0,0.0,0,0,4128.0,False,cache_reused,False,False,0,0.0,91269667db552c2b21d066684caf8892d3452c50dfac886b81ddeb95a37426a9,True,,,1,0,306.224221,1068.617207,6,4156,4,4128
20260726_formal4t4_reuse_intensive_RateFIFO@rho1.2_rep3,3,RateFIFO@rho1.2,RateFIFO,74,reuse_intensive:rep3:req74,reuse_intensive,1,71,1,L0071,4096,3,,False,1789722241.624814,4096,0,0,235.45838713645935,True,True,False,False,0,0.0,0,0,32.0,False,cache_miss,False,False,0,0.0,09d903037ea69c0cd54282287f1aa1f5e5b1e85eda9539c92c3576d7d0d6510a,True,,,1,0,8482.479,9195.71183,6,4156,4,32
20260726_formal4t4_reuse_intensive_RateFIFO@rho1.2_rep3,3,RateFIFO@rho1.2,RateFIFO,75,reuse_intensive:rep3:req75,reuse_intensive,1,64,2,L0064,4096,2,,False,1789722241.624837,4096,0,0,235.45841002464294,True,True,False,False,0,0.0,0,0,32.0,False,cache_miss,False,False,0,0.0,2bb9a180da5d95c0b8136915e108bc9ccd7382c22fc128440f148ec380163b91,True,,,1,0,8141.470905,8854.972528,6,4156,4,32
20260726_formal4t4_reuse_intensive_RateFIFO@rho1.2_rep3,3,RateFIFO@rho1.2,RateFIFO,76,reuse_intensive:rep3:req76,reuse_intensive,1,67,1,L0067,4096,1,,False,1789722251.0267441,4096,0,0,244.8603172302246,True,True,False,False,0,0.0,0,0,4128.0,False,cache_reused,False,False,0,0.0,131204fe2866c10c90a732144b51e51d2987a0000837d74e9bd6075baedd08c2,True,,,1,0,301.229073,1047.317059,6,4156,4,4128
20260726_formal4t4_reuse_intensive_RateFIFO@rho1.2_rep3,3,RateFIFO@rho1.2,RateFIFO,77,reuse_intensive:rep3:req77,reuse_intensive,1,64,0,L0064,4096,2,,False,1789722251.0267844,4096,0,0,244.86035752296448,True,True,False,False,0,0.0,0,0,4128.0,False,cache_reused,False,False,0,0.0,ef1c2624114a3659476767b1d50df8337a62048c6bbd76547b46407e9499cb74,True,,,1,0,291.992728,1008.536312,6,4156,4,4128
20260726_formal4t4_reuse_intensive_RateFIFO@rho1.2_rep3,3,RateFIFO@rho1.2,RateFIFO,78,reuse_intensive:rep3:req78,reuse_intensive,1,65,2,L0065,4096,3,,False,1789722251.0268118,4096,0,0,244.86038494110107,True,True,False,False,0,0.0,0,0,32.0,False,cache_miss,False,False,0,0.0,a43b764840b4e6b297891594eaca3bf38287e8810bdf1fe356bc04e56a889f56,True,,,1,0,8754.212735,9487.889178,6,4156,4,32
20260726_formal4t4_reuse_intensive_RateFIFO@rho1.2_rep3,3,RateFIFO@rho1.2,RateFIFO,79,reuse_intensive:rep3:req79,reuse_intensive,1,65,0,L0065,4096,0,,False,1789722251.0268352,4096,0,0,244.86040830612183,True,True,False,False,0,0.0,0,0,4128.0,False,cache_reused,False,False,0,0.0,77584a5761aeb8fa850d0650dd10ac89f7624987cf9e1a58c2b9f29e6ee9e1d9,True,,,1,0,489.813102,1275.39729,6,4156,4,4128
20260726_formal4t4_reuse_intensive_RateFIFO@rho1.2_rep3,3,RateFIFO@rho1.2,RateFIFO,80,reuse_intensive:rep3:req80,reuse_intensive,1,64,1,L0064,4096,1,,False,1789722260.517439,4096,0,0,254.35101199150085,True,True,False,False,0,0.0,0,0,32.0,False,cache_miss,False,False,0,0.0,93aa6cc487ac4a040175e80e9f03cbfd0026d1b986556f3e5ec35f03581dce84,True,,,1,0,8841.52442,9569.811331,6,4156,4,32
20260726_formal4t4_reuse_intensive_RateFIFO@rho1.2_rep3,3,RateFIFO@rho1.2,RateFIFO,81,reuse_intensive:rep3:req81,reuse_intensive,1,91,0,L0091,4096,3,,False,1789722260.517458,0,0,0,,False,False,False,False,0,0.0,0,0,32.0,False,cache_miss,False,False,0,0.0,04d00b9bca3b20a734aaac46c7e278a1a97991141079983923c3296414bd7a47,True,,,1,0,8679.046828,9404.559807,6,4156,4,32
20260726_formal4t4_reuse_intensive_RateFIFO@rho1.2_rep3,3,RateFIFO@rho1.2,RateFIFO,82,reuse_intensive:rep3:req82,reuse_intensive,1,68,0,L0068,4096,2,,False,1789722260.5174696,0,0,0,,False,False,False,False,0,0.0,0,0,32.0,False,cache_miss,False,False,0,0.0,2c087d434f9192c840ab41cf39cd96d6ec21f617c5057b2ab2ecbd97c556ff04,True,,,1,0,7801.505918,8513.236929,6,4156,4,32
20260726_formal4t4_reuse_intensive_RateFIFO@rho1.2_rep3,3,RateFIFO@rho1.2,RateFIFO,83,reuse_intensive:rep3:req83,reuse_intensive,1,66,0,L0066,4096,0,,False,1789722260.5174782,0,0,0,,False,False,False,False,0,0.0,0,0,32.0,False,cache_miss,False,False,0,0.0,f220aa3160b7af6661ca4e8e9f9c5f5d50edc0052f3b7452c94c91a0a38cfbd3,True,,,1,0,8455.447187,9221.422663,6,4156,4,32
20260726_formal4t4_reuse_intensive_RateFIFO@rho1.2_rep3,3,RateFIFO@rho1.2,RateFIFO,84,reuse_intensive:rep3:req84,reuse_intensive,1,68,1,L0068,4096,1,,False,1789722270.0892522,4096,0,0,263.9228253364563,True,True,False,False,0,0.0,0,0,32.0,False,cache_miss,False,False,0,0.0,c8f41cb6231c6995e5aa43d79387287dee147d5d0713309bfb6afaff727502e7,True,,,1,0,8320.668295,9040.4189,6,4156,4,32
20260726_formal4t4_reuse_intensive_RateFIFO@rho1.2_rep3,3,RateFIFO@rho1.2,RateFIFO,85,reuse_intensive:rep3:req85,reuse_intensive,1,92,0,L0092,4096,0,,False,1789722270.0892947,0,0,0,,False,False,False,False,0,0.0,0,0,32.0,False,cache_miss,False,False,0,0.0,4abc782f9a0b4624b86360a59733395b9f01e98c8e16b9fb69c97cb168289ea3,True,,,1,0,8841.96506,9627.01652,6,4156,4,32
20260726_formal4t4_reuse_intensive_RateFIFO@rho1.2_rep3,3,RateFIFO@rho1.2,RateFIFO,86,reuse_intensive:rep3:req86,reuse_intensive,1,106,0,L0106,4096,3,,False,1789722270.0893211,0,0,0,,False,False,False,False,0,0.0,0,0,32.0,False,cache_miss,False,False,0,0.0,6c3914c53e2934104783a96f6271377d49191655913678f6cdd14f1dffc8e603,True,,,1,0,9173.326237,9900.680757,6,4156,4,32
20260726_formal4t4_reuse_intensive_RateFIFO@rho1.2_rep3,3,RateFIFO@rho1.2,RateFIFO,87,reuse_intensive:rep3:req87,reuse_intensive,1,81,0,L0081,4096,2,,False,1789722270.0893447,0,0,0,,False,False,False,False,0,0.0,0,0,32.0,False,cache_miss,False,False,0,0.0,15c88bad16965603c40cfe6b5433e2b0b5002f84cd45ac0d0313584277ecaeea,True,,,1,0,8027.743567,8747.631744,6,4156,4,32
20260726_formal4t4_reuse_intensive_RateFIFO@rho1.2_rep3,3,RateFIFO@rho1.2,RateFIFO,88,reuse_intensive:rep3:req88,reuse_intensive,1,64,2,L0064,4096,1,,False,1789722279.993835,4096,0,0,273.82740807533264,True,True,False,False,0,0.0,0,0,4128.0,False,cache_reused,False,False,0,0.0,822b19cc816a1d53a74a473019b0ebe24cd127427c4d1fd1b22d1cc88ffda7dc,True,,,1,0,297.935626,1025.04518,6,4156,4,4128
20260726_formal4t4_reuse_intensive_RateFIFO@rho1.2_rep3,3,RateFIFO@rho1.2,RateFIFO,89,reuse_intensive:rep3:req89,reuse_intensive,1,74,1,L0074,4096,2,,False,1789722279.9938784,4096,0,0,273.82745146751404,True,True,False,False,0,0.0,0,0,4128.0,False,cache_reused,False,False,0,0.0,7367bdf74904e9926335495138cae05ce9bd37128dad6277ba8b61110de3543a,True,,,1,0,301.117312,1042.634128,6,4156,4,4128
20260726_formal4t4_reuse_intensive_RateFIFO@rho1.2_rep3,3,RateFIFO@rho1.2,RateFIFO,90,reuse_intensive:rep3:req90,reuse_intensive,1,64,0,L0064,4096,3,,False,1789722279.9939058,4096,0,0,273.82747888565063,True,True,False,False,0,0.0,0,0,32.0,False,cache_miss,False,False,0,0.0,47da42ba51453b0311d65f4c3df975cffaac0f8bd525a90a45c6090a30d6d983,True,,,1,0,9602.374425,10396.780717,6,4156,4,32
20260726_formal4t4_reuse_intensive_RateFIFO@rho1.2_rep3,3,RateFIFO@rho1.2,RateFIFO,91,reuse_intensive:rep3:req91,reuse_intensive,1,64,1,L0064,4096,0,,False,1789722279.993928,4096,0,0,273.8275010585785,True,True,False,False,0,0.0,0,0,4128.0,False,cache_reused,False,False,0,0.0,6f4fd90fe0fc05a51f766b5e3e4eb90bdf446df6bc293f59142789ad6e44fc5c,True,,,1,0,308.159989,1073.853772,6,4156,4,4128
20260726_formal4t4_reuse_intensive_RateFIFO@rho1.2_rep3,3,RateFIFO@rho1.2,RateFIFO,92,reuse_intensive:rep3:req92,reuse_intensive,1,65,1,L0065,4096,1,1,False,1789722290.4819994,4096,4096,4096,58.41194987297058,False,False,False,False,4096,0.0,1,1,4128.0,False,cache_reused,False,False,0,0.0,5cf03dc2d771ca8b2bb20186d44cf5a8fa799172a6304f9b2928ebd1fa2179cc,True,,,1,0,473.366846,1247.031165,6,4156,4,4128
20260726_formal4t4_reuse_intensive_RateFIFO@rho1.2_rep3,3,RateFIFO@rho1.2,RateFIFO,93,reuse_intensive:rep3:req93,reuse_intensive,1,78,0,L0078,4096,0,,False,1789722290.4820244,0,0,0,,False,False,False,False,0,0.0,0,0,32.0,False,cache_miss,False,False,0,0.0,7f1de2a966f76ad948e40c187080a73d5c9216116fc935b77380165e3a2292f9,True,,,1,0,9277.716852,10078.589382,6,4156,4,32
20260726_formal4t4_reuse_intensive_RateFIFO@rho1.2_rep3,3,RateFIFO@rho1.2,RateFIFO,94,reuse_intensive:rep3:req94,reuse_intensive,1,105,0,L0105,4096,2,,False,1789722290.4820366,0,0,0,,False,False,False,False,0,0.0,0,0,32.0,False,cache_miss,False,False,0,0.0,ba7e0711a7707e34c7378c0ccdf181949be1443660e5d83795422d037c794af6,True,,,1,0,8316.837487,9027.904884,6,4156,4,32
20260726_formal4t4_reuse_intensive_RateFIFO@rho1.2_rep3,3,RateFIFO@rho1.2,RateFIFO,95,reuse_intensive:rep3:req95,reuse_intensive,1,104,0,L0104,4096,3,,False,1789722290.482046,0,0,0,,False,False,False,False,0,0.0,0,0,32.0,False,cache_miss,False,False,0,0.0,ca4ffa98a290595834e71c1e7bfd08b031b47dfebafd593696401f42e8cd19dc,True,,,1,0,9409.896553,10166.966449,6,4156,4,32
20260726_formal4t4_reuse_intensive_RateFIFO@rho1.2_rep3,3,RateFIFO@rho1.2,RateFIFO,96,reuse_intensive:rep3:req96,reuse_intensive,1,117,0,L0117,4096,2,,False,1789722300.6524322,0,0,0,,False,False,False,False,0,0.0,0,0,32.0,False,cache_miss,False,False,0,0.0,e09237dc6210bb48b01ea149d6825a41e31543a989be7a0b0d56774cf2749bd2,True,,,1,0,8206.961987,8945.786486,6,4156,4,32
20260726_formal4t4_reuse_intensive_RateFIFO@rho1.2_rep3,3,RateFIFO@rho1.2,RateFIFO,97,reuse_intensive:rep3:req97,reuse_intensive,1,66,1,L0066,4096,1,,False,1789722300.6524692,4096,0,0,294.48604226112366,True,True,False,False,0,0.0,0,0,32.0,False,cache_miss,False,False,0,0.0,71db7bccedfcd84fe141752cd2979e2dba0d357242fba44b5568231d10955840,True,,,1,0,8943.680978,10376.27946,6,4156,4,32
20260726_formal4t4_reuse_intensive_RateFIFO@rho1.2_rep3,3,RateFIFO@rho1.2,RateFIFO,98,reuse_intensive:rep3:req98,reuse_intensive,1,72,0,L0072,4096,0,,False,1789722300.652497,0,0,0,,False,False,False,False,0,0.0,0,0,32.0,False,cache_miss,False,False,0,0.0,a667715c0e1129822dd6103c52629707e9821ea5a68ed6d137adc47121a3f33f,True,,,1,0,9580.780949,10431.01143,6,4156,4,32
20260726_formal4t4_reuse_intensive_RateFIFO@rho1.2_rep3,3,RateFIFO@rho1.2,RateFIFO,99,reuse_intensive:rep3:req99,reuse_intensive,1,67,2,L0067,4096,1,1,True,1789722300.6525323,4096,4096,4096,40.1358163356781,False,False,False,False,4096,79.92,1,1,4128.0,True,cache_reused,False,False,0,0.0,490fee34a1515925a902e6742cf2efe248d17e1828294808960f8d300f0e2fd3,True,,,1,0,8941.722555,10374.224891,6,4156,4,4128
20260726_formal4t4_reuse_intensive_RateFIFO@rho1.2_rep3,3,RateFIFO@rho1.2,RateFIFO,100,reuse_intensive:rep3:req100,reuse_intensive,1,65,2,L0065,4096,1,1,True,1789722311.0882688,4096,4096,4096,10.437388181686401,False,False,False,False,4096,81.92,1,1,4128.0,True,cache_reused,False,False,0,0.0,6b08d970cedaa56b18c7e71132bd8a5bb113283303d782441be55a1721de5ab0,True,,,1,0,315.94635,1754.000565,6,4157,4,4128
20260726_formal4t4_reuse_intensive_RateFIFO@rho1.2_rep3,3,RateFIFO@rho1.2,RateFIFO,101,reuse_intensive:rep3:req101,reuse_intensive,1,103,0,L0103,4096,2,,False,1789722311.0883136,0,0,0,,False,False,False,False,0,0.0,0,0,32.0,False,cache_miss,False,False,0,0.0,ddd1618893be00b9fcf99a2b0877acb32cf8845dd1de3f4125b39889d941b7fc,True,,,1,0,8913.264798,9690.665973,6,4157,4,32
20260726_formal4t4_reuse_intensive_RateFIFO@rho1.2_rep3,3,RateFIFO@rho1.2,RateFIFO,102,reuse_intensive:rep3:req102,reuse_intensive,1,69,0,L0069,4096,1,1,True,1789722311.08835,4096,4096,4096,89.66729927062988,False,False,False,False,4096,79.92,1,1,4128.0,True,cache_reused,False,False,0,0.0,c83e75f2cc51702d8385159f256cd6dca435389486569a4d068a44c89a8146b1,True,,,1,0,793.578664,1988.087332,6,4157,4,4128
20260726_formal4t4_reuse_intensive_RateFIFO@rho1.2_rep3,3,RateFIFO@rho1.2,RateFIFO,103,reuse_intensive:rep3:req103,reuse_intensive,1,83,0,L0083,4096,0,,False,1789722311.088375,0,0,0,,False,False,False,False,0,0.0,0,0,32.0,False,cache_miss,False,False,0,0.0,75787e7e6e2418610fdd8d10e390974e9deab9be5c077aa2798588c65a29c1be,True,,,1,0,9120.813794,9917.591937,6,4157,4,32
20260726_formal4t4_reuse_intensive_RateFIFO@rho1.2_rep3,3,RateFIFO@rho1.2,RateFIFO,104,reuse_intensive:rep3:req104,reuse_intensive,1,70,1,L0070,4096,1,,False,1789722321.011254,4096,0,0,314.8448271751404,True,True,False,False,0,0.0,0,0,32.0,False,cache_miss,False,False,0,0.0,605d36ef9c2356ba97a69129f4f1164a2b0f53ff8b720cb54a318711436ce559,True,,,1,0,8564.896701,9918.090813,6,4157,4,32
20260726_formal4t4_reuse_intensive_RateFIFO@rho1.2_rep3,3,RateFIFO@rho1.2,RateFIFO,105,reuse_intensive:rep3:req105,reuse_intensive,1,64,2,L0064,4096,1,1,True,1789722321.011318,4096,4096,4096,30.618531942367554,False,False,False,False,4096,79.92,1,1,4128.0,True,cache_reused,False,False,0,0.0,35a52838d214edfa1965032faaefa6263cc3af345c92070e8ea35529ff2348c0,True,,,1,0,8563.503593,9916.534546,6,4157,4,4128
20260726_formal4t4_reuse_intensive_RateFIFO@rho1.2_rep3,3,RateFIFO@rho1.2,RateFIFO,106,reuse_intensive:rep3:req106,reuse_intensive,1,64,0,L0064,4096,1,1,True,1789722321.011356,4096,4096,4096,30.61857008934021,False,False,False,False,4096,77.92,1,1,4128.0,True,cache_reused,False,False,0,0.0,814c07caf2956524ef6862241f6ea66c5f1149c6d69b73798f468658b5fd2de6,True,,,1,0,8562.825308,9915.978512,6,4157,4,4128
20260726_formal4t4_reuse_intensive_RateFIFO@rho1.2_rep3,3,RateFIFO@rho1.2,RateFIFO,107,reuse_intensive:rep3:req107,reuse_intensive,1,98,0,L0098,4096,2,,False,1789722321.0113807,0,0,0,,False,False,False,False,0,0.0,0,0,32.0,False,cache_miss,False,False,0,0.0,f8e7e88fcc172885521cc66668ad73b58bddad0942c12913f2223d61610cb70d,True,,,1,0,7888.928948,8588.72396,6,4157,4,32
20260726_formal4t4_reuse_intensive_RateFIFO@rho1.2_rep3,3,RateFIFO@rho1.2,RateFIFO,108,reuse_intensive:rep3:req108,reuse_intensive,1,68,2,L0068,4096,1,1,True,1789722330.932373,4096,4096,4096,50.94025993347168,False,False,False,False,4096,81.92,1,1,4128.0,True,cache_reused,False,False,0,0.0,7bc27f90b72b627d9a5cf31b62e8f51c6859ca1dc67474eb348c185095c3e19c,True,,,1,0,297.851777,2471.660148,6,4157,4,4128
20260726_formal4t4_reuse_intensive_RateFIFO@rho1.2_rep3,3,RateFIFO@rho1.2,RateFIFO,109,reuse_intensive:rep3:req109,reuse_intensive,1,65,0,L0065,4096,1,1,True,1789722330.9324243,4096,4096,4096,9.923604011535645,False,False,False,False,4096,79.92,1,1,4128.0,True,cache_reused,False,False,0,0.0,475b036e0cda94b8c8f928a9ab25d753dec24a7866f9e8571ff4d31d76430bc8,True,,,1,0,1197.26924,2948.331882,6,4157,4,4128
20260726_formal4t4_reuse_intensive_RateFIFO@rho1.2_rep3,3,RateFIFO@rho1.2,RateFIFO,110,reuse_intensive:rep3:req110,reuse_intensive,1,64,1,L0064,4096,1,1,True,1789722330.9324584,4096,4096,4096,40.53967237472534,False,False,False,False,4096,77.92,1,1,4128.0,True,cache_reused,False,False,0,0.0,a67f9aaf408dc9cec28db5bec5239f4a2aa8f1b06d0a1a83cd9c74e7f96f9644,True,,,1,0,1196.577957,2947.825303,6,4157,4,4128
20260726_formal4t4_reuse_intensive_RateFIFO@rho1.2_rep3,3,RateFIFO@rho1.2,RateFIFO,111,reuse_intensive:rep3:req111,reuse_intensive,1,75,0,L0075,4096,3,,False,1789722330.9324827,0,0,0,,False,False,False,False,0,0.0,0,0,32.0,False,cache_miss,False,False,0,0.0,c869ab746c1594b1db7f5604b2dc00167046ce87c4a8561c8c29c570db460393,True,,,1,0,9157.853258,9904.129725,6,4157,4,32
20260726_formal4t4_reuse_intensive_RateFIFO@rho1.2_rep3,3,RateFIFO@rho1.2,RateFIFO,112,reuse_intensive:rep3:req112,reuse_intensive,1,65,1,L0065,4096,1,1,True,1789722340.8420045,4096,4096,4096,19.833184242248535,False,False,False,False,4096,81.92,1,1,4128.0,True,cache_reused,False,False,0,0.0,c2b19f1c06673872689f3cb0d6630cf6c6a1f3c7516a78a493d5b7007a8f08c9,True,,,1,0,459.401061,1892.514521,6,4157,4,4128
20260726_formal4t4_reuse_intensive_RateFIFO@rho1.2_rep3,3,RateFIFO@rho1.2,RateFIFO,113,reuse_intensive:rep3:req113,reuse_intensive,1,76,1,L0076,4096,3,,False,1789722340.8420491,4096,0,0,334.67562222480774,True,True,False,False,0,0.0,0,0,32.0,False,cache_miss,False,False,0,0.0,8f7860641a558bb37ce1d50ad89e3699a42bcb0775a6bb8b212286ed82fe2c8c,True,,,1,0,8554.359273,9281.077239,6,4157,4,32
20260726_formal4t4_reuse_intensive_RateFIFO@rho1.2_rep3,3,RateFIFO@rho1.2,RateFIFO,114,reuse_intensive:rep3:req114,reuse_intensive,1,72,1,L0072,4096,2,,False,1789722340.8420768,4096,0,0,334.6756498813629,True,True,False,False,0,0.0,0,0,32.0,False,cache_miss,False,False,0,0.0,3b0a682cbee631bd6633300aa884cf00125889f394adfe1dadae2b3d6d3bd628,True,,,1,0,8548.590767,9287.616835,6,4157,4,32
20260726_formal4t4_reuse_intensive_RateFIFO@rho1.2_rep3,3,RateFIFO@rho1.2,RateFIFO,115,reuse_intensive:rep3:req115,reuse_intensive,1,64,2,L0064,4096,1,1,True,1789722340.8421082,4096,4096,4096,50.44932222366333,False,False,False,False,4096,79.92,1,1,4128.0,True,cache_reused,False,False,0,0.0,f046048366733ef3d6ea7d2bed12f13a554d44fc1acc590289e77402116dcd19,True,,,1,0,935.722817,2134.101281,6,4157,4,4128
20260726_formal4t4_reuse_intensive_RateFIFO@rho1.2_rep3,3,RateFIFO@rho1.2,RateFIFO,116,reuse_intensive:rep3:req116,reuse_intensive,1,64,0,L0064,4096,1,1,True,1789722350.1337245,4096,4096,4096,59.74093842506409,False,False,False,False,4096,81.92,1,1,4128.0,True,cache_reused,False,False,0,0.0,ad89bca3d243838b1c4a3ade9bff18d687002084a495f5b4a6a5ffae11dd3221,True,,,1,0,471.228585,1827.260821,6,4157,4,4128
20260726_formal4t4_reuse_intensive_RateFIFO@rho1.2_rep3,3,RateFIFO@rho1.2,RateFIFO,117,reuse_intensive:rep3:req117,reuse_intensive,1,80,0,L0080,4096,3,,False,1789722350.133768,0,0,0,,False,False,False,False,0,0.0,0,0,32.0,False,cache_miss,False,False,0,0.0,76ecf7f39507d6c73ab091925285f712aac7144f221201fba328c4f75cf932de,True,,,1,0,9329.175823,10075.73342,6,4157,4,32
20260726_formal4t4_reuse_intensive_RateFIFO@rho1.2_rep3,3,RateFIFO@rho1.2,RateFIFO,118,reuse_intensive:rep3:req118,reuse_intensive,1,71,2,L0071,4096,1,1,True,1789722350.1338043,4096,4096,4096,108.51059579849243,False,False,False,False,4096,79.92,1,1,4128.0,True,cache_reused,False,False,0,0.0,157799f23c17f64d01a23c830703487bca341e31626c617b1fb3f3d794e0a921,True,,,1,0,919.88498,2063.363247,6,4157,4,4128
20260726_formal4t4_reuse_intensive_RateFIFO@rho1.2_rep3,3,RateFIFO@rho1.2,RateFIFO,119,reuse_intensive:rep3:req119,reuse_intensive,1,103,1,L0103,4096,2,,False,1789722350.1338298,4096,0,0,343.9674029350281,True,True,False,False,0,0.0,0,0,4128.0,False,cache_reused,False,False,0,0.0,873ee59422ecd87e829e699e40e6acf8805bee052bc0224e8e78bfec636425d6,True,,,1,0,314.68523,1087.726868,6,4157,4,4128
20260726_formal4t4_reuse_intensive_Ideal_rep3,3,Ideal,Ideal,24,reuse_intensive:rep3:req24,reuse_intensive,0,1,2,L0001,4096,2,0;1;2;3,False,1789722510.165178,4096,4096,4096,12.520841360092163,False,False,False,False,4096,0.0,4,4,4128.0,False,cache_reused,False,False,0,0.0,1c99218ac6b81383d6dbfc40ef2c84182d2a26ebab9a4bd84ca6886327058ad5,True,,,1,0,304.859572,1052.81701,6,4156,4,4128
20260726_formal4t4_reuse_intensive_Ideal_rep3,3,Ideal,Ideal,25,reuse_intensive:rep3:req25,reuse_intensive,0,9,1,L0009,4096,0,0;1;2;3,False,1789722510.1652298,4096,4096,4096,50.11036539077759,False,False,False,False,4096,0.0,4,4,4128.0,False,cache_reused,False,False,0,0.0,a5b428342ae3a7946cadaeea431f69cb9e5a8bbef5286b529e1c6277d7e43564,True,,,1,0,316.78823,1111.74861,6,4156,4,4128
20260726_formal4t4_reuse_intensive_Ideal_rep3,3,Ideal,Ideal,26,reuse_intensive:rep3:req26,reuse_intensive,0,4,1,L0004,4096,1,0;1;2;3,False,1789722510.1652699,4096,4096,4096,92.76314735412598,False,False,False,False,4096,0.0,4,4,4128.0,False,cache_reused,False,False,0,0.0,a654a8598d72f43fc93a284aba35bfb0011a5f1c5f7167a87a03a65e7f620928,True,,,1,0,296.449463,1024.713454,6,4156,4,4128
20260726_formal4t4_reuse_intensive_Ideal_rep3,3,Ideal,Ideal,27,reuse_intensive:rep3:req27,reuse_intensive,0,8,0,L0008,4096,3,0;1;2;3,False,1789722510.165304,4096,4096,4096,60.04439735412598,False,False,False,False,4096,0.0,4,4,4128.0,False,cache_reused,False,False,0,0.0,cf1b944ef44b6aa1373771daafe743060cf4275490ff4d5077cf7e1285ed21be,True,,,1,0,279.940871,1029.768736,6,4156,4,4128
20260726_formal4t4_reuse_intensive_Ideal_rep3,3,Ideal,Ideal,28,reuse_intensive:rep3:req28,reuse_intensive,0,1,0,L0001,4096,2,0;1;2;3,False,1789722511.2786644,4096,4096,4096,0.0004649162292480469,False,False,False,False,4096,0.0,4,4,4128.0,False,cache_reused,False,False,0,0.0,7b4cda841320eea8b5f63fd639095932dd58c3fc90135a802c070500b16c00ea,True,,,1,0,304.430843,1056.149895,6,4156,4,4128
20260726_formal4t4_reuse_intensive_Ideal_rep3,3,Ideal,Ideal,29,reuse_intensive:rep3:req29,reuse_intensive,0,0,0,L0000,4096,3,0;1;2;3,False,1789722511.278682,4096,4096,4096,1.113584041595459,False,False,False,False,4096,0.0,4,4,4128.0,False,cache_reused,False,False,0,0.0,f12045d4835f2d9b0cb91180b153756836f6137c67bdaaef0287a247fc00d5c5,True,,,1,0,285.688654,1049.181632,6,4156,4,4128
20260726_formal4t4_reuse_intensive_Ideal_rep3,3,Ideal,Ideal,30,reuse_intensive:rep3:req30,reuse_intensive,0,7,0,L0007,4096,0,0;1;2;3,False,1789722511.2786946,4096,4096,4096,71.2671287059784,False,False,False,False,4096,0.0,4,4,4128.0,False,cache_reused,False,False,0,0.0,49a21cd0403661c8a08f6405aa0eba83139f01ecf3fadd4e2504191d93184953,True,,,1,0,311.239092,1117.794395,6,4156,4,4128
20260726_formal4t4_reuse_intensive_Ideal_rep3,3,Ideal,Ideal,31,reuse_intensive:rep3:req31,reuse_intensive,0,0,1,L0000,4096,1,0;1;2;3,False,1789722511.2787056,4096,4096,4096,12.54097867012024,False,False,False,False,4096,0.0,4,4,4128.0,False,cache_reused,False,False,0,0.0,cf88b87c4b6b84023a10cab4b8236f79f6605ff212c05ba1a989a596cf1aeb69,True,,,1,0,287.870438,992.903526,6,4156,4,4128
20260726_formal4t4_reuse_intensive_Ideal_rep3,3,Ideal,Ideal,32,reuse_intensive:rep3:req32,reuse_intensive,0,0,2,L0000,4096,2,0;1;2;3,False,1789722512.398686,4096,4096,4096,3.568269729614258,False,False,False,False,4096,0.0,4,4,4128.0,False,cache_reused,False,False,0,0.0,b4e07b6ddc6feb56db2ef8cf0604643015c86449e51a5c67283b9ac5be416613,True,,,1,0,303.889514,1055.81461,6,4156,4,4128
20260726_formal4t4_reuse_intensive_Ideal_rep3,3,Ideal,Ideal,33,reuse_intensive:rep3:req33,reuse_intensive,0,0,0,L0000,4096,1,0;1;2;3,False,1789722512.3987367,4096,4096,4096,0.0004010200500488281,False,False,False,False,4096,0.0,4,4,4128.0,False,cache_reused,False,False,0,0.0,e46f727aabcb2eee2d52049e9d47eb3df67a7962d071d34656819099542b42b5,True,,,1,0,288.933239,998.185278,6,4156,4,4128
20260726_formal4t4_reuse_intensive_Ideal_rep3,3,Ideal,Ideal,34,reuse_intensive:rep3:req34,reuse_intensive,0,0,1,L0000,4096,0,0;1;2;3,False,1789722512.3987718,4096,4096,4096,12.571970462799072,False,False,False,False,4096,0.0,4,4,4128.0,False,cache_reused,False,False,0,0.0,64386a09c100813193a27527fb7a8ba1d8a5d6b675a14c2d2398d9561cae548a,True,,,1,0,304.573345,1086.561316,6,4156,4,4128
20260726_formal4t4_reuse_intensive_Ideal_rep3,3,Ideal,Ideal,35,reuse_intensive:rep3:req35,reuse_intensive,0,1,1,L0001,4096,3,0;1;2;3,False,1789722512.3988018,4096,4096,4096,125.89307260513306,False,False,False,False,4096,0.0,4,4,4128.0,False,cache_reused,False,False,0,0.0,9769510ab1738d7e5de02c14d44f67019adf18850594316576bab35c6aedbc33,True,,,1,0,285.378095,1049.177945,6,4156,4,4128
20260726_formal4t4_reuse_intensive_Ideal_rep3,3,Ideal,Ideal,36,reuse_intensive:rep3:req36,reuse_intensive,0,0,2,L0000,4096,2,0;1;2;3,False,1789722513.4886327,4096,4096,4096,0.001314401626586914,False,False,False,False,4096,0.0,4,4,4128.0,False,cache_reused,False,False,0,0.0,cbb8af0b0b0328e8f05ec72ff29fa914ebbd9471de832765322ad8ae1975630a,True,,,1,0,305.43099,1061.977821,6,4156,4,4128
20260726_formal4t4_reuse_intensive_Ideal_rep3,3,Ideal,Ideal,37,reuse_intensive:rep3:req37,reuse_intensive,0,0,0,L0000,4096,0,0;1;2;3,False,1789722513.4886842,4096,4096,4096,0.0007052421569824219,False,False,False,False,4096,0.0,4,4,4128.0,False,cache_reused,False,False,0,0.0,f5ac1349f9772a4bb643ab4f2bc8b28b5094ad12967ce64f4121b85989573768,True,,,1,0,294.822345,1073.952768,6,4156,4,4128
20260726_formal4t4_reuse_intensive_Ideal_rep3,3,Ideal,Ideal,38,reuse_intensive:rep3:req38,reuse_intensive,0,8,1,L0008,4096,1,0;1;2;3,False,1789722513.4887238,4096,4096,4096,63.36782646179199,False,False,False,False,4096,0.0,4,4,4128.0,False,cache_reused,False,False,0,0.0,fa1331bb6ecb3c0fc1538de7123e70c9f7d3c28f2b512e31c69078b98b288942,True,,,1,0,312.904131,1095.420111,6,4156,4,4128
20260726_formal4t4_reuse_intensive_Ideal_rep3,3,Ideal,Ideal,39,reuse_intensive:rep3:req39,reuse_intensive,0,0,1,L0000,4096,3,0;1;2;3,False,1789722513.4887578,4096,4096,4096,1.0910592079162598,False,False,False,False,4096,0.0,4,4,4128.0,False,cache_reused,False,False,0,0.0,59fe3ba5d8d984f9ebc39842cab74c44f76ddd5a766f3746deb5c07c435e0b79,True,,,1,0,286.119041,1050.989131,6,4156,4,4128
20260726_formal4t4_reuse_intensive_Ideal_rep3,3,Ideal,Ideal,40,reuse_intensive:rep3:req40,reuse_intensive,0,0,2,L0000,4096,2,0;1;2;3,False,1789722514.587419,4096,4096,4096,0.0013356208801269531,False,False,False,False,4096,0.0,4,4,4128.0,False,cache_reused,False,False,0,0.0,d07423d886b0007ba137c6ab0fac09035811a86bf8db0bb4ad263ecd773a6a5e,True,,,1,0,305.612584,1060.364322,6,4156,4,4128
20260726_formal4t4_reuse_intensive_Ideal_rep3,3,Ideal,Ideal,41,reuse_intensive:rep3:req41,reuse_intensive,0,20,0,L0020,4096,3,,False,1789722514.587458,0,0,0,,False,False,False,False,0,0.0,0,0,32.0,False,cache_miss,False,False,0,0.0,c0cf44af1147314fec49dd1c291a09fc5a8d0c680274fece6c1eae59a1506f81,True,,,1,0,10071.243047,10885.209092,6,4156,4,32
20260726_formal4t4_reuse_intensive_Ideal_rep3,3,Ideal,Ideal,42,reuse_intensive:rep3:req42,reuse_intensive,0,4,2,L0004,4096,1,0;1;2;3,False,1789722514.5874984,4096,4096,4096,3.3090531826019287,False,False,False,False,4096,0.0,4,4,4128.0,False,cache_reused,False,False,0,0.0,b3f6a90c74b79e72fc624c4c0eb5d779d3b368e8bf801098b965543b2e374686,True,,,1,0,296.630295,1023.536561,6,4156,4,4128
20260726_formal4t4_reuse_intensive_Ideal_rep3,3,Ideal,Ideal,43,reuse_intensive:rep3:req43,reuse_intensive,0,7,1,L0007,4096,0,0;1;2;3,False,1789722514.587533,4096,4096,4096,2.1895081996917725,False,False,False,False,4096,0.0,4,4,4128.0,False,cache_reused,False,False,0,0.0,89507a132a1795df0d16c2c55ed55aa336024cddece839130c6a87b13230436a,True,,,1,0,306.012369,1113.220072,6,4156,4,4128
20260726_formal4t4_reuse_intensive_Ideal_rep3,3,Ideal,Ideal,44,reuse_intensive:rep3:req44,reuse_intensive,0,19,0,L0019,4096,1,,False,1789722525.4752553,0,0,0,,False,False,False,False,0,0.0,0,0,32.0,False,cache_miss,False,False,0,0.0,7d1860fc2375585010aa8b6fd431faff8db38ffa1bc599914fca1f3fd543a63c,True,,,1,0,8509.723566,9228.759314,6,4156,4,32
20260726_formal4t4_reuse_intensive_Ideal_rep3,3,Ideal,Ideal,45,reuse_intensive:rep3:req45,reuse_intensive,0,0,0,L0000,4096,3,0;1;2;3,False,1789722525.4753127,4096,4096,4096,10.888249635696411,False,False,False,False,4096,0.0,4,4,4128.0,False,cache_reused,False,False,0,0.0,409dccd8dc09237b4266a1eb49a942f5182fd5ba10e5c3a855b0aed2da6ecc43,True,,,1,0,309.742104,1081.461457,6,4156,4,4128
20260726_formal4t4_reuse_intensive_Ideal_rep3,3,Ideal,Ideal,46,reuse_intensive:rep3:req46,reuse_intensive,0,3,0,L0003,4096,0,0;1;2;3,False,1789722525.475353,4096,4096,4096,16.644942045211792,False,False,False,False,4096,0.0,4,4,4128.0,False,cache_reused,False,False,0,0.0,313aaa461a215b4589e943ff704fcd4086e36e139cf13b09dd9190ba5a551682,True,,,1,0,489.690015,1261.66531,6,4156,4,4128
20260726_formal4t4_reuse_intensive_Ideal_rep3,3,Ideal,Ideal,47,reuse_intensive:rep3:req47,reuse_intensive,0,18,0,L0018,4096,2,,False,1789722525.475377,0,0,0,,False,False,False,False,0,0.0,0,0,32.0,False,cache_miss,False,False,0,0.0,1fefdcb6b2ceb5cd306cb9f699e370a8040c91501435d7f2642f3d5658679a44,True,,,1,0,8378.233664,9095.2863,6,4156,4,32
20260726_formal4t4_reuse_intensive_Ideal_rep3,3,Ideal,Ideal,48,reuse_intensive:rep3:req48,reuse_intensive,0,43,0,L0043,4096,3,,False,1789722534.7057188,0,0,0,,False,False,False,False,0,0.0,0,0,32.0,False,cache_miss,False,False,0,0.0,d2ebaec1df4b98eb30b10ffbd0f538b930ae2e7a53710425e3e6778bf4fc9a4b,True,,,1,0,9797.450774,10546.766505,6,4156,4,32
20260726_formal4t4_reuse_intensive_Ideal_rep3,3,Ideal,Ideal,49,reuse_intensive:rep3:req49,reuse_intensive,0,2,1,L0002,4096,2,0;1;2;3,False,1789722534.7057748,4096,4096,4096,35.96805238723755,False,False,False,False,4096,0.0,4,4,4128.0,False,cache_reused,False,False,0,0.0,7a84eeeb94373affc8280c7a594e1e6be31a5752dc17828e0da0ee8159f12b58,True,,,1,0,315.035017,1094.682414,6,4156,4,4128
20260726_formal4t4_reuse_intensive_Ideal_rep3,3,Ideal,Ideal,50,reuse_intensive:rep3:req50,reuse_intensive,0,3,1,L0003,4096,0,0;1;2;3,False,1789722534.7058156,4096,4096,4096,0.0007359981536865234,False,False,False,False,4096,0.0,4,4,4128.0,False,cache_reused,False,False,0,0.0,28cad6289f49008f65667751c71a4ede8bb2a2d000d425f2534f8c139555caa7,True,,,1,0,486.079553,1258.84062,6,4156,4,4128
20260726_formal4t4_reuse_intensive_Ideal_rep3,3,Ideal,Ideal,51,reuse_intensive:rep3:req51,reuse_intensive,0,0,1,L0000,4096,1,0;1;2;3,False,1789722534.7058492,4096,4096,4096,21.21817398071289,False,False,False,False,4096,0.0,4,4,4128.0,False,cache_reused,False,False,0,0.0,c76d052506742f3a5ab7fd283a4e4b910ce29987d9aafc9a506dd7c8a75a1a14,True,,,1,0,288.106219,995.742644,6,4156,4,4128
20260726_formal4t4_reuse_intensive_Ideal_rep3,3,Ideal,Ideal,52,reuse_intensive:rep3:req52,reuse_intensive,0,3,2,L0003,4096,2,0;1;2;3,False,1789722545.254251,4096,4096,4096,138.07534289360046,False,False,False,False,4096,0.0,4,4,4128.0,False,cache_reused,False,False,0,0.0,7507866f9d5a4caed8ac4e3beb07f0e135c3c5d127b8c070bbf9488d5debd0ff,True,,,1,0,446.368417,1186.50524,6,4156,4,4128
20260726_formal4t4_reuse_intensive_Ideal_rep3,3,Ideal,Ideal,53,reuse_intensive:rep3:req53,reuse_intensive,0,21,0,L0021,4096,1,,False,1789722545.254289,0,0,0,,False,False,False,False,0,0.0,0,0,32.0,False,cache_miss,False,False,0,0.0,e074ca8d631c7117ea8d26b25bc02d546648472f1ab6e8bdce992b1f324ae624,True,,,1,0,8972.123944,9737.495175,6,4156,4,32
20260726_formal4t4_reuse_intensive_Ideal_rep3,3,Ideal,Ideal,54,reuse_intensive:rep3:req54,reuse_intensive,0,3,0,L0003,4096,3,0;1;2;3,False,1789722545.2543278,4096,4096,4096,138.0754144191742,False,False,False,False,4096,0.0,4,4,4128.0,False,cache_reused,False,False,0,0.0,a909df8aec602a0c8d1b2586b3b25a19e1a186107d237ab4d691b8aa6f4acf5d,True,,,1,0,312.524062,1095.428569,6,4156,4,4128
20260726_formal4t4_reuse_intensive_Ideal_rep3,3,Ideal,Ideal,55,reuse_intensive:rep3:req55,reuse_intensive,0,0,2,L0000,4096,0,0;1;2;3,False,1789722545.254361,4096,4096,4096,30.66790223121643,False,False,False,False,4096,0.0,4,4,4128.0,False,cache_reused,False,False,0,0.0,501ea76d516d498226da89e5049218be51eb5d242e2c4fdfffbb61e7262d4b28,True,,,1,0,461.488856,1237.839616,6,4156,4,4128
20260726_formal4t4_reuse_intensive_Ideal_rep3,3,Ideal,Ideal,56,reuse_intensive:rep3:req56,reuse_intensive,0,0,0,L0000,4096,1,0;1;2;3,False,1789722554.9944663,4096,4096,4096,9.74056887626648,False,False,False,False,4096,0.0,4,4,4128.0,False,cache_reused,False,False,0,0.0,8f28c5d1c7e845868ad757509ffc5128dccfcc49dcffe8e933aa4121df34a700,True,,,1,0,289.374927,995.734534,6,4156,4,4128
20260726_formal4t4_reuse_intensive_Ideal_rep3,3,Ideal,Ideal,57,reuse_intensive:rep3:req57,reuse_intensive,0,1,2,L0001,4096,3,0;1;2;3,False,1789722554.9945178,4096,4096,4096,41.50622892379761,False,False,False,False,4096,0.0,4,4,4128.0,False,cache_reused,False,False,0,0.0,6d17156c563b19c1d6be8f47ef7fcb820bb0e94053300212cc99e6300dd8af31,True,,,1,0,472.060251,1240.414827,6,4156,4,4128
20260726_formal4t4_reuse_intensive_Ideal_rep3,3,Ideal,Ideal,58,reuse_intensive:rep3:req58,reuse_intensive,0,0,1,L0000,4096,2,0;1;2;3,False,1789722554.9945543,4096,4096,4096,29.520646810531616,False,False,False,False,4096,0.0,4,4,4128.0,False,cache_reused,False,False,0,0.0,f4bc9607730b0afde87e6d41bf9e12c05399bbdf2bb4b4505ea46e3daf4b7db1,True,,,1,0,477.563577,1229.665313,6,4156,4,4128
20260726_formal4t4_reuse_intensive_Ideal_rep3,3,Ideal,Ideal,59,reuse_intensive:rep3:req59,reuse_intensive,0,0,2,L0000,4096,0,0;1;2;3,False,1789722554.9945831,4096,4096,4096,0.00046944618225097656,False,False,False,False,4096,0.0,4,4,4128.0,False,cache_reused,False,False,0,0.0,a0affa8e88dcd8ad93aec1c3b4d40e409c99719cb0a99ab0be8ad73a34a8f1b7,True,,,1,0,471.526416,1251.224508,6,4156,4,4128
20260726_formal4t4_reuse_intensive_Ideal_rep3,3,Ideal,Ideal,60,reuse_intensive:rep3:req60,reuse_intensive,1,69,0,L0069,4096,1,,False,1789722556.2493541,0,0,0,,False,False,False,False,0,0.0,0,0,32.0,False,cache_miss,False,False,0,0.0,4adf282f2f04c8d5b9e1d9ece7aed6e0cfdeb8e821eb0ef434d628444a70a600,True,,,1,0,8560.43625,9276.867328,6,4156,4,32
20260726_formal4t4_reuse_intensive_Ideal_rep3,3,Ideal,Ideal,61,reuse_intensive:rep3:req61,reuse_intensive,1,65,0,L0065,4096,0,,False,1789722556.2493722,0,0,0,,False,False,False,False,0,0.0,0,0,32.0,False,cache_miss,False,False,0,0.0,663be6d01dba66a710f74eeaf2bfc0ce90f264eb15122f2195734f33b56b2022,True,,,1,0,8393.093205,9167.472112,6,4156,4,32
20260726_formal4t4_reuse_intensive_Ideal_rep3,3,Ideal,Ideal,62,reuse_intensive:rep3:req62,reuse_intensive,1,70,0,L0070,4096,3,,False,1789722556.2493837,0,0,0,,False,False,False,False,0,0.0,0,0,32.0,False,cache_miss,False,False,0,0.0,a1518c53cf117727e1a91d88850206cee1c5e8e490bdb8cfb31bd989a8376cd2,True,,,1,0,9086.197664,9813.482625,6,4156,4,32
20260726_formal4t4_reuse_intensive_Ideal_rep3,3,Ideal,Ideal,63,reuse_intensive:rep3:req63,reuse_intensive,1,124,0,L0124,4096,2,,False,1789722556.2493935,0,0,0,,False,False,False,False,0,0.0,0,0,16.0,False,cache_miss,False,False,0,0.0,710730425a7eea933debdbd4f5538a9a860f2ccc4403b323c51126f0f5f7f39c,True,,,1,0,9183.896492,9986.839557,6,4156,4,16
20260726_formal4t4_reuse_intensive_Ideal_rep3,3,Ideal,Ideal,64,reuse_intensive:rep3:req64,reuse_intensive,1,65,1,L0065,4096,0,0,True,1789722566.239032,4096,4096,4096,0.0009503364562988281,False,False,False,False,4096,81.92,1,1,4128.0,True,cache_reused,False,False,0,0.0,307334f99c361b4b259fc0e373a1bf52e7dc91789b3823a0ed2444d339486bed,True,,,1,0,291.532602,1065.558999,6,4156,4,4128
20260726_formal4t4_reuse_intensive_Ideal_rep3,3,Ideal,Ideal,65,reuse_intensive:rep3:req65,reuse_intensive,1,69,1,L0069,4096,1,1,True,1789722566.2390792,4096,4096,4096,0.001354217529296875,False,False,False,False,4096,81.92,1,1,4128.0,True,cache_reused,False,False,0,0.0,0de836b5b5936fd04b58933d019a6f8801adf421efe18e93384817d493a1e063,True,,,1,0,291.493477,1010.017475,6,4156,4,4128
20260726_formal4t4_reuse_intensive_Ideal_rep3,3,Ideal,Ideal,66,reuse_intensive:rep3:req66,reuse_intensive,1,112,0,L0112,4096,3,,False,1789722566.2391074,0,0,0,,False,False,False,False,0,0.0,0,0,16.0,False,cache_miss,False,False,0,0.0,16f7121c497e249202994f1e671bc49a39ea91be0c99ab68492b50f98ca78871,True,,,1,0,9481.945329,10250.84166,6,4156,4,16
20260726_formal4t4_reuse_intensive_Ideal_rep3,3,Ideal,Ideal,67,reuse_intensive:rep3:req67,reuse_intensive,1,76,0,L0076,4096,2,,False,1789722566.2391303,0,0,0,,False,False,False,False,0,0.0,0,0,32.0,False,cache_miss,False,False,0,0.0,c47f8f9f1e7ebce01365ed9d8496f8aa49d3e968d458d2d66b6144f52b27cc13,True,,,1,0,8277.630435,9009.972319,6,4156,4,32
20260726_formal4t4_reuse_intensive_Ideal_rep3,3,Ideal,Ideal,68,reuse_intensive:rep3:req68,reuse_intensive,1,71,0,L0071,4096,3,,False,1789722576.4932888,0,0,0,,False,False,False,False,0,0.0,0,0,32.0,False,cache_miss,False,False,0,0.0,a62cb66f71d40f72aaf1eab8075f8c6e8a0c2956f35f024a0c7191c693169b25,True,,,1,0,8647.267682,9376.307484,6,4156,4,32
20260726_formal4t4_reuse_intensive_Ideal_rep3,3,Ideal,Ideal,69,reuse_intensive:rep3:req69,reuse_intensive,1,69,2,L0069,4096,1,1,False,1789722576.493338,4096,4096,4096,0.0009920597076416016,False,False,False,False,4096,0.0,1,1,4128.0,False,cache_reused,False,False,0,0.0,87574ba3057753fa557c1b144f37cdf0b5f9e09300249dd42a11326c6ff0e47c,True,,,1,0,440.86552,1160.200014,6,4156,4,4128
20260726_formal4t4_reuse_intensive_Ideal_rep3,3,Ideal,Ideal,70,reuse_intensive:rep3:req70,reuse_intensive,1,74,0,L0074,4096,0,,False,1789722576.4933662,0,0,0,,False,False,False,False,0,0.0,0,0,32.0,False,cache_miss,False,False,0,0.0,56d6ea74feaa00fe2d5c840e2619dde32ad32940a910e21e779a58bc2e6bec70,True,,,1,0,9010.334888,9790.537928,6,4156,4,32
20260726_formal4t4_reuse_intensive_Ideal_rep3,3,Ideal,Ideal,71,reuse_intensive:rep3:req71,reuse_intensive,1,64,0,L0064,4096,2,,False,1789722576.493388,0,0,0,,False,False,False,False,0,0.0,0,0,32.0,False,cache_miss,False,False,0,0.0,af1ec262ba18a30683fce0f444582487da729aaed56b093ffb3f6f52f53e1900,True,,,1,0,7989.182643,8689.257511,6,4156,4,32
20260726_formal4t4_reuse_intensive_Ideal_rep3,3,Ideal,Ideal,72,reuse_intensive:rep3:req72,reuse_intensive,1,67,0,L0067,4096,0,,False,1789722586.2873468,0,0,0,,False,False,False,False,0,0.0,0,0,32.0,False,cache_miss,False,False,0,0.0,9e3c15020e3a81be5ad8040be210df2696b7d5787e6922b83f35d091149ee484,True,,,1,0,9462.240602,10291.129822,6,4156,4,32
20260726_formal4t4_reuse_intensive_Ideal_rep3,3,Ideal,Ideal,73,reuse_intensive:rep3:req73,reuse_intensive,1,64,1,L0064,4096,2,2,True,1789722586.2873979,4096,4096,4096,0.00037980079650878906,False,False,False,False,4096,81.92,1,1,4128.0,True,cache_reused,False,False,0,0.0,91269667db552c2b21d066684caf8892d3452c50dfac886b81ddeb95a37426a9,True,,,1,0,290.837087,1057.666678,6,4156,4,4128
20260726_formal4t4_reuse_intensive_Ideal_rep3,3,Ideal,Ideal,74,reuse_intensive:rep3:req74,reuse_intensive,1,71,1,L0071,4096,3,3,False,1789722586.2874353,4096,4096,4096,0.0014109611511230469,False,False,False,False,4096,0.0,1,1,4128.0,False,cache_reused,False,False,0,0.0,09d903037ea69c0cd54282287f1aa1f5e5b1e85eda9539c92c3576d7d0d6510a,True,,,1,0,295.409404,1019.505742,6,4156,4,4128
20260726_formal4t4_reuse_intensive_Ideal_rep3,3,Ideal,Ideal,75,reuse_intensive:rep3:req75,reuse_intensive,1,64,2,L0064,4096,2,2,True,1789722586.2874668,4096,4096,4096,0.0004487037658691406,False,False,False,False,4096,79.92,1,1,4128.0,True,cache_reused,False,False,0,0.0,2bb9a180da5d95c0b8136915e108bc9ccd7382c22fc128440f148ec380163b91,True,,,1,0,547.932786,1292.305264,6,4156,4,4128
20260726_formal4t4_reuse_intensive_Ideal_rep3,3,Ideal,Ideal,76,reuse_intensive:rep3:req76,reuse_intensive,1,67,1,L0067,4096,0,0,True,1789722596.580284,4096,4096,4096,0.0013589859008789062,False,False,False,False,4096,81.92,1,1,4128.0,True,cache_reused,False,False,0,0.0,131204fe2866c10c90a732144b51e51d2987a0000837d74e9bd6075baedd08c2,True,,,1,0,333.771748,2093.180865,6,4156,4,4128
20260726_formal4t4_reuse_intensive_Ideal_rep3,3,Ideal,Ideal,77,reuse_intensive:rep3:req77,reuse_intensive,1,64,0,L0064,4096,2,2,True,1789722596.5803318,4096,4096,4096,0.00039887428283691406,False,False,False,False,4096,81.92,1,1,4128.0,True,cache_reused,False,False,0,0.0,ef1c2624114a3659476767b1d50df8337a62048c6bbd76547b46407e9499cb74,True,,,1,0,453.540652,1157.225746,6,4156,4,4128
20260726_formal4t4_reuse_intensive_Ideal_rep3,3,Ideal,Ideal,78,reuse_intensive:rep3:req78,reuse_intensive,1,65,2,L0065,4096,0,0,True,1789722596.5803664,4096,4096,4096,20.088428735733032,False,False,False,False,4096,79.92,1,1,4128.0,True,cache_reused,False,False,0,0.0,a43b764840b4e6b297891594eaca3bf38287e8810bdf1fe356bc04e56a889f56,True,,,1,0,1060.338193,2371.140196,6,4156,4,4128
20260726_formal4t4_reuse_intensive_Ideal_rep3,3,Ideal,Ideal,79,reuse_intensive:rep3:req79,reuse_intensive,1,65,0,L0065,4096,0,0,True,1789722596.580395,4096,4096,4096,20.088457345962524,False,False,False,False,4096,77.92,1,1,4128.0,True,cache_reused,False,False,0,0.0,77584a5761aeb8fa850d0650dd10ac89f7624987cf9e1a58c2b9f29e6ee9e1d9,True,,,1,0,1059.304319,2370.037792,6,4156,4,4128
20260726_formal4t4_reuse_intensive_Ideal_rep3,3,Ideal,Ideal,80,reuse_intensive:rep3:req80,reuse_intensive,1,64,1,L0064,4096,2,2,True,1789722598.9551208,4096,4096,4096,0.0009407997131347656,False,False,False,False,4096,81.92,1,1,4128.0,True,cache_reused,False,False,0,0.0,93aa6cc487ac4a040175e80e9f03cbfd0026d1b986556f3e5ec35f03581dce84,True,,,1,0,289.541073,998.294744,6,4156,4,4128
20260726_formal4t4_reuse_intensive_Ideal_rep3,3,Ideal,Ideal,81,reuse_intensive:rep3:req81,reuse_intensive,1,91,0,L0091,4096,1,,False,1789722598.9551685,0,0,0,,False,False,False,False,0,0.0,0,0,32.0,False,cache_miss,False,False,0,0.0,04d00b9bca3b20a734aaac46c7e278a1a97991141079983923c3296414bd7a47,True,,,1,0,9255.615806,10016.014046,6,4156,4,32
20260726_formal4t4_reuse_intensive_Ideal_rep3,3,Ideal,Ideal,82,reuse_intensive:rep3:req82,reuse_intensive,1,68,0,L0068,4096,0,,False,1789722598.955196,0,0,0,,False,False,False,False,0,0.0,0,0,32.0,False,cache_miss,False,False,0,0.0,2c087d434f9192c840ab41cf39cd96d6ec21f617c5057b2ab2ecbd97c556ff04,True,,,1,0,9101.658647,9879.270311,6,4156,4,32
20260726_formal4t4_reuse_intensive_Ideal_rep3,3,Ideal,Ideal,83,reuse_intensive:rep3:req83,reuse_intensive,1,66,0,L0066,4096,3,,False,1789722598.9552176,0,0,0,,False,False,False,False,0,0.0,0,0,32.0,False,cache_miss,False,False,0,0.0,f220aa3160b7af6661ca4e8e9f9c5f5d50edc0052f3b7452c94c91a0a38cfbd3,True,,,1,0,8518.189554,9238.81683,6,4156,4,32
20260726_formal4t4_reuse_intensive_Ideal_rep3,3,Ideal,Ideal,84,reuse_intensive:rep3:req84,reuse_intensive,1,68,1,L0068,4096,0,0,False,1789722608.973736,4096,4096,4096,0.0006492137908935547,False,False,False,False,4096,0.0,1,1,4128.0,False,cache_reused,False,False,0,0.0,c8f41cb6231c6995e5aa43d79387287dee147d5d0713309bfb6afaff727502e7,True,,,1,0,313.181078,1097.462167,6,4156,4,4128
20260726_formal4t4_reuse_intensive_Ideal_rep3,3,Ideal,Ideal,85,reuse_intensive:rep3:req85,reuse_intensive,1,92,0,L0092,4096,1,,False,1789722608.9737751,0,0,0,,False,False,False,False,0,0.0,0,0,32.0,False,cache_miss,False,False,0,0.0,4abc782f9a0b4624b86360a59733395b9f01e98c8e16b9fb69c97cb168289ea3,True,,,1,0,8641.184489,9378.95729,6,4156,4,32
20260726_formal4t4_reuse_intensive_Ideal_rep3,3,Ideal,Ideal,86,reuse_intensive:rep3:req86,reuse_intensive,1,106,0,L0106,4096,3,,False,1789722608.9738023,0,0,0,,False,False,False,False,0,0.0,0,0,32.0,False,cache_miss,False,False,0,0.0,6c3914c53e2934104783a96f6271377d49191655913678f6cdd14f1dffc8e603,True,,,1,0,9583.398623,10362.144165,6,4156,4,32
20260726_formal4t4_reuse_intensive_Ideal_rep3,3,Ideal,Ideal,87,reuse_intensive:rep3:req87,reuse_intensive,1,81,0,L0081,4096,2,,False,1789722608.9738243,0,0,0,,False,False,False,False,0,0.0,0,0,32.0,False,cache_miss,False,False,0,0.0,15c88bad16965603c40cfe6b5433e2b0b5002f84cd45ac0d0313584277ecaeea,True,,,1,0,8392.86664,9113.514228,6,4156,4,32
20260726_formal4t4_reuse_intensive_Ideal_rep3,3,Ideal,Ideal,88,reuse_intensive:rep3:req88,reuse_intensive,1,64,2,L0064,4096,2,2,True,1789722619.339272,4096,4096,4096,10.366841316223145,False,False,False,False,4096,81.92,1,1,4128.0,True,cache_reused,False,False,0,0.0,822b19cc816a1d53a74a473019b0ebe24cd127427c4d1fd1b22d1cc88ffda7dc,True,,,1,0,293.721721,1165.041532,6,4156,4,4128
20260726_formal4t4_reuse_intensive_Ideal_rep3,3,Ideal,Ideal,89,reuse_intensive:rep3:req89,reuse_intensive,1,74,1,L0074,4096,0,0,True,1789722619.3393197,4096,4096,4096,33.05259561538696,False,False,False,False,4096,81.92,1,1,4128.0,True,cache_reused,False,False,0,0.0,7367bdf74904e9926335495138cae05ce9bd37128dad6277ba8b61110de3543a,True,,,1,0,458.054262,1227.110761,6,4156,4,4128
20260726_formal4t4_reuse_intensive_Ideal_rep3,3,Ideal,Ideal,90,reuse_intensive:rep3:req90,reuse_intensive,1,64,0,L0064,4096,2,2,True,1789722619.3393524,4096,4096,4096,10.366921663284302,False,False,False,False,4096,79.92,1,1,4128.0,True,cache_reused,False,False,0,0.0,47da42ba51453b0311d65f4c3df975cffaac0f8bd525a90a45c6090a30d6d983,True,,,1,0,650.743868,1417.308948,6,4156,4,4128
20260726_formal4t4_reuse_intensive_Ideal_rep3,3,Ideal,Ideal,91,reuse_intensive:rep3:req91,reuse_intensive,1,64,1,L0064,4096,2,2,True,1789722619.3393795,4096,4096,4096,10.36694884300232,False,False,False,False,4096,77.92,1,1,4128.0,True,cache_reused,False,False,0,0.0,6f4fd90fe0fc05a51f766b5e3e4eb90bdf446df6bc293f59142789ad6e44fc5c,True,,,1,0,650.11076,1416.696591,6,4156,4,4128
20260726_formal4t4_reuse_intensive_Ideal_rep3,3,Ideal,Ideal,92,reuse_intensive:rep3:req92,reuse_intensive,1,65,1,L0065,4096,0,0,True,1789722620.760326,4096,4096,4096,21.80554223060608,False,False,False,False,4096,81.92,1,1,4128.0,True,cache_reused,False,False,0,0.0,5cf03dc2d771ca8b2bb20186d44cf5a8fa799172a6304f9b2928ebd1fa2179cc,True,,,1,0,310.826369,1089.962511,6,4156,4,4128
20260726_formal4t4_reuse_intensive_Ideal_rep3,3,Ideal,Ideal,93,reuse_intensive:rep3:req93,reuse_intensive,1,78,0,L0078,4096,2,,False,1789722620.7603645,0,0,0,,False,False,False,False,0,0.0,0,0,32.0,False,cache_miss,False,False,0,0.0,7f1de2a966f76ad948e40c187080a73d5c9216116fc935b77380165e3a2292f9,True,,,1,0,8295.588557,9022.024197,6,4156,4,32
20260726_formal4t4_reuse_intensive_Ideal_rep3,3,Ideal,Ideal,94,reuse_intensive:rep3:req94,reuse_intensive,1,105,0,L0105,4096,1,,False,1789722620.7603893,0,0,0,,False,False,False,False,0,0.0,0,0,16.0,False,cache_miss,False,False,0,0.0,ba7e0711a7707e34c7378c0ccdf181949be1443660e5d83795422d037c794af6,True,,,1,0,9103.715877,9837.318328,6,4156,4,16
20260726_formal4t4_reuse_intensive_Ideal_rep3,3,Ideal,Ideal,95,reuse_intensive:rep3:req95,reuse_intensive,1,104,0,L0104,4096,3,,False,1789722620.7604103,0,0,0,,False,False,False,False,0,0.0,0,0,32.0,False,cache_miss,False,False,0,0.0,ca4ffa98a290595834e71c1e7bfd08b031b47dfebafd593696401f42e8cd19dc,True,,,1,0,9444.637728,10205.708217,6,4156,4,32
20260726_formal4t4_reuse_intensive_Ideal_rep3,3,Ideal,Ideal,96,reuse_intensive:rep3:req96,reuse_intensive,1,117,0,L0117,4096,2,,False,1789722630.970103,0,0,0,,False,False,False,False,0,0.0,0,0,32.0,False,cache_miss,False,False,0,0.0,e09237dc6210bb48b01ea149d6825a41e31543a989be7a0b0d56774cf2749bd2,True,,,1,0,8317.473896,9061.077306,6,4156,4,32
20260726_formal4t4_reuse_intensive_Ideal_rep3,3,Ideal,Ideal,97,reuse_intensive:rep3:req97,reuse_intensive,1,66,1,L0066,4096,3,3,False,1789722630.9701521,4096,4096,4096,21.996753454208374,False,False,False,False,4096,0.0,1,1,4128.0,False,cache_reused,False,False,0,0.0,71db7bccedfcd84fe141752cd2979e2dba0d357242fba44b5568231d10955840,True,,,1,0,298.267239,1028.162212,6,4156,4,4128
20260726_formal4t4_reuse_intensive_Ideal_rep3,3,Ideal,Ideal,98,reuse_intensive:rep3:req98,reuse_intensive,1,72,0,L0072,4096,1,,False,1789722630.9701943,0,0,0,,False,False,False,False,0,0.0,0,0,32.0,False,cache_miss,False,False,0,0.0,a667715c0e1129822dd6103c52629707e9821ea5a68ed6d137adc47121a3f33f,True,,,1,0,8124.571114,8798.899575,6,4156,4,32
20260726_formal4t4_reuse_intensive_Ideal_rep3,3,Ideal,Ideal,99,reuse_intensive:rep3:req99,reuse_intensive,1,67,2,L0067,4096,0,0,False,1789722630.9702258,4096,4096,4096,32.016427755355835,False,False,False,False,4096,0.0,1,1,4128.0,False,cache_reused,False,False,0,0.0,490fee34a1515925a902e6742cf2efe248d17e1828294808960f8d300f0e2fd3,True,,,1,0,480.627649,1306.588977,6,4156,4,4128
20260726_formal4t4_reuse_intensive_Ideal_rep3,3,Ideal,Ideal,100,reuse_intensive:rep3:req100,reuse_intensive,1,65,2,L0065,4096,0,0,False,1789722640.0329113,4096,4096,4096,9.064117670059204,False,False,False,False,4096,0.0,1,1,4128.0,False,cache_reused,False,False,0,0.0,6b08d970cedaa56b18c7e71132bd8a5bb113283303d782441be55a1721de5ab0,True,,,1,0,456.216838,1239.67432,6,4157,4,4128
20260726_formal4t4_reuse_intensive_Ideal_rep3,3,Ideal,Ideal,101,reuse_intensive:rep3:req101,reuse_intensive,1,103,0,L0103,4096,1,,False,1789722640.0329514,0,0,0,,False,False,False,False,0,0.0,0,0,32.0,False,cache_miss,False,False,0,0.0,ddd1618893be00b9fcf99a2b0877acb32cf8845dd1de3f4125b39889d941b7fc,True,,,1,0,9256.677552,10644.888452,6,4157,4,32
20260726_formal4t4_reuse_intensive_Ideal_rep3,3,Ideal,Ideal,102,reuse_intensive:rep3:req102,reuse_intensive,1,69,0,L0069,4096,1,1,True,1789722640.0329883,4096,4096,4096,53.74657344818115,False,False,False,False,4096,79.92,1,1,4128.0,True,cache_reused,False,False,0,0.0,c83e75f2cc51702d8385159f256cd6dca435389486569a4d068a44c89a8146b1,True,,,1,0,9256.020576,10644.37534,6,4157,4,4128
20260726_formal4t4_reuse_intensive_Ideal_rep3,3,Ideal,Ideal,103,reuse_intensive:rep3:req103,reuse_intensive,1,83,0,L0083,4096,3,,False,1789722640.033014,0,0,0,,False,False,False,False,0,0.0,0,0,32.0,False,cache_miss,False,False,0,0.0,75787e7e6e2418610fdd8d10e390974e9deab9be5c077aa2798588c65a29c1be,True,,,1,0,9157.707326,9914.572511,6,4157,4,32
20260726_formal4t4_reuse_intensive_Ideal_rep3,3,Ideal,Ideal,104,reuse_intensive:rep3:req104,reuse_intensive,1,70,1,L0070,4096,3,3,True,1789722650.6808224,4096,4096,4096,84.44241857528687,False,False,False,False,4096,81.92,1,1,4128.0,True,cache_reused,False,False,0,0.0,605d36ef9c2356ba97a69129f4f1164a2b0f53ff8b720cb54a318711436ce559,True,,,1,0,298.018029,1030.074703,6,4157,4,4128
20260726_formal4t4_reuse_intensive_Ideal_rep3,3,Ideal,Ideal,105,reuse_intensive:rep3:req105,reuse_intensive,1,64,2,L0064,4096,2,2,True,1789722650.68087,4096,4096,4096,29.92088556289673,False,False,False,False,4096,81.92,1,1,4128.0,True,cache_reused,False,False,0,0.0,35a52838d214edfa1965032faaefa6263cc3af345c92070e8ea35529ff2348c0,True,,,1,0,470.999092,1241.217817,6,4157,4,4128
20260726_formal4t4_reuse_intensive_Ideal_rep3,3,Ideal,Ideal,106,reuse_intensive:rep3:req106,reuse_intensive,1,64,0,L0064,4096,2,2,True,1789722650.680906,4096,4096,4096,29.920921564102173,False,False,False,False,4096,79.92,1,1,4128.0,True,cache_reused,False,False,0,0.0,814c07caf2956524ef6862241f6ea66c5f1149c6d69b73798f468658b5fd2de6,True,,,1,0,732.752812,1476.680771,6,4157,4,4128
20260726_formal4t4_reuse_intensive_Ideal_rep3,3,Ideal,Ideal,107,reuse_intensive:rep3:req107,reuse_intensive,1,98,0,L0098,4096,0,,False,1789722650.68093,0,0,0,,False,False,False,False,0,0.0,0,0,32.0,False,cache_miss,False,False,0,0.0,f8e7e88fcc172885521cc66668ad73b58bddad0942c12913f2223d61610cb70d,True,,,1,0,9240.852671,10045.169595,6,4157,4,32
20260726_formal4t4_reuse_intensive_Ideal_rep3,3,Ideal,Ideal,108,reuse_intensive:rep3:req108,reuse_intensive,1,68,2,L0068,4096,0,0,True,1789722660.730387,4096,4096,4096,41.39244532585144,False,False,False,False,4096,81.92,1,1,4128.0,True,cache_reused,False,False,0,0.0,7bc27f90b72b627d9a5cf31b62e8f51c6859ca1dc67474eb348c185095c3e19c,True,,,1,0,313.857828,1793.272158,6,4157,4,4128
20260726_formal4t4_reuse_intensive_Ideal_rep3,3,Ideal,Ideal,109,reuse_intensive:rep3:req109,reuse_intensive,1,65,0,L0065,4096,0,0,True,1789722660.730433,4096,4096,4096,10.050928115844727,False,False,False,False,4096,79.92,1,1,4128.0,True,cache_reused,False,False,0,0.0,475b036e0cda94b8c8f928a9ab25d753dec24a7866f9e8571ff4d31d76430bc8,True,,,1,0,809.861234,2053.866015,6,4157,4,4128
20260726_formal4t4_reuse_intensive_Ideal_rep3,3,Ideal,Ideal,110,reuse_intensive:rep3:req110,reuse_intensive,1,64,1,L0064,4096,2,2,True,1789722660.7304673,4096,4096,4096,0.0007259845733642578,False,False,False,False,4096,81.92,1,1,4128.0,True,cache_reused,False,False,0,0.0,a67f9aaf408dc9cec28db5bec5239f4a2aa8f1b06d0a1a83cd9c74e7f96f9644,True,,,1,0,457.415075,1170.769898,6,4157,4,4128
20260726_formal4t4_reuse_intensive_Ideal_rep3,3,Ideal,Ideal,111,reuse_intensive:rep3:req111,reuse_intensive,1,75,0,L0075,4096,3,,False,1789722660.7304919,0,0,0,,False,False,False,False,0,0.0,0,0,32.0,False,cache_miss,False,False,0,0.0,c869ab746c1594b1db7f5604b2dc00167046ce87c4a8561c8c29c570db460393,True,,,1,0,9346.966346,10090.343365,6,4157,4,32
20260726_formal4t4_reuse_intensive_Ideal_rep3,3,Ideal,Ideal,112,reuse_intensive:rep3:req112,reuse_intensive,1,65,1,L0065,4096,0,0,False,1789722670.8251686,4096,4096,4096,0.0009539127349853516,False,False,False,False,4096,0.0,1,1,4128.0,False,cache_reused,False,False,0,0.0,c2b19f1c06673872689f3cb0d6630cf6c6a1f3c7516a78a493d5b7007a8f08c9,True,,,1,0,478.770047,1258.478665,6,4157,4,4128
20260726_formal4t4_reuse_intensive_Ideal_rep3,3,Ideal,Ideal,113,reuse_intensive:rep3:req113,reuse_intensive,1,76,1,L0076,4096,2,2,True,1789722670.825219,4096,4096,4096,94.3322651386261,False,False,False,False,4096,81.92,1,1,4128.0,True,cache_reused,False,False,0,0.0,8f7860641a558bb37ce1d50ad89e3699a42bcb0775a6bb8b212286ed82fe2c8c,True,,,1,0,475.406787,1829.151354,6,4157,4,4128
20260726_formal4t4_reuse_intensive_Ideal_rep3,3,Ideal,Ideal,114,reuse_intensive:rep3:req114,reuse_intensive,1,72,1,L0072,4096,1,1,False,1789722670.8252552,4096,4096,4096,30.792980194091797,False,False,False,False,4096,0.0,1,1,4128.0,False,cache_reused,False,False,0,0.0,3b0a682cbee631bd6633300aa884cf00125889f394adfe1dadae2b3d6d3bd628,True,,,1,0,465.366938,1145.440618,6,4157,4,4128
20260726_formal4t4_reuse_intensive_Ideal_rep3,3,Ideal,Ideal,115,reuse_intensive:rep3:req115,reuse_intensive,1,64,2,L0064,4096,2,2,True,1789722670.8252842,4096,4096,4096,0.0007648468017578125,False,False,False,False,4096,79.92,1,1,4128.0,True,cache_reused,False,False,0,0.0,f046048366733ef3d6ea7d2bed12f13a554d44fc1acc590289e77402116dcd19,True,,,1,0,929.134737,2065.526622,6,4157,4,4128
20260726_formal4t4_reuse_intensive_Ideal_rep3,3,Ideal,Ideal,116,reuse_intensive:rep3:req116,reuse_intensive,1,64,0,L0064,4096,2,2,True,1789722672.895132,4096,4096,4096,0.00033783912658691406,False,False,False,False,4096,81.92,1,1,4128.0,True,cache_reused,False,False,0,0.0,ad89bca3d243838b1c4a3ade9bff18d687002084a495f5b4a6a5ffae11dd3221,True,,,1,0,297.082417,1004.122144,6,4157,4,4128
20260726_formal4t4_reuse_intensive_Ideal_rep3,3,Ideal,Ideal,117,reuse_intensive:rep3:req117,reuse_intensive,1,80,0,L0080,4096,1,,False,1789722672.8951814,0,0,0,,False,False,False,False,0,0.0,0,0,32.0,False,cache_miss,False,False,0,0.0,76ecf7f39507d6c73ab091925285f712aac7144f221201fba328c4f75cf932de,True,,,1,0,8987.075228,10341.882411,6,4157,4,32
20260726_formal4t4_reuse_intensive_Ideal_rep3,3,Ideal,Ideal,118,reuse_intensive:rep3:req118,reuse_intensive,1,71,2,L0071,4096,3,3,False,1789722672.8952174,4096,4096,4096,76.31558394432068,False,False,False,False,4096,0.0,1,1,4128.0,False,cache_reused,False,False,0,0.0,157799f23c17f64d01a23c830703487bca341e31626c617b1fb3f3d794e0a921,True,,,1,0,459.850167,1186.528744,6,4157,4,4128
20260726_formal4t4_reuse_intensive_Ideal_rep3,3,Ideal,Ideal,119,reuse_intensive:rep3:req119,reuse_intensive,1,103,1,L0103,4096,1,1,True,1789722672.8952498,4096,4096,4096,22.215384244918823,False,False,False,False,4096,79.92,1,1,4128.0,True,cache_reused,False,False,0,0.0,873ee59422ecd87e829e699e40e6acf8805bee052bc0224e8e78bfec636425d6,True,,,1,0,8985.669293,10340.66293,6,4157,4,4128
20260726_formal4t4_reuse_intensive_StaticSemantic@rho1.2_rep3,3,StaticSemantic@rho1.2,StaticSemantic,24,reuse_intensive:rep3:req24,reuse_intensive,0,1,2,L0001,4096,1,0;1,False,1789722836.3516612,4096,4096,4096,131.81903290748596,False,False,False,False,4096,0.0,2,2,4128.0,False,cache_reused,False,False,0,0.0,1c99218ac6b81383d6dbfc40ef2c84182d2a26ebab9a4bd84ca6886327058ad5,True,,,1,0,295.268542,1016.842435,6,4156,4,4128
20260726_formal4t4_reuse_intensive_StaticSemantic@rho1.2_rep3,3,StaticSemantic@rho1.2,StaticSemantic,25,reuse_intensive:rep3:req25,reuse_intensive,0,9,1,L0009,4096,0,0;2,True,1789722836.351715,4096,4096,4096,56.43267798423767,False,False,False,False,4096,81.92,2,2,4128.0,True,cache_reused,False,False,0,0.0,a5b428342ae3a7946cadaeea431f69cb9e5a8bbef5286b529e1c6277d7e43564,True,,,1,0,307.174507,1757.145387,6,4156,4,4128
20260726_formal4t4_reuse_intensive_StaticSemantic@rho1.2_rep3,3,StaticSemantic@rho1.2,StaticSemantic,26,reuse_intensive:rep3:req26,reuse_intensive,0,4,1,L0004,4096,3,0;3,False,1789722836.3517609,4096,4096,4096,101.79322171211243,False,False,False,False,4096,0.0,2,2,4128.0,False,cache_reused,False,False,0,0.0,a654a8598d72f43fc93a284aba35bfb0011a5f1c5f7167a87a03a65e7f620928,True,,,1,0,454.847758,1185.306355,6,4156,4,4128
20260726_formal4t4_reuse_intensive_StaticSemantic@rho1.2_rep3,3,StaticSemantic@rho1.2,StaticSemantic,27,reuse_intensive:rep3:req27,reuse_intensive,0,8,0,L0008,4096,0,0;3,True,1789722836.3517966,4096,4096,4096,67.26432132720947,False,False,False,False,4096,79.92,2,2,4128.0,True,cache_reused,False,False,0,0.0,cf1b944ef44b6aa1373771daafe743060cf4275490ff4d5077cf7e1285ed21be,True,,,1,0,791.401536,2020.287122,6,4156,4,4128
20260726_formal4t4_reuse_intensive_StaticSemantic@rho1.2_rep3,3,StaticSemantic@rho1.2,StaticSemantic,28,reuse_intensive:rep3:req28,reuse_intensive,0,1,0,L0001,4096,1,0;1,False,1789722838.3767095,4096,4096,4096,133.84408116340637,False,False,False,False,4096,0.0,2,2,4128.0,False,cache_reused,False,False,0,0.0,7b4cda841320eea8b5f63fd639095932dd58c3fc90135a802c070500b16c00ea,True,,,1,0,293.398006,1014.164552,6,4156,4,4128
20260726_formal4t4_reuse_intensive_StaticSemantic@rho1.2_rep3,3,StaticSemantic@rho1.2,StaticSemantic,29,reuse_intensive:rep3:req29,reuse_intensive,0,0,0,L0000,4096,0,0;1,True,1789722838.3767598,4096,4096,4096,143.98721599578857,False,False,False,False,4096,81.92,2,2,4128.0,True,cache_reused,False,False,0,0.0,f12045d4835f2d9b0cb91180b153756836f6137c67bdaaef0287a247fc00d5c5,True,,,1,0,316.067716,1161.402173,6,4156,4,4128
20260726_formal4t4_reuse_intensive_StaticSemantic@rho1.2_rep3,3,StaticSemantic@rho1.2,StaticSemantic,30,reuse_intensive:rep3:req30,reuse_intensive,0,7,0,L0007,4096,3,0;3,False,1789722838.3767984,4096,4096,4096,79.5282895565033,False,False,False,False,4096,0.0,2,2,4128.0,False,cache_reused,False,False,0,0.0,49a21cd0403661c8a08f6405aa0eba83139f01ecf3fadd4e2504191d93184953,True,,,1,0,295.499592,1023.032024,6,4156,4,4128
20260726_formal4t4_reuse_intensive_StaticSemantic@rho1.2_rep3,3,StaticSemantic@rho1.2,StaticSemantic,31,reuse_intensive:rep3:req31,reuse_intensive,0,0,1,L0000,4096,0,0;1,True,1789722838.376831,4096,4096,4096,143.98728728294373,False,False,False,False,4096,79.92,2,2,4128.0,True,cache_reused,False,False,0,0.0,cf88b87c4b6b84023a10cab4b8236f79f6605ff212c05ba1a989a596cf1aeb69,True,,,1,0,598.448454,1418.632067,6,4156,4,4128
20260726_formal4t4_reuse_intensive_StaticSemantic@rho1.2_rep3,3,StaticSemantic@rho1.2,StaticSemantic,32,reuse_intensive:rep3:req32,reuse_intensive,0,0,2,L0000,4096,1,0;1,False,1789722839.7997434,4096,4096,4096,145.41011667251587,False,False,False,False,4096,0.0,2,2,4128.0,False,cache_reused,False,False,0,0.0,b4e07b6ddc6feb56db2ef8cf0604643015c86449e51a5c67283b9ac5be416613,True,,,1,0,288.942919,1703.565814,6,4156,4,4128
20260726_formal4t4_reuse_intensive_StaticSemantic@rho1.2_rep3,3,StaticSemantic@rho1.2,StaticSemantic,33,reuse_intensive:rep3:req33,reuse_intensive,0,0,0,L0000,4096,0,0;1,False,1789722839.7997916,4096,4096,4096,145.41024780273438,False,False,False,False,4096,0.0,2,2,4128.0,False,cache_reused,False,False,0,0.0,e46f727aabcb2eee2d52049e9d47eb3df67a7962d071d34656819099542b42b5,True,,,1,0,316.624527,1155.241737,6,4156,4,4128
20260726_formal4t4_reuse_intensive_StaticSemantic@rho1.2_rep3,3,StaticSemantic@rho1.2,StaticSemantic,34,reuse_intensive:rep3:req34,reuse_intensive,0,0,1,L0000,4096,0,0;1,True,1789722839.7998269,4096,4096,4096,145.41028308868408,False,False,False,False,4096,79.92,2,2,4128.0,True,cache_reused,False,False,0,0.0,64386a09c100813193a27527fb7a8ba1d8a5d6b675a14c2d2398d9561cae548a,True,,,1,0,597.172837,1415.09329,6,4156,4,4128
20260726_formal4t4_reuse_intensive_StaticSemantic@rho1.2_rep3,3,StaticSemantic@rho1.2,StaticSemantic,35,reuse_intensive:rep3:req35,reuse_intensive,0,1,1,L0001,4096,1,0;1,True,1789722839.799859,4096,4096,4096,135.26723074913025,False,False,False,False,4096,79.92,2,2,4128.0,True,cache_reused,False,False,0,0.0,9769510ab1738d7e5de02c14d44f67019adf18850594316576bab35c6aedbc33,True,,,1,0,756.398354,1942.473665,6,4156,4,4128
20260726_formal4t4_reuse_intensive_StaticSemantic@rho1.2_rep3,3,StaticSemantic@rho1.2,StaticSemantic,36,reuse_intensive:rep3:req36,reuse_intensive,0,0,2,L0000,4096,1,0;1,False,1789722841.746633,4096,4096,4096,147.35700631141663,False,False,False,False,4096,0.0,2,2,4128.0,False,cache_reused,False,False,0,0.0,cbb8af0b0b0328e8f05ec72ff29fa914ebbd9471de832765322ad8ae1975630a,True,,,1,0,287.131398,1055.138613,6,4156,4,4128
20260726_formal4t4_reuse_intensive_StaticSemantic@rho1.2_rep3,3,StaticSemantic@rho1.2,StaticSemantic,37,reuse_intensive:rep3:req37,reuse_intensive,0,0,0,L0000,4096,0,0;1,True,1789722841.7466834,4096,4096,4096,147.35713958740234,False,False,False,False,4096,81.92,2,2,4128.0,True,cache_reused,False,False,0,0.0,f5ac1349f9772a4bb643ab4f2bc8b28b5094ad12967ce64f4121b85989573768,True,,,1,0,317.63226,1157.065141,6,4156,4,4128
20260726_formal4t4_reuse_intensive_StaticSemantic@rho1.2_rep3,3,StaticSemantic@rho1.2,StaticSemantic,38,reuse_intensive:rep3:req38,reuse_intensive,0,8,1,L0008,4096,3,0;3,False,1789722841.7467191,4096,4096,4096,72.65906310081482,False,False,False,False,4096,0.0,2,2,4128.0,False,cache_reused,False,False,0,0.0,fa1331bb6ecb3c0fc1538de7123e70c9f7d3c28f2b512e31c69078b98b288942,True,,,1,0,447.865853,1177.987107,6,4156,4,4128
20260726_formal4t4_reuse_intensive_StaticSemantic@rho1.2_rep3,3,StaticSemantic@rho1.2,StaticSemantic,39,reuse_intensive:rep3:req39,reuse_intensive,0,0,1,L0000,4096,0,0;1,True,1789722841.746752,4096,4096,4096,147.35720825195312,False,False,False,False,4096,79.92,2,2,4128.0,True,cache_reused,False,False,0,0.0,59fe3ba5d8d984f9ebc39842cab74c44f76ddd5a766f3746deb5c07c435e0b79,True,,,1,0,598.063347,1415.556575,6,4156,4,4128
20260726_formal4t4_reuse_intensive_StaticSemantic@rho1.2_rep3,3,StaticSemantic@rho1.2,StaticSemantic,40,reuse_intensive:rep3:req40,reuse_intensive,0,0,2,L0000,4096,1,0;1,False,1789722843.1665754,4096,4096,4096,148.77694869041443,False,False,False,False,4096,0.0,2,2,4128.0,False,cache_reused,False,False,0,0.0,d07423d886b0007ba137c6ab0fac09035811a86bf8db0bb4ad263ecd773a6a5e,True,,,1,0,301.199954,1065.637239,6,4156,4,4128
20260726_formal4t4_reuse_intensive_StaticSemantic@rho1.2_rep3,3,StaticSemantic@rho1.2,StaticSemantic,41,reuse_intensive:rep3:req41,reuse_intensive,0,20,0,L0020,4096,2,,False,1789722843.166615,0,0,0,,False,False,False,False,0,0.0,0,0,32.0,False,cache_miss,False,False,0,0.0,c0cf44af1147314fec49dd1c291a09fc5a8d0c680274fece6c1eae59a1506f81,True,,,1,0,8106.524636,8828.236899,6,4156,4,32
20260726_formal4t4_reuse_intensive_StaticSemantic@rho1.2_rep3,3,StaticSemantic@rho1.2,StaticSemantic,42,reuse_intensive:rep3:req42,reuse_intensive,0,4,2,L0004,4096,0,0;3,False,1789722843.1666536,4096,4096,4096,108.60829377174377,False,False,False,False,4096,0.0,2,2,4128.0,False,cache_reused,False,False,0,0.0,b3f6a90c74b79e72fc624c4c0eb5d779d3b368e8bf801098b965543b2e374686,True,,,1,0,303.437993,1101.364603,6,4156,4,4128
20260726_formal4t4_reuse_intensive_StaticSemantic@rho1.2_rep3,3,StaticSemantic@rho1.2,StaticSemantic,43,reuse_intensive:rep3:req43,reuse_intensive,0,7,1,L0007,4096,3,0;3,False,1789722843.166687,4096,4096,4096,84.31817817687988,False,False,False,False,4096,0.0,2,2,4128.0,False,cache_reused,False,False,0,0.0,89507a132a1795df0d16c2c55ed55aa336024cddece839130c6a87b13230436a,True,,,1,0,293.438932,1022.26844,6,4156,4,4128
20260726_formal4t4_reuse_intensive_StaticSemantic@rho1.2_rep3,3,StaticSemantic@rho1.2,StaticSemantic,44,reuse_intensive:rep3:req44,reuse_intensive,0,19,0,L0019,4096,0,,False,1789722851.997698,0,0,0,,False,False,False,False,0,0.0,0,0,32.0,False,cache_miss,False,False,0,0.0,7d1860fc2375585010aa8b6fd431faff8db38ffa1bc599914fca1f3fd543a63c,True,,,1,0,9253.321332,10061.939822,6,4156,4,32
20260726_formal4t4_reuse_intensive_StaticSemantic@rho1.2_rep3,3,StaticSemantic@rho1.2,StaticSemantic,45,reuse_intensive:rep3:req45,reuse_intensive,0,0,0,L0000,4096,1,0;1,True,1789722851.9977536,4096,4096,4096,157.6081268787384,False,False,False,False,4096,81.92,2,2,4128.0,True,cache_reused,False,False,0,0.0,409dccd8dc09237b4266a1eb49a942f5182fd5ba10e5c3a855b0aed2da6ecc43,True,,,1,0,454.694574,1223.016264,6,4156,4,4128
20260726_formal4t4_reuse_intensive_StaticSemantic@rho1.2_rep3,3,StaticSemantic@rho1.2,StaticSemantic,46,reuse_intensive:rep3:req46,reuse_intensive,0,3,0,L0003,4096,3,0;3,False,1789722851.9977958,4096,4096,4096,127.29125237464905,False,False,False,False,4096,0.0,2,2,4128.0,False,cache_reused,False,False,0,0.0,313aaa461a215b4589e943ff704fcd4086e36e139cf13b09dd9190ba5a551682,True,,,1,0,452.048401,1177.387335,6,4156,4,4128
20260726_formal4t4_reuse_intensive_StaticSemantic@rho1.2_rep3,3,StaticSemantic@rho1.2,StaticSemantic,47,reuse_intensive:rep3:req47,reuse_intensive,0,18,0,L0018,4096,2,,False,1789722851.9978218,0,0,0,,False,False,False,False,0,0.0,0,0,32.0,False,cache_miss,False,False,0,0.0,1fefdcb6b2ceb5cd306cb9f699e370a8040c91501435d7f2642f3d5658679a44,True,,,1,0,8199.664182,8903.25425,6,4156,4,32
20260726_formal4t4_reuse_intensive_StaticSemantic@rho1.2_rep3,3,StaticSemantic@rho1.2,StaticSemantic,48,reuse_intensive:rep3:req48,reuse_intensive,0,43,0,L0043,4096,2,,False,1789722862.0616198,0,0,0,,False,False,False,False,0,0.0,0,0,32.0,False,cache_miss,False,False,0,0.0,d2ebaec1df4b98eb30b10ffbd0f538b930ae2e7a53710425e3e6778bf4fc9a4b,True,,,1,0,8890.887502,9671.282612,6,4156,4,32
20260726_formal4t4_reuse_intensive_StaticSemantic@rho1.2_rep3,3,StaticSemantic@rho1.2,StaticSemantic,49,reuse_intensive:rep3:req49,reuse_intensive,0,2,1,L0002,4096,1,0;1,False,1789722862.0616736,4096,4096,4096,147.49234342575073,False,False,False,False,4096,0.0,2,2,4128.0,False,cache_reused,False,False,0,0.0,7a84eeeb94373affc8280c7a594e1e6be31a5752dc17828e0da0ee8159f12b58,True,,,1,0,449.99956,1169.001559,6,4156,4,4128
20260726_formal4t4_reuse_intensive_StaticSemantic@rho1.2_rep3,3,StaticSemantic@rho1.2,StaticSemantic,50,reuse_intensive:rep3:req50,reuse_intensive,0,3,1,L0003,4096,3,0;3,False,1789722862.061713,4096,4096,4096,137.35516953468323,False,False,False,False,4096,0.0,2,2,4128.0,False,cache_reused,False,False,0,0.0,28cad6289f49008f65667751c71a4ede8bb2a2d000d425f2534f8c139555caa7,True,,,1,0,475.748342,1208.611448,6,4156,4,4128
20260726_formal4t4_reuse_intensive_StaticSemantic@rho1.2_rep3,3,StaticSemantic@rho1.2,StaticSemantic,51,reuse_intensive:rep3:req51,reuse_intensive,0,0,1,L0000,4096,0,0;1,False,1789722862.0617454,4096,4096,4096,167.67220163345337,False,False,False,False,4096,0.0,2,2,4128.0,False,cache_reused,False,False,0,0.0,c76d052506742f3a5ab7fd283a4e4b910ce29987d9aafc9a506dd7c8a75a1a14,True,,,1,0,313.083887,1092.216345,6,4156,4,4128
20260726_formal4t4_reuse_intensive_StaticSemantic@rho1.2_rep3,3,StaticSemantic@rho1.2,StaticSemantic,52,reuse_intensive:rep3:req52,reuse_intensive,0,3,2,L0003,4096,0,0;3,True,1789722871.7348943,4096,4096,4096,147.02852964401245,False,False,False,False,4096,81.92,2,2,4128.0,True,cache_reused,False,False,0,0.0,7507866f9d5a4caed8ac4e3beb07f0e135c3c5d127b8c070bbf9488d5debd0ff,True,,,1,0,462.106634,1246.89716,6,4156,4,4128
20260726_formal4t4_reuse_intensive_StaticSemantic@rho1.2_rep3,3,StaticSemantic@rho1.2,StaticSemantic,53,reuse_intensive:rep3:req53,reuse_intensive,0,21,0,L0021,4096,1,,False,1789722871.7349355,0,0,0,,False,False,False,False,0,0.0,0,0,32.0,False,cache_miss,False,False,0,0.0,e074ca8d631c7117ea8d26b25bc02d546648472f1ab6e8bdce992b1f324ae624,True,,,1,0,9530.125359,10966.137669,6,4156,4,32
20260726_formal4t4_reuse_intensive_StaticSemantic@rho1.2_rep3,3,StaticSemantic@rho1.2,StaticSemantic,54,reuse_intensive:rep3:req54,reuse_intensive,0,3,0,L0003,4096,3,0;3,True,1789722871.7349749,4096,4096,4096,147.02843141555786,False,False,False,False,4096,81.92,2,2,4128.0,True,cache_reused,False,False,0,0.0,a909df8aec602a0c8d1b2586b3b25a19e1a186107d237ab4d691b8aa6f4acf5d,True,,,1,0,449.375881,1179.789909,6,4156,4,4128
20260726_formal4t4_reuse_intensive_StaticSemantic@rho1.2_rep3,3,StaticSemantic@rho1.2,StaticSemantic,55,reuse_intensive:rep3:req55,reuse_intensive,0,0,2,L0000,4096,1,0;1,True,1789722871.73501,4096,4096,4096,177.34538316726685,False,False,False,False,4096,79.92,2,2,4128.0,True,cache_reused,False,False,0,0.0,501ea76d516d498226da89e5049218be51eb5d242e2c4fdfffbb61e7262d4b28,True,,,1,0,9528.243951,10964.171012,6,4156,4,4128
20260726_formal4t4_reuse_intensive_StaticSemantic@rho1.2_rep3,3,StaticSemantic@rho1.2,StaticSemantic,56,reuse_intensive:rep3:req56,reuse_intensive,0,0,0,L0000,4096,0,0;1,False,1789722882.7042258,4096,4096,4096,188.31468200683594,False,False,False,False,4096,0.0,2,2,4128.0,False,cache_reused,False,False,0,0.0,8f28c5d1c7e845868ad757509ffc5128dccfcc49dcffe8e933aa4121df34a700,True,,,1,0,506.397576,1355.394188,6,4156,4,4128
20260726_formal4t4_reuse_intensive_StaticSemantic@rho1.2_rep3,3,StaticSemantic@rho1.2,StaticSemantic,57,reuse_intensive:rep3:req57,reuse_intensive,0,1,2,L0001,4096,1,0;1,True,1789722882.7042878,4096,4096,4096,178.1716594696045,False,False,False,False,4096,81.92,2,2,4128.0,True,cache_reused,False,False,0,0.0,6d17156c563b19c1d6be8f47ef7fcb820bb0e94053300212cc99e6300dd8af31,True,,,1,0,300.786933,1707.434502,6,4156,4,4128
20260726_formal4t4_reuse_intensive_StaticSemantic@rho1.2_rep3,3,StaticSemantic@rho1.2,StaticSemantic,58,reuse_intensive:rep3:req58,reuse_intensive,0,0,1,L0000,4096,1,0;1,True,1789722882.704324,4096,4096,4096,188.314697265625,False,False,False,False,4096,79.92,2,2,4128.0,True,cache_reused,False,False,0,0.0,f4bc9607730b0afde87e6d41bf9e12c05399bbdf2bb4b4505ea46e3daf4b7db1,True,,,1,0,766.540042,1962.387224,6,4156,4,4128
20260726_formal4t4_reuse_intensive_StaticSemantic@rho1.2_rep3,3,StaticSemantic@rho1.2,StaticSemantic,59,reuse_intensive:rep3:req59,reuse_intensive,0,0,2,L0000,4096,0,0;1,True,1789722882.7043629,4096,4096,4096,188.31481909751892,False,False,False,False,4096,79.92,2,2,4128.0,True,cache_reused,False,False,0,0.0,a0affa8e88dcd8ad93aec1c3b4d40e409c99719cb0a99ab0be8ad73a34a8f1b7,True,,,1,0,788.718961,1615.370522,6,4156,4,4128
20260726_formal4t4_reuse_intensive_StaticSemantic@rho1.2_rep3,3,StaticSemantic@rho1.2,StaticSemantic,60,reuse_intensive:rep3:req60,reuse_intensive,1,69,0,L0069,4096,0,,False,1789722884.6709146,0,0,0,,False,False,False,False,0,0.0,0,0,32.0,False,cache_miss,False,False,0,0.0,4adf282f2f04c8d5b9e1d9ece7aed6e0cfdeb8e821eb0ef434d628444a70a600,True,,,1,0,9578.861721,10399.41451,6,4156,4,32
20260726_formal4t4_reuse_intensive_StaticSemantic@rho1.2_rep3,3,StaticSemantic@rho1.2,StaticSemantic,61,reuse_intensive:rep3:req61,reuse_intensive,1,65,0,L0065,4096,3,,False,1789722884.6709533,0,0,0,,False,False,False,False,0,0.0,0,0,32.0,False,cache_miss,False,False,0,0.0,663be6d01dba66a710f74eeaf2bfc0ce90f264eb15122f2195734f33b56b2022,True,,,1,0,8678.710435,9410.310815,6,4156,4,32
20260726_formal4t4_reuse_intensive_StaticSemantic@rho1.2_rep3,3,StaticSemantic@rho1.2,StaticSemantic,62,reuse_intensive:rep3:req62,reuse_intensive,1,70,0,L0070,4096,1,,False,1789722884.670979,0,0,0,,False,False,False,False,0,0.0,0,0,32.0,False,cache_miss,False,False,0,0.0,a1518c53cf117727e1a91d88850206cee1c5e8e490bdb8cfb31bd989a8376cd2,True,,,1,0,8741.738898,9469.321538,6,4156,4,32
20260726_formal4t4_reuse_intensive_StaticSemantic@rho1.2_rep3,3,StaticSemantic@rho1.2,StaticSemantic,63,reuse_intensive:rep3:req63,reuse_intensive,1,124,0,L0124,4096,2,,False,1789722884.6710014,0,0,0,,False,False,False,False,0,0.0,0,0,16.0,False,cache_miss,False,False,0,0.0,710730425a7eea933debdbd4f5538a9a860f2ccc4403b323c51126f0f5f7f39c,True,,,1,0,8162.855894,8891.97876,6,4156,4,16
20260726_formal4t4_reuse_intensive_StaticSemantic@rho1.2_rep3,3,StaticSemantic@rho1.2,StaticSemantic,64,reuse_intensive:rep3:req64,reuse_intensive,1,65,1,L0065,4096,0,,False,1789722895.0723455,4096,0,0,210.82512164115906,True,True,False,False,0,0.0,0,0,32.0,False,cache_miss,False,False,0,0.0,307334f99c361b4b259fc0e373a1bf52e7dc91789b3823a0ed2444d339486bed,True,,,1,0,9942.242039,10771.648879,6,4156,4,32
20260726_formal4t4_reuse_intensive_StaticSemantic@rho1.2_rep3,3,StaticSemantic@rho1.2,StaticSemantic,65,reuse_intensive:rep3:req65,reuse_intensive,1,69,1,L0069,4096,1,,False,1789722895.0723855,4096,0,0,210.82516169548035,True,True,False,False,0,0.0,0,0,32.0,False,cache_miss,False,False,0,0.0,0de836b5b5936fd04b58933d019a6f8801adf421efe18e93384817d493a1e063,True,,,1,0,8534.505039,9281.508991,6,4156,4,32
20260726_formal4t4_reuse_intensive_StaticSemantic@rho1.2_rep3,3,StaticSemantic@rho1.2,StaticSemantic,66,reuse_intensive:rep3:req66,reuse_intensive,1,112,0,L0112,4096,2,,False,1789722895.0724113,0,0,0,,False,False,False,False,0,0.0,0,0,32.0,False,cache_miss,False,False,0,0.0,16f7121c497e249202994f1e671bc49a39ea91be0c99ab68492b50f98ca78871,True,,,1,0,9019.407677,9785.932118,6,4156,4,32
20260726_formal4t4_reuse_intensive_StaticSemantic@rho1.2_rep3,3,StaticSemantic@rho1.2,StaticSemantic,67,reuse_intensive:rep3:req67,reuse_intensive,1,76,0,L0076,4096,3,,False,1789722895.0724337,0,0,0,,False,False,False,False,0,0.0,0,0,32.0,False,cache_miss,False,False,0,0.0,c47f8f9f1e7ebce01365ed9d8496f8aa49d3e968d458d2d66b6144f52b27cc13,True,,,1,0,10089.796085,10917.183353,6,4156,4,32
20260726_formal4t4_reuse_intensive_StaticSemantic@rho1.2_rep3,3,StaticSemantic@rho1.2,StaticSemantic,68,reuse_intensive:rep3:req68,reuse_intensive,1,71,0,L0071,4096,0,,False,1789722905.9940946,0,0,0,,False,False,False,False,0,0.0,0,0,32.0,False,cache_miss,False,False,0,0.0,a62cb66f71d40f72aaf1eab8075f8c6e8a0c2956f35f024a0c7191c693169b25,True,,,1,0,9633.931606,10450.051158,6,4156,4,32
20260726_formal4t4_reuse_intensive_StaticSemantic@rho1.2_rep3,3,StaticSemantic@rho1.2,StaticSemantic,69,reuse_intensive:rep3:req69,reuse_intensive,1,69,2,L0069,4096,2,,False,1789722905.9941337,4096,0,0,221.74690985679626,True,True,False,False,0,0.0,0,0,32.0,False,cache_miss,False,False,0,0.0,87574ba3057753fa557c1b144f37cdf0b5f9e09300249dd42a11326c6ff0e47c,True,,,1,0,9100.524668,9884.261034,6,4156,4,32
20260726_formal4t4_reuse_intensive_StaticSemantic@rho1.2_rep3,3,StaticSemantic@rho1.2,StaticSemantic,70,reuse_intensive:rep3:req70,reuse_intensive,1,74,0,L0074,4096,1,,False,1789722905.9941733,0,0,0,,False,False,False,False,0,0.0,0,0,32.0,False,cache_miss,False,False,0,0.0,56d6ea74feaa00fe2d5c840e2619dde32ad32940a910e21e779a58bc2e6bec70,True,,,1,0,8979.395193,9731.466988,6,4156,4,32
20260726_formal4t4_reuse_intensive_StaticSemantic@rho1.2_rep3,3,StaticSemantic@rho1.2,StaticSemantic,71,reuse_intensive:rep3:req71,reuse_intensive,1,64,0,L0064,4096,3,,False,1789722905.9941955,0,0,0,,False,False,False,False,0,0.0,0,0,32.0,False,cache_miss,False,False,0,0.0,af1ec262ba18a30683fce0f444582487da729aaed56b093ffb3f6f52f53e1900,True,,,1,0,9656.303759,10439.133919,6,4156,4,32
20260726_formal4t4_reuse_intensive_StaticSemantic@rho1.2_rep3,3,StaticSemantic@rho1.2,StaticSemantic,72,reuse_intensive:rep3:req72,reuse_intensive,1,67,0,L0067,4096,0,,False,1789722916.4461408,0,0,0,,False,False,False,False,0,0.0,0,0,32.0,False,cache_miss,False,False,0,0.0,9e3c15020e3a81be5ad8040be210df2696b7d5787e6922b83f35d091149ee484,True,,,1,0,9603.079357,10415.084161,6,4156,4,32
20260726_formal4t4_reuse_intensive_StaticSemantic@rho1.2_rep3,3,StaticSemantic@rho1.2,StaticSemantic,73,reuse_intensive:rep3:req73,reuse_intensive,1,64,1,L0064,4096,3,,False,1789722916.4461942,4096,0,0,232.19897031784058,True,True,False,False,0,0.0,0,0,4128.0,False,cache_reused,False,False,0,0.0,91269667db552c2b21d066684caf8892d3452c50dfac886b81ddeb95a37426a9,True,,,1,0,313.335504,1094.359297,6,4156,4,4128
20260726_formal4t4_reuse_intensive_StaticSemantic@rho1.2_rep3,3,StaticSemantic@rho1.2,StaticSemantic,74,reuse_intensive:rep3:req74,reuse_intensive,1,71,1,L0071,4096,1,,False,1789722916.446223,4096,0,0,232.19899916648865,True,True,False,False,0,0.0,0,0,32.0,False,cache_miss,False,False,0,0.0,09d903037ea69c0cd54282287f1aa1f5e5b1e85eda9539c92c3576d7d0d6510a,True,,,1,0,8607.04693,9314.590745,6,4156,4,32
20260726_formal4t4_reuse_intensive_StaticSemantic@rho1.2_rep3,3,StaticSemantic@rho1.2,StaticSemantic,75,reuse_intensive:rep3:req75,reuse_intensive,1,64,2,L0064,4096,2,,False,1789722916.4462466,4096,0,0,232.19902276992798,True,True,False,False,0,0.0,0,0,32.0,False,cache_miss,False,False,0,0.0,2bb9a180da5d95c0b8136915e108bc9ccd7382c22fc128440f148ec380163b91,True,,,1,0,8947.845133,9691.742565,6,4156,4,32
20260726_formal4t4_reuse_intensive_StaticSemantic@rho1.2_rep3,3,StaticSemantic@rho1.2,StaticSemantic,76,reuse_intensive:rep3:req76,reuse_intensive,1,67,1,L0067,4096,0,,False,1789722926.8632414,4096,0,0,242.61601758003235,True,True,False,False,0,0.0,0,0,4128.0,False,cache_reused,False,False,0,0.0,131204fe2866c10c90a732144b51e51d2987a0000837d74e9bd6075baedd08c2,True,,,1,0,322.133894,1128.831374,6,4156,4,4128
20260726_formal4t4_reuse_intensive_StaticSemantic@rho1.2_rep3,3,StaticSemantic@rho1.2,StaticSemantic,77,reuse_intensive:rep3:req77,reuse_intensive,1,64,0,L0064,4096,1,,False,1789722926.86328,4096,0,0,242.61605620384216,True,True,False,False,0,0.0,0,0,32.0,False,cache_miss,False,False,0,0.0,ef1c2624114a3659476767b1d50df8337a62048c6bbd76547b46407e9499cb74,True,,,1,0,8884.522798,9650.307771,6,4156,4,32
20260726_formal4t4_reuse_intensive_StaticSemantic@rho1.2_rep3,3,StaticSemantic@rho1.2,StaticSemantic,78,reuse_intensive:rep3:req78,reuse_intensive,1,65,2,L0065,4096,2,,False,1789722926.8633068,4096,0,0,242.61608290672302,True,True,False,False,0,0.0,0,0,32.0,False,cache_miss,False,False,0,0.0,a43b764840b4e6b297891594eaca3bf38287e8810bdf1fe356bc04e56a889f56,True,,,1,0,8432.785764,9141.173109,6,4156,4,32
20260726_formal4t4_reuse_intensive_StaticSemantic@rho1.2_rep3,3,StaticSemantic@rho1.2,StaticSemantic,79,reuse_intensive:rep3:req79,reuse_intensive,1,65,0,L0065,4096,3,,False,1789722926.8633292,4096,0,0,242.61610531806946,True,True,False,False,0,0.0,0,0,4128.0,False,cache_reused,False,False,0,0.0,77584a5761aeb8fa850d0650dd10ac89f7624987cf9e1a58c2b9f29e6ee9e1d9,True,,,1,0,424.01625,1157.328878,6,4156,4,4128
20260726_formal4t4_reuse_intensive_StaticSemantic@rho1.2_rep3,3,StaticSemantic@rho1.2,StaticSemantic,80,reuse_intensive:rep3:req80,reuse_intensive,1,64,1,L0064,4096,0,,False,1789722936.516384,4096,0,0,252.26916003227234,True,True,False,False,0,0.0,0,0,32.0,False,cache_miss,False,False,0,0.0,93aa6cc487ac4a040175e80e9f03cbfd0026d1b986556f3e5ec35f03581dce84,True,,,1,0,8970.021817,9739.640673,6,4156,4,32
20260726_formal4t4_reuse_intensive_StaticSemantic@rho1.2_rep3,3,StaticSemantic@rho1.2,StaticSemantic,81,reuse_intensive:rep3:req81,reuse_intensive,1,91,0,L0091,4096,2,,False,1789722936.516424,0,0,0,,False,False,False,False,0,0.0,0,0,32.0,False,cache_miss,False,False,0,0.0,04d00b9bca3b20a734aaac46c7e278a1a97991141079983923c3296414bd7a47,True,,,1,0,8934.780177,9674.298316,6,4156,4,32
20260726_formal4t4_reuse_intensive_StaticSemantic@rho1.2_rep3,3,StaticSemantic@rho1.2,StaticSemantic,82,reuse_intensive:rep3:req82,reuse_intensive,1,68,0,L0068,4096,1,,False,1789722936.5164502,0,0,0,,False,False,False,False,0,0.0,0,0,32.0,False,cache_miss,False,False,0,0.0,2c087d434f9192c840ab41cf39cd96d6ec21f617c5057b2ab2ecbd97c556ff04,True,,,1,0,9385.272098,10152.419712,6,4156,4,32
20260726_formal4t4_reuse_intensive_StaticSemantic@rho1.2_rep3,3,StaticSemantic@rho1.2,StaticSemantic,83,reuse_intensive:rep3:req83,reuse_intensive,1,66,0,L0066,4096,3,,False,1789722936.5164716,0,0,0,,False,False,False,False,0,0.0,0,0,32.0,False,cache_miss,False,False,0,0.0,f220aa3160b7af6661ca4e8e9f9c5f5d50edc0052f3b7452c94c91a0a38cfbd3,True,,,1,0,9038.844538,9800.184898,6,4156,4,32
20260726_formal4t4_reuse_intensive_StaticSemantic@rho1.2_rep3,3,StaticSemantic@rho1.2,StaticSemantic,84,reuse_intensive:rep3:req84,reuse_intensive,1,68,1,L0068,4096,0,,False,1789722946.6725347,4096,0,0,262.42531085014343,True,True,False,False,0,0.0,0,0,32.0,False,cache_miss,False,False,0,0.0,c8f41cb6231c6995e5aa43d79387287dee147d5d0713309bfb6afaff727502e7,True,,,1,0,9351.21874,10136.220346,6,4156,4,32
20260726_formal4t4_reuse_intensive_StaticSemantic@rho1.2_rep3,3,StaticSemantic@rho1.2,StaticSemantic,85,reuse_intensive:rep3:req85,reuse_intensive,1,92,0,L0092,4096,3,,False,1789722946.6725729,0,0,0,,False,False,False,False,0,0.0,0,0,32.0,False,cache_miss,False,False,0,0.0,4abc782f9a0b4624b86360a59733395b9f01e98c8e16b9fb69c97cb168289ea3,True,,,1,0,9021.094451,9788.623086,6,4156,4,32
20260726_formal4t4_reuse_intensive_StaticSemantic@rho1.2_rep3,3,StaticSemantic@rho1.2,StaticSemantic,86,reuse_intensive:rep3:req86,reuse_intensive,1,106,0,L0106,4096,1,,False,1789722946.6725996,0,0,0,,False,False,False,False,0,0.0,0,0,16.0,False,cache_miss,False,False,0,0.0,6c3914c53e2934104783a96f6271377d49191655913678f6cdd14f1dffc8e603,True,,,1,0,8556.224748,9290.824504,6,4156,4,16
20260726_formal4t4_reuse_intensive_StaticSemantic@rho1.2_rep3,3,StaticSemantic@rho1.2,StaticSemantic,87,reuse_intensive:rep3:req87,reuse_intensive,1,81,0,L0081,4096,2,,False,1789722946.6726205,0,0,0,,False,False,False,False,0,0.0,0,0,32.0,False,cache_miss,False,False,0,0.0,15c88bad16965603c40cfe6b5433e2b0b5002f84cd45ac0d0313584277ecaeea,True,,,1,0,8854.33643,9598.735586,6,4156,4,32
20260726_formal4t4_reuse_intensive_StaticSemantic@rho1.2_rep3,3,StaticSemantic@rho1.2,StaticSemantic,88,reuse_intensive:rep3:req88,reuse_intensive,1,64,2,L0064,4096,0,,False,1789722956.810684,4096,0,0,272.56346011161804,True,True,False,False,0,0.0,0,0,4128.0,False,cache_reused,False,False,0,0.0,822b19cc816a1d53a74a473019b0ebe24cd127427c4d1fd1b22d1cc88ffda7dc,True,,,1,0,314.055621,1085.449329,6,4156,4,4128
20260726_formal4t4_reuse_intensive_StaticSemantic@rho1.2_rep3,3,StaticSemantic@rho1.2,StaticSemantic,89,reuse_intensive:rep3:req89,reuse_intensive,1,74,1,L0074,4096,1,,False,1789722956.8107252,4096,0,0,272.5635013580322,True,True,False,False,0,0.0,0,0,4128.0,False,cache_reused,False,False,0,0.0,7367bdf74904e9926335495138cae05ce9bd37128dad6277ba8b61110de3543a,True,,,1,0,301.796815,1047.359499,6,4156,4,4128
20260726_formal4t4_reuse_intensive_StaticSemantic@rho1.2_rep3,3,StaticSemantic@rho1.2,StaticSemantic,90,reuse_intensive:rep3:req90,reuse_intensive,1,64,0,L0064,4096,2,,False,1789722956.810752,4096,0,0,272.5635280609131,True,True,False,False,0,0.0,0,0,4128.0,False,cache_reused,False,False,0,0.0,47da42ba51453b0311d65f4c3df975cffaac0f8bd525a90a45c6090a30d6d983,True,,,1,0,303.623995,1051.149292,6,4156,4,4128
20260726_formal4t4_reuse_intensive_StaticSemantic@rho1.2_rep3,3,StaticSemantic@rho1.2,StaticSemantic,91,reuse_intensive:rep3:req91,reuse_intensive,1,64,1,L0064,4096,3,,False,1789722956.810774,4096,0,0,272.56355023384094,True,True,False,False,0,0.0,0,0,4128.0,False,cache_reused,False,False,0,0.0,6f4fd90fe0fc05a51f766b5e3e4eb90bdf446df6bc293f59142789ad6e44fc5c,True,,,1,0,311.493572,1091.151991,6,4156,4,4128
20260726_formal4t4_reuse_intensive_StaticSemantic@rho1.2_rep3,3,StaticSemantic@rho1.2,StaticSemantic,92,reuse_intensive:rep3:req92,reuse_intensive,1,65,1,L0065,4096,0,,False,1789722958.0016212,4096,0,0,273.75439739227295,True,True,False,False,0,0.0,0,0,4128.0,False,cache_reused,False,False,0,0.0,5cf03dc2d771ca8b2bb20186d44cf5a8fa799172a6304f9b2928ebd1fa2179cc,True,,,1,0,319.656302,1145.188186,6,4156,4,4128
20260726_formal4t4_reuse_intensive_StaticSemantic@rho1.2_rep3,3,StaticSemantic@rho1.2,StaticSemantic,93,reuse_intensive:rep3:req93,reuse_intensive,1,78,0,L0078,4096,2,,False,1789722958.0016425,0,0,0,,False,False,False,False,0,0.0,0,0,32.0,False,cache_miss,False,False,0,0.0,7f1de2a966f76ad948e40c187080a73d5c9216116fc935b77380165e3a2292f9,True,,,1,0,8267.707889,8956.038355,6,4156,4,32
20260726_formal4t4_reuse_intensive_StaticSemantic@rho1.2_rep3,3,StaticSemantic@rho1.2,StaticSemantic,94,reuse_intensive:rep3:req94,reuse_intensive,1,105,0,L0105,4096,1,,False,1789722958.0016546,0,0,0,,False,False,False,False,0,0.0,0,0,32.0,False,cache_miss,False,False,0,0.0,ba7e0711a7707e34c7378c0ccdf181949be1443660e5d83795422d037c794af6,True,,,1,0,8933.857207,9666.088363,6,4156,4,32
20260726_formal4t4_reuse_intensive_StaticSemantic@rho1.2_rep3,3,StaticSemantic@rho1.2,StaticSemantic,95,reuse_intensive:rep3:req95,reuse_intensive,1,104,0,L0104,4096,3,,False,1789722958.0016649,0,0,0,,False,False,False,False,0,0.0,0,0,16.0,False,cache_miss,False,False,0,0.0,ca4ffa98a290595834e71c1e7bfd08b031b47dfebafd593696401f42e8cd19dc,True,,,1,0,9605.381961,10363.894216,6,4156,4,16
20260726_formal4t4_reuse_intensive_StaticSemantic@rho1.2_rep3,3,StaticSemantic@rho1.2,StaticSemantic,96,reuse_intensive:rep3:req96,reuse_intensive,1,117,0,L0117,4096,0,,False,1789722968.3686588,0,0,0,,False,False,False,False,0,0.0,0,0,16.0,False,cache_miss,False,False,0,0.0,e09237dc6210bb48b01ea149d6825a41e31543a989be7a0b0d56774cf2749bd2,True,,,1,0,9011.438006,9785.812155,6,4156,4,16
20260726_formal4t4_reuse_intensive_StaticSemantic@rho1.2_rep3,3,StaticSemantic@rho1.2,StaticSemantic,97,reuse_intensive:rep3:req97,reuse_intensive,1,66,1,L0066,4096,3,,False,1789722968.3686953,4096,0,0,284.1214714050293,True,True,False,False,0,0.0,0,0,4128.0,False,cache_reused,False,False,0,0.0,71db7bccedfcd84fe141752cd2979e2dba0d357242fba44b5568231d10955840,True,,,1,0,307.692044,1072.038348,6,4156,4,4128
20260726_formal4t4_reuse_intensive_StaticSemantic@rho1.2_rep3,3,StaticSemantic@rho1.2,StaticSemantic,98,reuse_intensive:rep3:req98,reuse_intensive,1,72,0,L0072,4096,1,,False,1789722968.368723,0,0,0,,False,False,False,False,0,0.0,0,0,32.0,False,cache_miss,False,False,0,0.0,a667715c0e1129822dd6103c52629707e9821ea5a68ed6d137adc47121a3f33f,True,,,1,0,8499.892586,9194.110473,6,4156,4,32
20260726_formal4t4_reuse_intensive_StaticSemantic@rho1.2_rep3,3,StaticSemantic@rho1.2,StaticSemantic,99,reuse_intensive:rep3:req99,reuse_intensive,1,67,2,L0067,4096,2,,False,1789722968.3687441,4096,0,0,284.121520280838,True,True,False,False,0,0.0,0,0,32.0,False,cache_miss,False,False,0,0.0,490fee34a1515925a902e6742cf2efe248d17e1828294808960f8d300f0e2fd3,True,,,1,0,8779.988593,9486.954895,6,4156,4,32
20260726_formal4t4_reuse_intensive_StaticSemantic@rho1.2_rep3,3,StaticSemantic@rho1.2,StaticSemantic,100,reuse_intensive:rep3:req100,reuse_intensive,1,65,2,L0065,4096,0,,False,1789722978.1564415,4096,0,0,293.9092175960541,True,True,False,False,0,0.0,0,0,4128.0,False,cache_reused,False,False,0,0.0,6b08d970cedaa56b18c7e71132bd8a5bb113283303d782441be55a1721de5ab0,True,,,1,0,329.915149,1158.528019,6,4157,4,4128
20260726_formal4t4_reuse_intensive_StaticSemantic@rho1.2_rep3,3,StaticSemantic@rho1.2,StaticSemantic,101,reuse_intensive:rep3:req101,reuse_intensive,1,103,0,L0103,4096,1,,False,1789722978.1564815,0,0,0,,False,False,False,False,0,0.0,0,0,32.0,False,cache_miss,False,False,0,0.0,ddd1618893be00b9fcf99a2b0877acb32cf8845dd1de3f4125b39889d941b7fc,True,,,1,0,9181.933778,9942.628996,6,4157,4,32
20260726_formal4t4_reuse_intensive_StaticSemantic@rho1.2_rep3,3,StaticSemantic@rho1.2,StaticSemantic,102,reuse_intensive:rep3:req102,reuse_intensive,1,69,0,L0069,4096,2,,False,1789722978.1565073,4096,0,0,293.9092833995819,True,True,False,False,0,0.0,0,0,4128.0,False,cache_reused,False,False,0,0.0,c83e75f2cc51702d8385159f256cd6dca435389486569a4d068a44c89a8146b1,True,,,1,0,316.207712,1103.30426,6,4157,4,4128
20260726_formal4t4_reuse_intensive_StaticSemantic@rho1.2_rep3,3,StaticSemantic@rho1.2,StaticSemantic,103,reuse_intensive:rep3:req103,reuse_intensive,1,83,0,L0083,4096,3,,False,1789722978.1565306,0,0,0,,False,False,False,False,0,0.0,0,0,32.0,False,cache_miss,False,False,0,0.0,75787e7e6e2418610fdd8d10e390974e9deab9be5c077aa2798588c65a29c1be,True,,,1,0,9793.197323,10544.876848,6,4157,4,32
20260726_formal4t4_reuse_intensive_StaticSemantic@rho1.2_rep3,3,StaticSemantic@rho1.2,StaticSemantic,104,reuse_intensive:rep3:req104,reuse_intensive,1,70,1,L0070,4096,0,,False,1789722988.7056596,4096,0,0,304.4584357738495,True,True,False,False,0,0.0,0,0,32.0,False,cache_miss,False,False,0,0.0,605d36ef9c2356ba97a69129f4f1164a2b0f53ff8b720cb54a318711436ce559,True,,,1,0,9534.364195,10353.164019,6,4157,4,32
20260726_formal4t4_reuse_intensive_StaticSemantic@rho1.2_rep3,3,StaticSemantic@rho1.2,StaticSemantic,105,reuse_intensive:rep3:req105,reuse_intensive,1,64,2,L0064,4096,2,,False,1789722988.7056987,4096,0,0,304.45847487449646,True,True,False,False,0,0.0,0,0,4128.0,False,cache_reused,False,False,0,0.0,35a52838d214edfa1965032faaefa6263cc3af345c92070e8ea35529ff2348c0,True,,,1,0,439.473098,1186.31891,6,4157,4,4128
20260726_formal4t4_reuse_intensive_StaticSemantic@rho1.2_rep3,3,StaticSemantic@rho1.2,StaticSemantic,106,reuse_intensive:rep3:req106,reuse_intensive,1,64,0,L0064,4096,1,,False,1789722988.7057276,4096,0,0,304.45850372314453,True,True,False,False,0,0.0,0,0,4128.0,False,cache_reused,False,False,0,0.0,814c07caf2956524ef6862241f6ea66c5f1149c6d69b73798f468658b5fd2de6,True,,,1,0,307.684966,1065.250629,6,4157,4,4128
20260726_formal4t4_reuse_intensive_StaticSemantic@rho1.2_rep3,3,StaticSemantic@rho1.2,StaticSemantic,107,reuse_intensive:rep3:req107,reuse_intensive,1,98,0,L0098,4096,3,,False,1789722988.7057488,0,0,0,,False,False,False,False,0,0.0,0,0,32.0,False,cache_miss,False,False,0,0.0,f8e7e88fcc172885521cc66668ad73b58bddad0942c12913f2223d61610cb70d,True,,,1,0,9172.947477,9911.569328,6,4157,4,32
20260726_formal4t4_reuse_intensive_StaticSemantic@rho1.2_rep3,3,StaticSemantic@rho1.2,StaticSemantic,108,reuse_intensive:rep3:req108,reuse_intensive,1,68,2,L0068,4096,0,,False,1789722999.0607996,4096,0,0,314.8135757446289,True,True,False,False,0,0.0,0,0,4128.0,False,cache_reused,False,False,0,0.0,7bc27f90b72b627d9a5cf31b62e8f51c6859ca1dc67474eb348c185095c3e19c,True,,,1,0,313.211394,1095.590607,6,4157,4,4128
20260726_formal4t4_reuse_intensive_StaticSemantic@rho1.2_rep3,3,StaticSemantic@rho1.2,StaticSemantic,109,reuse_intensive:rep3:req109,reuse_intensive,1,65,0,L0065,4096,3,,False,1789722999.0608385,4096,0,0,314.8136146068573,True,True,False,False,0,0.0,0,0,4128.0,False,cache_reused,False,False,0,0.0,475b036e0cda94b8c8f928a9ab25d753dec24a7866f9e8571ff4d31d76430bc8,True,,,1,0,296.953247,1029.327468,6,4157,4,4128
20260726_formal4t4_reuse_intensive_StaticSemantic@rho1.2_rep3,3,StaticSemantic@rho1.2,StaticSemantic,110,reuse_intensive:rep3:req110,reuse_intensive,1,64,1,L0064,4096,1,,False,1789722999.060866,4096,0,0,314.8136422634125,True,True,False,False,0,0.0,0,0,4128.0,False,cache_reused,False,False,0,0.0,a67f9aaf408dc9cec28db5bec5239f4a2aa8f1b06d0a1a83cd9c74e7f96f9644,True,,,1,0,463.443497,1227.480482,6,4157,4,4128
20260726_formal4t4_reuse_intensive_StaticSemantic@rho1.2_rep3,3,StaticSemantic@rho1.2,StaticSemantic,111,reuse_intensive:rep3:req111,reuse_intensive,1,75,0,L0075,4096,2,,False,1789722999.0608883,0,0,0,,False,False,False,False,0,0.0,0,0,32.0,False,cache_miss,False,False,0,0.0,c869ab746c1594b1db7f5604b2dc00167046ce87c4a8561c8c29c570db460393,True,,,1,0,9073.743866,9829.516429,6,4157,4,32
20260726_formal4t4_reuse_intensive_StaticSemantic@rho1.2_rep3,3,StaticSemantic@rho1.2,StaticSemantic,112,reuse_intensive:rep3:req112,reuse_intensive,1,65,1,L0065,4096,0,,False,1789723008.8949025,4096,0,0,324.6476786136627,True,True,False,False,0,0.0,0,0,4128.0,False,cache_reused,False,False,0,0.0,c2b19f1c06673872689f3cb0d6630cf6c6a1f3c7516a78a493d5b7007a8f08c9,True,,,1,0,461.177349,1296.150282,6,4157,4,4128
20260726_formal4t4_reuse_intensive_StaticSemantic@rho1.2_rep3,3,StaticSemantic@rho1.2,StaticSemantic,113,reuse_intensive:rep3:req113,reuse_intensive,1,76,1,L0076,4096,1,,False,1789723008.8949428,4096,0,0,324.6477189064026,True,True,False,False,0,0.0,0,0,32.0,False,cache_miss,False,False,0,0.0,8f7860641a558bb37ce1d50ad89e3699a42bcb0775a6bb8b212286ed82fe2c8c,True,,,1,0,8484.992512,9196.82818,6,4157,4,32
20260726_formal4t4_reuse_intensive_StaticSemantic@rho1.2_rep3,3,StaticSemantic@rho1.2,StaticSemantic,114,reuse_intensive:rep3:req114,reuse_intensive,1,72,1,L0072,4096,2,,False,1789723008.89497,4096,0,0,324.6477460861206,True,True,False,False,0,0.0,0,0,32.0,False,cache_miss,False,False,0,0.0,3b0a682cbee631bd6633300aa884cf00125889f394adfe1dadae2b3d6d3bd628,True,,,1,0,8559.197359,9284.174034,6,4157,4,32
20260726_formal4t4_reuse_intensive_StaticSemantic@rho1.2_rep3,3,StaticSemantic@rho1.2,StaticSemantic,115,reuse_intensive:rep3:req115,reuse_intensive,1,64,2,L0064,4096,3,,False,1789723008.8949919,4096,0,0,324.6477680206299,True,True,False,False,0,0.0,0,0,4128.0,False,cache_reused,False,False,0,0.0,f046048366733ef3d6ea7d2bed12f13a554d44fc1acc590289e77402116dcd19,True,,,1,0,449.263337,1236.449355,6,4157,4,4128
20260726_formal4t4_reuse_intensive_StaticSemantic@rho1.2_rep3,3,StaticSemantic@rho1.2,StaticSemantic,116,reuse_intensive:rep3:req116,reuse_intensive,1,64,0,L0064,4096,0,,False,1789723018.1829164,4096,0,0,333.93569254875183,True,True,False,False,0,0.0,0,0,4128.0,False,cache_reused,False,False,0,0.0,ad89bca3d243838b1c4a3ade9bff18d687002084a495f5b4a6a5ffae11dd3221,True,,,1,0,440.355663,1215.26543,6,4157,4,4128
20260726_formal4t4_reuse_intensive_StaticSemantic@rho1.2_rep3,3,StaticSemantic@rho1.2,StaticSemantic,117,reuse_intensive:rep3:req117,reuse_intensive,1,80,0,L0080,4096,2,,False,1789723018.1829545,0,0,0,,False,False,False,False,0,0.0,0,0,32.0,False,cache_miss,False,False,0,0.0,76ecf7f39507d6c73ab091925285f712aac7144f221201fba328c4f75cf932de,True,,,1,0,8822.748684,9583.27384,6,4157,4,32
20260726_formal4t4_reuse_intensive_StaticSemantic@rho1.2_rep3,3,StaticSemantic@rho1.2,StaticSemantic,118,reuse_intensive:rep3:req118,reuse_intensive,1,71,2,L0071,4096,1,,False,1789723018.1829798,4096,0,0,333.9357559680939,True,True,False,False,0,0.0,0,0,4128.0,False,cache_reused,False,False,0,0.0,157799f23c17f64d01a23c830703487bca341e31626c617b1fb3f3d794e0a921,True,,,1,0,270.39441,983.865252,6,4157,4,4128
20260726_formal4t4_reuse_intensive_StaticSemantic@rho1.2_rep3,3,StaticSemantic@rho1.2,StaticSemantic,119,reuse_intensive:rep3:req119,reuse_intensive,1,103,1,L0103,4096,3,,False,1789723018.1830025,4096,0,0,333.9357786178589,True,True,False,False,0,0.0,0,0,32.0,False,cache_miss,False,False,0,0.0,873ee59422ecd87e829e699e40e6acf8805bee052bc0224e8e78bfec636425d6,True,,,1,0,8648.52316,9377.23779,6,4157,4,32
20260726_formal4t4_reuse_intensive_RateFIFO@rho1.2_rep4,4,RateFIFO@rho1.2,RateFIFO,24,reuse_intensive:rep4:req24,reuse_intensive,0,21,0,L0021,4096,3,,False,1789723205.5258627,0,0,0,,False,False,False,False,0,0.0,0,0,32.0,False,cache_miss,False,False,0,0.0,272fa9f0884b5ecbdc0825f0481acb89df381c0a03eef2d5e8721ccbb5abf235,True,,,1,0,8759.152799,9468.677306,6,4156,4,32
20260726_formal4t4_reuse_intensive_RateFIFO@rho1.2_rep4,4,RateFIFO@rho1.2,RateFIFO,25,reuse_intensive:rep4:req25,reuse_intensive,0,1,2,L0001,4096,0,0,False,1789723205.525913,4096,4096,4096,13.038101434707642,False,False,False,False,4096,0.0,1,1,4128.0,False,cache_reused,False,False,0,0.0,fa597e7474ba33775baac9e97141a42f535b6df7a1f086cd40a8c29507c3d936,True,,,1,0,317.343874,2627.276551,6,4156,4,4128
20260726_formal4t4_reuse_intensive_RateFIFO@rho1.2_rep4,4,RateFIFO@rho1.2,RateFIFO,26,reuse_intensive:rep4:req26,reuse_intensive,0,2,0,L0002,4096,0,0,True,1789723205.5259523,4096,4096,4096,136.7111895084381,False,False,False,False,4096,79.92,1,1,4128.0,True,cache_reused,False,False,0,0.0,4782768fccb72d35cb489d2f11da6018df340817ca27f7d4d6a1713681ddffcc,True,,,1,0,1277.246233,3124.501621,6,4156,4,4128
20260726_formal4t4_reuse_intensive_RateFIFO@rho1.2_rep4,4,RateFIFO@rho1.2,RateFIFO,27,reuse_intensive:rep4:req27,reuse_intensive,0,7,2,L0007,4096,0,0,True,1789723205.525984,4096,4096,4096,91.41902256011963,False,False,False,False,4096,77.92,1,1,4128.0,True,cache_reused,False,False,0,0.0,f2f40907fbd2c024225afa2261087998827498085ab6458d02c28a4d1e0a1a1c,True,,,1,0,1276.718204,3124.017836,6,4156,4,4128
20260726_formal4t4_reuse_intensive_RateFIFO@rho1.2_rep4,4,RateFIFO@rho1.2,RateFIFO,28,reuse_intensive:rep4:req28,reuse_intensive,0,0,0,L0000,4096,0,0,True,1789723214.996583,4096,4096,4096,16.084543704986572,False,False,False,False,4096,81.92,1,1,4128.0,True,cache_reused,False,False,0,0.0,ccfaf116a7e0ea62e576efc932f8d57304cf05aec865f41acd4472db3380fd63,True,,,1,0,516.432614,2838.549925,6,4156,4,4128
20260726_formal4t4_reuse_intensive_RateFIFO@rho1.2_rep4,4,RateFIFO@rho1.2,RateFIFO,29,reuse_intensive:rep4:req29,reuse_intensive,0,43,0,L0043,4096,3,,False,1789723214.9966261,0,0,0,,False,False,False,False,0,0.0,0,0,32.0,False,cache_miss,False,False,0,0.0,24a530bdd6ec1ec3ea0afcc113852a5611360348d99a3244cf9e643c0629ddde,True,,,1,0,8841.699868,9565.407414,6,4156,4,32
20260726_formal4t4_reuse_intensive_RateFIFO@rho1.2_rep4,4,RateFIFO@rho1.2,RateFIFO,30,reuse_intensive:rep4:req30,reuse_intensive,0,6,2,L0006,4096,0,0,True,1789723214.9966648,4096,4096,4096,19.382579803466797,False,False,False,False,4096,79.92,1,1,4128.0,True,cache_reused,False,False,0,0.0,0066821b7334dec3db9c06853dc034659e429f63ee9a8c5451afb636f7eb20ae,True,,,1,0,1480.645879,3328.606636,6,4156,4,4128
20260726_formal4t4_reuse_intensive_RateFIFO@rho1.2_rep4,4,RateFIFO@rho1.2,RateFIFO,31,reuse_intensive:rep4:req31,reuse_intensive,0,11,0,L0011,4096,0,0,True,1789723214.9966965,4096,4096,4096,58.79694676399231,False,False,False,False,4096,77.92,1,1,4128.0,True,cache_reused,False,False,0,0.0,5b7addd77705587dc9e9c0dfd4446ef368ce2d862ec9f1d931b54ee1b1fcd296,True,,,1,0,1479.553456,3327.472612,6,4156,4,4128
20260726_formal4t4_reuse_intensive_RateFIFO@rho1.2_rep4,4,RateFIFO@rho1.2,RateFIFO,32,reuse_intensive:rep4:req32,reuse_intensive,0,15,1,L0015,4096,0,0,True,1789723224.5653753,4096,4096,4096,48.19384479522705,False,False,False,False,4096,81.92,1,1,4128.0,True,cache_reused,False,False,0,0.0,945110cdbe84b868582add396f3b7154ac82ba08f0e6e8ef45180c153e25e052,True,,,1,0,475.981018,1962.641623,6,4156,4,4128
20260726_formal4t4_reuse_intensive_RateFIFO@rho1.2_rep4,4,RateFIFO@rho1.2,RateFIFO,33,reuse_intensive:rep4:req33,reuse_intensive,0,33,0,L0033,4096,1,,False,1789723224.565417,0,0,0,,False,False,False,False,0,0.0,0,0,32.0,False,cache_miss,False,False,0,0.0,6ff6d59d063a97ce7a62bc98fc6506006abe0dbab8a326c5c681ba8d722606fd,True,,,1,0,8917.02759,9650.893775,6,4156,4,32
20260726_formal4t4_reuse_intensive_RateFIFO@rho1.2_rep4,4,RateFIFO@rho1.2,RateFIFO,34,reuse_intensive:rep4:req34,reuse_intensive,0,10,0,L0010,4096,0,0,True,1789723224.5654542,4096,4096,4096,78.83729934692383,False,False,False,False,4096,79.92,1,1,4128.0,True,cache_reused,False,False,0,0.0,9a02e9002754c5fb64fb35ee201cd541383cbe12352e64dc35945bd5bb7060cc,True,,,1,0,971.676483,2234.114993,6,4156,4,4128
20260726_formal4t4_reuse_intensive_RateFIFO@rho1.2_rep4,4,RateFIFO@rho1.2,RateFIFO,35,reuse_intensive:rep4:req35,reuse_intensive,0,22,0,L0022,4096,2,,False,1789723224.5654802,0,0,0,,False,False,False,False,0,0.0,0,0,32.0,False,cache_miss,False,False,0,0.0,b175d6b0078d7ec6842a62568de4168ef168774e8f9bc036816db24102703cf6,True,,,1,0,8014.245172,8719.278557,6,4156,4,32
20260726_formal4t4_reuse_intensive_RateFIFO@rho1.2_rep4,4,RateFIFO@rho1.2,RateFIFO,36,reuse_intensive:rep4:req36,reuse_intensive,0,0,1,L0000,4096,0,0,True,1789723234.2195323,4096,4096,4096,9.655961275100708,False,False,False,False,4096,81.92,1,1,4128.0,True,cache_reused,False,False,0,0.0,507f7d86748330351908cc5b13d2af897ae1779775e546314c096431cbcf871e,True,,,1,0,506.841441,2262.563194,6,4156,4,4128
20260726_formal4t4_reuse_intensive_RateFIFO@rho1.2_rep4,4,RateFIFO@rho1.2,RateFIFO,37,reuse_intensive:rep4:req37,reuse_intensive,0,23,0,L0023,4096,1,,False,1789723234.219572,0,0,0,,False,False,False,False,0,0.0,0,0,32.0,False,cache_miss,False,False,0,0.0,cfaeb21919843b5a68667fd461abb061dc9874ba0a2804febcc4707e26e65b12,True,,,1,0,9409.207591,10187.821506,6,4156,4,32
20260726_formal4t4_reuse_intensive_RateFIFO@rho1.2_rep4,4,RateFIFO@rho1.2,RateFIFO,38,reuse_intensive:rep4:req38,reuse_intensive,0,9,0,L0009,4096,0,0,True,1789723234.219607,4096,4096,4096,99.26129508018494,False,False,False,False,4096,79.92,1,1,4128.0,True,cache_reused,False,False,0,0.0,eb7b39573d9bcd4c9ce83baf78b450d44da2a3e1243466bb1e8581e883cfa359,True,,,1,0,1231.725911,2773.916802,6,4156,4,4128
20260726_formal4t4_reuse_intensive_RateFIFO@rho1.2_rep4,4,RateFIFO@rho1.2,RateFIFO,39,reuse_intensive:rep4:req39,reuse_intensive,0,0,2,L0000,4096,0,0,True,1789723234.2196374,4096,4096,4096,9.656066417694092,False,False,False,False,4096,77.92,1,1,4128.0,True,cache_reused,False,False,0,0.0,8cd73cc912cd2d84959a0dac49162c78f9898ec62811e197f98b6830bcba659e,True,,,1,0,1230.658048,2772.774722,6,4156,4,4128
20260726_formal4t4_reuse_intensive_RateFIFO@rho1.2_rep4,4,RateFIFO@rho1.2,RateFIFO,40,reuse_intensive:rep4:req40,reuse_intensive,0,44,0,L0044,4096,2,,False,1789723244.4103734,0,0,0,,False,False,False,False,0,0.0,0,0,32.0,False,cache_miss,False,False,0,0.0,70681ea5d7c26caddd90940bdd2cc476a314f9664b9dfb19cc7efa3cd80cf9da,True,,,1,0,8684.69042,9407.793445,6,4156,4,32
20260726_formal4t4_reuse_intensive_RateFIFO@rho1.2_rep4,4,RateFIFO@rho1.2,RateFIFO,41,reuse_intensive:rep4:req41,reuse_intensive,0,2,1,L0002,4096,0,0,False,1789723244.4104238,4096,4096,4096,175.5956609249115,False,False,False,False,4096,0.0,1,1,4128.0,False,cache_reused,False,False,0,0.0,eda30a133a9cbf32ca949dc00c095e9677c464502e419b7bba95766ce122b130,True,,,1,0,478.741015,1962.558473,6,4156,4,4128
20260726_formal4t4_reuse_intensive_RateFIFO@rho1.2_rep4,4,RateFIFO@rho1.2,RateFIFO,42,reuse_intensive:rep4:req42,reuse_intensive,0,11,1,L0011,4096,0,0,True,1789723244.4104626,4096,4096,4096,88.21071290969849,False,False,False,False,4096,79.92,1,1,4128.0,True,cache_reused,False,False,0,0.0,847bf52e1a5a333116c92d85005bca4925d2fb601d5c84444bdb9fee6d90886c,True,,,1,0,973.97099,2229.883967,6,4156,4,4128
20260726_formal4t4_reuse_intensive_RateFIFO@rho1.2_rep4,4,RateFIFO@rho1.2,RateFIFO,43,reuse_intensive:rep4:req43,reuse_intensive,0,23,1,L0023,4096,3,,False,1789723244.410488,4096,0,0,206.27753949165344,True,True,False,False,0,0.0,0,0,32.0,False,cache_miss,False,False,0,0.0,4b25f9b689b3596473d2744dc2aeb7d0bebdb7d186d0872901f78786d414f3c9,True,,,1,0,9342.452576,10128.477284,6,4156,4,32
20260726_formal4t4_reuse_intensive_RateFIFO@rho1.2_rep4,4,RateFIFO@rho1.2,RateFIFO,44,reuse_intensive:rep4:req44,reuse_intensive,0,4,0,L0004,4096,0,0,False,1789723254.5435674,4096,4096,4096,172.34837198257446,False,False,False,False,4096,0.0,1,1,4128.0,False,cache_reused,False,False,0,0.0,09e64b61eb1f0036511c6cdc339f43d1ca8efb791acbe72ab09be188db9568a4,True,,,1,0,480.563019,2136.547961,6,4156,4,4128
20260726_formal4t4_reuse_intensive_RateFIFO@rho1.2_rep4,4,RateFIFO@rho1.2,RateFIFO,45,reuse_intensive:rep4:req45,reuse_intensive,0,0,0,L0000,4096,0,0,True,1789723254.5436175,4096,4096,4096,10.134781837463379,False,False,False,False,4096,79.92,1,1,4128.0,True,cache_reused,False,False,0,0.0,409dccd8dc09237b4266a1eb49a942f5182fd5ba10e5c3a855b0aed2da6ecc43,True,,,1,0,1167.809457,2424.337468,6,4156,4,4128
20260726_formal4t4_reuse_intensive_RateFIFO@rho1.2_rep4,4,RateFIFO@rho1.2,RateFIFO,46,reuse_intensive:rep4:req46,reuse_intensive,0,36,0,L0036,4096,1,,False,1789723254.5436456,0,0,0,,False,False,False,False,0,0.0,0,0,32.0,False,cache_miss,False,False,0,0.0,786cc63b293a2968d7c68b366e9abb5299a0a882f9fd1eaceaa7af62a01ff42d,True,,,1,0,9007.351017,9754.715664,6,4156,4,32
20260726_formal4t4_reuse_intensive_RateFIFO@rho1.2_rep4,4,RateFIFO@rho1.2,RateFIFO,47,reuse_intensive:rep4:req47,reuse_intensive,0,0,1,L0000,4096,0,0,True,1789723254.5436764,4096,4096,4096,10.134840726852417,False,False,False,False,4096,77.92,1,1,4128.0,True,cache_reused,False,False,0,0.0,834883c707fe47a0f5360faaf62894e701688184cec6739a66007f65935d18d0,True,,,1,0,1165.850224,2422.35758,6,4156,4,4128
20260726_formal4t4_reuse_intensive_RateFIFO@rho1.2_rep4,4,RateFIFO@rho1.2,RateFIFO,48,reuse_intensive:rep4:req48,reuse_intensive,0,0,2,L0000,4096,0,0,True,1789723264.3023043,4096,4096,4096,19.893468618392944,False,False,False,False,4096,81.92,1,1,4128.0,True,cache_reused,False,False,0,0.0,196d487b3315982d201ef4002ce98f3a193907198312e2001373bba875520ff2,True,,,1,0,645.6105,2116.532939,6,4156,4,4128
20260726_formal4t4_reuse_intensive_RateFIFO@rho1.2_rep4,4,RateFIFO@rho1.2,RateFIFO,49,reuse_intensive:rep4:req49,reuse_intensive,0,0,0,L0000,4096,0,0,True,1789723264.3023536,4096,4096,4096,19.89351797103882,False,False,False,False,4096,79.92,1,1,4128.0,True,cache_reused,False,False,0,0.0,c41f7429c64b3b6afc050f0c795efd206262e8e2d2840539facd7ff455069c4f,True,,,1,0,644.359096,2115.124673,6,4156,4,4128
20260726_formal4t4_reuse_intensive_RateFIFO@rho1.2_rep4,4,RateFIFO@rho1.2,RateFIFO,50,reuse_intensive:rep4:req50,reuse_intensive,0,1,0,L0001,4096,0,0,True,1789723264.3023853,4096,4096,4096,71.81457376480103,False,False,False,False,4096,77.92,1,1,4128.0,True,cache_reused,False,False,0,0.0,272b93713d4a6c9eefacdcb12355bdc6338b878472c6513af63a40ff52a4662b,True,,,1,0,1135.713905,2376.367106,6,4156,4,4128
20260726_formal4t4_reuse_intensive_RateFIFO@rho1.2_rep4,4,RateFIFO@rho1.2,RateFIFO,51,reuse_intensive:rep4:req51,reuse_intensive,0,26,0,L0026,4096,1,,False,1789723264.3024077,0,0,0,,False,False,False,False,0,0.0,0,0,32.0,False,cache_miss,False,False,0,0.0,485358d13e51b42699ba55e2aaf588aa096057da66ebd0836e2884f5f4e58b75,True,,,1,0,9468.313682,10241.629231,6,4156,4,32
20260726_formal4t4_reuse_intensive_RateFIFO@rho1.2_rep4,4,RateFIFO@rho1.2,RateFIFO,52,reuse_intensive:rep4:req52,reuse_intensive,0,23,2,L0023,4096,2,,False,1789723274.5486426,4096,0,0,236.41569423675537,True,True,False,False,0,0.0,0,0,32.0,False,cache_miss,False,False,0,0.0,e724134ecb40c102a9ed1f89a29bc2afb1a6ae3eabbd0a0e948345b8452c9792,True,,,1,0,8646.617043,9407.759137,6,4156,4,32
20260726_formal4t4_reuse_intensive_RateFIFO@rho1.2_rep4,4,RateFIFO@rho1.2,RateFIFO,53,reuse_intensive:rep4:req53,reuse_intensive,0,4,1,L0004,4096,0,0,True,1789723274.5486944,4096,4096,4096,10.247986316680908,False,False,False,False,4096,81.92,1,1,4128.0,True,cache_reused,False,False,0,0.0,9123b05c558a123ff60f9735d681d8c4f12c253466e6cda8bed6f80f2d42956f,True,,,1,0,500.168469,2170.533775,6,4156,4,4128
20260726_formal4t4_reuse_intensive_RateFIFO@rho1.2_rep4,4,RateFIFO@rho1.2,RateFIFO,54,reuse_intensive:rep4:req54,reuse_intensive,0,0,1,L0000,4096,0,0,True,1789723274.5487309,4096,4096,4096,30.13989520072937,False,False,False,False,4096,79.92,1,1,4128.0,True,cache_reused,False,False,0,0.0,abad58554d88ef081c5b42f46b33205b407386e403a42db7d42221b7f490bea0,True,,,1,0,1191.655533,2462.111189,6,4156,4,4128
20260726_formal4t4_reuse_intensive_RateFIFO@rho1.2_rep4,4,RateFIFO@rho1.2,RateFIFO,55,reuse_intensive:rep4:req55,reuse_intensive,0,0,2,L0000,4096,0,0,True,1789723274.548759,4096,4096,4096,30.139923334121704,False,False,False,False,4096,77.92,1,1,4128.0,True,cache_reused,False,False,0,0.0,501ea76d516d498226da89e5049218be51eb5d242e2c4fdfffbb61e7262d4b28,True,,,1,0,1190.583427,2461.039273,6,4156,4,4128
20260726_formal4t4_reuse_intensive_RateFIFO@rho1.2_rep4,4,RateFIFO@rho1.2,RateFIFO,56,reuse_intensive:rep4:req56,reuse_intensive,0,63,0,L0063,4096,1,,False,1789723283.958411,0,0,0,,False,False,False,False,0,0.0,0,0,32.0,False,cache_miss,False,False,0,0.0,e98edf26065f03f1d4bde0d861736490a0cad50ca1199dfaada38362c0999a71,True,,,1,0,8477.230751,9214.208851,6,4156,4,32
20260726_formal4t4_reuse_intensive_RateFIFO@rho1.2_rep4,4,RateFIFO@rho1.2,RateFIFO,57,reuse_intensive:rep4:req57,reuse_intensive,0,5,0,L0005,4096,0,0,False,1789723283.9584634,4096,4096,4096,81.76309084892273,False,False,False,False,4096,0.0,1,1,4128.0,False,cache_reused,False,False,0,0.0,41c6536df4ac6b2ba6d329689f5a842042c9a8502d11104c8350be7261592ca2,True,,,1,0,945.721153,2990.568474,6,4156,4,4128
20260726_formal4t4_reuse_intensive_RateFIFO@rho1.2_rep4,4,RateFIFO@rho1.2,RateFIFO,58,reuse_intensive:rep4:req58,reuse_intensive,0,1,1,L0001,4096,0,0,True,1789723283.9585006,4096,4096,4096,91.47068905830383,False,False,False,False,4096,79.92,1,1,4128.0,True,cache_reused,False,False,0,0.0,b3c847e3c013b6345f3ffe1e89f9ff3917117ce50e7e707164f4ea97570e8881,True,,,1,0,944.657873,2989.508725,6,4156,4,4128
20260726_formal4t4_reuse_intensive_RateFIFO@rho1.2_rep4,4,RateFIFO@rho1.2,RateFIFO,59,reuse_intensive:rep4:req59,reuse_intensive,0,15,2,L0015,4096,0,0,True,1789723283.9585297,4096,4096,4096,49.74073648452759,False,False,False,False,4096,77.92,1,1,4128.0,True,cache_reused,False,False,0,0.0,e60f0710ba0140dab4622ad12e30e77429217cc1adb251c2385dc87423855365,True,,,1,0,1627.607414,3244.932812,6,4156,4,4128
20260726_formal4t4_reuse_intensive_RateFIFO@rho1.2_rep4,4,RateFIFO@rho1.2,RateFIFO,60,reuse_intensive:rep4:req60,reuse_intensive,1,65,0,L0065,4096,0,,False,1789723293.1746302,0,0,0,,False,False,False,False,0,0.0,0,0,32.0,False,cache_miss,False,False,0,0.0,9adeb28d64caf16b330f3e2c37158c9c804ee9cbe9e91dc620af23cc54993b0a,True,,,1,0,9047.157781,9830.911276,6,4156,4,32
20260726_formal4t4_reuse_intensive_RateFIFO@rho1.2_rep4,4,RateFIFO@rho1.2,RateFIFO,61,reuse_intensive:rep4:req61,reuse_intensive,1,69,0,L0069,4096,2,,False,1789723293.174668,0,0,0,,False,False,False,False,0,0.0,0,0,32.0,False,cache_miss,False,False,0,0.0,b4bac0e9687c9a7fe75012014b5054e6199776c484437df1dd03cc4fc1aa02bf,True,,,1,0,8463.412016,9198.463226,6,4156,4,32
20260726_formal4t4_reuse_intensive_RateFIFO@rho1.2_rep4,4,RateFIFO@rho1.2,RateFIFO,62,reuse_intensive:rep4:req62,reuse_intensive,1,66,0,L0066,4096,1,,False,1789723293.174691,0,0,0,,False,False,False,False,0,0.0,0,0,32.0,False,cache_miss,False,False,0,0.0,8245546dcda055a08b664d7bbf71e8fb3a558ebf9f6e2e7ef735677d16ff99da,True,,,1,0,8908.626657,9636.999102,6,4156,4,32
20260726_formal4t4_reuse_intensive_RateFIFO@rho1.2_rep4,4,RateFIFO@rho1.2,RateFIFO,63,reuse_intensive:rep4:req63,reuse_intensive,1,75,0,L0075,4096,3,,False,1789723293.1747117,0,0,0,,False,False,False,False,0,0.0,0,0,32.0,False,cache_miss,False,False,0,0.0,c20ea311508d7cfb4384bb53f5b40f83833570282e0251cf46fd0d823df626d9,True,,,1,0,9835.028254,10630.711167,6,4156,4,32
20260726_formal4t4_reuse_intensive_RateFIFO@rho1.2_rep4,4,RateFIFO@rho1.2,RateFIFO,64,reuse_intensive:rep4:req64,reuse_intensive,1,64,0,L0064,4096,0,,False,1789723303.8102524,0,0,0,,False,False,False,False,0,0.0,0,0,32.0,False,cache_miss,False,False,0,0.0,48eadec20feb89e26e6fd56a1a1ca55247fd10e944d5028d8d45c67780a26c0d,True,,,1,0,8814.01046,9618.055368,6,4156,4,32
20260726_formal4t4_reuse_intensive_RateFIFO@rho1.2_rep4,4,RateFIFO@rho1.2,RateFIFO,65,reuse_intensive:rep4:req65,reuse_intensive,1,64,1,L0064,4096,3,,False,1789723303.8102918,0,0,0,,False,False,False,False,0,0.0,0,0,32.0,False,cache_miss,False,False,0,0.0,375a97436d811feafc2c57733e7f4473c60c7343fba4d0a73d93bb77fc0ce32d,True,,,1,0,8654.955829,9390.41342,6,4156,4,32
20260726_formal4t4_reuse_intensive_RateFIFO@rho1.2_rep4,4,RateFIFO@rho1.2,RateFIFO,66,reuse_intensive:rep4:req66,reuse_intensive,1,64,2,L0064,4096,1,,False,1789723303.8103163,0,0,0,,False,False,False,False,0,0.0,0,0,32.0,False,cache_miss,False,False,0,0.0,18611754b69be49c2eae20a0e092649a05ce89e271b3226602cbb34af48054bf,True,,,1,0,8888.105024,9588.7423,6,4156,4,32
20260726_formal4t4_reuse_intensive_RateFIFO@rho1.2_rep4,4,RateFIFO@rho1.2,RateFIFO,67,reuse_intensive:rep4:req67,reuse_intensive,1,65,1,L0065,4096,2,,False,1789723303.8103364,4096,0,0,265.67738795280457,True,True,False,False,0,0.0,0,0,32.0,False,cache_miss,False,False,0,0.0,62dbe3ac80d18093901d867d7ff85e680daa639b8ab5f3dc45fa24897b699378,True,,,1,0,8132.076117,8829.102786,6,4156,4,32
20260726_formal4t4_reuse_intensive_RateFIFO@rho1.2_rep4,4,RateFIFO@rho1.2,RateFIFO,68,reuse_intensive:rep4:req68,reuse_intensive,1,64,0,L0064,4096,0,,False,1789723313.4305172,4096,0,0,275.2975687980652,True,True,False,False,0,0.0,0,0,4128.0,False,cache_reused,False,False,0,0.0,11fe226070d4778ab2dc89124ff47f5edcb697b786f96a647062f37f50f213aa,True,,,1,0,323.215261,1129.45239,6,4156,4,4128
20260726_formal4t4_reuse_intensive_RateFIFO@rho1.2_rep4,4,RateFIFO@rho1.2,RateFIFO,69,reuse_intensive:rep4:req69,reuse_intensive,1,77,0,L0077,4096,1,,False,1789723313.4305577,0,0,0,,False,False,False,False,0,0.0,0,0,32.0,False,cache_miss,False,False,0,0.0,5f7cffd4e2276aa167b323f0c19de0721f0b64ceb0b4412e0fd3e96057de8c16,True,,,1,0,8881.449832,9628.422778,6,4156,4,32
20260726_formal4t4_reuse_intensive_RateFIFO@rho1.2_rep4,4,RateFIFO@rho1.2,RateFIFO,70,reuse_intensive:rep4:req70,reuse_intensive,1,64,1,L0064,4096,2,,False,1789723313.4305847,4096,0,0,275.29763627052307,True,True,False,False,0,0.0,0,0,32.0,False,cache_miss,False,False,0,0.0,38980a11beb4f1b8f8b667a1ac64c5ad34f9ecae635d8b8b778e595e1ad37e64,True,,,1,0,8139.726194,8829.263717,6,4156,4,32
20260726_formal4t4_reuse_intensive_RateFIFO@rho1.2_rep4,4,RateFIFO@rho1.2,RateFIFO,71,reuse_intensive:rep4:req71,reuse_intensive,1,69,1,L0069,4096,3,,False,1789723313.4306078,4096,0,0,275.29765939712524,True,True,False,False,0,0.0,0,0,32.0,False,cache_miss,False,False,0,0.0,04787980b03a9da19c4f2b2c0df5909cb7877bdfe873f290bbf0c703d25d8a4c,True,,,1,0,9237.998385,9987.449816,6,4156,4,32
20260726_formal4t4_reuse_intensive_RateFIFO@rho1.2_rep4,4,RateFIFO@rho1.2,RateFIFO,72,reuse_intensive:rep4:req72,reuse_intensive,1,64,2,L0064,4096,0,0,False,1789723323.4225287,4096,4096,4096,9.993777751922607,False,False,False,False,4096,0.0,1,1,4128.0,False,cache_reused,False,False,0,0.0,959fa24d4a225d40b1095fe544bb81072f5999f1a538d32183e299d6b3a25bc8,True,,,1,0,486.438582,1368.48141,6,4156,4,4128
20260726_formal4t4_reuse_intensive_RateFIFO@rho1.2_rep4,4,RateFIFO@rho1.2,RateFIFO,73,reuse_intensive:rep4:req73,reuse_intensive,1,69,2,L0069,4096,3,,False,1789723323.4225698,4096,0,0,285.2896213531494,True,True,False,False,0,0.0,0,0,4128.0,False,cache_reused,False,False,0,0.0,b552dee26d5a7f5cc0f4151d43ca92e6862b52e8a58c0a750c799e2fb628ae61,True,,,1,0,302.021936,1049.955449,6,4156,4,4128
20260726_formal4t4_reuse_intensive_RateFIFO@rho1.2_rep4,4,RateFIFO@rho1.2,RateFIFO,74,reuse_intensive:rep4:req74,reuse_intensive,1,76,0,L0076,4096,2,,False,1789723323.4225984,0,0,0,,False,False,False,False,0,0.0,0,0,32.0,False,cache_miss,False,False,0,0.0,e5570f6116401e1489088be92a64c2f5896dbff736b2e80aa2589cab46a772b2,True,,,1,0,8803.129502,9571.988704,6,4156,4,32
20260726_formal4t4_reuse_intensive_RateFIFO@rho1.2_rep4,4,RateFIFO@rho1.2,RateFIFO,75,reuse_intensive:rep4:req75,reuse_intensive,1,64,0,L0064,4096,0,0,True,1789723323.4226325,4096,4096,4096,9.993881464004517,False,False,False,False,4096,79.92,1,1,4128.0,True,cache_reused,False,False,0,0.0,1676cebaa3fd17659b7756243e252470fb4e1736c0808170a2299c4349831f98,True,,,1,0,781.958401,1634.996247,6,4156,4,4128
20260726_formal4t4_reuse_intensive_RateFIFO@rho1.2_rep4,4,RateFIFO@rho1.2,RateFIFO,76,reuse_intensive:rep4:req76,reuse_intensive,1,76,1,L0076,4096,2,,False,1789723332.9986076,4096,0,0,294.86565923690796,True,True,False,False,0,0.0,0,0,4128.0,False,cache_reused,False,False,0,0.0,99478312819107221d6f1441f5a64fb1ed317ec16cbb56d4d1bbc5ac322bd285,True,,,1,0,311.458921,1084.063316,6,4156,4,4128
20260726_formal4t4_reuse_intensive_RateFIFO@rho1.2_rep4,4,RateFIFO@rho1.2,RateFIFO,77,reuse_intensive:rep4:req77,reuse_intensive,1,64,1,L0064,4096,0,0,True,1789723332.9986637,4096,4096,4096,9.577712059020996,False,False,False,False,4096,81.92,1,1,4128.0,True,cache_reused,False,False,0,0.0,6a5e87515b294e8a081ae079767cb8e029804a3b79597b426ed28471b8aac4fb,True,,,1,0,501.313727,1371.041917,6,4156,4,4128
20260726_formal4t4_reuse_intensive_RateFIFO@rho1.2_rep4,4,RateFIFO@rho1.2,RateFIFO,78,reuse_intensive:rep4:req78,reuse_intensive,1,66,1,L0066,4096,3,,False,1789723332.998694,4096,0,0,294.8657455444336,True,True,False,False,0,0.0,0,0,32.0,False,cache_miss,False,False,0,0.0,b57b5a98d3f450c90b4adecb3bf4cf8956662bf87a211c165b9b4b0a9fdf198f,True,,,1,0,9033.799503,9782.623648,6,4156,4,32
20260726_formal4t4_reuse_intensive_RateFIFO@rho1.2_rep4,4,RateFIFO@rho1.2,RateFIFO,79,reuse_intensive:rep4:req79,reuse_intensive,1,64,2,L0064,4096,0,0,True,1789723332.9987257,4096,4096,4096,9.577774047851562,False,False,False,False,4096,79.92,1,1,4128.0,True,cache_reused,False,False,0,0.0,12207497cf6410603112012d3e844e795dd2c53da74ce088c5badab76cf35fad,True,,,1,0,791.729232,1637.992548,6,4156,4,4128
20260726_formal4t4_reuse_intensive_RateFIFO@rho1.2_rep4,4,RateFIFO@rho1.2,RateFIFO,80,reuse_intensive:rep4:req80,reuse_intensive,1,64,0,L0064,4096,0,0,False,1789723342.7852836,4096,4096,4096,9.788328409194946,False,False,False,False,4096,0.0,1,1,4128.0,False,cache_reused,False,False,0,0.0,3fe4081b7807f9534f3d69f6fddb62ee5ea64076d60eeb5166a3e152abbd8743,True,,,1,0,485.699797,1479.143711,6,4156,4,4128
20260726_formal4t4_reuse_intensive_RateFIFO@rho1.2_rep4,4,RateFIFO@rho1.2,RateFIFO,81,reuse_intensive:rep4:req81,reuse_intensive,1,64,1,L0064,4096,0,0,True,1789723342.7853315,4096,4096,4096,9.788376331329346,False,False,False,False,4096,79.92,1,1,4128.0,True,cache_reused,False,False,0,0.0,11e044cea69a0af16fc0f75b59d3e43b64131c8e5665a752af384e94a3d80dd5,True,,,1,0,895.521071,1768.848297,6,4156,4,4128
20260726_formal4t4_reuse_intensive_RateFIFO@rho1.2_rep4,4,RateFIFO@rho1.2,RateFIFO,82,reuse_intensive:rep4:req82,reuse_intensive,1,76,2,L0076,4096,2,,False,1789723342.7853594,4096,0,0,304.6524109840393,True,True,False,False,0,0.0,0,0,4128.0,False,cache_reused,False,False,0,0.0,ae7c8e1015598cecbed9c65bcefd8214d25905e24bf57b9bcd4601e9003a2e68,True,,,1,0,472.080133,1248.889113,6,4156,4,4128
20260726_formal4t4_reuse_intensive_RateFIFO@rho1.2_rep4,4,RateFIFO@rho1.2,RateFIFO,83,reuse_intensive:rep4:req83,reuse_intensive,1,64,2,L0064,4096,0,0,True,1789723342.7853901,4096,4096,4096,9.788434982299805,False,False,False,False,4096,77.92,1,1,4128.0,True,cache_reused,False,False,0,0.0,bc9adca722dc3848d10290fb6fd248c962bdc21d6444b28d789f5eb7308c8943,True,,,1,0,893.581302,1766.916378,6,4156,4,4128
20260726_formal4t4_reuse_intensive_RateFIFO@rho1.2_rep4,4,RateFIFO@rho1.2,RateFIFO,84,reuse_intensive:rep4:req84,reuse_intensive,1,64,0,L0064,4096,0,0,True,1789723344.5571246,4096,4096,4096,11.560169458389282,False,False,False,False,4096,81.92,1,1,4128.0,True,cache_reused,False,False,0,0.0,f480da805881838ee4b45e252bf9b036dc964a1af688bd9fca6a30b70a021dfc,True,,,1,0,328.880858,2069.871546,6,4156,4,4128
20260726_formal4t4_reuse_intensive_RateFIFO@rho1.2_rep4,4,RateFIFO@rho1.2,RateFIFO,85,reuse_intensive:rep4:req85,reuse_intensive,1,64,1,L0064,4096,0,0,True,1789723344.5571876,4096,4096,4096,11.560232400894165,False,False,False,False,4096,79.92,1,1,4128.0,True,cache_reused,False,False,0,0.0,f692d5a7fbc961d9c29cc21fa3ebd74a8b44a429e1a1ef4917154e2a278ca3f9,True,,,1,0,1070.345538,2564.578157,6,4156,4,4128
20260726_formal4t4_reuse_intensive_RateFIFO@rho1.2_rep4,4,RateFIFO@rho1.2,RateFIFO,86,reuse_intensive:rep4:req86,reuse_intensive,1,65,2,L0065,4096,0,0,True,1789723344.5572207,4096,4096,4096,40.748806953430176,False,False,False,False,4096,77.92,1,1,4128.0,True,cache_reused,False,False,0,0.0,74cef84f0ba42ac4072997be30b779ff45902b8822c6a0cf299c52b06d8b619b,True,,,1,0,1069.455537,2563.641103,6,4156,4,4128
20260726_formal4t4_reuse_intensive_RateFIFO@rho1.2_rep4,4,RateFIFO@rho1.2,RateFIFO,87,reuse_intensive:rep4:req87,reuse_intensive,1,64,2,L0064,4096,0,0,True,1789723344.5572488,4096,4096,4096,11.560293674468994,False,False,False,False,4096,75.92,1,1,4128.0,True,cache_reused,False,False,0,0.0,fc21567fad7ca53e3e17382b0f777d72f48c815c322fe57b6175b8961cb6d799,True,,,1,0,1068.457539,2562.605671,6,4156,4,4128
20260726_formal4t4_reuse_intensive_RateFIFO@rho1.2_rep4,4,RateFIFO@rho1.2,RateFIFO,88,reuse_intensive:rep4:req88,reuse_intensive,1,86,0,L0086,4096,3,,False,1789723347.1246443,0,0,0,,False,False,False,False,0,0.0,0,0,32.0,False,cache_miss,False,False,0,0.0,93d7402f515f0312716bf54d6221f46e84b1a5757425f4b6b5a68538d135aa35,True,,,1,0,9549.909834,10326.964927,6,4156,4,32
20260726_formal4t4_reuse_intensive_RateFIFO@rho1.2_rep4,4,RateFIFO@rho1.2,RateFIFO,89,reuse_intensive:rep4:req89,reuse_intensive,1,64,0,L0064,4096,0,0,True,1789723347.1246986,4096,4096,4096,14.127743482589722,False,False,False,False,4096,81.92,1,1,4128.0,True,cache_reused,False,False,0,0.0,0755695ae907d27af9948f97ac4f929068e74dabecea9f8108b81a8d8b3bbacb,True,,,1,0,323.94916,1800.377546,6,4156,4,4128
20260726_formal4t4_reuse_intensive_RateFIFO@rho1.2_rep4,4,RateFIFO@rho1.2,RateFIFO,90,reuse_intensive:rep4:req90,reuse_intensive,1,120,0,L0120,4096,1,,False,1789723347.124732,0,0,0,,False,False,False,False,0,0.0,0,0,16.0,False,cache_miss,False,False,0,0.0,6e29b534c0834564f4247a3740e75bfc56bc0cb9173bac8dbb659ef1eb7399d5,True,,,1,0,9302.260573,10066.060661,6,4156,4,16
20260726_formal4t4_reuse_intensive_RateFIFO@rho1.2_rep4,4,RateFIFO@rho1.2,RateFIFO,91,reuse_intensive:rep4:req91,reuse_intensive,1,65,0,L0065,4096,0,0,True,1789723347.1247647,4096,4096,4096,43.31635093688965,False,False,False,False,4096,79.92,1,1,4128.0,True,cache_reused,False,False,0,0.0,97066f5f7b7781d4a2743eea348864793f020984a4f2c09e35ab9fff7241632d,True,,,1,0,816.609071,2061.959319,6,4156,4,4128
20260726_formal4t4_reuse_intensive_RateFIFO@rho1.2_rep4,4,RateFIFO@rho1.2,RateFIFO,92,reuse_intensive:rep4:req92,reuse_intensive,1,64,1,L0064,4096,0,0,True,1789723357.5326278,4096,4096,4096,10.409526824951172,False,False,False,False,4096,81.92,1,1,4128.0,True,cache_reused,False,False,0,0.0,700f0ccc4acd3bd92150b4ed05bfd0f0bbfb2212e28e4da422a3fd7fd6c406b4,True,,,1,0,473.992532,2176.383694,6,4156,4,4128
20260726_formal4t4_reuse_intensive_RateFIFO@rho1.2_rep4,4,RateFIFO@rho1.2,RateFIFO,93,reuse_intensive:rep4:req93,reuse_intensive,1,80,0,L0080,4096,3,,False,1789723357.5326536,0,0,0,,False,False,False,False,0,0.0,0,0,32.0,False,cache_miss,False,False,0,0.0,b8edd09fb86c4b85276d272cd4e07ac010c795f20417f4b7beef7335d289e0e5,True,,,1,0,9132.123457,9879.012125,6,4156,4,32
20260726_formal4t4_reuse_intensive_RateFIFO@rho1.2_rep4,4,RateFIFO@rho1.2,RateFIFO,94,reuse_intensive:rep4:req94,reuse_intensive,1,65,1,L0065,4096,0,0,True,1789723357.5326715,4096,4096,4096,53.724257707595825,False,False,False,False,4096,79.92,1,1,4128.0,True,cache_reused,False,False,0,0.0,9b246c6cf3c1e0d48526e48a608df0960e45a70d711107de60f75590ec9b70f0,True,,,1,0,1180.154725,2457.562368,6,4156,4,4128
20260726_formal4t4_reuse_intensive_RateFIFO@rho1.2_rep4,4,RateFIFO@rho1.2,RateFIFO,95,reuse_intensive:rep4:req95,reuse_intensive,1,65,2,L0065,4096,0,0,True,1789723357.5326881,4096,4096,4096,53.72427439689636,False,False,False,False,4096,77.92,1,1,4128.0,True,cache_reused,False,False,0,0.0,2613b5cf360201240d47ba59953ff3344eb57e2ef9b4fbb39d92ca8e0f1066ac,True,,,1,0,1179.497435,2457.337758,6,4156,4,4128
20260726_formal4t4_reuse_intensive_RateFIFO@rho1.2_rep4,4,RateFIFO@rho1.2,RateFIFO,96,reuse_intensive:rep4:req96,reuse_intensive,1,118,0,L0118,4096,0,,False,1789723367.4142613,0,0,0,,False,False,False,False,0,0.0,0,0,16.0,False,cache_miss,False,False,0,0.0,07a8eb51852196912a80f625569133b114068100376ecb568526bdb00ebf10a4,True,,,1,0,9997.112117,11476.767937,6,4156,4,16
20260726_formal4t4_reuse_intensive_RateFIFO@rho1.2_rep4,4,RateFIFO@rho1.2,RateFIFO,97,reuse_intensive:rep4:req97,reuse_intensive,1,100,0,L0100,4096,3,,False,1789723367.4143014,0,0,0,,False,False,False,False,0,0.0,0,0,16.0,False,cache_miss,False,False,0,0.0,a681c2a83258e09cf7b3c763d9822709e1ad7fa5689142818be3da2d1bc72f89,True,,,1,0,8781.110652,9521.592971,6,4156,4,16
20260726_formal4t4_reuse_intensive_RateFIFO@rho1.2_rep4,4,RateFIFO@rho1.2,RateFIFO,98,reuse_intensive:rep4:req98,reuse_intensive,1,66,2,L0066,4096,1,,False,1789723367.4143267,4096,0,0,329.28137826919556,True,True,False,False,0,0.0,0,0,4128.0,False,cache_reused,False,False,0,0.0,038f8cd8b07f948238b66aa83340d118d3bf732af9a4e926fd7f521cdba2be89,True,,,1,0,441.069413,1165.015641,6,4156,4,4128
20260726_formal4t4_reuse_intensive_RateFIFO@rho1.2_rep4,4,RateFIFO@rho1.2,RateFIFO,99,reuse_intensive:rep4:req99,reuse_intensive,1,64,2,L0064,4096,0,0,True,1789723367.4143667,4096,4096,4096,20.291265726089478,False,False,False,False,4096,79.92,1,1,4128.0,True,cache_reused,False,False,0,0.0,422671411088d2283051abfe7fca3cd8b62f35e7b94877b89267617b9dca9e1c,True,,,1,0,9994.144829,11473.635745,6,4156,4,4128
20260726_formal4t4_reuse_intensive_RateFIFO@rho1.2_rep4,4,RateFIFO@rho1.2,RateFIFO,100,reuse_intensive:rep4:req100,reuse_intensive,1,64,0,L0064,4096,0,0,True,1789723378.893189,4096,4096,4096,11.480479717254639,False,False,False,False,4096,81.92,1,1,4128.0,True,cache_reused,False,False,0,0.0,1427e4ee53a37edd7d32a5c116b6fc12a64f516cf7fa9f113d81ff8125940317,True,,,1,0,324.468602,1128.067784,6,4157,4,4128
20260726_formal4t4_reuse_intensive_RateFIFO@rho1.2_rep4,4,RateFIFO@rho1.2,RateFIFO,101,reuse_intensive:rep4:req101,reuse_intensive,1,70,0,L0070,4096,3,,False,1789723378.8932323,0,0,0,,False,False,False,False,0,0.0,0,0,32.0,False,cache_miss,False,False,0,0.0,f3c95d3fc3142e3127c1b509d4843bf4ae227c6076337071c38db12a46b6287d,True,,,1,0,9799.316168,10577.190318,6,4157,4,32
20260726_formal4t4_reuse_intensive_RateFIFO@rho1.2_rep4,4,RateFIFO@rho1.2,RateFIFO,102,reuse_intensive:rep4:req102,reuse_intensive,1,67,0,L0067,4096,1,,False,1789723378.8932734,0,0,0,,False,False,False,False,0,0.0,0,0,32.0,False,cache_miss,False,False,0,0.0,e85a9ac6b8f5bbbad6eb4febf22e77fb03e68732d71f25c7729eec581e05d7a8,True,,,1,0,8983.658728,9732.7293,6,4157,4,32
20260726_formal4t4_reuse_intensive_RateFIFO@rho1.2_rep4,4,RateFIFO@rho1.2,RateFIFO,103,reuse_intensive:rep4:req103,reuse_intensive,1,80,1,L0080,4096,2,,False,1789723378.8932981,4096,0,0,340.7603497505188,True,True,False,False,0,0.0,0,0,32.0,False,cache_miss,False,False,0,0.0,04c4a6ebf8aa7dc74fcf1762535dd97da7bb814e7c274cae76bc4e842ee650e4,True,,,1,0,8493.467494,9210.669088,6,4157,4,32
20260726_formal4t4_reuse_intensive_RateFIFO@rho1.2_rep4,4,RateFIFO@rho1.2,RateFIFO,104,reuse_intensive:rep4:req104,reuse_intensive,1,64,1,L0064,4096,0,0,True,1789723389.4734418,4096,4096,4096,22.06073260307312,False,False,False,False,4096,81.92,1,1,4128.0,True,cache_reused,False,False,0,0.0,7dd01a01dab505fafcbed0a70ba2abd7fc84748b8d25743c0a4ede3515b60a62,True,,,1,0,468.141031,1271.681964,6,4157,4,4128
20260726_formal4t4_reuse_intensive_RateFIFO@rho1.2_rep4,4,RateFIFO@rho1.2,RateFIFO,105,reuse_intensive:rep4:req105,reuse_intensive,1,66,0,L0066,4096,2,,False,1789723389.4734848,4096,0,0,351.3405363559723,True,True,False,False,0,0.0,0,0,32.0,False,cache_miss,False,False,0,0.0,85e8debd6514b157cc47147bbc4d504ed8601bf497890a7f8daf61d0beaf5ce8,True,,,1,0,8600.055388,9345.462695,6,4157,4,32
20260726_formal4t4_reuse_intensive_RateFIFO@rho1.2_rep4,4,RateFIFO@rho1.2,RateFIFO,106,reuse_intensive:rep4:req106,reuse_intensive,1,78,0,L0078,4096,3,,False,1789723389.4735126,0,0,0,,False,False,False,False,0,0.0,0,0,32.0,False,cache_miss,False,False,0,0.0,363af41b08fa1f6b6896912a64cfaf050ddcd5d93955c9cfb1f9a8ef5dc764e5,True,,,1,0,8854.766716,9584.852507,6,4157,4,32
20260726_formal4t4_reuse_intensive_RateFIFO@rho1.2_rep4,4,RateFIFO@rho1.2,RateFIFO,107,reuse_intensive:rep4:req107,reuse_intensive,1,68,0,L0068,4096,1,,False,1789723389.4735348,0,0,0,,False,False,False,False,0,0.0,0,0,32.0,False,cache_miss,False,False,0,0.0,47af614fbd76567b458be25e51cec987cf9d269a955212e8dfe9d60ae79a4814,True,,,1,0,8177.551734,8877.745867,6,4157,4,32
20260726_formal4t4_reuse_intensive_RateFIFO@rho1.2_rep4,4,RateFIFO@rho1.2,RateFIFO,108,reuse_intensive:rep4:req108,reuse_intensive,1,64,2,L0064,4096,0,0,True,1789723399.0623212,4096,4096,4096,9.590450048446655,False,False,False,False,4096,81.92,1,1,4128.0,True,cache_reused,False,False,0,0.0,bd0f1d2f7309cfb6cf78905223d90a39fd7d7334f9eb099bae378262eb7a4c50,True,,,1,0,493.346412,1304.253835,6,4157,4,4128
20260726_formal4t4_reuse_intensive_RateFIFO@rho1.2_rep4,4,RateFIFO@rho1.2,RateFIFO,109,reuse_intensive:rep4:req109,reuse_intensive,1,66,1,L0066,4096,1,,False,1789723399.0623636,4096,0,0,360.92941522598267,True,True,False,False,0,0.0,0,0,4128.0,False,cache_reused,False,False,0,0.0,8977ab6c7e288576b8e6fbfd0f9543b06b4479a5f3774416165729b71b1f79a6,True,,,1,0,295.871758,1019.000027,6,4157,4,4128
20260726_formal4t4_reuse_intensive_RateFIFO@rho1.2_rep4,4,RateFIFO@rho1.2,RateFIFO,110,reuse_intensive:rep4:req110,reuse_intensive,1,92,0,L0092,4096,2,,False,1789723399.0623937,0,0,0,,False,False,False,False,0,0.0,0,0,32.0,False,cache_miss,False,False,0,0.0,212ef69b35b000eabb3e20c4ae7185dda241a080af5bf027f5e53f605163ed66,True,,,1,0,8647.733375,9366.069036,6,4157,4,32
20260726_formal4t4_reuse_intensive_RateFIFO@rho1.2_rep4,4,RateFIFO@rho1.2,RateFIFO,111,reuse_intensive:rep4:req111,reuse_intensive,1,81,0,L0081,4096,3,,False,1789723399.0624163,0,0,0,,False,False,False,False,0,0.0,0,0,32.0,False,cache_miss,False,False,0,0.0,7f48b94691500209ca7f8b8d0a2ec6732eec26fd801cc4c0c7447e76a6306cab,True,,,1,0,9543.37339,10301.062987,6,4157,4,32
20260726_formal4t4_reuse_intensive_RateFIFO@rho1.2_rep4,4,RateFIFO@rho1.2,RateFIFO,112,reuse_intensive:rep4:req112,reuse_intensive,1,64,0,L0064,4096,0,0,False,1789723409.3681426,4096,4096,4096,10.307438135147095,False,False,False,False,4096,0.0,1,1,4128.0,False,cache_reused,False,False,0,0.0,9a6122fadec770c04858efa77a96ff8110634f8c75ec7ffde7e55f7d6c2bca47,True,,,1,0,473.546468,1969.81332,6,4157,4,4128
20260726_formal4t4_reuse_intensive_RateFIFO@rho1.2_rep4,4,RateFIFO@rho1.2,RateFIFO,113,reuse_intensive:rep4:req113,reuse_intensive,1,110,0,L0110,4096,3,,False,1789723409.3681984,0,0,0,,False,False,False,False,0,0.0,0,0,32.0,False,cache_miss,False,False,0,0.0,42a4f483ca4f05ac875355c3503ae64af377a33852c20c0202b3dce220ee3d02,True,,,1,0,9440.834659,10204.700636,6,4157,4,32
20260726_formal4t4_reuse_intensive_RateFIFO@rho1.2_rep4,4,RateFIFO@rho1.2,RateFIFO,114,reuse_intensive:rep4:req114,reuse_intensive,1,65,0,L0065,4096,0,0,True,1789723409.3682368,4096,4096,4096,105.55982303619385,False,False,False,False,4096,79.92,1,1,4128.0,True,cache_reused,False,False,0,0.0,4830bdc699b3a2ba33c22adc220fb5ce9d225b8b26e0f251056e7c2b3fed5f44,True,,,1,0,972.908259,2231.713544,6,4157,4,4128
20260726_formal4t4_reuse_intensive_RateFIFO@rho1.2_rep4,4,RateFIFO@rho1.2,RateFIFO,115,reuse_intensive:rep4:req115,reuse_intensive,1,66,2,L0066,4096,2,,False,1789723409.368264,4096,0,0,371.23531556129456,True,True,False,False,0,0.0,0,0,4128.0,False,cache_reused,False,False,0,0.0,635678e9b58603014fe710aeeb9b158d8c4c1b71dbb7391fa15e728cbbb13a1d,True,,,1,0,303.774479,1056.575094,6,4157,4,4128
20260726_formal4t4_reuse_intensive_RateFIFO@rho1.2_rep4,4,RateFIFO@rho1.2,RateFIFO,116,reuse_intensive:rep4:req116,reuse_intensive,1,66,0,L0066,4096,2,,False,1789723419.575951,4096,0,0,381.44300270080566,True,True,False,False,0,0.0,0,0,4128.0,False,cache_reused,False,False,0,0.0,14fb7c030c05d9e607dd1e9a0b7d5f8663b35bcfef0669a64e1536a6aa078461,True,,,1,0,449.576238,1203.375311,6,4157,4,4128
20260726_formal4t4_reuse_intensive_RateFIFO@rho1.2_rep4,4,RateFIFO@rho1.2,RateFIFO,117,reuse_intensive:rep4:req117,reuse_intensive,1,65,1,L0065,4096,0,0,True,1789723419.5760064,4096,4096,4096,115.76759266853333,False,False,False,False,4096,81.92,1,1,4128.0,True,cache_reused,False,False,0,0.0,02f7626474cff6068865db82658a2fe3fb30aeb3d13206e3f5d17cfe596beb74,True,,,1,0,460.450253,1947.210199,6,4157,4,4128
20260726_formal4t4_reuse_intensive_RateFIFO@rho1.2_rep4,4,RateFIFO@rho1.2,RateFIFO,118,reuse_intensive:rep4:req118,reuse_intensive,1,64,1,L0064,4096,0,0,True,1789723419.576045,4096,4096,4096,10.209495544433594,False,False,False,False,4096,79.92,1,1,4128.0,True,cache_reused,False,False,0,0.0,3a10cfd2b509247fe76078454973cb4f2eb0f000dd781ef415e8e99a30c9d688,True,,,1,0,957.169691,2214.119359,6,4157,4,4128
20260726_formal4t4_reuse_intensive_RateFIFO@rho1.2_rep4,4,RateFIFO@rho1.2,RateFIFO,119,reuse_intensive:rep4:req119,reuse_intensive,1,69,0,L0069,4096,3,,False,1789723419.57607,4096,0,0,381.44312167167664,True,True,False,False,0,0.0,0,0,4128.0,False,cache_reused,False,False,0,0.0,7cdc4a63a0b8874ef5726ea9bdbce425e7546ef8b9af4841bbdd103781c7a229,True,,,1,0,302.968292,1054.286046,6,4157,4,4128
20260726_formal4t4_reuse_intensive_Ideal_rep4,4,Ideal,Ideal,24,reuse_intensive:rep4:req24,reuse_intensive,0,21,0,L0021,4096,3,,False,1789723580.600838,0,0,0,,False,False,False,False,0,0.0,0,0,32.0,False,cache_miss,False,False,0,0.0,272fa9f0884b5ecbdc0825f0481acb89df381c0a03eef2d5e8721ccbb5abf235,True,,,1,0,9141.441474,9927.042483,6,4156,4,32
20260726_formal4t4_reuse_intensive_Ideal_rep4,4,Ideal,Ideal,25,reuse_intensive:rep4:req25,reuse_intensive,0,1,2,L0001,4096,0,0;1;2;3,False,1789723580.6008935,4096,4096,4096,132.34061193466187,False,False,False,False,4096,0.0,4,4,4128.0,False,cache_reused,False,False,0,0.0,fa597e7474ba33775baac9e97141a42f535b6df7a1f086cd40a8c29507c3d936,True,,,1,0,330.566636,1153.553476,6,4156,4,4128
20260726_formal4t4_reuse_intensive_Ideal_rep4,4,Ideal,Ideal,26,reuse_intensive:rep4:req26,reuse_intensive,0,2,0,L0002,4096,1,0;1;2;3,False,1789723580.6009367,4096,4096,4096,4.45393705368042,False,False,False,False,4096,0.0,4,4,4128.0,False,cache_reused,False,False,0,0.0,4782768fccb72d35cb489d2f11da6018df340817ca27f7d4d6a1713681ddffcc,True,,,1,0,300.936343,1043.835884,6,4156,4,4128
20260726_formal4t4_reuse_intensive_Ideal_rep4,4,Ideal,Ideal,27,reuse_intensive:rep4:req27,reuse_intensive,0,7,2,L0007,4096,2,0;1;2;3,False,1789723580.6009715,4096,4096,4096,77.12124133110046,False,False,False,False,4096,0.0,4,4,4128.0,False,cache_reused,False,False,0,0.0,f2f40907fbd2c024225afa2261087998827498085ab6458d02c28a4d1e0a1a1c,True,,,1,0,299.982302,1039.405101,6,4156,4,4128
20260726_formal4t4_reuse_intensive_Ideal_rep4,4,Ideal,Ideal,28,reuse_intensive:rep4:req28,reuse_intensive,0,0,0,L0000,4096,2,0;1;2;3,False,1789723590.5297189,4096,4096,4096,11.060508489608765,False,False,False,False,4096,0.0,4,4,4128.0,False,cache_reused,False,False,0,0.0,ccfaf116a7e0ea62e576efc932f8d57304cf05aec865f41acd4472db3380fd63,True,,,1,0,440.794656,1183.452096,6,4156,4,4128
20260726_formal4t4_reuse_intensive_Ideal_rep4,4,Ideal,Ideal,29,reuse_intensive:rep4:req29,reuse_intensive,0,43,0,L0043,4096,3,,False,1789723590.52976,0,0,0,,False,False,False,False,0,0.0,0,0,32.0,False,cache_miss,False,False,0,0.0,24a530bdd6ec1ec3ea0afcc113852a5611360348d99a3244cf9e643c0629ddde,True,,,1,0,10163.360286,10984.791168,6,4156,4,32
20260726_formal4t4_reuse_intensive_Ideal_rep4,4,Ideal,Ideal,30,reuse_intensive:rep4:req30,reuse_intensive,0,6,2,L0006,4096,1,0;1;2;3,False,1789723590.529802,4096,4096,4096,97.66271710395813,False,False,False,False,4096,0.0,4,4,4128.0,False,cache_reused,False,False,0,0.0,0066821b7334dec3db9c06853dc034659e429f63ee9a8c5451afb636f7eb20ae,True,,,1,0,449.104611,1217.425626,6,4156,4,4128
20260726_formal4t4_reuse_intensive_Ideal_rep4,4,Ideal,Ideal,31,reuse_intensive:rep4:req31,reuse_intensive,0,11,0,L0011,4096,0,0;1;2;3,False,1789723590.5298367,4096,4096,4096,46.29843854904175,False,False,False,False,4096,0.0,4,4,4128.0,False,cache_reused,False,False,0,0.0,5b7addd77705587dc9e9c0dfd4446ef368ce2d862ec9f1d931b54ee1b1fcd296,True,,,1,0,470.916914,1246.510115,6,4156,4,4128
20260726_formal4t4_reuse_intensive_Ideal_rep4,4,Ideal,Ideal,32,reuse_intensive:rep4:req32,reuse_intensive,0,15,1,L0015,4096,1,0;1;2;3,False,1789723601.5173755,4096,4096,4096,24.243130922317505,False,False,False,False,4096,0.0,4,4,4128.0,False,cache_reused,False,False,0,0.0,945110cdbe84b868582add396f3b7154ac82ba08f0e6e8ef45180c153e25e052,True,,,1,0,465.230628,1204.972676,6,4156,4,4128
20260726_formal4t4_reuse_intensive_Ideal_rep4,4,Ideal,Ideal,33,reuse_intensive:rep4:req33,reuse_intensive,0,33,0,L0033,4096,0,,False,1789723601.5174162,0,0,0,,False,False,False,False,0,0.0,0,0,32.0,False,cache_miss,False,False,0,0.0,6ff6d59d063a97ce7a62bc98fc6506006abe0dbab8a326c5c681ba8d722606fd,True,,,1,0,8512.181303,9286.224154,6,4156,4,32
20260726_formal4t4_reuse_intensive_Ideal_rep4,4,Ideal,Ideal,34,reuse_intensive:rep4:req34,reuse_intensive,0,10,0,L0010,4096,2,0;1;2;3,False,1789723601.5174594,4096,4096,4096,67.43512773513794,False,False,False,False,4096,0.0,4,4,4128.0,False,cache_reused,False,False,0,0.0,9a02e9002754c5fb64fb35ee201cd541383cbe12352e64dc35945bd5bb7060cc,True,,,1,0,473.843169,1234.187518,6,4156,4,4128
20260726_formal4t4_reuse_intensive_Ideal_rep4,4,Ideal,Ideal,35,reuse_intensive:rep4:req35,reuse_intensive,0,22,0,L0022,4096,3,,False,1789723601.517485,0,0,0,,False,False,False,False,0,0.0,0,0,32.0,False,cache_miss,False,False,0,0.0,b175d6b0078d7ec6842a62568de4168ef168774e8f9bc036816db24102703cf6,True,,,1,0,8957.82168,9671.688076,6,4156,4,32
20260726_formal4t4_reuse_intensive_Ideal_rep4,4,Ideal,Ideal,36,reuse_intensive:rep4:req36,reuse_intensive,0,0,1,L0000,4096,3,0;1;2;3,False,1789723611.193632,4096,4096,4096,30.59287190437317,False,False,False,False,4096,0.0,4,4,4128.0,False,cache_reused,False,False,0,0.0,507f7d86748330351908cc5b13d2af897ae1779775e546314c096431cbcf871e,True,,,1,0,281.054602,1030.448733,6,4156,4,4128
20260726_formal4t4_reuse_intensive_Ideal_rep4,4,Ideal,Ideal,37,reuse_intensive:rep4:req37,reuse_intensive,0,23,0,L0023,4096,0,,False,1789723611.1936717,0,0,0,,False,False,False,False,0,0.0,0,0,32.0,False,cache_miss,False,False,0,0.0,cfaeb21919843b5a68667fd461abb061dc9874ba0a2804febcc4707e26e65b12,True,,,1,0,9014.966828,9802.649726,6,4156,4,32
20260726_formal4t4_reuse_intensive_Ideal_rep4,4,Ideal,Ideal,38,reuse_intensive:rep4:req38,reuse_intensive,0,9,0,L0009,4096,1,0;1;2;3,False,1789723611.1937141,4096,4096,4096,87.37404417991638,False,False,False,False,4096,0.0,4,4,4128.0,False,cache_reused,False,False,0,0.0,eb7b39573d9bcd4c9ce83baf78b450d44da2a3e1243466bb1e8581e883cfa359,True,,,1,0,425.188675,1140.047715,6,4156,4,4128
20260726_formal4t4_reuse_intensive_Ideal_rep4,4,Ideal,Ideal,39,reuse_intensive:rep4:req39,reuse_intensive,0,0,2,L0000,4096,2,0;1;2;3,False,1789723611.1937497,4096,4096,4096,9.677736043930054,False,False,False,False,4096,0.0,4,4,4128.0,False,cache_reused,False,False,0,0.0,8cd73cc912cd2d84959a0dac49162c78f9898ec62811e197f98b6830bcba659e,True,,,1,0,438.648782,1175.631778,6,4156,4,4128
20260726_formal4t4_reuse_intensive_Ideal_rep4,4,Ideal,Ideal,40,reuse_intensive:rep4:req40,reuse_intensive,0,44,0,L0044,4096,2,,False,1789723620.9989998,0,0,0,,False,False,False,False,0,0.0,0,0,32.0,False,cache_miss,False,False,0,0.0,70681ea5d7c26caddd90940bdd2cc476a314f9664b9dfb19cc7efa3cd80cf9da,True,,,1,0,8466.101878,9234.666196,6,4156,4,32
20260726_formal4t4_reuse_intensive_Ideal_rep4,4,Ideal,Ideal,41,reuse_intensive:rep4:req41,reuse_intensive,0,2,1,L0002,4096,0,0;1;2;3,False,1789723620.999057,4096,4096,4096,42.614980936050415,False,False,False,False,4096,0.0,4,4,4128.0,False,cache_reused,False,False,0,0.0,eda30a133a9cbf32ca949dc00c095e9677c464502e419b7bba95766ce122b130,True,,,1,0,318.427887,1821.367155,6,4156,4,4128
20260726_formal4t4_reuse_intensive_Ideal_rep4,4,Ideal,Ideal,42,reuse_intensive:rep4:req42,reuse_intensive,0,11,1,L0011,4096,3,0;1;2;3,False,1789723620.9990993,4096,4096,4096,76.76768183708191,False,False,False,False,4096,0.0,4,4,4128.0,False,cache_reused,False,False,0,0.0,847bf52e1a5a333116c92d85005bca4925d2fb601d5c84444bdb9fee6d90886c,True,,,1,0,438.375241,1180.974286,6,4156,4,4128
20260726_formal4t4_reuse_intensive_Ideal_rep4,4,Ideal,Ideal,43,reuse_intensive:rep4:req43,reuse_intensive,0,23,1,L0023,4096,0,0,True,1789723620.9991336,4096,4096,4096,0.0010974407196044922,False,False,False,False,4096,79.92,1,1,4128.0,True,cache_reused,False,False,0,0.0,4b25f9b689b3596473d2744dc2aeb7d0bebdb7d186d0872901f78786d414f3c9,True,,,1,0,820.174111,2088.750914,6,4156,4,4128
20260726_formal4t4_reuse_intensive_Ideal_rep4,4,Ideal,Ideal,44,reuse_intensive:rep4:req44,reuse_intensive,0,4,0,L0004,4096,1,0;1;2;3,False,1789723630.2354877,4096,4096,4096,158.80612182617188,False,False,False,False,4096,0.0,4,4,4128.0,False,cache_reused,False,False,0,0.0,09e64b61eb1f0036511c6cdc339f43d1ca8efb791acbe72ab09be188db9568a4,True,,,1,0,452.654543,1230.786688,6,4156,4,4128
20260726_formal4t4_reuse_intensive_Ideal_rep4,4,Ideal,Ideal,45,reuse_intensive:rep4:req45,reuse_intensive,0,0,0,L0000,4096,3,0;1;2;3,False,1789723630.2355392,4096,4096,4096,9.237873315811157,False,False,False,False,4096,0.0,4,4,4128.0,False,cache_reused,False,False,0,0.0,409dccd8dc09237b4266a1eb49a942f5182fd5ba10e5c3a855b0aed2da6ecc43,True,,,1,0,455.404289,1205.536556,6,4156,4,4128
20260726_formal4t4_reuse_intensive_Ideal_rep4,4,Ideal,Ideal,46,reuse_intensive:rep4:req46,reuse_intensive,0,36,0,L0036,4096,2,,False,1789723630.2355676,0,0,0,,False,False,False,False,0,0.0,0,0,32.0,False,cache_miss,False,False,0,0.0,786cc63b293a2968d7c68b366e9abb5299a0a882f9fd1eaceaa7af62a01ff42d,True,,,1,0,8416.705825,9159.62936,6,4156,4,32
20260726_formal4t4_reuse_intensive_Ideal_rep4,4,Ideal,Ideal,47,reuse_intensive:rep4:req47,reuse_intensive,0,0,1,L0000,4096,0,0;1;2;3,False,1789723630.235603,4096,4096,4096,49.63480877876282,False,False,False,False,4096,0.0,4,4,4128.0,False,cache_reused,False,False,0,0.0,834883c707fe47a0f5360faaf62894e701688184cec6739a66007f65935d18d0,True,,,1,0,464.046375,1266.199843,6,4156,4,4128
20260726_formal4t4_reuse_intensive_Ideal_rep4,4,Ideal,Ideal,48,reuse_intensive:rep4:req48,reuse_intensive,0,0,2,L0000,4096,0,0;1;2;3,False,1789723639.3988173,4096,4096,4096,0.00034880638122558594,False,False,False,False,4096,0.0,4,4,4128.0,False,cache_reused,False,False,0,0.0,196d487b3315982d201ef4002ce98f3a193907198312e2001373bba875520ff2,True,,,1,0,510.008595,1314.376049,6,4156,4,4128
20260726_formal4t4_reuse_intensive_Ideal_rep4,4,Ideal,Ideal,49,reuse_intensive:rep4:req49,reuse_intensive,0,0,0,L0000,4096,1,0;1;2;3,False,1789723639.3988695,4096,4096,4096,201.07767987251282,False,False,False,False,4096,0.0,4,4,4128.0,False,cache_reused,False,False,0,0.0,c41f7429c64b3b6afc050f0c795efd206262e8e2d2840539facd7ff455069c4f,True,,,1,0,473.195738,1236.200969,6,4156,4,4128
20260726_formal4t4_reuse_intensive_Ideal_rep4,4,Ideal,Ideal,50,reuse_intensive:rep4:req50,reuse_intensive,0,1,0,L0001,4096,2,0;1;2;3,False,1789723639.3989062,4096,4096,4096,64.47770500183105,False,False,False,False,4096,0.0,4,4,4128.0,False,cache_reused,False,False,0,0.0,272b93713d4a6c9eefacdcb12355bdc6338b878472c6513af63a40ff52a4662b,True,,,1,0,307.285713,1067.713909,6,4156,4,4128
20260726_formal4t4_reuse_intensive_Ideal_rep4,4,Ideal,Ideal,51,reuse_intensive:rep4:req51,reuse_intensive,0,26,0,L0026,4096,3,,False,1789723639.3989317,0,0,0,,False,False,False,False,0,0.0,0,0,32.0,False,cache_miss,False,False,0,0.0,485358d13e51b42699ba55e2aaf588aa096057da66ebd0836e2884f5f4e58b75,True,,,1,0,9726.58307,10495.661287,6,4156,4,32
20260726_formal4t4_reuse_intensive_Ideal_rep4,4,Ideal,Ideal,52,reuse_intensive:rep4:req52,reuse_intensive,0,23,2,L0023,4096,0,0,True,1789723649.8989968,4096,4096,4096,19.663866996765137,False,False,False,False,4096,81.92,1,1,4128.0,True,cache_reused,False,False,0,0.0,e724134ecb40c102a9ed1f89a29bc2afb1a6ae3eabbd0a0e948345b8452c9792,True,,,1,0,462.26839,1260.327656,6,4156,4,4128
20260726_formal4t4_reuse_intensive_Ideal_rep4,4,Ideal,Ideal,53,reuse_intensive:rep4:req53,reuse_intensive,0,4,1,L0004,4096,2,0;1;2;3,False,1789723649.899054,4096,4096,4096,178.46968364715576,False,False,False,False,4096,0.0,4,4,4128.0,False,cache_reused,False,False,0,0.0,9123b05c558a123ff60f9735d681d8c4f12c253466e6cda8bed6f80f2d42956f,True,,,1,0,482.588265,1239.753769,6,4156,4,4128
20260726_formal4t4_reuse_intensive_Ideal_rep4,4,Ideal,Ideal,54,reuse_intensive:rep4:req54,reuse_intensive,0,0,1,L0000,4096,3,0;1;2;3,False,1789723649.8990943,4096,4096,4096,10.501241445541382,False,False,False,False,4096,0.0,4,4,4128.0,False,cache_reused,False,False,0,0.0,abad58554d88ef081c5b42f46b33205b407386e403a42db7d42221b7f490bea0,True,,,1,0,301.627456,1051.550547,6,4156,4,4128
20260726_formal4t4_reuse_intensive_Ideal_rep4,4,Ideal,Ideal,55,reuse_intensive:rep4:req55,reuse_intensive,0,0,2,L0000,4096,1,0;1;2;3,False,1789723649.8991258,4096,4096,4096,0.0010952949523925781,False,False,False,False,4096,0.0,4,4,4128.0,False,cache_reused,False,False,0,0.0,501ea76d516d498226da89e5049218be51eb5d242e2c4fdfffbb61e7262d4b28,True,,,1,0,442.7135,1206.31422,6,4156,4,4128
20260726_formal4t4_reuse_intensive_Ideal_rep4,4,Ideal,Ideal,56,reuse_intensive:rep4:req56,reuse_intensive,0,63,0,L0063,4096,3,,False,1789723651.1610816,0,0,0,,False,False,False,False,0,0.0,0,0,32.0,False,cache_miss,False,False,0,0.0,e98edf26065f03f1d4bde0d861736490a0cad50ca1199dfaada38362c0999a71,True,,,1,0,9399.457747,10154.238037,6,4156,4,32
20260726_formal4t4_reuse_intensive_Ideal_rep4,4,Ideal,Ideal,57,reuse_intensive:rep4:req57,reuse_intensive,0,5,0,L0005,4096,2,0;1;2;3,False,1789723651.1611392,4096,4096,4096,72.77706956863403,False,False,False,False,4096,0.0,4,4,4128.0,False,cache_reused,False,False,0,0.0,41c6536df4ac6b2ba6d329689f5a842042c9a8502d11104c8350be7261592ca2,True,,,1,0,289.710209,995.417068,6,4156,4,4128
20260726_formal4t4_reuse_intensive_Ideal_rep4,4,Ideal,Ideal,58,reuse_intensive:rep4:req58,reuse_intensive,0,1,1,L0001,4096,0,0;1;2;3,False,1789723651.1611888,4096,4096,4096,60.63244271278381,False,False,False,False,4096,0.0,4,4,4128.0,False,cache_reused,False,False,0,0.0,b3c847e3c013b6345f3ffe1e89f9ff3917117ce50e7e707164f4ea97570e8881,True,,,1,0,327.63692,1149.031226,6,4156,4,4128
20260726_formal4t4_reuse_intensive_Ideal_rep4,4,Ideal,Ideal,59,reuse_intensive:rep4:req59,reuse_intensive,0,15,2,L0015,4096,1,0;1;2;3,False,1789723651.1612236,4096,4096,4096,39.96891808509827,False,False,False,False,4096,0.0,4,4,4128.0,False,cache_reused,False,False,0,0.0,e60f0710ba0140dab4622ad12e30e77429217cc1adb251c2385dc87423855365,True,,,1,0,297.624939,1028.124719,6,4156,4,4128
20260726_formal4t4_reuse_intensive_Ideal_rep4,4,Ideal,Ideal,60,reuse_intensive:rep4:req60,reuse_intensive,1,65,0,L0065,4096,2,,False,1789723661.3171034,0,0,0,,False,False,False,False,0,0.0,0,0,32.0,False,cache_miss,False,False,0,0.0,9adeb28d64caf16b330f3e2c37158c9c804ee9cbe9e91dc620af23cc54993b0a,True,,,1,0,7635.406395,8319.569413,6,4156,4,32
20260726_formal4t4_reuse_intensive_Ideal_rep4,4,Ideal,Ideal,61,reuse_intensive:rep4:req61,reuse_intensive,1,69,0,L0069,4096,0,,False,1789723661.3171413,0,0,0,,False,False,False,False,0,0.0,0,0,32.0,False,cache_miss,False,False,0,0.0,b4bac0e9687c9a7fe75012014b5054e6199776c484437df1dd03cc4fc1aa02bf,True,,,1,0,8989.37981,9761.858175,6,4156,4,32
20260726_formal4t4_reuse_intensive_Ideal_rep4,4,Ideal,Ideal,62,reuse_intensive:rep4:req62,reuse_intensive,1,66,0,L0066,4096,1,,False,1789723661.3171723,0,0,0,,False,False,False,False,0,0.0,0,0,32.0,False,cache_miss,False,False,0,0.0,8245546dcda055a08b664d7bbf71e8fb3a558ebf9f6e2e7ef735677d16ff99da,True,,,1,0,8697.116253,9468.079718,6,4156,4,32
20260726_formal4t4_reuse_intensive_Ideal_rep4,4,Ideal,Ideal,63,reuse_intensive:rep4:req63,reuse_intensive,1,75,0,L0075,4096,3,,False,1789723661.3171937,0,0,0,,False,False,False,False,0,0.0,0,0,32.0,False,cache_miss,False,False,0,0.0,c20ea311508d7cfb4384bb53f5b40f83833570282e0251cf46fd0d823df626d9,True,,,1,0,9250.7425,9993.759552,6,4156,4,32
20260726_formal4t4_reuse_intensive_Ideal_rep4,4,Ideal,Ideal,64,reuse_intensive:rep4:req64,reuse_intensive,1,64,0,L0064,4096,2,,False,1789723671.3153167,0,0,0,,False,False,False,False,0,0.0,0,0,32.0,False,cache_miss,False,False,0,0.0,48eadec20feb89e26e6fd56a1a1ca55247fd10e944d5028d8d45c67780a26c0d,True,,,1,0,9098.256333,10475.77206,6,4156,4,32
20260726_formal4t4_reuse_intensive_Ideal_rep4,4,Ideal,Ideal,65,reuse_intensive:rep4:req65,reuse_intensive,1,64,1,L0064,4096,1,,False,1789723671.3153532,0,0,0,,False,False,False,False,0,0.0,0,0,32.0,False,cache_miss,False,False,0,0.0,375a97436d811feafc2c57733e7f4473c60c7343fba4d0a73d93bb77fc0ce32d,True,,,1,0,8323.625819,9079.503054,6,4156,4,32
20260726_formal4t4_reuse_intensive_Ideal_rep4,4,Ideal,Ideal,66,reuse_intensive:rep4:req66,reuse_intensive,1,64,2,L0064,4096,0,,False,1789723671.3153777,0,0,0,,False,False,False,False,0,0.0,0,0,32.0,False,cache_miss,False,False,0,0.0,18611754b69be49c2eae20a0e092649a05ce89e271b3226602cbb34af48054bf,True,,,1,0,9307.183295,10114.90917,6,4156,4,32
20260726_formal4t4_reuse_intensive_Ideal_rep4,4,Ideal,Ideal,67,reuse_intensive:rep4:req67,reuse_intensive,1,65,1,L0065,4096,2,2,True,1789723671.3154142,4096,4096,4096,0.0014121532440185547,False,False,False,False,4096,79.92,1,1,4128.0,True,cache_reused,False,False,0,0.0,62dbe3ac80d18093901d867d7ff85e680daa639b8ab5f3dc45fa24897b699378,True,,,1,0,9095.924068,10473.561711,6,4156,4,4128
20260726_formal4t4_reuse_intensive_Ideal_rep4,4,Ideal,Ideal,68,reuse_intensive:rep4:req68,reuse_intensive,1,64,0,L0064,4096,0,0;1;2,True,1789723681.7930894,4096,4096,4096,0.0006465911865234375,False,False,False,False,4096,81.92,3,3,4128.0,True,cache_reused,False,False,0,0.0,11fe226070d4778ab2dc89124ff47f5edcb697b786f96a647062f37f50f213aa,True,,,1,0,325.611149,1774.295191,6,4156,4,4128
20260726_formal4t4_reuse_intensive_Ideal_rep4,4,Ideal,Ideal,69,reuse_intensive:rep4:req69,reuse_intensive,1,77,0,L0077,4096,2,,False,1789723681.7931314,0,0,0,,False,False,False,False,0,0.0,0,0,32.0,False,cache_miss,False,False,0,0.0,5f7cffd4e2276aa167b323f0c19de0721f0b64ceb0b4412e0fd3e96057de8c16,True,,,1,0,8367.231793,9115.588658,6,4156,4,32
20260726_formal4t4_reuse_intensive_Ideal_rep4,4,Ideal,Ideal,70,reuse_intensive:rep4:req70,reuse_intensive,1,64,1,L0064,4096,1,0;1;2,False,1789723681.7931793,4096,4096,4096,0.0010721683502197266,False,False,False,False,4096,0.0,3,3,4128.0,False,cache_reused,False,False,0,0.0,38980a11beb4f1b8f8b667a1ac64c5ad34f9ecae635d8b8b778e595e1ad37e64,True,,,1,0,306.241708,1063.15937,6,4156,4,4128
20260726_formal4t4_reuse_intensive_Ideal_rep4,4,Ideal,Ideal,71,reuse_intensive:rep4:req71,reuse_intensive,1,69,1,L0069,4096,0,0,True,1789723681.7932136,4096,4096,4096,10.478822469711304,False,False,False,False,4096,79.92,1,1,4128.0,True,cache_reused,False,False,0,0.0,04787980b03a9da19c4f2b2c0df5909cb7877bdfe873f290bbf0c703d25d8a4c,True,,,1,0,809.638984,2025.324245,6,4156,4,4128
20260726_formal4t4_reuse_intensive_Ideal_rep4,4,Ideal,Ideal,72,reuse_intensive:rep4:req72,reuse_intensive,1,64,2,L0064,4096,2,0;1;2,False,1789723690.911367,4096,4096,4096,9.119616746902466,False,False,False,False,4096,0.0,3,3,4128.0,False,cache_reused,False,False,0,0.0,959fa24d4a225d40b1095fe544bb81072f5999f1a538d32183e299d6b3a25bc8,True,,,1,0,302.555323,1053.321892,6,4156,4,4128
20260726_formal4t4_reuse_intensive_Ideal_rep4,4,Ideal,Ideal,73,reuse_intensive:rep4:req73,reuse_intensive,1,69,2,L0069,4096,0,0,True,1789723690.9114163,4096,4096,4096,0.0004010200500488281,False,False,False,False,4096,81.92,1,1,4128.0,True,cache_reused,False,False,0,0.0,b552dee26d5a7f5cc0f4151d43ca92e6862b52e8a58c0a750c799e2fb628ae61,True,,,1,0,889.696643,2328.302952,6,4156,4,4128
20260726_formal4t4_reuse_intensive_Ideal_rep4,4,Ideal,Ideal,74,reuse_intensive:rep4:req74,reuse_intensive,1,76,0,L0076,4096,1,,False,1789723690.9114451,0,0,0,,False,False,False,False,0,0.0,0,0,32.0,False,cache_miss,False,False,0,0.0,e5570f6116401e1489088be92a64c2f5896dbff736b2e80aa2589cab46a772b2,True,,,1,0,8542.290946,9294.763461,6,4156,4,32
20260726_formal4t4_reuse_intensive_Ideal_rep4,4,Ideal,Ideal,75,reuse_intensive:rep4:req75,reuse_intensive,1,64,0,L0064,4096,0,0;1;2,True,1789723690.9114816,4096,4096,4096,0.0014426708221435547,False,False,False,False,4096,79.92,3,3,4128.0,True,cache_reused,False,False,0,0.0,1676cebaa3fd17659b7756243e252470fb4e1736c0808170a2299c4349831f98,True,,,1,0,888.084798,2326.778909,6,4156,4,4128
20260726_formal4t4_reuse_intensive_Ideal_rep4,4,Ideal,Ideal,76,reuse_intensive:rep4:req76,reuse_intensive,1,76,1,L0076,4096,1,1,False,1789723700.2096705,4096,4096,4096,0.0006511211395263672,False,False,False,False,4096,0.0,1,1,4128.0,False,cache_reused,False,False,0,0.0,99478312819107221d6f1441f5a64fb1ed317ec16cbb56d4d1bbc5ac322bd285,True,,,1,0,310.424557,1749.344299,6,4156,4,4128
20260726_formal4t4_reuse_intensive_Ideal_rep4,4,Ideal,Ideal,77,reuse_intensive:rep4:req77,reuse_intensive,1,64,1,L0064,4096,0,0;1;2,False,1789723700.2097237,4096,4096,4096,0.00039386749267578125,False,False,False,False,4096,0.0,3,3,4128.0,False,cache_reused,False,False,0,0.0,6a5e87515b294e8a081ae079767cb8e029804a3b79597b426ed28471b8aac4fb,True,,,1,0,491.488084,1302.446924,6,4156,4,4128
20260726_formal4t4_reuse_intensive_Ideal_rep4,4,Ideal,Ideal,78,reuse_intensive:rep4:req78,reuse_intensive,1,66,1,L0066,4096,1,1,True,1789723700.2097607,4096,4096,4096,28.89506983757019,False,False,False,False,4096,79.92,1,1,4128.0,True,cache_reused,False,False,0,0.0,b57b5a98d3f450c90b4adecb3bf4cf8956662bf87a211c165b9b4b0a9fdf198f,True,,,1,0,788.455011,2005.428057,6,4156,4,4128
20260726_formal4t4_reuse_intensive_Ideal_rep4,4,Ideal,Ideal,79,reuse_intensive:rep4:req79,reuse_intensive,1,64,2,L0064,4096,2,0;1;2,True,1789723700.209795,4096,4096,4096,0.0014345645904541016,False,False,False,False,4096,81.92,3,3,4128.0,True,cache_reused,False,False,0,0.0,12207497cf6410603112012d3e844e795dd2c53da74ce088c5badab76cf35fad,True,,,1,0,442.093853,1198.078297,6,4156,4,4128
20260726_formal4t4_reuse_intensive_Ideal_rep4,4,Ideal,Ideal,80,reuse_intensive:rep4:req80,reuse_intensive,1,64,0,L0064,4096,1,0;1;2,False,1789723702.2186432,4096,4096,4096,11.307925701141357,False,False,False,False,4096,0.0,3,3,4128.0,False,cache_reused,False,False,0,0.0,3fe4081b7807f9534f3d69f6fddb62ee5ea64076d60eeb5166a3e152abbd8743,True,,,1,0,304.719668,1741.97837,6,4156,4,4128
20260726_formal4t4_reuse_intensive_Ideal_rep4,4,Ideal,Ideal,81,reuse_intensive:rep4:req81,reuse_intensive,1,64,1,L0064,4096,0,0;1;2,True,1789723702.218695,4096,4096,4096,0.0010223388671875,False,False,False,False,4096,81.92,3,3,4128.0,True,cache_reused,False,False,0,0.0,11e044cea69a0af16fc0f75b59d3e43b64131c8e5665a752af384e94a3d80dd5,True,,,1,0,322.741713,1129.818206,6,4156,4,4128
20260726_formal4t4_reuse_intensive_Ideal_rep4,4,Ideal,Ideal,82,reuse_intensive:rep4:req82,reuse_intensive,1,76,2,L0076,4096,1,1,True,1789723702.2187297,4096,4096,4096,0.001409292221069336,False,False,False,False,4096,79.92,1,1,4128.0,True,cache_reused,False,False,0,0.0,ae7c8e1015598cecbed9c65bcefd8214d25905e24bf57b9bcd4601e9003a2e68,True,,,1,0,780.074383,1994.167619,6,4156,4,4128
20260726_formal4t4_reuse_intensive_Ideal_rep4,4,Ideal,Ideal,83,reuse_intensive:rep4:req83,reuse_intensive,1,64,2,L0064,4096,2,0;1;2,True,1789723702.2187643,4096,4096,4096,0.0004792213439941406,False,False,False,False,4096,81.92,3,3,4128.0,True,cache_reused,False,False,0,0.0,bc9adca722dc3848d10290fb6fd248c962bdc21d6444b28d789f5eb7308c8943,True,,,1,0,303.98798,1056.869535,6,4156,4,4128
20260726_formal4t4_reuse_intensive_Ideal_rep4,4,Ideal,Ideal,84,reuse_intensive:rep4:req84,reuse_intensive,1,64,0,L0064,4096,1,0;1;2,False,1789723704.2162032,4096,4096,4096,0.0013325214385986328,False,False,False,False,4096,0.0,3,3,4128.0,False,cache_reused,False,False,0,0.0,f480da805881838ee4b45e252bf9b036dc964a1af688bd9fca6a30b70a021dfc,True,,,1,0,305.245057,1062.470672,6,4156,4,4128
20260726_formal4t4_reuse_intensive_Ideal_rep4,4,Ideal,Ideal,85,reuse_intensive:rep4:req85,reuse_intensive,1,64,1,L0064,4096,2,0;1;2,False,1789723704.2162554,4096,4096,4096,0.0004050731658935547,False,False,False,False,4096,0.0,3,3,4128.0,False,cache_reused,False,False,0,0.0,f692d5a7fbc961d9c29cc21fa3ebd74a8b44a429e1a1ef4917154e2a278ca3f9,True,,,1,0,304.021681,1680.567981,6,4156,4,4128
20260726_formal4t4_reuse_intensive_Ideal_rep4,4,Ideal,Ideal,86,reuse_intensive:rep4:req86,reuse_intensive,1,65,2,L0065,4096,2,2,True,1789723704.2162929,4096,4096,4096,22.42355489730835,False,False,False,False,4096,79.92,1,1,4128.0,True,cache_reused,False,False,0,0.0,74cef84f0ba42ac4072997be30b779ff45902b8822c6a0cf299c52b06d8b619b,True,,,1,0,761.486901,1906.86841,6,4156,4,4128
20260726_formal4t4_reuse_intensive_Ideal_rep4,4,Ideal,Ideal,87,reuse_intensive:rep4:req87,reuse_intensive,1,64,2,L0064,4096,0,0;1;2,True,1789723704.216327,4096,4096,4096,0.0010776519775390625,False,False,False,False,4096,81.92,3,3,4128.0,True,cache_reused,False,False,0,0.0,fc21567fad7ca53e3e17382b0f777d72f48c815c322fe57b6175b8961cb6d799,True,,,1,0,325.250986,1137.286332,6,4156,4,4128
20260726_formal4t4_reuse_intensive_Ideal_rep4,4,Ideal,Ideal,88,reuse_intensive:rep4:req88,reuse_intensive,1,86,0,L0086,4096,1,,False,1789723706.1264558,0,0,0,,False,False,False,False,0,0.0,0,0,32.0,False,cache_miss,False,False,0,0.0,93d7402f515f0312716bf54d6221f46e84b1a5757425f4b6b5a68538d135aa35,True,,,1,0,8440.499186,9213.002165,6,4156,4,32
20260726_formal4t4_reuse_intensive_Ideal_rep4,4,Ideal,Ideal,89,reuse_intensive:rep4:req89,reuse_intensive,1,64,0,L0064,4096,2,0;1;2,True,1789723706.126511,4096,4096,4096,0.0009851455688476562,False,False,False,False,4096,81.92,3,3,4128.0,True,cache_reused,False,False,0,0.0,0755695ae907d27af9948f97ac4f929068e74dabecea9f8108b81a8d8b3bbacb,True,,,1,0,305.36178,1678.409945,6,4156,4,4128
20260726_formal4t4_reuse_intensive_Ideal_rep4,4,Ideal,Ideal,90,reuse_intensive:rep4:req90,reuse_intensive,1,120,0,L0120,4096,0,,False,1789723706.1265428,0,0,0,,False,False,False,False,0,0.0,0,0,16.0,False,cache_miss,False,False,0,0.0,6e29b534c0834564f4247a3740e75bfc56bc0cb9173bac8dbb659ef1eb7399d5,True,,,1,0,9626.901718,10480.053773,6,4156,4,16
20260726_formal4t4_reuse_intensive_Ideal_rep4,4,Ideal,Ideal,91,reuse_intensive:rep4:req91,reuse_intensive,1,65,0,L0065,4096,2,2,True,1789723706.1265757,4096,4096,4096,0.0007474422454833984,False,False,False,False,4096,79.92,1,1,4128.0,True,cache_reused,False,False,0,0.0,97066f5f7b7781d4a2743eea348864793f020984a4f2c09e35ab9fff7241632d,True,,,1,0,762.312012,1904.773447,6,4156,4,4128
20260726_formal4t4_reuse_intensive_Ideal_rep4,4,Ideal,Ideal,92,reuse_intensive:rep4:req92,reuse_intensive,1,64,1,L0064,4096,2,0;1;2,True,1789723716.6099203,4096,4096,4096,0.0009844303131103516,False,False,False,False,4096,81.92,3,3,4128.0,True,cache_reused,False,False,0,0.0,700f0ccc4acd3bd92150b4ed05bfd0f0bbfb2212e28e4da422a3fd7fd6c406b4,True,,,1,0,472.101568,2050.767801,6,4156,4,4128
20260726_formal4t4_reuse_intensive_Ideal_rep4,4,Ideal,Ideal,93,reuse_intensive:rep4:req93,reuse_intensive,1,80,0,L0080,4096,0,,False,1789723716.60996,0,0,0,,False,False,False,False,0,0.0,0,0,32.0,False,cache_miss,False,False,0,0.0,b8edd09fb86c4b85276d272cd4e07ac010c795f20417f4b7beef7335d289e0e5,True,,,1,0,9337.540522,10119.770416,6,4156,4,32
20260726_formal4t4_reuse_intensive_Ideal_rep4,4,Ideal,Ideal,94,reuse_intensive:rep4:req94,reuse_intensive,1,65,1,L0065,4096,2,2,True,1789723716.609997,4096,4096,4096,0.0004208087921142578,False,False,False,False,4096,79.92,1,1,4128.0,True,cache_reused,False,False,0,0.0,9b246c6cf3c1e0d48526e48a608df0960e45a70d711107de60f75590ec9b70f0,True,,,1,0,1125.993728,2295.561196,6,4156,4,4128
20260726_formal4t4_reuse_intensive_Ideal_rep4,4,Ideal,Ideal,95,reuse_intensive:rep4:req95,reuse_intensive,1,65,2,L0065,4096,2,2,True,1789723716.6100287,4096,4096,4096,0.0004525184631347656,False,False,False,False,4096,77.92,1,1,4128.0,True,cache_reused,False,False,0,0.0,2613b5cf360201240d47ba59953ff3344eb57e2ef9b4fbb39d92ca8e0f1066ac,True,,,1,0,1124.968821,2294.474956,6,4156,4,4128
20260726_formal4t4_reuse_intensive_Ideal_rep4,4,Ideal,Ideal,96,reuse_intensive:rep4:req96,reuse_intensive,1,118,0,L0118,4096,2,,False,1789723726.732433,0,0,0,,False,False,False,False,0,0.0,0,0,16.0,False,cache_miss,False,False,0,0.0,07a8eb51852196912a80f625569133b114068100376ecb568526bdb00ebf10a4,True,,,1,0,8346.914095,9054.905118,6,4156,4,16
20260726_formal4t4_reuse_intensive_Ideal_rep4,4,Ideal,Ideal,97,reuse_intensive:rep4:req97,reuse_intensive,1,100,0,L0100,4096,0,,False,1789723726.7324708,0,0,0,,False,False,False,False,0,0.0,0,0,32.0,False,cache_miss,False,False,0,0.0,a681c2a83258e09cf7b3c763d9822709e1ad7fa5689142818be3da2d1bc72f89,True,,,1,0,9175.905122,9969.596309,6,4156,4,32
20260726_formal4t4_reuse_intensive_Ideal_rep4,4,Ideal,Ideal,98,reuse_intensive:rep4:req98,reuse_intensive,1,66,2,L0066,4096,1,1,False,1789723726.7325096,4096,4096,4096,24.5145320892334,False,False,False,False,4096,0.0,1,1,4128.0,False,cache_reused,False,False,0,0.0,038f8cd8b07f948238b66aa83340d118d3bf732af9a4e926fd7f521cdba2be89,True,,,1,0,472.783506,1879.56791,6,4156,4,4128
20260726_formal4t4_reuse_intensive_Ideal_rep4,4,Ideal,Ideal,99,reuse_intensive:rep4:req99,reuse_intensive,1,64,2,L0064,4096,1,0;1;2,True,1789723726.7325513,4096,4096,4096,20.607406854629517,False,False,False,False,4096,79.92,3,3,4128.0,True,cache_reused,False,False,0,0.0,422671411088d2283051abfe7fca3cd8b62f35e7b94877b89267617b9dca9e1c,True,,,1,0,939.975123,2127.791821,6,4156,4,4128
20260726_formal4t4_reuse_intensive_Ideal_rep4,4,Ideal,Ideal,100,reuse_intensive:rep4:req100,reuse_intensive,1,64,0,L0064,4096,0,0;1;2,False,1789723736.7047477,4096,4096,4096,30.578625917434692,False,False,False,False,4096,0.0,3,3,4128.0,False,cache_reused,False,False,0,0.0,1427e4ee53a37edd7d32a5c116b6fc12a64f516cf7fa9f113d81ff8125940317,True,,,1,0,325.912058,1790.973599,6,4157,4,4128
20260726_formal4t4_reuse_intensive_Ideal_rep4,4,Ideal,Ideal,101,reuse_intensive:rep4:req101,reuse_intensive,1,70,0,L0070,4096,2,,False,1789723736.7047892,0,0,0,,False,False,False,False,0,0.0,0,0,32.0,False,cache_miss,False,False,0,0.0,f3c95d3fc3142e3127c1b509d4843bf4ae227c6076337071c38db12a46b6287d,True,,,1,0,8663.649011,9368.717371,6,4157,4,32
20260726_formal4t4_reuse_intensive_Ideal_rep4,4,Ideal,Ideal,102,reuse_intensive:rep4:req102,reuse_intensive,1,67,0,L0067,4096,3,,False,1789723736.7048159,0,0,0,,False,False,False,False,0,0.0,0,0,32.0,False,cache_miss,False,False,0,0.0,e85a9ac6b8f5bbbad6eb4febf22e77fb03e68732d71f25c7729eec581e05d7a8,True,,,1,0,8904.289117,9663.794258,6,4157,4,32
20260726_formal4t4_reuse_intensive_Ideal_rep4,4,Ideal,Ideal,103,reuse_intensive:rep4:req103,reuse_intensive,1,80,1,L0080,4096,0,0,True,1789723736.7048483,4096,4096,4096,9.973348617553711,False,False,False,False,4096,79.92,1,1,4128.0,True,cache_reused,False,False,0,0.0,04c4a6ebf8aa7dc74fcf1762535dd97da7bb814e7c274cae76bc4e842ee650e4,True,,,1,0,813.394223,2051.445218,6,4157,4,4128
20260726_formal4t4_reuse_intensive_Ideal_rep4,4,Ideal,Ideal,104,reuse_intensive:rep4:req104,reuse_intensive,1,64,1,L0064,4096,2,0;1;2,False,1789723746.3720295,4096,4096,4096,19.640915155410767,False,False,False,False,4096,0.0,3,3,4128.0,False,cache_reused,False,False,0,0.0,7dd01a01dab505fafcbed0a70ba2abd7fc84748b8d25743c0a4ede3515b60a62,True,,,1,0,302.694956,1049.088883,6,4157,4,4128
20260726_formal4t4_reuse_intensive_Ideal_rep4,4,Ideal,Ideal,105,reuse_intensive:rep4:req105,reuse_intensive,1,66,0,L0066,4096,1,1,False,1789723746.3720803,4096,4096,4096,9.6680006980896,False,False,False,False,4096,0.0,1,1,4128.0,False,cache_reused,False,False,0,0.0,85e8debd6514b157cc47147bbc4d504ed8601bf497890a7f8daf61d0beaf5ce8,True,,,1,0,466.394743,1238.390901,6,4157,4,4128
20260726_formal4t4_reuse_intensive_Ideal_rep4,4,Ideal,Ideal,106,reuse_intensive:rep4:req106,reuse_intensive,1,78,0,L0078,4096,0,,False,1789723746.3721097,0,0,0,,False,False,False,False,0,0.0,0,0,32.0,False,cache_miss,False,False,0,0.0,363af41b08fa1f6b6896912a64cfaf050ddcd5d93955c9cfb1f9a8ef5dc764e5,True,,,1,0,10088.04698,10941.325619,6,4157,4,32
20260726_formal4t4_reuse_intensive_Ideal_rep4,4,Ideal,Ideal,107,reuse_intensive:rep4:req107,reuse_intensive,1,68,0,L0068,4096,3,,False,1789723746.372133,0,0,0,,False,False,False,False,0,0.0,0,0,32.0,False,cache_miss,False,False,0,0.0,47af614fbd76567b458be25e51cec987cf9d269a955212e8dfe9d60ae79a4814,True,,,1,0,9383.222062,10156.973207,6,4157,4,32
20260726_formal4t4_reuse_intensive_Ideal_rep4,4,Ideal,Ideal,108,reuse_intensive:rep4:req108,reuse_intensive,1,64,2,L0064,4096,0,0;1;2,False,1789723757.317083,4096,4096,4096,10.946426153182983,False,False,False,False,4096,0.0,3,3,4128.0,False,cache_reused,False,False,0,0.0,bd0f1d2f7309cfb6cf78905223d90a39fd7d7334f9eb099bae378262eb7a4c50,True,,,1,0,320.593879,1120.520981,6,4157,4,4128
20260726_formal4t4_reuse_intensive_Ideal_rep4,4,Ideal,Ideal,109,reuse_intensive:rep4:req109,reuse_intensive,1,66,1,L0066,4096,1,1,True,1789723757.3171387,4096,4096,4096,0.0010275840759277344,False,False,False,False,4096,81.92,1,1,4128.0,True,cache_reused,False,False,0,0.0,8977ab6c7e288576b8e6fbfd0f9543b06b4479a5f3774416165729b71b1f79a6,True,,,1,0,456.222909,1225.663405,6,4157,4,4128
20260726_formal4t4_reuse_intensive_Ideal_rep4,4,Ideal,Ideal,110,reuse_intensive:rep4:req110,reuse_intensive,1,92,0,L0092,4096,2,,False,1789723757.31718,0,0,0,,False,False,False,False,0,0.0,0,0,32.0,False,cache_miss,False,False,0,0.0,212ef69b35b000eabb3e20c4ae7185dda241a080af5bf027f5e53f605163ed66,True,,,1,0,9493.932059,10276.414408,6,4157,4,32
20260726_formal4t4_reuse_intensive_Ideal_rep4,4,Ideal,Ideal,111,reuse_intensive:rep4:req111,reuse_intensive,1,81,0,L0081,4096,3,,False,1789723757.3172035,0,0,0,,False,False,False,False,0,0.0,0,0,32.0,False,cache_miss,False,False,0,0.0,7f48b94691500209ca7f8b8d0a2ec6732eec26fd801cc4c0c7447e76a6306cab,True,,,1,0,8751.60167,9476.156732,6,4157,4,32
20260726_formal4t4_reuse_intensive_Ideal_rep4,4,Ideal,Ideal,112,reuse_intensive:rep4:req112,reuse_intensive,1,64,0,L0064,4096,2,0;1;2,False,1789723767.5971422,4096,4096,4096,10.28139853477478,False,False,False,False,4096,0.0,3,3,4128.0,False,cache_reused,False,False,0,0.0,9a6122fadec770c04858efa77a96ff8110634f8c75ec7ffde7e55f7d6c2bca47,True,,,1,0,307.237267,1684.348284,6,4157,4,4128
20260726_formal4t4_reuse_intensive_Ideal_rep4,4,Ideal,Ideal,113,reuse_intensive:rep4:req113,reuse_intensive,1,110,0,L0110,4096,1,,False,1789723767.5971932,0,0,0,,False,False,False,False,0,0.0,0,0,16.0,False,cache_miss,False,False,0,0.0,42a4f483ca4f05ac875355c3503ae64af377a33852c20c0202b3dce220ee3d02,True,,,1,0,9841.061103,11315.987237,6,4157,4,16
20260726_formal4t4_reuse_intensive_Ideal_rep4,4,Ideal,Ideal,114,reuse_intensive:rep4:req114,reuse_intensive,1,65,0,L0065,4096,2,2,True,1789723767.597232,4096,4096,4096,40.8651328086853,False,False,False,False,4096,79.92,1,1,4128.0,True,cache_reused,False,False,0,0.0,4830bdc699b3a2ba33c22adc220fb5ce9d225b8b26e0f251056e7c2b3fed5f44,True,,,1,0,768.981769,1909.530763,6,4157,4,4128
20260726_formal4t4_reuse_intensive_Ideal_rep4,4,Ideal,Ideal,115,reuse_intensive:rep4:req115,reuse_intensive,1,66,2,L0066,4096,1,1,True,1789723767.597267,4096,4096,4096,0.0011265277862548828,False,False,False,False,4096,79.92,1,1,4128.0,True,cache_reused,False,False,0,0.0,635678e9b58603014fe710aeeb9b158d8c4c1b71dbb7391fa15e728cbbb13a1d,True,,,1,0,9839.498187,11314.506391,6,4157,4,4128
20260726_formal4t4_reuse_intensive_Ideal_rep4,4,Ideal,Ideal,116,reuse_intensive:rep4:req116,reuse_intensive,1,66,0,L0066,4096,1,1,False,1789723778.9159813,4096,4096,4096,0.0003380775451660156,False,False,False,False,4096,0.0,1,1,4128.0,False,cache_reused,False,False,0,0.0,14fb7c030c05d9e607dd1e9a0b7d5f8663b35bcfef0669a64e1536a6aa078461,True,,,1,0,308.83051,1077.040249,6,4157,4,4128
20260726_formal4t4_reuse_intensive_Ideal_rep4,4,Ideal,Ideal,117,reuse_intensive:rep4:req117,reuse_intensive,1,65,1,L0065,4096,2,2,True,1789723778.9160297,4096,4096,4096,0.000682830810546875,False,False,False,False,4096,81.92,1,1,4128.0,True,cache_reused,False,False,0,0.0,02f7626474cff6068865db82658a2fe3fb30aeb3d13206e3f5d17cfe596beb74,True,,,1,0,429.832499,1113.425746,6,4157,4,4128
20260726_formal4t4_reuse_intensive_Ideal_rep4,4,Ideal,Ideal,118,reuse_intensive:rep4:req118,reuse_intensive,1,64,1,L0064,4096,0,0;1;2,True,1789723778.9160714,4096,4096,4096,11.320290327072144,False,False,False,False,4096,81.92,3,3,4128.0,True,cache_reused,False,False,0,0.0,3a10cfd2b509247fe76078454973cb4f2eb0f000dd781ef415e8e99a30c9d688,True,,,1,0,474.571435,1931.617292,6,4157,4,4128
20260726_formal4t4_reuse_intensive_Ideal_rep4,4,Ideal,Ideal,119,reuse_intensive:rep4:req119,reuse_intensive,1,69,0,L0069,4096,0,0,True,1789723778.916102,4096,4096,4096,78.70738506317139,False,False,False,False,4096,79.92,1,1,4128.0,True,cache_reused,False,False,0,0.0,7cdc4a63a0b8874ef5726ea9bdbce425e7546ef8b9af4841bbdd103781c7a229,True,,,1,0,962.357794,2187.858289,6,4157,4,4128
20260726_formal4t4_reuse_intensive_StaticSemantic@rho1.2_rep4,4,StaticSemantic@rho1.2,StaticSemantic,24,reuse_intensive:rep4:req24,reuse_intensive,0,21,0,L0021,4096,2,,False,1789723942.3915992,0,0,0,,False,False,False,False,0,0.0,0,0,32.0,False,cache_miss,False,False,0,0.0,272fa9f0884b5ecbdc0825f0481acb89df381c0a03eef2d5e8721ccbb5abf235,True,,,1,0,9349.645424,10125.963189,6,4156,4,32
20260726_formal4t4_reuse_intensive_StaticSemantic@rho1.2_rep4,4,StaticSemantic@rho1.2,StaticSemantic,25,reuse_intensive:rep4:req25,reuse_intensive,0,1,2,L0001,4096,3,0;3,False,1789723942.3916557,4096,4096,4096,139.18097066879272,False,False,False,False,4096,0.0,2,2,4128.0,False,cache_reused,False,False,0,0.0,fa597e7474ba33775baac9e97141a42f535b6df7a1f086cd40a8c29507c3d936,True,,,1,0,301.999459,1065.194507,6,4156,4,4128
20260726_formal4t4_reuse_intensive_StaticSemantic@rho1.2_rep4,4,StaticSemantic@rho1.2,StaticSemantic,26,reuse_intensive:rep4:req26,reuse_intensive,0,2,0,L0002,4096,0,0;3,True,1789723942.3916976,4096,4096,4096,128.5498924255371,False,False,False,False,4096,81.92,2,2,4128.0,True,cache_reused,False,False,0,0.0,4782768fccb72d35cb489d2f11da6018df340817ca27f7d4d6a1713681ddffcc,True,,,1,0,314.074126,1776.250369,6,4156,4,4128
20260726_formal4t4_reuse_intensive_StaticSemantic@rho1.2_rep4,4,StaticSemantic@rho1.2,StaticSemantic,27,reuse_intensive:rep4:req27,reuse_intensive,0,7,2,L0007,4096,0,0;3,True,1789723942.3917322,4096,4096,4096,82.85539078712463,False,False,False,False,4096,79.92,2,2,4128.0,True,cache_reused,False,False,0,0.0,f2f40907fbd2c024225afa2261087998827498085ab6458d02c28a4d1e0a1a1c,True,,,1,0,803.727653,2031.158188,6,4156,4,4128
20260726_formal4t4_reuse_intensive_StaticSemantic@rho1.2_rep4,4,StaticSemantic@rho1.2,StaticSemantic,28,reuse_intensive:rep4:req28,reuse_intensive,0,0,0,L0000,4096,0,0;3,True,1789723952.5196664,4096,4096,4096,160.03283524513245,False,False,False,False,4096,81.92,2,2,4128.0,True,cache_reused,False,False,0,0.0,ccfaf116a7e0ea62e576efc932f8d57304cf05aec865f41acd4472db3380fd63,True,,,1,0,487.797091,1277.016624,6,4156,4,4128
20260726_formal4t4_reuse_intensive_StaticSemantic@rho1.2_rep4,4,StaticSemantic@rho1.2,StaticSemantic,29,reuse_intensive:rep4:req29,reuse_intensive,0,43,0,L0043,4096,2,,False,1789723952.5197086,0,0,0,,False,False,False,False,0,0.0,0,0,32.0,False,cache_miss,False,False,0,0.0,24a530bdd6ec1ec3ea0afcc113852a5611360348d99a3244cf9e643c0629ddde,True,,,1,0,9113.96168,10514.321601,6,4156,4,32
20260726_formal4t4_reuse_intensive_StaticSemantic@rho1.2_rep4,4,StaticSemantic@rho1.2,StaticSemantic,30,reuse_intensive:rep4:req30,reuse_intensive,0,6,2,L0006,4096,1,0;1,False,1789723952.5197499,4096,4096,4096,103.15272617340088,False,False,False,False,4096,0.0,2,2,4128.0,False,cache_reused,False,False,0,0.0,0066821b7334dec3db9c06853dc034659e429f63ee9a8c5451afb636f7eb20ae,True,,,1,0,479.543887,1272.161695,6,4156,4,4128
20260726_formal4t4_reuse_intensive_StaticSemantic@rho1.2_rep4,4,StaticSemantic@rho1.2,StaticSemantic,31,reuse_intensive:rep4:req31,reuse_intensive,0,11,0,L0011,4096,2,0;2,True,1789723952.5197854,4096,4096,4096,51.01992344856262,False,False,False,False,4096,79.92,2,2,4128.0,True,cache_reused,False,False,0,0.0,5b7addd77705587dc9e9c0dfd4446ef368ce2d862ec9f1d931b54ee1b1fcd296,True,,,1,0,9112.43395,10512.857701,6,4156,4,4128
20260726_formal4t4_reuse_intensive_StaticSemantic@rho1.2_rep4,4,StaticSemantic@rho1.2,StaticSemantic,32,reuse_intensive:rep4:req32,reuse_intensive,0,15,1,L0015,4096,0,,False,1789723963.037503,4096,0,0,180.92149114608765,True,True,False,False,0,0.0,0,0,4128.0,False,cache_reused,False,False,0,0.0,945110cdbe84b868582add396f3b7154ac82ba08f0e6e8ef45180c153e25e052,True,,,1,0,458.038061,1231.82236,6,4156,4,4128
20260726_formal4t4_reuse_intensive_StaticSemantic@rho1.2_rep4,4,StaticSemantic@rho1.2,StaticSemantic,33,reuse_intensive:rep4:req33,reuse_intensive,0,33,0,L0033,4096,2,,False,1789723963.0375443,0,0,0,,False,False,False,False,0,0.0,0,0,32.0,False,cache_miss,False,False,0,0.0,6ff6d59d063a97ce7a62bc98fc6506006abe0dbab8a326c5c681ba8d722606fd,True,,,1,0,9078.009626,9867.457097,6,4156,4,32
20260726_formal4t4_reuse_intensive_StaticSemantic@rho1.2_rep4,4,StaticSemantic@rho1.2,StaticSemantic,34,reuse_intensive:rep4:req34,reuse_intensive,0,10,0,L0010,4096,1,0;1,False,1789723963.03759,4096,4096,4096,71.81349039077759,False,False,False,False,4096,0.0,2,2,4128.0,False,cache_reused,False,False,0,0.0,9a02e9002754c5fb64fb35ee201cd541383cbe12352e64dc35945bd5bb7060cc,True,,,1,0,435.344421,1161.509203,6,4156,4,4128
20260726_formal4t4_reuse_intensive_StaticSemantic@rho1.2_rep4,4,StaticSemantic@rho1.2,StaticSemantic,35,reuse_intensive:rep4:req35,reuse_intensive,0,22,0,L0022,4096,3,,False,1789723963.037618,0,0,0,,False,False,False,False,0,0.0,0,0,32.0,False,cache_miss,False,False,0,0.0,b175d6b0078d7ec6842a62568de4168ef168774e8f9bc036816db24102703cf6,True,,,1,0,9926.582927,10721.656708,6,4156,4,32
20260726_formal4t4_reuse_intensive_StaticSemantic@rho1.2_rep4,4,StaticSemantic@rho1.2,StaticSemantic,36,reuse_intensive:rep4:req36,reuse_intensive,0,0,1,L0000,4096,0,0;3,True,1789723973.7639024,4096,4096,4096,181.2770712375641,False,False,False,False,4096,81.92,2,2,4128.0,True,cache_reused,False,False,0,0.0,507f7d86748330351908cc5b13d2af897ae1779775e546314c096431cbcf871e,True,,,1,0,495.685649,1286.032734,6,4156,4,4128
20260726_formal4t4_reuse_intensive_StaticSemantic@rho1.2_rep4,4,StaticSemantic@rho1.2,StaticSemantic,37,reuse_intensive:rep4:req37,reuse_intensive,0,23,0,L0023,4096,2,,False,1789723973.7639441,0,0,0,,False,False,False,False,0,0.0,0,0,32.0,False,cache_miss,False,False,0,0.0,cfaeb21919843b5a68667fd461abb061dc9874ba0a2804febcc4707e26e65b12,True,,,1,0,8943.850529,10329.582826,6,4156,4,32
20260726_formal4t4_reuse_intensive_StaticSemantic@rho1.2_rep4,4,StaticSemantic@rho1.2,StaticSemantic,38,reuse_intensive:rep4:req38,reuse_intensive,0,9,0,L0009,4096,2,0;2,True,1789723973.7639837,4096,4096,4096,92.75872349739075,False,False,False,False,4096,79.92,2,2,4128.0,True,cache_reused,False,False,0,0.0,eb7b39573d9bcd4c9ce83baf78b450d44da2a3e1243466bb1e8581e883cfa359,True,,,1,0,8943.162067,10329.004902,6,4156,4,4128
20260726_formal4t4_reuse_intensive_StaticSemantic@rho1.2_rep4,4,StaticSemantic@rho1.2,StaticSemantic,39,reuse_intensive:rep4:req39,reuse_intensive,0,0,2,L0000,4096,3,0;3,True,1789723973.7640202,4096,4096,4096,181.27701663970947,False,False,False,False,4096,81.92,2,2,4128.0,True,cache_reused,False,False,0,0.0,8cd73cc912cd2d84959a0dac49162c78f9898ec62811e197f98b6830bcba659e,True,,,1,0,302.212677,1051.189426,6,4156,4,4128
20260726_formal4t4_reuse_intensive_StaticSemantic@rho1.2_rep4,4,StaticSemantic@rho1.2,StaticSemantic,40,reuse_intensive:rep4:req40,reuse_intensive,0,44,0,L0044,4096,0,,False,1789723984.0970497,0,0,0,,False,False,False,False,0,0.0,0,0,32.0,False,cache_miss,False,False,0,0.0,70681ea5d7c26caddd90940bdd2cc476a314f9664b9dfb19cc7efa3cd80cf9da,True,,,1,0,8909.520916,9674.938212,6,4156,4,32
20260726_formal4t4_reuse_intensive_StaticSemantic@rho1.2_rep4,4,StaticSemantic@rho1.2,StaticSemantic,41,reuse_intensive:rep4:req41,reuse_intensive,0,2,1,L0002,4096,3,0;3,True,1789723984.0971067,4096,4096,4096,170.25512790679932,False,False,False,False,4096,81.92,2,2,4128.0,True,cache_reused,False,False,0,0.0,eda30a133a9cbf32ca949dc00c095e9677c464502e419b7bba95766ce122b130,True,,,1,0,482.10205,1227.485039,6,4156,4,4128
20260726_formal4t4_reuse_intensive_StaticSemantic@rho1.2_rep4,4,StaticSemantic@rho1.2,StaticSemantic,42,reuse_intensive:rep4:req42,reuse_intensive,0,11,1,L0011,4096,2,0;2,False,1789723984.0971472,4096,4096,4096,82.59728527069092,False,False,False,False,4096,0.0,2,2,4128.0,False,cache_reused,False,False,0,0.0,847bf52e1a5a333116c92d85005bca4925d2fb601d5c84444bdb9fee6d90886c,True,,,1,0,296.483523,1021.453931,6,4156,4,4128
20260726_formal4t4_reuse_intensive_StaticSemantic@rho1.2_rep4,4,StaticSemantic@rho1.2,StaticSemantic,43,reuse_intensive:rep4:req43,reuse_intensive,0,23,1,L0023,4096,1,,False,1789723984.0971932,4096,0,0,201.98118138313293,True,True,False,False,0,0.0,0,0,32.0,False,cache_miss,False,False,0,0.0,4b25f9b689b3596473d2744dc2aeb7d0bebdb7d186d0872901f78786d414f3c9,True,,,1,0,8248.53164,8987.42389,6,4156,4,32
20260726_formal4t4_reuse_intensive_StaticSemantic@rho1.2_rep4,4,StaticSemantic@rho1.2,StaticSemantic,44,reuse_intensive:rep4:req44,reuse_intensive,0,4,0,L0004,4096,2,0;2,False,1789723993.7740254,4096,4096,4096,165.885395526886,False,False,False,False,4096,0.0,2,2,4128.0,False,cache_reused,False,False,0,0.0,09e64b61eb1f0036511c6cdc339f43d1ca8efb791acbe72ab09be188db9568a4,True,,,1,0,469.160112,1226.512481,6,4156,4,4128
20260726_formal4t4_reuse_intensive_StaticSemantic@rho1.2_rep4,4,StaticSemantic@rho1.2,StaticSemantic,45,reuse_intensive:rep4:req45,reuse_intensive,0,0,0,L0000,4096,3,0;3,False,1789723993.7740777,4096,4096,4096,201.2870740890503,False,False,False,False,4096,0.0,2,2,4128.0,False,cache_reused,False,False,0,0.0,409dccd8dc09237b4266a1eb49a942f5182fd5ba10e5c3a855b0aed2da6ecc43,True,,,1,0,457.289512,1212.737062,6,4156,4,4128
20260726_formal4t4_reuse_intensive_StaticSemantic@rho1.2_rep4,4,StaticSemantic@rho1.2,StaticSemantic,46,reuse_intensive:rep4:req46,reuse_intensive,0,36,0,L0036,4096,0,,False,1789723993.7741082,0,0,0,,False,False,False,False,0,0.0,0,0,32.0,False,cache_miss,False,False,0,0.0,786cc63b293a2968d7c68b366e9abb5299a0a882f9fd1eaceaa7af62a01ff42d,True,,,1,0,10058.962892,11563.016891,6,4156,4,32
20260726_formal4t4_reuse_intensive_StaticSemantic@rho1.2_rep4,4,StaticSemantic@rho1.2,StaticSemantic,47,reuse_intensive:rep4:req47,reuse_intensive,0,0,1,L0000,4096,0,0;3,True,1789723993.7741437,4096,4096,4096,201.2873125076294,False,False,False,False,4096,79.92,2,2,4128.0,True,cache_reused,False,False,0,0.0,834883c707fe47a0f5360faaf62894e701688184cec6739a66007f65935d18d0,True,,,1,0,10057.909823,11561.892807,6,4156,4,4128
20260726_formal4t4_reuse_intensive_StaticSemantic@rho1.2_rep4,4,StaticSemantic@rho1.2,StaticSemantic,48,reuse_intensive:rep4:req48,reuse_intensive,0,0,2,L0000,4096,0,0;3,True,1789724005.3410926,4096,4096,4096,212.85426139831543,False,False,False,False,4096,81.92,2,2,4128.0,True,cache_reused,False,False,0,0.0,196d487b3315982d201ef4002ce98f3a193907198312e2001373bba875520ff2,True,,,1,0,324.457752,1808.235937,6,4156,4,4128
20260726_formal4t4_reuse_intensive_StaticSemantic@rho1.2_rep4,4,StaticSemantic@rho1.2,StaticSemantic,49,reuse_intensive:rep4:req49,reuse_intensive,0,0,0,L0000,4096,3,0;3,True,1789724005.3411448,4096,4096,4096,212.85414123535156,False,False,False,False,4096,81.92,2,2,4128.0,True,cache_reused,False,False,0,0.0,c41f7429c64b3b6afc050f0c795efd206262e8e2d2840539facd7ff455069c4f,True,,,1,0,473.318427,1227.078821,6,4156,4,4128
20260726_formal4t4_reuse_intensive_StaticSemantic@rho1.2_rep4,4,StaticSemantic@rho1.2,StaticSemantic,50,reuse_intensive:rep4:req50,reuse_intensive,0,1,0,L0001,4096,0,0;3,True,1789724005.3411903,4096,4096,4096,202.13068079948425,False,False,False,False,4096,79.92,2,2,4128.0,True,cache_reused,False,False,0,0.0,272b93713d4a6c9eefacdcb12355bdc6338b878472c6513af63a40ff52a4662b,True,,,1,0,819.015307,2081.075783,6,4156,4,4128
20260726_formal4t4_reuse_intensive_StaticSemantic@rho1.2_rep4,4,StaticSemantic@rho1.2,StaticSemantic,51,reuse_intensive:rep4:req51,reuse_intensive,0,26,0,L0026,4096,2,,False,1789724005.3412147,0,0,0,,False,False,False,False,0,0.0,0,0,32.0,False,cache_miss,False,False,0,0.0,485358d13e51b42699ba55e2aaf588aa096057da66ebd0836e2884f5f4e58b75,True,,,1,0,8374.91918,9075.175055,6,4156,4,32
20260726_formal4t4_reuse_intensive_StaticSemantic@rho1.2_rep4,4,StaticSemantic@rho1.2,StaticSemantic,52,reuse_intensive:rep4:req52,reuse_intensive,0,23,2,L0023,4096,0,,False,1789724014.4211085,4096,0,0,232.30509662628174,True,True,False,False,0,0.0,0,0,32.0,False,cache_miss,False,False,0,0.0,e724134ecb40c102a9ed1f89a29bc2afb1a6ae3eabbd0a0e948345b8452c9792,True,,,1,0,9846.125309,11288.041997,6,4156,4,32
20260726_formal4t4_reuse_intensive_StaticSemantic@rho1.2_rep4,4,StaticSemantic@rho1.2,StaticSemantic,53,reuse_intensive:rep4:req53,reuse_intensive,0,4,1,L0004,4096,2,0;2,True,1789724014.4211802,4096,4096,4096,186.53255033493042,False,False,False,False,4096,81.92,2,2,4128.0,True,cache_reused,False,False,0,0.0,9123b05c558a123ff60f9735d681d8c4f12c253466e6cda8bed6f80f2d42956f,True,,,1,0,306.691441,1064.570185,6,4156,4,4128
20260726_formal4t4_reuse_intensive_StaticSemantic@rho1.2_rep4,4,StaticSemantic@rho1.2,StaticSemantic,54,reuse_intensive:rep4:req54,reuse_intensive,0,0,1,L0000,4096,3,0;3,False,1789724014.4212217,4096,4096,4096,221.93421816825867,False,False,False,False,4096,0.0,2,2,4128.0,False,cache_reused,False,False,0,0.0,abad58554d88ef081c5b42f46b33205b407386e403a42db7d42221b7f490bea0,True,,,1,0,465.352842,1222.809696,6,4156,4,4128
20260726_formal4t4_reuse_intensive_StaticSemantic@rho1.2_rep4,4,StaticSemantic@rho1.2,StaticSemantic,55,reuse_intensive:rep4:req55,reuse_intensive,0,0,2,L0000,4096,0,0;3,True,1789724014.4212558,4096,4096,4096,221.93442463874817,False,False,False,False,4096,79.92,2,2,4128.0,True,cache_reused,False,False,0,0.0,501ea76d516d498226da89e5049218be51eb5d242e2c4fdfffbb61e7262d4b28,True,,,1,0,9843.172964,11284.989395,6,4156,4,4128
20260726_formal4t4_reuse_intensive_StaticSemantic@rho1.2_rep4,4,StaticSemantic@rho1.2,StaticSemantic,56,reuse_intensive:rep4:req56,reuse_intensive,0,63,0,L0063,4096,3,,False,1789724025.7111816,0,0,0,,False,False,False,False,0,0.0,0,0,32.0,False,cache_miss,False,False,0,0.0,e98edf26065f03f1d4bde0d861736490a0cad50ca1199dfaada38362c0999a71,True,,,1,0,10063.09302,11557.762784,6,4156,4,32
20260726_formal4t4_reuse_intensive_StaticSemantic@rho1.2_rep4,4,StaticSemantic@rho1.2,StaticSemantic,57,reuse_intensive:rep4:req57,reuse_intensive,0,5,0,L0005,4096,0,0;3,True,1789724025.711239,4096,4096,4096,187.3064956665039,False,False,False,False,4096,81.92,2,2,4128.0,True,cache_reused,False,False,0,0.0,41c6536df4ac6b2ba6d329689f5a842042c9a8502d11104c8350be7261592ca2,True,,,1,0,315.222479,1086.033875,6,4156,4,4128
20260726_formal4t4_reuse_intensive_StaticSemantic@rho1.2_rep4,4,StaticSemantic@rho1.2,StaticSemantic,58,reuse_intensive:rep4:req58,reuse_intensive,0,1,1,L0001,4096,3,0;3,True,1789724025.711281,4096,4096,4096,222.50059604644775,False,False,False,False,4096,79.92,2,2,4128.0,True,cache_reused,False,False,0,0.0,b3c847e3c013b6345f3ffe1e89f9ff3917117ce50e7e707164f4ea97570e8881,True,,,1,0,10061.314219,11556.073261,6,4156,4,4128
20260726_formal4t4_reuse_intensive_StaticSemantic@rho1.2_rep4,4,StaticSemantic@rho1.2,StaticSemantic,59,reuse_intensive:rep4:req59,reuse_intensive,0,15,2,L0015,4096,1,0;1,False,1789724025.7113166,4096,4096,4096,104.05944681167603,False,False,False,False,4096,0.0,2,2,4128.0,False,cache_reused,False,False,0,0.0,e60f0710ba0140dab4622ad12e30e77429217cc1adb251c2385dc87423855365,True,,,1,0,442.332411,1157.074329,6,4156,4,4128
20260726_formal4t4_reuse_intensive_StaticSemantic@rho1.2_rep4,4,StaticSemantic@rho1.2,StaticSemantic,60,reuse_intensive:rep4:req60,reuse_intensive,1,65,0,L0065,4096,2,,False,1789724037.2712438,0,0,0,,False,False,False,False,0,0.0,0,0,32.0,False,cache_miss,False,False,0,0.0,9adeb28d64caf16b330f3e2c37158c9c804ee9cbe9e91dc620af23cc54993b0a,True,,,1,0,8727.741923,9479.835528,6,4156,4,32
20260726_formal4t4_reuse_intensive_StaticSemantic@rho1.2_rep4,4,StaticSemantic@rho1.2,StaticSemantic,61,reuse_intensive:rep4:req61,reuse_intensive,1,69,0,L0069,4096,3,,False,1789724037.2712846,0,0,0,,False,False,False,False,0,0.0,0,0,32.0,False,cache_miss,False,False,0,0.0,b4bac0e9687c9a7fe75012014b5054e6199776c484437df1dd03cc4fc1aa02bf,True,,,1,0,8653.550205,9379.900476,6,4156,4,32
20260726_formal4t4_reuse_intensive_StaticSemantic@rho1.2_rep4,4,StaticSemantic@rho1.2,StaticSemantic,62,reuse_intensive:rep4:req62,reuse_intensive,1,66,0,L0066,4096,0,,False,1789724037.2713103,0,0,0,,False,False,False,False,0,0.0,0,0,32.0,False,cache_miss,False,False,0,0.0,8245546dcda055a08b664d7bbf71e8fb3a558ebf9f6e2e7ef735677d16ff99da,True,,,1,0,9589.685151,10413.28527,6,4156,4,32
20260726_formal4t4_reuse_intensive_StaticSemantic@rho1.2_rep4,4,StaticSemantic@rho1.2,StaticSemantic,63,reuse_intensive:rep4:req63,reuse_intensive,1,75,0,L0075,4096,1,,False,1789724037.271332,0,0,0,,False,False,False,False,0,0.0,0,0,32.0,False,cache_miss,False,False,0,0.0,c20ea311508d7cfb4384bb53f5b40f83833570282e0251cf46fd0d823df626d9,True,,,1,0,9377.504687,10174.286419,6,4156,4,32
20260726_formal4t4_reuse_intensive_StaticSemantic@rho1.2_rep4,4,StaticSemantic@rho1.2,StaticSemantic,64,reuse_intensive:rep4:req64,reuse_intensive,1,64,0,L0064,4096,2,,False,1789724047.6884797,0,0,0,,False,False,False,False,0,0.0,0,0,32.0,False,cache_miss,False,False,0,0.0,48eadec20feb89e26e6fd56a1a1ca55247fd10e944d5028d8d45c67780a26c0d,True,,,1,0,8108.443381,8787.698606,6,4156,4,32
20260726_formal4t4_reuse_intensive_StaticSemantic@rho1.2_rep4,4,StaticSemantic@rho1.2,StaticSemantic,65,reuse_intensive:rep4:req65,reuse_intensive,1,64,1,L0064,4096,0,,False,1789724047.688519,0,0,0,,False,False,False,False,0,0.0,0,0,32.0,False,cache_miss,False,False,0,0.0,375a97436d811feafc2c57733e7f4473c60c7343fba4d0a73d93bb77fc0ce32d,True,,,1,0,9362.677488,10178.144449,6,4156,4,32
20260726_formal4t4_reuse_intensive_StaticSemantic@rho1.2_rep4,4,StaticSemantic@rho1.2,StaticSemantic,66,reuse_intensive:rep4:req66,reuse_intensive,1,64,2,L0064,4096,1,,False,1789724047.688544,0,0,0,,False,False,False,False,0,0.0,0,0,32.0,False,cache_miss,False,False,0,0.0,18611754b69be49c2eae20a0e092649a05ce89e271b3226602cbb34af48054bf,True,,,1,0,7718.6467,8387.800191,6,4156,4,32
20260726_formal4t4_reuse_intensive_StaticSemantic@rho1.2_rep4,4,StaticSemantic@rho1.2,StaticSemantic,67,reuse_intensive:rep4:req67,reuse_intensive,1,65,1,L0065,4096,3,,False,1789724047.688565,4096,0,0,265.5725531578064,True,True,False,False,0,0.0,0,0,32.0,False,cache_miss,False,False,0,0.0,62dbe3ac80d18093901d867d7ff85e680daa639b8ab5f3dc45fa24897b699378,True,,,1,0,8754.921556,9479.807499,6,4156,4,32
20260726_formal4t4_reuse_intensive_StaticSemantic@rho1.2_rep4,4,StaticSemantic@rho1.2,StaticSemantic,68,reuse_intensive:rep4:req68,reuse_intensive,1,64,0,L0064,4096,2,,False,1789724057.86959,4096,0,0,275.75357818603516,True,True,False,False,0,0.0,0,0,4128.0,False,cache_reused,False,False,0,0.0,11fe226070d4778ab2dc89124ff47f5edcb697b786f96a647062f37f50f213aa,True,,,1,0,281.357751,961.417446,6,4156,4,4128
20260726_formal4t4_reuse_intensive_StaticSemantic@rho1.2_rep4,4,StaticSemantic@rho1.2,StaticSemantic,69,reuse_intensive:rep4:req69,reuse_intensive,1,77,0,L0077,4096,1,,False,1789724057.869632,0,0,0,,False,False,False,False,0,0.0,0,0,32.0,False,cache_miss,False,False,0,0.0,5f7cffd4e2276aa167b323f0c19de0721f0b64ceb0b4412e0fd3e96057de8c16,True,,,1,0,9678.572759,10474.989853,6,4156,4,32
20260726_formal4t4_reuse_intensive_StaticSemantic@rho1.2_rep4,4,StaticSemantic@rho1.2,StaticSemantic,70,reuse_intensive:rep4:req70,reuse_intensive,1,64,1,L0064,4096,0,,False,1789724057.869658,4096,0,0,275.7536461353302,True,True,False,False,0,0.0,0,0,4128.0,False,cache_reused,False,False,0,0.0,38980a11beb4f1b8f8b667a1ac64c5ad34f9ecae635d8b8b778e595e1ad37e64,True,,,1,0,326.643332,1144.521872,6,4156,4,4128
20260726_formal4t4_reuse_intensive_StaticSemantic@rho1.2_rep4,4,StaticSemantic@rho1.2,StaticSemantic,71,reuse_intensive:rep4:req71,reuse_intensive,1,69,1,L0069,4096,3,,False,1789724057.8696818,4096,0,0,275.7536699771881,True,True,False,False,0,0.0,0,0,4128.0,False,cache_reused,False,False,0,0.0,04787980b03a9da19c4f2b2c0df5909cb7877bdfe873f290bbf0c703d25d8a4c,True,,,1,0,298.328253,1034.864698,6,4156,4,4128
20260726_formal4t4_reuse_intensive_StaticSemantic@rho1.2_rep4,4,StaticSemantic@rho1.2,StaticSemantic,72,reuse_intensive:rep4:req72,reuse_intensive,1,64,2,L0064,4096,2,,False,1789724068.3476775,4096,0,0,286.2316656112671,True,True,False,False,0,0.0,0,0,4128.0,False,cache_reused,False,False,0,0.0,959fa24d4a225d40b1095fe544bb81072f5999f1a538d32183e299d6b3a25bc8,True,,,1,0,449.083953,1132.887589,6,4156,4,4128
20260726_formal4t4_reuse_intensive_StaticSemantic@rho1.2_rep4,4,StaticSemantic@rho1.2,StaticSemantic,73,reuse_intensive:rep4:req73,reuse_intensive,1,69,2,L0069,4096,3,,False,1789724068.3477268,4096,0,0,286.23171496391296,True,True,False,False,0,0.0,0,0,4128.0,False,cache_reused,False,False,0,0.0,b552dee26d5a7f5cc0f4151d43ca92e6862b52e8a58c0a750c799e2fb628ae61,True,,,1,0,431.204897,1168.691103,6,4156,4,4128
20260726_formal4t4_reuse_intensive_StaticSemantic@rho1.2_rep4,4,StaticSemantic@rho1.2,StaticSemantic,74,reuse_intensive:rep4:req74,reuse_intensive,1,76,0,L0076,4096,0,,False,1789724068.3477576,0,0,0,,False,False,False,False,0,0.0,0,0,32.0,False,cache_miss,False,False,0,0.0,e5570f6116401e1489088be92a64c2f5896dbff736b2e80aa2589cab46a772b2,True,,,1,0,9617.630459,10407.384929,6,4156,4,32
20260726_formal4t4_reuse_intensive_StaticSemantic@rho1.2_rep4,4,StaticSemantic@rho1.2,StaticSemantic,75,reuse_intensive:rep4:req75,reuse_intensive,1,64,0,L0064,4096,1,,False,1789724068.3477814,4096,0,0,286.2317695617676,True,True,False,False,0,0.0,0,0,4128.0,False,cache_reused,False,False,0,0.0,1676cebaa3fd17659b7756243e252470fb4e1736c0808170a2299c4349831f98,True,,,1,0,280.606529,955.869926,6,4156,4,4128
20260726_formal4t4_reuse_intensive_StaticSemantic@rho1.2_rep4,4,StaticSemantic@rho1.2,StaticSemantic,76,reuse_intensive:rep4:req76,reuse_intensive,1,76,1,L0076,4096,2,,False,1789724078.7589796,4096,0,0,296.64296770095825,True,True,False,False,0,0.0,0,0,32.0,False,cache_miss,False,False,0,0.0,99478312819107221d6f1441f5a64fb1ed317ec16cbb56d4d1bbc5ac322bd285,True,,,1,0,8429.105313,9148.757368,6,4156,4,32
20260726_formal4t4_reuse_intensive_StaticSemantic@rho1.2_rep4,4,StaticSemantic@rho1.2,StaticSemantic,77,reuse_intensive:rep4:req77,reuse_intensive,1,64,1,L0064,4096,0,,False,1789724078.7590196,4096,0,0,296.64300775527954,True,True,False,False,0,0.0,0,0,4128.0,False,cache_reused,False,False,0,0.0,6a5e87515b294e8a081ae079767cb8e029804a3b79597b426ed28471b8aac4fb,True,,,1,0,329.454303,1151.865133,6,4156,4,4128
20260726_formal4t4_reuse_intensive_StaticSemantic@rho1.2_rep4,4,StaticSemantic@rho1.2,StaticSemantic,78,reuse_intensive:rep4:req78,reuse_intensive,1,66,1,L0066,4096,1,,False,1789724078.7590473,4096,0,0,296.6430354118347,True,True,False,False,0,0.0,0,0,32.0,False,cache_miss,False,False,0,0.0,b57b5a98d3f450c90b4adecb3bf4cf8956662bf87a211c165b9b4b0a9fdf198f,True,,,1,0,9065.626518,9845.287512,6,4156,4,32
20260726_formal4t4_reuse_intensive_StaticSemantic@rho1.2_rep4,4,StaticSemantic@rho1.2,StaticSemantic,79,reuse_intensive:rep4:req79,reuse_intensive,1,64,2,L0064,4096,3,,False,1789724078.7590694,4096,0,0,296.6430575847626,True,True,False,False,0,0.0,0,0,32.0,False,cache_miss,False,False,0,0.0,12207497cf6410603112012d3e844e795dd2c53da74ce088c5badab76cf35fad,True,,,1,0,9150.992821,9926.047689,6,4156,4,32
20260726_formal4t4_reuse_intensive_StaticSemantic@rho1.2_rep4,4,StaticSemantic@rho1.2,StaticSemantic,80,reuse_intensive:rep4:req80,reuse_intensive,1,64,0,L0064,4096,2,,False,1789724088.6898394,4096,0,0,306.5738275051117,True,True,False,False,0,0.0,0,0,4128.0,False,cache_reused,False,False,0,0.0,3fe4081b7807f9534f3d69f6fddb62ee5ea64076d60eeb5166a3e152abbd8743,True,,,1,0,282.592163,964.778683,6,4156,4,4128
20260726_formal4t4_reuse_intensive_StaticSemantic@rho1.2_rep4,4,StaticSemantic@rho1.2,StaticSemantic,81,reuse_intensive:rep4:req81,reuse_intensive,1,64,1,L0064,4096,1,,False,1789724088.6898792,4096,0,0,306.5738673210144,True,True,False,False,0,0.0,0,0,4128.0,False,cache_reused,False,False,0,0.0,11e044cea69a0af16fc0f75b59d3e43b64131c8e5665a752af384e94a3d80dd5,True,,,1,0,278.765153,950.558594,6,4156,4,4128
20260726_formal4t4_reuse_intensive_StaticSemantic@rho1.2_rep4,4,StaticSemantic@rho1.2,StaticSemantic,82,reuse_intensive:rep4:req82,reuse_intensive,1,76,2,L0076,4096,0,,False,1789724088.6899054,4096,0,0,306.5738935470581,True,True,False,False,0,0.0,0,0,4128.0,False,cache_reused,False,False,0,0.0,ae7c8e1015598cecbed9c65bcefd8214d25905e24bf57b9bcd4601e9003a2e68,True,,,1,0,484.338426,1271.245236,6,4156,4,4128
20260726_formal4t4_reuse_intensive_StaticSemantic@rho1.2_rep4,4,StaticSemantic@rho1.2,StaticSemantic,83,reuse_intensive:rep4:req83,reuse_intensive,1,64,2,L0064,4096,3,,False,1789724088.6899285,4096,0,0,306.5739166736603,True,True,False,False,0,0.0,0,0,4128.0,False,cache_reused,False,False,0,0.0,bc9adca722dc3848d10290fb6fd248c962bdc21d6444b28d789f5eb7308c8943,True,,,1,0,311.382209,1085.602776,6,4156,4,4128
20260726_formal4t4_reuse_intensive_StaticSemantic@rho1.2_rep4,4,StaticSemantic@rho1.2,StaticSemantic,84,reuse_intensive:rep4:req84,reuse_intensive,1,64,0,L0064,4096,2,,False,1789724089.9647841,4096,0,0,307.8487722873688,True,True,False,False,0,0.0,0,0,4128.0,False,cache_reused,False,False,0,0.0,f480da805881838ee4b45e252bf9b036dc964a1af688bd9fca6a30b70a021dfc,True,,,1,0,281.805175,967.946655,6,4156,4,4128
20260726_formal4t4_reuse_intensive_StaticSemantic@rho1.2_rep4,4,StaticSemantic@rho1.2,StaticSemantic,85,reuse_intensive:rep4:req85,reuse_intensive,1,64,1,L0064,4096,3,,False,1789724089.9648237,4096,0,0,307.8488118648529,True,True,False,False,0,0.0,0,0,4128.0,False,cache_reused,False,False,0,0.0,f692d5a7fbc961d9c29cc21fa3ebd74a8b44a429e1a1ef4917154e2a278ca3f9,True,,,1,0,311.241615,1090.722092,6,4156,4,4128
20260726_formal4t4_reuse_intensive_StaticSemantic@rho1.2_rep4,4,StaticSemantic@rho1.2,StaticSemantic,86,reuse_intensive:rep4:req86,reuse_intensive,1,65,2,L0065,4096,0,,False,1789724089.9648492,4096,0,0,307.84883737564087,True,True,False,False,0,0.0,0,0,32.0,False,cache_miss,False,False,0,0.0,74cef84f0ba42ac4072997be30b779ff45902b8822c6a0cf299c52b06d8b619b,True,,,1,0,9287.729155,10080.729134,6,4156,4,32
20260726_formal4t4_reuse_intensive_StaticSemantic@rho1.2_rep4,4,StaticSemantic@rho1.2,StaticSemantic,87,reuse_intensive:rep4:req87,reuse_intensive,1,64,2,L0064,4096,1,,False,1789724089.9648733,4096,0,0,307.84886145591736,True,True,False,False,0,0.0,0,0,4128.0,False,cache_reused,False,False,0,0.0,fc21567fad7ca53e3e17382b0f777d72f48c815c322fe57b6175b8961cb6d799,True,,,1,0,279.183028,956.543938,6,4156,4,4128
20260726_formal4t4_reuse_intensive_StaticSemantic@rho1.2_rep4,4,StaticSemantic@rho1.2,StaticSemantic,88,reuse_intensive:rep4:req88,reuse_intensive,1,86,0,L0086,4096,2,,False,1789724100.0491896,0,0,0,,False,False,False,False,0,0.0,0,0,32.0,False,cache_miss,False,False,0,0.0,93d7402f515f0312716bf54d6221f46e84b1a5757425f4b6b5a68538d135aa35,True,,,1,0,9221.549475,10029.35486,6,4156,4,32
20260726_formal4t4_reuse_intensive_StaticSemantic@rho1.2_rep4,4,StaticSemantic@rho1.2,StaticSemantic,89,reuse_intensive:rep4:req89,reuse_intensive,1,64,0,L0064,4096,0,,False,1789724100.049228,4096,0,0,317.9332160949707,True,True,False,False,0,0.0,0,0,4128.0,False,cache_reused,False,False,0,0.0,0755695ae907d27af9948f97ac4f929068e74dabecea9f8108b81a8d8b3bbacb,True,,,1,0,327.424155,1140.347096,6,4156,4,4128
20260726_formal4t4_reuse_intensive_StaticSemantic@rho1.2_rep4,4,StaticSemantic@rho1.2,StaticSemantic,90,reuse_intensive:rep4:req90,reuse_intensive,1,120,0,L0120,4096,1,,False,1789724100.0492587,0,0,0,,False,False,False,False,0,0.0,0,0,16.0,False,cache_miss,False,False,0,0.0,6e29b534c0834564f4247a3740e75bfc56bc0cb9173bac8dbb659ef1eb7399d5,True,,,1,0,9133.847715,9880.588553,6,4156,4,16
20260726_formal4t4_reuse_intensive_StaticSemantic@rho1.2_rep4,4,StaticSemantic@rho1.2,StaticSemantic,91,reuse_intensive:rep4:req91,reuse_intensive,1,65,0,L0065,4096,3,,False,1789724100.049283,4096,0,0,317.9332711696625,True,True,False,False,0,0.0,0,0,4128.0,False,cache_reused,False,False,0,0.0,97066f5f7b7781d4a2743eea348864793f020984a4f2c09e35ab9fff7241632d,True,,,1,0,441.275362,1171.752078,6,4156,4,4128
20260726_formal4t4_reuse_intensive_StaticSemantic@rho1.2_rep4,4,StaticSemantic@rho1.2,StaticSemantic,92,reuse_intensive:rep4:req92,reuse_intensive,1,64,1,L0064,4096,2,,False,1789724110.166338,4096,0,0,328.0503261089325,True,True,False,False,0,0.0,0,0,4128.0,False,cache_reused,False,False,0,0.0,700f0ccc4acd3bd92150b4ed05bfd0f0bbfb2212e28e4da422a3fd7fd6c406b4,True,,,1,0,264.315092,947.188264,6,4156,4,4128
20260726_formal4t4_reuse_intensive_StaticSemantic@rho1.2_rep4,4,StaticSemantic@rho1.2,StaticSemantic,93,reuse_intensive:rep4:req93,reuse_intensive,1,80,0,L0080,4096,1,,False,1789724110.1663616,0,0,0,,False,False,False,False,0,0.0,0,0,32.0,False,cache_miss,False,False,0,0.0,b8edd09fb86c4b85276d272cd4e07ac010c795f20417f4b7beef7335d289e0e5,True,,,1,0,8960.250486,9714.691965,6,4156,4,32
20260726_formal4t4_reuse_intensive_StaticSemantic@rho1.2_rep4,4,StaticSemantic@rho1.2,StaticSemantic,94,reuse_intensive:rep4:req94,reuse_intensive,1,65,1,L0065,4096,0,,False,1789724110.1663744,4096,0,0,328.0503625869751,True,True,False,False,0,0.0,0,0,4128.0,False,cache_reused,False,False,0,0.0,9b246c6cf3c1e0d48526e48a608df0960e45a70d711107de60f75590ec9b70f0,True,,,1,0,477.095906,1270.175639,6,4156,4,4128
20260726_formal4t4_reuse_intensive_StaticSemantic@rho1.2_rep4,4,StaticSemantic@rho1.2,StaticSemantic,95,reuse_intensive:rep4:req95,reuse_intensive,1,65,2,L0065,4096,3,,False,1789724110.1663861,4096,0,0,328.0503742694855,True,True,False,False,0,0.0,0,0,4128.0,False,cache_reused,False,False,0,0.0,2613b5cf360201240d47ba59953ff3344eb57e2ef9b4fbb39d92ca8e0f1066ac,True,,,1,0,446.65435,1175.160833,6,4156,4,4128
20260726_formal4t4_reuse_intensive_StaticSemantic@rho1.2_rep4,4,StaticSemantic@rho1.2,StaticSemantic,96,reuse_intensive:rep4:req96,reuse_intensive,1,118,0,L0118,4096,2,,False,1789724119.8836322,0,0,0,,False,False,False,False,0,0.0,0,0,16.0,False,cache_miss,False,False,0,0.0,07a8eb51852196912a80f625569133b114068100376ecb568526bdb00ebf10a4,True,,,1,0,8625.961371,9360.388411,6,4156,4,16
20260726_formal4t4_reuse_intensive_StaticSemantic@rho1.2_rep4,4,StaticSemantic@rho1.2,StaticSemantic,97,reuse_intensive:rep4:req97,reuse_intensive,1,100,0,L0100,4096,3,,False,1789724119.883678,0,0,0,,False,False,False,False,0,0.0,0,0,16.0,False,cache_miss,False,False,0,0.0,a681c2a83258e09cf7b3c763d9822709e1ad7fa5689142818be3da2d1bc72f89,True,,,1,0,8900.47509,9619.67214,6,4156,4,16
20260726_formal4t4_reuse_intensive_StaticSemantic@rho1.2_rep4,4,StaticSemantic@rho1.2,StaticSemantic,98,reuse_intensive:rep4:req98,reuse_intensive,1,66,2,L0066,4096,0,,False,1789724119.8837035,4096,0,0,337.76769161224365,True,True,False,False,0,0.0,0,0,4128.0,False,cache_reused,False,False,0,0.0,038f8cd8b07f948238b66aa83340d118d3bf732af9a4e926fd7f521cdba2be89,True,,,1,0,483.429555,1309.850981,6,4156,4,4128
20260726_formal4t4_reuse_intensive_StaticSemantic@rho1.2_rep4,4,StaticSemantic@rho1.2,StaticSemantic,99,reuse_intensive:rep4:req99,reuse_intensive,1,64,2,L0064,4096,1,,False,1789724119.8837385,4096,0,0,337.7677266597748,True,True,False,False,0,0.0,0,0,4128.0,False,cache_reused,False,False,0,0.0,422671411088d2283051abfe7fca3cd8b62f35e7b94877b89267617b9dca9e1c,True,,,1,0,279.501321,952.763816,6,4156,4,4128
20260726_formal4t4_reuse_intensive_StaticSemantic@rho1.2_rep4,4,StaticSemantic@rho1.2,StaticSemantic,100,reuse_intensive:rep4:req100,reuse_intensive,1,64,0,L0064,4096,2,,False,1789724129.506357,4096,0,0,347.39034509658813,True,True,False,False,0,0.0,0,0,4128.0,False,cache_reused,False,False,0,0.0,1427e4ee53a37edd7d32a5c116b6fc12a64f516cf7fa9f113d81ff8125940317,True,,,1,0,281.114579,960.129078,6,4157,4,4128
20260726_formal4t4_reuse_intensive_StaticSemantic@rho1.2_rep4,4,StaticSemantic@rho1.2,StaticSemantic,101,reuse_intensive:rep4:req101,reuse_intensive,1,70,0,L0070,4096,0,,False,1789724129.5063984,0,0,0,,False,False,False,False,0,0.0,0,0,32.0,False,cache_miss,False,False,0,0.0,f3c95d3fc3142e3127c1b509d4843bf4ae227c6076337071c38db12a46b6287d,True,,,1,0,10111.420776,10972.499735,6,4157,4,32
20260726_formal4t4_reuse_intensive_StaticSemantic@rho1.2_rep4,4,StaticSemantic@rho1.2,StaticSemantic,102,reuse_intensive:rep4:req102,reuse_intensive,1,67,0,L0067,4096,1,,False,1789724129.5064251,0,0,0,,False,False,False,False,0,0.0,0,0,32.0,False,cache_miss,False,False,0,0.0,e85a9ac6b8f5bbbad6eb4febf22e77fb03e68732d71f25c7729eec581e05d7a8,True,,,1,0,10069.450692,10867.074676,6,4157,4,32
20260726_formal4t4_reuse_intensive_StaticSemantic@rho1.2_rep4,4,StaticSemantic@rho1.2,StaticSemantic,103,reuse_intensive:rep4:req103,reuse_intensive,1,80,1,L0080,4096,3,,False,1789724129.5064468,4096,0,0,347.39043498039246,True,True,False,False,0,0.0,0,0,32.0,False,cache_miss,False,False,0,0.0,04c4a6ebf8aa7dc74fcf1762535dd97da7bb814e7c274cae76bc4e842ee650e4,True,,,1,0,9401.763555,10156.524542,6,4157,4,32
20260726_formal4t4_reuse_intensive_StaticSemantic@rho1.2_rep4,4,StaticSemantic@rho1.2,StaticSemantic,104,reuse_intensive:rep4:req104,reuse_intensive,1,64,1,L0064,4096,2,,False,1789724140.4818134,4096,0,0,358.3658015727997,True,True,False,False,0,0.0,0,0,4128.0,False,cache_reused,False,False,0,0.0,7dd01a01dab505fafcbed0a70ba2abd7fc84748b8d25743c0a4ede3515b60a62,True,,,1,0,433.483318,1127.335714,6,4157,4,4128
20260726_formal4t4_reuse_intensive_StaticSemantic@rho1.2_rep4,4,StaticSemantic@rho1.2,StaticSemantic,105,reuse_intensive:rep4:req105,reuse_intensive,1,66,0,L0066,4096,1,,False,1789724140.481855,4096,0,0,358.36584305763245,True,True,False,False,0,0.0,0,0,4128.0,False,cache_reused,False,False,0,0.0,85e8debd6514b157cc47147bbc4d504ed8601bf497890a7f8daf61d0beaf5ce8,True,,,1,0,313.888727,1097.728094,6,4157,4,4128
20260726_formal4t4_reuse_intensive_StaticSemantic@rho1.2_rep4,4,StaticSemantic@rho1.2,StaticSemantic,106,reuse_intensive:rep4:req106,reuse_intensive,1,78,0,L0078,4096,0,,False,1789724140.4818823,0,0,0,,False,False,False,False,0,0.0,0,0,32.0,False,cache_miss,False,False,0,0.0,363af41b08fa1f6b6896912a64cfaf050ddcd5d93955c9cfb1f9a8ef5dc764e5,True,,,1,0,9494.248081,10311.996374,6,4157,4,32
20260726_formal4t4_reuse_intensive_StaticSemantic@rho1.2_rep4,4,StaticSemantic@rho1.2,StaticSemantic,107,reuse_intensive:rep4:req107,reuse_intensive,1,68,0,L0068,4096,3,,False,1789724140.4819038,0,0,0,,False,False,False,False,0,0.0,0,0,32.0,False,cache_miss,False,False,0,0.0,47af614fbd76567b458be25e51cec987cf9d269a955212e8dfe9d60ae79a4814,True,,,1,0,9167.102191,9916.472225,6,4157,4,32
20260726_formal4t4_reuse_intensive_StaticSemantic@rho1.2_rep4,4,StaticSemantic@rho1.2,StaticSemantic,108,reuse_intensive:rep4:req108,reuse_intensive,1,64,2,L0064,4096,2,,False,1789724150.7977116,4096,0,0,368.6816997528076,True,True,False,False,0,0.0,0,0,4128.0,False,cache_reused,False,False,0,0.0,bd0f1d2f7309cfb6cf78905223d90a39fd7d7334f9eb099bae378262eb7a4c50,True,,,1,0,436.875512,1125.85915,6,4157,4,4128
20260726_formal4t4_reuse_intensive_StaticSemantic@rho1.2_rep4,4,StaticSemantic@rho1.2,StaticSemantic,109,reuse_intensive:rep4:req109,reuse_intensive,1,66,1,L0066,4096,3,,False,1789724150.797754,4096,0,0,368.6817421913147,True,True,False,False,0,0.0,0,0,32.0,False,cache_miss,False,False,0,0.0,8977ab6c7e288576b8e6fbfd0f9543b06b4479a5f3774416165729b71b1f79a6,True,,,1,0,9100.231573,9852.444831,6,4157,4,32
20260726_formal4t4_reuse_intensive_StaticSemantic@rho1.2_rep4,4,StaticSemantic@rho1.2,StaticSemantic,110,reuse_intensive:rep4:req110,reuse_intensive,1,92,0,L0092,4096,0,,False,1789724150.7977803,0,0,0,,False,False,False,False,0,0.0,0,0,32.0,False,cache_miss,False,False,0,0.0,212ef69b35b000eabb3e20c4ae7185dda241a080af5bf027f5e53f605163ed66,True,,,1,0,9210.249455,9989.556666,6,4157,4,32
20260726_formal4t4_reuse_intensive_StaticSemantic@rho1.2_rep4,4,StaticSemantic@rho1.2,StaticSemantic,111,reuse_intensive:rep4:req111,reuse_intensive,1,81,0,L0081,4096,1,,False,1789724150.7978027,0,0,0,,False,False,False,False,0,0.0,0,0,32.0,False,cache_miss,False,False,0,0.0,7f48b94691500209ca7f8b8d0a2ec6732eec26fd801cc4c0c7447e76a6306cab,True,,,1,0,9260.227257,10037.174142,6,4157,4,32
20260726_formal4t4_reuse_intensive_StaticSemantic@rho1.2_rep4,4,StaticSemantic@rho1.2,StaticSemantic,112,reuse_intensive:rep4:req112,reuse_intensive,1,64,0,L0064,4096,2,,False,1789724160.8397171,4096,0,0,378.72370529174805,True,True,False,False,0,0.0,0,0,4128.0,False,cache_reused,False,False,0,0.0,9a6122fadec770c04858efa77a96ff8110634f8c75ec7ffde7e55f7d6c2bca47,True,,,1,0,438.9651,1125.814932,6,4157,4,4128
20260726_formal4t4_reuse_intensive_StaticSemantic@rho1.2_rep4,4,StaticSemantic@rho1.2,StaticSemantic,113,reuse_intensive:rep4:req113,reuse_intensive,1,110,0,L0110,4096,0,,False,1789724160.839764,0,0,0,,False,False,False,False,0,0.0,0,0,16.0,False,cache_miss,False,False,0,0.0,42a4f483ca4f05ac875355c3503ae64af377a33852c20c0202b3dce220ee3d02,True,,,1,0,9690.243713,10492.371295,6,4157,4,16
20260726_formal4t4_reuse_intensive_StaticSemantic@rho1.2_rep4,4,StaticSemantic@rho1.2,StaticSemantic,114,reuse_intensive:rep4:req114,reuse_intensive,1,65,0,L0065,4096,1,,False,1789724160.8397906,4096,0,0,378.7237787246704,True,True,False,False,0,0.0,0,0,32.0,False,cache_miss,False,False,0,0.0,4830bdc699b3a2ba33c22adc220fb5ce9d225b8b26e0f251056e7c2b3fed5f44,True,,,1,0,8305.791976,9042.553084,6,4157,4,32
20260726_formal4t4_reuse_intensive_StaticSemantic@rho1.2_rep4,4,StaticSemantic@rho1.2,StaticSemantic,115,reuse_intensive:rep4:req115,reuse_intensive,1,66,2,L0066,4096,3,,False,1789724160.8398247,4096,0,0,378.7238128185272,True,True,False,False,0,0.0,0,0,4128.0,False,cache_reused,False,False,0,0.0,635678e9b58603014fe710aeeb9b158d8c4c1b71dbb7391fa15e728cbbb13a1d,True,,,1,0,304.900865,1057.61954,6,4157,4,4128
20260726_formal4t4_reuse_intensive_StaticSemantic@rho1.2_rep4,4,StaticSemantic@rho1.2,StaticSemantic,116,reuse_intensive:rep4:req116,reuse_intensive,1,66,0,L0066,4096,2,,False,1789724171.3351388,4096,0,0,389.21912693977356,True,True,False,False,0,0.0,0,0,32.0,False,cache_miss,False,False,0,0.0,14fb7c030c05d9e607dd1e9a0b7d5f8663b35bcfef0669a64e1536a6aa078461,True,,,1,0,8654.308612,9364.545979,6,4157,4,32
20260726_formal4t4_reuse_intensive_StaticSemantic@rho1.2_rep4,4,StaticSemantic@rho1.2,StaticSemantic,117,reuse_intensive:rep4:req117,reuse_intensive,1,65,1,L0065,4096,1,,False,1789724171.3351905,4096,0,0,389.2191786766052,True,True,False,False,0,0.0,0,0,4128.0,False,cache_reused,False,False,0,0.0,02f7626474cff6068865db82658a2fe3fb30aeb3d13206e3f5d17cfe596beb74,True,,,1,0,280.456923,1025.374797,6,4157,4,4128
20260726_formal4t4_reuse_intensive_StaticSemantic@rho1.2_rep4,4,StaticSemantic@rho1.2,StaticSemantic,118,reuse_intensive:rep4:req118,reuse_intensive,1,64,1,L0064,4096,0,,False,1789724171.3352199,4096,0,0,389.21920800209045,True,True,False,False,0,0.0,0,0,4128.0,False,cache_reused,False,False,0,0.0,3a10cfd2b509247fe76078454973cb4f2eb0f000dd781ef415e8e99a30c9d688,True,,,1,0,325.932909,1143.318925,6,4157,4,4128
20260726_formal4t4_reuse_intensive_StaticSemantic@rho1.2_rep4,4,StaticSemantic@rho1.2,StaticSemantic,119,reuse_intensive:rep4:req119,reuse_intensive,1,69,0,L0069,4096,3,,False,1789724171.3352442,4096,0,0,389.2192323207855,True,True,False,False,0,0.0,0,0,4128.0,False,cache_reused,False,False,0,0.0,7cdc4a63a0b8874ef5726ea9bdbce425e7546ef8b9af4841bbdd103781c7a229,True,,,1,0,455.440925,1181.925377,6,4157,4,4128
20260726_formal4t4_reuse_intensive_Adaptive@rho1.2_c01024_theta30_rep4,4,Adaptive@rho1.2_c01024_theta30,Adaptive,24,reuse_intensive:rep4:req24,reuse_intensive,0,21,0,L0021,4096,0,,False,1789724346.9672806,0,0,0,,False,False,False,False,0,0.0,0,0,32.0,False,cache_miss,False,False,0,0.0,272fa9f0884b5ecbdc0825f0481acb89df381c0a03eef2d5e8721ccbb5abf235,True,,,1,0,9506.830457,10980.049057,6,4156,4,32
20260726_formal4t4_reuse_intensive_Adaptive@rho1.2_c01024_theta30_rep4,4,Adaptive@rho1.2_c01024_theta30,Adaptive,25,reuse_intensive:rep4:req25,reuse_intensive,0,1,2,L0001,4096,1,0;1,False,1789724346.9673371,4096,4096,4096,138.7153124809265,False,False,False,False,4096,0.0,2,2,4128.0,False,cache_reused,False,False,0,0.0,fa597e7474ba33775baac9e97141a42f535b6df7a1f086cd40a8c29507c3d936,True,,,1,0,293.504014,1014.587532,6,4156,4,4128
20260726_formal4t4_reuse_intensive_Adaptive@rho1.2_c01024_theta30_rep4,4,Adaptive@rho1.2_c01024_theta30,Adaptive,26,reuse_intensive:rep4:req26,reuse_intensive,0,2,0,L0002,4096,0,0;1,True,1789724346.9673789,4096,4096,4096,128.8563585281372,False,False,False,False,4096,79.92,2,2,4128.0,True,cache_reused,False,False,0,0.0,4782768fccb72d35cb489d2f11da6018df340817ca27f7d4d6a1713681ddffcc,True,,,1,0,9505.358278,10978.663003,6,4156,4,4128
20260726_formal4t4_reuse_intensive_Adaptive@rho1.2_c01024_theta30_rep4,4,Adaptive@rho1.2_c01024_theta30,Adaptive,27,reuse_intensive:rep4:req27,reuse_intensive,0,7,2,L0007,4096,3,,False,1789724346.9674044,4096,0,0,160.1574375629425,True,True,False,False,0,0.0,0,0,4128.0,False,cache_reused,False,False,0,0.0,f2f40907fbd2c024225afa2261087998827498085ab6458d02c28a4d1e0a1a1c,True,,,1,0,423.813955,1149.303249,6,4156,4,4128
20260726_formal4t4_reuse_intensive_Adaptive@rho1.2_c01024_theta30_rep4,4,Adaptive@rho1.2_c01024_theta30,Adaptive,28,reuse_intensive:rep4:req28,reuse_intensive,0,0,0,L0000,4096,1,0;1,True,1789724357.949714,4096,4096,4096,160.62533521652222,False,False,False,False,4096,81.92,2,2,4128.0,True,cache_reused,False,False,0,0.0,ccfaf116a7e0ea62e576efc932f8d57304cf05aec865f41acd4472db3380fd63,True,,,1,0,468.201919,1226.798231,6,4156,4,4128
20260726_formal4t4_reuse_intensive_Adaptive@rho1.2_c01024_theta30_rep4,4,Adaptive@rho1.2_c01024_theta30,Adaptive,29,reuse_intensive:rep4:req29,reuse_intensive,0,43,0,L0043,4096,2,,False,1789724357.949756,0,0,0,,False,False,False,False,0,0.0,0,0,32.0,False,cache_miss,False,False,0,0.0,24a530bdd6ec1ec3ea0afcc113852a5611360348d99a3244cf9e643c0629ddde,True,,,1,0,8973.566046,9732.922884,6,4156,4,32
20260726_formal4t4_reuse_intensive_Adaptive@rho1.2_c01024_theta30_rep4,4,Adaptive@rho1.2_c01024_theta30,Adaptive,30,reuse_intensive:rep4:req30,reuse_intensive,0,6,2,L0006,4096,0,0,True,1789724357.949795,4096,4096,4096,103.85283207893372,False,False,False,False,4096,81.92,1,1,4128.0,True,cache_reused,False,False,0,0.0,0066821b7334dec3db9c06853dc034659e429f63ee9a8c5451afb636f7eb20ae,True,,,1,0,330.880569,1804.473664,6,4156,4,4128
20260726_formal4t4_reuse_intensive_Adaptive@rho1.2_c01024_theta30_rep4,4,Adaptive@rho1.2_c01024_theta30,Adaptive,31,reuse_intensive:rep4:req31,reuse_intensive,0,11,0,L0011,4096,0,0;1,True,1789724357.949832,4096,4096,4096,51.49623417854309,False,False,False,False,4096,79.92,2,2,4128.0,True,cache_reused,False,False,0,0.0,5b7addd77705587dc9e9c0dfd4446ef368ce2d862ec9f1d931b54ee1b1fcd296,True,,,1,0,824.790479,2061.955822,6,4156,4,4128
20260726_formal4t4_reuse_intensive_Adaptive@rho1.2_c01024_theta30_rep4,4,Adaptive@rho1.2_c01024_theta30,Adaptive,32,reuse_intensive:rep4:req32,reuse_intensive,0,15,1,L0015,4096,0,0;2,True,1789724367.6859202,4096,4096,4096,40.88914966583252,False,False,False,False,4096,81.92,2,2,4128.0,True,cache_reused,False,False,0,0.0,945110cdbe84b868582add396f3b7154ac82ba08f0e6e8ef45180c153e25e052,True,,,1,0,896.472879,2320.879524,6,4156,4,4128
20260726_formal4t4_reuse_intensive_Adaptive@rho1.2_c01024_theta30_rep4,4,Adaptive@rho1.2_c01024_theta30,Adaptive,33,reuse_intensive:rep4:req33,reuse_intensive,0,33,0,L0033,4096,3,,False,1789724367.6859648,0,0,0,,False,False,False,False,0,0.0,0,0,32.0,False,cache_miss,False,False,0,0.0,6ff6d59d063a97ce7a62bc98fc6506006abe0dbab8a326c5c681ba8d722606fd,True,,,1,0,9267.420273,10011.264833,6,4156,4,32
20260726_formal4t4_reuse_intensive_Adaptive@rho1.2_c01024_theta30_rep4,4,Adaptive@rho1.2_c01024_theta30,Adaptive,34,reuse_intensive:rep4:req34,reuse_intensive,0,10,0,L0010,4096,0,0,True,1789724367.6860032,4096,4096,4096,71.51752758026123,False,False,False,False,4096,79.92,1,1,4128.0,True,cache_reused,False,False,0,0.0,9a02e9002754c5fb64fb35ee201cd541383cbe12352e64dc35945bd5bb7060cc,True,,,1,0,894.377535,2318.707013,6,4156,4,4128
20260726_formal4t4_reuse_intensive_Adaptive@rho1.2_c01024_theta30_rep4,4,Adaptive@rho1.2_c01024_theta30,Adaptive,35,reuse_intensive:rep4:req35,reuse_intensive,0,22,0,L0022,4096,1,,False,1789724367.6860292,0,0,0,,False,False,False,False,0,0.0,0,0,32.0,False,cache_miss,False,False,0,0.0,b175d6b0078d7ec6842a62568de4168ef168774e8f9bc036816db24102703cf6,True,,,1,0,8963.167975,9696.206497,6,4156,4,32
20260726_formal4t4_reuse_intensive_Adaptive@rho1.2_c01024_theta30_rep4,4,Adaptive@rho1.2_c01024_theta30,Adaptive,36,reuse_intensive:rep4:req36,reuse_intensive,0,0,1,L0000,4096,0,0;1,True,1789724377.7002885,4096,4096,4096,180.37598943710327,False,False,False,False,4096,81.92,2,2,4128.0,True,cache_reused,False,False,0,0.0,507f7d86748330351908cc5b13d2af897ae1779775e546314c096431cbcf871e,True,,,1,0,484.860712,2058.224239,6,4156,4,4128
20260726_formal4t4_reuse_intensive_Adaptive@rho1.2_c01024_theta30_rep4,4,Adaptive@rho1.2_c01024_theta30,Adaptive,37,reuse_intensive:rep4:req37,reuse_intensive,0,23,0,L0023,4096,3,,False,1789724377.70033,0,0,0,,False,False,False,False,0,0.0,0,0,32.0,False,cache_miss,False,False,0,0.0,cfaeb21919843b5a68667fd461abb061dc9874ba0a2804febcc4707e26e65b12,True,,,1,0,8993.021211,9745.494578,6,4156,4,32
20260726_formal4t4_reuse_intensive_Adaptive@rho1.2_c01024_theta30_rep4,4,Adaptive@rho1.2_c01024_theta30,Adaptive,38,reuse_intensive:rep4:req38,reuse_intensive,0,9,0,L0009,4096,0,0,True,1789724377.7003675,4096,4096,4096,91.6068787574768,False,False,False,False,4096,79.92,1,1,4128.0,True,cache_reused,False,False,0,0.0,eb7b39573d9bcd4c9ce83baf78b450d44da2a3e1243466bb1e8581e883cfa359,True,,,1,0,1008.283678,2345.902329,6,4156,4,4128
20260726_formal4t4_reuse_intensive_Adaptive@rho1.2_c01024_theta30_rep4,4,Adaptive@rho1.2_c01024_theta30,Adaptive,39,reuse_intensive:rep4:req39,reuse_intensive,0,0,2,L0000,4096,1,0;1,False,1789724377.7004037,4096,4096,4096,180.37602496147156,False,False,False,False,4096,0.0,2,2,4128.0,False,cache_reused,False,False,0,0.0,8cd73cc912cd2d84959a0dac49162c78f9898ec62811e197f98b6830bcba659e,True,,,1,0,304.023134,1056.947448,6,4156,4,4128
20260726_formal4t4_reuse_intensive_Adaptive@rho1.2_c01024_theta30_rep4,4,Adaptive@rho1.2_c01024_theta30,Adaptive,40,reuse_intensive:rep4:req40,reuse_intensive,0,44,0,L0044,4096,2,,False,1789724387.4488914,0,0,0,,False,False,False,False,0,0.0,0,0,32.0,False,cache_miss,False,False,0,0.0,70681ea5d7c26caddd90940bdd2cc476a314f9664b9dfb19cc7efa3cd80cf9da,True,,,1,0,9000.888709,9803.689743,6,4156,4,32
20260726_formal4t4_reuse_intensive_Adaptive@rho1.2_c01024_theta30_rep4,4,Adaptive@rho1.2_c01024_theta30,Adaptive,41,reuse_intensive:rep4:req41,reuse_intensive,0,2,1,L0002,4096,0,0;1,True,1789724387.4489496,4096,4096,4096,169.33792924880981,False,False,False,False,4096,81.92,2,2,4128.0,True,cache_reused,False,False,0,0.0,eda30a133a9cbf32ca949dc00c095e9677c464502e419b7bba95766ce122b130,True,,,1,0,465.000198,1242.040898,6,4156,4,4128
20260726_formal4t4_reuse_intensive_Adaptive@rho1.2_c01024_theta30_rep4,4,Adaptive@rho1.2_c01024_theta30,Adaptive,42,reuse_intensive:rep4:req42,reuse_intensive,0,11,1,L0011,4096,1,0;1,True,1789724387.4489913,4096,4096,4096,80.99528908729553,False,False,False,False,4096,81.92,2,2,4128.0,True,cache_reused,False,False,0,0.0,847bf52e1a5a333116c92d85005bca4925d2fb601d5c84444bdb9fee6d90886c,True,,,1,0,453.778811,1183.176994,6,4156,4,4128
20260726_formal4t4_reuse_intensive_Adaptive@rho1.2_c01024_theta30_rep4,4,Adaptive@rho1.2_c01024_theta30,Adaptive,43,reuse_intensive:rep4:req43,reuse_intensive,0,23,1,L0023,4096,3,,False,1789724387.4490178,4096,0,0,200.63905096054077,True,True,False,False,0,0.0,0,0,4128.0,False,cache_reused,False,False,0,0.0,4b25f9b689b3596473d2744dc2aeb7d0bebdb7d186d0872901f78786d414f3c9,True,,,1,0,302.929309,1052.713886,6,4156,4,4128
20260726_formal4t4_reuse_intensive_Adaptive@rho1.2_c01024_theta30_rep4,4,Adaptive@rho1.2_c01024_theta30,Adaptive,44,reuse_intensive:rep4:req44,reuse_intensive,0,4,0,L0004,4096,0,0,False,1789724397.2548296,4096,4096,4096,164.35657024383545,False,False,False,False,4096,0.0,1,1,4128.0,False,cache_reused,False,False,0,0.0,09e64b61eb1f0036511c6cdc339f43d1ca8efb791acbe72ab09be188db9568a4,True,,,1,0,497.138614,2013.38319,6,4156,4,4128
20260726_formal4t4_reuse_intensive_Adaptive@rho1.2_c01024_theta30_rep4,4,Adaptive@rho1.2_c01024_theta30,Adaptive,45,reuse_intensive:rep4:req45,reuse_intensive,0,0,0,L0000,4096,1,0;1,False,1789724397.2548854,4096,4096,4096,199.9305067062378,False,False,False,False,4096,0.0,2,2,4128.0,False,cache_reused,False,False,0,0.0,409dccd8dc09237b4266a1eb49a942f5182fd5ba10e5c3a855b0aed2da6ecc43,True,,,1,0,454.894474,1212.818118,6,4156,4,4128
20260726_formal4t4_reuse_intensive_Adaptive@rho1.2_c01024_theta30_rep4,4,Adaptive@rho1.2_c01024_theta30,Adaptive,46,reuse_intensive:rep4:req46,reuse_intensive,0,36,0,L0036,4096,2,,False,1789724397.2549155,0,0,0,,False,False,False,False,0,0.0,0,0,32.0,False,cache_miss,False,False,0,0.0,786cc63b293a2968d7c68b366e9abb5299a0a882f9fd1eaceaa7af62a01ff42d,True,,,1,0,7378.379483,8080.654415,6,4156,4,32
20260726_formal4t4_reuse_intensive_Adaptive@rho1.2_c01024_theta30_rep4,4,Adaptive@rho1.2_c01024_theta30,Adaptive,47,reuse_intensive:rep4:req47,reuse_intensive,0,0,1,L0000,4096,0,0;1,True,1789724397.25495,4096,4096,4096,199.93065094947815,False,False,False,False,4096,79.92,2,2,4128.0,True,cache_reused,False,False,0,0.0,834883c707fe47a0f5360faaf62894e701688184cec6739a66007f65935d18d0,True,,,1,0,1002.193945,2277.154968,6,4156,4,4128
20260726_formal4t4_reuse_intensive_Adaptive@rho1.2_c01024_theta30_rep4,4,Adaptive@rho1.2_c01024_theta30,Adaptive,48,reuse_intensive:rep4:req48,reuse_intensive,0,0,2,L0000,4096,0,0;1,True,1789724405.33956,4096,4096,4096,208.0152609348297,False,False,False,False,4096,81.92,2,2,4128.0,True,cache_reused,False,False,0,0.0,196d487b3315982d201ef4002ce98f3a193907198312e2001373bba875520ff2,True,,,1,0,474.029264,1998.832202,6,4156,4,4128
20260726_formal4t4_reuse_intensive_Adaptive@rho1.2_c01024_theta30_rep4,4,Adaptive@rho1.2_c01024_theta30,Adaptive,49,reuse_intensive:rep4:req49,reuse_intensive,0,0,0,L0000,4096,1,0;1,True,1789724405.3396235,4096,4096,4096,208.01524472236633,False,False,False,False,4096,81.92,2,2,4128.0,True,cache_reused,False,False,0,0.0,c41f7429c64b3b6afc050f0c795efd206262e8e2d2840539facd7ff455069c4f,True,,,1,0,474.037804,1232.566896,6,4156,4,4128
20260726_formal4t4_reuse_intensive_Adaptive@rho1.2_c01024_theta30_rep4,4,Adaptive@rho1.2_c01024_theta30,Adaptive,50,reuse_intensive:rep4:req50,reuse_intensive,0,1,0,L0001,4096,0,0;1,True,1789724405.3396597,4096,4096,4096,197.08772826194763,False,False,False,False,4096,79.92,2,2,4128.0,True,cache_reused,False,False,0,0.0,272b93713d4a6c9eefacdcb12355bdc6338b878472c6513af63a40ff52a4662b,True,,,1,0,981.394124,2277.506499,6,4156,4,4128
20260726_formal4t4_reuse_intensive_Adaptive@rho1.2_c01024_theta30_rep4,4,Adaptive@rho1.2_c01024_theta30,Adaptive,51,reuse_intensive:rep4:req51,reuse_intensive,0,26,0,L0026,4096,3,,False,1789724405.3396895,0,0,0,,False,False,False,False,0,0.0,0,0,32.0,False,cache_miss,False,False,0,0.0,485358d13e51b42699ba55e2aaf588aa096057da66ebd0836e2884f5f4e58b75,True,,,1,0,10023.495462,10821.212036,6,4156,4,32
20260726_formal4t4_reuse_intensive_Adaptive@rho1.2_c01024_theta30_rep4,4,Adaptive@rho1.2_c01024_theta30,Adaptive,52,reuse_intensive:rep4:req52,reuse_intensive,0,23,2,L0023,4096,2,,False,1789724416.16552,4096,0,0,229.355553150177,True,True,False,False,0,0.0,0,0,32.0,False,cache_miss,False,False,0,0.0,e724134ecb40c102a9ed1f89a29bc2afb1a6ae3eabbd0a0e948345b8452c9792,True,,,1,0,8628.006679,9347.867805,6,4156,4,32
20260726_formal4t4_reuse_intensive_Adaptive@rho1.2_c01024_theta30_rep4,4,Adaptive@rho1.2_c01024_theta30,Adaptive,53,reuse_intensive:rep4:req53,reuse_intensive,0,4,1,L0004,4096,0,0,True,1789724416.1655774,4096,4096,4096,183.2673180103302,False,False,False,False,4096,81.92,1,1,4128.0,True,cache_reused,False,False,0,0.0,9123b05c558a123ff60f9735d681d8c4f12c253466e6cda8bed6f80f2d42956f,True,,,1,0,479.18582,1986.25448,6,4156,4,4128
20260726_formal4t4_reuse_intensive_Adaptive@rho1.2_c01024_theta30_rep4,4,Adaptive@rho1.2_c01024_theta30,Adaptive,54,reuse_intensive:rep4:req54,reuse_intensive,0,0,1,L0000,4096,1,0;1,True,1789724416.1656203,4096,4096,4096,218.84124159812927,False,False,False,False,4096,81.92,2,2,4128.0,True,cache_reused,False,False,0,0.0,abad58554d88ef081c5b42f46b33205b407386e403a42db7d42221b7f490bea0,True,,,1,0,472.408378,1224.752222,6,4156,4,4128
20260726_formal4t4_reuse_intensive_Adaptive@rho1.2_c01024_theta30_rep4,4,Adaptive@rho1.2_c01024_theta30,Adaptive,55,reuse_intensive:rep4:req55,reuse_intensive,0,0,2,L0000,4096,0,0;1,True,1789724416.1656523,4096,4096,4096,218.8413531780243,False,False,False,False,4096,79.92,2,2,4128.0,True,cache_reused,False,False,0,0.0,501ea76d516d498226da89e5049218be51eb5d242e2c4fdfffbb61e7262d4b28,True,,,1,0,979.585182,2253.240129,6,4156,4,4128
20260726_formal4t4_reuse_intensive_Adaptive@rho1.2_c01024_theta30_rep4,4,Adaptive@rho1.2_c01024_theta30,Adaptive,56,reuse_intensive:rep4:req56,reuse_intensive,0,63,0,L0063,4096,1,,False,1789724425.5154293,0,0,0,,False,False,False,False,0,0.0,0,0,32.0,False,cache_miss,False,False,0,0.0,e98edf26065f03f1d4bde0d861736490a0cad50ca1199dfaada38362c0999a71,True,,,1,0,9310.328521,10720.715113,6,4156,4,32
20260726_formal4t4_reuse_intensive_Adaptive@rho1.2_c01024_theta30_rep4,4,Adaptive@rho1.2_c01024_theta30,Adaptive,57,reuse_intensive:rep4:req57,reuse_intensive,0,5,0,L0005,4096,0,0,True,1789724425.515484,4096,4096,4096,182.11887121200562,False,False,False,False,4096,81.92,1,1,4128.0,True,cache_reused,False,False,0,0.0,41c6536df4ac6b2ba6d329689f5a842042c9a8502d11104c8350be7261592ca2,True,,,1,0,496.847281,1287.657856,6,4156,4,4128
20260726_formal4t4_reuse_intensive_Adaptive@rho1.2_c01024_theta30_rep4,4,Adaptive@rho1.2_c01024_theta30,Adaptive,58,reuse_intensive:rep4:req58,reuse_intensive,0,1,1,L0001,4096,1,0;1,True,1789724425.5155275,4096,4096,4096,87.35815858840942,False,False,False,False,4096,79.92,2,2,4128.0,True,cache_reused,False,False,0,0.0,b3c847e3c013b6345f3ffe1e89f9ff3917117ce50e7e707164f4ea97570e8881,True,,,1,0,9308.636053,10719.076729,6,4156,4,4128
20260726_formal4t4_reuse_intensive_Adaptive@rho1.2_c01024_theta30_rep4,4,Adaptive@rho1.2_c01024_theta30,Adaptive,59,reuse_intensive:rep4:req59,reuse_intensive,0,15,2,L0015,4096,2,0;2,False,1789724425.5155625,4096,4096,4096,98.71865487098694,False,False,False,False,4096,0.0,2,2,4128.0,False,cache_reused,False,False,0,0.0,e60f0710ba0140dab4622ad12e30e77429217cc1adb251c2385dc87423855365,True,,,1,0,311.006321,1076.837844,6,4156,4,4128
20260726_formal4t4_reuse_intensive_Adaptive@rho1.2_c01024_theta30_rep4,4,Adaptive@rho1.2_c01024_theta30,Adaptive,60,reuse_intensive:rep4:req60,reuse_intensive,1,65,0,L0065,4096,0,,False,1789724436.238434,0,0,0,,False,False,False,False,0,0.0,0,0,32.0,False,cache_miss,False,False,0,0.0,9adeb28d64caf16b330f3e2c37158c9c804ee9cbe9e91dc620af23cc54993b0a,True,,,1,0,9330.149401,10121.403907,6,4156,4,32
20260726_formal4t4_reuse_intensive_Adaptive@rho1.2_c01024_theta30_rep4,4,Adaptive@rho1.2_c01024_theta30,Adaptive,61,reuse_intensive:rep4:req61,reuse_intensive,1,69,0,L0069,4096,1,,False,1789724436.2384748,0,0,0,,False,False,False,False,0,0.0,0,0,32.0,False,cache_miss,False,False,0,0.0,b4bac0e9687c9a7fe75012014b5054e6199776c484437df1dd03cc4fc1aa02bf,True,,,1,0,8840.92975,9631.334284,6,4156,4,32
20260726_formal4t4_reuse_intensive_Adaptive@rho1.2_c01024_theta30_rep4,4,Adaptive@rho1.2_c01024_theta30,Adaptive,62,reuse_intensive:rep4:req62,reuse_intensive,1,66,0,L0066,4096,2,,False,1789724436.2385013,0,0,0,,False,False,False,False,0,0.0,0,0,32.0,False,cache_miss,False,False,0,0.0,8245546dcda055a08b664d7bbf71e8fb3a558ebf9f6e2e7ef735677d16ff99da,True,,,1,0,9106.111331,9879.839362,6,4156,4,32
20260726_formal4t4_reuse_intensive_Adaptive@rho1.2_c01024_theta30_rep4,4,Adaptive@rho1.2_c01024_theta30,Adaptive,63,reuse_intensive:rep4:req63,reuse_intensive,1,75,0,L0075,4096,3,,False,1789724436.2385228,0,0,0,,False,False,False,False,0,0.0,0,0,32.0,False,cache_miss,False,False,0,0.0,c20ea311508d7cfb4384bb53f5b40f83833570282e0251cf46fd0d823df626d9,True,,,1,0,10055.327719,10865.595023,6,4156,4,32
20260726_formal4t4_reuse_intensive_Adaptive@rho1.2_c01024_theta30_rep4,4,Adaptive@rho1.2_c01024_theta30,Adaptive,64,reuse_intensive:rep4:req64,reuse_intensive,1,64,0,L0064,4096,0,,False,1789724447.1088445,0,0,0,,False,False,False,False,0,0.0,0,0,32.0,False,cache_miss,False,False,0,0.0,48eadec20feb89e26e6fd56a1a1ca55247fd10e944d5028d8d45c67780a26c0d,True,,,1,0,8774.296931,9558.779775,6,4156,4,32
20260726_formal4t4_reuse_intensive_Adaptive@rho1.2_c01024_theta30_rep4,4,Adaptive@rho1.2_c01024_theta30,Adaptive,65,reuse_intensive:rep4:req65,reuse_intensive,1,64,1,L0064,4096,2,,False,1789724447.108883,0,0,0,,False,False,False,False,0,0.0,0,0,32.0,False,cache_miss,False,False,0,0.0,375a97436d811feafc2c57733e7f4473c60c7343fba4d0a73d93bb77fc0ce32d,True,,,1,0,8464.128519,9206.27515,6,4156,4,32
20260726_formal4t4_reuse_intensive_Adaptive@rho1.2_c01024_theta30_rep4,4,Adaptive@rho1.2_c01024_theta30,Adaptive,66,reuse_intensive:rep4:req66,reuse_intensive,1,64,2,L0064,4096,1,,False,1789724447.1089082,0,0,0,,False,False,False,False,0,0.0,0,0,32.0,False,cache_miss,False,False,0,0.0,18611754b69be49c2eae20a0e092649a05ce89e271b3226602cbb34af48054bf,True,,,1,0,8952.808754,9740.573509,6,4156,4,32
20260726_formal4t4_reuse_intensive_Adaptive@rho1.2_c01024_theta30_rep4,4,Adaptive@rho1.2_c01024_theta30,Adaptive,67,reuse_intensive:rep4:req67,reuse_intensive,1,65,1,L0065,4096,3,,False,1789724447.1089354,4096,0,0,260.2989685535431,True,True,False,False,0,0.0,0,0,32.0,False,cache_miss,False,False,0,0.0,62dbe3ac80d18093901d867d7ff85e680daa639b8ab5f3dc45fa24897b699378,True,,,1,0,9449.731179,10212.491424,6,4156,4,32
20260726_formal4t4_reuse_intensive_Adaptive@rho1.2_c01024_theta30_rep4,4,Adaptive@rho1.2_c01024_theta30,Adaptive,68,reuse_intensive:rep4:req68,reuse_intensive,1,64,0,L0064,4096,0,,False,1789724457.325875,4096,0,0,270.515908241272,True,True,False,False,0,0.0,0,0,4128.0,False,cache_reused,False,False,0,0.0,11fe226070d4778ab2dc89124ff47f5edcb697b786f96a647062f37f50f213aa,True,,,1,0,316.811894,1103.582646,6,4156,4,4128
20260726_formal4t4_reuse_intensive_Adaptive@rho1.2_c01024_theta30_rep4,4,Adaptive@rho1.2_c01024_theta30,Adaptive,69,reuse_intensive:rep4:req69,reuse_intensive,1,77,0,L0077,4096,3,,False,1789724457.3259168,0,0,0,,False,False,False,False,0,0.0,0,0,32.0,False,cache_miss,False,False,0,0.0,5f7cffd4e2276aa167b323f0c19de0721f0b64ceb0b4412e0fd3e96057de8c16,True,,,1,0,9148.548245,9903.557988,6,4156,4,32
20260726_formal4t4_reuse_intensive_Adaptive@rho1.2_c01024_theta30_rep4,4,Adaptive@rho1.2_c01024_theta30,Adaptive,70,reuse_intensive:rep4:req70,reuse_intensive,1,64,1,L0064,4096,1,,False,1789724457.3259435,4096,0,0,270.5159766674042,True,True,False,False,0,0.0,0,0,4128.0,False,cache_reused,False,False,0,0.0,38980a11beb4f1b8f8b667a1ac64c5ad34f9ecae635d8b8b778e595e1ad37e64,True,,,1,0,318.054227,1109.374409,6,4156,4,4128
20260726_formal4t4_reuse_intensive_Adaptive@rho1.2_c01024_theta30_rep4,4,Adaptive@rho1.2_c01024_theta30,Adaptive,71,reuse_intensive:rep4:req71,reuse_intensive,1,69,1,L0069,4096,2,,False,1789724457.3259683,4096,0,0,270.5160014629364,True,True,False,False,0,0.0,0,0,32.0,False,cache_miss,False,False,0,0.0,04787980b03a9da19c4f2b2c0df5909cb7877bdfe873f290bbf0c703d25d8a4c,True,,,1,0,8449.955769,9159.614508,6,4156,4,32
20260726_formal4t4_reuse_intensive_Adaptive@rho1.2_c01024_theta30_rep4,4,Adaptive@rho1.2_c01024_theta30,Adaptive,72,reuse_intensive:rep4:req72,reuse_intensive,1,64,2,L0064,4096,0,,False,1789724467.2324274,4096,0,0,280.4224605560303,True,True,False,False,0,0.0,0,0,4128.0,False,cache_reused,False,False,0,0.0,959fa24d4a225d40b1095fe544bb81072f5999f1a538d32183e299d6b3a25bc8,True,,,1,0,472.258508,1257.467274,6,4156,4,4128
20260726_formal4t4_reuse_intensive_Adaptive@rho1.2_c01024_theta30_rep4,4,Adaptive@rho1.2_c01024_theta30,Adaptive,73,reuse_intensive:rep4:req73,reuse_intensive,1,69,2,L0069,4096,1,,False,1789724467.2324684,4096,0,0,280.4225015640259,True,True,False,False,0,0.0,0,0,4128.0,False,cache_reused,False,False,0,0.0,b552dee26d5a7f5cc0f4151d43ca92e6862b52e8a58c0a750c799e2fb628ae61,True,,,1,0,489.933932,1282.36518,6,4156,4,4128
20260726_formal4t4_reuse_intensive_Adaptive@rho1.2_c01024_theta30_rep4,4,Adaptive@rho1.2_c01024_theta30,Adaptive,74,reuse_intensive:rep4:req74,reuse_intensive,1,76,0,L0076,4096,2,,False,1789724467.2324955,0,0,0,,False,False,False,False,0,0.0,0,0,32.0,False,cache_miss,False,False,0,0.0,e5570f6116401e1489088be92a64c2f5896dbff736b2e80aa2589cab46a772b2,True,,,1,0,9801.130163,10617.266733,6,4156,4,32
20260726_formal4t4_reuse_intensive_Adaptive@rho1.2_c01024_theta30_rep4,4,Adaptive@rho1.2_c01024_theta30,Adaptive,75,reuse_intensive:rep4:req75,reuse_intensive,1,64,0,L0064,4096,3,,False,1789724467.2325191,4096,0,0,280.4225523471832,True,True,False,False,0,0.0,0,0,32.0,False,cache_miss,False,False,0,0.0,1676cebaa3fd17659b7756243e252470fb4e1736c0808170a2299c4349831f98,True,,,1,0,8781.365497,9512.821815,6,4156,4,32
20260726_formal4t4_reuse_intensive_Adaptive@rho1.2_c01024_theta30_rep4,4,Adaptive@rho1.2_c01024_theta30,Adaptive,76,reuse_intensive:rep4:req76,reuse_intensive,1,76,1,L0076,4096,0,,False,1789724477.8536792,4096,0,0,291.0437123775482,True,True,False,False,0,0.0,0,0,32.0,False,cache_miss,False,False,0,0.0,99478312819107221d6f1441f5a64fb1ed317ec16cbb56d4d1bbc5ac322bd285,True,,,1,0,9620.112042,10420.598455,6,4156,4,32
20260726_formal4t4_reuse_intensive_Adaptive@rho1.2_c01024_theta30_rep4,4,Adaptive@rho1.2_c01024_theta30,Adaptive,77,reuse_intensive:rep4:req77,reuse_intensive,1,64,1,L0064,4096,2,,False,1789724477.853719,4096,0,0,291.0437521934509,True,True,False,False,0,0.0,0,0,4128.0,False,cache_reused,False,False,0,0.0,6a5e87515b294e8a081ae079767cb8e029804a3b79597b426ed28471b8aac4fb,True,,,1,0,303.907451,1052.193535,6,4156,4,4128
20260726_formal4t4_reuse_intensive_Adaptive@rho1.2_c01024_theta30_rep4,4,Adaptive@rho1.2_c01024_theta30,Adaptive,78,reuse_intensive:rep4:req78,reuse_intensive,1,66,1,L0066,4096,1,,False,1789724477.853748,4096,0,0,291.0437812805176,True,True,False,False,0,0.0,0,0,32.0,False,cache_miss,False,False,0,0.0,b57b5a98d3f450c90b4adecb3bf4cf8956662bf87a211c165b9b4b0a9fdf198f,True,,,1,0,8707.792945,9459.360286,6,4156,4,32
20260726_formal4t4_reuse_intensive_Adaptive@rho1.2_c01024_theta30_rep4,4,Adaptive@rho1.2_c01024_theta30,Adaptive,79,reuse_intensive:rep4:req79,reuse_intensive,1,64,2,L0064,4096,3,,False,1789724477.8537705,4096,0,0,291.043803691864,True,True,False,False,0,0.0,0,0,4128.0,False,cache_reused,False,False,0,0.0,12207497cf6410603112012d3e844e795dd2c53da74ce088c5badab76cf35fad,True,,,1,0,298.156041,1031.373814,6,4156,4,4128
20260726_formal4t4_reuse_intensive_Adaptive@rho1.2_c01024_theta30_rep4,4,Adaptive@rho1.2_c01024_theta30,Adaptive,80,reuse_intensive:rep4:req80,reuse_intensive,1,64,0,L0064,4096,0,,False,1789724488.2762232,4096,0,0,301.4662563800812,True,True,False,False,0,0.0,0,0,4128.0,False,cache_reused,False,False,0,0.0,3fe4081b7807f9534f3d69f6fddb62ee5ea64076d60eeb5166a3e152abbd8743,True,,,1,0,313.012088,1095.198488,6,4156,4,4128
20260726_formal4t4_reuse_intensive_Adaptive@rho1.2_c01024_theta30_rep4,4,Adaptive@rho1.2_c01024_theta30,Adaptive,81,reuse_intensive:rep4:req81,reuse_intensive,1,64,1,L0064,4096,3,,False,1789724488.2762635,4096,0,0,301.46629667282104,True,True,False,False,0,0.0,0,0,4128.0,False,cache_reused,False,False,0,0.0,11e044cea69a0af16fc0f75b59d3e43b64131c8e5665a752af384e94a3d80dd5,True,,,1,0,430.750554,1163.216591,6,4156,4,4128
20260726_formal4t4_reuse_intensive_Adaptive@rho1.2_c01024_theta30_rep4,4,Adaptive@rho1.2_c01024_theta30,Adaptive,82,reuse_intensive:rep4:req82,reuse_intensive,1,76,2,L0076,4096,1,,False,1789724488.2762885,4096,0,0,301.46632170677185,True,True,False,False,0,0.0,0,0,32.0,False,cache_miss,False,False,0,0.0,ae7c8e1015598cecbed9c65bcefd8214d25905e24bf57b9bcd4601e9003a2e68,True,,,1,0,8582.841224,9345.661777,6,4156,4,32
20260726_formal4t4_reuse_intensive_Adaptive@rho1.2_c01024_theta30_rep4,4,Adaptive@rho1.2_c01024_theta30,Adaptive,83,reuse_intensive:rep4:req83,reuse_intensive,1,64,2,L0064,4096,2,,False,1789724488.2763112,4096,0,0,301.46634435653687,True,True,False,False,0,0.0,0,0,4128.0,False,cache_reused,False,False,0,0.0,bc9adca722dc3848d10290fb6fd248c962bdc21d6444b28d789f5eb7308c8943,True,,,1,0,470.528305,1218.350953,6,4156,4,4128
20260726_formal4t4_reuse_intensive_Adaptive@rho1.2_c01024_theta30_rep4,4,Adaptive@rho1.2_c01024_theta30,Adaptive,84,reuse_intensive:rep4:req84,reuse_intensive,1,64,0,L0064,4096,0,0;2,False,1789724497.6257071,4096,4096,4096,40.30139780044556,False,False,False,False,4096,0.0,2,2,4128.0,False,cache_reused,False,False,0,0.0,f480da805881838ee4b45e252bf9b036dc964a1af688bd9fca6a30b70a021dfc,True,,,1,0,496.237854,2000.333645,6,4156,4,4128
20260726_formal4t4_reuse_intensive_Adaptive@rho1.2_c01024_theta30_rep4,4,Adaptive@rho1.2_c01024_theta30,Adaptive,85,reuse_intensive:rep4:req85,reuse_intensive,1,64,1,L0064,4096,2,0;2,False,1789724497.6257591,4096,4096,4096,40.30097937583923,False,False,False,False,4096,0.0,2,2,4128.0,False,cache_reused,False,False,0,0.0,f692d5a7fbc961d9c29cc21fa3ebd74a8b44a429e1a1ef4917154e2a278ca3f9,True,,,1,0,457.665688,1266.346925,6,4156,4,4128
20260726_formal4t4_reuse_intensive_Adaptive@rho1.2_c01024_theta30_rep4,4,Adaptive@rho1.2_c01024_theta30,Adaptive,86,reuse_intensive:rep4:req86,reuse_intensive,1,65,2,L0065,4096,0,0,True,1789724497.625796,4096,4096,4096,50.51849913597107,False,False,False,False,4096,79.92,1,1,4128.0,True,cache_reused,False,False,0,0.0,74cef84f0ba42ac4072997be30b779ff45902b8822c6a0cf299c52b06d8b619b,True,,,1,0,998.623708,2263.563771,6,4156,4,4128
20260726_formal4t4_reuse_intensive_Adaptive@rho1.2_c01024_theta30_rep4,4,Adaptive@rho1.2_c01024_theta30,Adaptive,87,reuse_intensive:rep4:req87,reuse_intensive,1,64,2,L0064,4096,2,0;2,True,1789724497.625829,4096,4096,4096,40.30104923248291,False,False,False,False,4096,79.92,2,2,4128.0,True,cache_reused,False,False,0,0.0,fc21567fad7ca53e3e17382b0f777d72f48c815c322fe57b6175b8961cb6d799,True,,,1,0,726.704064,1513.508895,6,4156,4,4128
20260726_formal4t4_reuse_intensive_Adaptive@rho1.2_c01024_theta30_rep4,4,Adaptive@rho1.2_c01024_theta30,Adaptive,88,reuse_intensive:rep4:req88,reuse_intensive,1,86,0,L0086,4096,0,,False,1789724499.8932557,0,0,0,,False,False,False,False,0,0.0,0,0,32.0,False,cache_miss,False,False,0,0.0,93d7402f515f0312716bf54d6221f46e84b1a5757425f4b6b5a68538d135aa35,True,,,1,0,9916.695208,11407.804982,6,4156,4,32
20260726_formal4t4_reuse_intensive_Adaptive@rho1.2_c01024_theta30_rep4,4,Adaptive@rho1.2_c01024_theta30,Adaptive,89,reuse_intensive:rep4:req89,reuse_intensive,1,64,0,L0064,4096,2,0;2,True,1789724499.8933117,4096,4096,4096,42.56853199005127,False,False,False,False,4096,81.92,2,2,4128.0,True,cache_reused,False,False,0,0.0,0755695ae907d27af9948f97ac4f929068e74dabecea9f8108b81a8d8b3bbacb,True,,,1,0,304.801046,1058.566258,6,4156,4,4128
20260726_formal4t4_reuse_intensive_Adaptive@rho1.2_c01024_theta30_rep4,4,Adaptive@rho1.2_c01024_theta30,Adaptive,90,reuse_intensive:rep4:req90,reuse_intensive,1,120,0,L0120,4096,3,,False,1789724499.893345,0,0,0,,False,False,False,False,0,0.0,0,0,16.0,False,cache_miss,False,False,0,0.0,6e29b534c0834564f4247a3740e75bfc56bc0cb9173bac8dbb659ef1eb7399d5,True,,,1,0,9303.837827,10051.902458,6,4156,4,16
20260726_formal4t4_reuse_intensive_Adaptive@rho1.2_c01024_theta30_rep4,4,Adaptive@rho1.2_c01024_theta30,Adaptive,91,reuse_intensive:rep4:req91,reuse_intensive,1,65,0,L0065,4096,0,0,True,1789724499.8933792,4096,4096,4096,52.78608226776123,False,False,False,False,4096,79.92,1,1,4128.0,True,cache_reused,False,False,0,0.0,97066f5f7b7781d4a2743eea348864793f020984a4f2c09e35ab9fff7241632d,True,,,1,0,9914.328868,11405.508871,6,4156,4,4128
20260726_formal4t4_reuse_intensive_Adaptive@rho1.2_c01024_theta30_rep4,4,Adaptive@rho1.2_c01024_theta30,Adaptive,92,reuse_intensive:rep4:req92,reuse_intensive,1,64,1,L0064,4096,2,0;2,False,1789724511.3932412,4096,4096,4096,54.068461418151855,False,False,False,False,4096,0.0,2,2,4128.0,False,cache_reused,False,False,0,0.0,700f0ccc4acd3bd92150b4ed05bfd0f0bbfb2212e28e4da422a3fd7fd6c406b4,True,,,1,0,455.686309,1208.828095,6,4156,4,4128
20260726_formal4t4_reuse_intensive_Adaptive@rho1.2_c01024_theta30_rep4,4,Adaptive@rho1.2_c01024_theta30,Adaptive,93,reuse_intensive:rep4:req93,reuse_intensive,1,80,0,L0080,4096,0,,False,1789724511.3932834,0,0,0,,False,False,False,False,0,0.0,0,0,32.0,False,cache_miss,False,False,0,0.0,b8edd09fb86c4b85276d272cd4e07ac010c795f20417f4b7beef7335d289e0e5,True,,,1,0,10091.110732,11645.675338,6,4156,4,32
20260726_formal4t4_reuse_intensive_Adaptive@rho1.2_c01024_theta30_rep4,4,Adaptive@rho1.2_c01024_theta30,Adaptive,94,reuse_intensive:rep4:req94,reuse_intensive,1,65,1,L0065,4096,0,0,True,1789724511.393322,4096,4096,4096,64.28602504730225,False,False,False,False,4096,79.92,1,1,4128.0,True,cache_reused,False,False,0,0.0,9b246c6cf3c1e0d48526e48a608df0960e45a70d711107de60f75590ec9b70f0,True,,,1,0,10090.523686,11645.228217,6,4156,4,4128
20260726_formal4t4_reuse_intensive_Adaptive@rho1.2_c01024_theta30_rep4,4,Adaptive@rho1.2_c01024_theta30,Adaptive,95,reuse_intensive:rep4:req95,reuse_intensive,1,65,2,L0065,4096,0,0,True,1789724511.3933554,4096,4096,4096,64.28605842590332,False,False,False,False,4096,77.92,1,1,4128.0,True,cache_reused,False,False,0,0.0,2613b5cf360201240d47ba59953ff3344eb57e2ef9b4fbb39d92ca8e0f1066ac,True,,,1,0,10089.670694,11644.335994,6,4156,4,4128
20260726_formal4t4_reuse_intensive_Adaptive@rho1.2_c01024_theta30_rep4,4,Adaptive@rho1.2_c01024_theta30,Adaptive,96,reuse_intensive:rep4:req96,reuse_intensive,1,118,0,L0118,4096,1,,False,1789724523.0423954,0,0,0,,False,False,False,False,0,0.0,0,0,16.0,False,cache_miss,False,False,0,0.0,07a8eb51852196912a80f625569133b114068100376ecb568526bdb00ebf10a4,True,,,1,0,8520.334242,9217.054026,6,4156,4,16
20260726_formal4t4_reuse_intensive_Adaptive@rho1.2_c01024_theta30_rep4,4,Adaptive@rho1.2_c01024_theta30,Adaptive,97,reuse_intensive:rep4:req97,reuse_intensive,1,100,0,L0100,4096,0,,False,1789724523.042432,0,0,0,,False,False,False,False,0,0.0,0,0,16.0,False,cache_miss,False,False,0,0.0,a681c2a83258e09cf7b3c763d9822709e1ad7fa5689142818be3da2d1bc72f89,True,,,1,0,9469.180123,10264.966632,6,4156,4,16
20260726_formal4t4_reuse_intensive_Adaptive@rho1.2_c01024_theta30_rep4,4,Adaptive@rho1.2_c01024_theta30,Adaptive,98,reuse_intensive:rep4:req98,reuse_intensive,1,66,2,L0066,4096,3,,False,1789724523.0424566,4096,0,0,336.23248982429504,True,True,False,False,0,0.0,0,0,32.0,False,cache_miss,False,False,0,0.0,038f8cd8b07f948238b66aa83340d118d3bf732af9a4e926fd7f521cdba2be89,True,,,1,0,9525.625016,10294.606444,6,4156,4,32
20260726_formal4t4_reuse_intensive_Adaptive@rho1.2_c01024_theta30_rep4,4,Adaptive@rho1.2_c01024_theta30,Adaptive,99,reuse_intensive:rep4:req99,reuse_intensive,1,64,2,L0064,4096,2,0;2,False,1789724523.0425,4096,4096,4096,65.71772027015686,False,False,False,False,4096,0.0,2,2,4128.0,False,cache_reused,False,False,0,0.0,422671411088d2283051abfe7fca3cd8b62f35e7b94877b89267617b9dca9e1c,True,,,1,0,451.170191,1198.233327,6,4156,4,4128
20260726_formal4t4_reuse_intensive_Adaptive@rho1.2_c01024_theta30_rep4,4,Adaptive@rho1.2_c01024_theta30,Adaptive,100,reuse_intensive:rep4:req100,reuse_intensive,1,64,0,L0064,4096,2,0;2;3,False,1789724533.340829,4096,4096,4096,76.01604914665222,False,False,False,False,4096,0.0,3,3,4128.0,False,cache_reused,False,False,0,0.0,1427e4ee53a37edd7d32a5c116b6fc12a64f516cf7fa9f113d81ff8125940317,True,,,1,0,453.776595,1199.532695,6,4157,4,4128
20260726_formal4t4_reuse_intensive_Adaptive@rho1.2_c01024_theta30_rep4,4,Adaptive@rho1.2_c01024_theta30,Adaptive,101,reuse_intensive:rep4:req101,reuse_intensive,1,70,0,L0070,4096,0,,False,1789724533.340872,0,0,0,,False,False,False,False,0,0.0,0,0,32.0,False,cache_miss,False,False,0,0.0,f3c95d3fc3142e3127c1b509d4843bf4ae227c6076337071c38db12a46b6287d,True,,,1,0,9495.462895,10264.856353,6,4157,4,32
20260726_formal4t4_reuse_intensive_Adaptive@rho1.2_c01024_theta30_rep4,4,Adaptive@rho1.2_c01024_theta30,Adaptive,102,reuse_intensive:rep4:req102,reuse_intensive,1,67,0,L0067,4096,3,,False,1789724533.3409011,0,0,0,,False,False,False,False,0,0.0,0,0,32.0,False,cache_miss,False,False,0,0.0,e85a9ac6b8f5bbbad6eb4febf22e77fb03e68732d71f25c7729eec581e05d7a8,True,,,1,0,9099.435618,9854.272056,6,4157,4,32
20260726_formal4t4_reuse_intensive_Adaptive@rho1.2_c01024_theta30_rep4,4,Adaptive@rho1.2_c01024_theta30,Adaptive,103,reuse_intensive:rep4:req103,reuse_intensive,1,80,1,L0080,4096,1,,False,1789724533.340923,4096,0,0,346.53095626831055,True,True,False,False,0,0.0,0,0,32.0,False,cache_miss,False,False,0,0.0,04c4a6ebf8aa7dc74fcf1762535dd97da7bb814e7c274cae76bc4e842ee650e4,True,,,1,0,8657.880642,9435.235735,6,4157,4,32
20260726_formal4t4_reuse_intensive_Adaptive@rho1.2_c01024_theta30_rep4,4,Adaptive@rho1.2_c01024_theta30,Adaptive,104,reuse_intensive:rep4:req104,reuse_intensive,1,64,1,L0064,4096,3,0;2;3,False,1789724543.6087856,4096,4096,4096,45.98418116569519,False,False,False,False,4096,0.0,3,3,4128.0,False,cache_reused,False,False,0,0.0,7dd01a01dab505fafcbed0a70ba2abd7fc84748b8d25743c0a4ede3515b60a62,True,,,1,0,296.114653,1028.526979,6,4157,4,4128
20260726_formal4t4_reuse_intensive_Adaptive@rho1.2_c01024_theta30_rep4,4,Adaptive@rho1.2_c01024_theta30,Adaptive,105,reuse_intensive:rep4:req105,reuse_intensive,1,66,0,L0066,4096,2,,False,1789724543.608828,4096,0,0,356.7988612651825,True,True,False,False,0,0.0,0,0,4128.0,False,cache_reused,False,False,0,0.0,85e8debd6514b157cc47147bbc4d504ed8601bf497890a7f8daf61d0beaf5ce8,True,,,1,0,473.516787,1250.539904,6,4157,4,4128
20260726_formal4t4_reuse_intensive_Adaptive@rho1.2_c01024_theta30_rep4,4,Adaptive@rho1.2_c01024_theta30,Adaptive,106,reuse_intensive:rep4:req106,reuse_intensive,1,78,0,L0078,4096,0,,False,1789724543.6088579,0,0,0,,False,False,False,False,0,0.0,0,0,32.0,False,cache_miss,False,False,0,0.0,363af41b08fa1f6b6896912a64cfaf050ddcd5d93955c9cfb1f9a8ef5dc764e5,True,,,1,0,9728.345367,10542.978382,6,4157,4,32
20260726_formal4t4_reuse_intensive_Adaptive@rho1.2_c01024_theta30_rep4,4,Adaptive@rho1.2_c01024_theta30,Adaptive,107,reuse_intensive:rep4:req107,reuse_intensive,1,68,0,L0068,4096,1,,False,1789724543.60888,0,0,0,,False,False,False,False,0,0.0,0,0,32.0,False,cache_miss,False,False,0,0.0,47af614fbd76567b458be25e51cec987cf9d269a955212e8dfe9d60ae79a4814,True,,,1,0,9436.766974,10213.606954,6,4157,4,32
20260726_formal4t4_reuse_intensive_Adaptive@rho1.2_c01024_theta30_rep4,4,Adaptive@rho1.2_c01024_theta30,Adaptive,108,reuse_intensive:rep4:req108,reuse_intensive,1,64,2,L0064,4096,0,0;2;3,False,1789724554.1549058,4096,4096,4096,56.53079843521118,False,False,False,False,4096,0.0,3,3,4128.0,False,cache_reused,False,False,0,0.0,bd0f1d2f7309cfb6cf78905223d90a39fd7d7334f9eb099bae378262eb7a4c50,True,,,1,0,314.967778,1106.322471,6,4157,4,4128
20260726_formal4t4_reuse_intensive_Adaptive@rho1.2_c01024_theta30_rep4,4,Adaptive@rho1.2_c01024_theta30,Adaptive,109,reuse_intensive:rep4:req109,reuse_intensive,1,66,1,L0066,4096,2,,False,1789724554.15495,4096,0,0,367.3449831008911,True,True,False,False,0,0.0,0,0,4128.0,False,cache_reused,False,False,0,0.0,8977ab6c7e288576b8e6fbfd0f9543b06b4479a5f3774416165729b71b1f79a6,True,,,1,0,453.36673,1227.749351,6,4157,4,4128
20260726_formal4t4_reuse_intensive_Adaptive@rho1.2_c01024_theta30_rep4,4,Adaptive@rho1.2_c01024_theta30,Adaptive,110,reuse_intensive:rep4:req110,reuse_intensive,1,92,0,L0092,4096,3,,False,1789724554.1549783,0,0,0,,False,False,False,False,0,0.0,0,0,32.0,False,cache_miss,False,False,0,0.0,212ef69b35b000eabb3e20c4ae7185dda241a080af5bf027f5e53f605163ed66,True,,,1,0,9374.263448,10098.219966,6,4157,4,32
20260726_formal4t4_reuse_intensive_Adaptive@rho1.2_c01024_theta30_rep4,4,Adaptive@rho1.2_c01024_theta30,Adaptive,111,reuse_intensive:rep4:req111,reuse_intensive,1,81,0,L0081,4096,1,,False,1789724554.155002,0,0,0,,False,False,False,False,0,0.0,0,0,32.0,False,cache_miss,False,False,0,0.0,7f48b94691500209ca7f8b8d0a2ec6732eec26fd801cc4c0c7447e76a6306cab,True,,,1,0,9057.829757,9827.702783,6,4157,4,32
20260726_formal4t4_reuse_intensive_Adaptive@rho1.2_c01024_theta30_rep4,4,Adaptive@rho1.2_c01024_theta30,Adaptive,112,reuse_intensive:rep4:req112,reuse_intensive,1,64,0,L0064,4096,3,0;2;3,True,1789724564.2569532,4096,4096,4096,66.63234877586365,False,False,False,False,4096,81.92,3,3,4128.0,True,cache_reused,False,False,0,0.0,9a6122fadec770c04858efa77a96ff8110634f8c75ec7ffde7e55f7d6c2bca47,True,,,1,0,299.379085,1035.449564,6,4157,4,4128
20260726_formal4t4_reuse_intensive_Adaptive@rho1.2_c01024_theta30_rep4,4,Adaptive@rho1.2_c01024_theta30,Adaptive,113,reuse_intensive:rep4:req113,reuse_intensive,1,110,0,L0110,4096,0,,False,1789724564.2569964,0,0,0,,False,False,False,False,0,0.0,0,0,32.0,False,cache_miss,False,False,0,0.0,42a4f483ca4f05ac875355c3503ae64af377a33852c20c0202b3dce220ee3d02,True,,,1,0,10689.239144,12193.204307,6,4157,4,32
20260726_formal4t4_reuse_intensive_Adaptive@rho1.2_c01024_theta30_rep4,4,Adaptive@rho1.2_c01024_theta30,Adaptive,114,reuse_intensive:rep4:req114,reuse_intensive,1,65,0,L0065,4096,0,0,True,1789724564.2570326,4096,4096,4096,117.14973568916321,False,False,False,False,4096,79.92,1,1,4128.0,True,cache_reused,False,False,0,0.0,4830bdc699b3a2ba33c22adc220fb5ce9d225b8b26e0f251056e7c2b3fed5f44,True,,,1,0,10688.458112,12192.498577,6,4157,4,4128
20260726_formal4t4_reuse_intensive_Adaptive@rho1.2_c01024_theta30_rep4,4,Adaptive@rho1.2_c01024_theta30,Adaptive,115,reuse_intensive:rep4:req115,reuse_intensive,1,66,2,L0066,4096,1,,False,1789724564.257059,4096,0,0,377.447092294693,True,True,False,False,0,0.0,0,0,4128.0,False,cache_reused,False,False,0,0.0,635678e9b58603014fe710aeeb9b158d8c4c1b71dbb7391fa15e728cbbb13a1d,True,,,1,0,306.445029,1062.182934,6,4157,4,4128
20260726_formal4t4_reuse_intensive_Adaptive@rho1.2_c01024_theta30_rep4,4,Adaptive@rho1.2_c01024_theta30,Adaptive,116,reuse_intensive:rep4:req116,reuse_intensive,1,66,0,L0066,4096,3,,False,1789724576.4534755,4096,0,0,389.64350867271423,True,True,False,False,0,0.0,0,0,4128.0,False,cache_reused,False,False,0,0.0,14fb7c030c05d9e607dd1e9a0b7d5f8663b35bcfef0669a64e1536a6aa078461,True,,,1,0,453.081187,1221.734258,6,4157,4,4128
20260726_formal4t4_reuse_intensive_Adaptive@rho1.2_c01024_theta30_rep4,4,Adaptive@rho1.2_c01024_theta30,Adaptive,117,reuse_intensive:rep4:req117,reuse_intensive,1,65,1,L0065,4096,0,0,True,1789724576.4535356,4096,4096,4096,129.34623861312866,False,False,False,False,4096,81.92,1,1,4128.0,True,cache_reused,False,False,0,0.0,02f7626474cff6068865db82658a2fe3fb30aeb3d13206e3f5d17cfe596beb74,True,,,1,0,316.276632,1099.622974,6,4157,4,4128
20260726_formal4t4_reuse_intensive_Adaptive@rho1.2_c01024_theta30_rep4,4,Adaptive@rho1.2_c01024_theta30,Adaptive,118,reuse_intensive:rep4:req118,reuse_intensive,1,64,1,L0064,4096,2,0;2;3,True,1789724576.4535797,4096,4096,4096,53.41271686553955,False,False,False,False,4096,81.92,3,3,4128.0,True,cache_reused,False,False,0,0.0,3a10cfd2b509247fe76078454973cb4f2eb0f000dd781ef415e8e99a30c9d688,True,,,1,0,449.634541,1195.098546,6,4157,4,4128
20260726_formal4t4_reuse_intensive_Adaptive@rho1.2_c01024_theta30_rep4,4,Adaptive@rho1.2_c01024_theta30,Adaptive,119,reuse_intensive:rep4:req119,reuse_intensive,1,69,0,L0069,4096,1,1,False,1789724576.453615,4096,4096,4096,129.34586572647095,False,False,False,False,4096,0.0,1,1,4128.0,False,cache_reused,False,False,0,0.0,7cdc4a63a0b8874ef5726ea9bdbce425e7546ef8b9af4841bbdd103781c7a229,True,,,1,0,453.163909,1240.799517,6,4157,4,4128
