experiment_id,rep,cell_id,policy,rho,workload,event,cell,update_id,owner,prefix_digest64,op,generation_time,dispatcher_arrival_time,coverage_tokens,payload_bytes
20260726_formal4t4_reuse_intensive_Adaptive@rho1.2_c01024_theta30_rep0,0,Adaptive@rho1.2_c01024_theta30,Adaptive,1.2,reuse_intensive,dispatcher_arrival,7085,0,0,15769623694692820738,upsert,1789717440.0919237,1789717440.0955648,4096,64
20260726_formal4t4_reuse_intensive_Adaptive@rho1.2_c01024_theta30_rep0,0,Adaptive@rho1.2_c01024_theta30,Adaptive,1.2,reuse_intensive,dispatcher_arrival,7085,2,2,15769623694692820738,upsert,1789717440.092075,1789717440.0956683,4096,64
20260726_formal4t4_reuse_intensive_Adaptive@rho1.2_c01024_theta30_rep0,0,Adaptive@rho1.2_c01024_theta30,Adaptive,1.2,reuse_intensive,dispatcher_arrival,7085,4,0,12613465747135452669,upsert,1789717449.5975313,1789717449.6011708,4096,64
20260726_formal4t4_reuse_intensive_Adaptive@rho1.2_c01024_theta30_rep0,0,Adaptive@rho1.2_c01024_theta30,Adaptive,1.2,reuse_intensive,dispatcher_arrival,7085,7,3,12613465747135452669,upsert,1789717449.5977044,1789717449.601252,4096,64
20260726_formal4t4_reuse_intensive_Adaptive@rho1.2_c01024_theta30_rep0,0,Adaptive@rho1.2_c01024_theta30,Adaptive,1.2,reuse_intensive,dispatcher_arrival,7085,8,0,12523743054995375112,upsert,1789717459.4417686,1789717459.445711,4096,64
20260726_formal4t4_reuse_intensive_Adaptive@rho1.2_c01024_theta30_rep0,0,Adaptive@rho1.2_c01024_theta30,Adaptive,1.2,reuse_intensive,dispatcher_arrival,7085,10,2,12523743054995375112,upsert,1789717459.441961,1789717459.4458075,4096,64
20260726_formal4t4_reuse_intensive_Adaptive@rho1.2_c01024_theta30_rep0,0,Adaptive@rho1.2_c01024_theta30,Adaptive,1.2,reuse_intensive,dispatcher_arrival,7085,12,0,9971321710674973507,upsert,1789717469.117437,1789717469.1211557,4096,64
20260726_formal4t4_reuse_intensive_Adaptive@rho1.2_c01024_theta30_rep0,0,Adaptive@rho1.2_c01024_theta30,Adaptive,1.2,reuse_intensive,dispatcher_arrival,7085,15,3,9971321710674973507,upsert,1789717469.1176174,1789717469.1212502,4096,64
20260726_formal4t4_reuse_intensive_Adaptive@rho1.2_c01024_theta30_rep0,0,Adaptive@rho1.2_c01024_theta30,Adaptive,1.2,reuse_intensive,dispatcher_arrival,7085,16,0,4650049274038987083,upsert,1789717479.3117774,1789717479.315418,4096,64
20260726_formal4t4_reuse_intensive_Adaptive@rho1.2_c01024_theta30_rep0,0,Adaptive@rho1.2_c01024_theta30,Adaptive,1.2,reuse_intensive,dispatcher_arrival,7085,19,3,4650049274038987083,upsert,1789717479.3119514,1789717479.315496,4096,64
20260726_formal4t4_reuse_intensive_Adaptive@rho1.2_c01024_theta30_rep0,0,Adaptive@rho1.2_c01024_theta30,Adaptive,1.2,reuse_intensive,dispatcher_arrival,7085,20,0,3163096543987652428,upsert,1789717489.760394,1789717489.7639883,4096,64
20260726_formal4t4_reuse_intensive_Adaptive@rho1.2_c01024_theta30_rep0,0,Adaptive@rho1.2_c01024_theta30,Adaptive,1.2,reuse_intensive,dispatcher_arrival,7085,22,2,3163096543987652428,upsert,1789717489.760523,1789717489.7640665,4096,64
20260726_formal4t4_reuse_intensive_Adaptive@rho1.2_c01024_theta30_rep0,0,Adaptive@rho1.2_c01024_theta30,Adaptive,1.2,reuse_intensive,dispatcher_arrival,7085,24,0,10402019323283478844,upsert,1789717499.5279813,1789717499.5318155,4096,64
20260726_formal4t4_reuse_intensive_Adaptive@rho1.2_c01024_theta30_rep0,0,Adaptive@rho1.2_c01024_theta30,Adaptive,1.2,reuse_intensive,dispatcher_arrival,7085,27,3,10402019323283478844,upsert,1789717499.5281847,1789717499.531892,4096,64
20260726_formal4t4_reuse_intensive_Adaptive@rho1.2_c01024_theta30_rep0,0,Adaptive@rho1.2_c01024_theta30,Adaptive,1.2,reuse_intensive,dispatcher_arrival,7085,28,0,14064140743279553366,upsert,1789717509.4923193,1789717509.4959173,4096,64
20260726_formal4t4_reuse_intensive_Adaptive@rho1.2_c01024_theta30_rep0,0,Adaptive@rho1.2_c01024_theta30,Adaptive,1.2,reuse_intensive,dispatcher_arrival,7085,31,3,14064140743279553366,upsert,1789717509.492493,1789717511.7393172,4096,64
20260726_formal4t4_reuse_intensive_Adaptive@rho1.2_c01024_theta30_rep0,0,Adaptive@rho1.2_c01024_theta30,Adaptive,1.2,reuse_intensive,dispatcher_arrival,7085,32,0,12376960631178457983,upsert,1789717519.6530826,1789717545.7392874,4096,64
20260726_formal4t4_reuse_intensive_Adaptive@rho1.2_c01024_theta30_rep0,0,Adaptive@rho1.2_c01024_theta30,Adaptive,1.2,reuse_intensive,dispatcher_arrival,7085,35,3,12376960631178457983,upsert,1789717519.6532803,1789717551.3913782,4096,64
20260726_formal4t4_reuse_intensive_Adaptive@rho1.2_c01024_theta30_rep0,0,Adaptive@rho1.2_c01024_theta30,Adaptive,1.2,reuse_intensive,dispatcher_arrival,7085,36,0,947483498426156190,upsert,1789717529.4093547,1789717560.9565976,4096,64
20260726_formal4t4_reuse_intensive_Adaptive@rho1.2_c01024_theta30_rep0,0,Adaptive@rho1.2_c01024_theta30,Adaptive,1.2,reuse_intensive,dispatcher_arrival,7085,39,3,947483498426156190,upsert,1789717529.4095206,1789717560.9566886,4096,64
20260726_formal4t4_reuse_intensive_Adaptive@rho1.2_c01024_theta30_rep0,0,Adaptive@rho1.2_c01024_theta30,Adaptive,1.2,reuse_intensive,dispatcher_arrival,7085,40,0,3073007241776570211,upsert,1789717539.5763938,1789717572.2609427,4096,64
20260726_formal4t4_reuse_intensive_Adaptive@rho1.2_c01024_theta30_rep0,0,Adaptive@rho1.2_c01024_theta30,Adaptive,1.2,reuse_intensive,dispatcher_arrival,7085,43,3,3073007241776570211,upsert,1789717539.5765748,1789717584.1740227,4096,64
20260726_formal4t4_reuse_intensive_Adaptive@rho1.2_c01024_theta30_rep0,0,Adaptive@rho1.2_c01024_theta30,Adaptive,1.2,reuse_intensive,dispatcher_arrival,7085,48,0,14774026810505956694,upsert,1789717552.8101301,1789717595.5653427,4096,64
20260726_formal4t4_reuse_intensive_Adaptive@rho1.2_c01024_theta30_rep0,0,Adaptive@rho1.2_c01024_theta30,Adaptive,1.2,reuse_intensive,dispatcher_arrival,7085,51,3,14774026810505956694,upsert,1789717552.810321,1789717595.565442,4096,64
20260726_formal4t4_reuse_intensive_Adaptive@rho1.2_c01024_theta30_rep0,0,Adaptive@rho1.2_c01024_theta30,Adaptive,1.2,reuse_intensive,dispatcher_arrival,7085,52,0,5281956220402968541,upsert,1789717563.4034946,1789717606.8696682,4096,64
20260726_formal4t4_reuse_intensive_Adaptive@rho1.2_c01024_theta30_rep0,0,Adaptive@rho1.2_c01024_theta30,Adaptive,1.2,reuse_intensive,dispatcher_arrival,7085,56,0,1785562587857272681,upsert,1789717573.5354345,1789717615.3913782,4096,64
20260726_formal4t4_reuse_intensive_Adaptive@rho1.2_c01024_theta30_rep0,0,Adaptive@rho1.2_c01024_theta30,Adaptive,1.2,reuse_intensive,dispatcher_arrival,7085,70,2,5281956220402968541,upsert,1789717587.9413228,1789717626.7826874,4096,64
20260726_formal4t4_reuse_intensive_Adaptive@rho1.2_c01024_theta30_rep0,0,Adaptive@rho1.2_c01024_theta30,Adaptive,1.2,reuse_intensive,dispatcher_arrival,7085,72,0,947483498426156190,upsert,1789717589.9194567,1789717626.7827833,4096,64
20260726_formal4t4_reuse_intensive_Adaptive@rho1.2_c01024_theta30_rep0,0,Adaptive@rho1.2_c01024_theta30,Adaptive,1.2,reuse_intensive,dispatcher_arrival,7085,76,0,3163096543987652428,upsert,1789717600.2513335,1789717638.0870326,4096,64
20260726_formal4t4_reuse_intensive_Adaptive@rho1.2_c01024_theta30_rep0,0,Adaptive@rho1.2_c01024_theta30,Adaptive,1.2,reuse_intensive,dispatcher_arrival,7085,92,3,12613465747135452669,upsert,1789717614.7352893,1789717646.608821,4096,64
20260726_formal4t4_reuse_intensive_Adaptive@rho1.2_c01024_theta30_rep0,0,Adaptive@rho1.2_c01024_theta30,Adaptive,1.2,reuse_intensive,dispatcher_arrival,7085,96,2,11074190661555870271,upsert,1789717623.899505,1789717658.0001438,4096,64
20260726_formal4t4_reuse_intensive_Adaptive@rho1.2_c01024_theta30_rep0,0,Adaptive@rho1.2_c01024_theta30,Adaptive,1.2,reuse_intensive,dispatcher_arrival,7085,99,0,5281956220402968541,upsert,1789717623.9007294,1789717658.000271,4096,64
20260726_formal4t4_reuse_intensive_Adaptive@rho1.2_c01024_theta30_rep0,0,Adaptive@rho1.2_c01024_theta30,Adaptive,1.2,reuse_intensive,dispatcher_arrival,7085,116,1,13982934541694442251,upsert,1789717640.8720357,1789717669.3044791,4096,64
20260726_formal4t4_reuse_intensive_Adaptive@rho1.2_c01024_theta30_rep0,0,Adaptive@rho1.2_c01024_theta30,Adaptive,1.2,reuse_intensive,dispatcher_arrival,7085,118,0,9971321710674973507,upsert,1789717640.8728633,1789717677.8262086,4096,64
20260726_formal4t4_reuse_intensive_Adaptive@rho1.2_c01024_theta30_rep0,0,Adaptive@rho1.2_c01024_theta30,Adaptive,1.2,reuse_intensive,dispatcher_arrival,7085,125,3,15507369539614680842,upsert,1789717652.5755932,1789717689.2174747,4096,64
20260726_formal4t4_reuse_intensive_Adaptive@rho1.2_c01024_theta30_rep0,0,Adaptive@rho1.2_c01024_theta30,Adaptive,1.2,reuse_intensive,dispatcher_arrival,7085,126,1,16959770370201147106,upsert,1789717652.5759537,1789717689.217562,4096,64
20260726_formal4t4_reuse_intensive_Adaptive@rho1.2_c01024_theta30_rep0,0,Adaptive@rho1.2_c01024_theta30,Adaptive,1.2,reuse_intensive,dispatcher_arrival,7085,128,0,14333057367934485678,upsert,1789717662.2562952,1789717700.521879,4096,64
20260726_formal4t4_reuse_intensive_Adaptive@rho1.2_c01024_theta30_rep0,0,Adaptive@rho1.2_c01024_theta30,Adaptive,1.2,reuse_intensive,dispatcher_arrival,7085,133,2,5080278736125677280,upsert,1789717671.765383,1789717709.0435717,4096,64
20260726_formal4t4_reuse_intensive_Adaptive@rho1.2_c01024_theta30_rep0,0,Adaptive@rho1.2_c01024_theta30,Adaptive,1.2,reuse_intensive,dispatcher_arrival,7085,140,0,17846715708891391149,upsert,1789717691.2336202,1789717717.5653768,4096,64
20260726_formal4t4_reuse_intensive_Adaptive@rho1.2_c01024_theta30_rep0,0,Adaptive@rho1.2_c01024_theta30,Adaptive,1.2,reuse_intensive,dispatcher_arrival,7085,141,1,11821849661176330329,upsert,1789717691.2340584,1789717717.5654776,4096,64
20260726_formal4t4_reuse_intensive_Adaptive@rho1.2_c01024_theta30_rep0,0,Adaptive@rho1.2_c01024_theta30,Adaptive,1.2,reuse_intensive,dispatcher_arrival,7085,144,0,3653934292717507175,upsert,1789717701.926745,1789717728.8697028,4096,64
20260726_formal4t4_reuse_intensive_Adaptive@rho1.2_c01024_theta30_rep0,0,Adaptive@rho1.2_c01024_theta30,Adaptive,1.2,reuse_intensive,dispatcher_arrival,7085,148,1,11821849661176330329,upsert,1789717711.466777,1789717737.391443,4096,64
20260726_formal4t4_reuse_intensive_Adaptive@rho1.2_c01024_theta30_rep0,0,Adaptive@rho1.2_c01024_theta30,Adaptive,1.2,reuse_intensive,dispatcher_arrival,7085,149,0,3566375612704271676,upsert,1789717711.4672506,1789717745.9131873,4096,64
20260726_formal4t4_reuse_intensive_Adaptive@rho1.2_c01024_theta30_rep0,0,Adaptive@rho1.2_c01024_theta30,Adaptive,1.2,reuse_intensive,dispatcher_arrival,7085,150,3,5080278736125677280,upsert,1789717711.4676144,1789717745.913278,4096,64
20260726_formal4t4_reuse_intensive_Adaptive@rho1.2_c01024_theta30_rep0,0,Adaptive@rho1.2_c01024_theta30,Adaptive,1.2,reuse_intensive,dispatcher_arrival,7085,152,1,17846715708891391149,upsert,1789717721.1694295,1789717757.217481,4096,64
20260726_formal4t4_reuse_intensive_Adaptive@rho1.2_c01024_theta30_rep0,0,Adaptive@rho1.2_c01024_theta30,Adaptive,1.2,reuse_intensive,dispatcher_arrival,7085,157,0,8844125626369699122,upsert,1789717731.507145,1789717765.7392998,4096,64
20260726_formal4t4_reuse_intensive_Adaptive@rho1.2_c01024_theta30_rep0,0,Adaptive@rho1.2_c01024_theta30,Adaptive,1.2,reuse_intensive,dispatcher_arrival,7085,160,0,17846715708891391149,upsert,1789717740.992018,1789717774.260983,4096,64
20260726_formal4t4_reuse_intensive_Adaptive@rho1.2_c01024_theta30_rep0,0,Adaptive@rho1.2_c01024_theta30,Adaptive,1.2,reuse_intensive,dispatcher_arrival,7085,162,1,11821849661176330329,upsert,1789717740.99285,1789717774.2610714,4096,64
20260726_formal4t4_reuse_intensive_Adaptive@rho1.2_c01024_theta30_rep0,0,Adaptive@rho1.2_c01024_theta30,Adaptive,1.2,reuse_intensive,dispatcher_arrival,7085,164,2,13764273285245102789,upsert,1789717751.548792,1789717785.565355,4096,64
20260726_formal4t4_reuse_intensive_Adaptive@rho1.2_c01024_theta30_rep0,0,Adaptive@rho1.2_c01024_theta30,Adaptive,1.2,reuse_intensive,dispatcher_arrival,7085,168,0,11592361518825428217,upsert,1789717762.1802104,1789717794.0870507,4096,64
20260726_formal4t4_reuse_intensive_StaticSemantic@rho1.2_rep0,0,StaticSemantic@rho1.2,StaticSemantic,1.2,reuse_intensive,dispatcher_arrival,7086,0,0,15769623694692820738,upsert,1789717809.645604,1789717834.1740508,4096,64
20260726_formal4t4_reuse_intensive_StaticSemantic@rho1.2_rep0,0,StaticSemantic@rho1.2,StaticSemantic,1.2,reuse_intensive,dispatcher_arrival,7086,2,2,15769623694692820738,upsert,1789717809.6457398,1789717839.8261712,4096,64
20260726_formal4t4_reuse_intensive_StaticSemantic@rho1.2_rep0,0,StaticSemantic@rho1.2,StaticSemantic,1.2,reuse_intensive,dispatcher_arrival,7086,4,0,12613465747135452669,upsert,1789717819.7926526,1789717839.8262622,4096,64
20260726_formal4t4_reuse_intensive_StaticSemantic@rho1.2_rep0,0,StaticSemantic@rho1.2,StaticSemantic,1.2,reuse_intensive,dispatcher_arrival,7086,7,3,12613465747135452669,upsert,1789717819.7928221,1789717859.7392395,4096,64
20260726_formal4t4_reuse_intensive_StaticSemantic@rho1.2_rep0,0,StaticSemantic@rho1.2,StaticSemantic,1.2,reuse_intensive,dispatcher_arrival,7086,8,0,12523743054995375112,upsert,1789717830.101958,1789717868.2610612,4096,64
20260726_formal4t4_reuse_intensive_StaticSemantic@rho1.2_rep0,0,StaticSemantic@rho1.2,StaticSemantic,1.2,reuse_intensive,dispatcher_arrival,7086,11,3,12523743054995375112,upsert,1789717830.102127,1789717879.6522627,4096,64
20260726_formal4t4_reuse_intensive_StaticSemantic@rho1.2_rep0,0,StaticSemantic@rho1.2,StaticSemantic,1.2,reuse_intensive,dispatcher_arrival,7086,12,0,9971321710674973507,upsert,1789717840.548426,1789717879.6523619,4096,64
20260726_formal4t4_reuse_intensive_StaticSemantic@rho1.2_rep0,0,StaticSemantic@rho1.2,StaticSemantic,1.2,reuse_intensive,dispatcher_arrival,7086,15,3,9971321710674973507,upsert,1789717840.5485978,1789717894.8696961,4096,64
20260726_formal4t4_reuse_intensive_StaticSemantic@rho1.2_rep0,0,StaticSemantic@rho1.2,StaticSemantic,1.2,reuse_intensive,dispatcher_arrival,7086,16,0,4650049274038987083,upsert,1789717850.750946,1789717903.391438,4096,64
20260726_formal4t4_reuse_intensive_StaticSemantic@rho1.2_rep0,0,StaticSemantic@rho1.2,StaticSemantic,1.2,reuse_intensive,dispatcher_arrival,7086,19,3,4650049274038987083,upsert,1789717850.751133,1789717914.7826936,4096,64
20260726_formal4t4_reuse_intensive_StaticSemantic@rho1.2_rep0,0,StaticSemantic@rho1.2,StaticSemantic,1.2,reuse_intensive,dispatcher_arrival,7086,20,0,3163096543987652428,upsert,1789717861.0319018,1789717914.7827797,4096,64
20260726_formal4t4_reuse_intensive_StaticSemantic@rho1.2_rep0,0,StaticSemantic@rho1.2,StaticSemantic,1.2,reuse_intensive,dispatcher_arrival,7086,23,3,3163096543987652428,upsert,1789717861.0321004,1789717926.0870483,4096,64
20260726_formal4t4_reuse_intensive_StaticSemantic@rho1.2_rep0,0,StaticSemantic@rho1.2,StaticSemantic,1.2,reuse_intensive,dispatcher_arrival,7086,24,0,10402019323283478844,upsert,1789717870.9580855,1789717934.6087663,4096,64
20260726_formal4t4_reuse_intensive_StaticSemantic@rho1.2_rep0,0,StaticSemantic@rho1.2,StaticSemantic,1.2,reuse_intensive,dispatcher_arrival,7086,25,1,10402019323283478844,upsert,1789717870.9582233,1789717946.0001278,4096,64
20260726_formal4t4_reuse_intensive_StaticSemantic@rho1.2_rep0,0,StaticSemantic@rho1.2,StaticSemantic,1.2,reuse_intensive,dispatcher_arrival,7086,28,0,14064140743279553366,upsert,1789717881.5397885,1789717946.000244,4096,64
20260726_formal4t4_reuse_intensive_StaticSemantic@rho1.2_rep0,0,StaticSemantic@rho1.2,StaticSemantic,1.2,reuse_intensive,dispatcher_arrival,7086,29,1,14064140743279553366,upsert,1789717881.5398884,1789717957.304431,4096,64
20260726_formal4t4_reuse_intensive_StaticSemantic@rho1.2_rep0,0,StaticSemantic@rho1.2,StaticSemantic,1.2,reuse_intensive,dispatcher_arrival,7086,32,0,12376960631178457983,upsert,1789717891.4236507,1789717965.8262086,4096,64
20260726_formal4t4_reuse_intensive_StaticSemantic@rho1.2_rep0,0,StaticSemantic@rho1.2,StaticSemantic,1.2,reuse_intensive,dispatcher_arrival,7086,35,3,12376960631178457983,upsert,1789717891.4238377,1789717977.2174568,4096,64
20260726_formal4t4_reuse_intensive_StaticSemantic@rho1.2_rep0,0,StaticSemantic@rho1.2,StaticSemantic,1.2,reuse_intensive,dispatcher_arrival,7086,36,0,947483498426156190,upsert,1789717901.4254768,1789717977.217554,4096,64
20260726_formal4t4_reuse_intensive_StaticSemantic@rho1.2_rep0,0,StaticSemantic@rho1.2,StaticSemantic,1.2,reuse_intensive,dispatcher_arrival,7086,40,0,3073007241776570211,upsert,1789717911.2877762,1789717988.5218868,4096,64
20260726_formal4t4_reuse_intensive_StaticSemantic@rho1.2_rep0,0,StaticSemantic@rho1.2,StaticSemantic,1.2,reuse_intensive,dispatcher_arrival,7086,43,3,3073007241776570211,upsert,1789717911.2879531,1789717997.043535,4096,64
20260726_formal4t4_reuse_intensive_StaticSemantic@rho1.2_rep0,0,StaticSemantic@rho1.2,StaticSemantic,1.2,reuse_intensive,dispatcher_arrival,7086,44,0,14108233664250482536,upsert,1789717914.5314856,1789718008.4348679,2048,64
20260726_formal4t4_reuse_intensive_StaticSemantic@rho1.2_rep0,0,StaticSemantic@rho1.2,StaticSemantic,1.2,reuse_intensive,dispatcher_arrival,7086,46,2,14108233664250482536,upsert,1789717914.5316522,1789718008.43495,2048,64
20260726_formal4t4_reuse_intensive_StaticSemantic@rho1.2_rep0,0,StaticSemantic@rho1.2,StaticSemantic,1.2,reuse_intensive,dispatcher_arrival,7086,48,0,14774026810505956694,upsert,1789717924.2641754,1789718019.7392967,4096,64
20260726_formal4t4_reuse_intensive_StaticSemantic@rho1.2_rep0,0,StaticSemantic@rho1.2,StaticSemantic,1.2,reuse_intensive,dispatcher_arrival,7086,51,3,14774026810505956694,upsert,1789717924.2643492,1789718028.2610004,4096,64
20260726_formal4t4_reuse_intensive_StaticSemantic@rho1.2_rep0,0,StaticSemantic@rho1.2,StaticSemantic,1.2,reuse_intensive,dispatcher_arrival,7086,52,0,5281956220402968541,upsert,1789717934.3448431,1789718036.7827425,4096,64
20260726_formal4t4_reuse_intensive_StaticSemantic@rho1.2_rep0,0,StaticSemantic@rho1.2,StaticSemantic,1.2,reuse_intensive,dispatcher_arrival,7086,54,2,5281956220402968541,upsert,1789717934.3450096,1789718036.7828276,4096,64
20260726_formal4t4_reuse_intensive_StaticSemantic@rho1.2_rep0,0,StaticSemantic@rho1.2,StaticSemantic,1.2,reuse_intensive,dispatcher_arrival,7086,56,0,1785562587857272681,upsert,1789717944.275862,1789718048.0870495,4096,64
20260726_formal4t4_reuse_intensive_StaticSemantic@rho1.2_rep0,0,StaticSemantic@rho1.2,StaticSemantic,1.2,reuse_intensive,dispatcher_arrival,7086,59,3,1785562587857272681,upsert,1789717944.276032,1789718056.6088057,4096,64
20260726_formal4t4_reuse_intensive_StaticSemantic@rho1.2_rep0,0,StaticSemantic@rho1.2,StaticSemantic,1.2,reuse_intensive,dispatcher_arrival,7086,60,0,1610475058989402671,upsert,1789717947.3680794,1789718065.1305068,2048,64
20260726_formal4t4_reuse_intensive_StaticSemantic@rho1.2_rep0,0,StaticSemantic@rho1.2,StaticSemantic,1.2,reuse_intensive,dispatcher_arrival,7086,62,2,1610475058989402671,upsert,1789717947.3682637,1789718065.1305642,2048,64
20260726_formal4t4_reuse_intensive_StaticSemantic@rho1.2_rep0,0,StaticSemantic@rho1.2,StaticSemantic,1.2,reuse_intensive,dispatcher_arrival,7086,66,2,947483498426156190,upsert,1789717949.254766,1789718076.434866,4096,64
20260726_formal4t4_reuse_intensive_StaticSemantic@rho1.2_rep0,0,StaticSemantic@rho1.2,StaticSemantic,1.2,reuse_intensive,dispatcher_arrival,7086,68,3,14361523986587977395,upsert,1789717959.107504,1789718084.9565547,4096,64
20260726_formal4t4_reuse_intensive_StaticSemantic@rho1.2_rep0,0,StaticSemantic@rho1.2,StaticSemantic,1.2,reuse_intensive,dispatcher_arrival,7086,69,2,13367182244321225226,upsert,1789717959.1075938,1789718093.4783413,4096,64
20260726_formal4t4_reuse_intensive_StaticSemantic@rho1.2_rep0,0,StaticSemantic@rho1.2,StaticSemantic,1.2,reuse_intensive,dispatcher_arrival,7086,72,0,947483498426156190,upsert,1789717961.2518044,1789718093.4784431,4096,64
20260726_formal4t4_reuse_intensive_StaticSemantic@rho1.2_rep0,0,StaticSemantic@rho1.2,StaticSemantic,1.2,reuse_intensive,dispatcher_arrival,7086,76,3,3163096543987652428,upsert,1789717971.175553,1789718104.7827053,4096,64
20260726_formal4t4_reuse_intensive_StaticSemantic@rho1.2_rep0,0,StaticSemantic@rho1.2,StaticSemantic,1.2,reuse_intensive,dispatcher_arrival,7086,79,1,7230541217248033124,upsert,1789717971.1757386,1789718113.3044503,4096,64
20260726_formal4t4_reuse_intensive_StaticSemantic@rho1.2_rep0,0,StaticSemantic@rho1.2,StaticSemantic,1.2,reuse_intensive,dispatcher_arrival,7086,77,0,4650049274038987083,upsert,1789717971.1756492,1789718121.826188,4096,64
20260726_formal4t4_reuse_intensive_StaticSemantic@rho1.2_rep0,0,StaticSemantic@rho1.2,StaticSemantic,1.2,reuse_intensive,dispatcher_arrival,7086,82,0,12376960631178457983,upsert,1789717972.428476,1789718121.826283,4096,64
20260726_formal4t4_reuse_intensive_StaticSemantic@rho1.2_rep0,0,StaticSemantic@rho1.2,StaticSemantic,1.2,reuse_intensive,dispatcher_arrival,7086,95,3,16374985302794130926,upsert,1789717985.2564251,1789718133.1305285,4096,64
20260726_formal4t4_reuse_intensive_StaticSemantic@rho1.2_rep0,0,StaticSemantic@rho1.2,StaticSemantic,1.2,reuse_intensive,dispatcher_arrival,7086,164,3,15769623694692820738,tombstone,1789718111.5636616,1789718141.6522748,0,64
20260726_formal4t4_reuse_intensive_StaticSemantic@rho1.2_rep0,0,StaticSemantic@rho1.2,StaticSemantic,1.2,reuse_intensive,dispatcher_arrival,7086,167,3,4650049274038987083,tombstone,1789718120.915248,1789718150.1740563,0,64
20260726_formal4t4_reuse_intensive_StaticSemantic@rho1.2_rep0,0,StaticSemantic@rho1.2,StaticSemantic,1.2,reuse_intensive,dispatcher_arrival,7086,96,0,11074190661555870271,upsert,1789717994.966194,1789718150.1741438,4096,64
20260726_formal4t4_reuse_intensive_StaticSemantic@rho1.2_rep0,0,StaticSemantic@rho1.2,StaticSemantic,1.2,reuse_intensive,dispatcher_arrival,7086,174,3,10402019323283478844,tombstone,1789718130.7403598,1789718161.4783864,0,64
20260726_formal4t4_reuse_intensive_RateFIFO@rho1.2_rep0,0,RateFIFO@rho1.2,RateFIFO,1.2,reuse_intensive,dispatcher_arrival,7087,0,0,15769623694692820738,upsert,1789718177.4634488,1789718201.5653465,4096,64
20260726_formal4t4_reuse_intensive_RateFIFO@rho1.2_rep0,0,RateFIFO@rho1.2,RateFIFO,1.2,reuse_intensive,dispatcher_arrival,7087,4,0,12613465747135452669,upsert,1789718187.0296218,1789718218.6957812,4096,64
20260726_formal4t4_reuse_intensive_RateFIFO@rho1.2_rep0,0,RateFIFO@rho1.2,RateFIFO,1.2,reuse_intensive,dispatcher_arrival,7087,8,0,12523743054995375112,upsert,1789718197.2911026,1789718218.6958854,4096,64
20260726_formal4t4_reuse_intensive_RateFIFO@rho1.2_rep0,0,RateFIFO@rho1.2,RateFIFO,1.2,reuse_intensive,dispatcher_arrival,7087,12,0,9971321710674973507,upsert,1789718207.4726224,1789718230.0001514,4096,64
20260726_formal4t4_reuse_intensive_RateFIFO@rho1.2_rep0,0,RateFIFO@rho1.2,RateFIFO,1.2,reuse_intensive,dispatcher_arrival,7087,16,0,4650049274038987083,upsert,1789718217.14257,1789718230.000279,4096,64
20260726_formal4t4_reuse_intensive_RateFIFO@rho1.2_rep0,0,RateFIFO@rho1.2,RateFIFO,1.2,reuse_intensive,dispatcher_arrival,7087,20,0,3163096543987652428,upsert,1789718226.9905388,1789718244.1740932,4096,64
20260726_formal4t4_reuse_intensive_RateFIFO@rho1.2_rep0,0,RateFIFO@rho1.2,RateFIFO,1.2,reuse_intensive,dispatcher_arrival,7087,24,0,10402019323283478844,upsert,1789718237.37824,1789718255.5653791,4096,64
20260726_formal4t4_reuse_intensive_RateFIFO@rho1.2_rep0,0,RateFIFO@rho1.2,RateFIFO,1.2,reuse_intensive,dispatcher_arrival,7087,28,0,14064140743279553366,upsert,1789718247.6347775,1789718264.0871205,4096,64
20260726_formal4t4_reuse_intensive_RateFIFO@rho1.2_rep0,0,RateFIFO@rho1.2,RateFIFO,1.2,reuse_intensive,dispatcher_arrival,7087,32,0,12376960631178457983,upsert,1789718257.7016387,1789718272.608811,4096,64
20260726_formal4t4_reuse_intensive_RateFIFO@rho1.2_rep0,0,RateFIFO@rho1.2,RateFIFO,1.2,reuse_intensive,dispatcher_arrival,7087,36,0,947483498426156190,upsert,1789718267.8699903,1789718281.1305046,4096,64
20260726_formal4t4_reuse_intensive_RateFIFO@rho1.2_rep0,0,RateFIFO@rho1.2,RateFIFO,1.2,reuse_intensive,dispatcher_arrival,7087,40,0,3073007241776570211,upsert,1789718277.6977935,1789718289.6522467,4096,64
20260726_formal4t4_reuse_intensive_RateFIFO@rho1.2_rep0,0,RateFIFO@rho1.2,RateFIFO,1.2,reuse_intensive,dispatcher_arrival,7087,44,0,14108233664250482536,upsert,1789718281.158113,1789718298.174053,2048,64
20260726_formal4t4_reuse_intensive_RateFIFO@rho1.2_rep0,0,RateFIFO@rho1.2,RateFIFO,1.2,reuse_intensive,dispatcher_arrival,7087,48,0,14774026810505956694,upsert,1789718290.7965114,1789718306.6957932,4096,64
20260726_formal4t4_reuse_intensive_RateFIFO@rho1.2_rep0,0,RateFIFO@rho1.2,RateFIFO,1.2,reuse_intensive,dispatcher_arrival,7087,52,0,5281956220402968541,upsert,1789718300.7914667,1789718315.2174904,4096,64
20260726_formal4t4_reuse_intensive_RateFIFO@rho1.2_rep0,0,RateFIFO@rho1.2,RateFIFO,1.2,reuse_intensive,dispatcher_arrival,7087,56,0,1785562587857272681,upsert,1789718311.1029224,1789718323.739258,4096,64
20260726_formal4t4_reuse_intensive_RateFIFO@rho1.2_rep0,0,RateFIFO@rho1.2,RateFIFO,1.2,reuse_intensive,dispatcher_arrival,7087,60,0,1610475058989402671,upsert,1789718314.4129698,1789718323.7393496,2048,64
20260726_formal4t4_reuse_intensive_RateFIFO@rho1.2_rep0,0,RateFIFO@rho1.2,RateFIFO,1.2,reuse_intensive,dispatcher_arrival,7087,64,0,12523743054995375112,upsert,1789718318.3147717,1789718335.043575,4096,64
20260726_formal4t4_reuse_intensive_RateFIFO@rho1.2_rep0,0,RateFIFO@rho1.2,RateFIFO,1.2,reuse_intensive,dispatcher_arrival,7087,68,0,14361523986587977395,upsert,1789718329.4932466,1789718346.4348736,4096,64
20260726_formal4t4_reuse_intensive_RateFIFO@rho1.2_rep0,0,RateFIFO@rho1.2,RateFIFO,1.2,reuse_intensive,dispatcher_arrival,7087,72,0,947483498426156190,upsert,1789718333.2814333,1789718346.4349668,4096,64
20260726_formal4t4_reuse_intensive_RateFIFO@rho1.2_rep0,0,RateFIFO@rho1.2,RateFIFO,1.2,reuse_intensive,dispatcher_arrival,7087,76,0,3163096543987652428,upsert,1789718342.2498035,1789718357.7392766,4096,64
20260726_formal4t4_reuse_intensive_RateFIFO@rho1.2_rep0,0,RateFIFO@rho1.2,RateFIFO,1.2,reuse_intensive,dispatcher_arrival,7087,80,0,12523743054995375112,upsert,1789718346.240631,1789718357.7393644,4096,64
20260726_formal4t4_reuse_intensive_RateFIFO@rho1.2_rep0,0,RateFIFO@rho1.2,RateFIFO,1.2,reuse_intensive,dispatcher_arrival,7087,84,0,15769623694692820738,upsert,1789718349.5534658,1789718369.0435975,4096,64
20260726_formal4t4_reuse_intensive_RateFIFO@rho1.2_rep0,0,RateFIFO@rho1.2,RateFIFO,1.2,reuse_intensive,dispatcher_arrival,7087,88,0,15769623694692820738,upsert,1789718353.3044448,1789718369.0436854,4096,64
20260726_formal4t4_reuse_intensive_RateFIFO@rho1.2_rep0,0,RateFIFO@rho1.2,RateFIFO,1.2,reuse_intensive,dispatcher_arrival,7087,92,0,12613465747135452669,upsert,1789718362.8313541,1789718380.347926,4096,64
20260726_formal4t4_reuse_intensive_RateFIFO@rho1.2_rep0,0,RateFIFO@rho1.2,RateFIFO,1.2,reuse_intensive,dispatcher_arrival,7087,96,0,11074190661555870271,upsert,1789718375.326078,1789718388.86966,4096,64
20260726_formal4t4_reuse_intensive_RateFIFO@rho1.2_rep0,0,RateFIFO@rho1.2,RateFIFO,1.2,reuse_intensive,dispatcher_arrival,7087,100,0,12613465747135452669,upsert,1789718378.5984168,1789718388.8697429,4096,64
20260726_formal4t4_reuse_intensive_RateFIFO@rho1.2_rep0,0,RateFIFO@rho1.2,RateFIFO,1.2,reuse_intensive,dispatcher_arrival,7087,104,0,12613465747135452669,upsert,1789718381.9115338,1789718400.1740472,4096,64
20260726_formal4t4_reuse_intensive_RateFIFO@rho1.2_rep0,0,RateFIFO@rho1.2,RateFIFO,1.2,reuse_intensive,dispatcher_arrival,7087,112,0,3073007241776570211,upsert,1789718387.2140307,1789718400.1741366,4096,64
20260726_formal4t4_reuse_intensive_RateFIFO@rho1.2_rep0,0,RateFIFO@rho1.2,RateFIFO,1.2,reuse_intensive,dispatcher_arrival,7087,116,3,13982934541694442251,upsert,1789718396.7954166,1789718411.4783986,4096,64
20260726_formal4t4_reuse_intensive_RateFIFO@rho1.2_rep0,0,RateFIFO@rho1.2,RateFIFO,1.2,reuse_intensive,dispatcher_arrival,7087,120,0,12523743054995375112,upsert,1789718399.5610964,1789718411.4784868,4096,64
20260726_formal4t4_reuse_intensive_RateFIFO@rho1.2_rep0,0,RateFIFO@rho1.2,RateFIFO,1.2,reuse_intensive,dispatcher_arrival,7087,124,2,17846715708891391149,upsert,1789718409.5337567,1789718422.7827234,4096,64
20260726_formal4t4_reuse_intensive_RateFIFO@rho1.2_rep0,0,RateFIFO@rho1.2,RateFIFO,1.2,reuse_intensive,dispatcher_arrival,7087,128,2,14333057367934485678,upsert,1789718420.5105765,1789718431.3044803,4096,64
20260726_formal4t4_reuse_intensive_RateFIFO@rho1.2_rep0,0,RateFIFO@rho1.2,RateFIFO,1.2,reuse_intensive,dispatcher_arrival,7087,132,2,17846715708891391149,upsert,1789718429.9994698,1789718439.8261821,4096,64
20260726_formal4t4_reuse_intensive_RateFIFO@rho1.2_rep0,0,RateFIFO@rho1.2,RateFIFO,1.2,reuse_intensive,dispatcher_arrival,7087,136,2,13844655051170110805,upsert,1789718440.2168698,1789718451.217543,4096,64
20260726_formal4t4_reuse_intensive_RateFIFO@rho1.2_rep0,0,RateFIFO@rho1.2,RateFIFO,1.2,reuse_intensive,dispatcher_arrival,7087,140,2,17846715708891391149,upsert,1789718449.4476788,1789718456.869683,4096,64
20260726_formal4t4_reuse_intensive_RateFIFO@rho1.2_rep0,0,RateFIFO@rho1.2,RateFIFO,1.2,reuse_intensive,dispatcher_arrival,7087,144,0,3653934292717507175,upsert,1789718459.8700776,1789718468.261006,4096,64
20260726_formal4t4_reuse_intensive_RateFIFO@rho1.2_rep0,0,RateFIFO@rho1.2,RateFIFO,1.2,reuse_intensive,dispatcher_arrival,7087,148,1,11821849661176330329,upsert,1789718469.6625364,1789718476.7827284,4096,64
20260726_formal4t4_reuse_intensive_RateFIFO@rho1.2_rep0,0,RateFIFO@rho1.2,RateFIFO,1.2,reuse_intensive,dispatcher_arrival,7087,152,2,17846715708891391149,upsert,1789718478.7510264,1789718485.304429,4096,64
20260726_formal4t4_reuse_intensive_RateFIFO@rho1.2_rep0,0,RateFIFO@rho1.2,RateFIFO,1.2,reuse_intensive,dispatcher_arrival,7087,156,1,11821849661176330329,upsert,1789718488.4650578,1789718493.8262486,4096,64
20260726_formal4t4_reuse_intensive_RateFIFO@rho1.2_rep0,0,RateFIFO@rho1.2,RateFIFO,1.2,reuse_intensive,dispatcher_arrival,7087,160,2,17846715708891391149,upsert,1789718499.0808,1789718502.3479552,4096,64
20260726_formal4t4_reuse_intensive_RateFIFO@rho1.2_rep0,0,RateFIFO@rho1.2,RateFIFO,1.2,reuse_intensive,dispatcher_arrival,7087,164,1,13764273285245102789,upsert,1789718508.4187074,1789718510.8696728,4096,64
20260726_formal4t4_reuse_intensive_RateFIFO@rho1.2_rep0,0,RateFIFO@rho1.2,RateFIFO,1.2,reuse_intensive,dispatcher_arrival,7087,168,3,11592361518825428217,upsert,1789718518.4176188,1789718519.3913805,4096,64
20260726_formal4t4_reuse_intensive_RateFIFO@rho1.2_rep0,0,RateFIFO@rho1.2,RateFIFO,1.2,reuse_intensive,dispatcher_arrival,7087,172,2,13844655051170110805,upsert,1789718529.232928,1789718529.2385046,4096,64
20260726_formal4t4_reuse_intensive_RateFIFO@rho1.2_rep0,0,RateFIFO@rho1.2,RateFIFO,1.2,reuse_intensive,dispatcher_arrival,7087,176,3,8870018519622387243,upsert,1789718538.5584404,1789718538.5639634,4096,64
20260726_formal4t4_reuse_intensive_RateFIFO@rho1.2_rep0,0,RateFIFO@rho1.2,RateFIFO,1.2,reuse_intensive,dispatcher_arrival,7087,180,1,3610348553927340733,upsert,1789718548.1378026,1789718548.139753,4096,64
20260726_formal4t4_reuse_intensive_Ideal_rep1,1,Ideal,Ideal,,reuse_intensive,dispatcher_arrival,7087,0,0,15769623694692820738,upsert,1789718177.4634488,1789718201.5653465,4096,64
20260726_formal4t4_reuse_intensive_Ideal_rep1,1,Ideal,Ideal,,reuse_intensive,dispatcher_arrival,7087,4,0,12613465747135452669,upsert,1789718187.0296218,1789718218.6957812,4096,64
20260726_formal4t4_reuse_intensive_Ideal_rep1,1,Ideal,Ideal,,reuse_intensive,dispatcher_arrival,7087,8,0,12523743054995375112,upsert,1789718197.2911026,1789718218.6958854,4096,64
20260726_formal4t4_reuse_intensive_Ideal_rep1,1,Ideal,Ideal,,reuse_intensive,dispatcher_arrival,7087,12,0,9971321710674973507,upsert,1789718207.4726224,1789718230.0001514,4096,64
20260726_formal4t4_reuse_intensive_Ideal_rep1,1,Ideal,Ideal,,reuse_intensive,dispatcher_arrival,7087,16,0,4650049274038987083,upsert,1789718217.14257,1789718230.000279,4096,64
20260726_formal4t4_reuse_intensive_Ideal_rep1,1,Ideal,Ideal,,reuse_intensive,dispatcher_arrival,7087,20,0,3163096543987652428,upsert,1789718226.9905388,1789718244.1740932,4096,64
20260726_formal4t4_reuse_intensive_Ideal_rep1,1,Ideal,Ideal,,reuse_intensive,dispatcher_arrival,7087,24,0,10402019323283478844,upsert,1789718237.37824,1789718255.5653791,4096,64
20260726_formal4t4_reuse_intensive_Ideal_rep1,1,Ideal,Ideal,,reuse_intensive,dispatcher_arrival,7087,28,0,14064140743279553366,upsert,1789718247.6347775,1789718264.0871205,4096,64
20260726_formal4t4_reuse_intensive_Ideal_rep1,1,Ideal,Ideal,,reuse_intensive,dispatcher_arrival,7087,32,0,12376960631178457983,upsert,1789718257.7016387,1789718272.608811,4096,64
20260726_formal4t4_reuse_intensive_Ideal_rep1,1,Ideal,Ideal,,reuse_intensive,dispatcher_arrival,7087,36,0,947483498426156190,upsert,1789718267.8699903,1789718281.1305046,4096,64
20260726_formal4t4_reuse_intensive_Ideal_rep1,1,Ideal,Ideal,,reuse_intensive,dispatcher_arrival,7087,40,0,3073007241776570211,upsert,1789718277.6977935,1789718289.6522467,4096,64
20260726_formal4t4_reuse_intensive_Ideal_rep1,1,Ideal,Ideal,,reuse_intensive,dispatcher_arrival,7087,44,0,14108233664250482536,upsert,1789718281.158113,1789718298.174053,2048,64
20260726_formal4t4_reuse_intensive_Ideal_rep1,1,Ideal,Ideal,,reuse_intensive,dispatcher_arrival,7087,48,0,14774026810505956694,upsert,1789718290.7965114,1789718306.6957932,4096,64
20260726_formal4t4_reuse_intensive_Ideal_rep1,1,Ideal,Ideal,,reuse_intensive,dispatcher_arrival,7087,52,0,5281956220402968541,upsert,1789718300.7914667,1789718315.2174904,4096,64
20260726_formal4t4_reuse_intensive_Ideal_rep1,1,Ideal,Ideal,,reuse_intensive,dispatcher_arrival,7087,56,0,1785562587857272681,upsert,1789718311.1029224,1789718323.739258,4096,64
20260726_formal4t4_reuse_intensive_Ideal_rep1,1,Ideal,Ideal,,reuse_intensive,dispatcher_arrival,7087,60,0,1610475058989402671,upsert,1789718314.4129698,1789718323.7393496,2048,64
20260726_formal4t4_reuse_intensive_Ideal_rep1,1,Ideal,Ideal,,reuse_intensive,dispatcher_arrival,7087,64,0,12523743054995375112,upsert,1789718318.3147717,1789718335.043575,4096,64
20260726_formal4t4_reuse_intensive_Ideal_rep1,1,Ideal,Ideal,,reuse_intensive,dispatcher_arrival,7087,68,0,14361523986587977395,upsert,1789718329.4932466,1789718346.4348736,4096,64
20260726_formal4t4_reuse_intensive_Ideal_rep1,1,Ideal,Ideal,,reuse_intensive,dispatcher_arrival,7087,72,0,947483498426156190,upsert,1789718333.2814333,1789718346.4349668,4096,64
20260726_formal4t4_reuse_intensive_Ideal_rep1,1,Ideal,Ideal,,reuse_intensive,dispatcher_arrival,7087,76,0,3163096543987652428,upsert,1789718342.2498035,1789718357.7392766,4096,64
20260726_formal4t4_reuse_intensive_Ideal_rep1,1,Ideal,Ideal,,reuse_intensive,dispatcher_arrival,7087,80,0,12523743054995375112,upsert,1789718346.240631,1789718357.7393644,4096,64
20260726_formal4t4_reuse_intensive_Ideal_rep1,1,Ideal,Ideal,,reuse_intensive,dispatcher_arrival,7087,84,0,15769623694692820738,upsert,1789718349.5534658,1789718369.0435975,4096,64
20260726_formal4t4_reuse_intensive_Ideal_rep1,1,Ideal,Ideal,,reuse_intensive,dispatcher_arrival,7087,88,0,15769623694692820738,upsert,1789718353.3044448,1789718369.0436854,4096,64
20260726_formal4t4_reuse_intensive_Ideal_rep1,1,Ideal,Ideal,,reuse_intensive,dispatcher_arrival,7087,92,0,12613465747135452669,upsert,1789718362.8313541,1789718380.347926,4096,64
20260726_formal4t4_reuse_intensive_Ideal_rep1,1,Ideal,Ideal,,reuse_intensive,dispatcher_arrival,7087,96,0,11074190661555870271,upsert,1789718375.326078,1789718388.86966,4096,64
20260726_formal4t4_reuse_intensive_Ideal_rep1,1,Ideal,Ideal,,reuse_intensive,dispatcher_arrival,7087,100,0,12613465747135452669,upsert,1789718378.5984168,1789718388.8697429,4096,64
20260726_formal4t4_reuse_intensive_Ideal_rep1,1,Ideal,Ideal,,reuse_intensive,dispatcher_arrival,7087,104,0,12613465747135452669,upsert,1789718381.9115338,1789718400.1740472,4096,64
20260726_formal4t4_reuse_intensive_Ideal_rep1,1,Ideal,Ideal,,reuse_intensive,dispatcher_arrival,7087,112,0,3073007241776570211,upsert,1789718387.2140307,1789718400.1741366,4096,64
20260726_formal4t4_reuse_intensive_Ideal_rep1,1,Ideal,Ideal,,reuse_intensive,dispatcher_arrival,7087,116,3,13982934541694442251,upsert,1789718396.7954166,1789718411.4783986,4096,64
20260726_formal4t4_reuse_intensive_Ideal_rep1,1,Ideal,Ideal,,reuse_intensive,dispatcher_arrival,7087,120,0,12523743054995375112,upsert,1789718399.5610964,1789718411.4784868,4096,64
20260726_formal4t4_reuse_intensive_Ideal_rep1,1,Ideal,Ideal,,reuse_intensive,dispatcher_arrival,7087,124,2,17846715708891391149,upsert,1789718409.5337567,1789718422.7827234,4096,64
20260726_formal4t4_reuse_intensive_Ideal_rep1,1,Ideal,Ideal,,reuse_intensive,dispatcher_arrival,7087,128,2,14333057367934485678,upsert,1789718420.5105765,1789718431.3044803,4096,64
20260726_formal4t4_reuse_intensive_Ideal_rep1,1,Ideal,Ideal,,reuse_intensive,dispatcher_arrival,7087,132,2,17846715708891391149,upsert,1789718429.9994698,1789718439.8261821,4096,64
20260726_formal4t4_reuse_intensive_Ideal_rep1,1,Ideal,Ideal,,reuse_intensive,dispatcher_arrival,7087,136,2,13844655051170110805,upsert,1789718440.2168698,1789718451.217543,4096,64
20260726_formal4t4_reuse_intensive_Ideal_rep1,1,Ideal,Ideal,,reuse_intensive,dispatcher_arrival,7087,140,2,17846715708891391149,upsert,1789718449.4476788,1789718456.869683,4096,64
20260726_formal4t4_reuse_intensive_Ideal_rep1,1,Ideal,Ideal,,reuse_intensive,dispatcher_arrival,7087,144,0,3653934292717507175,upsert,1789718459.8700776,1789718468.261006,4096,64
20260726_formal4t4_reuse_intensive_Ideal_rep1,1,Ideal,Ideal,,reuse_intensive,dispatcher_arrival,7087,148,1,11821849661176330329,upsert,1789718469.6625364,1789718476.7827284,4096,64
20260726_formal4t4_reuse_intensive_Ideal_rep1,1,Ideal,Ideal,,reuse_intensive,dispatcher_arrival,7087,152,2,17846715708891391149,upsert,1789718478.7510264,1789718485.304429,4096,64
20260726_formal4t4_reuse_intensive_Ideal_rep1,1,Ideal,Ideal,,reuse_intensive,dispatcher_arrival,7087,156,1,11821849661176330329,upsert,1789718488.4650578,1789718493.8262486,4096,64
20260726_formal4t4_reuse_intensive_Ideal_rep1,1,Ideal,Ideal,,reuse_intensive,dispatcher_arrival,7087,160,2,17846715708891391149,upsert,1789718499.0808,1789718502.3479552,4096,64
20260726_formal4t4_reuse_intensive_Ideal_rep1,1,Ideal,Ideal,,reuse_intensive,dispatcher_arrival,7087,164,1,13764273285245102789,upsert,1789718508.4187074,1789718510.8696728,4096,64
20260726_formal4t4_reuse_intensive_Ideal_rep1,1,Ideal,Ideal,,reuse_intensive,dispatcher_arrival,7087,168,3,11592361518825428217,upsert,1789718518.4176188,1789718519.3913805,4096,64
20260726_formal4t4_reuse_intensive_Ideal_rep1,1,Ideal,Ideal,,reuse_intensive,dispatcher_arrival,7087,172,2,13844655051170110805,upsert,1789718529.232928,1789718529.2385046,4096,64
20260726_formal4t4_reuse_intensive_Ideal_rep1,1,Ideal,Ideal,,reuse_intensive,dispatcher_arrival,7087,176,3,8870018519622387243,upsert,1789718538.5584404,1789718538.5639634,4096,64
20260726_formal4t4_reuse_intensive_Ideal_rep1,1,Ideal,Ideal,,reuse_intensive,dispatcher_arrival,7087,180,1,3610348553927340733,upsert,1789718548.1378026,1789718548.139753,4096,64
20260726_formal4t4_reuse_intensive_Adaptive@rho1.2_c01024_theta30_rep1,1,Adaptive@rho1.2_c01024_theta30,Adaptive,1.2,reuse_intensive,dispatcher_arrival,7089,0,0,15769623694692820738,upsert,1789718937.5129504,1789718937.516786,4096,64
20260726_formal4t4_reuse_intensive_Adaptive@rho1.2_c01024_theta30_rep1,1,Adaptive@rho1.2_c01024_theta30,Adaptive,1.2,reuse_intensive,dispatcher_arrival,7089,2,2,15769623694692820738,upsert,1789718937.5130942,1789718937.5168786,4096,64
20260726_formal4t4_reuse_intensive_Adaptive@rho1.2_c01024_theta30_rep1,1,Adaptive@rho1.2_c01024_theta30,Adaptive,1.2,reuse_intensive,dispatcher_arrival,7089,4,0,12613465747135452669,upsert,1789718947.7073607,1789718947.7111335,4096,64
20260726_formal4t4_reuse_intensive_Adaptive@rho1.2_c01024_theta30_rep1,1,Adaptive@rho1.2_c01024_theta30,Adaptive,1.2,reuse_intensive,dispatcher_arrival,7089,7,3,12613465747135452669,upsert,1789718947.7075417,1789718947.7112293,4096,64
20260726_formal4t4_reuse_intensive_Adaptive@rho1.2_c01024_theta30_rep1,1,Adaptive@rho1.2_c01024_theta30,Adaptive,1.2,reuse_intensive,dispatcher_arrival,7089,8,0,12523743054995375112,upsert,1789718958.3685496,1789718958.3723454,4096,64
20260726_formal4t4_reuse_intensive_Adaptive@rho1.2_c01024_theta30_rep1,1,Adaptive@rho1.2_c01024_theta30,Adaptive,1.2,reuse_intensive,dispatcher_arrival,7089,11,3,12523743054995375112,upsert,1789718958.3687367,1789718958.3724258,4096,64
20260726_formal4t4_reuse_intensive_Adaptive@rho1.2_c01024_theta30_rep1,1,Adaptive@rho1.2_c01024_theta30,Adaptive,1.2,reuse_intensive,dispatcher_arrival,7089,12,0,9971321710674973507,upsert,1789718968.696693,1789718968.7005498,4096,64
20260726_formal4t4_reuse_intensive_Adaptive@rho1.2_c01024_theta30_rep1,1,Adaptive@rho1.2_c01024_theta30,Adaptive,1.2,reuse_intensive,dispatcher_arrival,7089,15,3,9971321710674973507,upsert,1789718968.6968791,1789718968.7006319,4096,64
20260726_formal4t4_reuse_intensive_Adaptive@rho1.2_c01024_theta30_rep1,1,Adaptive@rho1.2_c01024_theta30,Adaptive,1.2,reuse_intensive,dispatcher_arrival,7089,16,0,4650049274038987083,upsert,1789718979.3613591,1789718979.3651893,4096,64
20260726_formal4t4_reuse_intensive_Adaptive@rho1.2_c01024_theta30_rep1,1,Adaptive@rho1.2_c01024_theta30,Adaptive,1.2,reuse_intensive,dispatcher_arrival,7089,19,3,4650049274038987083,upsert,1789718979.3615506,1789718979.3652751,4096,64
20260726_formal4t4_reuse_intensive_Adaptive@rho1.2_c01024_theta30_rep1,1,Adaptive@rho1.2_c01024_theta30,Adaptive,1.2,reuse_intensive,dispatcher_arrival,7089,20,0,3163096543987652428,upsert,1789718989.1684644,1789718989.1721723,4096,64
20260726_formal4t4_reuse_intensive_Adaptive@rho1.2_c01024_theta30_rep1,1,Adaptive@rho1.2_c01024_theta30,Adaptive,1.2,reuse_intensive,dispatcher_arrival,7089,22,2,3163096543987652428,upsert,1789718989.1686106,1789718989.1722553,4096,64
20260726_formal4t4_reuse_intensive_Adaptive@rho1.2_c01024_theta30_rep1,1,Adaptive@rho1.2_c01024_theta30,Adaptive,1.2,reuse_intensive,dispatcher_arrival,7089,24,0,10402019323283478844,upsert,1789718998.8526201,1789719006.067974,4096,64
20260726_formal4t4_reuse_intensive_Adaptive@rho1.2_c01024_theta30_rep1,1,Adaptive@rho1.2_c01024_theta30,Adaptive,1.2,reuse_intensive,dispatcher_arrival,7089,27,3,10402019323283478844,upsert,1789718998.852811,1789719012.2583745,4096,64
20260726_formal4t4_reuse_intensive_Adaptive@rho1.2_c01024_theta30_rep1,1,Adaptive@rho1.2_c01024_theta30,Adaptive,1.2,reuse_intensive,dispatcher_arrival,7089,28,0,14064140743279553366,upsert,1789719002.1217403,1789719024.6394036,2048,64
20260726_formal4t4_reuse_intensive_Adaptive@rho1.2_c01024_theta30_rep1,1,Adaptive@rho1.2_c01024_theta30,Adaptive,1.2,reuse_intensive,dispatcher_arrival,7089,31,3,14064140743279553366,upsert,1789719002.1219285,1789719024.6394477,2048,64
20260726_formal4t4_reuse_intensive_Adaptive@rho1.2_c01024_theta30_rep1,1,Adaptive@rho1.2_c01024_theta30,Adaptive,1.2,reuse_intensive,dispatcher_arrival,7089,32,0,12376960631178457983,upsert,1789719012.1568844,1789719050.639326,4096,64
20260726_formal4t4_reuse_intensive_Adaptive@rho1.2_c01024_theta30_rep1,1,Adaptive@rho1.2_c01024_theta30,Adaptive,1.2,reuse_intensive,dispatcher_arrival,7089,34,2,12376960631178457983,upsert,1789719012.1570368,1789719067.401315,4096,64
20260726_formal4t4_reuse_intensive_Adaptive@rho1.2_c01024_theta30_rep1,1,Adaptive@rho1.2_c01024_theta30,Adaptive,1.2,reuse_intensive,dispatcher_arrival,7089,36,0,947483498426156190,upsert,1789719022.0235755,1789719067.401426,4096,64
20260726_formal4t4_reuse_intensive_Adaptive@rho1.2_c01024_theta30_rep1,1,Adaptive@rho1.2_c01024_theta30,Adaptive,1.2,reuse_intensive,dispatcher_arrival,7089,39,3,947483498426156190,upsert,1789719022.0237756,1789719067.4014697,4096,64
20260726_formal4t4_reuse_intensive_Adaptive@rho1.2_c01024_theta30_rep1,1,Adaptive@rho1.2_c01024_theta30,Adaptive,1.2,reuse_intensive,dispatcher_arrival,7089,40,0,3073007241776570211,upsert,1789719031.4082532,1789719086.5441513,4096,64
20260726_formal4t4_reuse_intensive_Adaptive@rho1.2_c01024_theta30_rep1,1,Adaptive@rho1.2_c01024_theta30,Adaptive,1.2,reuse_intensive,dispatcher_arrival,7089,64,0,7638769856617818995,upsert,1789719063.3783,1789719102.1631312,4096,64
20260726_formal4t4_reuse_intensive_Adaptive@rho1.2_c01024_theta30_rep1,1,Adaptive@rho1.2_c01024_theta30,Adaptive,1.2,reuse_intensive,dispatcher_arrival,7089,67,0,15769623694692820738,upsert,1789719063.3785198,1789719102.1632676,4096,64
20260726_formal4t4_reuse_intensive_Adaptive@rho1.2_c01024_theta30_rep1,1,Adaptive@rho1.2_c01024_theta30,Adaptive,1.2,reuse_intensive,dispatcher_arrival,7089,66,2,15769623694692820738,upsert,1789719063.3784738,1789719115.1154957,4096,64
20260726_formal4t4_reuse_intensive_Adaptive@rho1.2_c01024_theta30_rep1,1,Adaptive@rho1.2_c01024_theta30,Adaptive,1.2,reuse_intensive,dispatcher_arrival,7089,74,0,3163096543987652428,upsert,1789719081.6730924,1789719124.4488409,4096,64
20260726_formal4t4_reuse_intensive_Adaptive@rho1.2_c01024_theta30_rep1,1,Adaptive@rho1.2_c01024_theta30,Adaptive,1.2,reuse_intensive,dispatcher_arrival,7089,80,3,12613465747135452669,upsert,1789719100.7834532,1789719136.925034,4096,64
20260726_formal4t4_reuse_intensive_Adaptive@rho1.2_c01024_theta30_rep1,1,Adaptive@rho1.2_c01024_theta30,Adaptive,1.2,reuse_intensive,dispatcher_arrival,7089,84,0,12523743054995375112,upsert,1789719111.5498905,1789719136.9251301,4096,64
20260726_formal4t4_reuse_intensive_Adaptive@rho1.2_c01024_theta30_rep1,1,Adaptive@rho1.2_c01024_theta30,Adaptive,1.2,reuse_intensive,dispatcher_arrival,7089,92,0,155989354309277790,upsert,1789719122.9795358,1789719149.3060606,4096,64
20260726_formal4t4_reuse_intensive_Adaptive@rho1.2_c01024_theta30_rep1,1,Adaptive@rho1.2_c01024_theta30,Adaptive,1.2,reuse_intensive,dispatcher_arrival,7089,96,2,15769623694692820738,upsert,1789719132.4493175,1789719158.639346,4096,64
20260726_formal4t4_reuse_intensive_Adaptive@rho1.2_c01024_theta30_rep1,1,Adaptive@rho1.2_c01024_theta30,Adaptive,1.2,reuse_intensive,dispatcher_arrival,7089,97,3,7230541217248033124,upsert,1789719132.449772,1789719171.1155539,4096,64
20260726_formal4t4_reuse_intensive_Adaptive@rho1.2_c01024_theta30_rep1,1,Adaptive@rho1.2_c01024_theta30,Adaptive,1.2,reuse_intensive,dispatcher_arrival,7089,102,2,12376960631178457983,upsert,1789719134.5746899,1789719171.1156628,4096,64
20260726_formal4t4_reuse_intensive_Adaptive@rho1.2_c01024_theta30_rep1,1,Adaptive@rho1.2_c01024_theta30,Adaptive,1.2,reuse_intensive,dispatcher_arrival,7089,108,3,9971321710674973507,upsert,1789719145.7755692,1789719183.4965234,4096,64
20260726_formal4t4_reuse_intensive_Adaptive@rho1.2_c01024_theta30_rep1,1,Adaptive@rho1.2_c01024_theta30,Adaptive,1.2,reuse_intensive,dispatcher_arrival,7089,112,3,9971321710674973507,upsert,1789719154.750147,1789719192.8298652,4096,64
20260726_formal4t4_reuse_intensive_Adaptive@rho1.2_c01024_theta30_rep1,1,Adaptive@rho1.2_c01024_theta30,Adaptive,1.2,reuse_intensive,dispatcher_arrival,7089,120,3,16048794067380282208,upsert,1789719174.7948465,1789719205.3060327,4096,64
20260726_formal4t4_reuse_intensive_Adaptive@rho1.2_c01024_theta30_rep1,1,Adaptive@rho1.2_c01024_theta30,Adaptive,1.2,reuse_intensive,dispatcher_arrival,7089,121,0,14108233664250482536,upsert,1789719174.795331,1789719205.3061447,4096,64
20260726_formal4t4_reuse_intensive_Adaptive@rho1.2_c01024_theta30_rep1,1,Adaptive@rho1.2_c01024_theta30,Adaptive,1.2,reuse_intensive,dispatcher_arrival,7089,124,0,3796152564256217897,upsert,1789719184.653505,1789719217.68695,4096,64
20260726_formal4t4_reuse_intensive_Adaptive@rho1.2_c01024_theta30_rep1,1,Adaptive@rho1.2_c01024_theta30,Adaptive,1.2,reuse_intensive,dispatcher_arrival,7089,128,0,13844655051170110805,upsert,1789719194.3273718,1789719227.020257,4096,64
20260726_formal4t4_reuse_intensive_Adaptive@rho1.2_c01024_theta30_rep1,1,Adaptive@rho1.2_c01024_theta30,Adaptive,1.2,reuse_intensive,dispatcher_arrival,7089,132,0,5058081196632299908,upsert,1789719203.8883188,1789719239.4964833,4096,64
20260726_formal4t4_reuse_intensive_Adaptive@rho1.2_c01024_theta30_rep1,1,Adaptive@rho1.2_c01024_theta30,Adaptive,1.2,reuse_intensive,dispatcher_arrival,7089,134,1,2791082597034988524,upsert,1789719203.8891542,1789719239.4965446,4096,64
20260726_formal4t4_reuse_intensive_Adaptive@rho1.2_c01024_theta30_rep1,1,Adaptive@rho1.2_c01024_theta30,Adaptive,1.2,reuse_intensive,dispatcher_arrival,7089,136,0,8844125626369699122,upsert,1789719213.8554778,1789719251.8773932,4096,64
20260726_formal4t4_reuse_intensive_Adaptive@rho1.2_c01024_theta30_rep1,1,Adaptive@rho1.2_c01024_theta30,Adaptive,1.2,reuse_intensive,dispatcher_arrival,7089,142,2,5794772519797049687,upsert,1789719224.3269086,1789719261.210824,4096,64
20260726_formal4t4_reuse_intensive_Adaptive@rho1.2_c01024_theta30_rep1,1,Adaptive@rho1.2_c01024_theta30,Adaptive,1.2,reuse_intensive,dispatcher_arrival,7089,145,2,7207950530426667890,upsert,1789719233.6352658,1789719270.5441186,4096,64
20260726_formal4t4_reuse_intensive_Adaptive@rho1.2_c01024_theta30_rep1,1,Adaptive@rho1.2_c01024_theta30,Adaptive,1.2,reuse_intensive,dispatcher_arrival,7089,146,1,3653934292717507175,upsert,1789719233.6356332,1789719270.544253,4096,64
20260726_formal4t4_reuse_intensive_Adaptive@rho1.2_c01024_theta30_rep1,1,Adaptive@rho1.2_c01024_theta30,Adaptive,1.2,reuse_intensive,dispatcher_arrival,7089,152,0,13764273285245102789,upsert,1789719253.3719568,1789719282.9250724,4096,64
20260726_formal4t4_reuse_intensive_Adaptive@rho1.2_c01024_theta30_rep1,1,Adaptive@rho1.2_c01024_theta30,Adaptive,1.2,reuse_intensive,dispatcher_arrival,7089,156,0,16508625817180621701,upsert,1789719263.510805,1789719292.258401,4096,64
20260726_formal4t4_reuse_intensive_Adaptive@rho1.2_c01024_theta30_rep1,1,Adaptive@rho1.2_c01024_theta30,Adaptive,1.2,reuse_intensive,dispatcher_arrival,7089,159,1,15769623694692820738,tombstone,1789719263.5122015,1789719301.5917788,0,64
20260726_formal4t4_reuse_intensive_Adaptive@rho1.2_c01024_theta30_rep1,1,Adaptive@rho1.2_c01024_theta30,Adaptive,1.2,reuse_intensive,dispatcher_arrival,7089,161,0,17846715708891391149,upsert,1789719274.8729436,1789719301.5918858,4096,64
20260726_formal4t4_reuse_intensive_Adaptive@rho1.2_c01024_theta30_rep1,1,Adaptive@rho1.2_c01024_theta30,Adaptive,1.2,reuse_intensive,dispatcher_arrival,7089,165,1,12613465747135452669,tombstone,1789719274.8749197,1789719313.9726448,0,64
20260726_formal4t4_reuse_intensive_Adaptive@rho1.2_c01024_theta30_rep1,1,Adaptive@rho1.2_c01024_theta30,Adaptive,1.2,reuse_intensive,dispatcher_arrival,7089,168,2,12613465747135452669,tombstone,1789719284.6550224,1789719323.3059814,0,64
20260726_formal4t4_reuse_intensive_RateFIFO@rho1.2_rep1,1,RateFIFO@rho1.2,RateFIFO,1.2,reuse_intensive,dispatcher_arrival,7090,0,0,15769623694692820738,upsert,1789719340.1995053,1789719367.2108274,4096,64
20260726_formal4t4_reuse_intensive_RateFIFO@rho1.2_rep1,1,RateFIFO@rho1.2,RateFIFO,1.2,reuse_intensive,dispatcher_arrival,7090,4,0,12613465747135452669,upsert,1789719349.5684607,1789719382.8298125,4096,64
20260726_formal4t4_reuse_intensive_RateFIFO@rho1.2_rep1,1,RateFIFO@rho1.2,RateFIFO,1.2,reuse_intensive,dispatcher_arrival,7090,8,0,12523743054995375112,upsert,1789719359.2802322,1789719382.82992,4096,64
20260726_formal4t4_reuse_intensive_RateFIFO@rho1.2_rep1,1,RateFIFO@rho1.2,RateFIFO,1.2,reuse_intensive,dispatcher_arrival,7090,12,0,9971321710674973507,upsert,1789719369.0345774,1789719398.353662,4096,64
20260726_formal4t4_reuse_intensive_RateFIFO@rho1.2_rep1,1,RateFIFO@rho1.2,RateFIFO,1.2,reuse_intensive,dispatcher_arrival,7090,16,0,4650049274038987083,upsert,1789719379.0619426,1789719398.353744,4096,64
20260726_formal4t4_reuse_intensive_RateFIFO@rho1.2_rep1,1,RateFIFO@rho1.2,RateFIFO,1.2,reuse_intensive,dispatcher_arrival,7090,20,0,3163096543987652428,upsert,1789719389.083515,1789719413.8774562,4096,64
20260726_formal4t4_reuse_intensive_RateFIFO@rho1.2_rep1,1,RateFIFO@rho1.2,RateFIFO,1.2,reuse_intensive,dispatcher_arrival,7090,24,0,10402019323283478844,upsert,1789719399.1879647,1789719426.3536842,4096,64
20260726_formal4t4_reuse_intensive_RateFIFO@rho1.2_rep1,1,RateFIFO@rho1.2,RateFIFO,1.2,reuse_intensive,dispatcher_arrival,7090,28,0,14064140743279553366,upsert,1789719402.6666505,1789719426.3537695,2048,64
20260726_formal4t4_reuse_intensive_RateFIFO@rho1.2_rep1,1,RateFIFO@rho1.2,RateFIFO,1.2,reuse_intensive,dispatcher_arrival,7090,32,0,12376960631178457983,upsert,1789719412.9192116,1789719435.5917912,4096,64
20260726_formal4t4_reuse_intensive_RateFIFO@rho1.2_rep1,1,RateFIFO@rho1.2,RateFIFO,1.2,reuse_intensive,dispatcher_arrival,7090,36,0,947483498426156190,upsert,1789719423.7979858,1789719444.925101,4096,64
20260726_formal4t4_reuse_intensive_RateFIFO@rho1.2_rep1,1,RateFIFO@rho1.2,RateFIFO,1.2,reuse_intensive,dispatcher_arrival,7090,40,0,3073007241776570211,upsert,1789719433.9426847,1789719457.401257,4096,64
20260726_formal4t4_reuse_intensive_RateFIFO@rho1.2_rep1,1,RateFIFO@rho1.2,RateFIFO,1.2,reuse_intensive,dispatcher_arrival,7090,44,0,14108233664250482536,upsert,1789719444.4218738,1789719466.7346456,4096,64
20260726_formal4t4_reuse_intensive_RateFIFO@rho1.2_rep1,1,RateFIFO@rho1.2,RateFIFO,1.2,reuse_intensive,dispatcher_arrival,7090,48,0,14774026810505956694,upsert,1789719447.79944,1789719476.0679789,2048,64
20260726_formal4t4_reuse_intensive_RateFIFO@rho1.2_rep1,1,RateFIFO@rho1.2,RateFIFO,1.2,reuse_intensive,dispatcher_arrival,7090,52,0,5281956220402968541,upsert,1789719451.2195325,1789719476.0680885,2048,64
20260726_formal4t4_reuse_intensive_RateFIFO@rho1.2_rep1,1,RateFIFO@rho1.2,RateFIFO,1.2,reuse_intensive,dispatcher_arrival,7090,56,0,1785562587857272681,upsert,1789719454.5995462,1789719488.448845,2048,64
20260726_formal4t4_reuse_intensive_RateFIFO@rho1.2_rep1,1,RateFIFO@rho1.2,RateFIFO,1.2,reuse_intensive,dispatcher_arrival,7090,60,0,1610475058989402671,upsert,1789719458.0669026,1789719497.7822254,2048,64
20260726_formal4t4_reuse_intensive_RateFIFO@rho1.2_rep1,1,RateFIFO@rho1.2,RateFIFO,1.2,reuse_intensive,dispatcher_arrival,7090,64,0,7638769856617818995,upsert,1789719469.5286431,1789719510.2583814,4096,64
20260726_formal4t4_reuse_intensive_RateFIFO@rho1.2_rep1,1,RateFIFO@rho1.2,RateFIFO,1.2,reuse_intensive,dispatcher_arrival,7090,68,0,15769623694692820738,upsert,1789719479.4540677,1789719510.2584682,4096,64
20260726_formal4t4_reuse_intensive_RateFIFO@rho1.2_rep1,1,RateFIFO@rho1.2,RateFIFO,1.2,reuse_intensive,dispatcher_arrival,7090,72,1,17622982719236225751,upsert,1789719488.707312,1789719522.6393173,4096,64
20260726_formal4t4_reuse_intensive_RateFIFO@rho1.2_rep1,1,RateFIFO@rho1.2,RateFIFO,1.2,reuse_intensive,dispatcher_arrival,7090,76,0,12613465747135452669,upsert,1789719498.272401,1789719531.9726603,4096,64
20260726_formal4t4_reuse_intensive_RateFIFO@rho1.2_rep1,1,RateFIFO@rho1.2,RateFIFO,1.2,reuse_intensive,dispatcher_arrival,7090,80,0,12613465747135452669,upsert,1789719506.849782,1789719541.305969,4096,64
20260726_formal4t4_reuse_intensive_RateFIFO@rho1.2_rep1,1,RateFIFO@rho1.2,RateFIFO,1.2,reuse_intensive,dispatcher_arrival,7090,84,0,12523743054995375112,upsert,1789719517.2390406,1789719541.306033,4096,64
20260726_formal4t4_reuse_intensive_RateFIFO@rho1.2_rep1,1,RateFIFO@rho1.2,RateFIFO,1.2,reuse_intensive,dispatcher_arrival,7090,88,0,4650049274038987083,upsert,1789719520.9070969,1789719553.686956,4096,64
20260726_formal4t4_reuse_intensive_RateFIFO@rho1.2_rep1,1,RateFIFO@rho1.2,RateFIFO,1.2,reuse_intensive,dispatcher_arrival,7090,92,0,155989354309277790,upsert,1789719531.8923402,1789719563.0203078,4096,64
20260726_formal4t4_reuse_intensive_RateFIFO@rho1.2_rep1,1,RateFIFO@rho1.2,RateFIFO,1.2,reuse_intensive,dispatcher_arrival,7090,96,0,15769623694692820738,upsert,1789719541.5244913,1789719572.3536458,4096,64
20260726_formal4t4_reuse_intensive_RateFIFO@rho1.2_rep1,1,RateFIFO@rho1.2,RateFIFO,1.2,reuse_intensive,dispatcher_arrival,7090,100,0,12613465747135452669,upsert,1789719545.3694577,1789719572.3537307,4096,64
20260726_formal4t4_reuse_intensive_RateFIFO@rho1.2_rep1,1,RateFIFO@rho1.2,RateFIFO,1.2,reuse_intensive,dispatcher_arrival,7090,104,0,15769623694692820738,upsert,1789719548.4774024,1789719584.7345877,4096,64
20260726_formal4t4_reuse_intensive_RateFIFO@rho1.2_rep1,1,RateFIFO@rho1.2,RateFIFO,1.2,reuse_intensive,dispatcher_arrival,7090,108,0,9971321710674973507,upsert,1789719556.9026132,1789719594.067903,4096,64
20260726_formal4t4_reuse_intensive_RateFIFO@rho1.2_rep1,1,RateFIFO@rho1.2,RateFIFO,1.2,reuse_intensive,dispatcher_arrival,7090,112,0,9971321710674973507,upsert,1789719566.1373067,1789719603.4012847,4096,64
20260726_formal4t4_reuse_intensive_RateFIFO@rho1.2_rep1,1,RateFIFO@rho1.2,RateFIFO,1.2,reuse_intensive,dispatcher_arrival,7090,116,0,15769623694692820738,upsert,1789719575.677183,1789719603.4013684,4096,64
20260726_formal4t4_reuse_intensive_RateFIFO@rho1.2_rep1,1,RateFIFO@rho1.2,RateFIFO,1.2,reuse_intensive,dispatcher_arrival,7090,120,0,16048794067380282208,upsert,1789719588.4731967,1789719615.7822917,4096,64
20260726_formal4t4_reuse_intensive_RateFIFO@rho1.2_rep1,1,RateFIFO@rho1.2,RateFIFO,1.2,reuse_intensive,dispatcher_arrival,7090,124,2,3796152564256217897,upsert,1789719598.4823935,1789719625.1156201,4096,64
20260726_formal4t4_reuse_intensive_RateFIFO@rho1.2_rep1,1,RateFIFO@rho1.2,RateFIFO,1.2,reuse_intensive,dispatcher_arrival,7090,128,2,13844655051170110805,upsert,1789719608.2906477,1789719634.448937,4096,64
20260726_formal4t4_reuse_intensive_RateFIFO@rho1.2_rep1,1,RateFIFO@rho1.2,RateFIFO,1.2,reuse_intensive,dispatcher_arrival,7090,132,2,5058081196632299908,upsert,1789719619.1262727,1789719643.7823026,4096,64
20260726_formal4t4_reuse_intensive_RateFIFO@rho1.2_rep1,1,RateFIFO@rho1.2,RateFIFO,1.2,reuse_intensive,dispatcher_arrival,7090,136,2,8844125626369699122,upsert,1789719629.5151477,1789719649.9726992,4096,64
20260726_formal4t4_reuse_intensive_RateFIFO@rho1.2_rep1,1,RateFIFO@rho1.2,RateFIFO,1.2,reuse_intensive,dispatcher_arrival,7090,140,2,18355503180426157514,upsert,1789719639.5625057,1789719659.3059773,4096,64
20260726_formal4t4_reuse_intensive_RateFIFO@rho1.2_rep1,1,RateFIFO@rho1.2,RateFIFO,1.2,reuse_intensive,dispatcher_arrival,7090,144,2,15507369539614680842,upsert,1789719649.6934674,1789719668.6394112,4096,64
20260726_formal4t4_reuse_intensive_RateFIFO@rho1.2_rep1,1,RateFIFO@rho1.2,RateFIFO,1.2,reuse_intensive,dispatcher_arrival,7090,148,2,1138219160345481599,upsert,1789719660.8004854,1789719681.1155047,4096,64
20260726_formal4t4_reuse_intensive_RateFIFO@rho1.2_rep1,1,RateFIFO@rho1.2,RateFIFO,1.2,reuse_intensive,dispatcher_arrival,7090,152,2,13764273285245102789,upsert,1789719670.801052,1789719690.4488778,4096,64
20260726_formal4t4_reuse_intensive_RateFIFO@rho1.2_rep1,1,RateFIFO@rho1.2,RateFIFO,1.2,reuse_intensive,dispatcher_arrival,7090,157,2,16508625817180621701,upsert,1789719681.0512252,1789719690.4489722,4096,64
20260726_formal4t4_reuse_intensive_RateFIFO@rho1.2_rep1,1,RateFIFO@rho1.2,RateFIFO,1.2,reuse_intensive,dispatcher_arrival,7090,163,2,17846715708891391149,upsert,1789719691.3315816,1789719705.9727333,4096,64
20260726_formal4t4_reuse_intensive_RateFIFO@rho1.2_rep1,1,RateFIFO@rho1.2,RateFIFO,1.2,reuse_intensive,dispatcher_arrival,7090,169,3,17846715708891391149,upsert,1789719701.708609,1789719712.1631496,4096,64
20260726_formal4t4_reuse_intensive_RateFIFO@rho1.2_rep1,1,RateFIFO@rho1.2,RateFIFO,1.2,reuse_intensive,dispatcher_arrival,7090,176,0,6878038652119793510,upsert,1789719710.7720797,1789719721.4964502,4096,64
20260726_formal4t4_reuse_intensive_RateFIFO@rho1.2_rep1,1,RateFIFO@rho1.2,RateFIFO,1.2,reuse_intensive,dispatcher_arrival,7090,182,2,17846715708891391149,upsert,1789719721.0628235,1789719730.8297887,4096,64
20260726_formal4t4_reuse_intensive_RateFIFO@rho1.2_rep1,1,RateFIFO@rho1.2,RateFIFO,1.2,reuse_intensive,dispatcher_arrival,7090,188,1,16031388937053417897,upsert,1789719731.2007403,1789719743.306011,4096,64
20260726_formal4t4_reuse_intensive_StaticSemantic@rho1.2_rep1,1,StaticSemantic@rho1.2,StaticSemantic,1.2,reuse_intensive,dispatcher_arrival,7091,0,0,15769623694692820738,upsert,1789719759.2908533,1789719771.782257,4096,64
20260726_formal4t4_reuse_intensive_StaticSemantic@rho1.2_rep1,1,StaticSemantic@rho1.2,StaticSemantic,1.2,reuse_intensive,dispatcher_arrival,7091,1,1,15769623694692820738,upsert,1789719759.2909405,1789719784.2584555,4096,64
20260726_formal4t4_reuse_intensive_StaticSemantic@rho1.2_rep1,1,StaticSemantic@rho1.2,StaticSemantic,1.2,reuse_intensive,dispatcher_arrival,7091,4,0,12613465747135452669,upsert,1789719768.6818988,1789719784.2585359,4096,64
20260726_formal4t4_reuse_intensive_StaticSemantic@rho1.2_rep1,1,StaticSemantic@rho1.2,StaticSemantic,1.2,reuse_intensive,dispatcher_arrival,7091,6,2,12613465747135452669,upsert,1789719768.6820896,1789719793.4964967,4096,64
20260726_formal4t4_reuse_intensive_StaticSemantic@rho1.2_rep1,1,StaticSemantic@rho1.2,StaticSemantic,1.2,reuse_intensive,dispatcher_arrival,7091,8,0,12523743054995375112,upsert,1789719779.0128167,1789719802.8298576,4096,64
20260726_formal4t4_reuse_intensive_StaticSemantic@rho1.2_rep1,1,StaticSemantic@rho1.2,StaticSemantic,1.2,reuse_intensive,dispatcher_arrival,7091,10,2,12523743054995375112,upsert,1789719779.012962,1789719815.3060293,4096,64
20260726_formal4t4_reuse_intensive_StaticSemantic@rho1.2_rep1,1,StaticSemantic@rho1.2,StaticSemantic,1.2,reuse_intensive,dispatcher_arrival,7091,12,0,9971321710674973507,upsert,1789719788.7792652,1789719815.3061452,4096,64
20260726_formal4t4_reuse_intensive_StaticSemantic@rho1.2_rep1,1,StaticSemantic@rho1.2,StaticSemantic,1.2,reuse_intensive,dispatcher_arrival,7091,15,3,9971321710674973507,upsert,1789719788.7794383,1789719827.6870055,4096,64
20260726_formal4t4_reuse_intensive_StaticSemantic@rho1.2_rep1,1,StaticSemantic@rho1.2,StaticSemantic,1.2,reuse_intensive,dispatcher_arrival,7091,16,0,4650049274038987083,upsert,1789719798.5301936,1789719837.0203533,4096,64
20260726_formal4t4_reuse_intensive_StaticSemantic@rho1.2_rep1,1,StaticSemantic@rho1.2,StaticSemantic,1.2,reuse_intensive,dispatcher_arrival,7091,19,3,4650049274038987083,upsert,1789719798.5303848,1789719849.4965494,4096,64
20260726_formal4t4_reuse_intensive_StaticSemantic@rho1.2_rep1,1,StaticSemantic@rho1.2,StaticSemantic,1.2,reuse_intensive,dispatcher_arrival,7091,20,0,3163096543987652428,upsert,1789719808.960758,1789719849.4966598,4096,64
20260726_formal4t4_reuse_intensive_StaticSemantic@rho1.2_rep1,1,StaticSemantic@rho1.2,StaticSemantic,1.2,reuse_intensive,dispatcher_arrival,7091,23,3,3163096543987652428,upsert,1789719808.9609394,1789719861.8774185,4096,64
20260726_formal4t4_reuse_intensive_StaticSemantic@rho1.2_rep1,1,StaticSemantic@rho1.2,StaticSemantic,1.2,reuse_intensive,dispatcher_arrival,7091,24,0,10402019323283478844,upsert,1789719819.6821399,1789719871.2108028,4096,64
20260726_formal4t4_reuse_intensive_StaticSemantic@rho1.2_rep1,1,StaticSemantic@rho1.2,StaticSemantic,1.2,reuse_intensive,dispatcher_arrival,7091,27,3,10402019323283478844,upsert,1789719819.6823382,1789719883.6869552,4096,64
20260726_formal4t4_reuse_intensive_StaticSemantic@rho1.2_rep1,1,StaticSemantic@rho1.2,StaticSemantic,1.2,reuse_intensive,dispatcher_arrival,7091,28,0,14064140743279553366,upsert,1789719823.1374254,1789719883.6870499,2048,64
20260726_formal4t4_reuse_intensive_StaticSemantic@rho1.2_rep1,1,StaticSemantic@rho1.2,StaticSemantic,1.2,reuse_intensive,dispatcher_arrival,7091,31,3,14064140743279553366,upsert,1789719823.1375988,1789719896.067968,2048,64
20260726_formal4t4_reuse_intensive_StaticSemantic@rho1.2_rep1,1,StaticSemantic@rho1.2,StaticSemantic,1.2,reuse_intensive,dispatcher_arrival,7091,32,0,12376960631178457983,upsert,1789719832.9010496,1789719905.4012473,4096,64
20260726_formal4t4_reuse_intensive_StaticSemantic@rho1.2_rep1,1,StaticSemantic@rho1.2,StaticSemantic,1.2,reuse_intensive,dispatcher_arrival,7091,34,2,12376960631178457983,upsert,1789719832.901251,1789719917.8774495,4096,64
20260726_formal4t4_reuse_intensive_StaticSemantic@rho1.2_rep1,1,StaticSemantic@rho1.2,StaticSemantic,1.2,reuse_intensive,dispatcher_arrival,7091,36,0,947483498426156190,upsert,1789719842.9278266,1789719917.8775473,4096,64
20260726_formal4t4_reuse_intensive_StaticSemantic@rho1.2_rep1,1,StaticSemantic@rho1.2,StaticSemantic,1.2,reuse_intensive,dispatcher_arrival,7091,39,3,947483498426156190,upsert,1789719842.9280143,1789719930.258441,4096,64
20260726_formal4t4_reuse_intensive_StaticSemantic@rho1.2_rep1,1,StaticSemantic@rho1.2,StaticSemantic,1.2,reuse_intensive,dispatcher_arrival,7091,40,0,3073007241776570211,upsert,1789719853.1302679,1789719939.5917528,4096,64
20260726_formal4t4_reuse_intensive_StaticSemantic@rho1.2_rep1,1,StaticSemantic@rho1.2,StaticSemantic,1.2,reuse_intensive,dispatcher_arrival,7091,41,1,3073007241776570211,upsert,1789719853.1303804,1789719948.9250758,4096,64
20260726_formal4t4_reuse_intensive_StaticSemantic@rho1.2_rep1,1,StaticSemantic@rho1.2,StaticSemantic,1.2,reuse_intensive,dispatcher_arrival,7091,44,0,14108233664250482536,upsert,1789719863.7124963,1789719948.9252036,4096,64
20260726_formal4t4_reuse_intensive_StaticSemantic@rho1.2_rep1,1,StaticSemantic@rho1.2,StaticSemantic,1.2,reuse_intensive,dispatcher_arrival,7091,45,1,14108233664250482536,upsert,1789719863.7125962,1789719961.3060231,4096,64
20260726_formal4t4_reuse_intensive_StaticSemantic@rho1.2_rep1,1,StaticSemantic@rho1.2,StaticSemantic,1.2,reuse_intensive,dispatcher_arrival,7091,48,0,14774026810505956694,upsert,1789719867.0853283,1789719970.6393003,2048,64
20260726_formal4t4_reuse_intensive_StaticSemantic@rho1.2_rep1,1,StaticSemantic@rho1.2,StaticSemantic,1.2,reuse_intensive,dispatcher_arrival,7091,49,1,14774026810505956694,upsert,1789719867.0854425,1789719979.972641,2048,64
20260726_formal4t4_reuse_intensive_StaticSemantic@rho1.2_rep1,1,StaticSemantic@rho1.2,StaticSemantic,1.2,reuse_intensive,dispatcher_arrival,7091,52,0,5281956220402968541,upsert,1789719870.512071,1789719979.972732,2048,64
20260726_formal4t4_reuse_intensive_StaticSemantic@rho1.2_rep1,1,StaticSemantic@rho1.2,StaticSemantic,1.2,reuse_intensive,dispatcher_arrival,7091,55,3,5281956220402968541,upsert,1789719870.512288,1789719992.3536634,2048,64
20260726_formal4t4_reuse_intensive_StaticSemantic@rho1.2_rep1,1,StaticSemantic@rho1.2,StaticSemantic,1.2,reuse_intensive,dispatcher_arrival,7091,56,0,1785562587857272681,upsert,1789719873.60249,1789720001.6869879,2048,64
20260726_formal4t4_reuse_intensive_StaticSemantic@rho1.2_rep1,1,StaticSemantic@rho1.2,StaticSemantic,1.2,reuse_intensive,dispatcher_arrival,7091,59,3,1785562587857272681,upsert,1789719873.6026733,1789720011.0203195,2048,64
20260726_formal4t4_reuse_intensive_StaticSemantic@rho1.2_rep1,1,StaticSemantic@rho1.2,StaticSemantic,1.2,reuse_intensive,dispatcher_arrival,7091,60,0,1610475058989402671,upsert,1789719876.85088,1789720011.0204144,2048,64
20260726_formal4t4_reuse_intensive_StaticSemantic@rho1.2_rep1,1,StaticSemantic@rho1.2,StaticSemantic,1.2,reuse_intensive,dispatcher_arrival,7091,62,2,1610475058989402671,upsert,1789719876.8510184,1789720023.4012845,2048,64
20260726_formal4t4_reuse_intensive_StaticSemantic@rho1.2_rep1,1,StaticSemantic@rho1.2,StaticSemantic,1.2,reuse_intensive,dispatcher_arrival,7091,64,0,7638769856617818995,upsert,1789719886.3703036,1789720032.7345974,4096,64
20260726_formal4t4_reuse_intensive_StaticSemantic@rho1.2_rep1,1,StaticSemantic@rho1.2,StaticSemantic,1.2,reuse_intensive,dispatcher_arrival,7091,69,3,17622982719236225751,upsert,1789719896.5720406,1789720042.0679302,4096,64
20260726_formal4t4_reuse_intensive_StaticSemantic@rho1.2_rep1,1,StaticSemantic@rho1.2,StaticSemantic,1.2,reuse_intensive,dispatcher_arrival,7091,72,1,17622982719236225751,upsert,1789719905.891532,1789720042.0680182,4096,64
20260726_formal4t4_reuse_intensive_StaticSemantic@rho1.2_rep1,1,StaticSemantic@rho1.2,StaticSemantic,1.2,reuse_intensive,dispatcher_arrival,7091,74,0,3163096543987652428,upsert,1789719905.8916726,1789720054.4489186,4096,64
20260726_formal4t4_reuse_intensive_StaticSemantic@rho1.2_rep1,1,StaticSemantic@rho1.2,StaticSemantic,1.2,reuse_intensive,dispatcher_arrival,7091,78,3,13367182244321225226,upsert,1789719916.018676,1789720063.7822447,4096,64
20260726_formal4t4_reuse_intensive_StaticSemantic@rho1.2_rep1,1,StaticSemantic@rho1.2,StaticSemantic,1.2,reuse_intensive,dispatcher_arrival,7091,79,2,16954395879792744941,upsert,1789719916.0187173,1789720073.1155543,4096,64
20260726_formal4t4_reuse_intensive_StaticSemantic@rho1.2_rep1,1,StaticSemantic@rho1.2,StaticSemantic,1.2,reuse_intensive,dispatcher_arrival,7091,80,0,12613465747135452669,upsert,1789719926.2407665,1789720073.1156352,4096,64
20260726_formal4t4_reuse_intensive_StaticSemantic@rho1.2_rep1,1,StaticSemantic@rho1.2,StaticSemantic,1.2,reuse_intensive,dispatcher_arrival,7091,81,1,15960031488910374299,upsert,1789719926.2408648,1789720085.4964972,4096,64
20260726_formal4t4_reuse_intensive_StaticSemantic@rho1.2_rep1,1,StaticSemantic@rho1.2,StaticSemantic,1.2,reuse_intensive,dispatcher_arrival,7091,85,2,16374985302794130926,upsert,1789719935.7456708,1789720094.829833,4096,64
20260726_formal4t4_reuse_intensive_StaticSemantic@rho1.2_rep1,1,StaticSemantic@rho1.2,StaticSemantic,1.2,reuse_intensive,dispatcher_arrival,7091,92,3,155989354309277790,upsert,1789719946.5687113,1789720104.1632047,4096,64
20260726_formal4t4_reuse_intensive_StaticSemantic@rho1.2_rep1,1,StaticSemantic@rho1.2,StaticSemantic,1.2,reuse_intensive,dispatcher_arrival,7091,94,1,5420781037229794373,upsert,1789719946.5696092,1789720104.163289,4096,64
20260726_formal4t4_reuse_intensive_StaticSemantic@rho1.2_rep1,1,StaticSemantic@rho1.2,StaticSemantic,1.2,reuse_intensive,dispatcher_arrival,7091,97,2,7230541217248033124,upsert,1789719955.6607108,1789720116.5441313,4096,64
20260726_formal4t4_reuse_intensive_StaticSemantic@rho1.2_rep1,1,StaticSemantic@rho1.2,StaticSemantic,1.2,reuse_intensive,dispatcher_arrival,7091,98,0,16342886595574764735,upsert,1789719955.6611335,1789720125.8774548,4096,64
20260726_formal4t4_reuse_intensive_StaticSemantic@rho1.2_rep1,1,StaticSemantic@rho1.2,StaticSemantic,1.2,reuse_intensive,dispatcher_arrival,7091,162,3,15769623694692820738,tombstone,1789720100.7553558,1789720135.2108023,0,64
20260726_formal4t4_reuse_intensive_StaticSemantic@rho1.2_rep1,1,StaticSemantic@rho1.2,StaticSemantic,1.2,reuse_intensive,dispatcher_arrival,7091,102,2,12376960631178457983,upsert,1789719957.6355815,1789720135.210887,4096,64
20260726_formal4t4_reuse_intensive_StaticSemantic@rho1.2_rep1,1,StaticSemantic@rho1.2,StaticSemantic,1.2,reuse_intensive,dispatcher_arrival,7091,169,3,12613465747135452669,tombstone,1789720111.0462432,1789720147.5917077,0,64
20260726_formal4t4_reuse_intensive_RateFIFO@rho1.2_rep2,2,RateFIFO@rho1.2,RateFIFO,1.2,reuse_intensive,dispatcher_arrival,7092,0,0,15769623694692820738,upsert,1789720166.0414777,1789720191.4965,4096,64
20260726_formal4t4_reuse_intensive_RateFIFO@rho1.2_rep2,2,RateFIFO@rho1.2,RateFIFO,1.2,reuse_intensive,dispatcher_arrival,7092,4,0,12613465747135452669,upsert,1789720176.4518056,1789720210.2583888,4096,64
20260726_formal4t4_reuse_intensive_RateFIFO@rho1.2_rep2,2,RateFIFO@rho1.2,RateFIFO,1.2,reuse_intensive,dispatcher_arrival,7092,8,0,12523743054995375112,upsert,1789720186.554246,1789720210.2584739,4096,64
20260726_formal4t4_reuse_intensive_RateFIFO@rho1.2_rep2,2,RateFIFO@rho1.2,RateFIFO,1.2,reuse_intensive,dispatcher_arrival,7092,12,0,9971321710674973507,upsert,1789720196.6770566,1789720222.6393363,4096,64
20260726_formal4t4_reuse_intensive_RateFIFO@rho1.2_rep2,2,RateFIFO@rho1.2,RateFIFO,1.2,reuse_intensive,dispatcher_arrival,7092,16,0,4650049274038987083,upsert,1789720206.353829,1789720222.6394258,4096,64
20260726_formal4t4_reuse_intensive_RateFIFO@rho1.2_rep2,2,RateFIFO@rho1.2,RateFIFO,1.2,reuse_intensive,dispatcher_arrival,7092,20,0,3163096543987652428,upsert,1789720216.291379,1789720238.163178,4096,64
20260726_formal4t4_reuse_intensive_RateFIFO@rho1.2_rep2,2,RateFIFO@rho1.2,RateFIFO,1.2,reuse_intensive,dispatcher_arrival,7092,24,0,10402019323283478844,upsert,1789720226.2252722,1789720250.6393611,4096,64
20260726_formal4t4_reuse_intensive_RateFIFO@rho1.2_rep2,2,RateFIFO@rho1.2,RateFIFO,1.2,reuse_intensive,dispatcher_arrival,7092,28,0,14064140743279553366,upsert,1789720236.3885775,1789720250.6394544,4096,64
20260726_formal4t4_reuse_intensive_RateFIFO@rho1.2_rep2,2,RateFIFO@rho1.2,RateFIFO,1.2,reuse_intensive,dispatcher_arrival,7092,32,0,12376960631178457983,upsert,1789720246.0792217,1789720263.0203216,4096,64
20260726_formal4t4_reuse_intensive_RateFIFO@rho1.2_rep2,2,RateFIFO@rho1.2,RateFIFO,1.2,reuse_intensive,dispatcher_arrival,7092,36,0,947483498426156190,upsert,1789720256.6987917,1789720275.4965029,4096,64
20260726_formal4t4_reuse_intensive_RateFIFO@rho1.2_rep2,2,RateFIFO@rho1.2,RateFIFO,1.2,reuse_intensive,dispatcher_arrival,7092,40,0,3073007241776570211,upsert,1789720260.0942457,1789720275.4965935,2048,64
20260726_formal4t4_reuse_intensive_RateFIFO@rho1.2_rep2,2,RateFIFO@rho1.2,RateFIFO,1.2,reuse_intensive,dispatcher_arrival,7092,44,0,14108233664250482536,upsert,1789720269.6656325,1789720287.877441,4096,64
20260726_formal4t4_reuse_intensive_RateFIFO@rho1.2_rep2,2,RateFIFO@rho1.2,RateFIFO,1.2,reuse_intensive,dispatcher_arrival,7092,48,0,14774026810505956694,upsert,1789720279.406999,1789720300.353593,4096,64
20260726_formal4t4_reuse_intensive_RateFIFO@rho1.2_rep2,2,RateFIFO@rho1.2,RateFIFO,1.2,reuse_intensive,dispatcher_arrival,7092,52,0,5281956220402968541,upsert,1789720282.7380214,1789720300.3536832,2048,64
20260726_formal4t4_reuse_intensive_RateFIFO@rho1.2_rep2,2,RateFIFO@rho1.2,RateFIFO,1.2,reuse_intensive,dispatcher_arrival,7092,56,0,1785562587857272681,upsert,1789720286.0116515,1789720309.5917075,2048,64
20260726_formal4t4_reuse_intensive_RateFIFO@rho1.2_rep2,2,RateFIFO@rho1.2,RateFIFO,1.2,reuse_intensive,dispatcher_arrival,7092,60,0,1610475058989402671,upsert,1789720289.296305,1789720318.9250371,2048,64
20260726_formal4t4_reuse_intensive_RateFIFO@rho1.2_rep2,2,RateFIFO@rho1.2,RateFIFO,1.2,reuse_intensive,dispatcher_arrival,7092,64,0,14108233664250482536,upsert,1789720299.0361397,1789720331.401289,4096,64
20260726_formal4t4_reuse_intensive_RateFIFO@rho1.2_rep2,2,RateFIFO@rho1.2,RateFIFO,1.2,reuse_intensive,dispatcher_arrival,7092,68,0,12613465747135452669,upsert,1789720301.8321967,1789720331.4013875,4096,64
20260726_formal4t4_reuse_intensive_RateFIFO@rho1.2_rep2,2,RateFIFO@rho1.2,RateFIFO,1.2,reuse_intensive,dispatcher_arrival,7092,72,0,12523743054995375112,upsert,1789720311.5457232,1789720343.7821534,4096,64
20260726_formal4t4_reuse_intensive_RateFIFO@rho1.2_rep2,2,RateFIFO@rho1.2,RateFIFO,1.2,reuse_intensive,dispatcher_arrival,7092,76,0,15769623694692820738,upsert,1789720314.83551,1789720353.115483,4096,64
20260726_formal4t4_reuse_intensive_RateFIFO@rho1.2_rep2,2,RateFIFO@rho1.2,RateFIFO,1.2,reuse_intensive,dispatcher_arrival,7092,80,0,12376960631178457983,upsert,1789720323.7874625,1789720362.4488986,4096,64
20260726_formal4t4_reuse_intensive_RateFIFO@rho1.2_rep2,2,RateFIFO@rho1.2,RateFIFO,1.2,reuse_intensive,dispatcher_arrival,7092,84,1,16954395879792744941,upsert,1789720333.7238355,1789720362.4489827,4096,64
20260726_formal4t4_reuse_intensive_RateFIFO@rho1.2_rep2,2,RateFIFO@rho1.2,RateFIFO,1.2,reuse_intensive,dispatcher_arrival,7092,88,0,4650049274038987083,upsert,1789720336.9443383,1789720374.8297842,4096,64
20260726_formal4t4_reuse_intensive_RateFIFO@rho1.2_rep2,2,RateFIFO@rho1.2,RateFIFO,1.2,reuse_intensive,dispatcher_arrival,7092,92,0,14774026810505956694,upsert,1789720346.7526019,1789720384.1631253,4096,64
20260726_formal4t4_reuse_intensive_RateFIFO@rho1.2_rep2,2,RateFIFO@rho1.2,RateFIFO,1.2,reuse_intensive,dispatcher_arrival,7092,96,0,15769623694692820738,upsert,1789720350.2077713,1789720393.4964492,4096,64
20260726_formal4t4_reuse_intensive_RateFIFO@rho1.2_rep2,2,RateFIFO@rho1.2,RateFIFO,1.2,reuse_intensive,dispatcher_arrival,7092,100,0,10402019323283478844,upsert,1789720359.7338252,1789720393.4965322,4096,64
20260726_formal4t4_reuse_intensive_RateFIFO@rho1.2_rep2,2,RateFIFO@rho1.2,RateFIFO,1.2,reuse_intensive,dispatcher_arrival,7092,104,0,4132850298606047245,upsert,1789720372.9783688,1789720405.8774288,4096,64
20260726_formal4t4_reuse_intensive_RateFIFO@rho1.2_rep2,2,RateFIFO@rho1.2,RateFIFO,1.2,reuse_intensive,dispatcher_arrival,7092,108,0,15769623694692820738,upsert,1789720376.2198615,1789720415.2107437,4096,64
20260726_formal4t4_reuse_intensive_RateFIFO@rho1.2_rep2,2,RateFIFO@rho1.2,RateFIFO,1.2,reuse_intensive,dispatcher_arrival,7092,112,3,6602759660674530941,upsert,1789720386.0306585,1789720424.5440962,4096,64
20260726_formal4t4_reuse_intensive_RateFIFO@rho1.2_rep2,2,RateFIFO@rho1.2,RateFIFO,1.2,reuse_intensive,dispatcher_arrival,7092,116,0,12376960631178457983,upsert,1789720395.3606877,1789720424.5442085,4096,64
20260726_formal4t4_reuse_intensive_RateFIFO@rho1.2_rep2,2,RateFIFO@rho1.2,RateFIFO,1.2,reuse_intensive,dispatcher_arrival,7092,120,0,15769623694692820738,upsert,1789720398.1771955,1789720436.9250233,4096,64
20260726_formal4t4_reuse_intensive_RateFIFO@rho1.2_rep2,2,RateFIFO@rho1.2,RateFIFO,1.2,reuse_intensive,dispatcher_arrival,7092,124,3,17846715708891391149,upsert,1789720408.560721,1789720446.258419,4096,64
20260726_formal4t4_reuse_intensive_RateFIFO@rho1.2_rep2,2,RateFIFO@rho1.2,RateFIFO,1.2,reuse_intensive,dispatcher_arrival,7092,128,3,3796152564256217897,upsert,1789720418.08748,1789720455.5917249,4096,64
20260726_formal4t4_reuse_intensive_RateFIFO@rho1.2_rep2,2,RateFIFO@rho1.2,RateFIFO,1.2,reuse_intensive,dispatcher_arrival,7092,132,3,16508625817180621701,upsert,1789720428.1820395,1789720455.5918148,4096,64
20260726_formal4t4_reuse_intensive_RateFIFO@rho1.2_rep2,2,RateFIFO@rho1.2,RateFIFO,1.2,reuse_intensive,dispatcher_arrival,7092,136,3,11828416008499956572,upsert,1789720438.1900291,1789720467.9726439,4096,64
20260726_formal4t4_reuse_intensive_RateFIFO@rho1.2_rep2,2,RateFIFO@rho1.2,RateFIFO,1.2,reuse_intensive,dispatcher_arrival,7092,140,3,11821849661176330329,upsert,1789720447.6276705,1789720477.3059983,4096,64
20260726_formal4t4_reuse_intensive_RateFIFO@rho1.2_rep2,2,RateFIFO@rho1.2,RateFIFO,1.2,reuse_intensive,dispatcher_arrival,7092,144,3,7759237608199543855,upsert,1789720457.5712612,1789720486.639298,4096,64
20260726_formal4t4_reuse_intensive_RateFIFO@rho1.2_rep2,2,RateFIFO@rho1.2,RateFIFO,1.2,reuse_intensive,dispatcher_arrival,7092,148,3,13844655051170110805,upsert,1789720468.0919144,1789720495.9726448,4096,64
20260726_formal4t4_reuse_intensive_RateFIFO@rho1.2_rep2,2,RateFIFO@rho1.2,RateFIFO,1.2,reuse_intensive,dispatcher_arrival,7092,152,0,13764273285245102789,upsert,1789720478.1270714,1789720505.3060014,4096,64
20260726_formal4t4_reuse_intensive_RateFIFO@rho1.2_rep2,2,RateFIFO@rho1.2,RateFIFO,1.2,reuse_intensive,dispatcher_arrival,7092,156,0,6878038652119793510,upsert,1789720487.415315,1789720514.639333,4096,64
20260726_formal4t4_reuse_intensive_RateFIFO@rho1.2_rep2,2,RateFIFO@rho1.2,RateFIFO,1.2,reuse_intensive,dispatcher_arrival,7092,160,2,12103029824873703222,upsert,1789720497.4448462,1789720523.9726913,4096,64
20260726_formal4t4_reuse_intensive_RateFIFO@rho1.2_rep2,2,RateFIFO@rho1.2,RateFIFO,1.2,reuse_intensive,dispatcher_arrival,7092,164,3,17846715708891391149,upsert,1789720506.4299295,1789720533.3059955,4096,64
20260726_formal4t4_reuse_intensive_RateFIFO@rho1.2_rep2,2,RateFIFO@rho1.2,RateFIFO,1.2,reuse_intensive,dispatcher_arrival,7092,169,3,11821849661176330329,upsert,1789720508.9117074,1789720533.3060877,4096,64
20260726_formal4t4_reuse_intensive_Ideal_rep2,2,Ideal,Ideal,,reuse_intensive,dispatcher_arrival,7092,0,0,15769623694692820738,upsert,1789720166.0414777,1789720191.4965,4096,64
20260726_formal4t4_reuse_intensive_Ideal_rep2,2,Ideal,Ideal,,reuse_intensive,dispatcher_arrival,7092,4,0,12613465747135452669,upsert,1789720176.4518056,1789720210.2583888,4096,64
20260726_formal4t4_reuse_intensive_Ideal_rep2,2,Ideal,Ideal,,reuse_intensive,dispatcher_arrival,7092,8,0,12523743054995375112,upsert,1789720186.554246,1789720210.2584739,4096,64
20260726_formal4t4_reuse_intensive_Ideal_rep2,2,Ideal,Ideal,,reuse_intensive,dispatcher_arrival,7092,12,0,9971321710674973507,upsert,1789720196.6770566,1789720222.6393363,4096,64
20260726_formal4t4_reuse_intensive_Ideal_rep2,2,Ideal,Ideal,,reuse_intensive,dispatcher_arrival,7092,16,0,4650049274038987083,upsert,1789720206.353829,1789720222.6394258,4096,64
20260726_formal4t4_reuse_intensive_Ideal_rep2,2,Ideal,Ideal,,reuse_intensive,dispatcher_arrival,7092,20,0,3163096543987652428,upsert,1789720216.291379,1789720238.163178,4096,64
20260726_formal4t4_reuse_intensive_Ideal_rep2,2,Ideal,Ideal,,reuse_intensive,dispatcher_arrival,7092,24,0,10402019323283478844,upsert,1789720226.2252722,1789720250.6393611,4096,64
20260726_formal4t4_reuse_intensive_Ideal_rep2,2,Ideal,Ideal,,reuse_intensive,dispatcher_arrival,7092,28,0,14064140743279553366,upsert,1789720236.3885775,1789720250.6394544,4096,64
20260726_formal4t4_reuse_intensive_Ideal_rep2,2,Ideal,Ideal,,reuse_intensive,dispatcher_arrival,7092,32,0,12376960631178457983,upsert,1789720246.0792217,1789720263.0203216,4096,64
20260726_formal4t4_reuse_intensive_Ideal_rep2,2,Ideal,Ideal,,reuse_intensive,dispatcher_arrival,7092,36,0,947483498426156190,upsert,1789720256.6987917,1789720275.4965029,4096,64
20260726_formal4t4_reuse_intensive_Ideal_rep2,2,Ideal,Ideal,,reuse_intensive,dispatcher_arrival,7092,40,0,3073007241776570211,upsert,1789720260.0942457,1789720275.4965935,2048,64
20260726_formal4t4_reuse_intensive_Ideal_rep2,2,Ideal,Ideal,,reuse_intensive,dispatcher_arrival,7092,44,0,14108233664250482536,upsert,1789720269.6656325,1789720287.877441,4096,64
20260726_formal4t4_reuse_intensive_Ideal_rep2,2,Ideal,Ideal,,reuse_intensive,dispatcher_arrival,7092,48,0,14774026810505956694,upsert,1789720279.406999,1789720300.353593,4096,64
20260726_formal4t4_reuse_intensive_Ideal_rep2,2,Ideal,Ideal,,reuse_intensive,dispatcher_arrival,7092,52,0,5281956220402968541,upsert,1789720282.7380214,1789720300.3536832,2048,64
20260726_formal4t4_reuse_intensive_Ideal_rep2,2,Ideal,Ideal,,reuse_intensive,dispatcher_arrival,7092,56,0,1785562587857272681,upsert,1789720286.0116515,1789720309.5917075,2048,64
20260726_formal4t4_reuse_intensive_Ideal_rep2,2,Ideal,Ideal,,reuse_intensive,dispatcher_arrival,7092,60,0,1610475058989402671,upsert,1789720289.296305,1789720318.9250371,2048,64
20260726_formal4t4_reuse_intensive_Ideal_rep2,2,Ideal,Ideal,,reuse_intensive,dispatcher_arrival,7092,64,0,14108233664250482536,upsert,1789720299.0361397,1789720331.401289,4096,64
20260726_formal4t4_reuse_intensive_Ideal_rep2,2,Ideal,Ideal,,reuse_intensive,dispatcher_arrival,7092,68,0,12613465747135452669,upsert,1789720301.8321967,1789720331.4013875,4096,64
20260726_formal4t4_reuse_intensive_Ideal_rep2,2,Ideal,Ideal,,reuse_intensive,dispatcher_arrival,7092,72,0,12523743054995375112,upsert,1789720311.5457232,1789720343.7821534,4096,64
20260726_formal4t4_reuse_intensive_Ideal_rep2,2,Ideal,Ideal,,reuse_intensive,dispatcher_arrival,7092,76,0,15769623694692820738,upsert,1789720314.83551,1789720353.115483,4096,64
20260726_formal4t4_reuse_intensive_Ideal_rep2,2,Ideal,Ideal,,reuse_intensive,dispatcher_arrival,7092,80,0,12376960631178457983,upsert,1789720323.7874625,1789720362.4488986,4096,64
20260726_formal4t4_reuse_intensive_Ideal_rep2,2,Ideal,Ideal,,reuse_intensive,dispatcher_arrival,7092,84,1,16954395879792744941,upsert,1789720333.7238355,1789720362.4489827,4096,64
20260726_formal4t4_reuse_intensive_Ideal_rep2,2,Ideal,Ideal,,reuse_intensive,dispatcher_arrival,7092,88,0,4650049274038987083,upsert,1789720336.9443383,1789720374.8297842,4096,64
20260726_formal4t4_reuse_intensive_Ideal_rep2,2,Ideal,Ideal,,reuse_intensive,dispatcher_arrival,7092,92,0,14774026810505956694,upsert,1789720346.7526019,1789720384.1631253,4096,64
20260726_formal4t4_reuse_intensive_Ideal_rep2,2,Ideal,Ideal,,reuse_intensive,dispatcher_arrival,7092,96,0,15769623694692820738,upsert,1789720350.2077713,1789720393.4964492,4096,64
20260726_formal4t4_reuse_intensive_Ideal_rep2,2,Ideal,Ideal,,reuse_intensive,dispatcher_arrival,7092,100,0,10402019323283478844,upsert,1789720359.7338252,1789720393.4965322,4096,64
20260726_formal4t4_reuse_intensive_Ideal_rep2,2,Ideal,Ideal,,reuse_intensive,dispatcher_arrival,7092,104,0,4132850298606047245,upsert,1789720372.9783688,1789720405.8774288,4096,64
20260726_formal4t4_reuse_intensive_Ideal_rep2,2,Ideal,Ideal,,reuse_intensive,dispatcher_arrival,7092,108,0,15769623694692820738,upsert,1789720376.2198615,1789720415.2107437,4096,64
20260726_formal4t4_reuse_intensive_Ideal_rep2,2,Ideal,Ideal,,reuse_intensive,dispatcher_arrival,7092,112,3,6602759660674530941,upsert,1789720386.0306585,1789720424.5440962,4096,64
20260726_formal4t4_reuse_intensive_Ideal_rep2,2,Ideal,Ideal,,reuse_intensive,dispatcher_arrival,7092,116,0,12376960631178457983,upsert,1789720395.3606877,1789720424.5442085,4096,64
20260726_formal4t4_reuse_intensive_Ideal_rep2,2,Ideal,Ideal,,reuse_intensive,dispatcher_arrival,7092,120,0,15769623694692820738,upsert,1789720398.1771955,1789720436.9250233,4096,64
20260726_formal4t4_reuse_intensive_Ideal_rep2,2,Ideal,Ideal,,reuse_intensive,dispatcher_arrival,7092,124,3,17846715708891391149,upsert,1789720408.560721,1789720446.258419,4096,64
20260726_formal4t4_reuse_intensive_Ideal_rep2,2,Ideal,Ideal,,reuse_intensive,dispatcher_arrival,7092,128,3,3796152564256217897,upsert,1789720418.08748,1789720455.5917249,4096,64
20260726_formal4t4_reuse_intensive_Ideal_rep2,2,Ideal,Ideal,,reuse_intensive,dispatcher_arrival,7092,132,3,16508625817180621701,upsert,1789720428.1820395,1789720455.5918148,4096,64
20260726_formal4t4_reuse_intensive_Ideal_rep2,2,Ideal,Ideal,,reuse_intensive,dispatcher_arrival,7092,136,3,11828416008499956572,upsert,1789720438.1900291,1789720467.9726439,4096,64
20260726_formal4t4_reuse_intensive_Ideal_rep2,2,Ideal,Ideal,,reuse_intensive,dispatcher_arrival,7092,140,3,11821849661176330329,upsert,1789720447.6276705,1789720477.3059983,4096,64
20260726_formal4t4_reuse_intensive_Ideal_rep2,2,Ideal,Ideal,,reuse_intensive,dispatcher_arrival,7092,144,3,7759237608199543855,upsert,1789720457.5712612,1789720486.639298,4096,64
20260726_formal4t4_reuse_intensive_Ideal_rep2,2,Ideal,Ideal,,reuse_intensive,dispatcher_arrival,7092,148,3,13844655051170110805,upsert,1789720468.0919144,1789720495.9726448,4096,64
20260726_formal4t4_reuse_intensive_Ideal_rep2,2,Ideal,Ideal,,reuse_intensive,dispatcher_arrival,7092,152,0,13764273285245102789,upsert,1789720478.1270714,1789720505.3060014,4096,64
20260726_formal4t4_reuse_intensive_Ideal_rep2,2,Ideal,Ideal,,reuse_intensive,dispatcher_arrival,7092,156,0,6878038652119793510,upsert,1789720487.415315,1789720514.639333,4096,64
20260726_formal4t4_reuse_intensive_Ideal_rep2,2,Ideal,Ideal,,reuse_intensive,dispatcher_arrival,7092,160,2,12103029824873703222,upsert,1789720497.4448462,1789720523.9726913,4096,64
20260726_formal4t4_reuse_intensive_Ideal_rep2,2,Ideal,Ideal,,reuse_intensive,dispatcher_arrival,7092,164,3,17846715708891391149,upsert,1789720506.4299295,1789720533.3059955,4096,64
20260726_formal4t4_reuse_intensive_Ideal_rep2,2,Ideal,Ideal,,reuse_intensive,dispatcher_arrival,7092,169,3,11821849661176330329,upsert,1789720508.9117074,1789720533.3060877,4096,64
20260726_formal4t4_reuse_intensive_Ideal_rep2,2,Ideal,Ideal,,reuse_intensive,dispatcher_arrival,7092,173,1,15542353749932536880,upsert,1789720519.515415,1789720545.6869543,4096,64
20260726_formal4t4_reuse_intensive_Ideal_rep2,2,Ideal,Ideal,,reuse_intensive,dispatcher_arrival,7092,179,2,12686689457414215630,upsert,1789720529.3473547,1789720555.0202417,4096,64
20260726_formal4t4_reuse_intensive_Ideal_rep2,2,Ideal,Ideal,,reuse_intensive,dispatcher_arrival,7092,185,3,17846715708891391149,upsert,1789720538.4188497,1789720564.3535607,4096,64
20260726_formal4t4_reuse_intensive_StaticSemantic@rho1.2_rep2,2,StaticSemantic@rho1.2,StaticSemantic,1.2,reuse_intensive,dispatcher_arrival,7094,0,0,15769623694692820738,upsert,1789720906.296633,1789720906.300252,4096,64
20260726_formal4t4_reuse_intensive_StaticSemantic@rho1.2_rep2,2,StaticSemantic@rho1.2,StaticSemantic,1.2,reuse_intensive,dispatcher_arrival,7094,1,1,15769623694692820738,upsert,1789720906.296711,1789720906.3003473,4096,64
20260726_formal4t4_reuse_intensive_StaticSemantic@rho1.2_rep2,2,StaticSemantic@rho1.2,StaticSemantic,1.2,reuse_intensive,dispatcher_arrival,7094,4,0,12613465747135452669,upsert,1789720916.5383544,1789720916.5419512,4096,64
20260726_formal4t4_reuse_intensive_StaticSemantic@rho1.2_rep2,2,StaticSemantic@rho1.2,StaticSemantic,1.2,reuse_intensive,dispatcher_arrival,7094,7,3,12613465747135452669,upsert,1789720916.5385253,1789720916.5420294,4096,64
20260726_formal4t4_reuse_intensive_StaticSemantic@rho1.2_rep2,2,StaticSemantic@rho1.2,StaticSemantic,1.2,reuse_intensive,dispatcher_arrival,7094,8,0,12523743054995375112,upsert,1789720926.6524885,1789720926.6562757,4096,64
20260726_formal4t4_reuse_intensive_StaticSemantic@rho1.2_rep2,2,StaticSemantic@rho1.2,StaticSemantic,1.2,reuse_intensive,dispatcher_arrival,7094,11,3,12523743054995375112,upsert,1789720926.652659,1789720926.6563566,4096,64
20260726_formal4t4_reuse_intensive_StaticSemantic@rho1.2_rep2,2,StaticSemantic@rho1.2,StaticSemantic,1.2,reuse_intensive,dispatcher_arrival,7094,12,0,9971321710674973507,upsert,1789720936.4765549,1789720936.480357,4096,64
20260726_formal4t4_reuse_intensive_StaticSemantic@rho1.2_rep2,2,StaticSemantic@rho1.2,StaticSemantic,1.2,reuse_intensive,dispatcher_arrival,7094,15,3,9971321710674973507,upsert,1789720936.476724,1789720936.4804342,4096,64
20260726_formal4t4_reuse_intensive_StaticSemantic@rho1.2_rep2,2,StaticSemantic@rho1.2,StaticSemantic,1.2,reuse_intensive,dispatcher_arrival,7094,16,0,4650049274038987083,upsert,1789720946.7754648,1789720946.7792494,4096,64
20260726_formal4t4_reuse_intensive_StaticSemantic@rho1.2_rep2,2,StaticSemantic@rho1.2,StaticSemantic,1.2,reuse_intensive,dispatcher_arrival,7094,19,3,4650049274038987083,upsert,1789720946.7756393,1789720946.7793267,4096,64
20260726_formal4t4_reuse_intensive_StaticSemantic@rho1.2_rep2,2,StaticSemantic@rho1.2,StaticSemantic,1.2,reuse_intensive,dispatcher_arrival,7094,20,0,3163096543987652428,upsert,1789720957.0668309,1789720957.070533,4096,64
20260726_formal4t4_reuse_intensive_StaticSemantic@rho1.2_rep2,2,StaticSemantic@rho1.2,StaticSemantic,1.2,reuse_intensive,dispatcher_arrival,7094,22,2,3163096543987652428,upsert,1789720957.0669827,1789720957.0706172,4096,64
20260726_formal4t4_reuse_intensive_StaticSemantic@rho1.2_rep2,2,StaticSemantic@rho1.2,StaticSemantic,1.2,reuse_intensive,dispatcher_arrival,7094,24,0,10402019323283478844,upsert,1789720967.1617768,1789720967.1654146,4096,64
20260726_formal4t4_reuse_intensive_StaticSemantic@rho1.2_rep2,2,StaticSemantic@rho1.2,StaticSemantic,1.2,reuse_intensive,dispatcher_arrival,7094,27,3,10402019323283478844,upsert,1789720967.1619518,1789720967.1654816,4096,64
20260726_formal4t4_reuse_intensive_StaticSemantic@rho1.2_rep2,2,StaticSemantic@rho1.2,StaticSemantic,1.2,reuse_intensive,dispatcher_arrival,7094,28,0,14064140743279553366,upsert,1789720977.6340864,1789720987.9176383,4096,64
20260726_formal4t4_reuse_intensive_StaticSemantic@rho1.2_rep2,2,StaticSemantic@rho1.2,StaticSemantic,1.2,reuse_intensive,dispatcher_arrival,7094,31,3,14064140743279553366,upsert,1789720977.6342862,1789720993.8268802,4096,64
20260726_formal4t4_reuse_intensive_StaticSemantic@rho1.2_rep2,2,StaticSemantic@rho1.2,StaticSemantic,1.2,reuse_intensive,dispatcher_arrival,7094,32,0,12376960631178457983,upsert,1789720987.9746723,1789721008.6450558,4096,64
20260726_formal4t4_reuse_intensive_StaticSemantic@rho1.2_rep2,2,StaticSemantic@rho1.2,StaticSemantic,1.2,reuse_intensive,dispatcher_arrival,7094,35,3,12376960631178457983,upsert,1789720987.974743,1789721008.6451886,4096,64
20260726_formal4t4_reuse_intensive_StaticSemantic@rho1.2_rep2,2,StaticSemantic@rho1.2,StaticSemantic,1.2,reuse_intensive,dispatcher_arrival,7094,36,0,947483498426156190,upsert,1789720998.749721,1789721030.4632955,4096,64
20260726_formal4t4_reuse_intensive_StaticSemantic@rho1.2_rep2,2,StaticSemantic@rho1.2,StaticSemantic,1.2,reuse_intensive,dispatcher_arrival,7094,39,3,947483498426156190,upsert,1789720998.7498906,1789721030.4634109,4096,64
20260726_formal4t4_reuse_intensive_StaticSemantic@rho1.2_rep2,2,StaticSemantic@rho1.2,StaticSemantic,1.2,reuse_intensive,dispatcher_arrival,7094,40,0,3073007241776570211,upsert,1789721001.9354477,1789721045.2813673,2048,64
20260726_formal4t4_reuse_intensive_StaticSemantic@rho1.2_rep2,2,StaticSemantic@rho1.2,StaticSemantic,1.2,reuse_intensive,dispatcher_arrival,7094,42,2,3073007241776570211,upsert,1789721001.9355974,1789721045.281417,2048,64
20260726_formal4t4_reuse_intensive_StaticSemantic@rho1.2_rep2,2,StaticSemantic@rho1.2,StaticSemantic,1.2,reuse_intensive,dispatcher_arrival,7094,44,0,14108233664250482536,upsert,1789721011.7166984,1789721064.19045,4096,64
20260726_formal4t4_reuse_intensive_StaticSemantic@rho1.2_rep2,2,StaticSemantic@rho1.2,StaticSemantic,1.2,reuse_intensive,dispatcher_arrival,7094,45,1,14108233664250482536,upsert,1789721011.7168045,1789721064.1905434,4096,64
20260726_formal4t4_reuse_intensive_StaticSemantic@rho1.2_rep2,2,StaticSemantic@rho1.2,StaticSemantic,1.2,reuse_intensive,dispatcher_arrival,7094,48,0,14774026810505956694,upsert,1789721021.5233917,1789721076.00862,4096,64
20260726_formal4t4_reuse_intensive_StaticSemantic@rho1.2_rep2,2,StaticSemantic@rho1.2,StaticSemantic,1.2,reuse_intensive,dispatcher_arrival,7094,51,3,14774026810505956694,upsert,1789721021.523579,1789721076.0087276,4096,64
20260726_formal4t4_reuse_intensive_StaticSemantic@rho1.2_rep2,2,StaticSemantic@rho1.2,StaticSemantic,1.2,reuse_intensive,dispatcher_arrival,7094,52,0,5281956220402968541,upsert,1789721024.7788565,1789721090.8268793,2048,64
20260726_formal4t4_reuse_intensive_StaticSemantic@rho1.2_rep2,2,StaticSemantic@rho1.2,StaticSemantic,1.2,reuse_intensive,dispatcher_arrival,7094,55,3,5281956220402968541,upsert,1789721024.7790382,1789721090.8269882,2048,64
20260726_formal4t4_reuse_intensive_StaticSemantic@rho1.2_rep2,2,StaticSemantic@rho1.2,StaticSemantic,1.2,reuse_intensive,dispatcher_arrival,7094,56,0,1785562587857272681,upsert,1789721028.21877,1789721105.6450148,2048,64
20260726_formal4t4_reuse_intensive_StaticSemantic@rho1.2_rep2,2,StaticSemantic@rho1.2,StaticSemantic,1.2,reuse_intensive,dispatcher_arrival,7094,58,2,1785562587857272681,upsert,1789721028.218956,1789721105.6451085,2048,64
20260726_formal4t4_reuse_intensive_StaticSemantic@rho1.2_rep2,2,StaticSemantic@rho1.2,StaticSemantic,1.2,reuse_intensive,dispatcher_arrival,7094,60,0,1610475058989402671,upsert,1789721031.6555276,1789721120.4632041,2048,64
20260726_formal4t4_reuse_intensive_StaticSemantic@rho1.2_rep2,2,StaticSemantic@rho1.2,StaticSemantic,1.2,reuse_intensive,dispatcher_arrival,7094,62,2,1610475058989402671,upsert,1789721031.6556756,1789721120.4633093,2048,64
20260726_formal4t4_reuse_intensive_StaticSemantic@rho1.2_rep2,2,StaticSemantic@rho1.2,StaticSemantic,1.2,reuse_intensive,dispatcher_arrival,7094,64,0,14108233664250482536,upsert,1789721041.0520432,1789721135.2813478,4096,64
20260726_formal4t4_reuse_intensive_StaticSemantic@rho1.2_rep2,2,StaticSemantic@rho1.2,StaticSemantic,1.2,reuse_intensive,dispatcher_arrival,7094,66,3,9971321710674973507,upsert,1789721041.0522375,1789721135.281448,4096,64
20260726_formal4t4_reuse_intensive_StaticSemantic@rho1.2_rep2,2,StaticSemantic@rho1.2,StaticSemantic,1.2,reuse_intensive,dispatcher_arrival,7094,67,2,13143428811662154315,upsert,1789721041.052281,1789721150.0994995,4096,64
20260726_formal4t4_reuse_intensive_StaticSemantic@rho1.2_rep2,2,StaticSemantic@rho1.2,StaticSemantic,1.2,reuse_intensive,dispatcher_arrival,7094,69,0,12613465747135452669,upsert,1789721042.5662549,1789721150.0995975,4096,64
20260726_formal4t4_reuse_intensive_StaticSemantic@rho1.2_rep2,2,StaticSemantic@rho1.2,StaticSemantic,1.2,reuse_intensive,dispatcher_arrival,7094,77,3,947483498426156190,upsert,1789721054.812697,1789721164.9177616,4096,64
20260726_formal4t4_reuse_intensive_StaticSemantic@rho1.2_rep2,2,StaticSemantic@rho1.2,StaticSemantic,1.2,reuse_intensive,dispatcher_arrival,7094,83,2,10435555625340500992,upsert,1789721064.505005,1789721164.917857,4096,64
20260726_formal4t4_reuse_intensive_StaticSemantic@rho1.2_rep2,2,StaticSemantic@rho1.2,StaticSemantic,1.2,reuse_intensive,dispatcher_arrival,7094,84,0,16954395879792744941,upsert,1789721075.7351203,1789721179.7359247,4096,64
20260726_formal4t4_reuse_intensive_StaticSemantic@rho1.2_rep2,2,StaticSemantic@rho1.2,StaticSemantic,1.2,reuse_intensive,dispatcher_arrival,7094,86,3,9940797030998834804,upsert,1789721075.7353096,1789721179.736021,4096,64
20260726_formal4t4_reuse_intensive_StaticSemantic@rho1.2_rep2,2,StaticSemantic@rho1.2,StaticSemantic,1.2,reuse_intensive,dispatcher_arrival,7094,89,0,12523743054995375112,upsert,1789721077.6800704,1789721194.5540893,4096,64
20260726_formal4t4_reuse_intensive_StaticSemantic@rho1.2_rep2,2,StaticSemantic@rho1.2,StaticSemantic,1.2,reuse_intensive,dispatcher_arrival,7094,90,3,12523743054995375112,upsert,1789721077.6804554,1789721194.5542014,4096,64
20260726_formal4t4_reuse_intensive_StaticSemantic@rho1.2_rep2,2,StaticSemantic@rho1.2,StaticSemantic,1.2,reuse_intensive,dispatcher_arrival,7094,92,3,14774026810505956694,upsert,1789721086.7969747,1789721206.3722413,4096,64
20260726_formal4t4_reuse_intensive_StaticSemantic@rho1.2_rep2,2,StaticSemantic@rho1.2,StaticSemantic,1.2,reuse_intensive,dispatcher_arrival,7094,93,0,9971321710674973507,upsert,1789721086.7974675,1789721206.3723395,4096,64
20260726_formal4t4_reuse_intensive_StaticSemantic@rho1.2_rep2,2,StaticSemantic@rho1.2,StaticSemantic,1.2,reuse_intensive,dispatcher_arrival,7094,94,1,14361523986587977395,upsert,1789721086.7978342,1789721218.1904192,4096,64
20260726_formal4t4_reuse_intensive_StaticSemantic@rho1.2_rep2,2,StaticSemantic@rho1.2,StaticSemantic,1.2,reuse_intensive,dispatcher_arrival,7094,95,2,1187225797315579929,upsert,1789721086.7981899,1789721218.1905131,4096,64
20260726_formal4t4_reuse_intensive_StaticSemantic@rho1.2_rep2,2,StaticSemantic@rho1.2,StaticSemantic,1.2,reuse_intensive,dispatcher_arrival,7094,149,2,15769623694692820738,tombstone,1789721197.9242315,1789721230.0086508,0,64
20260726_formal4t4_reuse_intensive_StaticSemantic@rho1.2_rep2,2,StaticSemantic@rho1.2,StaticSemantic,1.2,reuse_intensive,dispatcher_arrival,7094,97,3,14064140743279553366,upsert,1789721088.024296,1789721230.0087526,4096,64
20260726_formal4t4_reuse_intensive_StaticSemantic@rho1.2_rep2,2,StaticSemantic@rho1.2,StaticSemantic,1.2,reuse_intensive,dispatcher_arrival,7094,154,2,12613465747135452669,tombstone,1789721207.900317,1789721241.826868,0,64
20260726_formal4t4_reuse_intensive_StaticSemantic@rho1.2_rep2,2,StaticSemantic@rho1.2,StaticSemantic,1.2,reuse_intensive,dispatcher_arrival,7094,159,2,12523743054995375112,tombstone,1789721217.6888115,1789721241.826962,0,64
20260726_formal4t4_reuse_intensive_StaticSemantic@rho1.2_rep2,2,StaticSemantic@rho1.2,StaticSemantic,1.2,reuse_intensive,dispatcher_arrival,7094,164,2,9971321710674973507,tombstone,1789721227.8565536,1789721253.6450446,0,64
20260726_formal4t4_reuse_intensive_StaticSemantic@rho1.2_rep2,2,StaticSemantic@rho1.2,StaticSemantic,1.2,reuse_intensive,dispatcher_arrival,7094,100,0,10402019323283478844,upsert,1789721096.966106,1789721253.6451418,4096,64
20260726_formal4t4_reuse_intensive_StaticSemantic@rho1.2_rep2,2,StaticSemantic@rho1.2,StaticSemantic,1.2,reuse_intensive,dispatcher_arrival,7094,101,2,3163096543987652428,upsert,1789721096.9665854,1789721265.4632611,4096,64
20260726_formal4t4_reuse_intensive_StaticSemantic@rho1.2_rep2,2,StaticSemantic@rho1.2,StaticSemantic,1.2,reuse_intensive,dispatcher_arrival,7094,102,1,18366711127789728831,upsert,1789721096.9669685,1789721265.4633617,4096,64
20260726_formal4t4_reuse_intensive_Adaptive@rho1.2_c01024_theta30_rep2,2,Adaptive@rho1.2_c01024_theta30,Adaptive,1.2,reuse_intensive,dispatcher_arrival,7095,0,0,15769623694692820738,upsert,1789721285.3365319,1789721307.2813535,4096,64
20260726_formal4t4_reuse_intensive_Adaptive@rho1.2_c01024_theta30_rep2,2,Adaptive@rho1.2_c01024_theta30,Adaptive,1.2,reuse_intensive,dispatcher_arrival,7095,1,1,15769623694692820738,upsert,1789721285.3366156,1789721313.1905096,4096,64
20260726_formal4t4_reuse_intensive_Adaptive@rho1.2_c01024_theta30_rep2,2,Adaptive@rho1.2_c01024_theta30,Adaptive,1.2,reuse_intensive,dispatcher_arrival,7095,4,0,12613465747135452669,upsert,1789721295.2083094,1789721313.1906192,4096,64
20260726_formal4t4_reuse_intensive_Adaptive@rho1.2_c01024_theta30_rep2,2,Adaptive@rho1.2_c01024_theta30,Adaptive,1.2,reuse_intensive,dispatcher_arrival,7095,5,1,12613465747135452669,upsert,1789721295.2084188,1789721328.0085921,4096,64
20260726_formal4t4_reuse_intensive_Adaptive@rho1.2_c01024_theta30_rep2,2,Adaptive@rho1.2_c01024_theta30,Adaptive,1.2,reuse_intensive,dispatcher_arrival,7095,8,0,12523743054995375112,upsert,1789721305.221946,1789721336.9177127,4096,64
20260726_formal4t4_reuse_intensive_Adaptive@rho1.2_c01024_theta30_rep2,2,Adaptive@rho1.2_c01024_theta30,Adaptive,1.2,reuse_intensive,dispatcher_arrival,7095,9,1,12523743054995375112,upsert,1789721305.2220414,1789721348.8269024,4096,64
20260726_formal4t4_reuse_intensive_Adaptive@rho1.2_c01024_theta30_rep2,2,Adaptive@rho1.2_c01024_theta30,Adaptive,1.2,reuse_intensive,dispatcher_arrival,7095,12,0,9971321710674973507,upsert,1789721315.7273874,1789721348.8270316,4096,64
20260726_formal4t4_reuse_intensive_Adaptive@rho1.2_c01024_theta30_rep2,2,Adaptive@rho1.2_c01024_theta30,Adaptive,1.2,reuse_intensive,dispatcher_arrival,7095,13,1,9971321710674973507,upsert,1789721315.7274818,1789721361.1904595,4096,64
20260726_formal4t4_reuse_intensive_Adaptive@rho1.2_c01024_theta30_rep2,2,Adaptive@rho1.2_c01024_theta30,Adaptive,1.2,reuse_intensive,dispatcher_arrival,7095,16,0,4650049274038987083,upsert,1789721326.0007024,1789721370.099586,4096,64
20260726_formal4t4_reuse_intensive_Adaptive@rho1.2_c01024_theta30_rep2,2,Adaptive@rho1.2_c01024_theta30,Adaptive,1.2,reuse_intensive,dispatcher_arrival,7095,20,0,3163096543987652428,upsert,1789721336.039041,1789721382.0086474,4096,64
20260726_formal4t4_reuse_intensive_Adaptive@rho1.2_c01024_theta30_rep2,2,Adaptive@rho1.2_c01024_theta30,Adaptive,1.2,reuse_intensive,dispatcher_arrival,7095,22,2,3163096543987652428,upsert,1789721336.0392082,1789721382.008756,4096,64
20260726_formal4t4_reuse_intensive_Adaptive@rho1.2_c01024_theta30_rep2,2,Adaptive@rho1.2_c01024_theta30,Adaptive,1.2,reuse_intensive,dispatcher_arrival,7095,28,0,14064140743279553366,upsert,1789721356.5561552,1789721393.82682,4096,64
20260726_formal4t4_reuse_intensive_Adaptive@rho1.2_c01024_theta30_rep2,2,Adaptive@rho1.2_c01024_theta30,Adaptive,1.2,reuse_intensive,dispatcher_arrival,7095,32,0,12376960631178457983,upsert,1789721366.4357076,1789721402.7359657,4096,64
20260726_formal4t4_reuse_intensive_Adaptive@rho1.2_c01024_theta30_rep2,2,Adaptive@rho1.2_c01024_theta30,Adaptive,1.2,reuse_intensive,dispatcher_arrival,7095,36,0,947483498426156190,upsert,1789721377.725808,1789721414.645015,4096,64
20260726_formal4t4_reuse_intensive_Adaptive@rho1.2_c01024_theta30_rep2,2,Adaptive@rho1.2_c01024_theta30,Adaptive,1.2,reuse_intensive,dispatcher_arrival,7095,39,3,947483498426156190,upsert,1789721377.7259927,1789721414.645119,4096,64
20260726_formal4t4_reuse_intensive_Adaptive@rho1.2_c01024_theta30_rep2,2,Adaptive@rho1.2_c01024_theta30,Adaptive,1.2,reuse_intensive,dispatcher_arrival,7095,44,0,14108233664250482536,upsert,1789721391.3936205,1789721426.463205,4096,64
20260726_formal4t4_reuse_intensive_Adaptive@rho1.2_c01024_theta30_rep2,2,Adaptive@rho1.2_c01024_theta30,Adaptive,1.2,reuse_intensive,dispatcher_arrival,7095,48,0,14774026810505956694,upsert,1789721400.891403,1789721435.372249,4096,64
20260726_formal4t4_reuse_intensive_Adaptive@rho1.2_c01024_theta30_rep2,2,Adaptive@rho1.2_c01024_theta30,Adaptive,1.2,reuse_intensive,dispatcher_arrival,7095,64,0,14108233664250482536,upsert,1789721421.0462065,1789721447.2813346,4096,64
20260726_formal4t4_reuse_intensive_Adaptive@rho1.2_c01024_theta30_rep2,2,Adaptive@rho1.2_c01024_theta30,Adaptive,1.2,reuse_intensive,dispatcher_arrival,7095,66,0,9971321710674973507,upsert,1789721421.0463622,1789721447.2814336,4096,64
20260726_formal4t4_reuse_intensive_Adaptive@rho1.2_c01024_theta30_rep2,2,Adaptive@rho1.2_c01024_theta30,Adaptive,1.2,reuse_intensive,dispatcher_arrival,7095,68,1,12613465747135452669,upsert,1789721423.0696244,1789721459.099576,4096,64
20260726_formal4t4_reuse_intensive_Adaptive@rho1.2_c01024_theta30_rep2,2,Adaptive@rho1.2_c01024_theta30,Adaptive,1.2,reuse_intensive,dispatcher_arrival,7095,72,1,12523743054995375112,upsert,1789721432.6321037,1789721468.0085864,4096,64
20260726_formal4t4_reuse_intensive_Adaptive@rho1.2_c01024_theta30_rep2,2,Adaptive@rho1.2_c01024_theta30,Adaptive,1.2,reuse_intensive,dispatcher_arrival,7095,82,0,12376960631178457983,upsert,1789721443.8553042,1789721479.9176989,4096,64
20260726_formal4t4_reuse_intensive_Adaptive@rho1.2_c01024_theta30_rep2,2,Adaptive@rho1.2_c01024_theta30,Adaptive,1.2,reuse_intensive,dispatcher_arrival,7095,83,3,10435555625340500992,upsert,1789721443.8553426,1789721479.9177856,4096,64
20260726_formal4t4_reuse_intensive_Adaptive@rho1.2_c01024_theta30_rep2,2,Adaptive@rho1.2_c01024_theta30,Adaptive,1.2,reuse_intensive,dispatcher_arrival,7095,86,3,9940797030998834804,upsert,1789721453.2920334,1789721491.735926,4096,64
20260726_formal4t4_reuse_intensive_Adaptive@rho1.2_c01024_theta30_rep2,2,Adaptive@rho1.2_c01024_theta30,Adaptive,1.2,reuse_intensive,dispatcher_arrival,7095,93,1,9971321710674973507,upsert,1789721465.0067751,1789721500.6449552,4096,64
20260726_formal4t4_reuse_intensive_Adaptive@rho1.2_c01024_theta30_rep2,2,Adaptive@rho1.2_c01024_theta30,Adaptive,1.2,reuse_intensive,dispatcher_arrival,7095,100,0,10402019323283478844,upsert,1789721477.206105,1789721509.554056,4096,64
20260726_formal4t4_reuse_intensive_Adaptive@rho1.2_c01024_theta30_rep2,2,Adaptive@rho1.2_c01024_theta30,Adaptive,1.2,reuse_intensive,dispatcher_arrival,7095,101,2,3163096543987652428,upsert,1789721477.206605,1789721509.554155,4096,64
20260726_formal4t4_reuse_intensive_Adaptive@rho1.2_c01024_theta30_rep2,2,Adaptive@rho1.2_c01024_theta30,Adaptive,1.2,reuse_intensive,dispatcher_arrival,7095,104,2,4132850298606047245,upsert,1789721486.501294,1789721521.372304,4096,64
20260726_formal4t4_reuse_intensive_Adaptive@rho1.2_c01024_theta30_rep2,2,Adaptive@rho1.2_c01024_theta30,Adaptive,1.2,reuse_intensive,dispatcher_arrival,7095,112,1,6602759660674530941,upsert,1789721498.6675062,1789721530.2814183,4096,64
20260726_formal4t4_reuse_intensive_Adaptive@rho1.2_c01024_theta30_rep2,2,Adaptive@rho1.2_c01024_theta30,Adaptive,1.2,reuse_intensive,dispatcher_arrival,7095,116,0,12376960631178457983,upsert,1789721507.8587725,1789721539.1904256,4096,64
20260726_formal4t4_reuse_intensive_Adaptive@rho1.2_c01024_theta30_rep2,2,Adaptive@rho1.2_c01024_theta30,Adaptive,1.2,reuse_intensive,dispatcher_arrival,7095,118,2,12426261210083601366,upsert,1789721507.859638,1789721539.190522,4096,64
20260726_formal4t4_reuse_intensive_Adaptive@rho1.2_c01024_theta30_rep2,2,Adaptive@rho1.2_c01024_theta30,Adaptive,1.2,reuse_intensive,dispatcher_arrival,7095,124,1,17846715708891391149,upsert,1789721519.6098392,1789721551.0086126,4096,64
20260726_formal4t4_reuse_intensive_Adaptive@rho1.2_c01024_theta30_rep2,2,Adaptive@rho1.2_c01024_theta30,Adaptive,1.2,reuse_intensive,dispatcher_arrival,7095,128,1,3796152564256217897,upsert,1789721529.1950371,1789721559.9177232,4096,64
20260726_formal4t4_reuse_intensive_Adaptive@rho1.2_c01024_theta30_rep2,2,Adaptive@rho1.2_c01024_theta30,Adaptive,1.2,reuse_intensive,dispatcher_arrival,7095,132,1,16508625817180621701,upsert,1789721539.1130319,1789721568.8268309,4096,64
20260726_formal4t4_reuse_intensive_Adaptive@rho1.2_c01024_theta30_rep2,2,Adaptive@rho1.2_c01024_theta30,Adaptive,1.2,reuse_intensive,dispatcher_arrival,7095,133,0,11821849661176330329,upsert,1789721539.1135116,1789721568.8269176,4096,64
20260726_formal4t4_reuse_intensive_Adaptive@rho1.2_c01024_theta30_rep2,2,Adaptive@rho1.2_c01024_theta30,Adaptive,1.2,reuse_intensive,dispatcher_arrival,7095,136,1,11828416008499956572,upsert,1789721549.1396525,1789721580.6449895,4096,64
20260726_formal4t4_reuse_intensive_Adaptive@rho1.2_c01024_theta30_rep2,2,Adaptive@rho1.2_c01024_theta30,Adaptive,1.2,reuse_intensive,dispatcher_arrival,7095,140,1,11821849661176330329,upsert,1789721557.9561982,1789721589.554074,4096,64
20260726_formal4t4_reuse_intensive_Adaptive@rho1.2_c01024_theta30_rep2,2,Adaptive@rho1.2_c01024_theta30,Adaptive,1.2,reuse_intensive,dispatcher_arrival,7095,144,1,7759237608199543855,upsert,1789721567.7401085,1789721598.4632192,4096,64
20260726_formal4t4_reuse_intensive_Adaptive@rho1.2_c01024_theta30_rep2,2,Adaptive@rho1.2_c01024_theta30,Adaptive,1.2,reuse_intensive,dispatcher_arrival,7095,145,0,6878038652119793510,upsert,1789721567.7405717,1789721598.463311,4096,64
20260726_formal4t4_reuse_intensive_Adaptive@rho1.2_c01024_theta30_rep2,2,Adaptive@rho1.2_c01024_theta30,Adaptive,1.2,reuse_intensive,dispatcher_arrival,7095,148,1,13844655051170110805,upsert,1789721577.923131,1789721610.2813356,4096,64
20260726_formal4t4_reuse_intensive_Adaptive@rho1.2_c01024_theta30_rep2,2,Adaptive@rho1.2_c01024_theta30,Adaptive,1.2,reuse_intensive,dispatcher_arrival,7095,156,3,15769623694692820738,tombstone,1789721587.282634,1789721619.1904075,0,64
20260726_formal4t4_reuse_intensive_Adaptive@rho1.2_c01024_theta30_rep2,2,Adaptive@rho1.2_c01024_theta30,Adaptive,1.2,reuse_intensive,dispatcher_arrival,7095,161,3,12613465747135452669,tombstone,1789721596.851646,1789721628.0995271,0,64
20260726_formal4t4_reuse_intensive_Adaptive@rho1.2_c01024_theta30_rep2,2,Adaptive@rho1.2_c01024_theta30,Adaptive,1.2,reuse_intensive,dispatcher_arrival,7095,157,2,6878038652119793510,upsert,1789721596.8511517,1789721628.0996168,4096,64
20260726_formal4t4_reuse_intensive_Adaptive@rho1.2_c01024_theta30_rep2,2,Adaptive@rho1.2_c01024_theta30,Adaptive,1.2,reuse_intensive,dispatcher_arrival,7095,164,2,15769623694692820738,tombstone,1789721607.6885333,1789721639.9176912,0,64
20260726_formal4t4_reuse_intensive_Adaptive@rho1.2_c01024_theta30_rep2,2,Adaptive@rho1.2_c01024_theta30,Adaptive,1.2,reuse_intensive,dispatcher_arrival,7095,170,0,13764273285245102789,upsert,1789721617.881471,1789721648.8268359,4096,64
20260726_formal4t4_reuse_intensive_Adaptive@rho1.2_c01024_theta30_rep3,3,Adaptive@rho1.2_c01024_theta30,Adaptive,1.2,reuse_intensive,dispatcher_arrival,7096,0,0,15769623694692820738,upsert,1789721665.93605,1789721690.7359133,4096,64
20260726_formal4t4_reuse_intensive_Adaptive@rho1.2_c01024_theta30_rep3,3,Adaptive@rho1.2_c01024_theta30,Adaptive,1.2,reuse_intensive,dispatcher_arrival,7096,3,3,15769623694692820738,upsert,1789721665.9361377,1789721696.6449654,4096,64
20260726_formal4t4_reuse_intensive_Adaptive@rho1.2_c01024_theta30_rep3,3,Adaptive@rho1.2_c01024_theta30,Adaptive,1.2,reuse_intensive,dispatcher_arrival,7096,4,0,12613465747135452669,upsert,1789721675.8714151,1789721696.6450377,4096,64
20260726_formal4t4_reuse_intensive_Adaptive@rho1.2_c01024_theta30_rep3,3,Adaptive@rho1.2_c01024_theta30,Adaptive,1.2,reuse_intensive,dispatcher_arrival,7096,7,3,12613465747135452669,upsert,1789721675.8715184,1789721717.4632125,4096,64
20260726_formal4t4_reuse_intensive_Adaptive@rho1.2_c01024_theta30_rep3,3,Adaptive@rho1.2_c01024_theta30,Adaptive,1.2,reuse_intensive,dispatcher_arrival,7096,8,0,12523743054995375112,upsert,1789721686.3093355,1789721726.3723168,4096,64
20260726_formal4t4_reuse_intensive_Adaptive@rho1.2_c01024_theta30_rep3,3,Adaptive@rho1.2_c01024_theta30,Adaptive,1.2,reuse_intensive,dispatcher_arrival,7096,10,2,12523743054995375112,upsert,1789721686.3094835,1789721738.2814124,4096,64
20260726_formal4t4_reuse_intensive_Adaptive@rho1.2_c01024_theta30_rep3,3,Adaptive@rho1.2_c01024_theta30,Adaptive,1.2,reuse_intensive,dispatcher_arrival,7096,12,0,9971321710674973507,upsert,1789721696.1942573,1789721738.2815146,4096,64
20260726_formal4t4_reuse_intensive_Adaptive@rho1.2_c01024_theta30_rep3,3,Adaptive@rho1.2_c01024_theta30,Adaptive,1.2,reuse_intensive,dispatcher_arrival,7096,15,3,9971321710674973507,upsert,1789721696.194345,1789721750.6449552,4096,64
20260726_formal4t4_reuse_intensive_Adaptive@rho1.2_c01024_theta30_rep3,3,Adaptive@rho1.2_c01024_theta30,Adaptive,1.2,reuse_intensive,dispatcher_arrival,7096,20,0,3163096543987652428,upsert,1789721717.0956972,1789721759.554078,4096,64
20260726_formal4t4_reuse_intensive_Adaptive@rho1.2_c01024_theta30_rep3,3,Adaptive@rho1.2_c01024_theta30,Adaptive,1.2,reuse_intensive,dispatcher_arrival,7096,28,0,14064140743279553366,upsert,1789721730.5559468,1789721771.4631467,4096,64
20260726_formal4t4_reuse_intensive_Adaptive@rho1.2_c01024_theta30_rep3,3,Adaptive@rho1.2_c01024_theta30,Adaptive,1.2,reuse_intensive,dispatcher_arrival,7096,31,3,14064140743279553366,upsert,1789721730.556118,1789721771.4632838,4096,64
20260726_formal4t4_reuse_intensive_Adaptive@rho1.2_c01024_theta30_rep3,3,Adaptive@rho1.2_c01024_theta30,Adaptive,1.2,reuse_intensive,dispatcher_arrival,7096,36,0,947483498426156190,upsert,1789721751.1274853,1789721783.2813008,4096,64
20260726_formal4t4_reuse_intensive_Adaptive@rho1.2_c01024_theta30_rep3,3,Adaptive@rho1.2_c01024_theta30,Adaptive,1.2,reuse_intensive,dispatcher_arrival,7096,52,0,5281956220402968541,upsert,1789721771.8054838,1789721798.1904492,4096,64
20260726_formal4t4_reuse_intensive_Adaptive@rho1.2_c01024_theta30_rep3,3,Adaptive@rho1.2_c01024_theta30,Adaptive,1.2,reuse_intensive,dispatcher_arrival,7096,55,3,5281956220402968541,upsert,1789721771.8056645,1789721798.1905496,4096,64
20260726_formal4t4_reuse_intensive_Adaptive@rho1.2_c01024_theta30_rep3,3,Adaptive@rho1.2_c01024_theta30,Adaptive,1.2,reuse_intensive,dispatcher_arrival,7096,66,0,15769623694692820738,upsert,1789721789.2998524,1789721810.008607,4096,64
20260726_formal4t4_reuse_intensive_Adaptive@rho1.2_c01024_theta30_rep3,3,Adaptive@rho1.2_c01024_theta30,Adaptive,1.2,reuse_intensive,dispatcher_arrival,7096,65,3,17730309890119328358,upsert,1789721789.2998004,1789721810.0087132,4096,64
20260726_formal4t4_reuse_intensive_Adaptive@rho1.2_c01024_theta30_rep3,3,Adaptive@rho1.2_c01024_theta30,Adaptive,1.2,reuse_intensive,dispatcher_arrival,7096,70,0,12613465747135452669,upsert,1789721791.6109564,1789721824.8268282,4096,64
20260726_formal4t4_reuse_intensive_Adaptive@rho1.2_c01024_theta30_rep3,3,Adaptive@rho1.2_c01024_theta30,Adaptive,1.2,reuse_intensive,dispatcher_arrival,7096,73,2,12523743054995375112,upsert,1789721793.0956316,1789721824.8269453,4096,64
20260726_formal4t4_reuse_intensive_Adaptive@rho1.2_c01024_theta30_rep3,3,Adaptive@rho1.2_c01024_theta30,Adaptive,1.2,reuse_intensive,dispatcher_arrival,7096,80,3,4650049274038987083,upsert,1789721804.5210662,1789721839.6450243,4096,64
20260726_formal4t4_reuse_intensive_Adaptive@rho1.2_c01024_theta30_rep3,3,Adaptive@rho1.2_c01024_theta30,Adaptive,1.2,reuse_intensive,dispatcher_arrival,7096,85,3,5281956220402968541,upsert,1789721806.7218564,1789721839.6451242,4096,64
20260726_formal4t4_reuse_intensive_Adaptive@rho1.2_c01024_theta30_rep3,3,Adaptive@rho1.2_c01024_theta30,Adaptive,1.2,reuse_intensive,dispatcher_arrival,7096,102,2,12376960631178457983,upsert,1789721814.0462089,1789721854.4631853,4096,64
20260726_formal4t4_reuse_intensive_Adaptive@rho1.2_c01024_theta30_rep3,3,Adaptive@rho1.2_c01024_theta30,Adaptive,1.2,reuse_intensive,dispatcher_arrival,7096,105,1,4596497935095405733,upsert,1789721823.1512706,1789721854.463287,4096,64
20260726_formal4t4_reuse_intensive_Adaptive@rho1.2_c01024_theta30_rep3,3,Adaptive@rho1.2_c01024_theta30,Adaptive,1.2,reuse_intensive,dispatcher_arrival,7096,109,3,15769623694692820738,upsert,1789721834.422656,1789721866.2813313,4096,64
20260726_formal4t4_reuse_intensive_Adaptive@rho1.2_c01024_theta30_rep3,3,Adaptive@rho1.2_c01024_theta30,Adaptive,1.2,reuse_intensive,dispatcher_arrival,7096,110,0,9971321710674973507,upsert,1789721834.4230237,1789721866.2814326,4096,64
20260726_formal4t4_reuse_intensive_Adaptive@rho1.2_c01024_theta30_rep3,3,Adaptive@rho1.2_c01024_theta30,Adaptive,1.2,reuse_intensive,dispatcher_arrival,7096,116,0,9971321710674973507,upsert,1789721854.4707897,1789721878.0995653,4096,64
20260726_formal4t4_reuse_intensive_Adaptive@rho1.2_c01024_theta30_rep3,3,Adaptive@rho1.2_c01024_theta30,Adaptive,1.2,reuse_intensive,dispatcher_arrival,7096,117,3,13063325218966850298,upsert,1789721854.4712627,1789721878.0996516,4096,64
20260726_formal4t4_reuse_intensive_Adaptive@rho1.2_c01024_theta30_rep3,3,Adaptive@rho1.2_c01024_theta30,Adaptive,1.2,reuse_intensive,dispatcher_arrival,7096,124,0,15507369539614680842,upsert,1789721866.4874861,1789721889.917759,4096,64
20260726_formal4t4_reuse_intensive_Adaptive@rho1.2_c01024_theta30_rep3,3,Adaptive@rho1.2_c01024_theta30,Adaptive,1.2,reuse_intensive,dispatcher_arrival,7096,125,2,11821849661176330329,upsert,1789721866.4879355,1789721889.9178548,4096,64
20260726_formal4t4_reuse_intensive_Adaptive@rho1.2_c01024_theta30_rep3,3,Adaptive@rho1.2_c01024_theta30,Adaptive,1.2,reuse_intensive,dispatcher_arrival,7096,126,1,5080278736125677280,upsert,1789721866.4883087,1789721901.7359345,4096,64
20260726_formal4t4_reuse_intensive_Adaptive@rho1.2_c01024_theta30_rep3,3,Adaptive@rho1.2_c01024_theta30,Adaptive,1.2,reuse_intensive,dispatcher_arrival,7096,127,3,6011659882065852394,upsert,1789721866.4886518,1789721901.7360265,4096,64
20260726_formal4t4_reuse_intensive_Adaptive@rho1.2_c01024_theta30_rep3,3,Adaptive@rho1.2_c01024_theta30,Adaptive,1.2,reuse_intensive,dispatcher_arrival,7096,130,1,3174386350051304381,upsert,1789721876.7618153,1789721913.5541081,4096,64
20260726_formal4t4_reuse_intensive_Adaptive@rho1.2_c01024_theta30_rep3,3,Adaptive@rho1.2_c01024_theta30,Adaptive,1.2,reuse_intensive,dispatcher_arrival,7096,131,2,11592361518825428217,upsert,1789721876.7621727,1789721913.5542195,4096,64
20260726_formal4t4_reuse_intensive_Adaptive@rho1.2_c01024_theta30_rep3,3,Adaptive@rho1.2_c01024_theta30,Adaptive,1.2,reuse_intensive,dispatcher_arrival,7096,138,1,13764273285245102789,upsert,1789721896.6525166,1789721925.3722744,4096,64
20260726_formal4t4_reuse_intensive_Adaptive@rho1.2_c01024_theta30_rep3,3,Adaptive@rho1.2_c01024_theta30,Adaptive,1.2,reuse_intensive,dispatcher_arrival,7096,140,0,14333057367934485678,upsert,1789721897.9971192,1789721925.372368,4096,64
20260726_formal4t4_reuse_intensive_Adaptive@rho1.2_c01024_theta30_rep3,3,Adaptive@rho1.2_c01024_theta30,Adaptive,1.2,reuse_intensive,dispatcher_arrival,7096,145,3,10946459298946968941,upsert,1789721908.7674825,1789721937.1904793,4096,64
20260726_formal4t4_reuse_intensive_Adaptive@rho1.2_c01024_theta30_rep3,3,Adaptive@rho1.2_c01024_theta30,Adaptive,1.2,reuse_intensive,dispatcher_arrival,7096,146,0,6878038652119793510,upsert,1789721908.7678516,1789721937.190571,4096,64
20260726_formal4t4_reuse_intensive_Adaptive@rho1.2_c01024_theta30_rep3,3,Adaptive@rho1.2_c01024_theta30,Adaptive,1.2,reuse_intensive,dispatcher_arrival,7096,148,2,6878038652119793510,upsert,1789721918.3203337,1789721949.0085819,4096,64
20260726_formal4t4_reuse_intensive_Adaptive@rho1.2_c01024_theta30_rep3,3,Adaptive@rho1.2_c01024_theta30,Adaptive,1.2,reuse_intensive,dispatcher_arrival,7096,149,0,12395577753972294123,upsert,1789721918.3207757,1789721949.0086715,4096,64
20260726_formal4t4_reuse_intensive_Adaptive@rho1.2_c01024_theta30_rep3,3,Adaptive@rho1.2_c01024_theta30,Adaptive,1.2,reuse_intensive,dispatcher_arrival,7096,152,2,17846715708891391149,upsert,1789721928.633638,1789721960.8267775,4096,64
20260726_formal4t4_reuse_intensive_Adaptive@rho1.2_c01024_theta30_rep3,3,Adaptive@rho1.2_c01024_theta30,Adaptive,1.2,reuse_intensive,dispatcher_arrival,7096,153,1,3653934292717507175,upsert,1789721928.6340826,1789721960.8268712,4096,64
20260726_formal4t4_reuse_intensive_Adaptive@rho1.2_c01024_theta30_rep3,3,Adaptive@rho1.2_c01024_theta30,Adaptive,1.2,reuse_intensive,dispatcher_arrival,7096,156,2,11821849661176330329,upsert,1789721939.6733847,1789721972.6449633,4096,64
20260726_formal4t4_reuse_intensive_Adaptive@rho1.2_c01024_theta30_rep3,3,Adaptive@rho1.2_c01024_theta30,Adaptive,1.2,reuse_intensive,dispatcher_arrival,7096,157,0,14718592730808615998,upsert,1789721939.6738265,1789721972.6450565,4096,64
20260726_formal4t4_reuse_intensive_Adaptive@rho1.2_c01024_theta30_rep3,3,Adaptive@rho1.2_c01024_theta30,Adaptive,1.2,reuse_intensive,dispatcher_arrival,7096,164,2,11821849661176330329,upsert,1789721959.3748155,1789721984.4631896,4096,64
20260726_formal4t4_reuse_intensive_Adaptive@rho1.2_c01024_theta30_rep3,3,Adaptive@rho1.2_c01024_theta30,Adaptive,1.2,reuse_intensive,dispatcher_arrival,7096,165,1,5794772519797049687,upsert,1789721959.3752816,1789721984.4632838,4096,64
20260726_formal4t4_reuse_intensive_Adaptive@rho1.2_c01024_theta30_rep3,3,Adaptive@rho1.2_c01024_theta30,Adaptive,1.2,reuse_intensive,dispatcher_arrival,7096,168,1,5080278736125677280,upsert,1789721970.1203775,1789721996.281348,4096,64
20260726_formal4t4_reuse_intensive_Adaptive@rho1.2_c01024_theta30_rep3,3,Adaptive@rho1.2_c01024_theta30,Adaptive,1.2,reuse_intensive,dispatcher_arrival,7096,169,2,17846715708891391149,upsert,1789721970.12082,1789721996.2814374,4096,64
20260726_formal4t4_reuse_intensive_RateFIFO@rho1.2_rep3,3,RateFIFO@rho1.2,RateFIFO,1.2,reuse_intensive,dispatcher_arrival,7097,0,0,15769623694692820738,upsert,1789722016.7541964,1789722038.0995524,4096,64
20260726_formal4t4_reuse_intensive_RateFIFO@rho1.2_rep3,3,RateFIFO@rho1.2,RateFIFO,1.2,reuse_intensive,dispatcher_arrival,7097,4,0,12613465747135452669,upsert,1789722027.3357694,1789722050.008693,4096,64
20260726_formal4t4_reuse_intensive_RateFIFO@rho1.2_rep3,3,RateFIFO@rho1.2,RateFIFO,1.2,reuse_intensive,dispatcher_arrival,7097,8,0,12523743054995375112,upsert,1789722037.296052,1789722050.0088096,4096,64
20260726_formal4t4_reuse_intensive_RateFIFO@rho1.2_rep3,3,RateFIFO@rho1.2,RateFIFO,1.2,reuse_intensive,dispatcher_arrival,7097,12,0,9971321710674973507,upsert,1789722047.34512,1789722061.8268812,4096,64
20260726_formal4t4_reuse_intensive_RateFIFO@rho1.2_rep3,3,RateFIFO@rho1.2,RateFIFO,1.2,reuse_intensive,dispatcher_arrival,7097,16,0,4650049274038987083,upsert,1789722058.1694279,1789722073.735913,4096,64
20260726_formal4t4_reuse_intensive_RateFIFO@rho1.2_rep3,3,RateFIFO@rho1.2,RateFIFO,1.2,reuse_intensive,dispatcher_arrival,7097,20,0,3163096543987652428,upsert,1789722068.7711406,1789722082.6449568,4096,64
20260726_formal4t4_reuse_intensive_RateFIFO@rho1.2_rep3,3,RateFIFO@rho1.2,RateFIFO,1.2,reuse_intensive,dispatcher_arrival,7097,24,0,10402019323283478844,upsert,1789722072.194541,1789722082.6450572,2048,64
20260726_formal4t4_reuse_intensive_RateFIFO@rho1.2_rep3,3,RateFIFO@rho1.2,RateFIFO,1.2,reuse_intensive,dispatcher_arrival,7097,28,0,14064140743279553366,upsert,1789722082.5462224,1789722094.4632373,4096,64
20260726_formal4t4_reuse_intensive_RateFIFO@rho1.2_rep3,3,RateFIFO@rho1.2,RateFIFO,1.2,reuse_intensive,dispatcher_arrival,7097,32,0,12376960631178457983,upsert,1789722093.0411894,1789722106.3723044,4096,64
20260726_formal4t4_reuse_intensive_RateFIFO@rho1.2_rep3,3,RateFIFO@rho1.2,RateFIFO,1.2,reuse_intensive,dispatcher_arrival,7097,36,0,947483498426156190,upsert,1789722102.6282206,1789722115.281427,4096,64
20260726_formal4t4_reuse_intensive_RateFIFO@rho1.2_rep3,3,RateFIFO@rho1.2,RateFIFO,1.2,reuse_intensive,dispatcher_arrival,7097,40,0,3073007241776570211,upsert,1789722105.7085066,1789722115.2815351,2048,64
20260726_formal4t4_reuse_intensive_RateFIFO@rho1.2_rep3,3,RateFIFO@rho1.2,RateFIFO,1.2,reuse_intensive,dispatcher_arrival,7097,44,0,14108233664250482536,upsert,1789722108.788234,1789722127.0995903,2048,64
20260726_formal4t4_reuse_intensive_RateFIFO@rho1.2_rep3,3,RateFIFO@rho1.2,RateFIFO,1.2,reuse_intensive,dispatcher_arrival,7097,48,0,14774026810505956694,upsert,1789722111.7977273,1789722127.0996947,2048,64
20260726_formal4t4_reuse_intensive_RateFIFO@rho1.2_rep3,3,RateFIFO@rho1.2,RateFIFO,1.2,reuse_intensive,dispatcher_arrival,7097,52,0,5281956220402968541,upsert,1789722121.7219744,1789722141.9176896,4096,64
20260726_formal4t4_reuse_intensive_RateFIFO@rho1.2_rep3,3,RateFIFO@rho1.2,RateFIFO,1.2,reuse_intensive,dispatcher_arrival,7097,56,0,1785562587857272681,upsert,1789722124.983201,1789722141.9177873,2048,64
20260726_formal4t4_reuse_intensive_RateFIFO@rho1.2_rep3,3,RateFIFO@rho1.2,RateFIFO,1.2,reuse_intensive,dispatcher_arrival,7097,60,0,1610475058989402671,upsert,1789722128.1081831,1789722156.7358732,2048,64
20260726_formal4t4_reuse_intensive_RateFIFO@rho1.2_rep3,3,RateFIFO@rho1.2,RateFIFO,1.2,reuse_intensive,dispatcher_arrival,7097,64,0,15769623694692820738,upsert,1789722137.402078,1789722156.7359698,4096,64
20260726_formal4t4_reuse_intensive_RateFIFO@rho1.2_rep3,3,RateFIFO@rho1.2,RateFIFO,1.2,reuse_intensive,dispatcher_arrival,7097,68,0,15769623694692820738,upsert,1789722140.1496897,1789722171.554051,4096,64
20260726_formal4t4_reuse_intensive_RateFIFO@rho1.2_rep3,3,RateFIFO@rho1.2,RateFIFO,1.2,reuse_intensive,dispatcher_arrival,7097,72,0,15769623694692820738,upsert,1789722142.7282465,1789722171.5541434,4096,64
20260726_formal4t4_reuse_intensive_RateFIFO@rho1.2_rep3,3,RateFIFO@rho1.2,RateFIFO,1.2,reuse_intensive,dispatcher_arrival,7097,76,0,15769623694692820738,upsert,1789722146.0964792,1789722186.3722851,4096,64
20260726_formal4t4_reuse_intensive_RateFIFO@rho1.2_rep3,3,RateFIFO@rho1.2,RateFIFO,1.2,reuse_intensive,dispatcher_arrival,7097,80,0,4650049274038987083,upsert,1789722155.5647383,1789722186.3723779,4096,64
20260726_formal4t4_reuse_intensive_RateFIFO@rho1.2_rep3,3,RateFIFO@rho1.2,RateFIFO,1.2,reuse_intensive,dispatcher_arrival,7097,84,0,947483498426156190,upsert,1789722159.4919186,1789722198.1904593,4096,64
20260726_formal4t4_reuse_intensive_RateFIFO@rho1.2_rep3,3,RateFIFO@rho1.2,RateFIFO,1.2,reuse_intensive,dispatcher_arrival,7097,88,0,12613465747135452669,upsert,1789722163.3228784,1789722198.1905541,4096,64
20260726_formal4t4_reuse_intensive_RateFIFO@rho1.2_rep3,3,RateFIFO@rho1.2,RateFIFO,1.2,reuse_intensive,dispatcher_arrival,7097,92,0,12613465747135452669,upsert,1789722166.4784596,1789722210.0085921,4096,64
20260726_formal4t4_reuse_intensive_RateFIFO@rho1.2_rep3,3,RateFIFO@rho1.2,RateFIFO,1.2,reuse_intensive,dispatcher_arrival,7097,96,0,15769623694692820738,upsert,1789722169.0327263,1789722210.0086849,4096,64
20260726_formal4t4_reuse_intensive_RateFIFO@rho1.2_rep3,3,RateFIFO@rho1.2,RateFIFO,1.2,reuse_intensive,dispatcher_arrival,7097,100,0,15769623694692820738,upsert,1789722171.6745532,1789722221.8268065,4096,64
20260726_formal4t4_reuse_intensive_RateFIFO@rho1.2_rep3,3,RateFIFO@rho1.2,RateFIFO,1.2,reuse_intensive,dispatcher_arrival,7097,104,0,15769623694692820738,upsert,1789722180.850862,1789722221.8268738,4096,64
20260726_formal4t4_reuse_intensive_RateFIFO@rho1.2_rep3,3,RateFIFO@rho1.2,RateFIFO,1.2,reuse_intensive,dispatcher_arrival,7097,108,1,15960031488910374299,upsert,1789722190.0581105,1789722233.6450026,4096,64
20260726_formal4t4_reuse_intensive_RateFIFO@rho1.2_rep3,3,RateFIFO@rho1.2,RateFIFO,1.2,reuse_intensive,dispatcher_arrival,7097,112,3,9417075026054648240,upsert,1789722199.4197223,1789722233.645099,4096,64
20260726_formal4t4_reuse_intensive_RateFIFO@rho1.2_rep3,3,RateFIFO@rho1.2,RateFIFO,1.2,reuse_intensive,dispatcher_arrival,7097,116,0,9971321710674973507,upsert,1789722208.6394207,1789722245.4632063,4096,64
20260726_formal4t4_reuse_intensive_RateFIFO@rho1.2_rep3,3,RateFIFO@rho1.2,RateFIFO,1.2,reuse_intensive,dispatcher_arrival,7097,120,0,15769623694692820738,upsert,1789722211.3483055,1789722245.4633033,4096,64
20260726_formal4t4_reuse_intensive_RateFIFO@rho1.2_rep3,3,RateFIFO@rho1.2,RateFIFO,1.2,reuse_intensive,dispatcher_arrival,7097,124,1,15507369539614680842,upsert,1789722221.4210508,1789722257.2812676,4096,64
20260726_formal4t4_reuse_intensive_RateFIFO@rho1.2_rep3,3,RateFIFO@rho1.2,RateFIFO,1.2,reuse_intensive,dispatcher_arrival,7097,128,1,11821849661176330329,upsert,1789722232.0700495,1789722257.281306,4096,64
20260726_formal4t4_reuse_intensive_RateFIFO@rho1.2_rep3,3,RateFIFO@rho1.2,RateFIFO,1.2,reuse_intensive,dispatcher_arrival,7097,132,1,13764273285245102789,upsert,1789722241.6232085,1789722269.099452,4096,64
20260726_formal4t4_reuse_intensive_RateFIFO@rho1.2_rep3,3,RateFIFO@rho1.2,RateFIFO,1.2,reuse_intensive,dispatcher_arrival,7097,136,1,14333057367934485678,upsert,1789722251.0250611,1789722269.0995,4096,64
20260726_formal4t4_reuse_intensive_RateFIFO@rho1.2_rep3,3,RateFIFO@rho1.2,RateFIFO,1.2,reuse_intensive,dispatcher_arrival,7097,140,1,14333057367934485678,upsert,1789722260.516716,1789722280.9177096,4096,64
20260726_formal4t4_reuse_intensive_RateFIFO@rho1.2_rep3,3,RateFIFO@rho1.2,RateFIFO,1.2,reuse_intensive,dispatcher_arrival,7097,144,1,17846715708891391149,upsert,1789722270.0875263,1789722289.826794,4096,64
20260726_formal4t4_reuse_intensive_RateFIFO@rho1.2_rep3,3,RateFIFO@rho1.2,RateFIFO,1.2,reuse_intensive,dispatcher_arrival,7097,148,1,6878038652119793510,upsert,1789722279.992113,1789722289.826889,4096,64
20260726_formal4t4_reuse_intensive_RateFIFO@rho1.2_rep3,3,RateFIFO@rho1.2,RateFIFO,1.2,reuse_intensive,dispatcher_arrival,7097,152,1,17846715708891391149,upsert,1789722290.392786,1789722304.6450524,4096,64
20260726_formal4t4_reuse_intensive_RateFIFO@rho1.2_rep3,3,RateFIFO@rho1.2,RateFIFO,1.2,reuse_intensive,dispatcher_arrival,7097,156,1,11821849661176330329,upsert,1789722300.6508806,1789722310.5540423,4096,64
20260726_formal4t4_reuse_intensive_RateFIFO@rho1.2_rep3,3,RateFIFO@rho1.2,RateFIFO,1.2,reuse_intensive,dispatcher_arrival,7097,160,2,17450960088959206076,upsert,1789722311.0858288,1789722322.463205,4096,64
20260726_formal4t4_reuse_intensive_RateFIFO@rho1.2_rep3,3,RateFIFO@rho1.2,RateFIFO,1.2,reuse_intensive,dispatcher_arrival,7097,164,1,11821849661176330329,upsert,1789722321.0088203,1789722328.372342,4096,64
20260726_formal4t4_reuse_intensive_RateFIFO@rho1.2_rep3,3,RateFIFO@rho1.2,RateFIFO,1.2,reuse_intensive,dispatcher_arrival,7097,168,1,5080278736125677280,upsert,1789722330.929822,1789722340.2813323,4096,64
20260726_formal4t4_reuse_intensive_RateFIFO@rho1.2_rep3,3,RateFIFO@rho1.2,RateFIFO,1.2,reuse_intensive,dispatcher_arrival,7097,173,1,6878038652119793510,upsert,1789722340.8394768,1789722349.1905065,4096,64
20260726_formal4t4_reuse_intensive_RateFIFO@rho1.2_rep3,3,RateFIFO@rho1.2,RateFIFO,1.2,reuse_intensive,dispatcher_arrival,7097,178,1,11821849661176330329,upsert,1789722350.132063,1789722358.0995429,4096,64
20260726_formal4t4_reuse_intensive_Ideal_rep3,3,Ideal,Ideal,,reuse_intensive,dispatcher_arrival,7097,0,0,15769623694692820738,upsert,1789722016.7541964,1789722038.0995524,4096,64
20260726_formal4t4_reuse_intensive_Ideal_rep3,3,Ideal,Ideal,,reuse_intensive,dispatcher_arrival,7097,4,0,12613465747135452669,upsert,1789722027.3357694,1789722050.008693,4096,64
20260726_formal4t4_reuse_intensive_Ideal_rep3,3,Ideal,Ideal,,reuse_intensive,dispatcher_arrival,7097,8,0,12523743054995375112,upsert,1789722037.296052,1789722050.0088096,4096,64
20260726_formal4t4_reuse_intensive_Ideal_rep3,3,Ideal,Ideal,,reuse_intensive,dispatcher_arrival,7097,12,0,9971321710674973507,upsert,1789722047.34512,1789722061.8268812,4096,64
20260726_formal4t4_reuse_intensive_Ideal_rep3,3,Ideal,Ideal,,reuse_intensive,dispatcher_arrival,7097,16,0,4650049274038987083,upsert,1789722058.1694279,1789722073.735913,4096,64
20260726_formal4t4_reuse_intensive_Ideal_rep3,3,Ideal,Ideal,,reuse_intensive,dispatcher_arrival,7097,20,0,3163096543987652428,upsert,1789722068.7711406,1789722082.6449568,4096,64
20260726_formal4t4_reuse_intensive_Ideal_rep3,3,Ideal,Ideal,,reuse_intensive,dispatcher_arrival,7097,24,0,10402019323283478844,upsert,1789722072.194541,1789722082.6450572,2048,64
20260726_formal4t4_reuse_intensive_Ideal_rep3,3,Ideal,Ideal,,reuse_intensive,dispatcher_arrival,7097,28,0,14064140743279553366,upsert,1789722082.5462224,1789722094.4632373,4096,64
20260726_formal4t4_reuse_intensive_Ideal_rep3,3,Ideal,Ideal,,reuse_intensive,dispatcher_arrival,7097,32,0,12376960631178457983,upsert,1789722093.0411894,1789722106.3723044,4096,64
20260726_formal4t4_reuse_intensive_Ideal_rep3,3,Ideal,Ideal,,reuse_intensive,dispatcher_arrival,7097,36,0,947483498426156190,upsert,1789722102.6282206,1789722115.281427,4096,64
20260726_formal4t4_reuse_intensive_Ideal_rep3,3,Ideal,Ideal,,reuse_intensive,dispatcher_arrival,7097,40,0,3073007241776570211,upsert,1789722105.7085066,1789722115.2815351,2048,64
20260726_formal4t4_reuse_intensive_Ideal_rep3,3,Ideal,Ideal,,reuse_intensive,dispatcher_arrival,7097,44,0,14108233664250482536,upsert,1789722108.788234,1789722127.0995903,2048,64
20260726_formal4t4_reuse_intensive_Ideal_rep3,3,Ideal,Ideal,,reuse_intensive,dispatcher_arrival,7097,48,0,14774026810505956694,upsert,1789722111.7977273,1789722127.0996947,2048,64
20260726_formal4t4_reuse_intensive_Ideal_rep3,3,Ideal,Ideal,,reuse_intensive,dispatcher_arrival,7097,52,0,5281956220402968541,upsert,1789722121.7219744,1789722141.9176896,4096,64
20260726_formal4t4_reuse_intensive_Ideal_rep3,3,Ideal,Ideal,,reuse_intensive,dispatcher_arrival,7097,56,0,1785562587857272681,upsert,1789722124.983201,1789722141.9177873,2048,64
20260726_formal4t4_reuse_intensive_Ideal_rep3,3,Ideal,Ideal,,reuse_intensive,dispatcher_arrival,7097,60,0,1610475058989402671,upsert,1789722128.1081831,1789722156.7358732,2048,64
20260726_formal4t4_reuse_intensive_Ideal_rep3,3,Ideal,Ideal,,reuse_intensive,dispatcher_arrival,7097,64,0,15769623694692820738,upsert,1789722137.402078,1789722156.7359698,4096,64
20260726_formal4t4_reuse_intensive_Ideal_rep3,3,Ideal,Ideal,,reuse_intensive,dispatcher_arrival,7097,68,0,15769623694692820738,upsert,1789722140.1496897,1789722171.554051,4096,64
20260726_formal4t4_reuse_intensive_Ideal_rep3,3,Ideal,Ideal,,reuse_intensive,dispatcher_arrival,7097,72,0,15769623694692820738,upsert,1789722142.7282465,1789722171.5541434,4096,64
20260726_formal4t4_reuse_intensive_Ideal_rep3,3,Ideal,Ideal,,reuse_intensive,dispatcher_arrival,7097,76,0,15769623694692820738,upsert,1789722146.0964792,1789722186.3722851,4096,64
20260726_formal4t4_reuse_intensive_Ideal_rep3,3,Ideal,Ideal,,reuse_intensive,dispatcher_arrival,7097,80,0,4650049274038987083,upsert,1789722155.5647383,1789722186.3723779,4096,64
20260726_formal4t4_reuse_intensive_Ideal_rep3,3,Ideal,Ideal,,reuse_intensive,dispatcher_arrival,7097,84,0,947483498426156190,upsert,1789722159.4919186,1789722198.1904593,4096,64
20260726_formal4t4_reuse_intensive_Ideal_rep3,3,Ideal,Ideal,,reuse_intensive,dispatcher_arrival,7097,88,0,12613465747135452669,upsert,1789722163.3228784,1789722198.1905541,4096,64
20260726_formal4t4_reuse_intensive_Ideal_rep3,3,Ideal,Ideal,,reuse_intensive,dispatcher_arrival,7097,92,0,12613465747135452669,upsert,1789722166.4784596,1789722210.0085921,4096,64
20260726_formal4t4_reuse_intensive_Ideal_rep3,3,Ideal,Ideal,,reuse_intensive,dispatcher_arrival,7097,96,0,15769623694692820738,upsert,1789722169.0327263,1789722210.0086849,4096,64
20260726_formal4t4_reuse_intensive_Ideal_rep3,3,Ideal,Ideal,,reuse_intensive,dispatcher_arrival,7097,100,0,15769623694692820738,upsert,1789722171.6745532,1789722221.8268065,4096,64
20260726_formal4t4_reuse_intensive_Ideal_rep3,3,Ideal,Ideal,,reuse_intensive,dispatcher_arrival,7097,104,0,15769623694692820738,upsert,1789722180.850862,1789722221.8268738,4096,64
20260726_formal4t4_reuse_intensive_Ideal_rep3,3,Ideal,Ideal,,reuse_intensive,dispatcher_arrival,7097,108,1,15960031488910374299,upsert,1789722190.0581105,1789722233.6450026,4096,64
20260726_formal4t4_reuse_intensive_Ideal_rep3,3,Ideal,Ideal,,reuse_intensive,dispatcher_arrival,7097,112,3,9417075026054648240,upsert,1789722199.4197223,1789722233.645099,4096,64
20260726_formal4t4_reuse_intensive_Ideal_rep3,3,Ideal,Ideal,,reuse_intensive,dispatcher_arrival,7097,116,0,9971321710674973507,upsert,1789722208.6394207,1789722245.4632063,4096,64
20260726_formal4t4_reuse_intensive_Ideal_rep3,3,Ideal,Ideal,,reuse_intensive,dispatcher_arrival,7097,120,0,15769623694692820738,upsert,1789722211.3483055,1789722245.4633033,4096,64
20260726_formal4t4_reuse_intensive_Ideal_rep3,3,Ideal,Ideal,,reuse_intensive,dispatcher_arrival,7097,124,1,15507369539614680842,upsert,1789722221.4210508,1789722257.2812676,4096,64
20260726_formal4t4_reuse_intensive_Ideal_rep3,3,Ideal,Ideal,,reuse_intensive,dispatcher_arrival,7097,128,1,11821849661176330329,upsert,1789722232.0700495,1789722257.281306,4096,64
20260726_formal4t4_reuse_intensive_Ideal_rep3,3,Ideal,Ideal,,reuse_intensive,dispatcher_arrival,7097,132,1,13764273285245102789,upsert,1789722241.6232085,1789722269.099452,4096,64
20260726_formal4t4_reuse_intensive_Ideal_rep3,3,Ideal,Ideal,,reuse_intensive,dispatcher_arrival,7097,136,1,14333057367934485678,upsert,1789722251.0250611,1789722269.0995,4096,64
20260726_formal4t4_reuse_intensive_Ideal_rep3,3,Ideal,Ideal,,reuse_intensive,dispatcher_arrival,7097,140,1,14333057367934485678,upsert,1789722260.516716,1789722280.9177096,4096,64
20260726_formal4t4_reuse_intensive_Ideal_rep3,3,Ideal,Ideal,,reuse_intensive,dispatcher_arrival,7097,144,1,17846715708891391149,upsert,1789722270.0875263,1789722289.826794,4096,64
20260726_formal4t4_reuse_intensive_Ideal_rep3,3,Ideal,Ideal,,reuse_intensive,dispatcher_arrival,7097,148,1,6878038652119793510,upsert,1789722279.992113,1789722289.826889,4096,64
20260726_formal4t4_reuse_intensive_Ideal_rep3,3,Ideal,Ideal,,reuse_intensive,dispatcher_arrival,7097,152,1,17846715708891391149,upsert,1789722290.392786,1789722304.6450524,4096,64
20260726_formal4t4_reuse_intensive_Ideal_rep3,3,Ideal,Ideal,,reuse_intensive,dispatcher_arrival,7097,156,1,11821849661176330329,upsert,1789722300.6508806,1789722310.5540423,4096,64
20260726_formal4t4_reuse_intensive_Ideal_rep3,3,Ideal,Ideal,,reuse_intensive,dispatcher_arrival,7097,160,2,17450960088959206076,upsert,1789722311.0858288,1789722322.463205,4096,64
20260726_formal4t4_reuse_intensive_Ideal_rep3,3,Ideal,Ideal,,reuse_intensive,dispatcher_arrival,7097,164,1,11821849661176330329,upsert,1789722321.0088203,1789722328.372342,4096,64
20260726_formal4t4_reuse_intensive_Ideal_rep3,3,Ideal,Ideal,,reuse_intensive,dispatcher_arrival,7097,168,1,5080278736125677280,upsert,1789722330.929822,1789722340.2813323,4096,64
20260726_formal4t4_reuse_intensive_Ideal_rep3,3,Ideal,Ideal,,reuse_intensive,dispatcher_arrival,7097,173,1,6878038652119793510,upsert,1789722340.8394768,1789722349.1905065,4096,64
20260726_formal4t4_reuse_intensive_Ideal_rep3,3,Ideal,Ideal,,reuse_intensive,dispatcher_arrival,7097,178,1,11821849661176330329,upsert,1789722350.132063,1789722358.0995429,4096,64
20260726_formal4t4_reuse_intensive_Ideal_rep3,3,Ideal,Ideal,,reuse_intensive,dispatcher_arrival,7097,184,1,17846715708891391149,upsert,1789722360.210974,1789722367.0086896,4096,64
20260726_formal4t4_reuse_intensive_StaticSemantic@rho1.2_rep3,3,StaticSemantic@rho1.2,StaticSemantic,1.2,reuse_intensive,dispatcher_arrival,7099,0,0,15769623694692820738,upsert,1789722694.3895438,1789722694.3933477,4096,64
20260726_formal4t4_reuse_intensive_StaticSemantic@rho1.2_rep3,3,StaticSemantic@rho1.2,StaticSemantic,1.2,reuse_intensive,dispatcher_arrival,7099,1,1,15769623694692820738,upsert,1789722694.3896267,1789722694.3934429,4096,64
20260726_formal4t4_reuse_intensive_StaticSemantic@rho1.2_rep3,3,StaticSemantic@rho1.2,StaticSemantic,1.2,reuse_intensive,dispatcher_arrival,7099,4,0,12613465747135452669,upsert,1789722704.5325344,1789722704.5361872,4096,64
20260726_formal4t4_reuse_intensive_StaticSemantic@rho1.2_rep3,3,StaticSemantic@rho1.2,StaticSemantic,1.2,reuse_intensive,dispatcher_arrival,7099,5,1,12613465747135452669,upsert,1789722704.5326283,1789722704.5362666,4096,64
20260726_formal4t4_reuse_intensive_StaticSemantic@rho1.2_rep3,3,StaticSemantic@rho1.2,StaticSemantic,1.2,reuse_intensive,dispatcher_arrival,7099,8,0,12523743054995375112,upsert,1789722714.5692348,1789722714.572867,4096,64
20260726_formal4t4_reuse_intensive_StaticSemantic@rho1.2_rep3,3,StaticSemantic@rho1.2,StaticSemantic,1.2,reuse_intensive,dispatcher_arrival,7099,9,1,12523743054995375112,upsert,1789722714.5693302,1789722714.572944,4096,64
20260726_formal4t4_reuse_intensive_StaticSemantic@rho1.2_rep3,3,StaticSemantic@rho1.2,StaticSemantic,1.2,reuse_intensive,dispatcher_arrival,7099,12,0,9971321710674973507,upsert,1789722724.7063646,1789722724.7102518,4096,64
20260726_formal4t4_reuse_intensive_StaticSemantic@rho1.2_rep3,3,StaticSemantic@rho1.2,StaticSemantic,1.2,reuse_intensive,dispatcher_arrival,7099,15,3,9971321710674973507,upsert,1789722724.7065434,1789722724.710332,4096,64
20260726_formal4t4_reuse_intensive_StaticSemantic@rho1.2_rep3,3,StaticSemantic@rho1.2,StaticSemantic,1.2,reuse_intensive,dispatcher_arrival,7099,16,0,4650049274038987083,upsert,1789722734.5583599,1789722734.5619857,4096,64
20260726_formal4t4_reuse_intensive_StaticSemantic@rho1.2_rep3,3,StaticSemantic@rho1.2,StaticSemantic,1.2,reuse_intensive,dispatcher_arrival,7099,19,3,4650049274038987083,upsert,1789722734.5585392,1789722734.5620625,4096,64
20260726_formal4t4_reuse_intensive_StaticSemantic@rho1.2_rep3,3,StaticSemantic@rho1.2,StaticSemantic,1.2,reuse_intensive,dispatcher_arrival,7099,20,0,3163096543987652428,upsert,1789722745.3029099,1789722745.3058782,4096,64
20260726_formal4t4_reuse_intensive_StaticSemantic@rho1.2_rep3,3,StaticSemantic@rho1.2,StaticSemantic,1.2,reuse_intensive,dispatcher_arrival,7099,23,3,3163096543987652428,upsert,1789722745.3030946,1789722745.305958,4096,64
20260726_formal4t4_reuse_intensive_StaticSemantic@rho1.2_rep3,3,StaticSemantic@rho1.2,StaticSemantic,1.2,reuse_intensive,dispatcher_arrival,7099,24,0,10402019323283478844,upsert,1789722748.6354535,1789722748.6390426,2048,64
20260726_formal4t4_reuse_intensive_StaticSemantic@rho1.2_rep3,3,StaticSemantic@rho1.2,StaticSemantic,1.2,reuse_intensive,dispatcher_arrival,7099,27,3,10402019323283478844,upsert,1789722748.6356304,1789722748.6391206,2048,64
20260726_formal4t4_reuse_intensive_StaticSemantic@rho1.2_rep3,3,StaticSemantic@rho1.2,StaticSemantic,1.2,reuse_intensive,dispatcher_arrival,7099,28,0,14064140743279553366,upsert,1789722758.848329,1789722758.8519661,4096,64
20260726_formal4t4_reuse_intensive_StaticSemantic@rho1.2_rep3,3,StaticSemantic@rho1.2,StaticSemantic,1.2,reuse_intensive,dispatcher_arrival,7099,31,3,14064140743279553366,upsert,1789722758.8485088,1789722758.852045,4096,64
20260726_formal4t4_reuse_intensive_StaticSemantic@rho1.2_rep3,3,StaticSemantic@rho1.2,StaticSemantic,1.2,reuse_intensive,dispatcher_arrival,7099,32,0,12376960631178457983,upsert,1789722769.0874753,1789722776.2337303,4096,64
20260726_formal4t4_reuse_intensive_StaticSemantic@rho1.2_rep3,3,StaticSemantic@rho1.2,StaticSemantic,1.2,reuse_intensive,dispatcher_arrival,7099,35,3,12376960631178457983,upsert,1789722769.087656,1789722781.433735,4096,64
20260726_formal4t4_reuse_intensive_StaticSemantic@rho1.2_rep3,3,StaticSemantic@rho1.2,StaticSemantic,1.2,reuse_intensive,dispatcher_arrival,7099,36,0,947483498426156190,upsert,1789722779.919037,1789722805.9137642,4096,64
20260726_formal4t4_reuse_intensive_StaticSemantic@rho1.2_rep3,3,StaticSemantic@rho1.2,StaticSemantic,1.2,reuse_intensive,dispatcher_arrival,7099,38,2,947483498426156190,upsert,1789722779.9191935,1789722805.9138367,4096,64
20260726_formal4t4_reuse_intensive_StaticSemantic@rho1.2_rep3,3,StaticSemantic@rho1.2,StaticSemantic,1.2,reuse_intensive,dispatcher_arrival,7099,40,0,3073007241776570211,upsert,1789722783.1591024,1789722813.6736891,2048,64
20260726_formal4t4_reuse_intensive_StaticSemantic@rho1.2_rep3,3,StaticSemantic@rho1.2,StaticSemantic,1.2,reuse_intensive,dispatcher_arrival,7099,41,1,3073007241776570211,upsert,1789722783.1592262,1789722825.1136935,2048,64
20260726_formal4t4_reuse_intensive_StaticSemantic@rho1.2_rep3,3,StaticSemantic@rho1.2,StaticSemantic,1.2,reuse_intensive,dispatcher_arrival,7099,44,0,14108233664250482536,upsert,1789722786.4780085,1789722835.5936644,2048,64
20260726_formal4t4_reuse_intensive_StaticSemantic@rho1.2_rep3,3,StaticSemantic@rho1.2,StaticSemantic,1.2,reuse_intensive,dispatcher_arrival,7099,45,1,14108233664250482536,upsert,1789722786.4781,1789722835.5937676,2048,64
20260726_formal4t4_reuse_intensive_StaticSemantic@rho1.2_rep3,3,StaticSemantic@rho1.2,StaticSemantic,1.2,reuse_intensive,dispatcher_arrival,7099,48,0,14774026810505956694,upsert,1789722789.8244433,1789722849.1136873,2048,64
20260726_formal4t4_reuse_intensive_StaticSemantic@rho1.2_rep3,3,StaticSemantic@rho1.2,StaticSemantic,1.2,reuse_intensive,dispatcher_arrival,7099,49,1,14774026810505956694,upsert,1789722789.824532,1789722856.9536898,2048,64
20260726_formal4t4_reuse_intensive_StaticSemantic@rho1.2_rep3,3,StaticSemantic@rho1.2,StaticSemantic,1.2,reuse_intensive,dispatcher_arrival,7099,52,0,5281956220402968541,upsert,1789722800.9263616,1789722867.4337168,4096,64
20260726_formal4t4_reuse_intensive_StaticSemantic@rho1.2_rep3,3,StaticSemantic@rho1.2,StaticSemantic,1.2,reuse_intensive,dispatcher_arrival,7099,55,3,5281956220402968541,upsert,1789722800.9265316,1789722867.4337995,4096,64
20260726_formal4t4_reuse_intensive_StaticSemantic@rho1.2_rep3,3,StaticSemantic@rho1.2,StaticSemantic,1.2,reuse_intensive,dispatcher_arrival,7099,56,0,1785562587857272681,upsert,1789722804.1195958,1789722877.83367,2048,64
20260726_formal4t4_reuse_intensive_StaticSemantic@rho1.2_rep3,3,StaticSemantic@rho1.2,StaticSemantic,1.2,reuse_intensive,dispatcher_arrival,7099,59,3,1785562587857272681,upsert,1789722804.1197762,1789722885.673683,2048,64
20260726_formal4t4_reuse_intensive_StaticSemantic@rho1.2_rep3,3,StaticSemantic@rho1.2,StaticSemantic,1.2,reuse_intensive,dispatcher_arrival,7099,60,0,1610475058989402671,upsert,1789722807.4754562,1789722896.1537485,2048,64
20260726_formal4t4_reuse_intensive_StaticSemantic@rho1.2_rep3,3,StaticSemantic@rho1.2,StaticSemantic,1.2,reuse_intensive,dispatcher_arrival,7099,63,3,1610475058989402671,upsert,1789722807.4756458,1789722896.153829,2048,64
20260726_formal4t4_reuse_intensive_StaticSemantic@rho1.2_rep3,3,StaticSemantic@rho1.2,StaticSemantic,1.2,reuse_intensive,dispatcher_arrival,7099,65,3,17730309890119328358,upsert,1789722818.326781,1789722906.5536704,4096,64
20260726_formal4t4_reuse_intensive_StaticSemantic@rho1.2_rep3,3,StaticSemantic@rho1.2,StaticSemantic,1.2,reuse_intensive,dispatcher_arrival,7099,78,0,3163096543987652428,upsert,1789722824.6857083,1789722914.393705,4096,64
20260726_formal4t4_reuse_intensive_StaticSemantic@rho1.2_rep3,3,StaticSemantic@rho1.2,StaticSemantic,1.2,reuse_intensive,dispatcher_arrival,7099,83,2,11074190661555870271,upsert,1789722834.1647031,1789722924.8736951,4096,64
20260726_formal4t4_reuse_intensive_StaticSemantic@rho1.2_rep3,3,StaticSemantic@rho1.2,StaticSemantic,1.2,reuse_intensive,dispatcher_arrival,7099,84,2,947483498426156190,upsert,1789722836.3513544,1789722924.8738122,4096,64
20260726_formal4t4_reuse_intensive_StaticSemantic@rho1.2_rep3,3,StaticSemantic@rho1.2,StaticSemantic,1.2,reuse_intensive,dispatcher_arrival,7099,86,0,12613465747135452669,upsert,1789722836.3515148,1789722935.2737193,4096,64
20260726_formal4t4_reuse_intensive_StaticSemantic@rho1.2_rep3,3,StaticSemantic@rho1.2,StaticSemantic,1.2,reuse_intensive,dispatcher_arrival,7099,89,0,947483498426156190,upsert,1789722838.3755064,1789722943.113708,4096,64
20260726_formal4t4_reuse_intensive_StaticSemantic@rho1.2_rep3,3,StaticSemantic@rho1.2,StaticSemantic,1.2,reuse_intensive,dispatcher_arrival,7099,90,3,4650049274038987083,upsert,1789722838.375908,1789722953.5937243,4096,64
20260726_formal4t4_reuse_intensive_StaticSemantic@rho1.2_rep3,3,StaticSemantic@rho1.2,StaticSemantic,1.2,reuse_intensive,dispatcher_arrival,7099,91,0,12376960631178457983,upsert,1789722838.3762956,1789722953.5938034,4096,64
20260726_formal4t4_reuse_intensive_StaticSemantic@rho1.2_rep3,3,StaticSemantic@rho1.2,StaticSemantic,1.2,reuse_intensive,dispatcher_arrival,7099,102,3,12376960631178457983,upsert,1789722843.1658366,1789722963.9937065,4096,64
20260726_formal4t4_reuse_intensive_StaticSemantic@rho1.2_rep3,3,StaticSemantic@rho1.2,StaticSemantic,1.2,reuse_intensive,dispatcher_arrival,7099,105,2,4596497935095405733,upsert,1789722851.9966085,1789722971.8336513,4096,64
20260726_formal4t4_reuse_intensive_StaticSemantic@rho1.2_rep3,3,StaticSemantic@rho1.2,StaticSemantic,1.2,reuse_intensive,dispatcher_arrival,7099,106,0,4650049274038987083,upsert,1789722851.99697,1789722979.6736836,4096,64
20260726_formal4t4_reuse_intensive_StaticSemantic@rho1.2_rep3,3,StaticSemantic@rho1.2,StaticSemantic,1.2,reuse_intensive,dispatcher_arrival,7099,107,3,14064140743279553366,upsert,1789722851.9973292,1789722979.6737766,4096,64
20260726_formal4t4_reuse_intensive_StaticSemantic@rho1.2_rep3,3,StaticSemantic@rho1.2,StaticSemantic,1.2,reuse_intensive,dispatcher_arrival,7099,108,0,15960031488910374299,upsert,1789722862.0600674,1789722990.0736537,4096,64
20260726_formal4t4_reuse_intensive_StaticSemantic@rho1.2_rep3,3,StaticSemantic@rho1.2,StaticSemantic,1.2,reuse_intensive,dispatcher_arrival,7099,111,2,1187225797315579929,upsert,1789722862.0612502,1789722997.9136598,4096,64
20260726_formal4t4_reuse_intensive_StaticSemantic@rho1.2_rep3,3,StaticSemantic@rho1.2,StaticSemantic,1.2,reuse_intensive,dispatcher_arrival,7099,164,2,15769623694692820738,tombstone,1789722978.1560762,1789723005.7536473,0,64
20260726_formal4t4_reuse_intensive_StaticSemantic@rho1.2_rep3,3,StaticSemantic@rho1.2,StaticSemantic,1.2,reuse_intensive,dispatcher_arrival,7099,112,2,9417075026054648240,upsert,1789722871.7333455,1789723005.7537308,4096,64
20260726_formal4t4_reuse_intensive_StaticSemantic@rho1.2_rep3,3,StaticSemantic@rho1.2,StaticSemantic,1.2,reuse_intensive,dispatcher_arrival,7099,113,1,12523743054995375112,upsert,1789722871.7337863,1789723016.1536903,4096,64
20260726_formal4t4_reuse_intensive_StaticSemantic@rho1.2_rep3,3,StaticSemantic@rho1.2,StaticSemantic,1.2,reuse_intensive,dispatcher_arrival,7099,116,0,9971321710674973507,upsert,1789722882.70249,1789723023.9936984,4096,64
20260726_formal4t4_reuse_intensive_StaticSemantic@rho1.2_rep3,3,StaticSemantic@rho1.2,StaticSemantic,1.2,reuse_intensive,dispatcher_arrival,7099,117,1,13063325218966850298,upsert,1789722882.7029643,1789723031.8336542,4096,64
20260726_formal4t4_reuse_intensive_StaticSemantic@rho1.2_rep3,3,StaticSemantic@rho1.2,StaticSemantic,1.2,reuse_intensive,dispatcher_arrival,7099,118,3,9971321710674973507,upsert,1789722882.7033808,1789723031.8337493,4096,64
20260726_formal4t4_reuse_intensive_RateFIFO@rho1.2_rep4,4,RateFIFO@rho1.2,RateFIFO,1.2,reuse_intensive,dispatcher_arrival,7100,0,0,15769623694692820738,upsert,1789723048.2446487,1789723073.913665,4096,64
20260726_formal4t4_reuse_intensive_RateFIFO@rho1.2_rep4,4,RateFIFO@rho1.2,RateFIFO,1.2,reuse_intensive,dispatcher_arrival,7100,4,0,12613465747135452669,upsert,1789723058.5500963,1789723084.393661,4096,64
20260726_formal4t4_reuse_intensive_RateFIFO@rho1.2_rep4,4,RateFIFO@rho1.2,RateFIFO,1.2,reuse_intensive,dispatcher_arrival,7100,8,0,12523743054995375112,upsert,1789723068.8147628,1789723084.3937461,4096,64
20260726_formal4t4_reuse_intensive_RateFIFO@rho1.2_rep4,4,RateFIFO@rho1.2,RateFIFO,1.2,reuse_intensive,dispatcher_arrival,7100,12,0,9971321710674973507,upsert,1789723072.1940212,1789723092.153616,2048,64
20260726_formal4t4_reuse_intensive_RateFIFO@rho1.2_rep4,4,RateFIFO@rho1.2,RateFIFO,1.2,reuse_intensive,dispatcher_arrival,7100,16,0,4650049274038987083,upsert,1789723082.1951954,1789723099.9937115,4096,64
20260726_formal4t4_reuse_intensive_RateFIFO@rho1.2_rep4,4,RateFIFO@rho1.2,RateFIFO,1.2,reuse_intensive,dispatcher_arrival,7100,20,0,3163096543987652428,upsert,1789723093.1162095,1789723113.1136549,4096,64
20260726_formal4t4_reuse_intensive_RateFIFO@rho1.2_rep4,4,RateFIFO@rho1.2,RateFIFO,1.2,reuse_intensive,dispatcher_arrival,7100,24,0,10402019323283478844,upsert,1789723103.2474306,1789723120.9537058,4096,64
20260726_formal4t4_reuse_intensive_RateFIFO@rho1.2_rep4,4,RateFIFO@rho1.2,RateFIFO,1.2,reuse_intensive,dispatcher_arrival,7100,28,0,14064140743279553366,upsert,1789723114.1069615,1789723128.793717,4096,64
20260726_formal4t4_reuse_intensive_RateFIFO@rho1.2_rep4,4,RateFIFO@rho1.2,RateFIFO,1.2,reuse_intensive,dispatcher_arrival,7100,32,0,12376960631178457983,upsert,1789723124.3395152,1789723136.6336732,4096,64
20260726_formal4t4_reuse_intensive_RateFIFO@rho1.2_rep4,4,RateFIFO@rho1.2,RateFIFO,1.2,reuse_intensive,dispatcher_arrival,7100,36,0,947483498426156190,upsert,1789723134.958312,1789723144.4736404,4096,64
20260726_formal4t4_reuse_intensive_RateFIFO@rho1.2_rep4,4,RateFIFO@rho1.2,RateFIFO,1.2,reuse_intensive,dispatcher_arrival,7100,40,0,3073007241776570211,upsert,1789723145.728155,1789723154.9536462,4096,64
20260726_formal4t4_reuse_intensive_RateFIFO@rho1.2_rep4,4,RateFIFO@rho1.2,RateFIFO,1.2,reuse_intensive,dispatcher_arrival,7100,44,0,14108233664250482536,upsert,1789723156.1997497,1789723162.7936661,4096,64
20260726_formal4t4_reuse_intensive_RateFIFO@rho1.2_rep4,4,RateFIFO@rho1.2,RateFIFO,1.2,reuse_intensive,dispatcher_arrival,7100,48,0,14774026810505956694,upsert,1789723159.6919894,1789723167.993684,2048,64
20260726_formal4t4_reuse_intensive_RateFIFO@rho1.2_rep4,4,RateFIFO@rho1.2,RateFIFO,1.2,reuse_intensive,dispatcher_arrival,7100,52,0,5281956220402968541,upsert,1789723162.9434168,1789723175.8336709,2048,64
20260726_formal4t4_reuse_intensive_RateFIFO@rho1.2_rep4,4,RateFIFO@rho1.2,RateFIFO,1.2,reuse_intensive,dispatcher_arrival,7100,56,0,1785562587857272681,upsert,1789723166.0720189,1789723175.833763,2048,64
20260726_formal4t4_reuse_intensive_RateFIFO@rho1.2_rep4,4,RateFIFO@rho1.2,RateFIFO,1.2,reuse_intensive,dispatcher_arrival,7100,60,0,1610475058989402671,upsert,1789723176.3715305,1789723191.5136652,4096,64
20260726_formal4t4_reuse_intensive_RateFIFO@rho1.2_rep4,4,RateFIFO@rho1.2,RateFIFO,1.2,reuse_intensive,dispatcher_arrival,7100,64,0,17730309890119328358,upsert,1789723189.3095572,1789723196.7136729,4096,64
20260726_formal4t4_reuse_intensive_RateFIFO@rho1.2_rep4,4,RateFIFO@rho1.2,RateFIFO,1.2,reuse_intensive,dispatcher_arrival,7100,68,0,12613465747135452669,upsert,1789723192.4878116,1789723204.553677,4096,64
20260726_formal4t4_reuse_intensive_RateFIFO@rho1.2_rep4,4,RateFIFO@rho1.2,RateFIFO,1.2,reuse_intensive,dispatcher_arrival,7100,72,0,10402019323283478844,upsert,1789723195.614085,1789723204.5537496,4096,64
20260726_formal4t4_reuse_intensive_RateFIFO@rho1.2_rep4,4,RateFIFO@rho1.2,RateFIFO,1.2,reuse_intensive,dispatcher_arrival,7100,76,0,15769623694692820738,upsert,1789723198.9120393,1789723214.9536636,4096,64
20260726_formal4t4_reuse_intensive_RateFIFO@rho1.2_rep4,4,RateFIFO@rho1.2,RateFIFO,1.2,reuse_intensive,dispatcher_arrival,7100,80,0,3163096543987652428,upsert,1789723202.1953726,1789723214.9537575,4096,64
20260726_formal4t4_reuse_intensive_RateFIFO@rho1.2_rep4,4,RateFIFO@rho1.2,RateFIFO,1.2,reuse_intensive,dispatcher_arrival,7100,84,0,15769623694692820738,upsert,1789723205.5256274,1789723225.3536658,4096,64
20260726_formal4t4_reuse_intensive_RateFIFO@rho1.2_rep4,4,RateFIFO@rho1.2,RateFIFO,1.2,reuse_intensive,dispatcher_arrival,7100,88,3,13063325218966850298,upsert,1789723214.9950154,1789723233.1936498,4096,64
20260726_formal4t4_reuse_intensive_RateFIFO@rho1.2_rep4,4,RateFIFO@rho1.2,RateFIFO,1.2,reuse_intensive,dispatcher_arrival,7100,92,0,15769623694692820738,upsert,1789723224.563571,1789723233.1937385,4096,64
20260726_formal4t4_reuse_intensive_RateFIFO@rho1.2_rep4,4,RateFIFO@rho1.2,RateFIFO,1.2,reuse_intensive,dispatcher_arrival,7100,96,0,1610475058989402671,upsert,1789723234.2177932,1789723246.2336884,4096,64
20260726_formal4t4_reuse_intensive_RateFIFO@rho1.2_rep4,4,RateFIFO@rho1.2,RateFIFO,1.2,reuse_intensive,dispatcher_arrival,7100,100,0,15769623694692820738,upsert,1789723244.4088356,1789723251.4336572,4096,64
20260726_formal4t4_reuse_intensive_RateFIFO@rho1.2_rep4,4,RateFIFO@rho1.2,RateFIFO,1.2,reuse_intensive,dispatcher_arrival,7100,104,2,7230541217248033124,upsert,1789723254.5419807,1789723261.9136698,4096,64
20260726_formal4t4_reuse_intensive_RateFIFO@rho1.2_rep4,4,RateFIFO@rho1.2,RateFIFO,1.2,reuse_intensive,dispatcher_arrival,7100,108,0,4650049274038987083,upsert,1789723264.300708,1789723269.7537107,4096,64
20260726_formal4t4_reuse_intensive_RateFIFO@rho1.2_rep4,4,RateFIFO@rho1.2,RateFIFO,1.2,reuse_intensive,dispatcher_arrival,7100,112,0,15769623694692820738,upsert,1789723274.5470712,1789723277.5936759,4096,64
20260726_formal4t4_reuse_intensive_RateFIFO@rho1.2_rep4,4,RateFIFO@rho1.2,RateFIFO,1.2,reuse_intensive,dispatcher_arrival,7100,116,2,13367182244321225226,upsert,1789723283.9568284,1789723285.433683,4096,64
20260726_formal4t4_reuse_intensive_RateFIFO@rho1.2_rep4,4,RateFIFO@rho1.2,RateFIFO,1.2,reuse_intensive,dispatcher_arrival,7100,120,1,15896935204827133999,upsert,1789723293.1730523,1789723293.273666,4096,64
20260726_formal4t4_reuse_intensive_RateFIFO@rho1.2_rep4,4,RateFIFO@rho1.2,RateFIFO,1.2,reuse_intensive,dispatcher_arrival,7100,124,0,11821849661176330329,upsert,1789723303.8084137,1789723303.813846,4096,64
20260726_formal4t4_reuse_intensive_RateFIFO@rho1.2_rep4,4,RateFIFO@rho1.2,RateFIFO,1.2,reuse_intensive,dispatcher_arrival,7100,128,0,17846715708891391149,upsert,1789723313.428751,1789723313.4341533,4096,64
20260726_formal4t4_reuse_intensive_RateFIFO@rho1.2_rep4,4,RateFIFO@rho1.2,RateFIFO,1.2,reuse_intensive,dispatcher_arrival,7100,132,0,17846715708891391149,upsert,1789723323.4209516,1789723323.4265583,4096,64
20260726_formal4t4_reuse_intensive_RateFIFO@rho1.2_rep4,4,RateFIFO@rho1.2,RateFIFO,1.2,reuse_intensive,dispatcher_arrival,7100,136,0,17846715708891391149,upsert,1789723332.9969552,1789723333.0026152,4096,64
20260726_formal4t4_reuse_intensive_RateFIFO@rho1.2_rep4,4,RateFIFO@rho1.2,RateFIFO,1.2,reuse_intensive,dispatcher_arrival,7100,140,2,11592361518825428217,upsert,1789723342.7835855,1789723342.789144,4096,64
20260726_formal4t4_reuse_intensive_RateFIFO@rho1.2_rep4,4,RateFIFO@rho1.2,RateFIFO,1.2,reuse_intensive,dispatcher_arrival,7100,148,0,17846715708891391149,upsert,1789723347.123101,1789723347.1285212,4096,64
20260726_formal4t4_reuse_intensive_RateFIFO@rho1.2_rep4,4,RateFIFO@rho1.2,RateFIFO,1.2,reuse_intensive,dispatcher_arrival,7100,152,3,594533630581776597,upsert,1789723357.452098,1789723357.5349655,4096,64
20260726_formal4t4_reuse_intensive_RateFIFO@rho1.2_rep4,4,RateFIFO@rho1.2,RateFIFO,1.2,reuse_intensive,dispatcher_arrival,7100,156,0,17846715708891391149,upsert,1789723367.4127092,1789723367.4183335,4096,64
20260726_formal4t4_reuse_intensive_RateFIFO@rho1.2_rep4,4,RateFIFO@rho1.2,RateFIFO,1.2,reuse_intensive,dispatcher_arrival,7100,160,0,2615785228242663478,upsert,1789723378.8914812,1789723378.8974066,4096,64
20260726_formal4t4_reuse_intensive_RateFIFO@rho1.2_rep4,4,RateFIFO@rho1.2,RateFIFO,1.2,reuse_intensive,dispatcher_arrival,7100,164,0,17846715708891391149,upsert,1789723389.4718711,1789723389.477296,4096,64
20260726_formal4t4_reuse_intensive_RateFIFO@rho1.2_rep4,4,RateFIFO@rho1.2,RateFIFO,1.2,reuse_intensive,dispatcher_arrival,7100,168,0,17846715708891391149,upsert,1789723399.0607045,1789723399.066179,4096,64
20260726_formal4t4_reuse_intensive_RateFIFO@rho1.2_rep4,4,RateFIFO@rho1.2,RateFIFO,1.2,reuse_intensive,dispatcher_arrival,7100,173,0,17846715708891391149,upsert,1789723409.3665495,1789723409.3721216,4096,64
20260726_formal4t4_reuse_intensive_RateFIFO@rho1.2_rep4,4,RateFIFO@rho1.2,RateFIFO,1.2,reuse_intensive,dispatcher_arrival,7100,178,0,17846715708891391149,upsert,1789723419.5743756,1789723419.5800188,4096,64
20260726_formal4t4_reuse_intensive_RateFIFO@rho1.2_rep4,4,RateFIFO@rho1.2,RateFIFO,1.2,reuse_intensive,dispatcher_arrival,7100,183,2,13844655051170110805,upsert,1789723421.7925422,1789723421.7947795,4096,64
20260726_formal4t4_reuse_intensive_Ideal_rep4,4,Ideal,Ideal,,reuse_intensive,dispatcher_arrival,7100,0,0,15769623694692820738,upsert,1789723048.2446487,1789723073.913665,4096,64
20260726_formal4t4_reuse_intensive_Ideal_rep4,4,Ideal,Ideal,,reuse_intensive,dispatcher_arrival,7100,4,0,12613465747135452669,upsert,1789723058.5500963,1789723084.393661,4096,64
20260726_formal4t4_reuse_intensive_Ideal_rep4,4,Ideal,Ideal,,reuse_intensive,dispatcher_arrival,7100,8,0,12523743054995375112,upsert,1789723068.8147628,1789723084.3937461,4096,64
20260726_formal4t4_reuse_intensive_Ideal_rep4,4,Ideal,Ideal,,reuse_intensive,dispatcher_arrival,7100,12,0,9971321710674973507,upsert,1789723072.1940212,1789723092.153616,2048,64
20260726_formal4t4_reuse_intensive_Ideal_rep4,4,Ideal,Ideal,,reuse_intensive,dispatcher_arrival,7100,16,0,4650049274038987083,upsert,1789723082.1951954,1789723099.9937115,4096,64
20260726_formal4t4_reuse_intensive_Ideal_rep4,4,Ideal,Ideal,,reuse_intensive,dispatcher_arrival,7100,20,0,3163096543987652428,upsert,1789723093.1162095,1789723113.1136549,4096,64
20260726_formal4t4_reuse_intensive_Ideal_rep4,4,Ideal,Ideal,,reuse_intensive,dispatcher_arrival,7100,24,0,10402019323283478844,upsert,1789723103.2474306,1789723120.9537058,4096,64
20260726_formal4t4_reuse_intensive_Ideal_rep4,4,Ideal,Ideal,,reuse_intensive,dispatcher_arrival,7100,28,0,14064140743279553366,upsert,1789723114.1069615,1789723128.793717,4096,64
20260726_formal4t4_reuse_intensive_Ideal_rep4,4,Ideal,Ideal,,reuse_intensive,dispatcher_arrival,7100,32,0,12376960631178457983,upsert,1789723124.3395152,1789723136.6336732,4096,64
20260726_formal4t4_reuse_intensive_Ideal_rep4,4,Ideal,Ideal,,reuse_intensive,dispatcher_arrival,7100,36,0,947483498426156190,upsert,1789723134.958312,1789723144.4736404,4096,64
20260726_formal4t4_reuse_intensive_Ideal_rep4,4,Ideal,Ideal,,reuse_intensive,dispatcher_arrival,7100,40,0,3073007241776570211,upsert,1789723145.728155,1789723154.9536462,4096,64
20260726_formal4t4_reuse_intensive_Ideal_rep4,4,Ideal,Ideal,,reuse_intensive,dispatcher_arrival,7100,44,0,14108233664250482536,upsert,1789723156.1997497,1789723162.7936661,4096,64
20260726_formal4t4_reuse_intensive_Ideal_rep4,4,Ideal,Ideal,,reuse_intensive,dispatcher_arrival,7100,48,0,14774026810505956694,upsert,1789723159.6919894,1789723167.993684,2048,64
20260726_formal4t4_reuse_intensive_Ideal_rep4,4,Ideal,Ideal,,reuse_intensive,dispatcher_arrival,7100,52,0,5281956220402968541,upsert,1789723162.9434168,1789723175.8336709,2048,64
20260726_formal4t4_reuse_intensive_Ideal_rep4,4,Ideal,Ideal,,reuse_intensive,dispatcher_arrival,7100,56,0,1785562587857272681,upsert,1789723166.0720189,1789723175.833763,2048,64
20260726_formal4t4_reuse_intensive_Ideal_rep4,4,Ideal,Ideal,,reuse_intensive,dispatcher_arrival,7100,60,0,1610475058989402671,upsert,1789723176.3715305,1789723191.5136652,4096,64
20260726_formal4t4_reuse_intensive_Ideal_rep4,4,Ideal,Ideal,,reuse_intensive,dispatcher_arrival,7100,64,0,17730309890119328358,upsert,1789723189.3095572,1789723196.7136729,4096,64
20260726_formal4t4_reuse_intensive_Ideal_rep4,4,Ideal,Ideal,,reuse_intensive,dispatcher_arrival,7100,68,0,12613465747135452669,upsert,1789723192.4878116,1789723204.553677,4096,64
20260726_formal4t4_reuse_intensive_Ideal_rep4,4,Ideal,Ideal,,reuse_intensive,dispatcher_arrival,7100,72,0,10402019323283478844,upsert,1789723195.614085,1789723204.5537496,4096,64
20260726_formal4t4_reuse_intensive_Ideal_rep4,4,Ideal,Ideal,,reuse_intensive,dispatcher_arrival,7100,76,0,15769623694692820738,upsert,1789723198.9120393,1789723214.9536636,4096,64
20260726_formal4t4_reuse_intensive_Ideal_rep4,4,Ideal,Ideal,,reuse_intensive,dispatcher_arrival,7100,80,0,3163096543987652428,upsert,1789723202.1953726,1789723214.9537575,4096,64
20260726_formal4t4_reuse_intensive_Ideal_rep4,4,Ideal,Ideal,,reuse_intensive,dispatcher_arrival,7100,84,0,15769623694692820738,upsert,1789723205.5256274,1789723225.3536658,4096,64
20260726_formal4t4_reuse_intensive_Ideal_rep4,4,Ideal,Ideal,,reuse_intensive,dispatcher_arrival,7100,88,3,13063325218966850298,upsert,1789723214.9950154,1789723233.1936498,4096,64
20260726_formal4t4_reuse_intensive_Ideal_rep4,4,Ideal,Ideal,,reuse_intensive,dispatcher_arrival,7100,92,0,15769623694692820738,upsert,1789723224.563571,1789723233.1937385,4096,64
20260726_formal4t4_reuse_intensive_Ideal_rep4,4,Ideal,Ideal,,reuse_intensive,dispatcher_arrival,7100,96,0,1610475058989402671,upsert,1789723234.2177932,1789723246.2336884,4096,64
20260726_formal4t4_reuse_intensive_Ideal_rep4,4,Ideal,Ideal,,reuse_intensive,dispatcher_arrival,7100,100,0,15769623694692820738,upsert,1789723244.4088356,1789723251.4336572,4096,64
20260726_formal4t4_reuse_intensive_Ideal_rep4,4,Ideal,Ideal,,reuse_intensive,dispatcher_arrival,7100,104,2,7230541217248033124,upsert,1789723254.5419807,1789723261.9136698,4096,64
20260726_formal4t4_reuse_intensive_Ideal_rep4,4,Ideal,Ideal,,reuse_intensive,dispatcher_arrival,7100,108,0,4650049274038987083,upsert,1789723264.300708,1789723269.7537107,4096,64
20260726_formal4t4_reuse_intensive_Ideal_rep4,4,Ideal,Ideal,,reuse_intensive,dispatcher_arrival,7100,112,0,15769623694692820738,upsert,1789723274.5470712,1789723277.5936759,4096,64
20260726_formal4t4_reuse_intensive_Ideal_rep4,4,Ideal,Ideal,,reuse_intensive,dispatcher_arrival,7100,116,2,13367182244321225226,upsert,1789723283.9568284,1789723285.433683,4096,64
20260726_formal4t4_reuse_intensive_Ideal_rep4,4,Ideal,Ideal,,reuse_intensive,dispatcher_arrival,7100,120,1,15896935204827133999,upsert,1789723293.1730523,1789723293.273666,4096,64
20260726_formal4t4_reuse_intensive_Ideal_rep4,4,Ideal,Ideal,,reuse_intensive,dispatcher_arrival,7100,124,0,11821849661176330329,upsert,1789723303.8084137,1789723303.813846,4096,64
20260726_formal4t4_reuse_intensive_Ideal_rep4,4,Ideal,Ideal,,reuse_intensive,dispatcher_arrival,7100,128,0,17846715708891391149,upsert,1789723313.428751,1789723313.4341533,4096,64
20260726_formal4t4_reuse_intensive_Ideal_rep4,4,Ideal,Ideal,,reuse_intensive,dispatcher_arrival,7100,132,0,17846715708891391149,upsert,1789723323.4209516,1789723323.4265583,4096,64
20260726_formal4t4_reuse_intensive_Ideal_rep4,4,Ideal,Ideal,,reuse_intensive,dispatcher_arrival,7100,136,0,17846715708891391149,upsert,1789723332.9969552,1789723333.0026152,4096,64
20260726_formal4t4_reuse_intensive_Ideal_rep4,4,Ideal,Ideal,,reuse_intensive,dispatcher_arrival,7100,140,2,11592361518825428217,upsert,1789723342.7835855,1789723342.789144,4096,64
20260726_formal4t4_reuse_intensive_Ideal_rep4,4,Ideal,Ideal,,reuse_intensive,dispatcher_arrival,7100,148,0,17846715708891391149,upsert,1789723347.123101,1789723347.1285212,4096,64
20260726_formal4t4_reuse_intensive_Ideal_rep4,4,Ideal,Ideal,,reuse_intensive,dispatcher_arrival,7100,152,3,594533630581776597,upsert,1789723357.452098,1789723357.5349655,4096,64
20260726_formal4t4_reuse_intensive_Ideal_rep4,4,Ideal,Ideal,,reuse_intensive,dispatcher_arrival,7100,156,0,17846715708891391149,upsert,1789723367.4127092,1789723367.4183335,4096,64
20260726_formal4t4_reuse_intensive_Ideal_rep4,4,Ideal,Ideal,,reuse_intensive,dispatcher_arrival,7100,160,0,2615785228242663478,upsert,1789723378.8914812,1789723378.8974066,4096,64
20260726_formal4t4_reuse_intensive_Ideal_rep4,4,Ideal,Ideal,,reuse_intensive,dispatcher_arrival,7100,164,0,17846715708891391149,upsert,1789723389.4718711,1789723389.477296,4096,64
20260726_formal4t4_reuse_intensive_Ideal_rep4,4,Ideal,Ideal,,reuse_intensive,dispatcher_arrival,7100,168,0,17846715708891391149,upsert,1789723399.0607045,1789723399.066179,4096,64
20260726_formal4t4_reuse_intensive_Ideal_rep4,4,Ideal,Ideal,,reuse_intensive,dispatcher_arrival,7100,173,0,17846715708891391149,upsert,1789723409.3665495,1789723409.3721216,4096,64
20260726_formal4t4_reuse_intensive_Ideal_rep4,4,Ideal,Ideal,,reuse_intensive,dispatcher_arrival,7100,178,0,17846715708891391149,upsert,1789723419.5743756,1789723419.5800188,4096,64
20260726_formal4t4_reuse_intensive_Ideal_rep4,4,Ideal,Ideal,,reuse_intensive,dispatcher_arrival,7100,183,2,13844655051170110805,upsert,1789723421.7925422,1789723421.7947795,4096,64
20260726_formal4t4_reuse_intensive_StaticSemantic@rho1.2_rep4,4,StaticSemantic@rho1.2,StaticSemantic,1.2,reuse_intensive,dispatcher_arrival,7102,0,0,15769623694692820738,upsert,1789723792.4868312,1789723792.4906344,4096,64
20260726_formal4t4_reuse_intensive_StaticSemantic@rho1.2_rep4,4,StaticSemantic@rho1.2,StaticSemantic,1.2,reuse_intensive,dispatcher_arrival,7102,3,3,15769623694692820738,upsert,1789723792.4870036,1789723792.4907317,4096,64
20260726_formal4t4_reuse_intensive_StaticSemantic@rho1.2_rep4,4,StaticSemantic@rho1.2,StaticSemantic,1.2,reuse_intensive,dispatcher_arrival,7102,4,0,12613465747135452669,upsert,1789723803.2105095,1789723803.2142467,4096,64
20260726_formal4t4_reuse_intensive_StaticSemantic@rho1.2_rep4,4,StaticSemantic@rho1.2,StaticSemantic,1.2,reuse_intensive,dispatcher_arrival,7102,7,3,12613465747135452669,upsert,1789723803.210685,1789723803.2143269,4096,64
20260726_formal4t4_reuse_intensive_StaticSemantic@rho1.2_rep4,4,StaticSemantic@rho1.2,StaticSemantic,1.2,reuse_intensive,dispatcher_arrival,7102,8,0,12523743054995375112,upsert,1789723813.8418052,1789723813.8447928,4096,64
20260726_formal4t4_reuse_intensive_StaticSemantic@rho1.2_rep4,4,StaticSemantic@rho1.2,StaticSemantic,1.2,reuse_intensive,dispatcher_arrival,7102,11,3,12523743054995375112,upsert,1789723813.8419788,1789723813.8448715,4096,64
20260726_formal4t4_reuse_intensive_StaticSemantic@rho1.2_rep4,4,StaticSemantic@rho1.2,StaticSemantic,1.2,reuse_intensive,dispatcher_arrival,7102,12,0,9971321710674973507,upsert,1789723817.244903,1789723817.2485373,2048,64
20260726_formal4t4_reuse_intensive_StaticSemantic@rho1.2_rep4,4,StaticSemantic@rho1.2,StaticSemantic,1.2,reuse_intensive,dispatcher_arrival,7102,15,3,9971321710674973507,upsert,1789723817.2450826,1789723817.2486155,2048,64
20260726_formal4t4_reuse_intensive_StaticSemantic@rho1.2_rep4,4,StaticSemantic@rho1.2,StaticSemantic,1.2,reuse_intensive,dispatcher_arrival,7102,16,0,4650049274038987083,upsert,1789723827.888491,1789723827.8921025,4096,64
20260726_formal4t4_reuse_intensive_StaticSemantic@rho1.2_rep4,4,StaticSemantic@rho1.2,StaticSemantic,1.2,reuse_intensive,dispatcher_arrival,7102,18,2,4650049274038987083,upsert,1789723827.88863,1789723827.8921936,4096,64
20260726_formal4t4_reuse_intensive_StaticSemantic@rho1.2_rep4,4,StaticSemantic@rho1.2,StaticSemantic,1.2,reuse_intensive,dispatcher_arrival,7102,20,0,3163096543987652428,upsert,1789723838.4047434,1789723838.4086223,4096,64
20260726_formal4t4_reuse_intensive_StaticSemantic@rho1.2_rep4,4,StaticSemantic@rho1.2,StaticSemantic,1.2,reuse_intensive,dispatcher_arrival,7102,23,3,3163096543987652428,upsert,1789723838.4049335,1789723838.4087076,4096,64
20260726_formal4t4_reuse_intensive_StaticSemantic@rho1.2_rep4,4,StaticSemantic@rho1.2,StaticSemantic,1.2,reuse_intensive,dispatcher_arrival,7102,24,0,10402019323283478844,upsert,1789723849.3669238,1789723849.3707662,4096,64
20260726_formal4t4_reuse_intensive_StaticSemantic@rho1.2_rep4,4,StaticSemantic@rho1.2,StaticSemantic,1.2,reuse_intensive,dispatcher_arrival,7102,25,1,10402019323283478844,upsert,1789723849.3670237,1789723849.3708487,4096,64
20260726_formal4t4_reuse_intensive_StaticSemantic@rho1.2_rep4,4,StaticSemantic@rho1.2,StaticSemantic,1.2,reuse_intensive,dispatcher_arrival,7102,28,0,14064140743279553366,upsert,1789723859.5363414,1789723859.540174,4096,64
20260726_formal4t4_reuse_intensive_StaticSemantic@rho1.2_rep4,4,StaticSemantic@rho1.2,StaticSemantic,1.2,reuse_intensive,dispatcher_arrival,7102,31,3,14064140743279553366,upsert,1789723859.5365217,1789723859.5402484,4096,64
20260726_formal4t4_reuse_intensive_StaticSemantic@rho1.2_rep4,4,StaticSemantic@rho1.2,StaticSemantic,1.2,reuse_intensive,dispatcher_arrival,7102,32,0,12376960631178457983,upsert,1789723869.8627763,1789723884.015054,4096,64
20260726_formal4t4_reuse_intensive_StaticSemantic@rho1.2_rep4,4,StaticSemantic@rho1.2,StaticSemantic,1.2,reuse_intensive,dispatcher_arrival,7102,34,2,12376960631178457983,upsert,1789723869.8629115,1789723889.9241228,4096,64
20260726_formal4t4_reuse_intensive_StaticSemantic@rho1.2_rep4,4,StaticSemantic@rho1.2,StaticSemantic,1.2,reuse_intensive,dispatcher_arrival,7102,36,0,947483498426156190,upsert,1789723881.0051045,1789723901.7423193,4096,64
20260726_formal4t4_reuse_intensive_StaticSemantic@rho1.2_rep4,4,StaticSemantic@rho1.2,StaticSemantic,1.2,reuse_intensive,dispatcher_arrival,7102,38,2,947483498426156190,upsert,1789723881.0052602,1789723901.7423632,4096,64
20260726_formal4t4_reuse_intensive_StaticSemantic@rho1.2_rep4,4,StaticSemantic@rho1.2,StaticSemantic,1.2,reuse_intensive,dispatcher_arrival,7102,40,0,3073007241776570211,upsert,1789723891.2240038,1789723926.5605357,4096,64
20260726_formal4t4_reuse_intensive_StaticSemantic@rho1.2_rep4,4,StaticSemantic@rho1.2,StaticSemantic,1.2,reuse_intensive,dispatcher_arrival,7102,41,1,3073007241776570211,upsert,1789723891.2240996,1789723939.0150292,4096,64
20260726_formal4t4_reuse_intensive_StaticSemantic@rho1.2_rep4,4,StaticSemantic@rho1.2,StaticSemantic,1.2,reuse_intensive,dispatcher_arrival,7102,44,0,14108233664250482536,upsert,1789723901.4997134,1789723939.0151346,4096,64
20260726_formal4t4_reuse_intensive_StaticSemantic@rho1.2_rep4,4,StaticSemantic@rho1.2,StaticSemantic,1.2,reuse_intensive,dispatcher_arrival,7102,46,2,14108233664250482536,upsert,1789723901.499862,1789723939.015189,4096,64
20260726_formal4t4_reuse_intensive_StaticSemantic@rho1.2_rep4,4,StaticSemantic@rho1.2,StaticSemantic,1.2,reuse_intensive,dispatcher_arrival,7102,48,0,14774026810505956694,upsert,1789723904.9987016,1789723957.2879012,2048,64
20260726_formal4t4_reuse_intensive_StaticSemantic@rho1.2_rep4,4,StaticSemantic@rho1.2,StaticSemantic,1.2,reuse_intensive,dispatcher_arrival,7102,49,1,14774026810505956694,upsert,1789723904.9987934,1789723972.1968486,2048,64
20260726_formal4t4_reuse_intensive_StaticSemantic@rho1.2_rep4,4,StaticSemantic@rho1.2,StaticSemantic,1.2,reuse_intensive,dispatcher_arrival,7102,52,0,5281956220402968541,upsert,1789723908.2038364,1789723972.1969583,2048,64
20260726_formal4t4_reuse_intensive_StaticSemantic@rho1.2_rep4,4,StaticSemantic@rho1.2,StaticSemantic,1.2,reuse_intensive,dispatcher_arrival,7102,54,2,5281956220402968541,upsert,1789723908.2039733,1789723984.5605795,2048,64
20260726_formal4t4_reuse_intensive_StaticSemantic@rho1.2_rep4,4,StaticSemantic@rho1.2,StaticSemantic,1.2,reuse_intensive,dispatcher_arrival,7102,56,0,1785562587857272681,upsert,1789723911.5930612,1789723993.469609,2048,64
20260726_formal4t4_reuse_intensive_StaticSemantic@rho1.2_rep4,4,StaticSemantic@rho1.2,StaticSemantic,1.2,reuse_intensive,dispatcher_arrival,7102,57,1,1785562587857272681,upsert,1789723911.5931518,1789724005.3787174,2048,64
20260726_formal4t4_reuse_intensive_StaticSemantic@rho1.2_rep4,4,StaticSemantic@rho1.2,StaticSemantic,1.2,reuse_intensive,dispatcher_arrival,7102,60,0,1610475058989402671,upsert,1789723921.6517727,1789724005.378821,4096,64
20260726_formal4t4_reuse_intensive_StaticSemantic@rho1.2_rep4,4,StaticSemantic@rho1.2,StaticSemantic,1.2,reuse_intensive,dispatcher_arrival,7102,61,1,1610475058989402671,upsert,1789723921.6518698,1789724017.196934,4096,64
20260726_formal4t4_reuse_intensive_StaticSemantic@rho1.2_rep4,4,StaticSemantic@rho1.2,StaticSemantic,1.2,reuse_intensive,dispatcher_arrival,7102,64,0,17730309890119328358,upsert,1789723933.1391165,1789724026.105939,4096,64
20260726_formal4t4_reuse_intensive_StaticSemantic@rho1.2_rep4,4,StaticSemantic@rho1.2,StaticSemantic,1.2,reuse_intensive,dispatcher_arrival,7102,72,0,10402019323283478844,upsert,1789723936.8378024,1789724038.015087,4096,64
20260726_formal4t4_reuse_intensive_StaticSemantic@rho1.2_rep4,4,StaticSemantic@rho1.2,StaticSemantic,1.2,reuse_intensive,dispatcher_arrival,7102,77,0,3163096543987652428,upsert,1789723938.9220877,1789724038.0152075,4096,64
20260726_formal4t4_reuse_intensive_StaticSemantic@rho1.2_rep4,4,StaticSemantic@rho1.2,StaticSemantic,1.2,reuse_intensive,dispatcher_arrival,7102,80,3,3163096543987652428,upsert,1789723941.0074682,1789724049.8333077,4096,64
20260726_formal4t4_reuse_intensive_StaticSemantic@rho1.2_rep4,4,StaticSemantic@rho1.2,StaticSemantic,1.2,reuse_intensive,dispatcher_arrival,7102,86,0,12376960631178457983,upsert,1789723942.3914883,1789724058.7423182,4096,64
20260726_formal4t4_reuse_intensive_StaticSemantic@rho1.2_rep4,4,StaticSemantic@rho1.2,StaticSemantic,1.2,reuse_intensive,dispatcher_arrival,7102,88,2,13063325218966850298,upsert,1789723952.518062,1789724070.6514843,4096,64
20260726_formal4t4_reuse_intensive_StaticSemantic@rho1.2_rep4,4,StaticSemantic@rho1.2,StaticSemantic,1.2,reuse_intensive,dispatcher_arrival,7102,90,0,12523743054995375112,upsert,1789723952.5189247,1789724070.6515865,4096,64
20260726_formal4t4_reuse_intensive_StaticSemantic@rho1.2_rep4,4,StaticSemantic@rho1.2,StaticSemantic,1.2,reuse_intensive,dispatcher_arrival,7102,91,0,14064140743279553366,upsert,1789723952.519282,1789724082.469662,4096,64
20260726_formal4t4_reuse_intensive_StaticSemantic@rho1.2_rep4,4,StaticSemantic@rho1.2,StaticSemantic,1.2,reuse_intensive,dispatcher_arrival,7102,93,2,9417075026054648240,upsert,1789723963.0362873,1789724088.3786588,4096,64
20260726_formal4t4_reuse_intensive_StaticSemantic@rho1.2_rep4,4,StaticSemantic@rho1.2,StaticSemantic,1.2,reuse_intensive,dispatcher_arrival,7102,94,1,10402019323283478844,upsert,1789723963.0366902,1789724097.2878036,4096,64
20260726_formal4t4_reuse_intensive_StaticSemantic@rho1.2_rep4,4,StaticSemantic@rho1.2,StaticSemantic,1.2,reuse_intensive,dispatcher_arrival,7102,96,0,1610475058989402671,upsert,1789723973.7623408,1789724097.2878933,4096,64
20260726_formal4t4_reuse_intensive_StaticSemantic@rho1.2_rep4,4,StaticSemantic@rho1.2,StaticSemantic,1.2,reuse_intensive,dispatcher_arrival,7102,97,2,16048794067380282208,upsert,1789723973.7627964,1789724109.1060116,4096,64
20260726_formal4t4_reuse_intensive_StaticSemantic@rho1.2_rep4,4,StaticSemantic@rho1.2,StaticSemantic,1.2,reuse_intensive,dispatcher_arrival,7102,98,1,3073007241776570211,upsert,1789723973.763166,1789724118.015123,4096,64
20260726_formal4t4_reuse_intensive_StaticSemantic@rho1.2_rep4,4,StaticSemantic@rho1.2,StaticSemantic,1.2,reuse_intensive,dispatcher_arrival,7102,99,3,8862197794517271531,upsert,1789723973.7635152,1789724126.9241555,4096,64
20260726_formal4t4_reuse_intensive_StaticSemantic@rho1.2_rep4,4,StaticSemantic@rho1.2,StaticSemantic,1.2,reuse_intensive,dispatcher_arrival,7102,101,2,13367182244321225226,upsert,1789723984.0958374,1789724126.9242716,4096,64
20260726_formal4t4_reuse_intensive_StaticSemantic@rho1.2_rep4,4,StaticSemantic@rho1.2,StaticSemantic,1.2,reuse_intensive,dispatcher_arrival,7102,102,2,947483498426156190,upsert,1789723984.0962527,1789724138.7423513,4096,64
20260726_formal4t4_reuse_intensive_StaticSemantic@rho1.2_rep4,4,StaticSemantic@rho1.2,StaticSemantic,1.2,reuse_intensive,dispatcher_arrival,7102,104,0,7230541217248033124,upsert,1789723993.7724636,1789724147.651465,4096,64
20260726_formal4t4_reuse_intensive_StaticSemantic@rho1.2_rep4,4,StaticSemantic@rho1.2,StaticSemantic,1.2,reuse_intensive,dispatcher_arrival,7102,105,3,12523743054995375112,upsert,1789723993.7729173,1789724156.5605373,4096,64
20260726_formal4t4_reuse_intensive_StaticSemantic@rho1.2_rep4,4,StaticSemantic@rho1.2,StaticSemantic,1.2,reuse_intensive,dispatcher_arrival,7102,106,2,14108233664250482536,upsert,1789723993.7732954,1789724156.560638,4096,64
20260726_formal4t4_reuse_intensive_StaticSemantic@rho1.2_rep4,4,StaticSemantic@rho1.2,StaticSemantic,1.2,reuse_intensive,dispatcher_arrival,7102,107,1,13367182244321225226,upsert,1789723993.7736392,1789724168.3787127,4096,64
20260726_formal4t4_reuse_intensive_StaticSemantic@rho1.2_rep4,4,StaticSemantic@rho1.2,StaticSemantic,1.2,reuse_intensive,dispatcher_arrival,7102,110,0,16954395879792744941,upsert,1789724005.3403585,1789724177.287873,4096,64
20260726_formal4t4_reuse_intensive_Adaptive@rho1.2_c01024_theta30_rep4,4,Adaptive@rho1.2_c01024_theta30,Adaptive,1.2,reuse_intensive,dispatcher_arrival,7103,0,0,15769623694692820738,upsert,1789724197.324299,1789724234.0150723,4096,64
20260726_formal4t4_reuse_intensive_Adaptive@rho1.2_c01024_theta30_rep4,4,Adaptive@rho1.2_c01024_theta30,Adaptive,1.2,reuse_intensive,dispatcher_arrival,7103,1,1,15769623694692820738,upsert,1789724197.3243787,1789724239.9242096,4096,64
20260726_formal4t4_reuse_intensive_Adaptive@rho1.2_c01024_theta30_rep4,4,Adaptive@rho1.2_c01024_theta30,Adaptive,1.2,reuse_intensive,dispatcher_arrival,7103,4,0,12613465747135452669,upsert,1789724208.2519314,1789724239.9243133,4096,64
20260726_formal4t4_reuse_intensive_Adaptive@rho1.2_c01024_theta30_rep4,4,Adaptive@rho1.2_c01024_theta30,Adaptive,1.2,reuse_intensive,dispatcher_arrival,7103,5,1,12613465747135452669,upsert,1789724208.2520247,1789724254.7424242,4096,64
20260726_formal4t4_reuse_intensive_Adaptive@rho1.2_c01024_theta30_rep4,4,Adaptive@rho1.2_c01024_theta30,Adaptive,1.2,reuse_intensive,dispatcher_arrival,7103,8,0,12523743054995375112,upsert,1789724218.1110203,1789724263.6514091,4096,64
20260726_formal4t4_reuse_intensive_Adaptive@rho1.2_c01024_theta30_rep4,4,Adaptive@rho1.2_c01024_theta30,Adaptive,1.2,reuse_intensive,dispatcher_arrival,7103,9,1,12523743054995375112,upsert,1789724218.1111157,1789724275.5605652,4096,64
20260726_formal4t4_reuse_intensive_Adaptive@rho1.2_c01024_theta30_rep4,4,Adaptive@rho1.2_c01024_theta30,Adaptive,1.2,reuse_intensive,dispatcher_arrival,7103,16,0,4650049274038987083,upsert,1789724232.8982594,1789724275.5606716,4096,64
20260726_formal4t4_reuse_intensive_Adaptive@rho1.2_c01024_theta30_rep4,4,Adaptive@rho1.2_c01024_theta30,Adaptive,1.2,reuse_intensive,dispatcher_arrival,7103,20,0,3163096543987652428,upsert,1789724243.396613,1789724287.9242077,4096,64
20260726_formal4t4_reuse_intensive_Adaptive@rho1.2_c01024_theta30_rep4,4,Adaptive@rho1.2_c01024_theta30,Adaptive,1.2,reuse_intensive,dispatcher_arrival,7103,24,0,10402019323283478844,upsert,1789724254.096963,1789724296.8333218,4096,64
20260726_formal4t4_reuse_intensive_Adaptive@rho1.2_c01024_theta30_rep4,4,Adaptive@rho1.2_c01024_theta30,Adaptive,1.2,reuse_intensive,dispatcher_arrival,7103,32,0,12376960631178457983,upsert,1789724275.0649674,1789724308.7424104,4096,64
20260726_formal4t4_reuse_intensive_Adaptive@rho1.2_c01024_theta30_rep4,4,Adaptive@rho1.2_c01024_theta30,Adaptive,1.2,reuse_intensive,dispatcher_arrival,7103,33,1,12376960631178457983,upsert,1789724275.0650702,1789724308.7425306,4096,64
20260726_formal4t4_reuse_intensive_Adaptive@rho1.2_c01024_theta30_rep4,4,Adaptive@rho1.2_c01024_theta30,Adaptive,1.2,reuse_intensive,dispatcher_arrival,7103,36,0,947483498426156190,upsert,1789724286.0934887,1789724320.5605776,4096,64
20260726_formal4t4_reuse_intensive_Adaptive@rho1.2_c01024_theta30_rep4,4,Adaptive@rho1.2_c01024_theta30,Adaptive,1.2,reuse_intensive,dispatcher_arrival,7103,40,0,3073007241776570211,upsert,1789724296.1684756,1789724329.4695935,4096,64
20260726_formal4t4_reuse_intensive_Adaptive@rho1.2_c01024_theta30_rep4,4,Adaptive@rho1.2_c01024_theta30,Adaptive,1.2,reuse_intensive,dispatcher_arrival,7103,44,0,14108233664250482536,upsert,1789724306.4535978,1789724341.3786752,4096,64
20260726_formal4t4_reuse_intensive_Adaptive@rho1.2_c01024_theta30_rep4,4,Adaptive@rho1.2_c01024_theta30,Adaptive,1.2,reuse_intensive,dispatcher_arrival,7103,45,1,14108233664250482536,upsert,1789724306.4537022,1789724341.3787763,4096,64
20260726_formal4t4_reuse_intensive_Adaptive@rho1.2_c01024_theta30_rep4,4,Adaptive@rho1.2_c01024_theta30,Adaptive,1.2,reuse_intensive,dispatcher_arrival,7103,60,0,1610475058989402671,upsert,1789724326.7967706,1789724353.1968806,4096,64
20260726_formal4t4_reuse_intensive_Adaptive@rho1.2_c01024_theta30_rep4,4,Adaptive@rho1.2_c01024_theta30,Adaptive,1.2,reuse_intensive,dispatcher_arrival,7103,62,2,1610475058989402671,upsert,1789724326.7969077,1789724362.1060493,4096,64
20260726_formal4t4_reuse_intensive_Adaptive@rho1.2_c01024_theta30_rep4,4,Adaptive@rho1.2_c01024_theta30,Adaptive,1.2,reuse_intensive,dispatcher_arrival,7103,64,0,17730309890119328358,upsert,1789724338.1572654,1789724374.0150952,4096,64
20260726_formal4t4_reuse_intensive_Adaptive@rho1.2_c01024_theta30_rep4,4,Adaptive@rho1.2_c01024_theta30,Adaptive,1.2,reuse_intensive,dispatcher_arrival,7103,65,1,12613465747135452669,upsert,1789724338.157369,1789724374.0152235,4096,64
20260726_formal4t4_reuse_intensive_Adaptive@rho1.2_c01024_theta30_rep4,4,Adaptive@rho1.2_c01024_theta30,Adaptive,1.2,reuse_intensive,dispatcher_arrival,7103,85,0,10402019323283478844,upsert,1789724346.9671097,1789724385.8332362,4096,64
20260726_formal4t4_reuse_intensive_Adaptive@rho1.2_c01024_theta30_rep4,4,Adaptive@rho1.2_c01024_theta30,Adaptive,1.2,reuse_intensive,dispatcher_arrival,7103,88,0,13063325218966850298,upsert,1789724357.9480956,1789724394.742319,4096,64
20260726_formal4t4_reuse_intensive_Adaptive@rho1.2_c01024_theta30_rep4,4,Adaptive@rho1.2_c01024_theta30,Adaptive,1.2,reuse_intensive,dispatcher_arrival,7103,93,2,9417075026054648240,upsert,1789724367.6847115,1789724406.6514368,4096,64
20260726_formal4t4_reuse_intensive_Adaptive@rho1.2_c01024_theta30_rep4,4,Adaptive@rho1.2_c01024_theta30,Adaptive,1.2,reuse_intensive,dispatcher_arrival,7103,94,0,10402019323283478844,upsert,1789724367.6851091,1789724406.6515453,4096,64
20260726_formal4t4_reuse_intensive_Adaptive@rho1.2_c01024_theta30_rep4,4,Adaptive@rho1.2_c01024_theta30,Adaptive,1.2,reuse_intensive,dispatcher_arrival,7103,100,0,15769623694692820738,upsert,1789724387.4473355,1789724418.4695807,4096,64
20260726_formal4t4_reuse_intensive_Adaptive@rho1.2_c01024_theta30_rep4,4,Adaptive@rho1.2_c01024_theta30,Adaptive,1.2,reuse_intensive,dispatcher_arrival,7103,104,2,7230541217248033124,upsert,1789724397.253066,1789724427.3787024,4096,64
20260726_formal4t4_reuse_intensive_Adaptive@rho1.2_c01024_theta30_rep4,4,Adaptive@rho1.2_c01024_theta30,Adaptive,1.2,reuse_intensive,dispatcher_arrival,7103,108,0,4650049274038987083,upsert,1789724405.337853,1789724436.2877495,4096,64
20260726_formal4t4_reuse_intensive_Adaptive@rho1.2_c01024_theta30_rep4,4,Adaptive@rho1.2_c01024_theta30,Adaptive,1.2,reuse_intensive,dispatcher_arrival,7103,112,0,15769623694692820738,upsert,1789724416.1639347,1789724436.2878535,4096,64
20260726_formal4t4_reuse_intensive_Adaptive@rho1.2_c01024_theta30_rep4,4,Adaptive@rho1.2_c01024_theta30,Adaptive,1.2,reuse_intensive,dispatcher_arrival,7103,113,1,15769623694692820738,upsert,1789724416.1644268,1789724448.1059608,4096,64
20260726_formal4t4_reuse_intensive_Adaptive@rho1.2_c01024_theta30_rep4,4,Adaptive@rho1.2_c01024_theta30,Adaptive,1.2,reuse_intensive,dispatcher_arrival,7103,116,2,13367182244321225226,upsert,1789724425.5138626,1789724457.015129,4096,64
20260726_formal4t4_reuse_intensive_Adaptive@rho1.2_c01024_theta30_rep4,4,Adaptive@rho1.2_c01024_theta30,Adaptive,1.2,reuse_intensive,dispatcher_arrival,7103,121,0,3163096543987652428,upsert,1789724436.2373416,1789724465.9241984,4096,64
20260726_formal4t4_reuse_intensive_Adaptive@rho1.2_c01024_theta30_rep4,4,Adaptive@rho1.2_c01024_theta30,Adaptive,1.2,reuse_intensive,dispatcher_arrival,7103,122,1,12613465747135452669,upsert,1789724436.2377121,1789724465.9243057,4096,64
20260726_formal4t4_reuse_intensive_Adaptive@rho1.2_c01024_theta30_rep4,4,Adaptive@rho1.2_c01024_theta30,Adaptive,1.2,reuse_intensive,dispatcher_arrival,7103,124,0,11821849661176330329,upsert,1789724447.107297,1789724477.7423136,4096,64
20260726_formal4t4_reuse_intensive_Adaptive@rho1.2_c01024_theta30_rep4,4,Adaptive@rho1.2_c01024_theta30,Adaptive,1.2,reuse_intensive,dispatcher_arrival,7103,125,1,15507369539614680842,upsert,1789724447.1077492,1789724486.6513815,4096,64
20260726_formal4t4_reuse_intensive_Adaptive@rho1.2_c01024_theta30_rep4,4,Adaptive@rho1.2_c01024_theta30,Adaptive,1.2,reuse_intensive,dispatcher_arrival,7103,128,0,17846715708891391149,upsert,1789724457.3243093,1789724495.560507,4096,64
20260726_formal4t4_reuse_intensive_Adaptive@rho1.2_c01024_theta30_rep4,4,Adaptive@rho1.2_c01024_theta30,Adaptive,1.2,reuse_intensive,dispatcher_arrival,7103,129,2,17846715708891391149,upsert,1789724457.3247797,1789724495.5605958,4096,64
20260726_formal4t4_reuse_intensive_Adaptive@rho1.2_c01024_theta30_rep4,4,Adaptive@rho1.2_c01024_theta30,Adaptive,1.2,reuse_intensive,dispatcher_arrival,7103,132,0,17846715708891391149,upsert,1789724467.230832,1789724507.3786855,4096,64
20260726_formal4t4_reuse_intensive_Adaptive@rho1.2_c01024_theta30_rep4,4,Adaptive@rho1.2_c01024_theta30,Adaptive,1.2,reuse_intensive,dispatcher_arrival,7103,136,0,17846715708891391149,upsert,1789724477.852129,1789724516.287753,4096,64
20260726_formal4t4_reuse_intensive_Adaptive@rho1.2_c01024_theta30_rep4,4,Adaptive@rho1.2_c01024_theta30,Adaptive,1.2,reuse_intensive,dispatcher_arrival,7103,144,0,17846715708891391149,upsert,1789724497.6241074,1789724525.1968226,4096,64
20260726_formal4t4_reuse_intensive_Adaptive@rho1.2_c01024_theta30_rep4,4,Adaptive@rho1.2_c01024_theta30,Adaptive,1.2,reuse_intensive,dispatcher_arrival,7103,145,3,17846715708891391149,upsert,1789724497.6246045,1789724525.1968837,4096,64
20260726_formal4t4_reuse_intensive_Adaptive@rho1.2_c01024_theta30_rep4,4,Adaptive@rho1.2_c01024_theta30,Adaptive,1.2,reuse_intensive,dispatcher_arrival,7103,152,0,594533630581776597,upsert,1789724511.3017423,1789724537.0150363,4096,64
20260726_formal4t4_reuse_intensive_Adaptive@rho1.2_c01024_theta30_rep4,4,Adaptive@rho1.2_c01024_theta30,Adaptive,1.2,reuse_intensive,dispatcher_arrival,7103,153,2,17846715708891391149,upsert,1789724511.3021965,1789724545.924185,4096,64
20260726_formal4t4_reuse_intensive_Adaptive@rho1.2_c01024_theta30_rep4,4,Adaptive@rho1.2_c01024_theta30,Adaptive,1.2,reuse_intensive,dispatcher_arrival,7103,156,2,17846715708891391149,upsert,1789724523.0408628,1789724554.8332314,4096,64
20260726_formal4t4_reuse_intensive_Adaptive@rho1.2_c01024_theta30_rep4,4,Adaptive@rho1.2_c01024_theta30,Adaptive,1.2,reuse_intensive,dispatcher_arrival,7103,157,0,15260451301505084502,upsert,1789724523.041314,1789724554.8333268,4096,64
20260726_formal4t4_reuse_intensive_Adaptive@rho1.2_c01024_theta30_rep4,4,Adaptive@rho1.2_c01024_theta30,Adaptive,1.2,reuse_intensive,dispatcher_arrival,7103,160,1,2615785228242663478,upsert,1789724533.3392591,1789724566.6513526,4096,64
20260726_formal4t4_reuse_intensive_Adaptive@rho1.2_c01024_theta30_rep4,4,Adaptive@rho1.2_c01024_theta30,Adaptive,1.2,reuse_intensive,dispatcher_arrival,7103,165,0,5080278736125677280,upsert,1789724543.607691,1789724575.5604987,4096,64
