experiment_id,rep,cell_id,policy,rho,workload,event,cell,update_id,owner,prefix_digest64,op,generation_time,dispatcher_arrival_time,coverage_tokens,payload_bytes
20260726_formal4t4_reuse_intensive_Adaptive@rho1.2_c01024_theta30_rep0,0,Adaptive@rho1.2_c01024_theta30,Adaptive,1.2,reuse_intensive,dispatcher_arrival,38244,0,0,15769623694692820738,upsert,1789725057.1757908,1789725057.1811829,8192,64
20260726_formal4t4_reuse_intensive_Adaptive@rho1.2_c01024_theta30_rep0,0,Adaptive@rho1.2_c01024_theta30,Adaptive,1.2,reuse_intensive,dispatcher_arrival,38244,1,1,15769623694692820738,upsert,1789725057.1758914,1789725057.1812994,8192,64
20260726_formal4t4_reuse_intensive_Adaptive@rho1.2_c01024_theta30_rep0,0,Adaptive@rho1.2_c01024_theta30,Adaptive,1.2,reuse_intensive,dispatcher_arrival,38244,4,0,12613465747135452669,upsert,1789725065.1205614,1789725065.1259224,8192,64
20260726_formal4t4_reuse_intensive_Adaptive@rho1.2_c01024_theta30_rep0,0,Adaptive@rho1.2_c01024_theta30,Adaptive,1.2,reuse_intensive,dispatcher_arrival,38244,5,1,12613465747135452669,upsert,1789725065.1206589,1789725065.1260033,8192,64
20260726_formal4t4_reuse_intensive_Adaptive@rho1.2_c01024_theta30_rep0,0,Adaptive@rho1.2_c01024_theta30,Adaptive,1.2,reuse_intensive,dispatcher_arrival,38244,8,0,12523743054995375112,upsert,1789725073.078028,1789725073.083408,8192,64
20260726_formal4t4_reuse_intensive_Adaptive@rho1.2_c01024_theta30_rep0,0,Adaptive@rho1.2_c01024_theta30,Adaptive,1.2,reuse_intensive,dispatcher_arrival,38244,9,1,12523743054995375112,upsert,1789725073.0781238,1789725073.0834916,8192,64
20260726_formal4t4_reuse_intensive_Adaptive@rho1.2_c01024_theta30_rep0,0,Adaptive@rho1.2_c01024_theta30,Adaptive,1.2,reuse_intensive,dispatcher_arrival,38244,12,0,9971321710674973507,upsert,1789725081.2290483,1789725081.2345507,8192,64
20260726_formal4t4_reuse_intensive_Adaptive@rho1.2_c01024_theta30_rep0,0,Adaptive@rho1.2_c01024_theta30,Adaptive,1.2,reuse_intensive,dispatcher_arrival,38244,15,3,9971321710674973507,upsert,1789725081.229258,1789725081.23463,8192,64
20260726_formal4t4_reuse_intensive_Adaptive@rho1.2_c01024_theta30_rep0,0,Adaptive@rho1.2_c01024_theta30,Adaptive,1.2,reuse_intensive,dispatcher_arrival,38244,16,0,4650049274038987083,upsert,1789725089.3738534,1789725089.3792632,8192,64
20260726_formal4t4_reuse_intensive_Adaptive@rho1.2_c01024_theta30_rep0,0,Adaptive@rho1.2_c01024_theta30,Adaptive,1.2,reuse_intensive,dispatcher_arrival,38244,18,2,4650049274038987083,upsert,1789725089.3740125,1789725089.379341,8192,64
20260726_formal4t4_reuse_intensive_Adaptive@rho1.2_c01024_theta30_rep0,0,Adaptive@rho1.2_c01024_theta30,Adaptive,1.2,reuse_intensive,dispatcher_arrival,38244,20,0,3163096543987652428,upsert,1789725097.4566064,1789725097.46197,8192,64
20260726_formal4t4_reuse_intensive_Adaptive@rho1.2_c01024_theta30_rep0,0,Adaptive@rho1.2_c01024_theta30,Adaptive,1.2,reuse_intensive,dispatcher_arrival,38244,22,2,3163096543987652428,upsert,1789725097.4567683,1789725097.4620497,8192,64
20260726_formal4t4_reuse_intensive_Adaptive@rho1.2_c01024_theta30_rep0,0,Adaptive@rho1.2_c01024_theta30,Adaptive,1.2,reuse_intensive,dispatcher_arrival,38244,24,0,10402019323283478844,upsert,1789725105.923997,1789725105.9293497,8192,64
20260726_formal4t4_reuse_intensive_Adaptive@rho1.2_c01024_theta30_rep0,0,Adaptive@rho1.2_c01024_theta30,Adaptive,1.2,reuse_intensive,dispatcher_arrival,38244,26,2,10402019323283478844,upsert,1789725105.9241493,1789725105.9294276,8192,64
20260726_formal4t4_reuse_intensive_Adaptive@rho1.2_c01024_theta30_rep0,0,Adaptive@rho1.2_c01024_theta30,Adaptive,1.2,reuse_intensive,dispatcher_arrival,38244,28,0,14064140743279553366,upsert,1789725114.2437506,1789725114.2490838,8192,64
20260726_formal4t4_reuse_intensive_Adaptive@rho1.2_c01024_theta30_rep0,0,Adaptive@rho1.2_c01024_theta30,Adaptive,1.2,reuse_intensive,dispatcher_arrival,38244,30,2,14064140743279553366,upsert,1789725114.2438943,1789725114.2491775,8192,64
20260726_formal4t4_reuse_intensive_Adaptive@rho1.2_c01024_theta30_rep0,0,Adaptive@rho1.2_c01024_theta30,Adaptive,1.2,reuse_intensive,dispatcher_arrival,38244,32,0,12376960631178457983,upsert,1789725122.3997269,1789725126.9910634,8192,64
20260726_formal4t4_reuse_intensive_Adaptive@rho1.2_c01024_theta30_rep0,0,Adaptive@rho1.2_c01024_theta30,Adaptive,1.2,reuse_intensive,dispatcher_arrival,38244,35,3,12376960631178457983,upsert,1789725122.399907,1789725131.805847,8192,64
20260726_formal4t4_reuse_intensive_Adaptive@rho1.2_c01024_theta30_rep0,0,Adaptive@rho1.2_c01024_theta30,Adaptive,1.2,reuse_intensive,dispatcher_arrival,38244,36,0,947483498426156190,upsert,1789725130.8070247,1789725154.472593,8192,64
20260726_formal4t4_reuse_intensive_Adaptive@rho1.2_c01024_theta30_rep0,0,Adaptive@rho1.2_c01024_theta30,Adaptive,1.2,reuse_intensive,dispatcher_arrival,38244,39,3,947483498426156190,upsert,1789725130.8072293,1789725154.4726653,8192,64
20260726_formal4t4_reuse_intensive_Adaptive@rho1.2_c01024_theta30_rep0,0,Adaptive@rho1.2_c01024_theta30,Adaptive,1.2,reuse_intensive,dispatcher_arrival,38244,40,0,3073007241776570211,upsert,1789725139.1400354,1789725164.5465646,8192,64
20260726_formal4t4_reuse_intensive_Adaptive@rho1.2_c01024_theta30_rep0,0,Adaptive@rho1.2_c01024_theta30,Adaptive,1.2,reuse_intensive,dispatcher_arrival,38244,43,3,3073007241776570211,upsert,1789725139.1402326,1789725175.139198,8192,64
20260726_formal4t4_reuse_intensive_Adaptive@rho1.2_c01024_theta30_rep0,0,Adaptive@rho1.2_c01024_theta30,Adaptive,1.2,reuse_intensive,dispatcher_arrival,38244,48,0,14774026810505956694,upsert,1789725148.4542089,1789725184.8429246,8192,64
20260726_formal4t4_reuse_intensive_Adaptive@rho1.2_c01024_theta30_rep0,0,Adaptive@rho1.2_c01024_theta30,Adaptive,1.2,reuse_intensive,dispatcher_arrival,38244,51,3,14774026810505956694,upsert,1789725148.4543881,1789725184.8430266,8192,64
20260726_formal4t4_reuse_intensive_Adaptive@rho1.2_c01024_theta30_rep0,0,Adaptive@rho1.2_c01024_theta30,Adaptive,1.2,reuse_intensive,dispatcher_arrival,38244,53,0,15769623694692820738,tombstone,1789725156.6122384,1789725197.3614368,0,64
20260726_formal4t4_reuse_intensive_Adaptive@rho1.2_c01024_theta30_rep0,0,Adaptive@rho1.2_c01024_theta30,Adaptive,1.2,reuse_intensive,dispatcher_arrival,38244,55,1,15769623694692820738,tombstone,1789725156.6123343,1789725204.6206682,0,64
20260726_formal4t4_reuse_intensive_Adaptive@rho1.2_c01024_theta30_rep0,0,Adaptive@rho1.2_c01024_theta30,Adaptive,1.2,reuse_intensive,dispatcher_arrival,38244,57,2,15769623694692820738,tombstone,1789725156.6124096,1789725214.3247018,0,64
20260726_formal4t4_reuse_intensive_Adaptive@rho1.2_c01024_theta30_rep0,0,Adaptive@rho1.2_c01024_theta30,Adaptive,1.2,reuse_intensive,dispatcher_arrival,38244,59,3,15769623694692820738,tombstone,1789725156.6124814,1789725214.3249507,0,64
20260726_formal4t4_reuse_intensive_Adaptive@rho1.2_c01024_theta30_rep0,0,Adaptive@rho1.2_c01024_theta30,Adaptive,1.2,reuse_intensive,dispatcher_arrival,38244,61,0,12613465747135452669,tombstone,1789725164.7212293,1789725223.9539793,0,64
20260726_formal4t4_reuse_intensive_Adaptive@rho1.2_c01024_theta30_rep0,0,Adaptive@rho1.2_c01024_theta30,Adaptive,1.2,reuse_intensive,dispatcher_arrival,38244,63,1,12613465747135452669,tombstone,1789725164.7213185,1789725231.2133033,0,64
20260726_formal4t4_reuse_intensive_Adaptive@rho1.2_c01024_theta30_rep0,0,Adaptive@rho1.2_c01024_theta30,Adaptive,1.2,reuse_intensive,dispatcher_arrival,38244,65,2,12613465747135452669,tombstone,1789725164.7213948,1789725240.91698,0,64
20260726_formal4t4_reuse_intensive_Adaptive@rho1.2_c01024_theta30_rep0,0,Adaptive@rho1.2_c01024_theta30,Adaptive,1.2,reuse_intensive,dispatcher_arrival,38244,67,3,12613465747135452669,tombstone,1789725164.7214615,1789725240.9170747,0,64
20260726_formal4t4_reuse_intensive_Adaptive@rho1.2_c01024_theta30_rep0,0,Adaptive@rho1.2_c01024_theta30,Adaptive,1.2,reuse_intensive,dispatcher_arrival,38244,76,1,12523743054995375112,tombstone,1789725173.772051,1789725250.5465593,0,64
20260726_formal4t4_reuse_intensive_Adaptive@rho1.2_c01024_theta30_rep0,0,Adaptive@rho1.2_c01024_theta30,Adaptive,1.2,reuse_intensive,dispatcher_arrival,38244,78,0,9971321710674973507,tombstone,1789725200.9793549,1789725257.8058167,0,64
20260726_formal4t4_reuse_intensive_Adaptive@rho1.2_c01024_theta30_rep0,0,Adaptive@rho1.2_c01024_theta30,Adaptive,1.2,reuse_intensive,dispatcher_arrival,38244,83,0,4650049274038987083,tombstone,1789725200.979542,1789725267.509529,0,64
20260726_formal4t4_reuse_intensive_Adaptive@rho1.2_c01024_theta30_rep0,0,Adaptive@rho1.2_c01024_theta30,Adaptive,1.2,reuse_intensive,dispatcher_arrival,38244,80,1,9971321710674973507,tombstone,1789725200.9794283,1789725267.5096345,0,64
20260726_formal4t4_reuse_intensive_Adaptive@rho1.2_c01024_theta30_rep0,0,Adaptive@rho1.2_c01024_theta30,Adaptive,1.2,reuse_intensive,dispatcher_arrival,38244,86,1,4650049274038987083,tombstone,1789725209.0615659,1789725277.1391747,0,64
20260726_formal4t4_reuse_intensive_Adaptive@rho1.2_c01024_theta30_rep0,0,Adaptive@rho1.2_c01024_theta30,Adaptive,1.2,reuse_intensive,dispatcher_arrival,38244,92,3,12523743054995375112,tombstone,1789725217.290281,1789725284.3984373,0,64
20260726_formal4t4_reuse_intensive_Adaptive@rho1.2_c01024_theta30_rep0,0,Adaptive@rho1.2_c01024_theta30,Adaptive,1.2,reuse_intensive,dispatcher_arrival,38244,94,1,3163096543987652428,tombstone,1789725217.2903645,1789725294.1021347,0,64
20260726_formal4t4_reuse_intensive_Adaptive@rho1.2_c01024_theta30_rep0,0,Adaptive@rho1.2_c01024_theta30,Adaptive,1.2,reuse_intensive,dispatcher_arrival,38244,102,2,12523743054995375112,tombstone,1789725226.0207539,1789725294.1022382,0,64
20260726_formal4t4_reuse_intensive_Adaptive@rho1.2_c01024_theta30_rep0,0,Adaptive@rho1.2_c01024_theta30,Adaptive,1.2,reuse_intensive,dispatcher_arrival,38244,107,0,10402019323283478844,tombstone,1789725233.9029686,1789725303.731704,0,64
20260726_formal4t4_reuse_intensive_Adaptive@rho1.2_c01024_theta30_rep0,0,Adaptive@rho1.2_c01024_theta30,Adaptive,1.2,reuse_intensive,dispatcher_arrival,38244,110,2,9971321710674973507,tombstone,1789725242.0010307,1789725310.9909606,0,64
20260726_formal4t4_reuse_intensive_Adaptive@rho1.2_c01024_theta30_rep0,0,Adaptive@rho1.2_c01024_theta30,Adaptive,1.2,reuse_intensive,dispatcher_arrival,38244,113,0,14064140743279553366,tombstone,1789725242.0024161,1789725318.250342,0,64
20260726_formal4t4_reuse_intensive_Adaptive@rho1.2_c01024_theta30_rep0,0,Adaptive@rho1.2_c01024_theta30,Adaptive,1.2,reuse_intensive,dispatcher_arrival,38244,115,1,10402019323283478844,tombstone,1789725242.003054,1789725318.250439,0,64
20260726_formal4t4_reuse_intensive_Adaptive@rho1.2_c01024_theta30_rep0,0,Adaptive@rho1.2_c01024_theta30,Adaptive,1.2,reuse_intensive,dispatcher_arrival,38244,117,2,3163096543987652428,tombstone,1789725250.0275593,1789725327.879937,0,64
20260726_formal4t4_reuse_intensive_Adaptive@rho1.2_c01024_theta30_rep0,0,Adaptive@rho1.2_c01024_theta30,Adaptive,1.2,reuse_intensive,dispatcher_arrival,38244,124,0,12376960631178457983,tombstone,1789725266.6713226,1789725335.1392226,0,64
20260726_formal4t4_reuse_intensive_Adaptive@rho1.2_c01024_theta30_rep0,0,Adaptive@rho1.2_c01024_theta30,Adaptive,1.2,reuse_intensive,dispatcher_arrival,38244,126,3,9971321710674973507,tombstone,1789725266.6720984,1789725342.3984737,0,64
20260726_formal4t4_reuse_intensive_Adaptive@rho1.2_c01024_theta30_rep0,0,Adaptive@rho1.2_c01024_theta30,Adaptive,1.2,reuse_intensive,dispatcher_arrival,38244,137,3,4650049274038987083,tombstone,1789725277.4124796,1789725342.3985815,0,64
20260726_formal4t4_reuse_intensive_Adaptive@rho1.2_c01024_theta30_rep0,0,Adaptive@rho1.2_c01024_theta30,Adaptive,1.2,reuse_intensive,dispatcher_arrival,38244,141,0,14108233664250482536,tombstone,1789725285.8943546,1789725352.0280511,0,64
20260726_formal4t4_reuse_intensive_Adaptive@rho1.2_c01024_theta30_rep0,0,Adaptive@rho1.2_c01024_theta30,Adaptive,1.2,reuse_intensive,dispatcher_arrival,38244,142,0,5281956220402968541,tombstone,1789725285.8943837,1789725359.2873461,0,64
20260726_formal4t4_reuse_intensive_Adaptive@rho1.2_c01024_theta30_rep0,0,Adaptive@rho1.2_c01024_theta30,Adaptive,1.2,reuse_intensive,dispatcher_arrival,38244,151,3,3163096543987652428,tombstone,1789725294.7900922,1789725366.5466192,0,64
20260726_formal4t4_reuse_intensive_Adaptive@rho1.2_c01024_theta30_rep0,0,Adaptive@rho1.2_c01024_theta30,Adaptive,1.2,reuse_intensive,dispatcher_arrival,38244,153,1,14064140743279553366,tombstone,1789725294.7908335,1789725366.5467143,0,64
20260726_formal4t4_reuse_intensive_Adaptive@rho1.2_c01024_theta30_rep0,0,Adaptive@rho1.2_c01024_theta30,Adaptive,1.2,reuse_intensive,dispatcher_arrival,38244,155,2,14064140743279553366,tombstone,1789725294.7914977,1789725376.176273,0,64
20260726_formal4t4_reuse_intensive_Adaptive@rho1.2_c01024_theta30_rep0,0,Adaptive@rho1.2_c01024_theta30,Adaptive,1.2,reuse_intensive,dispatcher_arrival,38244,157,0,1785562587857272681,tombstone,1789725294.7921734,1789725383.4354935,0,64
20260726_formal4t4_reuse_intensive_Adaptive@rho1.2_c01024_theta30_rep0,0,Adaptive@rho1.2_c01024_theta30,Adaptive,1.2,reuse_intensive,dispatcher_arrival,38244,159,3,10402019323283478844,tombstone,1789725303.3072233,1789725390.6947546,0,64
20260726_formal4t4_reuse_intensive_Adaptive@rho1.2_c01024_theta30_rep0,0,Adaptive@rho1.2_c01024_theta30,Adaptive,1.2,reuse_intensive,dispatcher_arrival,38244,161,2,12376960631178457983,tombstone,1789725303.3075027,1789725390.6948457,0,64
20260726_formal4t4_reuse_intensive_Adaptive@rho1.2_c01024_theta30_rep0,0,Adaptive@rho1.2_c01024_theta30,Adaptive,1.2,reuse_intensive,dispatcher_arrival,38244,163,1,12376960631178457983,tombstone,1789725303.3077235,1789725400.3243966,0,64
20260726_formal4t4_reuse_intensive_Adaptive@rho1.2_c01024_theta30_rep0,0,Adaptive@rho1.2_c01024_theta30,Adaptive,1.2,reuse_intensive,dispatcher_arrival,38244,167,0,1610475058989402671,tombstone,1789725311.6551685,1789725407.5836515,0,64
20260726_formal4t4_reuse_intensive_Adaptive@rho1.2_c01024_theta30_rep0,0,Adaptive@rho1.2_c01024_theta30,Adaptive,1.2,reuse_intensive,dispatcher_arrival,38244,168,0,14361523986587977395,tombstone,1789725311.655205,1789725414.8428729,0,64
20260726_formal4t4_reuse_intensive_Adaptive@rho1.2_c01024_theta30_rep0,0,Adaptive@rho1.2_c01024_theta30,Adaptive,1.2,reuse_intensive,dispatcher_arrival,38244,170,2,947483498426156190,tombstone,1789725311.6559007,1789725414.8429568,0,64
20260726_formal4t4_reuse_intensive_StaticSemantic@rho1.2_rep0,0,StaticSemantic@rho1.2,StaticSemantic,1.2,reuse_intensive,dispatcher_arrival,38245,0,0,15769623694692820738,upsert,1789725429.6464968,1789725453.805885,8192,64
20260726_formal4t4_reuse_intensive_StaticSemantic@rho1.2_rep0,0,StaticSemantic@rho1.2,StaticSemantic,1.2,reuse_intensive,dispatcher_arrival,38245,2,2,15769623694692820738,upsert,1789725429.6466262,1789725458.6207032,8192,64
20260726_formal4t4_reuse_intensive_StaticSemantic@rho1.2_rep0,0,StaticSemantic@rho1.2,StaticSemantic,1.2,reuse_intensive,dispatcher_arrival,38245,4,0,12613465747135452669,upsert,1789725438.8837914,1789725458.6207998,8192,64
20260726_formal4t4_reuse_intensive_StaticSemantic@rho1.2_rep0,0,StaticSemantic@rho1.2,StaticSemantic,1.2,reuse_intensive,dispatcher_arrival,38245,6,2,12613465747135452669,upsert,1789725438.8839278,1789725470.694781,8192,64
20260726_formal4t4_reuse_intensive_StaticSemantic@rho1.2_rep0,0,StaticSemantic@rho1.2,StaticSemantic,1.2,reuse_intensive,dispatcher_arrival,38245,8,0,12523743054995375112,upsert,1789725447.613012,1789725477.9540339,8192,64
20260726_formal4t4_reuse_intensive_StaticSemantic@rho1.2_rep0,0,StaticSemantic@rho1.2,StaticSemantic,1.2,reuse_intensive,dispatcher_arrival,38245,10,2,12523743054995375112,upsert,1789725447.61323,1789725487.6576848,8192,64
20260726_formal4t4_reuse_intensive_StaticSemantic@rho1.2_rep0,0,StaticSemantic@rho1.2,StaticSemantic,1.2,reuse_intensive,dispatcher_arrival,38245,12,0,9971321710674973507,upsert,1789725456.56172,1789725487.6577392,8192,64
20260726_formal4t4_reuse_intensive_StaticSemantic@rho1.2_rep0,0,StaticSemantic@rho1.2,StaticSemantic,1.2,reuse_intensive,dispatcher_arrival,38245,14,2,9971321710674973507,upsert,1789725456.5618577,1789725497.7318172,8192,64
20260726_formal4t4_reuse_intensive_StaticSemantic@rho1.2_rep0,0,StaticSemantic@rho1.2,StaticSemantic,1.2,reuse_intensive,dispatcher_arrival,38245,16,0,4650049274038987083,upsert,1789725465.5342762,1789725504.991064,8192,64
20260726_formal4t4_reuse_intensive_StaticSemantic@rho1.2_rep0,0,StaticSemantic@rho1.2,StaticSemantic,1.2,reuse_intensive,dispatcher_arrival,38245,19,3,4650049274038987083,upsert,1789725465.5344436,1789725514.69472,8192,64
20260726_formal4t4_reuse_intensive_StaticSemantic@rho1.2_rep0,0,StaticSemantic@rho1.2,StaticSemantic,1.2,reuse_intensive,dispatcher_arrival,38245,20,0,3163096543987652428,upsert,1789725474.5108032,1789725514.6947746,8192,64
20260726_formal4t4_reuse_intensive_StaticSemantic@rho1.2_rep0,0,StaticSemantic@rho1.2,StaticSemantic,1.2,reuse_intensive,dispatcher_arrival,38245,23,3,3163096543987652428,upsert,1789725474.510892,1789725524.324391,8192,64
20260726_formal4t4_reuse_intensive_StaticSemantic@rho1.2_rep0,0,StaticSemantic@rho1.2,StaticSemantic,1.2,reuse_intensive,dispatcher_arrival,38245,24,0,10402019323283478844,upsert,1789725483.489556,1789725531.58365,8192,64
20260726_formal4t4_reuse_intensive_StaticSemantic@rho1.2_rep0,0,StaticSemantic@rho1.2,StaticSemantic,1.2,reuse_intensive,dispatcher_arrival,38245,27,3,10402019323283478844,upsert,1789725483.4897304,1789725541.2873707,8192,64
20260726_formal4t4_reuse_intensive_StaticSemantic@rho1.2_rep0,0,StaticSemantic@rho1.2,StaticSemantic,1.2,reuse_intensive,dispatcher_arrival,38245,28,0,14064140743279553366,upsert,1789725492.4920964,1789725541.287469,8192,64
20260726_formal4t4_reuse_intensive_StaticSemantic@rho1.2_rep0,0,StaticSemantic@rho1.2,StaticSemantic,1.2,reuse_intensive,dispatcher_arrival,38245,30,2,14064140743279553366,upsert,1789725492.4922528,1789725550.9169068,8192,64
20260726_formal4t4_reuse_intensive_StaticSemantic@rho1.2_rep0,0,StaticSemantic@rho1.2,StaticSemantic,1.2,reuse_intensive,dispatcher_arrival,38245,32,0,12376960631178457983,upsert,1789725501.4842021,1789725558.1761703,8192,64
20260726_formal4t4_reuse_intensive_StaticSemantic@rho1.2_rep0,0,StaticSemantic@rho1.2,StaticSemantic,1.2,reuse_intensive,dispatcher_arrival,38245,53,0,15769623694692820738,tombstone,1789725539.0333056,1789725567.8799005,0,64
20260726_formal4t4_reuse_intensive_StaticSemantic@rho1.2_rep0,0,StaticSemantic@rho1.2,StaticSemantic,1.2,reuse_intensive,dispatcher_arrival,38245,57,2,15769623694692820738,tombstone,1789725539.03346,1789725567.88,0,64
20260726_formal4t4_reuse_intensive_StaticSemantic@rho1.2_rep0,0,StaticSemantic@rho1.2,StaticSemantic,1.2,reuse_intensive,dispatcher_arrival,38245,55,1,15769623694692820738,tombstone,1789725539.0333905,1789725577.5095766,0,64
20260726_formal4t4_reuse_intensive_StaticSemantic@rho1.2_rep0,0,StaticSemantic@rho1.2,StaticSemantic,1.2,reuse_intensive,dispatcher_arrival,38245,59,3,15769623694692820738,tombstone,1789725539.0335295,1789725584.7688057,0,64
20260726_formal4t4_reuse_intensive_StaticSemantic@rho1.2_rep0,0,StaticSemantic@rho1.2,StaticSemantic,1.2,reuse_intensive,dispatcher_arrival,38245,61,0,12613465747135452669,tombstone,1789725547.7454216,1789725594.4725246,0,64
20260726_formal4t4_reuse_intensive_StaticSemantic@rho1.2_rep0,0,StaticSemantic@rho1.2,StaticSemantic,1.2,reuse_intensive,dispatcher_arrival,38245,63,1,12613465747135452669,tombstone,1789725547.7455065,1789725594.4726121,0,64
20260726_formal4t4_reuse_intensive_StaticSemantic@rho1.2_rep0,0,StaticSemantic@rho1.2,StaticSemantic,1.2,reuse_intensive,dispatcher_arrival,38245,65,2,12613465747135452669,tombstone,1789725547.7455795,1789725604.1021333,0,64
20260726_formal4t4_reuse_intensive_StaticSemantic@rho1.2_rep0,0,StaticSemantic@rho1.2,StaticSemantic,1.2,reuse_intensive,dispatcher_arrival,38245,67,3,12613465747135452669,tombstone,1789725547.7456539,1789725611.3613925,0,64
20260726_formal4t4_reuse_intensive_StaticSemantic@rho1.2_rep0,0,StaticSemantic@rho1.2,StaticSemantic,1.2,reuse_intensive,dispatcher_arrival,38245,76,2,12523743054995375112,tombstone,1789725557.7446413,1789725618.6206808,0,64
20260726_formal4t4_reuse_intensive_StaticSemantic@rho1.2_rep0,0,StaticSemantic@rho1.2,StaticSemantic,1.2,reuse_intensive,dispatcher_arrival,38245,78,3,12523743054995375112,tombstone,1789725567.0364342,1789725618.6207714,0,64
20260726_formal4t4_reuse_intensive_StaticSemantic@rho1.2_rep0,0,StaticSemantic@rho1.2,StaticSemantic,1.2,reuse_intensive,dispatcher_arrival,38245,80,2,9971321710674973507,tombstone,1789725567.0365229,1789725628.2502956,0,64
20260726_formal4t4_reuse_intensive_StaticSemantic@rho1.2_rep0,0,StaticSemantic@rho1.2,StaticSemantic,1.2,reuse_intensive,dispatcher_arrival,38245,83,0,9971321710674973507,tombstone,1789725567.036641,1789725635.5095541,0,64
20260726_formal4t4_reuse_intensive_StaticSemantic@rho1.2_rep0,0,StaticSemantic@rho1.2,StaticSemantic,1.2,reuse_intensive,dispatcher_arrival,38245,86,2,4650049274038987083,tombstone,1789725575.5318248,1789725642.768856,0,64
20260726_formal4t4_reuse_intensive_StaticSemantic@rho1.2_rep0,0,StaticSemantic@rho1.2,StaticSemantic,1.2,reuse_intensive,dispatcher_arrival,38245,93,1,12523743054995375112,tombstone,1789725584.3595824,1789725642.7689476,0,64
20260726_formal4t4_reuse_intensive_StaticSemantic@rho1.2_rep0,0,StaticSemantic@rho1.2,StaticSemantic,1.2,reuse_intensive,dispatcher_arrival,38245,96,1,9971321710674973507,tombstone,1789725593.3119256,1789725652.398467,0,64
20260726_formal4t4_reuse_intensive_StaticSemantic@rho1.2_rep0,0,StaticSemantic@rho1.2,StaticSemantic,1.2,reuse_intensive,dispatcher_arrival,38245,100,3,9971321710674973507,tombstone,1789725603.159247,1789725659.6577203,0,64
20260726_formal4t4_reuse_intensive_StaticSemantic@rho1.2_rep0,0,StaticSemantic@rho1.2,StaticSemantic,1.2,reuse_intensive,dispatcher_arrival,38245,103,0,3163096543987652428,tombstone,1789725603.1594188,1789725666.9170296,0,64
20260726_formal4t4_reuse_intensive_StaticSemantic@rho1.2_rep0,0,StaticSemantic@rho1.2,StaticSemantic,1.2,reuse_intensive,dispatcher_arrival,38245,108,0,10402019323283478844,tombstone,1789725611.2299306,1789725666.9171178,0,64
20260726_formal4t4_reuse_intensive_StaticSemantic@rho1.2_rep0,0,StaticSemantic@rho1.2,StaticSemantic,1.2,reuse_intensive,dispatcher_arrival,38245,114,3,14064140743279553366,tombstone,1789725620.338747,1789725676.5465784,0,64
20260726_formal4t4_reuse_intensive_StaticSemantic@rho1.2_rep0,0,StaticSemantic@rho1.2,StaticSemantic,1.2,reuse_intensive,dispatcher_arrival,38245,116,0,14064140743279553366,tombstone,1789725629.134285,1789725683.8058286,0,64
20260726_formal4t4_reuse_intensive_StaticSemantic@rho1.2_rep0,0,StaticSemantic@rho1.2,StaticSemantic,1.2,reuse_intensive,dispatcher_arrival,38245,124,1,4650049274038987083,tombstone,1789725637.6530726,1789725691.0651293,0,64
20260726_formal4t4_reuse_intensive_StaticSemantic@rho1.2_rep0,0,StaticSemantic@rho1.2,StaticSemantic,1.2,reuse_intensive,dispatcher_arrival,38245,128,3,12376960631178457983,tombstone,1789725646.3551948,1789725691.0652435,0,64
20260726_formal4t4_reuse_intensive_StaticSemantic@rho1.2_rep0,0,StaticSemantic@rho1.2,StaticSemantic,1.2,reuse_intensive,dispatcher_arrival,38245,136,1,3163096543987652428,tombstone,1789725655.687914,1789725700.694789,0,64
20260726_formal4t4_reuse_intensive_StaticSemantic@rho1.2_rep0,0,StaticSemantic@rho1.2,StaticSemantic,1.2,reuse_intensive,dispatcher_arrival,38245,140,3,947483498426156190,tombstone,1789725664.4519784,1789725707.9539866,0,64
20260726_formal4t4_reuse_intensive_StaticSemantic@rho1.2_rep0,0,StaticSemantic@rho1.2,StaticSemantic,1.2,reuse_intensive,dispatcher_arrival,38245,143,2,3163096543987652428,tombstone,1789725664.4534333,1789725715.213274,0,64
20260726_formal4t4_reuse_intensive_StaticSemantic@rho1.2_rep0,0,StaticSemantic@rho1.2,StaticSemantic,1.2,reuse_intensive,dispatcher_arrival,38245,150,1,10402019323283478844,tombstone,1789725674.3278453,1789725715.2133698,0,64
20260726_formal4t4_reuse_intensive_StaticSemantic@rho1.2_rep0,0,StaticSemantic@rho1.2,StaticSemantic,1.2,reuse_intensive,dispatcher_arrival,38245,152,2,10402019323283478844,tombstone,1789725674.3286433,1789725724.8429148,0,64
20260726_formal4t4_reuse_intensive_StaticSemantic@rho1.2_rep0,0,StaticSemantic@rho1.2,StaticSemantic,1.2,reuse_intensive,dispatcher_arrival,38245,154,3,3073007241776570211,tombstone,1789725674.3293464,1789725732.1022105,0,64
20260726_formal4t4_reuse_intensive_StaticSemantic@rho1.2_rep0,0,StaticSemantic@rho1.2,StaticSemantic,1.2,reuse_intensive,dispatcher_arrival,38245,156,0,3073007241776570211,tombstone,1789725674.3300273,1789725739.361417,0,64
20260726_formal4t4_reuse_intensive_StaticSemantic@rho1.2_rep0,0,StaticSemantic@rho1.2,StaticSemantic,1.2,reuse_intensive,dispatcher_arrival,38245,158,1,14064140743279553366,tombstone,1789725683.8172748,1789725739.3615127,0,64
20260726_formal4t4_reuse_intensive_StaticSemantic@rho1.2_rep0,0,StaticSemantic@rho1.2,StaticSemantic,1.2,reuse_intensive,dispatcher_arrival,38245,160,3,14108233664250482536,tombstone,1789725683.8180456,1789725748.9910429,0,64
20260726_formal4t4_reuse_intensive_StaticSemantic@rho1.2_rep0,0,StaticSemantic@rho1.2,StaticSemantic,1.2,reuse_intensive,dispatcher_arrival,38245,161,3,1785562587857272681,tombstone,1789725683.8180764,1789725756.250325,0,64
20260726_formal4t4_reuse_intensive_StaticSemantic@rho1.2_rep0,0,StaticSemantic@rho1.2,StaticSemantic,1.2,reuse_intensive,dispatcher_arrival,38245,163,2,12376960631178457983,tombstone,1789725683.818736,1789725763.509525,0,64
20260726_formal4t4_reuse_intensive_StaticSemantic@rho1.2_rep0,0,StaticSemantic@rho1.2,StaticSemantic,1.2,reuse_intensive,dispatcher_arrival,38245,167,0,14108233664250482536,tombstone,1789725692.8382208,1789725763.5096157,0,64
20260726_formal4t4_reuse_intensive_StaticSemantic@rho1.2_rep0,0,StaticSemantic@rho1.2,StaticSemantic,1.2,reuse_intensive,dispatcher_arrival,38245,168,0,14774026810505956694,tombstone,1789725692.838255,1789725773.1391728,0,64
20260726_formal4t4_reuse_intensive_StaticSemantic@rho1.2_rep0,0,StaticSemantic@rho1.2,StaticSemantic,1.2,reuse_intensive,dispatcher_arrival,38245,170,3,1610475058989402671,tombstone,1789725692.8389063,1789725780.3984447,0,64
20260726_formal4t4_reuse_intensive_StaticSemantic@rho1.2_rep0,0,StaticSemantic@rho1.2,StaticSemantic,1.2,reuse_intensive,dispatcher_arrival,38245,171,3,14361523986587977395,tombstone,1789725692.8389366,1789725787.6577518,0,64
20260726_formal4t4_reuse_intensive_StaticSemantic@rho1.2_rep0,0,StaticSemantic@rho1.2,StaticSemantic,1.2,reuse_intensive,dispatcher_arrival,38245,173,2,947483498426156190,tombstone,1789725692.83958,1789725787.657839,0,64
20260726_formal4t4_reuse_intensive_StaticSemantic@rho1.2_rep0,0,StaticSemantic@rho1.2,StaticSemantic,1.2,reuse_intensive,dispatcher_arrival,38245,175,1,12376960631178457983,tombstone,1789725702.1966438,1789725797.2873316,0,64
20260726_formal4t4_reuse_intensive_StaticSemantic@rho1.2_rep0,0,StaticSemantic@rho1.2,StaticSemantic,1.2,reuse_intensive,dispatcher_arrival,38245,177,2,14108233664250482536,tombstone,1789725702.1974084,1789725804.546579,0,64
20260726_formal4t4_reuse_intensive_RateFIFO@rho1.2_rep0,0,RateFIFO@rho1.2,RateFIFO,1.2,reuse_intensive,dispatcher_arrival,38246,0,0,15769623694692820738,upsert,1789725819.8835628,1789725838.6947389,8192,64
20260726_formal4t4_reuse_intensive_RateFIFO@rho1.2_rep0,0,RateFIFO@rho1.2,RateFIFO,1.2,reuse_intensive,dispatcher_arrival,38246,4,0,12613465747135452669,upsert,1789725828.9776375,1789725853.287342,8192,64
20260726_formal4t4_reuse_intensive_RateFIFO@rho1.2_rep0,0,RateFIFO@rho1.2,RateFIFO,1.2,reuse_intensive,dispatcher_arrival,38246,8,0,12523743054995375112,upsert,1789725837.9249344,1789725853.2874494,8192,64
20260726_formal4t4_reuse_intensive_RateFIFO@rho1.2_rep0,0,RateFIFO@rho1.2,RateFIFO,1.2,reuse_intensive,dispatcher_arrival,38246,12,0,9971321710674973507,upsert,1789725847.072442,1789725862.9170036,8192,64
20260726_formal4t4_reuse_intensive_RateFIFO@rho1.2_rep0,0,RateFIFO@rho1.2,RateFIFO,1.2,reuse_intensive,dispatcher_arrival,38246,16,0,4650049274038987083,upsert,1789725856.4063973,1789725872.6206942,8192,64
20260726_formal4t4_reuse_intensive_RateFIFO@rho1.2_rep0,0,RateFIFO@rho1.2,RateFIFO,1.2,reuse_intensive,dispatcher_arrival,38246,20,0,3163096543987652428,upsert,1789725865.786638,1789725879.8799486,8192,64
20260726_formal4t4_reuse_intensive_RateFIFO@rho1.2_rep0,0,RateFIFO@rho1.2,RateFIFO,1.2,reuse_intensive,dispatcher_arrival,38246,24,0,10402019323283478844,upsert,1789725875.724923,1789725887.1391547,8192,64
20260726_formal4t4_reuse_intensive_RateFIFO@rho1.2_rep0,0,RateFIFO@rho1.2,RateFIFO,1.2,reuse_intensive,dispatcher_arrival,38246,28,0,14064140743279553366,upsert,1789725884.768717,1789725894.3984282,8192,64
20260726_formal4t4_reuse_intensive_RateFIFO@rho1.2_rep0,0,RateFIFO@rho1.2,RateFIFO,1.2,reuse_intensive,dispatcher_arrival,38246,32,0,12376960631178457983,upsert,1789725893.8155863,1789725901.657685,8192,64
20260726_formal4t4_reuse_intensive_RateFIFO@rho1.2_rep0,0,RateFIFO@rho1.2,RateFIFO,1.2,reuse_intensive,dispatcher_arrival,38246,36,0,947483498426156190,upsert,1789725903.4183536,1789725911.3614457,8192,64
20260726_formal4t4_reuse_intensive_RateFIFO@rho1.2_rep0,0,RateFIFO@rho1.2,RateFIFO,1.2,reuse_intensive,dispatcher_arrival,38246,40,0,3073007241776570211,upsert,1789725912.3371134,1789725918.6207175,8192,64
20260726_formal4t4_reuse_intensive_RateFIFO@rho1.2_rep0,0,RateFIFO@rho1.2,RateFIFO,1.2,reuse_intensive,dispatcher_arrival,38246,48,0,14774026810505956694,upsert,1789725922.40199,1789725925.8799708,8192,64
20260726_formal4t4_reuse_intensive_RateFIFO@rho1.2_rep0,0,RateFIFO@rho1.2,RateFIFO,1.2,reuse_intensive,dispatcher_arrival,38246,52,0,5281956220402968541,upsert,1789725931.1599987,1789725933.1392455,8192,64
20260726_formal4t4_reuse_intensive_RateFIFO@rho1.2_rep0,0,RateFIFO@rho1.2,RateFIFO,1.2,reuse_intensive,dispatcher_arrival,38246,60,0,1785562587857272681,upsert,1789725939.941696,1789725940.3984644,8192,64
20260726_formal4t4_reuse_intensive_RateFIFO@rho1.2_rep0,0,RateFIFO@rho1.2,RateFIFO,1.2,reuse_intensive,dispatcher_arrival,38246,72,0,12523743054995375112,upsert,1789725961.147582,1789725961.1534333,8192,64
20260726_formal4t4_reuse_intensive_RateFIFO@rho1.2_rep0,0,RateFIFO@rho1.2,RateFIFO,1.2,reuse_intensive,dispatcher_arrival,38246,77,0,14361523986587977395,upsert,1789725989.5414944,1789725989.5472527,8192,64
20260726_formal4t4_reuse_intensive_RateFIFO@rho1.2_rep0,0,RateFIFO@rho1.2,RateFIFO,1.2,reuse_intensive,dispatcher_arrival,38246,84,0,947483498426156190,upsert,1789726008.826178,1789726008.8318648,8192,64
20260726_formal4t4_reuse_intensive_RateFIFO@rho1.2_rep0,0,RateFIFO@rho1.2,RateFIFO,1.2,reuse_intensive,dispatcher_arrival,38246,89,0,3163096543987652428,upsert,1789726018.7684894,1789726018.77425,8192,64
20260726_formal4t4_reuse_intensive_RateFIFO@rho1.2_rep0,0,RateFIFO@rho1.2,RateFIFO,1.2,reuse_intensive,dispatcher_arrival,38246,95,0,12523743054995375112,upsert,1789726037.7205365,1789726037.726181,8192,64
20260726_formal4t4_reuse_intensive_RateFIFO@rho1.2_rep0,0,RateFIFO@rho1.2,RateFIFO,1.2,reuse_intensive,dispatcher_arrival,38246,104,0,15769623694692820738,upsert,1789726059.113214,1789726059.1213403,8192,64
20260726_formal4t4_reuse_intensive_RateFIFO@rho1.2_rep0,0,RateFIFO@rho1.2,RateFIFO,1.2,reuse_intensive,dispatcher_arrival,38246,110,0,12613465747135452669,upsert,1789726067.5982673,1789726067.6063042,8192,64
20260726_formal4t4_reuse_intensive_RateFIFO@rho1.2_rep0,0,RateFIFO@rho1.2,RateFIFO,1.2,reuse_intensive,dispatcher_arrival,38246,115,0,11074190661555870271,upsert,1789726079.4937837,1789726079.501695,8192,64
20260726_formal4t4_reuse_intensive_RateFIFO@rho1.2_rep0,0,RateFIFO@rho1.2,RateFIFO,1.2,reuse_intensive,dispatcher_arrival,38246,121,0,12613465747135452669,upsert,1789726113.208733,1789726113.2167072,8192,64
20260726_formal4t4_reuse_intensive_RateFIFO@rho1.2_rep0,0,RateFIFO@rho1.2,RateFIFO,1.2,reuse_intensive,dispatcher_arrival,38246,131,0,15769623694692820738,upsert,1789726115.918679,1789726115.9264345,8192,64
20260726_formal4t4_reuse_intensive_RateFIFO@rho1.2_rep0,0,RateFIFO@rho1.2,RateFIFO,1.2,reuse_intensive,dispatcher_arrival,38246,135,0,3073007241776570211,upsert,1789726127.0129814,1789726127.0209947,8192,64
20260726_formal4t4_reuse_intensive_RateFIFO@rho1.2_rep0,0,RateFIFO@rho1.2,RateFIFO,1.2,reuse_intensive,dispatcher_arrival,38246,140,3,13982934541694442251,upsert,1789726135.6711185,1789726135.6791797,8192,64
20260726_formal4t4_reuse_intensive_RateFIFO@rho1.2_rep0,0,RateFIFO@rho1.2,RateFIFO,1.2,reuse_intensive,dispatcher_arrival,38246,149,2,17846715708891391149,upsert,1789726146.4523902,1789726146.4603376,8192,64
20260726_formal4t4_reuse_intensive_RateFIFO@rho1.2_rep0,0,RateFIFO@rho1.2,RateFIFO,1.2,reuse_intensive,dispatcher_arrival,38246,157,2,14333057367934485678,upsert,1789726155.3659828,1789726155.3739014,8192,64
20260726_formal4t4_reuse_intensive_RateFIFO@rho1.2_rep0,0,RateFIFO@rho1.2,RateFIFO,1.2,reuse_intensive,dispatcher_arrival,38246,165,2,17846715708891391149,upsert,1789726163.931288,1789726163.9394066,8192,64
20260726_formal4t4_reuse_intensive_RateFIFO@rho1.2_rep0,0,RateFIFO@rho1.2,RateFIFO,1.2,reuse_intensive,dispatcher_arrival,38246,172,3,13844655051170110805,upsert,1789726173.0109167,1789726173.019048,8192,64
20260726_formal4t4_reuse_intensive_RateFIFO@rho1.2_rep0,0,RateFIFO@rho1.2,RateFIFO,1.2,reuse_intensive,dispatcher_arrival,38246,179,2,17846715708891391149,upsert,1789726181.222793,1789726181.2308192,8192,64
20260726_formal4t4_reuse_intensive_RateFIFO@rho1.2_rep0,0,RateFIFO@rho1.2,RateFIFO,1.2,reuse_intensive,dispatcher_arrival,38246,185,1,3653934292717507175,upsert,1789726190.359533,1789726190.3678155,8192,64
20260726_formal4t4_reuse_intensive_RateFIFO@rho1.2_rep0,0,RateFIFO@rho1.2,RateFIFO,1.2,reuse_intensive,dispatcher_arrival,38246,191,2,11821849661176330329,upsert,1789726199.5070703,1789726199.5152812,8192,64
20260726_formal4t4_reuse_intensive_RateFIFO@rho1.2_rep0,0,RateFIFO@rho1.2,RateFIFO,1.2,reuse_intensive,dispatcher_arrival,38246,198,2,17846715708891391149,upsert,1789726209.588777,1789726209.6764753,8192,64
20260726_formal4t4_reuse_intensive_RateFIFO@rho1.2_rep0,0,RateFIFO@rho1.2,RateFIFO,1.2,reuse_intensive,dispatcher_arrival,38246,203,2,11821849661176330329,upsert,1789726218.8813674,1789726218.889694,8192,64
20260726_formal4t4_reuse_intensive_RateFIFO@rho1.2_rep0,0,RateFIFO@rho1.2,RateFIFO,1.2,reuse_intensive,dispatcher_arrival,38246,210,2,17846715708891391149,upsert,1789726227.6048923,1789726227.6131806,8192,64
20260726_formal4t4_reuse_intensive_RateFIFO@rho1.2_rep0,0,RateFIFO@rho1.2,RateFIFO,1.2,reuse_intensive,dispatcher_arrival,38246,215,2,13764273285245102789,upsert,1789726236.8656626,1789726236.8739867,8192,64
20260726_formal4t4_reuse_intensive_RateFIFO@rho1.2_rep0,0,RateFIFO@rho1.2,RateFIFO,1.2,reuse_intensive,dispatcher_arrival,38246,221,0,11592361518825428217,upsert,1789726245.6614459,1789726245.66971,8192,64
20260726_formal4t4_reuse_intensive_RateFIFO@rho1.2_rep0,0,RateFIFO@rho1.2,RateFIFO,1.2,reuse_intensive,dispatcher_arrival,38246,228,3,13844655051170110805,upsert,1789726254.1073442,1789726254.1155288,8192,64
20260726_formal4t4_reuse_intensive_RateFIFO@rho1.2_rep0,0,RateFIFO@rho1.2,RateFIFO,1.2,reuse_intensive,dispatcher_arrival,38246,233,0,8870018519622387243,upsert,1789726263.2021391,1789726263.2104197,8192,64
20260726_formal4t4_reuse_intensive_RateFIFO@rho1.2_rep0,0,RateFIFO@rho1.2,RateFIFO,1.2,reuse_intensive,dispatcher_arrival,38246,239,2,3610348553927340733,upsert,1789726272.9682002,1789726272.9715538,8192,64
20260726_formal4t4_reuse_intensive_Ideal_rep1,1,Ideal,Ideal,,reuse_intensive,dispatcher_arrival,38246,0,0,15769623694692820738,upsert,1789725819.8835628,1789725838.6947389,8192,64
20260726_formal4t4_reuse_intensive_Ideal_rep1,1,Ideal,Ideal,,reuse_intensive,dispatcher_arrival,38246,4,0,12613465747135452669,upsert,1789725828.9776375,1789725853.287342,8192,64
20260726_formal4t4_reuse_intensive_Ideal_rep1,1,Ideal,Ideal,,reuse_intensive,dispatcher_arrival,38246,8,0,12523743054995375112,upsert,1789725837.9249344,1789725853.2874494,8192,64
20260726_formal4t4_reuse_intensive_Ideal_rep1,1,Ideal,Ideal,,reuse_intensive,dispatcher_arrival,38246,12,0,9971321710674973507,upsert,1789725847.072442,1789725862.9170036,8192,64
20260726_formal4t4_reuse_intensive_Ideal_rep1,1,Ideal,Ideal,,reuse_intensive,dispatcher_arrival,38246,16,0,4650049274038987083,upsert,1789725856.4063973,1789725872.6206942,8192,64
20260726_formal4t4_reuse_intensive_Ideal_rep1,1,Ideal,Ideal,,reuse_intensive,dispatcher_arrival,38246,20,0,3163096543987652428,upsert,1789725865.786638,1789725879.8799486,8192,64
20260726_formal4t4_reuse_intensive_Ideal_rep1,1,Ideal,Ideal,,reuse_intensive,dispatcher_arrival,38246,24,0,10402019323283478844,upsert,1789725875.724923,1789725887.1391547,8192,64
20260726_formal4t4_reuse_intensive_Ideal_rep1,1,Ideal,Ideal,,reuse_intensive,dispatcher_arrival,38246,28,0,14064140743279553366,upsert,1789725884.768717,1789725894.3984282,8192,64
20260726_formal4t4_reuse_intensive_Ideal_rep1,1,Ideal,Ideal,,reuse_intensive,dispatcher_arrival,38246,32,0,12376960631178457983,upsert,1789725893.8155863,1789725901.657685,8192,64
20260726_formal4t4_reuse_intensive_Ideal_rep1,1,Ideal,Ideal,,reuse_intensive,dispatcher_arrival,38246,36,0,947483498426156190,upsert,1789725903.4183536,1789725911.3614457,8192,64
20260726_formal4t4_reuse_intensive_Ideal_rep1,1,Ideal,Ideal,,reuse_intensive,dispatcher_arrival,38246,40,0,3073007241776570211,upsert,1789725912.3371134,1789725918.6207175,8192,64
20260726_formal4t4_reuse_intensive_Ideal_rep1,1,Ideal,Ideal,,reuse_intensive,dispatcher_arrival,38246,48,0,14774026810505956694,upsert,1789725922.40199,1789725925.8799708,8192,64
20260726_formal4t4_reuse_intensive_Ideal_rep1,1,Ideal,Ideal,,reuse_intensive,dispatcher_arrival,38246,52,0,5281956220402968541,upsert,1789725931.1599987,1789725933.1392455,8192,64
20260726_formal4t4_reuse_intensive_Ideal_rep1,1,Ideal,Ideal,,reuse_intensive,dispatcher_arrival,38246,60,0,1785562587857272681,upsert,1789725939.941696,1789725940.3984644,8192,64
20260726_formal4t4_reuse_intensive_Ideal_rep1,1,Ideal,Ideal,,reuse_intensive,dispatcher_arrival,38246,72,0,12523743054995375112,upsert,1789725961.147582,1789725961.1534333,8192,64
20260726_formal4t4_reuse_intensive_Ideal_rep1,1,Ideal,Ideal,,reuse_intensive,dispatcher_arrival,38246,77,0,14361523986587977395,upsert,1789725989.5414944,1789725989.5472527,8192,64
20260726_formal4t4_reuse_intensive_Ideal_rep1,1,Ideal,Ideal,,reuse_intensive,dispatcher_arrival,38246,84,0,947483498426156190,upsert,1789726008.826178,1789726008.8318648,8192,64
20260726_formal4t4_reuse_intensive_Ideal_rep1,1,Ideal,Ideal,,reuse_intensive,dispatcher_arrival,38246,89,0,3163096543987652428,upsert,1789726018.7684894,1789726018.77425,8192,64
20260726_formal4t4_reuse_intensive_Ideal_rep1,1,Ideal,Ideal,,reuse_intensive,dispatcher_arrival,38246,95,0,12523743054995375112,upsert,1789726037.7205365,1789726037.726181,8192,64
20260726_formal4t4_reuse_intensive_Ideal_rep1,1,Ideal,Ideal,,reuse_intensive,dispatcher_arrival,38246,104,0,15769623694692820738,upsert,1789726059.113214,1789726059.1213403,8192,64
20260726_formal4t4_reuse_intensive_Ideal_rep1,1,Ideal,Ideal,,reuse_intensive,dispatcher_arrival,38246,110,0,12613465747135452669,upsert,1789726067.5982673,1789726067.6063042,8192,64
20260726_formal4t4_reuse_intensive_Ideal_rep1,1,Ideal,Ideal,,reuse_intensive,dispatcher_arrival,38246,115,0,11074190661555870271,upsert,1789726079.4937837,1789726079.501695,8192,64
20260726_formal4t4_reuse_intensive_Ideal_rep1,1,Ideal,Ideal,,reuse_intensive,dispatcher_arrival,38246,121,0,12613465747135452669,upsert,1789726113.208733,1789726113.2167072,8192,64
20260726_formal4t4_reuse_intensive_Ideal_rep1,1,Ideal,Ideal,,reuse_intensive,dispatcher_arrival,38246,131,0,15769623694692820738,upsert,1789726115.918679,1789726115.9264345,8192,64
20260726_formal4t4_reuse_intensive_Ideal_rep1,1,Ideal,Ideal,,reuse_intensive,dispatcher_arrival,38246,135,0,3073007241776570211,upsert,1789726127.0129814,1789726127.0209947,8192,64
20260726_formal4t4_reuse_intensive_Ideal_rep1,1,Ideal,Ideal,,reuse_intensive,dispatcher_arrival,38246,140,3,13982934541694442251,upsert,1789726135.6711185,1789726135.6791797,8192,64
20260726_formal4t4_reuse_intensive_Ideal_rep1,1,Ideal,Ideal,,reuse_intensive,dispatcher_arrival,38246,149,2,17846715708891391149,upsert,1789726146.4523902,1789726146.4603376,8192,64
20260726_formal4t4_reuse_intensive_Ideal_rep1,1,Ideal,Ideal,,reuse_intensive,dispatcher_arrival,38246,157,2,14333057367934485678,upsert,1789726155.3659828,1789726155.3739014,8192,64
20260726_formal4t4_reuse_intensive_Ideal_rep1,1,Ideal,Ideal,,reuse_intensive,dispatcher_arrival,38246,165,2,17846715708891391149,upsert,1789726163.931288,1789726163.9394066,8192,64
20260726_formal4t4_reuse_intensive_Ideal_rep1,1,Ideal,Ideal,,reuse_intensive,dispatcher_arrival,38246,172,3,13844655051170110805,upsert,1789726173.0109167,1789726173.019048,8192,64
20260726_formal4t4_reuse_intensive_Ideal_rep1,1,Ideal,Ideal,,reuse_intensive,dispatcher_arrival,38246,179,2,17846715708891391149,upsert,1789726181.222793,1789726181.2308192,8192,64
20260726_formal4t4_reuse_intensive_Ideal_rep1,1,Ideal,Ideal,,reuse_intensive,dispatcher_arrival,38246,185,1,3653934292717507175,upsert,1789726190.359533,1789726190.3678155,8192,64
20260726_formal4t4_reuse_intensive_Ideal_rep1,1,Ideal,Ideal,,reuse_intensive,dispatcher_arrival,38246,191,2,11821849661176330329,upsert,1789726199.5070703,1789726199.5152812,8192,64
20260726_formal4t4_reuse_intensive_Ideal_rep1,1,Ideal,Ideal,,reuse_intensive,dispatcher_arrival,38246,198,2,17846715708891391149,upsert,1789726209.588777,1789726209.6764753,8192,64
20260726_formal4t4_reuse_intensive_Ideal_rep1,1,Ideal,Ideal,,reuse_intensive,dispatcher_arrival,38246,203,2,11821849661176330329,upsert,1789726218.8813674,1789726218.889694,8192,64
20260726_formal4t4_reuse_intensive_Ideal_rep1,1,Ideal,Ideal,,reuse_intensive,dispatcher_arrival,38246,210,2,17846715708891391149,upsert,1789726227.6048923,1789726227.6131806,8192,64
20260726_formal4t4_reuse_intensive_Ideal_rep1,1,Ideal,Ideal,,reuse_intensive,dispatcher_arrival,38246,215,2,13764273285245102789,upsert,1789726236.8656626,1789726236.8739867,8192,64
20260726_formal4t4_reuse_intensive_Ideal_rep1,1,Ideal,Ideal,,reuse_intensive,dispatcher_arrival,38246,221,0,11592361518825428217,upsert,1789726245.6614459,1789726245.66971,8192,64
20260726_formal4t4_reuse_intensive_Ideal_rep1,1,Ideal,Ideal,,reuse_intensive,dispatcher_arrival,38246,228,3,13844655051170110805,upsert,1789726254.1073442,1789726254.1155288,8192,64
20260726_formal4t4_reuse_intensive_Ideal_rep1,1,Ideal,Ideal,,reuse_intensive,dispatcher_arrival,38246,233,0,8870018519622387243,upsert,1789726263.2021391,1789726263.2104197,8192,64
20260726_formal4t4_reuse_intensive_Ideal_rep1,1,Ideal,Ideal,,reuse_intensive,dispatcher_arrival,38246,239,2,3610348553927340733,upsert,1789726272.9682002,1789726272.9715538,8192,64
20260726_formal4t4_reuse_intensive_Adaptive@rho1.2_c01024_theta30_rep1,1,Adaptive@rho1.2_c01024_theta30,Adaptive,1.2,reuse_intensive,dispatcher_arrival,38248,0,0,15769623694692820738,upsert,1789726626.196898,1789726626.2023168,8192,64
20260726_formal4t4_reuse_intensive_Adaptive@rho1.2_c01024_theta30_rep1,1,Adaptive@rho1.2_c01024_theta30,Adaptive,1.2,reuse_intensive,dispatcher_arrival,38248,2,2,15769623694692820738,upsert,1789726626.1970334,1789726626.2024095,8192,64
20260726_formal4t4_reuse_intensive_Adaptive@rho1.2_c01024_theta30_rep1,1,Adaptive@rho1.2_c01024_theta30,Adaptive,1.2,reuse_intensive,dispatcher_arrival,38248,4,0,12613465747135452669,upsert,1789726635.512014,1789726635.5174375,8192,64
20260726_formal4t4_reuse_intensive_Adaptive@rho1.2_c01024_theta30_rep1,1,Adaptive@rho1.2_c01024_theta30,Adaptive,1.2,reuse_intensive,dispatcher_arrival,38248,6,2,12613465747135452669,upsert,1789726635.5121868,1789726635.5175295,8192,64
20260726_formal4t4_reuse_intensive_Adaptive@rho1.2_c01024_theta30_rep1,1,Adaptive@rho1.2_c01024_theta30,Adaptive,1.2,reuse_intensive,dispatcher_arrival,38248,8,0,12523743054995375112,upsert,1789726644.6583216,1789726644.6637537,8192,64
20260726_formal4t4_reuse_intensive_Adaptive@rho1.2_c01024_theta30_rep1,1,Adaptive@rho1.2_c01024_theta30,Adaptive,1.2,reuse_intensive,dispatcher_arrival,38248,11,3,12523743054995375112,upsert,1789726644.6585107,1789726644.6638346,8192,64
20260726_formal4t4_reuse_intensive_Adaptive@rho1.2_c01024_theta30_rep1,1,Adaptive@rho1.2_c01024_theta30,Adaptive,1.2,reuse_intensive,dispatcher_arrival,38248,12,0,9971321710674973507,upsert,1789726654.253635,1789726654.2590551,8192,64
20260726_formal4t4_reuse_intensive_Adaptive@rho1.2_c01024_theta30_rep1,1,Adaptive@rho1.2_c01024_theta30,Adaptive,1.2,reuse_intensive,dispatcher_arrival,38248,15,3,9971321710674973507,upsert,1789726654.2538204,1789726654.2591355,8192,64
20260726_formal4t4_reuse_intensive_Adaptive@rho1.2_c01024_theta30_rep1,1,Adaptive@rho1.2_c01024_theta30,Adaptive,1.2,reuse_intensive,dispatcher_arrival,38248,16,0,4650049274038987083,upsert,1789726663.3419385,1789726663.347684,8192,64
20260726_formal4t4_reuse_intensive_Adaptive@rho1.2_c01024_theta30_rep1,1,Adaptive@rho1.2_c01024_theta30,Adaptive,1.2,reuse_intensive,dispatcher_arrival,38248,19,3,4650049274038987083,upsert,1789726663.342119,1789726663.3477736,8192,64
20260726_formal4t4_reuse_intensive_Adaptive@rho1.2_c01024_theta30_rep1,1,Adaptive@rho1.2_c01024_theta30,Adaptive,1.2,reuse_intensive,dispatcher_arrival,38248,20,0,3163096543987652428,upsert,1789726673.0149305,1789726673.0204105,8192,64
20260726_formal4t4_reuse_intensive_Adaptive@rho1.2_c01024_theta30_rep1,1,Adaptive@rho1.2_c01024_theta30,Adaptive,1.2,reuse_intensive,dispatcher_arrival,38248,22,2,3163096543987652428,upsert,1789726673.0150716,1789726673.0204933,8192,64
20260726_formal4t4_reuse_intensive_Adaptive@rho1.2_c01024_theta30_rep1,1,Adaptive@rho1.2_c01024_theta30,Adaptive,1.2,reuse_intensive,dispatcher_arrival,38248,24,0,10402019323283478844,upsert,1789726682.555643,1789726682.5589304,8192,64
20260726_formal4t4_reuse_intensive_Adaptive@rho1.2_c01024_theta30_rep1,1,Adaptive@rho1.2_c01024_theta30,Adaptive,1.2,reuse_intensive,dispatcher_arrival,38248,26,2,10402019323283478844,upsert,1789726682.5558066,1789726682.559011,8192,64
20260726_formal4t4_reuse_intensive_Adaptive@rho1.2_c01024_theta30_rep1,1,Adaptive@rho1.2_c01024_theta30,Adaptive,1.2,reuse_intensive,dispatcher_arrival,38248,28,0,14064140743279553366,upsert,1789726683.698332,1789726683.85912,2048,64
20260726_formal4t4_reuse_intensive_Adaptive@rho1.2_c01024_theta30_rep1,1,Adaptive@rho1.2_c01024_theta30,Adaptive,1.2,reuse_intensive,dispatcher_arrival,38248,30,2,14064140743279553366,upsert,1789726683.698482,1789726689.5113144,2048,64
20260726_formal4t4_reuse_intensive_Adaptive@rho1.2_c01024_theta30_rep1,1,Adaptive@rho1.2_c01024_theta30,Adaptive,1.2,reuse_intensive,dispatcher_arrival,38248,32,0,12376960631178457983,upsert,1789726694.2420576,1789726724.0329924,8192,64
20260726_formal4t4_reuse_intensive_Adaptive@rho1.2_c01024_theta30_rep1,1,Adaptive@rho1.2_c01024_theta30,Adaptive,1.2,reuse_intensive,dispatcher_arrival,38248,35,3,12376960631178457983,upsert,1789726694.2422569,1789726732.5547502,8192,64
20260726_formal4t4_reuse_intensive_Adaptive@rho1.2_c01024_theta30_rep1,1,Adaptive@rho1.2_c01024_theta30,Adaptive,1.2,reuse_intensive,dispatcher_arrival,38248,36,0,947483498426156190,upsert,1789726704.2549922,1789726744.9895666,8192,64
20260726_formal4t4_reuse_intensive_Adaptive@rho1.2_c01024_theta30_rep1,1,Adaptive@rho1.2_c01024_theta30,Adaptive,1.2,reuse_intensive,dispatcher_arrival,38248,38,2,947483498426156190,upsert,1789726704.2551403,1789726744.989659,8192,64
20260726_formal4t4_reuse_intensive_Adaptive@rho1.2_c01024_theta30_rep1,1,Adaptive@rho1.2_c01024_theta30,Adaptive,1.2,reuse_intensive,dispatcher_arrival,38248,40,0,3073007241776570211,upsert,1789726714.6753912,1789726756.293888,8192,64
20260726_formal4t4_reuse_intensive_Adaptive@rho1.2_c01024_theta30_rep1,1,Adaptive@rho1.2_c01024_theta30,Adaptive,1.2,reuse_intensive,dispatcher_arrival,38248,42,2,3073007241776570211,upsert,1789726714.6755548,1789726768.206932,8192,64
20260726_formal4t4_reuse_intensive_Adaptive@rho1.2_c01024_theta30_rep1,1,Adaptive@rho1.2_c01024_theta30,Adaptive,1.2,reuse_intensive,dispatcher_arrival,38248,44,0,14108233664250482536,upsert,1789726724.505137,1789726779.5981834,8192,64
20260726_formal4t4_reuse_intensive_Adaptive@rho1.2_c01024_theta30_rep1,1,Adaptive@rho1.2_c01024_theta30,Adaptive,1.2,reuse_intensive,dispatcher_arrival,38248,46,2,14108233664250482536,upsert,1789726724.5053031,1789726779.5982413,8192,64
20260726_formal4t4_reuse_intensive_Adaptive@rho1.2_c01024_theta30_rep1,1,Adaptive@rho1.2_c01024_theta30,Adaptive,1.2,reuse_intensive,dispatcher_arrival,38248,65,0,15769623694692820738,tombstone,1789726751.6910305,1789726790.9025872,0,64
20260726_formal4t4_reuse_intensive_Adaptive@rho1.2_c01024_theta30_rep1,1,Adaptive@rho1.2_c01024_theta30,Adaptive,1.2,reuse_intensive,dispatcher_arrival,38248,69,0,12613465747135452669,tombstone,1789726751.6912305,1789726799.424285,0,64
20260726_formal4t4_reuse_intensive_Adaptive@rho1.2_c01024_theta30_rep1,1,Adaptive@rho1.2_c01024_theta30,Adaptive,1.2,reuse_intensive,dispatcher_arrival,38248,72,3,15769623694692820738,tombstone,1789726761.3616369,1789726810.8156881,0,64
20260726_formal4t4_reuse_intensive_Adaptive@rho1.2_c01024_theta30_rep1,1,Adaptive@rho1.2_c01024_theta30,Adaptive,1.2,reuse_intensive,dispatcher_arrival,38248,76,1,15769623694692820738,tombstone,1789726770.4621987,1789726810.8157754,0,64
20260726_formal4t4_reuse_intensive_Adaptive@rho1.2_c01024_theta30_rep1,1,Adaptive@rho1.2_c01024_theta30,Adaptive,1.2,reuse_intensive,dispatcher_arrival,38248,81,0,12523743054995375112,tombstone,1789726780.4908035,1789726822.1199732,0,64
20260726_formal4t4_reuse_intensive_Adaptive@rho1.2_c01024_theta30_rep1,1,Adaptive@rho1.2_c01024_theta30,Adaptive,1.2,reuse_intensive,dispatcher_arrival,38248,84,1,12613465747135452669,tombstone,1789726780.4909675,1789726830.6417155,0,64
20260726_formal4t4_reuse_intensive_Adaptive@rho1.2_c01024_theta30_rep1,1,Adaptive@rho1.2_c01024_theta30,Adaptive,1.2,reuse_intensive,dispatcher_arrival,38248,86,3,12613465747135452669,tombstone,1789726780.4910526,1789726842.03302,0,64
20260726_formal4t4_reuse_intensive_Adaptive@rho1.2_c01024_theta30_rep1,1,Adaptive@rho1.2_c01024_theta30,Adaptive,1.2,reuse_intensive,dispatcher_arrival,38248,89,1,12523743054995375112,tombstone,1789726789.2471452,1789726842.0331,0,64
20260726_formal4t4_reuse_intensive_Adaptive@rho1.2_c01024_theta30_rep1,1,Adaptive@rho1.2_c01024_theta30,Adaptive,1.2,reuse_intensive,dispatcher_arrival,38248,93,0,4650049274038987083,tombstone,1789726798.4968407,1789726853.3373797,0,64
20260726_formal4t4_reuse_intensive_Adaptive@rho1.2_c01024_theta30_rep1,1,Adaptive@rho1.2_c01024_theta30,Adaptive,1.2,reuse_intensive,dispatcher_arrival,38248,95,3,12523743054995375112,tombstone,1789726798.4969516,1789726861.8591003,0,64
20260726_formal4t4_reuse_intensive_Adaptive@rho1.2_c01024_theta30_rep1,1,Adaptive@rho1.2_c01024_theta30,Adaptive,1.2,reuse_intensive,dispatcher_arrival,38248,99,0,10402019323283478844,tombstone,1789726806.267618,1789726873.2504134,0,64
20260726_formal4t4_reuse_intensive_Adaptive@rho1.2_c01024_theta30_rep1,1,Adaptive@rho1.2_c01024_theta30,Adaptive,1.2,reuse_intensive,dispatcher_arrival,38248,102,3,3163096543987652428,tombstone,1789726806.2690966,1789726873.2504892,0,64
20260726_formal4t4_reuse_intensive_Adaptive@rho1.2_c01024_theta30_rep1,1,Adaptive@rho1.2_c01024_theta30,Adaptive,1.2,reuse_intensive,dispatcher_arrival,38248,105,0,14064140743279553366,tombstone,1789726815.9777746,1789726884.5547948,0,64
20260726_formal4t4_reuse_intensive_Adaptive@rho1.2_c01024_theta30_rep1,1,Adaptive@rho1.2_c01024_theta30,Adaptive,1.2,reuse_intensive,dispatcher_arrival,38248,106,0,12376960631178457983,tombstone,1789726815.9778154,1789726893.0764844,0,64
20260726_formal4t4_reuse_intensive_Adaptive@rho1.2_c01024_theta30_rep1,1,Adaptive@rho1.2_c01024_theta30,Adaptive,1.2,reuse_intensive,dispatcher_arrival,38248,109,2,12523743054995375112,tombstone,1789726815.9792073,1789726901.5983102,0,64
20260726_formal4t4_reuse_intensive_Adaptive@rho1.2_c01024_theta30_rep1,1,Adaptive@rho1.2_c01024_theta30,Adaptive,1.2,reuse_intensive,dispatcher_arrival,38248,113,3,10402019323283478844,tombstone,1789726825.5522544,1789726901.5983899,0,64
20260726_formal4t4_reuse_intensive_Adaptive@rho1.2_c01024_theta30_rep1,1,Adaptive@rho1.2_c01024_theta30,Adaptive,1.2,reuse_intensive,dispatcher_arrival,38248,115,1,9971321710674973507,tombstone,1789726825.5529096,1789726912.9025793,0,64
20260726_formal4t4_reuse_intensive_Adaptive@rho1.2_c01024_theta30_rep1,1,Adaptive@rho1.2_c01024_theta30,Adaptive,1.2,reuse_intensive,dispatcher_arrival,38248,121,0,947483498426156190,tombstone,1789726835.231149,1789726921.4243581,0,64
20260726_formal4t4_reuse_intensive_Adaptive@rho1.2_c01024_theta30_rep1,1,Adaptive@rho1.2_c01024_theta30,Adaptive,1.2,reuse_intensive,dispatcher_arrival,38248,130,1,4650049274038987083,tombstone,1789726845.4504533,1789726929.9461315,0,64
20260726_formal4t4_reuse_intensive_Adaptive@rho1.2_c01024_theta30_rep1,1,Adaptive@rho1.2_c01024_theta30,Adaptive,1.2,reuse_intensive,dispatcher_arrival,38248,134,0,3073007241776570211,tombstone,1789726855.3065488,1789726929.9462378,0,64
20260726_formal4t4_reuse_intensive_Adaptive@rho1.2_c01024_theta30_rep1,1,Adaptive@rho1.2_c01024_theta30,Adaptive,1.2,reuse_intensive,dispatcher_arrival,38248,136,1,3163096543987652428,tombstone,1789726855.3072073,1789726941.2504487,0,64
20260726_formal4t4_reuse_intensive_Adaptive@rho1.2_c01024_theta30_rep1,1,Adaptive@rho1.2_c01024_theta30,Adaptive,1.2,reuse_intensive,dispatcher_arrival,38248,139,0,14774026810505956694,tombstone,1789726864.4117513,1789726949.7721999,0,64
20260726_formal4t4_reuse_intensive_Adaptive@rho1.2_c01024_theta30_rep1,1,Adaptive@rho1.2_c01024_theta30,Adaptive,1.2,reuse_intensive,dispatcher_arrival,38248,142,3,14064140743279553366,tombstone,1789726864.4130182,1789726958.2939131,0,64
20260726_formal4t4_reuse_intensive_Adaptive@rho1.2_c01024_theta30_rep1,1,Adaptive@rho1.2_c01024_theta30,Adaptive,1.2,reuse_intensive,dispatcher_arrival,38248,143,3,947483498426156190,tombstone,1789726864.4130485,1789726958.294008,0,64
20260726_formal4t4_reuse_intensive_Adaptive@rho1.2_c01024_theta30_rep1,1,Adaptive@rho1.2_c01024_theta30,Adaptive,1.2,reuse_intensive,dispatcher_arrival,38248,145,0,5281956220402968541,tombstone,1789726873.8197088,1789726969.5982294,0,64
20260726_formal4t4_reuse_intensive_Adaptive@rho1.2_c01024_theta30_rep1,1,Adaptive@rho1.2_c01024_theta30,Adaptive,1.2,reuse_intensive,dispatcher_arrival,38248,146,0,1785562587857272681,tombstone,1789726873.8197467,1789726978.1199908,0,64
20260726_formal4t4_reuse_intensive_Adaptive@rho1.2_c01024_theta30_rep1,1,Adaptive@rho1.2_c01024_theta30,Adaptive,1.2,reuse_intensive,dispatcher_arrival,38248,147,0,1610475058989402671,tombstone,1789726873.819777,1789726986.6417418,0,64
20260726_formal4t4_reuse_intensive_Adaptive@rho1.2_c01024_theta30_rep1,1,Adaptive@rho1.2_c01024_theta30,Adaptive,1.2,reuse_intensive,dispatcher_arrival,38248,148,0,7638769856617818995,tombstone,1789726873.8198042,1789726986.6418383,0,64
20260726_formal4t4_reuse_intensive_Adaptive@rho1.2_c01024_theta30_rep1,1,Adaptive@rho1.2_c01024_theta30,Adaptive,1.2,reuse_intensive,dispatcher_arrival,38248,151,3,3073007241776570211,tombstone,1789726873.821183,1789726997.9460285,0,64
20260726_formal4t4_reuse_intensive_Adaptive@rho1.2_c01024_theta30_rep1,1,Adaptive@rho1.2_c01024_theta30,Adaptive,1.2,reuse_intensive,dispatcher_arrival,38248,154,2,9971321710674973507,tombstone,1789726883.606192,1789727006.4678123,0,64
20260726_formal4t4_reuse_intensive_Adaptive@rho1.2_c01024_theta30_rep1,1,Adaptive@rho1.2_c01024_theta30,Adaptive,1.2,reuse_intensive,dispatcher_arrival,38248,156,1,10402019323283478844,tombstone,1789726883.6069415,1789727014.9895403,0,64
20260726_formal4t4_reuse_intensive_Adaptive@rho1.2_c01024_theta30_rep1,1,Adaptive@rho1.2_c01024_theta30,Adaptive,1.2,reuse_intensive,dispatcher_arrival,38248,158,0,3163096543987652428,tombstone,1789726883.607598,1789727014.9896328,0,64
20260726_formal4t4_reuse_intensive_RateFIFO@rho1.2_rep1,1,RateFIFO@rho1.2,RateFIFO,1.2,reuse_intensive,dispatcher_arrival,38249,0,0,15769623694692820738,upsert,1789727037.0469303,1789727066.3807962,8192,64
20260726_formal4t4_reuse_intensive_RateFIFO@rho1.2_rep1,1,RateFIFO@rho1.2,RateFIFO,1.2,reuse_intensive,dispatcher_arrival,38249,4,0,12613465747135452669,upsert,1789727047.05977,1789727074.9025807,8192,64
20260726_formal4t4_reuse_intensive_RateFIFO@rho1.2_rep1,1,RateFIFO@rho1.2,RateFIFO,1.2,reuse_intensive,dispatcher_arrival,38249,8,0,12523743054995375112,upsert,1789727056.4900649,1789727074.902687,8192,64
20260726_formal4t4_reuse_intensive_RateFIFO@rho1.2_rep1,1,RateFIFO@rho1.2,RateFIFO,1.2,reuse_intensive,dispatcher_arrival,38249,12,0,9971321710674973507,upsert,1789727066.5196028,1789727094.8156462,8192,64
20260726_formal4t4_reuse_intensive_RateFIFO@rho1.2_rep1,1,RateFIFO@rho1.2,RateFIFO,1.2,reuse_intensive,dispatcher_arrival,38249,16,0,4650049274038987083,upsert,1789727076.6078532,1789727106.2069042,8192,64
20260726_formal4t4_reuse_intensive_RateFIFO@rho1.2_rep1,1,RateFIFO@rho1.2,RateFIFO,1.2,reuse_intensive,dispatcher_arrival,38249,20,0,3163096543987652428,upsert,1789727086.2830255,1789727106.2070084,8192,64
20260726_formal4t4_reuse_intensive_RateFIFO@rho1.2_rep1,1,RateFIFO@rho1.2,RateFIFO,1.2,reuse_intensive,dispatcher_arrival,38249,24,0,10402019323283478844,upsert,1789727096.3106048,1789727117.5112417,8192,64
20260726_formal4t4_reuse_intensive_RateFIFO@rho1.2_rep1,1,RateFIFO@rho1.2,RateFIFO,1.2,reuse_intensive,dispatcher_arrival,38249,32,0,12376960631178457983,upsert,1789727107.6589704,1789727128.902597,8192,64
20260726_formal4t4_reuse_intensive_RateFIFO@rho1.2_rep1,1,RateFIFO@rho1.2,RateFIFO,1.2,reuse_intensive,dispatcher_arrival,38249,36,0,947483498426156190,upsert,1789727118.4164898,1789727137.424313,8192,64
20260726_formal4t4_reuse_intensive_RateFIFO@rho1.2_rep1,1,RateFIFO@rho1.2,RateFIFO,1.2,reuse_intensive,dispatcher_arrival,38249,40,0,3073007241776570211,upsert,1789727128.3863792,1789727137.424421,8192,64
20260726_formal4t4_reuse_intensive_RateFIFO@rho1.2_rep1,1,RateFIFO@rho1.2,RateFIFO,1.2,reuse_intensive,dispatcher_arrival,38249,44,0,14108233664250482536,upsert,1789727138.7698672,1789727154.4678113,8192,64
20260726_formal4t4_reuse_intensive_RateFIFO@rho1.2_rep1,1,RateFIFO@rho1.2,RateFIFO,1.2,reuse_intensive,dispatcher_arrival,38249,52,0,5281956220402968541,upsert,1789727141.0756936,1789727160.1199894,2048,64
20260726_formal4t4_reuse_intensive_RateFIFO@rho1.2_rep1,1,RateFIFO@rho1.2,RateFIFO,1.2,reuse_intensive,dispatcher_arrival,38249,60,0,1610475058989402671,upsert,1789727143.3074489,1789727160.120097,2048,64
20260726_formal4t4_reuse_intensive_RateFIFO@rho1.2_rep1,1,RateFIFO@rho1.2,RateFIFO,1.2,reuse_intensive,dispatcher_arrival,38249,64,0,7638769856617818995,upsert,1789727166.69774,1789727177.1634307,8192,64
20260726_formal4t4_reuse_intensive_RateFIFO@rho1.2_rep1,1,RateFIFO@rho1.2,RateFIFO,1.2,reuse_intensive,dispatcher_arrival,38249,70,0,15769623694692820738,upsert,1789727175.5426974,1789727182.8156064,8192,64
20260726_formal4t4_reuse_intensive_RateFIFO@rho1.2_rep1,1,RateFIFO@rho1.2,RateFIFO,1.2,reuse_intensive,dispatcher_arrival,38249,75,1,17622982719236225751,upsert,1789727184.4076238,1789727194.2069147,8192,64
20260726_formal4t4_reuse_intensive_RateFIFO@rho1.2_rep1,1,RateFIFO@rho1.2,RateFIFO,1.2,reuse_intensive,dispatcher_arrival,38249,80,0,12613465747135452669,upsert,1789727193.7968018,1789727199.859098,8192,64
20260726_formal4t4_reuse_intensive_RateFIFO@rho1.2_rep1,1,RateFIFO@rho1.2,RateFIFO,1.2,reuse_intensive,dispatcher_arrival,38249,87,0,12613465747135452669,upsert,1789727202.1144547,1789727211.2504134,8192,64
20260726_formal4t4_reuse_intensive_RateFIFO@rho1.2_rep1,1,RateFIFO@rho1.2,RateFIFO,1.2,reuse_intensive,dispatcher_arrival,38249,92,0,12523743054995375112,upsert,1789727213.6253235,1789727219.7721822,8192,64
20260726_formal4t4_reuse_intensive_RateFIFO@rho1.2_rep1,1,RateFIFO@rho1.2,RateFIFO,1.2,reuse_intensive,dispatcher_arrival,38249,98,0,4650049274038987083,upsert,1789727215.9889927,1789727225.4243019,8192,64
20260726_formal4t4_reuse_intensive_RateFIFO@rho1.2_rep1,1,RateFIFO@rho1.2,RateFIFO,1.2,reuse_intensive,dispatcher_arrival,38249,102,0,155989354309277790,upsert,1789727226.8441207,1789727236.8156083,8192,64
20260726_formal4t4_reuse_intensive_RateFIFO@rho1.2_rep1,1,RateFIFO@rho1.2,RateFIFO,1.2,reuse_intensive,dispatcher_arrival,38249,109,0,15769623694692820738,upsert,1789727235.9565957,1789727242.4677784,8192,64
20260726_formal4t4_reuse_intensive_RateFIFO@rho1.2_rep1,1,RateFIFO@rho1.2,RateFIFO,1.2,reuse_intensive,dispatcher_arrival,38249,115,0,12613465747135452669,upsert,1789727264.677654,1789727264.6858444,8192,64
20260726_formal4t4_reuse_intensive_RateFIFO@rho1.2_rep1,1,RateFIFO@rho1.2,RateFIFO,1.2,reuse_intensive,dispatcher_arrival,38249,125,0,9971321710674973507,upsert,1789727275.5762334,1789727275.5844126,8192,64
20260726_formal4t4_reuse_intensive_RateFIFO@rho1.2_rep1,1,RateFIFO@rho1.2,RateFIFO,1.2,reuse_intensive,dispatcher_arrival,38249,130,0,9971321710674973507,upsert,1789727284.451107,1789727284.4592996,8192,64
20260726_formal4t4_reuse_intensive_RateFIFO@rho1.2_rep1,1,RateFIFO@rho1.2,RateFIFO,1.2,reuse_intensive,dispatcher_arrival,38249,136,0,15769623694692820738,upsert,1789727299.56503,1789727299.573293,8192,64
20260726_formal4t4_reuse_intensive_RateFIFO@rho1.2_rep1,1,RateFIFO@rho1.2,RateFIFO,1.2,reuse_intensive,dispatcher_arrival,38249,145,0,16048794067380282208,upsert,1789727310.9223864,1789727310.9305973,8192,64
20260726_formal4t4_reuse_intensive_RateFIFO@rho1.2_rep1,1,RateFIFO@rho1.2,RateFIFO,1.2,reuse_intensive,dispatcher_arrival,38249,151,2,3796152564256217897,upsert,1789727321.878068,1789727321.886074,8192,64
20260726_formal4t4_reuse_intensive_RateFIFO@rho1.2_rep1,1,RateFIFO@rho1.2,RateFIFO,1.2,reuse_intensive,dispatcher_arrival,38249,159,2,13844655051170110805,upsert,1789727333.1384308,1789727333.1463556,8192,64
20260726_formal4t4_reuse_intensive_RateFIFO@rho1.2_rep1,1,RateFIFO@rho1.2,RateFIFO,1.2,reuse_intensive,dispatcher_arrival,38249,167,2,5058081196632299908,upsert,1789727343.819247,1789727343.8276849,8192,64
20260726_formal4t4_reuse_intensive_RateFIFO@rho1.2_rep1,1,RateFIFO@rho1.2,RateFIFO,1.2,reuse_intensive,dispatcher_arrival,38249,175,2,8844125626369699122,upsert,1789727354.8648036,1789727354.872799,8192,64
20260726_formal4t4_reuse_intensive_RateFIFO@rho1.2_rep1,1,RateFIFO@rho1.2,RateFIFO,1.2,reuse_intensive,dispatcher_arrival,38249,185,2,18355503180426157514,upsert,1789727365.8415244,1789727365.8495574,8192,64
20260726_formal4t4_reuse_intensive_RateFIFO@rho1.2_rep1,1,RateFIFO@rho1.2,RateFIFO,1.2,reuse_intensive,dispatcher_arrival,38249,192,2,15507369539614680842,upsert,1789727376.5134153,1789727376.5213962,8192,64
20260726_formal4t4_reuse_intensive_RateFIFO@rho1.2_rep1,1,RateFIFO@rho1.2,RateFIFO,1.2,reuse_intensive,dispatcher_arrival,38249,200,2,1138219160345481599,upsert,1789727386.704377,1789727386.712388,8192,64
20260726_formal4t4_reuse_intensive_RateFIFO@rho1.2_rep1,1,RateFIFO@rho1.2,RateFIFO,1.2,reuse_intensive,dispatcher_arrival,38249,208,2,13764273285245102789,upsert,1789727398.460284,1789727398.5597236,8192,64
20260726_formal4t4_reuse_intensive_RateFIFO@rho1.2_rep1,1,RateFIFO@rho1.2,RateFIFO,1.2,reuse_intensive,dispatcher_arrival,38249,222,2,16508625817180621701,upsert,1789727408.7622516,1789727408.770213,8192,64
20260726_formal4t4_reuse_intensive_RateFIFO@rho1.2_rep1,1,RateFIFO@rho1.2,RateFIFO,1.2,reuse_intensive,dispatcher_arrival,38249,229,2,17846715708891391149,upsert,1789727418.1659005,1789727418.1738307,8192,64
20260726_formal4t4_reuse_intensive_RateFIFO@rho1.2_rep1,1,RateFIFO@rho1.2,RateFIFO,1.2,reuse_intensive,dispatcher_arrival,38249,235,3,17846715708891391149,upsert,1789727428.1779008,1789727428.1858575,8192,64
20260726_formal4t4_reuse_intensive_RateFIFO@rho1.2_rep1,1,RateFIFO@rho1.2,RateFIFO,1.2,reuse_intensive,dispatcher_arrival,38249,241,0,6878038652119793510,upsert,1789727438.3608856,1789727438.3689468,8192,64
20260726_formal4t4_reuse_intensive_RateFIFO@rho1.2_rep1,1,RateFIFO@rho1.2,RateFIFO,1.2,reuse_intensive,dispatcher_arrival,38249,247,2,17846715708891391149,upsert,1789727448.161525,1789727448.1699152,8192,64
20260726_formal4t4_reuse_intensive_RateFIFO@rho1.2_rep1,1,RateFIFO@rho1.2,RateFIFO,1.2,reuse_intensive,dispatcher_arrival,38249,253,2,16031388937053417897,upsert,1789727457.565598,1789727457.5738254,8192,64
20260726_formal4t4_reuse_intensive_RateFIFO@rho1.2_rep1,1,RateFIFO@rho1.2,RateFIFO,1.2,reuse_intensive,dispatcher_arrival,38249,258,0,15761329057692999658,upsert,1789727467.577452,1789727467.5810432,8192,64
20260726_formal4t4_reuse_intensive_StaticSemantic@rho1.2_rep1,1,StaticSemantic@rho1.2,StaticSemantic,1.2,reuse_intensive,dispatcher_arrival,38250,0,0,15769623694692820738,upsert,1789727483.8223953,1789727483.8277922,8192,64
20260726_formal4t4_reuse_intensive_StaticSemantic@rho1.2_rep1,1,StaticSemantic@rho1.2,StaticSemantic,1.2,reuse_intensive,dispatcher_arrival,38250,2,2,15769623694692820738,upsert,1789727483.822527,1789727483.8278902,8192,64
20260726_formal4t4_reuse_intensive_StaticSemantic@rho1.2_rep1,1,StaticSemantic@rho1.2,StaticSemantic,1.2,reuse_intensive,dispatcher_arrival,38250,4,0,12613465747135452669,upsert,1789727493.796691,1789727493.8022788,8192,64
20260726_formal4t4_reuse_intensive_StaticSemantic@rho1.2_rep1,1,StaticSemantic@rho1.2,StaticSemantic,1.2,reuse_intensive,dispatcher_arrival,38250,7,3,12613465747135452669,upsert,1789727493.7968793,1789727493.8023603,8192,64
20260726_formal4t4_reuse_intensive_StaticSemantic@rho1.2_rep1,1,StaticSemantic@rho1.2,StaticSemantic,1.2,reuse_intensive,dispatcher_arrival,38250,8,0,12523743054995375112,upsert,1789727505.239544,1789727505.245014,8192,64
20260726_formal4t4_reuse_intensive_StaticSemantic@rho1.2_rep1,1,StaticSemantic@rho1.2,StaticSemantic,1.2,reuse_intensive,dispatcher_arrival,38250,11,3,12523743054995375112,upsert,1789727505.2397213,1789727505.2450938,8192,64
20260726_formal4t4_reuse_intensive_StaticSemantic@rho1.2_rep1,1,StaticSemantic@rho1.2,StaticSemantic,1.2,reuse_intensive,dispatcher_arrival,38250,12,0,9971321710674973507,upsert,1789727515.4209204,1789727515.4263957,8192,64
20260726_formal4t4_reuse_intensive_StaticSemantic@rho1.2_rep1,1,StaticSemantic@rho1.2,StaticSemantic,1.2,reuse_intensive,dispatcher_arrival,38250,15,3,9971321710674973507,upsert,1789727515.4210956,1789727515.4264777,8192,64
20260726_formal4t4_reuse_intensive_StaticSemantic@rho1.2_rep1,1,StaticSemantic@rho1.2,StaticSemantic,1.2,reuse_intensive,dispatcher_arrival,38250,16,0,4650049274038987083,upsert,1789727525.6860702,1789727525.6916356,8192,64
20260726_formal4t4_reuse_intensive_StaticSemantic@rho1.2_rep1,1,StaticSemantic@rho1.2,StaticSemantic,1.2,reuse_intensive,dispatcher_arrival,38250,19,3,4650049274038987083,upsert,1789727525.6862726,1789727525.6917155,8192,64
20260726_formal4t4_reuse_intensive_StaticSemantic@rho1.2_rep1,1,StaticSemantic@rho1.2,StaticSemantic,1.2,reuse_intensive,dispatcher_arrival,38250,20,0,3163096543987652428,upsert,1789727536.2874086,1789727536.2927237,8192,64
20260726_formal4t4_reuse_intensive_StaticSemantic@rho1.2_rep1,1,StaticSemantic@rho1.2,StaticSemantic,1.2,reuse_intensive,dispatcher_arrival,38250,23,3,3163096543987652428,upsert,1789727536.2875872,1789727536.2927988,8192,64
20260726_formal4t4_reuse_intensive_StaticSemantic@rho1.2_rep1,1,StaticSemantic@rho1.2,StaticSemantic,1.2,reuse_intensive,dispatcher_arrival,38250,24,0,10402019323283478844,upsert,1789727546.628582,1789727560.989531,8192,64
20260726_formal4t4_reuse_intensive_StaticSemantic@rho1.2_rep1,1,StaticSemantic@rho1.2,StaticSemantic,1.2,reuse_intensive,dispatcher_arrival,38250,27,3,10402019323283478844,upsert,1789727546.628756,1789727566.6417353,8192,64
20260726_formal4t4_reuse_intensive_StaticSemantic@rho1.2_rep1,1,StaticSemantic@rho1.2,StaticSemantic,1.2,reuse_intensive,dispatcher_arrival,38250,28,0,14064140743279553366,upsert,1789727547.8280232,1789727577.9461157,2048,64
20260726_formal4t4_reuse_intensive_StaticSemantic@rho1.2_rep1,1,StaticSemantic@rho1.2,StaticSemantic,1.2,reuse_intensive,dispatcher_arrival,38250,31,3,14064140743279553366,upsert,1789727547.8282223,1789727577.9461808,2048,64
20260726_formal4t4_reuse_intensive_StaticSemantic@rho1.2_rep1,1,StaticSemantic@rho1.2,StaticSemantic,1.2,reuse_intensive,dispatcher_arrival,38250,32,0,12376960631178457983,upsert,1789727558.6467917,1789727598.2939074,8192,64
20260726_formal4t4_reuse_intensive_StaticSemantic@rho1.2_rep1,1,StaticSemantic@rho1.2,StaticSemantic,1.2,reuse_intensive,dispatcher_arrival,38250,35,3,12376960631178457983,upsert,1789727558.646959,1789727607.3373811,8192,64
20260726_formal4t4_reuse_intensive_StaticSemantic@rho1.2_rep1,1,StaticSemantic@rho1.2,StaticSemantic,1.2,reuse_intensive,dispatcher_arrival,38250,36,0,947483498426156190,upsert,1789727569.5101252,1789727619.25041,8192,64
20260726_formal4t4_reuse_intensive_StaticSemantic@rho1.2_rep1,1,StaticSemantic@rho1.2,StaticSemantic,1.2,reuse_intensive,dispatcher_arrival,38250,39,3,947483498426156190,upsert,1789727569.510319,1789727619.2505171,8192,64
20260726_formal4t4_reuse_intensive_StaticSemantic@rho1.2_rep1,1,StaticSemantic@rho1.2,StaticSemantic,1.2,reuse_intensive,dispatcher_arrival,38250,40,0,3073007241776570211,upsert,1789727580.0506203,1789727630.554723,8192,64
20260726_formal4t4_reuse_intensive_StaticSemantic@rho1.2_rep1,1,StaticSemantic@rho1.2,StaticSemantic,1.2,reuse_intensive,dispatcher_arrival,38250,42,2,3073007241776570211,upsert,1789727580.0507689,1789727642.4678464,8192,64
20260726_formal4t4_reuse_intensive_StaticSemantic@rho1.2_rep1,1,StaticSemantic@rho1.2,StaticSemantic,1.2,reuse_intensive,dispatcher_arrival,38250,44,0,14108233664250482536,upsert,1789727591.1396177,1789727653.8591125,8192,64
20260726_formal4t4_reuse_intensive_StaticSemantic@rho1.2_rep1,1,StaticSemantic@rho1.2,StaticSemantic,1.2,reuse_intensive,dispatcher_arrival,38250,47,3,14108233664250482536,upsert,1789727591.1398041,1789727653.859245,8192,64
20260726_formal4t4_reuse_intensive_StaticSemantic@rho1.2_rep1,1,StaticSemantic@rho1.2,StaticSemantic,1.2,reuse_intensive,dispatcher_arrival,38250,65,0,15769623694692820738,tombstone,1789727619.5724437,1789727665.163487,0,64
20260726_formal4t4_reuse_intensive_StaticSemantic@rho1.2_rep1,1,StaticSemantic@rho1.2,StaticSemantic,1.2,reuse_intensive,dispatcher_arrival,38250,69,0,12613465747135452669,tombstone,1789727619.5726106,1789727673.685209,0,64
20260726_formal4t4_reuse_intensive_StaticSemantic@rho1.2_rep1,1,StaticSemantic@rho1.2,StaticSemantic,1.2,reuse_intensive,dispatcher_arrival,38250,72,3,15769623694692820738,tombstone,1789727629.328356,1789727685.076497,0,64
20260726_formal4t4_reuse_intensive_StaticSemantic@rho1.2_rep1,1,StaticSemantic@rho1.2,StaticSemantic,1.2,reuse_intensive,dispatcher_arrival,38250,76,1,15769623694692820738,tombstone,1789727639.2204974,1789727685.0766048,0,64
20260726_formal4t4_reuse_intensive_StaticSemantic@rho1.2_rep1,1,StaticSemantic@rho1.2,StaticSemantic,1.2,reuse_intensive,dispatcher_arrival,38250,81,0,12523743054995375112,tombstone,1789727648.9496365,1789727696.380846,0,64
20260726_formal4t4_reuse_intensive_StaticSemantic@rho1.2_rep1,1,StaticSemantic@rho1.2,StaticSemantic,1.2,reuse_intensive,dispatcher_arrival,38250,84,1,12613465747135452669,tombstone,1789727648.9497728,1789727704.9025605,0,64
20260726_formal4t4_reuse_intensive_StaticSemantic@rho1.2_rep1,1,StaticSemantic@rho1.2,StaticSemantic,1.2,reuse_intensive,dispatcher_arrival,38250,86,3,12613465747135452669,tombstone,1789727648.94985,1789727716.2938893,0,64
20260726_formal4t4_reuse_intensive_StaticSemantic@rho1.2_rep1,1,StaticSemantic@rho1.2,StaticSemantic,1.2,reuse_intensive,dispatcher_arrival,38250,88,3,12523743054995375112,tombstone,1789727658.2931175,1789727716.293987,0,64
20260726_formal4t4_reuse_intensive_StaticSemantic@rho1.2_rep1,1,StaticSemantic@rho1.2,StaticSemantic,1.2,reuse_intensive,dispatcher_arrival,38250,90,1,12523743054995375112,tombstone,1789727658.293227,1789727727.5982702,0,64
20260726_formal4t4_reuse_intensive_StaticSemantic@rho1.2_rep1,1,StaticSemantic@rho1.2,StaticSemantic,1.2,reuse_intensive,dispatcher_arrival,38250,94,0,4650049274038987083,tombstone,1789727682.881332,1789727736.1199825,0,64
20260726_formal4t4_reuse_intensive_StaticSemantic@rho1.2_rep1,1,StaticSemantic@rho1.2,StaticSemantic,1.2,reuse_intensive,dispatcher_arrival,38250,96,3,9971321710674973507,tombstone,1789727682.8814228,1789727747.5112996,0,64
20260726_formal4t4_reuse_intensive_StaticSemantic@rho1.2_rep1,1,StaticSemantic@rho1.2,StaticSemantic,1.2,reuse_intensive,dispatcher_arrival,38250,99,3,3163096543987652428,tombstone,1789727682.8815417,1789727747.511397,0,64
20260726_formal4t4_reuse_intensive_StaticSemantic@rho1.2_rep1,1,StaticSemantic@rho1.2,StaticSemantic,1.2,reuse_intensive,dispatcher_arrival,38250,101,0,10402019323283478844,tombstone,1789727698.1788445,1789727758.8156414,0,64
20260726_formal4t4_reuse_intensive_StaticSemantic@rho1.2_rep1,1,StaticSemantic@rho1.2,StaticSemantic,1.2,reuse_intensive,dispatcher_arrival,38250,104,3,10402019323283478844,tombstone,1789727698.1802554,1789727767.3373826,0,64
20260726_formal4t4_reuse_intensive_StaticSemantic@rho1.2_rep1,1,StaticSemantic@rho1.2,StaticSemantic,1.2,reuse_intensive,dispatcher_arrival,38250,107,0,14064140743279553366,tombstone,1789727707.9640508,1789727775.8591201,0,64
20260726_formal4t4_reuse_intensive_StaticSemantic@rho1.2_rep1,1,StaticSemantic@rho1.2,StaticSemantic,1.2,reuse_intensive,dispatcher_arrival,38250,108,0,12376960631178457983,tombstone,1789727707.9640887,1789727775.85924,0,64
20260726_formal4t4_reuse_intensive_StaticSemantic@rho1.2_rep1,1,StaticSemantic@rho1.2,StaticSemantic,1.2,reuse_intensive,dispatcher_arrival,38250,111,2,12613465747135452669,tombstone,1789727707.9654741,1789727787.1634533,0,64
20260726_formal4t4_reuse_intensive_StaticSemantic@rho1.2_rep1,1,StaticSemantic@rho1.2,StaticSemantic,1.2,reuse_intensive,dispatcher_arrival,38250,115,3,14064140743279553366,tombstone,1789727718.2255387,1789727795.6851785,0,64
20260726_formal4t4_reuse_intensive_StaticSemantic@rho1.2_rep1,1,StaticSemantic@rho1.2,StaticSemantic,1.2,reuse_intensive,dispatcher_arrival,38250,116,3,12376960631178457983,tombstone,1789727718.225572,1789727804.2069266,0,64
20260726_formal4t4_reuse_intensive_StaticSemantic@rho1.2_rep1,1,StaticSemantic@rho1.2,StaticSemantic,1.2,reuse_intensive,dispatcher_arrival,38250,118,1,9971321710674973507,tombstone,1789727718.226233,1789727804.2070186,0,64
20260726_formal4t4_reuse_intensive_StaticSemantic@rho1.2_rep1,1,StaticSemantic@rho1.2,StaticSemantic,1.2,reuse_intensive,dispatcher_arrival,38250,123,3,3073007241776570211,tombstone,1789727733.496938,1789727815.511319,0,64
20260726_formal4t4_reuse_intensive_StaticSemantic@rho1.2_rep1,1,StaticSemantic@rho1.2,StaticSemantic,1.2,reuse_intensive,dispatcher_arrival,38250,125,0,947483498426156190,tombstone,1789727733.4975872,1789727824.032953,0,64
20260726_formal4t4_reuse_intensive_StaticSemantic@rho1.2_rep1,1,StaticSemantic@rho1.2,StaticSemantic,1.2,reuse_intensive,dispatcher_arrival,38250,132,1,4650049274038987083,tombstone,1789727744.1920016,1789727832.5547535,0,64
20260726_formal4t4_reuse_intensive_StaticSemantic@rho1.2_rep1,1,StaticSemantic@rho1.2,StaticSemantic,1.2,reuse_intensive,dispatcher_arrival,38250,135,2,12523743054995375112,tombstone,1789727744.1932938,1789727832.5548453,0,64
20260726_formal4t4_reuse_intensive_StaticSemantic@rho1.2_rep1,1,StaticSemantic@rho1.2,StaticSemantic,1.2,reuse_intensive,dispatcher_arrival,38250,138,2,9971321710674973507,tombstone,1789727753.9475193,1789727843.8591275,0,64
20260726_formal4t4_reuse_intensive_StaticSemantic@rho1.2_rep1,1,StaticSemantic@rho1.2,StaticSemantic,1.2,reuse_intensive,dispatcher_arrival,38250,141,1,3163096543987652428,tombstone,1789727753.9489052,1789727852.3808503,0,64
20260726_formal4t4_reuse_intensive_StaticSemantic@rho1.2_rep1,1,StaticSemantic@rho1.2,StaticSemantic,1.2,reuse_intensive,dispatcher_arrival,38250,146,1,10402019323283478844,tombstone,1789727763.8386385,1789727860.9025939,0,64
20260726_formal4t4_reuse_intensive_StaticSemantic@rho1.2_rep1,1,StaticSemantic@rho1.2,StaticSemantic,1.2,reuse_intensive,dispatcher_arrival,38250,148,3,14108233664250482536,tombstone,1789727774.8847945,1789727860.9026737,0,64
20260726_formal4t4_reuse_intensive_StaticSemantic@rho1.2_rep1,1,StaticSemantic@rho1.2,StaticSemantic,1.2,reuse_intensive,dispatcher_arrival,38250,151,1,14064140743279553366,tombstone,1789727774.8862038,1789727872.2069292,0,64
20260726_formal4t4_reuse_intensive_StaticSemantic@rho1.2_rep1,1,StaticSemantic@rho1.2,StaticSemantic,1.2,reuse_intensive,dispatcher_arrival,38250,152,1,12376960631178457983,tombstone,1789727774.8862336,1789727880.7286718,0,64
20260726_formal4t4_reuse_intensive_StaticSemantic@rho1.2_rep1,1,StaticSemantic@rho1.2,StaticSemantic,1.2,reuse_intensive,dispatcher_arrival,38250,155,1,947483498426156190,tombstone,1789727786.2267244,1789727889.25043,0,64
20260726_formal4t4_reuse_intensive_StaticSemantic@rho1.2_rep1,1,StaticSemantic@rho1.2,StaticSemantic,1.2,reuse_intensive,dispatcher_arrival,38250,157,3,14774026810505956694,tombstone,1789727786.2275188,1789727889.2505248,0,64
20260726_formal4t4_reuse_intensive_StaticSemantic@rho1.2_rep1,1,StaticSemantic@rho1.2,StaticSemantic,1.2,reuse_intensive,dispatcher_arrival,38250,159,2,4650049274038987083,tombstone,1789727786.2281747,1789727900.5547385,0,64
20260726_formal4t4_reuse_intensive_StaticSemantic@rho1.2_rep1,1,StaticSemantic@rho1.2,StaticSemantic,1.2,reuse_intensive,dispatcher_arrival,38250,161,0,14774026810505956694,tombstone,1789727786.228809,1789727909.0764544,0,64
20260726_formal4t4_reuse_intensive_StaticSemantic@rho1.2_rep1,1,StaticSemantic@rho1.2,StaticSemantic,1.2,reuse_intensive,dispatcher_arrival,38250,163,1,3073007241776570211,tombstone,1789727796.7092757,1789727917.5982661,0,64
20260726_formal4t4_reuse_intensive_StaticSemantic@rho1.2_rep1,1,StaticSemantic@rho1.2,StaticSemantic,1.2,reuse_intensive,dispatcher_arrival,38250,165,0,5281956220402968541,tombstone,1789727796.7100136,1789727917.5983574,0,64
20260726_formal4t4_reuse_intensive_StaticSemantic@rho1.2_rep1,1,StaticSemantic@rho1.2,StaticSemantic,1.2,reuse_intensive,dispatcher_arrival,38250,166,0,1785562587857272681,tombstone,1789727796.7100458,1789727928.9025712,0,64
20260726_formal4t4_reuse_intensive_RateFIFO@rho1.2_rep2,2,RateFIFO@rho1.2,RateFIFO,1.2,reuse_intensive,dispatcher_arrival,38251,0,0,15769623694692820738,upsert,1789727945.8909898,1789727968.9895768,8192,64
20260726_formal4t4_reuse_intensive_RateFIFO@rho1.2_rep2,2,RateFIFO@rho1.2,RateFIFO,1.2,reuse_intensive,dispatcher_arrival,38251,4,0,12613465747135452669,upsert,1789727956.430394,1789727986.1199014,8192,64
20260726_formal4t4_reuse_intensive_RateFIFO@rho1.2_rep2,2,RateFIFO@rho1.2,RateFIFO,1.2,reuse_intensive,dispatcher_arrival,38251,8,0,12523743054995375112,upsert,1789727966.9601908,1789727986.1199567,8192,64
20260726_formal4t4_reuse_intensive_RateFIFO@rho1.2_rep2,2,RateFIFO@rho1.2,RateFIFO,1.2,reuse_intensive,dispatcher_arrival,38251,12,0,9971321710674973507,upsert,1789727976.81176,1789727997.4242887,8192,64
20260726_formal4t4_reuse_intensive_RateFIFO@rho1.2_rep2,2,RateFIFO@rho1.2,RateFIFO,1.2,reuse_intensive,dispatcher_arrival,38251,16,0,4650049274038987083,upsert,1789727987.8504446,1789728008.815628,8192,64
20260726_formal4t4_reuse_intensive_RateFIFO@rho1.2_rep2,2,RateFIFO@rho1.2,RateFIFO,1.2,reuse_intensive,dispatcher_arrival,38251,20,0,3163096543987652428,upsert,1789727997.968846,1789728017.3373597,8192,64
20260726_formal4t4_reuse_intensive_RateFIFO@rho1.2_rep2,2,RateFIFO@rho1.2,RateFIFO,1.2,reuse_intensive,dispatcher_arrival,38251,24,0,10402019323283478844,upsert,1789728008.185711,1789728017.3374672,8192,64
20260726_formal4t4_reuse_intensive_RateFIFO@rho1.2_rep2,2,RateFIFO@rho1.2,RateFIFO,1.2,reuse_intensive,dispatcher_arrival,38251,28,0,14064140743279553366,upsert,1789728018.6781194,1789728034.3808904,8192,64
20260726_formal4t4_reuse_intensive_RateFIFO@rho1.2_rep2,2,RateFIFO@rho1.2,RateFIFO,1.2,reuse_intensive,dispatcher_arrival,38251,32,0,12376960631178457983,upsert,1789728028.8834338,1789728040.0330172,8192,64
20260726_formal4t4_reuse_intensive_RateFIFO@rho1.2_rep2,2,RateFIFO@rho1.2,RateFIFO,1.2,reuse_intensive,dispatcher_arrival,38251,36,0,947483498426156190,upsert,1789728039.835862,1789728048.5548043,8192,64
20260726_formal4t4_reuse_intensive_RateFIFO@rho1.2_rep2,2,RateFIFO@rho1.2,RateFIFO,1.2,reuse_intensive,dispatcher_arrival,38251,44,0,14108233664250482536,upsert,1789728051.3830414,1789728059.946113,8192,64
20260726_formal4t4_reuse_intensive_RateFIFO@rho1.2_rep2,2,RateFIFO@rho1.2,RateFIFO,1.2,reuse_intensive,dispatcher_arrival,38251,48,0,14774026810505956694,upsert,1789728062.7244275,1789728068.4678419,8192,64
20260726_formal4t4_reuse_intensive_RateFIFO@rho1.2_rep2,2,RateFIFO@rho1.2,RateFIFO,1.2,reuse_intensive,dispatcher_arrival,38251,56,0,1785562587857272681,upsert,1789728065.2155292,1789728074.1199713,2048,64
20260726_formal4t4_reuse_intensive_RateFIFO@rho1.2_rep2,2,RateFIFO@rho1.2,RateFIFO,1.2,reuse_intensive,dispatcher_arrival,38251,68,0,14108233664250482536,upsert,1789728076.3627503,1789728085.5113442,8192,64
20260726_formal4t4_reuse_intensive_RateFIFO@rho1.2_rep2,2,RateFIFO@rho1.2,RateFIFO,1.2,reuse_intensive,dispatcher_arrival,38251,74,0,12613465747135452669,upsert,1789728083.7959168,1789728091.163444,8192,64
20260726_formal4t4_reuse_intensive_RateFIFO@rho1.2_rep2,2,RateFIFO@rho1.2,RateFIFO,1.2,reuse_intensive,dispatcher_arrival,38251,79,0,12523743054995375112,upsert,1789728092.8906827,1789728102.5547388,8192,64
20260726_formal4t4_reuse_intensive_RateFIFO@rho1.2_rep2,2,RateFIFO@rho1.2,RateFIFO,1.2,reuse_intensive,dispatcher_arrival,38251,89,0,12376960631178457983,upsert,1789728104.2990596,1789728111.076424,8192,64
20260726_formal4t4_reuse_intensive_RateFIFO@rho1.2_rep2,2,RateFIFO@rho1.2,RateFIFO,1.2,reuse_intensive,dispatcher_arrival,38251,94,1,16954395879792744941,upsert,1789728115.1862714,1789728119.5982218,8192,64
20260726_formal4t4_reuse_intensive_RateFIFO@rho1.2_rep2,2,RateFIFO@rho1.2,RateFIFO,1.2,reuse_intensive,dispatcher_arrival,38251,100,0,4650049274038987083,upsert,1789728124.1102405,1789728128.1199906,8192,64
20260726_formal4t4_reuse_intensive_RateFIFO@rho1.2_rep2,2,RateFIFO@rho1.2,RateFIFO,1.2,reuse_intensive,dispatcher_arrival,38251,105,0,14774026810505956694,upsert,1789728134.4735787,1789728136.6417189,8192,64
20260726_formal4t4_reuse_intensive_RateFIFO@rho1.2_rep2,2,RateFIFO@rho1.2,RateFIFO,1.2,reuse_intensive,dispatcher_arrival,38251,111,0,15769623694692820738,upsert,1789728146.607053,1789728146.6153128,8192,64
20260726_formal4t4_reuse_intensive_RateFIFO@rho1.2_rep2,2,RateFIFO@rho1.2,RateFIFO,1.2,reuse_intensive,dispatcher_arrival,38251,116,0,10402019323283478844,upsert,1789728156.8744771,1789728156.882461,8192,64
20260726_formal4t4_reuse_intensive_RateFIFO@rho1.2_rep2,2,RateFIFO@rho1.2,RateFIFO,1.2,reuse_intensive,dispatcher_arrival,38251,122,0,4132850298606047245,upsert,1789728179.2765057,1789728179.2843451,8192,64
20260726_formal4t4_reuse_intensive_RateFIFO@rho1.2_rep2,2,RateFIFO@rho1.2,RateFIFO,1.2,reuse_intensive,dispatcher_arrival,38251,135,3,6602759660674530941,upsert,1789728191.5918822,1789728191.6000364,8192,64
20260726_formal4t4_reuse_intensive_RateFIFO@rho1.2_rep2,2,RateFIFO@rho1.2,RateFIFO,1.2,reuse_intensive,dispatcher_arrival,38251,142,0,12376960631178457983,upsert,1789728201.5736585,1789728201.5817626,8192,64
20260726_formal4t4_reuse_intensive_RateFIFO@rho1.2_rep2,2,RateFIFO@rho1.2,RateFIFO,1.2,reuse_intensive,dispatcher_arrival,38251,151,3,17846715708891391149,upsert,1789728214.4200304,1789728214.4278667,8192,64
20260726_formal4t4_reuse_intensive_RateFIFO@rho1.2_rep2,2,RateFIFO@rho1.2,RateFIFO,1.2,reuse_intensive,dispatcher_arrival,38251,159,3,3796152564256217897,upsert,1789728224.8048964,1789728224.8129249,8192,64
20260726_formal4t4_reuse_intensive_RateFIFO@rho1.2_rep2,2,RateFIFO@rho1.2,RateFIFO,1.2,reuse_intensive,dispatcher_arrival,38251,165,3,16508625817180621701,upsert,1789728235.0191917,1789728235.0276928,8192,64
20260726_formal4t4_reuse_intensive_RateFIFO@rho1.2_rep2,2,RateFIFO@rho1.2,RateFIFO,1.2,reuse_intensive,dispatcher_arrival,38251,171,0,11828416008499956572,upsert,1789728245.4395213,1789728245.4478624,8192,64
20260726_formal4t4_reuse_intensive_RateFIFO@rho1.2_rep2,2,RateFIFO@rho1.2,RateFIFO,1.2,reuse_intensive,dispatcher_arrival,38251,178,1,11821849661176330329,upsert,1789728256.604947,1789728256.6132576,8192,64
20260726_formal4t4_reuse_intensive_RateFIFO@rho1.2_rep2,2,RateFIFO@rho1.2,RateFIFO,1.2,reuse_intensive,dispatcher_arrival,38251,184,3,7759237608199543855,upsert,1789728267.3386228,1789728267.346872,8192,64
20260726_formal4t4_reuse_intensive_RateFIFO@rho1.2_rep2,2,RateFIFO@rho1.2,RateFIFO,1.2,reuse_intensive,dispatcher_arrival,38251,191,3,13844655051170110805,upsert,1789728277.79335,1789728277.8016162,8192,64
20260726_formal4t4_reuse_intensive_RateFIFO@rho1.2_rep2,2,RateFIFO@rho1.2,RateFIFO,1.2,reuse_intensive,dispatcher_arrival,38251,198,0,13764273285245102789,upsert,1789728288.589445,1789728288.6729379,8192,64
20260726_formal4t4_reuse_intensive_RateFIFO@rho1.2_rep2,2,RateFIFO@rho1.2,RateFIFO,1.2,reuse_intensive,dispatcher_arrival,38251,209,0,6878038652119793510,upsert,1789728298.1042047,1789728298.1122038,8192,64
20260726_formal4t4_reuse_intensive_RateFIFO@rho1.2_rep2,2,RateFIFO@rho1.2,RateFIFO,1.2,reuse_intensive,dispatcher_arrival,38251,214,2,12103029824873703222,upsert,1789728308.2754664,1789728308.2835357,8192,64
20260726_formal4t4_reuse_intensive_RateFIFO@rho1.2_rep2,2,RateFIFO@rho1.2,RateFIFO,1.2,reuse_intensive,dispatcher_arrival,38251,220,3,17846715708891391149,upsert,1789728318.184885,1789728318.1928403,8192,64
20260726_formal4t4_reuse_intensive_RateFIFO@rho1.2_rep2,2,RateFIFO@rho1.2,RateFIFO,1.2,reuse_intensive,dispatcher_arrival,38251,229,3,15542353749932536880,upsert,1789728329.9037418,1789728329.9120874,8192,64
20260726_formal4t4_reuse_intensive_RateFIFO@rho1.2_rep2,2,RateFIFO@rho1.2,RateFIFO,1.2,reuse_intensive,dispatcher_arrival,38251,239,0,12686689457414215630,upsert,1789728340.5256684,1789728340.5340502,8192,64
20260726_formal4t4_reuse_intensive_RateFIFO@rho1.2_rep2,2,RateFIFO@rho1.2,RateFIFO,1.2,reuse_intensive,dispatcher_arrival,38251,246,3,17846715708891391149,upsert,1789728351.2823405,1789728351.285597,8192,64
20260726_formal4t4_reuse_intensive_Ideal_rep2,2,Ideal,Ideal,,reuse_intensive,dispatcher_arrival,38251,0,0,15769623694692820738,upsert,1789727945.8909898,1789727968.9895768,8192,64
20260726_formal4t4_reuse_intensive_Ideal_rep2,2,Ideal,Ideal,,reuse_intensive,dispatcher_arrival,38251,4,0,12613465747135452669,upsert,1789727956.430394,1789727986.1199014,8192,64
20260726_formal4t4_reuse_intensive_Ideal_rep2,2,Ideal,Ideal,,reuse_intensive,dispatcher_arrival,38251,8,0,12523743054995375112,upsert,1789727966.9601908,1789727986.1199567,8192,64
20260726_formal4t4_reuse_intensive_Ideal_rep2,2,Ideal,Ideal,,reuse_intensive,dispatcher_arrival,38251,12,0,9971321710674973507,upsert,1789727976.81176,1789727997.4242887,8192,64
20260726_formal4t4_reuse_intensive_Ideal_rep2,2,Ideal,Ideal,,reuse_intensive,dispatcher_arrival,38251,16,0,4650049274038987083,upsert,1789727987.8504446,1789728008.815628,8192,64
20260726_formal4t4_reuse_intensive_Ideal_rep2,2,Ideal,Ideal,,reuse_intensive,dispatcher_arrival,38251,20,0,3163096543987652428,upsert,1789727997.968846,1789728017.3373597,8192,64
20260726_formal4t4_reuse_intensive_Ideal_rep2,2,Ideal,Ideal,,reuse_intensive,dispatcher_arrival,38251,24,0,10402019323283478844,upsert,1789728008.185711,1789728017.3374672,8192,64
20260726_formal4t4_reuse_intensive_Ideal_rep2,2,Ideal,Ideal,,reuse_intensive,dispatcher_arrival,38251,28,0,14064140743279553366,upsert,1789728018.6781194,1789728034.3808904,8192,64
20260726_formal4t4_reuse_intensive_Ideal_rep2,2,Ideal,Ideal,,reuse_intensive,dispatcher_arrival,38251,32,0,12376960631178457983,upsert,1789728028.8834338,1789728040.0330172,8192,64
20260726_formal4t4_reuse_intensive_Ideal_rep2,2,Ideal,Ideal,,reuse_intensive,dispatcher_arrival,38251,36,0,947483498426156190,upsert,1789728039.835862,1789728048.5548043,8192,64
20260726_formal4t4_reuse_intensive_Ideal_rep2,2,Ideal,Ideal,,reuse_intensive,dispatcher_arrival,38251,44,0,14108233664250482536,upsert,1789728051.3830414,1789728059.946113,8192,64
20260726_formal4t4_reuse_intensive_Ideal_rep2,2,Ideal,Ideal,,reuse_intensive,dispatcher_arrival,38251,48,0,14774026810505956694,upsert,1789728062.7244275,1789728068.4678419,8192,64
20260726_formal4t4_reuse_intensive_Ideal_rep2,2,Ideal,Ideal,,reuse_intensive,dispatcher_arrival,38251,56,0,1785562587857272681,upsert,1789728065.2155292,1789728074.1199713,2048,64
20260726_formal4t4_reuse_intensive_Ideal_rep2,2,Ideal,Ideal,,reuse_intensive,dispatcher_arrival,38251,68,0,14108233664250482536,upsert,1789728076.3627503,1789728085.5113442,8192,64
20260726_formal4t4_reuse_intensive_Ideal_rep2,2,Ideal,Ideal,,reuse_intensive,dispatcher_arrival,38251,74,0,12613465747135452669,upsert,1789728083.7959168,1789728091.163444,8192,64
20260726_formal4t4_reuse_intensive_Ideal_rep2,2,Ideal,Ideal,,reuse_intensive,dispatcher_arrival,38251,79,0,12523743054995375112,upsert,1789728092.8906827,1789728102.5547388,8192,64
20260726_formal4t4_reuse_intensive_Ideal_rep2,2,Ideal,Ideal,,reuse_intensive,dispatcher_arrival,38251,89,0,12376960631178457983,upsert,1789728104.2990596,1789728111.076424,8192,64
20260726_formal4t4_reuse_intensive_Ideal_rep2,2,Ideal,Ideal,,reuse_intensive,dispatcher_arrival,38251,94,1,16954395879792744941,upsert,1789728115.1862714,1789728119.5982218,8192,64
20260726_formal4t4_reuse_intensive_Ideal_rep2,2,Ideal,Ideal,,reuse_intensive,dispatcher_arrival,38251,100,0,4650049274038987083,upsert,1789728124.1102405,1789728128.1199906,8192,64
20260726_formal4t4_reuse_intensive_Ideal_rep2,2,Ideal,Ideal,,reuse_intensive,dispatcher_arrival,38251,105,0,14774026810505956694,upsert,1789728134.4735787,1789728136.6417189,8192,64
20260726_formal4t4_reuse_intensive_Ideal_rep2,2,Ideal,Ideal,,reuse_intensive,dispatcher_arrival,38251,111,0,15769623694692820738,upsert,1789728146.607053,1789728146.6153128,8192,64
20260726_formal4t4_reuse_intensive_Ideal_rep2,2,Ideal,Ideal,,reuse_intensive,dispatcher_arrival,38251,116,0,10402019323283478844,upsert,1789728156.8744771,1789728156.882461,8192,64
20260726_formal4t4_reuse_intensive_Ideal_rep2,2,Ideal,Ideal,,reuse_intensive,dispatcher_arrival,38251,122,0,4132850298606047245,upsert,1789728179.2765057,1789728179.2843451,8192,64
20260726_formal4t4_reuse_intensive_Ideal_rep2,2,Ideal,Ideal,,reuse_intensive,dispatcher_arrival,38251,135,3,6602759660674530941,upsert,1789728191.5918822,1789728191.6000364,8192,64
20260726_formal4t4_reuse_intensive_Ideal_rep2,2,Ideal,Ideal,,reuse_intensive,dispatcher_arrival,38251,142,0,12376960631178457983,upsert,1789728201.5736585,1789728201.5817626,8192,64
20260726_formal4t4_reuse_intensive_Ideal_rep2,2,Ideal,Ideal,,reuse_intensive,dispatcher_arrival,38251,151,3,17846715708891391149,upsert,1789728214.4200304,1789728214.4278667,8192,64
20260726_formal4t4_reuse_intensive_Ideal_rep2,2,Ideal,Ideal,,reuse_intensive,dispatcher_arrival,38251,159,3,3796152564256217897,upsert,1789728224.8048964,1789728224.8129249,8192,64
20260726_formal4t4_reuse_intensive_Ideal_rep2,2,Ideal,Ideal,,reuse_intensive,dispatcher_arrival,38251,165,3,16508625817180621701,upsert,1789728235.0191917,1789728235.0276928,8192,64
20260726_formal4t4_reuse_intensive_Ideal_rep2,2,Ideal,Ideal,,reuse_intensive,dispatcher_arrival,38251,171,0,11828416008499956572,upsert,1789728245.4395213,1789728245.4478624,8192,64
20260726_formal4t4_reuse_intensive_Ideal_rep2,2,Ideal,Ideal,,reuse_intensive,dispatcher_arrival,38251,178,1,11821849661176330329,upsert,1789728256.604947,1789728256.6132576,8192,64
20260726_formal4t4_reuse_intensive_Ideal_rep2,2,Ideal,Ideal,,reuse_intensive,dispatcher_arrival,38251,184,3,7759237608199543855,upsert,1789728267.3386228,1789728267.346872,8192,64
20260726_formal4t4_reuse_intensive_Ideal_rep2,2,Ideal,Ideal,,reuse_intensive,dispatcher_arrival,38251,191,3,13844655051170110805,upsert,1789728277.79335,1789728277.8016162,8192,64
20260726_formal4t4_reuse_intensive_Ideal_rep2,2,Ideal,Ideal,,reuse_intensive,dispatcher_arrival,38251,198,0,13764273285245102789,upsert,1789728288.589445,1789728288.6729379,8192,64
20260726_formal4t4_reuse_intensive_Ideal_rep2,2,Ideal,Ideal,,reuse_intensive,dispatcher_arrival,38251,209,0,6878038652119793510,upsert,1789728298.1042047,1789728298.1122038,8192,64
20260726_formal4t4_reuse_intensive_Ideal_rep2,2,Ideal,Ideal,,reuse_intensive,dispatcher_arrival,38251,214,2,12103029824873703222,upsert,1789728308.2754664,1789728308.2835357,8192,64
20260726_formal4t4_reuse_intensive_Ideal_rep2,2,Ideal,Ideal,,reuse_intensive,dispatcher_arrival,38251,220,3,17846715708891391149,upsert,1789728318.184885,1789728318.1928403,8192,64
20260726_formal4t4_reuse_intensive_Ideal_rep2,2,Ideal,Ideal,,reuse_intensive,dispatcher_arrival,38251,229,3,15542353749932536880,upsert,1789728329.9037418,1789728329.9120874,8192,64
20260726_formal4t4_reuse_intensive_Ideal_rep2,2,Ideal,Ideal,,reuse_intensive,dispatcher_arrival,38251,239,0,12686689457414215630,upsert,1789728340.5256684,1789728340.5340502,8192,64
20260726_formal4t4_reuse_intensive_Ideal_rep2,2,Ideal,Ideal,,reuse_intensive,dispatcher_arrival,38251,246,3,17846715708891391149,upsert,1789728351.2823405,1789728351.285597,8192,64
20260726_formal4t4_reuse_intensive_StaticSemantic@rho1.2_rep2,2,StaticSemantic@rho1.2,StaticSemantic,1.2,reuse_intensive,dispatcher_arrival,38253,0,0,15769623694692820738,upsert,1789728741.2329657,1789728741.2381825,8192,64
20260726_formal4t4_reuse_intensive_StaticSemantic@rho1.2_rep2,2,StaticSemantic@rho1.2,StaticSemantic,1.2,reuse_intensive,dispatcher_arrival,38253,2,2,15769623694692820738,upsert,1789728741.2331018,1789728741.2382796,8192,64
20260726_formal4t4_reuse_intensive_StaticSemantic@rho1.2_rep2,2,StaticSemantic@rho1.2,StaticSemantic,1.2,reuse_intensive,dispatcher_arrival,38253,4,0,12613465747135452669,upsert,1789728751.6600006,1789728751.6652877,8192,64
20260726_formal4t4_reuse_intensive_StaticSemantic@rho1.2_rep2,2,StaticSemantic@rho1.2,StaticSemantic,1.2,reuse_intensive,dispatcher_arrival,38253,7,3,12613465747135452669,upsert,1789728751.660203,1789728751.6653643,8192,64
20260726_formal4t4_reuse_intensive_StaticSemantic@rho1.2_rep2,2,StaticSemantic@rho1.2,StaticSemantic,1.2,reuse_intensive,dispatcher_arrival,38253,8,0,12523743054995375112,upsert,1789728763.815459,1789728763.8206735,8192,64
20260726_formal4t4_reuse_intensive_StaticSemantic@rho1.2_rep2,2,StaticSemantic@rho1.2,StaticSemantic,1.2,reuse_intensive,dispatcher_arrival,38253,11,3,12523743054995375112,upsert,1789728763.815631,1789728763.8207524,8192,64
20260726_formal4t4_reuse_intensive_StaticSemantic@rho1.2_rep2,2,StaticSemantic@rho1.2,StaticSemantic,1.2,reuse_intensive,dispatcher_arrival,38253,12,0,9971321710674973507,upsert,1789728775.8975115,1789728775.9026816,8192,64
20260726_formal4t4_reuse_intensive_StaticSemantic@rho1.2_rep2,2,StaticSemantic@rho1.2,StaticSemantic,1.2,reuse_intensive,dispatcher_arrival,38253,14,2,9971321710674973507,upsert,1789728775.8976457,1789728775.9027605,8192,64
20260726_formal4t4_reuse_intensive_StaticSemantic@rho1.2_rep2,2,StaticSemantic@rho1.2,StaticSemantic,1.2,reuse_intensive,dispatcher_arrival,38253,16,0,4650049274038987083,upsert,1789728787.365725,1789728787.370964,8192,64
20260726_formal4t4_reuse_intensive_StaticSemantic@rho1.2_rep2,2,StaticSemantic@rho1.2,StaticSemantic,1.2,reuse_intensive,dispatcher_arrival,38253,18,2,4650049274038987083,upsert,1789728787.3658607,1789728787.3710425,8192,64
20260726_formal4t4_reuse_intensive_StaticSemantic@rho1.2_rep2,2,StaticSemantic@rho1.2,StaticSemantic,1.2,reuse_intensive,dispatcher_arrival,38253,20,0,3163096543987652428,upsert,1789728798.5299819,1789728798.5354924,8192,64
20260726_formal4t4_reuse_intensive_StaticSemantic@rho1.2_rep2,2,StaticSemantic@rho1.2,StaticSemantic,1.2,reuse_intensive,dispatcher_arrival,38253,22,2,3163096543987652428,upsert,1789728798.5301976,1789728798.5355732,8192,64
20260726_formal4t4_reuse_intensive_StaticSemantic@rho1.2_rep2,2,StaticSemantic@rho1.2,StaticSemantic,1.2,reuse_intensive,dispatcher_arrival,38253,24,0,10402019323283478844,upsert,1789728809.9611554,1789728809.96661,8192,64
20260726_formal4t4_reuse_intensive_StaticSemantic@rho1.2_rep2,2,StaticSemantic@rho1.2,StaticSemantic,1.2,reuse_intensive,dispatcher_arrival,38253,26,2,10402019323283478844,upsert,1789728809.961344,1789728809.9666882,8192,64
20260726_formal4t4_reuse_intensive_StaticSemantic@rho1.2_rep2,2,StaticSemantic@rho1.2,StaticSemantic,1.2,reuse_intensive,dispatcher_arrival,38253,28,0,14064140743279553366,upsert,1789728821.1153233,1789728821.1207666,8192,64
20260726_formal4t4_reuse_intensive_StaticSemantic@rho1.2_rep2,2,StaticSemantic@rho1.2,StaticSemantic,1.2,reuse_intensive,dispatcher_arrival,38253,30,2,14064140743279553366,upsert,1789728821.1154857,1789728821.1208448,8192,64
20260726_formal4t4_reuse_intensive_StaticSemantic@rho1.2_rep2,2,StaticSemantic@rho1.2,StaticSemantic,1.2,reuse_intensive,dispatcher_arrival,38253,32,0,12376960631178457983,upsert,1789728832.010418,1789728832.015772,8192,64
20260726_formal4t4_reuse_intensive_StaticSemantic@rho1.2_rep2,2,StaticSemantic@rho1.2,StaticSemantic,1.2,reuse_intensive,dispatcher_arrival,38253,35,3,12376960631178457983,upsert,1789728832.0105999,1789728832.0158415,8192,64
20260726_formal4t4_reuse_intensive_StaticSemantic@rho1.2_rep2,2,StaticSemantic@rho1.2,StaticSemantic,1.2,reuse_intensive,dispatcher_arrival,38253,36,0,947483498426156190,upsert,1789728843.473304,1789728858.8383448,8192,64
20260726_formal4t4_reuse_intensive_StaticSemantic@rho1.2_rep2,2,StaticSemantic@rho1.2,StaticSemantic,1.2,reuse_intensive,dispatcher_arrival,38253,39,3,947483498426156190,upsert,1789728843.4734778,1789728865.0287404,8192,64
20260726_formal4t4_reuse_intensive_StaticSemantic@rho1.2_rep2,2,StaticSemantic@rho1.2,StaticSemantic,1.2,reuse_intensive,dispatcher_arrival,38253,40,0,3073007241776570211,upsert,1789728844.756501,1789728877.4096954,2048,64
20260726_formal4t4_reuse_intensive_StaticSemantic@rho1.2_rep2,2,StaticSemantic@rho1.2,StaticSemantic,1.2,reuse_intensive,dispatcher_arrival,38253,42,2,3073007241776570211,upsert,1789728844.756664,1789728877.4097607,2048,64
20260726_formal4t4_reuse_intensive_StaticSemantic@rho1.2_rep2,2,StaticSemantic@rho1.2,StaticSemantic,1.2,reuse_intensive,dispatcher_arrival,38253,44,0,14108233664250482536,upsert,1789728855.2227063,1789728899.6954217,8192,64
20260726_formal4t4_reuse_intensive_StaticSemantic@rho1.2_rep2,2,StaticSemantic@rho1.2,StaticSemantic,1.2,reuse_intensive,dispatcher_arrival,38253,47,3,14108233664250482536,upsert,1789728855.2228796,1789728909.6002204,8192,64
20260726_formal4t4_reuse_intensive_StaticSemantic@rho1.2_rep2,2,StaticSemantic@rho1.2,StaticSemantic,1.2,reuse_intensive,dispatcher_arrival,38253,61,0,15769623694692820738,tombstone,1789728869.6541352,1789728922.647786,0,64
20260726_formal4t4_reuse_intensive_StaticSemantic@rho1.2_rep2,2,StaticSemantic@rho1.2,StaticSemantic,1.2,reuse_intensive,dispatcher_arrival,38253,63,1,15769623694692820738,tombstone,1789728869.6542408,1789728922.6478655,0,64
20260726_formal4t4_reuse_intensive_StaticSemantic@rho1.2_rep2,2,StaticSemantic@rho1.2,StaticSemantic,1.2,reuse_intensive,dispatcher_arrival,38253,65,2,15769623694692820738,tombstone,1789728869.654314,1789728935.0287526,0,64
20260726_formal4t4_reuse_intensive_StaticSemantic@rho1.2_rep2,2,StaticSemantic@rho1.2,StaticSemantic,1.2,reuse_intensive,dispatcher_arrival,38253,67,3,15769623694692820738,tombstone,1789728869.6543882,1789728948.076355,0,64
20260726_formal4t4_reuse_intensive_StaticSemantic@rho1.2_rep2,2,StaticSemantic@rho1.2,StaticSemantic,1.2,reuse_intensive,dispatcher_arrival,38253,70,2,12613465747135452669,tombstone,1789728881.7755673,1789728960.552518,0,64
20260726_formal4t4_reuse_intensive_StaticSemantic@rho1.2_rep2,2,StaticSemantic@rho1.2,StaticSemantic,1.2,reuse_intensive,dispatcher_arrival,38253,73,3,12613465747135452669,tombstone,1789728881.775692,1789728960.5526276,0,64
20260726_formal4t4_reuse_intensive_StaticSemantic@rho1.2_rep2,2,StaticSemantic@rho1.2,StaticSemantic,1.2,reuse_intensive,dispatcher_arrival,38253,75,3,12523743054995375112,tombstone,1789728888.0792193,1789728972.933489,0,64
20260726_formal4t4_reuse_intensive_StaticSemantic@rho1.2_rep2,2,StaticSemantic@rho1.2,StaticSemantic,1.2,reuse_intensive,dispatcher_arrival,38253,80,3,9971321710674973507,tombstone,1789728915.563345,1789728982.2668211,0,64
20260726_formal4t4_reuse_intensive_StaticSemantic@rho1.2_rep2,2,StaticSemantic@rho1.2,StaticSemantic,1.2,reuse_intensive,dispatcher_arrival,38253,83,0,12523743054995375112,tombstone,1789728915.563517,1789728994.7429962,0,64
20260726_formal4t4_reuse_intensive_StaticSemantic@rho1.2_rep2,2,StaticSemantic@rho1.2,StaticSemantic,1.2,reuse_intensive,dispatcher_arrival,38253,85,0,4650049274038987083,tombstone,1789728915.563603,1789728994.7430995,0,64
20260726_formal4t4_reuse_intensive_StaticSemantic@rho1.2_rep2,2,StaticSemantic@rho1.2,StaticSemantic,1.2,reuse_intensive,dispatcher_arrival,38253,94,1,12613465747135452669,tombstone,1789728927.2563984,1789729007.1239877,0,64
20260726_formal4t4_reuse_intensive_StaticSemantic@rho1.2_rep2,2,StaticSemantic@rho1.2,StaticSemantic,1.2,reuse_intensive,dispatcher_arrival,38253,98,3,4650049274038987083,tombstone,1789728938.7687912,1789729016.457281,0,64
20260726_formal4t4_reuse_intensive_StaticSemantic@rho1.2_rep2,2,StaticSemantic@rho1.2,StaticSemantic,1.2,reuse_intensive,dispatcher_arrival,38253,103,0,3163096543987652428,tombstone,1789728950.207661,1789729028.9335432,0,64
20260726_formal4t4_reuse_intensive_StaticSemantic@rho1.2_rep2,2,StaticSemantic@rho1.2,StaticSemantic,1.2,reuse_intensive,dispatcher_arrival,38253,105,1,12523743054995375112,tombstone,1789728950.208343,1789729028.933638,0,64
20260726_formal4t4_reuse_intensive_StaticSemantic@rho1.2_rep2,2,StaticSemantic@rho1.2,StaticSemantic,1.2,reuse_intensive,dispatcher_arrival,38253,109,0,10402019323283478844,tombstone,1789728960.5776834,1789729041.3144865,0,64
20260726_formal4t4_reuse_intensive_StaticSemantic@rho1.2_rep2,2,StaticSemantic@rho1.2,StaticSemantic,1.2,reuse_intensive,dispatcher_arrival,38253,111,3,3163096543987652428,tombstone,1789728960.5783327,1789729050.6478014,0,64
20260726_formal4t4_reuse_intensive_StaticSemantic@rho1.2_rep2,2,StaticSemantic@rho1.2,StaticSemantic,1.2,reuse_intensive,dispatcher_arrival,38253,115,3,10402019323283478844,tombstone,1789728970.5476704,1789729063.123973,0,64
20260726_formal4t4_reuse_intensive_StaticSemantic@rho1.2_rep2,2,StaticSemantic@rho1.2,StaticSemantic,1.2,reuse_intensive,dispatcher_arrival,38253,118,0,947483498426156190,tombstone,1789728993.8413074,1789729063.124054,0,64
20260726_formal4t4_reuse_intensive_StaticSemantic@rho1.2_rep2,2,StaticSemantic@rho1.2,StaticSemantic,1.2,reuse_intensive,dispatcher_arrival,38253,121,1,9971321710674973507,tombstone,1789728993.8426585,1789729075.5051496,0,64
20260726_formal4t4_reuse_intensive_StaticSemantic@rho1.2_rep2,2,StaticSemantic@rho1.2,StaticSemantic,1.2,reuse_intensive,dispatcher_arrival,38253,123,0,3073007241776570211,tombstone,1789728993.8433108,1789729084.8383036,0,64
20260726_formal4t4_reuse_intensive_StaticSemantic@rho1.2_rep2,2,StaticSemantic@rho1.2,StaticSemantic,1.2,reuse_intensive,dispatcher_arrival,38253,125,3,14064140743279553366,tombstone,1789729003.550134,1789729094.1715822,0,64
20260726_formal4t4_reuse_intensive_StaticSemantic@rho1.2_rep2,2,StaticSemantic@rho1.2,StaticSemantic,1.2,reuse_intensive,dispatcher_arrival,38253,134,0,14774026810505956694,tombstone,1789729016.0057955,1789729094.17167,0,64
20260726_formal4t4_reuse_intensive_StaticSemantic@rho1.2_rep2,2,StaticSemantic@rho1.2,StaticSemantic,1.2,reuse_intensive,dispatcher_arrival,38253,137,3,3073007241776570211,tombstone,1789729016.007189,1789729103.4096692,0,64
20260726_formal4t4_reuse_intensive_StaticSemantic@rho1.2_rep2,2,StaticSemantic@rho1.2,StaticSemantic,1.2,reuse_intensive,dispatcher_arrival,38253,139,1,4650049274038987083,tombstone,1789729016.007833,1789729112.7430599,0,64
20260726_formal4t4_reuse_intensive_StaticSemantic@rho1.2_rep2,2,StaticSemantic@rho1.2,StaticSemantic,1.2,reuse_intensive,dispatcher_arrival,38253,143,2,12523743054995375112,tombstone,1789729024.930901,1789729122.076394,0,64
20260726_formal4t4_reuse_intensive_StaticSemantic@rho1.2_rep2,2,StaticSemantic@rho1.2,StaticSemantic,1.2,reuse_intensive,dispatcher_arrival,38253,150,0,5281956220402968541,tombstone,1789729036.685089,1789729122.076488,0,64
20260726_formal4t4_reuse_intensive_StaticSemantic@rho1.2_rep2,2,StaticSemantic@rho1.2,StaticSemantic,1.2,reuse_intensive,dispatcher_arrival,38253,151,0,1785562587857272681,tombstone,1789729036.6851265,1789729134.4573278,0,64
20260726_formal4t4_reuse_intensive_StaticSemantic@rho1.2_rep2,2,StaticSemantic@rho1.2,StaticSemantic,1.2,reuse_intensive,dispatcher_arrival,38253,152,0,1610475058989402671,tombstone,1789729036.6851778,1789729143.7906675,0,64
20260726_formal4t4_reuse_intensive_StaticSemantic@rho1.2_rep2,2,StaticSemantic@rho1.2,StaticSemantic,1.2,reuse_intensive,dispatcher_arrival,38253,153,0,15769623694692820738,tombstone,1789729036.685209,1789729153.1239843,0,64
20260726_formal4t4_reuse_intensive_StaticSemantic@rho1.2_rep2,2,StaticSemantic@rho1.2,StaticSemantic,1.2,reuse_intensive,dispatcher_arrival,38253,155,2,10402019323283478844,tombstone,1789729036.6859303,1789729153.1240778,0,64
20260726_formal4t4_reuse_intensive_StaticSemantic@rho1.2_rep2,2,StaticSemantic@rho1.2,StaticSemantic,1.2,reuse_intensive,dispatcher_arrival,38253,157,1,3163096543987652428,tombstone,1789729036.6865838,1789729165.504939,0,64
20260726_formal4t4_reuse_intensive_StaticSemantic@rho1.2_rep2,2,StaticSemantic@rho1.2,StaticSemantic,1.2,reuse_intensive,dispatcher_arrival,38253,159,3,14108233664250482536,tombstone,1789729036.687232,1789729174.8382988,0,64
20260726_formal4t4_reuse_intensive_StaticSemantic@rho1.2_rep2,2,StaticSemantic@rho1.2,StaticSemantic,1.2,reuse_intensive,dispatcher_arrival,38253,161,0,9971321710674973507,tombstone,1789729048.723234,1789729184.1715913,0,64
20260726_formal4t4_reuse_intensive_StaticSemantic@rho1.2_rep2,2,StaticSemantic@rho1.2,StaticSemantic,1.2,reuse_intensive,dispatcher_arrival,38253,163,3,14774026810505956694,tombstone,1789729048.7239687,1789729184.1716816,0,64
20260726_formal4t4_reuse_intensive_Adaptive@rho1.2_c01024_theta30_rep2,2,Adaptive@rho1.2_c01024_theta30,Adaptive,1.2,reuse_intensive,dispatcher_arrival,38254,0,0,15769623694692820738,upsert,1789729201.8236496,1789729234.2668478,8192,64
20260726_formal4t4_reuse_intensive_Adaptive@rho1.2_c01024_theta30_rep2,2,Adaptive@rho1.2_c01024_theta30,Adaptive,1.2,reuse_intensive,dispatcher_arrival,38254,2,2,15769623694692820738,upsert,1789729201.8237827,1789729240.4573405,8192,64
20260726_formal4t4_reuse_intensive_Adaptive@rho1.2_c01024_theta30_rep2,2,Adaptive@rho1.2_c01024_theta30,Adaptive,1.2,reuse_intensive,dispatcher_arrival,38254,4,0,12613465747135452669,upsert,1789729213.0982687,1789729240.4574363,8192,64
20260726_formal4t4_reuse_intensive_Adaptive@rho1.2_c01024_theta30_rep2,2,Adaptive@rho1.2_c01024_theta30,Adaptive,1.2,reuse_intensive,dispatcher_arrival,38254,7,3,12613465747135452669,upsert,1789729213.0984383,1789729255.9811769,8192,64
20260726_formal4t4_reuse_intensive_Adaptive@rho1.2_c01024_theta30_rep2,2,Adaptive@rho1.2_c01024_theta30,Adaptive,1.2,reuse_intensive,dispatcher_arrival,38254,8,0,12523743054995375112,upsert,1789729224.935215,1789729265.3144622,8192,64
20260726_formal4t4_reuse_intensive_Adaptive@rho1.2_c01024_theta30_rep2,2,Adaptive@rho1.2_c01024_theta30,Adaptive,1.2,reuse_intensive,dispatcher_arrival,38254,11,3,12523743054995375112,upsert,1789729224.935388,1789729277.790668,8192,64
20260726_formal4t4_reuse_intensive_Adaptive@rho1.2_c01024_theta30_rep2,2,Adaptive@rho1.2_c01024_theta30,Adaptive,1.2,reuse_intensive,dispatcher_arrival,38254,12,0,9971321710674973507,upsert,1789729236.1536686,1789729277.7907665,8192,64
20260726_formal4t4_reuse_intensive_Adaptive@rho1.2_c01024_theta30_rep2,2,Adaptive@rho1.2_c01024_theta30,Adaptive,1.2,reuse_intensive,dispatcher_arrival,38254,15,3,9971321710674973507,upsert,1789729236.153835,1789729290.74305,8192,64
20260726_formal4t4_reuse_intensive_Adaptive@rho1.2_c01024_theta30_rep2,2,Adaptive@rho1.2_c01024_theta30,Adaptive,1.2,reuse_intensive,dispatcher_arrival,38254,16,0,4650049274038987083,upsert,1789729247.9425564,1789729300.0763705,8192,64
20260726_formal4t4_reuse_intensive_Adaptive@rho1.2_c01024_theta30_rep2,2,Adaptive@rho1.2_c01024_theta30,Adaptive,1.2,reuse_intensive,dispatcher_arrival,38254,20,0,3163096543987652428,upsert,1789729261.3105414,1789729312.5525732,8192,64
20260726_formal4t4_reuse_intensive_Adaptive@rho1.2_c01024_theta30_rep2,2,Adaptive@rho1.2_c01024_theta30,Adaptive,1.2,reuse_intensive,dispatcher_arrival,38254,23,3,3163096543987652428,upsert,1789729261.3107114,1789729312.5526714,8192,64
20260726_formal4t4_reuse_intensive_Adaptive@rho1.2_c01024_theta30_rep2,2,Adaptive@rho1.2_c01024_theta30,Adaptive,1.2,reuse_intensive,dispatcher_arrival,38254,24,0,10402019323283478844,upsert,1789729273.6382904,1789729324.933518,8192,64
20260726_formal4t4_reuse_intensive_Adaptive@rho1.2_c01024_theta30_rep2,2,Adaptive@rho1.2_c01024_theta30,Adaptive,1.2,reuse_intensive,dispatcher_arrival,38254,28,0,14064140743279553366,upsert,1789729285.6555302,1789729334.266821,8192,64
20260726_formal4t4_reuse_intensive_Adaptive@rho1.2_c01024_theta30_rep2,2,Adaptive@rho1.2_c01024_theta30,Adaptive,1.2,reuse_intensive,dispatcher_arrival,38254,32,0,12376960631178457983,upsert,1789729296.6543298,1789729346.7430444,8192,64
20260726_formal4t4_reuse_intensive_Adaptive@rho1.2_c01024_theta30_rep2,2,Adaptive@rho1.2_c01024_theta30,Adaptive,1.2,reuse_intensive,dispatcher_arrival,38254,35,3,12376960631178457983,upsert,1789729296.6545024,1789729346.7431455,8192,64
20260726_formal4t4_reuse_intensive_Adaptive@rho1.2_c01024_theta30_rep2,2,Adaptive@rho1.2_c01024_theta30,Adaptive,1.2,reuse_intensive,dispatcher_arrival,38254,36,0,947483498426156190,upsert,1789729308.8441868,1789729359.1239896,8192,64
20260726_formal4t4_reuse_intensive_Adaptive@rho1.2_c01024_theta30_rep2,2,Adaptive@rho1.2_c01024_theta30,Adaptive,1.2,reuse_intensive,dispatcher_arrival,38254,44,0,14108233664250482536,upsert,1789729322.0014434,1789729368.4572766,8192,64
20260726_formal4t4_reuse_intensive_Adaptive@rho1.2_c01024_theta30_rep2,2,Adaptive@rho1.2_c01024_theta30,Adaptive,1.2,reuse_intensive,dispatcher_arrival,38254,61,0,15769623694692820738,tombstone,1789729337.4102967,1789729380.9335465,0,64
20260726_formal4t4_reuse_intensive_Adaptive@rho1.2_c01024_theta30_rep2,2,Adaptive@rho1.2_c01024_theta30,Adaptive,1.2,reuse_intensive,dispatcher_arrival,38254,63,1,15769623694692820738,tombstone,1789729337.4103794,1789729380.9336348,0,64
20260726_formal4t4_reuse_intensive_Adaptive@rho1.2_c01024_theta30_rep2,2,Adaptive@rho1.2_c01024_theta30,Adaptive,1.2,reuse_intensive,dispatcher_arrival,38254,65,2,15769623694692820738,tombstone,1789729337.4104533,1789729393.3144374,0,64
20260726_formal4t4_reuse_intensive_Adaptive@rho1.2_c01024_theta30_rep2,2,Adaptive@rho1.2_c01024_theta30,Adaptive,1.2,reuse_intensive,dispatcher_arrival,38254,67,3,15769623694692820738,tombstone,1789729337.4105241,1789729402.647821,0,64
20260726_formal4t4_reuse_intensive_Adaptive@rho1.2_c01024_theta30_rep2,2,Adaptive@rho1.2_c01024_theta30,Adaptive,1.2,reuse_intensive,dispatcher_arrival,38254,70,2,12613465747135452669,tombstone,1789729347.994369,1789729415.1239514,0,64
20260726_formal4t4_reuse_intensive_Adaptive@rho1.2_c01024_theta30_rep2,2,Adaptive@rho1.2_c01024_theta30,Adaptive,1.2,reuse_intensive,dispatcher_arrival,38254,73,1,12613465747135452669,tombstone,1789729347.9944868,1789729415.1240282,0,64
20260726_formal4t4_reuse_intensive_Adaptive@rho1.2_c01024_theta30_rep2,2,Adaptive@rho1.2_c01024_theta30,Adaptive,1.2,reuse_intensive,dispatcher_arrival,38254,81,0,12523743054995375112,tombstone,1789729375.9713068,1789729427.5049357,0,64
20260726_formal4t4_reuse_intensive_Adaptive@rho1.2_c01024_theta30_rep2,2,Adaptive@rho1.2_c01024_theta30,Adaptive,1.2,reuse_intensive,dispatcher_arrival,38254,83,0,9971321710674973507,tombstone,1789729375.9713793,1789729436.8383145,0,64
20260726_formal4t4_reuse_intensive_Adaptive@rho1.2_c01024_theta30_rep2,2,Adaptive@rho1.2_c01024_theta30,Adaptive,1.2,reuse_intensive,dispatcher_arrival,38254,92,1,12523743054995375112,tombstone,1789729387.7156768,1789729446.1716435,0,64
20260726_formal4t4_reuse_intensive_Adaptive@rho1.2_c01024_theta30_rep2,2,Adaptive@rho1.2_c01024_theta30,Adaptive,1.2,reuse_intensive,dispatcher_arrival,38254,96,3,4650049274038987083,tombstone,1789729398.4648266,1789729446.1717248,0,64
20260726_formal4t4_reuse_intensive_Adaptive@rho1.2_c01024_theta30_rep2,2,Adaptive@rho1.2_c01024_theta30,Adaptive,1.2,reuse_intensive,dispatcher_arrival,38254,102,1,9971321710674973507,tombstone,1789729409.1028988,1789729458.552526,0,64
20260726_formal4t4_reuse_intensive_Adaptive@rho1.2_c01024_theta30_rep2,2,Adaptive@rho1.2_c01024_theta30,Adaptive,1.2,reuse_intensive,dispatcher_arrival,38254,106,0,3163096543987652428,tombstone,1789729420.106605,1789729467.885909,0,64
20260726_formal4t4_reuse_intensive_Adaptive@rho1.2_c01024_theta30_rep2,2,Adaptive@rho1.2_c01024_theta30,Adaptive,1.2,reuse_intensive,dispatcher_arrival,38254,108,2,12523743054995375112,tombstone,1789729420.1072636,1789729477.2192104,0,64
20260726_formal4t4_reuse_intensive_Adaptive@rho1.2_c01024_theta30_rep2,2,Adaptive@rho1.2_c01024_theta30,Adaptive,1.2,reuse_intensive,dispatcher_arrival,38254,112,3,3163096543987652428,tombstone,1789729441.4210742,1789729477.2193027,0,64
20260726_formal4t4_reuse_intensive_Adaptive@rho1.2_c01024_theta30_rep2,2,Adaptive@rho1.2_c01024_theta30,Adaptive,1.2,reuse_intensive,dispatcher_arrival,38254,114,3,10402019323283478844,tombstone,1789729441.421857,1789729489.600221,0,64
20260726_formal4t4_reuse_intensive_Adaptive@rho1.2_c01024_theta30_rep2,2,Adaptive@rho1.2_c01024_theta30,Adaptive,1.2,reuse_intensive,dispatcher_arrival,38254,118,1,4650049274038987083,tombstone,1789729452.0639472,1789729498.9334817,0,64
20260726_formal4t4_reuse_intensive_Adaptive@rho1.2_c01024_theta30_rep2,2,Adaptive@rho1.2_c01024_theta30,Adaptive,1.2,reuse_intensive,dispatcher_arrival,38254,121,3,14064140743279553366,tombstone,1789729463.8936777,1789729508.2668653,0,64
20260726_formal4t4_reuse_intensive_Adaptive@rho1.2_c01024_theta30_rep2,2,Adaptive@rho1.2_c01024_theta30,Adaptive,1.2,reuse_intensive,dispatcher_arrival,38254,130,0,3073007241776570211,tombstone,1789729477.2232437,1789729508.2669485,0,64
20260726_formal4t4_reuse_intensive_Adaptive@rho1.2_c01024_theta30_rep2,2,Adaptive@rho1.2_c01024_theta30,Adaptive,1.2,reuse_intensive,dispatcher_arrival,38254,133,3,947483498426156190,tombstone,1789729477.2245839,1789729520.6477766,0,64
20260726_formal4t4_reuse_intensive_Adaptive@rho1.2_c01024_theta30_rep2,2,Adaptive@rho1.2_c01024_theta30,Adaptive,1.2,reuse_intensive,dispatcher_arrival,38254,135,1,3163096543987652428,tombstone,1789729477.2252312,1789729529.9810958,0,64
20260726_formal4t4_reuse_intensive_Adaptive@rho1.2_c01024_theta30_rep2,2,Adaptive@rho1.2_c01024_theta30,Adaptive,1.2,reuse_intensive,dispatcher_arrival,38254,139,2,9971321710674973507,tombstone,1789729486.3488107,1789729539.3144825,0,64
20260726_formal4t4_reuse_intensive_Adaptive@rho1.2_c01024_theta30_rep2,2,Adaptive@rho1.2_c01024_theta30,Adaptive,1.2,reuse_intensive,dispatcher_arrival,38254,146,0,14774026810505956694,tombstone,1789729499.5809212,1789729539.3145776,0,64
20260726_formal4t4_reuse_intensive_Adaptive@rho1.2_c01024_theta30_rep2,2,Adaptive@rho1.2_c01024_theta30,Adaptive,1.2,reuse_intensive,dispatcher_arrival,38254,148,2,4650049274038987083,tombstone,1789729499.5816553,1789729551.695456,0,64
20260726_formal4t4_reuse_intensive_Adaptive@rho1.2_c01024_theta30_rep2,2,Adaptive@rho1.2_c01024_theta30,Adaptive,1.2,reuse_intensive,dispatcher_arrival,38254,150,1,10402019323283478844,tombstone,1789729499.582314,1789729561.0287552,0,64
20260726_formal4t4_reuse_intensive_Adaptive@rho1.2_c01024_theta30_rep2,2,Adaptive@rho1.2_c01024_theta30,Adaptive,1.2,reuse_intensive,dispatcher_arrival,38254,152,3,3073007241776570211,tombstone,1789729499.5829482,1789729570.3620892,0,64
20260726_formal4t4_reuse_intensive_Adaptive@rho1.2_c01024_theta30_rep2,2,Adaptive@rho1.2_c01024_theta30,Adaptive,1.2,reuse_intensive,dispatcher_arrival,38254,154,0,5281956220402968541,tombstone,1789729511.7585113,1789729570.3622043,0,64
20260726_formal4t4_reuse_intensive_Adaptive@rho1.2_c01024_theta30_rep2,2,Adaptive@rho1.2_c01024_theta30,Adaptive,1.2,reuse_intensive,dispatcher_arrival,38254,155,0,1785562587857272681,tombstone,1789729511.7585523,1789729582.7430606,0,64
20260726_formal4t4_reuse_intensive_Adaptive@rho1.2_c01024_theta30_rep2,2,Adaptive@rho1.2_c01024_theta30,Adaptive,1.2,reuse_intensive,dispatcher_arrival,38254,156,0,1610475058989402671,tombstone,1789729511.7585845,1789729592.0763254,0,64
20260726_formal4t4_reuse_intensive_Adaptive@rho1.2_c01024_theta30_rep2,2,Adaptive@rho1.2_c01024_theta30,Adaptive,1.2,reuse_intensive,dispatcher_arrival,38254,157,0,15769623694692820738,tombstone,1789729511.7586124,1789729601.409705,0,64
20260726_formal4t4_reuse_intensive_Adaptive@rho1.2_c01024_theta30_rep2,2,Adaptive@rho1.2_c01024_theta30,Adaptive,1.2,reuse_intensive,dispatcher_arrival,38254,159,3,14108233664250482536,tombstone,1789729511.759327,1789729601.4097958,0,64
20260726_formal4t4_reuse_intensive_Adaptive@rho1.2_c01024_theta30_rep2,2,Adaptive@rho1.2_c01024_theta30,Adaptive,1.2,reuse_intensive,dispatcher_arrival,38254,163,0,947483498426156190,tombstone,1789729523.7756464,1789729613.790643,0,64
20260726_formal4t4_reuse_intensive_Adaptive@rho1.2_c01024_theta30_rep2,2,Adaptive@rho1.2_c01024_theta30,Adaptive,1.2,reuse_intensive,dispatcher_arrival,38254,167,3,14774026810505956694,tombstone,1789729523.7777534,1789729623.1240118,0,64
20260726_formal4t4_reuse_intensive_Adaptive@rho1.2_c01024_theta30_rep2,2,Adaptive@rho1.2_c01024_theta30,Adaptive,1.2,reuse_intensive,dispatcher_arrival,38254,169,0,16954395879792744941,tombstone,1789729535.4394717,1789729632.457321,0,64
20260726_formal4t4_reuse_intensive_Adaptive@rho1.2_c01024_theta30_rep2,2,Adaptive@rho1.2_c01024_theta30,Adaptive,1.2,reuse_intensive,dispatcher_arrival,38254,171,2,3163096543987652428,tombstone,1789729535.4402184,1789729632.4574158,0,64
20260726_formal4t4_reuse_intensive_Adaptive@rho1.2_c01024_theta30_rep2,2,Adaptive@rho1.2_c01024_theta30,Adaptive,1.2,reuse_intensive,dispatcher_arrival,38254,173,1,14064140743279553366,tombstone,1789729535.4408624,1789729644.8382761,0,64
20260726_formal4t4_reuse_intensive_Adaptive@rho1.2_c01024_theta30_rep2,2,Adaptive@rho1.2_c01024_theta30,Adaptive,1.2,reuse_intensive,dispatcher_arrival,38254,176,0,14361523986587977395,tombstone,1789729546.1401334,1789729654.1716194,0,64
20260726_formal4t4_reuse_intensive_Adaptive@rho1.2_c01024_theta30_rep3,3,Adaptive@rho1.2_c01024_theta30,Adaptive,1.2,reuse_intensive,dispatcher_arrival,38255,0,0,15769623694692820738,upsert,1789729673.60879,1789729698.0763607,8192,64
20260726_formal4t4_reuse_intensive_Adaptive@rho1.2_c01024_theta30_rep3,3,Adaptive@rho1.2_c01024_theta30,Adaptive,1.2,reuse_intensive,dispatcher_arrival,38255,2,2,15769623694692820738,upsert,1789729673.6089334,1789729707.409754,8192,64
20260726_formal4t4_reuse_intensive_Adaptive@rho1.2_c01024_theta30_rep3,3,Adaptive@rho1.2_c01024_theta30,Adaptive,1.2,reuse_intensive,dispatcher_arrival,38255,4,0,12613465747135452669,upsert,1789729686.6919496,1789729707.4098635,8192,64
20260726_formal4t4_reuse_intensive_Adaptive@rho1.2_c01024_theta30_rep3,3,Adaptive@rho1.2_c01024_theta30,Adaptive,1.2,reuse_intensive,dispatcher_arrival,38255,7,3,12613465747135452669,upsert,1789729686.69212,1789729726.0763652,8192,64
20260726_formal4t4_reuse_intensive_Adaptive@rho1.2_c01024_theta30_rep3,3,Adaptive@rho1.2_c01024_theta30,Adaptive,1.2,reuse_intensive,dispatcher_arrival,38255,8,0,12523743054995375112,upsert,1789729699.058301,1789729735.4097042,8192,64
20260726_formal4t4_reuse_intensive_Adaptive@rho1.2_c01024_theta30_rep3,3,Adaptive@rho1.2_c01024_theta30,Adaptive,1.2,reuse_intensive,dispatcher_arrival,38255,10,2,12523743054995375112,upsert,1789729699.058434,1789729747.8858523,8192,64
20260726_formal4t4_reuse_intensive_Adaptive@rho1.2_c01024_theta30_rep3,3,Adaptive@rho1.2_c01024_theta30,Adaptive,1.2,reuse_intensive,dispatcher_arrival,38255,12,0,9971321710674973507,upsert,1789729712.2207253,1789729747.8859584,8192,64
20260726_formal4t4_reuse_intensive_Adaptive@rho1.2_c01024_theta30_rep3,3,Adaptive@rho1.2_c01024_theta30,Adaptive,1.2,reuse_intensive,dispatcher_arrival,38255,15,3,9971321710674973507,upsert,1789729712.2208989,1789729760.2668126,8192,64
20260726_formal4t4_reuse_intensive_Adaptive@rho1.2_c01024_theta30_rep3,3,Adaptive@rho1.2_c01024_theta30,Adaptive,1.2,reuse_intensive,dispatcher_arrival,38255,16,0,4650049274038987083,upsert,1789729724.9219353,1789729769.6001277,8192,64
20260726_formal4t4_reuse_intensive_Adaptive@rho1.2_c01024_theta30_rep3,3,Adaptive@rho1.2_c01024_theta30,Adaptive,1.2,reuse_intensive,dispatcher_arrival,38255,17,1,4650049274038987083,upsert,1789729724.9220297,1789729782.076401,8192,64
20260726_formal4t4_reuse_intensive_Adaptive@rho1.2_c01024_theta30_rep3,3,Adaptive@rho1.2_c01024_theta30,Adaptive,1.2,reuse_intensive,dispatcher_arrival,38255,20,0,3163096543987652428,upsert,1789729736.4416564,1789729782.0765061,8192,64
20260726_formal4t4_reuse_intensive_Adaptive@rho1.2_c01024_theta30_rep3,3,Adaptive@rho1.2_c01024_theta30,Adaptive,1.2,reuse_intensive,dispatcher_arrival,38255,21,1,3163096543987652428,upsert,1789729736.4417496,1789729794.457294,8192,64
20260726_formal4t4_reuse_intensive_Adaptive@rho1.2_c01024_theta30_rep3,3,Adaptive@rho1.2_c01024_theta30,Adaptive,1.2,reuse_intensive,dispatcher_arrival,38255,28,0,14064140743279553366,upsert,1789729748.7638743,1789729803.790605,8192,64
20260726_formal4t4_reuse_intensive_Adaptive@rho1.2_c01024_theta30_rep3,3,Adaptive@rho1.2_c01024_theta30,Adaptive,1.2,reuse_intensive,dispatcher_arrival,38255,36,0,947483498426156190,upsert,1789729772.2072358,1789729816.2668328,8192,64
20260726_formal4t4_reuse_intensive_Adaptive@rho1.2_c01024_theta30_rep3,3,Adaptive@rho1.2_c01024_theta30,Adaptive,1.2,reuse_intensive,dispatcher_arrival,38255,39,3,947483498426156190,upsert,1789729772.2074008,1789729816.2669268,8192,64
20260726_formal4t4_reuse_intensive_Adaptive@rho1.2_c01024_theta30_rep3,3,Adaptive@rho1.2_c01024_theta30,Adaptive,1.2,reuse_intensive,dispatcher_arrival,38255,52,0,5281956220402968541,upsert,1789729789.389739,1789729828.6477551,8192,64
20260726_formal4t4_reuse_intensive_Adaptive@rho1.2_c01024_theta30_rep3,3,Adaptive@rho1.2_c01024_theta30,Adaptive,1.2,reuse_intensive,dispatcher_arrival,38255,55,3,5281956220402968541,upsert,1789729789.389904,1789729837.9811883,8192,64
20260726_formal4t4_reuse_intensive_Adaptive@rho1.2_c01024_theta30_rep3,3,Adaptive@rho1.2_c01024_theta30,Adaptive,1.2,reuse_intensive,dispatcher_arrival,38255,67,0,9971321710674973507,upsert,1789729803.5903156,1789729850.4573202,8192,64
20260726_formal4t4_reuse_intensive_Adaptive@rho1.2_c01024_theta30_rep3,3,Adaptive@rho1.2_c01024_theta30,Adaptive,1.2,reuse_intensive,dispatcher_arrival,38255,70,3,12613465747135452669,upsert,1789729804.7259567,1789729850.4574053,8192,64
20260726_formal4t4_reuse_intensive_Adaptive@rho1.2_c01024_theta30_rep3,3,Adaptive@rho1.2_c01024_theta30,Adaptive,1.2,reuse_intensive,dispatcher_arrival,38255,80,0,4650049274038987083,upsert,1789729817.1790037,1789729862.8382604,8192,64
20260726_formal4t4_reuse_intensive_Adaptive@rho1.2_c01024_theta30_rep3,3,Adaptive@rho1.2_c01024_theta30,Adaptive,1.2,reuse_intensive,dispatcher_arrival,38255,106,3,15769623694692820738,tombstone,1789729834.9267201,1789729872.171568,0,64
20260726_formal4t4_reuse_intensive_Adaptive@rho1.2_c01024_theta30_rep3,3,Adaptive@rho1.2_c01024_theta30,Adaptive,1.2,reuse_intensive,dispatcher_arrival,38255,113,1,15769623694692820738,tombstone,1789729846.1062717,1789729881.5049484,0,64
20260726_formal4t4_reuse_intensive_Adaptive@rho1.2_c01024_theta30_rep3,3,Adaptive@rho1.2_c01024_theta30,Adaptive,1.2,reuse_intensive,dispatcher_arrival,38255,105,3,4596497935095405733,upsert,1789729834.9266646,1789729881.5050452,8192,64
20260726_formal4t4_reuse_intensive_Adaptive@rho1.2_c01024_theta30_rep3,3,Adaptive@rho1.2_c01024_theta30,Adaptive,1.2,reuse_intensive,dispatcher_arrival,38255,112,1,1187225797315579929,upsert,1789729846.1062262,1789729893.8858607,8192,64
20260726_formal4t4_reuse_intensive_Adaptive@rho1.2_c01024_theta30_rep3,3,Adaptive@rho1.2_c01024_theta30,Adaptive,1.2,reuse_intensive,dispatcher_arrival,38255,120,1,12613465747135452669,tombstone,1789729868.3363357,1789729903.2192018,0,64
20260726_formal4t4_reuse_intensive_Adaptive@rho1.2_c01024_theta30_rep3,3,Adaptive@rho1.2_c01024_theta30,Adaptive,1.2,reuse_intensive,dispatcher_arrival,38255,128,2,12613465747135452669,tombstone,1789729880.9866002,1789729912.5526006,0,64
20260726_formal4t4_reuse_intensive_Adaptive@rho1.2_c01024_theta30_rep3,3,Adaptive@rho1.2_c01024_theta30,Adaptive,1.2,reuse_intensive,dispatcher_arrival,38255,130,0,12523743054995375112,tombstone,1789729880.9873643,1789729912.5526943,0,64
20260726_formal4t4_reuse_intensive_Adaptive@rho1.2_c01024_theta30_rep3,3,Adaptive@rho1.2_c01024_theta30,Adaptive,1.2,reuse_intensive,dispatcher_arrival,38255,132,1,12523743054995375112,tombstone,1789729880.988016,1789729924.933484,0,64
20260726_formal4t4_reuse_intensive_Adaptive@rho1.2_c01024_theta30_rep3,3,Adaptive@rho1.2_c01024_theta30,Adaptive,1.2,reuse_intensive,dispatcher_arrival,38255,134,3,12523743054995375112,tombstone,1789729880.9886684,1789729934.2668228,0,64
20260726_formal4t4_reuse_intensive_Adaptive@rho1.2_c01024_theta30_rep3,3,Adaptive@rho1.2_c01024_theta30,Adaptive,1.2,reuse_intensive,dispatcher_arrival,38255,136,2,9971321710674973507,tombstone,1789729892.5387323,1789729943.6001966,0,64
20260726_formal4t4_reuse_intensive_Adaptive@rho1.2_c01024_theta30_rep3,3,Adaptive@rho1.2_c01024_theta30,Adaptive,1.2,reuse_intensive,dispatcher_arrival,38255,138,1,9971321710674973507,tombstone,1789729892.5395136,1789729943.6002913,0,64
20260726_formal4t4_reuse_intensive_Adaptive@rho1.2_c01024_theta30_rep3,3,Adaptive@rho1.2_c01024_theta30,Adaptive,1.2,reuse_intensive,dispatcher_arrival,38255,140,0,3163096543987652428,tombstone,1789729892.5401754,1789729955.9811153,0,64
20260726_formal4t4_reuse_intensive_Adaptive@rho1.2_c01024_theta30_rep3,3,Adaptive@rho1.2_c01024_theta30,Adaptive,1.2,reuse_intensive,dispatcher_arrival,38255,142,3,4650049274038987083,tombstone,1789729892.5408123,1789729965.3145046,0,64
20260726_formal4t4_reuse_intensive_Adaptive@rho1.2_c01024_theta30_rep3,3,Adaptive@rho1.2_c01024_theta30,Adaptive,1.2,reuse_intensive,dispatcher_arrival,38255,144,2,4650049274038987083,tombstone,1789729904.761073,1789729974.647722,0,64
20260726_formal4t4_reuse_intensive_Adaptive@rho1.2_c01024_theta30_rep3,3,Adaptive@rho1.2_c01024_theta30,Adaptive,1.2,reuse_intensive,dispatcher_arrival,38255,146,3,3163096543987652428,tombstone,1789729904.7618146,1789729974.6477785,0,64
20260726_formal4t4_reuse_intensive_Adaptive@rho1.2_c01024_theta30_rep3,3,Adaptive@rho1.2_c01024_theta30,Adaptive,1.2,reuse_intensive,dispatcher_arrival,38255,148,0,10402019323283478844,tombstone,1789729904.7625008,1789729987.0287154,0,64
20260726_formal4t4_reuse_intensive_Adaptive@rho1.2_c01024_theta30_rep3,3,Adaptive@rho1.2_c01024_theta30,Adaptive,1.2,reuse_intensive,dispatcher_arrival,38255,149,0,12376960631178457983,tombstone,1789729904.7625332,1789729996.3620424,0,64
20260726_formal4t4_reuse_intensive_Adaptive@rho1.2_c01024_theta30_rep3,3,Adaptive@rho1.2_c01024_theta30,Adaptive,1.2,reuse_intensive,dispatcher_arrival,38255,151,1,10402019323283478844,tombstone,1789729904.763187,1789730005.695416,0,64
20260726_formal4t4_reuse_intensive_Adaptive@rho1.2_c01024_theta30_rep3,3,Adaptive@rho1.2_c01024_theta30,Adaptive,1.2,reuse_intensive,dispatcher_arrival,38255,152,1,14064140743279553366,tombstone,1789729904.763218,1789730005.695502,0,64
20260726_formal4t4_reuse_intensive_Adaptive@rho1.2_c01024_theta30_rep3,3,Adaptive@rho1.2_c01024_theta30,Adaptive,1.2,reuse_intensive,dispatcher_arrival,38255,154,2,3163096543987652428,tombstone,1789729916.855907,1789730018.076381,0,64
20260726_formal4t4_reuse_intensive_Adaptive@rho1.2_c01024_theta30_rep3,3,Adaptive@rho1.2_c01024_theta30,Adaptive,1.2,reuse_intensive,dispatcher_arrival,38255,156,0,947483498426156190,tombstone,1789729916.8566597,1789730027.4096658,0,64
20260726_formal4t4_reuse_intensive_Adaptive@rho1.2_c01024_theta30_rep3,3,Adaptive@rho1.2_c01024_theta30,Adaptive,1.2,reuse_intensive,dispatcher_arrival,38255,158,1,947483498426156190,tombstone,1789729916.8573418,1789730036.7430441,0,64
20260726_formal4t4_reuse_intensive_Adaptive@rho1.2_c01024_theta30_rep3,3,Adaptive@rho1.2_c01024_theta30,Adaptive,1.2,reuse_intensive,dispatcher_arrival,38255,160,3,10402019323283478844,tombstone,1789729916.8579838,1789730036.7431312,0,64
20260726_formal4t4_reuse_intensive_RateFIFO@rho1.2_rep3,3,RateFIFO@rho1.2,RateFIFO,1.2,reuse_intensive,dispatcher_arrival,38256,0,0,15769623694692820738,upsert,1789730061.8354728,1789730093.028775,8192,64
20260726_formal4t4_reuse_intensive_RateFIFO@rho1.2_rep3,3,RateFIFO@rho1.2,RateFIFO,1.2,reuse_intensive,dispatcher_arrival,38256,4,0,12613465747135452669,upsert,1789730072.5263865,1789730108.6477764,8192,64
20260726_formal4t4_reuse_intensive_RateFIFO@rho1.2_rep3,3,RateFIFO@rho1.2,RateFIFO,1.2,reuse_intensive,dispatcher_arrival,38256,8,0,12523743054995375112,upsert,1789730085.0164597,1789730108.6478755,8192,64
20260726_formal4t4_reuse_intensive_RateFIFO@rho1.2_rep3,3,RateFIFO@rho1.2,RateFIFO,1.2,reuse_intensive,dispatcher_arrival,38256,12,0,9971321710674973507,upsert,1789730097.7703557,1789730124.17159,8192,64
20260726_formal4t4_reuse_intensive_RateFIFO@rho1.2_rep3,3,RateFIFO@rho1.2,RateFIFO,1.2,reuse_intensive,dispatcher_arrival,38256,16,0,4650049274038987083,upsert,1789730109.8368306,1789730136.6477954,8192,64
20260726_formal4t4_reuse_intensive_RateFIFO@rho1.2_rep3,3,RateFIFO@rho1.2,RateFIFO,1.2,reuse_intensive,dispatcher_arrival,38256,20,0,3163096543987652428,upsert,1789730120.8497221,1789730136.64788,8192,64
20260726_formal4t4_reuse_intensive_RateFIFO@rho1.2_rep3,3,RateFIFO@rho1.2,RateFIFO,1.2,reuse_intensive,dispatcher_arrival,38256,28,0,14064140743279553366,upsert,1789730133.7240303,1789730149.0287404,8192,64
20260726_formal4t4_reuse_intensive_RateFIFO@rho1.2_rep3,3,RateFIFO@rho1.2,RateFIFO,1.2,reuse_intensive,dispatcher_arrival,38256,32,0,12376960631178457983,upsert,1789730146.3648262,1789730161.5050123,8192,64
20260726_formal4t4_reuse_intensive_RateFIFO@rho1.2_rep3,3,RateFIFO@rho1.2,RateFIFO,1.2,reuse_intensive,dispatcher_arrival,38256,36,0,947483498426156190,upsert,1789730159.234544,1789730170.8383148,8192,64
20260726_formal4t4_reuse_intensive_RateFIFO@rho1.2_rep3,3,RateFIFO@rho1.2,RateFIFO,1.2,reuse_intensive,dispatcher_arrival,38256,44,0,14108233664250482536,upsert,1789730162.0827835,1789730180.1715775,2048,64
20260726_formal4t4_reuse_intensive_RateFIFO@rho1.2_rep3,3,RateFIFO@rho1.2,RateFIFO,1.2,reuse_intensive,dispatcher_arrival,38256,52,0,5281956220402968541,upsert,1789730177.050673,1789730189.5049186,8192,64
20260726_formal4t4_reuse_intensive_RateFIFO@rho1.2_rep3,3,RateFIFO@rho1.2,RateFIFO,1.2,reuse_intensive,dispatcher_arrival,38256,60,0,1610475058989402671,upsert,1789730179.6144817,1789730189.5050166,2048,64
20260726_formal4t4_reuse_intensive_RateFIFO@rho1.2_rep3,3,RateFIFO@rho1.2,RateFIFO,1.2,reuse_intensive,dispatcher_arrival,38256,64,0,15769623694692820738,upsert,1789730191.642236,1789730208.1715572,8192,64
20260726_formal4t4_reuse_intensive_RateFIFO@rho1.2_rep3,3,RateFIFO@rho1.2,RateFIFO,1.2,reuse_intensive,dispatcher_arrival,38256,72,0,15769623694692820738,upsert,1789730195.2831867,1789730214.362062,8192,64
20260726_formal4t4_reuse_intensive_RateFIFO@rho1.2_rep3,3,RateFIFO@rho1.2,RateFIFO,1.2,reuse_intensive,dispatcher_arrival,38256,80,0,4650049274038987083,upsert,1789730208.298409,1789730223.6954055,8192,64
20260726_formal4t4_reuse_intensive_RateFIFO@rho1.2_rep3,3,RateFIFO@rho1.2,RateFIFO,1.2,reuse_intensive,dispatcher_arrival,38256,84,0,947483498426156190,upsert,1789730211.2194698,1789730223.6955018,8192,64
20260726_formal4t4_reuse_intensive_RateFIFO@rho1.2_rep3,3,RateFIFO@rho1.2,RateFIFO,1.2,reuse_intensive,dispatcher_arrival,38256,88,0,12613465747135452669,upsert,1789730213.9179852,1789730232.9334779,8192,64
20260726_formal4t4_reuse_intensive_RateFIFO@rho1.2_rep3,3,RateFIFO@rho1.2,RateFIFO,1.2,reuse_intensive,dispatcher_arrival,38256,96,0,15769623694692820738,upsert,1789730217.7906456,1789730242.2668388,8192,64
20260726_formal4t4_reuse_intensive_RateFIFO@rho1.2_rep3,3,RateFIFO@rho1.2,RateFIFO,1.2,reuse_intensive,dispatcher_arrival,38256,104,0,15769623694692820738,upsert,1789730232.1749954,1789730254.7429955,8192,64
20260726_formal4t4_reuse_intensive_RateFIFO@rho1.2_rep3,3,RateFIFO@rho1.2,RateFIFO,1.2,reuse_intensive,dispatcher_arrival,38256,109,1,15960031488910374299,upsert,1789730243.4262016,1789730267.2192116,8192,64
20260726_formal4t4_reuse_intensive_RateFIFO@rho1.2_rep3,3,RateFIFO@rho1.2,RateFIFO,1.2,reuse_intensive,dispatcher_arrival,38256,114,3,9417075026054648240,upsert,1789730255.2111053,1789730276.5525773,8192,64
20260726_formal4t4_reuse_intensive_RateFIFO@rho1.2_rep3,3,RateFIFO@rho1.2,RateFIFO,1.2,reuse_intensive,dispatcher_arrival,38256,119,0,9971321710674973507,upsert,1789730266.192918,1789730276.552666,8192,64
20260726_formal4t4_reuse_intensive_RateFIFO@rho1.2_rep3,3,RateFIFO@rho1.2,RateFIFO,1.2,reuse_intensive,dispatcher_arrival,38256,128,1,15507369539614680842,upsert,1789730279.553191,1789730292.0763502,8192,64
20260726_formal4t4_reuse_intensive_RateFIFO@rho1.2_rep3,3,RateFIFO@rho1.2,RateFIFO,1.2,reuse_intensive,dispatcher_arrival,38256,135,1,11821849661176330329,upsert,1789730291.5073903,1789730298.266869,8192,64
20260726_formal4t4_reuse_intensive_RateFIFO@rho1.2_rep3,3,RateFIFO@rho1.2,RateFIFO,1.2,reuse_intensive,dispatcher_arrival,38256,145,1,13764273285245102789,upsert,1789730304.8235703,1789730310.7430525,8192,64
20260726_formal4t4_reuse_intensive_RateFIFO@rho1.2_rep3,3,RateFIFO@rho1.2,RateFIFO,1.2,reuse_intensive,dispatcher_arrival,38256,156,1,14333057367934485678,upsert,1789730317.0331945,1789730320.07637,8192,64
20260726_formal4t4_reuse_intensive_RateFIFO@rho1.2_rep3,3,RateFIFO@rho1.2,RateFIFO,1.2,reuse_intensive,dispatcher_arrival,38256,167,3,17846715708891391149,upsert,1789730330.4603481,1789730330.4687998,8192,64
20260726_formal4t4_reuse_intensive_RateFIFO@rho1.2_rep3,3,RateFIFO@rho1.2,RateFIFO,1.2,reuse_intensive,dispatcher_arrival,38256,177,3,6878038652119793510,upsert,1789730342.4944344,1789730342.5026138,8192,64
20260726_formal4t4_reuse_intensive_RateFIFO@rho1.2_rep3,3,RateFIFO@rho1.2,RateFIFO,1.2,reuse_intensive,dispatcher_arrival,38256,185,3,17846715708891391149,upsert,1789730352.8408656,1789730352.9219685,8192,64
20260726_formal4t4_reuse_intensive_RateFIFO@rho1.2_rep3,3,RateFIFO@rho1.2,RateFIFO,1.2,reuse_intensive,dispatcher_arrival,38256,191,1,11821849661176330329,upsert,1789730366.0574358,1789730366.0653942,8192,64
20260726_formal4t4_reuse_intensive_RateFIFO@rho1.2_rep3,3,RateFIFO@rho1.2,RateFIFO,1.2,reuse_intensive,dispatcher_arrival,38256,198,3,17450960088959206076,upsert,1789730377.6376524,1789730377.6458967,8192,64
20260726_formal4t4_reuse_intensive_RateFIFO@rho1.2_rep3,3,RateFIFO@rho1.2,RateFIFO,1.2,reuse_intensive,dispatcher_arrival,38256,206,1,11821849661176330329,upsert,1789730388.5631492,1789730388.5714798,8192,64
20260726_formal4t4_reuse_intensive_RateFIFO@rho1.2_rep3,3,RateFIFO@rho1.2,RateFIFO,1.2,reuse_intensive,dispatcher_arrival,38256,213,2,5080278736125677280,upsert,1789730399.3301225,1789730399.338356,8192,64
20260726_formal4t4_reuse_intensive_RateFIFO@rho1.2_rep3,3,RateFIFO@rho1.2,RateFIFO,1.2,reuse_intensive,dispatcher_arrival,38256,220,3,6878038652119793510,upsert,1789730410.004754,1789730410.0129304,8192,64
20260726_formal4t4_reuse_intensive_RateFIFO@rho1.2_rep3,3,RateFIFO@rho1.2,RateFIFO,1.2,reuse_intensive,dispatcher_arrival,38256,225,1,11821849661176330329,upsert,1789730421.2042518,1789730421.2125287,8192,64
20260726_formal4t4_reuse_intensive_RateFIFO@rho1.2_rep3,3,RateFIFO@rho1.2,RateFIFO,1.2,reuse_intensive,dispatcher_arrival,38256,233,3,17846715708891391149,upsert,1789730432.9677327,1789730432.9709463,8192,64
20260726_formal4t4_reuse_intensive_Ideal_rep3,3,Ideal,Ideal,,reuse_intensive,dispatcher_arrival,38256,0,0,15769623694692820738,upsert,1789730061.8354728,1789730093.028775,8192,64
20260726_formal4t4_reuse_intensive_Ideal_rep3,3,Ideal,Ideal,,reuse_intensive,dispatcher_arrival,38256,4,0,12613465747135452669,upsert,1789730072.5263865,1789730108.6477764,8192,64
20260726_formal4t4_reuse_intensive_Ideal_rep3,3,Ideal,Ideal,,reuse_intensive,dispatcher_arrival,38256,8,0,12523743054995375112,upsert,1789730085.0164597,1789730108.6478755,8192,64
20260726_formal4t4_reuse_intensive_Ideal_rep3,3,Ideal,Ideal,,reuse_intensive,dispatcher_arrival,38256,12,0,9971321710674973507,upsert,1789730097.7703557,1789730124.17159,8192,64
20260726_formal4t4_reuse_intensive_Ideal_rep3,3,Ideal,Ideal,,reuse_intensive,dispatcher_arrival,38256,16,0,4650049274038987083,upsert,1789730109.8368306,1789730136.6477954,8192,64
20260726_formal4t4_reuse_intensive_Ideal_rep3,3,Ideal,Ideal,,reuse_intensive,dispatcher_arrival,38256,20,0,3163096543987652428,upsert,1789730120.8497221,1789730136.64788,8192,64
20260726_formal4t4_reuse_intensive_Ideal_rep3,3,Ideal,Ideal,,reuse_intensive,dispatcher_arrival,38256,28,0,14064140743279553366,upsert,1789730133.7240303,1789730149.0287404,8192,64
20260726_formal4t4_reuse_intensive_Ideal_rep3,3,Ideal,Ideal,,reuse_intensive,dispatcher_arrival,38256,32,0,12376960631178457983,upsert,1789730146.3648262,1789730161.5050123,8192,64
20260726_formal4t4_reuse_intensive_Ideal_rep3,3,Ideal,Ideal,,reuse_intensive,dispatcher_arrival,38256,36,0,947483498426156190,upsert,1789730159.234544,1789730170.8383148,8192,64
20260726_formal4t4_reuse_intensive_Ideal_rep3,3,Ideal,Ideal,,reuse_intensive,dispatcher_arrival,38256,44,0,14108233664250482536,upsert,1789730162.0827835,1789730180.1715775,2048,64
20260726_formal4t4_reuse_intensive_Ideal_rep3,3,Ideal,Ideal,,reuse_intensive,dispatcher_arrival,38256,52,0,5281956220402968541,upsert,1789730177.050673,1789730189.5049186,8192,64
20260726_formal4t4_reuse_intensive_Ideal_rep3,3,Ideal,Ideal,,reuse_intensive,dispatcher_arrival,38256,60,0,1610475058989402671,upsert,1789730179.6144817,1789730189.5050166,2048,64
20260726_formal4t4_reuse_intensive_Ideal_rep3,3,Ideal,Ideal,,reuse_intensive,dispatcher_arrival,38256,64,0,15769623694692820738,upsert,1789730191.642236,1789730208.1715572,8192,64
20260726_formal4t4_reuse_intensive_Ideal_rep3,3,Ideal,Ideal,,reuse_intensive,dispatcher_arrival,38256,72,0,15769623694692820738,upsert,1789730195.2831867,1789730214.362062,8192,64
20260726_formal4t4_reuse_intensive_Ideal_rep3,3,Ideal,Ideal,,reuse_intensive,dispatcher_arrival,38256,80,0,4650049274038987083,upsert,1789730208.298409,1789730223.6954055,8192,64
20260726_formal4t4_reuse_intensive_Ideal_rep3,3,Ideal,Ideal,,reuse_intensive,dispatcher_arrival,38256,84,0,947483498426156190,upsert,1789730211.2194698,1789730223.6955018,8192,64
20260726_formal4t4_reuse_intensive_Ideal_rep3,3,Ideal,Ideal,,reuse_intensive,dispatcher_arrival,38256,88,0,12613465747135452669,upsert,1789730213.9179852,1789730232.9334779,8192,64
20260726_formal4t4_reuse_intensive_Ideal_rep3,3,Ideal,Ideal,,reuse_intensive,dispatcher_arrival,38256,96,0,15769623694692820738,upsert,1789730217.7906456,1789730242.2668388,8192,64
20260726_formal4t4_reuse_intensive_Ideal_rep3,3,Ideal,Ideal,,reuse_intensive,dispatcher_arrival,38256,104,0,15769623694692820738,upsert,1789730232.1749954,1789730254.7429955,8192,64
20260726_formal4t4_reuse_intensive_Ideal_rep3,3,Ideal,Ideal,,reuse_intensive,dispatcher_arrival,38256,109,1,15960031488910374299,upsert,1789730243.4262016,1789730267.2192116,8192,64
20260726_formal4t4_reuse_intensive_Ideal_rep3,3,Ideal,Ideal,,reuse_intensive,dispatcher_arrival,38256,114,3,9417075026054648240,upsert,1789730255.2111053,1789730276.5525773,8192,64
20260726_formal4t4_reuse_intensive_Ideal_rep3,3,Ideal,Ideal,,reuse_intensive,dispatcher_arrival,38256,119,0,9971321710674973507,upsert,1789730266.192918,1789730276.552666,8192,64
20260726_formal4t4_reuse_intensive_Ideal_rep3,3,Ideal,Ideal,,reuse_intensive,dispatcher_arrival,38256,128,1,15507369539614680842,upsert,1789730279.553191,1789730292.0763502,8192,64
20260726_formal4t4_reuse_intensive_Ideal_rep3,3,Ideal,Ideal,,reuse_intensive,dispatcher_arrival,38256,135,1,11821849661176330329,upsert,1789730291.5073903,1789730298.266869,8192,64
20260726_formal4t4_reuse_intensive_Ideal_rep3,3,Ideal,Ideal,,reuse_intensive,dispatcher_arrival,38256,145,1,13764273285245102789,upsert,1789730304.8235703,1789730310.7430525,8192,64
20260726_formal4t4_reuse_intensive_Ideal_rep3,3,Ideal,Ideal,,reuse_intensive,dispatcher_arrival,38256,156,1,14333057367934485678,upsert,1789730317.0331945,1789730320.07637,8192,64
20260726_formal4t4_reuse_intensive_Ideal_rep3,3,Ideal,Ideal,,reuse_intensive,dispatcher_arrival,38256,167,3,17846715708891391149,upsert,1789730330.4603481,1789730330.4687998,8192,64
20260726_formal4t4_reuse_intensive_Ideal_rep3,3,Ideal,Ideal,,reuse_intensive,dispatcher_arrival,38256,177,3,6878038652119793510,upsert,1789730342.4944344,1789730342.5026138,8192,64
20260726_formal4t4_reuse_intensive_Ideal_rep3,3,Ideal,Ideal,,reuse_intensive,dispatcher_arrival,38256,185,3,17846715708891391149,upsert,1789730352.8408656,1789730352.9219685,8192,64
20260726_formal4t4_reuse_intensive_Ideal_rep3,3,Ideal,Ideal,,reuse_intensive,dispatcher_arrival,38256,191,1,11821849661176330329,upsert,1789730366.0574358,1789730366.0653942,8192,64
20260726_formal4t4_reuse_intensive_Ideal_rep3,3,Ideal,Ideal,,reuse_intensive,dispatcher_arrival,38256,198,3,17450960088959206076,upsert,1789730377.6376524,1789730377.6458967,8192,64
20260726_formal4t4_reuse_intensive_Ideal_rep3,3,Ideal,Ideal,,reuse_intensive,dispatcher_arrival,38256,206,1,11821849661176330329,upsert,1789730388.5631492,1789730388.5714798,8192,64
20260726_formal4t4_reuse_intensive_Ideal_rep3,3,Ideal,Ideal,,reuse_intensive,dispatcher_arrival,38256,213,2,5080278736125677280,upsert,1789730399.3301225,1789730399.338356,8192,64
20260726_formal4t4_reuse_intensive_Ideal_rep3,3,Ideal,Ideal,,reuse_intensive,dispatcher_arrival,38256,220,3,6878038652119793510,upsert,1789730410.004754,1789730410.0129304,8192,64
20260726_formal4t4_reuse_intensive_Ideal_rep3,3,Ideal,Ideal,,reuse_intensive,dispatcher_arrival,38256,225,1,11821849661176330329,upsert,1789730421.2042518,1789730421.2125287,8192,64
20260726_formal4t4_reuse_intensive_Ideal_rep3,3,Ideal,Ideal,,reuse_intensive,dispatcher_arrival,38256,233,3,17846715708891391149,upsert,1789730432.9677327,1789730432.9709463,8192,64
20260726_formal4t4_reuse_intensive_StaticSemantic@rho1.2_rep3,3,StaticSemantic@rho1.2,StaticSemantic,1.2,reuse_intensive,dispatcher_arrival,38258,0,0,15769623694692820738,upsert,1789730817.6909463,1789730817.6963263,8192,64
20260726_formal4t4_reuse_intensive_StaticSemantic@rho1.2_rep3,3,StaticSemantic@rho1.2,StaticSemantic,1.2,reuse_intensive,dispatcher_arrival,38258,2,2,15769623694692820738,upsert,1789730817.6910913,1789730817.6964226,8192,64
20260726_formal4t4_reuse_intensive_StaticSemantic@rho1.2_rep3,3,StaticSemantic@rho1.2,StaticSemantic,1.2,reuse_intensive,dispatcher_arrival,38258,4,0,12613465747135452669,upsert,1789730830.4295402,1789730830.434883,8192,64
20260726_formal4t4_reuse_intensive_StaticSemantic@rho1.2_rep3,3,StaticSemantic@rho1.2,StaticSemantic,1.2,reuse_intensive,dispatcher_arrival,38258,7,3,12613465747135452669,upsert,1789730830.4297154,1789730830.4349709,8192,64
20260726_formal4t4_reuse_intensive_StaticSemantic@rho1.2_rep3,3,StaticSemantic@rho1.2,StaticSemantic,1.2,reuse_intensive,dispatcher_arrival,38258,8,0,12523743054995375112,upsert,1789730842.8909519,1789730842.8963292,8192,64
20260726_formal4t4_reuse_intensive_StaticSemantic@rho1.2_rep3,3,StaticSemantic@rho1.2,StaticSemantic,1.2,reuse_intensive,dispatcher_arrival,38258,11,3,12523743054995375112,upsert,1789730842.8911278,1789730842.8964078,8192,64
20260726_formal4t4_reuse_intensive_StaticSemantic@rho1.2_rep3,3,StaticSemantic@rho1.2,StaticSemantic,1.2,reuse_intensive,dispatcher_arrival,38258,12,0,9971321710674973507,upsert,1789730854.821523,1789730854.8268511,8192,64
20260726_formal4t4_reuse_intensive_StaticSemantic@rho1.2_rep3,3,StaticSemantic@rho1.2,StaticSemantic,1.2,reuse_intensive,dispatcher_arrival,38258,15,3,9971321710674973507,upsert,1789730854.821703,1789730854.8269298,8192,64
20260726_formal4t4_reuse_intensive_StaticSemantic@rho1.2_rep3,3,StaticSemantic@rho1.2,StaticSemantic,1.2,reuse_intensive,dispatcher_arrival,38258,16,0,4650049274038987083,upsert,1789730867.5950248,1789730867.6003685,8192,64
20260726_formal4t4_reuse_intensive_StaticSemantic@rho1.2_rep3,3,StaticSemantic@rho1.2,StaticSemantic,1.2,reuse_intensive,dispatcher_arrival,38258,18,2,4650049274038987083,upsert,1789730867.5951967,1789730867.600447,8192,64
20260726_formal4t4_reuse_intensive_StaticSemantic@rho1.2_rep3,3,StaticSemantic@rho1.2,StaticSemantic,1.2,reuse_intensive,dispatcher_arrival,38258,20,0,3163096543987652428,upsert,1789730880.1274426,1789730880.1303842,8192,64
20260726_formal4t4_reuse_intensive_StaticSemantic@rho1.2_rep3,3,StaticSemantic@rho1.2,StaticSemantic,1.2,reuse_intensive,dispatcher_arrival,38258,22,2,3163096543987652428,upsert,1789730880.1275847,1789730880.1304615,8192,64
20260726_formal4t4_reuse_intensive_StaticSemantic@rho1.2_rep3,3,StaticSemantic@rho1.2,StaticSemantic,1.2,reuse_intensive,dispatcher_arrival,38258,24,0,10402019323283478844,upsert,1789730881.5141363,1789730881.5194485,2048,64
20260726_formal4t4_reuse_intensive_StaticSemantic@rho1.2_rep3,3,StaticSemantic@rho1.2,StaticSemantic,1.2,reuse_intensive,dispatcher_arrival,38258,26,2,10402019323283478844,upsert,1789730881.5142896,1789730881.519528,2048,64
20260726_formal4t4_reuse_intensive_StaticSemantic@rho1.2_rep3,3,StaticSemantic@rho1.2,StaticSemantic,1.2,reuse_intensive,dispatcher_arrival,38258,28,0,14064140743279553366,upsert,1789730894.9242134,1789730894.9295437,8192,64
20260726_formal4t4_reuse_intensive_StaticSemantic@rho1.2_rep3,3,StaticSemantic@rho1.2,StaticSemantic,1.2,reuse_intensive,dispatcher_arrival,38258,31,3,14064140743279553366,upsert,1789730894.924389,1789730894.9296117,8192,64
20260726_formal4t4_reuse_intensive_StaticSemantic@rho1.2_rep3,3,StaticSemantic@rho1.2,StaticSemantic,1.2,reuse_intensive,dispatcher_arrival,38258,32,0,12376960631178457983,upsert,1789730908.4365325,1789730921.9853184,8192,64
20260726_formal4t4_reuse_intensive_StaticSemantic@rho1.2_rep3,3,StaticSemantic@rho1.2,StaticSemantic,1.2,reuse_intensive,dispatcher_arrival,38258,35,3,12376960631178457983,upsert,1789730908.4367092,1789730928.175798,8192,64
20260726_formal4t4_reuse_intensive_StaticSemantic@rho1.2_rep3,3,StaticSemantic@rho1.2,StaticSemantic,1.2,reuse_intensive,dispatcher_arrival,38258,36,0,947483498426156190,upsert,1789730921.491658,1789730940.55672,8192,64
20260726_formal4t4_reuse_intensive_StaticSemantic@rho1.2_rep3,3,StaticSemantic@rho1.2,StaticSemantic,1.2,reuse_intensive,dispatcher_arrival,38258,39,3,947483498426156190,upsert,1789730921.4918382,1789730940.5567636,8192,64
20260726_formal4t4_reuse_intensive_StaticSemantic@rho1.2_rep3,3,StaticSemantic@rho1.2,StaticSemantic,1.2,reuse_intensive,dispatcher_arrival,38258,40,0,3073007241776570211,upsert,1789730922.7828043,1789730962.8424842,2048,64
20260726_formal4t4_reuse_intensive_StaticSemantic@rho1.2_rep3,3,StaticSemantic@rho1.2,StaticSemantic,1.2,reuse_intensive,dispatcher_arrival,38258,43,3,3073007241776570211,upsert,1789730922.782988,1789730972.7471488,2048,64
20260726_formal4t4_reuse_intensive_StaticSemantic@rho1.2_rep3,3,StaticSemantic@rho1.2,StaticSemantic,1.2,reuse_intensive,dispatcher_arrival,38258,44,0,14108233664250482536,upsert,1789730924.5098164,1789730985.7947845,2048,64
20260726_formal4t4_reuse_intensive_StaticSemantic@rho1.2_rep3,3,StaticSemantic@rho1.2,StaticSemantic,1.2,reuse_intensive,dispatcher_arrival,38258,47,3,14108233664250482536,upsert,1789730924.5099907,1789730985.7948809,2048,64
20260726_formal4t4_reuse_intensive_StaticSemantic@rho1.2_rep3,3,StaticSemantic@rho1.2,StaticSemantic,1.2,reuse_intensive,dispatcher_arrival,38258,48,0,14774026810505956694,upsert,1789730926.1318839,1789730998.1757529,2048,64
20260726_formal4t4_reuse_intensive_StaticSemantic@rho1.2_rep3,3,StaticSemantic@rho1.2,StaticSemantic,1.2,reuse_intensive,dispatcher_arrival,38258,51,3,14774026810505956694,upsert,1789730926.1320598,1789731007.5090933,2048,64
20260726_formal4t4_reuse_intensive_StaticSemantic@rho1.2_rep3,3,StaticSemantic@rho1.2,StaticSemantic,1.2,reuse_intensive,dispatcher_arrival,38258,52,0,5281956220402968541,upsert,1789730939.9054167,1789731019.9852767,8192,64
20260726_formal4t4_reuse_intensive_StaticSemantic@rho1.2_rep3,3,StaticSemantic@rho1.2,StaticSemantic,1.2,reuse_intensive,dispatcher_arrival,38258,56,0,1785562587857272681,upsert,1789730941.4319432,1789731019.9853694,2048,64
20260726_formal4t4_reuse_intensive_StaticSemantic@rho1.2_rep3,3,StaticSemantic@rho1.2,StaticSemantic,1.2,reuse_intensive,dispatcher_arrival,38258,112,1,15769623694692820738,tombstone,1789730998.1344447,1789731032.3663175,0,64
20260726_formal4t4_reuse_intensive_StaticSemantic@rho1.2_rep3,3,StaticSemantic@rho1.2,StaticSemantic,1.2,reuse_intensive,dispatcher_arrival,38258,59,3,1785562587857272681,upsert,1789730941.4321163,1789731041.6996288,2048,64
20260726_formal4t4_reuse_intensive_StaticSemantic@rho1.2_rep3,3,StaticSemantic@rho1.2,StaticSemantic,1.2,reuse_intensive,dispatcher_arrival,38258,114,2,12613465747135452669,tombstone,1789731010.152608,1789731054.1758237,0,64
20260726_formal4t4_reuse_intensive_StaticSemantic@rho1.2_rep3,3,StaticSemantic@rho1.2,StaticSemantic,1.2,reuse_intensive,dispatcher_arrival,38258,60,0,1610475058989402671,upsert,1789730942.8697348,1789731054.1759057,2048,64
20260726_formal4t4_reuse_intensive_StaticSemantic@rho1.2_rep3,3,StaticSemantic@rho1.2,StaticSemantic,1.2,reuse_intensive,dispatcher_arrival,38258,120,1,12613465747135452669,tombstone,1789731021.711414,1789731066.556772,0,64
20260726_formal4t4_reuse_intensive_StaticSemantic@rho1.2_rep3,3,StaticSemantic@rho1.2,StaticSemantic,1.2,reuse_intensive,dispatcher_arrival,38258,128,0,3163096543987652428,tombstone,1789731036.421252,1789731075.8900552,0,64
20260726_formal4t4_reuse_intensive_StaticSemantic@rho1.2_rep3,3,StaticSemantic@rho1.2,StaticSemantic,1.2,reuse_intensive,dispatcher_arrival,38258,130,3,15769623694692820738,tombstone,1789731036.4219944,1789731088.3663101,0,64
20260726_formal4t4_reuse_intensive_StaticSemantic@rho1.2_rep3,3,StaticSemantic@rho1.2,StaticSemantic,1.2,reuse_intensive,dispatcher_arrival,38258,132,1,12523743054995375112,tombstone,1789731036.4226515,1789731088.366394,0,64
20260726_formal4t4_reuse_intensive_StaticSemantic@rho1.2_rep3,3,StaticSemantic@rho1.2,StaticSemantic,1.2,reuse_intensive,dispatcher_arrival,38258,134,2,12523743054995375112,tombstone,1789731036.4233031,1789731100.7472181,0,64
20260726_formal4t4_reuse_intensive_StaticSemantic@rho1.2_rep3,3,StaticSemantic@rho1.2,StaticSemantic,1.2,reuse_intensive,dispatcher_arrival,38258,136,0,10402019323283478844,tombstone,1789731049.051713,1789731110.080584,0,64
20260726_formal4t4_reuse_intensive_StaticSemantic@rho1.2_rep3,3,StaticSemantic@rho1.2,StaticSemantic,1.2,reuse_intensive,dispatcher_arrival,38258,137,0,14064140743279553366,tombstone,1789731049.0517519,1789731119.4138844,0,64
20260726_formal4t4_reuse_intensive_StaticSemantic@rho1.2_rep3,3,StaticSemantic@rho1.2,StaticSemantic,1.2,reuse_intensive,dispatcher_arrival,38258,139,1,9971321710674973507,tombstone,1789731049.0525124,1789731119.413991,0,64
20260726_formal4t4_reuse_intensive_StaticSemantic@rho1.2_rep3,3,StaticSemantic@rho1.2,StaticSemantic,1.2,reuse_intensive,dispatcher_arrival,38258,141,2,9971321710674973507,tombstone,1789731049.0531726,1789731131.7948072,0,64
20260726_formal4t4_reuse_intensive_StaticSemantic@rho1.2_rep3,3,StaticSemantic@rho1.2,StaticSemantic,1.2,reuse_intensive,dispatcher_arrival,38258,143,3,4650049274038987083,tombstone,1789731049.0538085,1789731141.1281354,0,64
20260726_formal4t4_reuse_intensive_StaticSemantic@rho1.2_rep3,3,StaticSemantic@rho1.2,StaticSemantic,1.2,reuse_intensive,dispatcher_arrival,38258,145,0,947483498426156190,tombstone,1789731062.9166648,1789731150.4614425,0,64
20260726_formal4t4_reuse_intensive_StaticSemantic@rho1.2_rep3,3,StaticSemantic@rho1.2,StaticSemantic,1.2,reuse_intensive,dispatcher_arrival,38258,147,2,10402019323283478844,tombstone,1789731062.9174187,1789731150.4615338,0,64
20260726_formal4t4_reuse_intensive_StaticSemantic@rho1.2_rep3,3,StaticSemantic@rho1.2,StaticSemantic,1.2,reuse_intensive,dispatcher_arrival,38258,148,2,14064140743279553366,tombstone,1789731062.9174502,1789731162.842458,0,64
20260726_formal4t4_reuse_intensive_StaticSemantic@rho1.2_rep3,3,StaticSemantic@rho1.2,StaticSemantic,1.2,reuse_intensive,dispatcher_arrival,38258,150,1,4650049274038987083,tombstone,1789731062.918095,1789731172.1757534,0,64
20260726_formal4t4_reuse_intensive_StaticSemantic@rho1.2_rep3,3,StaticSemantic@rho1.2,StaticSemantic,1.2,reuse_intensive,dispatcher_arrival,38258,152,3,3163096543987652428,tombstone,1789731062.918737,1789731181.5091,0,64
20260726_formal4t4_reuse_intensive_StaticSemantic@rho1.2_rep3,3,StaticSemantic@rho1.2,StaticSemantic,1.2,reuse_intensive,dispatcher_arrival,38258,154,0,3073007241776570211,tombstone,1789731075.989987,1789731181.5092182,0,64
20260726_formal4t4_reuse_intensive_StaticSemantic@rho1.2_rep3,3,StaticSemantic@rho1.2,StaticSemantic,1.2,reuse_intensive,dispatcher_arrival,38258,155,0,14108233664250482536,tombstone,1789731075.9900134,1789731193.8900394,0,64
20260726_formal4t4_reuse_intensive_RateFIFO@rho1.2_rep4,4,RateFIFO@rho1.2,RateFIFO,1.2,reuse_intensive,dispatcher_arrival,38259,0,0,15769623694692820738,upsert,1789731216.5483272,1789731247.1281796,8192,64
20260726_formal4t4_reuse_intensive_RateFIFO@rho1.2_rep4,4,RateFIFO@rho1.2,RateFIFO,1.2,reuse_intensive,dispatcher_arrival,38259,4,0,12613465747135452669,upsert,1789731228.6533566,1789731262.747248,8192,64
20260726_formal4t4_reuse_intensive_RateFIFO@rho1.2_rep4,4,RateFIFO@rho1.2,RateFIFO,1.2,reuse_intensive,dispatcher_arrival,38259,8,0,12523743054995375112,upsert,1789731240.5585127,1789731262.7473466,8192,64
20260726_formal4t4_reuse_intensive_RateFIFO@rho1.2_rep4,4,RateFIFO@rho1.2,RateFIFO,1.2,reuse_intensive,dispatcher_arrival,38259,16,0,4650049274038987083,upsert,1789731254.189759,1789731278.2710214,8192,64
20260726_formal4t4_reuse_intensive_RateFIFO@rho1.2_rep4,4,RateFIFO@rho1.2,RateFIFO,1.2,reuse_intensive,dispatcher_arrival,38259,20,0,3163096543987652428,upsert,1789731266.2461412,1789731290.7471457,8192,64
20260726_formal4t4_reuse_intensive_RateFIFO@rho1.2_rep4,4,RateFIFO@rho1.2,RateFIFO,1.2,reuse_intensive,dispatcher_arrival,38259,24,0,10402019323283478844,upsert,1789731279.108667,1789731300.0805495,8192,64
20260726_formal4t4_reuse_intensive_RateFIFO@rho1.2_rep4,4,RateFIFO@rho1.2,RateFIFO,1.2,reuse_intensive,dispatcher_arrival,38259,28,0,14064140743279553366,upsert,1789731292.9713163,1789731309.413894,8192,64
20260726_formal4t4_reuse_intensive_RateFIFO@rho1.2_rep4,4,RateFIFO@rho1.2,RateFIFO,1.2,reuse_intensive,dispatcher_arrival,38259,32,0,12376960631178457983,upsert,1789731305.45384,1789731318.747148,8192,64
20260726_formal4t4_reuse_intensive_RateFIFO@rho1.2_rep4,4,RateFIFO@rho1.2,RateFIFO,1.2,reuse_intensive,dispatcher_arrival,38259,36,0,947483498426156190,upsert,1789731318.8240056,1789731331.2233582,8192,64
20260726_formal4t4_reuse_intensive_RateFIFO@rho1.2_rep4,4,RateFIFO@rho1.2,RateFIFO,1.2,reuse_intensive,dispatcher_arrival,38259,40,0,3073007241776570211,upsert,1789731331.62758,1789731340.5567207,8192,64
20260726_formal4t4_reuse_intensive_RateFIFO@rho1.2_rep4,4,RateFIFO@rho1.2,RateFIFO,1.2,reuse_intensive,dispatcher_arrival,38259,44,0,14108233664250482536,upsert,1789731345.301853,1789731349.890029,8192,64
20260726_formal4t4_reuse_intensive_RateFIFO@rho1.2_rep4,4,RateFIFO@rho1.2,RateFIFO,1.2,reuse_intensive,dispatcher_arrival,38259,52,0,5281956220402968541,upsert,1789731348.2163048,1789731356.0805018,2048,64
20260726_formal4t4_reuse_intensive_RateFIFO@rho1.2_rep4,4,RateFIFO@rho1.2,RateFIFO,1.2,reuse_intensive,dispatcher_arrival,38259,60,0,1610475058989402671,upsert,1789731363.1641946,1789731368.5567048,8192,64
20260726_formal4t4_reuse_intensive_RateFIFO@rho1.2_rep4,4,RateFIFO@rho1.2,RateFIFO,1.2,reuse_intensive,dispatcher_arrival,38259,68,0,17730309890119328358,upsert,1789731419.8163462,1789731419.8222601,8192,64
20260726_formal4t4_reuse_intensive_RateFIFO@rho1.2_rep4,4,RateFIFO@rho1.2,RateFIFO,1.2,reuse_intensive,dispatcher_arrival,38259,80,0,10402019323283478844,upsert,1789731424.5085685,1789731424.513977,8192,64
20260726_formal4t4_reuse_intensive_RateFIFO@rho1.2_rep4,4,RateFIFO@rho1.2,RateFIFO,1.2,reuse_intensive,dispatcher_arrival,38259,84,0,15769623694692820738,upsert,1789731429.4695578,1789731429.4749818,8192,64
20260726_formal4t4_reuse_intensive_RateFIFO@rho1.2_rep4,4,RateFIFO@rho1.2,RateFIFO,1.2,reuse_intensive,dispatcher_arrival,38259,88,0,3163096543987652428,upsert,1789731434.8524814,1789731434.8580616,8192,64
20260726_formal4t4_reuse_intensive_RateFIFO@rho1.2_rep4,4,RateFIFO@rho1.2,RateFIFO,1.2,reuse_intensive,dispatcher_arrival,38259,92,0,15769623694692820738,upsert,1789731440.989527,1789731440.995174,8192,64
20260726_formal4t4_reuse_intensive_RateFIFO@rho1.2_rep4,4,RateFIFO@rho1.2,RateFIFO,1.2,reuse_intensive,dispatcher_arrival,38259,96,3,13063325218966850298,upsert,1789731453.746567,1789731453.7546546,8192,64
20260726_formal4t4_reuse_intensive_RateFIFO@rho1.2_rep4,4,RateFIFO@rho1.2,RateFIFO,1.2,reuse_intensive,dispatcher_arrival,38259,101,0,15769623694692820738,upsert,1789731465.3811877,1789731465.389477,8192,64
20260726_formal4t4_reuse_intensive_RateFIFO@rho1.2_rep4,4,RateFIFO@rho1.2,RateFIFO,1.2,reuse_intensive,dispatcher_arrival,38259,106,0,1610475058989402671,upsert,1789731476.9389908,1789731476.9471292,8192,64
20260726_formal4t4_reuse_intensive_RateFIFO@rho1.2_rep4,4,RateFIFO@rho1.2,RateFIFO,1.2,reuse_intensive,dispatcher_arrival,38259,112,0,15769623694692820738,upsert,1789731488.4347975,1789731488.4427595,8192,64
20260726_formal4t4_reuse_intensive_RateFIFO@rho1.2_rep4,4,RateFIFO@rho1.2,RateFIFO,1.2,reuse_intensive,dispatcher_arrival,38259,117,2,7230541217248033124,upsert,1789731499.9427395,1789731499.9507315,8192,64
20260726_formal4t4_reuse_intensive_RateFIFO@rho1.2_rep4,4,RateFIFO@rho1.2,RateFIFO,1.2,reuse_intensive,dispatcher_arrival,38259,123,0,4650049274038987083,upsert,1789731513.8514423,1789731513.859259,8192,64
20260726_formal4t4_reuse_intensive_RateFIFO@rho1.2_rep4,4,RateFIFO@rho1.2,RateFIFO,1.2,reuse_intensive,dispatcher_arrival,38259,132,0,15769623694692820738,upsert,1789731525.5053022,1789731525.513229,8192,64
20260726_formal4t4_reuse_intensive_RateFIFO@rho1.2_rep4,4,RateFIFO@rho1.2,RateFIFO,1.2,reuse_intensive,dispatcher_arrival,38259,137,2,13367182244321225226,upsert,1789731537.7836998,1789731537.7915943,8192,64
20260726_formal4t4_reuse_intensive_RateFIFO@rho1.2_rep4,4,RateFIFO@rho1.2,RateFIFO,1.2,reuse_intensive,dispatcher_arrival,38259,142,1,15896935204827133999,upsert,1789731550.2709038,1789731550.278917,8192,64
20260726_formal4t4_reuse_intensive_RateFIFO@rho1.2_rep4,4,RateFIFO@rho1.2,RateFIFO,1.2,reuse_intensive,dispatcher_arrival,38259,147,0,11821849661176330329,upsert,1789731563.352341,1789731563.3602943,8192,64
20260726_formal4t4_reuse_intensive_RateFIFO@rho1.2_rep4,4,RateFIFO@rho1.2,RateFIFO,1.2,reuse_intensive,dispatcher_arrival,38259,155,0,17846715708891391149,upsert,1789731575.928676,1789731575.9366157,8192,64
20260726_formal4t4_reuse_intensive_RateFIFO@rho1.2_rep4,4,RateFIFO@rho1.2,RateFIFO,1.2,reuse_intensive,dispatcher_arrival,38259,163,0,17846715708891391149,upsert,1789731588.3418813,1789731588.3500164,8192,64
20260726_formal4t4_reuse_intensive_RateFIFO@rho1.2_rep4,4,RateFIFO@rho1.2,RateFIFO,1.2,reuse_intensive,dispatcher_arrival,38259,170,0,17846715708891391149,upsert,1789731599.976407,1789731599.9843843,8192,64
20260726_formal4t4_reuse_intensive_RateFIFO@rho1.2_rep4,4,RateFIFO@rho1.2,RateFIFO,1.2,reuse_intensive,dispatcher_arrival,38259,175,2,11592361518825428217,upsert,1789731611.427193,1789731611.4351728,8192,64
20260726_formal4t4_reuse_intensive_RateFIFO@rho1.2_rep4,4,RateFIFO@rho1.2,RateFIFO,1.2,reuse_intensive,dispatcher_arrival,38259,184,0,17846715708891391149,upsert,1789731614.5935314,1789731614.6011872,8192,64
20260726_formal4t4_reuse_intensive_RateFIFO@rho1.2_rep4,4,RateFIFO@rho1.2,RateFIFO,1.2,reuse_intensive,dispatcher_arrival,38259,188,3,594533630581776597,upsert,1789731627.3018434,1789731627.3984182,8192,64
20260726_formal4t4_reuse_intensive_RateFIFO@rho1.2_rep4,4,RateFIFO@rho1.2,RateFIFO,1.2,reuse_intensive,dispatcher_arrival,38259,194,0,17846715708891391149,upsert,1789731640.0267036,1789731640.0348248,8192,64
20260726_formal4t4_reuse_intensive_RateFIFO@rho1.2_rep4,4,RateFIFO@rho1.2,RateFIFO,1.2,reuse_intensive,dispatcher_arrival,38259,199,0,2615785228242663478,upsert,1789731655.1245341,1789731655.1324928,8192,64
20260726_formal4t4_reuse_intensive_RateFIFO@rho1.2_rep4,4,RateFIFO@rho1.2,RateFIFO,1.2,reuse_intensive,dispatcher_arrival,38259,205,0,17846715708891391149,upsert,1789731668.937729,1789731668.945713,8192,64
20260726_formal4t4_reuse_intensive_RateFIFO@rho1.2_rep4,4,RateFIFO@rho1.2,RateFIFO,1.2,reuse_intensive,dispatcher_arrival,38259,212,0,17846715708891391149,upsert,1789731682.9630961,1789731682.9711504,8192,64
20260726_formal4t4_reuse_intensive_RateFIFO@rho1.2_rep4,4,RateFIFO@rho1.2,RateFIFO,1.2,reuse_intensive,dispatcher_arrival,38259,222,0,17846715708891391149,upsert,1789731696.5874453,1789731696.5954843,8192,64
20260726_formal4t4_reuse_intensive_RateFIFO@rho1.2_rep4,4,RateFIFO@rho1.2,RateFIFO,1.2,reuse_intensive,dispatcher_arrival,38259,228,0,17846715708891391149,upsert,1789731710.1273441,1789731710.1353645,8192,64
20260726_formal4t4_reuse_intensive_Ideal_rep4,4,Ideal,Ideal,,reuse_intensive,dispatcher_arrival,38259,0,0,15769623694692820738,upsert,1789731216.5483272,1789731247.1281796,8192,64
20260726_formal4t4_reuse_intensive_Ideal_rep4,4,Ideal,Ideal,,reuse_intensive,dispatcher_arrival,38259,4,0,12613465747135452669,upsert,1789731228.6533566,1789731262.747248,8192,64
20260726_formal4t4_reuse_intensive_Ideal_rep4,4,Ideal,Ideal,,reuse_intensive,dispatcher_arrival,38259,8,0,12523743054995375112,upsert,1789731240.5585127,1789731262.7473466,8192,64
20260726_formal4t4_reuse_intensive_Ideal_rep4,4,Ideal,Ideal,,reuse_intensive,dispatcher_arrival,38259,16,0,4650049274038987083,upsert,1789731254.189759,1789731278.2710214,8192,64
20260726_formal4t4_reuse_intensive_Ideal_rep4,4,Ideal,Ideal,,reuse_intensive,dispatcher_arrival,38259,20,0,3163096543987652428,upsert,1789731266.2461412,1789731290.7471457,8192,64
20260726_formal4t4_reuse_intensive_Ideal_rep4,4,Ideal,Ideal,,reuse_intensive,dispatcher_arrival,38259,24,0,10402019323283478844,upsert,1789731279.108667,1789731300.0805495,8192,64
20260726_formal4t4_reuse_intensive_Ideal_rep4,4,Ideal,Ideal,,reuse_intensive,dispatcher_arrival,38259,28,0,14064140743279553366,upsert,1789731292.9713163,1789731309.413894,8192,64
20260726_formal4t4_reuse_intensive_Ideal_rep4,4,Ideal,Ideal,,reuse_intensive,dispatcher_arrival,38259,32,0,12376960631178457983,upsert,1789731305.45384,1789731318.747148,8192,64
20260726_formal4t4_reuse_intensive_Ideal_rep4,4,Ideal,Ideal,,reuse_intensive,dispatcher_arrival,38259,36,0,947483498426156190,upsert,1789731318.8240056,1789731331.2233582,8192,64
20260726_formal4t4_reuse_intensive_Ideal_rep4,4,Ideal,Ideal,,reuse_intensive,dispatcher_arrival,38259,40,0,3073007241776570211,upsert,1789731331.62758,1789731340.5567207,8192,64
20260726_formal4t4_reuse_intensive_Ideal_rep4,4,Ideal,Ideal,,reuse_intensive,dispatcher_arrival,38259,44,0,14108233664250482536,upsert,1789731345.301853,1789731349.890029,8192,64
20260726_formal4t4_reuse_intensive_Ideal_rep4,4,Ideal,Ideal,,reuse_intensive,dispatcher_arrival,38259,52,0,5281956220402968541,upsert,1789731348.2163048,1789731356.0805018,2048,64
20260726_formal4t4_reuse_intensive_Ideal_rep4,4,Ideal,Ideal,,reuse_intensive,dispatcher_arrival,38259,60,0,1610475058989402671,upsert,1789731363.1641946,1789731368.5567048,8192,64
20260726_formal4t4_reuse_intensive_Ideal_rep4,4,Ideal,Ideal,,reuse_intensive,dispatcher_arrival,38259,68,0,17730309890119328358,upsert,1789731419.8163462,1789731419.8222601,8192,64
20260726_formal4t4_reuse_intensive_Ideal_rep4,4,Ideal,Ideal,,reuse_intensive,dispatcher_arrival,38259,80,0,10402019323283478844,upsert,1789731424.5085685,1789731424.513977,8192,64
20260726_formal4t4_reuse_intensive_Ideal_rep4,4,Ideal,Ideal,,reuse_intensive,dispatcher_arrival,38259,84,0,15769623694692820738,upsert,1789731429.4695578,1789731429.4749818,8192,64
20260726_formal4t4_reuse_intensive_Ideal_rep4,4,Ideal,Ideal,,reuse_intensive,dispatcher_arrival,38259,88,0,3163096543987652428,upsert,1789731434.8524814,1789731434.8580616,8192,64
20260726_formal4t4_reuse_intensive_Ideal_rep4,4,Ideal,Ideal,,reuse_intensive,dispatcher_arrival,38259,92,0,15769623694692820738,upsert,1789731440.989527,1789731440.995174,8192,64
20260726_formal4t4_reuse_intensive_Ideal_rep4,4,Ideal,Ideal,,reuse_intensive,dispatcher_arrival,38259,96,3,13063325218966850298,upsert,1789731453.746567,1789731453.7546546,8192,64
20260726_formal4t4_reuse_intensive_Ideal_rep4,4,Ideal,Ideal,,reuse_intensive,dispatcher_arrival,38259,101,0,15769623694692820738,upsert,1789731465.3811877,1789731465.389477,8192,64
20260726_formal4t4_reuse_intensive_Ideal_rep4,4,Ideal,Ideal,,reuse_intensive,dispatcher_arrival,38259,106,0,1610475058989402671,upsert,1789731476.9389908,1789731476.9471292,8192,64
20260726_formal4t4_reuse_intensive_Ideal_rep4,4,Ideal,Ideal,,reuse_intensive,dispatcher_arrival,38259,112,0,15769623694692820738,upsert,1789731488.4347975,1789731488.4427595,8192,64
20260726_formal4t4_reuse_intensive_Ideal_rep4,4,Ideal,Ideal,,reuse_intensive,dispatcher_arrival,38259,117,2,7230541217248033124,upsert,1789731499.9427395,1789731499.9507315,8192,64
20260726_formal4t4_reuse_intensive_Ideal_rep4,4,Ideal,Ideal,,reuse_intensive,dispatcher_arrival,38259,123,0,4650049274038987083,upsert,1789731513.8514423,1789731513.859259,8192,64
20260726_formal4t4_reuse_intensive_Ideal_rep4,4,Ideal,Ideal,,reuse_intensive,dispatcher_arrival,38259,132,0,15769623694692820738,upsert,1789731525.5053022,1789731525.513229,8192,64
20260726_formal4t4_reuse_intensive_Ideal_rep4,4,Ideal,Ideal,,reuse_intensive,dispatcher_arrival,38259,137,2,13367182244321225226,upsert,1789731537.7836998,1789731537.7915943,8192,64
20260726_formal4t4_reuse_intensive_Ideal_rep4,4,Ideal,Ideal,,reuse_intensive,dispatcher_arrival,38259,142,1,15896935204827133999,upsert,1789731550.2709038,1789731550.278917,8192,64
20260726_formal4t4_reuse_intensive_Ideal_rep4,4,Ideal,Ideal,,reuse_intensive,dispatcher_arrival,38259,147,0,11821849661176330329,upsert,1789731563.352341,1789731563.3602943,8192,64
20260726_formal4t4_reuse_intensive_Ideal_rep4,4,Ideal,Ideal,,reuse_intensive,dispatcher_arrival,38259,155,0,17846715708891391149,upsert,1789731575.928676,1789731575.9366157,8192,64
20260726_formal4t4_reuse_intensive_Ideal_rep4,4,Ideal,Ideal,,reuse_intensive,dispatcher_arrival,38259,163,0,17846715708891391149,upsert,1789731588.3418813,1789731588.3500164,8192,64
20260726_formal4t4_reuse_intensive_Ideal_rep4,4,Ideal,Ideal,,reuse_intensive,dispatcher_arrival,38259,170,0,17846715708891391149,upsert,1789731599.976407,1789731599.9843843,8192,64
20260726_formal4t4_reuse_intensive_Ideal_rep4,4,Ideal,Ideal,,reuse_intensive,dispatcher_arrival,38259,175,2,11592361518825428217,upsert,1789731611.427193,1789731611.4351728,8192,64
20260726_formal4t4_reuse_intensive_Ideal_rep4,4,Ideal,Ideal,,reuse_intensive,dispatcher_arrival,38259,184,0,17846715708891391149,upsert,1789731614.5935314,1789731614.6011872,8192,64
20260726_formal4t4_reuse_intensive_Ideal_rep4,4,Ideal,Ideal,,reuse_intensive,dispatcher_arrival,38259,188,3,594533630581776597,upsert,1789731627.3018434,1789731627.3984182,8192,64
20260726_formal4t4_reuse_intensive_Ideal_rep4,4,Ideal,Ideal,,reuse_intensive,dispatcher_arrival,38259,194,0,17846715708891391149,upsert,1789731640.0267036,1789731640.0348248,8192,64
20260726_formal4t4_reuse_intensive_Ideal_rep4,4,Ideal,Ideal,,reuse_intensive,dispatcher_arrival,38259,199,0,2615785228242663478,upsert,1789731655.1245341,1789731655.1324928,8192,64
20260726_formal4t4_reuse_intensive_Ideal_rep4,4,Ideal,Ideal,,reuse_intensive,dispatcher_arrival,38259,205,0,17846715708891391149,upsert,1789731668.937729,1789731668.945713,8192,64
20260726_formal4t4_reuse_intensive_Ideal_rep4,4,Ideal,Ideal,,reuse_intensive,dispatcher_arrival,38259,212,0,17846715708891391149,upsert,1789731682.9630961,1789731682.9711504,8192,64
20260726_formal4t4_reuse_intensive_Ideal_rep4,4,Ideal,Ideal,,reuse_intensive,dispatcher_arrival,38259,222,0,17846715708891391149,upsert,1789731696.5874453,1789731696.5954843,8192,64
20260726_formal4t4_reuse_intensive_Ideal_rep4,4,Ideal,Ideal,,reuse_intensive,dispatcher_arrival,38259,228,0,17846715708891391149,upsert,1789731710.1273441,1789731710.1353645,8192,64
20260726_formal4t4_reuse_intensive_StaticSemantic@rho1.2_rep4,4,StaticSemantic@rho1.2,StaticSemantic,1.2,reuse_intensive,dispatcher_arrival,38261,0,0,15769623694692820738,upsert,1789732152.436792,1789732152.4434812,8192,64
20260726_formal4t4_reuse_intensive_StaticSemantic@rho1.2_rep4,4,StaticSemantic@rho1.2,StaticSemantic,1.2,reuse_intensive,dispatcher_arrival,38261,2,2,15769623694692820738,upsert,1789732152.4369314,1789732152.4435725,8192,64
20260726_formal4t4_reuse_intensive_StaticSemantic@rho1.2_rep4,4,StaticSemantic@rho1.2,StaticSemantic,1.2,reuse_intensive,dispatcher_arrival,38261,4,0,12613465747135452669,upsert,1789732166.1923938,1789732166.1990778,8192,64
20260726_formal4t4_reuse_intensive_StaticSemantic@rho1.2_rep4,4,StaticSemantic@rho1.2,StaticSemantic,1.2,reuse_intensive,dispatcher_arrival,38261,7,3,12613465747135452669,upsert,1789732166.1925716,1789732166.1991792,8192,64
20260726_formal4t4_reuse_intensive_StaticSemantic@rho1.2_rep4,4,StaticSemantic@rho1.2,StaticSemantic,1.2,reuse_intensive,dispatcher_arrival,38261,8,0,12523743054995375112,upsert,1789732180.152256,1789732180.1560137,8192,64
20260726_formal4t4_reuse_intensive_StaticSemantic@rho1.2_rep4,4,StaticSemantic@rho1.2,StaticSemantic,1.2,reuse_intensive,dispatcher_arrival,38261,11,3,12523743054995375112,upsert,1789732180.152431,1789732180.1561227,8192,64
20260726_formal4t4_reuse_intensive_StaticSemantic@rho1.2_rep4,4,StaticSemantic@rho1.2,StaticSemantic,1.2,reuse_intensive,dispatcher_arrival,38261,12,0,9971321710674973507,upsert,1789732181.7266316,1789732181.7332687,2048,64
20260726_formal4t4_reuse_intensive_StaticSemantic@rho1.2_rep4,4,StaticSemantic@rho1.2,StaticSemantic,1.2,reuse_intensive,dispatcher_arrival,38261,15,3,9971321710674973507,upsert,1789732181.7268014,1789732181.7333577,2048,64
20260726_formal4t4_reuse_intensive_StaticSemantic@rho1.2_rep4,4,StaticSemantic@rho1.2,StaticSemantic,1.2,reuse_intensive,dispatcher_arrival,38261,16,0,4650049274038987083,upsert,1789732196.7927797,1789732196.799348,8192,64
20260726_formal4t4_reuse_intensive_StaticSemantic@rho1.2_rep4,4,StaticSemantic@rho1.2,StaticSemantic,1.2,reuse_intensive,dispatcher_arrival,38261,18,2,4650049274038987083,upsert,1789732196.7929122,1789732196.7994354,8192,64
20260726_formal4t4_reuse_intensive_StaticSemantic@rho1.2_rep4,4,StaticSemantic@rho1.2,StaticSemantic,1.2,reuse_intensive,dispatcher_arrival,38261,20,0,3163096543987652428,upsert,1789732211.8897138,1789732211.896383,8192,64
20260726_formal4t4_reuse_intensive_StaticSemantic@rho1.2_rep4,4,StaticSemantic@rho1.2,StaticSemantic,1.2,reuse_intensive,dispatcher_arrival,38261,23,3,3163096543987652428,upsert,1789732211.8898935,1789732211.8964617,8192,64
20260726_formal4t4_reuse_intensive_StaticSemantic@rho1.2_rep4,4,StaticSemantic@rho1.2,StaticSemantic,1.2,reuse_intensive,dispatcher_arrival,38261,24,0,10402019323283478844,upsert,1789732225.6012764,1789732234.6522338,8192,64
20260726_formal4t4_reuse_intensive_StaticSemantic@rho1.2_rep4,4,StaticSemantic@rho1.2,StaticSemantic,1.2,reuse_intensive,dispatcher_arrival,38261,27,3,10402019323283478844,upsert,1789732225.6014507,1789732241.8744373,8192,64
20260726_formal4t4_reuse_intensive_StaticSemantic@rho1.2_rep4,4,StaticSemantic@rho1.2,StaticSemantic,1.2,reuse_intensive,dispatcher_arrival,38261,28,0,14064140743279553366,upsert,1789732239.2608643,1789732268.6522422,8192,64
20260726_formal4t4_reuse_intensive_StaticSemantic@rho1.2_rep4,4,StaticSemantic@rho1.2,StaticSemantic,1.2,reuse_intensive,dispatcher_arrival,38261,31,3,14064140743279553366,upsert,1789732239.2609577,1789732268.6523545,8192,64
20260726_formal4t4_reuse_intensive_StaticSemantic@rho1.2_rep4,4,StaticSemantic@rho1.2,StaticSemantic,1.2,reuse_intensive,dispatcher_arrival,38261,32,0,12376960631178457983,upsert,1789732253.4876876,1789732295.3188903,8192,64
20260726_formal4t4_reuse_intensive_StaticSemantic@rho1.2_rep4,4,StaticSemantic@rho1.2,StaticSemantic,1.2,reuse_intensive,dispatcher_arrival,38261,35,3,12376960631178457983,upsert,1789732253.4878771,1789732295.3189888,8192,64
20260726_formal4t4_reuse_intensive_StaticSemantic@rho1.2_rep4,4,StaticSemantic@rho1.2,StaticSemantic,1.2,reuse_intensive,dispatcher_arrival,38261,36,0,947483498426156190,upsert,1789732267.8661375,1789732314.0966506,8192,64
20260726_formal4t4_reuse_intensive_StaticSemantic@rho1.2_rep4,4,StaticSemantic@rho1.2,StaticSemantic,1.2,reuse_intensive,dispatcher_arrival,38261,39,3,947483498426156190,upsert,1789732267.8663466,1789732314.096755,8192,64
20260726_formal4t4_reuse_intensive_StaticSemantic@rho1.2_rep4,4,StaticSemantic@rho1.2,StaticSemantic,1.2,reuse_intensive,dispatcher_arrival,38261,40,0,3073007241776570211,upsert,1789732282.2730052,1789732336.5411344,8192,64
20260726_formal4t4_reuse_intensive_StaticSemantic@rho1.2_rep4,4,StaticSemantic@rho1.2,StaticSemantic,1.2,reuse_intensive,dispatcher_arrival,38261,42,2,3073007241776570211,upsert,1789732282.2731552,1789732336.5412645,8192,64
20260726_formal4t4_reuse_intensive_StaticSemantic@rho1.2_rep4,4,StaticSemantic@rho1.2,StaticSemantic,1.2,reuse_intensive,dispatcher_arrival,38261,61,0,15769623694692820738,tombstone,1789732313.4048798,1789732354.652254,0,64
20260726_formal4t4_reuse_intensive_StaticSemantic@rho1.2_rep4,4,StaticSemantic@rho1.2,StaticSemantic,1.2,reuse_intensive,dispatcher_arrival,38261,65,2,15769623694692820738,tombstone,1789732313.4050343,1789732354.6523547,0,64
20260726_formal4t4_reuse_intensive_StaticSemantic@rho1.2_rep4,4,StaticSemantic@rho1.2,StaticSemantic,1.2,reuse_intensive,dispatcher_arrival,38261,63,1,15769623694692820738,tombstone,1789732313.4049647,1789732372.763299,0,64
20260726_formal4t4_reuse_intensive_StaticSemantic@rho1.2_rep4,4,StaticSemantic@rho1.2,StaticSemantic,1.2,reuse_intensive,dispatcher_arrival,38261,67,3,15769623694692820738,tombstone,1789732313.4051003,1789732372.763402,0,64
20260726_formal4t4_reuse_intensive_StaticSemantic@rho1.2_rep4,4,StaticSemantic@rho1.2,StaticSemantic,1.2,reuse_intensive,dispatcher_arrival,38261,69,0,12613465747135452669,tombstone,1789732328.0192454,1789732390.8744955,0,64
20260726_formal4t4_reuse_intensive_StaticSemantic@rho1.2_rep4,4,StaticSemantic@rho1.2,StaticSemantic,1.2,reuse_intensive,dispatcher_arrival,38261,72,2,12613465747135452669,tombstone,1789732328.0193806,1789732390.8746736,0,64
20260726_formal4t4_reuse_intensive_StaticSemantic@rho1.2_rep4,4,StaticSemantic@rho1.2,StaticSemantic,1.2,reuse_intensive,dispatcher_arrival,38261,76,0,9971321710674973507,tombstone,1789732340.7983255,1789732408.9856036,0,64
20260726_formal4t4_reuse_intensive_StaticSemantic@rho1.2_rep4,4,StaticSemantic@rho1.2,StaticSemantic,1.2,reuse_intensive,dispatcher_arrival,38261,96,2,12523743054995375112,tombstone,1789732357.6661775,1789732408.9857037,0,64
20260726_formal4t4_reuse_intensive_StaticSemantic@rho1.2_rep4,4,StaticSemantic@rho1.2,StaticSemantic,1.2,reuse_intensive,dispatcher_arrival,38261,101,1,12613465747135452669,tombstone,1789732372.213476,1789732427.0966575,0,64
20260726_formal4t4_reuse_intensive_StaticSemantic@rho1.2_rep4,4,StaticSemantic@rho1.2,StaticSemantic,1.2,reuse_intensive,dispatcher_arrival,38261,103,0,4650049274038987083,tombstone,1789732372.214211,1789732427.0967643,0,64
20260726_formal4t4_reuse_intensive_StaticSemantic@rho1.2_rep4,4,StaticSemantic@rho1.2,StaticSemantic,1.2,reuse_intensive,dispatcher_arrival,38261,108,3,9971321710674973507,tombstone,1789732385.0870283,1789732445.2077503,0,64
20260726_formal4t4_reuse_intensive_StaticSemantic@rho1.2_rep4,4,StaticSemantic@rho1.2,StaticSemantic,1.2,reuse_intensive,dispatcher_arrival,38261,111,1,12523743054995375112,tombstone,1789732385.0883133,1789732445.2078376,0,64
20260726_formal4t4_reuse_intensive_StaticSemantic@rho1.2_rep4,4,StaticSemantic@rho1.2,StaticSemantic,1.2,reuse_intensive,dispatcher_arrival,38261,113,3,4650049274038987083,tombstone,1789732397.6796303,1789732463.3189065,0,64
20260726_formal4t4_reuse_intensive_StaticSemantic@rho1.2_rep4,4,StaticSemantic@rho1.2,StaticSemantic,1.2,reuse_intensive,dispatcher_arrival,38261,115,1,9971321710674973507,tombstone,1789732397.6803668,1789732463.319008,0,64
20260726_formal4t4_reuse_intensive_StaticSemantic@rho1.2_rep4,4,StaticSemantic@rho1.2,StaticSemantic,1.2,reuse_intensive,dispatcher_arrival,38261,119,0,10402019323283478844,tombstone,1789732412.2612104,1789732477.7633736,0,64
20260726_formal4t4_reuse_intensive_StaticSemantic@rho1.2_rep4,4,StaticSemantic@rho1.2,StaticSemantic,1.2,reuse_intensive,dispatcher_arrival,38261,124,0,14108233664250482536,tombstone,1789732424.6823673,1789732477.763462,0,64
20260726_formal4t4_reuse_intensive_StaticSemantic@rho1.2_rep4,4,StaticSemantic@rho1.2,StaticSemantic,1.2,reuse_intensive,dispatcher_arrival,38261,127,2,9971321710674973507,tombstone,1789732424.6837552,1789732492.2077508,0,64
20260726_formal4t4_reuse_intensive_StaticSemantic@rho1.2_rep4,4,StaticSemantic@rho1.2,StaticSemantic,1.2,reuse_intensive,dispatcher_arrival,38261,133,0,14774026810505956694,tombstone,1789732437.0426254,1789732492.207844,0,64
20260726_formal4t4_reuse_intensive_StaticSemantic@rho1.2_rep4,4,StaticSemantic@rho1.2,StaticSemantic,1.2,reuse_intensive,dispatcher_arrival,38261,134,0,5281956220402968541,tombstone,1789732437.0426586,1789732506.6522796,0,64
20260726_formal4t4_reuse_intensive_StaticSemantic@rho1.2_rep4,4,StaticSemantic@rho1.2,StaticSemantic,1.2,reuse_intensive,dispatcher_arrival,38261,135,0,1785562587857272681,tombstone,1789732437.0426898,1789732506.6523745,0,64
20260726_formal4t4_reuse_intensive_StaticSemantic@rho1.2_rep4,4,StaticSemantic@rho1.2,StaticSemantic,1.2,reuse_intensive,dispatcher_arrival,38261,136,0,1610475058989402671,tombstone,1789732437.0427191,1789732521.096686,0,64
20260726_formal4t4_reuse_intensive_StaticSemantic@rho1.2_rep4,4,StaticSemantic@rho1.2,StaticSemantic,1.2,reuse_intensive,dispatcher_arrival,38261,138,3,12376960631178457983,tombstone,1789732449.6289515,1789732521.096778,0,64
20260726_formal4t4_reuse_intensive_StaticSemantic@rho1.2_rep4,4,StaticSemantic@rho1.2,StaticSemantic,1.2,reuse_intensive,dispatcher_arrival,38261,143,0,17730309890119328358,tombstone,1789732462.4210243,1789732535.5411322,0,64
20260726_formal4t4_reuse_intensive_StaticSemantic@rho1.2_rep4,4,StaticSemantic@rho1.2,StaticSemantic,1.2,reuse_intensive,dispatcher_arrival,38261,148,2,3163096543987652428,tombstone,1789732475.8452575,1789732535.5412438,0,64
20260726_formal4t4_reuse_intensive_StaticSemantic@rho1.2_rep4,4,StaticSemantic@rho1.2,StaticSemantic,1.2,reuse_intensive,dispatcher_arrival,38261,150,3,947483498426156190,tombstone,1789732475.8459775,1789732549.985578,0,64
20260726_formal4t4_reuse_intensive_StaticSemantic@rho1.2_rep4,4,StaticSemantic@rho1.2,StaticSemantic,1.2,reuse_intensive,dispatcher_arrival,38261,152,0,3163096543987652428,tombstone,1789732475.8466396,1789732549.9856722,0,64
20260726_formal4t4_reuse_intensive_StaticSemantic@rho1.2_rep4,4,StaticSemantic@rho1.2,StaticSemantic,1.2,reuse_intensive,dispatcher_arrival,38261,154,1,4650049274038987083,tombstone,1789732475.8473468,1789732564.4300117,0,64
20260726_formal4t4_reuse_intensive_StaticSemantic@rho1.2_rep4,4,StaticSemantic@rho1.2,StaticSemantic,1.2,reuse_intensive,dispatcher_arrival,38261,156,2,10402019323283478844,tombstone,1789732491.2408588,1789732564.430104,0,64
20260726_formal4t4_reuse_intensive_StaticSemantic@rho1.2_rep4,4,StaticSemantic@rho1.2,StaticSemantic,1.2,reuse_intensive,dispatcher_arrival,38261,158,0,12376960631178457983,tombstone,1789732491.2416008,1789732578.8744447,0,64
20260726_formal4t4_reuse_intensive_StaticSemantic@rho1.2_rep4,4,StaticSemantic@rho1.2,StaticSemantic,1.2,reuse_intensive,dispatcher_arrival,38261,160,1,3163096543987652428,tombstone,1789732491.242264,1789732578.8745344,0,64
20260726_formal4t4_reuse_intensive_StaticSemantic@rho1.2_rep4,4,StaticSemantic@rho1.2,StaticSemantic,1.2,reuse_intensive,dispatcher_arrival,38261,162,3,3073007241776570211,tombstone,1789732491.2429004,1789732593.3188882,0,64
20260726_formal4t4_reuse_intensive_StaticSemantic@rho1.2_rep4,4,StaticSemantic@rho1.2,StaticSemantic,1.2,reuse_intensive,dispatcher_arrival,38261,165,1,10402019323283478844,tombstone,1789732503.5986562,1789732593.318975,0,64
20260726_formal4t4_reuse_intensive_StaticSemantic@rho1.2_rep4,4,StaticSemantic@rho1.2,StaticSemantic,1.2,reuse_intensive,dispatcher_arrival,38261,171,0,12523743054995375112,tombstone,1789732518.7624748,1789732607.7633474,0,64
20260726_formal4t4_reuse_intensive_StaticSemantic@rho1.2_rep4,4,StaticSemantic@rho1.2,StaticSemantic,1.2,reuse_intensive,dispatcher_arrival,38261,174,2,14064140743279553366,tombstone,1789732531.368956,1789732607.763432,0,64
20260726_formal4t4_reuse_intensive_StaticSemantic@rho1.2_rep4,4,StaticSemantic@rho1.2,StaticSemantic,1.2,reuse_intensive,dispatcher_arrival,38261,177,1,14064140743279553366,tombstone,1789732531.3703992,1789732622.2077928,0,64
20260726_formal4t4_reuse_intensive_StaticSemantic@rho1.2_rep4,4,StaticSemantic@rho1.2,StaticSemantic,1.2,reuse_intensive,dispatcher_arrival,38261,179,3,14108233664250482536,tombstone,1789732531.3710952,1789732622.2078743,0,64
20260726_formal4t4_reuse_intensive_StaticSemantic@rho1.2_rep4,4,StaticSemantic@rho1.2,StaticSemantic,1.2,reuse_intensive,dispatcher_arrival,38261,187,0,14064140743279553366,tombstone,1789732546.9036355,1789732636.6522512,0,64
20260726_formal4t4_reuse_intensive_StaticSemantic@rho1.2_rep4,4,StaticSemantic@rho1.2,StaticSemantic,1.2,reuse_intensive,dispatcher_arrival,38261,190,2,12376960631178457983,tombstone,1789732561.0233607,1789732636.6523354,0,64
20260726_formal4t4_reuse_intensive_StaticSemantic@rho1.2_rep4,4,StaticSemantic@rho1.2,StaticSemantic,1.2,reuse_intensive,dispatcher_arrival,38261,193,1,12376960631178457983,tombstone,1789732561.0246947,1789732651.0966763,0,64
20260726_formal4t4_reuse_intensive_StaticSemantic@rho1.2_rep4,4,StaticSemantic@rho1.2,StaticSemantic,1.2,reuse_intensive,dispatcher_arrival,38261,197,1,947483498426156190,tombstone,1789732573.0039237,1789732651.0967593,0,64
20260726_formal4t4_reuse_intensive_Adaptive@rho1.2_c01024_theta30_rep4,4,Adaptive@rho1.2_c01024_theta30,Adaptive,1.2,reuse_intensive,dispatcher_arrival,38262,0,0,15769623694692820738,upsert,1789732675.059655,1789732702.2078094,8192,64
20260726_formal4t4_reuse_intensive_Adaptive@rho1.2_c01024_theta30_rep4,4,Adaptive@rho1.2_c01024_theta30,Adaptive,1.2,reuse_intensive,dispatcher_arrival,38262,3,3,15769623694692820738,upsert,1789732675.0598345,1789732709.4300523,8192,64
20260726_formal4t4_reuse_intensive_Adaptive@rho1.2_c01024_theta30_rep4,4,Adaptive@rho1.2_c01024_theta30,Adaptive,1.2,reuse_intensive,dispatcher_arrival,38262,4,0,12613465747135452669,upsert,1789732688.2542832,1789732709.4301534,8192,64
20260726_formal4t4_reuse_intensive_Adaptive@rho1.2_c01024_theta30_rep4,4,Adaptive@rho1.2_c01024_theta30,Adaptive,1.2,reuse_intensive,dispatcher_arrival,38262,7,3,12613465747135452669,upsert,1789732688.2544553,1789732731.2078187,8192,64
20260726_formal4t4_reuse_intensive_Adaptive@rho1.2_c01024_theta30_rep4,4,Adaptive@rho1.2_c01024_theta30,Adaptive,1.2,reuse_intensive,dispatcher_arrival,38262,8,0,12523743054995375112,upsert,1789732700.473871,1789732742.0966477,8192,64
20260726_formal4t4_reuse_intensive_Adaptive@rho1.2_c01024_theta30_rep4,4,Adaptive@rho1.2_c01024_theta30,Adaptive,1.2,reuse_intensive,dispatcher_arrival,38262,10,2,12523743054995375112,upsert,1789732700.474017,1789732756.6522577,8192,64
20260726_formal4t4_reuse_intensive_Adaptive@rho1.2_c01024_theta30_rep4,4,Adaptive@rho1.2_c01024_theta30,Adaptive,1.2,reuse_intensive,dispatcher_arrival,38262,12,0,9971321710674973507,upsert,1789732701.9048562,1789732756.6523652,2048,64
20260726_formal4t4_reuse_intensive_Adaptive@rho1.2_c01024_theta30_rep4,4,Adaptive@rho1.2_c01024_theta30,Adaptive,1.2,reuse_intensive,dispatcher_arrival,38262,16,0,4650049274038987083,upsert,1789732715.506241,1789732771.7633028,8192,64
20260726_formal4t4_reuse_intensive_Adaptive@rho1.2_c01024_theta30_rep4,4,Adaptive@rho1.2_c01024_theta30,Adaptive,1.2,reuse_intensive,dispatcher_arrival,38262,19,3,4650049274038987083,upsert,1789732715.506415,1789732782.6523063,8192,64
20260726_formal4t4_reuse_intensive_Adaptive@rho1.2_c01024_theta30_rep4,4,Adaptive@rho1.2_c01024_theta30,Adaptive,1.2,reuse_intensive,dispatcher_arrival,38262,24,0,10402019323283478844,upsert,1789732743.576405,1789732797.2077687,8192,64
20260726_formal4t4_reuse_intensive_Adaptive@rho1.2_c01024_theta30_rep4,4,Adaptive@rho1.2_c01024_theta30,Adaptive,1.2,reuse_intensive,dispatcher_arrival,38262,27,3,10402019323283478844,upsert,1789732743.576581,1789732797.2078755,8192,64
20260726_formal4t4_reuse_intensive_Adaptive@rho1.2_c01024_theta30_rep4,4,Adaptive@rho1.2_c01024_theta30,Adaptive,1.2,reuse_intensive,dispatcher_arrival,38262,28,0,14064140743279553366,upsert,1789732757.8894596,1789732811.6522148,8192,64
20260726_formal4t4_reuse_intensive_Adaptive@rho1.2_c01024_theta30_rep4,4,Adaptive@rho1.2_c01024_theta30,Adaptive,1.2,reuse_intensive,dispatcher_arrival,38262,32,0,12376960631178457983,upsert,1789732772.1954112,1789732822.5411525,8192,64
20260726_formal4t4_reuse_intensive_Adaptive@rho1.2_c01024_theta30_rep4,4,Adaptive@rho1.2_c01024_theta30,Adaptive,1.2,reuse_intensive,dispatcher_arrival,38262,36,0,947483498426156190,upsert,1789732785.2949753,1789732837.0966759,8192,64
20260726_formal4t4_reuse_intensive_Adaptive@rho1.2_c01024_theta30_rep4,4,Adaptive@rho1.2_c01024_theta30,Adaptive,1.2,reuse_intensive,dispatcher_arrival,38262,39,3,947483498426156190,upsert,1789732785.2951496,1789732837.0967774,8192,64
20260726_formal4t4_reuse_intensive_Adaptive@rho1.2_c01024_theta30_rep4,4,Adaptive@rho1.2_c01024_theta30,Adaptive,1.2,reuse_intensive,dispatcher_arrival,38262,40,0,3073007241776570211,upsert,1789732798.8660212,1789732851.5410922,8192,64
20260726_formal4t4_reuse_intensive_Adaptive@rho1.2_c01024_theta30_rep4,4,Adaptive@rho1.2_c01024_theta30,Adaptive,1.2,reuse_intensive,dispatcher_arrival,38262,44,0,14108233664250482536,upsert,1789732812.6822138,1789732862.430036,8192,64
20260726_formal4t4_reuse_intensive_Adaptive@rho1.2_c01024_theta30_rep4,4,Adaptive@rho1.2_c01024_theta30,Adaptive,1.2,reuse_intensive,dispatcher_arrival,38262,61,0,15769623694692820738,tombstone,1789732831.9014146,1789732876.9855278,0,64
20260726_formal4t4_reuse_intensive_Adaptive@rho1.2_c01024_theta30_rep4,4,Adaptive@rho1.2_c01024_theta30,Adaptive,1.2,reuse_intensive,dispatcher_arrival,38262,63,1,15769623694692820738,tombstone,1789732831.901502,1789732876.9856372,0,64
20260726_formal4t4_reuse_intensive_Adaptive@rho1.2_c01024_theta30_rep4,4,Adaptive@rho1.2_c01024_theta30,Adaptive,1.2,reuse_intensive,dispatcher_arrival,38262,65,2,15769623694692820738,tombstone,1789732831.9015741,1789732891.4299707,0,64
20260726_formal4t4_reuse_intensive_Adaptive@rho1.2_c01024_theta30_rep4,4,Adaptive@rho1.2_c01024_theta30,Adaptive,1.2,reuse_intensive,dispatcher_arrival,38262,67,3,15769623694692820738,tombstone,1789732831.901642,1789732902.3188963,0,64
20260726_formal4t4_reuse_intensive_Adaptive@rho1.2_c01024_theta30_rep4,4,Adaptive@rho1.2_c01024_theta30,Adaptive,1.2,reuse_intensive,dispatcher_arrival,38262,69,0,12613465747135452669,tombstone,1789732862.9881878,1789732916.8744223,0,64
20260726_formal4t4_reuse_intensive_Adaptive@rho1.2_c01024_theta30_rep4,4,Adaptive@rho1.2_c01024_theta30,Adaptive,1.2,reuse_intensive,dispatcher_arrival,38262,72,0,12523743054995375112,tombstone,1789732862.9883223,1789732916.8745131,0,64
20260726_formal4t4_reuse_intensive_Adaptive@rho1.2_c01024_theta30_rep4,4,Adaptive@rho1.2_c01024_theta30,Adaptive,1.2,reuse_intensive,dispatcher_arrival,38262,82,3,12523743054995375112,tombstone,1789732874.2147563,1789732931.3189132,0,64
20260726_formal4t4_reuse_intensive_Adaptive@rho1.2_c01024_theta30_rep4,4,Adaptive@rho1.2_c01024_theta30,Adaptive,1.2,reuse_intensive,dispatcher_arrival,38262,96,3,9971321710674973507,tombstone,1789732891.782631,1789732942.2077513,0,64
20260726_formal4t4_reuse_intensive_Adaptive@rho1.2_c01024_theta30_rep4,4,Adaptive@rho1.2_c01024_theta30,Adaptive,1.2,reuse_intensive,dispatcher_arrival,38262,98,0,9971321710674973507,tombstone,1789732891.7834804,1789732953.0967104,0,64
20260726_formal4t4_reuse_intensive_Adaptive@rho1.2_c01024_theta30_rep4,4,Adaptive@rho1.2_c01024_theta30,Adaptive,1.2,reuse_intensive,dispatcher_arrival,38262,103,1,12613465747135452669,tombstone,1789732904.22819,1789732953.0968034,0,64
20260726_formal4t4_reuse_intensive_Adaptive@rho1.2_c01024_theta30_rep4,4,Adaptive@rho1.2_c01024_theta30,Adaptive,1.2,reuse_intensive,dispatcher_arrival,38262,108,2,12613465747135452669,tombstone,1789732916.428487,1789732967.5411143,0,64
20260726_formal4t4_reuse_intensive_Adaptive@rho1.2_c01024_theta30_rep4,4,Adaptive@rho1.2_c01024_theta30,Adaptive,1.2,reuse_intensive,dispatcher_arrival,38262,111,3,4650049274038987083,tombstone,1789732916.4297657,1789732978.4300134,0,64
20260726_formal4t4_reuse_intensive_Adaptive@rho1.2_c01024_theta30_rep4,4,Adaptive@rho1.2_c01024_theta30,Adaptive,1.2,reuse_intensive,dispatcher_arrival,38262,113,2,9971321710674973507,tombstone,1789732928.6678886,1789732989.3188965,0,64
20260726_formal4t4_reuse_intensive_Adaptive@rho1.2_c01024_theta30_rep4,4,Adaptive@rho1.2_c01024_theta30,Adaptive,1.2,reuse_intensive,dispatcher_arrival,38262,115,0,4650049274038987083,tombstone,1789732928.6686673,1789732989.318985,0,64
20260726_formal4t4_reuse_intensive_Adaptive@rho1.2_c01024_theta30_rep4,4,Adaptive@rho1.2_c01024_theta30,Adaptive,1.2,reuse_intensive,dispatcher_arrival,38262,118,1,12523743054995375112,tombstone,1789732928.6699412,1789733003.763358,0,64
20260726_formal4t4_reuse_intensive_Adaptive@rho1.2_c01024_theta30_rep4,4,Adaptive@rho1.2_c01024_theta30,Adaptive,1.2,reuse_intensive,dispatcher_arrival,38262,120,3,3163096543987652428,tombstone,1789732941.7185957,1789733014.6522682,0,64
20260726_formal4t4_reuse_intensive_Adaptive@rho1.2_c01024_theta30_rep4,4,Adaptive@rho1.2_c01024_theta30,Adaptive,1.2,reuse_intensive,dispatcher_arrival,38262,124,1,9971321710674973507,tombstone,1789732941.7206082,1789733025.541128,0,64
20260726_formal4t4_reuse_intensive_Adaptive@rho1.2_c01024_theta30_rep4,4,Adaptive@rho1.2_c01024_theta30,Adaptive,1.2,reuse_intensive,dispatcher_arrival,38262,126,0,947483498426156190,tombstone,1789732956.498699,1789733025.5412395,0,64
20260726_formal4t4_reuse_intensive_Adaptive@rho1.2_c01024_theta30_rep4,4,Adaptive@rho1.2_c01024_theta30,Adaptive,1.2,reuse_intensive,dispatcher_arrival,38262,129,2,4650049274038987083,tombstone,1789732956.5002782,1789733039.985549,0,64
20260726_formal4t4_reuse_intensive_Adaptive@rho1.2_c01024_theta30_rep4,4,Adaptive@rho1.2_c01024_theta30,Adaptive,1.2,reuse_intensive,dispatcher_arrival,38262,135,0,14774026810505956694,tombstone,1789732970.3390625,1789733050.874482,0,64
20260726_formal4t4_reuse_intensive_Adaptive@rho1.2_c01024_theta30_rep4,4,Adaptive@rho1.2_c01024_theta30,Adaptive,1.2,reuse_intensive,dispatcher_arrival,38262,136,0,5281956220402968541,tombstone,1789732970.339094,1789733061.7633405,0,64
20260726_formal4t4_reuse_intensive_Adaptive@rho1.2_c01024_theta30_rep4,4,Adaptive@rho1.2_c01024_theta30,Adaptive,1.2,reuse_intensive,dispatcher_arrival,38262,137,0,1785562587857272681,tombstone,1789732970.339123,1789733061.7634325,0,64
20260726_formal4t4_reuse_intensive_Adaptive@rho1.2_c01024_theta30_rep4,4,Adaptive@rho1.2_c01024_theta30,Adaptive,1.2,reuse_intensive,dispatcher_arrival,38262,138,0,1610475058989402671,tombstone,1789732970.3391507,1789733076.2077975,0,64
20260726_formal4t4_reuse_intensive_Adaptive@rho1.2_c01024_theta30_rep4,4,Adaptive@rho1.2_c01024_theta30,Adaptive,1.2,reuse_intensive,dispatcher_arrival,38262,140,3,14064140743279553366,tombstone,1789732982.7588596,1789733087.0966628,0,64
20260726_formal4t4_reuse_intensive_Adaptive@rho1.2_c01024_theta30_rep4,4,Adaptive@rho1.2_c01024_theta30,Adaptive,1.2,reuse_intensive,dispatcher_arrival,38262,145,0,17730309890119328358,tombstone,1789732999.1083484,1789733097.985603,0,64
20260726_formal4t4_reuse_intensive_Adaptive@rho1.2_c01024_theta30_rep4,4,Adaptive@rho1.2_c01024_theta30,Adaptive,1.2,reuse_intensive,dispatcher_arrival,38262,147,3,12376960631178457983,tombstone,1789732999.1090941,1789733097.9857037,0,64
20260726_formal4t4_reuse_intensive_Adaptive@rho1.2_c01024_theta30_rep4,4,Adaptive@rho1.2_c01024_theta30,Adaptive,1.2,reuse_intensive,dispatcher_arrival,38262,151,1,4650049274038987083,tombstone,1789733012.7356398,1789733112.4300106,0,64
20260726_formal4t4_reuse_intensive_Adaptive@rho1.2_c01024_theta30_rep4,4,Adaptive@rho1.2_c01024_theta30,Adaptive,1.2,reuse_intensive,dispatcher_arrival,38262,153,2,10402019323283478844,tombstone,1789733012.7364838,1789733123.318878,0,64
20260726_formal4t4_reuse_intensive_Adaptive@rho1.2_c01024_theta30_rep4,4,Adaptive@rho1.2_c01024_theta30,Adaptive,1.2,reuse_intensive,dispatcher_arrival,38262,155,3,3073007241776570211,tombstone,1789733012.7372482,1789733134.2078028,0,64
20260726_formal4t4_reuse_intensive_Adaptive@rho1.2_c01024_theta30_rep4,4,Adaptive@rho1.2_c01024_theta30,Adaptive,1.2,reuse_intensive,dispatcher_arrival,38262,157,0,15769623694692820738,tombstone,1789733012.737952,1789733134.2079024,0,64
20260726_formal4t4_reuse_intensive_Adaptive@rho1.2_c01024_theta30_rep4,4,Adaptive@rho1.2_c01024_theta30,Adaptive,1.2,reuse_intensive,dispatcher_arrival,38262,159,1,3163096543987652428,tombstone,1789733025.103067,1789733148.652263,0,64
20260726_formal4t4_reuse_intensive_Adaptive@rho1.2_c01024_theta30_rep4,4,Adaptive@rho1.2_c01024_theta30,Adaptive,1.2,reuse_intensive,dispatcher_arrival,38262,161,3,14108233664250482536,tombstone,1789733025.1038184,1789733159.5411148,0,64
20260726_formal4t4_reuse_intensive_Adaptive@rho1.2_c01024_theta30_rep4,4,Adaptive@rho1.2_c01024_theta30,Adaptive,1.2,reuse_intensive,dispatcher_arrival,38262,163,2,14064140743279553366,tombstone,1789733025.1044738,1789733170.430015,0,64
20260726_formal4t4_reuse_intensive_Adaptive@rho1.2_c01024_theta30_rep4,4,Adaptive@rho1.2_c01024_theta30,Adaptive,1.2,reuse_intensive,dispatcher_arrival,38262,165,0,3163096543987652428,tombstone,1789733025.105105,1789733170.4301074,0,64
20260726_formal4t4_reuse_intensive_Adaptive@rho1.2_c01024_theta30_rep4,4,Adaptive@rho1.2_c01024_theta30,Adaptive,1.2,reuse_intensive,dispatcher_arrival,38262,168,0,12376960631178457983,tombstone,1789733038.8784554,1789733184.874419,0,64
