experiment_id,rep,cell_id,policy,rho,workload,event,cell,update_id,owner,prefix_digest64,op,generation_time,dispatcher_arrival_time,coverage_tokens,payload_bytes
20260726_formal4t4_reuse_intensive_Adaptive@rho1.2_c01024_theta30_rep0,0,Adaptive@rho1.2_c01024_theta30,Adaptive,1.2,reuse_intensive,dispatcher_arrival,43507,0,0,15769623694692820738,upsert,1789714237.967998,1789714237.9709635,2048,64
20260726_formal4t4_reuse_intensive_Adaptive@rho1.2_c01024_theta30_rep0,0,Adaptive@rho1.2_c01024_theta30,Adaptive,1.2,reuse_intensive,dispatcher_arrival,43507,2,2,15769623694692820738,upsert,1789714237.968152,1789714237.9710727,2048,64
20260726_formal4t4_reuse_intensive_Adaptive@rho1.2_c01024_theta30_rep0,0,Adaptive@rho1.2_c01024_theta30,Adaptive,1.2,reuse_intensive,dispatcher_arrival,43507,4,0,12613465747135452669,upsert,1789714240.7923362,1789714240.7953331,2048,64
20260726_formal4t4_reuse_intensive_Adaptive@rho1.2_c01024_theta30_rep0,0,Adaptive@rho1.2_c01024_theta30,Adaptive,1.2,reuse_intensive,dispatcher_arrival,43507,7,3,12613465747135452669,upsert,1789714240.7925248,1789714240.7954204,2048,64
20260726_formal4t4_reuse_intensive_Adaptive@rho1.2_c01024_theta30_rep0,0,Adaptive@rho1.2_c01024_theta30,Adaptive,1.2,reuse_intensive,dispatcher_arrival,43507,8,0,12523743054995375112,upsert,1789714243.380813,1789714243.383748,2048,64
20260726_formal4t4_reuse_intensive_Adaptive@rho1.2_c01024_theta30_rep0,0,Adaptive@rho1.2_c01024_theta30,Adaptive,1.2,reuse_intensive,dispatcher_arrival,43507,11,3,12523743054995375112,upsert,1789714243.3809917,1789714243.3838274,2048,64
20260726_formal4t4_reuse_intensive_Adaptive@rho1.2_c01024_theta30_rep0,0,Adaptive@rho1.2_c01024_theta30,Adaptive,1.2,reuse_intensive,dispatcher_arrival,43507,12,0,9971321710674973507,upsert,1789714246.1887598,1789714246.191644,2048,64
20260726_formal4t4_reuse_intensive_Adaptive@rho1.2_c01024_theta30_rep0,0,Adaptive@rho1.2_c01024_theta30,Adaptive,1.2,reuse_intensive,dispatcher_arrival,43507,15,3,9971321710674973507,upsert,1789714246.188938,1789714246.1917224,2048,64
20260726_formal4t4_reuse_intensive_Adaptive@rho1.2_c01024_theta30_rep0,0,Adaptive@rho1.2_c01024_theta30,Adaptive,1.2,reuse_intensive,dispatcher_arrival,43507,16,0,4650049274038987083,upsert,1789714249.1255505,1789714249.128423,2048,64
20260726_formal4t4_reuse_intensive_Adaptive@rho1.2_c01024_theta30_rep0,0,Adaptive@rho1.2_c01024_theta30,Adaptive,1.2,reuse_intensive,dispatcher_arrival,43507,17,1,4650049274038987083,upsert,1789714249.1256435,1789714249.1285057,2048,64
20260726_formal4t4_reuse_intensive_Adaptive@rho1.2_c01024_theta30_rep0,0,Adaptive@rho1.2_c01024_theta30,Adaptive,1.2,reuse_intensive,dispatcher_arrival,43507,20,0,3163096543987652428,upsert,1789714251.962869,1789714251.9652233,2048,64
20260726_formal4t4_reuse_intensive_Adaptive@rho1.2_c01024_theta30_rep0,0,Adaptive@rho1.2_c01024_theta30,Adaptive,1.2,reuse_intensive,dispatcher_arrival,43507,21,1,3163096543987652428,upsert,1789714251.9629664,1789714251.9652724,2048,64
20260726_formal4t4_reuse_intensive_Adaptive@rho1.2_c01024_theta30_rep0,0,Adaptive@rho1.2_c01024_theta30,Adaptive,1.2,reuse_intensive,dispatcher_arrival,43507,24,0,10402019323283478844,upsert,1789714254.9500265,1789714254.951879,2048,64
20260726_formal4t4_reuse_intensive_Adaptive@rho1.2_c01024_theta30_rep0,0,Adaptive@rho1.2_c01024_theta30,Adaptive,1.2,reuse_intensive,dispatcher_arrival,43507,27,3,10402019323283478844,upsert,1789714254.9501474,1789714254.9519308,2048,64
20260726_formal4t4_reuse_intensive_Adaptive@rho1.2_c01024_theta30_rep0,0,Adaptive@rho1.2_c01024_theta30,Adaptive,1.2,reuse_intensive,dispatcher_arrival,43507,28,0,14064140743279553366,upsert,1789714257.9827971,1789714257.9856937,2048,64
20260726_formal4t4_reuse_intensive_Adaptive@rho1.2_c01024_theta30_rep0,0,Adaptive@rho1.2_c01024_theta30,Adaptive,1.2,reuse_intensive,dispatcher_arrival,43507,31,3,14064140743279553366,upsert,1789714257.9829748,1789714257.9857621,2048,64
20260726_formal4t4_reuse_intensive_Adaptive@rho1.2_c01024_theta30_rep0,0,Adaptive@rho1.2_c01024_theta30,Adaptive,1.2,reuse_intensive,dispatcher_arrival,43507,32,0,12376960631178457983,upsert,1789714260.9624593,1789714264.9851449,2048,64
20260726_formal4t4_reuse_intensive_Adaptive@rho1.2_c01024_theta30_rep0,0,Adaptive@rho1.2_c01024_theta30,Adaptive,1.2,reuse_intensive,dispatcher_arrival,43507,35,3,12376960631178457983,upsert,1789714260.9626353,1789714266.8161016,2048,64
20260726_formal4t4_reuse_intensive_Adaptive@rho1.2_c01024_theta30_rep0,0,Adaptive@rho1.2_c01024_theta30,Adaptive,1.2,reuse_intensive,dispatcher_arrival,43507,36,0,947483498426156190,upsert,1789714263.986397,1789714270.4781048,2048,64
20260726_formal4t4_reuse_intensive_Adaptive@rho1.2_c01024_theta30_rep0,0,Adaptive@rho1.2_c01024_theta30,Adaptive,1.2,reuse_intensive,dispatcher_arrival,43507,39,3,947483498426156190,upsert,1789714263.9865718,1789714270.4781468,2048,64
20260726_formal4t4_reuse_intensive_Adaptive@rho1.2_c01024_theta30_rep0,0,Adaptive@rho1.2_c01024_theta30,Adaptive,1.2,reuse_intensive,dispatcher_arrival,43507,40,0,3073007241776570211,upsert,1789714266.9009037,1789714277.9992158,2048,64
20260726_formal4t4_reuse_intensive_Adaptive@rho1.2_c01024_theta30_rep0,0,Adaptive@rho1.2_c01024_theta30,Adaptive,1.2,reuse_intensive,dispatcher_arrival,43507,43,3,3073007241776570211,upsert,1789714266.9010756,1789714277.999292,2048,64
20260726_formal4t4_reuse_intensive_Adaptive@rho1.2_c01024_theta30_rep0,0,Adaptive@rho1.2_c01024_theta30,Adaptive,1.2,reuse_intensive,dispatcher_arrival,43507,44,0,14108233664250482536,upsert,1789714269.7999153,1789714282.9287543,2048,64
20260726_formal4t4_reuse_intensive_Adaptive@rho1.2_c01024_theta30_rep0,0,Adaptive@rho1.2_c01024_theta30,Adaptive,1.2,reuse_intensive,dispatcher_arrival,43507,47,3,14108233664250482536,upsert,1789714269.80009,1789714282.9288557,2048,64
20260726_formal4t4_reuse_intensive_Adaptive@rho1.2_c01024_theta30_rep0,0,Adaptive@rho1.2_c01024_theta30,Adaptive,1.2,reuse_intensive,dispatcher_arrival,43507,48,0,14774026810505956694,upsert,1789714272.7464564,1789714287.5203688,2048,64
20260726_formal4t4_reuse_intensive_Adaptive@rho1.2_c01024_theta30_rep0,0,Adaptive@rho1.2_c01024_theta30,Adaptive,1.2,reuse_intensive,dispatcher_arrival,43507,49,1,14774026810505956694,upsert,1789714272.7465472,1789714287.5204537,2048,64
20260726_formal4t4_reuse_intensive_Adaptive@rho1.2_c01024_theta30_rep0,0,Adaptive@rho1.2_c01024_theta30,Adaptive,1.2,reuse_intensive,dispatcher_arrival,43507,52,0,5281956220402968541,upsert,1789714275.5203974,1789714292.2808852,2048,64
20260726_formal4t4_reuse_intensive_Adaptive@rho1.2_c01024_theta30_rep0,0,Adaptive@rho1.2_c01024_theta30,Adaptive,1.2,reuse_intensive,dispatcher_arrival,43507,53,1,5281956220402968541,upsert,1789714275.5205007,1789714292.2809663,2048,64
20260726_formal4t4_reuse_intensive_Adaptive@rho1.2_c01024_theta30_rep0,0,Adaptive@rho1.2_c01024_theta30,Adaptive,1.2,reuse_intensive,dispatcher_arrival,43507,56,0,1785562587857272681,upsert,1789714278.5142326,1789714296.8724537,2048,64
20260726_formal4t4_reuse_intensive_Adaptive@rho1.2_c01024_theta30_rep0,0,Adaptive@rho1.2_c01024_theta30,Adaptive,1.2,reuse_intensive,dispatcher_arrival,43507,57,1,1785562587857272681,upsert,1789714278.5143235,1789714296.8725352,2048,64
20260726_formal4t4_reuse_intensive_Adaptive@rho1.2_c01024_theta30_rep0,0,Adaptive@rho1.2_c01024_theta30,Adaptive,1.2,reuse_intensive,dispatcher_arrival,43507,72,0,947483498426156190,upsert,1789714286.022091,1789714301.463988,2048,64
20260726_formal4t4_reuse_intensive_Adaptive@rho1.2_c01024_theta30_rep0,0,Adaptive@rho1.2_c01024_theta30,Adaptive,1.2,reuse_intensive,dispatcher_arrival,43507,76,1,3163096543987652428,upsert,1789714288.84196,1789714301.4640841,2048,64
20260726_formal4t4_reuse_intensive_Adaptive@rho1.2_c01024_theta30_rep0,0,Adaptive@rho1.2_c01024_theta30,Adaptive,1.2,reuse_intensive,dispatcher_arrival,43507,96,2,11074190661555870271,upsert,1789714296.4895077,1789714306.0555294,2048,64
20260726_formal4t4_reuse_intensive_Adaptive@rho1.2_c01024_theta30_rep0,0,Adaptive@rho1.2_c01024_theta30,Adaptive,1.2,reuse_intensive,dispatcher_arrival,43507,97,3,12613465747135452669,upsert,1789714296.489671,1789714306.055611,2048,64
20260726_formal4t4_reuse_intensive_Adaptive@rho1.2_c01024_theta30_rep0,0,Adaptive@rho1.2_c01024_theta30,Adaptive,1.2,reuse_intensive,dispatcher_arrival,43507,99,1,5281956220402968541,upsert,1789714296.4898667,1789714310.6471138,2048,64
20260726_formal4t4_reuse_intensive_Adaptive@rho1.2_c01024_theta30_rep0,0,Adaptive@rho1.2_c01024_theta30,Adaptive,1.2,reuse_intensive,dispatcher_arrival,43507,112,0,3073007241776570211,upsert,1789714299.8924484,1789714310.647222,2048,64
20260726_formal4t4_reuse_intensive_Adaptive@rho1.2_c01024_theta30_rep0,0,Adaptive@rho1.2_c01024_theta30,Adaptive,1.2,reuse_intensive,dispatcher_arrival,43507,113,3,9971321710674973507,upsert,1789714299.8927484,1789714315.238703,2048,64
20260726_formal4t4_reuse_intensive_Adaptive@rho1.2_c01024_theta30_rep0,0,Adaptive@rho1.2_c01024_theta30,Adaptive,1.2,reuse_intensive,dispatcher_arrival,43507,115,3,10402019323283478844,upsert,1789714299.8932016,1789714315.2387865,2048,64
20260726_formal4t4_reuse_intensive_Adaptive@rho1.2_c01024_theta30_rep0,0,Adaptive@rho1.2_c01024_theta30,Adaptive,1.2,reuse_intensive,dispatcher_arrival,43507,118,0,9971321710674973507,upsert,1789714302.5349112,1789714319.8302495,2048,64
20260726_formal4t4_reuse_intensive_Adaptive@rho1.2_c01024_theta30_rep0,0,Adaptive@rho1.2_c01024_theta30,Adaptive,1.2,reuse_intensive,dispatcher_arrival,43507,120,0,12523743054995375112,upsert,1789714303.355193,1789714319.8303285,2048,64
20260726_formal4t4_reuse_intensive_Adaptive@rho1.2_c01024_theta30_rep0,0,Adaptive@rho1.2_c01024_theta30,Adaptive,1.2,reuse_intensive,dispatcher_arrival,43507,130,2,5375664322877317861,upsert,1789714309.1957839,1789714324.421692,2048,64
20260726_formal4t4_reuse_intensive_Adaptive@rho1.2_c01024_theta30_rep0,0,Adaptive@rho1.2_c01024_theta30,Adaptive,1.2,reuse_intensive,dispatcher_arrival,43507,133,2,5080278736125677280,upsert,1789714312.0318656,1789714324.4217348,2048,64
20260726_formal4t4_reuse_intensive_Adaptive@rho1.2_c01024_theta30_rep0,0,Adaptive@rho1.2_c01024_theta30,Adaptive,1.2,reuse_intensive,dispatcher_arrival,43507,140,0,17846715708891391149,upsert,1789714317.6978347,1789714328.0837457,2048,64
20260726_formal4t4_reuse_intensive_Adaptive@rho1.2_c01024_theta30_rep0,0,Adaptive@rho1.2_c01024_theta30,Adaptive,1.2,reuse_intensive,dispatcher_arrival,43507,141,1,11821849661176330329,upsert,1789714317.6982937,1789714328.083825,2048,64
20260726_formal4t4_reuse_intensive_Adaptive@rho1.2_c01024_theta30_rep0,0,Adaptive@rho1.2_c01024_theta30,Adaptive,1.2,reuse_intensive,dispatcher_arrival,43507,144,0,3653934292717507175,upsert,1789714320.7167573,1789714331.7457213,2048,64
20260726_formal4t4_reuse_intensive_Adaptive@rho1.2_c01024_theta30_rep0,0,Adaptive@rho1.2_c01024_theta30,Adaptive,1.2,reuse_intensive,dispatcher_arrival,43507,146,1,11821849661176330329,upsert,1789714320.7173393,1789714331.7458017,2048,64
20260726_formal4t4_reuse_intensive_Adaptive@rho1.2_c01024_theta30_rep0,0,Adaptive@rho1.2_c01024_theta30,Adaptive,1.2,reuse_intensive,dispatcher_arrival,43507,149,3,3566375612704271676,upsert,1789714323.7150407,1789714335.407673,2048,64
20260726_formal4t4_reuse_intensive_Adaptive@rho1.2_c01024_theta30_rep0,0,Adaptive@rho1.2_c01024_theta30,Adaptive,1.2,reuse_intensive,dispatcher_arrival,43507,150,1,5080278736125677280,upsert,1789714323.7152917,1789714335.4077523,2048,64
20260726_formal4t4_reuse_intensive_Adaptive@rho1.2_c01024_theta30_rep0,0,Adaptive@rho1.2_c01024_theta30,Adaptive,1.2,reuse_intensive,dispatcher_arrival,43507,151,2,5080278736125677280,upsert,1789714323.7155068,1789714339.0696557,2048,64
20260726_formal4t4_reuse_intensive_Adaptive@rho1.2_c01024_theta30_rep0,0,Adaptive@rho1.2_c01024_theta30,Adaptive,1.2,reuse_intensive,dispatcher_arrival,43507,154,2,2615785228242663478,upsert,1789714326.5542598,1789714339.0697343,2048,64
20260726_formal4t4_reuse_intensive_Adaptive@rho1.2_c01024_theta30_rep0,0,Adaptive@rho1.2_c01024_theta30,Adaptive,1.2,reuse_intensive,dispatcher_arrival,43507,157,2,8844125626369699122,upsert,1789714329.6036232,1789714342.731622,2048,64
20260726_formal4t4_reuse_intensive_Adaptive@rho1.2_c01024_theta30_rep0,0,Adaptive@rho1.2_c01024_theta30,Adaptive,1.2,reuse_intensive,dispatcher_arrival,43507,159,3,8870018519622387243,upsert,1789714329.6038325,1789714342.7316995,2048,64
20260726_formal4t4_reuse_intensive_Adaptive@rho1.2_c01024_theta30_rep0,0,Adaptive@rho1.2_c01024_theta30,Adaptive,1.2,reuse_intensive,dispatcher_arrival,43507,162,1,11821849661176330329,upsert,1789714332.3468678,1789714346.3936238,2048,64
20260726_formal4t4_reuse_intensive_Adaptive@rho1.2_c01024_theta30_rep0,0,Adaptive@rho1.2_c01024_theta30,Adaptive,1.2,reuse_intensive,dispatcher_arrival,43507,165,0,2763046690965461559,upsert,1789714335.7084424,1789714346.3937035,2048,64
20260726_formal4t4_reuse_intensive_Adaptive@rho1.2_c01024_theta30_rep0,0,Adaptive@rho1.2_c01024_theta30,Adaptive,1.2,reuse_intensive,dispatcher_arrival,43507,168,1,11592361518825428217,upsert,1789714338.749628,1789714350.0556016,2048,64
20260726_formal4t4_reuse_intensive_Adaptive@rho1.2_c01024_theta30_rep0,0,Adaptive@rho1.2_c01024_theta30,Adaptive,1.2,reuse_intensive,dispatcher_arrival,43507,170,2,12169285934737722315,upsert,1789714338.750197,1789714350.0557003,2048,64
20260726_formal4t4_reuse_intensive_Adaptive@rho1.2_c01024_theta30_rep0,0,Adaptive@rho1.2_c01024_theta30,Adaptive,1.2,reuse_intensive,dispatcher_arrival,43507,172,2,13844655051170110805,upsert,1789714341.5443523,1789714353.7175288,2048,64
20260726_formal4t4_reuse_intensive_Adaptive@rho1.2_c01024_theta30_rep0,0,Adaptive@rho1.2_c01024_theta30,Adaptive,1.2,reuse_intensive,dispatcher_arrival,43507,174,1,11821849661176330329,upsert,1789714341.5448997,1789714353.717609,2048,64
20260726_formal4t4_reuse_intensive_Adaptive@rho1.2_c01024_theta30_rep0,0,Adaptive@rho1.2_c01024_theta30,Adaptive,1.2,reuse_intensive,dispatcher_arrival,43507,175,0,13844655051170110805,upsert,1789714341.545124,1789714357.3795094,2048,64
20260726_formal4t4_reuse_intensive_Adaptive@rho1.2_c01024_theta30_rep0,0,Adaptive@rho1.2_c01024_theta30,Adaptive,1.2,reuse_intensive,dispatcher_arrival,43507,176,3,8870018519622387243,upsert,1789714344.1859481,1789714357.3795922,2048,64
20260726_formal4t4_reuse_intensive_Adaptive@rho1.2_c01024_theta30_rep0,0,Adaptive@rho1.2_c01024_theta30,Adaptive,1.2,reuse_intensive,dispatcher_arrival,43507,180,1,3610348553927340733,upsert,1789714347.3398275,1789714361.041473,2048,64
20260726_formal4t4_reuse_intensive_Adaptive@rho1.2_c01024_theta30_rep0,0,Adaptive@rho1.2_c01024_theta30,Adaptive,1.2,reuse_intensive,dispatcher_arrival,43507,181,2,13844655051170110805,upsert,1789714347.3401299,1789714361.0415637,2048,64
20260726_formal4t4_reuse_intensive_StaticSemantic@rho1.2_rep0,0,StaticSemantic@rho1.2,StaticSemantic,1.2,reuse_intensive,dispatcher_arrival,43508,0,0,15769623694692820738,upsert,1789714370.3939664,1789714370.3969104,2048,64
20260726_formal4t4_reuse_intensive_StaticSemantic@rho1.2_rep0,0,StaticSemantic@rho1.2,StaticSemantic,1.2,reuse_intensive,dispatcher_arrival,43508,2,2,15769623694692820738,upsert,1789714370.3941038,1789714371.2950442,2048,64
20260726_formal4t4_reuse_intensive_StaticSemantic@rho1.2_rep0,0,StaticSemantic@rho1.2,StaticSemantic,1.2,reuse_intensive,dispatcher_arrival,43508,4,0,12613465747135452669,upsert,1789714373.232982,1789714376.8162432,2048,64
20260726_formal4t4_reuse_intensive_StaticSemantic@rho1.2_rep0,0,StaticSemantic@rho1.2,StaticSemantic,1.2,reuse_intensive,dispatcher_arrival,43508,7,3,12613465747135452669,upsert,1789714373.233186,1789714378.6470618,2048,64
20260726_formal4t4_reuse_intensive_StaticSemantic@rho1.2_rep0,0,StaticSemantic@rho1.2,StaticSemantic,1.2,reuse_intensive,dispatcher_arrival,43508,8,0,12523743054995375112,upsert,1789714376.086526,1789714381.5766354,2048,64
20260726_formal4t4_reuse_intensive_StaticSemantic@rho1.2_rep0,0,StaticSemantic@rho1.2,StaticSemantic,1.2,reuse_intensive,dispatcher_arrival,43508,11,3,12523743054995375112,upsert,1789714376.086711,1789714381.576745,2048,64
20260726_formal4t4_reuse_intensive_StaticSemantic@rho1.2_rep0,0,StaticSemantic@rho1.2,StaticSemantic,1.2,reuse_intensive,dispatcher_arrival,43508,12,0,9971321710674973507,upsert,1789714378.8788695,1789714387.9992037,2048,64
20260726_formal4t4_reuse_intensive_StaticSemantic@rho1.2_rep0,0,StaticSemantic@rho1.2,StaticSemantic,1.2,reuse_intensive,dispatcher_arrival,43508,15,3,9971321710674973507,upsert,1789714378.879042,1789714387.9993026,2048,64
20260726_formal4t4_reuse_intensive_StaticSemantic@rho1.2_rep0,0,StaticSemantic@rho1.2,StaticSemantic,1.2,reuse_intensive,dispatcher_arrival,43508,16,0,4650049274038987083,upsert,1789714381.7614865,1789714392.590793,2048,64
20260726_formal4t4_reuse_intensive_StaticSemantic@rho1.2_rep0,0,StaticSemantic@rho1.2,StaticSemantic,1.2,reuse_intensive,dispatcher_arrival,43508,19,3,4650049274038987083,upsert,1789714381.761654,1789714392.5909102,2048,64
20260726_formal4t4_reuse_intensive_StaticSemantic@rho1.2_rep0,0,StaticSemantic@rho1.2,StaticSemantic,1.2,reuse_intensive,dispatcher_arrival,43508,20,0,3163096543987652428,upsert,1789714384.9319732,1789714397.351308,2048,64
20260726_formal4t4_reuse_intensive_StaticSemantic@rho1.2_rep0,0,StaticSemantic@rho1.2,StaticSemantic,1.2,reuse_intensive,dispatcher_arrival,43508,23,3,3163096543987652428,upsert,1789714384.9321506,1789714397.3514092,2048,64
20260726_formal4t4_reuse_intensive_StaticSemantic@rho1.2_rep0,0,StaticSemantic@rho1.2,StaticSemantic,1.2,reuse_intensive,dispatcher_arrival,43508,24,0,10402019323283478844,upsert,1789714387.778062,1789714401.942837,2048,64
20260726_formal4t4_reuse_intensive_StaticSemantic@rho1.2_rep0,0,StaticSemantic@rho1.2,StaticSemantic,1.2,reuse_intensive,dispatcher_arrival,43508,26,2,10402019323283478844,upsert,1789714387.778238,1789714401.9429398,2048,64
20260726_formal4t4_reuse_intensive_StaticSemantic@rho1.2_rep0,0,StaticSemantic@rho1.2,StaticSemantic,1.2,reuse_intensive,dispatcher_arrival,43508,28,0,14064140743279553366,upsert,1789714390.691482,1789714406.5344017,2048,64
20260726_formal4t4_reuse_intensive_StaticSemantic@rho1.2_rep0,0,StaticSemantic@rho1.2,StaticSemantic,1.2,reuse_intensive,dispatcher_arrival,43508,31,3,14064140743279553366,upsert,1789714390.6916585,1789714406.534498,2048,64
20260726_formal4t4_reuse_intensive_StaticSemantic@rho1.2_rep0,0,StaticSemantic@rho1.2,StaticSemantic,1.2,reuse_intensive,dispatcher_arrival,43508,32,0,12376960631178457983,upsert,1789714393.7875967,1789714411.1259282,2048,64
20260726_formal4t4_reuse_intensive_StaticSemantic@rho1.2_rep0,0,StaticSemantic@rho1.2,StaticSemantic,1.2,reuse_intensive,dispatcher_arrival,43508,35,3,12376960631178457983,upsert,1789714393.7877696,1789714411.1260316,2048,64
20260726_formal4t4_reuse_intensive_StaticSemantic@rho1.2_rep0,0,StaticSemantic@rho1.2,StaticSemantic,1.2,reuse_intensive,dispatcher_arrival,43508,36,0,947483498426156190,upsert,1789714396.7287529,1789714415.7174873,2048,64
20260726_formal4t4_reuse_intensive_StaticSemantic@rho1.2_rep0,0,StaticSemantic@rho1.2,StaticSemantic,1.2,reuse_intensive,dispatcher_arrival,43508,39,3,947483498426156190,upsert,1789714396.7289367,1789714415.7175956,2048,64
20260726_formal4t4_reuse_intensive_StaticSemantic@rho1.2_rep0,0,StaticSemantic@rho1.2,StaticSemantic,1.2,reuse_intensive,dispatcher_arrival,43508,40,0,3073007241776570211,upsert,1789714399.8229961,1789714420.3090189,2048,64
20260726_formal4t4_reuse_intensive_StaticSemantic@rho1.2_rep0,0,StaticSemantic@rho1.2,StaticSemantic,1.2,reuse_intensive,dispatcher_arrival,43508,43,3,3073007241776570211,upsert,1789714399.8232079,1789714420.3091226,2048,64
20260726_formal4t4_reuse_intensive_StaticSemantic@rho1.2_rep0,0,StaticSemantic@rho1.2,StaticSemantic,1.2,reuse_intensive,dispatcher_arrival,43508,44,0,14108233664250482536,upsert,1789714402.763214,1789714424.900588,2048,64
20260726_formal4t4_reuse_intensive_StaticSemantic@rho1.2_rep0,0,StaticSemantic@rho1.2,StaticSemantic,1.2,reuse_intensive,dispatcher_arrival,43508,45,1,14108233664250482536,upsert,1789714402.7633083,1789714424.9006827,2048,64
20260726_formal4t4_reuse_intensive_StaticSemantic@rho1.2_rep0,0,StaticSemantic@rho1.2,StaticSemantic,1.2,reuse_intensive,dispatcher_arrival,43508,48,0,14774026810505956694,upsert,1789714405.6725473,1789714429.4921503,2048,64
20260726_formal4t4_reuse_intensive_StaticSemantic@rho1.2_rep0,0,StaticSemantic@rho1.2,StaticSemantic,1.2,reuse_intensive,dispatcher_arrival,43508,49,1,14774026810505956694,upsert,1789714405.6726434,1789714429.4922762,2048,64
20260726_formal4t4_reuse_intensive_StaticSemantic@rho1.2_rep0,0,StaticSemantic@rho1.2,StaticSemantic,1.2,reuse_intensive,dispatcher_arrival,43508,52,0,5281956220402968541,upsert,1789714408.6485379,1789714433.1541033,2048,64
20260726_formal4t4_reuse_intensive_StaticSemantic@rho1.2_rep0,0,StaticSemantic@rho1.2,StaticSemantic,1.2,reuse_intensive,dispatcher_arrival,43508,54,2,5281956220402968541,upsert,1789714408.6486826,1789714433.1542206,2048,64
20260726_formal4t4_reuse_intensive_StaticSemantic@rho1.2_rep0,0,StaticSemantic@rho1.2,StaticSemantic,1.2,reuse_intensive,dispatcher_arrival,43508,56,0,1785562587857272681,upsert,1789714411.7531028,1789714436.816122,2048,64
20260726_formal4t4_reuse_intensive_StaticSemantic@rho1.2_rep0,0,StaticSemantic@rho1.2,StaticSemantic,1.2,reuse_intensive,dispatcher_arrival,43508,58,2,1785562587857272681,upsert,1789714411.7532637,1789714436.816236,2048,64
20260726_formal4t4_reuse_intensive_StaticSemantic@rho1.2_rep0,0,StaticSemantic@rho1.2,StaticSemantic,1.2,reuse_intensive,dispatcher_arrival,43508,60,0,1610475058989402671,upsert,1789714414.6147087,1789714440.4780915,2048,64
20260726_formal4t4_reuse_intensive_StaticSemantic@rho1.2_rep0,0,StaticSemantic@rho1.2,StaticSemantic,1.2,reuse_intensive,dispatcher_arrival,43508,63,3,1610475058989402671,upsert,1789714414.6148767,1789714440.4781973,2048,64
20260726_formal4t4_reuse_intensive_StaticSemantic@rho1.2_rep0,0,StaticSemantic@rho1.2,StaticSemantic,1.2,reuse_intensive,dispatcher_arrival,43508,68,3,14361523986587977395,upsert,1789714418.5285919,1789714444.140102,2048,64
20260726_formal4t4_reuse_intensive_StaticSemantic@rho1.2_rep0,0,StaticSemantic@rho1.2,StaticSemantic,1.2,reuse_intensive,dispatcher_arrival,43508,69,2,13367182244321225226,upsert,1789714418.5286925,1789714444.1402168,2048,64
20260726_formal4t4_reuse_intensive_StaticSemantic@rho1.2_rep0,0,StaticSemantic@rho1.2,StaticSemantic,1.2,reuse_intensive,dispatcher_arrival,43508,72,0,947483498426156190,upsert,1789714419.7933636,1789714447.8020234,2048,64
20260726_formal4t4_reuse_intensive_StaticSemantic@rho1.2_rep0,0,StaticSemantic@rho1.2,StaticSemantic,1.2,reuse_intensive,dispatcher_arrival,43508,75,0,12523743054995375112,upsert,1789714419.7935517,1789714447.802137,2048,64
20260726_formal4t4_reuse_intensive_StaticSemantic@rho1.2_rep0,0,StaticSemantic@rho1.2,StaticSemantic,1.2,reuse_intensive,dispatcher_arrival,43508,76,0,3163096543987652428,upsert,1789714422.7555854,1789714451.464006,2048,64
20260726_formal4t4_reuse_intensive_StaticSemantic@rho1.2_rep0,0,StaticSemantic@rho1.2,StaticSemantic,1.2,reuse_intensive,dispatcher_arrival,43508,79,1,7230541217248033124,upsert,1789714422.7557771,1789714451.4642575,2048,64
20260726_formal4t4_reuse_intensive_StaticSemantic@rho1.2_rep0,0,StaticSemantic@rho1.2,StaticSemantic,1.2,reuse_intensive,dispatcher_arrival,43508,77,3,4650049274038987083,upsert,1789714422.755685,1789714455.1259913,2048,64
20260726_formal4t4_reuse_intensive_StaticSemantic@rho1.2_rep0,0,StaticSemantic@rho1.2,StaticSemantic,1.2,reuse_intensive,dispatcher_arrival,43508,82,0,12376960631178457983,upsert,1789714423.5317206,1789714455.1260717,2048,64
20260726_formal4t4_reuse_intensive_StaticSemantic@rho1.2_rep0,0,StaticSemantic@rho1.2,StaticSemantic,1.2,reuse_intensive,dispatcher_arrival,43508,89,0,10402019323283478844,upsert,1789714425.2076883,1789714458.787897,2048,64
20260726_formal4t4_reuse_intensive_StaticSemantic@rho1.2_rep0,0,StaticSemantic@rho1.2,StaticSemantic,1.2,reuse_intensive,dispatcher_arrival,43508,95,1,16374985302794130926,upsert,1789714428.1072924,1789714458.7880087,2048,64
20260726_formal4t4_reuse_intensive_StaticSemantic@rho1.2_rep0,0,StaticSemantic@rho1.2,StaticSemantic,1.2,reuse_intensive,dispatcher_arrival,43508,96,1,11074190661555870271,upsert,1789714430.780327,1789714462.4499102,2048,64
20260726_formal4t4_reuse_intensive_StaticSemantic@rho1.2_rep0,0,StaticSemantic@rho1.2,StaticSemantic,1.2,reuse_intensive,dispatcher_arrival,43508,99,2,5281956220402968541,upsert,1789714430.7810562,1789714462.450012,2048,64
20260726_formal4t4_reuse_intensive_StaticSemantic@rho1.2_rep0,0,StaticSemantic@rho1.2,StaticSemantic,1.2,reuse_intensive,dispatcher_arrival,43508,101,0,14774026810505956694,upsert,1789714432.0004418,1789714466.1118588,2048,64
20260726_formal4t4_reuse_intensive_StaticSemantic@rho1.2_rep0,0,StaticSemantic@rho1.2,StaticSemantic,1.2,reuse_intensive,dispatcher_arrival,43508,102,0,14064140743279553366,upsert,1789714432.0006723,1789714466.1119525,2048,64
20260726_formal4t4_reuse_intensive_StaticSemantic@rho1.2_rep0,0,StaticSemantic@rho1.2,StaticSemantic,1.2,reuse_intensive,dispatcher_arrival,43508,104,3,12613465747135452669,upsert,1789714433.0400815,1789714469.7738287,2048,64
20260726_formal4t4_reuse_intensive_StaticSemantic@rho1.2_rep0,0,StaticSemantic@rho1.2,StaticSemantic,1.2,reuse_intensive,dispatcher_arrival,43508,112,3,3073007241776570211,upsert,1789714434.8697872,1789714469.7739289,2048,64
20260726_formal4t4_reuse_intensive_StaticSemantic@rho1.2_rep0,0,StaticSemantic@rho1.2,StaticSemantic,1.2,reuse_intensive,dispatcher_arrival,43508,113,0,9971321710674973507,upsert,1789714434.8700998,1789714473.435821,2048,64
20260726_formal4t4_reuse_intensive_StaticSemantic@rho1.2_rep0,0,StaticSemantic@rho1.2,StaticSemantic,1.2,reuse_intensive,dispatcher_arrival,43508,114,0,12613465747135452669,upsert,1789714434.870369,1789714473.4359083,2048,64
20260726_formal4t4_reuse_intensive_StaticSemantic@rho1.2_rep0,0,StaticSemantic@rho1.2,StaticSemantic,1.2,reuse_intensive,dispatcher_arrival,43508,115,2,10402019323283478844,upsert,1789714434.8706288,1789714477.0977652,2048,64
20260726_formal4t4_reuse_intensive_StaticSemantic@rho1.2_rep0,0,StaticSemantic@rho1.2,StaticSemantic,1.2,reuse_intensive,dispatcher_arrival,43508,116,3,13982934541694442251,upsert,1789714438.4387639,1789714477.0978541,2048,64
20260726_formal4t4_reuse_intensive_StaticSemantic@rho1.2_rep0,0,StaticSemantic@rho1.2,StaticSemantic,1.2,reuse_intensive,dispatcher_arrival,43508,118,3,9971321710674973507,upsert,1789714438.4393308,1789714480.7597742,2048,64
20260726_formal4t4_reuse_intensive_StaticSemantic@rho1.2_rep0,0,StaticSemantic@rho1.2,StaticSemantic,1.2,reuse_intensive,dispatcher_arrival,43508,121,2,15769623694692820738,upsert,1789714439.1455805,1789714480.7598684,2048,64
20260726_formal4t4_reuse_intensive_StaticSemantic@rho1.2_rep0,0,StaticSemantic@rho1.2,StaticSemantic,1.2,reuse_intensive,dispatcher_arrival,43508,122,0,15769623694692820738,upsert,1789714439.145809,1789714484.4218678,2048,64
20260726_formal4t4_reuse_intensive_StaticSemantic@rho1.2_rep0,0,StaticSemantic@rho1.2,StaticSemantic,1.2,reuse_intensive,dispatcher_arrival,43508,123,3,12523743054995375112,upsert,1789714439.1460211,1789714484.421977,2048,64
20260726_formal4t4_reuse_intensive_StaticSemantic@rho1.2_rep0,0,StaticSemantic@rho1.2,StaticSemantic,1.2,reuse_intensive,dispatcher_arrival,43508,125,0,15507369539614680842,upsert,1789714441.9048114,1789714488.0837471,2048,64
20260726_formal4t4_reuse_intensive_StaticSemantic@rho1.2_rep0,0,StaticSemantic@rho1.2,StaticSemantic,1.2,reuse_intensive,dispatcher_arrival,43508,126,1,16959770370201147106,upsert,1789714441.9050348,1789714488.0838563,2048,64
20260726_formal4t4_reuse_intensive_StaticSemantic@rho1.2_rep0,0,StaticSemantic@rho1.2,StaticSemantic,1.2,reuse_intensive,dispatcher_arrival,43508,128,2,14333057367934485678,upsert,1789714444.869653,1789714491.7456994,2048,64
20260726_formal4t4_reuse_intensive_StaticSemantic@rho1.2_rep0,0,StaticSemantic@rho1.2,StaticSemantic,1.2,reuse_intensive,dispatcher_arrival,43508,129,1,12103029824873703222,upsert,1789714444.869952,1789714491.7458084,2048,64
20260726_formal4t4_reuse_intensive_StaticSemantic@rho1.2_rep0,0,StaticSemantic@rho1.2,StaticSemantic,1.2,reuse_intensive,dispatcher_arrival,43508,130,0,5375664322877317861,upsert,1789714444.8702018,1789714495.4076722,2048,64
20260726_formal4t4_reuse_intensive_StaticSemantic@rho1.2_rep0,0,StaticSemantic@rho1.2,StaticSemantic,1.2,reuse_intensive,dispatcher_arrival,43508,134,0,4146034437482887754,upsert,1789714447.6799738,1789714495.4077392,2048,64
20260726_formal4t4_reuse_intensive_StaticSemantic@rho1.2_rep0,0,StaticSemantic@rho1.2,StaticSemantic,1.2,reuse_intensive,dispatcher_arrival,43508,135,1,15431656929541765248,upsert,1789714447.6801968,1789714499.0696602,2048,64
20260726_formal4t4_reuse_intensive_StaticSemantic@rho1.2_rep0,0,StaticSemantic@rho1.2,StaticSemantic,1.2,reuse_intensive,dispatcher_arrival,43508,144,2,3653934292717507175,upsert,1789714456.4329717,1789714499.0697637,2048,64
20260726_formal4t4_reuse_intensive_StaticSemantic@rho1.2_rep0,0,StaticSemantic@rho1.2,StaticSemantic,1.2,reuse_intensive,dispatcher_arrival,43508,147,1,15507369539614680842,upsert,1789714456.4337838,1789714502.7315967,2048,64
20260726_formal4t4_reuse_intensive_StaticSemantic@rho1.2_rep0,0,StaticSemantic@rho1.2,StaticSemantic,1.2,reuse_intensive,dispatcher_arrival,43508,149,0,3566375612704271676,upsert,1789714459.288117,1789714502.7317011,2048,64
20260726_formal4t4_reuse_intensive_StaticSemantic@rho1.2_rep0,0,StaticSemantic@rho1.2,StaticSemantic,1.2,reuse_intensive,dispatcher_arrival,43508,150,1,5080278736125677280,upsert,1789714459.2884455,1789714506.3936124,2048,64
20260726_formal4t4_reuse_intensive_StaticSemantic@rho1.2_rep0,0,StaticSemantic@rho1.2,StaticSemantic,1.2,reuse_intensive,dispatcher_arrival,43508,151,3,5080278736125677280,upsert,1789714459.2886932,1789714506.393714,2048,64
20260726_formal4t4_reuse_intensive_StaticSemantic@rho1.2_rep0,0,StaticSemantic@rho1.2,StaticSemantic,1.2,reuse_intensive,dispatcher_arrival,43508,154,0,2615785228242663478,upsert,1789714461.9679923,1789714510.055566,2048,64
20260726_formal4t4_reuse_intensive_StaticSemantic@rho1.2_rep0,0,StaticSemantic@rho1.2,StaticSemantic,1.2,reuse_intensive,dispatcher_arrival,43508,157,3,8844125626369699122,upsert,1789714465.1973343,1789714510.0556722,2048,64
20260726_formal4t4_reuse_intensive_StaticSemantic@rho1.2_rep0,0,StaticSemantic@rho1.2,StaticSemantic,1.2,reuse_intensive,dispatcher_arrival,43508,159,1,8870018519622387243,upsert,1789714465.1979034,1789714513.71751,2048,64
20260726_formal4t4_reuse_intensive_StaticSemantic@rho1.2_rep0,0,StaticSemantic@rho1.2,StaticSemantic,1.2,reuse_intensive,dispatcher_arrival,43508,160,2,17846715708891391149,upsert,1789714467.7128282,1789714513.7176135,2048,64
20260726_formal4t4_reuse_intensive_StaticSemantic@rho1.2_rep0,0,StaticSemantic@rho1.2,StaticSemantic,1.2,reuse_intensive,dispatcher_arrival,43508,161,0,11821849661176330329,upsert,1789714467.713131,1789714517.3795254,2048,64
20260726_formal4t4_reuse_intensive_StaticSemantic@rho1.2_rep0,0,StaticSemantic@rho1.2,StaticSemantic,1.2,reuse_intensive,dispatcher_arrival,43508,163,3,14718592730808615998,upsert,1789714467.7136996,1789714517.37963,2048,64
20260726_formal4t4_reuse_intensive_StaticSemantic@rho1.2_rep0,0,StaticSemantic@rho1.2,StaticSemantic,1.2,reuse_intensive,dispatcher_arrival,43508,164,2,13764273285245102789,upsert,1789714470.5477073,1789714521.041505,2048,64
20260726_formal4t4_reuse_intensive_StaticSemantic@rho1.2_rep0,0,StaticSemantic@rho1.2,StaticSemantic,1.2,reuse_intensive,dispatcher_arrival,43508,165,1,2763046690965461559,upsert,1789714470.5480053,1789714521.0416026,2048,64
20260726_formal4t4_reuse_intensive_StaticSemantic@rho1.2_rep0,0,StaticSemantic@rho1.2,StaticSemantic,1.2,reuse_intensive,dispatcher_arrival,43508,168,2,11592361518825428217,upsert,1789714473.420607,1789714524.703454,2048,64
20260726_formal4t4_reuse_intensive_StaticSemantic@rho1.2_rep0,0,StaticSemantic@rho1.2,StaticSemantic,1.2,reuse_intensive,dispatcher_arrival,43508,170,0,12169285934737722315,upsert,1789714473.421149,1789714524.703555,2048,64
20260726_formal4t4_reuse_intensive_StaticSemantic@rho1.2_rep0,0,StaticSemantic@rho1.2,StaticSemantic,1.2,reuse_intensive,dispatcher_arrival,43508,171,1,16236083247640581049,upsert,1789714473.4214213,1789714528.365451,2048,64
20260726_formal4t4_reuse_intensive_StaticSemantic@rho1.2_rep0,0,StaticSemantic@rho1.2,StaticSemantic,1.2,reuse_intensive,dispatcher_arrival,43508,172,2,13844655051170110805,upsert,1789714476.7664216,1789714528.3655565,2048,64
20260726_formal4t4_reuse_intensive_StaticSemantic@rho1.2_rep0,0,StaticSemantic@rho1.2,StaticSemantic,1.2,reuse_intensive,dispatcher_arrival,43508,173,0,16508625817180621701,upsert,1789714476.766723,1789714532.0273879,2048,64
20260726_formal4t4_reuse_intensive_StaticSemantic@rho1.2_rep0,0,StaticSemantic@rho1.2,StaticSemantic,1.2,reuse_intensive,dispatcher_arrival,43508,174,1,11821849661176330329,upsert,1789714476.7669504,1789714532.027504,2048,64
20260726_formal4t4_reuse_intensive_StaticSemantic@rho1.2_rep0,0,StaticSemantic@rho1.2,StaticSemantic,1.2,reuse_intensive,dispatcher_arrival,43508,176,2,8870018519622387243,upsert,1789714479.7695932,1789714535.6893647,2048,64
20260726_formal4t4_reuse_intensive_StaticSemantic@rho1.2_rep0,0,StaticSemantic@rho1.2,StaticSemantic,1.2,reuse_intensive,dispatcher_arrival,43508,178,0,17368355320037658727,upsert,1789714479.7701547,1789714535.689463,2048,64
20260726_formal4t4_reuse_intensive_StaticSemantic@rho1.2_rep0,0,StaticSemantic@rho1.2,StaticSemantic,1.2,reuse_intensive,dispatcher_arrival,43508,179,3,17846715708891391149,upsert,1789714479.7704322,1789714539.3513517,2048,64
20260726_formal4t4_reuse_intensive_StaticSemantic@rho1.2_rep0,0,StaticSemantic@rho1.2,StaticSemantic,1.2,reuse_intensive,dispatcher_arrival,43508,180,2,3610348553927340733,upsert,1789714482.6391022,1789714539.3514507,2048,64
20260726_formal4t4_reuse_intensive_RateFIFO@rho1.2_rep0,0,RateFIFO@rho1.2,RateFIFO,1.2,reuse_intensive,dispatcher_arrival,43509,0,0,15769623694692820738,upsert,1789714547.0096035,1789714550.5344281,2048,64
20260726_formal4t4_reuse_intensive_RateFIFO@rho1.2_rep0,0,RateFIFO@rho1.2,RateFIFO,1.2,reuse_intensive,dispatcher_arrival,43509,4,0,12613465747135452669,upsert,1789714549.9503365,1789714553.295022,2048,64
20260726_formal4t4_reuse_intensive_RateFIFO@rho1.2_rep0,0,RateFIFO@rho1.2,RateFIFO,1.2,reuse_intensive,dispatcher_arrival,43509,8,0,12523743054995375112,upsert,1789714552.7275522,1789714556.0555494,2048,64
20260726_formal4t4_reuse_intensive_RateFIFO@rho1.2_rep0,0,RateFIFO@rho1.2,RateFIFO,1.2,reuse_intensive,dispatcher_arrival,43509,12,0,9971321710674973507,upsert,1789714555.439936,1789714558.8161135,2048,64
20260726_formal4t4_reuse_intensive_RateFIFO@rho1.2_rep0,0,RateFIFO@rho1.2,RateFIFO,1.2,reuse_intensive,dispatcher_arrival,43509,16,0,4650049274038987083,upsert,1789714558.3885536,1789714561.576664,2048,64
20260726_formal4t4_reuse_intensive_RateFIFO@rho1.2_rep0,0,RateFIFO@rho1.2,RateFIFO,1.2,reuse_intensive,dispatcher_arrival,43509,20,0,3163096543987652428,upsert,1789714561.2003753,1789714564.3372355,2048,64
20260726_formal4t4_reuse_intensive_RateFIFO@rho1.2_rep0,0,RateFIFO@rho1.2,RateFIFO,1.2,reuse_intensive,dispatcher_arrival,43509,24,0,10402019323283478844,upsert,1789714564.209887,1789714567.097777,2048,64
20260726_formal4t4_reuse_intensive_RateFIFO@rho1.2_rep0,0,RateFIFO@rho1.2,RateFIFO,1.2,reuse_intensive,dispatcher_arrival,43509,28,0,14064140743279553366,upsert,1789714566.9024277,1789714569.858329,2048,64
20260726_formal4t4_reuse_intensive_RateFIFO@rho1.2_rep0,0,RateFIFO@rho1.2,RateFIFO,1.2,reuse_intensive,dispatcher_arrival,43509,32,0,12376960631178457983,upsert,1789714570.1876702,1789714573.5484982,2048,64
20260726_formal4t4_reuse_intensive_RateFIFO@rho1.2_rep0,0,RateFIFO@rho1.2,RateFIFO,1.2,reuse_intensive,dispatcher_arrival,43509,36,0,947483498426156190,upsert,1789714573.1714246,1789714575.3794706,2048,64
20260726_formal4t4_reuse_intensive_RateFIFO@rho1.2_rep0,0,RateFIFO@rho1.2,RateFIFO,1.2,reuse_intensive,dispatcher_arrival,43509,40,0,3073007241776570211,upsert,1789714576.0630584,1789714579.069603,2048,64
20260726_formal4t4_reuse_intensive_RateFIFO@rho1.2_rep0,0,RateFIFO@rho1.2,RateFIFO,1.2,reuse_intensive,dispatcher_arrival,43509,44,0,14108233664250482536,upsert,1789714579.2985086,1789714581.8301542,2048,64
20260726_formal4t4_reuse_intensive_RateFIFO@rho1.2_rep0,0,RateFIFO@rho1.2,RateFIFO,1.2,reuse_intensive,dispatcher_arrival,43509,48,0,14774026810505956694,upsert,1789714582.2069674,1789714584.5907176,2048,64
20260726_formal4t4_reuse_intensive_RateFIFO@rho1.2_rep0,0,RateFIFO@rho1.2,RateFIFO,1.2,reuse_intensive,dispatcher_arrival,43509,52,0,5281956220402968541,upsert,1789714585.0497448,1789714587.3512962,2048,64
20260726_formal4t4_reuse_intensive_RateFIFO@rho1.2_rep0,0,RateFIFO@rho1.2,RateFIFO,1.2,reuse_intensive,dispatcher_arrival,43509,56,0,1785562587857272681,upsert,1789714588.0086975,1789714590.1119063,2048,64
20260726_formal4t4_reuse_intensive_RateFIFO@rho1.2_rep0,0,RateFIFO@rho1.2,RateFIFO,1.2,reuse_intensive,dispatcher_arrival,43509,60,0,1610475058989402671,upsert,1789714590.9223626,1789714592.8724356,2048,64
20260726_formal4t4_reuse_intensive_RateFIFO@rho1.2_rep0,0,RateFIFO@rho1.2,RateFIFO,1.2,reuse_intensive,dispatcher_arrival,43509,64,0,12523743054995375112,upsert,1789714593.0547733,1789714595.6330292,2048,64
20260726_formal4t4_reuse_intensive_RateFIFO@rho1.2_rep0,0,RateFIFO@rho1.2,RateFIFO,1.2,reuse_intensive,dispatcher_arrival,43509,68,0,14361523986587977395,upsert,1789714597.1917772,1789714598.3935685,2048,64
20260726_formal4t4_reuse_intensive_RateFIFO@rho1.2_rep0,0,RateFIFO@rho1.2,RateFIFO,1.2,reuse_intensive,dispatcher_arrival,43509,72,0,947483498426156190,upsert,1789714599.3907013,1789714601.1541264,2048,64
20260726_formal4t4_reuse_intensive_RateFIFO@rho1.2_rep0,0,RateFIFO@rho1.2,RateFIFO,1.2,reuse_intensive,dispatcher_arrival,43509,76,0,3163096543987652428,upsert,1789714602.3250914,1789714603.9146895,2048,64
20260726_formal4t4_reuse_intensive_RateFIFO@rho1.2_rep0,0,RateFIFO@rho1.2,RateFIFO,1.2,reuse_intensive,dispatcher_arrival,43509,80,0,12523743054995375112,upsert,1789714604.544804,1789714606.6752908,2048,64
20260726_formal4t4_reuse_intensive_RateFIFO@rho1.2_rep0,0,RateFIFO@rho1.2,RateFIFO,1.2,reuse_intensive,dispatcher_arrival,43509,84,0,15769623694692820738,upsert,1789714606.3588362,1789714608.506265,2048,64
20260726_formal4t4_reuse_intensive_RateFIFO@rho1.2_rep0,0,RateFIFO@rho1.2,RateFIFO,1.2,reuse_intensive,dispatcher_arrival,43509,88,0,15769623694692820738,upsert,1789714608.565694,1789714612.1964211,2048,64
20260726_formal4t4_reuse_intensive_RateFIFO@rho1.2_rep0,0,RateFIFO@rho1.2,RateFIFO,1.2,reuse_intensive,dispatcher_arrival,43509,92,0,12613465747135452669,upsert,1789714611.1569963,1789714614.0273998,2048,64
20260726_formal4t4_reuse_intensive_RateFIFO@rho1.2_rep0,0,RateFIFO@rho1.2,RateFIFO,1.2,reuse_intensive,dispatcher_arrival,43509,96,0,11074190661555870271,upsert,1789714615.6992745,1789714617.7174892,2048,64
20260726_formal4t4_reuse_intensive_RateFIFO@rho1.2_rep0,0,RateFIFO@rho1.2,RateFIFO,1.2,reuse_intensive,dispatcher_arrival,43509,100,0,12613465747135452669,upsert,1789714617.536798,1789714619.5484517,2048,64
20260726_formal4t4_reuse_intensive_RateFIFO@rho1.2_rep0,0,RateFIFO@rho1.2,RateFIFO,1.2,reuse_intensive,dispatcher_arrival,43509,104,0,12613465747135452669,upsert,1789714619.371692,1789714622.3090317,2048,64
20260726_formal4t4_reuse_intensive_RateFIFO@rho1.2_rep0,0,RateFIFO@rho1.2,RateFIFO,1.2,reuse_intensive,dispatcher_arrival,43509,108,0,15769623694692820738,upsert,1789714620.2310362,1789714625.0695887,2048,64
20260726_formal4t4_reuse_intensive_RateFIFO@rho1.2_rep0,0,RateFIFO@rho1.2,RateFIFO,1.2,reuse_intensive,dispatcher_arrival,43509,112,0,3073007241776570211,upsert,1789714622.4419086,1789714627.8302603,2048,64
20260726_formal4t4_reuse_intensive_RateFIFO@rho1.2_rep0,0,RateFIFO@rho1.2,RateFIFO,1.2,reuse_intensive,dispatcher_arrival,43509,116,3,13982934541694442251,upsert,1789714625.4331212,1789714630.590765,2048,64
20260726_formal4t4_reuse_intensive_RateFIFO@rho1.2_rep0,0,RateFIFO@rho1.2,RateFIFO,1.2,reuse_intensive,dispatcher_arrival,43509,120,0,12523743054995375112,upsert,1789714626.7858255,1789714630.5908606,2048,64
20260726_formal4t4_reuse_intensive_RateFIFO@rho1.2_rep0,0,RateFIFO@rho1.2,RateFIFO,1.2,reuse_intensive,dispatcher_arrival,43509,124,2,17846715708891391149,upsert,1789714629.7843733,1789714634.252744,2048,64
20260726_formal4t4_reuse_intensive_RateFIFO@rho1.2_rep0,0,RateFIFO@rho1.2,RateFIFO,1.2,reuse_intensive,dispatcher_arrival,43509,128,2,14333057367934485678,upsert,1789714632.670864,1789714637.9428194,2048,64
20260726_formal4t4_reuse_intensive_RateFIFO@rho1.2_rep0,0,RateFIFO@rho1.2,RateFIFO,1.2,reuse_intensive,dispatcher_arrival,43509,132,2,17846715708891391149,upsert,1789714635.5358806,1789714640.7034655,2048,64
20260726_formal4t4_reuse_intensive_RateFIFO@rho1.2_rep0,0,RateFIFO@rho1.2,RateFIFO,1.2,reuse_intensive,dispatcher_arrival,43509,136,2,13844655051170110805,upsert,1789714638.5964158,1789714643.4639819,2048,64
20260726_formal4t4_reuse_intensive_RateFIFO@rho1.2_rep0,0,RateFIFO@rho1.2,RateFIFO,1.2,reuse_intensive,dispatcher_arrival,43509,140,2,17846715708891391149,upsert,1789714641.671266,1789714646.2245457,2048,64
20260726_formal4t4_reuse_intensive_RateFIFO@rho1.2_rep0,0,RateFIFO@rho1.2,RateFIFO,1.2,reuse_intensive,dispatcher_arrival,43509,144,0,3653934292717507175,upsert,1789714644.6309433,1789714648.9850922,2048,64
20260726_formal4t4_reuse_intensive_RateFIFO@rho1.2_rep0,0,RateFIFO@rho1.2,RateFIFO,1.2,reuse_intensive,dispatcher_arrival,43509,148,1,11821849661176330329,upsert,1789714647.7023523,1789714651.7456834,2048,64
20260726_formal4t4_reuse_intensive_RateFIFO@rho1.2_rep0,0,RateFIFO@rho1.2,RateFIFO,1.2,reuse_intensive,dispatcher_arrival,43509,152,2,17846715708891391149,upsert,1789714650.6693115,1789714654.5063145,2048,64
20260726_formal4t4_reuse_intensive_RateFIFO@rho1.2_rep0,0,RateFIFO@rho1.2,RateFIFO,1.2,reuse_intensive,dispatcher_arrival,43509,156,0,11821849661176330329,upsert,1789714653.9083283,1789714657.266805,2048,64
20260726_formal4t4_reuse_intensive_RateFIFO@rho1.2_rep0,0,RateFIFO@rho1.2,RateFIFO,1.2,reuse_intensive,dispatcher_arrival,43509,160,2,17846715708891391149,upsert,1789714657.1509812,1789714660.027347,2048,64
20260726_formal4t4_reuse_intensive_RateFIFO@rho1.2_rep0,0,RateFIFO@rho1.2,RateFIFO,1.2,reuse_intensive,dispatcher_arrival,43509,164,3,13764273285245102789,upsert,1789714660.7705503,1789714663.7174897,2048,64
20260726_formal4t4_reuse_intensive_RateFIFO@rho1.2_rep0,0,RateFIFO@rho1.2,RateFIFO,1.2,reuse_intensive,dispatcher_arrival,43509,168,1,11592361518825428217,upsert,1789714664.155458,1789714666.4780598,2048,64
20260726_formal4t4_reuse_intensive_RateFIFO@rho1.2_rep0,0,RateFIFO@rho1.2,RateFIFO,1.2,reuse_intensive,dispatcher_arrival,43509,172,2,13844655051170110805,upsert,1789714667.260147,1789714669.2386732,2048,64
20260726_formal4t4_reuse_intensive_RateFIFO@rho1.2_rep0,0,RateFIFO@rho1.2,RateFIFO,1.2,reuse_intensive,dispatcher_arrival,43509,176,1,8870018519622387243,upsert,1789714670.18677,1789714671.99927,2048,64
20260726_formal4t4_reuse_intensive_RateFIFO@rho1.2_rep0,0,RateFIFO@rho1.2,RateFIFO,1.2,reuse_intensive,dispatcher_arrival,43509,180,3,3610348553927340733,upsert,1789714672.8534586,1789714674.7597928,2048,64
20260726_formal4t4_reuse_intensive_Ideal_rep1,1,Ideal,Ideal,,reuse_intensive,dispatcher_arrival,43509,0,0,15769623694692820738,upsert,1789714547.0096035,1789714550.5344281,2048,64
20260726_formal4t4_reuse_intensive_Ideal_rep1,1,Ideal,Ideal,,reuse_intensive,dispatcher_arrival,43509,4,0,12613465747135452669,upsert,1789714549.9503365,1789714553.295022,2048,64
20260726_formal4t4_reuse_intensive_Ideal_rep1,1,Ideal,Ideal,,reuse_intensive,dispatcher_arrival,43509,8,0,12523743054995375112,upsert,1789714552.7275522,1789714556.0555494,2048,64
20260726_formal4t4_reuse_intensive_Ideal_rep1,1,Ideal,Ideal,,reuse_intensive,dispatcher_arrival,43509,12,0,9971321710674973507,upsert,1789714555.439936,1789714558.8161135,2048,64
20260726_formal4t4_reuse_intensive_Ideal_rep1,1,Ideal,Ideal,,reuse_intensive,dispatcher_arrival,43509,16,0,4650049274038987083,upsert,1789714558.3885536,1789714561.576664,2048,64
20260726_formal4t4_reuse_intensive_Ideal_rep1,1,Ideal,Ideal,,reuse_intensive,dispatcher_arrival,43509,20,0,3163096543987652428,upsert,1789714561.2003753,1789714564.3372355,2048,64
20260726_formal4t4_reuse_intensive_Ideal_rep1,1,Ideal,Ideal,,reuse_intensive,dispatcher_arrival,43509,24,0,10402019323283478844,upsert,1789714564.209887,1789714567.097777,2048,64
20260726_formal4t4_reuse_intensive_Ideal_rep1,1,Ideal,Ideal,,reuse_intensive,dispatcher_arrival,43509,28,0,14064140743279553366,upsert,1789714566.9024277,1789714569.858329,2048,64
20260726_formal4t4_reuse_intensive_Ideal_rep1,1,Ideal,Ideal,,reuse_intensive,dispatcher_arrival,43509,32,0,12376960631178457983,upsert,1789714570.1876702,1789714573.5484982,2048,64
20260726_formal4t4_reuse_intensive_Ideal_rep1,1,Ideal,Ideal,,reuse_intensive,dispatcher_arrival,43509,36,0,947483498426156190,upsert,1789714573.1714246,1789714575.3794706,2048,64
20260726_formal4t4_reuse_intensive_Ideal_rep1,1,Ideal,Ideal,,reuse_intensive,dispatcher_arrival,43509,40,0,3073007241776570211,upsert,1789714576.0630584,1789714579.069603,2048,64
20260726_formal4t4_reuse_intensive_Ideal_rep1,1,Ideal,Ideal,,reuse_intensive,dispatcher_arrival,43509,44,0,14108233664250482536,upsert,1789714579.2985086,1789714581.8301542,2048,64
20260726_formal4t4_reuse_intensive_Ideal_rep1,1,Ideal,Ideal,,reuse_intensive,dispatcher_arrival,43509,48,0,14774026810505956694,upsert,1789714582.2069674,1789714584.5907176,2048,64
20260726_formal4t4_reuse_intensive_Ideal_rep1,1,Ideal,Ideal,,reuse_intensive,dispatcher_arrival,43509,52,0,5281956220402968541,upsert,1789714585.0497448,1789714587.3512962,2048,64
20260726_formal4t4_reuse_intensive_Ideal_rep1,1,Ideal,Ideal,,reuse_intensive,dispatcher_arrival,43509,56,0,1785562587857272681,upsert,1789714588.0086975,1789714590.1119063,2048,64
20260726_formal4t4_reuse_intensive_Ideal_rep1,1,Ideal,Ideal,,reuse_intensive,dispatcher_arrival,43509,60,0,1610475058989402671,upsert,1789714590.9223626,1789714592.8724356,2048,64
20260726_formal4t4_reuse_intensive_Ideal_rep1,1,Ideal,Ideal,,reuse_intensive,dispatcher_arrival,43509,64,0,12523743054995375112,upsert,1789714593.0547733,1789714595.6330292,2048,64
20260726_formal4t4_reuse_intensive_Ideal_rep1,1,Ideal,Ideal,,reuse_intensive,dispatcher_arrival,43509,68,0,14361523986587977395,upsert,1789714597.1917772,1789714598.3935685,2048,64
20260726_formal4t4_reuse_intensive_Ideal_rep1,1,Ideal,Ideal,,reuse_intensive,dispatcher_arrival,43509,72,0,947483498426156190,upsert,1789714599.3907013,1789714601.1541264,2048,64
20260726_formal4t4_reuse_intensive_Ideal_rep1,1,Ideal,Ideal,,reuse_intensive,dispatcher_arrival,43509,76,0,3163096543987652428,upsert,1789714602.3250914,1789714603.9146895,2048,64
20260726_formal4t4_reuse_intensive_Ideal_rep1,1,Ideal,Ideal,,reuse_intensive,dispatcher_arrival,43509,80,0,12523743054995375112,upsert,1789714604.544804,1789714606.6752908,2048,64
20260726_formal4t4_reuse_intensive_Ideal_rep1,1,Ideal,Ideal,,reuse_intensive,dispatcher_arrival,43509,84,0,15769623694692820738,upsert,1789714606.3588362,1789714608.506265,2048,64
20260726_formal4t4_reuse_intensive_Ideal_rep1,1,Ideal,Ideal,,reuse_intensive,dispatcher_arrival,43509,88,0,15769623694692820738,upsert,1789714608.565694,1789714612.1964211,2048,64
20260726_formal4t4_reuse_intensive_Ideal_rep1,1,Ideal,Ideal,,reuse_intensive,dispatcher_arrival,43509,92,0,12613465747135452669,upsert,1789714611.1569963,1789714614.0273998,2048,64
20260726_formal4t4_reuse_intensive_Ideal_rep1,1,Ideal,Ideal,,reuse_intensive,dispatcher_arrival,43509,96,0,11074190661555870271,upsert,1789714615.6992745,1789714617.7174892,2048,64
20260726_formal4t4_reuse_intensive_Ideal_rep1,1,Ideal,Ideal,,reuse_intensive,dispatcher_arrival,43509,100,0,12613465747135452669,upsert,1789714617.536798,1789714619.5484517,2048,64
20260726_formal4t4_reuse_intensive_Ideal_rep1,1,Ideal,Ideal,,reuse_intensive,dispatcher_arrival,43509,104,0,12613465747135452669,upsert,1789714619.371692,1789714622.3090317,2048,64
20260726_formal4t4_reuse_intensive_Ideal_rep1,1,Ideal,Ideal,,reuse_intensive,dispatcher_arrival,43509,108,0,15769623694692820738,upsert,1789714620.2310362,1789714625.0695887,2048,64
20260726_formal4t4_reuse_intensive_Ideal_rep1,1,Ideal,Ideal,,reuse_intensive,dispatcher_arrival,43509,112,0,3073007241776570211,upsert,1789714622.4419086,1789714627.8302603,2048,64
20260726_formal4t4_reuse_intensive_Ideal_rep1,1,Ideal,Ideal,,reuse_intensive,dispatcher_arrival,43509,116,3,13982934541694442251,upsert,1789714625.4331212,1789714630.590765,2048,64
20260726_formal4t4_reuse_intensive_Ideal_rep1,1,Ideal,Ideal,,reuse_intensive,dispatcher_arrival,43509,120,0,12523743054995375112,upsert,1789714626.7858255,1789714630.5908606,2048,64
20260726_formal4t4_reuse_intensive_Ideal_rep1,1,Ideal,Ideal,,reuse_intensive,dispatcher_arrival,43509,124,2,17846715708891391149,upsert,1789714629.7843733,1789714634.252744,2048,64
20260726_formal4t4_reuse_intensive_Ideal_rep1,1,Ideal,Ideal,,reuse_intensive,dispatcher_arrival,43509,128,2,14333057367934485678,upsert,1789714632.670864,1789714637.9428194,2048,64
20260726_formal4t4_reuse_intensive_Ideal_rep1,1,Ideal,Ideal,,reuse_intensive,dispatcher_arrival,43509,132,2,17846715708891391149,upsert,1789714635.5358806,1789714640.7034655,2048,64
20260726_formal4t4_reuse_intensive_Ideal_rep1,1,Ideal,Ideal,,reuse_intensive,dispatcher_arrival,43509,136,2,13844655051170110805,upsert,1789714638.5964158,1789714643.4639819,2048,64
20260726_formal4t4_reuse_intensive_Ideal_rep1,1,Ideal,Ideal,,reuse_intensive,dispatcher_arrival,43509,140,2,17846715708891391149,upsert,1789714641.671266,1789714646.2245457,2048,64
20260726_formal4t4_reuse_intensive_Ideal_rep1,1,Ideal,Ideal,,reuse_intensive,dispatcher_arrival,43509,144,0,3653934292717507175,upsert,1789714644.6309433,1789714648.9850922,2048,64
20260726_formal4t4_reuse_intensive_Ideal_rep1,1,Ideal,Ideal,,reuse_intensive,dispatcher_arrival,43509,148,1,11821849661176330329,upsert,1789714647.7023523,1789714651.7456834,2048,64
20260726_formal4t4_reuse_intensive_Ideal_rep1,1,Ideal,Ideal,,reuse_intensive,dispatcher_arrival,43509,152,2,17846715708891391149,upsert,1789714650.6693115,1789714654.5063145,2048,64
20260726_formal4t4_reuse_intensive_Ideal_rep1,1,Ideal,Ideal,,reuse_intensive,dispatcher_arrival,43509,156,0,11821849661176330329,upsert,1789714653.9083283,1789714657.266805,2048,64
20260726_formal4t4_reuse_intensive_Ideal_rep1,1,Ideal,Ideal,,reuse_intensive,dispatcher_arrival,43509,160,2,17846715708891391149,upsert,1789714657.1509812,1789714660.027347,2048,64
20260726_formal4t4_reuse_intensive_Ideal_rep1,1,Ideal,Ideal,,reuse_intensive,dispatcher_arrival,43509,164,3,13764273285245102789,upsert,1789714660.7705503,1789714663.7174897,2048,64
20260726_formal4t4_reuse_intensive_Ideal_rep1,1,Ideal,Ideal,,reuse_intensive,dispatcher_arrival,43509,168,1,11592361518825428217,upsert,1789714664.155458,1789714666.4780598,2048,64
20260726_formal4t4_reuse_intensive_Ideal_rep1,1,Ideal,Ideal,,reuse_intensive,dispatcher_arrival,43509,172,2,13844655051170110805,upsert,1789714667.260147,1789714669.2386732,2048,64
20260726_formal4t4_reuse_intensive_Ideal_rep1,1,Ideal,Ideal,,reuse_intensive,dispatcher_arrival,43509,176,1,8870018519622387243,upsert,1789714670.18677,1789714671.99927,2048,64
20260726_formal4t4_reuse_intensive_Ideal_rep1,1,Ideal,Ideal,,reuse_intensive,dispatcher_arrival,43509,180,3,3610348553927340733,upsert,1789714672.8534586,1789714674.7597928,2048,64
20260726_formal4t4_reuse_intensive_Adaptive@rho1.2_c01024_theta30_rep1,1,Adaptive@rho1.2_c01024_theta30,Adaptive,1.2,reuse_intensive,dispatcher_arrival,43511,0,0,15769623694692820738,upsert,1789714810.1032102,1789714810.106051,2048,64
20260726_formal4t4_reuse_intensive_Adaptive@rho1.2_c01024_theta30_rep1,1,Adaptive@rho1.2_c01024_theta30,Adaptive,1.2,reuse_intensive,dispatcher_arrival,43511,2,2,15769623694692820738,upsert,1789714810.1033375,1789714810.1061435,2048,64
20260726_formal4t4_reuse_intensive_Adaptive@rho1.2_c01024_theta30_rep1,1,Adaptive@rho1.2_c01024_theta30,Adaptive,1.2,reuse_intensive,dispatcher_arrival,43511,4,0,12613465747135452669,upsert,1789714812.9682431,1789714812.971398,2048,64
20260726_formal4t4_reuse_intensive_Adaptive@rho1.2_c01024_theta30_rep1,1,Adaptive@rho1.2_c01024_theta30,Adaptive,1.2,reuse_intensive,dispatcher_arrival,43511,7,3,12613465747135452669,upsert,1789714812.9684253,1789714812.9714801,2048,64
20260726_formal4t4_reuse_intensive_Adaptive@rho1.2_c01024_theta30_rep1,1,Adaptive@rho1.2_c01024_theta30,Adaptive,1.2,reuse_intensive,dispatcher_arrival,43511,8,0,12523743054995375112,upsert,1789714815.8399587,1789714815.842954,2048,64
20260726_formal4t4_reuse_intensive_Adaptive@rho1.2_c01024_theta30_rep1,1,Adaptive@rho1.2_c01024_theta30,Adaptive,1.2,reuse_intensive,dispatcher_arrival,43511,11,3,12523743054995375112,upsert,1789714815.8401368,1789714815.843034,2048,64
20260726_formal4t4_reuse_intensive_Adaptive@rho1.2_c01024_theta30_rep1,1,Adaptive@rho1.2_c01024_theta30,Adaptive,1.2,reuse_intensive,dispatcher_arrival,43511,12,0,9971321710674973507,upsert,1789714819.028836,1789714819.031893,2048,64
20260726_formal4t4_reuse_intensive_Adaptive@rho1.2_c01024_theta30_rep1,1,Adaptive@rho1.2_c01024_theta30,Adaptive,1.2,reuse_intensive,dispatcher_arrival,43511,13,1,9971321710674973507,upsert,1789714819.02899,1789714819.031974,2048,64
20260726_formal4t4_reuse_intensive_Adaptive@rho1.2_c01024_theta30_rep1,1,Adaptive@rho1.2_c01024_theta30,Adaptive,1.2,reuse_intensive,dispatcher_arrival,43511,16,0,4650049274038987083,upsert,1789714822.1178656,1789714822.1209369,2048,64
20260726_formal4t4_reuse_intensive_Adaptive@rho1.2_c01024_theta30_rep1,1,Adaptive@rho1.2_c01024_theta30,Adaptive,1.2,reuse_intensive,dispatcher_arrival,43511,19,3,4650049274038987083,upsert,1789714822.118048,1789714822.1210206,2048,64
20260726_formal4t4_reuse_intensive_Adaptive@rho1.2_c01024_theta30_rep1,1,Adaptive@rho1.2_c01024_theta30,Adaptive,1.2,reuse_intensive,dispatcher_arrival,43511,20,0,3163096543987652428,upsert,1789714824.975645,1789714824.9785852,2048,64
20260726_formal4t4_reuse_intensive_Adaptive@rho1.2_c01024_theta30_rep1,1,Adaptive@rho1.2_c01024_theta30,Adaptive,1.2,reuse_intensive,dispatcher_arrival,43511,23,3,3163096543987652428,upsert,1789714824.9758296,1789714824.9786727,2048,64
20260726_formal4t4_reuse_intensive_Adaptive@rho1.2_c01024_theta30_rep1,1,Adaptive@rho1.2_c01024_theta30,Adaptive,1.2,reuse_intensive,dispatcher_arrival,43511,24,0,10402019323283478844,upsert,1789714827.8031979,1789714827.8061917,2048,64
20260726_formal4t4_reuse_intensive_Adaptive@rho1.2_c01024_theta30_rep1,1,Adaptive@rho1.2_c01024_theta30,Adaptive,1.2,reuse_intensive,dispatcher_arrival,43511,27,3,10402019323283478844,upsert,1789714827.803376,1789714827.806277,2048,64
20260726_formal4t4_reuse_intensive_Adaptive@rho1.2_c01024_theta30_rep1,1,Adaptive@rho1.2_c01024_theta30,Adaptive,1.2,reuse_intensive,dispatcher_arrival,43511,28,0,14064140743279553366,upsert,1789714830.6554484,1789714832.0570233,2048,64
20260726_formal4t4_reuse_intensive_Adaptive@rho1.2_c01024_theta30_rep1,1,Adaptive@rho1.2_c01024_theta30,Adaptive,1.2,reuse_intensive,dispatcher_arrival,43511,31,3,14064140743279553366,upsert,1789714830.655627,1789714834.1204457,2048,64
20260726_formal4t4_reuse_intensive_Adaptive@rho1.2_c01024_theta30_rep1,1,Adaptive@rho1.2_c01024_theta30,Adaptive,1.2,reuse_intensive,dispatcher_arrival,43511,32,0,12376960631178457983,upsert,1789714833.7552416,1789714843.834758,2048,64
20260726_formal4t4_reuse_intensive_Adaptive@rho1.2_c01024_theta30_rep1,1,Adaptive@rho1.2_c01024_theta30,Adaptive,1.2,reuse_intensive,dispatcher_arrival,43511,35,3,12376960631178457983,upsert,1789714833.755429,1789714843.8348587,2048,64
20260726_formal4t4_reuse_intensive_Adaptive@rho1.2_c01024_theta30_rep1,1,Adaptive@rho1.2_c01024_theta30,Adaptive,1.2,reuse_intensive,dispatcher_arrival,43511,36,0,947483498426156190,upsert,1789714836.5858514,1789714849.1998262,2048,64
20260726_formal4t4_reuse_intensive_Adaptive@rho1.2_c01024_theta30_rep1,1,Adaptive@rho1.2_c01024_theta30,Adaptive,1.2,reuse_intensive,dispatcher_arrival,43511,39,3,947483498426156190,upsert,1789714836.5860353,1789714849.1999273,2048,64
20260726_formal4t4_reuse_intensive_Adaptive@rho1.2_c01024_theta30_rep1,1,Adaptive@rho1.2_c01024_theta30,Adaptive,1.2,reuse_intensive,dispatcher_arrival,43511,40,0,3073007241776570211,upsert,1789714839.5200176,1789714854.564846,2048,64
20260726_formal4t4_reuse_intensive_Adaptive@rho1.2_c01024_theta30_rep1,1,Adaptive@rho1.2_c01024_theta30,Adaptive,1.2,reuse_intensive,dispatcher_arrival,43511,42,2,3073007241776570211,upsert,1789714839.520192,1789714854.5649524,2048,64
20260726_formal4t4_reuse_intensive_Adaptive@rho1.2_c01024_theta30_rep1,1,Adaptive@rho1.2_c01024_theta30,Adaptive,1.2,reuse_intensive,dispatcher_arrival,43511,44,0,14108233664250482536,upsert,1789714842.7073061,1789714860.9775896,2048,64
20260726_formal4t4_reuse_intensive_Adaptive@rho1.2_c01024_theta30_rep1,1,Adaptive@rho1.2_c01024_theta30,Adaptive,1.2,reuse_intensive,dispatcher_arrival,43511,47,3,14108233664250482536,upsert,1789714842.7074828,1789714860.977698,2048,64
20260726_formal4t4_reuse_intensive_Adaptive@rho1.2_c01024_theta30_rep1,1,Adaptive@rho1.2_c01024_theta30,Adaptive,1.2,reuse_intensive,dispatcher_arrival,43511,48,0,14774026810505956694,upsert,1789714845.886718,1789714866.1522462,2048,64
20260726_formal4t4_reuse_intensive_Adaptive@rho1.2_c01024_theta30_rep1,1,Adaptive@rho1.2_c01024_theta30,Adaptive,1.2,reuse_intensive,dispatcher_arrival,43511,51,3,14774026810505956694,upsert,1789714845.8868995,1789714866.152346,2048,64
20260726_formal4t4_reuse_intensive_Adaptive@rho1.2_c01024_theta30_rep1,1,Adaptive@rho1.2_c01024_theta30,Adaptive,1.2,reuse_intensive,dispatcher_arrival,43511,60,0,1610475058989402671,upsert,1789714854.7805111,1789714871.517336,2048,64
20260726_formal4t4_reuse_intensive_Adaptive@rho1.2_c01024_theta30_rep1,1,Adaptive@rho1.2_c01024_theta30,Adaptive,1.2,reuse_intensive,dispatcher_arrival,43511,63,3,1610475058989402671,upsert,1789714854.7806895,1789714871.5174465,2048,64
20260726_formal4t4_reuse_intensive_Adaptive@rho1.2_c01024_theta30_rep1,1,Adaptive@rho1.2_c01024_theta30,Adaptive,1.2,reuse_intensive,dispatcher_arrival,43511,74,0,3163096543987652428,upsert,1789714864.1883514,1789714876.6918576,2048,64
20260726_formal4t4_reuse_intensive_Adaptive@rho1.2_c01024_theta30_rep1,1,Adaptive@rho1.2_c01024_theta30,Adaptive,1.2,reuse_intensive,dispatcher_arrival,43511,73,3,4650049274038987083,upsert,1789714864.1883,1789714876.6919708,2048,64
20260726_formal4t4_reuse_intensive_Adaptive@rho1.2_c01024_theta30_rep1,1,Adaptive@rho1.2_c01024_theta30,Adaptive,1.2,reuse_intensive,dispatcher_arrival,43511,76,0,12613465747135452669,upsert,1789714867.4158278,1789714881.8664527,2048,64
20260726_formal4t4_reuse_intensive_Adaptive@rho1.2_c01024_theta30_rep1,1,Adaptive@rho1.2_c01024_theta30,Adaptive,1.2,reuse_intensive,dispatcher_arrival,43511,78,1,13367182244321225226,upsert,1789714867.415984,1789714881.8665373,2048,64
20260726_formal4t4_reuse_intensive_Adaptive@rho1.2_c01024_theta30_rep1,1,Adaptive@rho1.2_c01024_theta30,Adaptive,1.2,reuse_intensive,dispatcher_arrival,43511,84,0,12523743054995375112,upsert,1789714873.0992868,1789714887.04113,2048,64
20260726_formal4t4_reuse_intensive_Adaptive@rho1.2_c01024_theta30_rep1,1,Adaptive@rho1.2_c01024_theta30,Adaptive,1.2,reuse_intensive,dispatcher_arrival,43511,87,1,9971321710674973507,upsert,1789714873.099487,1789714887.0412729,2048,64
20260726_formal4t4_reuse_intensive_Adaptive@rho1.2_c01024_theta30_rep1,1,Adaptive@rho1.2_c01024_theta30,Adaptive,1.2,reuse_intensive,dispatcher_arrival,43511,92,0,155989354309277790,upsert,1789714876.8081338,1789714892.2156782,2048,64
20260726_formal4t4_reuse_intensive_Adaptive@rho1.2_c01024_theta30_rep1,1,Adaptive@rho1.2_c01024_theta30,Adaptive,1.2,reuse_intensive,dispatcher_arrival,43511,94,2,5420781037229794373,upsert,1789714876.8087075,1789714892.2157812,2048,64
20260726_formal4t4_reuse_intensive_Adaptive@rho1.2_c01024_theta30_rep1,1,Adaptive@rho1.2_c01024_theta30,Adaptive,1.2,reuse_intensive,dispatcher_arrival,43511,108,0,9971321710674973507,upsert,1789714884.672847,1789714897.390281,2048,64
20260726_formal4t4_reuse_intensive_Adaptive@rho1.2_c01024_theta30_rep1,1,Adaptive@rho1.2_c01024_theta30,Adaptive,1.2,reuse_intensive,dispatcher_arrival,43511,110,3,4650049274038987083,upsert,1789714884.6736434,1789714897.3903756,2048,64
20260726_formal4t4_reuse_intensive_Adaptive@rho1.2_c01024_theta30_rep1,1,Adaptive@rho1.2_c01024_theta30,Adaptive,1.2,reuse_intensive,dispatcher_arrival,43511,112,0,9971321710674973507,upsert,1789714887.623924,1789714902.5649004,2048,64
20260726_formal4t4_reuse_intensive_Adaptive@rho1.2_c01024_theta30_rep1,1,Adaptive@rho1.2_c01024_theta30,Adaptive,1.2,reuse_intensive,dispatcher_arrival,43511,117,2,3073007241776570211,upsert,1789714889.9929879,1789714902.5649962,2048,64
20260726_formal4t4_reuse_intensive_Adaptive@rho1.2_c01024_theta30_rep1,1,Adaptive@rho1.2_c01024_theta30,Adaptive,1.2,reuse_intensive,dispatcher_arrival,43511,122,2,4141618429024808821,upsert,1789714893.1944678,1789714907.7395363,2048,64
20260726_formal4t4_reuse_intensive_Adaptive@rho1.2_c01024_theta30_rep1,1,Adaptive@rho1.2_c01024_theta30,Adaptive,1.2,reuse_intensive,dispatcher_arrival,43511,124,2,3796152564256217897,upsert,1789714896.1466393,1789714907.739636,2048,64
20260726_formal4t4_reuse_intensive_Adaptive@rho1.2_c01024_theta30_rep1,1,Adaptive@rho1.2_c01024_theta30,Adaptive,1.2,reuse_intensive,dispatcher_arrival,43511,125,1,11821849661176330329,upsert,1789714896.1469455,1789714911.8664842,2048,64
20260726_formal4t4_reuse_intensive_Adaptive@rho1.2_c01024_theta30_rep1,1,Adaptive@rho1.2_c01024_theta30,Adaptive,1.2,reuse_intensive,dispatcher_arrival,43511,131,1,8795327467627576569,upsert,1789714899.1684606,1789714911.866592,2048,64
20260726_formal4t4_reuse_intensive_Adaptive@rho1.2_c01024_theta30_rep1,1,Adaptive@rho1.2_c01024_theta30,Adaptive,1.2,reuse_intensive,dispatcher_arrival,43511,132,2,5058081196632299908,upsert,1789714902.275128,1789714915.993463,2048,64
20260726_formal4t4_reuse_intensive_Adaptive@rho1.2_c01024_theta30_rep1,1,Adaptive@rho1.2_c01024_theta30,Adaptive,1.2,reuse_intensive,dispatcher_arrival,43511,134,1,2791082597034988524,upsert,1789714902.2756784,1789714915.993565,2048,64
20260726_formal4t4_reuse_intensive_Adaptive@rho1.2_c01024_theta30_rep1,1,Adaptive@rho1.2_c01024_theta30,Adaptive,1.2,reuse_intensive,dispatcher_arrival,43511,136,2,8844125626369699122,upsert,1789714905.4493356,1789714920.1204169,2048,64
20260726_formal4t4_reuse_intensive_Adaptive@rho1.2_c01024_theta30_rep1,1,Adaptive@rho1.2_c01024_theta30,Adaptive,1.2,reuse_intensive,dispatcher_arrival,43511,138,0,3653934292717507175,upsert,1789714905.4498599,1789714920.1205142,2048,64
20260726_formal4t4_reuse_intensive_Adaptive@rho1.2_c01024_theta30_rep1,1,Adaptive@rho1.2_c01024_theta30,Adaptive,1.2,reuse_intensive,dispatcher_arrival,43511,146,1,3653934292717507175,upsert,1789714911.6278427,1789714924.2473538,2048,64
20260726_formal4t4_reuse_intensive_Adaptive@rho1.2_c01024_theta30_rep1,1,Adaptive@rho1.2_c01024_theta30,Adaptive,1.2,reuse_intensive,dispatcher_arrival,43511,148,2,1138219160345481599,upsert,1789714914.8141122,1789714924.2474194,2048,64
20260726_formal4t4_reuse_intensive_Adaptive@rho1.2_c01024_theta30_rep1,1,Adaptive@rho1.2_c01024_theta30,Adaptive,1.2,reuse_intensive,dispatcher_arrival,43511,149,1,5080278736125677280,upsert,1789714914.8144436,1789714928.3744159,2048,64
20260726_formal4t4_reuse_intensive_Adaptive@rho1.2_c01024_theta30_rep1,1,Adaptive@rho1.2_c01024_theta30,Adaptive,1.2,reuse_intensive,dispatcher_arrival,43511,153,3,6878038652119793510,upsert,1789714917.802734,1789714928.3745077,2048,64
20260726_formal4t4_reuse_intensive_Adaptive@rho1.2_c01024_theta30_rep1,1,Adaptive@rho1.2_c01024_theta30,Adaptive,1.2,reuse_intensive,dispatcher_arrival,43511,154,1,11821849661176330329,upsert,1789714917.8029625,1789714932.501359,2048,64
20260726_formal4t4_reuse_intensive_Adaptive@rho1.2_c01024_theta30_rep1,1,Adaptive@rho1.2_c01024_theta30,Adaptive,1.2,reuse_intensive,dispatcher_arrival,43511,155,0,2763046690965461559,upsert,1789714917.803234,1789714932.5014596,2048,64
20260726_formal4t4_reuse_intensive_Adaptive@rho1.2_c01024_theta30_rep1,1,Adaptive@rho1.2_c01024_theta30,Adaptive,1.2,reuse_intensive,dispatcher_arrival,43511,161,2,3796152564256217897,upsert,1789714923.9221945,1789714936.6284232,2048,64
20260726_formal4t4_reuse_intensive_Adaptive@rho1.2_c01024_theta30_rep1,1,Adaptive@rho1.2_c01024_theta30,Adaptive,1.2,reuse_intensive,dispatcher_arrival,43511,165,2,6878038652119793510,upsert,1789714926.7582278,1789714936.6285253,2048,64
20260726_formal4t4_reuse_intensive_Adaptive@rho1.2_c01024_theta30_rep1,1,Adaptive@rho1.2_c01024_theta30,Adaptive,1.2,reuse_intensive,dispatcher_arrival,43511,166,1,14333057367934485678,upsert,1789714926.7583194,1789714940.7553935,2048,64
20260726_formal4t4_reuse_intensive_Adaptive@rho1.2_c01024_theta30_rep1,1,Adaptive@rho1.2_c01024_theta30,Adaptive,1.2,reuse_intensive,dispatcher_arrival,43511,167,3,16508625817180621701,upsert,1789714926.7584026,1789714940.7554784,2048,64
20260726_formal4t4_reuse_intensive_Adaptive@rho1.2_c01024_theta30_rep1,1,Adaptive@rho1.2_c01024_theta30,Adaptive,1.2,reuse_intensive,dispatcher_arrival,43511,170,1,3239139471102595402,upsert,1789714929.6705804,1789714944.8823485,2048,64
20260726_formal4t4_reuse_intensive_Adaptive@rho1.2_c01024_theta30_rep1,1,Adaptive@rho1.2_c01024_theta30,Adaptive,1.2,reuse_intensive,dispatcher_arrival,43511,171,2,6878038652119793510,upsert,1789714929.6709657,1789714944.8824484,2048,64
20260726_formal4t4_reuse_intensive_Adaptive@rho1.2_c01024_theta30_rep1,1,Adaptive@rho1.2_c01024_theta30,Adaptive,1.2,reuse_intensive,dispatcher_arrival,43511,178,1,11821849661176330329,upsert,1789714935.726382,1789714949.0093117,2048,64
20260726_formal4t4_reuse_intensive_Adaptive@rho1.2_c01024_theta30_rep1,1,Adaptive@rho1.2_c01024_theta30,Adaptive,1.2,reuse_intensive,dispatcher_arrival,43511,181,2,7207950530426667890,upsert,1789714938.925862,1789714949.0094008,2048,64
20260726_formal4t4_reuse_intensive_Adaptive@rho1.2_c01024_theta30_rep1,1,Adaptive@rho1.2_c01024_theta30,Adaptive,1.2,reuse_intensive,dispatcher_arrival,43511,183,3,6878038652119793510,upsert,1789714938.9263217,1789714953.1363206,2048,64
20260726_formal4t4_reuse_intensive_RateFIFO@rho1.2_rep1,1,RateFIFO@rho1.2,RateFIFO,1.2,reuse_intensive,dispatcher_arrival,43512,0,0,15769623694692820738,upsert,1789714962.5944743,1789714962.597803,2048,64
20260726_formal4t4_reuse_intensive_RateFIFO@rho1.2_rep1,1,RateFIFO@rho1.2,RateFIFO,1.2,reuse_intensive,dispatcher_arrival,43512,4,0,12613465747135452669,upsert,1789714965.4556081,1789714965.458536,2048,64
20260726_formal4t4_reuse_intensive_RateFIFO@rho1.2_rep1,1,RateFIFO@rho1.2,RateFIFO,1.2,reuse_intensive,dispatcher_arrival,43512,8,0,12523743054995375112,upsert,1789714968.3977394,1789714968.4007053,2048,64
20260726_formal4t4_reuse_intensive_RateFIFO@rho1.2_rep1,1,RateFIFO@rho1.2,RateFIFO,1.2,reuse_intensive,dispatcher_arrival,43512,12,0,9971321710674973507,upsert,1789714971.2264132,1789714971.227892,2048,64
20260726_formal4t4_reuse_intensive_RateFIFO@rho1.2_rep1,1,RateFIFO@rho1.2,RateFIFO,1.2,reuse_intensive,dispatcher_arrival,43512,16,0,4650049274038987083,upsert,1789714974.1082351,1789714974.1111338,2048,64
20260726_formal4t4_reuse_intensive_RateFIFO@rho1.2_rep1,1,RateFIFO@rho1.2,RateFIFO,1.2,reuse_intensive,dispatcher_arrival,43512,20,0,3163096543987652428,upsert,1789714977.1905048,1789714977.191933,2048,64
20260726_formal4t4_reuse_intensive_RateFIFO@rho1.2_rep1,1,RateFIFO@rho1.2,RateFIFO,1.2,reuse_intensive,dispatcher_arrival,43512,24,0,10402019323283478844,upsert,1789714980.2922924,1789714980.2952259,2048,64
20260726_formal4t4_reuse_intensive_RateFIFO@rho1.2_rep1,1,RateFIFO@rho1.2,RateFIFO,1.2,reuse_intensive,dispatcher_arrival,43512,28,0,14064140743279553366,upsert,1789714983.3036106,1789714983.39027,2048,64
20260726_formal4t4_reuse_intensive_RateFIFO@rho1.2_rep1,1,RateFIFO@rho1.2,RateFIFO,1.2,reuse_intensive,dispatcher_arrival,43512,32,0,12376960631178457983,upsert,1789714986.2617784,1789714986.5013816,2048,64
20260726_formal4t4_reuse_intensive_RateFIFO@rho1.2_rep1,1,RateFIFO@rho1.2,RateFIFO,1.2,reuse_intensive,dispatcher_arrival,43512,36,0,947483498426156190,upsert,1789714989.2797868,1789714991.6759448,2048,64
20260726_formal4t4_reuse_intensive_RateFIFO@rho1.2_rep1,1,RateFIFO@rho1.2,RateFIFO,1.2,reuse_intensive,dispatcher_arrival,43512,40,0,3073007241776570211,upsert,1789714992.1098382,1789714996.0251715,2048,64
20260726_formal4t4_reuse_intensive_RateFIFO@rho1.2_rep1,1,RateFIFO@rho1.2,RateFIFO,1.2,reuse_intensive,dispatcher_arrival,43512,44,0,14108233664250482536,upsert,1789714995.1663885,1789715000.152212,2048,64
20260726_formal4t4_reuse_intensive_RateFIFO@rho1.2_rep1,1,RateFIFO@rho1.2,RateFIFO,1.2,reuse_intensive,dispatcher_arrival,43512,48,0,14774026810505956694,upsert,1789714997.9923453,1789715002.215734,2048,64
20260726_formal4t4_reuse_intensive_RateFIFO@rho1.2_rep1,1,RateFIFO@rho1.2,RateFIFO,1.2,reuse_intensive,dispatcher_arrival,43512,52,0,5281956220402968541,upsert,1789715001.2086644,1789715005.3267958,2048,64
20260726_formal4t4_reuse_intensive_RateFIFO@rho1.2_rep1,1,RateFIFO@rho1.2,RateFIFO,1.2,reuse_intensive,dispatcher_arrival,43512,56,0,1785562587857272681,upsert,1789715004.6033134,1789715008.4378736,2048,64
20260726_formal4t4_reuse_intensive_RateFIFO@rho1.2_rep1,1,RateFIFO@rho1.2,RateFIFO,1.2,reuse_intensive,dispatcher_arrival,43512,60,0,1610475058989402671,upsert,1789715007.5850756,1789715011.5489616,2048,64
20260726_formal4t4_reuse_intensive_RateFIFO@rho1.2_rep1,1,RateFIFO@rho1.2,RateFIFO,1.2,reuse_intensive,dispatcher_arrival,43512,64,0,7638769856617818995,upsert,1789715011.7737892,1789715015.7077343,2048,64
20260726_formal4t4_reuse_intensive_RateFIFO@rho1.2_rep1,1,RateFIFO@rho1.2,RateFIFO,1.2,reuse_intensive,dispatcher_arrival,43512,68,0,15769623694692820738,upsert,1789715014.622684,1789715017.7713063,2048,64
20260726_formal4t4_reuse_intensive_RateFIFO@rho1.2_rep1,1,RateFIFO@rho1.2,RateFIFO,1.2,reuse_intensive,dispatcher_arrival,43512,72,2,17622982719236225751,upsert,1789715017.5118322,1789715020.8823776,2048,64
20260726_formal4t4_reuse_intensive_RateFIFO@rho1.2_rep1,1,RateFIFO@rho1.2,RateFIFO,1.2,reuse_intensive,dispatcher_arrival,43512,76,0,12613465747135452669,upsert,1789715020.4614038,1789715023.9934933,2048,64
20260726_formal4t4_reuse_intensive_RateFIFO@rho1.2_rep1,1,RateFIFO@rho1.2,RateFIFO,1.2,reuse_intensive,dispatcher_arrival,43512,80,0,12613465747135452669,upsert,1789715023.3354795,1789715027.1046069,2048,64
20260726_formal4t4_reuse_intensive_RateFIFO@rho1.2_rep1,1,RateFIFO@rho1.2,RateFIFO,1.2,reuse_intensive,dispatcher_arrival,43512,84,0,12523743054995375112,upsert,1789715026.1427615,1789715030.215676,2048,64
20260726_formal4t4_reuse_intensive_RateFIFO@rho1.2_rep1,1,RateFIFO@rho1.2,RateFIFO,1.2,reuse_intensive,dispatcher_arrival,43512,88,0,4650049274038987083,upsert,1789715028.165292,1789715033.326784,2048,64
20260726_formal4t4_reuse_intensive_RateFIFO@rho1.2_rep1,1,RateFIFO@rho1.2,RateFIFO,1.2,reuse_intensive,dispatcher_arrival,43512,92,1,155989354309277790,upsert,1789715031.1512816,1789715036.43794,2048,64
20260726_formal4t4_reuse_intensive_RateFIFO@rho1.2_rep1,1,RateFIFO@rho1.2,RateFIFO,1.2,reuse_intensive,dispatcher_arrival,43512,96,0,15769623694692820738,upsert,1789715034.0456228,1789715039.548967,2048,64
20260726_formal4t4_reuse_intensive_RateFIFO@rho1.2_rep1,1,RateFIFO@rho1.2,RateFIFO,1.2,reuse_intensive,dispatcher_arrival,43512,100,0,12613465747135452669,upsert,1789715036.1456058,1789715039.5490665,2048,64
20260726_formal4t4_reuse_intensive_RateFIFO@rho1.2_rep1,1,RateFIFO@rho1.2,RateFIFO,1.2,reuse_intensive,dispatcher_arrival,43512,104,0,15769623694692820738,upsert,1789715037.9767816,1789715043.675958,2048,64
20260726_formal4t4_reuse_intensive_RateFIFO@rho1.2_rep1,1,RateFIFO@rho1.2,RateFIFO,1.2,reuse_intensive,dispatcher_arrival,43512,108,0,9971321710674973507,upsert,1789715040.993571,1789715047.834772,2048,64
20260726_formal4t4_reuse_intensive_RateFIFO@rho1.2_rep1,1,RateFIFO@rho1.2,RateFIFO,1.2,reuse_intensive,dispatcher_arrival,43512,112,0,9971321710674973507,upsert,1789715043.9738443,1789715050.9458716,2048,64
20260726_formal4t4_reuse_intensive_RateFIFO@rho1.2_rep1,1,RateFIFO@rho1.2,RateFIFO,1.2,reuse_intensive,dispatcher_arrival,43512,116,0,15769623694692820738,upsert,1789715046.882341,1789715050.9459713,2048,64
20260726_formal4t4_reuse_intensive_RateFIFO@rho1.2_rep1,1,RateFIFO@rho1.2,RateFIFO,1.2,reuse_intensive,dispatcher_arrival,43512,120,1,16048794067380282208,upsert,1789715049.689326,1789715055.0728564,2048,64
20260726_formal4t4_reuse_intensive_RateFIFO@rho1.2_rep1,1,RateFIFO@rho1.2,RateFIFO,1.2,reuse_intensive,dispatcher_arrival,43512,124,3,3796152564256217897,upsert,1789715052.9984024,1789715058.183925,2048,64
20260726_formal4t4_reuse_intensive_RateFIFO@rho1.2_rep1,1,RateFIFO@rho1.2,RateFIFO,1.2,reuse_intensive,dispatcher_arrival,43512,128,3,13844655051170110805,upsert,1789715056.1029491,1789715061.2950387,2048,64
20260726_formal4t4_reuse_intensive_RateFIFO@rho1.2_rep1,1,RateFIFO@rho1.2,RateFIFO,1.2,reuse_intensive,dispatcher_arrival,43512,132,3,5058081196632299908,upsert,1789715059.318644,1789715064.4061987,2048,64
20260726_formal4t4_reuse_intensive_RateFIFO@rho1.2_rep1,1,RateFIFO@rho1.2,RateFIFO,1.2,reuse_intensive,dispatcher_arrival,43512,136,3,8844125626369699122,upsert,1789715062.4218824,1789715067.517351,2048,64
20260726_formal4t4_reuse_intensive_RateFIFO@rho1.2_rep1,1,RateFIFO@rho1.2,RateFIFO,1.2,reuse_intensive,dispatcher_arrival,43512,140,3,18355503180426157514,upsert,1789715065.412942,1789715070.628416,2048,64
20260726_formal4t4_reuse_intensive_RateFIFO@rho1.2_rep1,1,RateFIFO@rho1.2,RateFIFO,1.2,reuse_intensive,dispatcher_arrival,43512,144,3,15507369539614680842,upsert,1789715068.3701556,1789715073.7395267,2048,64
20260726_formal4t4_reuse_intensive_RateFIFO@rho1.2_rep1,1,RateFIFO@rho1.2,RateFIFO,1.2,reuse_intensive,dispatcher_arrival,43512,148,3,1138219160345481599,upsert,1789715071.3619292,1789715076.8506382,2048,64
20260726_formal4t4_reuse_intensive_RateFIFO@rho1.2_rep1,1,RateFIFO@rho1.2,RateFIFO,1.2,reuse_intensive,dispatcher_arrival,43512,152,3,13764273285245102789,upsert,1789715074.3637328,1789715079.9617245,2048,64
20260726_formal4t4_reuse_intensive_RateFIFO@rho1.2_rep1,1,RateFIFO@rho1.2,RateFIFO,1.2,reuse_intensive,dispatcher_arrival,43512,156,3,16508625817180621701,upsert,1789715077.6022818,1789715083.072837,2048,64
20260726_formal4t4_reuse_intensive_RateFIFO@rho1.2_rep1,1,RateFIFO@rho1.2,RateFIFO,1.2,reuse_intensive,dispatcher_arrival,43512,160,3,17846715708891391149,upsert,1789715081.1815958,1789715086.1839259,2048,64
20260726_formal4t4_reuse_intensive_RateFIFO@rho1.2_rep1,1,RateFIFO@rho1.2,RateFIFO,1.2,reuse_intensive,dispatcher_arrival,43512,164,0,17846715708891391149,upsert,1789715084.327907,1789715089.2950747,2048,64
20260726_formal4t4_reuse_intensive_RateFIFO@rho1.2_rep1,1,RateFIFO@rho1.2,RateFIFO,1.2,reuse_intensive,dispatcher_arrival,43512,168,0,6878038652119793510,upsert,1789715086.8741195,1789715092.406135,2048,64
20260726_formal4t4_reuse_intensive_RateFIFO@rho1.2_rep1,1,RateFIFO@rho1.2,RateFIFO,1.2,reuse_intensive,dispatcher_arrival,43512,172,3,17846715708891391149,upsert,1789715090.1626766,1789715095.5173047,2048,64
20260726_formal4t4_reuse_intensive_RateFIFO@rho1.2_rep1,1,RateFIFO@rho1.2,RateFIFO,1.2,reuse_intensive,dispatcher_arrival,43512,176,1,16031388937053417897,upsert,1789715093.3888943,1789715098.6283963,2048,64
20260726_formal4t4_reuse_intensive_RateFIFO@rho1.2_rep1,1,RateFIFO@rho1.2,RateFIFO,1.2,reuse_intensive,dispatcher_arrival,43512,180,3,15761329057692999658,upsert,1789715096.8777127,1789715101.739468,2048,64
20260726_formal4t4_reuse_intensive_StaticSemantic@rho1.2_rep1,1,StaticSemantic@rho1.2,StaticSemantic,1.2,reuse_intensive,dispatcher_arrival,43513,0,0,15769623694692820738,upsert,1789715111.2395852,1789715111.242692,2048,64
20260726_formal4t4_reuse_intensive_StaticSemantic@rho1.2_rep1,1,StaticSemantic@rho1.2,StaticSemantic,1.2,reuse_intensive,dispatcher_arrival,43513,1,1,15769623694692820738,upsert,1789715111.2396648,1789715112.2792027,2048,64
20260726_formal4t4_reuse_intensive_StaticSemantic@rho1.2_rep1,1,StaticSemantic@rho1.2,StaticSemantic,1.2,reuse_intensive,dispatcher_arrival,43513,4,0,12613465747135452669,upsert,1789715114.728837,1789715119.7395358,2048,64
20260726_formal4t4_reuse_intensive_StaticSemantic@rho1.2_rep1,1,StaticSemantic@rho1.2,StaticSemantic,1.2,reuse_intensive,dispatcher_arrival,43513,7,3,12613465747135452669,upsert,1789715114.7289917,1789715121.8029895,2048,64
20260726_formal4t4_reuse_intensive_StaticSemantic@rho1.2_rep1,1,StaticSemantic@rho1.2,StaticSemantic,1.2,reuse_intensive,dispatcher_arrival,43513,8,0,12523743054995375112,upsert,1789715117.6743963,1789715123.8664727,2048,64
20260726_formal4t4_reuse_intensive_StaticSemantic@rho1.2_rep1,1,StaticSemantic@rho1.2,StaticSemantic,1.2,reuse_intensive,dispatcher_arrival,43513,11,3,12523743054995375112,upsert,1789715117.6745715,1789715123.8665729,2048,64
20260726_formal4t4_reuse_intensive_StaticSemantic@rho1.2_rep1,1,StaticSemantic@rho1.2,StaticSemantic,1.2,reuse_intensive,dispatcher_arrival,43513,12,0,9971321710674973507,upsert,1789715120.6858304,1789715130.057011,2048,64
20260726_formal4t4_reuse_intensive_StaticSemantic@rho1.2_rep1,1,StaticSemantic@rho1.2,StaticSemantic,1.2,reuse_intensive,dispatcher_arrival,43513,15,3,9971321710674973507,upsert,1789715120.6860046,1789715133.1680822,2048,64
20260726_formal4t4_reuse_intensive_StaticSemantic@rho1.2_rep1,1,StaticSemantic@rho1.2,StaticSemantic,1.2,reuse_intensive,dispatcher_arrival,43513,16,0,4650049274038987083,upsert,1789715123.6639843,1789715136.2791822,2048,64
20260726_formal4t4_reuse_intensive_StaticSemantic@rho1.2_rep1,1,StaticSemantic@rho1.2,StaticSemantic,1.2,reuse_intensive,dispatcher_arrival,43513,19,3,4650049274038987083,upsert,1789715123.6641834,1789715136.2792957,2048,64
20260726_formal4t4_reuse_intensive_StaticSemantic@rho1.2_rep1,1,StaticSemantic@rho1.2,StaticSemantic,1.2,reuse_intensive,dispatcher_arrival,43513,20,0,3163096543987652428,upsert,1789715126.6777177,1789715140.4062135,2048,64
20260726_formal4t4_reuse_intensive_StaticSemantic@rho1.2_rep1,1,StaticSemantic@rho1.2,StaticSemantic,1.2,reuse_intensive,dispatcher_arrival,43513,23,3,3163096543987652428,upsert,1789715126.6778975,1789715143.5173292,2048,64
20260726_formal4t4_reuse_intensive_StaticSemantic@rho1.2_rep1,1,StaticSemantic@rho1.2,StaticSemantic,1.2,reuse_intensive,dispatcher_arrival,43513,24,0,10402019323283478844,upsert,1789715129.7906353,1789715147.6760628,2048,64
20260726_formal4t4_reuse_intensive_StaticSemantic@rho1.2_rep1,1,StaticSemantic@rho1.2,StaticSemantic,1.2,reuse_intensive,dispatcher_arrival,43513,27,3,10402019323283478844,upsert,1789715129.790813,1789715147.6762006,2048,64
20260726_formal4t4_reuse_intensive_StaticSemantic@rho1.2_rep1,1,StaticSemantic@rho1.2,StaticSemantic,1.2,reuse_intensive,dispatcher_arrival,43513,28,0,14064140743279553366,upsert,1789715132.8352573,1789715151.8029451,2048,64
20260726_formal4t4_reuse_intensive_StaticSemantic@rho1.2_rep1,1,StaticSemantic@rho1.2,StaticSemantic,1.2,reuse_intensive,dispatcher_arrival,43513,31,3,14064140743279553366,upsert,1789715132.8353522,1789715154.9140818,2048,64
20260726_formal4t4_reuse_intensive_StaticSemantic@rho1.2_rep1,1,StaticSemantic@rho1.2,StaticSemantic,1.2,reuse_intensive,dispatcher_arrival,43513,32,0,12376960631178457983,upsert,1789715135.9022303,1789715159.0728128,2048,64
20260726_formal4t4_reuse_intensive_StaticSemantic@rho1.2_rep1,1,StaticSemantic@rho1.2,StaticSemantic,1.2,reuse_intensive,dispatcher_arrival,43513,35,3,12376960631178457983,upsert,1789715135.9024005,1789715159.0729125,2048,64
20260726_formal4t4_reuse_intensive_StaticSemantic@rho1.2_rep1,1,StaticSemantic@rho1.2,StaticSemantic,1.2,reuse_intensive,dispatcher_arrival,43513,36,0,947483498426156190,upsert,1789715138.9650402,1789715163.1997652,2048,64
20260726_formal4t4_reuse_intensive_StaticSemantic@rho1.2_rep1,1,StaticSemantic@rho1.2,StaticSemantic,1.2,reuse_intensive,dispatcher_arrival,43513,39,3,947483498426156190,upsert,1789715138.9652393,1789715166.3108873,2048,64
20260726_formal4t4_reuse_intensive_StaticSemantic@rho1.2_rep1,1,StaticSemantic@rho1.2,StaticSemantic,1.2,reuse_intensive,dispatcher_arrival,43513,40,0,3073007241776570211,upsert,1789715142.0897937,1789715170.4696202,2048,64
20260726_formal4t4_reuse_intensive_StaticSemantic@rho1.2_rep1,1,StaticSemantic@rho1.2,StaticSemantic,1.2,reuse_intensive,dispatcher_arrival,43513,43,3,3073007241776570211,upsert,1789715142.089983,1789715170.469716,2048,64
20260726_formal4t4_reuse_intensive_StaticSemantic@rho1.2_rep1,1,StaticSemantic@rho1.2,StaticSemantic,1.2,reuse_intensive,dispatcher_arrival,43513,44,0,14108233664250482536,upsert,1789715145.095401,1789715174.5966291,2048,64
20260726_formal4t4_reuse_intensive_StaticSemantic@rho1.2_rep1,1,StaticSemantic@rho1.2,StaticSemantic,1.2,reuse_intensive,dispatcher_arrival,43513,47,3,14108233664250482536,upsert,1789715145.0955782,1789715177.7077456,2048,64
20260726_formal4t4_reuse_intensive_StaticSemantic@rho1.2_rep1,1,StaticSemantic@rho1.2,StaticSemantic,1.2,reuse_intensive,dispatcher_arrival,43513,48,0,14774026810505956694,upsert,1789715148.2650292,1789715180.8188713,2048,64
20260726_formal4t4_reuse_intensive_StaticSemantic@rho1.2_rep1,1,StaticSemantic@rho1.2,StaticSemantic,1.2,reuse_intensive,dispatcher_arrival,43513,51,3,14774026810505956694,upsert,1789715148.2652335,1789715180.818962,2048,64
20260726_formal4t4_reuse_intensive_StaticSemantic@rho1.2_rep1,1,StaticSemantic@rho1.2,StaticSemantic,1.2,reuse_intensive,dispatcher_arrival,43513,52,0,5281956220402968541,upsert,1789715151.1817303,1789715184.9457986,2048,64
20260726_formal4t4_reuse_intensive_StaticSemantic@rho1.2_rep1,1,StaticSemantic@rho1.2,StaticSemantic,1.2,reuse_intensive,dispatcher_arrival,43513,53,1,5281956220402968541,upsert,1789715151.1818378,1789715188.0569148,2048,64
20260726_formal4t4_reuse_intensive_StaticSemantic@rho1.2_rep1,1,StaticSemantic@rho1.2,StaticSemantic,1.2,reuse_intensive,dispatcher_arrival,43513,56,0,1785562587857272681,upsert,1789715154.3802547,1789715191.1679878,2048,64
20260726_formal4t4_reuse_intensive_StaticSemantic@rho1.2_rep1,1,StaticSemantic@rho1.2,StaticSemantic,1.2,reuse_intensive,dispatcher_arrival,43513,59,3,1785562587857272681,upsert,1789715154.3804302,1789715191.1680465,2048,64
20260726_formal4t4_reuse_intensive_StaticSemantic@rho1.2_rep1,1,StaticSemantic@rho1.2,StaticSemantic,1.2,reuse_intensive,dispatcher_arrival,43513,60,0,1610475058989402671,upsert,1789715157.3565266,1789715195.2950175,2048,64
20260726_formal4t4_reuse_intensive_StaticSemantic@rho1.2_rep1,1,StaticSemantic@rho1.2,StaticSemantic,1.2,reuse_intensive,dispatcher_arrival,43513,63,3,1610475058989402671,upsert,1789715157.3566995,1789715198.4061182,2048,64
20260726_formal4t4_reuse_intensive_StaticSemantic@rho1.2_rep1,1,StaticSemantic@rho1.2,StaticSemantic,1.2,reuse_intensive,dispatcher_arrival,43513,64,0,7638769856617818995,upsert,1789715159.9022324,1789715201.5172453,2048,64
20260726_formal4t4_reuse_intensive_StaticSemantic@rho1.2_rep1,1,StaticSemantic@rho1.2,StaticSemantic,1.2,reuse_intensive,dispatcher_arrival,43513,70,0,9971321710674973507,upsert,1789715162.8982968,1789715201.5173385,2048,64
20260726_formal4t4_reuse_intensive_StaticSemantic@rho1.2_rep1,1,StaticSemantic@rho1.2,StaticSemantic,1.2,reuse_intensive,dispatcher_arrival,43513,69,3,17622982719236225751,upsert,1789715162.8982418,1789715205.6442676,2048,64
20260726_formal4t4_reuse_intensive_StaticSemantic@rho1.2_rep1,1,StaticSemantic@rho1.2,StaticSemantic,1.2,reuse_intensive,dispatcher_arrival,43513,72,1,17622982719236225751,upsert,1789715166.3643458,1789715208.7554047,2048,64
20260726_formal4t4_reuse_intensive_StaticSemantic@rho1.2_rep1,1,StaticSemantic@rho1.2,StaticSemantic,1.2,reuse_intensive,dispatcher_arrival,43513,74,0,3163096543987652428,upsert,1789715166.364488,1789715211.8664737,2048,64
20260726_formal4t4_reuse_intensive_StaticSemantic@rho1.2_rep1,1,StaticSemantic@rho1.2,StaticSemantic,1.2,reuse_intensive,dispatcher_arrival,43513,78,2,13367182244321225226,upsert,1789715169.3159497,1789715211.8665617,2048,64
20260726_formal4t4_reuse_intensive_StaticSemantic@rho1.2_rep1,1,StaticSemantic@rho1.2,StaticSemantic,1.2,reuse_intensive,dispatcher_arrival,43513,81,1,15960031488910374299,upsert,1789715172.4179032,1789715215.9934332,2048,64
20260726_formal4t4_reuse_intensive_StaticSemantic@rho1.2_rep1,1,StaticSemantic@rho1.2,StaticSemantic,1.2,reuse_intensive,dispatcher_arrival,43513,85,2,16374985302794130926,upsert,1789715175.218353,1789715219.104539,2048,64
20260726_formal4t4_reuse_intensive_StaticSemantic@rho1.2_rep1,1,StaticSemantic@rho1.2,StaticSemantic,1.2,reuse_intensive,dispatcher_arrival,43513,92,3,155989354309277790,upsert,1789715179.4752073,1789715222.215652,2048,64
20260726_formal4t4_reuse_intensive_StaticSemantic@rho1.2_rep1,1,StaticSemantic@rho1.2,StaticSemantic,1.2,reuse_intensive,dispatcher_arrival,43513,94,1,5420781037229794373,upsert,1789715179.4757607,1789715222.215747,2048,64
20260726_formal4t4_reuse_intensive_StaticSemantic@rho1.2_rep1,1,StaticSemantic@rho1.2,StaticSemantic,1.2,reuse_intensive,dispatcher_arrival,43513,97,2,7230541217248033124,upsert,1789715182.4462903,1789715226.3426018,2048,64
20260726_formal4t4_reuse_intensive_StaticSemantic@rho1.2_rep1,1,StaticSemantic@rho1.2,StaticSemantic,1.2,reuse_intensive,dispatcher_arrival,43513,98,0,16342886595574764735,upsert,1789715182.446524,1789715229.4537401,2048,64
20260726_formal4t4_reuse_intensive_StaticSemantic@rho1.2_rep1,1,StaticSemantic@rho1.2,StaticSemantic,1.2,reuse_intensive,dispatcher_arrival,43513,99,3,14108233664250482536,upsert,1789715182.4467378,1789715232.5648844,2048,64
20260726_formal4t4_reuse_intensive_StaticSemantic@rho1.2_rep1,1,StaticSemantic@rho1.2,StaticSemantic,1.2,reuse_intensive,dispatcher_arrival,43513,102,0,12376960631178457983,upsert,1789715183.5010152,1789715232.5649745,2048,64
20260726_formal4t4_reuse_intensive_StaticSemantic@rho1.2_rep1,1,StaticSemantic@rho1.2,StaticSemantic,1.2,reuse_intensive,dispatcher_arrival,43513,103,0,10402019323283478844,upsert,1789715183.5012496,1789715236.6918864,2048,64
20260726_formal4t4_reuse_intensive_StaticSemantic@rho1.2_rep1,1,StaticSemantic@rho1.2,StaticSemantic,1.2,reuse_intensive,dispatcher_arrival,43513,105,3,4650049274038987083,upsert,1789715184.4878435,1789715239.8029625,2048,64
20260726_formal4t4_reuse_intensive_StaticSemantic@rho1.2_rep1,1,StaticSemantic@rho1.2,StaticSemantic,1.2,reuse_intensive,dispatcher_arrival,43513,107,1,15769623694692820738,upsert,1789715184.4883168,1789715242.9141016,2048,64
20260726_formal4t4_reuse_intensive_StaticSemantic@rho1.2_rep1,1,StaticSemantic@rho1.2,StaticSemantic,1.2,reuse_intensive,dispatcher_arrival,43513,109,0,12613465747135452669,upsert,1789715187.4865708,1789715242.914228,2048,64
20260726_formal4t4_reuse_intensive_StaticSemantic@rho1.2_rep1,1,StaticSemantic@rho1.2,StaticSemantic,1.2,reuse_intensive,dispatcher_arrival,43513,110,0,4650049274038987083,upsert,1789715187.4868019,1789715247.041056,2048,64
20260726_formal4t4_reuse_intensive_StaticSemantic@rho1.2_rep1,1,StaticSemantic@rho1.2,StaticSemantic,1.2,reuse_intensive,dispatcher_arrival,43513,111,2,4596497935095405733,upsert,1789715187.4870124,1789715250.152235,2048,64
20260726_formal4t4_reuse_intensive_StaticSemantic@rho1.2_rep1,1,StaticSemantic@rho1.2,StaticSemantic,1.2,reuse_intensive,dispatcher_arrival,43513,112,3,9971321710674973507,upsert,1789715190.0248852,1789715253.2633052,2048,64
20260726_formal4t4_reuse_intensive_StaticSemantic@rho1.2_rep1,1,StaticSemantic@rho1.2,StaticSemantic,1.2,reuse_intensive,dispatcher_arrival,43513,113,0,12523743054995375112,upsert,1789715190.0252202,1789715253.2634113,2048,64
20260726_formal4t4_reuse_intensive_StaticSemantic@rho1.2_rep1,1,StaticSemantic@rho1.2,StaticSemantic,1.2,reuse_intensive,dispatcher_arrival,43513,114,1,16954395879792744941,upsert,1789715190.0254555,1789715257.3902938,2048,64
20260726_formal4t4_reuse_intensive_StaticSemantic@rho1.2_rep1,1,StaticSemantic@rho1.2,StaticSemantic,1.2,reuse_intensive,dispatcher_arrival,43513,115,2,12578487649826242535,upsert,1789715190.02567,1789715260.5014024,2048,64
20260726_formal4t4_reuse_intensive_StaticSemantic@rho1.2_rep1,1,StaticSemantic@rho1.2,StaticSemantic,1.2,reuse_intensive,dispatcher_arrival,43513,117,3,3073007241776570211,upsert,1789715192.9614563,1789715263.612506,2048,64
20260726_formal4t4_reuse_intensive_StaticSemantic@rho1.2_rep1,1,StaticSemantic@rho1.2,StaticSemantic,1.2,reuse_intensive,dispatcher_arrival,43513,118,3,12613465747135452669,upsert,1789715192.9616885,1789715263.6126084,2048,64
20260726_formal4t4_reuse_intensive_StaticSemantic@rho1.2_rep1,1,StaticSemantic@rho1.2,StaticSemantic,1.2,reuse_intensive,dispatcher_arrival,43513,119,1,10435555625340500992,upsert,1789715192.9619353,1789715267.739487,2048,64
20260726_formal4t4_reuse_intensive_StaticSemantic@rho1.2_rep1,1,StaticSemantic@rho1.2,StaticSemantic,1.2,reuse_intensive,dispatcher_arrival,43513,120,3,16048794067380282208,upsert,1789715195.6887798,1789715270.8506,2048,64
20260726_formal4t4_reuse_intensive_StaticSemantic@rho1.2_rep1,1,StaticSemantic@rho1.2,StaticSemantic,1.2,reuse_intensive,dispatcher_arrival,43513,121,0,14108233664250482536,upsert,1789715195.689077,1789715273.9617095,2048,64
20260726_formal4t4_reuse_intensive_StaticSemantic@rho1.2_rep1,1,StaticSemantic@rho1.2,StaticSemantic,1.2,reuse_intensive,dispatcher_arrival,43513,122,1,4141618429024808821,upsert,1789715195.689337,1789715273.9618049,2048,64
20260726_formal4t4_reuse_intensive_StaticSemantic@rho1.2_rep1,1,StaticSemantic@rho1.2,StaticSemantic,1.2,reuse_intensive,dispatcher_arrival,43513,123,0,15769623694692820738,upsert,1789715195.689557,1789715278.0886943,2048,64
20260726_formal4t4_reuse_intensive_StaticSemantic@rho1.2_rep1,1,StaticSemantic@rho1.2,StaticSemantic,1.2,reuse_intensive,dispatcher_arrival,43513,124,1,3796152564256217897,upsert,1789715198.6207647,1789715281.1998444,2048,64
20260726_formal4t4_reuse_intensive_StaticSemantic@rho1.2_rep1,1,StaticSemantic@rho1.2,StaticSemantic,1.2,reuse_intensive,dispatcher_arrival,43513,126,3,11828416008499956572,upsert,1789715198.6213036,1789715284.3108685,2048,64
20260726_formal4t4_reuse_intensive_StaticSemantic@rho1.2_rep1,1,StaticSemantic@rho1.2,StaticSemantic,1.2,reuse_intensive,dispatcher_arrival,43513,128,1,13844655051170110805,upsert,1789715201.4735236,1789715284.3109512,2048,64
20260726_formal4t4_reuse_intensive_StaticSemantic@rho1.2_rep1,1,StaticSemantic@rho1.2,StaticSemantic,1.2,reuse_intensive,dispatcher_arrival,43513,131,0,8795327467627576569,upsert,1789715201.4743257,1789715288.4378574,2048,64
20260726_formal4t4_reuse_intensive_StaticSemantic@rho1.2_rep1,1,StaticSemantic@rho1.2,StaticSemantic,1.2,reuse_intensive,dispatcher_arrival,43513,132,1,5058081196632299908,upsert,1789715204.5651386,1789715291.5490096,2048,64
20260726_formal4t4_reuse_intensive_StaticSemantic@rho1.2_rep1,1,StaticSemantic@rho1.2,StaticSemantic,1.2,reuse_intensive,dispatcher_arrival,43513,133,3,15507369539614680842,upsert,1789715204.5654662,1789715294.6601322,2048,64
20260726_formal4t4_reuse_intensive_StaticSemantic@rho1.2_rep1,1,StaticSemantic@rho1.2,StaticSemantic,1.2,reuse_intensive,dispatcher_arrival,43513,134,2,2791082597034988524,upsert,1789715204.5656953,1789715294.660282,2048,64
20260726_formal4t4_reuse_intensive_StaticSemantic@rho1.2_rep1,1,StaticSemantic@rho1.2,StaticSemantic,1.2,reuse_intensive,dispatcher_arrival,43513,136,1,8844125626369699122,upsert,1789715207.2702231,1789715298.7870944,2048,64
20260726_formal4t4_reuse_intensive_RateFIFO@rho1.2_rep2,2,RateFIFO@rho1.2,RateFIFO,1.2,reuse_intensive,dispatcher_arrival,43514,0,0,15769623694692820738,upsert,1789715305.0077922,1789715314.4696703,2048,64
20260726_formal4t4_reuse_intensive_RateFIFO@rho1.2_rep2,2,RateFIFO@rho1.2,RateFIFO,1.2,reuse_intensive,dispatcher_arrival,43514,4,0,12613465747135452669,upsert,1789715307.8180013,1789715316.5331342,2048,64
20260726_formal4t4_reuse_intensive_RateFIFO@rho1.2_rep2,2,RateFIFO@rho1.2,RateFIFO,1.2,reuse_intensive,dispatcher_arrival,43514,8,0,12523743054995375112,upsert,1789715310.657955,1789715316.53326,2048,64
20260726_formal4t4_reuse_intensive_RateFIFO@rho1.2_rep2,2,RateFIFO@rho1.2,RateFIFO,1.2,reuse_intensive,dispatcher_arrival,43514,12,0,9971321710674973507,upsert,1789715313.482735,1789715320.6601346,2048,64
20260726_formal4t4_reuse_intensive_RateFIFO@rho1.2_rep2,2,RateFIFO@rho1.2,RateFIFO,1.2,reuse_intensive,dispatcher_arrival,43514,16,0,4650049274038987083,upsert,1789715316.4120975,1789715323.7713144,2048,64
20260726_formal4t4_reuse_intensive_RateFIFO@rho1.2_rep2,2,RateFIFO@rho1.2,RateFIFO,1.2,reuse_intensive,dispatcher_arrival,43514,20,0,3163096543987652428,upsert,1789715319.2587576,1789715327.9299276,2048,64
20260726_formal4t4_reuse_intensive_RateFIFO@rho1.2_rep2,2,RateFIFO@rho1.2,RateFIFO,1.2,reuse_intensive,dispatcher_arrival,43514,24,0,10402019323283478844,upsert,1789715322.25183,1789715331.0410755,2048,64
20260726_formal4t4_reuse_intensive_RateFIFO@rho1.2_rep2,2,RateFIFO@rho1.2,RateFIFO,1.2,reuse_intensive,dispatcher_arrival,43514,28,0,14064140743279553366,upsert,1789715325.1721041,1789715334.152197,2048,64
20260726_formal4t4_reuse_intensive_RateFIFO@rho1.2_rep2,2,RateFIFO@rho1.2,RateFIFO,1.2,reuse_intensive,dispatcher_arrival,43514,32,0,12376960631178457983,upsert,1789715328.0051405,1789715337.2633119,2048,64
20260726_formal4t4_reuse_intensive_RateFIFO@rho1.2_rep2,2,RateFIFO@rho1.2,RateFIFO,1.2,reuse_intensive,dispatcher_arrival,43514,36,0,947483498426156190,upsert,1789715330.8414638,1789715337.2634163,2048,64
20260726_formal4t4_reuse_intensive_RateFIFO@rho1.2_rep2,2,RateFIFO@rho1.2,RateFIFO,1.2,reuse_intensive,dispatcher_arrival,43514,40,0,3073007241776570211,upsert,1789715333.9615164,1789715341.3903131,2048,64
20260726_formal4t4_reuse_intensive_RateFIFO@rho1.2_rep2,2,RateFIFO@rho1.2,RateFIFO,1.2,reuse_intensive,dispatcher_arrival,43514,44,0,14108233664250482536,upsert,1789715336.7831435,1789715344.5014193,2048,64
20260726_formal4t4_reuse_intensive_RateFIFO@rho1.2_rep2,2,RateFIFO@rho1.2,RateFIFO,1.2,reuse_intensive,dispatcher_arrival,43514,48,0,14774026810505956694,upsert,1789715339.7315536,1789715348.6600907,2048,64
20260726_formal4t4_reuse_intensive_RateFIFO@rho1.2_rep2,2,RateFIFO@rho1.2,RateFIFO,1.2,reuse_intensive,dispatcher_arrival,43514,52,0,5281956220402968541,upsert,1789715342.6857958,1789715351.7712483,2048,64
20260726_formal4t4_reuse_intensive_RateFIFO@rho1.2_rep2,2,RateFIFO@rho1.2,RateFIFO,1.2,reuse_intensive,dispatcher_arrival,43514,56,0,1785562587857272681,upsert,1789715345.82766,1789715354.8823457,2048,64
20260726_formal4t4_reuse_intensive_RateFIFO@rho1.2_rep2,2,RateFIFO@rho1.2,RateFIFO,1.2,reuse_intensive,dispatcher_arrival,43514,60,0,1610475058989402671,upsert,1789715348.875139,1789715357.9934227,2048,64
20260726_formal4t4_reuse_intensive_RateFIFO@rho1.2_rep2,2,RateFIFO@rho1.2,RateFIFO,1.2,reuse_intensive,dispatcher_arrival,43514,64,0,14108233664250482536,upsert,1789715351.655106,1789715357.993528,2048,64
20260726_formal4t4_reuse_intensive_RateFIFO@rho1.2_rep2,2,RateFIFO@rho1.2,RateFIFO,1.2,reuse_intensive,dispatcher_arrival,43514,68,0,12613465747135452669,upsert,1789715353.053574,1789715362.120414,2048,64
20260726_formal4t4_reuse_intensive_RateFIFO@rho1.2_rep2,2,RateFIFO@rho1.2,RateFIFO,1.2,reuse_intensive,dispatcher_arrival,43514,72,0,12523743054995375112,upsert,1789715355.522827,1789715365.2315133,2048,64
20260726_formal4t4_reuse_intensive_RateFIFO@rho1.2_rep2,2,RateFIFO@rho1.2,RateFIFO,1.2,reuse_intensive,dispatcher_arrival,43514,76,0,15769623694692820738,upsert,1789715357.2165473,1789715369.3902528,2048,64
20260726_formal4t4_reuse_intensive_RateFIFO@rho1.2_rep2,2,RateFIFO@rho1.2,RateFIFO,1.2,reuse_intensive,dispatcher_arrival,43514,80,0,12376960631178457983,upsert,1789715359.637425,1789715369.3903375,2048,64
20260726_formal4t4_reuse_intensive_RateFIFO@rho1.2_rep2,2,RateFIFO@rho1.2,RateFIFO,1.2,reuse_intensive,dispatcher_arrival,43514,84,1,16954395879792744941,upsert,1789715362.617566,1789715373.5172827,2048,64
20260726_formal4t4_reuse_intensive_RateFIFO@rho1.2_rep2,2,RateFIFO@rho1.2,RateFIFO,1.2,reuse_intensive,dispatcher_arrival,43514,88,0,4650049274038987083,upsert,1789715364.452754,1789715376.6283634,2048,64
20260726_formal4t4_reuse_intensive_RateFIFO@rho1.2_rep2,2,RateFIFO@rho1.2,RateFIFO,1.2,reuse_intensive,dispatcher_arrival,43514,92,0,14774026810505956694,upsert,1789715367.2935622,1789715379.7394838,2048,64
20260726_formal4t4_reuse_intensive_RateFIFO@rho1.2_rep2,2,RateFIFO@rho1.2,RateFIFO,1.2,reuse_intensive,dispatcher_arrival,43514,96,0,15769623694692820738,upsert,1789715369.2965708,1789715379.739567,2048,64
20260726_formal4t4_reuse_intensive_RateFIFO@rho1.2_rep2,2,RateFIFO@rho1.2,RateFIFO,1.2,reuse_intensive,dispatcher_arrival,43514,100,0,10402019323283478844,upsert,1789715372.1147492,1789715383.8664718,2048,64
20260726_formal4t4_reuse_intensive_RateFIFO@rho1.2_rep2,2,RateFIFO@rho1.2,RateFIFO,1.2,reuse_intensive,dispatcher_arrival,43514,104,0,4132850298606047245,upsert,1789715376.9149945,1789715386.9775736,2048,64
20260726_formal4t4_reuse_intensive_RateFIFO@rho1.2_rep2,2,RateFIFO@rho1.2,RateFIFO,1.2,reuse_intensive,dispatcher_arrival,43514,108,0,15769623694692820738,upsert,1789715378.586221,1789715390.0887487,2048,64
20260726_formal4t4_reuse_intensive_RateFIFO@rho1.2_rep2,2,RateFIFO@rho1.2,RateFIFO,1.2,reuse_intensive,dispatcher_arrival,43514,112,3,6602759660674530941,upsert,1789715381.8036935,1789715390.088858,2048,64
20260726_formal4t4_reuse_intensive_RateFIFO@rho1.2_rep2,2,RateFIFO@rho1.2,RateFIFO,1.2,reuse_intensive,dispatcher_arrival,43514,116,0,12376960631178457983,upsert,1789715384.657672,1789715394.2157328,2048,64
20260726_formal4t4_reuse_intensive_RateFIFO@rho1.2_rep2,2,RateFIFO@rho1.2,RateFIFO,1.2,reuse_intensive,dispatcher_arrival,43514,120,0,15769623694692820738,upsert,1789715386.0564818,1789715397.3267694,2048,64
20260726_formal4t4_reuse_intensive_RateFIFO@rho1.2_rep2,2,RateFIFO@rho1.2,RateFIFO,1.2,reuse_intensive,dispatcher_arrival,43514,124,3,17846715708891391149,upsert,1789715389.000109,1789715400.4378753,2048,64
20260726_formal4t4_reuse_intensive_RateFIFO@rho1.2_rep2,2,RateFIFO@rho1.2,RateFIFO,1.2,reuse_intensive,dispatcher_arrival,43514,128,3,3796152564256217897,upsert,1789715391.813359,1789715400.4379723,2048,64
20260726_formal4t4_reuse_intensive_RateFIFO@rho1.2_rep2,2,RateFIFO@rho1.2,RateFIFO,1.2,reuse_intensive,dispatcher_arrival,43514,132,3,16508625817180621701,upsert,1789715394.8019772,1789715404.5648932,2048,64
20260726_formal4t4_reuse_intensive_RateFIFO@rho1.2_rep2,2,RateFIFO@rho1.2,RateFIFO,1.2,reuse_intensive,dispatcher_arrival,43514,136,3,11828416008499956572,upsert,1789715397.8009953,1789715407.6759434,2048,64
20260726_formal4t4_reuse_intensive_RateFIFO@rho1.2_rep2,2,RateFIFO@rho1.2,RateFIFO,1.2,reuse_intensive,dispatcher_arrival,43514,140,3,11821849661176330329,upsert,1789715400.4834392,1789715410.7870793,2048,64
20260726_formal4t4_reuse_intensive_RateFIFO@rho1.2_rep2,2,RateFIFO@rho1.2,RateFIFO,1.2,reuse_intensive,dispatcher_arrival,43514,144,3,7759237608199543855,upsert,1789715403.5063262,1789715410.7871993,2048,64
20260726_formal4t4_reuse_intensive_RateFIFO@rho1.2_rep2,2,RateFIFO@rho1.2,RateFIFO,1.2,reuse_intensive,dispatcher_arrival,43514,148,3,13844655051170110805,upsert,1789715406.7575939,1789715414.9141467,2048,64
20260726_formal4t4_reuse_intensive_RateFIFO@rho1.2_rep2,2,RateFIFO@rho1.2,RateFIFO,1.2,reuse_intensive,dispatcher_arrival,43514,152,0,13764273285245102789,upsert,1789715410.0167756,1789715418.0252144,2048,64
20260726_formal4t4_reuse_intensive_RateFIFO@rho1.2_rep2,2,RateFIFO@rho1.2,RateFIFO,1.2,reuse_intensive,dispatcher_arrival,43514,156,0,6878038652119793510,upsert,1789715412.8915231,1789715421.1363432,2048,64
20260726_formal4t4_reuse_intensive_RateFIFO@rho1.2_rep2,2,RateFIFO@rho1.2,RateFIFO,1.2,reuse_intensive,dispatcher_arrival,43514,160,1,12103029824873703222,upsert,1789715415.9086387,1789715424.2473922,2048,64
20260726_formal4t4_reuse_intensive_RateFIFO@rho1.2_rep2,2,RateFIFO@rho1.2,RateFIFO,1.2,reuse_intensive,dispatcher_arrival,43514,164,3,17846715708891391149,upsert,1789715418.7292047,1789715427.358493,2048,64
20260726_formal4t4_reuse_intensive_RateFIFO@rho1.2_rep2,2,RateFIFO@rho1.2,RateFIFO,1.2,reuse_intensive,dispatcher_arrival,43514,168,3,11821849661176330329,upsert,1789715420.1487894,1789715427.3585896,2048,64
20260726_formal4t4_reuse_intensive_RateFIFO@rho1.2_rep2,2,RateFIFO@rho1.2,RateFIFO,1.2,reuse_intensive,dispatcher_arrival,43514,172,0,15542353749932536880,upsert,1789715423.4666934,1789715431.4855216,2048,64
20260726_formal4t4_reuse_intensive_RateFIFO@rho1.2_rep2,2,RateFIFO@rho1.2,RateFIFO,1.2,reuse_intensive,dispatcher_arrival,43514,176,1,12686689457414215630,upsert,1789715426.5478952,1789715434.5966299,2048,64
20260726_formal4t4_reuse_intensive_RateFIFO@rho1.2_rep2,2,RateFIFO@rho1.2,RateFIFO,1.2,reuse_intensive,dispatcher_arrival,43514,180,3,17846715708891391149,upsert,1789715429.1621284,1789715437.7077384,2048,64
20260726_formal4t4_reuse_intensive_Ideal_rep2,2,Ideal,Ideal,,reuse_intensive,dispatcher_arrival,43514,0,0,15769623694692820738,upsert,1789715305.0077922,1789715314.4696703,2048,64
20260726_formal4t4_reuse_intensive_Ideal_rep2,2,Ideal,Ideal,,reuse_intensive,dispatcher_arrival,43514,4,0,12613465747135452669,upsert,1789715307.8180013,1789715316.5331342,2048,64
20260726_formal4t4_reuse_intensive_Ideal_rep2,2,Ideal,Ideal,,reuse_intensive,dispatcher_arrival,43514,8,0,12523743054995375112,upsert,1789715310.657955,1789715316.53326,2048,64
20260726_formal4t4_reuse_intensive_Ideal_rep2,2,Ideal,Ideal,,reuse_intensive,dispatcher_arrival,43514,12,0,9971321710674973507,upsert,1789715313.482735,1789715320.6601346,2048,64
20260726_formal4t4_reuse_intensive_Ideal_rep2,2,Ideal,Ideal,,reuse_intensive,dispatcher_arrival,43514,16,0,4650049274038987083,upsert,1789715316.4120975,1789715323.7713144,2048,64
20260726_formal4t4_reuse_intensive_Ideal_rep2,2,Ideal,Ideal,,reuse_intensive,dispatcher_arrival,43514,20,0,3163096543987652428,upsert,1789715319.2587576,1789715327.9299276,2048,64
20260726_formal4t4_reuse_intensive_Ideal_rep2,2,Ideal,Ideal,,reuse_intensive,dispatcher_arrival,43514,24,0,10402019323283478844,upsert,1789715322.25183,1789715331.0410755,2048,64
20260726_formal4t4_reuse_intensive_Ideal_rep2,2,Ideal,Ideal,,reuse_intensive,dispatcher_arrival,43514,28,0,14064140743279553366,upsert,1789715325.1721041,1789715334.152197,2048,64
20260726_formal4t4_reuse_intensive_Ideal_rep2,2,Ideal,Ideal,,reuse_intensive,dispatcher_arrival,43514,32,0,12376960631178457983,upsert,1789715328.0051405,1789715337.2633119,2048,64
20260726_formal4t4_reuse_intensive_Ideal_rep2,2,Ideal,Ideal,,reuse_intensive,dispatcher_arrival,43514,36,0,947483498426156190,upsert,1789715330.8414638,1789715337.2634163,2048,64
20260726_formal4t4_reuse_intensive_Ideal_rep2,2,Ideal,Ideal,,reuse_intensive,dispatcher_arrival,43514,40,0,3073007241776570211,upsert,1789715333.9615164,1789715341.3903131,2048,64
20260726_formal4t4_reuse_intensive_Ideal_rep2,2,Ideal,Ideal,,reuse_intensive,dispatcher_arrival,43514,44,0,14108233664250482536,upsert,1789715336.7831435,1789715344.5014193,2048,64
20260726_formal4t4_reuse_intensive_Ideal_rep2,2,Ideal,Ideal,,reuse_intensive,dispatcher_arrival,43514,48,0,14774026810505956694,upsert,1789715339.7315536,1789715348.6600907,2048,64
20260726_formal4t4_reuse_intensive_Ideal_rep2,2,Ideal,Ideal,,reuse_intensive,dispatcher_arrival,43514,52,0,5281956220402968541,upsert,1789715342.6857958,1789715351.7712483,2048,64
20260726_formal4t4_reuse_intensive_Ideal_rep2,2,Ideal,Ideal,,reuse_intensive,dispatcher_arrival,43514,56,0,1785562587857272681,upsert,1789715345.82766,1789715354.8823457,2048,64
20260726_formal4t4_reuse_intensive_Ideal_rep2,2,Ideal,Ideal,,reuse_intensive,dispatcher_arrival,43514,60,0,1610475058989402671,upsert,1789715348.875139,1789715357.9934227,2048,64
20260726_formal4t4_reuse_intensive_Ideal_rep2,2,Ideal,Ideal,,reuse_intensive,dispatcher_arrival,43514,64,0,14108233664250482536,upsert,1789715351.655106,1789715357.993528,2048,64
20260726_formal4t4_reuse_intensive_Ideal_rep2,2,Ideal,Ideal,,reuse_intensive,dispatcher_arrival,43514,68,0,12613465747135452669,upsert,1789715353.053574,1789715362.120414,2048,64
20260726_formal4t4_reuse_intensive_Ideal_rep2,2,Ideal,Ideal,,reuse_intensive,dispatcher_arrival,43514,72,0,12523743054995375112,upsert,1789715355.522827,1789715365.2315133,2048,64
20260726_formal4t4_reuse_intensive_Ideal_rep2,2,Ideal,Ideal,,reuse_intensive,dispatcher_arrival,43514,76,0,15769623694692820738,upsert,1789715357.2165473,1789715369.3902528,2048,64
20260726_formal4t4_reuse_intensive_Ideal_rep2,2,Ideal,Ideal,,reuse_intensive,dispatcher_arrival,43514,80,0,12376960631178457983,upsert,1789715359.637425,1789715369.3903375,2048,64
20260726_formal4t4_reuse_intensive_Ideal_rep2,2,Ideal,Ideal,,reuse_intensive,dispatcher_arrival,43514,84,1,16954395879792744941,upsert,1789715362.617566,1789715373.5172827,2048,64
20260726_formal4t4_reuse_intensive_Ideal_rep2,2,Ideal,Ideal,,reuse_intensive,dispatcher_arrival,43514,88,0,4650049274038987083,upsert,1789715364.452754,1789715376.6283634,2048,64
20260726_formal4t4_reuse_intensive_Ideal_rep2,2,Ideal,Ideal,,reuse_intensive,dispatcher_arrival,43514,92,0,14774026810505956694,upsert,1789715367.2935622,1789715379.7394838,2048,64
20260726_formal4t4_reuse_intensive_Ideal_rep2,2,Ideal,Ideal,,reuse_intensive,dispatcher_arrival,43514,96,0,15769623694692820738,upsert,1789715369.2965708,1789715379.739567,2048,64
20260726_formal4t4_reuse_intensive_Ideal_rep2,2,Ideal,Ideal,,reuse_intensive,dispatcher_arrival,43514,100,0,10402019323283478844,upsert,1789715372.1147492,1789715383.8664718,2048,64
20260726_formal4t4_reuse_intensive_Ideal_rep2,2,Ideal,Ideal,,reuse_intensive,dispatcher_arrival,43514,104,0,4132850298606047245,upsert,1789715376.9149945,1789715386.9775736,2048,64
20260726_formal4t4_reuse_intensive_Ideal_rep2,2,Ideal,Ideal,,reuse_intensive,dispatcher_arrival,43514,108,0,15769623694692820738,upsert,1789715378.586221,1789715390.0887487,2048,64
20260726_formal4t4_reuse_intensive_Ideal_rep2,2,Ideal,Ideal,,reuse_intensive,dispatcher_arrival,43514,112,3,6602759660674530941,upsert,1789715381.8036935,1789715390.088858,2048,64
20260726_formal4t4_reuse_intensive_Ideal_rep2,2,Ideal,Ideal,,reuse_intensive,dispatcher_arrival,43514,116,0,12376960631178457983,upsert,1789715384.657672,1789715394.2157328,2048,64
20260726_formal4t4_reuse_intensive_Ideal_rep2,2,Ideal,Ideal,,reuse_intensive,dispatcher_arrival,43514,120,0,15769623694692820738,upsert,1789715386.0564818,1789715397.3267694,2048,64
20260726_formal4t4_reuse_intensive_Ideal_rep2,2,Ideal,Ideal,,reuse_intensive,dispatcher_arrival,43514,124,3,17846715708891391149,upsert,1789715389.000109,1789715400.4378753,2048,64
20260726_formal4t4_reuse_intensive_Ideal_rep2,2,Ideal,Ideal,,reuse_intensive,dispatcher_arrival,43514,128,3,3796152564256217897,upsert,1789715391.813359,1789715400.4379723,2048,64
20260726_formal4t4_reuse_intensive_Ideal_rep2,2,Ideal,Ideal,,reuse_intensive,dispatcher_arrival,43514,132,3,16508625817180621701,upsert,1789715394.8019772,1789715404.5648932,2048,64
20260726_formal4t4_reuse_intensive_Ideal_rep2,2,Ideal,Ideal,,reuse_intensive,dispatcher_arrival,43514,136,3,11828416008499956572,upsert,1789715397.8009953,1789715407.6759434,2048,64
20260726_formal4t4_reuse_intensive_Ideal_rep2,2,Ideal,Ideal,,reuse_intensive,dispatcher_arrival,43514,140,3,11821849661176330329,upsert,1789715400.4834392,1789715410.7870793,2048,64
20260726_formal4t4_reuse_intensive_Ideal_rep2,2,Ideal,Ideal,,reuse_intensive,dispatcher_arrival,43514,144,3,7759237608199543855,upsert,1789715403.5063262,1789715410.7871993,2048,64
20260726_formal4t4_reuse_intensive_Ideal_rep2,2,Ideal,Ideal,,reuse_intensive,dispatcher_arrival,43514,148,3,13844655051170110805,upsert,1789715406.7575939,1789715414.9141467,2048,64
20260726_formal4t4_reuse_intensive_Ideal_rep2,2,Ideal,Ideal,,reuse_intensive,dispatcher_arrival,43514,152,0,13764273285245102789,upsert,1789715410.0167756,1789715418.0252144,2048,64
20260726_formal4t4_reuse_intensive_Ideal_rep2,2,Ideal,Ideal,,reuse_intensive,dispatcher_arrival,43514,156,0,6878038652119793510,upsert,1789715412.8915231,1789715421.1363432,2048,64
20260726_formal4t4_reuse_intensive_Ideal_rep2,2,Ideal,Ideal,,reuse_intensive,dispatcher_arrival,43514,160,1,12103029824873703222,upsert,1789715415.9086387,1789715424.2473922,2048,64
20260726_formal4t4_reuse_intensive_Ideal_rep2,2,Ideal,Ideal,,reuse_intensive,dispatcher_arrival,43514,164,3,17846715708891391149,upsert,1789715418.7292047,1789715427.358493,2048,64
20260726_formal4t4_reuse_intensive_Ideal_rep2,2,Ideal,Ideal,,reuse_intensive,dispatcher_arrival,43514,168,3,11821849661176330329,upsert,1789715420.1487894,1789715427.3585896,2048,64
20260726_formal4t4_reuse_intensive_Ideal_rep2,2,Ideal,Ideal,,reuse_intensive,dispatcher_arrival,43514,172,0,15542353749932536880,upsert,1789715423.4666934,1789715431.4855216,2048,64
20260726_formal4t4_reuse_intensive_Ideal_rep2,2,Ideal,Ideal,,reuse_intensive,dispatcher_arrival,43514,176,1,12686689457414215630,upsert,1789715426.5478952,1789715434.5966299,2048,64
20260726_formal4t4_reuse_intensive_Ideal_rep2,2,Ideal,Ideal,,reuse_intensive,dispatcher_arrival,43514,180,3,17846715708891391149,upsert,1789715429.1621284,1789715437.7077384,2048,64
20260726_formal4t4_reuse_intensive_StaticSemantic@rho1.2_rep2,2,StaticSemantic@rho1.2,StaticSemantic,1.2,reuse_intensive,dispatcher_arrival,43516,0,0,15769623694692820738,upsert,1789715567.4075766,1789715567.410422,2048,64
20260726_formal4t4_reuse_intensive_StaticSemantic@rho1.2_rep2,2,StaticSemantic@rho1.2,StaticSemantic,1.2,reuse_intensive,dispatcher_arrival,43516,2,2,15769623694692820738,upsert,1789715567.4077058,1789715567.4105153,2048,64
20260726_formal4t4_reuse_intensive_StaticSemantic@rho1.2_rep2,2,StaticSemantic@rho1.2,StaticSemantic,1.2,reuse_intensive,dispatcher_arrival,43516,4,0,12613465747135452669,upsert,1789715570.4616604,1789715570.4645233,2048,64
20260726_formal4t4_reuse_intensive_StaticSemantic@rho1.2_rep2,2,StaticSemantic@rho1.2,StaticSemantic,1.2,reuse_intensive,dispatcher_arrival,43516,5,1,12613465747135452669,upsert,1789715570.4617496,1789715570.4646025,2048,64
20260726_formal4t4_reuse_intensive_StaticSemantic@rho1.2_rep2,2,StaticSemantic@rho1.2,StaticSemantic,1.2,reuse_intensive,dispatcher_arrival,43516,8,0,12523743054995375112,upsert,1789715573.5248985,1789715573.5277553,2048,64
20260726_formal4t4_reuse_intensive_StaticSemantic@rho1.2_rep2,2,StaticSemantic@rho1.2,StaticSemantic,1.2,reuse_intensive,dispatcher_arrival,43516,9,1,12523743054995375112,upsert,1789715573.5249887,1789715573.5278366,2048,64
20260726_formal4t4_reuse_intensive_StaticSemantic@rho1.2_rep2,2,StaticSemantic@rho1.2,StaticSemantic,1.2,reuse_intensive,dispatcher_arrival,43516,12,0,9971321710674973507,upsert,1789715576.6917222,1789715576.6946447,2048,64
20260726_formal4t4_reuse_intensive_StaticSemantic@rho1.2_rep2,2,StaticSemantic@rho1.2,StaticSemantic,1.2,reuse_intensive,dispatcher_arrival,43516,13,1,9971321710674973507,upsert,1789715576.6918252,1789715576.694725,2048,64
20260726_formal4t4_reuse_intensive_StaticSemantic@rho1.2_rep2,2,StaticSemantic@rho1.2,StaticSemantic,1.2,reuse_intensive,dispatcher_arrival,43516,16,0,4650049274038987083,upsert,1789715579.8429205,1789715579.8457925,2048,64
20260726_formal4t4_reuse_intensive_StaticSemantic@rho1.2_rep2,2,StaticSemantic@rho1.2,StaticSemantic,1.2,reuse_intensive,dispatcher_arrival,43516,19,3,4650049274038987083,upsert,1789715579.8430984,1789715579.8458738,2048,64
20260726_formal4t4_reuse_intensive_StaticSemantic@rho1.2_rep2,2,StaticSemantic@rho1.2,StaticSemantic,1.2,reuse_intensive,dispatcher_arrival,43516,20,0,3163096543987652428,upsert,1789715582.6803877,1789715582.683243,2048,64
20260726_formal4t4_reuse_intensive_StaticSemantic@rho1.2_rep2,2,StaticSemantic@rho1.2,StaticSemantic,1.2,reuse_intensive,dispatcher_arrival,43516,21,1,3163096543987652428,upsert,1789715582.6804833,1789715582.6833246,2048,64
20260726_formal4t4_reuse_intensive_StaticSemantic@rho1.2_rep2,2,StaticSemantic@rho1.2,StaticSemantic,1.2,reuse_intensive,dispatcher_arrival,43516,24,0,10402019323283478844,upsert,1789715585.7726607,1789715585.775722,2048,64
20260726_formal4t4_reuse_intensive_StaticSemantic@rho1.2_rep2,2,StaticSemantic@rho1.2,StaticSemantic,1.2,reuse_intensive,dispatcher_arrival,43516,25,1,10402019323283478844,upsert,1789715585.7727547,1789715585.775803,2048,64
20260726_formal4t4_reuse_intensive_StaticSemantic@rho1.2_rep2,2,StaticSemantic@rho1.2,StaticSemantic,1.2,reuse_intensive,dispatcher_arrival,43516,28,0,14064140743279553366,upsert,1789715588.6442192,1789715588.647069,2048,64
20260726_formal4t4_reuse_intensive_StaticSemantic@rho1.2_rep2,2,StaticSemantic@rho1.2,StaticSemantic,1.2,reuse_intensive,dispatcher_arrival,43516,29,1,14064140743279553366,upsert,1789715588.644313,1789715588.6471376,2048,64
20260726_formal4t4_reuse_intensive_StaticSemantic@rho1.2_rep2,2,StaticSemantic@rho1.2,StaticSemantic,1.2,reuse_intensive,dispatcher_arrival,43516,32,0,12376960631178457983,upsert,1789715591.7639155,1789715596.5831845,2048,64
20260726_formal4t4_reuse_intensive_StaticSemantic@rho1.2_rep2,2,StaticSemantic@rho1.2,StaticSemantic,1.2,reuse_intensive,dispatcher_arrival,43516,33,1,12376960631178457983,upsert,1789715591.7640073,1789715598.5528572,2048,64
20260726_formal4t4_reuse_intensive_StaticSemantic@rho1.2_rep2,2,StaticSemantic@rho1.2,StaticSemantic,1.2,reuse_intensive,dispatcher_arrival,43516,36,0,947483498426156190,upsert,1789715594.9489665,1789715602.4923153,2048,64
20260726_formal4t4_reuse_intensive_StaticSemantic@rho1.2_rep2,2,StaticSemantic@rho1.2,StaticSemantic,1.2,reuse_intensive,dispatcher_arrival,43516,38,2,947483498426156190,upsert,1789715594.9491053,1789715602.4923604,2048,64
20260726_formal4t4_reuse_intensive_StaticSemantic@rho1.2_rep2,2,StaticSemantic@rho1.2,StaticSemantic,1.2,reuse_intensive,dispatcher_arrival,43516,40,0,3073007241776570211,upsert,1789715597.9279957,1789715609.5831914,2048,64
20260726_formal4t4_reuse_intensive_StaticSemantic@rho1.2_rep2,2,StaticSemantic@rho1.2,StaticSemantic,1.2,reuse_intensive,dispatcher_arrival,43516,42,2,3073007241776570211,upsert,1789715597.9281416,1789715612.734629,2048,64
20260726_formal4t4_reuse_intensive_StaticSemantic@rho1.2_rep2,2,StaticSemantic@rho1.2,StaticSemantic,1.2,reuse_intensive,dispatcher_arrival,43516,44,0,14108233664250482536,upsert,1789715601.035084,1789715616.8861547,2048,64
20260726_formal4t4_reuse_intensive_StaticSemantic@rho1.2_rep2,2,StaticSemantic@rho1.2,StaticSemantic,1.2,reuse_intensive,dispatcher_arrival,43516,45,1,14108233664250482536,upsert,1789715601.0352042,1789715616.8862605,2048,64
20260726_formal4t4_reuse_intensive_StaticSemantic@rho1.2_rep2,2,StaticSemantic@rho1.2,StaticSemantic,1.2,reuse_intensive,dispatcher_arrival,43516,48,0,14774026810505956694,upsert,1789715604.0098205,1789715620.825513,2048,64
20260726_formal4t4_reuse_intensive_StaticSemantic@rho1.2_rep2,2,StaticSemantic@rho1.2,StaticSemantic,1.2,reuse_intensive,dispatcher_arrival,43516,49,1,14774026810505956694,upsert,1789715604.0099154,1789715623.795326,2048,64
20260726_formal4t4_reuse_intensive_StaticSemantic@rho1.2_rep2,2,StaticSemantic@rho1.2,StaticSemantic,1.2,reuse_intensive,dispatcher_arrival,43516,52,0,5281956220402968541,upsert,1789715607.1979945,1789715627.7649646,2048,64
20260726_formal4t4_reuse_intensive_StaticSemantic@rho1.2_rep2,2,StaticSemantic@rho1.2,StaticSemantic,1.2,reuse_intensive,dispatcher_arrival,43516,54,2,5281956220402968541,upsert,1789715607.1981328,1789715627.765048,2048,64
20260726_formal4t4_reuse_intensive_StaticSemantic@rho1.2_rep2,2,StaticSemantic@rho1.2,StaticSemantic,1.2,reuse_intensive,dispatcher_arrival,43516,56,0,1785562587857272681,upsert,1789715610.2616014,1789715631.7043064,2048,64
20260726_formal4t4_reuse_intensive_StaticSemantic@rho1.2_rep2,2,StaticSemantic@rho1.2,StaticSemantic,1.2,reuse_intensive,dispatcher_arrival,43516,59,3,1785562587857272681,upsert,1789715610.2617762,1789715634.6740294,2048,64
20260726_formal4t4_reuse_intensive_StaticSemantic@rho1.2_rep2,2,StaticSemantic@rho1.2,StaticSemantic,1.2,reuse_intensive,dispatcher_arrival,43516,60,0,1610475058989402671,upsert,1789715613.3294067,1789715638.6437564,2048,64
20260726_formal4t4_reuse_intensive_StaticSemantic@rho1.2_rep2,2,StaticSemantic@rho1.2,StaticSemantic,1.2,reuse_intensive,dispatcher_arrival,43516,61,1,1610475058989402671,upsert,1789715613.3294976,1789715638.643854,2048,64
20260726_formal4t4_reuse_intensive_StaticSemantic@rho1.2_rep2,2,StaticSemantic@rho1.2,StaticSemantic,1.2,reuse_intensive,dispatcher_arrival,43516,64,0,14108233664250482536,upsert,1789715616.3989983,1789715642.583091,2048,64
20260726_formal4t4_reuse_intensive_StaticSemantic@rho1.2_rep2,2,StaticSemantic@rho1.2,StaticSemantic,1.2,reuse_intensive,dispatcher_arrival,43516,67,3,13143428811662154315,upsert,1789715616.3992195,1789715645.5528061,2048,64
20260726_formal4t4_reuse_intensive_StaticSemantic@rho1.2_rep2,2,StaticSemantic@rho1.2,StaticSemantic,1.2,reuse_intensive,dispatcher_arrival,43516,69,0,12613465747135452669,upsert,1789715617.2920396,1789715649.5225353,2048,64
20260726_formal4t4_reuse_intensive_StaticSemantic@rho1.2_rep2,2,StaticSemantic@rho1.2,StaticSemantic,1.2,reuse_intensive,dispatcher_arrival,43516,77,2,947483498426156190,upsert,1789715622.011018,1789715649.522638,2048,64
20260726_formal4t4_reuse_intensive_StaticSemantic@rho1.2_rep2,2,StaticSemantic@rho1.2,StaticSemantic,1.2,reuse_intensive,dispatcher_arrival,43516,78,1,9971321710674973507,upsert,1789715622.0110695,1789715653.461849,2048,64
20260726_formal4t4_reuse_intensive_StaticSemantic@rho1.2_rep2,2,StaticSemantic@rho1.2,StaticSemantic,1.2,reuse_intensive,dispatcher_arrival,43516,83,3,10435555625340500992,upsert,1789715625.3722773,1789715656.4315717,2048,64
20260726_formal4t4_reuse_intensive_StaticSemantic@rho1.2_rep2,2,StaticSemantic@rho1.2,StaticSemantic,1.2,reuse_intensive,dispatcher_arrival,43516,84,0,16954395879792744941,upsert,1789715628.1508112,1789715659.401275,2048,64
20260726_formal4t4_reuse_intensive_StaticSemantic@rho1.2_rep2,2,StaticSemantic@rho1.2,StaticSemantic,1.2,reuse_intensive,dispatcher_arrival,43516,86,3,9940797030998834804,upsert,1789715628.1509576,1789715659.4013638,2048,64
20260726_formal4t4_reuse_intensive_StaticSemantic@rho1.2_rep2,2,StaticSemantic@rho1.2,StaticSemantic,1.2,reuse_intensive,dispatcher_arrival,43516,89,1,12523743054995375112,upsert,1789715628.894369,1789715663.3406768,2048,64
20260726_formal4t4_reuse_intensive_StaticSemantic@rho1.2_rep2,2,StaticSemantic@rho1.2,StaticSemantic,1.2,reuse_intensive,dispatcher_arrival,43516,90,0,12523743054995375112,upsert,1789715628.8946102,1789715666.3103993,2048,64
20260726_formal4t4_reuse_intensive_StaticSemantic@rho1.2_rep2,2,StaticSemantic@rho1.2,StaticSemantic,1.2,reuse_intensive,dispatcher_arrival,43516,92,1,14774026810505956694,upsert,1789715632.048571,1789715669.2800908,2048,64
20260726_formal4t4_reuse_intensive_StaticSemantic@rho1.2_rep2,2,StaticSemantic@rho1.2,StaticSemantic,1.2,reuse_intensive,dispatcher_arrival,43516,93,0,9971321710674973507,upsert,1789715632.0488768,1789715669.2801735,2048,64
20260726_formal4t4_reuse_intensive_StaticSemantic@rho1.2_rep2,2,StaticSemantic@rho1.2,StaticSemantic,1.2,reuse_intensive,dispatcher_arrival,43516,94,2,14361523986587977395,upsert,1789715632.0491054,1789715673.2194657,2048,64
20260726_formal4t4_reuse_intensive_StaticSemantic@rho1.2_rep2,2,StaticSemantic@rho1.2,StaticSemantic,1.2,reuse_intensive,dispatcher_arrival,43516,95,3,1187225797315579929,upsert,1789715632.0493364,1789715676.1891308,2048,64
20260726_formal4t4_reuse_intensive_StaticSemantic@rho1.2_rep2,2,StaticSemantic@rho1.2,StaticSemantic,1.2,reuse_intensive,dispatcher_arrival,43516,97,1,14064140743279553366,upsert,1789715633.3062413,1789715679.1588871,2048,64
20260726_formal4t4_reuse_intensive_StaticSemantic@rho1.2_rep2,2,StaticSemantic@rho1.2,StaticSemantic,1.2,reuse_intensive,dispatcher_arrival,43516,100,0,10402019323283478844,upsert,1789715636.217569,1789715679.1589677,2048,64
20260726_formal4t4_reuse_intensive_StaticSemantic@rho1.2_rep2,2,StaticSemantic@rho1.2,StaticSemantic,1.2,reuse_intensive,dispatcher_arrival,43516,101,1,3163096543987652428,upsert,1789715636.2178702,1789715683.0983105,2048,64
20260726_formal4t4_reuse_intensive_StaticSemantic@rho1.2_rep2,2,StaticSemantic@rho1.2,StaticSemantic,1.2,reuse_intensive,dispatcher_arrival,43516,102,2,18366711127789728831,upsert,1789715636.2180946,1789715686.0679677,2048,64
20260726_formal4t4_reuse_intensive_StaticSemantic@rho1.2_rep2,2,StaticSemantic@rho1.2,StaticSemantic,1.2,reuse_intensive,dispatcher_arrival,43516,104,3,4132850298606047245,upsert,1789715639.7584188,1789715689.037667,2048,64
20260726_formal4t4_reuse_intensive_StaticSemantic@rho1.2_rep2,2,StaticSemantic@rho1.2,StaticSemantic,1.2,reuse_intensive,dispatcher_arrival,43516,106,3,4650049274038987083,upsert,1789715639.7589622,1789715689.0377398,2048,64
20260726_formal4t4_reuse_intensive_StaticSemantic@rho1.2_rep2,2,StaticSemantic@rho1.2,StaticSemantic,1.2,reuse_intensive,dispatcher_arrival,43516,107,1,14108233664250482536,upsert,1789715639.7591875,1789715692.9770577,2048,64
20260726_formal4t4_reuse_intensive_StaticSemantic@rho1.2_rep2,2,StaticSemantic@rho1.2,StaticSemantic,1.2,reuse_intensive,dispatcher_arrival,43516,109,1,12376960631178457983,upsert,1789715640.9326582,1789715695.9468226,2048,64
20260726_formal4t4_reuse_intensive_StaticSemantic@rho1.2_rep2,2,StaticSemantic@rho1.2,StaticSemantic,1.2,reuse_intensive,dispatcher_arrival,43516,112,2,6602759660674530941,upsert,1789715643.8382087,1789715698.9164834,2048,64
20260726_formal4t4_reuse_intensive_StaticSemantic@rho1.2_rep2,2,StaticSemantic@rho1.2,StaticSemantic,1.2,reuse_intensive,dispatcher_arrival,43516,113,0,14064140743279553366,upsert,1789715643.838508,1789715698.9165633,2048,64
20260726_formal4t4_reuse_intensive_StaticSemantic@rho1.2_rep2,2,StaticSemantic@rho1.2,StaticSemantic,1.2,reuse_intensive,dispatcher_arrival,43516,114,3,155989354309277790,upsert,1789715643.838737,1789715702.8558352,2048,64
20260726_formal4t4_reuse_intensive_StaticSemantic@rho1.2_rep2,2,StaticSemantic@rho1.2,StaticSemantic,1.2,reuse_intensive,dispatcher_arrival,43516,115,1,5248254131891465233,upsert,1789715643.8389492,1789715705.8255439,2048,64
20260726_formal4t4_reuse_intensive_StaticSemantic@rho1.2_rep2,2,StaticSemantic@rho1.2,StaticSemantic,1.2,reuse_intensive,dispatcher_arrival,43516,116,0,12376960631178457983,upsert,1789715646.654471,1789715708.795269,2048,64
20260726_formal4t4_reuse_intensive_StaticSemantic@rho1.2_rep2,2,StaticSemantic@rho1.2,StaticSemantic,1.2,reuse_intensive,dispatcher_arrival,43516,118,3,12426261210083601366,upsert,1789715646.6550043,1789715708.7953684,2048,64
20260726_formal4t4_reuse_intensive_StaticSemantic@rho1.2_rep2,2,StaticSemantic@rho1.2,StaticSemantic,1.2,reuse_intensive,dispatcher_arrival,43516,120,2,15769623694692820738,upsert,1789715647.508155,1789715712.7346346,2048,64
20260726_formal4t4_reuse_intensive_StaticSemantic@rho1.2_rep2,2,StaticSemantic@rho1.2,StaticSemantic,1.2,reuse_intensive,dispatcher_arrival,43516,123,1,12613465747135452669,upsert,1789715647.5089285,1789715715.704353,2048,64
20260726_formal4t4_reuse_intensive_StaticSemantic@rho1.2_rep2,2,StaticSemantic@rho1.2,StaticSemantic,1.2,reuse_intensive,dispatcher_arrival,43516,122,0,15769623694692820738,upsert,1789715647.5087194,1789715718.6740289,2048,64
20260726_formal4t4_reuse_intensive_StaticSemantic@rho1.2_rep2,2,StaticSemantic@rho1.2,StaticSemantic,1.2,reuse_intensive,dispatcher_arrival,43516,128,2,3796152564256217897,upsert,1789715653.5901537,1789715718.6741216,2048,64
20260726_formal4t4_reuse_intensive_StaticSemantic@rho1.2_rep2,2,StaticSemantic@rho1.2,StaticSemantic,1.2,reuse_intensive,dispatcher_arrival,43516,132,2,16508625817180621701,upsert,1789715656.8633158,1789715722.613424,2048,64
20260726_formal4t4_reuse_intensive_StaticSemantic@rho1.2_rep2,2,StaticSemantic@rho1.2,StaticSemantic,1.2,reuse_intensive,dispatcher_arrival,43516,135,3,15260451301505084502,upsert,1789715656.8640904,1789715725.5831332,2048,64
20260726_formal4t4_reuse_intensive_StaticSemantic@rho1.2_rep2,2,StaticSemantic@rho1.2,StaticSemantic,1.2,reuse_intensive,dispatcher_arrival,43516,136,2,11828416008499956572,upsert,1789715659.7426572,1789715728.5528073,2048,64
20260726_formal4t4_reuse_intensive_StaticSemantic@rho1.2_rep2,2,StaticSemantic@rho1.2,StaticSemantic,1.2,reuse_intensive,dispatcher_arrival,43516,137,3,16508625817180621701,upsert,1789715659.742951,1789715728.5529027,2048,64
20260726_formal4t4_reuse_intensive_StaticSemantic@rho1.2_rep2,2,StaticSemantic@rho1.2,StaticSemantic,1.2,reuse_intensive,dispatcher_arrival,43516,138,0,15507369539614680842,upsert,1789715659.7431986,1789715732.492253,2048,64
20260726_formal4t4_reuse_intensive_StaticSemantic@rho1.2_rep2,2,StaticSemantic@rho1.2,StaticSemantic,1.2,reuse_intensive,dispatcher_arrival,43516,142,1,11821849661176330329,upsert,1789715662.5055196,1789715735.4619296,2048,64
20260726_formal4t4_reuse_intensive_StaticSemantic@rho1.2_rep2,2,StaticSemantic@rho1.2,StaticSemantic,1.2,reuse_intensive,dispatcher_arrival,43516,144,2,7759237608199543855,upsert,1789715665.7814827,1789715738.4316313,2048,64
20260726_formal4t4_reuse_intensive_StaticSemantic@rho1.2_rep2,2,StaticSemantic@rho1.2,StaticSemantic,1.2,reuse_intensive,dispatcher_arrival,43516,145,1,6878038652119793510,upsert,1789715665.7817774,1789715738.4317257,2048,64
20260726_formal4t4_reuse_intensive_StaticSemantic@rho1.2_rep2,2,StaticSemantic@rho1.2,StaticSemantic,1.2,reuse_intensive,dispatcher_arrival,43516,146,0,5080278736125677280,upsert,1789715665.7820046,1789715742.3710403,2048,64
20260726_formal4t4_reuse_intensive_StaticSemantic@rho1.2_rep2,2,StaticSemantic@rho1.2,StaticSemantic,1.2,reuse_intensive,dispatcher_arrival,43516,148,2,13844655051170110805,upsert,1789715669.2248049,1789715745.3407362,2048,64
20260726_formal4t4_reuse_intensive_StaticSemantic@rho1.2_rep2,2,StaticSemantic@rho1.2,StaticSemantic,1.2,reuse_intensive,dispatcher_arrival,43516,150,0,3239139471102595402,upsert,1789715669.2253675,1789715748.3104084,2048,64
20260726_formal4t4_reuse_intensive_StaticSemantic@rho1.2_rep2,2,StaticSemantic@rho1.2,StaticSemantic,1.2,reuse_intensive,dispatcher_arrival,43516,151,1,14333057367934485678,upsert,1789715669.225584,1789715748.3104897,2048,64
20260726_formal4t4_reuse_intensive_Adaptive@rho1.2_c01024_theta30_rep2,2,Adaptive@rho1.2_c01024_theta30,Adaptive,1.2,reuse_intensive,dispatcher_arrival,43517,0,0,15769623694692820738,upsert,1789715756.0507548,1789715766.2194965,2048,64
20260726_formal4t4_reuse_intensive_Adaptive@rho1.2_c01024_theta30_rep2,2,Adaptive@rho1.2_c01024_theta30,Adaptive,1.2,reuse_intensive,dispatcher_arrival,43517,2,2,15769623694692820738,upsert,1789715756.0508935,1789715768.1891901,2048,64
20260726_formal4t4_reuse_intensive_Adaptive@rho1.2_c01024_theta30_rep2,2,Adaptive@rho1.2_c01024_theta30,Adaptive,1.2,reuse_intensive,dispatcher_arrival,43517,4,0,12613465747135452669,upsert,1789715759.0356069,1789715768.1893048,2048,64
20260726_formal4t4_reuse_intensive_Adaptive@rho1.2_c01024_theta30_rep2,2,Adaptive@rho1.2_c01024_theta30,Adaptive,1.2,reuse_intensive,dispatcher_arrival,43517,5,1,12613465747135452669,upsert,1789715759.035706,1789715773.1285725,2048,64
20260726_formal4t4_reuse_intensive_Adaptive@rho1.2_c01024_theta30_rep2,2,Adaptive@rho1.2_c01024_theta30,Adaptive,1.2,reuse_intensive,dispatcher_arrival,43517,8,0,12523743054995375112,upsert,1789715761.9982927,1789715776.0983083,2048,64
20260726_formal4t4_reuse_intensive_Adaptive@rho1.2_c01024_theta30_rep2,2,Adaptive@rho1.2_c01024_theta30,Adaptive,1.2,reuse_intensive,dispatcher_arrival,43517,9,1,12523743054995375112,upsert,1789715761.998393,1789715780.067931,2048,64
20260726_formal4t4_reuse_intensive_Adaptive@rho1.2_c01024_theta30_rep2,2,Adaptive@rho1.2_c01024_theta30,Adaptive,1.2,reuse_intensive,dispatcher_arrival,43517,12,0,9971321710674973507,upsert,1789715764.8221233,1789715780.068028,2048,64
20260726_formal4t4_reuse_intensive_Adaptive@rho1.2_c01024_theta30_rep2,2,Adaptive@rho1.2_c01024_theta30,Adaptive,1.2,reuse_intensive,dispatcher_arrival,43517,15,3,9971321710674973507,upsert,1789715764.8223338,1789715784.0073333,2048,64
20260726_formal4t4_reuse_intensive_Adaptive@rho1.2_c01024_theta30_rep2,2,Adaptive@rho1.2_c01024_theta30,Adaptive,1.2,reuse_intensive,dispatcher_arrival,43517,16,0,4650049274038987083,upsert,1789715767.997654,1789715786.977054,2048,64
20260726_formal4t4_reuse_intensive_Adaptive@rho1.2_c01024_theta30_rep2,2,Adaptive@rho1.2_c01024_theta30,Adaptive,1.2,reuse_intensive,dispatcher_arrival,43517,20,0,3163096543987652428,upsert,1789715771.0953724,1789715790.946776,2048,64
20260726_formal4t4_reuse_intensive_Adaptive@rho1.2_c01024_theta30_rep2,2,Adaptive@rho1.2_c01024_theta30,Adaptive,1.2,reuse_intensive,dispatcher_arrival,43517,22,2,3163096543987652428,upsert,1789715771.0955617,1789715790.946874,2048,64
20260726_formal4t4_reuse_intensive_Adaptive@rho1.2_c01024_theta30_rep2,2,Adaptive@rho1.2_c01024_theta30,Adaptive,1.2,reuse_intensive,dispatcher_arrival,43517,28,0,14064140743279553366,upsert,1789715777.1294386,1789715794.886223,2048,64
20260726_formal4t4_reuse_intensive_Adaptive@rho1.2_c01024_theta30_rep2,2,Adaptive@rho1.2_c01024_theta30,Adaptive,1.2,reuse_intensive,dispatcher_arrival,43517,36,0,947483498426156190,upsert,1789715783.2362041,1789715797.8558524,2048,64
20260726_formal4t4_reuse_intensive_Adaptive@rho1.2_c01024_theta30_rep2,2,Adaptive@rho1.2_c01024_theta30,Adaptive,1.2,reuse_intensive,dispatcher_arrival,43517,40,0,3073007241776570211,upsert,1789715786.3561792,1789715801.8255286,2048,64
20260726_formal4t4_reuse_intensive_Adaptive@rho1.2_c01024_theta30_rep2,2,Adaptive@rho1.2_c01024_theta30,Adaptive,1.2,reuse_intensive,dispatcher_arrival,43517,41,1,3073007241776570211,upsert,1789715786.3562672,1789715801.8256269,2048,64
20260726_formal4t4_reuse_intensive_Adaptive@rho1.2_c01024_theta30_rep2,2,Adaptive@rho1.2_c01024_theta30,Adaptive,1.2,reuse_intensive,dispatcher_arrival,43517,48,0,14774026810505956694,upsert,1789715792.5567524,1789715805.7649083,2048,64
20260726_formal4t4_reuse_intensive_Adaptive@rho1.2_c01024_theta30_rep2,2,Adaptive@rho1.2_c01024_theta30,Adaptive,1.2,reuse_intensive,dispatcher_arrival,43517,52,0,5281956220402968541,upsert,1789715795.8457093,1789715808.735328,2048,64
20260726_formal4t4_reuse_intensive_Adaptive@rho1.2_c01024_theta30_rep2,2,Adaptive@rho1.2_c01024_theta30,Adaptive,1.2,reuse_intensive,dispatcher_arrival,43517,56,0,1785562587857272681,upsert,1789715798.7721055,1789715812.7043045,2048,64
20260726_formal4t4_reuse_intensive_Adaptive@rho1.2_c01024_theta30_rep2,2,Adaptive@rho1.2_c01024_theta30,Adaptive,1.2,reuse_intensive,dispatcher_arrival,43517,58,2,1785562587857272681,upsert,1789715798.77227,1789715812.7043958,2048,64
20260726_formal4t4_reuse_intensive_Adaptive@rho1.2_c01024_theta30_rep2,2,Adaptive@rho1.2_c01024_theta30,Adaptive,1.2,reuse_intensive,dispatcher_arrival,43517,60,0,1610475058989402671,upsert,1789715801.6933768,1789715816.6451437,2048,64
20260726_formal4t4_reuse_intensive_Adaptive@rho1.2_c01024_theta30_rep2,2,Adaptive@rho1.2_c01024_theta30,Adaptive,1.2,reuse_intensive,dispatcher_arrival,43517,66,3,9971321710674973507,upsert,1789715804.416187,1789715819.6133807,2048,64
20260726_formal4t4_reuse_intensive_Adaptive@rho1.2_c01024_theta30_rep2,2,Adaptive@rho1.2_c01024_theta30,Adaptive,1.2,reuse_intensive,dispatcher_arrival,43517,72,1,12523743054995375112,upsert,1789715808.7317605,1789715822.5831053,2048,64
20260726_formal4t4_reuse_intensive_Adaptive@rho1.2_c01024_theta30_rep2,2,Adaptive@rho1.2_c01024_theta30,Adaptive,1.2,reuse_intensive,dispatcher_arrival,43517,77,0,947483498426156190,upsert,1789715809.834593,1789715822.5832198,2048,64
20260726_formal4t4_reuse_intensive_Adaptive@rho1.2_c01024_theta30_rep2,2,Adaptive@rho1.2_c01024_theta30,Adaptive,1.2,reuse_intensive,dispatcher_arrival,43517,83,3,10435555625340500992,upsert,1789715812.9144561,1789715826.5224874,2048,64
20260726_formal4t4_reuse_intensive_Adaptive@rho1.2_c01024_theta30_rep2,2,Adaptive@rho1.2_c01024_theta30,Adaptive,1.2,reuse_intensive,dispatcher_arrival,43517,86,3,9940797030998834804,upsert,1789715815.7899163,1789715829.4922295,2048,64
20260726_formal4t4_reuse_intensive_Adaptive@rho1.2_c01024_theta30_rep2,2,Adaptive@rho1.2_c01024_theta30,Adaptive,1.2,reuse_intensive,dispatcher_arrival,43517,88,0,4650049274038987083,upsert,1789715816.6438453,1789715832.461882,2048,64
20260726_formal4t4_reuse_intensive_Adaptive@rho1.2_c01024_theta30_rep2,2,Adaptive@rho1.2_c01024_theta30,Adaptive,1.2,reuse_intensive,dispatcher_arrival,43517,93,3,9971321710674973507,upsert,1789715819.5652494,1789715832.4619718,2048,64
20260726_formal4t4_reuse_intensive_Adaptive@rho1.2_c01024_theta30_rep2,2,Adaptive@rho1.2_c01024_theta30,Adaptive,1.2,reuse_intensive,dispatcher_arrival,43517,100,2,10402019323283478844,upsert,1789715824.1943698,1789715836.4012825,2048,64
20260726_formal4t4_reuse_intensive_Adaptive@rho1.2_c01024_theta30_rep2,2,Adaptive@rho1.2_c01024_theta30,Adaptive,1.2,reuse_intensive,dispatcher_arrival,43517,101,0,3163096543987652428,upsert,1789715824.194667,1789715839.3709517,2048,64
20260726_formal4t4_reuse_intensive_Adaptive@rho1.2_c01024_theta30_rep2,2,Adaptive@rho1.2_c01024_theta30,Adaptive,1.2,reuse_intensive,dispatcher_arrival,43517,104,0,4132850298606047245,upsert,1789715827.7331924,1789715842.3406782,2048,64
20260726_formal4t4_reuse_intensive_Adaptive@rho1.2_c01024_theta30_rep2,2,Adaptive@rho1.2_c01024_theta30,Adaptive,1.2,reuse_intensive,dispatcher_arrival,43517,106,0,4650049274038987083,upsert,1789715827.7337203,1789715842.3407686,2048,64
20260726_formal4t4_reuse_intensive_Adaptive@rho1.2_c01024_theta30_rep2,2,Adaptive@rho1.2_c01024_theta30,Adaptive,1.2,reuse_intensive,dispatcher_arrival,43517,114,3,155989354309277790,upsert,1789715832.2053816,1789715846.280046,2048,64
20260726_formal4t4_reuse_intensive_Adaptive@rho1.2_c01024_theta30_rep2,2,Adaptive@rho1.2_c01024_theta30,Adaptive,1.2,reuse_intensive,dispatcher_arrival,43517,116,1,12376960631178457983,upsert,1789715835.8688939,1789715849.2497454,2048,64
20260726_formal4t4_reuse_intensive_Adaptive@rho1.2_c01024_theta30_rep2,2,Adaptive@rho1.2_c01024_theta30,Adaptive,1.2,reuse_intensive,dispatcher_arrival,43517,118,0,12426261210083601366,upsert,1789715835.869457,1789715852.2194853,2048,64
20260726_formal4t4_reuse_intensive_Adaptive@rho1.2_c01024_theta30_rep2,2,Adaptive@rho1.2_c01024_theta30,Adaptive,1.2,reuse_intensive,dispatcher_arrival,43517,121,1,12613465747135452669,upsert,1789715836.9162302,1789715852.2195709,2048,64
20260726_formal4t4_reuse_intensive_Adaptive@rho1.2_c01024_theta30_rep2,2,Adaptive@rho1.2_c01024_theta30,Adaptive,1.2,reuse_intensive,dispatcher_arrival,43517,126,2,11821849661176330329,upsert,1789715840.0821197,1789715856.158856,2048,64
20260726_formal4t4_reuse_intensive_Adaptive@rho1.2_c01024_theta30_rep2,2,Adaptive@rho1.2_c01024_theta30,Adaptive,1.2,reuse_intensive,dispatcher_arrival,43517,128,3,3796152564256217897,upsert,1789715843.2929568,1789715859.1285527,2048,64
20260726_formal4t4_reuse_intensive_Adaptive@rho1.2_c01024_theta30_rep2,2,Adaptive@rho1.2_c01024_theta30,Adaptive,1.2,reuse_intensive,dispatcher_arrival,43517,135,1,15260451301505084502,upsert,1789715846.7366793,1789715862.0982554,2048,64
20260726_formal4t4_reuse_intensive_Adaptive@rho1.2_c01024_theta30_rep2,2,Adaptive@rho1.2_c01024_theta30,Adaptive,1.2,reuse_intensive,dispatcher_arrival,43517,136,3,11828416008499956572,upsert,1789715849.80802,1789715862.098362,2048,64
20260726_formal4t4_reuse_intensive_Adaptive@rho1.2_c01024_theta30_rep2,2,Adaptive@rho1.2_c01024_theta30,Adaptive,1.2,reuse_intensive,dispatcher_arrival,43517,140,3,11821849661176330329,upsert,1789715852.6417205,1789715866.0376294,2048,64
20260726_formal4t4_reuse_intensive_Adaptive@rho1.2_c01024_theta30_rep2,2,Adaptive@rho1.2_c01024_theta30,Adaptive,1.2,reuse_intensive,dispatcher_arrival,43517,144,3,7759237608199543855,upsert,1789715855.9282696,1789715869.0073314,2048,64
20260726_formal4t4_reuse_intensive_Adaptive@rho1.2_c01024_theta30_rep2,2,Adaptive@rho1.2_c01024_theta30,Adaptive,1.2,reuse_intensive,dispatcher_arrival,43517,145,0,6878038652119793510,upsert,1789715855.9285655,1789715871.977066,2048,64
20260726_formal4t4_reuse_intensive_Adaptive@rho1.2_c01024_theta30_rep2,2,Adaptive@rho1.2_c01024_theta30,Adaptive,1.2,reuse_intensive,dispatcher_arrival,43517,146,2,5080278736125677280,upsert,1789715855.9287913,1789715871.9771512,2048,64
20260726_formal4t4_reuse_intensive_Adaptive@rho1.2_c01024_theta30_rep2,2,Adaptive@rho1.2_c01024_theta30,Adaptive,1.2,reuse_intensive,dispatcher_arrival,43517,154,1,1138219160345481599,upsert,1789715861.8354976,1789715875.9164503,2048,64
20260726_formal4t4_reuse_intensive_Adaptive@rho1.2_c01024_theta30_rep2,2,Adaptive@rho1.2_c01024_theta30,Adaptive,1.2,reuse_intensive,dispatcher_arrival,43517,156,3,6878038652119793510,upsert,1789715865.0714169,1789715878.8861425,2048,64
20260726_formal4t4_reuse_intensive_Adaptive@rho1.2_c01024_theta30_rep2,2,Adaptive@rho1.2_c01024_theta30,Adaptive,1.2,reuse_intensive,dispatcher_arrival,43517,160,0,12103029824873703222,upsert,1789715868.0592613,1789715881.8558445,2048,64
20260726_formal4t4_reuse_intensive_Adaptive@rho1.2_c01024_theta30_rep2,2,Adaptive@rho1.2_c01024_theta30,Adaptive,1.2,reuse_intensive,dispatcher_arrival,43517,161,3,13844655051170110805,upsert,1789715868.0595598,1789715881.8559377,2048,64
20260726_formal4t4_reuse_intensive_Adaptive@rho1.2_c01024_theta30_rep2,2,Adaptive@rho1.2_c01024_theta30,Adaptive,1.2,reuse_intensive,dispatcher_arrival,43517,167,2,13764273285245102789,upsert,1789715870.8050687,1789715885.7952423,2048,64
20260726_formal4t4_reuse_intensive_Adaptive@rho1.2_c01024_theta30_rep2,2,Adaptive@rho1.2_c01024_theta30,Adaptive,1.2,reuse_intensive,dispatcher_arrival,43517,176,2,12686689457414215630,upsert,1789715877.9620378,1789715888.764897,2048,64
20260726_formal4t4_reuse_intensive_Adaptive@rho1.2_c01024_theta30_rep2,2,Adaptive@rho1.2_c01024_theta30,Adaptive,1.2,reuse_intensive,dispatcher_arrival,43517,178,0,5794772519797049687,upsert,1789715877.9625964,1789715891.7346392,2048,64
20260726_formal4t4_reuse_intensive_Adaptive@rho1.2_c01024_theta30_rep2,2,Adaptive@rho1.2_c01024_theta30,Adaptive,1.2,reuse_intensive,dispatcher_arrival,43517,179,1,8870018519622387243,upsert,1789715877.9628358,1789715891.7347383,2048,64
20260726_formal4t4_reuse_intensive_Adaptive@rho1.2_c01024_theta30_rep2,2,Adaptive@rho1.2_c01024_theta30,Adaptive,1.2,reuse_intensive,dispatcher_arrival,43517,182,3,11821849661176330329,upsert,1789715880.4413679,1789715895.6739988,2048,64
20260726_formal4t4_reuse_intensive_Adaptive@rho1.2_c01024_theta30_rep3,3,Adaptive@rho1.2_c01024_theta30,Adaptive,1.2,reuse_intensive,dispatcher_arrival,43518,0,0,15769623694692820738,upsert,1789715904.996691,1789715904.999683,2048,64
20260726_formal4t4_reuse_intensive_Adaptive@rho1.2_c01024_theta30_rep3,3,Adaptive@rho1.2_c01024_theta30,Adaptive,1.2,reuse_intensive,dispatcher_arrival,43518,2,2,15769623694692820738,upsert,1789715904.9968376,1789715905.7346156,2048,64
20260726_formal4t4_reuse_intensive_Adaptive@rho1.2_c01024_theta30_rep3,3,Adaptive@rho1.2_c01024_theta30,Adaptive,1.2,reuse_intensive,dispatcher_arrival,43518,4,0,12613465747135452669,upsert,1789715908.0884235,1789715912.855833,2048,64
20260726_formal4t4_reuse_intensive_Adaptive@rho1.2_c01024_theta30_rep3,3,Adaptive@rho1.2_c01024_theta30,Adaptive,1.2,reuse_intensive,dispatcher_arrival,43518,5,1,12613465747135452669,upsert,1789715908.0885227,1789715914.8255239,2048,64
20260726_formal4t4_reuse_intensive_Adaptive@rho1.2_c01024_theta30_rep3,3,Adaptive@rho1.2_c01024_theta30,Adaptive,1.2,reuse_intensive,dispatcher_arrival,43518,8,0,12523743054995375112,upsert,1789715911.0694234,1789715916.795212,2048,64
20260726_formal4t4_reuse_intensive_Adaptive@rho1.2_c01024_theta30_rep3,3,Adaptive@rho1.2_c01024_theta30,Adaptive,1.2,reuse_intensive,dispatcher_arrival,43518,11,3,12523743054995375112,upsert,1789715911.069601,1789715916.7953162,2048,64
20260726_formal4t4_reuse_intensive_Adaptive@rho1.2_c01024_theta30_rep3,3,Adaptive@rho1.2_c01024_theta30,Adaptive,1.2,reuse_intensive,dispatcher_arrival,43518,12,0,9971321710674973507,upsert,1789715913.96943,1789715922.7043614,2048,64
20260726_formal4t4_reuse_intensive_Adaptive@rho1.2_c01024_theta30_rep3,3,Adaptive@rho1.2_c01024_theta30,Adaptive,1.2,reuse_intensive,dispatcher_arrival,43518,13,1,9971321710674973507,upsert,1789715913.9695299,1789715925.6740255,2048,64
20260726_formal4t4_reuse_intensive_Adaptive@rho1.2_c01024_theta30_rep3,3,Adaptive@rho1.2_c01024_theta30,Adaptive,1.2,reuse_intensive,dispatcher_arrival,43518,16,0,4650049274038987083,upsert,1789715917.13795,1789715929.8255968,2048,64
20260726_formal4t4_reuse_intensive_Adaptive@rho1.2_c01024_theta30_rep3,3,Adaptive@rho1.2_c01024_theta30,Adaptive,1.2,reuse_intensive,dispatcher_arrival,43518,17,1,4650049274038987083,upsert,1789715917.1380413,1789715929.825713,2048,64
20260726_formal4t4_reuse_intensive_Adaptive@rho1.2_c01024_theta30_rep3,3,Adaptive@rho1.2_c01024_theta30,Adaptive,1.2,reuse_intensive,dispatcher_arrival,43518,20,0,3163096543987652428,upsert,1789715920.403541,1789715933.7649996,2048,64
20260726_formal4t4_reuse_intensive_Adaptive@rho1.2_c01024_theta30_rep3,3,Adaptive@rho1.2_c01024_theta30,Adaptive,1.2,reuse_intensive,dispatcher_arrival,43518,21,1,3163096543987652428,upsert,1789715920.4036386,1789715936.7346723,2048,64
20260726_formal4t4_reuse_intensive_Adaptive@rho1.2_c01024_theta30_rep3,3,Adaptive@rho1.2_c01024_theta30,Adaptive,1.2,reuse_intensive,dispatcher_arrival,43518,24,0,10402019323283478844,upsert,1789715923.4321249,1789715940.7043943,2048,64
20260726_formal4t4_reuse_intensive_Adaptive@rho1.2_c01024_theta30_rep3,3,Adaptive@rho1.2_c01024_theta30,Adaptive,1.2,reuse_intensive,dispatcher_arrival,43518,25,1,10402019323283478844,upsert,1789715923.4322383,1789715940.7045007,2048,64
20260726_formal4t4_reuse_intensive_Adaptive@rho1.2_c01024_theta30_rep3,3,Adaptive@rho1.2_c01024_theta30,Adaptive,1.2,reuse_intensive,dispatcher_arrival,43518,28,0,14064140743279553366,upsert,1789715926.441581,1789715944.6437697,2048,64
20260726_formal4t4_reuse_intensive_Adaptive@rho1.2_c01024_theta30_rep3,3,Adaptive@rho1.2_c01024_theta30,Adaptive,1.2,reuse_intensive,dispatcher_arrival,43518,32,0,12376960631178457983,upsert,1789715929.355907,1789715947.6133811,2048,64
20260726_formal4t4_reuse_intensive_Adaptive@rho1.2_c01024_theta30_rep3,3,Adaptive@rho1.2_c01024_theta30,Adaptive,1.2,reuse_intensive,dispatcher_arrival,43518,40,0,3073007241776570211,upsert,1789715935.2965322,1789715951.58319,2048,64
20260726_formal4t4_reuse_intensive_Adaptive@rho1.2_c01024_theta30_rep3,3,Adaptive@rho1.2_c01024_theta30,Adaptive,1.2,reuse_intensive,dispatcher_arrival,43518,42,2,3073007241776570211,upsert,1789715935.2967029,1789715951.583296,2048,64
20260726_formal4t4_reuse_intensive_Adaptive@rho1.2_c01024_theta30_rep3,3,Adaptive@rho1.2_c01024_theta30,Adaptive,1.2,reuse_intensive,dispatcher_arrival,43518,44,0,14108233664250482536,upsert,1789715938.4849708,1789715955.5225525,2048,64
20260726_formal4t4_reuse_intensive_Adaptive@rho1.2_c01024_theta30_rep3,3,Adaptive@rho1.2_c01024_theta30,Adaptive,1.2,reuse_intensive,dispatcher_arrival,43518,52,0,5281956220402968541,upsert,1789715944.47902,1789715958.4921868,2048,64
20260726_formal4t4_reuse_intensive_Adaptive@rho1.2_c01024_theta30_rep3,3,Adaptive@rho1.2_c01024_theta30,Adaptive,1.2,reuse_intensive,dispatcher_arrival,43518,56,0,1785562587857272681,upsert,1789715947.7269628,1789715962.461947,2048,64
20260726_formal4t4_reuse_intensive_Adaptive@rho1.2_c01024_theta30_rep3,3,Adaptive@rho1.2_c01024_theta30,Adaptive,1.2,reuse_intensive,dispatcher_arrival,43518,58,2,1785562587857272681,upsert,1789715947.7271242,1789715962.4620473,2048,64
20260726_formal4t4_reuse_intensive_Adaptive@rho1.2_c01024_theta30_rep3,3,Adaptive@rho1.2_c01024_theta30,Adaptive,1.2,reuse_intensive,dispatcher_arrival,43518,60,0,1610475058989402671,upsert,1789715951.2002268,1789715966.401345,2048,64
20260726_formal4t4_reuse_intensive_Adaptive@rho1.2_c01024_theta30_rep3,3,Adaptive@rho1.2_c01024_theta30,Adaptive,1.2,reuse_intensive,dispatcher_arrival,43518,73,3,12523743054995375112,upsert,1789715955.77857,1789715969.3709137,2048,64
20260726_formal4t4_reuse_intensive_Adaptive@rho1.2_c01024_theta30_rep3,3,Adaptive@rho1.2_c01024_theta30,Adaptive,1.2,reuse_intensive,dispatcher_arrival,43518,78,0,3163096543987652428,upsert,1789715956.9286,1789715973.3407009,2048,64
20260726_formal4t4_reuse_intensive_Adaptive@rho1.2_c01024_theta30_rep3,3,Adaptive@rho1.2_c01024_theta30,Adaptive,1.2,reuse_intensive,dispatcher_arrival,43518,80,0,4650049274038987083,upsert,1789715960.2055843,1789715973.3407896,2048,64
20260726_formal4t4_reuse_intensive_Adaptive@rho1.2_c01024_theta30_rep3,3,Adaptive@rho1.2_c01024_theta30,Adaptive,1.2,reuse_intensive,dispatcher_arrival,43518,84,2,947483498426156190,upsert,1789715961.4520807,1789715977.2801204,2048,64
20260726_formal4t4_reuse_intensive_Adaptive@rho1.2_c01024_theta30_rep3,3,Adaptive@rho1.2_c01024_theta30,Adaptive,1.2,reuse_intensive,dispatcher_arrival,43518,106,0,4650049274038987083,upsert,1789715968.6638727,1789715980.2498162,2048,64
20260726_formal4t4_reuse_intensive_Adaptive@rho1.2_c01024_theta30_rep3,3,Adaptive@rho1.2_c01024_theta30,Adaptive,1.2,reuse_intensive,dispatcher_arrival,43518,105,1,4596497935095405733,upsert,1789715968.6637912,1789715983.2194817,2048,64
20260726_formal4t4_reuse_intensive_Adaptive@rho1.2_c01024_theta30_rep3,3,Adaptive@rho1.2_c01024_theta30,Adaptive,1.2,reuse_intensive,dispatcher_arrival,43518,109,0,15769623694692820738,upsert,1789715971.6666222,1789715983.219569,2048,64
20260726_formal4t4_reuse_intensive_Adaptive@rho1.2_c01024_theta30_rep3,3,Adaptive@rho1.2_c01024_theta30,Adaptive,1.2,reuse_intensive,dispatcher_arrival,43518,111,2,1187225797315579929,upsert,1789715971.667073,1789715987.1588995,2048,64
20260726_formal4t4_reuse_intensive_Adaptive@rho1.2_c01024_theta30_rep3,3,Adaptive@rho1.2_c01024_theta30,Adaptive,1.2,reuse_intensive,dispatcher_arrival,43518,112,1,9417075026054648240,upsert,1789715975.3421118,1789715990.1285477,2048,64
20260726_formal4t4_reuse_intensive_Adaptive@rho1.2_c01024_theta30_rep3,3,Adaptive@rho1.2_c01024_theta30,Adaptive,1.2,reuse_intensive,dispatcher_arrival,43518,116,0,9971321710674973507,upsert,1789715978.2946405,1789715993.0982919,2048,64
20260726_formal4t4_reuse_intensive_Adaptive@rho1.2_c01024_theta30_rep3,3,Adaptive@rho1.2_c01024_theta30,Adaptive,1.2,reuse_intensive,dispatcher_arrival,43518,118,1,9971321710674973507,upsert,1789715978.2952561,1789715993.0983844,2048,64
20260726_formal4t4_reuse_intensive_Adaptive@rho1.2_c01024_theta30_rep3,3,Adaptive@rho1.2_c01024_theta30,Adaptive,1.2,reuse_intensive,dispatcher_arrival,43518,126,2,5080278736125677280,upsert,1789715982.1955476,1789715997.0376189,2048,64
20260726_formal4t4_reuse_intensive_Adaptive@rho1.2_c01024_theta30_rep3,3,Adaptive@rho1.2_c01024_theta30,Adaptive,1.2,reuse_intensive,dispatcher_arrival,43518,130,1,3174386350051304381,upsert,1789715985.3020816,1789716000.0074294,2048,64
20260726_formal4t4_reuse_intensive_Adaptive@rho1.2_c01024_theta30_rep3,3,Adaptive@rho1.2_c01024_theta30,Adaptive,1.2,reuse_intensive,dispatcher_arrival,43518,134,2,3653934292717507175,upsert,1789715988.3540044,1789716002.9771001,2048,64
20260726_formal4t4_reuse_intensive_Adaptive@rho1.2_c01024_theta30_rep3,3,Adaptive@rho1.2_c01024_theta30,Adaptive,1.2,reuse_intensive,dispatcher_arrival,43518,136,3,14333057367934485678,upsert,1789715991.3969636,1789716002.9772263,2048,64
20260726_formal4t4_reuse_intensive_Adaptive@rho1.2_c01024_theta30_rep3,3,Adaptive@rho1.2_c01024_theta30,Adaptive,1.2,reuse_intensive,dispatcher_arrival,43518,138,2,13764273285245102789,upsert,1789715991.39752,1789716006.916424,2048,64
20260726_formal4t4_reuse_intensive_Adaptive@rho1.2_c01024_theta30_rep3,3,Adaptive@rho1.2_c01024_theta30,Adaptive,1.2,reuse_intensive,dispatcher_arrival,43518,142,1,11821849661176330329,upsert,1789715994.4134126,1789716009.8861804,2048,64
20260726_formal4t4_reuse_intensive_Adaptive@rho1.2_c01024_theta30_rep3,3,Adaptive@rho1.2_c01024_theta30,Adaptive,1.2,reuse_intensive,dispatcher_arrival,43518,145,0,10946459298946968941,upsert,1789715997.4693305,1789716012.8558753,2048,64
20260726_formal4t4_reuse_intensive_Adaptive@rho1.2_c01024_theta30_rep3,3,Adaptive@rho1.2_c01024_theta30,Adaptive,1.2,reuse_intensive,dispatcher_arrival,43518,146,2,6878038652119793510,upsert,1789715997.4695613,1789716012.855958,2048,64
20260726_formal4t4_reuse_intensive_Adaptive@rho1.2_c01024_theta30_rep3,3,Adaptive@rho1.2_c01024_theta30,Adaptive,1.2,reuse_intensive,dispatcher_arrival,43518,153,2,3653934292717507175,upsert,1789716000.918278,1789716016.7953043,2048,64
20260726_formal4t4_reuse_intensive_Adaptive@rho1.2_c01024_theta30_rep3,3,Adaptive@rho1.2_c01024_theta30,Adaptive,1.2,reuse_intensive,dispatcher_arrival,43518,158,2,2763046690965461559,upsert,1789716004.0418541,1789716019.7649963,2048,64
20260726_formal4t4_reuse_intensive_Adaptive@rho1.2_c01024_theta30_rep3,3,Adaptive@rho1.2_c01024_theta30,Adaptive,1.2,reuse_intensive,dispatcher_arrival,43518,161,1,13844655051170110805,upsert,1789716007.5425107,1789716022.7346165,2048,64
20260726_formal4t4_reuse_intensive_Adaptive@rho1.2_c01024_theta30_rep3,3,Adaptive@rho1.2_c01024_theta30,Adaptive,1.2,reuse_intensive,dispatcher_arrival,43518,164,0,11821849661176330329,upsert,1789716010.5805755,1789716022.7347014,2048,64
20260726_formal4t4_reuse_intensive_Adaptive@rho1.2_c01024_theta30_rep3,3,Adaptive@rho1.2_c01024_theta30,Adaptive,1.2,reuse_intensive,dispatcher_arrival,43518,168,2,5080278736125677280,upsert,1789716013.7612855,1789716026.673991,2048,64
20260726_formal4t4_reuse_intensive_Adaptive@rho1.2_c01024_theta30_rep3,3,Adaptive@rho1.2_c01024_theta30,Adaptive,1.2,reuse_intensive,dispatcher_arrival,43518,172,2,6878038652119793510,upsert,1789716016.7419329,1789716029.6436987,2048,64
20260726_formal4t4_reuse_intensive_Adaptive@rho1.2_c01024_theta30_rep3,3,Adaptive@rho1.2_c01024_theta30,Adaptive,1.2,reuse_intensive,dispatcher_arrival,43518,176,1,11821849661176330329,upsert,1789716019.5218763,1789716032.6133912,2048,64
20260726_formal4t4_reuse_intensive_Adaptive@rho1.2_c01024_theta30_rep3,3,Adaptive@rho1.2_c01024_theta30,Adaptive,1.2,reuse_intensive,dispatcher_arrival,43518,177,2,11592361518825428217,upsert,1789716019.522196,1789716032.6134758,2048,64
20260726_formal4t4_reuse_intensive_Adaptive@rho1.2_c01024_theta30_rep3,3,Adaptive@rho1.2_c01024_theta30,Adaptive,1.2,reuse_intensive,dispatcher_arrival,43518,182,2,13764273285245102789,upsert,1789716022.6267285,1789716036.5528064,2048,64
20260726_formal4t4_reuse_intensive_RateFIFO@rho1.2_rep3,3,RateFIFO@rho1.2,RateFIFO,1.2,reuse_intensive,dispatcher_arrival,43519,0,0,15769623694692820738,upsert,1789716045.8046894,1789716046.6437287,2048,64
20260726_formal4t4_reuse_intensive_RateFIFO@rho1.2_rep3,3,RateFIFO@rho1.2,RateFIFO,1.2,reuse_intensive,dispatcher_arrival,43519,4,0,12613465747135452669,upsert,1789716048.7464113,1789716049.6134276,2048,64
20260726_formal4t4_reuse_intensive_RateFIFO@rho1.2_rep3,3,RateFIFO@rho1.2,RateFIFO,1.2,reuse_intensive,dispatcher_arrival,43519,8,0,12523743054995375112,upsert,1789716051.448895,1789716052.5831363,2048,64
20260726_formal4t4_reuse_intensive_RateFIFO@rho1.2_rep3,3,RateFIFO@rho1.2,RateFIFO,1.2,reuse_intensive,dispatcher_arrival,43519,12,0,9971321710674973507,upsert,1789716054.5347817,1789716055.5528185,2048,64
20260726_formal4t4_reuse_intensive_RateFIFO@rho1.2_rep3,3,RateFIFO@rho1.2,RateFIFO,1.2,reuse_intensive,dispatcher_arrival,43519,16,0,4650049274038987083,upsert,1789716057.3805637,1789716058.5225089,2048,64
20260726_formal4t4_reuse_intensive_RateFIFO@rho1.2_rep3,3,RateFIFO@rho1.2,RateFIFO,1.2,reuse_intensive,dispatcher_arrival,43519,20,0,3163096543987652428,upsert,1789716060.2922337,1789716061.4922316,2048,64
20260726_formal4t4_reuse_intensive_RateFIFO@rho1.2_rep3,3,RateFIFO@rho1.2,RateFIFO,1.2,reuse_intensive,dispatcher_arrival,43519,24,0,10402019323283478844,upsert,1789716063.1940854,1789716064.4618695,2048,64
20260726_formal4t4_reuse_intensive_RateFIFO@rho1.2_rep3,3,RateFIFO@rho1.2,RateFIFO,1.2,reuse_intensive,dispatcher_arrival,43519,28,0,14064140743279553366,upsert,1789716066.249628,1789716067.4316509,2048,64
20260726_formal4t4_reuse_intensive_RateFIFO@rho1.2_rep3,3,RateFIFO@rho1.2,RateFIFO,1.2,reuse_intensive,dispatcher_arrival,43519,32,0,12376960631178457983,upsert,1789716069.3182912,1789716070.4012892,2048,64
20260726_formal4t4_reuse_intensive_RateFIFO@rho1.2_rep3,3,RateFIFO@rho1.2,RateFIFO,1.2,reuse_intensive,dispatcher_arrival,43519,36,0,947483498426156190,upsert,1789716072.4072924,1789716073.37103,2048,64
20260726_formal4t4_reuse_intensive_RateFIFO@rho1.2_rep3,3,RateFIFO@rho1.2,RateFIFO,1.2,reuse_intensive,dispatcher_arrival,43519,40,0,3073007241776570211,upsert,1789716075.5876606,1789716076.340661,2048,64
20260726_formal4t4_reuse_intensive_RateFIFO@rho1.2_rep3,3,RateFIFO@rho1.2,RateFIFO,1.2,reuse_intensive,dispatcher_arrival,43519,44,0,14108233664250482536,upsert,1789716078.813998,1789716079.3103778,2048,64
20260726_formal4t4_reuse_intensive_RateFIFO@rho1.2_rep3,3,RateFIFO@rho1.2,RateFIFO,1.2,reuse_intensive,dispatcher_arrival,43519,48,0,14774026810505956694,upsert,1789716081.814493,1789716082.2800653,2048,64
20260726_formal4t4_reuse_intensive_RateFIFO@rho1.2_rep3,3,RateFIFO@rho1.2,RateFIFO,1.2,reuse_intensive,dispatcher_arrival,43519,52,0,5281956220402968541,upsert,1789716084.8118298,1789716085.249797,2048,64
20260726_formal4t4_reuse_intensive_RateFIFO@rho1.2_rep3,3,RateFIFO@rho1.2,RateFIFO,1.2,reuse_intensive,dispatcher_arrival,43519,56,0,1785562587857272681,upsert,1789716087.981365,1789716088.2194548,2048,64
20260726_formal4t4_reuse_intensive_RateFIFO@rho1.2_rep3,3,RateFIFO@rho1.2,RateFIFO,1.2,reuse_intensive,dispatcher_arrival,43519,60,0,1610475058989402671,upsert,1789716091.0903535,1789716091.1891418,2048,64
20260726_formal4t4_reuse_intensive_RateFIFO@rho1.2_rep3,3,RateFIFO@rho1.2,RateFIFO,1.2,reuse_intensive,dispatcher_arrival,43519,64,0,15769623694692820738,upsert,1789716094.1945305,1789716094.197579,2048,64
20260726_formal4t4_reuse_intensive_RateFIFO@rho1.2_rep3,3,RateFIFO@rho1.2,RateFIFO,1.2,reuse_intensive,dispatcher_arrival,43519,68,0,15769623694692820738,upsert,1789716095.6595798,1789716097.1285377,2048,64
20260726_formal4t4_reuse_intensive_RateFIFO@rho1.2_rep3,3,RateFIFO@rho1.2,RateFIFO,1.2,reuse_intensive,dispatcher_arrival,43519,72,0,15769623694692820738,upsert,1789716096.9424052,1789716099.0982642,2048,64
20260726_formal4t4_reuse_intensive_RateFIFO@rho1.2_rep3,3,RateFIFO@rho1.2,RateFIFO,1.2,reuse_intensive,dispatcher_arrival,43519,76,0,15769623694692820738,upsert,1789716098.7427106,1789716102.0679622,2048,64
20260726_formal4t4_reuse_intensive_RateFIFO@rho1.2_rep3,3,RateFIFO@rho1.2,RateFIFO,1.2,reuse_intensive,dispatcher_arrival,43519,80,0,4650049274038987083,upsert,1789716101.4301004,1789716106.2194526,2048,64
20260726_formal4t4_reuse_intensive_RateFIFO@rho1.2_rep3,3,RateFIFO@rho1.2,RateFIFO,1.2,reuse_intensive,dispatcher_arrival,43519,84,0,947483498426156190,upsert,1789716103.6220198,1789716109.189155,2048,64
20260726_formal4t4_reuse_intensive_RateFIFO@rho1.2_rep3,3,RateFIFO@rho1.2,RateFIFO,1.2,reuse_intensive,dispatcher_arrival,43519,88,0,12613465747135452669,upsert,1789716105.8509626,1789716111.1588533,2048,64
20260726_formal4t4_reuse_intensive_RateFIFO@rho1.2_rep3,3,RateFIFO@rho1.2,RateFIFO,1.2,reuse_intensive,dispatcher_arrival,43519,92,0,12613465747135452669,upsert,1789716107.592301,1789716114.1285522,2048,64
20260726_formal4t4_reuse_intensive_RateFIFO@rho1.2_rep3,3,RateFIFO@rho1.2,RateFIFO,1.2,reuse_intensive,dispatcher_arrival,43519,96,0,15769623694692820738,upsert,1789716108.9263885,1789716114.1286683,2048,64
20260726_formal4t4_reuse_intensive_RateFIFO@rho1.2_rep3,3,RateFIFO@rho1.2,RateFIFO,1.2,reuse_intensive,dispatcher_arrival,43519,100,0,15769623694692820738,upsert,1789716110.2333033,1789716118.0679467,2048,64
20260726_formal4t4_reuse_intensive_RateFIFO@rho1.2_rep3,3,RateFIFO@rho1.2,RateFIFO,1.2,reuse_intensive,dispatcher_arrival,43519,104,0,15769623694692820738,upsert,1789716112.9992352,1789716121.037701,2048,64
20260726_formal4t4_reuse_intensive_RateFIFO@rho1.2_rep3,3,RateFIFO@rho1.2,RateFIFO,1.2,reuse_intensive,dispatcher_arrival,43519,108,1,15960031488910374299,upsert,1789716116.08236,1789716125.0073657,2048,64
20260726_formal4t4_reuse_intensive_RateFIFO@rho1.2_rep3,3,RateFIFO@rho1.2,RateFIFO,1.2,reuse_intensive,dispatcher_arrival,43519,112,3,9417075026054648240,upsert,1789716119.1600287,1789716127.9770916,2048,64
20260726_formal4t4_reuse_intensive_RateFIFO@rho1.2_rep3,3,RateFIFO@rho1.2,RateFIFO,1.2,reuse_intensive,dispatcher_arrival,43519,116,0,9971321710674973507,upsert,1789716121.8317666,1789716130.9467936,2048,64
20260726_formal4t4_reuse_intensive_RateFIFO@rho1.2_rep3,3,RateFIFO@rho1.2,RateFIFO,1.2,reuse_intensive,dispatcher_arrival,43519,120,0,15769623694692820738,upsert,1789716123.1700218,1789716130.9468863,2048,64
20260726_formal4t4_reuse_intensive_RateFIFO@rho1.2_rep3,3,RateFIFO@rho1.2,RateFIFO,1.2,reuse_intensive,dispatcher_arrival,43519,124,1,15507369539614680842,upsert,1789716126.1204076,1789716134.886126,2048,64
20260726_formal4t4_reuse_intensive_RateFIFO@rho1.2_rep3,3,RateFIFO@rho1.2,RateFIFO,1.2,reuse_intensive,dispatcher_arrival,43519,128,1,11821849661176330329,upsert,1789716129.2474651,1789716137.8558457,2048,64
20260726_formal4t4_reuse_intensive_RateFIFO@rho1.2_rep3,3,RateFIFO@rho1.2,RateFIFO,1.2,reuse_intensive,dispatcher_arrival,43519,132,1,13764273285245102789,upsert,1789716132.157964,1789716141.8255801,2048,64
20260726_formal4t4_reuse_intensive_RateFIFO@rho1.2_rep3,3,RateFIFO@rho1.2,RateFIFO,1.2,reuse_intensive,dispatcher_arrival,43519,136,1,14333057367934485678,upsert,1789716135.1693194,1789716144.795248,2048,64
20260726_formal4t4_reuse_intensive_RateFIFO@rho1.2_rep3,3,RateFIFO@rho1.2,RateFIFO,1.2,reuse_intensive,dispatcher_arrival,43519,140,1,14333057367934485678,upsert,1789716137.886642,1789716147.7649198,2048,64
20260726_formal4t4_reuse_intensive_RateFIFO@rho1.2_rep3,3,RateFIFO@rho1.2,RateFIFO,1.2,reuse_intensive,dispatcher_arrival,43519,144,1,17846715708891391149,upsert,1789716141.2202878,1789716147.7650163,2048,64
20260726_formal4t4_reuse_intensive_RateFIFO@rho1.2_rep3,3,RateFIFO@rho1.2,RateFIFO,1.2,reuse_intensive,dispatcher_arrival,43519,148,1,6878038652119793510,upsert,1789716144.0911877,1789716151.704394,2048,64
20260726_formal4t4_reuse_intensive_RateFIFO@rho1.2_rep3,3,RateFIFO@rho1.2,RateFIFO,1.2,reuse_intensive,dispatcher_arrival,43519,152,1,17846715708891391149,upsert,1789716147.1592712,1789716153.6739972,2048,64
20260726_formal4t4_reuse_intensive_RateFIFO@rho1.2_rep3,3,RateFIFO@rho1.2,RateFIFO,1.2,reuse_intensive,dispatcher_arrival,43519,156,1,11821849661176330329,upsert,1789716150.2448587,1789716156.6436996,2048,64
20260726_formal4t4_reuse_intensive_RateFIFO@rho1.2_rep3,3,RateFIFO@rho1.2,RateFIFO,1.2,reuse_intensive,dispatcher_arrival,43519,160,2,17450960088959206076,upsert,1789716154.0045493,1789716160.613391,2048,64
20260726_formal4t4_reuse_intensive_RateFIFO@rho1.2_rep3,3,RateFIFO@rho1.2,RateFIFO,1.2,reuse_intensive,dispatcher_arrival,43519,164,1,11821849661176330329,upsert,1789716157.0772681,1789716163.5830905,2048,64
20260726_formal4t4_reuse_intensive_RateFIFO@rho1.2_rep3,3,RateFIFO@rho1.2,RateFIFO,1.2,reuse_intensive,dispatcher_arrival,43519,168,1,5080278736125677280,upsert,1789716160.4743266,1789716163.5832024,2048,64
20260726_formal4t4_reuse_intensive_RateFIFO@rho1.2_rep3,3,RateFIFO@rho1.2,RateFIFO,1.2,reuse_intensive,dispatcher_arrival,43519,172,1,6878038652119793510,upsert,1789716163.4156916,1789716167.5224757,2048,64
20260726_formal4t4_reuse_intensive_RateFIFO@rho1.2_rep3,3,RateFIFO@rho1.2,RateFIFO,1.2,reuse_intensive,dispatcher_arrival,43519,176,1,11821849661176330329,upsert,1789716166.341503,1789716170.492264,2048,64
20260726_formal4t4_reuse_intensive_RateFIFO@rho1.2_rep3,3,RateFIFO@rho1.2,RateFIFO,1.2,reuse_intensive,dispatcher_arrival,43519,180,1,17846715708891391149,upsert,1789716169.296124,1789716173.4619198,2048,64
20260726_formal4t4_reuse_intensive_Ideal_rep3,3,Ideal,Ideal,,reuse_intensive,dispatcher_arrival,43519,0,0,15769623694692820738,upsert,1789716045.8046894,1789716046.6437287,2048,64
20260726_formal4t4_reuse_intensive_Ideal_rep3,3,Ideal,Ideal,,reuse_intensive,dispatcher_arrival,43519,4,0,12613465747135452669,upsert,1789716048.7464113,1789716049.6134276,2048,64
20260726_formal4t4_reuse_intensive_Ideal_rep3,3,Ideal,Ideal,,reuse_intensive,dispatcher_arrival,43519,8,0,12523743054995375112,upsert,1789716051.448895,1789716052.5831363,2048,64
20260726_formal4t4_reuse_intensive_Ideal_rep3,3,Ideal,Ideal,,reuse_intensive,dispatcher_arrival,43519,12,0,9971321710674973507,upsert,1789716054.5347817,1789716055.5528185,2048,64
20260726_formal4t4_reuse_intensive_Ideal_rep3,3,Ideal,Ideal,,reuse_intensive,dispatcher_arrival,43519,16,0,4650049274038987083,upsert,1789716057.3805637,1789716058.5225089,2048,64
20260726_formal4t4_reuse_intensive_Ideal_rep3,3,Ideal,Ideal,,reuse_intensive,dispatcher_arrival,43519,20,0,3163096543987652428,upsert,1789716060.2922337,1789716061.4922316,2048,64
20260726_formal4t4_reuse_intensive_Ideal_rep3,3,Ideal,Ideal,,reuse_intensive,dispatcher_arrival,43519,24,0,10402019323283478844,upsert,1789716063.1940854,1789716064.4618695,2048,64
20260726_formal4t4_reuse_intensive_Ideal_rep3,3,Ideal,Ideal,,reuse_intensive,dispatcher_arrival,43519,28,0,14064140743279553366,upsert,1789716066.249628,1789716067.4316509,2048,64
20260726_formal4t4_reuse_intensive_Ideal_rep3,3,Ideal,Ideal,,reuse_intensive,dispatcher_arrival,43519,32,0,12376960631178457983,upsert,1789716069.3182912,1789716070.4012892,2048,64
20260726_formal4t4_reuse_intensive_Ideal_rep3,3,Ideal,Ideal,,reuse_intensive,dispatcher_arrival,43519,36,0,947483498426156190,upsert,1789716072.4072924,1789716073.37103,2048,64
20260726_formal4t4_reuse_intensive_Ideal_rep3,3,Ideal,Ideal,,reuse_intensive,dispatcher_arrival,43519,40,0,3073007241776570211,upsert,1789716075.5876606,1789716076.340661,2048,64
20260726_formal4t4_reuse_intensive_Ideal_rep3,3,Ideal,Ideal,,reuse_intensive,dispatcher_arrival,43519,44,0,14108233664250482536,upsert,1789716078.813998,1789716079.3103778,2048,64
20260726_formal4t4_reuse_intensive_Ideal_rep3,3,Ideal,Ideal,,reuse_intensive,dispatcher_arrival,43519,48,0,14774026810505956694,upsert,1789716081.814493,1789716082.2800653,2048,64
20260726_formal4t4_reuse_intensive_Ideal_rep3,3,Ideal,Ideal,,reuse_intensive,dispatcher_arrival,43519,52,0,5281956220402968541,upsert,1789716084.8118298,1789716085.249797,2048,64
20260726_formal4t4_reuse_intensive_Ideal_rep3,3,Ideal,Ideal,,reuse_intensive,dispatcher_arrival,43519,56,0,1785562587857272681,upsert,1789716087.981365,1789716088.2194548,2048,64
20260726_formal4t4_reuse_intensive_Ideal_rep3,3,Ideal,Ideal,,reuse_intensive,dispatcher_arrival,43519,60,0,1610475058989402671,upsert,1789716091.0903535,1789716091.1891418,2048,64
20260726_formal4t4_reuse_intensive_Ideal_rep3,3,Ideal,Ideal,,reuse_intensive,dispatcher_arrival,43519,64,0,15769623694692820738,upsert,1789716094.1945305,1789716094.197579,2048,64
20260726_formal4t4_reuse_intensive_Ideal_rep3,3,Ideal,Ideal,,reuse_intensive,dispatcher_arrival,43519,68,0,15769623694692820738,upsert,1789716095.6595798,1789716097.1285377,2048,64
20260726_formal4t4_reuse_intensive_Ideal_rep3,3,Ideal,Ideal,,reuse_intensive,dispatcher_arrival,43519,72,0,15769623694692820738,upsert,1789716096.9424052,1789716099.0982642,2048,64
20260726_formal4t4_reuse_intensive_Ideal_rep3,3,Ideal,Ideal,,reuse_intensive,dispatcher_arrival,43519,76,0,15769623694692820738,upsert,1789716098.7427106,1789716102.0679622,2048,64
20260726_formal4t4_reuse_intensive_Ideal_rep3,3,Ideal,Ideal,,reuse_intensive,dispatcher_arrival,43519,80,0,4650049274038987083,upsert,1789716101.4301004,1789716106.2194526,2048,64
20260726_formal4t4_reuse_intensive_Ideal_rep3,3,Ideal,Ideal,,reuse_intensive,dispatcher_arrival,43519,84,0,947483498426156190,upsert,1789716103.6220198,1789716109.189155,2048,64
20260726_formal4t4_reuse_intensive_Ideal_rep3,3,Ideal,Ideal,,reuse_intensive,dispatcher_arrival,43519,88,0,12613465747135452669,upsert,1789716105.8509626,1789716111.1588533,2048,64
20260726_formal4t4_reuse_intensive_Ideal_rep3,3,Ideal,Ideal,,reuse_intensive,dispatcher_arrival,43519,92,0,12613465747135452669,upsert,1789716107.592301,1789716114.1285522,2048,64
20260726_formal4t4_reuse_intensive_Ideal_rep3,3,Ideal,Ideal,,reuse_intensive,dispatcher_arrival,43519,96,0,15769623694692820738,upsert,1789716108.9263885,1789716114.1286683,2048,64
20260726_formal4t4_reuse_intensive_Ideal_rep3,3,Ideal,Ideal,,reuse_intensive,dispatcher_arrival,43519,100,0,15769623694692820738,upsert,1789716110.2333033,1789716118.0679467,2048,64
20260726_formal4t4_reuse_intensive_Ideal_rep3,3,Ideal,Ideal,,reuse_intensive,dispatcher_arrival,43519,104,0,15769623694692820738,upsert,1789716112.9992352,1789716121.037701,2048,64
20260726_formal4t4_reuse_intensive_Ideal_rep3,3,Ideal,Ideal,,reuse_intensive,dispatcher_arrival,43519,108,1,15960031488910374299,upsert,1789716116.08236,1789716125.0073657,2048,64
20260726_formal4t4_reuse_intensive_Ideal_rep3,3,Ideal,Ideal,,reuse_intensive,dispatcher_arrival,43519,112,3,9417075026054648240,upsert,1789716119.1600287,1789716127.9770916,2048,64
20260726_formal4t4_reuse_intensive_Ideal_rep3,3,Ideal,Ideal,,reuse_intensive,dispatcher_arrival,43519,116,0,9971321710674973507,upsert,1789716121.8317666,1789716130.9467936,2048,64
20260726_formal4t4_reuse_intensive_Ideal_rep3,3,Ideal,Ideal,,reuse_intensive,dispatcher_arrival,43519,120,0,15769623694692820738,upsert,1789716123.1700218,1789716130.9468863,2048,64
20260726_formal4t4_reuse_intensive_Ideal_rep3,3,Ideal,Ideal,,reuse_intensive,dispatcher_arrival,43519,124,1,15507369539614680842,upsert,1789716126.1204076,1789716134.886126,2048,64
20260726_formal4t4_reuse_intensive_Ideal_rep3,3,Ideal,Ideal,,reuse_intensive,dispatcher_arrival,43519,128,1,11821849661176330329,upsert,1789716129.2474651,1789716137.8558457,2048,64
20260726_formal4t4_reuse_intensive_Ideal_rep3,3,Ideal,Ideal,,reuse_intensive,dispatcher_arrival,43519,132,1,13764273285245102789,upsert,1789716132.157964,1789716141.8255801,2048,64
20260726_formal4t4_reuse_intensive_Ideal_rep3,3,Ideal,Ideal,,reuse_intensive,dispatcher_arrival,43519,136,1,14333057367934485678,upsert,1789716135.1693194,1789716144.795248,2048,64
20260726_formal4t4_reuse_intensive_Ideal_rep3,3,Ideal,Ideal,,reuse_intensive,dispatcher_arrival,43519,140,1,14333057367934485678,upsert,1789716137.886642,1789716147.7649198,2048,64
20260726_formal4t4_reuse_intensive_Ideal_rep3,3,Ideal,Ideal,,reuse_intensive,dispatcher_arrival,43519,144,1,17846715708891391149,upsert,1789716141.2202878,1789716147.7650163,2048,64
20260726_formal4t4_reuse_intensive_Ideal_rep3,3,Ideal,Ideal,,reuse_intensive,dispatcher_arrival,43519,148,1,6878038652119793510,upsert,1789716144.0911877,1789716151.704394,2048,64
20260726_formal4t4_reuse_intensive_Ideal_rep3,3,Ideal,Ideal,,reuse_intensive,dispatcher_arrival,43519,152,1,17846715708891391149,upsert,1789716147.1592712,1789716153.6739972,2048,64
20260726_formal4t4_reuse_intensive_Ideal_rep3,3,Ideal,Ideal,,reuse_intensive,dispatcher_arrival,43519,156,1,11821849661176330329,upsert,1789716150.2448587,1789716156.6436996,2048,64
20260726_formal4t4_reuse_intensive_Ideal_rep3,3,Ideal,Ideal,,reuse_intensive,dispatcher_arrival,43519,160,2,17450960088959206076,upsert,1789716154.0045493,1789716160.613391,2048,64
20260726_formal4t4_reuse_intensive_Ideal_rep3,3,Ideal,Ideal,,reuse_intensive,dispatcher_arrival,43519,164,1,11821849661176330329,upsert,1789716157.0772681,1789716163.5830905,2048,64
20260726_formal4t4_reuse_intensive_Ideal_rep3,3,Ideal,Ideal,,reuse_intensive,dispatcher_arrival,43519,168,1,5080278736125677280,upsert,1789716160.4743266,1789716163.5832024,2048,64
20260726_formal4t4_reuse_intensive_Ideal_rep3,3,Ideal,Ideal,,reuse_intensive,dispatcher_arrival,43519,172,1,6878038652119793510,upsert,1789716163.4156916,1789716167.5224757,2048,64
20260726_formal4t4_reuse_intensive_Ideal_rep3,3,Ideal,Ideal,,reuse_intensive,dispatcher_arrival,43519,176,1,11821849661176330329,upsert,1789716166.341503,1789716170.492264,2048,64
20260726_formal4t4_reuse_intensive_Ideal_rep3,3,Ideal,Ideal,,reuse_intensive,dispatcher_arrival,43519,180,1,17846715708891391149,upsert,1789716169.296124,1789716173.4619198,2048,64
20260726_formal4t4_reuse_intensive_StaticSemantic@rho1.2_rep3,3,StaticSemantic@rho1.2,StaticSemantic,1.2,reuse_intensive,dispatcher_arrival,43521,0,0,15769623694692820738,upsert,1789716298.6805046,1789716298.6834629,2048,64
20260726_formal4t4_reuse_intensive_StaticSemantic@rho1.2_rep3,3,StaticSemantic@rho1.2,StaticSemantic,1.2,reuse_intensive,dispatcher_arrival,43521,2,2,15769623694692820738,upsert,1789716298.6806452,1789716298.6835632,2048,64
20260726_formal4t4_reuse_intensive_StaticSemantic@rho1.2_rep3,3,StaticSemantic@rho1.2,StaticSemantic,1.2,reuse_intensive,dispatcher_arrival,43521,4,0,12613465747135452669,upsert,1789716301.6885335,1789716301.6915433,2048,64
20260726_formal4t4_reuse_intensive_StaticSemantic@rho1.2_rep3,3,StaticSemantic@rho1.2,StaticSemantic,1.2,reuse_intensive,dispatcher_arrival,43521,6,2,12613465747135452669,upsert,1789716301.6886942,1789716301.6916296,2048,64
20260726_formal4t4_reuse_intensive_StaticSemantic@rho1.2_rep3,3,StaticSemantic@rho1.2,StaticSemantic,1.2,reuse_intensive,dispatcher_arrival,43521,8,0,12523743054995375112,upsert,1789716304.665086,1789716304.668062,2048,64
20260726_formal4t4_reuse_intensive_StaticSemantic@rho1.2_rep3,3,StaticSemantic@rho1.2,StaticSemantic,1.2,reuse_intensive,dispatcher_arrival,43521,11,3,12523743054995375112,upsert,1789716304.6652946,1789716304.6681423,2048,64
20260726_formal4t4_reuse_intensive_StaticSemantic@rho1.2_rep3,3,StaticSemantic@rho1.2,StaticSemantic,1.2,reuse_intensive,dispatcher_arrival,43521,12,0,9971321710674973507,upsert,1789716307.9040875,1789716307.9070594,2048,64
20260726_formal4t4_reuse_intensive_StaticSemantic@rho1.2_rep3,3,StaticSemantic@rho1.2,StaticSemantic,1.2,reuse_intensive,dispatcher_arrival,43521,15,3,9971321710674973507,upsert,1789716307.9042938,1789716307.9071422,2048,64
20260726_formal4t4_reuse_intensive_StaticSemantic@rho1.2_rep3,3,StaticSemantic@rho1.2,StaticSemantic,1.2,reuse_intensive,dispatcher_arrival,43521,16,0,4650049274038987083,upsert,1789716310.9079766,1789716310.910947,2048,64
20260726_formal4t4_reuse_intensive_StaticSemantic@rho1.2_rep3,3,StaticSemantic@rho1.2,StaticSemantic,1.2,reuse_intensive,dispatcher_arrival,43521,18,2,4650049274038987083,upsert,1789716310.908119,1789716310.9110336,2048,64
20260726_formal4t4_reuse_intensive_StaticSemantic@rho1.2_rep3,3,StaticSemantic@rho1.2,StaticSemantic,1.2,reuse_intensive,dispatcher_arrival,43521,20,0,3163096543987652428,upsert,1789716314.1963308,1789716314.199314,2048,64
20260726_formal4t4_reuse_intensive_StaticSemantic@rho1.2_rep3,3,StaticSemantic@rho1.2,StaticSemantic,1.2,reuse_intensive,dispatcher_arrival,43521,23,3,3163096543987652428,upsert,1789716314.196523,1789716314.1993976,2048,64
20260726_formal4t4_reuse_intensive_StaticSemantic@rho1.2_rep3,3,StaticSemantic@rho1.2,StaticSemantic,1.2,reuse_intensive,dispatcher_arrival,43521,24,0,10402019323283478844,upsert,1789716317.4873962,1789716317.4903693,2048,64
20260726_formal4t4_reuse_intensive_StaticSemantic@rho1.2_rep3,3,StaticSemantic@rho1.2,StaticSemantic,1.2,reuse_intensive,dispatcher_arrival,43521,27,3,10402019323283478844,upsert,1789716317.4875872,1789716317.490451,2048,64
20260726_formal4t4_reuse_intensive_StaticSemantic@rho1.2_rep3,3,StaticSemantic@rho1.2,StaticSemantic,1.2,reuse_intensive,dispatcher_arrival,43521,28,0,14064140743279553366,upsert,1789716320.3415284,1789716320.3444746,2048,64
20260726_formal4t4_reuse_intensive_StaticSemantic@rho1.2_rep3,3,StaticSemantic@rho1.2,StaticSemantic,1.2,reuse_intensive,dispatcher_arrival,43521,29,1,14064140743279553366,upsert,1789716320.341629,1789716320.3445559,2048,64
20260726_formal4t4_reuse_intensive_StaticSemantic@rho1.2_rep3,3,StaticSemantic@rho1.2,StaticSemantic,1.2,reuse_intensive,dispatcher_arrival,43521,32,0,12376960631178457983,upsert,1789716323.7264438,1789716323.7293036,2048,64
20260726_formal4t4_reuse_intensive_StaticSemantic@rho1.2_rep3,3,StaticSemantic@rho1.2,StaticSemantic,1.2,reuse_intensive,dispatcher_arrival,43521,35,3,12376960631178457983,upsert,1789716323.7266166,1789716324.569469,2048,64
20260726_formal4t4_reuse_intensive_StaticSemantic@rho1.2_rep3,3,StaticSemantic@rho1.2,StaticSemantic,1.2,reuse_intensive,dispatcher_arrival,43521,36,0,947483498426156190,upsert,1789716326.6380792,1789716334.7723575,2048,64
20260726_formal4t4_reuse_intensive_StaticSemantic@rho1.2_rep3,3,StaticSemantic@rho1.2,StaticSemantic,1.2,reuse_intensive,dispatcher_arrival,43521,38,2,947483498426156190,upsert,1789716326.6382496,1789716336.6564167,2048,64
20260726_formal4t4_reuse_intensive_StaticSemantic@rho1.2_rep3,3,StaticSemantic@rho1.2,StaticSemantic,1.2,reuse_intensive,dispatcher_arrival,43521,40,0,3073007241776570211,upsert,1789716329.946926,1789716339.6709206,2048,64
20260726_formal4t4_reuse_intensive_StaticSemantic@rho1.2_rep3,3,StaticSemantic@rho1.2,StaticSemantic,1.2,reuse_intensive,dispatcher_arrival,43521,42,2,3073007241776570211,upsert,1789716329.9470785,1789716339.6710386,2048,64
20260726_formal4t4_reuse_intensive_StaticSemantic@rho1.2_rep3,3,StaticSemantic@rho1.2,StaticSemantic,1.2,reuse_intensive,dispatcher_arrival,43521,44,0,14108233664250482536,upsert,1789716333.0086691,1789716343.6129498,2048,64
20260726_formal4t4_reuse_intensive_StaticSemantic@rho1.2_rep3,3,StaticSemantic@rho1.2,StaticSemantic,1.2,reuse_intensive,dispatcher_arrival,43521,47,3,14108233664250482536,upsert,1789716333.008852,1789716347.583919,2048,64
20260726_formal4t4_reuse_intensive_StaticSemantic@rho1.2_rep3,3,StaticSemantic@rho1.2,StaticSemantic,1.2,reuse_intensive,dispatcher_arrival,43521,48,0,14774026810505956694,upsert,1789716336.026363,1789716351.3810086,2048,64
20260726_formal4t4_reuse_intensive_StaticSemantic@rho1.2_rep3,3,StaticSemantic@rho1.2,StaticSemantic,1.2,reuse_intensive,dispatcher_arrival,43521,50,2,14774026810505956694,upsert,1789716336.026507,1789716351.3811011,2048,64
20260726_formal4t4_reuse_intensive_StaticSemantic@rho1.2_rep3,3,StaticSemantic@rho1.2,StaticSemantic,1.2,reuse_intensive,dispatcher_arrival,43521,52,0,5281956220402968541,upsert,1789716339.2847548,1789716355.1491075,2048,64
20260726_formal4t4_reuse_intensive_StaticSemantic@rho1.2_rep3,3,StaticSemantic@rho1.2,StaticSemantic,1.2,reuse_intensive,dispatcher_arrival,43521,55,3,5281956220402968541,upsert,1789716339.2849436,1789716357.9896903,2048,64
20260726_formal4t4_reuse_intensive_StaticSemantic@rho1.2_rep3,3,StaticSemantic@rho1.2,StaticSemantic,1.2,reuse_intensive,dispatcher_arrival,43521,56,0,1785562587857272681,upsert,1789716342.2422154,1789716361.7868268,2048,64
20260726_formal4t4_reuse_intensive_StaticSemantic@rho1.2_rep3,3,StaticSemantic@rho1.2,StaticSemantic,1.2,reuse_intensive,dispatcher_arrival,43521,58,2,1785562587857272681,upsert,1789716342.2423615,1789716361.7869303,2048,64
20260726_formal4t4_reuse_intensive_StaticSemantic@rho1.2_rep3,3,StaticSemantic@rho1.2,StaticSemantic,1.2,reuse_intensive,dispatcher_arrival,43521,60,0,1610475058989402671,upsert,1789716345.4779515,1789716365.5549378,2048,64
20260726_formal4t4_reuse_intensive_StaticSemantic@rho1.2_rep3,3,StaticSemantic@rho1.2,StaticSemantic,1.2,reuse_intensive,dispatcher_arrival,43521,63,3,1610475058989402671,upsert,1789716345.4781342,1789716368.3955634,2048,64
20260726_formal4t4_reuse_intensive_StaticSemantic@rho1.2_rep3,3,StaticSemantic@rho1.2,StaticSemantic,1.2,reuse_intensive,dispatcher_arrival,43521,67,0,9971321710674973507,upsert,1789716348.771876,1789716372.1926448,2048,64
20260726_formal4t4_reuse_intensive_StaticSemantic@rho1.2_rep3,3,StaticSemantic@rho1.2,StaticSemantic,1.2,reuse_intensive,dispatcher_arrival,43521,65,3,17730309890119328358,upsert,1789716348.7717707,1789716372.1927547,2048,64
20260726_formal4t4_reuse_intensive_StaticSemantic@rho1.2_rep3,3,StaticSemantic@rho1.2,StaticSemantic,1.2,reuse_intensive,dispatcher_arrival,43521,73,3,12523743054995375112,upsert,1789716350.8521943,1789716375.9607148,2048,64
20260726_formal4t4_reuse_intensive_StaticSemantic@rho1.2_rep3,3,StaticSemantic@rho1.2,StaticSemantic,1.2,reuse_intensive,dispatcher_arrival,43521,78,0,3163096543987652428,upsert,1789716352.067702,1789716378.8013508,2048,64
20260726_formal4t4_reuse_intensive_StaticSemantic@rho1.2_rep3,3,StaticSemantic@rho1.2,StaticSemantic,1.2,reuse_intensive,dispatcher_arrival,43521,83,1,11074190661555870271,upsert,1789716355.384614,1789716382.5984378,2048,64
20260726_formal4t4_reuse_intensive_StaticSemantic@rho1.2_rep3,3,StaticSemantic@rho1.2,StaticSemantic,1.2,reuse_intensive,dispatcher_arrival,43521,84,2,947483498426156190,upsert,1789716356.735281,1789716382.5985234,2048,64
20260726_formal4t4_reuse_intensive_StaticSemantic@rho1.2_rep3,3,StaticSemantic@rho1.2,StaticSemantic,1.2,reuse_intensive,dispatcher_arrival,43521,85,0,5281956220402968541,upsert,1789716356.7353854,1789716386.3664947,2048,64
20260726_formal4t4_reuse_intensive_StaticSemantic@rho1.2_rep3,3,StaticSemantic@rho1.2,StaticSemantic,1.2,reuse_intensive,dispatcher_arrival,43521,89,0,947483498426156190,upsert,1789716357.7757127,1789716389.207063,2048,64
20260726_formal4t4_reuse_intensive_StaticSemantic@rho1.2_rep3,3,StaticSemantic@rho1.2,StaticSemantic,1.2,reuse_intensive,dispatcher_arrival,43521,90,2,4650049274038987083,upsert,1789716357.7759397,1789716392.0476494,2048,64
20260726_formal4t4_reuse_intensive_StaticSemantic@rho1.2_rep3,3,StaticSemantic@rho1.2,StaticSemantic,1.2,reuse_intensive,dispatcher_arrival,43521,99,0,12613465747135452669,upsert,1789716359.9495773,1789716392.047744,2048,64
20260726_formal4t4_reuse_intensive_StaticSemantic@rho1.2_rep3,3,StaticSemantic@rho1.2,StaticSemantic,1.2,reuse_intensive,dispatcher_arrival,43521,102,3,12376960631178457983,upsert,1789716360.7048619,1789716395.8157692,2048,64
20260726_formal4t4_reuse_intensive_StaticSemantic@rho1.2_rep3,3,StaticSemantic@rho1.2,StaticSemantic,1.2,reuse_intensive,dispatcher_arrival,43521,105,3,4596497935095405733,upsert,1789716363.4975061,1789716398.656364,2048,64
20260726_formal4t4_reuse_intensive_StaticSemantic@rho1.2_rep3,3,StaticSemantic@rho1.2,StaticSemantic,1.2,reuse_intensive,dispatcher_arrival,43521,106,0,4650049274038987083,upsert,1789716363.497736,1789716401.4969306,2048,64
20260726_formal4t4_reuse_intensive_StaticSemantic@rho1.2_rep3,3,StaticSemantic@rho1.2,StaticSemantic,1.2,reuse_intensive,dispatcher_arrival,43521,107,1,14064140743279553366,upsert,1789716363.497952,1789716401.4970222,2048,64
20260726_formal4t4_reuse_intensive_StaticSemantic@rho1.2_rep3,3,StaticSemantic@rho1.2,StaticSemantic,1.2,reuse_intensive,dispatcher_arrival,43521,108,1,15960031488910374299,upsert,1789716366.6223733,1789716405.2650506,2048,64
20260726_formal4t4_reuse_intensive_StaticSemantic@rho1.2_rep3,3,StaticSemantic@rho1.2,StaticSemantic,1.2,reuse_intensive,dispatcher_arrival,43521,111,3,1187225797315579929,upsert,1789716366.623125,1789716408.1056318,2048,64
20260726_formal4t4_reuse_intensive_StaticSemantic@rho1.2_rep3,3,StaticSemantic@rho1.2,StaticSemantic,1.2,reuse_intensive,dispatcher_arrival,43521,112,3,9417075026054648240,upsert,1789716370.2782278,1789716410.946304,2048,64
20260726_formal4t4_reuse_intensive_StaticSemantic@rho1.2_rep3,3,StaticSemantic@rho1.2,StaticSemantic,1.2,reuse_intensive,dispatcher_arrival,43521,113,0,12523743054995375112,upsert,1789716370.2785335,1789716410.946404,2048,64
20260726_formal4t4_reuse_intensive_StaticSemantic@rho1.2_rep3,3,StaticSemantic@rho1.2,StaticSemantic,1.2,reuse_intensive,dispatcher_arrival,43521,116,3,9971321710674973507,upsert,1789716373.0314739,1789716414.7143412,2048,64
20260726_formal4t4_reuse_intensive_StaticSemantic@rho1.2_rep3,3,StaticSemantic@rho1.2,StaticSemantic,1.2,reuse_intensive,dispatcher_arrival,43521,117,1,13063325218966850298,upsert,1789716373.0317852,1789716417.554931,2048,64
20260726_formal4t4_reuse_intensive_StaticSemantic@rho1.2_rep3,3,StaticSemantic@rho1.2,StaticSemantic,1.2,reuse_intensive,dispatcher_arrival,43521,118,0,9971321710674973507,upsert,1789716373.032017,1789716420.3954756,2048,64
20260726_formal4t4_reuse_intensive_StaticSemantic@rho1.2_rep3,3,StaticSemantic@rho1.2,StaticSemantic,1.2,reuse_intensive,dispatcher_arrival,43521,121,2,12613465747135452669,upsert,1789716374.3187428,1789716420.3955722,2048,64
20260726_formal4t4_reuse_intensive_StaticSemantic@rho1.2_rep3,3,StaticSemantic@rho1.2,StaticSemantic,1.2,reuse_intensive,dispatcher_arrival,43521,122,0,15769623694692820738,upsert,1789716374.31897,1789716424.1636193,2048,64
20260726_formal4t4_reuse_intensive_StaticSemantic@rho1.2_rep3,3,StaticSemantic@rho1.2,StaticSemantic,1.2,reuse_intensive,dispatcher_arrival,43521,123,2,15769623694692820738,upsert,1789716374.3191924,1789716427.0042741,2048,64
20260726_formal4t4_reuse_intensive_StaticSemantic@rho1.2_rep3,3,StaticSemantic@rho1.2,StaticSemantic,1.2,reuse_intensive,dispatcher_arrival,43521,124,1,15507369539614680842,upsert,1789716377.246214,1789716429.844782,2048,64
20260726_formal4t4_reuse_intensive_StaticSemantic@rho1.2_rep3,3,StaticSemantic@rho1.2,StaticSemantic,1.2,reuse_intensive,dispatcher_arrival,43521,126,3,5080278736125677280,upsert,1789716377.2467391,1789716429.8448505,2048,64
20260726_formal4t4_reuse_intensive_StaticSemantic@rho1.2_rep3,3,StaticSemantic@rho1.2,StaticSemantic,1.2,reuse_intensive,dispatcher_arrival,43521,127,2,6011659882065852394,upsert,1789716377.2469468,1789716433.612916,2048,64
20260726_formal4t4_reuse_intensive_StaticSemantic@rho1.2_rep3,3,StaticSemantic@rho1.2,StaticSemantic,1.2,reuse_intensive,dispatcher_arrival,43521,129,2,15507369539614680842,upsert,1789716380.2060044,1789716436.4534817,2048,64
20260726_formal4t4_reuse_intensive_StaticSemantic@rho1.2_rep3,3,StaticSemantic@rho1.2,StaticSemantic,1.2,reuse_intensive,dispatcher_arrival,43521,130,3,3174386350051304381,upsert,1789716380.206251,1789716439.2941046,2048,64
20260726_formal4t4_reuse_intensive_StaticSemantic@rho1.2_rep3,3,StaticSemantic@rho1.2,StaticSemantic,1.2,reuse_intensive,dispatcher_arrival,43521,131,0,11592361518825428217,upsert,1789716380.2064655,1789716439.2942333,2048,64
20260726_formal4t4_reuse_intensive_StaticSemantic@rho1.2_rep3,3,StaticSemantic@rho1.2,StaticSemantic,1.2,reuse_intensive,dispatcher_arrival,43521,132,1,13764273285245102789,upsert,1789716383.27926,1789716443.0622156,2048,64
20260726_formal4t4_reuse_intensive_StaticSemantic@rho1.2_rep3,3,StaticSemantic@rho1.2,StaticSemantic,1.2,reuse_intensive,dispatcher_arrival,43521,138,3,13764273285245102789,upsert,1789716386.3095474,1789716445.9027574,2048,64
20260726_formal4t4_reuse_intensive_StaticSemantic@rho1.2_rep3,3,StaticSemantic@rho1.2,StaticSemantic,1.2,reuse_intensive,dispatcher_arrival,43521,140,1,14333057367934485678,upsert,1789716389.4622786,1789716448.7433424,2048,64
20260726_formal4t4_reuse_intensive_StaticSemantic@rho1.2_rep3,3,StaticSemantic@rho1.2,StaticSemantic,1.2,reuse_intensive,dispatcher_arrival,43521,145,3,10946459298946968941,upsert,1789716392.8528774,1789716448.7434518,2048,64
20260726_formal4t4_reuse_intensive_StaticSemantic@rho1.2_rep3,3,StaticSemantic@rho1.2,StaticSemantic,1.2,reuse_intensive,dispatcher_arrival,43521,146,2,6878038652119793510,upsert,1789716392.8531044,1789716452.5114453,2048,64
20260726_formal4t4_reuse_intensive_StaticSemantic@rho1.2_rep3,3,StaticSemantic@rho1.2,StaticSemantic,1.2,reuse_intensive,dispatcher_arrival,43521,149,0,12395577753972294123,upsert,1789716395.9590669,1789716455.352012,2048,64
20260726_formal4t4_reuse_intensive_StaticSemantic@rho1.2_rep3,3,StaticSemantic@rho1.2,StaticSemantic,1.2,reuse_intensive,dispatcher_arrival,43521,150,3,3566375612704271676,upsert,1789716395.959313,1789716458.1926157,2048,64
20260726_formal4t4_reuse_intensive_StaticSemantic@rho1.2_rep3,3,StaticSemantic@rho1.2,StaticSemantic,1.2,reuse_intensive,dispatcher_arrival,43521,151,2,14470901837808647390,upsert,1789716395.9595249,1789716458.1927164,2048,64
20260726_formal4t4_reuse_intensive_StaticSemantic@rho1.2_rep3,3,StaticSemantic@rho1.2,StaticSemantic,1.2,reuse_intensive,dispatcher_arrival,43521,153,2,3653934292717507175,upsert,1789716398.9382658,1789716461.9607255,2048,64
20260726_formal4t4_reuse_intensive_StaticSemantic@rho1.2_rep3,3,StaticSemantic@rho1.2,StaticSemantic,1.2,reuse_intensive,dispatcher_arrival,43521,157,3,14718592730808615998,upsert,1789716402.0948722,1789716464.8013139,2048,64
20260726_formal4t4_reuse_intensive_StaticSemantic@rho1.2_rep3,3,StaticSemantic@rho1.2,StaticSemantic,1.2,reuse_intensive,dispatcher_arrival,43521,158,2,2763046690965461559,upsert,1789716402.095096,1789716467.6419904,2048,64
20260726_formal4t4_reuse_intensive_StaticSemantic@rho1.2_rep3,3,StaticSemantic@rho1.2,StaticSemantic,1.2,reuse_intensive,dispatcher_arrival,43521,159,0,12103029824873703222,upsert,1789716402.0953176,1789716467.6420963,2048,64
20260726_formal4t4_reuse_intensive_StaticSemantic@rho1.2_rep3,3,StaticSemantic@rho1.2,StaticSemantic,1.2,reuse_intensive,dispatcher_arrival,43521,160,1,17450960088959206076,upsert,1789716405.265999,1789716471.41,2048,64
20260726_formal4t4_reuse_intensive_StaticSemantic@rho1.2_rep3,3,StaticSemantic@rho1.2,StaticSemantic,1.2,reuse_intensive,dispatcher_arrival,43521,161,0,13844655051170110805,upsert,1789716405.2663455,1789716474.250557,2048,64
20260726_formal4t4_reuse_intensive_StaticSemantic@rho1.2_rep3,3,StaticSemantic@rho1.2,StaticSemantic,1.2,reuse_intensive,dispatcher_arrival,43521,163,2,14333057367934485678,upsert,1789716405.2667906,1789716477.0911477,2048,64
20260726_formal4t4_reuse_intensive_StaticSemantic@rho1.2_rep3,3,StaticSemantic@rho1.2,StaticSemantic,1.2,reuse_intensive,dispatcher_arrival,43521,165,2,5794772519797049687,upsert,1789716408.5259922,1789716477.091256,2048,64
20260726_formal4t4_reuse_intensive_StaticSemantic@rho1.2_rep3,3,StaticSemantic@rho1.2,StaticSemantic,1.2,reuse_intensive,dispatcher_arrival,43521,167,0,3239139471102595402,upsert,1789716408.5264642,1789716480.8592656,2048,64
20260726_formal4t4_reuse_intensive_RateFIFO@rho1.2_rep4,4,RateFIFO@rho1.2,RateFIFO,1.2,reuse_intensive,dispatcher_arrival,43522,0,0,15769623694692820738,upsert,1789716485.210459,1789716494.221602,2048,64
20260726_formal4t4_reuse_intensive_RateFIFO@rho1.2_rep4,4,RateFIFO@rho1.2,RateFIFO,1.2,reuse_intensive,dispatcher_arrival,43522,4,0,12613465747135452669,upsert,1789716488.048414,1789716496.1057155,2048,64
20260726_formal4t4_reuse_intensive_RateFIFO@rho1.2_rep4,4,RateFIFO@rho1.2,RateFIFO,1.2,reuse_intensive,dispatcher_arrival,43522,8,0,12523743054995375112,upsert,1789716490.9793572,1789716496.1058228,2048,64
20260726_formal4t4_reuse_intensive_RateFIFO@rho1.2_rep4,4,RateFIFO@rho1.2,RateFIFO,1.2,reuse_intensive,dispatcher_arrival,43522,12,0,9971321710674973507,upsert,1789716494.1239111,1789716500.8302786,2048,64
20260726_formal4t4_reuse_intensive_RateFIFO@rho1.2_rep4,4,RateFIFO@rho1.2,RateFIFO,1.2,reuse_intensive,dispatcher_arrival,43522,16,0,4650049274038987083,upsert,1789716497.5823777,1789716505.5839276,2048,64
20260726_formal4t4_reuse_intensive_RateFIFO@rho1.2_rep4,4,RateFIFO@rho1.2,RateFIFO,1.2,reuse_intensive,dispatcher_arrival,43522,20,0,3163096543987652428,upsert,1789716500.6516423,1789716505.584021,2048,64
20260726_formal4t4_reuse_intensive_RateFIFO@rho1.2_rep4,4,RateFIFO@rho1.2,RateFIFO,1.2,reuse_intensive,dispatcher_arrival,43522,24,0,10402019323283478844,upsert,1789716503.8301744,1789716509.3519974,2048,64
20260726_formal4t4_reuse_intensive_RateFIFO@rho1.2_rep4,4,RateFIFO@rho1.2,RateFIFO,1.2,reuse_intensive,dispatcher_arrival,43522,28,0,14064140743279553366,upsert,1789716506.8522904,1789716513.1491296,2048,64
20260726_formal4t4_reuse_intensive_RateFIFO@rho1.2_rep4,4,RateFIFO@rho1.2,RateFIFO,1.2,reuse_intensive,dispatcher_arrival,43522,32,0,12376960631178457983,upsert,1789716509.93803,1789716515.9897137,2048,64
20260726_formal4t4_reuse_intensive_RateFIFO@rho1.2_rep4,4,RateFIFO@rho1.2,RateFIFO,1.2,reuse_intensive,dispatcher_arrival,43522,36,0,947483498426156190,upsert,1789716512.7876062,1789716515.9898295,2048,64
20260726_formal4t4_reuse_intensive_RateFIFO@rho1.2_rep4,4,RateFIFO@rho1.2,RateFIFO,1.2,reuse_intensive,dispatcher_arrival,43522,40,0,3073007241776570211,upsert,1789716515.6500835,1789716519.7578945,2048,64
20260726_formal4t4_reuse_intensive_RateFIFO@rho1.2_rep4,4,RateFIFO@rho1.2,RateFIFO,1.2,reuse_intensive,dispatcher_arrival,43522,44,0,14108233664250482536,upsert,1789716518.7277803,1789716523.5549676,2048,64
20260726_formal4t4_reuse_intensive_RateFIFO@rho1.2_rep4,4,RateFIFO@rho1.2,RateFIFO,1.2,reuse_intensive,dispatcher_arrival,43522,48,0,14774026810505956694,upsert,1789716521.7742965,1789716526.3955684,2048,64
20260726_formal4t4_reuse_intensive_RateFIFO@rho1.2_rep4,4,RateFIFO@rho1.2,RateFIFO,1.2,reuse_intensive,dispatcher_arrival,43522,52,0,5281956220402968541,upsert,1789716524.878023,1789716529.2361014,2048,64
20260726_formal4t4_reuse_intensive_RateFIFO@rho1.2_rep4,4,RateFIFO@rho1.2,RateFIFO,1.2,reuse_intensive,dispatcher_arrival,43522,56,0,1785562587857272681,upsert,1789716528.1013658,1789716532.0766952,2048,64
20260726_formal4t4_reuse_intensive_RateFIFO@rho1.2_rep4,4,RateFIFO@rho1.2,RateFIFO,1.2,reuse_intensive,dispatcher_arrival,43522,60,0,1610475058989402671,upsert,1789716531.2538698,1789716534.9172585,2048,64
20260726_formal4t4_reuse_intensive_RateFIFO@rho1.2_rep4,4,RateFIFO@rho1.2,RateFIFO,1.2,reuse_intensive,dispatcher_arrival,43522,64,0,17730309890119328358,upsert,1789716536.0790293,1789716538.7143197,2048,64
20260726_formal4t4_reuse_intensive_RateFIFO@rho1.2_rep4,4,RateFIFO@rho1.2,RateFIFO,1.2,reuse_intensive,dispatcher_arrival,43522,68,0,12613465747135452669,upsert,1789716537.8512576,1789716540.5984008,2048,64
20260726_formal4t4_reuse_intensive_RateFIFO@rho1.2_rep4,4,RateFIFO@rho1.2,RateFIFO,1.2,reuse_intensive,dispatcher_arrival,43522,72,0,10402019323283478844,upsert,1789716539.6506944,1789716543.438948,2048,64
20260726_formal4t4_reuse_intensive_RateFIFO@rho1.2_rep4,4,RateFIFO@rho1.2,RateFIFO,1.2,reuse_intensive,dispatcher_arrival,43522,76,0,15769623694692820738,upsert,1789716541.4757364,1789716546.2795749,2048,64
20260726_formal4t4_reuse_intensive_RateFIFO@rho1.2_rep4,4,RateFIFO@rho1.2,RateFIFO,1.2,reuse_intensive,dispatcher_arrival,43522,80,0,3163096543987652428,upsert,1789716543.2564719,1789716546.279661,2048,64
20260726_formal4t4_reuse_intensive_RateFIFO@rho1.2_rep4,4,RateFIFO@rho1.2,RateFIFO,1.2,reuse_intensive,dispatcher_arrival,43522,84,0,15769623694692820738,upsert,1789716545.1112835,1789716550.0476632,2048,64
20260726_formal4t4_reuse_intensive_RateFIFO@rho1.2_rep4,4,RateFIFO@rho1.2,RateFIFO,1.2,reuse_intensive,dispatcher_arrival,43522,88,3,13063325218966850298,upsert,1789716548.1934068,1789716552.8882859,2048,64
20260726_formal4t4_reuse_intensive_RateFIFO@rho1.2_rep4,4,RateFIFO@rho1.2,RateFIFO,1.2,reuse_intensive,dispatcher_arrival,43522,92,0,15769623694692820738,upsert,1789716551.2397184,1789716555.7288454,2048,64
20260726_formal4t4_reuse_intensive_RateFIFO@rho1.2_rep4,4,RateFIFO@rho1.2,RateFIFO,1.2,reuse_intensive,dispatcher_arrival,43522,96,0,1610475058989402671,upsert,1789716554.6357815,1789716558.5694034,2048,64
20260726_formal4t4_reuse_intensive_RateFIFO@rho1.2_rep4,4,RateFIFO@rho1.2,RateFIFO,1.2,reuse_intensive,dispatcher_arrival,43522,100,0,15769623694692820738,upsert,1789716557.1296248,1789716561.4099782,2048,64
20260726_formal4t4_reuse_intensive_RateFIFO@rho1.2_rep4,4,RateFIFO@rho1.2,RateFIFO,1.2,reuse_intensive,dispatcher_arrival,43522,104,2,7230541217248033124,upsert,1789716560.1114793,1789716564.2505596,2048,64
20260726_formal4t4_reuse_intensive_RateFIFO@rho1.2_rep4,4,RateFIFO@rho1.2,RateFIFO,1.2,reuse_intensive,dispatcher_arrival,43522,108,0,4650049274038987083,upsert,1789716563.2130601,1789716567.0911539,2048,64
20260726_formal4t4_reuse_intensive_RateFIFO@rho1.2_rep4,4,RateFIFO@rho1.2,RateFIFO,1.2,reuse_intensive,dispatcher_arrival,43522,112,0,15769623694692820738,upsert,1789716566.044137,1789716569.9317148,2048,64
20260726_formal4t4_reuse_intensive_RateFIFO@rho1.2_rep4,4,RateFIFO@rho1.2,RateFIFO,1.2,reuse_intensive,dispatcher_arrival,43522,116,2,13367182244321225226,upsert,1789716569.180764,1789716572.7723427,2048,64
20260726_formal4t4_reuse_intensive_RateFIFO@rho1.2_rep4,4,RateFIFO@rho1.2,RateFIFO,1.2,reuse_intensive,dispatcher_arrival,43522,120,1,15896935204827133999,upsert,1789716572.4444287,1789716575.612899,2048,64
20260726_formal4t4_reuse_intensive_RateFIFO@rho1.2_rep4,4,RateFIFO@rho1.2,RateFIFO,1.2,reuse_intensive,dispatcher_arrival,43522,124,0,11821849661176330329,upsert,1789716575.775661,1789716579.4099658,2048,64
20260726_formal4t4_reuse_intensive_RateFIFO@rho1.2_rep4,4,RateFIFO@rho1.2,RateFIFO,1.2,reuse_intensive,dispatcher_arrival,43522,128,0,17846715708891391149,upsert,1789716578.7912912,1789716581.2940428,2048,64
20260726_formal4t4_reuse_intensive_RateFIFO@rho1.2_rep4,4,RateFIFO@rho1.2,RateFIFO,1.2,reuse_intensive,dispatcher_arrival,43522,132,0,17846715708891391149,upsert,1789716581.7113824,1789716585.0911543,2048,64
20260726_formal4t4_reuse_intensive_RateFIFO@rho1.2_rep4,4,RateFIFO@rho1.2,RateFIFO,1.2,reuse_intensive,dispatcher_arrival,43522,136,0,17846715708891391149,upsert,1789716584.0809338,1789716586.9752123,2048,64
20260726_formal4t4_reuse_intensive_RateFIFO@rho1.2_rep4,4,RateFIFO@rho1.2,RateFIFO,1.2,reuse_intensive,dispatcher_arrival,43522,140,2,11592361518825428217,upsert,1789716587.4698677,1789716590.7722955,2048,64
20260726_formal4t4_reuse_intensive_RateFIFO@rho1.2_rep4,4,RateFIFO@rho1.2,RateFIFO,1.2,reuse_intensive,dispatcher_arrival,43522,144,0,17846715708891391149,upsert,1789716588.4377518,1789716592.6563606,2048,64
20260726_formal4t4_reuse_intensive_RateFIFO@rho1.2_rep4,4,RateFIFO@rho1.2,RateFIFO,1.2,reuse_intensive,dispatcher_arrival,43522,148,0,17846715708891391149,upsert,1789716589.8219218,1789716592.6564565,2048,64
20260726_formal4t4_reuse_intensive_RateFIFO@rho1.2_rep4,4,RateFIFO@rho1.2,RateFIFO,1.2,reuse_intensive,dispatcher_arrival,43522,152,3,594533630581776597,upsert,1789716592.9878726,1789716597.3809903,2048,64
20260726_formal4t4_reuse_intensive_RateFIFO@rho1.2_rep4,4,RateFIFO@rho1.2,RateFIFO,1.2,reuse_intensive,dispatcher_arrival,43522,156,0,17846715708891391149,upsert,1789716596.0340595,1789716599.265027,2048,64
20260726_formal4t4_reuse_intensive_RateFIFO@rho1.2_rep4,4,RateFIFO@rho1.2,RateFIFO,1.2,reuse_intensive,dispatcher_arrival,43522,160,0,2615785228242663478,upsert,1789716599.8714385,1789716603.0621693,2048,64
20260726_formal4t4_reuse_intensive_RateFIFO@rho1.2_rep4,4,RateFIFO@rho1.2,RateFIFO,1.2,reuse_intensive,dispatcher_arrival,43522,164,0,17846715708891391149,upsert,1789716602.9913328,1789716604.9463334,2048,64
20260726_formal4t4_reuse_intensive_RateFIFO@rho1.2_rep4,4,RateFIFO@rho1.2,RateFIFO,1.2,reuse_intensive,dispatcher_arrival,43522,168,0,17846715708891391149,upsert,1789716605.8346972,1789716608.7433045,2048,64
20260726_formal4t4_reuse_intensive_RateFIFO@rho1.2_rep4,4,RateFIFO@rho1.2,RateFIFO,1.2,reuse_intensive,dispatcher_arrival,43522,172,0,17846715708891391149,upsert,1789716609.1835375,1789716611.5839176,2048,64
20260726_formal4t4_reuse_intensive_RateFIFO@rho1.2_rep4,4,RateFIFO@rho1.2,RateFIFO,1.2,reuse_intensive,dispatcher_arrival,43522,176,0,17846715708891391149,upsert,1789716612.1321077,1789716614.4244854,2048,64
20260726_formal4t4_reuse_intensive_RateFIFO@rho1.2_rep4,4,RateFIFO@rho1.2,RateFIFO,1.2,reuse_intensive,dispatcher_arrival,43522,180,2,13844655051170110805,upsert,1789716613.251282,1789716616.3085012,2048,64
20260726_formal4t4_reuse_intensive_Ideal_rep4,4,Ideal,Ideal,,reuse_intensive,dispatcher_arrival,43522,0,0,15769623694692820738,upsert,1789716485.210459,1789716494.221602,2048,64
20260726_formal4t4_reuse_intensive_Ideal_rep4,4,Ideal,Ideal,,reuse_intensive,dispatcher_arrival,43522,4,0,12613465747135452669,upsert,1789716488.048414,1789716496.1057155,2048,64
20260726_formal4t4_reuse_intensive_Ideal_rep4,4,Ideal,Ideal,,reuse_intensive,dispatcher_arrival,43522,8,0,12523743054995375112,upsert,1789716490.9793572,1789716496.1058228,2048,64
20260726_formal4t4_reuse_intensive_Ideal_rep4,4,Ideal,Ideal,,reuse_intensive,dispatcher_arrival,43522,12,0,9971321710674973507,upsert,1789716494.1239111,1789716500.8302786,2048,64
20260726_formal4t4_reuse_intensive_Ideal_rep4,4,Ideal,Ideal,,reuse_intensive,dispatcher_arrival,43522,16,0,4650049274038987083,upsert,1789716497.5823777,1789716505.5839276,2048,64
20260726_formal4t4_reuse_intensive_Ideal_rep4,4,Ideal,Ideal,,reuse_intensive,dispatcher_arrival,43522,20,0,3163096543987652428,upsert,1789716500.6516423,1789716505.584021,2048,64
20260726_formal4t4_reuse_intensive_Ideal_rep4,4,Ideal,Ideal,,reuse_intensive,dispatcher_arrival,43522,24,0,10402019323283478844,upsert,1789716503.8301744,1789716509.3519974,2048,64
20260726_formal4t4_reuse_intensive_Ideal_rep4,4,Ideal,Ideal,,reuse_intensive,dispatcher_arrival,43522,28,0,14064140743279553366,upsert,1789716506.8522904,1789716513.1491296,2048,64
20260726_formal4t4_reuse_intensive_Ideal_rep4,4,Ideal,Ideal,,reuse_intensive,dispatcher_arrival,43522,32,0,12376960631178457983,upsert,1789716509.93803,1789716515.9897137,2048,64
20260726_formal4t4_reuse_intensive_Ideal_rep4,4,Ideal,Ideal,,reuse_intensive,dispatcher_arrival,43522,36,0,947483498426156190,upsert,1789716512.7876062,1789716515.9898295,2048,64
20260726_formal4t4_reuse_intensive_Ideal_rep4,4,Ideal,Ideal,,reuse_intensive,dispatcher_arrival,43522,40,0,3073007241776570211,upsert,1789716515.6500835,1789716519.7578945,2048,64
20260726_formal4t4_reuse_intensive_Ideal_rep4,4,Ideal,Ideal,,reuse_intensive,dispatcher_arrival,43522,44,0,14108233664250482536,upsert,1789716518.7277803,1789716523.5549676,2048,64
20260726_formal4t4_reuse_intensive_Ideal_rep4,4,Ideal,Ideal,,reuse_intensive,dispatcher_arrival,43522,48,0,14774026810505956694,upsert,1789716521.7742965,1789716526.3955684,2048,64
20260726_formal4t4_reuse_intensive_Ideal_rep4,4,Ideal,Ideal,,reuse_intensive,dispatcher_arrival,43522,52,0,5281956220402968541,upsert,1789716524.878023,1789716529.2361014,2048,64
20260726_formal4t4_reuse_intensive_Ideal_rep4,4,Ideal,Ideal,,reuse_intensive,dispatcher_arrival,43522,56,0,1785562587857272681,upsert,1789716528.1013658,1789716532.0766952,2048,64
20260726_formal4t4_reuse_intensive_Ideal_rep4,4,Ideal,Ideal,,reuse_intensive,dispatcher_arrival,43522,60,0,1610475058989402671,upsert,1789716531.2538698,1789716534.9172585,2048,64
20260726_formal4t4_reuse_intensive_Ideal_rep4,4,Ideal,Ideal,,reuse_intensive,dispatcher_arrival,43522,64,0,17730309890119328358,upsert,1789716536.0790293,1789716538.7143197,2048,64
20260726_formal4t4_reuse_intensive_Ideal_rep4,4,Ideal,Ideal,,reuse_intensive,dispatcher_arrival,43522,68,0,12613465747135452669,upsert,1789716537.8512576,1789716540.5984008,2048,64
20260726_formal4t4_reuse_intensive_Ideal_rep4,4,Ideal,Ideal,,reuse_intensive,dispatcher_arrival,43522,72,0,10402019323283478844,upsert,1789716539.6506944,1789716543.438948,2048,64
20260726_formal4t4_reuse_intensive_Ideal_rep4,4,Ideal,Ideal,,reuse_intensive,dispatcher_arrival,43522,76,0,15769623694692820738,upsert,1789716541.4757364,1789716546.2795749,2048,64
20260726_formal4t4_reuse_intensive_Ideal_rep4,4,Ideal,Ideal,,reuse_intensive,dispatcher_arrival,43522,80,0,3163096543987652428,upsert,1789716543.2564719,1789716546.279661,2048,64
20260726_formal4t4_reuse_intensive_Ideal_rep4,4,Ideal,Ideal,,reuse_intensive,dispatcher_arrival,43522,84,0,15769623694692820738,upsert,1789716545.1112835,1789716550.0476632,2048,64
20260726_formal4t4_reuse_intensive_Ideal_rep4,4,Ideal,Ideal,,reuse_intensive,dispatcher_arrival,43522,88,3,13063325218966850298,upsert,1789716548.1934068,1789716552.8882859,2048,64
20260726_formal4t4_reuse_intensive_Ideal_rep4,4,Ideal,Ideal,,reuse_intensive,dispatcher_arrival,43522,92,0,15769623694692820738,upsert,1789716551.2397184,1789716555.7288454,2048,64
20260726_formal4t4_reuse_intensive_Ideal_rep4,4,Ideal,Ideal,,reuse_intensive,dispatcher_arrival,43522,96,0,1610475058989402671,upsert,1789716554.6357815,1789716558.5694034,2048,64
20260726_formal4t4_reuse_intensive_Ideal_rep4,4,Ideal,Ideal,,reuse_intensive,dispatcher_arrival,43522,100,0,15769623694692820738,upsert,1789716557.1296248,1789716561.4099782,2048,64
20260726_formal4t4_reuse_intensive_Ideal_rep4,4,Ideal,Ideal,,reuse_intensive,dispatcher_arrival,43522,104,2,7230541217248033124,upsert,1789716560.1114793,1789716564.2505596,2048,64
20260726_formal4t4_reuse_intensive_Ideal_rep4,4,Ideal,Ideal,,reuse_intensive,dispatcher_arrival,43522,108,0,4650049274038987083,upsert,1789716563.2130601,1789716567.0911539,2048,64
20260726_formal4t4_reuse_intensive_Ideal_rep4,4,Ideal,Ideal,,reuse_intensive,dispatcher_arrival,43522,112,0,15769623694692820738,upsert,1789716566.044137,1789716569.9317148,2048,64
20260726_formal4t4_reuse_intensive_Ideal_rep4,4,Ideal,Ideal,,reuse_intensive,dispatcher_arrival,43522,116,2,13367182244321225226,upsert,1789716569.180764,1789716572.7723427,2048,64
20260726_formal4t4_reuse_intensive_Ideal_rep4,4,Ideal,Ideal,,reuse_intensive,dispatcher_arrival,43522,120,1,15896935204827133999,upsert,1789716572.4444287,1789716575.612899,2048,64
20260726_formal4t4_reuse_intensive_Ideal_rep4,4,Ideal,Ideal,,reuse_intensive,dispatcher_arrival,43522,124,0,11821849661176330329,upsert,1789716575.775661,1789716579.4099658,2048,64
20260726_formal4t4_reuse_intensive_Ideal_rep4,4,Ideal,Ideal,,reuse_intensive,dispatcher_arrival,43522,128,0,17846715708891391149,upsert,1789716578.7912912,1789716581.2940428,2048,64
20260726_formal4t4_reuse_intensive_Ideal_rep4,4,Ideal,Ideal,,reuse_intensive,dispatcher_arrival,43522,132,0,17846715708891391149,upsert,1789716581.7113824,1789716585.0911543,2048,64
20260726_formal4t4_reuse_intensive_Ideal_rep4,4,Ideal,Ideal,,reuse_intensive,dispatcher_arrival,43522,136,0,17846715708891391149,upsert,1789716584.0809338,1789716586.9752123,2048,64
20260726_formal4t4_reuse_intensive_Ideal_rep4,4,Ideal,Ideal,,reuse_intensive,dispatcher_arrival,43522,140,2,11592361518825428217,upsert,1789716587.4698677,1789716590.7722955,2048,64
20260726_formal4t4_reuse_intensive_Ideal_rep4,4,Ideal,Ideal,,reuse_intensive,dispatcher_arrival,43522,144,0,17846715708891391149,upsert,1789716588.4377518,1789716592.6563606,2048,64
20260726_formal4t4_reuse_intensive_Ideal_rep4,4,Ideal,Ideal,,reuse_intensive,dispatcher_arrival,43522,148,0,17846715708891391149,upsert,1789716589.8219218,1789716592.6564565,2048,64
20260726_formal4t4_reuse_intensive_Ideal_rep4,4,Ideal,Ideal,,reuse_intensive,dispatcher_arrival,43522,152,3,594533630581776597,upsert,1789716592.9878726,1789716597.3809903,2048,64
20260726_formal4t4_reuse_intensive_Ideal_rep4,4,Ideal,Ideal,,reuse_intensive,dispatcher_arrival,43522,156,0,17846715708891391149,upsert,1789716596.0340595,1789716599.265027,2048,64
20260726_formal4t4_reuse_intensive_Ideal_rep4,4,Ideal,Ideal,,reuse_intensive,dispatcher_arrival,43522,160,0,2615785228242663478,upsert,1789716599.8714385,1789716603.0621693,2048,64
20260726_formal4t4_reuse_intensive_Ideal_rep4,4,Ideal,Ideal,,reuse_intensive,dispatcher_arrival,43522,164,0,17846715708891391149,upsert,1789716602.9913328,1789716604.9463334,2048,64
20260726_formal4t4_reuse_intensive_Ideal_rep4,4,Ideal,Ideal,,reuse_intensive,dispatcher_arrival,43522,168,0,17846715708891391149,upsert,1789716605.8346972,1789716608.7433045,2048,64
20260726_formal4t4_reuse_intensive_Ideal_rep4,4,Ideal,Ideal,,reuse_intensive,dispatcher_arrival,43522,172,0,17846715708891391149,upsert,1789716609.1835375,1789716611.5839176,2048,64
20260726_formal4t4_reuse_intensive_Ideal_rep4,4,Ideal,Ideal,,reuse_intensive,dispatcher_arrival,43522,176,0,17846715708891391149,upsert,1789716612.1321077,1789716614.4244854,2048,64
20260726_formal4t4_reuse_intensive_Ideal_rep4,4,Ideal,Ideal,,reuse_intensive,dispatcher_arrival,43522,180,2,13844655051170110805,upsert,1789716613.251282,1789716616.3085012,2048,64
20260726_formal4t4_reuse_intensive_StaticSemantic@rho1.2_rep4,4,StaticSemantic@rho1.2,StaticSemantic,1.2,reuse_intensive,dispatcher_arrival,43524,0,0,15769623694692820738,upsert,1789716745.6383033,1789716745.641172,2048,64
20260726_formal4t4_reuse_intensive_StaticSemantic@rho1.2_rep4,4,StaticSemantic@rho1.2,StaticSemantic,1.2,reuse_intensive,dispatcher_arrival,43524,2,2,15769623694692820738,upsert,1789716745.6384487,1789716745.64127,2048,64
20260726_formal4t4_reuse_intensive_StaticSemantic@rho1.2_rep4,4,StaticSemantic@rho1.2,StaticSemantic,1.2,reuse_intensive,dispatcher_arrival,43524,4,0,12613465747135452669,upsert,1789716748.5359173,1789716748.539001,2048,64
20260726_formal4t4_reuse_intensive_StaticSemantic@rho1.2_rep4,4,StaticSemantic@rho1.2,StaticSemantic,1.2,reuse_intensive,dispatcher_arrival,43524,5,1,12613465747135452669,upsert,1789716748.5360112,1789716748.5390818,2048,64
20260726_formal4t4_reuse_intensive_StaticSemantic@rho1.2_rep4,4,StaticSemantic@rho1.2,StaticSemantic,1.2,reuse_intensive,dispatcher_arrival,43524,8,0,12523743054995375112,upsert,1789716751.4870207,1789716751.48831,2048,64
20260726_formal4t4_reuse_intensive_StaticSemantic@rho1.2_rep4,4,StaticSemantic@rho1.2,StaticSemantic,1.2,reuse_intensive,dispatcher_arrival,43524,11,3,12523743054995375112,upsert,1789716751.4871128,1789716751.4885077,2048,64
20260726_formal4t4_reuse_intensive_StaticSemantic@rho1.2_rep4,4,StaticSemantic@rho1.2,StaticSemantic,1.2,reuse_intensive,dispatcher_arrival,43524,12,0,9971321710674973507,upsert,1789716754.613261,1789716754.6145036,2048,64
20260726_formal4t4_reuse_intensive_StaticSemantic@rho1.2_rep4,4,StaticSemantic@rho1.2,StaticSemantic,1.2,reuse_intensive,dispatcher_arrival,43524,15,3,9971321710674973507,upsert,1789716754.6133506,1789716754.6147761,2048,64
20260726_formal4t4_reuse_intensive_StaticSemantic@rho1.2_rep4,4,StaticSemantic@rho1.2,StaticSemantic,1.2,reuse_intensive,dispatcher_arrival,43524,16,0,4650049274038987083,upsert,1789716757.6990287,1789716757.7002668,2048,64
20260726_formal4t4_reuse_intensive_StaticSemantic@rho1.2_rep4,4,StaticSemantic@rho1.2,StaticSemantic,1.2,reuse_intensive,dispatcher_arrival,43524,19,3,4650049274038987083,upsert,1789716757.6991127,1789716757.7004511,2048,64
20260726_formal4t4_reuse_intensive_StaticSemantic@rho1.2_rep4,4,StaticSemantic@rho1.2,StaticSemantic,1.2,reuse_intensive,dispatcher_arrival,43524,20,0,3163096543987652428,upsert,1789716760.5142636,1789716760.5172217,2048,64
20260726_formal4t4_reuse_intensive_StaticSemantic@rho1.2_rep4,4,StaticSemantic@rho1.2,StaticSemantic,1.2,reuse_intensive,dispatcher_arrival,43524,23,3,3163096543987652428,upsert,1789716760.51445,1789716760.5173104,2048,64
20260726_formal4t4_reuse_intensive_StaticSemantic@rho1.2_rep4,4,StaticSemantic@rho1.2,StaticSemantic,1.2,reuse_intensive,dispatcher_arrival,43524,24,0,10402019323283478844,upsert,1789716763.5672758,1789716763.5702667,2048,64
20260726_formal4t4_reuse_intensive_StaticSemantic@rho1.2_rep4,4,StaticSemantic@rho1.2,StaticSemantic,1.2,reuse_intensive,dispatcher_arrival,43524,27,3,10402019323283478844,upsert,1789716763.5674539,1789716763.5703554,2048,64
20260726_formal4t4_reuse_intensive_StaticSemantic@rho1.2_rep4,4,StaticSemantic@rho1.2,StaticSemantic,1.2,reuse_intensive,dispatcher_arrival,43524,28,0,14064140743279553366,upsert,1789716766.6296327,1789716766.6325936,2048,64
20260726_formal4t4_reuse_intensive_StaticSemantic@rho1.2_rep4,4,StaticSemantic@rho1.2,StaticSemantic,1.2,reuse_intensive,dispatcher_arrival,43524,31,3,14064140743279553366,upsert,1789716766.6298144,1789716766.6326637,2048,64
20260726_formal4t4_reuse_intensive_StaticSemantic@rho1.2_rep4,4,StaticSemantic@rho1.2,StaticSemantic,1.2,reuse_intensive,dispatcher_arrival,43524,32,0,12376960631178457983,upsert,1789716769.6647809,1789716774.241646,2048,64
20260726_formal4t4_reuse_intensive_StaticSemantic@rho1.2_rep4,4,StaticSemantic@rho1.2,StaticSemantic,1.2,reuse_intensive,dispatcher_arrival,43524,35,3,12376960631178457983,upsert,1789716769.6649623,1789716776.1819491,2048,64
20260726_formal4t4_reuse_intensive_StaticSemantic@rho1.2_rep4,4,StaticSemantic@rho1.2,StaticSemantic,1.2,reuse_intensive,dispatcher_arrival,43524,36,0,947483498426156190,upsert,1789716772.721433,1789716780.062588,2048,64
20260726_formal4t4_reuse_intensive_StaticSemantic@rho1.2_rep4,4,StaticSemantic@rho1.2,StaticSemantic,1.2,reuse_intensive,dispatcher_arrival,43524,39,3,947483498426156190,upsert,1789716772.7216153,1789716780.0626345,2048,64
20260726_formal4t4_reuse_intensive_StaticSemantic@rho1.2_rep4,4,StaticSemantic@rho1.2,StaticSemantic,1.2,reuse_intensive,dispatcher_arrival,43524,40,0,3073007241776570211,upsert,1789716775.5916505,1789716787.0475779,2048,64
20260726_formal4t4_reuse_intensive_StaticSemantic@rho1.2_rep4,4,StaticSemantic@rho1.2,StaticSemantic,1.2,reuse_intensive,dispatcher_arrival,43524,42,2,3073007241776570211,upsert,1789716775.5917923,1789716790.152071,2048,64
20260726_formal4t4_reuse_intensive_StaticSemantic@rho1.2_rep4,4,StaticSemantic@rho1.2,StaticSemantic,1.2,reuse_intensive,dispatcher_arrival,43524,44,0,14108233664250482536,upsert,1789716778.525336,1789716794.2416403,2048,64
20260726_formal4t4_reuse_intensive_StaticSemantic@rho1.2_rep4,4,StaticSemantic@rho1.2,StaticSemantic,1.2,reuse_intensive,dispatcher_arrival,43524,47,3,14108233664250482536,upsert,1789716778.5255208,1789716794.2417235,2048,64
20260726_formal4t4_reuse_intensive_StaticSemantic@rho1.2_rep4,4,StaticSemantic@rho1.2,StaticSemantic,1.2,reuse_intensive,dispatcher_arrival,43524,48,0,14774026810505956694,upsert,1789716781.758097,1789716798.1222436,2048,64
20260726_formal4t4_reuse_intensive_StaticSemantic@rho1.2_rep4,4,StaticSemantic@rho1.2,StaticSemantic,1.2,reuse_intensive,dispatcher_arrival,43524,50,2,14774026810505956694,upsert,1789716781.7582622,1789716801.0476072,2048,64
20260726_formal4t4_reuse_intensive_StaticSemantic@rho1.2_rep4,4,StaticSemantic@rho1.2,StaticSemantic,1.2,reuse_intensive,dispatcher_arrival,43524,52,0,5281956220402968541,upsert,1789716784.5516217,1789716804.9580474,2048,64
20260726_formal4t4_reuse_intensive_StaticSemantic@rho1.2_rep4,4,StaticSemantic@rho1.2,StaticSemantic,1.2,reuse_intensive,dispatcher_arrival,43524,53,1,5281956220402968541,upsert,1789716784.5517254,1789716804.9581296,2048,64
20260726_formal4t4_reuse_intensive_StaticSemantic@rho1.2_rep4,4,StaticSemantic@rho1.2,StaticSemantic,1.2,reuse_intensive,dispatcher_arrival,43524,56,0,1785562587857272681,upsert,1789716787.720081,1789716808.8386784,2048,64
20260726_formal4t4_reuse_intensive_StaticSemantic@rho1.2_rep4,4,StaticSemantic@rho1.2,StaticSemantic,1.2,reuse_intensive,dispatcher_arrival,43524,59,3,1785562587857272681,upsert,1789716787.7202818,1789716811.7639852,2048,64
20260726_formal4t4_reuse_intensive_StaticSemantic@rho1.2_rep4,4,StaticSemantic@rho1.2,StaticSemantic,1.2,reuse_intensive,dispatcher_arrival,43524,60,0,1610475058989402671,upsert,1789716790.7712142,1789716815.6744428,2048,64
20260726_formal4t4_reuse_intensive_StaticSemantic@rho1.2_rep4,4,StaticSemantic@rho1.2,StaticSemantic,1.2,reuse_intensive,dispatcher_arrival,43524,63,3,1610475058989402671,upsert,1789716790.7713928,1789716815.6745396,2048,64
20260726_formal4t4_reuse_intensive_StaticSemantic@rho1.2_rep4,4,StaticSemantic@rho1.2,StaticSemantic,1.2,reuse_intensive,dispatcher_arrival,43524,64,0,17730309890119328358,upsert,1789716793.6657522,1789716819.555091,2048,64
20260726_formal4t4_reuse_intensive_StaticSemantic@rho1.2_rep4,4,StaticSemantic@rho1.2,StaticSemantic,1.2,reuse_intensive,dispatcher_arrival,43524,65,1,12613465747135452669,upsert,1789716793.6658523,1789716822.4804,2048,64
20260726_formal4t4_reuse_intensive_StaticSemantic@rho1.2_rep4,4,StaticSemantic@rho1.2,StaticSemantic,1.2,reuse_intensive,dispatcher_arrival,43524,77,0,3163096543987652428,upsert,1789716796.5272768,1789716826.390865,2048,64
20260726_formal4t4_reuse_intensive_StaticSemantic@rho1.2_rep4,4,StaticSemantic@rho1.2,StaticSemantic,1.2,reuse_intensive,dispatcher_arrival,43524,80,3,3163096543987652428,upsert,1789716797.5482225,1789716826.3909533,2048,64
20260726_formal4t4_reuse_intensive_StaticSemantic@rho1.2_rep4,4,StaticSemantic@rho1.2,StaticSemantic,1.2,reuse_intensive,dispatcher_arrival,43524,83,3,14064140743279553366,upsert,1789716797.5484095,1789716830.27144,2048,64
20260726_formal4t4_reuse_intensive_StaticSemantic@rho1.2_rep4,4,StaticSemantic@rho1.2,StaticSemantic,1.2,reuse_intensive,dispatcher_arrival,43524,86,0,12376960631178457983,upsert,1789716798.3001976,1789716833.1969094,2048,64
20260726_formal4t4_reuse_intensive_StaticSemantic@rho1.2_rep4,4,StaticSemantic@rho1.2,StaticSemantic,1.2,reuse_intensive,dispatcher_arrival,43524,88,2,13063325218966850298,upsert,1789716801.4069397,1789716836.122275,2048,64
20260726_formal4t4_reuse_intensive_StaticSemantic@rho1.2_rep4,4,StaticSemantic@rho1.2,StaticSemantic,1.2,reuse_intensive,dispatcher_arrival,43524,89,0,12613465747135452669,upsert,1789716801.4072695,1789716836.1223636,2048,64
20260726_formal4t4_reuse_intensive_StaticSemantic@rho1.2_rep4,4,StaticSemantic@rho1.2,StaticSemantic,1.2,reuse_intensive,dispatcher_arrival,43524,91,0,14064140743279553366,upsert,1789716801.4078238,1789716840.0027966,2048,64
20260726_formal4t4_reuse_intensive_StaticSemantic@rho1.2_rep4,4,StaticSemantic@rho1.2,StaticSemantic,1.2,reuse_intensive,dispatcher_arrival,43524,93,2,9417075026054648240,upsert,1789716804.2074401,1789716842.928188,2048,64
20260726_formal4t4_reuse_intensive_StaticSemantic@rho1.2_rep4,4,StaticSemantic@rho1.2,StaticSemantic,1.2,reuse_intensive,dispatcher_arrival,43524,94,3,10402019323283478844,upsert,1789716804.2076726,1789716846.8386345,2048,64
20260726_formal4t4_reuse_intensive_StaticSemantic@rho1.2_rep4,4,StaticSemantic@rho1.2,StaticSemantic,1.2,reuse_intensive,dispatcher_arrival,43524,95,3,14108233664250482536,upsert,1789716804.2078876,1789716846.8387268,2048,64
20260726_formal4t4_reuse_intensive_StaticSemantic@rho1.2_rep4,4,StaticSemantic@rho1.2,StaticSemantic,1.2,reuse_intensive,dispatcher_arrival,43524,96,0,1610475058989402671,upsert,1789716807.6905978,1789716850.7192647,2048,64
20260726_formal4t4_reuse_intensive_StaticSemantic@rho1.2_rep4,4,StaticSemantic@rho1.2,StaticSemantic,1.2,reuse_intensive,dispatcher_arrival,43524,97,2,16048794067380282208,upsert,1789716807.690895,1789716853.6445918,2048,64
20260726_formal4t4_reuse_intensive_StaticSemantic@rho1.2_rep4,4,StaticSemantic@rho1.2,StaticSemantic,1.2,reuse_intensive,dispatcher_arrival,43524,98,2,3073007241776570211,upsert,1789716807.6911228,1789716856.5699968,2048,64
20260726_formal4t4_reuse_intensive_StaticSemantic@rho1.2_rep4,4,StaticSemantic@rho1.2,StaticSemantic,1.2,reuse_intensive,dispatcher_arrival,43524,99,1,8862197794517271531,upsert,1789716807.6914146,1789716856.570082,2048,64
20260726_formal4t4_reuse_intensive_StaticSemantic@rho1.2_rep4,4,StaticSemantic@rho1.2,StaticSemantic,1.2,reuse_intensive,dispatcher_arrival,43524,102,3,947483498426156190,upsert,1789716810.8518045,1789716860.4505684,2048,64
20260726_formal4t4_reuse_intensive_StaticSemantic@rho1.2_rep4,4,StaticSemantic@rho1.2,StaticSemantic,1.2,reuse_intensive,dispatcher_arrival,43524,104,0,7230541217248033124,upsert,1789716814.530129,1789716863.3760295,2048,64
20260726_formal4t4_reuse_intensive_StaticSemantic@rho1.2_rep4,4,StaticSemantic@rho1.2,StaticSemantic,1.2,reuse_intensive,dispatcher_arrival,43524,105,3,12523743054995375112,upsert,1789716814.530463,1789716866.3013248,2048,64
20260726_formal4t4_reuse_intensive_StaticSemantic@rho1.2_rep4,4,StaticSemantic@rho1.2,StaticSemantic,1.2,reuse_intensive,dispatcher_arrival,43524,106,0,14108233664250482536,upsert,1789716814.5306976,1789716866.3014092,2048,64
20260726_formal4t4_reuse_intensive_StaticSemantic@rho1.2_rep4,4,StaticSemantic@rho1.2,StaticSemantic,1.2,reuse_intensive,dispatcher_arrival,43524,107,2,13367182244321225226,upsert,1789716814.530908,1789716870.1818902,2048,64
20260726_formal4t4_reuse_intensive_StaticSemantic@rho1.2_rep4,4,StaticSemantic@rho1.2,StaticSemantic,1.2,reuse_intensive,dispatcher_arrival,43524,110,0,16954395879792744941,upsert,1789716818.2169762,1789716873.107304,2048,64
20260726_formal4t4_reuse_intensive_StaticSemantic@rho1.2_rep4,4,StaticSemantic@rho1.2,StaticSemantic,1.2,reuse_intensive,dispatcher_arrival,43524,115,3,13143428811662154315,upsert,1789716821.2209272,1789716876.0326815,2048,64
20260726_formal4t4_reuse_intensive_StaticSemantic@rho1.2_rep4,4,StaticSemantic@rho1.2,StaticSemantic,1.2,reuse_intensive,dispatcher_arrival,43524,116,0,13367182244321225226,upsert,1789716824.6969187,1789716876.0327818,2048,64
20260726_formal4t4_reuse_intensive_StaticSemantic@rho1.2_rep4,4,StaticSemantic@rho1.2,StaticSemantic,1.2,reuse_intensive,dispatcher_arrival,43524,117,3,4650049274038987083,upsert,1789716824.6972404,1789716879.9132938,2048,64
20260726_formal4t4_reuse_intensive_StaticSemantic@rho1.2_rep4,4,StaticSemantic@rho1.2,StaticSemantic,1.2,reuse_intensive,dispatcher_arrival,43524,118,2,15769623694692820738,upsert,1789716824.697475,1789716882.838624,2048,64
20260726_formal4t4_reuse_intensive_StaticSemantic@rho1.2_rep4,4,StaticSemantic@rho1.2,StaticSemantic,1.2,reuse_intensive,dispatcher_arrival,43524,119,0,15769623694692820738,upsert,1789716824.6976883,1789716885.7640054,2048,64
20260726_formal4t4_reuse_intensive_StaticSemantic@rho1.2_rep4,4,StaticSemantic@rho1.2,StaticSemantic,1.2,reuse_intensive,dispatcher_arrival,43524,120,3,15896935204827133999,upsert,1789716828.000249,1789716885.7640975,2048,64
20260726_formal4t4_reuse_intensive_StaticSemantic@rho1.2_rep4,4,StaticSemantic@rho1.2,StaticSemantic,1.2,reuse_intensive,dispatcher_arrival,43524,121,0,3163096543987652428,upsert,1789716828.0005538,1789716889.644609,2048,64
20260726_formal4t4_reuse_intensive_StaticSemantic@rho1.2_rep4,4,StaticSemantic@rho1.2,StaticSemantic,1.2,reuse_intensive,dispatcher_arrival,43524,122,1,12613465747135452669,upsert,1789716828.0007865,1789716892.5700014,2048,64
20260726_formal4t4_reuse_intensive_StaticSemantic@rho1.2_rep4,4,StaticSemantic@rho1.2,StaticSemantic,1.2,reuse_intensive,dispatcher_arrival,43524,123,3,1610475058989402671,upsert,1789716828.0009973,1789716895.4953494,2048,64
20260726_formal4t4_reuse_intensive_StaticSemantic@rho1.2_rep4,4,StaticSemantic@rho1.2,StaticSemantic,1.2,reuse_intensive,dispatcher_arrival,43524,124,2,11821849661176330329,upsert,1789716831.089859,1789716895.495451,2048,64
20260726_formal4t4_reuse_intensive_StaticSemantic@rho1.2_rep4,4,StaticSemantic@rho1.2,StaticSemantic,1.2,reuse_intensive,dispatcher_arrival,43524,127,1,16959770370201147106,upsert,1789716831.0907536,1789716899.3759067,2048,64
20260726_formal4t4_reuse_intensive_StaticSemantic@rho1.2_rep4,4,StaticSemantic@rho1.2,StaticSemantic,1.2,reuse_intensive,dispatcher_arrival,43524,133,1,16236083247640581049,upsert,1789716836.500965,1789716902.3012888,2048,64
20260726_formal4t4_reuse_intensive_StaticSemantic@rho1.2_rep4,4,StaticSemantic@rho1.2,StaticSemantic,1.2,reuse_intensive,dispatcher_arrival,43524,140,2,11592361518825428217,upsert,1789716842.754116,1789716905.2266827,2048,64
20260726_formal4t4_reuse_intensive_StaticSemantic@rho1.2_rep4,4,StaticSemantic@rho1.2,StaticSemantic,1.2,reuse_intensive,dispatcher_arrival,43524,146,0,11592361518825428217,upsert,1789716843.5639775,1789716905.2267852,2048,64
20260726_formal4t4_reuse_intensive_StaticSemantic@rho1.2_rep4,4,StaticSemantic@rho1.2,StaticSemantic,1.2,reuse_intensive,dispatcher_arrival,43524,152,2,594533630581776597,upsert,1789716849.1773682,1789716909.107302,2048,64
20260726_formal4t4_reuse_intensive_StaticSemantic@rho1.2_rep4,4,StaticSemantic@rho1.2,StaticSemantic,1.2,reuse_intensive,dispatcher_arrival,43524,154,1,7207950530426667890,upsert,1789716849.1779046,1789716912.032667,2048,64
20260726_formal4t4_reuse_intensive_StaticSemantic@rho1.2_rep4,4,StaticSemantic@rho1.2,StaticSemantic,1.2,reuse_intensive,dispatcher_arrival,43524,157,1,15260451301505084502,upsert,1789716852.3066468,1789716914.958014,2048,64
20260726_formal4t4_reuse_intensive_StaticSemantic@rho1.2_rep4,4,StaticSemantic@rho1.2,StaticSemantic,1.2,reuse_intensive,dispatcher_arrival,43524,159,3,11821849661176330329,upsert,1789716852.3070986,1789716914.9581058,2048,64
20260726_formal4t4_reuse_intensive_StaticSemantic@rho1.2_rep4,4,StaticSemantic@rho1.2,StaticSemantic,1.2,reuse_intensive,dispatcher_arrival,43524,160,2,2615785228242663478,upsert,1789716855.3640335,1789716918.8386273,2048,64
20260726_formal4t4_reuse_intensive_StaticSemantic@rho1.2_rep4,4,StaticSemantic@rho1.2,StaticSemantic,1.2,reuse_intensive,dispatcher_arrival,43524,161,3,7868677391643418442,upsert,1789716855.3643613,1789716921.7640157,2048,64
20260726_formal4t4_reuse_intensive_StaticSemantic@rho1.2_rep4,4,StaticSemantic@rho1.2,StaticSemantic,1.2,reuse_intensive,dispatcher_arrival,43524,162,0,13844655051170110805,upsert,1789716855.3645937,1789716924.6893818,2048,64
20260726_formal4t4_reuse_intensive_StaticSemantic@rho1.2_rep4,4,StaticSemantic@rho1.2,StaticSemantic,1.2,reuse_intensive,dispatcher_arrival,43524,165,0,5080278736125677280,upsert,1789716858.4708989,1789716924.6894903,2048,64
20260726_formal4t4_reuse_intensive_StaticSemantic@rho1.2_rep4,4,StaticSemantic@rho1.2,StaticSemantic,1.2,reuse_intensive,dispatcher_arrival,43524,166,1,14333057367934485678,upsert,1789716858.4711256,1789716928.57001,2048,64
20260726_formal4t4_reuse_intensive_Adaptive@rho1.2_c01024_theta30_rep4,4,Adaptive@rho1.2_c01024_theta30,Adaptive,1.2,reuse_intensive,dispatcher_arrival,43525,0,0,15769623694692820738,upsert,1789716935.1442537,1789716945.25649,2048,64
20260726_formal4t4_reuse_intensive_Adaptive@rho1.2_c01024_theta30_rep4,4,Adaptive@rho1.2_c01024_theta30,Adaptive,1.2,reuse_intensive,dispatcher_arrival,43525,2,2,15769623694692820738,upsert,1789716935.1443958,1789716947.196829,2048,64
20260726_formal4t4_reuse_intensive_Adaptive@rho1.2_c01024_theta30_rep4,4,Adaptive@rho1.2_c01024_theta30,Adaptive,1.2,reuse_intensive,dispatcher_arrival,43525,4,0,12613465747135452669,upsert,1789716938.0292275,1789716947.1969385,2048,64
20260726_formal4t4_reuse_intensive_Adaptive@rho1.2_c01024_theta30_rep4,4,Adaptive@rho1.2_c01024_theta30,Adaptive,1.2,reuse_intensive,dispatcher_arrival,43525,7,3,12613465747135452669,upsert,1789716938.0294108,1789716952.0625787,2048,64
20260726_formal4t4_reuse_intensive_Adaptive@rho1.2_c01024_theta30_rep4,4,Adaptive@rho1.2_c01024_theta30,Adaptive,1.2,reuse_intensive,dispatcher_arrival,43525,8,0,12523743054995375112,upsert,1789716941.0774763,1789716954.9878943,2048,64
20260726_formal4t4_reuse_intensive_Adaptive@rho1.2_c01024_theta30_rep4,4,Adaptive@rho1.2_c01024_theta30,Adaptive,1.2,reuse_intensive,dispatcher_arrival,43525,11,3,12523743054995375112,upsert,1789716941.0776525,1789716958.8983078,2048,64
20260726_formal4t4_reuse_intensive_Adaptive@rho1.2_c01024_theta30_rep4,4,Adaptive@rho1.2_c01024_theta30,Adaptive,1.2,reuse_intensive,dispatcher_arrival,43525,12,0,9971321710674973507,upsert,1789716943.977483,1789716958.8984125,2048,64
20260726_formal4t4_reuse_intensive_Adaptive@rho1.2_c01024_theta30_rep4,4,Adaptive@rho1.2_c01024_theta30,Adaptive,1.2,reuse_intensive,dispatcher_arrival,43525,15,3,9971321710674973507,upsert,1789716943.9776604,1789716962.778908,2048,64
20260726_formal4t4_reuse_intensive_Adaptive@rho1.2_c01024_theta30_rep4,4,Adaptive@rho1.2_c01024_theta30,Adaptive,1.2,reuse_intensive,dispatcher_arrival,43525,16,0,4650049274038987083,upsert,1789716947.2214856,1789716965.7043371,2048,64
20260726_formal4t4_reuse_intensive_Adaptive@rho1.2_c01024_theta30_rep4,4,Adaptive@rho1.2_c01024_theta30,Adaptive,1.2,reuse_intensive,dispatcher_arrival,43525,20,0,3163096543987652428,upsert,1789716950.4639575,1789716969.6147497,2048,64
20260726_formal4t4_reuse_intensive_Adaptive@rho1.2_c01024_theta30_rep4,4,Adaptive@rho1.2_c01024_theta30,Adaptive,1.2,reuse_intensive,dispatcher_arrival,43525,22,2,3163096543987652428,upsert,1789716950.4641027,1789716969.614843,2048,64
20260726_formal4t4_reuse_intensive_Adaptive@rho1.2_c01024_theta30_rep4,4,Adaptive@rho1.2_c01024_theta30,Adaptive,1.2,reuse_intensive,dispatcher_arrival,43525,28,0,14064140743279553366,upsert,1789716956.9388106,1789716973.4953487,2048,64
20260726_formal4t4_reuse_intensive_Adaptive@rho1.2_c01024_theta30_rep4,4,Adaptive@rho1.2_c01024_theta30,Adaptive,1.2,reuse_intensive,dispatcher_arrival,43525,32,0,12376960631178457983,upsert,1789716960.4019291,1789716976.420758,2048,64
20260726_formal4t4_reuse_intensive_Adaptive@rho1.2_c01024_theta30_rep4,4,Adaptive@rho1.2_c01024_theta30,Adaptive,1.2,reuse_intensive,dispatcher_arrival,43525,40,0,3073007241776570211,upsert,1789716966.4808712,1789716980.3311918,2048,64
20260726_formal4t4_reuse_intensive_Adaptive@rho1.2_c01024_theta30_rep4,4,Adaptive@rho1.2_c01024_theta30,Adaptive,1.2,reuse_intensive,dispatcher_arrival,43525,43,3,3073007241776570211,upsert,1789716966.4810631,1789716980.331286,2048,64
20260726_formal4t4_reuse_intensive_Adaptive@rho1.2_c01024_theta30_rep4,4,Adaptive@rho1.2_c01024_theta30,Adaptive,1.2,reuse_intensive,dispatcher_arrival,43525,44,0,14108233664250482536,upsert,1789716969.3097365,1789716984.2117822,2048,64
20260726_formal4t4_reuse_intensive_Adaptive@rho1.2_c01024_theta30_rep4,4,Adaptive@rho1.2_c01024_theta30,Adaptive,1.2,reuse_intensive,dispatcher_arrival,43525,48,0,14774026810505956694,upsert,1789716972.336218,1789716987.137119,2048,64
20260726_formal4t4_reuse_intensive_Adaptive@rho1.2_c01024_theta30_rep4,4,Adaptive@rho1.2_c01024_theta30,Adaptive,1.2,reuse_intensive,dispatcher_arrival,43525,52,0,5281956220402968541,upsert,1789716975.219821,1789716991.0475621,2048,64
20260726_formal4t4_reuse_intensive_Adaptive@rho1.2_c01024_theta30_rep4,4,Adaptive@rho1.2_c01024_theta30,Adaptive,1.2,reuse_intensive,dispatcher_arrival,43525,55,3,5281956220402968541,upsert,1789716975.2199974,1789716991.0476515,2048,64
20260726_formal4t4_reuse_intensive_Adaptive@rho1.2_c01024_theta30_rep4,4,Adaptive@rho1.2_c01024_theta30,Adaptive,1.2,reuse_intensive,dispatcher_arrival,43525,60,0,1610475058989402671,upsert,1789716981.2178729,1789716994.9281502,2048,64
20260726_formal4t4_reuse_intensive_Adaptive@rho1.2_c01024_theta30_rep4,4,Adaptive@rho1.2_c01024_theta30,Adaptive,1.2,reuse_intensive,dispatcher_arrival,43525,68,3,12613465747135452669,upsert,1789716985.9580297,1789716997.8535335,2048,64
20260726_formal4t4_reuse_intensive_Adaptive@rho1.2_c01024_theta30_rep4,4,Adaptive@rho1.2_c01024_theta30,Adaptive,1.2,reuse_intensive,dispatcher_arrival,43525,72,3,10402019323283478844,upsert,1789716987.1442237,1789717000.778907,2048,64
20260726_formal4t4_reuse_intensive_Adaptive@rho1.2_c01024_theta30_rep4,4,Adaptive@rho1.2_c01024_theta30,Adaptive,1.2,reuse_intensive,dispatcher_arrival,43525,74,0,1610475058989402671,upsert,1789716987.1443613,1789717000.7789958,2048,64
20260726_formal4t4_reuse_intensive_Adaptive@rho1.2_c01024_theta30_rep4,4,Adaptive@rho1.2_c01024_theta30,Adaptive,1.2,reuse_intensive,dispatcher_arrival,43525,80,0,3163096543987652428,upsert,1789716989.6788871,1789717004.659508,2048,64
20260726_formal4t4_reuse_intensive_Adaptive@rho1.2_c01024_theta30_rep4,4,Adaptive@rho1.2_c01024_theta30,Adaptive,1.2,reuse_intensive,dispatcher_arrival,43525,89,3,12613465747135452669,upsert,1789716994.9505115,1789717007.5875053,2048,64
20260726_formal4t4_reuse_intensive_Adaptive@rho1.2_c01024_theta30_rep4,4,Adaptive@rho1.2_c01024_theta30,Adaptive,1.2,reuse_intensive,dispatcher_arrival,43525,90,0,12523743054995375112,upsert,1789716994.9508064,1789717010.5102565,2048,64
20260726_formal4t4_reuse_intensive_Adaptive@rho1.2_c01024_theta30_rep4,4,Adaptive@rho1.2_c01024_theta30,Adaptive,1.2,reuse_intensive,dispatcher_arrival,43525,93,3,9417075026054648240,upsert,1789716998.1651282,1789717010.5103526,2048,64
20260726_formal4t4_reuse_intensive_Adaptive@rho1.2_c01024_theta30_rep4,4,Adaptive@rho1.2_c01024_theta30,Adaptive,1.2,reuse_intensive,dispatcher_arrival,43525,96,0,1610475058989402671,upsert,1789717001.6059282,1789717014.3908577,2048,64
20260726_formal4t4_reuse_intensive_Adaptive@rho1.2_c01024_theta30_rep4,4,Adaptive@rho1.2_c01024_theta30,Adaptive,1.2,reuse_intensive,dispatcher_arrival,43525,98,3,3073007241776570211,upsert,1789717001.606595,1789717017.3162417,2048,64
20260726_formal4t4_reuse_intensive_Adaptive@rho1.2_c01024_theta30_rep4,4,Adaptive@rho1.2_c01024_theta30,Adaptive,1.2,reuse_intensive,dispatcher_arrival,43525,102,1,947483498426156190,upsert,1789717004.646864,1789717020.241616,2048,64
20260726_formal4t4_reuse_intensive_Adaptive@rho1.2_c01024_theta30_rep4,4,Adaptive@rho1.2_c01024_theta30,Adaptive,1.2,reuse_intensive,dispatcher_arrival,43525,104,1,7230541217248033124,upsert,1789717007.5835161,1789717020.2417095,2048,64
20260726_formal4t4_reuse_intensive_Adaptive@rho1.2_c01024_theta30_rep4,4,Adaptive@rho1.2_c01024_theta30,Adaptive,1.2,reuse_intensive,dispatcher_arrival,43525,108,0,4650049274038987083,upsert,1789717010.578625,1789717024.1223068,2048,64
20260726_formal4t4_reuse_intensive_Adaptive@rho1.2_c01024_theta30_rep4,4,Adaptive@rho1.2_c01024_theta30,Adaptive,1.2,reuse_intensive,dispatcher_arrival,43525,114,3,12613465747135452669,upsert,1789717013.565205,1789717027.0475526,2048,64
20260726_formal4t4_reuse_intensive_Adaptive@rho1.2_c01024_theta30_rep4,4,Adaptive@rho1.2_c01024_theta30,Adaptive,1.2,reuse_intensive,dispatcher_arrival,43525,117,0,4650049274038987083,upsert,1789717016.6338136,1789717029.9729607,2048,64
20260726_formal4t4_reuse_intensive_Adaptive@rho1.2_c01024_theta30_rep4,4,Adaptive@rho1.2_c01024_theta30,Adaptive,1.2,reuse_intensive,dispatcher_arrival,43525,121,2,3163096543987652428,upsert,1789717020.1146507,1789717029.9730613,2048,64
20260726_formal4t4_reuse_intensive_Adaptive@rho1.2_c01024_theta30_rep4,4,Adaptive@rho1.2_c01024_theta30,Adaptive,1.2,reuse_intensive,dispatcher_arrival,43525,122,3,12613465747135452669,upsert,1789717020.1148827,1789717033.8535566,2048,64
20260726_formal4t4_reuse_intensive_Adaptive@rho1.2_c01024_theta30_rep4,4,Adaptive@rho1.2_c01024_theta30,Adaptive,1.2,reuse_intensive,dispatcher_arrival,43525,123,0,1610475058989402671,upsert,1789717020.1151297,1789717036.7789261,2048,64
20260726_formal4t4_reuse_intensive_Adaptive@rho1.2_c01024_theta30_rep4,4,Adaptive@rho1.2_c01024_theta30,Adaptive,1.2,reuse_intensive,dispatcher_arrival,43525,124,3,11821849661176330329,upsert,1789717023.2384398,1789717039.7042742,2048,64
20260726_formal4t4_reuse_intensive_Adaptive@rho1.2_c01024_theta30_rep4,4,Adaptive@rho1.2_c01024_theta30,Adaptive,1.2,reuse_intensive,dispatcher_arrival,43525,126,1,13844655051170110805,upsert,1789717023.2389867,1789717039.704367,2048,64
20260726_formal4t4_reuse_intensive_Adaptive@rho1.2_c01024_theta30_rep4,4,Adaptive@rho1.2_c01024_theta30,Adaptive,1.2,reuse_intensive,dispatcher_arrival,43525,131,1,11821849661176330329,upsert,1789717026.5830395,1789717043.5849066,2048,64
20260726_formal4t4_reuse_intensive_Adaptive@rho1.2_c01024_theta30_rep4,4,Adaptive@rho1.2_c01024_theta30,Adaptive,1.2,reuse_intensive,dispatcher_arrival,43525,137,2,15507369539614680842,upsert,1789717032.660572,1789717046.5102382,2048,64
20260726_formal4t4_reuse_intensive_Adaptive@rho1.2_c01024_theta30_rep4,4,Adaptive@rho1.2_c01024_theta30,Adaptive,1.2,reuse_intensive,dispatcher_arrival,43525,140,3,11592361518825428217,upsert,1789717035.7304935,1789717049.4356294,2048,64
20260726_formal4t4_reuse_intensive_Adaptive@rho1.2_c01024_theta30_rep4,4,Adaptive@rho1.2_c01024_theta30,Adaptive,1.2,reuse_intensive,dispatcher_arrival,43525,142,2,13844655051170110805,upsert,1789717035.7310207,1789717049.4357176,2048,64
20260726_formal4t4_reuse_intensive_Adaptive@rho1.2_c01024_theta30_rep4,4,Adaptive@rho1.2_c01024_theta30,Adaptive,1.2,reuse_intensive,dispatcher_arrival,43525,145,1,17846715708891391149,upsert,1789717038.5459344,1789717053.3161964,2048,64
20260726_formal4t4_reuse_intensive_Adaptive@rho1.2_c01024_theta30_rep4,4,Adaptive@rho1.2_c01024_theta30,Adaptive,1.2,reuse_intensive,dispatcher_arrival,43525,152,3,594533630581776597,upsert,1789717042.583201,1789717056.2416415,2048,64
20260726_formal4t4_reuse_intensive_Adaptive@rho1.2_c01024_theta30_rep4,4,Adaptive@rho1.2_c01024_theta30,Adaptive,1.2,reuse_intensive,dispatcher_arrival,43525,159,3,11821849661176330329,upsert,1789717045.398304,1789717059.1669989,2048,64
20260726_formal4t4_reuse_intensive_Adaptive@rho1.2_c01024_theta30_rep4,4,Adaptive@rho1.2_c01024_theta30,Adaptive,1.2,reuse_intensive,dispatcher_arrival,43525,160,1,2615785228242663478,upsert,1789717048.567521,1789717059.1670928,2048,64
20260726_formal4t4_reuse_intensive_Adaptive@rho1.2_c01024_theta30_rep4,4,Adaptive@rho1.2_c01024_theta30,Adaptive,1.2,reuse_intensive,dispatcher_arrival,43525,161,2,7868677391643418442,upsert,1789717048.5678518,1789717063.0475798,2048,64
20260726_formal4t4_reuse_intensive_Adaptive@rho1.2_c01024_theta30_rep4,4,Adaptive@rho1.2_c01024_theta30,Adaptive,1.2,reuse_intensive,dispatcher_arrival,43525,165,0,5080278736125677280,upsert,1789717051.674835,1789717065.9730248,2048,64
20260726_formal4t4_reuse_intensive_Adaptive@rho1.2_c01024_theta30_rep4,4,Adaptive@rho1.2_c01024_theta30,Adaptive,1.2,reuse_intensive,dispatcher_arrival,43525,169,1,13844655051170110805,upsert,1789717054.5179286,1789717068.8983417,2048,64
20260726_formal4t4_reuse_intensive_Adaptive@rho1.2_c01024_theta30_rep4,4,Adaptive@rho1.2_c01024_theta30,Adaptive,1.2,reuse_intensive,dispatcher_arrival,43525,171,0,6878038652119793510,upsert,1789717054.5183997,1789717068.89845,2048,64
20260726_formal4t4_reuse_intensive_Adaptive@rho1.2_c01024_theta30_rep4,4,Adaptive@rho1.2_c01024_theta30,Adaptive,1.2,reuse_intensive,dispatcher_arrival,43525,174,3,12395577753972294123,upsert,1789717057.5124626,1789717072.778925,2048,64
20260726_formal4t4_reuse_intensive_Adaptive@rho1.2_c01024_theta30_rep4,4,Adaptive@rho1.2_c01024_theta30,Adaptive,1.2,reuse_intensive,dispatcher_arrival,43525,177,2,13485819553775059313,upsert,1789717061.1520526,1789717075.7043288,2048,64
20260726_formal4t4_reuse_intensive_Adaptive@rho1.2_c01024_theta30_rep4,4,Adaptive@rho1.2_c01024_theta30,Adaptive,1.2,reuse_intensive,dispatcher_arrival,43525,180,2,13844655051170110805,upsert,1789717062.248095,1789717078.6296976,2048,64
20260726_formal4t4_reuse_intensive_Adaptive@rho1.2_c01024_theta30_rep4,4,Adaptive@rho1.2_c01024_theta30,Adaptive,1.2,reuse_intensive,dispatcher_arrival,43525,181,3,11821849661176330329,upsert,1789717062.2484753,1789717078.6298048,2048,64
