{
  "cell_id": "n16_f1_vrich_r2",
  "n": 16,
  "f_hz": 1,
  "view": "rich",
  "rep": 2,
  "duration_s": 20.0,
  "actual_elapsed_s": 20.010343074798584,
  "n_state_updates": 320,
  "n_dispatch_queries": 3890,
  "n_deadline_missed": 0,
  "size": {
    "avg": 6533.878125,
    "p50": 6534,
    "p95": 6586,
    "p99": 6609,
    "min": 6449,
    "max": 6625
  },
  "build_us_p95": 430.895,
  "ser_us_p95": 32.701,
  "deser_us_p95": 100.091,
  "merge_us_p95": 15.165,
  "total_us_p95": 578.396,
  "dispatch_latency_us_p50": 21.5,
  "dispatch_latency_us_p95": 23.341,
  "dispatch_latency_us_p99": 39.944
}