experiment_id,rep,cell_id,policy,request_id,trace_id,workload,phase,lineage_id,step,digest,reusable_prefix_tokens,selected_instance,advertised_owners,candidate_hit,dispatch_time_unix,source_truth_coverage_tokens,dispatcher_view_coverage_tokens,advertised_coverage_tokens,dispatch_state_age_s,dispatcher_view_missing,source_view_false_negative,source_view_false_positive,physical_false_positive_affinity,expected_coverage_tokens,expected_net_prefill_ms,raw_candidate_fanout,evaluated_candidate_fanout,actual_reusable_coverage_tokens,validation_attempt,validation_result,fallback,stale_fallback,coverage_shortfall_tokens,prompt_sha256,ok,error,prior_attempt_errors,attempt_count,sse_parse_errors,ttft_ms,latency_ms,chunks,input_tokens,output_tokens,vllm_cached_tokens
20260726_formal4t4_reuse_intensive_Ideal_rep0,0,Ideal,Ideal,12,reuse_intensive:rep0:req12,reuse_intensive,0,0,2,L0000,4096,0,0;1;2;3,False,1785000426.3896487,4096,4096,4096,20.939210176467896,False,False,False,False,4096,0.0,4,4,4128.0,False,cache_reused,False,False,0.0,b640318a7b997d1bb56cbc56ac8cf127b6dc084a2a7c54b54917e0c4a597f111,True,,,1,0,159.592509,725.820709,6,4156,4,4128
20260726_formal4t4_reuse_intensive_Ideal_rep0,0,Ideal,Ideal,13,reuse_intensive:rep0:req13,reuse_intensive,0,27,0,L0027,2048,2,,False,1785000426.3896868,0,0,0,,False,False,False,False,0,0.0,0,0,32.0,False,cache_miss,False,False,0.0,f035099e132724e940b77c4dfcd19fafe3519fa9dce223e7f81e458731424336,True,,,1,0,1082.409543,1266.561169,6,2108,4,32
20260726_formal4t4_reuse_intensive_Ideal_rep0,0,Ideal,Ideal,14,reuse_intensive:rep0:req14,reuse_intensive,0,12,1,L0012,4096,0,0,True,1785000426.3897233,4096,4096,4096,2.8354973793029785,False,False,False,False,4096,79.92,1,1,4128.0,True,cache_reused,False,False,0.0,6b695a33f7a782d6a25ace8fe9f1a910970dec3cf6925d5c140761ec6889e5cc,True,,,1,0,347.697667,820.103258,6,4156,4,4128
20260726_formal4t4_reuse_intensive_Ideal_rep0,0,Ideal,Ideal,15,reuse_intensive:rep0:req15,reuse_intensive,0,0,0,L0000,4096,3,0;1;2;3,False,1785000426.389761,4096,4096,4096,1.3901715278625488,False,False,False,False,4096,0.0,4,4,4128.0,False,cache_reused,False,False,0.0,385118021bc706c629bad30f8af9cb658db08f04e5ca9c02d9031e13a27a27ae,True,,,1,0,144.282913,419.977377,6,4156,4,4128
20260726_formal4t4_reuse_intensive_Ideal_rep0,0,Ideal,Ideal,16,reuse_intensive:rep0:req16,reuse_intensive,0,6,0,L0006,2048,3,0;1;2;3,False,1785000427.658811,2048,2048,2048,8.273303985595703,False,False,False,False,2048,0.0,4,4,2080.0,False,cache_reused,False,False,0.0,06afd52634813aebf7ab1dd46659252f516b0792647aca3dd0a98ff8089d9833,True,,,1,0,90.060256,264.228765,6,2108,4,2080
20260726_formal4t4_reuse_intensive_Ideal_rep0,0,Ideal,Ideal,17,reuse_intensive:rep0:req17,reuse_intensive,0,5,0,L0005,2048,2,0;1;2;3,False,1785000427.65886,2048,2048,2048,9.672938585281372,False,False,False,False,2048,0.0,4,4,2080.0,False,cache_reused,False,False,0.0,351645ec35629efef0db3465ca62f35a9dd351136005167addcfb46d37347fc0,True,,,1,0,95.668988,281.361239,6,2108,4,2080
20260726_formal4t4_reuse_intensive_Ideal_rep0,0,Ideal,Ideal,18,reuse_intensive:rep0:req18,reuse_intensive,0,0,1,L0000,4096,1,0;1;2;3,False,1785000427.6588945,4096,4096,4096,4.10463285446167,False,False,False,False,4096,0.0,4,4,4128.0,False,cache_reused,False,False,0.0,ef3ca750a7886031b518909d8c4974a48716113e4b26106274338fde62af6a26,True,,,1,0,229.849052,553.673083,6,4156,4,4128
20260726_formal4t4_reuse_intensive_Ideal_rep0,0,Ideal,Ideal,19,reuse_intensive:rep0:req19,reuse_intensive,0,8,0,L0008,1024,0,,False,1785000427.6589189,0,0,0,,False,False,False,False,0,0.0,0,0,32.0,False,cache_miss,False,False,0.0,facfdcff2470f36156a07ee138c9e490ba3aa6cbbdef85e2442b73d6347b985b,True,,,1,0,422.508383,558.216891,6,1084,4,32
20260726_formal4t4_reuse_intensive_Ideal_rep0,0,Ideal,Ideal,20,reuse_intensive:rep0:req20,reuse_intensive,0,1,2,L0001,4096,2,0;1;2;3,False,1785000428.220306,4096,4096,4096,1.8307137489318848,False,False,False,False,4096,0.0,4,4,4128.0,False,cache_reused,False,False,0.0,881525960998e61bbc82ab8d5b22b6f61e0ef36f8a8bc046f428b50dacb6c582,True,,,1,0,150.776715,443.48877,6,4156,4,4128
20260726_formal4t4_reuse_intensive_Ideal_rep0,0,Ideal,Ideal,21,reuse_intensive:rep0:req21,reuse_intensive,0,24,0,L0024,2048,0,,False,1785000428.2203438,0,0,0,,False,False,False,False,0,0.0,0,0,32.0,False,cache_miss,False,False,0.0,7b88aedfdfbea60aa5127285f0cdfd55926985cb1b41309f0c6405755ea09406,True,,,1,0,1115.600156,1284.09376,6,2108,4,32
20260726_formal4t4_reuse_intensive_Ideal_rep0,0,Ideal,Ideal,22,reuse_intensive:rep0:req22,reuse_intensive,0,1,0,L0001,4096,3,0;1;2;3,False,1785000428.2203836,4096,4096,4096,18.66313123703003,False,False,False,False,4096,0.0,4,4,4128.0,False,cache_reused,False,False,0.0,9358c101523836c755711a81b2d63c3e783e183824f45c0cc7d2b921f90eb00f,True,,,1,0,143.852843,419.333089,6,4156,4,4128
20260726_formal4t4_reuse_intensive_Ideal_rep0,0,Ideal,Ideal,23,reuse_intensive:rep0:req23,reuse_intensive,0,0,2,L0000,4096,1,0;1;2;3,False,1785000428.220418,4096,4096,4096,0.0005657672882080078,False,False,False,False,4096,0.0,4,4,4128.0,False,cache_reused,False,False,0.0,6e1dea86ee1f2250ad8df5d324decb680ded247086857aab2674dbbe59317c0b,True,,,1,0,152.619986,440.691894,6,4156,4,4128
20260726_formal4t4_reuse_intensive_Ideal_rep0,0,Ideal,Ideal,24,reuse_intensive:rep0:req24,reuse_intensive,1,34,0,L0034,1024,1,,False,1785000429.5069394,0,0,0,,False,False,False,False,0,0.0,0,0,32.0,False,cache_miss,False,False,0.0,96fb6802e943f8068ae95d3d63a30d682c050f70e70c9f7e52782a3d409549bc,True,,,1,0,442.499256,578.796957,6,1084,4,32
20260726_formal4t4_reuse_intensive_Ideal_rep0,0,Ideal,Ideal,25,reuse_intensive:rep0:req25,reuse_intensive,1,32,0,L0032,1024,0,,False,1785000429.506974,0,0,0,,False,False,False,False,0,0.0,0,0,32.0,False,cache_miss,False,False,0.0,1c1d4f31f16deeb0e933275e2c8d52b4505f5962170f2ddbe033168ddb0cb393,True,,,1,0,375.659795,497.721217,6,1084,4,32
20260726_formal4t4_reuse_intensive_Ideal_rep0,0,Ideal,Ideal,26,reuse_intensive:rep0:req26,reuse_intensive,1,33,0,L0033,4096,3,,False,1785000429.5069993,0,0,0,,False,False,False,False,0,0.0,0,0,32.0,False,cache_miss,False,False,0.0,fe5321ae1b524b1ec6a59f48c0253aa37804d822ffed8286733888907a1ac72e,True,,,1,0,3571.182353,3847.839056,6,4156,4,32
20260726_formal4t4_reuse_intensive_Ideal_rep0,0,Ideal,Ideal,27,reuse_intensive:rep0:req27,reuse_intensive,1,32,1,L0032,1024,2,,False,1785000429.5070207,0,0,0,,False,False,False,False,0,0.0,0,0,32.0,False,cache_miss,False,False,0.0,2d11476c52c7d44a65a7125088e2a3c678f53d4fa472ad2ebbc0c3e2070ebd0c,True,,,1,0,345.271201,465.073502,6,1084,4,32
20260726_formal4t4_reuse_intensive_Ideal_rep0,0,Ideal,Ideal,28,reuse_intensive:rep0:req28,reuse_intensive,1,32,2,L0032,1024,0,0;2,True,1785000433.3570428,1024,1024,1024,0.0005784034729003906,False,False,False,False,1024,20.48,2,2,1056.0,True,cache_reused,False,False,0.0,7ee056feb2e3b4b4b0ce6634e33428899642b2e86bd6d0aac99f62854750b542,True,,,1,0,97.764577,282.297351,6,1084,4,1056
20260726_formal4t4_reuse_intensive_Ideal_rep0,0,Ideal,Ideal,29,reuse_intensive:rep0:req29,reuse_intensive,1,33,1,L0033,4096,3,3,False,1785000433.3570914,4096,4096,4096,0.0005278587341308594,False,False,False,False,4096,0.0,1,1,4128.0,False,cache_reused,False,False,0.0,042a8e65439dc457d8ed175974a5ed19547d85c5c8601bbe2552e35c1da3427a,True,,,1,0,146.21095,423.845453,6,4156,4,4128
20260726_formal4t4_reuse_intensive_Ideal_rep0,0,Ideal,Ideal,30,reuse_intensive:rep0:req30,reuse_intensive,1,36,0,L0036,1024,2,,False,1785000433.3571203,0,0,0,,False,False,False,False,0,0.0,0,0,32.0,False,cache_miss,False,False,0.0,f5609d9a230c8b9c64d5d21730677e2d07c0ed2e1fca1074a7263a52e15fc5d7,True,,,1,0,498.473676,624.236779,6,1084,4,32
20260726_formal4t4_reuse_intensive_Ideal_rep0,0,Ideal,Ideal,31,reuse_intensive:rep0:req31,reuse_intensive,1,43,0,L0043,2048,1,,False,1785000433.3571436,0,0,0,,False,False,False,False,0,0.0,0,0,32.0,False,cache_miss,False,False,0.0,05f071cd9a9caabfcde8fa4553a33e1c1aa57ec0404613b967b6f0d99e04304b,True,,,1,0,1120.692435,1279.73944,6,2108,4,32
20260726_formal4t4_reuse_intensive_Ideal_rep0,0,Ideal,Ideal,32,reuse_intensive:rep0:req32,reuse_intensive,1,42,0,L0042,2048,3,,False,1785000434.6398323,0,0,0,,False,False,False,False,0,0.0,0,0,32.0,False,cache_miss,False,False,0.0,2d65f1ceef1b58b59c0d7e85493f3aa20bbbb940768b3f12c1e728472d3a8478,True,,,1,0,1143.654223,1312.822086,6,2108,4,32
20260726_formal4t4_reuse_intensive_Ideal_rep0,0,Ideal,Ideal,33,reuse_intensive:rep0:req33,reuse_intensive,1,35,0,L0035,2048,1,,False,1785000434.6398685,0,0,0,,False,False,False,False,0,0.0,0,0,32.0,False,cache_miss,False,False,0.0,8b19866cfa9da33e556a88e91c07e73a36d72c79ef1722aba338604d3fb9827f,True,,,1,0,1215.366804,1409.971327,6,2108,4,32
20260726_formal4t4_reuse_intensive_Ideal_rep0,0,Ideal,Ideal,34,reuse_intensive:rep0:req34,reuse_intensive,1,37,0,L0037,4096,2,,False,1785000434.6398926,0,0,0,,False,False,False,False,0,0.0,0,0,32.0,False,cache_miss,False,False,0.0,82e4b02878c327157415e79f0523f3dc2551c495f73dc408614b8217bbf0ac20,True,,,1,0,3276.645977,3552.655056,6,4156,4,32
20260726_formal4t4_reuse_intensive_Ideal_rep0,0,Ideal,Ideal,35,reuse_intensive:rep0:req35,reuse_intensive,1,32,0,L0032,1024,0,0;2,False,1785000434.6399307,1024,1024,1024,0.0008537769317626953,False,False,False,False,1024,0.0,2,2,1056.0,False,cache_reused,False,False,0.0,46634a4a163f64fe1b470ee034980419aab7126d0f7ff13b2b2f8870b9e9e8bc,True,,,1,0,64.761465,185.426065,6,1084,4,1056
20260726_formal4t4_reuse_intensive_Ideal_rep0,0,Ideal,Ideal,36,reuse_intensive:rep0:req36,reuse_intensive,1,32,1,L0032,1024,0,0;2,False,1785000438.1949775,1024,1024,1024,0.00014972686767578125,False,False,False,False,1024,0.0,2,2,1056.0,False,cache_reused,False,False,0.0,ae89da0a337bcf0c790c7d3f61825aac0572c8f921dc96608356a98b6566b7b9,True,,,1,0,100.647366,280.052637,6,1084,4,1056
20260726_formal4t4_reuse_intensive_Ideal_rep0,0,Ideal,Ideal,37,reuse_intensive:rep0:req37,reuse_intensive,1,34,1,L0034,1024,1,1,True,1785000438.1950245,1024,1024,1024,4.838703393936157,False,False,False,False,1024,20.48,1,1,1056.0,True,cache_reused,False,False,0.0,e0edd103722e77d6dc38b3f08fb883c280505e6fc7a281ed7775cabf9c99cf34,True,,,1,0,104.073578,291.203131,6,1084,4,1056
20260726_formal4t4_reuse_intensive_Ideal_rep0,0,Ideal,Ideal,38,reuse_intensive:rep0:req38,reuse_intensive,1,32,2,L0032,1024,2,0;2,False,1785000438.1950612,1024,1024,1024,4.838173151016235,False,False,False,False,1024,0.0,2,2,1056.0,False,cache_reused,False,False,0.0,4449df13be6a82367c7610c8cba02c62eac004f9f07b5514b5947f89a19b3b4b,True,,,1,0,59.079397,169.278909,6,1084,4,1056
20260726_formal4t4_reuse_intensive_Ideal_rep0,0,Ideal,Ideal,39,reuse_intensive:rep0:req39,reuse_intensive,1,49,0,L0049,4096,3,,False,1785000438.1950858,0,0,0,,False,False,False,False,0,0.0,0,0,32.0,False,cache_miss,False,False,0.0,6372455f5d5cf316a37bf817f4feb291fa0b93c280c3d13f1f40477ffde92b77,True,,,1,0,4269.631503,4572.475402,6,4156,4,32
20260726_formal4t4_reuse_intensive_Ideal_rep0,0,Ideal,Ideal,40,reuse_intensive:rep0:req40,reuse_intensive,1,38,0,L0038,4096,3,,False,1785000442.7701,0,0,0,,False,False,False,False,0,0.0,0,0,32.0,False,cache_miss,False,False,0.0,93827a0f2092173065f83ec2c4c75507f897d2ecc65152d08d5538ea5698e1b6,True,,,1,0,3532.044069,3793.450665,6,4156,4,32
20260726_formal4t4_reuse_intensive_Ideal_rep0,0,Ideal,Ideal,41,reuse_intensive:rep0:req41,reuse_intensive,1,36,1,L0036,1024,2,2,True,1785000442.770148,1024,1024,1024,8.130616426467896,False,False,False,False,1024,20.48,1,1,1056.0,True,cache_reused,False,False,0.0,c934e958c647920dd77d77a67a33b9638ffbdf6020f5dfade015d3818cc1ecf9,True,,,1,0,105.52494,546.258807,6,1084,4,1056
20260726_formal4t4_reuse_intensive_Ideal_rep0,0,Ideal,Ideal,42,reuse_intensive:rep0:req42,reuse_intensive,1,37,1,L0037,4096,2,2,True,1785000442.770185,4096,4096,4096,4.575662851333618,False,False,False,False,4096,79.92,1,1,4128.0,True,cache_reused,False,False,0.0,b6bb8e4ae8620ee3ff4df30769a25c5a2a7e72715961d066a39fbce2896d2e67,True,,,1,0,294.003216,637.596461,6,4156,4,4128
20260726_formal4t4_reuse_intensive_Ideal_rep0,0,Ideal,Ideal,43,reuse_intensive:rep0:req43,reuse_intensive,1,47,0,L0047,4096,0,,False,1785000442.7702103,0,0,0,,False,False,False,False,0,0.0,0,0,32.0,False,cache_miss,False,False,0.0,dfa12f16c24259b24eedb742066bdfc185eb369af58c96e4c4bcbb39f4d045cd,True,,,1,0,3462.058099,3750.701079,6,4156,4,32
20260726_formal4t4_reuse_intensive_Ideal_rep0,0,Ideal,Ideal,44,reuse_intensive:rep0:req44,reuse_intensive,1,40,0,L0040,1024,1,,False,1785000446.5650265,0,0,0,,False,False,False,False,0,0.0,0,0,32.0,False,cache_miss,False,False,0.0,2efcc5c8c875fdbf57d2000fa399f9c26655c8e6c72c12c6a8cf6081ca221e1a,True,,,1,0,546.549711,685.663344,6,1084,4,32
20260726_formal4t4_reuse_intensive_Ideal_rep0,0,Ideal,Ideal,45,reuse_intensive:rep0:req45,reuse_intensive,1,37,2,L0037,4096,2,2,False,1785000446.565075,4096,4096,4096,0.0006761550903320312,False,False,False,False,4096,0.0,1,1,4128.0,False,cache_reused,False,False,0.0,52c2dd3a98b95d981bcd35b41ad27e145b23c306c4bb3a52fe677ea2976b462f,True,,,1,0,243.41004,633.143868,6,4156,4,4128
20260726_formal4t4_reuse_intensive_Ideal_rep0,0,Ideal,Ideal,46,reuse_intensive:rep0:req46,reuse_intensive,1,32,0,L0032,1024,0,0;2,False,1785000446.5651152,1024,1024,1024,3.795715093612671,False,False,False,False,1024,0.0,2,2,1056.0,False,cache_reused,False,False,0.0,47dcf418d85c82b4a12a22e7143761830ddc5a2e4e87827ebb104763452a435d,True,,,1,0,61.272665,179.172875,6,1084,4,1056
20260726_formal4t4_reuse_intensive_Ideal_rep0,0,Ideal,Ideal,47,reuse_intensive:rep0:req47,reuse_intensive,1,32,1,L0032,1024,2,0;2,True,1785000446.5651484,1024,1024,1024,3.795498847961426,False,False,False,False,1024,18.48,2,2,1056.0,True,cache_reused,False,False,0.0,349969f949f82360b8ad3d9088e107f8ba535c575445abd9e7aa8d215586193d,True,,,1,0,400.639916,668.930216,6,1084,4,1056
20260726_formal4t4_reuse_intensive_FullSync@rho1.2_rep0,0,FullSync@rho1.2,FullSync,12,reuse_intensive:rep0:req12,reuse_intensive,0,0,2,L0000,4096,3,0;1;2;3,False,1785000472.895325,4096,4096,4096,20.9538733959198,False,False,False,False,4096,0.0,4,4,4128.0,False,cache_reused,False,False,0.0,b640318a7b997d1bb56cbc56ac8cf127b6dc084a2a7c54b54917e0c4a597f111,True,,,1,0,151.439196,433.142096,6,4156,4,4128
20260726_formal4t4_reuse_intensive_FullSync@rho1.2_rep0,0,FullSync@rho1.2,FullSync,13,reuse_intensive:rep0:req13,reuse_intensive,0,27,0,L0027,2048,0,,False,1785000472.89534,0,0,0,,False,False,False,False,0,0.0,0,0,32.0,False,cache_miss,False,False,0.0,f035099e132724e940b77c4dfcd19fafe3519fa9dce223e7f81e458731424336,True,,,1,0,1171.649657,1344.693871,6,2108,4,32
20260726_formal4t4_reuse_intensive_FullSync@rho1.2_rep0,0,FullSync@rho1.2,FullSync,14,reuse_intensive:rep0:req14,reuse_intensive,0,12,1,L0012,4096,1,,False,1785000472.8953497,4096,0,0,25.137890100479126,True,True,False,False,0,0.0,0,0,32.0,False,cache_miss,False,False,0.0,6b695a33f7a782d6a25ace8fe9f1a910970dec3cf6925d5c140761ec6889e5cc,True,,,1,0,3415.676601,3724.192354,6,4156,4,32
20260726_formal4t4_reuse_intensive_FullSync@rho1.2_rep0,0,FullSync@rho1.2,FullSync,15,reuse_intensive:rep0:req15,reuse_intensive,0,0,0,L0000,4096,2,0;1;2;3,False,1785000472.8953633,4096,4096,4096,20.953929901123047,False,False,False,False,4096,0.0,4,4,4128.0,False,cache_reused,False,False,0.0,385118021bc706c629bad30f8af9cb658db08f04e5ca9c02d9031e13a27a27ae,True,,,1,0,127.469152,422.892576,6,4156,4,4128
20260726_formal4t4_reuse_intensive_FullSync@rho1.2_rep0,0,FullSync@rho1.2,FullSync,16,reuse_intensive:rep0:req16,reuse_intensive,0,6,0,L0006,2048,1,,False,1785000476.6218693,2048,0,0,28.864409685134888,True,True,False,False,0,0.0,0,0,2080.0,False,cache_reused,False,False,0.0,06afd52634813aebf7ab1dd46659252f516b0792647aca3dd0a98ff8089d9833,True,,,1,0,94.645147,264.617694,6,2108,4,2080
20260726_formal4t4_reuse_intensive_FullSync@rho1.2_rep0,0,FullSync@rho1.2,FullSync,17,reuse_intensive:rep0:req17,reuse_intensive,0,5,0,L0005,2048,3,,False,1785000476.6219063,2048,0,0,28.86444664001465,True,True,False,False,0,0.0,0,0,2080.0,False,cache_reused,False,False,0.0,351645ec35629efef0db3465ca62f35a9dd351136005167addcfb46d37347fc0,True,,,1,0,131.479128,343.317996,6,2108,4,2080
20260726_formal4t4_reuse_intensive_FullSync@rho1.2_rep0,0,FullSync@rho1.2,FullSync,18,reuse_intensive:rep0:req18,reuse_intensive,0,0,1,L0000,4096,2,0;1;2;3,False,1785000476.621953,4096,4096,4096,24.680519580841064,False,False,False,False,4096,0.0,4,4,4128.0,False,cache_reused,False,False,0.0,ef3ca750a7886031b518909d8c4974a48716113e4b26106274338fde62af6a26,True,,,1,0,196.499533,493.177326,6,4156,4,4128
20260726_formal4t4_reuse_intensive_FullSync@rho1.2_rep0,0,FullSync@rho1.2,FullSync,19,reuse_intensive:rep0:req19,reuse_intensive,0,8,0,L0008,1024,0,,False,1785000476.6219785,0,0,0,,False,False,False,False,0,0.0,0,0,32.0,False,cache_miss,False,False,0.0,facfdcff2470f36156a07ee138c9e490ba3aa6cbbdef85e2442b73d6347b985b,True,,,1,0,529.277087,652.406043,6,1084,4,32
20260726_formal4t4_reuse_intensive_FullSync@rho1.2_rep0,0,FullSync@rho1.2,FullSync,20,reuse_intensive:rep0:req20,reuse_intensive,0,1,2,L0001,4096,2,0;1;2;3,False,1785000477.277865,4096,4096,4096,20.889070510864258,False,False,False,False,4096,0.0,4,4,4128.0,False,cache_reused,False,False,0.0,881525960998e61bbc82ab8d5b22b6f61e0ef36f8a8bc046f428b50dacb6c582,True,,,1,0,140.253646,400.616296,6,4156,4,4128
20260726_formal4t4_reuse_intensive_FullSync@rho1.2_rep0,0,FullSync@rho1.2,FullSync,21,reuse_intensive:rep0:req21,reuse_intensive,0,24,0,L0024,2048,3,,False,1785000477.2779043,0,0,0,,False,False,False,False,0,0.0,0,0,32.0,False,cache_miss,False,False,0.0,7b88aedfdfbea60aa5127285f0cdfd55926985cb1b41309f0c6405755ea09406,True,,,1,0,1090.890292,1257.12217,6,2108,4,32
20260726_formal4t4_reuse_intensive_FullSync@rho1.2_rep0,0,FullSync@rho1.2,FullSync,22,reuse_intensive:rep0:req22,reuse_intensive,0,1,0,L0001,4096,1,0;1;2;3,False,1785000477.277943,4096,4096,4096,20.889185190200806,False,False,False,False,4096,0.0,4,4,4128.0,False,cache_reused,False,False,0.0,9358c101523836c755711a81b2d63c3e783e183824f45c0cc7d2b921f90eb00f,True,,,1,0,140.661789,403.814236,6,4156,4,4128
20260726_formal4t4_reuse_intensive_FullSync@rho1.2_rep0,0,FullSync@rho1.2,FullSync,23,reuse_intensive:rep0:req23,reuse_intensive,0,0,2,L0000,4096,0,0;1;2;3,False,1785000477.277976,4096,4096,4096,25.3366756439209,False,False,False,False,4096,0.0,4,4,4128.0,False,cache_reused,False,False,0.0,6e1dea86ee1f2250ad8df5d324decb680ded247086857aab2674dbbe59317c0b,True,,,1,0,141.268408,410.87845,6,4156,4,4128
20260726_formal4t4_reuse_intensive_FullSync@rho1.2_rep0,0,FullSync@rho1.2,FullSync,24,reuse_intensive:rep0:req24,reuse_intensive,1,34,0,L0034,1024,1,,False,1785000478.5379107,0,0,0,,False,False,False,False,0,0.0,0,0,32.0,False,cache_miss,False,False,0.0,96fb6802e943f8068ae95d3d63a30d682c050f70e70c9f7e52782a3d409549bc,True,,,1,0,379.25836,518.80283,6,1084,4,32
20260726_formal4t4_reuse_intensive_FullSync@rho1.2_rep0,0,FullSync@rho1.2,FullSync,25,reuse_intensive:rep0:req25,reuse_intensive,1,32,0,L0032,1024,3,,False,1785000478.5379472,0,0,0,,False,False,False,False,0,0.0,0,0,32.0,False,cache_miss,False,False,0.0,1c1d4f31f16deeb0e933275e2c8d52b4505f5962170f2ddbe033168ddb0cb393,True,,,1,0,390.16411,513.495383,6,1084,4,32
20260726_formal4t4_reuse_intensive_FullSync@rho1.2_rep0,0,FullSync@rho1.2,FullSync,26,reuse_intensive:rep0:req26,reuse_intensive,1,33,0,L0033,4096,2,,False,1785000478.5379713,0,0,0,,False,False,False,False,0,0.0,0,0,32.0,False,cache_miss,False,False,0.0,fe5321ae1b524b1ec6a59f48c0253aa37804d822ffed8286733888907a1ac72e,True,,,1,0,3143.882511,3420.436288,6,4156,4,32
20260726_formal4t4_reuse_intensive_FullSync@rho1.2_rep0,0,FullSync@rho1.2,FullSync,27,reuse_intensive:rep0:req27,reuse_intensive,1,32,1,L0032,1024,0,,False,1785000478.5379915,0,0,0,,False,False,False,False,0,0.0,0,0,32.0,False,cache_miss,False,False,0.0,2d11476c52c7d44a65a7125088e2a3c678f53d4fa472ad2ebbc0c3e2070ebd0c,True,,,1,0,440.807468,571.543009,6,1084,4,32
20260726_formal4t4_reuse_intensive_FullSync@rho1.2_rep0,0,FullSync@rho1.2,FullSync,28,reuse_intensive:rep0:req28,reuse_intensive,1,32,2,L0032,1024,1,,False,1785000481.960878,1024,0,0,34.203418254852295,True,True,False,False,0,0.0,0,0,32.0,False,cache_miss,False,False,0.0,7ee056feb2e3b4b4b0ce6634e33428899642b2e86bd6d0aac99f62854750b542,True,,,1,0,412.04291,518.309666,6,1084,4,32
20260726_formal4t4_reuse_intensive_FullSync@rho1.2_rep0,0,FullSync@rho1.2,FullSync,29,reuse_intensive:rep0:req29,reuse_intensive,1,33,1,L0033,4096,0,,False,1785000481.9609165,4096,0,0,34.20345687866211,True,True,False,False,0,0.0,0,0,32.0,False,cache_miss,False,False,0.0,042a8e65439dc457d8ed175974a5ed19547d85c5c8601bbe2552e35c1da3427a,True,,,1,0,3082.330957,3327.748997,6,4156,4,32
20260726_formal4t4_reuse_intensive_FullSync@rho1.2_rep0,0,FullSync@rho1.2,FullSync,30,reuse_intensive:rep0:req30,reuse_intensive,1,36,0,L0036,1024,3,,False,1785000481.960949,0,0,0,,False,False,False,False,0,0.0,0,0,32.0,False,cache_miss,False,False,0.0,f5609d9a230c8b9c64d5d21730677e2d07c0ed2e1fca1074a7263a52e15fc5d7,True,,,1,0,526.635096,660.736581,6,1084,4,32
20260726_formal4t4_reuse_intensive_FullSync@rho1.2_rep0,0,FullSync@rho1.2,FullSync,31,reuse_intensive:rep0:req31,reuse_intensive,1,43,0,L0043,2048,2,,False,1785000481.9609766,0,0,0,,False,False,False,False,0,0.0,0,0,32.0,False,cache_miss,False,False,0.0,05f071cd9a9caabfcde8fa4553a33e1c1aa57ec0404613b967b6f0d99e04304b,True,,,1,0,1107.822073,1293.574418,6,2108,4,32
20260726_formal4t4_reuse_intensive_FullSync@rho1.2_rep0,0,FullSync@rho1.2,FullSync,32,reuse_intensive:rep0:req32,reuse_intensive,1,42,0,L0042,2048,1,,False,1785000485.2906797,0,0,0,,False,False,False,False,0,0.0,0,0,32.0,False,cache_miss,False,False,0.0,2d65f1ceef1b58b59c0d7e85493f3aa20bbbb940768b3f12c1e728472d3a8478,True,,,1,0,1267.19971,1453.14352,6,2108,4,32
20260726_formal4t4_reuse_intensive_FullSync@rho1.2_rep0,0,FullSync@rho1.2,FullSync,33,reuse_intensive:rep0:req33,reuse_intensive,1,35,0,L0035,2048,2,,False,1785000485.2907166,0,0,0,,False,False,False,False,0,0.0,0,0,32.0,False,cache_miss,False,False,0.0,8b19866cfa9da33e556a88e91c07e73a36d72c79ef1722aba338604d3fb9827f,True,,,1,0,1021.219759,1185.404963,6,2108,4,32
20260726_formal4t4_reuse_intensive_FullSync@rho1.2_rep0,0,FullSync@rho1.2,FullSync,34,reuse_intensive:rep0:req34,reuse_intensive,1,37,0,L0037,4096,3,,False,1785000485.2907407,0,0,0,,False,False,False,False,0,0.0,0,0,32.0,False,cache_miss,False,False,0.0,82e4b02878c327157415e79f0523f3dc2551c495f73dc408614b8217bbf0ac20,True,,,1,0,3714.823778,4011.187691,6,4156,4,32
20260726_formal4t4_reuse_intensive_FullSync@rho1.2_rep0,0,FullSync@rho1.2,FullSync,35,reuse_intensive:rep0:req35,reuse_intensive,1,32,0,L0032,1024,0,,False,1785000485.290762,1024,0,0,37.533302307128906,True,True,False,False,0,0.0,0,0,1056.0,False,cache_reused,False,False,0.0,46634a4a163f64fe1b470ee034980419aab7126d0f7ff13b2b2f8870b9e9e8bc,True,,,1,0,65.477969,192.842549,6,1084,4,1056
20260726_formal4t4_reuse_intensive_FullSync@rho1.2_rep0,0,FullSync@rho1.2,FullSync,36,reuse_intensive:rep0:req36,reuse_intensive,1,32,1,L0032,1024,1,,False,1785000489.3922565,1024,0,0,41.63479685783386,True,True,False,False,0,0.0,0,0,1056.0,False,cache_reused,False,False,0.0,ae89da0a337bcf0c790c7d3f61825aac0572c8f921dc96608356a98b6566b7b9,True,,,1,0,86.716814,243.575129,6,1084,4,1056
20260726_formal4t4_reuse_intensive_FullSync@rho1.2_rep0,0,FullSync@rho1.2,FullSync,37,reuse_intensive:rep0:req37,reuse_intensive,1,34,1,L0034,1024,3,,False,1785000489.3922992,1024,0,0,41.63483953475952,True,True,False,False,0,0.0,0,0,32.0,False,cache_miss,False,False,0.0,e0edd103722e77d6dc38b3f08fb883c280505e6fc7a281ed7775cabf9c99cf34,True,,,1,0,512.945428,670.027323,6,1084,4,32
20260726_formal4t4_reuse_intensive_FullSync@rho1.2_rep0,0,FullSync@rho1.2,FullSync,38,reuse_intensive:rep0:req38,reuse_intensive,1,32,2,L0032,1024,2,,False,1785000489.3923237,1024,0,0,41.63486409187317,True,True,False,False,0,0.0,0,0,32.0,False,cache_miss,False,False,0.0,4449df13be6a82367c7610c8cba02c62eac004f9f07b5514b5947f89a19b3b4b,True,,,1,0,562.332797,703.139189,6,1084,4,32
20260726_formal4t4_reuse_intensive_FullSync@rho1.2_rep0,0,FullSync@rho1.2,FullSync,39,reuse_intensive:rep0:req39,reuse_intensive,1,49,0,L0049,4096,0,,False,1785000489.392344,0,0,0,,False,False,False,False,0,0.0,0,0,32.0,False,cache_miss,False,False,0.0,6372455f5d5cf316a37bf817f4feb291fa0b93c280c3d13f1f40477ffde92b77,True,,,1,0,3691.959076,3983.800409,6,4156,4,32
20260726_formal4t4_reuse_intensive_FullSync@rho1.2_rep0,0,FullSync@rho1.2,FullSync,40,reuse_intensive:rep0:req40,reuse_intensive,1,38,0,L0038,4096,1,,False,1785000493.3792305,0,0,0,,False,False,False,False,0,0.0,0,0,32.0,False,cache_miss,False,False,0.0,93827a0f2092173065f83ec2c4c75507f897d2ecc65152d08d5538ea5698e1b6,True,,,1,0,3222.819029,3503.48631,6,4156,4,32
20260726_formal4t4_reuse_intensive_FullSync@rho1.2_rep0,0,FullSync@rho1.2,FullSync,41,reuse_intensive:rep0:req41,reuse_intensive,1,36,1,L0036,1024,0,,False,1785000493.3792682,1024,0,0,45.62180852890015,True,True,False,False,0,0.0,0,0,32.0,False,cache_miss,False,False,0.0,c934e958c647920dd77d77a67a33b9638ffbdf6020f5dfade015d3818cc1ecf9,True,,,1,0,340.133202,452.385996,6,1084,4,32
20260726_formal4t4_reuse_intensive_FullSync@rho1.2_rep0,0,FullSync@rho1.2,FullSync,42,reuse_intensive:rep0:req42,reuse_intensive,1,37,1,L0037,4096,3,,False,1785000493.3792956,4096,0,0,45.62183594703674,True,True,False,False,0,0.0,0,0,4128.0,False,cache_reused,False,False,0.0,b6bb8e4ae8620ee3ff4df30769a25c5a2a7e72715961d066a39fbce2896d2e67,True,,,1,0,253.201435,589.617117,6,4156,4,4128
20260726_formal4t4_reuse_intensive_FullSync@rho1.2_rep0,0,FullSync@rho1.2,FullSync,43,reuse_intensive:rep0:req43,reuse_intensive,1,47,0,L0047,4096,2,,False,1785000493.3793187,0,0,0,,False,False,False,False,0,0.0,0,0,32.0,False,cache_miss,False,False,0.0,dfa12f16c24259b24eedb742066bdfc185eb369af58c96e4c4bcbb39f4d045cd,True,,,1,0,3551.311102,3851.182664,6,4156,4,32
20260726_formal4t4_reuse_intensive_FullSync@rho1.2_rep0,0,FullSync@rho1.2,FullSync,44,reuse_intensive:rep0:req44,reuse_intensive,1,40,0,L0040,1024,1,,False,1785000497.2336001,0,0,0,,False,False,False,False,0,0.0,0,0,32.0,False,cache_miss,False,False,0.0,2efcc5c8c875fdbf57d2000fa399f9c26655c8e6c72c12c6a8cf6081ca221e1a,True,,,1,0,349.095469,469.869459,6,1084,4,32
20260726_formal4t4_reuse_intensive_FullSync@rho1.2_rep0,0,FullSync@rho1.2,FullSync,45,reuse_intensive:rep0:req45,reuse_intensive,1,37,2,L0037,4096,2,,False,1785000497.2336187,4096,0,0,49.47615909576416,True,True,False,False,0,0.0,0,0,32.0,False,cache_miss,False,False,0.0,52c2dd3a98b95d981bcd35b41ad27e145b23c306c4bb3a52fe677ea2976b462f,True,,,1,0,3162.681303,3428.503204,6,4156,4,32
20260726_formal4t4_reuse_intensive_FullSync@rho1.2_rep0,0,FullSync@rho1.2,FullSync,46,reuse_intensive:rep0:req46,reuse_intensive,1,32,0,L0032,1024,3,,False,1785000497.2336307,1024,0,0,49.476171016693115,True,True,False,False,0,0.0,0,0,1056.0,False,cache_reused,False,False,0.0,47dcf418d85c82b4a12a22e7143761830ddc5a2e4e87827ebb104763452a435d,True,,,1,0,86.109382,240.035533,6,1084,4,1056
20260726_formal4t4_reuse_intensive_FullSync@rho1.2_rep0,0,FullSync@rho1.2,FullSync,47,reuse_intensive:rep0:req47,reuse_intensive,1,32,1,L0032,1024,0,,False,1785000497.233642,1024,0,0,49.47618246078491,True,True,False,False,0,0.0,0,0,1056.0,False,cache_reused,False,False,0.0,349969f949f82360b8ad3d9088e107f8ba535c575445abd9e7aa8d215586193d,True,,,1,0,109.678381,310.255986,6,1084,4,1056
20260726_formal4t4_reuse_intensive_FullSync@rho0.4_rep0,0,FullSync@rho0.4,FullSync,12,reuse_intensive:rep0:req12,reuse_intensive,0,0,2,L0000,4096,0,0;1;2;3,False,1785000586.202026,4096,4096,4096,20.785735368728638,False,False,False,False,4096,0.0,4,4,4128.0,False,cache_reused,False,False,0.0,b640318a7b997d1bb56cbc56ac8cf127b6dc084a2a7c54b54917e0c4a597f111,True,,,1,0,158.865597,724.85004,6,4156,4,4128
20260726_formal4t4_reuse_intensive_FullSync@rho0.4_rep0,0,FullSync@rho0.4,FullSync,13,reuse_intensive:rep0:req13,reuse_intensive,0,27,0,L0027,2048,2,,False,1785000586.2020638,0,0,0,,False,False,False,False,0,0.0,0,0,32.0,False,cache_miss,False,False,0.0,f035099e132724e940b77c4dfcd19fafe3519fa9dce223e7f81e458731424336,True,,,1,0,1195.51954,1381.913742,6,2108,4,32
20260726_formal4t4_reuse_intensive_FullSync@rho0.4_rep0,0,FullSync@rho0.4,FullSync,14,reuse_intensive:rep0:req14,reuse_intensive,0,12,1,L0012,4096,0,0,True,1785000586.2020988,4096,4096,4096,3.112016439437866,False,False,False,False,4096,79.92,1,1,4128.0,True,cache_reused,False,False,0.0,6b695a33f7a782d6a25ace8fe9f1a910970dec3cf6925d5c140761ec6889e5cc,True,,,1,0,347.871588,822.341351,6,4156,4,4128
20260726_formal4t4_reuse_intensive_FullSync@rho0.4_rep0,0,FullSync@rho0.4,FullSync,15,reuse_intensive:rep0:req15,reuse_intensive,0,0,0,L0000,4096,3,0;1;2;3,False,1785000586.2021368,4096,4096,4096,1.544023036956787,False,False,False,False,4096,0.0,4,4,4128.0,False,cache_reused,False,False,0.0,385118021bc706c629bad30f8af9cb658db08f04e5ca9c02d9031e13a27a27ae,True,,,1,0,126.952844,409.306578,6,4156,4,4128
20260726_formal4t4_reuse_intensive_FullSync@rho0.4_rep0,0,FullSync@rho0.4,FullSync,16,reuse_intensive:rep0:req16,reuse_intensive,0,6,0,L0006,2048,3,0;1;2;3,False,1785000587.586668,2048,2048,2048,8.894048690795898,False,False,False,False,2048,0.0,4,4,2080.0,False,cache_reused,False,False,0.0,06afd52634813aebf7ab1dd46659252f516b0792647aca3dd0a98ff8089d9833,True,,,1,0,105.300883,320.413209,6,2108,4,2080
20260726_formal4t4_reuse_intensive_FullSync@rho0.4_rep0,0,FullSync@rho0.4,FullSync,17,reuse_intensive:rep0:req17,reuse_intensive,0,5,0,L0005,2048,2,0;1;2;3,False,1785000587.5867174,2048,2048,2048,10.50112271308899,False,False,False,False,2048,0.0,4,4,2080.0,False,cache_reused,False,False,0.0,351645ec35629efef0db3465ca62f35a9dd351136005167addcfb46d37347fc0,True,,,1,0,92.45868,271.577029,6,2108,4,2080
20260726_formal4t4_reuse_intensive_FullSync@rho0.4_rep0,0,FullSync@rho0.4,FullSync,18,reuse_intensive:rep0:req18,reuse_intensive,0,0,1,L0000,4096,1,0;1;2;3,False,1785000587.5867538,4096,4096,4096,4.4964821338653564,False,False,False,False,4096,0.0,4,4,4128.0,False,cache_reused,False,False,0.0,ef3ca750a7886031b518909d8c4974a48716113e4b26106274338fde62af6a26,True,,,1,0,251.737405,556.768042,6,4156,4,4128
20260726_formal4t4_reuse_intensive_FullSync@rho0.4_rep0,0,FullSync@rho0.4,FullSync,19,reuse_intensive:rep0:req19,reuse_intensive,0,8,0,L0008,1024,0,,False,1785000587.586792,0,0,0,,False,False,False,False,0,0.0,0,0,32.0,False,cache_miss,False,False,0.0,facfdcff2470f36156a07ee138c9e490ba3aa6cbbdef85e2442b73d6347b985b,True,,,1,0,440.581809,576.68951,6,1084,4,32
20260726_formal4t4_reuse_intensive_FullSync@rho0.4_rep0,0,FullSync@rho0.4,FullSync,20,reuse_intensive:rep0:req20,reuse_intensive,0,1,2,L0001,4096,2,0;1;2;3,False,1785000588.1669016,4096,4096,4096,1.964961051940918,False,False,False,False,4096,0.0,4,4,4128.0,False,cache_reused,False,False,0.0,881525960998e61bbc82ab8d5b22b6f61e0ef36f8a8bc046f428b50dacb6c582,True,,,1,0,138.520472,405.091339,6,4156,4,4128
20260726_formal4t4_reuse_intensive_FullSync@rho0.4_rep0,0,FullSync@rho0.4,FullSync,21,reuse_intensive:rep0:req21,reuse_intensive,0,24,0,L0024,2048,0,,False,1785000588.1669412,0,0,0,,False,False,False,False,0,0.0,0,0,32.0,False,cache_miss,False,False,0.0,7b88aedfdfbea60aa5127285f0cdfd55926985cb1b41309f0c6405755ea09406,True,,,1,0,1212.057862,1397.922105,6,2108,4,32
20260726_formal4t4_reuse_intensive_FullSync@rho0.4_rep0,0,FullSync@rho0.4,FullSync,22,reuse_intensive:rep0:req22,reuse_intensive,0,1,0,L0001,4096,3,0;1;2;3,False,1785000588.1669834,4096,4096,4096,19.216158628463745,False,False,False,False,4096,0.0,4,4,4128.0,False,cache_reused,False,False,0.0,9358c101523836c755711a81b2d63c3e783e183824f45c0cc7d2b921f90eb00f,True,,,1,0,142.854598,415.348886,6,4156,4,4128
20260726_formal4t4_reuse_intensive_FullSync@rho0.4_rep0,0,FullSync@rho0.4,FullSync,23,reuse_intensive:rep0:req23,reuse_intensive,0,0,2,L0000,4096,1,0;1;2;3,False,1785000588.1670182,4096,4096,4096,5.076746463775635,False,False,False,False,4096,0.0,4,4,4128.0,False,cache_reused,False,False,0.0,6e1dea86ee1f2250ad8df5d324decb680ded247086857aab2674dbbe59317c0b,True,,,1,0,141.986446,408.842881,6,4156,4,4128
20260726_formal4t4_reuse_intensive_FullSync@rho0.4_rep0,0,FullSync@rho0.4,FullSync,24,reuse_intensive:rep0:req24,reuse_intensive,1,34,0,L0034,1024,1,,False,1785000589.5676515,0,0,0,,False,False,False,False,0,0.0,0,0,32.0,False,cache_miss,False,False,0.0,96fb6802e943f8068ae95d3d63a30d682c050f70e70c9f7e52782a3d409549bc,True,,,1,0,331.792431,444.202223,6,1084,4,32
20260726_formal4t4_reuse_intensive_FullSync@rho0.4_rep0,0,FullSync@rho0.4,FullSync,25,reuse_intensive:rep0:req25,reuse_intensive,1,32,0,L0032,1024,0,,False,1785000589.5676892,0,0,0,,False,False,False,False,0,0.0,0,0,32.0,False,cache_miss,False,False,0.0,1c1d4f31f16deeb0e933275e2c8d52b4505f5962170f2ddbe033168ddb0cb393,True,,,1,0,448.554503,584.41382,6,1084,4,32
20260726_formal4t4_reuse_intensive_FullSync@rho0.4_rep0,0,FullSync@rho0.4,FullSync,26,reuse_intensive:rep0:req26,reuse_intensive,1,33,0,L0033,4096,3,,False,1785000589.5677137,0,0,0,,False,False,False,False,0,0.0,0,0,32.0,False,cache_miss,False,False,0.0,fe5321ae1b524b1ec6a59f48c0253aa37804d822ffed8286733888907a1ac72e,True,,,1,0,3571.883165,3852.558398,6,4156,4,32
20260726_formal4t4_reuse_intensive_FullSync@rho0.4_rep0,0,FullSync@rho0.4,FullSync,27,reuse_intensive:rep0:req27,reuse_intensive,1,32,1,L0032,1024,2,,False,1785000589.5677347,0,0,0,,False,False,False,False,0,0.0,0,0,32.0,False,cache_miss,False,False,0.0,2d11476c52c7d44a65a7125088e2a3c678f53d4fa472ad2ebbc0c3e2070ebd0c,True,,,1,0,412.026158,535.824007,6,1084,4,32
20260726_formal4t4_reuse_intensive_FullSync@rho0.4_rep0,0,FullSync@rho0.4,FullSync,28,reuse_intensive:rep0:req28,reuse_intensive,1,32,2,L0032,1024,1,,False,1785000593.42277,1024,0,0,32.06023454666138,True,True,False,False,0,0.0,0,0,32.0,False,cache_miss,False,False,0.0,7ee056feb2e3b4b4b0ce6634e33428899642b2e86bd6d0aac99f62854750b542,True,,,1,0,503.206412,627.182513,6,1084,4,32
20260726_formal4t4_reuse_intensive_FullSync@rho0.4_rep0,0,FullSync@rho0.4,FullSync,29,reuse_intensive:rep0:req29,reuse_intensive,1,33,1,L0033,4096,2,,False,1785000593.4228354,4096,0,0,32.06029987335205,True,True,False,False,0,0.0,0,0,32.0,False,cache_miss,False,False,0.0,042a8e65439dc457d8ed175974a5ed19547d85c5c8601bbe2552e35c1da3427a,True,,,1,0,3138.382911,3417.57959,6,4156,4,32
20260726_formal4t4_reuse_intensive_FullSync@rho0.4_rep0,0,FullSync@rho0.4,FullSync,30,reuse_intensive:rep0:req30,reuse_intensive,1,36,0,L0036,1024,3,,False,1785000593.4228723,0,0,0,,False,False,False,False,0,0.0,0,0,32.0,False,cache_miss,False,False,0.0,f5609d9a230c8b9c64d5d21730677e2d07c0ed2e1fca1074a7263a52e15fc5d7,True,,,1,0,472.634527,617.682272,6,1084,4,32
20260726_formal4t4_reuse_intensive_FullSync@rho0.4_rep0,0,FullSync@rho0.4,FullSync,31,reuse_intensive:rep0:req31,reuse_intensive,1,43,0,L0043,2048,0,,False,1785000593.4228954,0,0,0,,False,False,False,False,0,0.0,0,0,32.0,False,cache_miss,False,False,0.0,05f071cd9a9caabfcde8fa4553a33e1c1aa57ec0404613b967b6f0d99e04304b,True,,,1,0,1313.753657,1502.73938,6,2108,4,32
20260726_formal4t4_reuse_intensive_FullSync@rho0.4_rep0,0,FullSync@rho0.4,FullSync,32,reuse_intensive:rep0:req32,reuse_intensive,1,42,0,L0042,2048,1,,False,1785000596.8424778,0,0,0,,False,False,False,False,0,0.0,0,0,32.0,False,cache_miss,False,False,0.0,2d65f1ceef1b58b59c0d7e85493f3aa20bbbb940768b3f12c1e728472d3a8478,True,,,1,0,1314.221729,1493.992064,6,2108,4,32
20260726_formal4t4_reuse_intensive_FullSync@rho0.4_rep0,0,FullSync@rho0.4,FullSync,33,reuse_intensive:rep0:req33,reuse_intensive,1,35,0,L0035,2048,3,,False,1785000596.842514,0,0,0,,False,False,False,False,0,0.0,0,0,32.0,False,cache_miss,False,False,0.0,8b19866cfa9da33e556a88e91c07e73a36d72c79ef1722aba338604d3fb9827f,True,,,1,0,1339.954381,1521.954876,6,2108,4,32
20260726_formal4t4_reuse_intensive_FullSync@rho0.4_rep0,0,FullSync@rho0.4,FullSync,34,reuse_intensive:rep0:req34,reuse_intensive,1,37,0,L0037,4096,2,,False,1785000596.8425467,0,0,0,,False,False,False,False,0,0.0,0,0,32.0,False,cache_miss,False,False,0.0,82e4b02878c327157415e79f0523f3dc2551c495f73dc408614b8217bbf0ac20,True,,,1,0,3528.712613,3838.684948,6,4156,4,32
20260726_formal4t4_reuse_intensive_FullSync@rho0.4_rep0,0,FullSync@rho0.4,FullSync,35,reuse_intensive:rep0:req35,reuse_intensive,1,32,0,L0032,1024,0,0;2,False,1785000596.8425925,1024,1024,1024,3.420588493347168,False,False,False,False,1024,0.0,2,2,1056.0,False,cache_reused,False,False,0.0,46634a4a163f64fe1b470ee034980419aab7126d0f7ff13b2b2f8870b9e9e8bc,True,,,1,0,96.999631,261.781359,6,1084,4,1056
20260726_formal4t4_reuse_intensive_FullSync@rho0.4_rep0,0,FullSync@rho0.4,FullSync,36,reuse_intensive:rep0:req36,reuse_intensive,1,32,1,L0032,1024,2,0;1;2,False,1785000600.7740245,1024,1024,1024,7.351433992385864,False,False,False,False,1024,0.0,3,3,1056.0,False,cache_reused,False,False,0.0,ae89da0a337bcf0c790c7d3f61825aac0572c8f921dc96608356a98b6566b7b9,True,,,1,0,58.576844,179.15192,6,1084,4,1056
20260726_formal4t4_reuse_intensive_FullSync@rho0.4_rep0,0,FullSync@rho0.4,FullSync,37,reuse_intensive:rep0:req37,reuse_intensive,1,34,1,L0034,1024,1,1,True,1785000600.7740571,1024,1024,1024,7.3523008823394775,False,False,False,False,1024,20.48,1,1,1056.0,True,cache_reused,False,False,0.0,e0edd103722e77d6dc38b3f08fb883c280505e6fc7a281ed7775cabf9c99cf34,True,,,1,0,88.135155,243.617672,6,1084,4,1056
20260726_formal4t4_reuse_intensive_FullSync@rho0.4_rep0,0,FullSync@rho0.4,FullSync,38,reuse_intensive:rep0:req38,reuse_intensive,1,32,2,L0032,1024,0,0;1;2,False,1785000600.7740808,1024,1024,1024,7.352076768875122,False,False,False,False,1024,0.0,3,3,1056.0,False,cache_reused,False,False,0.0,4449df13be6a82367c7610c8cba02c62eac004f9f07b5514b5947f89a19b3b4b,True,,,1,0,95.668941,299.494169,6,1084,4,1056
20260726_formal4t4_reuse_intensive_FullSync@rho0.4_rep0,0,FullSync@rho0.4,FullSync,39,reuse_intensive:rep0:req39,reuse_intensive,1,49,0,L0049,4096,3,,False,1785000600.774096,0,0,0,,False,False,False,False,0,0.0,0,0,32.0,False,cache_miss,False,False,0.0,6372455f5d5cf316a37bf817f4feb291fa0b93c280c3d13f1f40477ffde92b77,True,,,1,0,3146.144713,3413.557355,6,4156,4,32
20260726_formal4t4_reuse_intensive_FullSync@rho0.4_rep0,0,FullSync@rho0.4,FullSync,40,reuse_intensive:rep0:req40,reuse_intensive,1,38,0,L0038,4096,1,,False,1785000604.1899598,0,0,0,,False,False,False,False,0,0.0,0,0,32.0,False,cache_miss,False,False,0.0,93827a0f2092173065f83ec2c4c75507f897d2ecc65152d08d5538ea5698e1b6,True,,,1,0,3193.778233,3460.548404,6,4156,4,32
20260726_formal4t4_reuse_intensive_FullSync@rho0.4_rep0,0,FullSync@rho0.4,FullSync,41,reuse_intensive:rep0:req41,reuse_intensive,1,36,1,L0036,1024,3,3,False,1785000604.1900275,1024,1024,1024,7.347982883453369,False,False,False,False,1024,0.0,1,1,1056.0,False,cache_reused,False,False,0.0,c934e958c647920dd77d77a67a33b9638ffbdf6020f5dfade015d3818cc1ecf9,True,,,1,0,68.372291,205.88773,6,1084,4,1056
20260726_formal4t4_reuse_intensive_FullSync@rho0.4_rep0,0,FullSync@rho0.4,FullSync,42,reuse_intensive:rep0:req42,reuse_intensive,1,37,1,L0037,4096,2,2,True,1785000604.1900659,4096,4096,4096,3.5065507888793945,False,False,False,False,4096,81.92,1,1,4128.0,True,cache_reused,False,False,0.0,b6bb8e4ae8620ee3ff4df30769a25c5a2a7e72715961d066a39fbce2896d2e67,True,,,1,0,257.224586,611.608449,6,4156,4,4128
20260726_formal4t4_reuse_intensive_FullSync@rho0.4_rep0,0,FullSync@rho0.4,FullSync,43,reuse_intensive:rep0:req43,reuse_intensive,1,47,0,L0047,4096,0,,False,1785000604.190103,0,0,0,,False,False,False,False,0,0.0,0,0,32.0,False,cache_miss,False,False,0.0,dfa12f16c24259b24eedb742066bdfc185eb369af58c96e4c4bcbb39f4d045cd,True,,,1,0,2963.651027,3226.183453,6,4156,4,32
20260726_formal4t4_reuse_intensive_FullSync@rho0.4_rep0,0,FullSync@rho0.4,FullSync,44,reuse_intensive:rep0:req44,reuse_intensive,1,40,0,L0040,1024,3,,False,1785000607.6523335,0,0,0,,False,False,False,False,0,0.0,0,0,32.0,False,cache_miss,False,False,0.0,2efcc5c8c875fdbf57d2000fa399f9c26655c8e6c72c12c6a8cf6081ca221e1a,True,,,1,0,531.949278,665.10511,6,1084,4,32
20260726_formal4t4_reuse_intensive_FullSync@rho0.4_rep0,0,FullSync@rho0.4,FullSync,45,reuse_intensive:rep0:req45,reuse_intensive,1,37,2,L0037,4096,2,2,False,1785000607.6523838,4096,4096,4096,6.968868732452393,False,False,False,False,4096,0.0,1,1,4128.0,False,cache_reused,False,False,0.0,52c2dd3a98b95d981bcd35b41ad27e145b23c306c4bb3a52fe677ea2976b462f,True,,,1,0,238.939646,600.273341,6,4156,4,4128
20260726_formal4t4_reuse_intensive_FullSync@rho0.4_rep0,0,FullSync@rho0.4,FullSync,46,reuse_intensive:rep0:req46,reuse_intensive,1,32,0,L0032,1024,0,0;1;2,False,1785000607.652426,1024,1024,1024,3.4630398750305176,False,False,False,False,1024,0.0,3,3,1056.0,False,cache_reused,False,False,0.0,47dcf418d85c82b4a12a22e7143761830ddc5a2e4e87827ebb104763452a435d,True,,,1,0,63.64124,199.489498,6,1084,4,1056
20260726_formal4t4_reuse_intensive_FullSync@rho0.4_rep0,0,FullSync@rho0.4,FullSync,47,reuse_intensive:rep0:req47,reuse_intensive,1,32,1,L0032,1024,1,0;1;2,False,1785000607.6524606,1024,1024,1024,10.811026573181152,False,False,False,False,1024,0.0,3,3,1056.0,False,cache_reused,False,False,0.0,349969f949f82360b8ad3d9088e107f8ba535c575445abd9e7aa8d215586193d,True,,,1,0,64.261685,185.567349,6,1084,4,1056
20260726_formal4t4_reuse_intensive_Adaptive@rho1.0_rep0,0,Adaptive@rho1.0,Adaptive,12,reuse_intensive:rep0:req12,reuse_intensive,0,0,2,L0000,4096,0,0;2,True,1785000638.7748358,4096,4096,4096,20.837148427963257,False,False,False,False,4096,81.92,2,2,4128.0,True,cache_reused,False,False,0.0,b640318a7b997d1bb56cbc56ac8cf127b6dc084a2a7c54b54917e0c4a597f111,True,,,1,0,149.782302,463.100882,6,4156,4,4128
20260726_formal4t4_reuse_intensive_Adaptive@rho1.0_rep0,0,Adaptive@rho1.0,Adaptive,13,reuse_intensive:rep0:req13,reuse_intensive,0,27,0,L0027,2048,1,,False,1785000638.7748764,0,0,0,,False,False,False,False,0,0.0,0,0,32.0,False,cache_miss,False,False,0.0,f035099e132724e940b77c4dfcd19fafe3519fa9dce223e7f81e458731424336,True,,,1,0,1217.606988,1408.941747,6,2108,4,32
20260726_formal4t4_reuse_intensive_Adaptive@rho1.0_rep0,0,Adaptive@rho1.0,Adaptive,14,reuse_intensive:rep0:req14,reuse_intensive,0,12,1,L0012,4096,2,,False,1785000638.7749012,4096,0,0,24.851699590682983,True,True,False,False,0,0.0,0,0,32.0,False,cache_miss,False,False,0.0,6b695a33f7a782d6a25ace8fe9f1a910970dec3cf6925d5c140761ec6889e5cc,True,,,1,0,3614.468918,3919.871183,6,4156,4,32
20260726_formal4t4_reuse_intensive_Adaptive@rho1.0_rep0,0,Adaptive@rho1.0,Adaptive,15,reuse_intensive:rep0:req15,reuse_intensive,0,0,0,L0000,4096,0,0;2,True,1785000638.7749367,4096,4096,4096,20.837249279022217,False,False,False,False,4096,79.92,2,2,4128.0,True,cache_reused,False,False,0.0,385118021bc706c629bad30f8af9cb658db08f04e5ca9c02d9031e13a27a27ae,True,,,1,0,254.848837,556.129985,6,4156,4,4128
20260726_formal4t4_reuse_intensive_Adaptive@rho1.0_rep0,0,Adaptive@rho1.0,Adaptive,16,reuse_intensive:rep0:req16,reuse_intensive,0,6,0,L0006,2048,0,0;3,True,1785000642.6980035,2048,2048,2048,11.28693675994873,False,False,False,False,2048,40.96,2,2,2080.0,True,cache_reused,False,False,0.0,06afd52634813aebf7ab1dd46659252f516b0792647aca3dd0a98ff8089d9833,True,,,1,0,174.605814,426.465038,6,2108,4,2080
20260726_formal4t4_reuse_intensive_Adaptive@rho1.0_rep0,0,Adaptive@rho1.0,Adaptive,17,reuse_intensive:rep0:req17,reuse_intensive,0,5,0,L0005,2048,3,0;3,True,1785000642.6980534,2048,2048,2048,12.676757574081421,False,False,False,False,2048,40.96,2,2,2080.0,True,cache_reused,False,False,0.0,351645ec35629efef0db3465ca62f35a9dd351136005167addcfb46d37347fc0,True,,,1,0,164.41976,418.086024,6,2108,4,2080
20260726_formal4t4_reuse_intensive_Adaptive@rho1.0_rep0,0,Adaptive@rho1.0,Adaptive,18,reuse_intensive:rep0:req18,reuse_intensive,0,0,1,L0000,4096,2,0;2,False,1785000642.6980906,4096,4096,4096,24.760213375091553,False,False,False,False,4096,0.0,2,2,4128.0,False,cache_reused,False,False,0.0,ef3ca750a7886031b518909d8c4974a48716113e4b26106274338fde62af6a26,True,,,1,0,133.272176,438.078031,6,4156,4,4128
20260726_formal4t4_reuse_intensive_Adaptive@rho1.0_rep0,0,Adaptive@rho1.0,Adaptive,19,reuse_intensive:rep0:req19,reuse_intensive,0,8,0,L0008,1024,1,,False,1785000642.698115,0,0,0,,False,False,False,False,0,0.0,0,0,32.0,False,cache_miss,False,False,0.0,facfdcff2470f36156a07ee138c9e490ba3aa6cbbdef85e2442b73d6347b985b,True,,,1,0,441.167355,571.395213,6,1084,4,32
20260726_formal4t4_reuse_intensive_Adaptive@rho1.0_rep0,0,Adaptive@rho1.0,Adaptive,20,reuse_intensive:rep0:req20,reuse_intensive,0,1,2,L0001,4096,0,0;3,False,1785000643.2729237,4096,4096,4096,21.666409015655518,False,False,False,False,4096,0.0,2,2,4128.0,False,cache_reused,False,False,0.0,881525960998e61bbc82ab8d5b22b6f61e0ef36f8a8bc046f428b50dacb6c582,True,,,1,0,148.518995,662.05264,6,4156,4,4128
20260726_formal4t4_reuse_intensive_Adaptive@rho1.0_rep0,0,Adaptive@rho1.0,Adaptive,21,reuse_intensive:rep0:req21,reuse_intensive,0,24,0,L0024,2048,2,,False,1785000643.2729616,0,0,0,,False,False,False,False,0,0.0,0,0,32.0,False,cache_miss,False,False,0.0,7b88aedfdfbea60aa5127285f0cdfd55926985cb1b41309f0c6405755ea09406,True,,,1,0,1112.628263,1293.992291,6,2108,4,32
20260726_formal4t4_reuse_intensive_Adaptive@rho1.0_rep0,0,Adaptive@rho1.0,Adaptive,22,reuse_intensive:rep0:req22,reuse_intensive,0,1,0,L0001,4096,3,0;3,False,1785000643.2730007,4096,4096,4096,21.66630244255066,False,False,False,False,4096,0.0,2,2,4128.0,False,cache_reused,False,False,0.0,9358c101523836c755711a81b2d63c3e783e183824f45c0cc7d2b921f90eb00f,True,,,1,0,147.269223,433.427242,6,4156,4,4128
20260726_formal4t4_reuse_intensive_Adaptive@rho1.0_rep0,0,Adaptive@rho1.0,Adaptive,23,reuse_intensive:rep0:req23,reuse_intensive,0,0,2,L0000,4096,0,0;2,True,1785000643.2730331,4096,4096,4096,25.33534574508667,False,False,False,False,4096,79.92,2,2,4128.0,True,cache_reused,False,False,0.0,6e1dea86ee1f2250ad8df5d324decb680ded247086857aab2674dbbe59317c0b,True,,,1,0,318.95152,755.594974,6,4156,4,4128
20260726_formal4t4_reuse_intensive_Adaptive@rho1.0_rep0,0,Adaptive@rho1.0,Adaptive,24,reuse_intensive:rep0:req24,reuse_intensive,1,34,0,L0034,1024,3,,False,1785000644.569616,0,0,0,,False,False,False,False,0,0.0,0,0,32.0,False,cache_miss,False,False,0.0,96fb6802e943f8068ae95d3d63a30d682c050f70e70c9f7e52782a3d409549bc,True,,,1,0,391.225283,516.537937,6,1084,4,32
20260726_formal4t4_reuse_intensive_Adaptive@rho1.0_rep0,0,Adaptive@rho1.0,Adaptive,25,reuse_intensive:rep0:req25,reuse_intensive,1,32,0,L0032,1024,1,,False,1785000644.5696516,0,0,0,,False,False,False,False,0,0.0,0,0,32.0,False,cache_miss,False,False,0.0,1c1d4f31f16deeb0e933275e2c8d52b4505f5962170f2ddbe033168ddb0cb393,True,,,1,0,359.733341,481.763837,6,1084,4,32
20260726_formal4t4_reuse_intensive_Adaptive@rho1.0_rep0,0,Adaptive@rho1.0,Adaptive,26,reuse_intensive:rep0:req26,reuse_intensive,1,33,0,L0033,4096,2,,False,1785000644.569676,0,0,0,,False,False,False,False,0,0.0,0,0,32.0,False,cache_miss,False,False,0.0,fe5321ae1b524b1ec6a59f48c0253aa37804d822ffed8286733888907a1ac72e,True,,,1,0,3153.663974,3425.548328,6,4156,4,32
20260726_formal4t4_reuse_intensive_Adaptive@rho1.0_rep0,0,Adaptive@rho1.0,Adaptive,27,reuse_intensive:rep0:req27,reuse_intensive,1,32,1,L0032,1024,0,,False,1785000644.5696955,0,0,0,,False,False,False,False,0,0.0,0,0,32.0,False,cache_miss,False,False,0.0,2d11476c52c7d44a65a7125088e2a3c678f53d4fa472ad2ebbc0c3e2070ebd0c,True,,,1,0,317.604722,429.27597,6,1084,4,32
20260726_formal4t4_reuse_intensive_Adaptive@rho1.0_rep0,0,Adaptive@rho1.0,Adaptive,28,reuse_intensive:rep0:req28,reuse_intensive,1,32,2,L0032,1024,3,,False,1785000647.9975402,1024,0,0,34.07433867454529,True,True,False,False,0,0.0,0,0,32.0,False,cache_miss,False,False,0.0,7ee056feb2e3b4b4b0ce6634e33428899642b2e86bd6d0aac99f62854750b542,True,,,1,0,485.400368,607.378089,6,1084,4,32
20260726_formal4t4_reuse_intensive_Adaptive@rho1.0_rep0,0,Adaptive@rho1.0,Adaptive,29,reuse_intensive:rep0:req29,reuse_intensive,1,33,1,L0033,4096,2,,False,1785000647.997579,4096,0,0,34.07437753677368,True,True,False,False,0,0.0,0,0,4128.0,False,cache_reused,False,False,0.0,042a8e65439dc457d8ed175974a5ed19547d85c5c8601bbe2552e35c1da3427a,True,,,1,0,142.712453,417.808566,6,4156,4,4128
20260726_formal4t4_reuse_intensive_Adaptive@rho1.0_rep0,0,Adaptive@rho1.0,Adaptive,30,reuse_intensive:rep0:req30,reuse_intensive,1,36,0,L0036,1024,1,,False,1785000647.9976046,0,0,0,,False,False,False,False,0,0.0,0,0,32.0,False,cache_miss,False,False,0.0,f5609d9a230c8b9c64d5d21730677e2d07c0ed2e1fca1074a7263a52e15fc5d7,True,,,1,0,572.153207,717.715863,6,1084,4,32
20260726_formal4t4_reuse_intensive_Adaptive@rho1.0_rep0,0,Adaptive@rho1.0,Adaptive,31,reuse_intensive:rep0:req31,reuse_intensive,1,43,0,L0043,2048,0,,False,1785000647.997626,0,0,0,,False,False,False,False,0,0.0,0,0,32.0,False,cache_miss,False,False,0.0,05f071cd9a9caabfcde8fa4553a33e1c1aa57ec0404613b967b6f0d99e04304b,True,,,1,0,1096.441813,1261.098277,6,2108,4,32
20260726_formal4t4_reuse_intensive_Adaptive@rho1.0_rep0,0,Adaptive@rho1.0,Adaptive,32,reuse_intensive:rep0:req32,reuse_intensive,1,42,0,L0042,2048,3,,False,1785000649.2620208,0,0,0,,False,False,False,False,0,0.0,0,0,32.0,False,cache_miss,False,False,0.0,2d65f1ceef1b58b59c0d7e85493f3aa20bbbb940768b3f12c1e728472d3a8478,True,,,1,0,1077.608023,1237.741822,6,2108,4,32
20260726_formal4t4_reuse_intensive_Adaptive@rho1.0_rep0,0,Adaptive@rho1.0,Adaptive,33,reuse_intensive:rep0:req33,reuse_intensive,1,35,0,L0035,2048,0,,False,1785000649.262058,0,0,0,,False,False,False,False,0,0.0,0,0,32.0,False,cache_miss,False,False,0.0,8b19866cfa9da33e556a88e91c07e73a36d72c79ef1722aba338604d3fb9827f,True,,,1,0,933.248274,1105.43748,6,2108,4,32
20260726_formal4t4_reuse_intensive_Adaptive@rho1.0_rep0,0,Adaptive@rho1.0,Adaptive,34,reuse_intensive:rep0:req34,reuse_intensive,1,37,0,L0037,4096,2,,False,1785000649.262082,0,0,0,,False,False,False,False,0,0.0,0,0,32.0,False,cache_miss,False,False,0.0,82e4b02878c327157415e79f0523f3dc2551c495f73dc408614b8217bbf0ac20,True,,,1,0,3748.423225,4049.4669,6,4156,4,32
20260726_formal4t4_reuse_intensive_Adaptive@rho1.0_rep0,0,Adaptive@rho1.0,Adaptive,35,reuse_intensive:rep0:req35,reuse_intensive,1,32,0,L0032,1024,1,,False,1785000649.262103,1024,0,0,35.33890151977539,True,True,False,False,0,0.0,0,0,1056.0,False,cache_reused,False,False,0.0,46634a4a163f64fe1b470ee034980419aab7126d0f7ff13b2b2f8870b9e9e8bc,True,,,1,0,60.915819,174.885371,6,1084,4,1056
20260726_formal4t4_reuse_intensive_Adaptive@rho1.0_rep0,0,Adaptive@rho1.0,Adaptive,36,reuse_intensive:rep0:req36,reuse_intensive,1,32,1,L0032,1024,3,,False,1785000653.3989213,1024,0,0,39.475719690322876,True,True,False,False,0,0.0,0,0,1056.0,False,cache_reused,False,False,0.0,ae89da0a337bcf0c790c7d3f61825aac0572c8f921dc96608356a98b6566b7b9,True,,,1,0,93.819369,295.870709,6,1084,4,1056
20260726_formal4t4_reuse_intensive_Adaptive@rho1.0_rep0,0,Adaptive@rho1.0,Adaptive,37,reuse_intensive:rep0:req37,reuse_intensive,1,34,1,L0034,1024,1,,False,1785000653.3989437,1024,0,0,39.47574210166931,True,True,False,False,0,0.0,0,0,32.0,False,cache_miss,False,False,0.0,e0edd103722e77d6dc38b3f08fb883c280505e6fc7a281ed7775cabf9c99cf34,True,,,1,0,523.703034,653.019849,6,1084,4,32
20260726_formal4t4_reuse_intensive_Adaptive@rho1.0_rep0,0,Adaptive@rho1.0,Adaptive,38,reuse_intensive:rep0:req38,reuse_intensive,1,32,2,L0032,1024,2,,False,1785000653.3989549,1024,0,0,39.47575330734253,True,True,False,False,0,0.0,0,0,32.0,False,cache_miss,False,False,0.0,4449df13be6a82367c7610c8cba02c62eac004f9f07b5514b5947f89a19b3b4b,True,,,1,0,467.807192,617.675117,6,1084,4,32
20260726_formal4t4_reuse_intensive_Adaptive@rho1.0_rep0,0,Adaptive@rho1.0,Adaptive,39,reuse_intensive:rep0:req39,reuse_intensive,1,49,0,L0049,4096,0,,False,1785000653.3989642,0,0,0,,False,False,False,False,0,0.0,0,0,32.0,False,cache_miss,False,False,0.0,6372455f5d5cf316a37bf817f4feb291fa0b93c280c3d13f1f40477ffde92b77,True,,,1,0,3491.898387,3789.816773,6,4156,4,32
20260726_formal4t4_reuse_intensive_Adaptive@rho1.0_rep0,0,Adaptive@rho1.0,Adaptive,40,reuse_intensive:rep0:req40,reuse_intensive,1,38,0,L0038,4096,3,,False,1785000657.1908786,0,0,0,,False,False,False,False,0,0.0,0,0,32.0,False,cache_miss,False,False,0.0,93827a0f2092173065f83ec2c4c75507f897d2ecc65152d08d5538ea5698e1b6,True,,,1,0,3948.269221,4247.620673,6,4156,4,32
20260726_formal4t4_reuse_intensive_Adaptive@rho1.0_rep0,0,Adaptive@rho1.0,Adaptive,41,reuse_intensive:rep0:req41,reuse_intensive,1,36,1,L0036,1024,2,,False,1785000657.190917,1024,0,0,43.26771545410156,True,True,False,False,0,0.0,0,0,32.0,False,cache_miss,False,False,0.0,c934e958c647920dd77d77a67a33b9638ffbdf6020f5dfade015d3818cc1ecf9,True,,,1,0,520.282154,647.95673,6,1084,4,32
20260726_formal4t4_reuse_intensive_Adaptive@rho1.0_rep0,0,Adaptive@rho1.0,Adaptive,42,reuse_intensive:rep0:req42,reuse_intensive,1,37,1,L0037,4096,1,,False,1785000657.1909456,4096,0,0,43.267744064331055,True,True,False,False,0,0.0,0,0,32.0,False,cache_miss,False,False,0.0,b6bb8e4ae8620ee3ff4df30769a25c5a2a7e72715961d066a39fbce2896d2e67,True,,,1,0,3350.149865,3631.578069,6,4156,4,32
20260726_formal4t4_reuse_intensive_Adaptive@rho1.0_rep0,0,Adaptive@rho1.0,Adaptive,43,reuse_intensive:rep0:req43,reuse_intensive,1,47,0,L0047,4096,0,,False,1785000657.1909685,0,0,0,,False,False,False,False,0,0.0,0,0,32.0,False,cache_miss,False,False,0.0,dfa12f16c24259b24eedb742066bdfc185eb369af58c96e4c4bcbb39f4d045cd,True,,,1,0,3609.621672,3933.436419,6,4156,4,32
20260726_formal4t4_reuse_intensive_Adaptive@rho1.0_rep0,0,Adaptive@rho1.0,Adaptive,44,reuse_intensive:rep0:req44,reuse_intensive,1,40,0,L0040,1024,3,,False,1785000661.4406843,0,0,0,,False,False,False,False,0,0.0,0,0,32.0,False,cache_miss,False,False,0.0,2efcc5c8c875fdbf57d2000fa399f9c26655c8e6c72c12c6a8cf6081ca221e1a,True,,,1,0,362.960606,491.126427,6,1084,4,32
20260726_formal4t4_reuse_intensive_Adaptive@rho1.0_rep0,0,Adaptive@rho1.0,Adaptive,45,reuse_intensive:rep0:req45,reuse_intensive,1,37,2,L0037,4096,0,,False,1785000661.4407284,4096,0,0,47.51752686500549,True,True,False,False,0,0.0,0,0,32.0,False,cache_miss,False,False,0.0,52c2dd3a98b95d981bcd35b41ad27e145b23c306c4bb3a52fe677ea2976b462f,True,,,1,0,3191.051115,3475.556471,6,4156,4,32
20260726_formal4t4_reuse_intensive_Adaptive@rho1.0_rep0,0,Adaptive@rho1.0,Adaptive,46,reuse_intensive:rep0:req46,reuse_intensive,1,32,0,L0032,1024,2,,False,1785000661.4407585,1024,0,0,47.51755690574646,True,True,False,False,0,0.0,0,0,1056.0,False,cache_reused,False,False,0.0,47dcf418d85c82b4a12a22e7143761830ddc5a2e4e87827ebb104763452a435d,True,,,1,0,129.628622,333.818042,6,1084,4,1056
20260726_formal4t4_reuse_intensive_Adaptive@rho1.0_rep0,0,Adaptive@rho1.0,Adaptive,47,reuse_intensive:rep0:req47,reuse_intensive,1,32,1,L0032,1024,1,,False,1785000661.4407985,1024,0,0,47.51759696006775,True,True,False,False,0,0.0,0,0,1056.0,False,cache_reused,False,False,0.0,349969f949f82360b8ad3d9088e107f8ba535c575445abd9e7aa8d215586193d,True,,,1,0,61.563394,175.290802,6,1084,4,1056
20260726_formal4t4_reuse_intensive_FullSync@rho1.0_rep0,0,FullSync@rho1.0,FullSync,12,reuse_intensive:rep0:req12,reuse_intensive,0,0,2,L0000,4096,0,0;1;2;3,False,1785000703.7935743,4096,4096,4096,20.85013222694397,False,False,False,False,4096,0.0,4,4,4128.0,False,cache_reused,False,False,0.0,b640318a7b997d1bb56cbc56ac8cf127b6dc084a2a7c54b54917e0c4a597f111,True,,,1,0,145.512074,426.400766,6,4156,4,4128
20260726_formal4t4_reuse_intensive_FullSync@rho1.0_rep0,0,FullSync@rho1.0,FullSync,13,reuse_intensive:rep0:req13,reuse_intensive,0,27,0,L0027,2048,1,,False,1785000703.7936127,0,0,0,,False,False,False,False,0,0.0,0,0,32.0,False,cache_miss,False,False,0.0,f035099e132724e940b77c4dfcd19fafe3519fa9dce223e7f81e458731424336,True,,,1,0,1303.758659,1503.198098,6,2108,4,32
20260726_formal4t4_reuse_intensive_FullSync@rho1.0_rep0,0,FullSync@rho1.0,FullSync,14,reuse_intensive:rep0:req14,reuse_intensive,0,12,1,L0012,4096,3,,False,1785000703.7936382,4096,0,0,25.2505202293396,True,True,False,False,0,0.0,0,0,32.0,False,cache_miss,False,False,0.0,6b695a33f7a782d6a25ace8fe9f1a910970dec3cf6925d5c140761ec6889e5cc,True,,,1,0,3224.070591,3492.301879,6,4156,4,32
20260726_formal4t4_reuse_intensive_FullSync@rho1.0_rep0,0,FullSync@rho1.0,FullSync,15,reuse_intensive:rep0:req15,reuse_intensive,0,0,0,L0000,4096,2,0;1;2;3,False,1785000703.7936773,4096,4096,4096,20.850090742111206,False,False,False,False,4096,0.0,4,4,4128.0,False,cache_reused,False,False,0.0,385118021bc706c629bad30f8af9cb658db08f04e5ca9c02d9031e13a27a27ae,True,,,1,0,155.732969,469.124305,6,4156,4,4128
20260726_formal4t4_reuse_intensive_FullSync@rho1.0_rep0,0,FullSync@rho1.0,FullSync,16,reuse_intensive:rep0:req16,reuse_intensive,0,6,0,L0006,2048,2,,False,1785000707.2894135,2048,0,0,28.74629545211792,True,True,False,False,0,0.0,0,0,2080.0,False,cache_reused,False,False,0.0,06afd52634813aebf7ab1dd46659252f516b0792647aca3dd0a98ff8089d9833,True,,,1,0,185.920014,449.570274,6,2108,4,2080
20260726_formal4t4_reuse_intensive_FullSync@rho1.0_rep0,0,FullSync@rho1.0,FullSync,17,reuse_intensive:rep0:req17,reuse_intensive,0,5,0,L0005,2048,3,,False,1785000707.2894528,2048,0,0,28.74633479118347,True,True,False,False,0,0.0,0,0,2080.0,False,cache_reused,False,False,0.0,351645ec35629efef0db3465ca62f35a9dd351136005167addcfb46d37347fc0,True,,,1,0,88.627914,289.480843,6,2108,4,2080
20260726_formal4t4_reuse_intensive_FullSync@rho1.0_rep0,0,FullSync@rho1.0,FullSync,18,reuse_intensive:rep0:req18,reuse_intensive,0,0,1,L0000,4096,0,0;1;2;3,False,1785000707.2895,4096,4096,4096,24.346057891845703,False,False,False,False,4096,0.0,4,4,4128.0,False,cache_reused,False,False,0.0,ef3ca750a7886031b518909d8c4974a48716113e4b26106274338fde62af6a26,True,,,1,0,223.782665,546.686509,6,4156,4,4128
20260726_formal4t4_reuse_intensive_FullSync@rho1.0_rep0,0,FullSync@rho1.0,FullSync,19,reuse_intensive:rep0:req19,reuse_intensive,0,8,0,L0008,1024,1,,False,1785000707.2895272,0,0,0,,False,False,False,False,0,0.0,0,0,32.0,False,cache_miss,False,False,0.0,facfdcff2470f36156a07ee138c9e490ba3aa6cbbdef85e2442b73d6347b985b,True,,,1,0,465.92469,590.177476,6,1084,4,32
20260726_formal4t4_reuse_intensive_FullSync@rho1.0_rep0,0,FullSync@rho1.0,FullSync,20,reuse_intensive:rep0:req20,reuse_intensive,0,1,2,L0001,4096,3,0;1;2;3,False,1785000707.8832903,4096,4096,4096,20.880769968032837,False,False,False,False,4096,0.0,4,4,4128.0,False,cache_reused,False,False,0.0,881525960998e61bbc82ab8d5b22b6f61e0ef36f8a8bc046f428b50dacb6c582,True,,,1,0,154.570683,459.584205,6,4156,4,4128
20260726_formal4t4_reuse_intensive_FullSync@rho1.0_rep0,0,FullSync@rho1.0,FullSync,21,reuse_intensive:rep0:req21,reuse_intensive,0,24,0,L0024,2048,2,,False,1785000707.8833354,0,0,0,,False,False,False,False,0,0.0,0,0,32.0,False,cache_miss,False,False,0.0,7b88aedfdfbea60aa5127285f0cdfd55926985cb1b41309f0c6405755ea09406,True,,,1,0,1043.675975,1216.302495,6,2108,4,32
20260726_formal4t4_reuse_intensive_FullSync@rho1.0_rep0,0,FullSync@rho1.0,FullSync,22,reuse_intensive:rep0:req22,reuse_intensive,0,1,0,L0001,4096,0,0;1;2;3,False,1785000707.883375,4096,4096,4096,20.881080150604248,False,False,False,False,4096,0.0,4,4,4128.0,False,cache_reused,False,False,0.0,9358c101523836c755711a81b2d63c3e783e183824f45c0cc7d2b921f90eb00f,True,,,1,0,143.790376,418.959284,6,4156,4,4128
20260726_formal4t4_reuse_intensive_FullSync@rho1.0_rep0,0,FullSync@rho1.0,FullSync,23,reuse_intensive:rep0:req23,reuse_intensive,0,0,2,L0000,4096,1,0;1;2;3,False,1785000707.8834114,4096,4096,4096,24.939877033233643,False,False,False,False,4096,0.0,4,4,4128.0,False,cache_reused,False,False,0.0,6e1dea86ee1f2250ad8df5d324decb680ded247086857aab2674dbbe59317c0b,True,,,1,0,166.085912,510.292708,6,4156,4,4128
20260726_formal4t4_reuse_intensive_FullSync@rho1.0_rep0,0,FullSync@rho1.0,FullSync,24,reuse_intensive:rep0:req24,reuse_intensive,1,34,0,L0034,1024,2,,False,1785000709.1025352,0,0,0,,False,False,False,False,0,0.0,0,0,32.0,False,cache_miss,False,False,0.0,96fb6802e943f8068ae95d3d63a30d682c050f70e70c9f7e52782a3d409549bc,True,,,1,0,394.776198,524.095833,6,1084,4,32
20260726_formal4t4_reuse_intensive_FullSync@rho1.0_rep0,0,FullSync@rho1.0,FullSync,25,reuse_intensive:rep0:req25,reuse_intensive,1,32,0,L0032,1024,3,,False,1785000709.102571,0,0,0,,False,False,False,False,0,0.0,0,0,32.0,False,cache_miss,False,False,0.0,1c1d4f31f16deeb0e933275e2c8d52b4505f5962170f2ddbe033168ddb0cb393,True,,,1,0,365.496492,488.79924,6,1084,4,32
20260726_formal4t4_reuse_intensive_FullSync@rho1.0_rep0,0,FullSync@rho1.0,FullSync,26,reuse_intensive:rep0:req26,reuse_intensive,1,33,0,L0033,4096,0,,False,1785000709.1025968,0,0,0,,False,False,False,False,0,0.0,0,0,32.0,False,cache_miss,False,False,0.0,fe5321ae1b524b1ec6a59f48c0253aa37804d822ffed8286733888907a1ac72e,True,,,1,0,3179.767604,3482.437905,6,4156,4,32
20260726_formal4t4_reuse_intensive_FullSync@rho1.0_rep0,0,FullSync@rho1.0,FullSync,27,reuse_intensive:rep0:req27,reuse_intensive,1,32,1,L0032,1024,1,,False,1785000709.1026175,0,0,0,,False,False,False,False,0,0.0,0,0,32.0,False,cache_miss,False,False,0.0,2d11476c52c7d44a65a7125088e2a3c678f53d4fa472ad2ebbc0c3e2070ebd0c,True,,,1,0,401.602143,526.58542,6,1084,4,32
20260726_formal4t4_reuse_intensive_FullSync@rho1.0_rep0,0,FullSync@rho1.0,FullSync,28,reuse_intensive:rep0:req28,reuse_intensive,1,32,2,L0032,1024,2,,False,1785000712.5876787,1024,0,0,34.04456067085266,True,True,False,False,0,0.0,0,0,32.0,False,cache_miss,False,False,0.0,7ee056feb2e3b4b4b0ce6634e33428899642b2e86bd6d0aac99f62854750b542,True,,,1,0,621.630052,770.953948,6,1084,4,32
20260726_formal4t4_reuse_intensive_FullSync@rho1.0_rep0,0,FullSync@rho1.0,FullSync,29,reuse_intensive:rep0:req29,reuse_intensive,1,33,1,L0033,4096,0,,False,1785000712.5877256,4096,0,0,34.044607639312744,True,True,False,False,0,0.0,0,0,4128.0,False,cache_reused,False,False,0.0,042a8e65439dc457d8ed175974a5ed19547d85c5c8601bbe2552e35c1da3427a,True,,,1,0,152.63905,457.310495,6,4156,4,4128
20260726_formal4t4_reuse_intensive_FullSync@rho1.0_rep0,0,FullSync@rho1.0,FullSync,30,reuse_intensive:rep0:req30,reuse_intensive,1,36,0,L0036,1024,1,,False,1785000712.5877523,0,0,0,,False,False,False,False,0,0.0,0,0,32.0,False,cache_miss,False,False,0.0,f5609d9a230c8b9c64d5d21730677e2d07c0ed2e1fca1074a7263a52e15fc5d7,True,,,1,0,618.498829,770.847548,6,1084,4,32
20260726_formal4t4_reuse_intensive_FullSync@rho1.0_rep0,0,FullSync@rho1.0,FullSync,31,reuse_intensive:rep0:req31,reuse_intensive,1,43,0,L0043,2048,3,,False,1785000712.5877917,0,0,0,,False,False,False,False,0,0.0,0,0,32.0,False,cache_miss,False,False,0.0,05f071cd9a9caabfcde8fa4553a33e1c1aa57ec0404613b967b6f0d99e04304b,True,,,1,0,1406.04413,1626.024265,6,2108,4,32
20260726_formal4t4_reuse_intensive_FullSync@rho1.0_rep0,0,FullSync@rho1.0,FullSync,32,reuse_intensive:rep0:req32,reuse_intensive,1,42,0,L0042,2048,2,,False,1785000714.2172415,0,0,0,,False,False,False,False,0,0.0,0,0,32.0,False,cache_miss,False,False,0.0,2d65f1ceef1b58b59c0d7e85493f3aa20bbbb940768b3f12c1e728472d3a8478,True,,,1,0,1179.300076,1370.420939,6,2108,4,32
20260726_formal4t4_reuse_intensive_FullSync@rho1.0_rep0,0,FullSync@rho1.0,FullSync,33,reuse_intensive:rep0:req33,reuse_intensive,1,35,0,L0035,2048,1,,False,1785000714.217286,0,0,0,,False,False,False,False,0,0.0,0,0,32.0,False,cache_miss,False,False,0.0,8b19866cfa9da33e556a88e91c07e73a36d72c79ef1722aba338604d3fb9827f,True,,,1,0,1156.195503,1348.531576,6,2108,4,32
20260726_formal4t4_reuse_intensive_FullSync@rho1.0_rep0,0,FullSync@rho1.0,FullSync,34,reuse_intensive:rep0:req34,reuse_intensive,1,37,0,L0037,4096,0,,False,1785000714.2173095,0,0,0,,False,False,False,False,0,0.0,0,0,32.0,False,cache_miss,False,False,0.0,82e4b02878c327157415e79f0523f3dc2551c495f73dc408614b8217bbf0ac20,True,,,1,0,3232.03078,3511.956461,6,4156,4,32
20260726_formal4t4_reuse_intensive_FullSync@rho1.0_rep0,0,FullSync@rho1.0,FullSync,35,reuse_intensive:rep0:req35,reuse_intensive,1,32,0,L0032,1024,3,,False,1785000714.2173307,1024,0,0,35.67421269416809,True,True,False,False,0,0.0,0,0,1056.0,False,cache_reused,False,False,0.0,46634a4a163f64fe1b470ee034980419aab7126d0f7ff13b2b2f8870b9e9e8bc,True,,,1,0,55.323963,172.868957,6,1084,4,1056
20260726_formal4t4_reuse_intensive_FullSync@rho1.0_rep0,0,FullSync@rho1.0,FullSync,36,reuse_intensive:rep0:req36,reuse_intensive,1,32,1,L0032,1024,2,,False,1785000717.8159308,1024,0,0,39.272812843322754,True,True,False,False,0,0.0,0,0,1056.0,False,cache_reused,False,False,0.0,ae89da0a337bcf0c790c7d3f61825aac0572c8f921dc96608356a98b6566b7b9,True,,,1,0,113.809329,301.982831,6,1084,4,1056
20260726_formal4t4_reuse_intensive_FullSync@rho1.0_rep0,0,FullSync@rho1.0,FullSync,37,reuse_intensive:rep0:req37,reuse_intensive,1,34,1,L0034,1024,3,,False,1785000717.8159537,1024,0,0,39.27283573150635,True,True,False,False,0,0.0,0,0,32.0,False,cache_miss,False,False,0.0,e0edd103722e77d6dc38b3f08fb883c280505e6fc7a281ed7775cabf9c99cf34,True,,,1,0,548.193153,692.008171,6,1084,4,32
20260726_formal4t4_reuse_intensive_FullSync@rho1.0_rep0,0,FullSync@rho1.0,FullSync,38,reuse_intensive:rep0:req38,reuse_intensive,1,32,2,L0032,1024,0,,False,1785000717.8159673,1024,0,0,39.272849321365356,True,True,False,False,0,0.0,0,0,32.0,False,cache_miss,False,False,0.0,4449df13be6a82367c7610c8cba02c62eac004f9f07b5514b5947f89a19b3b4b,True,,,1,0,495.567308,652.769885,6,1084,4,32
20260726_formal4t4_reuse_intensive_FullSync@rho1.0_rep0,0,FullSync@rho1.0,FullSync,39,reuse_intensive:rep0:req39,reuse_intensive,1,49,0,L0049,4096,1,,False,1785000717.8159783,0,0,0,,False,False,False,False,0,0.0,0,0,32.0,False,cache_miss,False,False,0.0,6372455f5d5cf316a37bf817f4feb291fa0b93c280c3d13f1f40477ffde92b77,True,,,1,0,3407.8767,3690.888247,6,4156,4,32
20260726_formal4t4_reuse_intensive_FullSync@rho1.0_rep0,0,FullSync@rho1.0,FullSync,40,reuse_intensive:rep0:req40,reuse_intensive,1,38,0,L0038,4096,2,,False,1785000721.5090468,0,0,0,,False,False,False,False,0,0.0,0,0,32.0,False,cache_miss,False,False,0.0,93827a0f2092173065f83ec2c4c75507f897d2ecc65152d08d5538ea5698e1b6,True,,,1,0,3522.659693,3814.360738,6,4156,4,32
20260726_formal4t4_reuse_intensive_FullSync@rho1.0_rep0,0,FullSync@rho1.0,FullSync,41,reuse_intensive:rep0:req41,reuse_intensive,1,36,1,L0036,1024,0,,False,1785000721.5090842,1024,0,0,42.96596622467041,True,True,False,False,0,0.0,0,0,32.0,False,cache_miss,False,False,0.0,c934e958c647920dd77d77a67a33b9638ffbdf6020f5dfade015d3818cc1ecf9,True,,,1,0,528.87597,661.863276,6,1084,4,32
20260726_formal4t4_reuse_intensive_FullSync@rho1.0_rep0,0,FullSync@rho1.0,FullSync,42,reuse_intensive:rep0:req42,reuse_intensive,1,37,1,L0037,4096,1,,False,1785000721.5091114,4096,0,0,42.96599340438843,True,True,False,False,0,0.0,0,0,32.0,False,cache_miss,False,False,0.0,b6bb8e4ae8620ee3ff4df30769a25c5a2a7e72715961d066a39fbce2896d2e67,True,,,1,0,3388.025721,3675.518009,6,4156,4,32
20260726_formal4t4_reuse_intensive_FullSync@rho1.0_rep0,0,FullSync@rho1.0,FullSync,43,reuse_intensive:rep0:req43,reuse_intensive,1,47,0,L0047,4096,3,,False,1785000721.5091338,0,0,0,,False,False,False,False,0,0.0,0,0,32.0,False,cache_miss,False,False,0.0,dfa12f16c24259b24eedb742066bdfc185eb369af58c96e4c4bcbb39f4d045cd,True,,,1,0,3544.975496,3826.302629,6,4156,4,32
20260726_formal4t4_reuse_intensive_FullSync@rho1.0_rep0,0,FullSync@rho1.0,FullSync,44,reuse_intensive:rep0:req44,reuse_intensive,1,40,0,L0040,1024,2,,False,1785000725.3393476,0,0,0,,False,False,False,False,0,0.0,0,0,32.0,False,cache_miss,False,False,0.0,2efcc5c8c875fdbf57d2000fa399f9c26655c8e6c72c12c6a8cf6081ca221e1a,True,,,1,0,403.44601,535.600353,6,1084,4,32
20260726_formal4t4_reuse_intensive_FullSync@rho1.0_rep0,0,FullSync@rho1.0,FullSync,45,reuse_intensive:rep0:req45,reuse_intensive,1,37,2,L0037,4096,1,,False,1785000725.3393843,4096,0,0,46.796266317367554,True,True,False,False,0,0.0,0,0,4128.0,False,cache_reused,False,False,0.0,52c2dd3a98b95d981bcd35b41ad27e145b23c306c4bb3a52fe677ea2976b462f,True,,,1,0,141.897627,425.876739,6,4156,4,4128
20260726_formal4t4_reuse_intensive_FullSync@rho1.0_rep0,0,FullSync@rho1.0,FullSync,46,reuse_intensive:rep0:req46,reuse_intensive,1,32,0,L0032,1024,0,,False,1785000725.3394132,1024,0,0,46.796295166015625,True,True,False,False,0,0.0,0,0,1056.0,False,cache_reused,False,False,0.0,47dcf418d85c82b4a12a22e7143761830ddc5a2e4e87827ebb104763452a435d,True,,,1,0,124.855202,342.625102,6,1084,4,1056
20260726_formal4t4_reuse_intensive_FullSync@rho1.0_rep0,0,FullSync@rho1.0,FullSync,47,reuse_intensive:rep0:req47,reuse_intensive,1,32,1,L0032,1024,3,,False,1785000725.3394372,1024,0,0,46.796319246292114,True,True,False,False,0,0.0,0,0,1056.0,False,cache_reused,False,False,0.0,349969f949f82360b8ad3d9088e107f8ba535c575445abd9e7aa8d215586193d,True,,,1,0,63.089357,186.234567,6,1084,4,1056
20260726_formal4t4_reuse_intensive_Adaptive@rho1.2_rep0,0,Adaptive@rho1.2,Adaptive,12,reuse_intensive:rep0:req12,reuse_intensive,0,0,2,L0000,4096,0,0;2,True,1785000809.1782892,4096,4096,4096,21.384826183319092,False,False,False,False,4096,81.92,2,2,4128.0,True,cache_reused,False,False,0.0,b640318a7b997d1bb56cbc56ac8cf127b6dc084a2a7c54b54917e0c4a597f111,True,,,1,0,149.784375,458.742361,6,4156,4,4128
20260726_formal4t4_reuse_intensive_Adaptive@rho1.2_rep0,0,Adaptive@rho1.2,Adaptive,13,reuse_intensive:rep0:req13,reuse_intensive,0,27,0,L0027,2048,2,,False,1785000809.1783326,0,0,0,,False,False,False,False,0,0.0,0,0,32.0,False,cache_miss,False,False,0.0,f035099e132724e940b77c4dfcd19fafe3519fa9dce223e7f81e458731424336,True,,,1,0,1348.313538,1542.304054,6,2108,4,32
20260726_formal4t4_reuse_intensive_Adaptive@rho1.2_rep0,0,Adaptive@rho1.2,Adaptive,14,reuse_intensive:rep0:req14,reuse_intensive,0,12,1,L0012,4096,1,,False,1785000809.1783586,4096,0,0,25.849526405334473,True,True,False,False,0,0.0,0,0,32.0,False,cache_miss,False,False,0.0,6b695a33f7a782d6a25ace8fe9f1a910970dec3cf6925d5c140761ec6889e5cc,True,,,1,0,3435.589587,3707.83565,6,4156,4,32
20260726_formal4t4_reuse_intensive_Adaptive@rho1.2_rep0,0,Adaptive@rho1.2,Adaptive,15,reuse_intensive:rep0:req15,reuse_intensive,0,0,0,L0000,4096,0,0;2,True,1785000809.178394,4096,4096,4096,21.384931087493896,False,False,False,False,4096,79.92,2,2,4128.0,True,cache_reused,False,False,0.0,385118021bc706c629bad30f8af9cb658db08f04e5ca9c02d9031e13a27a27ae,True,,,1,0,251.757129,550.534569,6,4156,4,4128
20260726_formal4t4_reuse_intensive_Adaptive@rho1.2_rep0,0,Adaptive@rho1.2,Adaptive,16,reuse_intensive:rep0:req16,reuse_intensive,0,6,0,L0006,2048,3,,False,1785000812.8897116,2048,0,0,29.560879468917847,True,True,False,False,0,0.0,0,0,2080.0,False,cache_reused,False,False,0.0,06afd52634813aebf7ab1dd46659252f516b0792647aca3dd0a98ff8089d9833,True,,,1,0,172.457502,445.412317,6,2108,4,2080
20260726_formal4t4_reuse_intensive_Adaptive@rho1.2_rep0,0,Adaptive@rho1.2,Adaptive,17,reuse_intensive:rep0:req17,reuse_intensive,0,5,0,L0005,2048,0,,False,1785000812.8897533,2048,0,0,29.56092119216919,True,True,False,False,0,0.0,0,0,2080.0,False,cache_reused,False,False,0.0,351645ec35629efef0db3465ca62f35a9dd351136005167addcfb46d37347fc0,True,,,1,0,166.072165,413.154668,6,2108,4,2080
20260726_formal4t4_reuse_intensive_Adaptive@rho1.2_rep0,0,Adaptive@rho1.2,Adaptive,18,reuse_intensive:rep0:req18,reuse_intensive,0,0,1,L0000,4096,2,0;2,False,1785000812.8898137,4096,4096,4096,25.09621787071228,False,False,False,False,4096,0.0,2,2,4128.0,False,cache_reused,False,False,0.0,ef3ca750a7886031b518909d8c4974a48716113e4b26106274338fde62af6a26,True,,,1,0,255.204751,587.589998,6,4156,4,4128
20260726_formal4t4_reuse_intensive_Adaptive@rho1.2_rep0,0,Adaptive@rho1.2,Adaptive,19,reuse_intensive:rep0:req19,reuse_intensive,0,8,0,L0008,1024,1,,False,1785000812.8898401,0,0,0,,False,False,False,False,0,0.0,0,0,32.0,False,cache_miss,False,False,0.0,facfdcff2470f36156a07ee138c9e490ba3aa6cbbdef85e2442b73d6347b985b,True,,,1,0,394.887364,520.407557,6,1084,4,32
20260726_formal4t4_reuse_intensive_Adaptive@rho1.2_rep0,0,Adaptive@rho1.2,Adaptive,20,reuse_intensive:rep0:req20,reuse_intensive,0,1,2,L0001,4096,0,0;3,False,1785000813.4801953,4096,4096,4096,21.522695064544678,False,False,False,False,4096,0.0,2,2,4128.0,False,cache_reused,False,False,0.0,881525960998e61bbc82ab8d5b22b6f61e0ef36f8a8bc046f428b50dacb6c582,True,,,1,0,167.415911,510.716893,6,4156,4,4128
20260726_formal4t4_reuse_intensive_Adaptive@rho1.2_rep0,0,Adaptive@rho1.2,Adaptive,21,reuse_intensive:rep0:req21,reuse_intensive,0,24,0,L0024,2048,1,,False,1785000813.480235,0,0,0,,False,False,False,False,0,0.0,0,0,32.0,False,cache_miss,False,False,0.0,7b88aedfdfbea60aa5127285f0cdfd55926985cb1b41309f0c6405755ea09406,True,,,1,0,1158.208592,1340.706779,6,2108,4,32
20260726_formal4t4_reuse_intensive_Adaptive@rho1.2_rep0,0,Adaptive@rho1.2,Adaptive,22,reuse_intensive:rep0:req22,reuse_intensive,0,1,0,L0001,4096,3,0;3,False,1785000813.4802742,4096,4096,4096,21.522591829299927,False,False,False,False,4096,0.0,2,2,4128.0,False,cache_reused,False,False,0.0,9358c101523836c755711a81b2d63c3e783e183824f45c0cc7d2b921f90eb00f,True,,,1,0,138.465156,400.324015,6,4156,4,4128
20260726_formal4t4_reuse_intensive_Adaptive@rho1.2_rep0,0,Adaptive@rho1.2,Adaptive,23,reuse_intensive:rep0:req23,reuse_intensive,0,0,2,L0000,4096,2,0;2,False,1785000813.4803061,4096,4096,4096,25.686710357666016,False,False,False,False,4096,0.0,2,2,4128.0,False,cache_reused,False,False,0.0,6e1dea86ee1f2250ad8df5d324decb680ded247086857aab2674dbbe59317c0b,True,,,1,0,149.867204,453.174381,6,4156,4,4128
20260726_formal4t4_reuse_intensive_Adaptive@rho1.2_rep0,0,Adaptive@rho1.2,Adaptive,24,reuse_intensive:rep0:req24,reuse_intensive,1,34,0,L0034,1024,3,,False,1785000814.8237116,0,0,0,,False,False,False,False,0,0.0,0,0,32.0,False,cache_miss,False,False,0.0,96fb6802e943f8068ae95d3d63a30d682c050f70e70c9f7e52782a3d409549bc,True,,,1,0,380.93271,506.447803,6,1084,4,32
20260726_formal4t4_reuse_intensive_Adaptive@rho1.2_rep0,0,Adaptive@rho1.2,Adaptive,25,reuse_intensive:rep0:req25,reuse_intensive,1,32,0,L0032,1024,0,,False,1785000814.823748,0,0,0,,False,False,False,False,0,0.0,0,0,32.0,False,cache_miss,False,False,0.0,1c1d4f31f16deeb0e933275e2c8d52b4505f5962170f2ddbe033168ddb0cb393,True,,,1,0,411.331377,547.269351,6,1084,4,32
20260726_formal4t4_reuse_intensive_Adaptive@rho1.2_rep0,0,Adaptive@rho1.2,Adaptive,26,reuse_intensive:rep0:req26,reuse_intensive,1,33,0,L0033,4096,2,,False,1785000814.823787,0,0,0,,False,False,False,False,0,0.0,0,0,32.0,False,cache_miss,False,False,0.0,fe5321ae1b524b1ec6a59f48c0253aa37804d822ffed8286733888907a1ac72e,True,,,1,0,3510.467549,3799.156804,6,4156,4,32
20260726_formal4t4_reuse_intensive_Adaptive@rho1.2_rep0,0,Adaptive@rho1.2,Adaptive,27,reuse_intensive:rep0:req27,reuse_intensive,1,32,1,L0032,1024,1,,False,1785000814.8238084,0,0,0,,False,False,False,False,0,0.0,0,0,32.0,False,cache_miss,False,False,0.0,2d11476c52c7d44a65a7125088e2a3c678f53d4fa472ad2ebbc0c3e2070ebd0c,True,,,1,0,364.70063,486.124272,6,1084,4,32
20260726_formal4t4_reuse_intensive_Adaptive@rho1.2_rep0,0,Adaptive@rho1.2,Adaptive,28,reuse_intensive:rep0:req28,reuse_intensive,1,32,2,L0032,1024,3,,False,1785000818.6253572,1024,0,0,35.29652500152588,True,True,False,False,0,0.0,0,0,32.0,False,cache_miss,False,False,0.0,7ee056feb2e3b4b4b0ce6634e33428899642b2e86bd6d0aac99f62854750b542,True,,,1,0,433.579031,555.115463,6,1084,4,32
20260726_formal4t4_reuse_intensive_Adaptive@rho1.2_rep0,0,Adaptive@rho1.2,Adaptive,29,reuse_intensive:rep0:req29,reuse_intensive,1,33,1,L0033,4096,1,,False,1785000818.6253963,4096,0,0,35.29656410217285,True,True,False,False,0,0.0,0,0,32.0,False,cache_miss,False,False,0.0,042a8e65439dc457d8ed175974a5ed19547d85c5c8601bbe2552e35c1da3427a,True,,,1,0,3901.792217,4222.183285,6,4156,4,32
20260726_formal4t4_reuse_intensive_Adaptive@rho1.2_rep0,0,Adaptive@rho1.2,Adaptive,30,reuse_intensive:rep0:req30,reuse_intensive,1,36,0,L0036,1024,2,,False,1785000818.625422,0,0,0,,False,False,False,False,0,0.0,0,0,32.0,False,cache_miss,False,False,0.0,f5609d9a230c8b9c64d5d21730677e2d07c0ed2e1fca1074a7263a52e15fc5d7,True,,,1,0,391.609714,516.946481,6,1084,4,32
20260726_formal4t4_reuse_intensive_Adaptive@rho1.2_rep0,0,Adaptive@rho1.2,Adaptive,31,reuse_intensive:rep0:req31,reuse_intensive,1,43,0,L0043,2048,0,,False,1785000818.6254437,0,0,0,,False,False,False,False,0,0.0,0,0,32.0,False,cache_miss,False,False,0.0,05f071cd9a9caabfcde8fa4553a33e1c1aa57ec0404613b967b6f0d99e04304b,True,,,1,0,1249.63468,1436.416007,6,2108,4,32
20260726_formal4t4_reuse_intensive_Adaptive@rho1.2_rep0,0,Adaptive@rho1.2,Adaptive,32,reuse_intensive:rep0:req32,reuse_intensive,1,42,0,L0042,2048,3,,False,1785000822.8495982,0,0,0,,False,False,False,False,0,0.0,0,0,32.0,False,cache_miss,False,False,0.0,2d65f1ceef1b58b59c0d7e85493f3aa20bbbb940768b3f12c1e728472d3a8478,True,,,1,0,1169.119355,1338.344374,6,2108,4,32
20260726_formal4t4_reuse_intensive_Adaptive@rho1.2_rep0,0,Adaptive@rho1.2,Adaptive,33,reuse_intensive:rep0:req33,reuse_intensive,1,35,0,L0035,2048,2,,False,1785000822.8496351,0,0,0,,False,False,False,False,0,0.0,0,0,32.0,False,cache_miss,False,False,0.0,8b19866cfa9da33e556a88e91c07e73a36d72c79ef1722aba338604d3fb9827f,True,,,1,0,1256.341938,1433.851926,6,2108,4,32
20260726_formal4t4_reuse_intensive_Adaptive@rho1.2_rep0,0,Adaptive@rho1.2,Adaptive,34,reuse_intensive:rep0:req34,reuse_intensive,1,37,0,L0037,4096,1,,False,1785000822.8496587,0,0,0,,False,False,False,False,0,0.0,0,0,32.0,False,cache_miss,False,False,0.0,82e4b02878c327157415e79f0523f3dc2551c495f73dc408614b8217bbf0ac20,True,,,1,0,3414.368819,3709.584914,6,4156,4,32
20260726_formal4t4_reuse_intensive_Adaptive@rho1.2_rep0,0,Adaptive@rho1.2,Adaptive,35,reuse_intensive:rep0:req35,reuse_intensive,1,32,0,L0032,1024,0,,False,1785000822.8496797,1024,0,0,39.52084755897522,True,True,False,False,0,0.0,0,0,1056.0,False,cache_reused,False,False,0.0,46634a4a163f64fe1b470ee034980419aab7126d0f7ff13b2b2f8870b9e9e8bc,True,,,1,0,110.7335,316.692564,6,1084,4,1056
20260726_formal4t4_reuse_intensive_Adaptive@rho1.2_rep0,0,Adaptive@rho1.2,Adaptive,36,reuse_intensive:rep0:req36,reuse_intensive,1,32,1,L0032,1024,3,,False,1785000826.643931,1024,0,0,43.31509876251221,True,True,False,False,0,0.0,0,0,1056.0,False,cache_reused,False,False,0.0,ae89da0a337bcf0c790c7d3f61825aac0572c8f921dc96608356a98b6566b7b9,True,,,1,0,90.718527,273.035393,6,1084,4,1056
20260726_formal4t4_reuse_intensive_Adaptive@rho1.2_rep0,0,Adaptive@rho1.2,Adaptive,37,reuse_intensive:rep0:req37,reuse_intensive,1,34,1,L0034,1024,0,,False,1785000826.6439543,1024,0,0,43.31512212753296,True,True,False,False,0,0.0,0,0,32.0,False,cache_miss,False,False,0.0,e0edd103722e77d6dc38b3f08fb883c280505e6fc7a281ed7775cabf9c99cf34,True,,,1,0,593.244075,728.554748,6,1084,4,32
20260726_formal4t4_reuse_intensive_Adaptive@rho1.2_rep0,0,Adaptive@rho1.2,Adaptive,38,reuse_intensive:rep0:req38,reuse_intensive,1,32,2,L0032,1024,2,,False,1785000826.6439667,1024,0,0,43.31513452529907,True,True,False,False,0,0.0,0,0,32.0,False,cache_miss,False,False,0.0,4449df13be6a82367c7610c8cba02c62eac004f9f07b5514b5947f89a19b3b4b,True,,,1,0,565.168453,719.620596,6,1084,4,32
20260726_formal4t4_reuse_intensive_Adaptive@rho1.2_rep0,0,Adaptive@rho1.2,Adaptive,39,reuse_intensive:rep0:req39,reuse_intensive,1,49,0,L0049,4096,1,,False,1785000826.6439772,0,0,0,,False,False,False,False,0,0.0,0,0,32.0,False,cache_miss,False,False,0.0,6372455f5d5cf316a37bf817f4feb291fa0b93c280c3d13f1f40477ffde92b77,True,,,1,0,3557.210991,3848.443232,6,4156,4,32
20260726_formal4t4_reuse_intensive_Adaptive@rho1.2_rep0,0,Adaptive@rho1.2,Adaptive,40,reuse_intensive:rep0:req40,reuse_intensive,1,38,0,L0038,4096,3,,False,1785000830.4945598,0,0,0,,False,False,False,False,0,0.0,0,0,32.0,False,cache_miss,False,False,0.0,93827a0f2092173065f83ec2c4c75507f897d2ecc65152d08d5538ea5698e1b6,True,,,1,0,3356.56177,3636.479225,6,4156,4,32
20260726_formal4t4_reuse_intensive_Adaptive@rho1.2_rep0,0,Adaptive@rho1.2,Adaptive,41,reuse_intensive:rep0:req41,reuse_intensive,1,36,1,L0036,1024,1,,False,1785000830.4945982,1024,0,0,47.16576600074768,True,True,False,False,0,0.0,0,0,32.0,False,cache_miss,False,False,0.0,c934e958c647920dd77d77a67a33b9638ffbdf6020f5dfade015d3818cc1ecf9,True,,,1,0,435.883838,580.927175,6,1084,4,32
20260726_formal4t4_reuse_intensive_Adaptive@rho1.2_rep0,0,Adaptive@rho1.2,Adaptive,42,reuse_intensive:rep0:req42,reuse_intensive,1,37,1,L0037,4096,2,,False,1785000830.494627,4096,0,0,47.16579484939575,True,True,False,False,0,0.0,0,0,32.0,False,cache_miss,False,False,0.0,b6bb8e4ae8620ee3ff4df30769a25c5a2a7e72715961d066a39fbce2896d2e67,True,,,1,0,3663.621048,3968.934997,6,4156,4,32
20260726_formal4t4_reuse_intensive_Adaptive@rho1.2_rep0,0,Adaptive@rho1.2,Adaptive,43,reuse_intensive:rep0:req43,reuse_intensive,1,47,0,L0047,4096,0,,False,1785000830.4946504,0,0,0,,False,False,False,False,0,0.0,0,0,32.0,False,cache_miss,False,False,0.0,dfa12f16c24259b24eedb742066bdfc185eb369af58c96e4c4bcbb39f4d045cd,True,,,1,0,3549.61636,3855.025862,6,4156,4,32
20260726_formal4t4_reuse_intensive_Adaptive@rho1.2_rep0,0,Adaptive@rho1.2,Adaptive,44,reuse_intensive:rep0:req44,reuse_intensive,1,40,0,L0040,1024,3,,False,1785000834.4666905,0,0,0,,False,False,False,False,0,0.0,0,0,32.0,False,cache_miss,False,False,0.0,2efcc5c8c875fdbf57d2000fa399f9c26655c8e6c72c12c6a8cf6081ca221e1a,True,,,1,0,474.53815,616.561958,6,1084,4,32
20260726_formal4t4_reuse_intensive_Adaptive@rho1.2_rep0,0,Adaptive@rho1.2,Adaptive,45,reuse_intensive:rep0:req45,reuse_intensive,1,37,2,L0037,4096,2,,False,1785000834.4667292,4096,0,0,51.13789701461792,True,True,False,False,0,0.0,0,0,4128.0,False,cache_reused,False,False,0.0,52c2dd3a98b95d981bcd35b41ad27e145b23c306c4bb3a52fe677ea2976b462f,True,,,1,0,136.992879,440.5813,6,4156,4,4128
20260726_formal4t4_reuse_intensive_Adaptive@rho1.2_rep0,0,Adaptive@rho1.2,Adaptive,46,reuse_intensive:rep0:req46,reuse_intensive,1,32,0,L0032,1024,1,,False,1785000834.4667592,1024,0,0,51.13792705535889,True,True,False,False,0,0.0,0,0,1056.0,False,cache_reused,False,False,0.0,47dcf418d85c82b4a12a22e7143761830ddc5a2e4e87827ebb104763452a435d,True,,,1,0,99.193917,275.547449,6,1084,4,1056
20260726_formal4t4_reuse_intensive_Adaptive@rho1.2_rep0,0,Adaptive@rho1.2,Adaptive,47,reuse_intensive:rep0:req47,reuse_intensive,1,32,1,L0032,1024,0,,False,1785000834.4668033,1024,0,0,51.13797116279602,True,True,False,False,0,0.0,0,0,1056.0,False,cache_reused,False,False,0.0,349969f949f82360b8ad3d9088e107f8ba535c575445abd9e7aa8d215586193d,True,,,1,0,65.822004,194.79525,6,1084,4,1056
20260726_formal4t4_reuse_intensive_FullSync@rho0.8_rep0,0,FullSync@rho0.8,FullSync,12,reuse_intensive:rep0:req12,reuse_intensive,0,0,2,L0000,4096,1,0;1;2;3,False,1785000887.3005574,4096,4096,4096,21.259169578552246,False,False,False,False,4096,0.0,4,4,4128.0,False,cache_reused,False,False,0.0,b640318a7b997d1bb56cbc56ac8cf127b6dc084a2a7c54b54917e0c4a597f111,True,,,1,0,149.996415,451.780343,6,4156,4,4128
20260726_formal4t4_reuse_intensive_FullSync@rho0.8_rep0,0,FullSync@rho0.8,FullSync,13,reuse_intensive:rep0:req13,reuse_intensive,0,27,0,L0027,2048,2,,False,1785000887.3006005,0,0,0,,False,False,False,False,0,0.0,0,0,32.0,False,cache_miss,False,False,0.0,f035099e132724e940b77c4dfcd19fafe3519fa9dce223e7f81e458731424336,True,,,1,0,1048.876863,1226.305797,6,2108,4,32
20260726_formal4t4_reuse_intensive_FullSync@rho0.8_rep0,0,FullSync@rho0.8,FullSync,14,reuse_intensive:rep0:req14,reuse_intensive,0,12,1,L0012,4096,0,,False,1785000887.300627,4096,0,0,25.326043367385864,True,True,False,False,0,0.0,0,0,4128.0,False,cache_reused,False,False,0.0,6b695a33f7a782d6a25ace8fe9f1a910970dec3cf6925d5c140761ec6889e5cc,True,,,1,0,155.789715,464.223594,6,4156,4,4128
20260726_formal4t4_reuse_intensive_FullSync@rho0.8_rep0,0,FullSync@rho0.8,FullSync,15,reuse_intensive:rep0:req15,reuse_intensive,0,0,0,L0000,4096,3,0;1;2;3,False,1785000887.3006666,4096,4096,4096,21.25918412208557,False,False,False,False,4096,0.0,4,4,4128.0,False,cache_reused,False,False,0.0,385118021bc706c629bad30f8af9cb658db08f04e5ca9c02d9031e13a27a27ae,True,,,1,0,144.125837,417.788561,6,4156,4,4128
20260726_formal4t4_reuse_intensive_FullSync@rho0.8_rep0,0,FullSync@rho0.8,FullSync,16,reuse_intensive:rep0:req16,reuse_intensive,0,6,0,L0006,2048,3,,False,1785000888.5298314,2048,0,0,26.55524778366089,True,True,False,False,0,0.0,0,0,2080.0,False,cache_reused,False,False,0.0,06afd52634813aebf7ab1dd46659252f516b0792647aca3dd0a98ff8089d9833,True,,,1,0,96.492857,286.400908,6,2108,4,2080
20260726_formal4t4_reuse_intensive_FullSync@rho0.8_rep0,0,FullSync@rho0.8,FullSync,17,reuse_intensive:rep0:req17,reuse_intensive,0,5,0,L0005,2048,0,,False,1785000888.5298724,2048,0,0,26.555288791656494,True,True,False,False,0,0.0,0,0,2080.0,False,cache_reused,False,False,0.0,351645ec35629efef0db3465ca62f35a9dd351136005167addcfb46d37347fc0,True,,,1,0,85.091877,240.455753,6,2108,4,2080
20260726_formal4t4_reuse_intensive_FullSync@rho0.8_rep0,0,FullSync@rho0.8,FullSync,18,reuse_intensive:rep0:req18,reuse_intensive,0,0,1,L0000,4096,2,0;1;2;3,False,1785000888.529922,4096,4096,4096,22.488479614257812,False,False,False,False,4096,0.0,4,4,4128.0,False,cache_reused,False,False,0.0,ef3ca750a7886031b518909d8c4974a48716113e4b26106274338fde62af6a26,True,,,1,0,140.429896,410.674941,6,4156,4,4128
20260726_formal4t4_reuse_intensive_FullSync@rho0.8_rep0,0,FullSync@rho0.8,FullSync,19,reuse_intensive:rep0:req19,reuse_intensive,0,8,0,L0008,1024,1,,False,1785000888.529948,0,0,0,,False,False,False,False,0,0.0,0,0,32.0,False,cache_miss,False,False,0.0,facfdcff2470f36156a07ee138c9e490ba3aa6cbbdef85e2442b73d6347b985b,True,,,1,0,404.450984,530.491674,6,1084,4,32
20260726_formal4t4_reuse_intensive_FullSync@rho0.8_rep0,0,FullSync@rho0.8,FullSync,20,reuse_intensive:rep0:req20,reuse_intensive,0,1,2,L0001,4096,0,0;1;2;3,False,1785000889.063971,4096,4096,4096,18.825515508651733,False,False,False,False,4096,0.0,4,4,4128.0,False,cache_reused,False,False,0.0,881525960998e61bbc82ab8d5b22b6f61e0ef36f8a8bc046f428b50dacb6c582,True,,,1,0,143.899492,474.636326,6,4156,4,4128
20260726_formal4t4_reuse_intensive_FullSync@rho0.8_rep0,0,FullSync@rho0.8,FullSync,21,reuse_intensive:rep0:req21,reuse_intensive,0,24,0,L0024,2048,1,,False,1785000889.0640087,0,0,0,,False,False,False,False,0,0.0,0,0,32.0,False,cache_miss,False,False,0.0,7b88aedfdfbea60aa5127285f0cdfd55926985cb1b41309f0c6405755ea09406,True,,,1,0,1143.397225,1326.04772,6,2108,4,32
20260726_formal4t4_reuse_intensive_FullSync@rho0.8_rep0,0,FullSync@rho0.8,FullSync,22,reuse_intensive:rep0:req22,reuse_intensive,0,1,0,L0001,4096,3,0;1;2;3,False,1785000889.0640478,4096,4096,4096,18.82539677619934,False,False,False,False,4096,0.0,4,4,4128.0,False,cache_reused,False,False,0.0,9358c101523836c755711a81b2d63c3e783e183824f45c0cc7d2b921f90eb00f,True,,,1,0,146.926852,434.662189,6,4156,4,4128
20260726_formal4t4_reuse_intensive_FullSync@rho0.8_rep0,0,FullSync@rho0.8,FullSync,23,reuse_intensive:rep0:req23,reuse_intensive,0,0,2,L0000,4096,2,0;1;2;3,False,1785000889.0640817,4096,4096,4096,23.022639274597168,False,False,False,False,4096,0.0,4,4,4128.0,False,cache_reused,False,False,0.0,6e1dea86ee1f2250ad8df5d324decb680ded247086857aab2674dbbe59317c0b,True,,,1,0,141.340802,416.299821,6,4156,4,4128
20260726_formal4t4_reuse_intensive_FullSync@rho0.8_rep0,0,FullSync@rho0.8,FullSync,24,reuse_intensive:rep0:req24,reuse_intensive,1,34,0,L0034,1024,3,,False,1785000890.3928044,0,0,0,,False,False,False,False,0,0.0,0,0,32.0,False,cache_miss,False,False,0.0,96fb6802e943f8068ae95d3d63a30d682c050f70e70c9f7e52782a3d409549bc,True,,,1,0,407.632441,539.598706,6,1084,4,32
20260726_formal4t4_reuse_intensive_FullSync@rho0.8_rep0,0,FullSync@rho0.8,FullSync,25,reuse_intensive:rep0:req25,reuse_intensive,1,32,0,L0032,1024,0,,False,1785000890.3928418,0,0,0,,False,False,False,False,0,0.0,0,0,32.0,False,cache_miss,False,False,0.0,1c1d4f31f16deeb0e933275e2c8d52b4505f5962170f2ddbe033168ddb0cb393,True,,,1,0,411.817121,543.748857,6,1084,4,32
20260726_formal4t4_reuse_intensive_FullSync@rho0.8_rep0,0,FullSync@rho0.8,FullSync,26,reuse_intensive:rep0:req26,reuse_intensive,1,33,0,L0033,4096,2,,False,1785000890.3928678,0,0,0,,False,False,False,False,0,0.0,0,0,32.0,False,cache_miss,False,False,0.0,fe5321ae1b524b1ec6a59f48c0253aa37804d822ffed8286733888907a1ac72e,True,,,1,0,3042.640477,3314.083364,6,4156,4,32
20260726_formal4t4_reuse_intensive_FullSync@rho0.8_rep0,0,FullSync@rho0.8,FullSync,27,reuse_intensive:rep0:req27,reuse_intensive,1,32,1,L0032,1024,1,,False,1785000890.392888,0,0,0,,False,False,False,False,0,0.0,0,0,32.0,False,cache_miss,False,False,0.0,2d11476c52c7d44a65a7125088e2a3c678f53d4fa472ad2ebbc0c3e2070ebd0c,True,,,1,0,389.876085,525.187066,6,1084,4,32
20260726_formal4t4_reuse_intensive_FullSync@rho0.8_rep0,0,FullSync@rho0.8,FullSync,28,reuse_intensive:rep0:req28,reuse_intensive,1,32,2,L0032,1024,3,,False,1785000893.7087362,1024,0,0,31.7341525554657,True,True,False,False,0,0.0,0,0,32.0,False,cache_miss,False,False,0.0,7ee056feb2e3b4b4b0ce6634e33428899642b2e86bd6d0aac99f62854750b542,True,,,1,0,480.120147,614.855808,6,1084,4,32
20260726_formal4t4_reuse_intensive_FullSync@rho0.8_rep0,0,FullSync@rho0.8,FullSync,29,reuse_intensive:rep0:req29,reuse_intensive,1,33,1,L0033,4096,1,,False,1785000893.7087526,4096,0,0,31.734169006347656,True,True,False,False,0,0.0,0,0,32.0,False,cache_miss,False,False,0.0,042a8e65439dc457d8ed175974a5ed19547d85c5c8601bbe2552e35c1da3427a,True,,,1,0,3506.66146,3805.048428,6,4156,4,32
20260726_formal4t4_reuse_intensive_FullSync@rho0.8_rep0,0,FullSync@rho0.8,FullSync,30,reuse_intensive:rep0:req30,reuse_intensive,1,36,0,L0036,1024,2,,False,1785000893.7087622,0,0,0,,False,False,False,False,0,0.0,0,0,32.0,False,cache_miss,False,False,0.0,f5609d9a230c8b9c64d5d21730677e2d07c0ed2e1fca1074a7263a52e15fc5d7,True,,,1,0,355.601954,482.396991,6,1084,4,32
20260726_formal4t4_reuse_intensive_FullSync@rho0.8_rep0,0,FullSync@rho0.8,FullSync,31,reuse_intensive:rep0:req31,reuse_intensive,1,43,0,L0043,2048,0,,False,1785000893.7087705,0,0,0,,False,False,False,False,0,0.0,0,0,32.0,False,cache_miss,False,False,0.0,05f071cd9a9caabfcde8fa4553a33e1c1aa57ec0404613b967b6f0d99e04304b,True,,,1,0,1278.931273,1465.336221,6,2108,4,32
20260726_formal4t4_reuse_intensive_FullSync@rho0.8_rep0,0,FullSync@rho0.8,FullSync,32,reuse_intensive:rep0:req32,reuse_intensive,1,42,0,L0042,2048,3,,False,1785000897.5146892,0,0,0,,False,False,False,False,0,0.0,0,0,32.0,False,cache_miss,False,False,0.0,2d65f1ceef1b58b59c0d7e85493f3aa20bbbb940768b3f12c1e728472d3a8478,True,,,1,0,1278.497009,1464.44396,6,2108,4,32
20260726_formal4t4_reuse_intensive_FullSync@rho0.8_rep0,0,FullSync@rho0.8,FullSync,33,reuse_intensive:rep0:req33,reuse_intensive,1,35,0,L0035,2048,2,,False,1785000897.5147033,0,0,0,,False,False,False,False,0,0.0,0,0,32.0,False,cache_miss,False,False,0.0,8b19866cfa9da33e556a88e91c07e73a36d72c79ef1722aba338604d3fb9827f,True,,,1,0,1374.030469,1567.621035,6,2108,4,32
20260726_formal4t4_reuse_intensive_FullSync@rho0.8_rep0,0,FullSync@rho0.8,FullSync,34,reuse_intensive:rep0:req34,reuse_intensive,1,37,0,L0037,4096,1,,False,1785000897.5147114,0,0,0,,False,False,False,False,0,0.0,0,0,32.0,False,cache_miss,False,False,0.0,82e4b02878c327157415e79f0523f3dc2551c495f73dc408614b8217bbf0ac20,True,,,1,0,3734.410613,4062.996303,6,4156,4,32
20260726_formal4t4_reuse_intensive_FullSync@rho0.8_rep0,0,FullSync@rho0.8,FullSync,35,reuse_intensive:rep0:req35,reuse_intensive,1,32,0,L0032,1024,0,,False,1785000897.5147192,1024,0,0,35.540135622024536,True,True,False,False,0,0.0,0,0,1056.0,False,cache_reused,False,False,0.0,46634a4a163f64fe1b470ee034980419aab7126d0f7ff13b2b2f8870b9e9e8bc,True,,,1,0,98.489979,302.617479,6,1084,4,1056
20260726_formal4t4_reuse_intensive_FullSync@rho0.8_rep0,0,FullSync@rho0.8,FullSync,36,reuse_intensive:rep0:req36,reuse_intensive,1,32,1,L0032,1024,3,,False,1785000901.6673927,1024,0,0,39.692809104919434,True,True,False,False,0,0.0,0,0,1056.0,False,cache_reused,False,False,0.0,ae89da0a337bcf0c790c7d3f61825aac0572c8f921dc96608356a98b6566b7b9,True,,,1,0,108.701453,316.767915,6,1084,4,1056
20260726_formal4t4_reuse_intensive_FullSync@rho0.8_rep0,0,FullSync@rho0.8,FullSync,37,reuse_intensive:rep0:req37,reuse_intensive,1,34,1,L0034,1024,0,,False,1785000901.6674168,1024,0,0,39.69283318519592,True,True,False,False,0,0.0,0,0,32.0,False,cache_miss,False,False,0.0,e0edd103722e77d6dc38b3f08fb883c280505e6fc7a281ed7775cabf9c99cf34,True,,,1,0,470.463956,595.702921,6,1084,4,32
20260726_formal4t4_reuse_intensive_FullSync@rho0.8_rep0,0,FullSync@rho0.8,FullSync,38,reuse_intensive:rep0:req38,reuse_intensive,1,32,2,L0032,1024,2,,False,1785000901.6674302,1024,0,0,39.69284653663635,True,True,False,False,0,0.0,0,0,32.0,False,cache_miss,False,False,0.0,4449df13be6a82367c7610c8cba02c62eac004f9f07b5514b5947f89a19b3b4b,True,,,1,0,546.188609,700.649074,6,1084,4,32
20260726_formal4t4_reuse_intensive_FullSync@rho0.8_rep0,0,FullSync@rho0.8,FullSync,39,reuse_intensive:rep0:req39,reuse_intensive,1,49,0,L0049,4096,1,,False,1785000901.6674414,0,0,0,,False,False,False,False,0,0.0,0,0,32.0,False,cache_miss,False,False,0.0,6372455f5d5cf316a37bf817f4feb291fa0b93c280c3d13f1f40477ffde92b77,True,,,1,0,3709.936217,4044.860479,6,4156,4,32
20260726_formal4t4_reuse_intensive_FullSync@rho0.8_rep0,0,FullSync@rho0.8,FullSync,40,reuse_intensive:rep0:req40,reuse_intensive,1,38,0,L0038,4096,3,,False,1785000905.7144947,0,0,0,,False,False,False,False,0,0.0,0,0,32.0,False,cache_miss,False,False,0.0,93827a0f2092173065f83ec2c4c75507f897d2ecc65152d08d5538ea5698e1b6,True,,,1,0,3940.066648,4248.775799,6,4156,4,32
20260726_formal4t4_reuse_intensive_FullSync@rho0.8_rep0,0,FullSync@rho0.8,FullSync,41,reuse_intensive:rep0:req41,reuse_intensive,1,36,1,L0036,1024,1,,False,1785000905.7145329,1024,0,0,43.739949226379395,True,True,False,False,0,0.0,0,0,32.0,False,cache_miss,False,False,0.0,c934e958c647920dd77d77a67a33b9638ffbdf6020f5dfade015d3818cc1ecf9,True,,,1,0,373.959867,499.822063,6,1084,4,32
20260726_formal4t4_reuse_intensive_FullSync@rho0.8_rep0,0,FullSync@rho0.8,FullSync,42,reuse_intensive:rep0:req42,reuse_intensive,1,37,1,L0037,4096,2,,False,1785000905.7145617,4096,0,0,43.739978075027466,True,True,False,False,0,0.0,0,0,32.0,False,cache_miss,False,False,0.0,b6bb8e4ae8620ee3ff4df30769a25c5a2a7e72715961d066a39fbce2896d2e67,True,,,1,0,3592.64245,3870.803058,6,4156,4,32
20260726_formal4t4_reuse_intensive_FullSync@rho0.8_rep0,0,FullSync@rho0.8,FullSync,43,reuse_intensive:rep0:req43,reuse_intensive,1,47,0,L0047,4096,0,,False,1785000905.7145834,0,0,0,,False,False,False,False,0,0.0,0,0,32.0,False,cache_miss,False,False,0.0,dfa12f16c24259b24eedb742066bdfc185eb369af58c96e4c4bcbb39f4d045cd,True,,,1,0,3517.945662,3814.242393,6,4156,4,32
20260726_formal4t4_reuse_intensive_FullSync@rho0.8_rep0,0,FullSync@rho0.8,FullSync,44,reuse_intensive:rep0:req44,reuse_intensive,1,40,0,L0040,1024,3,,False,1785000909.9650156,0,0,0,,False,False,False,False,0,0.0,0,0,32.0,False,cache_miss,False,False,0.0,2efcc5c8c875fdbf57d2000fa399f9c26655c8e6c72c12c6a8cf6081ca221e1a,True,,,1,0,369.256754,486.575793,6,1084,4,32
20260726_formal4t4_reuse_intensive_FullSync@rho0.8_rep0,0,FullSync@rho0.8,FullSync,45,reuse_intensive:rep0:req45,reuse_intensive,1,37,2,L0037,4096,2,,False,1785000909.9650526,4096,0,0,47.990468978881836,True,True,False,False,0,0.0,0,0,4128.0,False,cache_reused,False,False,0.0,52c2dd3a98b95d981bcd35b41ad27e145b23c306c4bb3a52fe677ea2976b462f,True,,,1,0,123.273605,401.157824,6,4156,4,4128
20260726_formal4t4_reuse_intensive_FullSync@rho0.8_rep0,0,FullSync@rho0.8,FullSync,46,reuse_intensive:rep0:req46,reuse_intensive,1,32,0,L0032,1024,1,,False,1785000909.9650815,1024,0,0,47.99049782752991,True,True,False,False,0,0.0,0,0,1056.0,False,cache_reused,False,False,0.0,47dcf418d85c82b4a12a22e7143761830ddc5a2e4e87827ebb104763452a435d,True,,,1,0,100.424917,288.609497,6,1084,4,1056
20260726_formal4t4_reuse_intensive_FullSync@rho0.8_rep0,0,FullSync@rho0.8,FullSync,47,reuse_intensive:rep0:req47,reuse_intensive,1,32,1,L0032,1024,0,,False,1785000909.9651043,1024,0,0,47.9905207157135,True,True,False,False,0,0.0,0,0,1056.0,False,cache_reused,False,False,0.0,349969f949f82360b8ad3d9088e107f8ba535c575445abd9e7aa8d215586193d,True,,,1,0,68.648281,201.223255,6,1084,4,1056
20260726_formal4t4_reuse_intensive_Adaptive@rho0.4_rep0,0,Adaptive@rho0.4,Adaptive,12,reuse_intensive:rep0:req12,reuse_intensive,0,0,2,L0000,4096,0,0;1,False,1785000980.5710013,4096,4096,4096,1.6227755546569824,False,False,False,False,4096,0.0,2,2,4128.0,False,cache_reused,False,False,0.0,b640318a7b997d1bb56cbc56ac8cf127b6dc084a2a7c54b54917e0c4a597f111,True,,,1,0,146.283284,676.429227,6,4156,4,4128
20260726_formal4t4_reuse_intensive_Adaptive@rho0.4_rep0,0,Adaptive@rho0.4,Adaptive,13,reuse_intensive:rep0:req13,reuse_intensive,0,27,0,L0027,2048,2,,False,1785000980.571046,0,0,0,,False,False,False,False,0,0.0,0,0,32.0,False,cache_miss,False,False,0.0,f035099e132724e940b77c4dfcd19fafe3519fa9dce223e7f81e458731424336,True,,,1,0,1228.355579,1410.343013,6,2108,4,32
20260726_formal4t4_reuse_intensive_Adaptive@rho0.4_rep0,0,Adaptive@rho0.4,Adaptive,14,reuse_intensive:rep0:req14,reuse_intensive,0,12,1,L0012,4096,0,0,True,1785000980.5710835,4096,4096,4096,3.236565589904785,False,False,False,False,4096,79.92,1,1,4128.0,True,cache_reused,False,False,0.0,6b695a33f7a782d6a25ace8fe9f1a910970dec3cf6925d5c140761ec6889e5cc,True,,,1,0,322.968916,771.842541,6,4156,4,4128
20260726_formal4t4_reuse_intensive_Adaptive@rho0.4_rep0,0,Adaptive@rho0.4,Adaptive,15,reuse_intensive:rep0:req15,reuse_intensive,0,0,0,L0000,4096,1,0;1,True,1785000980.5711186,4096,4096,4096,3.2363998889923096,False,False,False,False,4096,81.92,2,2,4128.0,True,cache_reused,False,False,0.0,385118021bc706c629bad30f8af9cb658db08f04e5ca9c02d9031e13a27a27ae,True,,,1,0,146.667954,431.722235,6,4156,4,4128
20260726_formal4t4_reuse_intensive_Adaptive@rho0.4_rep0,0,Adaptive@rho0.4,Adaptive,16,reuse_intensive:rep0:req16,reuse_intensive,0,6,0,L0006,2048,3,0;3,False,1785000981.9843647,2048,2048,2048,9.071650981903076,False,False,False,False,2048,0.0,2,2,2080.0,False,cache_reused,False,False,0.0,06afd52634813aebf7ab1dd46659252f516b0792647aca3dd0a98ff8089d9833,True,,,1,0,185.777086,442.904729,6,2108,4,2080
20260726_formal4t4_reuse_intensive_Adaptive@rho0.4_rep0,0,Adaptive@rho0.4,Adaptive,17,reuse_intensive:rep0:req17,reuse_intensive,0,5,0,L0005,2048,0,0;3,True,1785000981.984417,2048,2048,2048,10.67099666595459,False,False,False,False,2048,40.96,2,2,2080.0,True,cache_reused,False,False,0.0,351645ec35629efef0db3465ca62f35a9dd351136005167addcfb46d37347fc0,True,,,1,0,93.784536,274.617244,6,2108,4,2080
20260726_formal4t4_reuse_intensive_Adaptive@rho0.4_rep0,0,Adaptive@rho0.4,Adaptive,18,reuse_intensive:rep0:req18,reuse_intensive,0,0,1,L0000,4096,1,0;1,True,1785000981.9844546,4096,4096,4096,4.649735927581787,False,False,False,False,4096,81.92,2,2,4128.0,True,cache_reused,False,False,0.0,ef3ca750a7886031b518909d8c4974a48716113e4b26106274338fde62af6a26,True,,,1,0,147.470732,432.23473,6,4156,4,4128
20260726_formal4t4_reuse_intensive_Adaptive@rho0.4_rep0,0,Adaptive@rho0.4,Adaptive,19,reuse_intensive:rep0:req19,reuse_intensive,0,8,0,L0008,1024,2,,False,1785000981.9844794,0,0,0,,False,False,False,False,0,0.0,0,0,32.0,False,cache_miss,False,False,0.0,facfdcff2470f36156a07ee138c9e490ba3aa6cbbdef85e2442b73d6347b985b,True,,,1,0,455.483541,589.874565,6,1084,4,32
20260726_formal4t4_reuse_intensive_Adaptive@rho0.4_rep0,0,Adaptive@rho0.4,Adaptive,20,reuse_intensive:rep0:req20,reuse_intensive,0,1,2,L0001,4096,1,0;1,True,1785000982.5779295,4096,4096,4096,2.0070226192474365,False,False,False,False,4096,81.92,2,2,4128.0,True,cache_reused,False,False,0.0,881525960998e61bbc82ab8d5b22b6f61e0ef36f8a8bc046f428b50dacb6c582,True,,,1,0,144.039554,650.206152,6,4156,4,4128
20260726_formal4t4_reuse_intensive_Adaptive@rho0.4_rep0,0,Adaptive@rho0.4,Adaptive,21,reuse_intensive:rep0:req21,reuse_intensive,0,24,0,L0024,2048,0,,False,1785000982.5779686,0,0,0,,False,False,False,False,0,0.0,0,0,32.0,False,cache_miss,False,False,0.0,7b88aedfdfbea60aa5127285f0cdfd55926985cb1b41309f0c6405755ea09406,True,,,1,0,1644.504198,2100.479475,6,2108,4,32
20260726_formal4t4_reuse_intensive_Adaptive@rho0.4_rep0,0,Adaptive@rho0.4,Adaptive,22,reuse_intensive:rep0:req22,reuse_intensive,0,1,0,L0001,4096,0,0;1,True,1785000982.5780065,4096,4096,4096,19.51270627975464,False,False,False,False,4096,79.92,2,2,4128.0,True,cache_reused,False,False,0.0,9358c101523836c755711a81b2d63c3e783e183824f45c0cc7d2b921f90eb00f,True,,,1,0,1643.746873,2099.652293,6,4156,4,4128
20260726_formal4t4_reuse_intensive_Adaptive@rho0.4_rep0,0,Adaptive@rho0.4,Adaptive,23,reuse_intensive:rep0:req23,reuse_intensive,0,0,2,L0000,4096,1,0;1,True,1785000982.57804,4096,4096,4096,0.5940999984741211,False,False,False,False,4096,79.92,2,2,4128.0,True,cache_reused,False,False,0.0,6e1dea86ee1f2250ad8df5d324decb680ded247086857aab2674dbbe59317c0b,True,,,1,0,312.442971,742.109402,6,4156,4,4128
20260726_formal4t4_reuse_intensive_Adaptive@rho0.4_rep0,0,Adaptive@rho0.4,Adaptive,24,reuse_intensive:rep0:req24,reuse_intensive,1,34,0,L0034,1024,1,,False,1785000984.6812174,0,0,0,,False,False,False,False,0,0.0,0,0,32.0,False,cache_miss,False,False,0.0,96fb6802e943f8068ae95d3d63a30d682c050f70e70c9f7e52782a3d409549bc,True,,,1,0,488.650109,626.957415,6,1084,4,32
20260726_formal4t4_reuse_intensive_Adaptive@rho0.4_rep0,0,Adaptive@rho0.4,Adaptive,25,reuse_intensive:rep0:req25,reuse_intensive,1,32,0,L0032,1024,0,,False,1785000984.6812541,0,0,0,,False,False,False,False,0,0.0,0,0,32.0,False,cache_miss,False,False,0.0,1c1d4f31f16deeb0e933275e2c8d52b4505f5962170f2ddbe033168ddb0cb393,True,,,1,0,371.890753,493.534202,6,1084,4,32
20260726_formal4t4_reuse_intensive_Adaptive@rho0.4_rep0,0,Adaptive@rho0.4,Adaptive,26,reuse_intensive:rep0:req26,reuse_intensive,1,33,0,L0033,4096,3,,False,1785000984.681279,0,0,0,,False,False,False,False,0,0.0,0,0,32.0,False,cache_miss,False,False,0.0,fe5321ae1b524b1ec6a59f48c0253aa37804d822ffed8286733888907a1ac72e,True,,,1,0,3718.325568,3985.069901,6,4156,4,32
20260726_formal4t4_reuse_intensive_Adaptive@rho0.4_rep0,0,Adaptive@rho0.4,Adaptive,27,reuse_intensive:rep0:req27,reuse_intensive,1,32,1,L0032,1024,2,,False,1785000984.6813006,0,0,0,,False,False,False,False,0,0.0,0,0,32.0,False,cache_miss,False,False,0.0,2d11476c52c7d44a65a7125088e2a3c678f53d4fa472ad2ebbc0c3e2070ebd0c,True,,,1,0,540.713444,676.240357,6,1084,4,32
20260726_formal4t4_reuse_intensive_Adaptive@rho0.4_rep0,0,Adaptive@rho0.4,Adaptive,28,reuse_intensive:rep0:req28,reuse_intensive,1,32,2,L0032,1024,1,,False,1785000988.6687908,1024,0,0,33.79639554023743,True,True,False,False,0,0.0,0,0,32.0,False,cache_miss,False,False,0.0,7ee056feb2e3b4b4b0ce6634e33428899642b2e86bd6d0aac99f62854750b542,True,,,1,0,614.72445,771.763097,6,1084,4,32
20260726_formal4t4_reuse_intensive_Adaptive@rho0.4_rep0,0,Adaptive@rho0.4,Adaptive,29,reuse_intensive:rep0:req29,reuse_intensive,1,33,1,L0033,4096,2,,False,1785000988.668833,4096,0,0,33.79643774032593,True,True,False,False,0,0.0,0,0,32.0,False,cache_miss,False,False,0.0,042a8e65439dc457d8ed175974a5ed19547d85c5c8601bbe2552e35c1da3427a,True,,,1,0,4091.877802,4422.535717,6,4156,4,32
20260726_formal4t4_reuse_intensive_Adaptive@rho0.4_rep0,0,Adaptive@rho0.4,Adaptive,30,reuse_intensive:rep0:req30,reuse_intensive,1,36,0,L0036,1024,3,,False,1785000988.6688595,0,0,0,,False,False,False,False,0,0.0,0,0,32.0,False,cache_miss,False,False,0.0,f5609d9a230c8b9c64d5d21730677e2d07c0ed2e1fca1074a7263a52e15fc5d7,True,,,1,0,408.168463,548.76277,6,1084,4,32
20260726_formal4t4_reuse_intensive_Adaptive@rho0.4_rep0,0,Adaptive@rho0.4,Adaptive,31,reuse_intensive:rep0:req31,reuse_intensive,1,43,0,L0043,2048,0,,False,1785000988.668882,0,0,0,,False,False,False,False,0,0.0,0,0,32.0,False,cache_miss,False,False,0.0,05f071cd9a9caabfcde8fa4553a33e1c1aa57ec0404613b967b6f0d99e04304b,True,,,1,0,1310.079408,1499.960635,6,2108,4,32
20260726_formal4t4_reuse_intensive_Adaptive@rho0.4_rep0,0,Adaptive@rho0.4,Adaptive,32,reuse_intensive:rep0:req32,reuse_intensive,1,42,0,L0042,2048,1,,False,1785000993.0935302,0,0,0,,False,False,False,False,0,0.0,0,0,32.0,False,cache_miss,False,False,0.0,2d65f1ceef1b58b59c0d7e85493f3aa20bbbb940768b3f12c1e728472d3a8478,True,,,1,0,1264.602903,1435.417063,6,2108,4,32
20260726_formal4t4_reuse_intensive_Adaptive@rho0.4_rep0,0,Adaptive@rho0.4,Adaptive,33,reuse_intensive:rep0:req33,reuse_intensive,1,35,0,L0035,2048,3,,False,1785000993.0935695,0,0,0,,False,False,False,False,0,0.0,0,0,32.0,False,cache_miss,False,False,0.0,8b19866cfa9da33e556a88e91c07e73a36d72c79ef1722aba338604d3fb9827f,True,,,1,0,1306.397415,1509.734673,6,2108,4,32
20260726_formal4t4_reuse_intensive_Adaptive@rho0.4_rep0,0,Adaptive@rho0.4,Adaptive,34,reuse_intensive:rep0:req34,reuse_intensive,1,37,0,L0037,4096,2,,False,1785000993.0935957,0,0,0,,False,False,False,False,0,0.0,0,0,32.0,False,cache_miss,False,False,0.0,82e4b02878c327157415e79f0523f3dc2551c495f73dc408614b8217bbf0ac20,True,,,1,0,3540.271918,3825.209369,6,4156,4,32
20260726_formal4t4_reuse_intensive_Adaptive@rho0.4_rep0,0,Adaptive@rho0.4,Adaptive,35,reuse_intensive:rep0:req35,reuse_intensive,1,32,0,L0032,1024,0,0;2,False,1785000993.0936368,1024,1024,1024,4.425537109375,False,False,False,False,1024,0.0,2,2,1056.0,False,cache_reused,False,False,0.0,46634a4a163f64fe1b470ee034980419aab7126d0f7ff13b2b2f8870b9e9e8bc,True,,,1,0,99.951479,292.536491,6,1084,4,1056
20260726_formal4t4_reuse_intensive_Adaptive@rho0.4_rep0,0,Adaptive@rho0.4,Adaptive,36,reuse_intensive:rep0:req36,reuse_intensive,1,32,1,L0032,1024,2,0;2,False,1785000997.013074,1024,1024,1024,8.34445595741272,False,False,False,False,1024,0.0,2,2,1056.0,False,cache_reused,False,False,0.0,ae89da0a337bcf0c790c7d3f61825aac0572c8f921dc96608356a98b6566b7b9,True,,,1,0,66.334795,197.971945,6,1084,4,1056
20260726_formal4t4_reuse_intensive_Adaptive@rho0.4_rep0,0,Adaptive@rho0.4,Adaptive,37,reuse_intensive:rep0:req37,reuse_intensive,1,34,1,L0034,1024,1,1,True,1785000997.013115,1024,1024,1024,8.345244884490967,False,False,False,False,1024,20.48,1,1,1056.0,True,cache_reused,False,False,0.0,e0edd103722e77d6dc38b3f08fb883c280505e6fc7a281ed7775cabf9c99cf34,True,,,1,0,98.713821,290.981419,6,1084,4,1056
20260726_formal4t4_reuse_intensive_Adaptive@rho0.4_rep0,0,Adaptive@rho0.4,Adaptive,38,reuse_intensive:rep0:req38,reuse_intensive,1,32,2,L0032,1024,0,0;2,False,1785000997.0131433,1024,1024,1024,8.345043659210205,False,False,False,False,1024,0.0,2,2,1056.0,False,cache_reused,False,False,0.0,4449df13be6a82367c7610c8cba02c62eac004f9f07b5514b5947f89a19b3b4b,True,,,1,0,82.695748,239.063095,6,1084,4,1056
20260726_formal4t4_reuse_intensive_Adaptive@rho0.4_rep0,0,Adaptive@rho0.4,Adaptive,39,reuse_intensive:rep0:req39,reuse_intensive,1,49,0,L0049,4096,3,,False,1785000997.0131626,0,0,0,,False,False,False,False,0,0.0,0,0,32.0,False,cache_miss,False,False,0.0,6372455f5d5cf316a37bf817f4feb291fa0b93c280c3d13f1f40477ffde92b77,True,,,1,0,3967.279853,4275.760525,6,4156,4,32
20260726_formal4t4_reuse_intensive_Adaptive@rho0.4_rep0,0,Adaptive@rho0.4,Adaptive,40,reuse_intensive:rep0:req40,reuse_intensive,1,38,0,L0038,4096,1,,False,1785001001.2915423,0,0,0,,False,False,False,False,0,0.0,0,0,32.0,False,cache_miss,False,False,0.0,93827a0f2092173065f83ec2c4c75507f897d2ecc65152d08d5538ea5698e1b6,True,,,1,0,3494.353531,3784.812456,6,4156,4,32
20260726_formal4t4_reuse_intensive_Adaptive@rho0.4_rep0,0,Adaptive@rho0.4,Adaptive,41,reuse_intensive:rep0:req41,reuse_intensive,1,36,1,L0036,1024,3,3,False,1785001001.291594,1024,1024,1024,8.198442697525024,False,False,False,False,1024,0.0,1,1,1056.0,False,cache_reused,False,False,0.0,c934e958c647920dd77d77a67a33b9638ffbdf6020f5dfade015d3818cc1ecf9,True,,,1,0,66.606241,197.714038,6,1084,4,1056
20260726_formal4t4_reuse_intensive_Adaptive@rho0.4_rep0,0,Adaptive@rho0.4,Adaptive,42,reuse_intensive:rep0:req42,reuse_intensive,1,37,1,L0037,4096,2,2,True,1785001001.291633,4096,4096,4096,4.370379209518433,False,False,False,False,4096,81.92,1,1,4128.0,True,cache_reused,False,False,0.0,b6bb8e4ae8620ee3ff4df30769a25c5a2a7e72715961d066a39fbce2896d2e67,True,,,1,0,247.006424,564.726296,6,4156,4,4128
20260726_formal4t4_reuse_intensive_Adaptive@rho0.4_rep0,0,Adaptive@rho0.4,Adaptive,43,reuse_intensive:rep0:req43,reuse_intensive,1,47,0,L0047,4096,0,,False,1785001001.2916598,0,0,0,,False,False,False,False,0,0.0,0,0,32.0,False,cache_miss,False,False,0.0,dfa12f16c24259b24eedb742066bdfc185eb369af58c96e4c4bcbb39f4d045cd,True,,,1,0,3478.950111,3788.873887,6,4156,4,32
20260726_formal4t4_reuse_intensive_Adaptive@rho0.4_rep0,0,Adaptive@rho0.4,Adaptive,44,reuse_intensive:rep0:req44,reuse_intensive,1,40,0,L0040,1024,3,,False,1785001005.0843537,0,0,0,,False,False,False,False,0,0.0,0,0,32.0,False,cache_miss,False,False,0.0,2efcc5c8c875fdbf57d2000fa399f9c26655c8e6c72c12c6a8cf6081ca221e1a,True,,,1,0,714.676364,896.575543,6,1084,4,32
20260726_formal4t4_reuse_intensive_Adaptive@rho0.4_rep0,0,Adaptive@rho0.4,Adaptive,45,reuse_intensive:rep0:req45,reuse_intensive,1,37,2,L0037,4096,2,2,False,1785001005.084406,4096,4096,4096,8.16315221786499,False,False,False,False,4096,0.0,1,1,4128.0,False,cache_reused,False,False,0.0,52c2dd3a98b95d981bcd35b41ad27e145b23c306c4bb3a52fe677ea2976b462f,True,,,1,0,259.29402,661.171946,6,4156,4,4128
20260726_formal4t4_reuse_intensive_Adaptive@rho0.4_rep0,0,Adaptive@rho0.4,Adaptive,46,reuse_intensive:rep0:req46,reuse_intensive,1,32,0,L0032,1024,0,0;2,False,1785001005.0844479,1024,1024,1024,3.7934274673461914,False,False,False,False,1024,0.0,2,2,1056.0,False,cache_reused,False,False,0.0,47dcf418d85c82b4a12a22e7143761830ddc5a2e4e87827ebb104763452a435d,True,,,1,0,62.443356,182.654729,6,1084,4,1056
20260726_formal4t4_reuse_intensive_Adaptive@rho0.4_rep0,0,Adaptive@rho0.4,Adaptive,47,reuse_intensive:rep0:req47,reuse_intensive,1,32,1,L0032,1024,2,0;2,True,1785001005.0844836,1024,1024,1024,3.793905019760132,False,False,False,False,1024,18.48,2,2,1056.0,True,cache_reused,False,False,0.0,349969f949f82360b8ad3d9088e107f8ba535c575445abd9e7aa8d215586193d,True,,,1,0,406.431976,702.486509,6,1084,4,1056
20260726_formal4t4_reuse_intensive_Adaptive@rho0.8_rep0,0,Adaptive@rho0.8,Adaptive,12,reuse_intensive:rep0:req12,reuse_intensive,0,0,2,L0000,4096,0,0;2,False,1785001038.855184,4096,4096,4096,22.70846462249756,False,False,False,False,4096,0.0,2,2,4128.0,False,cache_reused,False,False,0.0,b640318a7b997d1bb56cbc56ac8cf127b6dc084a2a7c54b54917e0c4a597f111,True,,,1,0,158.459232,779.360151,6,4156,4,4128
20260726_formal4t4_reuse_intensive_Adaptive@rho0.8_rep0,0,Adaptive@rho0.8,Adaptive,13,reuse_intensive:rep0:req13,reuse_intensive,0,27,0,L0027,2048,2,,False,1785001038.8552244,0,0,0,,False,False,False,False,0,0.0,0,0,32.0,False,cache_miss,False,False,0.0,f035099e132724e940b77c4dfcd19fafe3519fa9dce223e7f81e458731424336,True,,,1,0,1385.6701,1782.758792,6,2108,4,32
20260726_formal4t4_reuse_intensive_Adaptive@rho0.8_rep0,0,Adaptive@rho0.8,Adaptive,14,reuse_intensive:rep0:req14,reuse_intensive,0,12,1,L0012,4096,0,0,True,1785001038.8552618,4096,4096,4096,2.942575693130493,False,False,False,False,4096,79.92,1,1,4128.0,True,cache_reused,False,False,0.0,6b695a33f7a782d6a25ace8fe9f1a910970dec3cf6925d5c140761ec6889e5cc,True,,,1,0,364.981854,897.084594,6,4156,4,4128
20260726_formal4t4_reuse_intensive_Adaptive@rho0.8_rep0,0,Adaptive@rho0.8,Adaptive,15,reuse_intensive:rep0:req15,reuse_intensive,0,0,0,L0000,4096,2,0;2,True,1785001038.8552983,4096,4096,4096,2.942378282546997,False,False,False,False,4096,79.92,2,2,4128.0,True,cache_reused,False,False,0.0,385118021bc706c629bad30f8af9cb658db08f04e5ca9c02d9031e13a27a27ae,True,,,1,0,1384.520895,1781.597049,6,4156,4,4128
20260726_formal4t4_reuse_intensive_Adaptive@rho0.8_rep0,0,Adaptive@rho0.8,Adaptive,16,reuse_intensive:rep0:req16,reuse_intensive,0,6,0,L0006,2048,3,0;3,False,1785001040.6410751,2048,2048,2048,9.991592407226562,False,False,False,False,2048,0.0,2,2,2080.0,False,cache_reused,False,False,0.0,06afd52634813aebf7ab1dd46659252f516b0792647aca3dd0a98ff8089d9833,True,,,1,0,143.574863,374.035961,6,2108,4,2080
20260726_formal4t4_reuse_intensive_Adaptive@rho0.8_rep0,0,Adaptive@rho0.8,Adaptive,17,reuse_intensive:rep0:req17,reuse_intensive,0,5,0,L0005,2048,0,0;3,True,1785001040.6411278,2048,2048,2048,11.403481006622314,False,False,False,False,2048,40.96,2,2,2080.0,True,cache_reused,False,False,0.0,351645ec35629efef0db3465ca62f35a9dd351136005167addcfb46d37347fc0,True,,,1,0,91.592254,278.876006,6,2108,4,2080
20260726_formal4t4_reuse_intensive_Adaptive@rho0.8_rep0,0,Adaptive@rho0.8,Adaptive,18,reuse_intensive:rep0:req18,reuse_intensive,0,0,1,L0000,4096,2,0;2,False,1785001040.6411648,4096,4096,4096,4.728244781494141,False,False,False,False,4096,0.0,2,2,4128.0,False,cache_reused,False,False,0.0,ef3ca750a7886031b518909d8c4974a48716113e4b26106274338fde62af6a26,True,,,1,0,137.429577,395.125363,6,4156,4,4128
20260726_formal4t4_reuse_intensive_Adaptive@rho0.8_rep0,0,Adaptive@rho0.8,Adaptive,19,reuse_intensive:rep0:req19,reuse_intensive,0,8,0,L0008,1024,1,,False,1785001040.6411898,0,0,0,,False,False,False,False,0,0.0,0,0,32.0,False,cache_miss,False,False,0.0,facfdcff2470f36156a07ee138c9e490ba3aa6cbbdef85e2442b73d6347b985b,True,,,1,0,544.671655,676.392805,6,1084,4,32
20260726_formal4t4_reuse_intensive_Adaptive@rho0.8_rep0,0,Adaptive@rho0.8,Adaptive,20,reuse_intensive:rep0:req20,reuse_intensive,0,1,2,L0001,4096,3,0;3,True,1785001041.3211648,4096,4096,4096,21.00074553489685,False,False,False,False,4096,81.92,2,2,4128.0,True,cache_reused,False,False,0.0,881525960998e61bbc82ab8d5b22b6f61e0ef36f8a8bc046f428b50dacb6c582,True,,,1,0,151.26458,450.63672,6,4156,4,4128
20260726_formal4t4_reuse_intensive_Adaptive@rho0.8_rep0,0,Adaptive@rho0.8,Adaptive,21,reuse_intensive:rep0:req21,reuse_intensive,0,24,0,L0024,2048,0,,False,1785001041.3212051,0,0,0,,False,False,False,False,0,0.0,0,0,32.0,False,cache_miss,False,False,0.0,7b88aedfdfbea60aa5127285f0cdfd55926985cb1b41309f0c6405755ea09406,True,,,1,0,1388.749366,1848.313111,6,2108,4,32
20260726_formal4t4_reuse_intensive_Adaptive@rho0.8_rep0,0,Adaptive@rho0.8,Adaptive,22,reuse_intensive:rep0:req22,reuse_intensive,0,1,0,L0001,4096,0,0;3,True,1785001041.321243,4096,4096,4096,21.001008987426758,False,False,False,False,4096,79.92,2,2,4128.0,True,cache_reused,False,False,0.0,9358c101523836c755711a81b2d63c3e783e183824f45c0cc7d2b921f90eb00f,True,,,1,0,1388.044472,1847.466969,6,4156,4,4128
20260726_formal4t4_reuse_intensive_Adaptive@rho0.8_rep0,0,Adaptive@rho0.8,Adaptive,23,reuse_intensive:rep0:req23,reuse_intensive,0,0,2,L0000,4096,2,0;2,False,1785001041.3212767,4096,4096,4096,5.408356666564941,False,False,False,False,4096,0.0,2,2,4128.0,False,cache_reused,False,False,0.0,6e1dea86ee1f2250ad8df5d324decb680ded247086857aab2674dbbe59317c0b,True,,,1,0,137.747951,397.906404,6,4156,4,4128
20260726_formal4t4_reuse_intensive_Adaptive@rho0.8_rep0,0,Adaptive@rho0.8,Adaptive,24,reuse_intensive:rep0:req24,reuse_intensive,1,34,0,L0034,1024,1,,False,1785001043.1723833,0,0,0,,False,False,False,False,0,0.0,0,0,32.0,False,cache_miss,False,False,0.0,96fb6802e943f8068ae95d3d63a30d682c050f70e70c9f7e52782a3d409549bc,True,,,1,0,471.222917,602.545229,6,1084,4,32
20260726_formal4t4_reuse_intensive_Adaptive@rho0.8_rep0,0,Adaptive@rho0.8,Adaptive,25,reuse_intensive:rep0:req25,reuse_intensive,1,32,0,L0032,1024,0,,False,1785001043.1724203,0,0,0,,False,False,False,False,0,0.0,0,0,32.0,False,cache_miss,False,False,0.0,1c1d4f31f16deeb0e933275e2c8d52b4505f5962170f2ddbe033168ddb0cb393,True,,,1,0,414.129612,559.774349,6,1084,4,32
20260726_formal4t4_reuse_intensive_Adaptive@rho0.8_rep0,0,Adaptive@rho0.8,Adaptive,26,reuse_intensive:rep0:req26,reuse_intensive,1,33,0,L0033,4096,3,,False,1785001043.1724463,0,0,0,,False,False,False,False,0,0.0,0,0,32.0,False,cache_miss,False,False,0.0,fe5321ae1b524b1ec6a59f48c0253aa37804d822ffed8286733888907a1ac72e,True,,,1,0,4028.571408,4346.978546,6,4156,4,32
20260726_formal4t4_reuse_intensive_Adaptive@rho0.8_rep0,0,Adaptive@rho0.8,Adaptive,27,reuse_intensive:rep0:req27,reuse_intensive,1,32,1,L0032,1024,2,,False,1785001043.172467,0,0,0,,False,False,False,False,0,0.0,0,0,32.0,False,cache_miss,False,False,0.0,2d11476c52c7d44a65a7125088e2a3c678f53d4fa472ad2ebbc0c3e2070ebd0c,True,,,1,0,433.401027,567.683938,6,1084,4,32
20260726_formal4t4_reuse_intensive_Adaptive@rho0.8_rep0,0,Adaptive@rho0.8,Adaptive,28,reuse_intensive:rep0:req28,reuse_intensive,1,32,2,L0032,1024,1,,False,1785001047.5220828,1024,0,0,35.69706583023071,True,True,False,False,0,0.0,0,0,32.0,False,cache_miss,False,False,0.0,7ee056feb2e3b4b4b0ce6634e33428899642b2e86bd6d0aac99f62854750b542,True,,,1,0,469.912365,588.0845,6,1084,4,32
20260726_formal4t4_reuse_intensive_Adaptive@rho0.8_rep0,0,Adaptive@rho0.8,Adaptive,29,reuse_intensive:rep0:req29,reuse_intensive,1,33,1,L0033,4096,2,,False,1785001047.5221236,4096,0,0,35.69710659980774,True,True,False,False,0,0.0,0,0,32.0,False,cache_miss,False,False,0.0,042a8e65439dc457d8ed175974a5ed19547d85c5c8601bbe2552e35c1da3427a,True,,,1,0,4071.636968,4386.91626,6,4156,4,32
20260726_formal4t4_reuse_intensive_Adaptive@rho0.8_rep0,0,Adaptive@rho0.8,Adaptive,30,reuse_intensive:rep0:req30,reuse_intensive,1,36,0,L0036,1024,3,,False,1785001047.5221496,0,0,0,,False,False,False,False,0,0.0,0,0,32.0,False,cache_miss,False,False,0.0,f5609d9a230c8b9c64d5d21730677e2d07c0ed2e1fca1074a7263a52e15fc5d7,True,,,1,0,413.155668,540.890348,6,1084,4,32
20260726_formal4t4_reuse_intensive_Adaptive@rho0.8_rep0,0,Adaptive@rho0.8,Adaptive,31,reuse_intensive:rep0:req31,reuse_intensive,1,43,0,L0043,2048,0,,False,1785001047.5221715,0,0,0,,False,False,False,False,0,0.0,0,0,32.0,False,cache_miss,False,False,0.0,05f071cd9a9caabfcde8fa4553a33e1c1aa57ec0404613b967b6f0d99e04304b,True,,,1,0,1477.804348,1671.341881,6,2108,4,32
20260726_formal4t4_reuse_intensive_Adaptive@rho0.8_rep0,0,Adaptive@rho0.8,Adaptive,32,reuse_intensive:rep0:req32,reuse_intensive,1,42,0,L0042,2048,1,,False,1785001051.9110515,0,0,0,,False,False,False,False,0,0.0,0,0,32.0,False,cache_miss,False,False,0.0,2d65f1ceef1b58b59c0d7e85493f3aa20bbbb940768b3f12c1e728472d3a8478,True,,,1,0,1347.361752,1547.204095,6,2108,4,32
20260726_formal4t4_reuse_intensive_Adaptive@rho0.8_rep0,0,Adaptive@rho0.8,Adaptive,33,reuse_intensive:rep0:req33,reuse_intensive,1,35,0,L0035,2048,3,,False,1785001051.9110875,0,0,0,,False,False,False,False,0,0.0,0,0,32.0,False,cache_miss,False,False,0.0,8b19866cfa9da33e556a88e91c07e73a36d72c79ef1722aba338604d3fb9827f,True,,,1,0,1195.252784,1356.877909,6,2108,4,32
20260726_formal4t4_reuse_intensive_Adaptive@rho0.8_rep0,0,Adaptive@rho0.8,Adaptive,34,reuse_intensive:rep0:req34,reuse_intensive,1,37,0,L0037,4096,2,,False,1785001051.9111116,0,0,0,,False,False,False,False,0,0.0,0,0,32.0,False,cache_miss,False,False,0.0,82e4b02878c327157415e79f0523f3dc2551c495f73dc408614b8217bbf0ac20,True,,,1,0,3822.637793,4132.387862,6,4156,4,32
20260726_formal4t4_reuse_intensive_Adaptive@rho0.8_rep0,0,Adaptive@rho0.8,Adaptive,35,reuse_intensive:rep0:req35,reuse_intensive,1,32,0,L0032,1024,0,,False,1785001051.9111328,1024,0,0,40.08611583709717,True,True,False,False,0,0.0,0,0,1056.0,False,cache_reused,False,False,0.0,46634a4a163f64fe1b470ee034980419aab7126d0f7ff13b2b2f8870b9e9e8bc,True,,,1,0,119.590516,328.764231,6,1084,4,1056
20260726_formal4t4_reuse_intensive_Adaptive@rho0.8_rep0,0,Adaptive@rho0.8,Adaptive,36,reuse_intensive:rep0:req36,reuse_intensive,1,32,1,L0032,1024,1,,False,1785001056.1373634,1024,0,0,44.31234645843506,True,True,False,False,0,0.0,0,0,1056.0,False,cache_reused,False,False,0.0,ae89da0a337bcf0c790c7d3f61825aac0572c8f921dc96608356a98b6566b7b9,True,,,1,0,98.081615,306.47164,6,1084,4,1056
20260726_formal4t4_reuse_intensive_Adaptive@rho0.8_rep0,0,Adaptive@rho0.8,Adaptive,37,reuse_intensive:rep0:req37,reuse_intensive,1,34,1,L0034,1024,0,,False,1785001056.1373844,1024,0,0,44.31236743927002,True,True,False,False,0,0.0,0,0,32.0,False,cache_miss,False,False,0.0,e0edd103722e77d6dc38b3f08fb883c280505e6fc7a281ed7775cabf9c99cf34,True,,,1,0,531.245956,673.772794,6,1084,4,32
20260726_formal4t4_reuse_intensive_Adaptive@rho0.8_rep0,0,Adaptive@rho0.8,Adaptive,38,reuse_intensive:rep0:req38,reuse_intensive,1,32,2,L0032,1024,3,,False,1785001056.137395,1024,0,0,44.3123779296875,True,True,False,False,0,0.0,0,0,32.0,False,cache_miss,False,False,0.0,4449df13be6a82367c7610c8cba02c62eac004f9f07b5514b5947f89a19b3b4b,True,,,1,0,467.330112,590.045964,6,1084,4,32
20260726_formal4t4_reuse_intensive_Adaptive@rho0.8_rep0,0,Adaptive@rho0.8,Adaptive,39,reuse_intensive:rep0:req39,reuse_intensive,1,49,0,L0049,4096,2,,False,1785001056.1374044,0,0,0,,False,False,False,False,0,0.0,0,0,32.0,False,cache_miss,False,False,0.0,6372455f5d5cf316a37bf817f4feb291fa0b93c280c3d13f1f40477ffde92b77,True,,,1,0,3664.364436,3956.764555,6,4156,4,32
20260726_formal4t4_reuse_intensive_Adaptive@rho0.8_rep0,0,Adaptive@rho0.8,Adaptive,40,reuse_intensive:rep0:req40,reuse_intensive,1,38,0,L0038,4096,1,,False,1785001060.0963461,0,0,0,,False,False,False,False,0,0.0,0,0,32.0,False,cache_miss,False,False,0.0,93827a0f2092173065f83ec2c4c75507f897d2ecc65152d08d5538ea5698e1b6,True,,,1,0,3643.294788,3950.337868,6,4156,4,32
20260726_formal4t4_reuse_intensive_Adaptive@rho0.8_rep0,0,Adaptive@rho0.8,Adaptive,41,reuse_intensive:rep0:req41,reuse_intensive,1,36,1,L0036,1024,2,,False,1785001060.0963898,1024,0,0,48.27137279510498,True,True,False,False,0,0.0,0,0,32.0,False,cache_miss,False,False,0.0,c934e958c647920dd77d77a67a33b9638ffbdf6020f5dfade015d3818cc1ecf9,True,,,1,0,526.480353,686.200275,6,1084,4,32
20260726_formal4t4_reuse_intensive_Adaptive@rho0.8_rep0,0,Adaptive@rho0.8,Adaptive,42,reuse_intensive:rep0:req42,reuse_intensive,1,37,1,L0037,4096,3,,False,1785001060.0964277,4096,0,0,48.27141070365906,True,True,False,False,0,0.0,0,0,32.0,False,cache_miss,False,False,0.0,b6bb8e4ae8620ee3ff4df30769a25c5a2a7e72715961d066a39fbce2896d2e67,True,,,1,0,3606.281469,3890.114716,6,4156,4,32
20260726_formal4t4_reuse_intensive_Adaptive@rho0.8_rep0,0,Adaptive@rho0.8,Adaptive,43,reuse_intensive:rep0:req43,reuse_intensive,1,47,0,L0047,4096,0,,False,1785001060.0964518,0,0,0,,False,False,False,False,0,0.0,0,0,32.0,False,cache_miss,False,False,0.0,dfa12f16c24259b24eedb742066bdfc185eb369af58c96e4c4bcbb39f4d045cd,True,,,1,0,3691.589729,3996.998286,6,4156,4,32
20260726_formal4t4_reuse_intensive_Adaptive@rho0.8_rep0,0,Adaptive@rho0.8,Adaptive,44,reuse_intensive:rep0:req44,reuse_intensive,1,40,0,L0040,1024,1,,False,1785001064.097232,0,0,0,,False,False,False,False,0,0.0,0,0,32.0,False,cache_miss,False,False,0.0,2efcc5c8c875fdbf57d2000fa399f9c26655c8e6c72c12c6a8cf6081ca221e1a,True,,,1,0,432.456519,569.62079,6,1084,4,32
20260726_formal4t4_reuse_intensive_Adaptive@rho0.8_rep0,0,Adaptive@rho0.8,Adaptive,45,reuse_intensive:rep0:req45,reuse_intensive,1,37,2,L0037,4096,2,2,True,1785001064.0972857,4096,4096,4096,8.051610946655273,False,False,False,False,4096,81.92,1,1,4128.0,True,cache_reused,False,False,0.0,52c2dd3a98b95d981bcd35b41ad27e145b23c306c4bb3a52fe677ea2976b462f,True,,,1,0,285.543228,629.134899,6,4156,4,4128
20260726_formal4t4_reuse_intensive_Adaptive@rho0.8_rep0,0,Adaptive@rho0.8,Adaptive,46,reuse_intensive:rep0:req46,reuse_intensive,1,32,0,L0032,1024,0,,False,1785001064.0973163,1024,0,0,52.27229928970337,True,True,False,False,0,0.0,0,0,1056.0,False,cache_reused,False,False,0.0,47dcf418d85c82b4a12a22e7143761830ddc5a2e4e87827ebb104763452a435d,True,,,1,0,68.221184,206.292122,6,1084,4,1056
20260726_formal4t4_reuse_intensive_Adaptive@rho0.8_rep0,0,Adaptive@rho0.8,Adaptive,47,reuse_intensive:rep0:req47,reuse_intensive,1,32,1,L0032,1024,3,,False,1785001064.0973408,1024,0,0,52.27232384681702,True,True,False,False,0,0.0,0,0,1056.0,False,cache_reused,False,False,0.0,349969f949f82360b8ad3d9088e107f8ba535c575445abd9e7aa8d215586193d,True,,,1,0,63.445666,186.65549,6,1084,4,1056
20260726_formal4t4_reuse_intensive_FullSync@rho0.6_rep0,0,FullSync@rho0.6,FullSync,12,reuse_intensive:rep0:req12,reuse_intensive,0,0,2,L0000,4096,3,0;1;2;3,False,1785001103.006936,4096,4096,4096,22.416800022125244,False,False,False,False,4096,0.0,4,4,4128.0,False,cache_reused,False,False,0.0,b640318a7b997d1bb56cbc56ac8cf127b6dc084a2a7c54b54917e0c4a597f111,True,,,1,0,144.141492,419.483385,6,4156,4,4128
20260726_formal4t4_reuse_intensive_FullSync@rho0.6_rep0,0,FullSync@rho0.6,FullSync,13,reuse_intensive:rep0:req13,reuse_intensive,0,27,0,L0027,2048,0,,False,1785001103.006976,0,0,0,,False,False,False,False,0,0.0,0,0,32.0,False,cache_miss,False,False,0.0,f035099e132724e940b77c4dfcd19fafe3519fa9dce223e7f81e458731424336,True,,,1,0,1280.83687,1475.018292,6,2108,4,32
20260726_formal4t4_reuse_intensive_FullSync@rho0.6_rep0,0,FullSync@rho0.6,FullSync,14,reuse_intensive:rep0:req14,reuse_intensive,0,12,1,L0012,4096,1,,False,1785001103.0070024,4096,0,0,26.916502237319946,True,True,False,False,0,0.0,0,0,32.0,False,cache_miss,False,False,0.0,6b695a33f7a782d6a25ace8fe9f1a910970dec3cf6925d5c140761ec6889e5cc,True,,,1,0,3693.619643,4009.046114,6,4156,4,32
20260726_formal4t4_reuse_intensive_FullSync@rho0.6_rep0,0,FullSync@rho0.6,FullSync,15,reuse_intensive:rep0:req15,reuse_intensive,0,0,0,L0000,4096,2,0;1;2;3,False,1785001103.0070407,4096,4096,4096,22.41694188117981,False,False,False,False,4096,0.0,4,4,4128.0,False,cache_reused,False,False,0.0,385118021bc706c629bad30f8af9cb658db08f04e5ca9c02d9031e13a27a27ae,True,,,1,0,148.333927,443.289219,6,4156,4,4128
20260726_formal4t4_reuse_intensive_FullSync@rho0.6_rep0,0,FullSync@rho0.6,FullSync,16,reuse_intensive:rep0:req16,reuse_intensive,0,6,0,L0006,2048,1,0;1;2;3,False,1785001107.018503,2048,2048,2048,11.575137376785278,False,False,False,False,2048,0.0,4,4,2080.0,False,cache_reused,False,False,0.0,06afd52634813aebf7ab1dd46659252f516b0792647aca3dd0a98ff8089d9833,True,,,1,0,97.385875,292.386519,6,2108,4,2080
20260726_formal4t4_reuse_intensive_FullSync@rho0.6_rep0,0,FullSync@rho0.6,FullSync,17,reuse_intensive:rep0:req17,reuse_intensive,0,5,0,L0005,2048,0,0;1;2;3,False,1785001107.0185285,2048,2048,2048,13.12667441368103,False,False,False,False,2048,0.0,4,4,2080.0,False,cache_reused,False,False,0.0,351645ec35629efef0db3465ca62f35a9dd351136005167addcfb46d37347fc0,True,,,1,0,136.210469,362.809998,6,2108,4,2080
20260726_formal4t4_reuse_intensive_FullSync@rho0.6_rep0,0,FullSync@rho0.6,FullSync,18,reuse_intensive:rep0:req18,reuse_intensive,0,0,1,L0000,4096,3,0;1;2;3,False,1785001107.0185454,4096,4096,4096,26.428409337997437,False,False,False,False,4096,0.0,4,4,4128.0,False,cache_reused,False,False,0.0,ef3ca750a7886031b518909d8c4974a48716113e4b26106274338fde62af6a26,True,,,1,0,231.398409,528.826037,6,4156,4,4128
20260726_formal4t4_reuse_intensive_FullSync@rho0.6_rep0,0,FullSync@rho0.6,FullSync,19,reuse_intensive:rep0:req19,reuse_intensive,0,8,0,L0008,1024,2,,False,1785001107.0185566,0,0,0,,False,False,False,False,0,0.0,0,0,32.0,False,cache_miss,False,False,0.0,facfdcff2470f36156a07ee138c9e490ba3aa6cbbdef85e2442b73d6347b985b,True,,,1,0,577.583862,713.503888,6,1084,4,32
20260726_formal4t4_reuse_intensive_FullSync@rho0.6_rep0,0,FullSync@rho0.6,FullSync,20,reuse_intensive:rep0:req20,reuse_intensive,0,1,2,L0001,4096,0,0;1;2;3,False,1785001107.7344713,4096,4096,4096,22.836035013198853,False,False,False,False,4096,0.0,4,4,4128.0,False,cache_reused,False,False,0.0,881525960998e61bbc82ab8d5b22b6f61e0ef36f8a8bc046f428b50dacb6c582,True,,,1,0,148.797286,441.851281,6,4156,4,4128
20260726_formal4t4_reuse_intensive_FullSync@rho0.6_rep0,0,FullSync@rho0.6,FullSync,21,reuse_intensive:rep0:req21,reuse_intensive,0,24,0,L0024,2048,2,,False,1785001107.7345107,0,0,0,,False,False,False,False,0,0.0,0,0,32.0,False,cache_miss,False,False,0.0,7b88aedfdfbea60aa5127285f0cdfd55926985cb1b41309f0c6405755ea09406,True,,,1,0,1234.218974,1417.842284,6,2108,4,32
20260726_formal4t4_reuse_intensive_FullSync@rho0.6_rep0,0,FullSync@rho0.6,FullSync,22,reuse_intensive:rep0:req22,reuse_intensive,0,1,0,L0001,4096,3,0;1;2;3,False,1785001107.7345536,4096,4096,4096,22.835932970046997,False,False,False,False,4096,0.0,4,4,4128.0,False,cache_reused,False,False,0.0,9358c101523836c755711a81b2d63c3e783e183824f45c0cc7d2b921f90eb00f,True,,,1,0,156.667361,471.956895,6,4156,4,4128
20260726_formal4t4_reuse_intensive_FullSync@rho0.6_rep0,0,FullSync@rho0.6,FullSync,23,reuse_intensive:rep0:req23,reuse_intensive,0,0,2,L0000,4096,1,0;1;2;3,False,1785001107.7345898,4096,4096,4096,27.144541025161743,False,False,False,False,4096,0.0,4,4,4128.0,False,cache_reused,False,False,0.0,6e1dea86ee1f2250ad8df5d324decb680ded247086857aab2674dbbe59317c0b,True,,,1,0,166.55652,512.823308,6,4156,4,4128
20260726_formal4t4_reuse_intensive_FullSync@rho0.6_rep0,0,FullSync@rho0.6,FullSync,24,reuse_intensive:rep0:req24,reuse_intensive,1,34,0,L0034,1024,3,,False,1785001109.1551504,0,0,0,,False,False,False,False,0,0.0,0,0,32.0,False,cache_miss,False,False,0.0,96fb6802e943f8068ae95d3d63a30d682c050f70e70c9f7e52782a3d409549bc,True,,,1,0,492.711239,644.586833,6,1084,4,32
20260726_formal4t4_reuse_intensive_FullSync@rho0.6_rep0,0,FullSync@rho0.6,FullSync,25,reuse_intensive:rep0:req25,reuse_intensive,1,32,0,L0032,1024,1,,False,1785001109.1551852,0,0,0,,False,False,False,False,0,0.0,0,0,32.0,False,cache_miss,False,False,0.0,1c1d4f31f16deeb0e933275e2c8d52b4505f5962170f2ddbe033168ddb0cb393,True,,,1,0,379.158308,511.113361,6,1084,4,32
20260726_formal4t4_reuse_intensive_FullSync@rho0.6_rep0,0,FullSync@rho0.6,FullSync,26,reuse_intensive:rep0:req26,reuse_intensive,1,33,0,L0033,4096,2,,False,1785001109.155211,0,0,0,,False,False,False,False,0,0.0,0,0,32.0,False,cache_miss,False,False,0.0,fe5321ae1b524b1ec6a59f48c0253aa37804d822ffed8286733888907a1ac72e,True,,,1,0,3228.323242,3504.468978,6,4156,4,32
20260726_formal4t4_reuse_intensive_FullSync@rho0.6_rep0,0,FullSync@rho0.6,FullSync,27,reuse_intensive:rep0:req27,reuse_intensive,1,32,1,L0032,1024,0,,False,1785001109.1552324,0,0,0,,False,False,False,False,0,0.0,0,0,32.0,False,cache_miss,False,False,0.0,2d11476c52c7d44a65a7125088e2a3c678f53d4fa472ad2ebbc0c3e2070ebd0c,True,,,1,0,359.725526,485.306179,6,1084,4,32
20260726_formal4t4_reuse_intensive_FullSync@rho0.6_rep0,0,FullSync@rho0.6,FullSync,28,reuse_intensive:rep0:req28,reuse_intensive,1,32,2,L0032,1024,3,,False,1785001112.6621842,1024,0,0,36.57168412208557,True,True,False,False,0,0.0,0,0,32.0,False,cache_miss,False,False,0.0,7ee056feb2e3b4b4b0ce6634e33428899642b2e86bd6d0aac99f62854750b542,True,,,1,0,498.145903,617.390481,6,1084,4,32
20260726_formal4t4_reuse_intensive_FullSync@rho0.6_rep0,0,FullSync@rho0.6,FullSync,29,reuse_intensive:rep0:req29,reuse_intensive,1,33,1,L0033,4096,2,,False,1785001112.6622264,4096,0,0,36.57172632217407,True,True,False,False,0,0.0,0,0,4128.0,False,cache_reused,False,False,0.0,042a8e65439dc457d8ed175974a5ed19547d85c5c8601bbe2552e35c1da3427a,True,,,1,0,144.384128,420.052284,6,4156,4,4128
20260726_formal4t4_reuse_intensive_FullSync@rho0.6_rep0,0,FullSync@rho0.6,FullSync,30,reuse_intensive:rep0:req30,reuse_intensive,1,36,0,L0036,1024,1,,False,1785001112.6622531,0,0,0,,False,False,False,False,0,0.0,0,0,32.0,False,cache_miss,False,False,0.0,f5609d9a230c8b9c64d5d21730677e2d07c0ed2e1fca1074a7263a52e15fc5d7,True,,,1,0,505.688677,643.415373,6,1084,4,32
20260726_formal4t4_reuse_intensive_FullSync@rho0.6_rep0,0,FullSync@rho0.6,FullSync,31,reuse_intensive:rep0:req31,reuse_intensive,1,43,0,L0043,2048,0,,False,1785001112.6622748,0,0,0,,False,False,False,False,0,0.0,0,0,32.0,False,cache_miss,False,False,0.0,05f071cd9a9caabfcde8fa4553a33e1c1aa57ec0404613b967b6f0d99e04304b,True,,,1,0,1264.211535,1442.997498,6,2108,4,32
20260726_formal4t4_reuse_intensive_FullSync@rho0.6_rep0,0,FullSync@rho0.6,FullSync,32,reuse_intensive:rep0:req32,reuse_intensive,1,42,0,L0042,2048,3,,False,1785001114.1086097,0,0,0,,False,False,False,False,0,0.0,0,0,32.0,False,cache_miss,False,False,0.0,2d65f1ceef1b58b59c0d7e85493f3aa20bbbb940768b3f12c1e728472d3a8478,True,,,1,0,1243.162814,1425.68025,6,2108,4,32
20260726_formal4t4_reuse_intensive_FullSync@rho0.6_rep0,0,FullSync@rho0.6,FullSync,33,reuse_intensive:rep0:req33,reuse_intensive,1,35,0,L0035,2048,0,,False,1785001114.108645,0,0,0,,False,False,False,False,0,0.0,0,0,32.0,False,cache_miss,False,False,0.0,8b19866cfa9da33e556a88e91c07e73a36d72c79ef1722aba338604d3fb9827f,True,,,1,0,1362.20034,1574.365006,6,2108,4,32
20260726_formal4t4_reuse_intensive_FullSync@rho0.6_rep0,0,FullSync@rho0.6,FullSync,34,reuse_intensive:rep0:req34,reuse_intensive,1,37,0,L0037,4096,2,,False,1785001114.1086698,0,0,0,,False,False,False,False,0,0.0,0,0,32.0,False,cache_miss,False,False,0.0,82e4b02878c327157415e79f0523f3dc2551c495f73dc408614b8217bbf0ac20,True,,,1,0,3792.968752,4094.711674,6,4156,4,32
20260726_formal4t4_reuse_intensive_FullSync@rho0.6_rep0,0,FullSync@rho0.6,FullSync,35,reuse_intensive:rep0:req35,reuse_intensive,1,32,0,L0032,1024,1,,False,1785001114.108691,1024,0,0,38.01819086074829,True,True,False,False,0,0.0,0,0,1056.0,False,cache_reused,False,False,0.0,46634a4a163f64fe1b470ee034980419aab7126d0f7ff13b2b2f8870b9e9e8bc,True,,,1,0,65.852656,197.514865,6,1084,4,1056
20260726_formal4t4_reuse_intensive_FullSync@rho0.6_rep0,0,FullSync@rho0.6,FullSync,36,reuse_intensive:rep0:req36,reuse_intensive,1,32,1,L0032,1024,3,,False,1785001118.2879236,1024,0,0,42.197423458099365,True,True,False,False,0,0.0,0,0,1056.0,False,cache_reused,False,False,0.0,ae89da0a337bcf0c790c7d3f61825aac0572c8f921dc96608356a98b6566b7b9,True,,,1,0,89.035511,282.141001,6,1084,4,1056
20260726_formal4t4_reuse_intensive_FullSync@rho0.6_rep0,0,FullSync@rho0.6,FullSync,37,reuse_intensive:rep0:req37,reuse_intensive,1,34,1,L0034,1024,1,,False,1785001118.2879655,1024,0,0,42.19746541976929,True,True,False,False,0,0.0,0,0,32.0,False,cache_miss,False,False,0.0,e0edd103722e77d6dc38b3f08fb883c280505e6fc7a281ed7775cabf9c99cf34,True,,,1,0,523.757739,655.908197,6,1084,4,32
20260726_formal4t4_reuse_intensive_FullSync@rho0.6_rep0,0,FullSync@rho0.6,FullSync,38,reuse_intensive:rep0:req38,reuse_intensive,1,32,2,L0032,1024,2,,False,1785001118.2879927,1024,0,0,42.197492599487305,True,True,False,False,0,0.0,0,0,32.0,False,cache_miss,False,False,0.0,4449df13be6a82367c7610c8cba02c62eac004f9f07b5514b5947f89a19b3b4b,True,,,1,0,506.748266,670.831074,6,1084,4,32
20260726_formal4t4_reuse_intensive_FullSync@rho0.6_rep0,0,FullSync@rho0.6,FullSync,39,reuse_intensive:rep0:req39,reuse_intensive,1,49,0,L0049,4096,0,,False,1785001118.2880144,0,0,0,,False,False,False,False,0,0.0,0,0,32.0,False,cache_miss,False,False,0.0,6372455f5d5cf316a37bf817f4feb291fa0b93c280c3d13f1f40477ffde92b77,True,,,1,0,3810.810762,4121.302638,6,4156,4,32
20260726_formal4t4_reuse_intensive_FullSync@rho0.6_rep0,0,FullSync@rho0.6,FullSync,40,reuse_intensive:rep0:req40,reuse_intensive,1,38,0,L0038,4096,3,,False,1785001122.4122272,0,0,0,,False,False,False,False,0,0.0,0,0,32.0,False,cache_miss,False,False,0.0,93827a0f2092173065f83ec2c4c75507f897d2ecc65152d08d5538ea5698e1b6,True,,,1,0,4065.152341,4369.895282,6,4156,4,32
20260726_formal4t4_reuse_intensive_FullSync@rho0.6_rep0,0,FullSync@rho0.6,FullSync,41,reuse_intensive:rep0:req41,reuse_intensive,1,36,1,L0036,1024,2,,False,1785001122.4122646,1024,0,0,46.32176446914673,True,True,False,False,0,0.0,0,0,32.0,False,cache_miss,False,False,0.0,c934e958c647920dd77d77a67a33b9638ffbdf6020f5dfade015d3818cc1ecf9,True,,,1,0,500.014772,626.924604,6,1084,4,32
20260726_formal4t4_reuse_intensive_FullSync@rho0.6_rep0,0,FullSync@rho0.6,FullSync,42,reuse_intensive:rep0:req42,reuse_intensive,1,37,1,L0037,4096,1,,False,1785001122.412293,4096,0,0,46.32179284095764,True,True,False,False,0,0.0,0,0,32.0,False,cache_miss,False,False,0.0,b6bb8e4ae8620ee3ff4df30769a25c5a2a7e72715961d066a39fbce2896d2e67,True,,,1,0,4276.449279,4615.164468,6,4156,4,32
20260726_formal4t4_reuse_intensive_FullSync@rho0.6_rep0,0,FullSync@rho0.6,FullSync,43,reuse_intensive:rep0:req43,reuse_intensive,1,47,0,L0047,4096,0,,False,1785001122.412317,0,0,0,,False,False,False,False,0,0.0,0,0,32.0,False,cache_miss,False,False,0.0,dfa12f16c24259b24eedb742066bdfc185eb369af58c96e4c4bcbb39f4d045cd,True,,,1,0,3500.683847,3792.616993,6,4156,4,32
20260726_formal4t4_reuse_intensive_FullSync@rho0.6_rep0,0,FullSync@rho0.6,FullSync,44,reuse_intensive:rep0:req44,reuse_intensive,1,40,0,L0040,1024,3,,False,1785001127.0305297,0,0,0,,False,False,False,False,0,0.0,0,0,32.0,False,cache_miss,False,False,0.0,2efcc5c8c875fdbf57d2000fa399f9c26655c8e6c72c12c6a8cf6081ca221e1a,True,,,1,0,533.641601,697.179031,6,1084,4,32
20260726_formal4t4_reuse_intensive_FullSync@rho0.6_rep0,0,FullSync@rho0.6,FullSync,45,reuse_intensive:rep0:req45,reuse_intensive,1,37,2,L0037,4096,0,,False,1785001127.030567,4096,0,0,50.94006681442261,True,True,False,False,0,0.0,0,0,32.0,False,cache_miss,False,False,0.0,52c2dd3a98b95d981bcd35b41ad27e145b23c306c4bb3a52fe677ea2976b462f,True,,,1,0,3607.193076,3890.989154,6,4156,4,32
20260726_formal4t4_reuse_intensive_FullSync@rho0.6_rep0,0,FullSync@rho0.6,FullSync,46,reuse_intensive:rep0:req46,reuse_intensive,1,32,0,L0032,1024,1,0;1;3,True,1785001127.0306144,1024,1024,1024,14.369134187698364,False,False,False,False,1024,20.48,3,3,1056.0,True,cache_reused,False,False,0.0,47dcf418d85c82b4a12a22e7143761830ddc5a2e4e87827ebb104763452a435d,True,,,1,0,69.745182,213.288452,6,1084,4,1056
20260726_formal4t4_reuse_intensive_FullSync@rho0.6_rep0,0,FullSync@rho0.6,FullSync,47,reuse_intensive:rep0:req47,reuse_intensive,1,32,1,L0032,1024,1,0;1;3,True,1785001127.0306525,1024,1024,1024,14.36917233467102,False,False,False,False,1024,18.48,3,3,1056.0,True,cache_reused,False,False,0.0,349969f949f82360b8ad3d9088e107f8ba535c575445abd9e7aa8d215586193d,True,,,1,0,120.244882,255.746094,6,1084,4,1056
20260726_formal4t4_reuse_intensive_Adaptive@rho0.6_rep0,0,Adaptive@rho0.6,Adaptive,12,reuse_intensive:rep0:req12,reuse_intensive,0,0,2,L0000,4096,0,0;2,False,1785001169.818542,4096,4096,4096,1.9407374858856201,False,False,False,False,4096,0.0,2,2,4128.0,False,cache_reused,False,False,0.0,b640318a7b997d1bb56cbc56ac8cf127b6dc084a2a7c54b54917e0c4a597f111,True,,,1,0,156.264308,752.82088,6,4156,4,4128
20260726_formal4t4_reuse_intensive_Adaptive@rho0.6_rep0,0,Adaptive@rho0.6,Adaptive,13,reuse_intensive:rep0:req13,reuse_intensive,0,27,0,L0027,2048,2,,False,1785001169.8185577,0,0,0,,False,False,False,False,0,0.0,0,0,32.0,False,cache_miss,False,False,0.0,f035099e132724e940b77c4dfcd19fafe3519fa9dce223e7f81e458731424336,True,,,1,0,1584.336904,2060.018871,6,2108,4,32
20260726_formal4t4_reuse_intensive_Adaptive@rho0.6_rep0,0,Adaptive@rho0.6,Adaptive,14,reuse_intensive:rep0:req14,reuse_intensive,0,12,1,L0012,4096,0,0,True,1785001169.8185709,4096,4096,4096,3.4228293895721436,False,False,False,False,4096,79.92,1,1,4128.0,True,cache_reused,False,False,0.0,6b695a33f7a782d6a25ace8fe9f1a910970dec3cf6925d5c140761ec6889e5cc,True,,,1,0,356.798463,866.11795,6,4156,4,4128
20260726_formal4t4_reuse_intensive_Adaptive@rho0.6_rep0,0,Adaptive@rho0.6,Adaptive,15,reuse_intensive:rep0:req15,reuse_intensive,0,0,0,L0000,4096,2,0;2,True,1785001169.8185828,4096,4096,4096,3.4226114749908447,False,False,False,False,4096,79.92,2,2,4128.0,True,cache_reused,False,False,0.0,385118021bc706c629bad30f8af9cb658db08f04e5ca9c02d9031e13a27a27ae,True,,,1,0,1584.011643,2059.77789,6,4156,4,4128
20260726_formal4t4_reuse_intensive_Adaptive@rho0.6_rep0,0,Adaptive@rho0.6,Adaptive,16,reuse_intensive:rep0:req16,reuse_intensive,0,6,0,L0006,2048,0,0;2,True,1785001171.8809862,2048,2048,2048,10.58424425125122,False,False,False,False,2048,40.96,2,2,2080.0,True,cache_reused,False,False,0.0,06afd52634813aebf7ab1dd46659252f516b0792647aca3dd0a98ff8089d9833,True,,,1,0,90.22849,249.583226,6,2108,4,2080
20260726_formal4t4_reuse_intensive_Adaptive@rho0.6_rep0,0,Adaptive@rho0.6,Adaptive,17,reuse_intensive:rep0:req17,reuse_intensive,0,5,0,L0005,2048,1,0;1,True,1785001171.881037,2048,2048,2048,12.104898929595947,False,False,False,False,2048,40.96,2,2,2080.0,True,cache_reused,False,False,0.0,351645ec35629efef0db3465ca62f35a9dd351136005167addcfb46d37347fc0,True,,,1,0,167.960362,433.356854,6,2108,4,2080
20260726_formal4t4_reuse_intensive_Adaptive@rho0.6_rep0,0,Adaptive@rho0.6,Adaptive,18,reuse_intensive:rep0:req18,reuse_intensive,0,0,1,L0000,4096,2,0;2,True,1785001171.881074,4096,4096,4096,5.485102653503418,False,False,False,False,4096,81.92,2,2,4128.0,True,cache_reused,False,False,0.0,ef3ca750a7886031b518909d8c4974a48716113e4b26106274338fde62af6a26,True,,,1,0,154.126999,466.800763,6,4156,4,4128
20260726_formal4t4_reuse_intensive_Adaptive@rho0.6_rep0,0,Adaptive@rho0.6,Adaptive,19,reuse_intensive:rep0:req19,reuse_intensive,0,8,0,L0008,1024,3,,False,1785001171.881099,0,0,0,,False,False,False,False,0,0.0,0,0,32.0,False,cache_miss,False,False,0.0,facfdcff2470f36156a07ee138c9e490ba3aa6cbbdef85e2442b73d6347b985b,True,,,1,0,566.351476,715.373265,6,1084,4,32
20260726_formal4t4_reuse_intensive_Adaptive@rho0.6_rep0,0,Adaptive@rho0.6,Adaptive,20,reuse_intensive:rep0:req20,reuse_intensive,0,1,2,L0001,4096,2,0;2,False,1785001172.6002464,4096,4096,4096,2.7817351818084717,False,False,False,False,4096,0.0,2,2,4128.0,False,cache_reused,False,False,0.0,881525960998e61bbc82ab8d5b22b6f61e0ef36f8a8bc046f428b50dacb6c582,True,,,1,0,155.967023,712.284938,6,4156,4,4128
20260726_formal4t4_reuse_intensive_Adaptive@rho0.6_rep0,0,Adaptive@rho0.6,Adaptive,21,reuse_intensive:rep0:req21,reuse_intensive,0,24,0,L0024,2048,0,,False,1785001172.6002846,0,0,0,,False,False,False,False,0,0.0,0,0,32.0,False,cache_miss,False,False,0.0,7b88aedfdfbea60aa5127285f0cdfd55926985cb1b41309f0c6405755ea09406,True,,,1,0,1389.33294,1823.044915,6,2108,4,32
20260726_formal4t4_reuse_intensive_Adaptive@rho0.6_rep0,0,Adaptive@rho0.6,Adaptive,22,reuse_intensive:rep0:req22,reuse_intensive,0,1,0,L0001,4096,0,0;2,True,1785001172.6003234,4096,4096,4096,4.72258448600769,False,False,False,False,4096,79.92,2,2,4128.0,True,cache_reused,False,False,0.0,9358c101523836c755711a81b2d63c3e783e183824f45c0cc7d2b921f90eb00f,True,,,1,0,1388.513175,1822.170715,6,4156,4,4128
20260726_formal4t4_reuse_intensive_Adaptive@rho0.6_rep0,0,Adaptive@rho0.6,Adaptive,23,reuse_intensive:rep0:req23,reuse_intensive,0,0,2,L0000,4096,2,0;2,True,1785001172.6003554,4096,4096,4096,6.204384088516235,False,False,False,False,4096,79.92,2,2,4128.0,True,cache_reused,False,False,0.0,6e1dea86ee1f2250ad8df5d324decb680ded247086857aab2674dbbe59317c0b,True,,,1,0,340.497181,811.134026,6,4156,4,4128
20260726_formal4t4_reuse_intensive_Adaptive@rho0.6_rep0,0,Adaptive@rho0.6,Adaptive,24,reuse_intensive:rep0:req24,reuse_intensive,1,34,0,L0034,1024,1,,False,1785001174.4261155,0,0,0,,False,False,False,False,0,0.0,0,0,32.0,False,cache_miss,False,False,0.0,96fb6802e943f8068ae95d3d63a30d682c050f70e70c9f7e52782a3d409549bc,True,,,1,0,492.529438,637.048121,6,1084,4,32
20260726_formal4t4_reuse_intensive_Adaptive@rho0.6_rep0,0,Adaptive@rho0.6,Adaptive,25,reuse_intensive:rep0:req25,reuse_intensive,1,32,0,L0032,1024,0,,False,1785001174.426153,0,0,0,,False,False,False,False,0,0.0,0,0,32.0,False,cache_miss,False,False,0.0,1c1d4f31f16deeb0e933275e2c8d52b4505f5962170f2ddbe033168ddb0cb393,True,,,1,0,394.279641,527.256019,6,1084,4,32
20260726_formal4t4_reuse_intensive_Adaptive@rho0.6_rep0,0,Adaptive@rho0.6,Adaptive,26,reuse_intensive:rep0:req26,reuse_intensive,1,33,0,L0033,4096,3,,False,1785001174.4261801,0,0,0,,False,False,False,False,0,0.0,0,0,32.0,False,cache_miss,False,False,0.0,fe5321ae1b524b1ec6a59f48c0253aa37804d822ffed8286733888907a1ac72e,True,,,1,0,3558.64125,3837.588728,6,4156,4,32
20260726_formal4t4_reuse_intensive_Adaptive@rho0.6_rep0,0,Adaptive@rho0.6,Adaptive,27,reuse_intensive:rep0:req27,reuse_intensive,1,32,1,L0032,1024,2,,False,1785001174.4262009,0,0,0,,False,False,False,False,0,0.0,0,0,32.0,False,cache_miss,False,False,0.0,2d11476c52c7d44a65a7125088e2a3c678f53d4fa472ad2ebbc0c3e2070ebd0c,True,,,1,0,476.255727,624.333007,6,1084,4,32
20260726_formal4t4_reuse_intensive_Adaptive@rho0.6_rep0,0,Adaptive@rho0.6,Adaptive,28,reuse_intensive:rep0:req28,reuse_intensive,1,32,2,L0032,1024,1,,False,1785001178.2662027,1024,0,0,36.726489305496216,True,True,False,False,0,0.0,0,0,32.0,False,cache_miss,False,False,0.0,7ee056feb2e3b4b4b0ce6634e33428899642b2e86bd6d0aac99f62854750b542,True,,,1,0,484.507793,618.762042,6,1084,4,32
20260726_formal4t4_reuse_intensive_Adaptive@rho0.6_rep0,0,Adaptive@rho0.6,Adaptive,29,reuse_intensive:rep0:req29,reuse_intensive,1,33,1,L0033,4096,2,,False,1785001178.266244,4096,0,0,36.7265305519104,True,True,False,False,0,0.0,0,0,32.0,False,cache_miss,False,False,0.0,042a8e65439dc457d8ed175974a5ed19547d85c5c8601bbe2552e35c1da3427a,True,,,1,0,3267.315714,3538.624344,6,4156,4,32
20260726_formal4t4_reuse_intensive_Adaptive@rho0.6_rep0,0,Adaptive@rho0.6,Adaptive,30,reuse_intensive:rep0:req30,reuse_intensive,1,36,0,L0036,1024,3,,False,1785001178.2662716,0,0,0,,False,False,False,False,0,0.0,0,0,32.0,False,cache_miss,False,False,0.0,f5609d9a230c8b9c64d5d21730677e2d07c0ed2e1fca1074a7263a52e15fc5d7,True,,,1,0,440.774612,584.814625,6,1084,4,32
20260726_formal4t4_reuse_intensive_Adaptive@rho0.6_rep0,0,Adaptive@rho0.6,Adaptive,31,reuse_intensive:rep0:req31,reuse_intensive,1,43,0,L0043,2048,0,,False,1785001178.2662935,0,0,0,,False,False,False,False,0,0.0,0,0,32.0,False,cache_miss,False,False,0.0,05f071cd9a9caabfcde8fa4553a33e1c1aa57ec0404613b967b6f0d99e04304b,True,,,1,0,1168.038514,1333.163636,6,2108,4,32
20260726_formal4t4_reuse_intensive_Adaptive@rho0.6_rep0,0,Adaptive@rho0.6,Adaptive,32,reuse_intensive:rep0:req32,reuse_intensive,1,42,0,L0042,2048,1,,False,1785001181.8069124,0,0,0,,False,False,False,False,0,0.0,0,0,32.0,False,cache_miss,False,False,0.0,2d65f1ceef1b58b59c0d7e85493f3aa20bbbb940768b3f12c1e728472d3a8478,True,,,1,0,1138.227959,1313.15295,6,2108,4,32
20260726_formal4t4_reuse_intensive_Adaptive@rho0.6_rep0,0,Adaptive@rho0.6,Adaptive,33,reuse_intensive:rep0:req33,reuse_intensive,1,35,0,L0035,2048,3,,False,1785001181.8069496,0,0,0,,False,False,False,False,0,0.0,0,0,32.0,False,cache_miss,False,False,0.0,8b19866cfa9da33e556a88e91c07e73a36d72c79ef1722aba338604d3fb9827f,True,,,1,0,1478.559648,1686.375663,6,2108,4,32
20260726_formal4t4_reuse_intensive_Adaptive@rho0.6_rep0,0,Adaptive@rho0.6,Adaptive,34,reuse_intensive:rep0:req34,reuse_intensive,1,37,0,L0037,4096,2,,False,1785001181.8069742,0,0,0,,False,False,False,False,0,0.0,0,0,32.0,False,cache_miss,False,False,0.0,82e4b02878c327157415e79f0523f3dc2551c495f73dc408614b8217bbf0ac20,True,,,1,0,3787.218636,4101.472785,6,4156,4,32
20260726_formal4t4_reuse_intensive_Adaptive@rho0.6_rep0,0,Adaptive@rho0.6,Adaptive,35,reuse_intensive:rep0:req35,reuse_intensive,1,32,0,L0032,1024,0,,False,1785001181.8069947,1024,0,0,40.26728129386902,True,True,False,False,0,0.0,0,0,1056.0,False,cache_reused,False,False,0.0,46634a4a163f64fe1b470ee034980419aab7126d0f7ff13b2b2f8870b9e9e8bc,True,,,1,0,98.177098,279.864945,6,1084,4,1056
20260726_formal4t4_reuse_intensive_Adaptive@rho0.6_rep0,0,Adaptive@rho0.6,Adaptive,36,reuse_intensive:rep0:req36,reuse_intensive,1,32,1,L0032,1024,1,,False,1785001185.999653,1024,0,0,44.45993971824646,True,True,False,False,0,0.0,0,0,1056.0,False,cache_reused,False,False,0.0,ae89da0a337bcf0c790c7d3f61825aac0572c8f921dc96608356a98b6566b7b9,True,,,1,0,113.312259,319.420731,6,1084,4,1056
20260726_formal4t4_reuse_intensive_Adaptive@rho0.6_rep0,0,Adaptive@rho0.6,Adaptive,37,reuse_intensive:rep0:req37,reuse_intensive,1,34,1,L0034,1024,0,,False,1785001185.9996977,1024,0,0,44.45998430252075,True,True,False,False,0,0.0,0,0,32.0,False,cache_miss,False,False,0.0,e0edd103722e77d6dc38b3f08fb883c280505e6fc7a281ed7775cabf9c99cf34,True,,,1,0,519.835409,663.980307,6,1084,4,32
20260726_formal4t4_reuse_intensive_Adaptive@rho0.6_rep0,0,Adaptive@rho0.6,Adaptive,38,reuse_intensive:rep0:req38,reuse_intensive,1,32,2,L0032,1024,3,,False,1785001185.999725,1024,0,0,44.46001172065735,True,True,False,False,0,0.0,0,0,32.0,False,cache_miss,False,False,0.0,4449df13be6a82367c7610c8cba02c62eac004f9f07b5514b5947f89a19b3b4b,True,,,1,0,542.06993,678.586497,6,1084,4,32
20260726_formal4t4_reuse_intensive_Adaptive@rho0.6_rep0,0,Adaptive@rho0.6,Adaptive,39,reuse_intensive:rep0:req39,reuse_intensive,1,49,0,L0049,4096,2,,False,1785001185.999747,0,0,0,,False,False,False,False,0,0.0,0,0,32.0,False,cache_miss,False,False,0.0,6372455f5d5cf316a37bf817f4feb291fa0b93c280c3d13f1f40477ffde92b77,True,,,1,0,4329.767335,4677.096801,6,4156,4,32
20260726_formal4t4_reuse_intensive_Adaptive@rho0.6_rep0,0,Adaptive@rho0.6,Adaptive,40,reuse_intensive:rep0:req40,reuse_intensive,1,38,0,L0038,4096,1,,False,1785001190.6798565,0,0,0,,False,False,False,False,0,0.0,0,0,32.0,False,cache_miss,False,False,0.0,93827a0f2092173065f83ec2c4c75507f897d2ecc65152d08d5538ea5698e1b6,True,,,1,0,3856.117996,4179.733318,6,4156,4,32
20260726_formal4t4_reuse_intensive_Adaptive@rho0.6_rep0,0,Adaptive@rho0.6,Adaptive,41,reuse_intensive:rep0:req41,reuse_intensive,1,36,1,L0036,1024,2,,False,1785001190.679895,1024,0,0,49.14018154144287,True,True,False,False,0,0.0,0,0,32.0,False,cache_miss,False,False,0.0,c934e958c647920dd77d77a67a33b9638ffbdf6020f5dfade015d3818cc1ecf9,True,,,1,0,383.957188,799.075916,6,1084,4,32
20260726_formal4t4_reuse_intensive_Adaptive@rho0.6_rep0,0,Adaptive@rho0.6,Adaptive,42,reuse_intensive:rep0:req42,reuse_intensive,1,37,1,L0037,4096,2,2,True,1785001190.6799388,4096,4096,4096,4.769268035888672,False,False,False,False,4096,79.92,1,1,4128.0,True,cache_reused,False,False,0.0,b6bb8e4ae8620ee3ff4df30769a25c5a2a7e72715961d066a39fbce2896d2e67,True,,,1,0,533.643806,902.180788,6,4156,4,4128
20260726_formal4t4_reuse_intensive_Adaptive@rho0.6_rep0,0,Adaptive@rho0.6,Adaptive,43,reuse_intensive:rep0:req43,reuse_intensive,1,47,0,L0047,4096,3,,False,1785001190.679966,0,0,0,,False,False,False,False,0,0.0,0,0,32.0,False,cache_miss,False,False,0.0,dfa12f16c24259b24eedb742066bdfc185eb369af58c96e4c4bcbb39f4d045cd,True,,,1,0,4216.218326,4538.82019,6,4156,4,32
20260726_formal4t4_reuse_intensive_Adaptive@rho0.6_rep0,0,Adaptive@rho0.6,Adaptive,44,reuse_intensive:rep0:req44,reuse_intensive,1,40,0,L0040,1024,2,,False,1785001195.2228773,0,0,0,,False,False,False,False,0,0.0,0,0,32.0,False,cache_miss,False,False,0.0,2efcc5c8c875fdbf57d2000fa399f9c26655c8e6c72c12c6a8cf6081ca221e1a,True,,,1,0,520.127516,910.638221,6,1084,4,32
20260726_formal4t4_reuse_intensive_Adaptive@rho0.6_rep0,0,Adaptive@rho0.6,Adaptive,45,reuse_intensive:rep0:req45,reuse_intensive,1,37,2,L0037,4096,2,2,True,1785001195.2229311,4096,4096,4096,9.312260389328003,False,False,False,False,4096,79.92,1,1,4128.0,True,cache_reused,False,False,0.0,52c2dd3a98b95d981bcd35b41ad27e145b23c306c4bb3a52fe677ea2976b462f,True,,,1,0,659.999664,1012.60806,6,4156,4,4128
20260726_formal4t4_reuse_intensive_Adaptive@rho0.6_rep0,0,Adaptive@rho0.6,Adaptive,46,reuse_intensive:rep0:req46,reuse_intensive,1,32,0,L0032,1024,3,,False,1785001195.2229621,1024,0,0,53.68324875831604,True,True,False,False,0,0.0,0,0,1056.0,False,cache_reused,False,False,0.0,47dcf418d85c82b4a12a22e7143761830ddc5a2e4e87827ebb104763452a435d,True,,,1,0,65.846944,197.103249,6,1084,4,1056
20260726_formal4t4_reuse_intensive_Adaptive@rho0.6_rep0,0,Adaptive@rho0.6,Adaptive,47,reuse_intensive:rep0:req47,reuse_intensive,1,32,1,L0032,1024,0,,False,1785001195.2229872,1024,0,0,53.683273792266846,True,True,False,False,0,0.0,0,0,1056.0,False,cache_reused,False,False,0.0,349969f949f82360b8ad3d9088e107f8ba535c575445abd9e7aa8d215586193d,True,,,1,0,107.688645,290.05968,6,1084,4,1056
