{
  "cell_id": "rich_chatbot_rich_f50_r2",
  "policy": "rich",
  "workload": "chatbot",
  "view": "rich",
  "freq_hz": 50,
  "rep": 2,
  "ctx_tokens": 512,
  "tool_delay_ms": 0,
  "n_workflows": 600,
  "n_steps": 1,
  "concurrent": 16,
  "duration_s": 75,
  "n_state_updates": 927,
  "state_size_avg": 14390.545981661273,
  "state_size_p95": 29618,
  "state_size_max": 33793,
  "state_traffic_Bps": 5756218.392664509,
  "dispatch_decision_p50": 57.946,
  "dispatch_decision_p95": 78.54899999999999,
  "dispatch_decision_p99": 91.822,
  "dispatch_decision_p99_mean": 59.76521666666667,
  "ttft_p50": 120.021186,
  "ttft_p95": 286.824667,
  "ttft_p99": 554.052052,
  "request_latency_p95": 0,
  "workflow_completion_p50": 2929.394787,
  "workflow_completion_p95": 8210.331124,
  "workflow_completion_p99": 13323.938475,
  "cache_hits_delta": 137520.0,
  "cache_queries_delta": 143288.0,
  "cache_hit_rate": 0.9597454078499247,
  "same_instance_step_ratio": 0,
  "n_total_requests": 600,
  "n_failed_requests": 0,
  "load_stdev": 1.3818575753296332
}