{
  "cell_id": "round-robin_chatbot_none_f50_r1",
  "policy": "round-robin",
  "workload": "chatbot",
  "view": "none",
  "freq_hz": 50,
  "rep": 1,
  "ctx_tokens": 512,
  "tool_delay_ms": 0,
  "n_workflows": 600,
  "n_steps": 1,
  "concurrent": 16,
  "duration_s": 75,
  "n_state_updates": 1006,
  "state_size_avg": 359.48161033797214,
  "state_size_p95": 365,
  "state_size_max": 365,
  "state_traffic_Bps": 143792.64413518886,
  "dispatch_decision_p50": 50.146,
  "dispatch_decision_p95": 71.464,
  "dispatch_decision_p99": 79.527,
  "dispatch_decision_p99_mean": 52.146663333333336,
  "ttft_p50": 128.833932,
  "ttft_p95": 373.658918,
  "ttft_p99": 499.714588,
  "request_latency_p95": 0,
  "workflow_completion_p50": 2949.992565,
  "workflow_completion_p95": 10786.960574,
  "workflow_completion_p99": 14286.040394,
  "cache_hits_delta": 134880.0,
  "cache_queries_delta": 141475.0,
  "cache_hit_rate": 0.9533839901042587,
  "same_instance_step_ratio": 0,
  "n_total_requests": 600,
  "n_failed_requests": 0,
  "load_stdev": 1.3807030452741311
}