{
  "cell_id": "n4_f50.0_vrich_r2",
  "n": 4,
  "f_hz": 50.0,
  "view": "rich",
  "rep": 2,
  "duration_s": 30,
  "n_updates": 1500,
  "size_avg": 5335.126,
  "size_p95": 5420,
  "size_p99": 5452,
  "size_max": 5478,
  "traffic_Bps": 1067025.2,
  "traffic_MBps": 1.0670252,
  "ser_us_p95": 23.615,
  "deser_us_p95": 76.748,
  "merge_us_p95": 1047.077,
  "total_us_p95": 1404.575,
  "dispatch_p50": 6.645,
  "dispatch_p95": 7.505,
  "dispatch_p99": 30.347,
  "dispatch_q_count": 97,
  "actual_elapsed_s": 30.503257513046265,
  "achieved_hz": 49.17507578849403
}