{
  "cell_id": "round-robin_chatbot_none_f50_r2",
  "policy": "round-robin",
  "workload": "chatbot",
  "view": "none",
  "freq_hz": 50,
  "rep": 2,
  "ctx_tokens": 512,
  "tool_delay_ms": 0,
  "n_workflows": 600,
  "n_steps": 1,
  "concurrent": 16,
  "duration_s": 75,
  "n_state_updates": 1052,
  "state_size_avg": 357.83483840304183,
  "state_size_p95": 365,
  "state_size_max": 365,
  "state_traffic_Bps": 143133.93536121672,
  "dispatch_decision_p50": 49.536,
  "dispatch_decision_p95": 65.28,
  "dispatch_decision_p99": 79.401,
  "dispatch_decision_p99_mean": 50.035866666666664,
  "ttft_p50": 123.71914,
  "ttft_p95": 398.600939,
  "ttft_p99": 502.410542,
  "request_latency_p95": 0,
  "workflow_completion_p50": 2674.795156,
  "workflow_completion_p95": 12155.058604,
  "workflow_completion_p99": 14990.282415,
  "cache_hits_delta": 140032.0,
  "cache_queries_delta": 146403.0,
  "cache_hit_rate": 0.9564831321762532,
  "same_instance_step_ratio": 0,
  "n_total_requests": 600,
  "n_failed_requests": 0,
  "load_stdev": 1.5468657476038545
}