{
  "cell_id": "coarse_f5_['instance_0', 'instance_1']_r2_w12_s10_c4",
  "policy": "coarse",
  "rep": 2,
  "noise_targets": [
    "instance_0",
    "instance_1"
  ],
  "noise_rps": 2.0,
  "freq_hz": 5.0,
  "n_workflows": 12,
  "n_steps": 10,
  "concurrent": 4,
  "duration_s": 75.0,
  "n_state_updates": 241,
  "ttft_p50": 87.291425,
  "ttft_p95": 200.847654,
  "ttft_p99": 240.394666,
  "tpot_p50": 50.4334980625,
  "tpot_p95": 68.89130533333334,
  "tpot_p99": 73.76940540625,
  "cache_hit_rate": 0.9200952390284052,
  "cache_hits_delta": 93904.0,
  "cache_queries_delta": 102059.0,
  "load_stdev": 0.7519187750241823,
  "sla_success_rate": 1.0,
  "workflow_completion_p50": 15150.262531,
  "workflow_completion_p95": 16856.521151,
  "workflow_completion_p99": 17135.747099,
  "n_total_steps": 120,
  "n_failed_steps": 0,
  "failure_rate": 0.0,
  "state_size_avg": 338.298755186722,
  "state_size_p95": 363,
  "state_traffic_Bps": 13531.95020746888,
  "dispatch_decision_p50": 82.914,
  "dispatch_decision_p95": 116.021,
  "dispatch_decision_p99": 156.31900000000002,
  "ttft_raw": [
    111.067684,
    110.295372,
    52.128341,
    109.986518,
    97.809853,
    121.197245,
    44.06054,
    96.151157,
    104.383276,
    87.291425,
    63.887713,
    80.037007,
    251.786636,
    194.164851,
    58.273249,
    46.547959,
    162.451784,
    154.201704,
    122.834168,
    48.296843,
    80.544416,
    191.945945,
    75.645921,
    141.559773,
    143.348251,
    79.123667,
    169.215373,
    163.1847,
    184.943547,
    100.810533,
    131.459987,
    128.402198,
    86.213831,
    99.106288,
    46.526845,
    113.103413,
    74.292817,
    234.849688,
    64.861979,
    200.847654,
    48.801165,
    64.969577,
    47.98786,
    71.385156,
    46.398082,
    87.128468,
    81.641856,
    94.931609,
    102.641044,
    49.903632,
    101.405743,
    94.203884,
    72.693761,
    129.69236,
    203.109271,
    113.721117,
    239.524022,
    83.665762,
    141.523443,
    96.804404,
    46.405779,
    84.758737,
    77.027193,
    66.887125,
    107.117176,
    73.16673,
    55.365531,
    157.260045,
    61.361492,
    108.569358,
    187.438197,
    56.34209,
    233.328443,
    87.480853,
    50.470943,
    113.711305,
    134.074052,
    192.123364,
    80.596163,
    48.380159,
    47.20577,
    197.246159,
    190.754438,
    82.812778,
    55.835145,
    46.622515,
    146.773507,
    197.837816,
    79.522221,
    147.247548,
    47.261894,
    87.399822,
    163.456164,
    56.516652,
    65.58373,
    77.524777,
    97.088622,
    110.975589,
    57.370712,
    78.988174,
    83.013936,
    83.067616,
    151.347541,
    49.516036,
    85.171909,
    66.859422,
    119.010569,
    47.578562,
    138.589513,
    45.998478,
    134.124812,
    140.384838,
    240.394666,
    73.252473,
    78.815132,
    47.615642,
    65.781366,
    59.473871,
    66.478594,
    85.350458
  ],
  "decision_raw": [
    88.913,
    84.871,
    116.021,
    84.145,
    80.98700000000001,
    80.571,
    89.645,
    81.295,
    79.637,
    84.14,
    95.097,
    81.055,
    80.115,
    84.624,
    81.723,
    82.291,
    79.70700000000001,
    75.756,
    81.07300000000001,
    81.01,
    80.63199999999999,
    93.086,
    82.117,
    83.286,
    74.747,
    81.593,
    73.161,
    79.956,
    100.531,
    81.129,
    80.466,
    82.914,
    84.331,
    81.728,
    82.803,
    77.74900000000001,
    82.844,
    75.429,
    98.57300000000001,
    82.282,
    83.39999999999999,
    82.599,
    82.167,
    71.097,
    84.392,
    80.366,
    77.623,
    86.622,
    80.352,
    82.542,
    82.30799999999999,
    75.905,
    97.625,
    82.02600000000001,
    72.247,
    81.601,
    80.99,
    82.342,
    81.444,
    83.569,
    84.026,
    83.94800000000001,
    80.786,
    71.525,
    81.012,
    78.724,
    82.877,
    88.098,
    129.809,
    82.585,
    272.019,
    86.815,
    83.775,
    79.985,
    81.43599999999999,
    143.56699999999998,
    83.62100000000001,
    98.28800000000001,
    86.27499999999999,
    85.719,
    85.72800000000001,
    74.641,
    93.66,
    83.792,
    86.308,
    85.307,
    85.681,
    87.42399999999999,
    86.747,
    81.84800000000001,
    120.52199999999999,
    89.97500000000001,
    156.31900000000002,
    92.702,
    88.516,
    84.18599999999999,
    83.491,
    129.299,
    94.382,
    85.55099999999999,
    84.43799999999999,
    92.042,
    85.106,
    101.30799999999999,
    82.032,
    84.31099999999999,
    83.46799999999999,
    83.986,
    84.48100000000001,
    82.947,
    81.34899999999999,
    82.19200000000001,
    85.64999999999999,
    82.637,
    75.96499999999999,
    82.35,
    75.91499999999999,
    85.589,
    78.501,
    80.998
  ]
}