{
  "cell_id": "n256_f10_vcoarse_r1",
  "n": 256,
  "f_hz": 10,
  "view": "coarse",
  "rep": 1,
  "duration_s": 20.0,
  "actual_elapsed_s": 20.074934482574463,
  "n_state_updates": 51200,
  "n_dispatch_queries": 3426,
  "n_deadline_missed": 0,
  "size": {
    "avg": 382.93330078125,
    "p50": 383,
    "p95": 385,
    "p99": 386,
    "min": 375,
    "max": 389
  },
  "build_us_p95": 16.34,
  "ser_us_p95": 2.526,
  "deser_us_p95": 5.665,
  "merge_us_p95": 1.233,
  "total_us_p95": 26.817,
  "dispatch_latency_us_p50": 405.877,
  "dispatch_latency_us_p95": 437.258,
  "dispatch_latency_us_p99": 446.918
}