{
  "cell_id": "oracle_oracle_prefix_locality_ctx256_s8_w12_c4_td0_f10_r2",
  "policy": "oracle",
  "view": "oracle",
  "workload": "prefix_locality",
  "ctx_tokens": 256,
  "n_steps": 8,
  "n_workflows": 12,
  "concurrent": 4,
  "duration_s": 120,
  "rep": 2,
  "freq_hz": 10,
  "tool_delay_ms": 0,
  "n_state_updates": 330,
  "ttft_p50": 111.306092,
  "ttft_p95": 288.533018,
  "ttft_p99": 467.899038,
  "tpot_p50": 76.02978495833334,
  "tpot_p95": 107.04342504166668,
  "workflow_completion_p50": 14965.718536,
  "workflow_completion_p95": 16691.421946,
  "workflow_completion_p99": 17135.613818,
  "cache_hit_rate": 0.8702052370842179,
  "cache_hits_delta": 24592.0,
  "cache_queries_delta": 28260.0,
  "n_total_steps": 84,
  "cross_instance_switches": 24,
  "same_instance_step_ratio": 0.7142857142857143,
  "n_total_workflows": 12,
  "n_successful_workflows": 12,
  "n_failed_requests": 0,
  "load_stdev": 0.7521806849309853,
  "state_size_avg": 2528.792424242424,
  "state_size_p95": 5493,
  "state_size_max": 5613,
  "state_traffic_Bps": 202303.39393939392,
  "dispatch_decision_p50": 55.649,
  "dispatch_decision_p95": 71.817,
  "dispatch_decision_p99": 80.159
}