{
  "cell_id": "coarse_coarse_prefix_locality_ctx1536_s8_w12_c4_td0_f10_r1",
  "policy": "coarse",
  "view": "coarse",
  "workload": "prefix_locality",
  "ctx_tokens": 1536,
  "n_steps": 8,
  "n_workflows": 12,
  "concurrent": 4,
  "duration_s": 120,
  "rep": 1,
  "freq_hz": 10,
  "tool_delay_ms": 0,
  "n_state_updates": 641,
  "ttft_p50": 351.86526,
  "ttft_p95": 894.063838,
  "ttft_p99": 940.486255,
  "tpot_p50": 121.20542725,
  "tpot_p95": 189.22050966666666,
  "workflow_completion_p50": 27760.450383,
  "workflow_completion_p95": 31592.696685,
  "workflow_completion_p99": 32346.843925,
  "cache_hit_rate": 0.9226648701496093,
  "cache_hits_delta": 112304.0,
  "cache_queries_delta": 121717.0,
  "n_total_steps": 84,
  "cross_instance_switches": 84,
  "same_instance_step_ratio": 0.0,
  "n_total_workflows": 12,
  "n_successful_workflows": 12,
  "n_failed_requests": 0,
  "load_stdev": 0.9430111748477694,
  "state_size_avg": 348.57566302652106,
  "state_size_p95": 375,
  "state_size_max": 375,
  "state_traffic_Bps": 27886.053042121683,
  "dispatch_decision_p50": 68.077,
  "dispatch_decision_p95": 112.792,
  "dispatch_decision_p99": 124.228
}