{
  "cell_id": "coarse_mixed_sketch_f10_r1",
  "policy": "coarse",
  "workload": "mixed",
  "view": "sketch",
  "freq_hz": 10,
  "rep": 1,
  "ctx_tokens": 512,
  "tool_delay_ms": 200,
  "n_workflows": 12,
  "n_steps": 8,
  "concurrent": 4,
  "duration_s": 90,
  "n_state_updates": 255,
  "state_size_avg": 357.7415108267717,
  "state_size_p95": 362,
  "state_size_max": 365,
  "state_traffic_Bps": 28619.320866141734,
  "dispatch_decision_p50": 53.957,
  "dispatch_decision_p95": 67.385,
  "dispatch_decision_p99": 77.622,
  "dispatch_decision_p99_mean": 53.92146875,
  "ttft_p50": 71.573522,
  "ttft_p95": 160.099151,
  "ttft_p99": 237.834722,
  "request_latency_p95": 0,
  "workflow_completion_p50": 11584.446681,
  "workflow_completion_p95": 12742.054028,
  "workflow_completion_p99": 13738.31562,
  "cache_hits_delta": 11024.0,
  "cache_queries_delta": 13004.0,
  "cache_hit_rate": 0.8477391571824054,
  "same_instance_step_ratio": 0.3055555555555556,
  "n_total_requests": 96,
  "n_failed_requests": 0,
  "load_stdev": 0.7505170137004306
}