{
  "cell_id": "round-robin_agentic_none_f50_r2",
  "policy": "round-robin",
  "workload": "agentic",
  "view": "none",
  "freq_hz": 50,
  "rep": 2,
  "ctx_tokens": 512,
  "tool_delay_ms": 200,
  "n_workflows": 8,
  "n_steps": 8,
  "concurrent": 4,
  "duration_s": 75,
  "n_state_updates": 202,
  "state_size_avg": 341.08663366336634,
  "state_size_p95": 365,
  "state_size_max": 365,
  "state_traffic_Bps": 136434.65346534655,
  "dispatch_decision_p50": 49.537,
  "dispatch_decision_p95": 65.806,
  "dispatch_decision_p99": 76.225,
  "dispatch_decision_p99_mean": 48.982328125,
  "ttft_p50": 79.552696,
  "ttft_p95": 186.845823,
  "ttft_p99": 240.754401,
  "request_latency_p95": 0,
  "workflow_completion_p50": 11350.292475,
  "workflow_completion_p95": 15817.822049,
  "workflow_completion_p99": 15817.822049,
  "cache_hits_delta": 2528.0,
  "cache_queries_delta": 8364.0,
  "cache_hit_rate": 0.30224772835963654,
  "same_instance_step_ratio": 0.20833333333333334,
  "n_total_requests": 64,
  "n_failed_requests": 0,
  "load_stdev": 0.48946046621184297
}