{
  "cell_id": "n64_f10_vsketch_r2",
  "n": 64,
  "f_hz": 10,
  "view": "sketch",
  "rep": 2,
  "duration_s": 20.0,
  "actual_elapsed_s": 20.023707389831543,
  "n_state_updates": 12800,
  "n_dispatch_queries": 3654,
  "n_deadline_missed": 0,
  "size": {
    "avg": 567.45484375,
    "p50": 568,
    "p95": 573,
    "p99": 575,
    "min": 553,
    "max": 578
  },
  "build_us_p95": 111.467,
  "ser_us_p95": 5.4,
  "deser_us_p95": 11.372,
  "merge_us_p95": 2.063,
  "total_us_p95": 130.103,
  "dispatch_latency_us_p50": 87.048,
  "dispatch_latency_us_p95": 101.345,
  "dispatch_latency_us_p99": 107.862
}