{
  "cell_id": "oracle_oracle_prefix_locality_ctx256_s8_w12_c4_td0_f10_r1",
  "policy": "oracle",
  "view": "oracle",
  "workload": "prefix_locality",
  "ctx_tokens": 256,
  "n_steps": 8,
  "n_workflows": 12,
  "concurrent": 4,
  "duration_s": 120,
  "rep": 1,
  "freq_hz": 10,
  "tool_delay_ms": 0,
  "n_state_updates": 286,
  "ttft_p50": 104.666175,
  "ttft_p95": 262.32803,
  "ttft_p99": 395.93345,
  "tpot_p50": 66.24321204166667,
  "tpot_p95": 119.69527120833334,
  "workflow_completion_p50": 15024.495061,
  "workflow_completion_p95": 16820.549831,
  "workflow_completion_p99": 16928.587895,
  "cache_hit_rate": 0.8311976172334973,
  "cache_hits_delta": 24000.0,
  "cache_queries_delta": 28874.0,
  "n_total_steps": 84,
  "cross_instance_switches": 25,
  "same_instance_step_ratio": 0.7023809523809523,
  "n_total_workflows": 12,
  "n_successful_workflows": 12,
  "n_failed_requests": 0,
  "load_stdev": 0.8429201594144256,
  "state_size_avg": 2342.311188811189,
  "state_size_p95": 4768,
  "state_size_max": 6187,
  "state_traffic_Bps": 187384.8951048951,
  "dispatch_decision_p50": 56.325,
  "dispatch_decision_p95": 81.751,
  "dispatch_decision_p99": 83.567
}