{
  "cell_id": "n256_f50.0_vrich_r1",
  "n": 256,
  "f_hz": 50.0,
  "view": "rich",
  "rep": 1,
  "duration_s": 30,
  "n_updates": 88,
  "size_avg": 38835.875,
  "size_p95": 38944,
  "size_p99": 39016,
  "size_max": 39016,
  "traffic_Bps": 497099200.0,
  "traffic_MBps": 497.0992,
  "ser_us_p95": 52.838,
  "deser_us_p95": 247.4,
  "merge_us_p95": 340435.117,
  "total_us_p95": 342050.471,
  "dispatch_p50": 393.679,
  "dispatch_p95": 407.068,
  "dispatch_p99": 412.174,
  "dispatch_q_count": 67,
  "actual_elapsed_s": 30.502211570739746,
  "achieved_hz": 2.885036706138938
}