{
  "cell_id": "sketch_chatbot_sketch_f1_r1",
  "policy": "sketch",
  "workload": "chatbot",
  "view": "sketch",
  "freq_hz": 1,
  "rep": 1,
  "ctx_tokens": 512,
  "tool_delay_ms": 0,
  "n_workflows": 600,
  "n_steps": 1,
  "concurrent": 16,
  "duration_s": 75,
  "n_state_updates": 143,
  "state_size_avg": 368.2229020979021,
  "state_size_p95": 370,
  "state_size_max": 371,
  "state_traffic_Bps": 2945.7832167832166,
  "dispatch_decision_p50": 80.17399999999999,
  "dispatch_decision_p95": 99.476,
  "dispatch_decision_p99": 110.22999999999999,
  "dispatch_decision_p99_mean": 81.67181166666667,
  "ttft_p50": 111.166513,
  "ttft_p95": 362.917412,
  "ttft_p99": 620.500656,
  "request_latency_p95": 0,
  "workflow_completion_p50": 2776.180937,
  "workflow_completion_p95": 10230.771147,
  "workflow_completion_p99": 12743.509965,
  "cache_hits_delta": 134432.0,
  "cache_queries_delta": 140015.0,
  "cache_hit_rate": 0.9601257008177695,
  "same_instance_step_ratio": 0,
  "n_total_requests": 600,
  "n_failed_requests": 0,
  "load_stdev": 2.276621187146573
}