{
  "cell_id": "n256_f10.0_vsketch_r1",
  "n": 256,
  "f_hz": 10.0,
  "view": "sketch",
  "rep": 1,
  "duration_s": 30,
  "n_updates": 300,
  "size_avg": 1133.4466666666667,
  "size_p95": 1144,
  "size_p99": 1150,
  "size_max": 1152,
  "traffic_Bps": 2901623.466666667,
  "traffic_MBps": 2.901623466666667,
  "ser_us_p95": 8.916,
  "deser_us_p95": 19.938,
  "merge_us_p95": 41265.07,
  "total_us_p95": 41467.121,
  "dispatch_p50": 392.938,
  "dispatch_p95": 407.138,
  "dispatch_p99": 411.174,
  "dispatch_q_count": 90,
  "actual_elapsed_s": 30.501887559890747,
  "achieved_hz": 9.835456884789414
}