{
  "cell_id": "n64_f10.0_vcoarse_r2",
  "n": 64,
  "f_hz": 10.0,
  "view": "coarse",
  "rep": 2,
  "duration_s": 30,
  "n_updates": 300,
  "size_avg": 476.38666666666666,
  "size_p95": 479,
  "size_p99": 481,
  "size_max": 481,
  "traffic_Bps": 304887.4666666667,
  "traffic_MBps": 0.30488746666666666,
  "ser_us_p95": 5.669,
  "deser_us_p95": 9.726,
  "merge_us_p95": 969.918,
  "total_us_p95": 1004.524,
  "dispatch_p50": 85.115,
  "dispatch_p95": 96.206,
  "dispatch_p99": 106.023,
  "dispatch_q_count": 96,
  "actual_elapsed_s": 30.504600048065186,
  "achieved_hz": 9.834582309792587
}