{
  "cell_id": "n128_f10_vrich_r2",
  "n": 128,
  "f_hz": 10,
  "view": "rich",
  "rep": 2,
  "duration_s": 20.0,
  "actual_elapsed_s": 20.27338457107544,
  "n_state_updates": 22071,
  "n_dispatch_queries": 153,
  "n_deadline_missed": 0,
  "size": {
    "avg": 21109.134157944816,
    "p50": 21109,
    "p95": 21164,
    "p99": 21186,
    "min": 20985,
    "max": 21238
  },
  "build_us_p95": 753.71,
  "ser_us_p95": 25.467,
  "deser_us_p95": 118.606,
  "merge_us_p95": 29.158,
  "total_us_p95": 917.343,
  "dispatch_latency_us_p50": 122.686,
  "dispatch_latency_us_p95": 133.143,
  "dispatch_latency_us_p99": 139.209
}