{
  "started_at_unix": 1784535770.4988563,
  "finished_at_unix": 1784535815.6024332,
  "duration_s": 45.10357713699341,
  "arguments": {
    "source_jsonl": "/home/byh/B02/supplemental_20260720/sources/sharegpt_chat_8k.jsonl",
    "out_dir": "/home/byh/B02/supplemental_20260720/replay_sharegpt_admission",
    "seed": 20260716,
    "repetitions": 10,
    "max_requests": 512,
    "warmup": 128,
    "cache_capacity": 128,
    "j": 4,
    "guard_tokens": 512
  },
  "cells": 880,
  "source_sha256": "51943822e63b4a003d17ea84a08463775a71eba9d7e828d28b20cdf1cba245f2"
}