{
  "cell_id": "n16_f50_vcoarse_r2",
  "n": 16,
  "f_hz": 50,
  "view": "coarse",
  "rep": 2,
  "duration_s": 20.0,
  "actual_elapsed_s": 20.022452354431152,
  "n_state_updates": 16000,
  "n_dispatch_queries": 3733,
  "n_deadline_missed": 0,
  "size": {
    "avg": 381.736375,
    "p50": 382,
    "p95": 384,
    "p99": 385,
    "min": 375,
    "max": 387
  },
  "build_us_p95": 19.057,
  "ser_us_p95": 3.289,
  "deser_us_p95": 6.686,
  "merge_us_p95": 1.103,
  "total_us_p95": 31.98,
  "dispatch_latency_us_p50": 22.414,
  "dispatch_latency_us_p95": 27.181,
  "dispatch_latency_us_p99": 36.239
}