{
  "cell_id": "coarse_agentic_coarse_f1_r2",
  "policy": "coarse",
  "workload": "agentic",
  "view": "coarse",
  "freq_hz": 1,
  "rep": 2,
  "ctx_tokens": 512,
  "tool_delay_ms": 200,
  "n_workflows": 8,
  "n_steps": 8,
  "concurrent": 4,
  "duration_s": 75,
  "n_state_updates": 29,
  "state_size_avg": 336.0344827586207,
  "state_size_p95": 365,
  "state_size_max": 365,
  "state_traffic_Bps": 2688.2758620689656,
  "dispatch_decision_p50": 79.771,
  "dispatch_decision_p95": 90.887,
  "dispatch_decision_p99": 97.67699999999999,
  "dispatch_decision_p99_mean": 79.73378124999999,
  "ttft_p50": 113.918139,
  "ttft_p95": 259.841156,
  "ttft_p99": 307.53316,
  "request_latency_p95": 0,
  "workflow_completion_p50": 14033.091726,
  "workflow_completion_p95": 16832.093575,
  "workflow_completion_p99": 16832.093575,
  "cache_hits_delta": 2752.0,
  "cache_queries_delta": 8443.0,
  "cache_hit_rate": 0.3259504915314462,
  "same_instance_step_ratio": 0.5,
  "n_total_requests": 64,
  "n_failed_requests": 0,
  "load_stdev": 0.8883401557577203
}