{
  "cell_id": "stress_n256_f10_vsketch_r3",
  "n": 256,
  "f_hz": 10,
  "view": "sketch",
  "rep": 3,
  "duration_s": 60,
  "n_updates": 600,
  "target_f": 10,
  "achieved_f": 9.999998092651731,
  "size_p95": 896,
  "size_avg": 895.2703971354167,
  "target_traffic_MBps": 2.2918922166666666,
  "achieved_traffic_MBps": 2.2918917795230014,
  "ser_us_p95": 6.904,
  "deser_us_p95": 15.197,
  "merge_us_p95": 0.345,
  "total_us_p95": 24.034,
  "missed_deadline_rate": 1.9073482682152587e-07,
  "sustainable": true
}