{
  "cell_id": "coarse_bursty_sketch_f10_r1",
  "policy": "coarse",
  "workload": "bursty",
  "view": "sketch",
  "freq_hz": 10,
  "rep": 1,
  "ctx_tokens": 512,
  "tool_delay_ms": 200,
  "n_workflows": 12,
  "n_steps": 8,
  "concurrent": 4,
  "duration_s": 180,
  "n_state_updates": 269,
  "state_size_avg": 357.8150557620818,
  "state_size_p95": 362,
  "state_size_max": 366,
  "state_traffic_Bps": 28625.204460966543,
  "dispatch_decision_p50": 52.957,
  "dispatch_decision_p95": 76.295,
  "dispatch_decision_p99": 78.931,
  "dispatch_decision_p99_mean": 54.26263541666667,
  "ttft_p50": 65.056978,
  "ttft_p95": 152.536249,
  "ttft_p99": 259.910931,
  "request_latency_p95": 0,
  "workflow_completion_p50": 11221.700022,
  "workflow_completion_p95": 14023.295065,
  "workflow_completion_p99": 15160.732836,
  "cache_hits_delta": 10976.0,
  "cache_queries_delta": 12440.0,
  "cache_hit_rate": 0.8823151125401929,
  "same_instance_step_ratio": 0.3611111111111111,
  "n_total_requests": 96,
  "n_failed_requests": 0,
  "load_stdev": 0.7864221989377886
}