{
  "cell_id": "stress_n64_f10_vsketch_r1",
  "n": 64,
  "f_hz": 10,
  "view": "sketch",
  "rep": 1,
  "duration_s": 60,
  "n_updates": 600,
  "target_f": 10,
  "achieved_f": 9.999997258187092,
  "size_p95": 511,
  "size_avg": 510.541484375,
  "target_traffic_MBps": 0.32674654999999997,
  "achieved_traffic_MBps": 0.32674646041220917,
  "ser_us_p95": 3.439,
  "deser_us_p95": 8.135,
  "merge_us_p95": 0.335,
  "total_us_p95": 13.107,
  "missed_deadline_rate": 2.7418129078249365e-07,
  "sustainable": true
}