{
  "cell_id": "rich_rich_prefix_locality_ctx1024_s8_w12_c4_td0_f10_r3",
  "policy": "rich",
  "view": "rich",
  "workload": "prefix_locality",
  "ctx_tokens": 1024,
  "n_steps": 8,
  "n_workflows": 12,
  "concurrent": 4,
  "duration_s": 120,
  "rep": 3,
  "freq_hz": 10,
  "tool_delay_ms": 0,
  "n_state_updates": 448,
  "ttft_p50": 162.937785,
  "ttft_p95": 399.552769,
  "ttft_p99": 511.399821,
  "tpot_p50": 98.50467045833334,
  "tpot_p95": 154.125949875,
  "workflow_completion_p50": 20302.868013,
  "workflow_completion_p95": 22473.223641,
  "workflow_completion_p99": 24471.422316,
  "cache_hit_rate": 0.9740084667596907,
  "cache_hits_delta": 82368.0,
  "cache_queries_delta": 84566.0,
  "n_total_steps": 84,
  "cross_instance_switches": 84,
  "same_instance_step_ratio": 0.0,
  "n_total_workflows": 12,
  "n_successful_workflows": 12,
  "n_failed_requests": 0,
  "load_stdev": 0.9458891594310135,
  "state_size_avg": 2297.628348214286,
  "state_size_p95": 4692,
  "state_size_max": 6457,
  "state_traffic_Bps": 183810.26785714287,
  "dispatch_decision_p50": 81.996,
  "dispatch_decision_p95": 102.967,
  "dispatch_decision_p99": 129.216
}