{
  "cell_id": "coarse_f5_none_r3_w12_s10_c4",
  "policy": "coarse",
  "rep": 3,
  "noise_targets": null,
  "noise_rps": 2.0,
  "freq_hz": 5.0,
  "n_workflows": 12,
  "n_steps": 10,
  "concurrent": 4,
  "duration_s": 75.0,
  "n_state_updates": 219,
  "ttft_p50": 90.622339,
  "ttft_p95": 181.723104,
  "ttft_p99": 226.657263,
  "tpot_p50": 42.05407278125,
  "tpot_p95": 65.18627440625,
  "tpot_p99": 67.81518025,
  "cache_hit_rate": 0.9298534173313058,
  "cache_hits_delta": 89888.0,
  "cache_queries_delta": 96669.0,
  "load_stdev": 0.7570712101592215,
  "sla_success_rate": 1.0,
  "workflow_completion_p50": 13918.739246,
  "workflow_completion_p95": 15838.778995,
  "workflow_completion_p99": 16713.971871,
  "n_total_steps": 120,
  "n_failed_steps": 0,
  "failure_rate": 0.0,
  "state_size_avg": 338.8333333333333,
  "state_size_p95": 363,
  "state_traffic_Bps": 13553.333333333332,
  "dispatch_decision_p50": 83.258,
  "dispatch_decision_p95": 126.425,
  "dispatch_decision_p99": 142.616,
  "ttft_raw": [
    177.715798,
    59.723276,
    125.440945,
    178.594283,
    178.165435,
    93.981556,
    90.644581,
    55.763462,
    61.942706,
    86.999561,
    85.092495,
    102.524395,
    148.91205,
    183.169504,
    101.486493,
    45.251827,
    197.849731,
    62.326138,
    180.227452,
    56.090203,
    291.656465,
    175.145453,
    44.633836,
    163.786679,
    139.518763,
    57.28211,
    78.402256,
    59.006959,
    133.30873,
    83.151615,
    126.418743,
    68.65134,
    90.783073,
    97.985985,
    165.639299,
    108.865822,
    96.479457,
    66.319312,
    130.313153,
    90.622339,
    136.988419,
    86.727588,
    109.777624,
    145.592776,
    61.172905,
    163.262713,
    89.477827,
    80.376023,
    67.36915,
    210.708404,
    90.487614,
    59.695448,
    105.621161,
    47.178271,
    55.033213,
    61.111107,
    132.616171,
    81.210098,
    54.444605,
    113.346641,
    132.347276,
    131.194783,
    113.541111,
    72.381434,
    177.461682,
    135.974181,
    47.261361,
    125.917775,
    102.637681,
    71.067552,
    69.487416,
    74.614449,
    56.577852,
    46.228255,
    92.199348,
    161.110143,
    57.616375,
    49.652307,
    137.238484,
    89.672608,
    125.004132,
    58.083243,
    86.260945,
    45.949119,
    97.874036,
    162.180457,
    58.937968,
    161.128766,
    57.081474,
    162.464007,
    135.110147,
    86.717655,
    100.590507,
    52.970324,
    101.440527,
    55.013794,
    104.419246,
    226.657263,
    131.112586,
    63.803432,
    90.840846,
    51.182079,
    46.226952,
    72.160814,
    83.910633,
    46.385983,
    61.407101,
    145.989442,
    77.417854,
    55.400816,
    181.723104,
    136.626603,
    140.687065,
    77.826552,
    63.566879,
    90.274135,
    77.401779,
    86.102082,
    214.529903,
    87.208725
  ],
  "decision_raw": [
    85.64200000000001,
    116.52199999999999,
    82.525,
    92.432,
    88.15100000000001,
    83.711,
    81.406,
    46.239999999999995,
    126.425,
    65.707,
    84.04100000000001,
    83.714,
    84.59100000000001,
    90.55099999999999,
    89.461,
    83.916,
    81.58800000000001,
    83.401,
    134.124,
    93.263,
    107.792,
    83.664,
    81.972,
    81.712,
    81.641,
    93.502,
    80.605,
    82.81800000000001,
    83.15899999999999,
    85.117,
    74.378,
    83.71499999999999,
    145.17600000000002,
    76.231,
    83.077,
    84.496,
    85.784,
    87.958,
    81.673,
    86.431,
    84.692,
    93.318,
    142.616,
    87.226,
    84.453,
    80.423,
    80.56200000000001,
    81.616,
    98.641,
    125.45199999999998,
    83.71900000000001,
    82.97300000000001,
    82.965,
    81.29100000000001,
    83.107,
    84.0,
    84.234,
    85.06200000000001,
    82.826,
    75.727,
    82.736,
    80.56200000000001,
    91.926,
    82.852,
    82.385,
    133.92499999999998,
    86.60199999999999,
    94.138,
    84.16799999999999,
    83.836,
    82.227,
    95.006,
    96.15899999999999,
    85.181,
    80.614,
    83.071,
    98.06099999999999,
    82.772,
    80.768,
    79.25399999999999,
    94.061,
    82.052,
    131.088,
    80.726,
    79.986,
    67.336,
    100.906,
    76.721,
    127.686,
    68.326,
    80.993,
    80.956,
    63.22599999999999,
    84.812,
    70.599,
    83.96199999999999,
    106.344,
    82.33600000000001,
    83.917,
    82.155,
    66.095,
    81.366,
    80.801,
    82.87400000000001,
    79.08,
    82.995,
    83.258,
    82.946,
    83.568,
    118.10300000000001,
    83.22000000000001,
    80.035,
    96.06700000000001,
    81.11200000000001,
    84.075,
    82.598,
    81.366,
    82.977,
    86.519,
    80.098
  ]
}