{
  "cell_id": "stress_n4_f50_vcoarse_r3",
  "n": 4,
  "f_hz": 50,
  "view": "coarse",
  "rep": 3,
  "duration_s": 60,
  "n_updates": 3000,
  "target_f": 50,
  "achieved_f": 49.99999225139738,
  "size_p95": 375,
  "size_avg": 372.94166666666666,
  "target_traffic_MBps": 0.07458833333333333,
  "achieved_traffic_MBps": 0.07458832177422624,
  "ser_us_p95": 3.25,
  "deser_us_p95": 6.304,
  "merge_us_p95": 0.314,
  "total_us_p95": 10.574,
  "missed_deadline_rate": 1.5497205241299383e-07,
  "sustainable": true
}