{
  "cell_id": "n256_f10.0_vrich_r2",
  "n": 256,
  "f_hz": 10.0,
  "view": "rich",
  "rep": 2,
  "duration_s": 30,
  "n_updates": 88,
  "size_avg": 38842.704545454544,
  "size_p95": 38957,
  "size_p99": 38983,
  "size_max": 38983,
  "traffic_Bps": 99437323.63636363,
  "traffic_MBps": 99.43732363636363,
  "ser_us_p95": 52.107,
  "deser_us_p95": 245.742,
  "merge_us_p95": 340806.636,
  "total_us_p95": 342437.313,
  "dispatch_p50": 394.425,
  "dispatch_p95": 406.628,
  "dispatch_p99": 414.734,
  "dispatch_q_count": 84,
  "actual_elapsed_s": 30.500851154327393,
  "achieved_hz": 2.8851653861966
}