{
  "cell_id": "rich_rich_prefix_locality_ctx1024_s16_w12_c4_td200_f10_r1",
  "policy": "rich",
  "view": "rich",
  "workload": "prefix_locality",
  "ctx_tokens": 1024,
  "n_steps": 16,
  "n_workflows": 12,
  "concurrent": 4,
  "duration_s": 120,
  "rep": 1,
  "freq_hz": 10,
  "tool_delay_ms": 200,
  "n_state_updates": 1018,
  "ttft_p50": 238.422056,
  "ttft_p95": 507.281401,
  "ttft_p99": 646.838917,
  "tpot_p50": 100.78859833333333,
  "tpot_p95": 144.97957570833333,
  "workflow_completion_p50": 45149.026002,
  "workflow_completion_p95": 53086.824588,
  "workflow_completion_p99": 53337.736451,
  "cache_hit_rate": 0.9281905962613629,
  "cache_hits_delta": 157552.0,
  "cache_queries_delta": 169741.0,
  "n_total_steps": 180,
  "cross_instance_switches": 180,
  "same_instance_step_ratio": 0.0,
  "n_total_workflows": 12,
  "n_successful_workflows": 12,
  "n_failed_requests": 0,
  "load_stdev": 0.9746106236398165,
  "state_size_avg": 2564.92423870334,
  "state_size_p95": 5257,
  "state_size_max": 7009,
  "state_traffic_Bps": 205193.93909626722,
  "dispatch_decision_p50": 81.295,
  "dispatch_decision_p95": 120.452,
  "dispatch_decision_p99": 132.162
}