{
  "cell_id": "rich_mixed_sketch_f10_r2",
  "policy": "rich",
  "workload": "mixed",
  "view": "sketch",
  "freq_hz": 10,
  "rep": 2,
  "ctx_tokens": 512,
  "tool_delay_ms": 200,
  "n_workflows": 12,
  "n_steps": 8,
  "concurrent": 4,
  "duration_s": 90,
  "n_state_updates": 248,
  "state_size_avg": 357.8389892578125,
  "state_size_p95": 362,
  "state_size_max": 365,
  "state_traffic_Bps": 28627.119140625,
  "dispatch_decision_p50": 46.393,
  "dispatch_decision_p95": 95.721,
  "dispatch_decision_p99": 112.822,
  "dispatch_decision_p99_mean": 54.346947916666664,
  "ttft_p50": 67.667131,
  "ttft_p95": 163.738614,
  "ttft_p99": 263.112015,
  "request_latency_p95": 0,
  "workflow_completion_p50": 10884.467055,
  "workflow_completion_p95": 13100.88442,
  "workflow_completion_p99": 13154.437451,
  "cache_hits_delta": 10992.0,
  "cache_queries_delta": 12890.0,
  "cache_hit_rate": 0.8527540729247479,
  "same_instance_step_ratio": 0.3888888888888889,
  "n_total_requests": 96,
  "n_failed_requests": 0,
  "load_stdev": 0.7101783110954697
}