{
  "cell_id": "sketch_f10_bal_w10_s10_c4",
  "policy": "sketch",
  "imbalanced": false,
  "freq_hz": 10.0,
  "n_workflows": 10,
  "n_steps": 10,
  "concurrent": 4,
  "duration_s": 90.0,
  "n_state_updates": 664,
  "ttft_p50": 180.944932,
  "ttft_p95": 455.866129,
  "ttft_p99": 539.346521,
  "tpot_p50": 74.72806540625,
  "tpot_p95": 100.0462535625,
  "tpot_p99": 108.5889050625,
  "cache_hit_rate": 0.9139740967961827,
  "load_stdev": 1.0254296675349368,
  "sla_success_rate": 1.0,
  "workflow_completion_p50": 22344.802191,
  "workflow_completion_p95": 31518.6321,
  "workflow_completion_p99": 31518.6321,
  "n_workflows_succeeded": 10,
  "n_total_steps": 100,
  "n_failed_steps": 0,
  "failure_rate": 0.0,
  "state_size_avg": 350.84826807228916,
  "state_size_p95": 353,
  "state_traffic_Bps": 14033.930722891566,
  "dispatch_decision_p50": 58.419,
  "dispatch_decision_p95": 84.542,
  "dispatch_decision_p99": 98.545
}