{
  "cell_id": "sketch_prefix_locality_sketch_f10_r1",
  "policy": "sketch",
  "workload": "prefix_locality",
  "view": "sketch",
  "freq_hz": 10,
  "rep": 1,
  "ctx_tokens": 1024,
  "tool_delay_ms": 200,
  "n_workflows": 30,
  "n_steps": 8,
  "concurrent": 4,
  "duration_s": 120,
  "n_state_updates": 1149,
  "state_size_avg": 358.71589052287584,
  "state_size_p95": 365,
  "state_size_max": 369,
  "state_traffic_Bps": 28697.271241830065,
  "dispatch_decision_p50": 78.745,
  "dispatch_decision_p95": 97.637,
  "dispatch_decision_p99": 114.48899999999999,
  "dispatch_decision_p99_mean": 79.20834583333334,
  "ttft_p50": 100.886802,
  "ttft_p95": 198.119061,
  "ttft_p99": 259.946711,
  "request_latency_p95": 0,
  "workflow_completion_p50": 20606.626779,
  "workflow_completion_p95": 23522.008125,
  "workflow_completion_p99": 23608.794698,
  "cache_hits_delta": 214000.0,
  "cache_queries_delta": 217493.0,
  "cache_hit_rate": 0.9839397130022576,
  "same_instance_step_ratio": 0.3333333333333333,
  "n_total_requests": 240,
  "n_failed_requests": 0,
  "load_stdev": 0.8546157013874808
}