{
  "cell_id": "stress_n4_f10_vsketch_r2",
  "n": 4,
  "f_hz": 10,
  "view": "sketch",
  "rep": 2,
  "duration_s": 60,
  "n_updates": 600,
  "target_f": 10,
  "achieved_f": 9.999998728434406,
  "size_p95": 390,
  "size_avg": 389.69208333333336,
  "target_traffic_MBps": 0.015587683333333335,
  "achieved_traffic_MBps": 0.015587681351257151,
  "ser_us_p95": 4.33,
  "deser_us_p95": 9.144,
  "merge_us_p95": 0.32,
  "total_us_p95": 14.815,
  "missed_deadline_rate": 1.2715655939299353e-07,
  "sustainable": true
}