{
  "cell_id": "rich_chatbot_rich_f10_r1",
  "policy": "rich",
  "workload": "chatbot",
  "view": "rich",
  "freq_hz": 10,
  "rep": 1,
  "ctx_tokens": 512,
  "tool_delay_ms": 0,
  "n_workflows": 600,
  "n_steps": 1,
  "concurrent": 16,
  "duration_s": 75,
  "n_state_updates": 908,
  "state_size_avg": 14531.033314977974,
  "state_size_p95": 29661,
  "state_size_max": 35310,
  "state_traffic_Bps": 1162482.6651982379,
  "dispatch_decision_p50": 60.050000000000004,
  "dispatch_decision_p95": 83.299,
  "dispatch_decision_p99": 97.068,
  "dispatch_decision_p99_mean": 62.27967666666667,
  "ttft_p50": 114.479673,
  "ttft_p95": 296.189539,
  "ttft_p99": 549.707355,
  "request_latency_p95": 0,
  "workflow_completion_p50": 3236.962909,
  "workflow_completion_p95": 7832.54146,
  "workflow_completion_p99": 16117.627833,
  "cache_hits_delta": 137040.0,
  "cache_queries_delta": 142706.0,
  "cache_hit_rate": 0.9602959931607641,
  "same_instance_step_ratio": 0,
  "n_total_requests": 600,
  "n_failed_requests": 0,
  "load_stdev": 1.3737861533595033
}