{
  "cell_id": "n64_f50.0_vcoarse_r2",
  "n": 64,
  "f_hz": 50.0,
  "view": "coarse",
  "rep": 2,
  "duration_s": 30,
  "n_updates": 1500,
  "size_avg": 476.1653333333333,
  "size_p95": 479,
  "size_p99": 480,
  "size_max": 481,
  "traffic_Bps": 1523729.0666666667,
  "traffic_MBps": 1.5237290666666667,
  "ser_us_p95": 4.746,
  "deser_us_p95": 8.724,
  "merge_us_p95": 961.588,
  "total_us_p95": 993.485,
  "dispatch_p50": 85.932,
  "dispatch_p95": 97.912,
  "dispatch_p99": 110.469,
  "dispatch_q_count": 96,
  "actual_elapsed_s": 30.50415301322937,
  "achieved_hz": 49.1736321722968
}