{
  "cell_id": "stress_n512_f50_vsketch_r3",
  "n": 512,
  "f_hz": 50,
  "view": "sketch",
  "rep": 3,
  "duration_s": 60,
  "n_updates": 2997,
  "target_f": 50,
  "achieved_f": 49.94043552410223,
  "size_p95": 1408,
  "size_avg": 1407.4853355960126,
  "target_traffic_MBps": 36.03162459125792,
  "achieved_traffic_MBps": 35.98870049456745,
  "ser_us_p95": 5.16,
  "deser_us_p95": 11.593,
  "merge_us_p95": 0.157,
  "total_us_p95": 18.266,
  "missed_deadline_rate": 0.0011912895179554406,
  "sustainable": true
}