{
  "cell_id": "sketch_f5_['instance_0', 'instance_1', 'instance_2', 'instance_3', 'instance_4', 'instance_5']_r1_w12_s10_c4",
  "policy": "sketch",
  "rep": 1,
  "noise_targets": [
    "instance_0",
    "instance_1",
    "instance_2",
    "instance_3",
    "instance_4",
    "instance_5"
  ],
  "noise_rps": 2.0,
  "freq_hz": 5.0,
  "n_workflows": 12,
  "n_steps": 10,
  "concurrent": 4,
  "duration_s": 75.0,
  "n_state_updates": 235,
  "ttft_p50": 84.783841,
  "ttft_p95": 222.242371,
  "ttft_p99": 278.849712,
  "tpot_p50": 50.34610425,
  "tpot_p95": 67.304577125,
  "tpot_p99": 93.53318496666667,
  "cache_hit_rate": 0.8999314293856251,
  "cache_hits_delta": 101056.0,
  "cache_queries_delta": 112293.0,
  "load_stdev": 0.7946309954848086,
  "sla_success_rate": 1.0,
  "workflow_completion_p50": 14876.47043,
  "workflow_completion_p95": 17924.645368,
  "workflow_completion_p99": 18571.66842,
  "n_total_steps": 120,
  "n_failed_steps": 0,
  "failure_rate": 0.0,
  "state_size_avg": 357.6175531914894,
  "state_size_p95": 360,
  "state_traffic_Bps": 14304.702127659575,
  "dispatch_decision_p50": 78.761,
  "dispatch_decision_p95": 97.276,
  "dispatch_decision_p99": 121.71900000000001,
  "ttft_raw": [
    57.125014,
    108.848555,
    108.165846,
    109.347176,
    45.408644,
    112.276091,
    113.188054,
    111.829476,
    244.90317,
    79.187106,
    94.494558,
    74.170029,
    183.489716,
    85.062584,
    245.610508,
    76.075372,
    48.943042,
    46.044248,
    80.059605,
    194.332023,
    94.966347,
    80.588243,
    59.879151,
    79.672566,
    85.93386,
    78.807414,
    86.664438,
    194.337698,
    43.045042,
    49.816176,
    79.927895,
    147.914242,
    46.912953,
    139.598022,
    81.363391,
    238.574369,
    158.544927,
    55.811607,
    48.584707,
    59.063693,
    79.904458,
    111.16119,
    882.346694,
    50.907591,
    80.969236,
    116.521321,
    47.36044,
    46.53062,
    103.701918,
    93.242945,
    158.14275,
    49.692971,
    83.959,
    149.946416,
    86.575021,
    46.303215,
    84.374072,
    203.673994,
    48.932088,
    81.070786,
    230.259691,
    46.0785,
    211.130836,
    84.783841,
    96.579996,
    46.696873,
    68.815785,
    103.218623,
    73.377422,
    48.968495,
    76.114647,
    222.242371,
    82.89134,
    79.66917,
    80.710704,
    163.606187,
    92.417983,
    47.590587,
    69.106888,
    105.135567,
    87.394383,
    104.497628,
    88.090559,
    114.966411,
    75.316692,
    100.916004,
    55.299539,
    41.608687,
    79.450513,
    117.554808,
    176.905533,
    44.781745,
    278.849712,
    92.301331,
    72.045061,
    87.133946,
    188.909555,
    49.861729,
    134.562109,
    85.331026,
    127.786398,
    79.361264,
    99.429958,
    85.207416,
    127.836455,
    85.416411,
    76.023249,
    91.17695,
    44.249129,
    91.502873,
    46.914853,
    121.789004,
    45.734573,
    131.246935,
    49.276344,
    77.558025,
    66.098947,
    65.408956,
    63.551869,
    78.262419
  ],
  "decision_raw": [
    106.887,
    72.67500000000001,
    72.077,
    78.44200000000001,
    75.265,
    62.285000000000004,
    77.05199999999999,
    53.964,
    56.575,
    90.69200000000001,
    77.861,
    81.19200000000001,
    79.069,
    57.705,
    65.434,
    78.85600000000001,
    77.389,
    34.18,
    79.82600000000001,
    78.28999999999999,
    112.602,
    81.808,
    80.438,
    82.426,
    69.467,
    76.826,
    82.97800000000001,
    78.211,
    121.71900000000001,
    76.831,
    76.83500000000001,
    80.31099999999999,
    75.78099999999999,
    79.445,
    77.44500000000001,
    73.132,
    79.118,
    90.19200000000001,
    112.421,
    81.74300000000001,
    79.715,
    77.585,
    75.92099999999999,
    92.64599999999999,
    81.148,
    44.279,
    78.86800000000001,
    78.612,
    78.95599999999999,
    93.924,
    88.60900000000001,
    77.363,
    66.625,
    67.015,
    78.87400000000001,
    97.276,
    66.547,
    73.987,
    73.835,
    80.672,
    75.27199999999999,
    76.635,
    69.991,
    95.686,
    76.604,
    80.81099999999999,
    75.46,
    76.96300000000001,
    80.057,
    79.72,
    80.65599999999999,
    77.272,
    79.046,
    80.97099999999999,
    76.235,
    77.94,
    80.361,
    77.982,
    82.435,
    94.277,
    86.405,
    75.296,
    81.525,
    78.033,
    73.94399999999999,
    70.681,
    77.403,
    77.646,
    80.37899999999999,
    80.275,
    72.797,
    77.511,
    80.131,
    80.702,
    80.392,
    101.386,
    77.91600000000001,
    70.244,
    78.54199999999999,
    78.86800000000001,
    79.818,
    79.816,
    82.25500000000001,
    80.779,
    154.602,
    76.827,
    82.348,
    73.48599999999999,
    79.50099999999999,
    92.957,
    79.73599999999999,
    79.256,
    78.688,
    67.875,
    78.957,
    80.00099999999999,
    77.90599999999999,
    78.761,
    78.089,
    78.469
  ]
}