{
  "cell_id": "rich_rich_prefix_locality_ctx1024_s8_w12_c4_td200_f10_r1",
  "policy": "rich",
  "view": "rich",
  "workload": "prefix_locality",
  "ctx_tokens": 1024,
  "n_steps": 8,
  "n_workflows": 12,
  "concurrent": 4,
  "duration_s": 120,
  "rep": 1,
  "freq_hz": 10,
  "tool_delay_ms": 200,
  "n_state_updates": 465,
  "ttft_p50": 163.963756,
  "ttft_p95": 376.620981,
  "ttft_p99": 424.109932,
  "tpot_p50": 94.83576683333332,
  "tpot_p95": 116.23016541666668,
  "workflow_completion_p50": 20848.413227,
  "workflow_completion_p95": 21762.204606,
  "workflow_completion_p99": 21847.041768,
  "cache_hit_rate": 0.9733112111874852,
  "cache_hits_delta": 82128.0,
  "cache_queries_delta": 84380.0,
  "n_total_steps": 84,
  "cross_instance_switches": 84,
  "same_instance_step_ratio": 0.0,
  "n_total_workflows": 12,
  "n_successful_workflows": 12,
  "n_failed_requests": 0,
  "load_stdev": 1.0265925146138337,
  "state_size_avg": 2364.1390252454416,
  "state_size_p95": 4886,
  "state_size_max": 6663,
  "state_traffic_Bps": 189131.12201963534,
  "dispatch_decision_p50": 80.229,
  "dispatch_decision_p95": 96.709,
  "dispatch_decision_p99": 127.826
}