{
  "cell_id": "coarse_agentic_sketch_f10_r1",
  "policy": "coarse",
  "workload": "agentic",
  "view": "sketch",
  "freq_hz": 10,
  "rep": 1,
  "ctx_tokens": 1024,
  "tool_delay_ms": 1000,
  "n_workflows": 8,
  "n_steps": 8,
  "concurrent": 4,
  "duration_s": 90,
  "n_state_updates": 242,
  "state_size_avg": 357.2300983899821,
  "state_size_p95": 361,
  "state_size_max": 365,
  "state_traffic_Bps": 28578.40787119857,
  "dispatch_decision_p50": 54.105,
  "dispatch_decision_p95": 80.041,
  "dispatch_decision_p99": 81.412,
  "dispatch_decision_p99_mean": 58.004937500000004,
  "ttft_p50": 77.357952,
  "ttft_p95": 188.858644,
  "ttft_p99": 226.542447,
  "request_latency_p95": 0,
  "workflow_completion_p50": 16753.649276,
  "workflow_completion_p95": 17889.248023,
  "workflow_completion_p99": 17889.248023,
  "cache_hits_delta": 5344.0,
  "cache_queries_delta": 8696.0,
  "cache_hit_rate": 0.6145354185832567,
  "same_instance_step_ratio": 0.5416666666666666,
  "n_total_requests": 64,
  "n_failed_requests": 0,
  "load_stdev": 0.6585245802646024
}