{
  "cell_id": "stress_n64_f50_vsketch_r3",
  "n": 64,
  "f_hz": 50,
  "view": "sketch",
  "rep": 3,
  "duration_s": 60,
  "n_updates": 3000,
  "target_f": 50,
  "achieved_f": 49.99998827775594,
  "size_p95": 511,
  "size_avg": 510.54297395833333,
  "target_traffic_MBps": 1.6337375166666666,
  "achieved_traffic_MBps": 1.6337371336452686,
  "ser_us_p95": 3.413,
  "deser_us_p95": 8.2,
  "merge_us_p95": 0.337,
  "total_us_p95": 13.043,
  "missed_deadline_rate": 2.344448811752997e-07,
  "sustainable": true
}