{
  "cell_id": "coarse_bursty_sketch_f10_r2",
  "policy": "coarse",
  "workload": "bursty",
  "view": "sketch",
  "freq_hz": 10,
  "rep": 2,
  "ctx_tokens": 512,
  "tool_delay_ms": 200,
  "n_workflows": 12,
  "n_steps": 8,
  "concurrent": 4,
  "duration_s": 180,
  "n_state_updates": 244,
  "state_size_avg": 357.7720286885246,
  "state_size_p95": 362,
  "state_size_max": 363,
  "state_traffic_Bps": 28621.762295081968,
  "dispatch_decision_p50": 53.25,
  "dispatch_decision_p95": 77.441,
  "dispatch_decision_p99": 87.081,
  "dispatch_decision_p99_mean": 56.0980625,
  "ttft_p50": 68.630862,
  "ttft_p95": 111.961116,
  "ttft_p99": 137.343635,
  "request_latency_p95": 0,
  "workflow_completion_p50": 11227.317472,
  "workflow_completion_p95": 11877.520598,
  "workflow_completion_p99": 12411.060983,
  "cache_hits_delta": 10864.0,
  "cache_queries_delta": 12379.0,
  "cache_hit_rate": 0.8776153162614104,
  "same_instance_step_ratio": 0.3888888888888889,
  "n_total_requests": 96,
  "n_failed_requests": 0,
  "load_stdev": 0.7344329109679739
}