{
  "cell_id": "round-robin_agentic_none_f10_r1",
  "policy": "round-robin",
  "workload": "agentic",
  "view": "none",
  "freq_hz": 10,
  "rep": 1,
  "ctx_tokens": 512,
  "tool_delay_ms": 200,
  "n_workflows": 8,
  "n_steps": 8,
  "concurrent": 4,
  "duration_s": 75,
  "n_state_updates": 157,
  "state_size_avg": 341.61624203821657,
  "state_size_p95": 365,
  "state_size_max": 365,
  "state_traffic_Bps": 27329.299363057326,
  "dispatch_decision_p50": 49.853,
  "dispatch_decision_p95": 78.08200000000001,
  "dispatch_decision_p99": 83.54299999999999,
  "dispatch_decision_p99_mean": 53.97815625,
  "ttft_p50": 86.061678,
  "ttft_p95": 203.692394,
  "ttft_p99": 309.945665,
  "request_latency_p95": 0,
  "workflow_completion_p50": 9514.121183,
  "workflow_completion_p95": 12068.309625,
  "workflow_completion_p99": 12068.309625,
  "cache_hits_delta": 1376.0,
  "cache_queries_delta": 8419.0,
  "cache_hit_rate": 0.16343983846062476,
  "same_instance_step_ratio": 0.22916666666666666,
  "n_total_requests": 64,
  "n_failed_requests": 0,
  "load_stdev": 0.5043122397786809
}