{
  "cell_id": "rich_f5_['instance_0', 'instance_1']_r2_w12_s10_c4",
  "policy": "rich",
  "rep": 2,
  "noise_targets": [
    "instance_0",
    "instance_1"
  ],
  "noise_rps": 2.0,
  "freq_hz": 5.0,
  "n_workflows": 12,
  "n_steps": 10,
  "concurrent": 4,
  "duration_s": 75.0,
  "n_state_updates": 212,
  "ttft_p50": 81.832771,
  "ttft_p95": 210.073319,
  "ttft_p99": 254.058368,
  "tpot_p50": 45.09507933333334,
  "tpot_p95": 65.75988775,
  "tpot_p99": 70.71601141666667,
  "cache_hit_rate": 0.95027449741301,
  "cache_hits_delta": 96240.0,
  "cache_queries_delta": 101276.0,
  "load_stdev": 0.8020462682478239,
  "sla_success_rate": 1.0,
  "workflow_completion_p50": 13889.561416,
  "workflow_completion_p95": 14959.582192,
  "workflow_completion_p99": 16306.744322,
  "n_total_steps": 120,
  "n_failed_steps": 0,
  "failure_rate": 0.0,
  "state_size_avg": 1033.9274764150944,
  "state_size_p95": 2442,
  "state_traffic_Bps": 41357.09905660377,
  "dispatch_decision_p50": 83.417,
  "dispatch_decision_p95": 120.317,
  "dispatch_decision_p99": 124.12799999999999,
  "ttft_raw": [
    56.935986,
    211.281563,
    210.073319,
    210.777693,
    46.265274,
    93.417322,
    92.924439,
    91.730238,
    110.760577,
    169.666781,
    169.06283,
    168.744741,
    83.326979,
    56.219479,
    84.070501,
    83.750044,
    75.928587,
    48.412488,
    68.972308,
    90.184043,
    322.057537,
    47.754324,
    57.608015,
    48.711586,
    83.301712,
    173.65757,
    185.96393,
    151.724204,
    91.534977,
    57.06193,
    85.268641,
    57.712192,
    83.690323,
    67.530124,
    58.763233,
    126.801858,
    45.361322,
    49.252629,
    85.14024,
    83.311874,
    74.875907,
    123.14573,
    46.780155,
    102.629703,
    92.415578,
    174.206109,
    60.146515,
    89.324399,
    162.594256,
    74.787848,
    169.233354,
    188.419483,
    84.86213,
    46.545164,
    55.968938,
    47.051585,
    47.342309,
    61.012223,
    75.381884,
    136.565926,
    50.852211,
    64.229418,
    78.336631,
    81.830749,
    60.345794,
    75.199396,
    138.183522,
    45.24789,
    63.006901,
    45.738362,
    61.824632,
    49.77641,
    70.778648,
    66.189414,
    254.058368,
    59.273619,
    84.334949,
    84.555659,
    60.703582,
    153.078541,
    79.376979,
    81.832771,
    195.366747,
    47.245752,
    85.497361,
    236.033759,
    126.738238,
    65.943088,
    85.546679,
    49.40792,
    83.940453,
    105.055226,
    108.681095,
    86.535492,
    47.60275,
    93.342349,
    48.875346,
    86.794141,
    51.113033,
    48.967339,
    186.011794,
    106.675988,
    139.205745,
    220.099927,
    46.998358,
    72.092598,
    74.1273,
    79.437292,
    69.250443,
    47.466456,
    70.33143,
    48.715787,
    83.832838,
    78.856665,
    48.321046,
    84.261599,
    80.234961,
    84.444943,
    87.62338,
    48.900053
  ],
  "decision_raw": [
    101.067,
    79.265,
    64.86,
    65.967,
    85.62599999999999,
    75.837,
    65.89500000000001,
    77.426,
    84.632,
    97.032,
    67.565,
    56.535,
    57.537,
    83.417,
    84.735,
    69.006,
    121.352,
    82.042,
    118.658,
    86.427,
    77.115,
    83.43299999999999,
    71.87700000000001,
    83.906,
    82.865,
    86.796,
    76.734,
    92.201,
    82.591,
    96.11800000000001,
    81.186,
    79.249,
    83.532,
    72.277,
    86.02600000000001,
    81.245,
    80.54599999999999,
    80.95100000000001,
    70.38499999999999,
    58.010999999999996,
    59.35,
    75.54599999999999,
    121.642,
    87.021,
    87.02199999999999,
    75.622,
    86.159,
    72.23700000000001,
    56.235,
    85.107,
    82.525,
    81.627,
    84.351,
    83.55300000000001,
    86.351,
    81.332,
    117.09,
    80.40199999999999,
    81.92800000000001,
    116.26100000000001,
    83.981,
    82.531,
    75.541,
    85.66199999999999,
    85.602,
    83.534,
    92.462,
    85.14200000000001,
    87.402,
    88.44200000000001,
    83.431,
    84.292,
    81.153,
    88.62100000000001,
    84.01700000000001,
    136.239,
    58.29,
    59.556,
    94.539,
    82.637,
    83.513,
    81.628,
    55.801,
    84.161,
    80.88499999999999,
    84.566,
    82.736,
    123.387,
    78.033,
    83.645,
    84.452,
    83.192,
    56.531,
    120.317,
    80.731,
    81.52799999999999,
    86.405,
    80.141,
    75.459,
    81.89999999999999,
    80.87100000000001,
    82.16499999999999,
    101.226,
    75.00500000000001,
    82.24499999999999,
    83.22099999999999,
    84.321,
    84.422,
    84.77799999999999,
    84.398,
    82.99199999999999,
    87.05499999999999,
    121.80199999999999,
    84.391,
    85.49300000000001,
    82.473,
    85.349,
    124.12799999999999,
    82.23700000000001,
    84.382
  ]
}