{
  "cell_id": "n4_f50.0_vsketch_r1",
  "n": 4,
  "f_hz": 50.0,
  "view": "sketch",
  "rep": 1,
  "duration_s": 30,
  "n_updates": 1500,
  "size_avg": 426.37333333333333,
  "size_p95": 429,
  "size_p99": 429,
  "size_max": 429,
  "traffic_Bps": 85274.66666666667,
  "traffic_MBps": 0.08527466666666667,
  "ser_us_p95": 4.94,
  "deser_us_p95": 9.664,
  "merge_us_p95": 130.261,
  "total_us_p95": 177.384,
  "dispatch_p50": 6.55,
  "dispatch_p95": 7.045,
  "dispatch_p99": 8.809,
  "dispatch_q_count": 97,
  "actual_elapsed_s": 30.501070022583008,
  "achieved_hz": 49.17860255031706
}