{
  "cell_id": "n256_f1_vcoarse_r2",
  "n": 256,
  "f_hz": 1,
  "view": "coarse",
  "rep": 2,
  "duration_s": 20.0,
  "actual_elapsed_s": 20.018883228302002,
  "n_state_updates": 5120,
  "n_dispatch_queries": 3609,
  "n_deadline_missed": 0,
  "size": {
    "avg": 382.923828125,
    "p50": 383,
    "p95": 385,
    "p99": 386,
    "min": 376,
    "max": 388
  },
  "build_us_p95": 16.491,
  "ser_us_p95": 2.696,
  "deser_us_p95": 5.754,
  "merge_us_p95": 1.369,
  "total_us_p95": 27.752,
  "dispatch_latency_us_p50": 395.578,
  "dispatch_latency_us_p95": 421.571,
  "dispatch_latency_us_p99": 456.438
}