{
  "cell_id": "round-robin_chatbot_none_f1_r1",
  "policy": "round-robin",
  "workload": "chatbot",
  "view": "none",
  "freq_hz": 1,
  "rep": 1,
  "ctx_tokens": 512,
  "tool_delay_ms": 0,
  "n_workflows": 600,
  "n_steps": 1,
  "concurrent": 16,
  "duration_s": 75,
  "n_state_updates": 137,
  "state_size_avg": 359.37226277372264,
  "state_size_p95": 365,
  "state_size_max": 365,
  "state_traffic_Bps": 2874.978102189781,
  "dispatch_decision_p50": 52.126000000000005,
  "dispatch_decision_p95": 67.44500000000001,
  "dispatch_decision_p99": 82.792,
  "dispatch_decision_p99_mean": 49.55811,
  "ttft_p50": 132.987527,
  "ttft_p95": 474.349316,
  "ttft_p99": 622.949337,
  "request_latency_p95": 0,
  "workflow_completion_p50": 2941.17456,
  "workflow_completion_p95": 10162.896129,
  "workflow_completion_p99": 13394.534499,
  "cache_hits_delta": 114560.0,
  "cache_queries_delta": 141875.0,
  "cache_hit_rate": 0.8074713656387665,
  "same_instance_step_ratio": 0,
  "n_total_requests": 600,
  "n_failed_requests": 0,
  "load_stdev": 1.2832897912980779
}