{
  "cell_id": "stress_n256_f10_vrich_r2",
  "n": 256,
  "f_hz": 10,
  "view": "rich",
  "rep": 2,
  "duration_s": 60,
  "n_updates": 600,
  "target_f": 10,
  "achieved_f": 9.999996503195396,
  "size_p95": 1462,
  "size_avg": 1458.5625,
  "target_traffic_MBps": 3.73392,
  "achieved_traffic_MBps": 3.733918694321135,
  "ser_us_p95": 4.96,
  "deser_us_p95": 16.086,
  "merge_us_p95": 0.36,
  "total_us_p95": 23.374,
  "missed_deadline_rate": 3.496804603653203e-07,
  "sustainable": true
}