{
  "cell_id": "rich_f5_['instance_0', 'instance_1']_r3_w12_s10_c4",
  "policy": "rich",
  "rep": 3,
  "noise_targets": [
    "instance_0",
    "instance_1"
  ],
  "noise_rps": 2.0,
  "freq_hz": 5.0,
  "n_workflows": 12,
  "n_steps": 10,
  "concurrent": 4,
  "duration_s": 75.0,
  "n_state_updates": 233,
  "ttft_p50": 82.715295,
  "ttft_p95": 182.344419,
  "ttft_p99": 280.044794,
  "tpot_p50": 48.35761009375,
  "tpot_p95": 70.3596486875,
  "tpot_p99": 73.31240453125,
  "cache_hit_rate": 0.9431934944074215,
  "cache_hits_delta": 96384.0,
  "cache_queries_delta": 102189.0,
  "load_stdev": 0.808111763103186,
  "sla_success_rate": 1.0,
  "workflow_completion_p50": 14616.371577,
  "workflow_completion_p95": 17813.745525,
  "workflow_completion_p99": 18134.791651,
  "n_total_steps": 120,
  "n_failed_steps": 0,
  "failure_rate": 0.0,
  "state_size_avg": 1048.8535407725321,
  "state_size_p95": 2500,
  "state_traffic_Bps": 41954.141630901286,
  "dispatch_decision_p50": 84.088,
  "dispatch_decision_p95": 121.548,
  "dispatch_decision_p99": 136.589,
  "ttft_raw": [
    125.068245,
    88.696944,
    62.965024,
    124.026759,
    124.402782,
    220.845702,
    55.803515,
    107.293992,
    108.246766,
    50.007212,
    127.035468,
    76.575356,
    77.455548,
    82.781882,
    93.305527,
    90.71325,
    201.638075,
    46.741736,
    126.548905,
    71.067856,
    101.333974,
    79.754947,
    102.184936,
    97.525508,
    50.497605,
    63.758362,
    47.251409,
    52.643414,
    73.958795,
    84.516785,
    82.715295,
    171.398718,
    135.137533,
    68.361136,
    75.453859,
    56.693674,
    54.028099,
    109.162233,
    90.38472,
    177.322186,
    112.810038,
    172.011074,
    47.380028,
    72.783806,
    79.116045,
    296.767306,
    77.348754,
    51.295262,
    164.965089,
    84.832259,
    52.15009,
    69.786279,
    87.021391,
    128.953087,
    155.800404,
    47.648729,
    113.800695,
    77.781331,
    179.42703,
    83.939311,
    173.204674,
    55.332971,
    44.303781,
    85.830884,
    80.073187,
    47.128286,
    86.981112,
    158.579463,
    48.065358,
    64.734532,
    89.778875,
    52.796613,
    49.539709,
    50.228724,
    123.083677,
    104.543443,
    79.558546,
    75.702439,
    63.257176,
    226.053481,
    171.734173,
    45.325632,
    61.202513,
    83.083129,
    280.044794,
    149.859913,
    74.12847,
    47.289169,
    89.008436,
    86.367581,
    85.981111,
    53.595452,
    76.49319,
    85.788591,
    161.039936,
    44.474468,
    154.908085,
    45.000485,
    83.568485,
    184.557219,
    75.48194,
    45.953844,
    47.803794,
    49.88362,
    80.244662,
    160.35506,
    51.992418,
    89.591573,
    111.655893,
    49.422694,
    76.987134,
    83.914475,
    44.689106,
    54.476638,
    64.634848,
    48.350583,
    86.828818,
    182.344419,
    65.823772,
    76.205259
  ],
  "decision_raw": [
    69.30199999999999,
    82.129,
    90.732,
    64.11500000000001,
    66.05199999999999,
    82.687,
    101.37100000000001,
    65.571,
    81.822,
    125.072,
    67.557,
    86.742,
    83.929,
    92.84,
    83.30099999999999,
    84.934,
    126.131,
    83.021,
    82.37,
    85.576,
    82.767,
    82.679,
    84.576,
    83.587,
    84.27799999999999,
    85.48100000000001,
    84.905,
    84.817,
    67.717,
    82.188,
    83.768,
    84.25800000000001,
    115.517,
    99.342,
    77.168,
    81.135,
    69.161,
    64.504,
    82.506,
    75.743,
    77.622,
    89.32000000000001,
    59.765,
    83.22699999999999,
    82.675,
    60.636,
    84.548,
    83.30199999999999,
    84.397,
    85.14200000000001,
    84.183,
    81.332,
    83.369,
    70.93299999999999,
    84.677,
    84.101,
    141.58700000000002,
    85.245,
    83.495,
    118.516,
    117.738,
    85.914,
    83.658,
    122.349,
    84.28200000000001,
    84.395,
    99.97099999999999,
    85.195,
    81.932,
    79.892,
    81.832,
    79.89500000000001,
    119.169,
    56.952,
    82.769,
    80.641,
    85.937,
    81.33,
    120.807,
    84.088,
    66.011,
    94.751,
    86.941,
    60.333,
    88.35000000000001,
    83.77199999999999,
    82.856,
    72.10100000000001,
    83.251,
    88.497,
    96.089,
    83.903,
    100.27499999999999,
    86.151,
    81.315,
    86.892,
    69.116,
    83.04899999999999,
    87.10600000000001,
    70.611,
    94.528,
    83.72099999999999,
    121.548,
    84.807,
    136.589,
    83.60499999999999,
    89.416,
    119.54599999999999,
    117.413,
    94.923,
    79.544,
    121.146,
    84.11699999999999,
    83.191,
    83.102,
    82.897,
    95.731,
    85.752,
    87.49199999999999,
    127.392
  ]
}