{
  "cell_id": "sketch_prefix_locality_sketch_f10_r2",
  "policy": "sketch",
  "workload": "prefix_locality",
  "view": "sketch",
  "freq_hz": 10,
  "rep": 2,
  "ctx_tokens": 1024,
  "tool_delay_ms": 200,
  "n_workflows": 30,
  "n_steps": 8,
  "concurrent": 4,
  "duration_s": 120,
  "n_state_updates": 1155,
  "state_size_avg": 358.78345257021726,
  "state_size_p95": 365,
  "state_size_max": 368,
  "state_traffic_Bps": 28702.676205617383,
  "dispatch_decision_p50": 78.72500000000001,
  "dispatch_decision_p95": 100.128,
  "dispatch_decision_p99": 117.073,
  "dispatch_decision_p99_mean": 80.09120833333333,
  "ttft_p50": 100.369174,
  "ttft_p95": 186.79684,
  "ttft_p99": 238.446367,
  "request_latency_p95": 0,
  "workflow_completion_p50": 20262.921404,
  "workflow_completion_p95": 23420.167712,
  "workflow_completion_p99": 24230.249201,
  "cache_hits_delta": 212672.0,
  "cache_queries_delta": 215799.0,
  "cache_hit_rate": 0.9855096640855611,
  "same_instance_step_ratio": 0.25,
  "n_total_requests": 240,
  "n_failed_requests": 1,
  "load_stdev": 0.8131043167401774
}