{
  "cell_id": "sketch_agentic_sketch_f50_r1",
  "policy": "sketch",
  "workload": "agentic",
  "view": "sketch",
  "freq_hz": 50,
  "rep": 1,
  "ctx_tokens": 512,
  "tool_delay_ms": 200,
  "n_workflows": 8,
  "n_steps": 8,
  "concurrent": 4,
  "duration_s": 75,
  "n_state_updates": 201,
  "state_size_avg": 357.3700248756219,
  "state_size_p95": 361,
  "state_size_max": 363,
  "state_traffic_Bps": 142948.00995024876,
  "dispatch_decision_p50": 77.626,
  "dispatch_decision_p95": 108.706,
  "dispatch_decision_p99": 114.892,
  "dispatch_decision_p99_mean": 81.14115625,
  "ttft_p50": 72.733816,
  "ttft_p95": 161.951343,
  "ttft_p99": 241.496513,
  "request_latency_p95": 0,
  "workflow_completion_p50": 12693.868335,
  "workflow_completion_p95": 16510.466929,
  "workflow_completion_p99": 16510.466929,
  "cache_hits_delta": 6864.0,
  "cache_queries_delta": 9011.0,
  "cache_hit_rate": 0.7617356564199312,
  "same_instance_step_ratio": 0.3541666666666667,
  "n_total_requests": 64,
  "n_failed_requests": 0,
  "load_stdev": 0.7045415039359906
}