{
  "cell_id": "rich_rich_prefix_locality_ctx1536_s8_w12_c4_td0_f10_r1",
  "policy": "rich",
  "view": "rich",
  "workload": "prefix_locality",
  "ctx_tokens": 1536,
  "n_steps": 8,
  "n_workflows": 12,
  "concurrent": 4,
  "duration_s": 120,
  "rep": 1,
  "freq_hz": 10,
  "tool_delay_ms": 0,
  "n_state_updates": 596,
  "ttft_p50": 294.927313,
  "ttft_p95": 537.103261,
  "ttft_p99": 777.604031,
  "tpot_p50": 124.74941445833333,
  "tpot_p95": 208.0296912916667,
  "workflow_completion_p50": 25966.002085,
  "workflow_completion_p95": 29319.97904,
  "workflow_completion_p99": 31262.555536,
  "cache_hit_rate": 0.9554710409804421,
  "cache_hits_delta": 116320.0,
  "cache_queries_delta": 121741.0,
  "n_total_steps": 84,
  "cross_instance_switches": 84,
  "same_instance_step_ratio": 0.0,
  "n_total_workflows": 12,
  "n_successful_workflows": 12,
  "n_failed_requests": 0,
  "load_stdev": 0.999779876304211,
  "state_size_avg": 2337.2770553691275,
  "state_size_p95": 5379,
  "state_size_max": 7101,
  "state_traffic_Bps": 186982.1644295302,
  "dispatch_decision_p50": 81.639,
  "dispatch_decision_p95": 95.663,
  "dispatch_decision_p99": 105.528
}