{
  "cell_id": "round-robin_f5_['instance_0', 'instance_1', 'instance_2', 'instance_3', 'instance_4', 'instance_5']_r1_w12_s10_c4",
  "policy": "round-robin",
  "rep": 1,
  "noise_targets": [
    "instance_0",
    "instance_1",
    "instance_2",
    "instance_3",
    "instance_4",
    "instance_5"
  ],
  "noise_rps": 2.0,
  "freq_hz": 5.0,
  "n_workflows": 12,
  "n_steps": 10,
  "concurrent": 4,
  "duration_s": 75.0,
  "n_state_updates": 267,
  "ttft_p50": 101.927181,
  "ttft_p95": 233.34485,
  "ttft_p99": 263.881498,
  "tpot_p50": 58.13565409375,
  "tpot_p95": 64.08425046875,
  "tpot_p99": 113.61476717857143,
  "cache_hit_rate": 0.8322335113997417,
  "cache_hits_delta": 95344.0,
  "cache_queries_delta": 114564.0,
  "load_stdev": 0.5160279450365428,
  "sla_success_rate": 1.0,
  "workflow_completion_p50": 15820.263353,
  "workflow_completion_p95": 21866.092108,
  "workflow_completion_p99": 21890.570755,
  "n_total_steps": 120,
  "n_failed_steps": 0,
  "failure_rate": 0.0,
  "state_size_avg": 343.2322097378277,
  "state_size_p95": 363,
  "state_traffic_Bps": 13729.288389513109,
  "dispatch_decision_p50": 55.481,
  "dispatch_decision_p95": 77.16499999999999,
  "dispatch_decision_p99": 109.129,
  "ttft_raw": [
    209.42575,
    166.746394,
    209.154511,
    212.902098,
    72.802328,
    83.649862,
    179.834934,
    75.618813,
    69.357524,
    83.142171,
    48.376921,
    85.250312,
    247.812913,
    100.663072,
    121.944378,
    257.618992,
    189.388204,
    207.563518,
    61.032238,
    229.568661,
    162.357882,
    168.585705,
    195.230629,
    193.322565,
    75.672239,
    83.279968,
    115.254348,
    60.042974,
    108.285152,
    51.674587,
    176.343749,
    69.588789,
    49.508066,
    132.313307,
    53.721972,
    94.411075,
    135.84176,
    209.048579,
    95.725978,
    124.482359,
    129.872046,
    66.247209,
    175.094118,
    291.227798,
    48.23997,
    100.187415,
    248.458288,
    67.836719,
    103.705115,
    233.34485,
    62.522086,
    128.471368,
    48.226679,
    104.582585,
    101.927181,
    59.523999,
    201.107368,
    71.724776,
    157.474408,
    94.583361,
    82.484388,
    183.356801,
    203.776623,
    227.721864,
    217.287115,
    50.807578,
    94.980569,
    91.929094,
    95.197669,
    91.382565,
    122.804712,
    100.332273,
    68.247349,
    66.235525,
    100.874798,
    55.63519,
    55.394433,
    138.332907,
    112.435258,
    60.38009,
    185.958521,
    68.680462,
    51.782154,
    55.720028,
    234.047151,
    63.527696,
    120.084805,
    89.40072,
    144.278054,
    114.730205,
    48.760684,
    85.142183,
    98.722331,
    121.028239,
    71.274173,
    136.395943,
    58.795087,
    128.10534,
    62.207637,
    169.655516,
    131.500169,
    194.379739,
    179.935419,
    201.031664,
    195.841299,
    77.756898,
    102.029748,
    56.733579,
    67.314153,
    204.229245,
    117.717539,
    70.173903,
    76.155615,
    60.210154,
    93.859948,
    123.095157,
    112.016871,
    80.091291,
    263.881498,
    61.643732
  ],
  "decision_raw": [
    76.282,
    66.932,
    86.475,
    64.563,
    69.088,
    54.193,
    51.216,
    52.972,
    52.007,
    53.417,
    25.196,
    56.457,
    41.556,
    60.327,
    57.507,
    38.474,
    16.527,
    27.28,
    56.417,
    48.719,
    56.391000000000005,
    40.674,
    40.111000000000004,
    54.485,
    54.772999999999996,
    68.315,
    44.551,
    34.518,
    55.421,
    60.676,
    55.637,
    55.677,
    53.828,
    50.441,
    25.388,
    49.8,
    58.208000000000006,
    52.352000000000004,
    91.461,
    60.086,
    61.98,
    59.731,
    29.947999999999997,
    109.129,
    53.516,
    60.161,
    49.157,
    48.625,
    31.741,
    50.951,
    24.328000000000003,
    78.846,
    40.843999999999994,
    61.17,
    51.059,
    77.764,
    55.437,
    54.405,
    57.525000000000006,
    63.631,
    61.346999999999994,
    58.436,
    59.321,
    60.584,
    60.678,
    52.545,
    57.451,
    55.055,
    63.727999999999994,
    53.149,
    41.836999999999996,
    61.351000000000006,
    51.152,
    69.495,
    53.167,
    55.851,
    56.991,
    56.33,
    72.96600000000001,
    60.921,
    51.437000000000005,
    109.617,
    59.993,
    54.471000000000004,
    57.778,
    50.976,
    50.63,
    24.357,
    56.842999999999996,
    51.816,
    58.001000000000005,
    53.649,
    59.265,
    51.193000000000005,
    51.870999999999995,
    52.166000000000004,
    51.931000000000004,
    61.808,
    56.007,
    51.647000000000006,
    55.377,
    54.201,
    59.641,
    51.983,
    67.72500000000001,
    77.16499999999999,
    66.284,
    52.104,
    62.808,
    58.516,
    55.481,
    58.39,
    61.806,
    59.126000000000005,
    54.525999999999996,
    54.647,
    55.550999999999995,
    52.157000000000004,
    54.48,
    56.785
  ]
}