{
  "cell_id": "n128_f1_vrich_r2",
  "n": 128,
  "f_hz": 1,
  "view": "rich",
  "rep": 2,
  "duration_s": 20.0,
  "actual_elapsed_s": 20.158076763153076,
  "n_state_updates": 2560,
  "n_dispatch_queries": 3367,
  "n_deadline_missed": 0,
  "size": {
    "avg": 21108.190625,
    "p50": 21108,
    "p95": 21163,
    "p99": 21184,
    "min": 21006,
    "max": 21213
  },
  "build_us_p95": 2019.728,
  "ser_us_p95": 68.348,
  "deser_us_p95": 293.604,
  "merge_us_p95": 53.617,
  "total_us_p95": 2439.244,
  "dispatch_latency_us_p50": 186.956,
  "dispatch_latency_us_p95": 206.223,
  "dispatch_latency_us_p99": 247.804
}