{
  "cell_id": "oracle_oracle_prefix_locality_ctx1024_s8_w12_c4_td200_f10_r2",
  "policy": "oracle",
  "view": "oracle",
  "workload": "prefix_locality",
  "ctx_tokens": 1024,
  "n_steps": 8,
  "n_workflows": 12,
  "concurrent": 4,
  "duration_s": 120,
  "rep": 2,
  "freq_hz": 10,
  "tool_delay_ms": 200,
  "n_state_updates": 487,
  "ttft_p50": 154.25458,
  "ttft_p95": 429.483835,
  "ttft_p99": 523.49242,
  "tpot_p50": 95.93847791666667,
  "tpot_p95": 143.13014236363637,
  "workflow_completion_p50": 20872.839871,
  "workflow_completion_p95": 24535.121942,
  "workflow_completion_p99": 25163.669371,
  "cache_hit_rate": 0.9617301363422661,
  "cache_hits_delta": 81824.0,
  "cache_queries_delta": 85080.0,
  "n_total_steps": 84,
  "cross_instance_switches": 22,
  "same_instance_step_ratio": 0.7380952380952381,
  "n_total_workflows": 12,
  "n_successful_workflows": 12,
  "n_failed_requests": 0,
  "load_stdev": 0.7264213064063298,
  "state_size_avg": 2505.558486238532,
  "state_size_p95": 4516,
  "state_size_max": 5071,
  "state_traffic_Bps": 200444.6788990826,
  "dispatch_decision_p50": 54.454,
  "dispatch_decision_p95": 69.487,
  "dispatch_decision_p99": 78.386
}