{
  "cell_id": "stress_n512_f10_vcoarse_r3",
  "n": 512,
  "f_hz": 10,
  "view": "coarse",
  "rep": 3,
  "duration_s": 60,
  "n_updates": 600,
  "target_f": 10,
  "achieved_f": 9.999998172124561,
  "size_p95": 377,
  "size_avg": 374.71236328125,
  "target_traffic_MBps": 1.9185273,
  "achieved_traffic_MBps": 1.918526949317107,
  "ser_us_p95": 2.136,
  "deser_us_p95": 4.809,
  "merge_us_p95": 0.305,
  "total_us_p95": 7.934,
  "missed_deadline_rate": 1.827875438786819e-07,
  "sustainable": true
}