{
  "cell_id": "round-robin_f10_bal_w10_s10_c4",
  "policy": "round-robin",
  "imbalanced": false,
  "freq_hz": 10.0,
  "n_workflows": 10,
  "n_steps": 10,
  "concurrent": 4,
  "duration_s": 90.0,
  "n_state_updates": 611,
  "ttft_p50": 165.301894,
  "ttft_p95": 393.76934,
  "ttft_p99": 591.476473,
  "tpot_p50": 65.51188646153847,
  "tpot_p95": 79.25244484375,
  "tpot_p99": 82.28351709375,
  "cache_hit_rate": 0.8525892458169902,
  "load_stdev": 0.4373459703540466,
  "sla_success_rate": 1.0,
  "workflow_completion_p50": 20875.721428,
  "workflow_completion_p95": 22723.146409,
  "workflow_completion_p99": 22723.146409,
  "n_workflows_succeeded": 10,
  "n_total_steps": 100,
  "n_failed_steps": 0,
  "failure_rate": 0.0,
  "state_size_avg": 353.1857610474632,
  "state_size_p95": 365,
  "state_traffic_Bps": 14127.430441898527,
  "dispatch_decision_p50": 34.192,
  "dispatch_decision_p95": 38.796,
  "dispatch_decision_p99": 48.281
}