{
  "cell_id": "oracle_oracle_prefix_locality_ctx1024_s4_w12_c4_td200_f10_r1",
  "policy": "oracle",
  "view": "oracle",
  "workload": "prefix_locality",
  "ctx_tokens": 1024,
  "n_steps": 4,
  "n_workflows": 12,
  "concurrent": 4,
  "duration_s": 120,
  "rep": 1,
  "freq_hz": 10,
  "tool_delay_ms": 200,
  "n_state_updates": 271,
  "ttft_p50": 196.702295,
  "ttft_p95": 546.238032,
  "ttft_p99": 685.445556,
  "tpot_p50": 100.83187145833334,
  "tpot_p95": 172.01817974999997,
  "workflow_completion_p50": 11198.897722,
  "workflow_completion_p95": 14994.002609,
  "workflow_completion_p99": 15136.521787,
  "cache_hit_rate": 0.9502522751921535,
  "cache_hits_delta": 40304.0,
  "cache_queries_delta": 42414.0,
  "n_total_steps": 36,
  "cross_instance_switches": 21,
  "same_instance_step_ratio": 0.41666666666666663,
  "n_total_workflows": 12,
  "n_successful_workflows": 12,
  "n_failed_requests": 0,
  "load_stdev": 0.9534012063974998,
  "state_size_avg": 2185.2283210332102,
  "state_size_p95": 5352,
  "state_size_max": 5490,
  "state_traffic_Bps": 174818.2656826568,
  "dispatch_decision_p50": 55.731,
  "dispatch_decision_p95": 92.932,
  "dispatch_decision_p99": 102.607
}