{
  "cell_id": "coarse_c32_r2_fail_f5",
  "policy": "coarse",
  "concurrent": 32,
  "rep": 2,
  "fail_mode": true,
  "freq_hz": 5,
  "duration_s": 30,
  "n_dispatch": 232,
  "n_success": 232,
  "n_fail": 0,
  "n_unreachable": 64,
  "success_rate": 1.0,
  "state_collect_avg_us": 90370.86676033058,
  "state_collect_p95_us": 105698.687,
  "state_collect_max_us": 118858.701,
  "state_collect_n": 121,
  "decision_avg_us": 128.51430172413794,
  "decision_p95_us": 152.503,
  "decision_p99_us": 273.537,
  "ttft_avg_us": 82474.41965086207,
  "ttft_p95_us": 118350.211,
  "same_inst_step_ratio": 0.14423076923076927,
  "load_stdev": 330.3565375921691,
  "load_max": 999,
  "load_min": 0,
  "load_unreachable": 64
}