{
  "cell_id": "coarse_c4_r1_ok_f5",
  "policy": "coarse",
  "concurrent": 4,
  "rep": 1,
  "fail_mode": false,
  "freq_hz": 5,
  "duration_s": 30,
  "n_dispatch": 115,
  "n_success": 115,
  "n_fail": 0,
  "n_unreachable": 0,
  "success_rate": 1.0,
  "state_collect_avg_us": 134758.38530645162,
  "state_collect_p95_us": 159535.868,
  "state_collect_max_us": 168189.176,
  "state_collect_n": 124,
  "decision_avg_us": 236.52355652173912,
  "decision_p95_us": 329.298,
  "decision_p99_us": 432.158,
  "ttft_avg_us": 80359.51584347826,
  "ttft_p95_us": 118444.339,
  "same_inst_step_ratio": 0.11111111111111116,
  "load_stdev": 1.7122614804539007,
  "load_max": 5,
  "load_min": 0,
  "load_unreachable": 0
}