{
  "cell_id": "rich_rich_prefix_locality_ctx1024_s4_w12_c4_td200_f10_r3",
  "policy": "rich",
  "view": "rich",
  "workload": "prefix_locality",
  "ctx_tokens": 1024,
  "n_steps": 4,
  "n_workflows": 12,
  "concurrent": 4,
  "duration_s": 120,
  "rep": 3,
  "freq_hz": 10,
  "tool_delay_ms": 200,
  "n_state_updates": 254,
  "ttft_p50": 206.458144,
  "ttft_p95": 360.959295,
  "ttft_p99": 580.165702,
  "tpot_p50": 96.96326675,
  "tpot_p95": 153.696791125,
  "workflow_completion_p50": 11908.609739,
  "workflow_completion_p95": 12714.624341,
  "workflow_completion_p99": 13836.905621,
  "cache_hit_rate": 0.9430755352988653,
  "cache_hits_delta": 39728.0,
  "cache_queries_delta": 42126.0,
  "n_total_steps": 36,
  "cross_instance_switches": 36,
  "same_instance_step_ratio": 0.0,
  "n_total_workflows": 12,
  "n_successful_workflows": 12,
  "n_failed_requests": 0,
  "load_stdev": 0.951482519995688,
  "state_size_avg": 2033.4714566929133,
  "state_size_p95": 4255,
  "state_size_max": 6227,
  "state_traffic_Bps": 162677.71653543308,
  "dispatch_decision_p50": 78.876,
  "dispatch_decision_p95": 93.331,
  "dispatch_decision_p99": 95.422
}