{
  "started_at_unix": 1784120158.3881745,
  "finished_at_unix": 1784120283.0290256,
  "duration_s": 124.64085125923157,
  "arguments": {
    "out_dir": "supplemental_20260715/control_plane_v3",
    "seed": 20260715,
    "j_requests": 5000,
    "j_repetitions": 20,
    "budget_repetitions": 20,
    "budget_duration_s": 120.0,
    "budget_dt_s": 0.02
  },
  "j_replicates": 1200,
  "budget_replicates": 1280
}