{
  "cell_id": "stress_n256_f50_vrich_r1",
  "n": 256,
  "f_hz": 50,
  "view": "rich",
  "rep": 1,
  "duration_s": 60,
  "n_updates": 3000,
  "target_f": 50,
  "achieved_f": 49.99672235677464,
  "size_p95": 1462,
  "size_avg": 1458.5625,
  "target_traffic_MBps": 18.6696,
  "achieved_traffic_MBps": 18.668376154240796,
  "ser_us_p95": 5.01,
  "deser_us_p95": 16.267,
  "merge_us_p95": 0.355,
  "total_us_p95": 26.201,
  "missed_deadline_rate": 6.55528645071568e-05,
  "sustainable": true
}