{
  "cell_id": "oracle_oracle_prefix_locality_ctx1024_s8_w12_c4_td0_f10_r2",
  "policy": "oracle",
  "view": "oracle",
  "workload": "prefix_locality",
  "ctx_tokens": 1024,
  "n_steps": 8,
  "n_workflows": 12,
  "concurrent": 4,
  "duration_s": 120,
  "rep": 2,
  "freq_hz": 10,
  "tool_delay_ms": 0,
  "n_state_updates": 453,
  "ttft_p50": 147.494096,
  "ttft_p95": 272.966126,
  "ttft_p99": 302.187038,
  "tpot_p50": 92.03146508333333,
  "tpot_p95": 148.5120425,
  "workflow_completion_p50": 20612.091296,
  "workflow_completion_p95": 24026.546033,
  "workflow_completion_p99": 26314.034198,
  "cache_hit_rate": 0.9600568080951536,
  "cache_hits_delta": 81120.0,
  "cache_queries_delta": 84495.0,
  "n_total_steps": 84,
  "cross_instance_switches": 8,
  "same_instance_step_ratio": 0.9047619047619048,
  "n_total_workflows": 12,
  "n_successful_workflows": 12,
  "n_failed_requests": 0,
  "load_stdev": 0.6255066019151769,
  "state_size_avg": 2489.5529801324506,
  "state_size_p95": 4502,
  "state_size_max": 5031,
  "state_traffic_Bps": 199164.23841059604,
  "dispatch_decision_p50": 55.904,
  "dispatch_decision_p95": 80.11,
  "dispatch_decision_p99": 85.171
}