experiment_id,rep,cell_id,policy,request_id,trace_id,workload,phase,lineage_id,step,digest,reusable_prefix_tokens,selected_instance,advertised_owners,candidate_hit,dispatch_time_unix,source_truth_coverage_tokens,dispatcher_view_coverage_tokens,advertised_coverage_tokens,dispatch_state_age_s,dispatcher_view_missing,source_view_false_negative,source_view_false_positive,physical_false_positive_affinity,expected_coverage_tokens,expected_net_prefill_ms,raw_candidate_fanout,evaluated_candidate_fanout,actual_reusable_coverage_tokens,validation_attempt,validation_result,fallback,stale_fallback,forced_owner_resets_before_request,coverage_shortfall_tokens,prompt_sha256,ok,error,prior_attempt_errors,attempt_count,sse_parse_errors,ttft_ms,latency_ms,chunks,input_tokens,output_tokens,vllm_cached_tokens
20260726_formal4t4_reuse_intensive_Ideal_rep0,0,Ideal,Ideal,24,reuse_intensive:rep0:req24,reuse_intensive,0,0,2,L0000,2048,1,0;1;2;3,False,1789700953.339698,2048,2048,2048,3.9577484130859375e-05,False,False,False,False,2048,0.0,4,4,2096.0,False,cache_reused,False,False,0,0.0,7c1587d536a8e0f530162f18e061072e45e5e899f5e370b80c5bca3e94ce563b,True,,,1,0,74.932396,207.724956,6,2108,4,2096
20260726_formal4t4_reuse_intensive_Ideal_rep0,0,Ideal,Ideal,25,reuse_intensive:rep0:req25,reuse_intensive,0,6,1,L0006,1024,3,0;1;2;3,False,1789700953.339716,1024,1024,1024,1.2829535007476807,False,False,False,False,1024,0.0,4,4,1072.0,False,cache_reused,False,False,0,0.0,796c69bbb244338492dfbfca4e84a04081bd2d51f282b05a378ca0184b8a9ad5,True,,,1,0,54.12269,157.708262,6,1084,4,1072
20260726_formal4t4_reuse_intensive_Ideal_rep0,0,Ideal,Ideal,26,reuse_intensive:rep0:req26,reuse_intensive,0,3,0,L0003,4096,2,0;1;2;3,False,1789700953.3397286,4096,4096,4096,4.645120620727539,False,False,False,False,4096,0.0,4,4,4144.0,False,cache_reused,False,False,0,0.0,8b8e78b01a768b747b2f6bf2a3173257141a26ce1b32de169d029f7e07bed279,True,,,1,0,117.480646,321.621516,6,4156,4,4144
20260726_formal4t4_reuse_intensive_Ideal_rep0,0,Ideal,Ideal,27,reuse_intensive:rep0:req27,reuse_intensive,0,1,0,L0001,2048,0,0;1;2;3,False,1789700953.3397393,2048,2048,2048,7.319450378417969e-05,False,False,False,False,2048,0.0,4,4,2096.0,False,cache_reused,False,False,0,0.0,6271093e974fe4e49537b982b5a170ce2511d1fd4a29e58eb24dcc2b9859286b,True,,,1,0,73.962928,209.345111,6,2108,4,2096
20260726_formal4t4_reuse_intensive_Ideal_rep0,0,Ideal,Ideal,28,reuse_intensive:rep0:req28,reuse_intensive,0,1,1,L0001,2048,1,0;1;2;3,False,1789700953.6623366,2048,2048,2048,1.0691807270050049,False,False,False,False,2048,0.0,4,4,2096.0,False,cache_reused,False,False,0,0.0,b7d36f7c2ba4c5c11d9865e05904186432a5d2eafbe230fb44b540bc06e555bb,True,,,1,0,75.175574,212.010727,6,2108,4,2096
20260726_formal4t4_reuse_intensive_Ideal_rep0,0,Ideal,Ideal,29,reuse_intensive:rep0:req29,reuse_intensive,0,0,0,L0000,2048,2,0;1;2;3,False,1789700953.662354,2048,2048,2048,0.5363860130310059,False,False,False,False,2048,0.0,4,4,2096.0,False,cache_reused,False,False,0,0.0,4665fe59874e9a2cf97f9dc9647f373de6373ad84f36ce5725bc4599f0daae0a,True,,,1,0,73.577504,206.200205,6,2108,4,2096
20260726_formal4t4_reuse_intensive_Ideal_rep0,0,Ideal,Ideal,30,reuse_intensive:rep0:req30,reuse_intensive,0,0,1,L0000,2048,3,0;1;2;3,False,1789700953.6623669,2048,2048,2048,0.3226957321166992,False,False,False,False,2048,0.0,4,4,2096.0,False,cache_reused,False,False,0,0.0,54ca50dff1f05eb1547f49eac7ae879926858e791c2088461a7c981b4eb533fb,True,,,1,0,72.910835,205.023216,6,2108,4,2096
20260726_formal4t4_reuse_intensive_Ideal_rep0,0,Ideal,Ideal,31,reuse_intensive:rep0:req31,reuse_intensive,0,29,0,L0029,1024,0,,False,1789700953.6623747,0,0,0,,False,False,False,False,0,0.0,0,0,1072.0,False,cache_reused,False,False,0,0.0,fccb5e09a1da934498e5402e644f35b342bc2ccc9669c6d019a80c85a785e783,True,,,1,0,52.753292,149.683958,6,1084,4,1072
20260726_formal4t4_reuse_intensive_Ideal_rep0,0,Ideal,Ideal,32,reuse_intensive:rep0:req32,reuse_intensive,0,30,0,L0030,2048,0,,False,1789700953.8747504,0,0,0,,False,False,False,False,0,0.0,0,0,2096.0,False,cache_reused,False,False,0,0.0,7ae31e25d6518d6897bdc2db831f612d922d3f1a4e5342b2662a7ff29398ece1,True,,,1,0,72.713027,203.753528,6,2108,4,2096
20260726_formal4t4_reuse_intensive_Ideal_rep0,0,Ideal,Ideal,33,reuse_intensive:rep0:req33,reuse_intensive,0,1,2,L0001,2048,2,0;1;2;3,False,1789700953.8747709,2048,2048,2048,5.702347278594971,False,False,False,False,2048,0.0,4,4,2096.0,False,cache_reused,False,False,0,0.0,1d94aad9d8bee5ce8bc29aeaa77031378a6ab6cf4f751836dbac93894453fc46,True,,,1,0,75.318732,211.612743,6,2108,4,2096
20260726_formal4t4_reuse_intensive_Ideal_rep0,0,Ideal,Ideal,34,reuse_intensive:rep0:req34,reuse_intensive,0,0,2,L0000,2048,3,0;1;2;3,False,1789700953.874785,2048,2048,2048,0.00014090538024902344,False,False,False,False,2048,0.0,4,4,2096.0,False,cache_reused,False,False,0,0.0,b0d1636173710f95f947fc8ee32df8f448fd2de52180fb6a30191db837e43231,True,,,1,0,72.483231,203.590393,6,2108,4,2096
20260726_formal4t4_reuse_intensive_Ideal_rep0,0,Ideal,Ideal,35,reuse_intensive:rep0:req35,reuse_intensive,0,13,1,L0013,2048,1,0;1;2;3,False,1789700953.8747969,2048,2048,2048,2.556475877761841,False,False,False,False,2048,0.0,4,4,2096.0,False,cache_reused,False,False,0,0.0,9b77021b730e07e9d67a7038bf753b8937ff8a07ca442dd387cb57dabcfc3596,True,,,1,0,74.783146,211.561052,6,2108,4,2096
20260726_formal4t4_reuse_intensive_Ideal_rep0,0,Ideal,Ideal,36,reuse_intensive:rep0:req36,reuse_intensive,0,1,0,L0001,2048,3,0;1;2;3,False,1789700954.0875072,2048,2048,2048,1.815589189529419,False,False,False,False,2048,0.0,4,4,2096.0,False,cache_reused,False,False,0,0.0,a955ad8839196c61d5b06d298faa944985e8498599c97deee7c7e0f8a8e3c7f5,True,,,1,0,75.295889,211.671063,6,2108,4,2096
20260726_formal4t4_reuse_intensive_Ideal_rep0,0,Ideal,Ideal,37,reuse_intensive:rep0:req37,reuse_intensive,0,12,0,L0012,4096,0,0;1;2;3,False,1789700954.0875244,4096,4096,4096,2.976585865020752,False,False,False,False,4096,0.0,4,4,4144.0,False,cache_reused,False,False,0,0.0,e4c9da0917e501ae2b69321f4a7812593c3ea33a39e621a4d34783c2646157d9,True,,,1,0,115.313445,318.435243,6,4156,4,4144
20260726_formal4t4_reuse_intensive_Ideal_rep0,0,Ideal,Ideal,38,reuse_intensive:rep0:req38,reuse_intensive,0,7,0,L0007,4096,2,0;1;2;3,False,1789700954.0875385,4096,4096,4096,4.288010835647583,False,False,False,False,4096,0.0,4,4,4144.0,False,cache_reused,False,False,0,0.0,566a186e28540363242658c09a467302d068439f4f3bcf8c258f06f92643965d,True,,,1,0,117.141661,321.023293,6,4156,4,4144
20260726_formal4t4_reuse_intensive_Ideal_rep0,0,Ideal,Ideal,39,reuse_intensive:rep0:req39,reuse_intensive,0,1,1,L0001,2048,1,0;1;2;3,False,1789700954.08755,2048,2048,2048,0.21305394172668457,False,False,False,False,2048,0.0,4,4,2096.0,False,cache_reused,False,False,0,0.0,48f6535948fa8a6023e783c055cb16923ea43d74e3237766eb9dc189789f0836,True,,,1,0,75.243268,213.067096,6,2108,4,2096
20260726_formal4t4_reuse_intensive_Ideal_rep0,0,Ideal,Ideal,40,reuse_intensive:rep0:req40,reuse_intensive,0,1,2,L0001,2048,3,0;1;2;3,False,1789700954.4097233,2048,2048,2048,0.00039386749267578125,False,False,False,False,2048,0.0,4,4,2096.0,False,cache_reused,False,False,0,0.0,f92be4f26d4b182819fdf69adf460ff0ca7d1a6cd67e94b3356c5c168b2d1a21,True,,,1,0,74.315886,210.243672,6,2108,4,2096
20260726_formal4t4_reuse_intensive_Ideal_rep0,0,Ideal,Ideal,41,reuse_intensive:rep0:req41,reuse_intensive,0,0,0,L0000,2048,2,0;1;2;3,False,1789700954.4097402,2048,2048,2048,0.5351569652557373,False,False,False,False,2048,0.0,4,4,2096.0,False,cache_reused,False,False,0,0.0,3ed71b67a31ff500b096d1eed31f1cba525b1aa2a90f105d2b041c85379793ab,True,,,1,0,74.194991,206.560175,6,2108,4,2096
20260726_formal4t4_reuse_intensive_Ideal_rep0,0,Ideal,Ideal,42,reuse_intensive:rep0:req42,reuse_intensive,0,1,0,L0001,2048,1,0;1;2;3,False,1789700954.409752,2048,2048,2048,0.0001049041748046875,False,False,False,False,2048,0.0,4,4,2096.0,False,cache_reused,False,False,0,0.0,9a700297ef01121f8541a472d534190fdfa53157c72ade1a78c9891f11fac0ae,True,,,1,0,75.106944,212.853248,6,2108,4,2096
20260726_formal4t4_reuse_intensive_Ideal_rep0,0,Ideal,Ideal,43,reuse_intensive:rep0:req43,reuse_intensive,0,2,1,L0002,2048,0,0;1;2;3,False,1789700954.4097614,2048,2048,2048,2.353010416030884,False,False,False,False,2048,0.0,4,4,2096.0,False,cache_reused,False,False,0,0.0,d8818be3821a7accc77ed6a68ab5fd5bac57fc69e4df691a4b32026650ba4170,True,,,1,0,73.909264,209.221995,6,2108,4,2096
20260726_formal4t4_reuse_intensive_Ideal_rep0,0,Ideal,Ideal,44,reuse_intensive:rep0:req44,reuse_intensive,0,0,1,L0000,2048,3,0;1;2;3,False,1789700954.623569,2048,2048,2048,0.5361990928649902,False,False,False,False,2048,0.0,4,4,2096.0,False,cache_reused,False,False,0,0.0,3646bb1e0c8c51cdf0880534f3921e726e959e856f0ad7b974b9f5d171dbd543,True,,,1,0,73.038007,206.059037,6,2108,4,2096
20260726_formal4t4_reuse_intensive_Ideal_rep0,0,Ideal,Ideal,45,reuse_intensive:rep0:req45,reuse_intensive,0,0,2,L0000,2048,1,0;1;2;3,False,1789700954.6235857,2048,2048,2048,0.9615945816040039,False,False,False,False,2048,0.0,4,4,2096.0,False,cache_reused,False,False,0,0.0,675dc82929732775ebc5001e1845a90078f978bf1c9e22581f0e20da411a9e87,True,,,1,0,73.44411,206.37734,6,2108,4,2096
20260726_formal4t4_reuse_intensive_Ideal_rep0,0,Ideal,Ideal,46,reuse_intensive:rep0:req46,reuse_intensive,0,0,0,L0000,2048,2,0;1;2;3,False,1789700954.6235979,2048,2048,2048,0.00021910667419433594,False,False,False,False,2048,0.0,4,4,2096.0,False,cache_reused,False,False,0,0.0,fbba15c2da0ee562289621548f8c709e4facde678fb18e6ac038c925fa7cfd27,True,,,1,0,73.587415,206.046349,6,2108,4,2096
20260726_formal4t4_reuse_intensive_Ideal_rep0,0,Ideal,Ideal,47,reuse_intensive:rep0:req47,reuse_intensive,0,0,1,L0000,2048,0,0;1;2;3,False,1789700954.6236067,2048,2048,2048,6.723743200302124,False,False,False,False,2048,0.0,4,4,2096.0,False,cache_reused,False,False,0,0.0,6b5fcaf54c7fb5dc92818d57f9b0e28e557e93f6c1d00eb99a2952ea941075d6,True,,,1,0,72.526762,203.556646,6,2108,4,2096
20260726_formal4t4_reuse_intensive_Ideal_rep0,0,Ideal,Ideal,48,reuse_intensive:rep0:req48,reuse_intensive,0,10,0,L0010,2048,3,0;1;2;3,False,1789700954.8306894,2048,2048,2048,4.244395971298218,False,False,False,False,2048,0.0,4,4,2096.0,False,cache_reused,False,False,0,0.0,52fe1af03ab60d71daf4dd857063dfb2c1700dbbcf10d58e61f8866e96e9a2ca,True,,,1,0,74.676968,211.607954,6,2108,4,2096
20260726_formal4t4_reuse_intensive_Ideal_rep0,0,Ideal,Ideal,49,reuse_intensive:rep0:req49,reuse_intensive,0,3,1,L0003,4096,0,0;1;2;3,False,1789700954.8307076,4096,4096,4096,6.136107444763184,False,False,False,False,4096,0.0,4,4,4144.0,False,cache_reused,False,False,0,0.0,0d7831c33060ceaeba7fabc8ed97169d14aa5ac4a0a2cec0dae2f3c86a7ad45c,True,,,1,0,115.794659,319.853633,6,4156,4,4144
20260726_formal4t4_reuse_intensive_Ideal_rep0,0,Ideal,Ideal,50,reuse_intensive:rep0:req50,reuse_intensive,0,1,1,L0001,2048,2,0;1;2;3,False,1789700954.8307202,2048,2048,2048,0.7434122562408447,False,False,False,False,2048,0.0,4,4,2096.0,False,cache_reused,False,False,0,0.0,c7695bcab3fe789cbac3c1283847950dce56995cda4c93ff7d5bf53a034ba687,True,,,1,0,75.417806,212.03313,6,2108,4,2096
20260726_formal4t4_reuse_intensive_Ideal_rep0,0,Ideal,Ideal,51,reuse_intensive:rep0:req51,reuse_intensive,0,6,2,L0006,1024,1,0;1;2;3,False,1789700954.8307307,1024,1024,1024,5.348388671875,False,False,False,False,1024,0.0,4,4,1072.0,False,cache_reused,False,False,0,0.0,0334800b7be94d699e2352b0360b34bae3a88ea911cd0e4ed526ab143e8f919a,True,,,1,0,53.96904,157.05997,6,1084,4,1072
20260726_formal4t4_reuse_intensive_Ideal_rep0,0,Ideal,Ideal,52,reuse_intensive:rep0:req52,reuse_intensive,0,58,0,L0058,2048,3,,False,1789700955.1513393,0,0,0,,False,False,False,False,0,0.0,0,0,2096.0,False,cache_reused,False,False,0,0.0,7003c5f9b97764f4643ab42a996a26a1ec255fd545b4b9541c2605b428b6bfe2,True,,,1,0,72.81638,206.331325,6,2108,4,2096
20260726_formal4t4_reuse_intensive_Ideal_rep0,0,Ideal,Ideal,53,reuse_intensive:rep0:req53,reuse_intensive,0,0,2,L0000,2048,1,0;1;2;3,False,1789700955.1513596,2048,2048,2048,0.3208625316619873,False,False,False,False,2048,0.0,4,4,2096.0,False,cache_reused,False,False,0,0.0,09ea728fbc1425a8a144e0596eb7ccc2f7834fb9324e6c2faf4a7e7ff1bfc2aa,True,,,1,0,73.164077,205.902692,6,2108,4,2096
20260726_formal4t4_reuse_intensive_Ideal_rep0,0,Ideal,Ideal,54,reuse_intensive:rep0:req54,reuse_intensive,0,3,2,L0003,4096,0,0;1;2;3,False,1789700955.1513739,4096,4096,4096,0.00027441978454589844,False,False,False,False,4096,0.0,4,4,4144.0,False,cache_reused,False,False,0,0.0,2bf6537e16df0783055a3e77b0ba6f7c7b3f95884f3f0f68508a6b2aa4848250,True,,,1,0,115.98291,319.581787,6,4156,4,4144
20260726_formal4t4_reuse_intensive_Ideal_rep0,0,Ideal,Ideal,55,reuse_intensive:rep0:req55,reuse_intensive,0,0,0,L0000,2048,2,0;1;2;3,False,1789700955.1513855,2048,2048,2048,0.3208274841308594,False,False,False,False,2048,0.0,4,4,2096.0,False,cache_reused,False,False,0,0.0,d098fdcfe944317c6e2dcd292dc925b249ba21d80b5c469284ecf80ad8232c0f,True,,,1,0,73.927082,206.554081,6,2108,4,2096
20260726_formal4t4_reuse_intensive_Ideal_rep0,0,Ideal,Ideal,56,reuse_intensive:rep0:req56,reuse_intensive,0,2,2,L0002,2048,2,0;1;2;3,False,1789700955.4720232,2048,2048,2048,2.1323487758636475,False,False,False,False,2048,0.0,4,4,2096.0,False,cache_reused,False,False,0,0.0,615eb951952aad49386abce2c27a1bb692bbd3d1edd9b18e05134773fc9d41cd,True,,,1,0,75.737327,212.629155,6,2108,4,2096
20260726_formal4t4_reuse_intensive_Ideal_rep0,0,Ideal,Ideal,57,reuse_intensive:rep0:req57,reuse_intensive,0,0,1,L0000,2048,0,0;1;2;3,False,1789700955.4720445,2048,2048,2048,0.6414313316345215,False,False,False,False,2048,0.0,4,4,2096.0,False,cache_reused,False,False,0,0.0,9eb2cb5fd57077b9dce0b8dc7e5a7b444138d4bcbe7fe1907a0f3bd08b52e98a,True,,,1,0,73.237661,204.999246,6,2108,4,2096
20260726_formal4t4_reuse_intensive_Ideal_rep0,0,Ideal,Ideal,58,reuse_intensive:rep0:req58,reuse_intensive,0,0,2,L0000,2048,1,0;1;2;3,False,1789700955.4720595,2048,2048,2048,0.0003304481506347656,False,False,False,False,2048,0.0,4,4,2096.0,False,cache_reused,False,False,0,0.0,a97f97fa53c662cf1645a16f5b1cce7700f229e8d382f2deaec1e2e18e48dcbb,True,,,1,0,73.086738,206.190093,6,2108,4,2096
20260726_formal4t4_reuse_intensive_Ideal_rep0,0,Ideal,Ideal,59,reuse_intensive:rep0:req59,reuse_intensive,0,2,0,L0002,2048,3,0;1;2;3,False,1789700955.472072,2048,2048,2048,2.8789045810699463,False,False,False,False,2048,0.0,4,4,2096.0,False,cache_reused,False,False,0,0.0,c445af97552e11480153145d3c335e358cae4336e65eac366d2704ffdd4be100,True,,,1,0,74.766782,210.565769,6,2108,4,2096
20260726_formal4t4_reuse_intensive_Ideal_rep0,0,Ideal,Ideal,60,reuse_intensive:rep0:req60,reuse_intensive,1,64,0,L0064,2048,2,,False,1789700955.6850815,0,0,0,,False,False,False,False,0,0.0,0,0,2096.0,False,cache_reused,False,False,0,0.0,c10429c88ed4b4a525987bb9e193bdb4df6b048ef9500c444b3b542a52f92aff,True,,,1,0,75.431347,207.788401,6,2108,4,2096
20260726_formal4t4_reuse_intensive_Ideal_rep0,0,Ideal,Ideal,61,reuse_intensive:rep0:req61,reuse_intensive,1,69,0,L0069,2048,1,,False,1789700955.6850934,0,0,0,,False,False,False,False,0,0.0,0,0,2096.0,False,cache_reused,False,False,0,0.0,1b5af2b5ae651c32e8665e696421c293d2823cece1ee056c8a31e0a8006b007d,True,,,1,0,74.513393,207.015567,6,2108,4,2096
20260726_formal4t4_reuse_intensive_Ideal_rep0,0,Ideal,Ideal,62,reuse_intensive:rep0:req62,reuse_intensive,1,75,0,L0075,1024,0,,False,1789700955.6851015,0,0,0,,False,False,False,False,0,0.0,0,0,1072.0,False,cache_reused,False,False,0,0.0,347db9ceced1547706c46585a61d6f9dfabe86f74dffc63ea35fd2ec2b847849,True,,,1,0,54.087346,152.416956,6,1084,4,1072
20260726_formal4t4_reuse_intensive_Ideal_rep0,0,Ideal,Ideal,63,reuse_intensive:rep0:req63,reuse_intensive,1,64,1,L0064,2048,3,,False,1789700955.685109,0,0,0,,False,False,False,False,0,0.0,0,0,2096.0,False,cache_reused,False,False,0,0.0,335153426f6c17821c51b564f42c0484f6e8acc3c369a68dd8790dfcc81d7d29,True,,,1,0,74.635991,207.18187,6,2108,4,2096
20260726_formal4t4_reuse_intensive_Ideal_rep0,0,Ideal,Ideal,64,reuse_intensive:rep0:req64,reuse_intensive,1,67,0,L0067,1024,2,,False,1789700955.893361,0,0,0,,False,False,False,False,0,0.0,0,0,1072.0,False,cache_reused,False,False,0,0.0,84f2f23e17920f6b2d6b6b28852a88e1e04494b6439884c27e39412082f4a4af,True,,,1,0,53.326738,234.660822,6,1084,4,1072
20260726_formal4t4_reuse_intensive_Ideal_rep0,0,Ideal,Ideal,65,reuse_intensive:rep0:req65,reuse_intensive,1,104,0,L0104,2048,3,,False,1789700955.8933747,0,0,0,,False,False,False,False,0,0.0,0,0,2096.0,False,cache_reused,False,False,0,0.0,244f806d6b5cd833e6e160b18343ecda3d6952573a3534677884b1990162c82e,True,,,1,0,73.679855,206.442755,6,2108,4,2096
20260726_formal4t4_reuse_intensive_Ideal_rep0,0,Ideal,Ideal,66,reuse_intensive:rep0:req66,reuse_intensive,1,121,0,L0121,1024,0,,False,1789700955.8933825,0,0,0,,False,False,False,False,0,0.0,0,0,1072.0,False,cache_reused,False,False,0,0.0,a613555c2dad57898b485ccffa78f4b4032aee95cbf6684bfd5674b4ce26e059,True,,,1,0,52.684384,150.04686,6,1084,4,1072
20260726_formal4t4_reuse_intensive_Ideal_rep0,0,Ideal,Ideal,67,reuse_intensive:rep0:req67,reuse_intensive,1,64,2,L0064,2048,2,2;3,True,1789700955.893396,2048,2048,2048,0.0002906322479248047,False,False,False,False,2048,38.96,2,2,2096.0,True,cache_reused,False,False,0,0.0,1a30c75d7f719df4bc097b0221955b1761334e488cb6b11ff10789dc60b46b1d,True,,,1,0,116.115327,279.580663,6,2108,4,2096
20260726_formal4t4_reuse_intensive_Ideal_rep0,0,Ideal,Ideal,68,reuse_intensive:rep0:req68,reuse_intensive,1,64,0,L0064,2048,3,2;3,False,1789700956.1739886,2048,2048,2048,0.28069400787353516,False,False,False,False,2048,0.0,2,2,2096.0,False,cache_reused,False,False,0,0.0,3bf1a7851b85fb3335a795e01184363fda7a5d53ca291b5194f271639d835ab0,True,,,1,0,74.076191,210.13048,6,2108,4,2096
20260726_formal4t4_reuse_intensive_Ideal_rep0,0,Ideal,Ideal,69,reuse_intensive:rep0:req69,reuse_intensive,1,70,0,L0070,2048,2,,False,1789700956.174003,0,0,0,,False,False,False,False,0,0.0,0,0,2096.0,False,cache_reused,False,False,0,0.0,c3d6505d2c2ffd454681c49b1e917621c6973cb35058abf43b6fbbc8195b5585,True,,,1,0,73.224135,205.040169,6,2108,4,2096
20260726_formal4t4_reuse_intensive_Ideal_rep0,0,Ideal,Ideal,70,reuse_intensive:rep0:req70,reuse_intensive,1,96,0,L0096,4096,0,,False,1789700956.174012,0,0,0,,False,False,False,False,0,0.0,0,0,4144.0,False,cache_reused,False,False,0,0.0,5d189bc330bafa09ba8e1768964b20962b5be735a0c7a85cbd47cf1390f18912,True,,,1,0,114.01763,313.909281,6,4156,4,4144
20260726_formal4t4_reuse_intensive_Ideal_rep0,0,Ideal,Ideal,71,reuse_intensive:rep0:req71,reuse_intensive,1,88,0,L0088,1024,1,,False,1789700956.1740203,0,0,0,,False,False,False,False,0,0.0,0,0,1072.0,False,cache_reused,False,False,0,0.0,c93d4b75f370e017ebfad32e1bb05c86dccd0397458c2e649bf06d9c6f0b699d,True,,,1,0,53.320483,152.677682,6,1084,4,1072
20260726_formal4t4_reuse_intensive_Ideal_rep0,0,Ideal,Ideal,72,reuse_intensive:rep0:req72,reuse_intensive,1,66,0,L0066,2048,0,,False,1789700956.4889088,0,0,0,,False,False,False,False,0,0.0,0,0,2096.0,False,cache_reused,False,False,0,0.0,1af29d96a223d35361eb3e4eb504731a0e20eac8f89c6cdc9aa553061eab476d,True,,,1,0,72.789977,203.739377,6,2108,4,2096
20260726_formal4t4_reuse_intensive_Ideal_rep0,0,Ideal,Ideal,73,reuse_intensive:rep0:req73,reuse_intensive,1,64,1,L0064,2048,2,2;3,True,1789700956.4889288,2048,2048,2048,0.3150169849395752,False,False,False,False,2048,40.96,2,2,2096.0,True,cache_reused,False,False,0,0.0,18a2fbd8db52a49b5ae9b5085c079b323fc8849a8e83ecf86208dfede8927fdd,True,,,1,0,75.382311,211.079294,6,2108,4,2096
20260726_formal4t4_reuse_intensive_Ideal_rep0,0,Ideal,Ideal,74,reuse_intensive:rep0:req74,reuse_intensive,1,65,0,L0065,2048,3,,False,1789700956.488939,0,0,0,,False,False,False,False,0,0.0,0,0,2096.0,False,cache_reused,False,False,0,0.0,d9055c41d20e0db8a5991e062ec7bab4a680eba46920b032adfe25f733d0cd2f,True,,,1,0,72.435854,203.818456,6,2108,4,2096
20260726_formal4t4_reuse_intensive_Ideal_rep0,0,Ideal,Ideal,75,reuse_intensive:rep0:req75,reuse_intensive,1,66,1,L0066,2048,1,,False,1789700956.488947,0,0,0,,False,False,False,False,0,0.0,0,0,2096.0,False,cache_reused,False,False,0,0.0,9ac26713ba429bd7712477d52420dee5bfefe820f615e792a47be3ce2c31c08c,True,,,1,0,72.878704,204.8103,6,2108,4,2096
20260726_formal4t4_reuse_intensive_Ideal_rep0,0,Ideal,Ideal,76,reuse_intensive:rep0:req76,reuse_intensive,1,64,2,L0064,2048,2,2;3,True,1789700956.70074,2048,2048,2048,0.00019240379333496094,False,False,False,False,2048,40.96,2,2,2096.0,True,cache_reused,False,False,0,0.0,d1740f81428056d23893a437f57b1a32fcb4522407b08879cd93445aa1d3b05b,True,,,1,0,75.464711,212.676427,6,2108,4,2096
20260726_formal4t4_reuse_intensive_Ideal_rep0,0,Ideal,Ideal,77,reuse_intensive:rep0:req77,reuse_intensive,1,65,1,L0065,2048,3,3,True,1789700956.7007575,2048,2048,2048,0.0001461505889892578,False,False,False,False,2048,40.96,1,1,2096.0,True,cache_reused,False,False,0,0.0,065c68ede4fb427496cea229b4404a34b8478a5598bcb46db910157a9eb56870,True,,,1,0,74.819545,221.91053,6,2108,4,2096
20260726_formal4t4_reuse_intensive_Ideal_rep0,0,Ideal,Ideal,78,reuse_intensive:rep0:req78,reuse_intensive,1,65,2,L0065,2048,3,3,True,1789700956.7007687,2048,2048,2048,0.00015735626220703125,False,False,False,False,2048,38.96,1,1,2096.0,True,cache_reused,False,False,0,0.0,eeefc886c652c92ab6bffee2780d13abee143bf3dca47ad15c68aff0e77ef73d,True,,,1,0,128.414093,268.000997,6,2108,4,2096
20260726_formal4t4_reuse_intensive_Ideal_rep0,0,Ideal,Ideal,79,reuse_intensive:rep0:req79,reuse_intensive,1,65,0,L0065,2048,3,3,True,1789700956.7007778,2048,2048,2048,0.00016641616821289062,False,False,False,False,2048,36.96,1,1,2096.0,True,cache_reused,False,False,0,0.0,98d92b38982b309fbd1a022344e0c1904d43e4bd67274ed01cefab1b3404ef43,True,,,1,0,128.02916,267.479452,6,2108,4,2096
20260726_formal4t4_reuse_intensive_Ideal_rep0,0,Ideal,Ideal,80,reuse_intensive:rep0:req80,reuse_intensive,1,74,0,L0074,1024,1,,False,1789700956.9702718,0,0,0,,False,False,False,False,0,0.0,0,0,1072.0,False,cache_reused,False,False,0,0.0,42a536bc3638f18cef65d183850916c60f9228cde960ff1afdb6ff656a262c13,True,,,1,0,55.083697,245.700484,6,1084,4,1072
20260726_formal4t4_reuse_intensive_Ideal_rep0,0,Ideal,Ideal,81,reuse_intensive:rep0:req81,reuse_intensive,1,64,0,L0064,2048,2,2;3,False,1789700956.970325,2048,2048,2048,0.0008342266082763672,False,False,False,False,2048,0.0,2,2,2096.0,False,cache_reused,False,False,0,0.0,a57303c63f304b7e82e793a2a69501b8a6200a20aaf5de75a9defe1623c0d2dc,True,,,1,0,77.911845,214.399266,6,2108,4,2096
20260726_formal4t4_reuse_intensive_Ideal_rep0,0,Ideal,Ideal,82,reuse_intensive:rep0:req82,reuse_intensive,1,65,1,L0065,2048,3,3,True,1789700956.9703648,2048,2048,2048,0.0003037452697753906,False,False,False,False,2048,40.96,1,1,2096.0,True,cache_reused,False,False,0,0.0,a949ab6393141a039fd664148eddee2dfa727a162a50706ca6893b155256208e,True,,,1,0,77.072442,209.623772,6,2108,4,2096
20260726_formal4t4_reuse_intensive_Ideal_rep0,0,Ideal,Ideal,83,reuse_intensive:rep0:req83,reuse_intensive,1,69,1,L0069,2048,1,1,True,1789700956.9703994,2048,2048,2048,1.0771973133087158,False,False,False,False,2048,38.96,1,1,2096.0,True,cache_reused,False,False,0,0.0,33ff57d0ebad6c00b84c36a300f89c8ed3205b368f13090c1905e5a092c761b0,True,,,1,0,119.866777,289.359779,6,2108,4,2096
20260726_formal4t4_reuse_intensive_Ideal_rep0,0,Ideal,Ideal,84,reuse_intensive:rep0:req84,reuse_intensive,1,65,2,L0065,2048,3,3,True,1789700957.2619896,2048,2048,2048,0.0001304149627685547,False,False,False,False,2048,40.96,1,1,2096.0,True,cache_reused,False,False,0,0.0,3be60212a46815f675f8606dc8d8f946f718c2f020a8861fdc85fb9a793f66d1,True,,,1,0,73.733478,206.690681,6,2108,4,2096
20260726_formal4t4_reuse_intensive_Ideal_rep0,0,Ideal,Ideal,85,reuse_intensive:rep0:req85,reuse_intensive,1,106,0,L0106,1024,0,,False,1789700957.2620037,0,0,0,,False,False,False,False,0,0.0,0,0,1072.0,False,cache_reused,False,False,0,0.0,2f74af83b34faba0926e8771715315be391fc7e6d6c0c5342c53a641ec3e8e0c,True,,,1,0,56.117342,159.014642,6,1084,4,1072
20260726_formal4t4_reuse_intensive_Ideal_rep0,0,Ideal,Ideal,86,reuse_intensive:rep0:req86,reuse_intensive,1,70,1,L0070,2048,2,2,False,1789700957.2620165,2048,2048,2048,0.7733249664306641,False,False,False,False,2048,0.0,1,1,2096.0,False,cache_reused,False,False,0,0.0,ea8176ab535fac24afecb7f45e5b39a60eabfa53c1094dd2b1f90b8dafeac1f3,True,,,1,0,79.218161,270.015992,6,2108,4,2096
20260726_formal4t4_reuse_intensive_Ideal_rep0,0,Ideal,Ideal,87,reuse_intensive:rep0:req87,reuse_intensive,1,70,2,L0070,2048,2,2,True,1789700957.2620275,2048,2048,2048,0.7733359336853027,False,False,False,False,2048,38.96,1,1,2096.0,True,cache_reused,False,False,0,0.0,07ab9043bc01ec8cc5d47d51c9a34488f6b2ac6d16aa339ebfa8bbc46b4a1b74,True,,,1,0,170.478544,315.116729,6,2108,4,2096
20260726_formal4t4_reuse_intensive_Ideal_rep0,0,Ideal,Ideal,88,reuse_intensive:rep0:req88,reuse_intensive,1,64,1,L0064,2048,3,2;3,False,1789700957.5787838,2048,2048,2048,1.0901827812194824,False,False,False,False,2048,0.0,2,2,2096.0,False,cache_reused,False,False,0,0.0,bbcef94cff792fd0307b4824c26cef93a4b46b9d6acfa7016b6e13d7b6283dcc,True,,,1,0,77.456991,225.037915,6,2108,4,2096
20260726_formal4t4_reuse_intensive_Ideal_rep0,0,Ideal,Ideal,89,reuse_intensive:rep0:req89,reuse_intensive,1,64,2,L0064,2048,2,2;3,True,1789700957.5788324,2048,2048,2048,0.31704258918762207,False,False,False,False,2048,40.96,2,2,2096.0,True,cache_reused,False,False,0,0.0,33538375951a9c7c27c07c267887a4d9eaa00b574e2315186d61c9924fbcd4f1,True,,,1,0,76.436094,212.284045,6,2108,4,2096
20260726_formal4t4_reuse_intensive_Ideal_rep0,0,Ideal,Ideal,90,reuse_intensive:rep0:req90,reuse_intensive,1,118,0,L0118,2048,1,,False,1789700957.5788605,0,0,0,,False,False,False,False,0,0.0,0,0,2096.0,False,cache_reused,False,False,0,0.0,e12b602dbb39a154f90d9d22b308a541c41454808aa6bc7e0ac4206385f1136a,True,,,1,0,74.729087,207.2517,6,2108,4,2096
20260726_formal4t4_reuse_intensive_Ideal_rep0,0,Ideal,Ideal,91,reuse_intensive:rep0:req91,reuse_intensive,1,64,0,L0064,2048,3,2;3,True,1789700957.5788941,2048,2048,2048,1.0902931690216064,False,False,False,False,2048,38.96,2,2,2096.0,True,cache_reused,False,False,0,0.0,c1762b7f3904a648a1fbc475408f646561686f817075124b6ff6522e7171966d,True,,,1,0,128.237534,268.475142,6,2108,4,2096
20260726_formal4t4_reuse_intensive_Ideal_rep0,0,Ideal,Ideal,92,reuse_intensive:rep0:req92,reuse_intensive,1,65,0,L0065,2048,3,3,True,1789700957.8497083,2048,2048,2048,0.27165937423706055,False,False,False,False,2048,40.96,1,1,2096.0,True,cache_reused,False,False,0,0.0,6ce5c46681495663a1c97a9898608b038e0d804c5805a3bc0daab21eaf12a64c,True,,,1,0,76.590627,253.025825,6,2108,4,2096
20260726_formal4t4_reuse_intensive_Ideal_rep0,0,Ideal,Ideal,93,reuse_intensive:rep0:req93,reuse_intensive,1,109,0,L0109,1024,2,,False,1789700957.8497229,0,0,0,,False,False,False,False,0,0.0,0,0,1072.0,False,cache_reused,False,False,0,0.0,0f2f652bfcf40b9728ddf7a6287a0bb4e9034fe13d2c9260b128d63ba1729f15,True,,,1,0,54.914061,155.341429,6,1084,4,1072
20260726_formal4t4_reuse_intensive_Ideal_rep0,0,Ideal,Ideal,94,reuse_intensive:rep0:req94,reuse_intensive,1,65,1,L0065,2048,3,3,True,1789700957.8497345,2048,2048,2048,0.2716856002807617,False,False,False,False,2048,38.96,1,1,2096.0,True,cache_reused,False,False,0,0.0,43cba548a390d942207599b4c300307f4c5326baef25661aedff65990af66eee,True,,,1,0,159.412663,296.918886,6,2108,4,2096
20260726_formal4t4_reuse_intensive_Ideal_rep0,0,Ideal,Ideal,95,reuse_intensive:rep0:req95,reuse_intensive,1,82,0,L0082,4096,1,,False,1789700957.8497431,0,0,0,,False,False,False,False,0,0.0,0,0,4144.0,False,cache_reused,False,False,0,0.0,89b2cc466a610581b632d4c9253fe635e6d5acfc6b1f78505fc1bf96a3971cf1,True,,,1,0,117.239174,317.230974,6,4156,4,4144
20260726_formal4t4_reuse_intensive_Ideal_rep0,0,Ideal,Ideal,96,reuse_intensive:rep0:req96,reuse_intensive,1,64,1,L0064,2048,3,2;3,True,1789700958.16814,2048,2048,2048,0.31850528717041016,False,False,False,False,2048,40.96,2,2,2096.0,True,cache_reused,False,False,0,0.0,fc05ee92f45136abb890aee6491e29419f13a008bfacc9ec75331524f54f6068,True,,,1,0,84.173499,348.37863,6,2108,4,2096
20260726_formal4t4_reuse_intensive_Ideal_rep0,0,Ideal,Ideal,97,reuse_intensive:rep0:req97,reuse_intensive,1,65,2,L0065,2048,3,3,True,1789700958.1681697,2048,2048,2048,0.00022411346435546875,False,False,False,False,2048,38.96,1,1,2096.0,True,cache_reused,False,False,0,0.0,eb4c4c09ecd77e1ce7b1d047b35d5829c0d83384467df06b837f64405f9d2a29,True,,,1,0,196.734692,397.334425,6,2108,4,2096
20260726_formal4t4_reuse_intensive_Ideal_rep0,0,Ideal,Ideal,98,reuse_intensive:rep0:req98,reuse_intensive,1,65,0,L0065,2048,3,3,True,1789700958.168181,2048,2048,2048,0.0002353191375732422,False,False,False,False,2048,36.96,1,1,2096.0,True,cache_reused,False,False,0,0.0,aef7f8b14c12e95a13bc1aa9ba418346d84c254681a8229e7e853401af5e6545,True,,,1,0,196.560915,397.183375,6,2108,4,2096
20260726_formal4t4_reuse_intensive_Ideal_rep0,0,Ideal,Ideal,99,reuse_intensive:rep0:req99,reuse_intensive,1,78,0,L0078,2048,0,,False,1789700958.1681888,0,0,0,,False,False,False,False,0,0.0,0,0,2096.0,False,cache_reused,False,False,0,0.0,518d637ed452f452aa6fda5f9d8009fa9fd35718fc74a6d15b4307b9e3e83258,True,,,1,0,74.511646,207.883009,6,2108,4,2096
20260726_formal4t4_reuse_intensive_Ideal_rep0,0,Ideal,Ideal,100,reuse_intensive:rep0:req100,reuse_intensive,1,71,0,L0071,2048,3,,False,1789700958.566298,0,0,0,,False,False,False,False,0,0.0,0,0,2096.0,False,cache_reused,False,False,0,0.0,3c80ef946607475dfd7a8c0f281e230aab4b902548274be8a5513662e8022878,True,,,1,0,76.819715,297.175556,6,2109,4,2096
20260726_formal4t4_reuse_intensive_Ideal_rep0,0,Ideal,Ideal,101,reuse_intensive:rep0:req101,reuse_intensive,1,105,0,L0105,4096,2,,False,1789700958.5663114,0,0,0,,False,False,False,False,0,0.0,0,0,4144.0,False,cache_reused,False,False,0,0.0,fb958c90ca342febbdf4170a631d01add59d9f55bd65b747765eebfc1e0c9446,True,,,1,0,124.74277,424.84478,6,4157,4,4144
20260726_formal4t4_reuse_intensive_Ideal_rep0,0,Ideal,Ideal,102,reuse_intensive:rep0:req102,reuse_intensive,1,64,2,L0064,2048,2,2;3,True,1789700958.566325,2048,2048,2048,0.7168114185333252,False,False,False,False,2048,38.96,2,2,2096.0,True,cache_reused,False,False,0,0.0,7dcae9547739c4918926fd76333d97b72ff5ee8d0de11a7d4e88a5c819d3821f,True,,,1,0,227.487248,470.037676,6,2109,4,2096
20260726_formal4t4_reuse_intensive_Ideal_rep0,0,Ideal,Ideal,103,reuse_intensive:rep0:req103,reuse_intensive,1,64,0,L0064,2048,3,2;3,True,1789700958.5663376,2048,2048,2048,0.00032067298889160156,False,False,False,False,2048,38.96,2,2,2096.0,True,cache_reused,False,False,0,0.0,965995439bed725f6aade7dc8a681c7d003d74d9791062d805c32eeb8c14d809,True,,,1,0,151.786151,341.408424,6,2109,4,2096
20260726_formal4t4_reuse_intensive_Ideal_rep0,0,Ideal,Ideal,104,reuse_intensive:rep0:req104,reuse_intensive,1,76,0,L0076,4096,1,,False,1789700959.03804,0,0,0,,False,False,False,False,0,0.0,0,0,4144.0,False,cache_reused,False,False,0,0.0,b1b36eaa3d1792753f3fbade984dc340cd93c6dee4d48e7ab0ea17294aa005d2,True,,,1,0,122.195442,322.481039,6,4157,4,4144
20260726_formal4t4_reuse_intensive_Ideal_rep0,0,Ideal,Ideal,105,reuse_intensive:rep0:req105,reuse_intensive,1,64,1,L0064,2048,3,2;3,False,1789700959.0380936,2048,2048,2048,0.0002503395080566406,False,False,False,False,2048,0.0,2,2,2096.0,False,cache_reused,False,False,0,0.0,fca8524adfefc595557f147cbafe3569e542e59293bf7d21c2b89fd15085ac25,True,,,1,0,110.316454,247.040367,6,2109,4,2096
20260726_formal4t4_reuse_intensive_Ideal_rep0,0,Ideal,Ideal,106,reuse_intensive:rep0:req106,reuse_intensive,1,89,0,L0089,2048,0,,False,1789700959.0381227,0,0,0,,False,False,False,False,0,0.0,0,0,2096.0,False,cache_reused,False,False,0,0.0,aa4a2a45453a251a07b8687384a41b6314dcf8dc84ff396b9de148f1dcde0c84,True,,,1,0,79.364063,212.363918,6,2109,4,2096
20260726_formal4t4_reuse_intensive_Ideal_rep0,0,Ideal,Ideal,107,reuse_intensive:rep0:req107,reuse_intensive,1,77,0,L0077,1024,2,,False,1789700959.038145,0,0,0,,False,False,False,False,0,0.0,0,0,1072.0,False,cache_reused,False,False,0,0.0,4ef8630d5780506782e3a258aaf096d2e0b5360ec1c839afee257382894be6a9,True,,,1,0,97.590564,197.695134,6,1085,4,1072
20260726_formal4t4_reuse_intensive_Ideal_rep0,0,Ideal,Ideal,108,reuse_intensive:rep0:req108,reuse_intensive,1,66,2,L0066,2048,1,0;1,True,1789700959.361182,2048,2048,2048,2.6605148315429688,False,False,False,False,2048,40.96,2,2,2096.0,True,cache_reused,False,False,0,0.0,9e8391539e31a515c67e8054765ceed2a0831960bf3bb245d408e12c6420557c,True,,,1,0,116.776287,253.01575,6,2109,4,2096
20260726_formal4t4_reuse_intensive_Ideal_rep0,0,Ideal,Ideal,109,reuse_intensive:rep0:req109,reuse_intensive,1,72,0,L0072,1024,3,,False,1789700959.3611975,0,0,0,,False,False,False,False,0,0.0,0,0,1072.0,False,cache_reused,False,False,0,0.0,2a65131d5e37675b12182295b68b411282a59bf37bed17131d4163e638a98ac9,True,,,1,0,64.41415,276.550438,6,1085,4,1072
20260726_formal4t4_reuse_intensive_Ideal_rep0,0,Ideal,Ideal,110,reuse_intensive:rep0:req110,reuse_intensive,1,65,1,L0065,2048,3,3,True,1789700959.3612103,2048,2048,2048,0.795036792755127,False,False,False,False,2048,38.96,1,1,2096.0,True,cache_reused,False,False,0,0.0,f1b94d16788681725104b73a1091be808fc1bf396e6cb787db7db529b3938550,True,,,1,0,159.221485,320.402502,6,2109,4,2096
20260726_formal4t4_reuse_intensive_Ideal_rep0,0,Ideal,Ideal,111,reuse_intensive:rep0:req111,reuse_intensive,1,66,0,L0066,2048,0,0;1,True,1789700959.3612218,2048,2048,2048,2.6607654094696045,False,False,False,False,2048,40.96,2,2,2096.0,True,cache_reused,False,False,0,0.0,1c731c5c2f2bdaaca70f8e58d628532db0991ce301f02aa0f5d386e10535edcf,True,,,1,0,122.58546,254.205613,6,2109,4,2096
20260726_formal4t4_reuse_intensive_Ideal_rep0,0,Ideal,Ideal,112,reuse_intensive:rep0:req112,reuse_intensive,1,82,1,L0082,4096,1,1,False,1789700959.6825247,4096,4096,4096,1.5145235061645508,False,False,False,False,4096,0.0,1,1,4144.0,False,cache_reused,False,False,0,0.0,9e0c7511e496aef4dead7bf026980c86986b45ba9740193a5e961f47c5026135,True,,,1,0,117.13798,321.417728,6,4157,4,4144
20260726_formal4t4_reuse_intensive_Ideal_rep0,0,Ideal,Ideal,113,reuse_intensive:rep0:req113,reuse_intensive,1,64,2,L0064,2048,2,2;3,True,1789700959.682545,2048,2048,2048,0.6448729038238525,False,False,False,False,2048,40.96,2,2,2096.0,True,cache_reused,False,False,0,0.0,1e45ef63576b787eb1ba9de1d28961a0582892d71d3688b80d264d88383774ad,True,,,1,0,75.673009,212.281259,6,2109,4,2096
20260726_formal4t4_reuse_intensive_Ideal_rep0,0,Ideal,Ideal,114,reuse_intensive:rep0:req114,reuse_intensive,1,113,0,L0113,4096,3,,False,1789700959.6825552,0,0,0,,False,False,False,False,0,0.0,0,0,4144.0,False,cache_reused,False,False,0,0.0,c675d08bece628aea5f4686a0f59ac9b3b428bb1201ceb7a8bdf1d22f55f3a0b,True,,,1,0,118.680284,408.761894,6,4157,4,4144
20260726_formal4t4_reuse_intensive_Ideal_rep0,0,Ideal,Ideal,115,reuse_intensive:rep0:req115,reuse_intensive,1,64,0,L0064,2048,3,2;3,True,1789700959.6825664,2048,2048,2048,0.3215796947479248,False,False,False,False,2048,38.96,2,2,2096.0,True,cache_reused,False,False,0,0.0,ae89b84ddc975ec6d46c78b021eb9ac82828ae834e731a1adc1b8b367d7820b5,True,,,1,0,215.910273,453.53122,6,2109,4,2096
20260726_formal4t4_reuse_intensive_Ideal_rep0,0,Ideal,Ideal,116,reuse_intensive:rep0:req116,reuse_intensive,1,111,0,L0111,4096,0,,False,1789700960.1375759,0,0,0,,False,False,False,False,0,0.0,0,0,4144.0,False,cache_reused,False,False,0,0.0,bdd80f9c8717e98a55c1011ee206f91c69d80e05d52d4de4fdea0e0d099e619f,True,,,1,0,126.521221,422.616449,6,4157,4,4144
20260726_formal4t4_reuse_intensive_Ideal_rep0,0,Ideal,Ideal,117,reuse_intensive:rep0:req117,reuse_intensive,1,66,1,L0066,2048,1,0;1,False,1789700960.1375968,2048,2048,2048,0.4553406238555908,False,False,False,False,2048,0.0,2,2,2096.0,False,cache_reused,False,False,0,0.0,de1ae1a20f6ece63ac8be18d0bc5a852d13540b75c4d7d38abc11bb58fbff045,True,,,1,0,76.863906,212.74602,6,2109,4,2096
20260726_formal4t4_reuse_intensive_Ideal_rep0,0,Ideal,Ideal,118,reuse_intensive:rep0:req118,reuse_intensive,1,64,1,L0064,2048,3,2;3,False,1789700960.1376104,2048,2048,2048,0.00010633468627929688,False,False,False,False,2048,0.0,2,2,2096.0,False,cache_reused,False,False,0,0.0,ee800908047c728205d8dc660a822c11b3f5ce1fa10a7e02752c2994ce0fa8f5,True,,,1,0,86.122599,221.481142,6,2109,4,2096
20260726_formal4t4_reuse_intensive_Ideal_rep0,0,Ideal,Ideal,119,reuse_intensive:rep0:req119,reuse_intensive,1,66,2,L0066,2048,0,0;1,True,1789700960.1376224,2048,2048,2048,0.4551734924316406,False,False,False,False,2048,38.96,2,2,2096.0,True,cache_reused,False,False,0,0.0,915221d723eab371ed102667c4ab1c30d9d4a24bd66021f289a56a56a5fb6230,True,,,1,0,227.637149,466.407121,6,2109,4,2096
20260726_formal4t4_reuse_intensive_StaticSemantic@rho1.2_rep0,0,StaticSemantic@rho1.2,StaticSemantic,24,reuse_intensive:rep0:req24,reuse_intensive,0,0,2,L0000,2048,0,0;2,True,1789700991.0590193,2048,2048,2048,2.589749813079834,False,False,False,False,2048,40.96,2,2,2080.0,True,cache_reused,False,False,0,0.0,7c1587d536a8e0f530162f18e061072e45e5e899f5e370b80c5bca3e94ce563b,True,,,1,0,76.859837,370.225178,6,2108,4,2080
20260726_formal4t4_reuse_intensive_StaticSemantic@rho1.2_rep0,0,StaticSemantic@rho1.2,StaticSemantic,25,reuse_intensive:rep0:req25,reuse_intensive,0,6,1,L0006,1024,2,0;2,True,1789700991.0590744,1024,1024,1024,2.589893102645874,False,False,False,False,1024,20.48,2,2,1056.0,True,cache_reused,False,False,0,0.0,796c69bbb244338492dfbfca4e84a04081bd2d51f282b05a378ca0184b8a9ad5,True,,,1,0,56.733604,157.38509,6,1084,4,1056
20260726_formal4t4_reuse_intensive_StaticSemantic@rho1.2_rep0,0,StaticSemantic@rho1.2,StaticSemantic,26,reuse_intensive:rep0:req26,reuse_intensive,0,3,0,L0003,4096,0,0;2,True,1789700991.059108,4096,4096,4096,23.821046352386475,False,False,False,False,4096,79.92,2,2,4128.0,True,cache_reused,False,False,0,0.0,8b8e78b01a768b747b2f6bf2a3173257141a26ce1b32de169d029f7e07bed279,True,,,1,0,175.728334,437.241207,6,4156,4,4128
20260726_formal4t4_reuse_intensive_StaticSemantic@rho1.2_rep0,0,StaticSemantic@rho1.2,StaticSemantic,27,reuse_intensive:rep0:req27,reuse_intensive,0,1,0,L0001,2048,3,0;3,False,1789700991.0591383,2048,2048,2048,1.2345998287200928,False,False,False,False,2048,0.0,2,2,2080.0,False,cache_reused,False,False,0,0.0,6271093e974fe4e49537b982b5a170ce2511d1fd4a29e58eb24dcc2b9859286b,True,,,1,0,78.080953,218.486698,6,2108,4,2080
20260726_formal4t4_reuse_intensive_StaticSemantic@rho1.2_rep0,0,StaticSemantic@rho1.2,StaticSemantic,28,reuse_intensive:rep0:req28,reuse_intensive,0,1,1,L0001,2048,0,0;3,True,1789700991.4989793,2048,2048,2048,27.73009943962097,False,False,False,False,2048,40.96,2,2,2080.0,True,cache_reused,False,False,0,0.0,b7d36f7c2ba4c5c11d9865e05904186432a5d2eafbe230fb44b540bc06e555bb,True,,,1,0,82.045218,302.679611,6,2108,4,2080
20260726_formal4t4_reuse_intensive_StaticSemantic@rho1.2_rep0,0,StaticSemantic@rho1.2,StaticSemantic,29,reuse_intensive:rep0:req29,reuse_intensive,0,0,0,L0000,2048,2,0;2,False,1789700991.4990294,2048,2048,2048,0.8576576709747314,False,False,False,False,2048,0.0,2,2,2080.0,False,cache_reused,False,False,0,0.0,4665fe59874e9a2cf97f9dc9647f373de6373ad84f36ce5725bc4599f0daae0a,True,,,1,0,76.12757,206.716431,6,2108,4,2080
20260726_formal4t4_reuse_intensive_StaticSemantic@rho1.2_rep0,0,StaticSemantic@rho1.2,StaticSemantic,30,reuse_intensive:rep0:req30,reuse_intensive,0,0,1,L0000,2048,0,0;2,True,1789700991.4990656,2048,2048,2048,3.0297961235046387,False,False,False,False,2048,38.96,2,2,2080.0,True,cache_reused,False,False,0,0.0,54ca50dff1f05eb1547f49eac7ae879926858e791c2088461a7c981b4eb533fb,True,,,1,0,156.851937,345.171125,6,2108,4,2080
20260726_formal4t4_reuse_intensive_StaticSemantic@rho1.2_rep0,0,StaticSemantic@rho1.2,StaticSemantic,31,reuse_intensive:rep0:req31,reuse_intensive,0,29,0,L0029,1024,3,,False,1789700991.4990904,0,0,0,,False,False,False,False,0,0.0,0,0,32.0,False,cache_miss,False,False,0,0.0,fccb5e09a1da934498e5402e644f35b342bc2ccc9669c6d019a80c85a785e783,True,,,1,0,373.210724,478.040202,6,1084,4,32
20260726_formal4t4_reuse_intensive_StaticSemantic@rho1.2_rep0,0,StaticSemantic@rho1.2,StaticSemantic,32,reuse_intensive:rep0:req32,reuse_intensive,0,30,0,L0030,2048,0,,False,1789700991.9801543,0,0,0,,False,False,False,False,0,0.0,0,0,32.0,False,cache_miss,False,False,0,0.0,7ae31e25d6518d6897bdc2db831f612d922d3f1a4e5342b2662a7ff29398ece1,True,,,1,0,937.067203,1165.042232,6,2108,4,32
20260726_formal4t4_reuse_intensive_StaticSemantic@rho1.2_rep0,0,StaticSemantic@rho1.2,StaticSemantic,33,reuse_intensive:rep0:req33,reuse_intensive,0,1,2,L0001,2048,3,0;3,True,1789700991.98022,2048,2048,2048,2.155681610107422,False,False,False,False,2048,40.96,2,2,2080.0,True,cache_reused,False,False,0,0.0,1d94aad9d8bee5ce8bc29aeaa77031378a6ab6cf4f751836dbac93894453fc46,True,,,1,0,75.855811,211.256152,6,2108,4,2080
20260726_formal4t4_reuse_intensive_StaticSemantic@rho1.2_rep0,0,StaticSemantic@rho1.2,StaticSemantic,34,reuse_intensive:rep0:req34,reuse_intensive,0,0,2,L0000,2048,2,0;2,False,1789700991.980261,2048,2048,2048,1.3388893604278564,False,False,False,False,2048,0.0,2,2,2080.0,False,cache_reused,False,False,0,0.0,b0d1636173710f95f947fc8ee32df8f448fd2de52180fb6a30191db837e43231,True,,,1,0,74.972906,205.414417,6,2108,4,2080
20260726_formal4t4_reuse_intensive_StaticSemantic@rho1.2_rep0,0,StaticSemantic@rho1.2,StaticSemantic,35,reuse_intensive:rep0:req35,reuse_intensive,0,13,1,L0013,2048,0,0;3,True,1789700991.9802954,2048,2048,2048,6.587229251861572,False,False,False,False,2048,38.96,2,2,2080.0,True,cache_reused,False,False,0,0.0,9b77021b730e07e9d67a7038bf753b8937ff8a07ca442dd387cb57dabcfc3596,True,,,1,0,935.110405,1163.005216,6,2108,4,2080
20260726_formal4t4_reuse_intensive_StaticSemantic@rho1.2_rep0,0,StaticSemantic@rho1.2,StaticSemantic,36,reuse_intensive:rep0:req36,reuse_intensive,0,1,0,L0001,2048,3,0;3,False,1789700993.146624,2048,2048,2048,1.6478922367095947,False,False,False,False,2048,0.0,2,2,2080.0,False,cache_reused,False,False,0,0.0,a955ad8839196c61d5b06d298faa944985e8498599c97deee7c7e0f8a8e3c7f5,True,,,1,0,77.328995,227.906428,6,2108,4,2080
20260726_formal4t4_reuse_intensive_StaticSemantic@rho1.2_rep0,0,StaticSemantic@rho1.2,StaticSemantic,37,reuse_intensive:rep0:req37,reuse_intensive,0,12,0,L0012,4096,0,0;2,False,1789700993.146673,4096,4096,4096,8.911401748657227,False,False,False,False,4096,0.0,2,2,4128.0,False,cache_reused,False,False,0,0.0,e4c9da0917e501ae2b69321f4a7812593c3ea33a39e621a4d34783c2646157d9,True,,,1,0,165.775862,658.552292,6,4156,4,4128
20260726_formal4t4_reuse_intensive_StaticSemantic@rho1.2_rep0,0,StaticSemantic@rho1.2,StaticSemantic,38,reuse_intensive:rep0:req38,reuse_intensive,0,7,0,L0007,4096,0,0;3,True,1789700993.1467116,4096,4096,4096,17.79012155532837,False,False,False,False,4096,79.92,2,2,4128.0,True,cache_reused,False,False,0,0.0,566a186e28540363242658c09a467302d068439f4f3bcf8c258f06f92643965d,True,,,1,0,331.993206,725.800185,6,4156,4,4128
20260726_formal4t4_reuse_intensive_StaticSemantic@rho1.2_rep0,0,StaticSemantic@rho1.2,StaticSemantic,39,reuse_intensive:rep0:req39,reuse_intensive,0,1,1,L0001,2048,3,0;3,True,1789700993.1467443,2048,2048,2048,1.648012399673462,False,False,False,False,2048,38.96,2,2,2080.0,True,cache_reused,False,False,0,0.0,48f6535948fa8a6023e783c055cb16923ea43d74e3237766eb9dc189789f0836,True,,,1,0,127.545336,271.568962,6,2108,4,2080
20260726_formal4t4_reuse_intensive_StaticSemantic@rho1.2_rep0,0,StaticSemantic@rho1.2,StaticSemantic,40,reuse_intensive:rep0:req40,reuse_intensive,0,1,2,L0001,2048,3,0;3,False,1789700993.8756082,2048,2048,2048,2.3768763542175293,False,False,False,False,2048,0.0,2,2,2080.0,False,cache_reused,False,False,0,0.0,f92be4f26d4b182819fdf69adf460ff0ca7d1a6cd67e94b3356c5c168b2d1a21,True,,,1,0,75.818239,211.143299,6,2108,4,2080
20260726_formal4t4_reuse_intensive_StaticSemantic@rho1.2_rep0,0,StaticSemantic@rho1.2,StaticSemantic,41,reuse_intensive:rep0:req41,reuse_intensive,0,0,0,L0000,2048,2,0;2,False,1789700993.875656,2048,2048,2048,1.8961071968078613,False,False,False,False,2048,0.0,2,2,2080.0,False,cache_reused,False,False,0,0.0,3ed71b67a31ff500b096d1eed31f1cba525b1aa2a90f105d2b041c85379793ab,True,,,1,0,85.223138,287.298384,6,2108,4,2080
20260726_formal4t4_reuse_intensive_StaticSemantic@rho1.2_rep0,0,StaticSemantic@rho1.2,StaticSemantic,42,reuse_intensive:rep0:req42,reuse_intensive,0,1,0,L0001,2048,0,0;3,True,1789700993.8756914,2048,2048,2048,1.8964383602142334,False,False,False,False,2048,40.96,2,2,2080.0,True,cache_reused,False,False,0,0.0,9a700297ef01121f8541a472d534190fdfa53157c72ade1a78c9891f11fac0ae,True,,,1,0,82.854711,310.326962,6,2108,4,2080
20260726_formal4t4_reuse_intensive_StaticSemantic@rho1.2_rep0,0,StaticSemantic@rho1.2,StaticSemantic,43,reuse_intensive:rep0:req43,reuse_intensive,0,2,1,L0002,2048,0,0;3,True,1789700993.8757222,2048,2048,2048,2.816826343536377,False,False,False,False,2048,38.96,2,2,2080.0,True,cache_reused,False,False,0,0.0,d8818be3821a7accc77ed6a68ab5fd5bac57fc69e4df691a4b32026650ba4170,True,,,1,0,161.136437,355.037574,6,2108,4,2080
20260726_formal4t4_reuse_intensive_StaticSemantic@rho1.2_rep0,0,StaticSemantic@rho1.2,StaticSemantic,44,reuse_intensive:rep0:req44,reuse_intensive,0,0,1,L0000,2048,0,0;2,True,1789700994.2337985,2048,2048,2048,2.254024028778076,False,False,False,False,2048,40.96,2,2,2080.0,True,cache_reused,False,False,0,0.0,3646bb1e0c8c51cdf0880534f3921e726e959e856f0ad7b974b9f5d171dbd543,True,,,1,0,79.216379,223.296372,6,2108,4,2080
20260726_formal4t4_reuse_intensive_StaticSemantic@rho1.2_rep0,0,StaticSemantic@rho1.2,StaticSemantic,45,reuse_intensive:rep0:req45,reuse_intensive,0,0,2,L0000,2048,2,0;2,False,1789700994.2338474,2048,2048,2048,2.254298686981201,False,False,False,False,2048,0.0,2,2,2080.0,False,cache_reused,False,False,0,0.0,675dc82929732775ebc5001e1845a90078f978bf1c9e22581f0e20da411a9e87,True,,,1,0,80.495607,219.820707,6,2108,4,2080
20260726_formal4t4_reuse_intensive_StaticSemantic@rho1.2_rep0,0,StaticSemantic@rho1.2,StaticSemantic,46,reuse_intensive:rep0:req46,reuse_intensive,0,0,0,L0000,2048,0,0;2,True,1789700994.2338827,2048,2048,2048,2.254108190536499,False,False,False,False,2048,38.96,2,2,2080.0,True,cache_reused,False,False,0,0.0,fbba15c2da0ee562289621548f8c709e4facde678fb18e6ac038c925fa7cfd27,True,,,1,0,127.874043,266.076447,6,2108,4,2080
20260726_formal4t4_reuse_intensive_StaticSemantic@rho1.2_rep0,0,StaticSemantic@rho1.2,StaticSemantic,47,reuse_intensive:rep0:req47,reuse_intensive,0,0,1,L0000,2048,2,0;2,True,1789700994.23391,2048,2048,2048,2.254361391067505,False,False,False,False,2048,38.96,2,2,2080.0,True,cache_reused,False,False,0,0.0,6b5fcaf54c7fb5dc92818d57f9b0e28e557e93f6c1d00eb99a2952ea941075d6,True,,,1,0,128.702442,261.760968,6,2108,4,2080
20260726_formal4t4_reuse_intensive_StaticSemantic@rho1.2_rep0,0,StaticSemantic@rho1.2,StaticSemantic,48,reuse_intensive:rep0:req48,reuse_intensive,0,10,0,L0010,2048,0,0;2,True,1789700994.5025015,2048,2048,2048,14.62355637550354,False,False,False,False,2048,40.96,2,2,2080.0,True,cache_reused,False,False,0,0.0,52fe1af03ab60d71daf4dd857063dfb2c1700dbbcf10d58e61f8866e96e9a2ca,True,,,1,0,79.106954,271.502823,6,2108,4,2080
20260726_formal4t4_reuse_intensive_StaticSemantic@rho1.2_rep0,0,StaticSemantic@rho1.2,StaticSemantic,49,reuse_intensive:rep0:req49,reuse_intensive,0,3,1,L0003,4096,2,0;2,True,1789700994.5025516,4096,4096,4096,27.264336109161377,False,False,False,False,4096,81.92,2,2,4128.0,True,cache_reused,False,False,0,0.0,0d7831c33060ceaeba7fabc8ed97169d14aa5ac4a0a2cec0dae2f3c86a7ad45c,True,,,1,0,118.334779,317.857444,6,4156,4,4128
20260726_formal4t4_reuse_intensive_StaticSemantic@rho1.2_rep0,0,StaticSemantic@rho1.2,StaticSemantic,50,reuse_intensive:rep0:req50,reuse_intensive,0,1,1,L0001,2048,3,0;3,False,1789700994.5025876,2048,2048,2048,1.356673002243042,False,False,False,False,2048,0.0,2,2,2080.0,False,cache_reused,False,False,0,0.0,c7695bcab3fe789cbac3c1283847950dce56995cda4c93ff7d5bf53a034ba687,True,,,1,0,76.086622,211.643138,6,2108,4,2080
20260726_formal4t4_reuse_intensive_StaticSemantic@rho1.2_rep0,0,StaticSemantic@rho1.2,StaticSemantic,51,reuse_intensive:rep0:req51,reuse_intensive,0,6,2,L0006,1024,0,0;2,True,1789700994.5026174,1024,1024,1024,21.702818393707275,False,False,False,False,1024,18.48,2,2,1056.0,True,cache_reused,False,False,0,0.0,0334800b7be94d699e2352b0360b34bae3a88ea911cd0e4ed526ab143e8f919a,True,,,1,0,143.107781,303.125843,6,1084,4,1056
20260726_formal4t4_reuse_intensive_StaticSemantic@rho1.2_rep0,0,StaticSemantic@rho1.2,StaticSemantic,52,reuse_intensive:rep0:req52,reuse_intensive,0,58,0,L0058,2048,3,,False,1789700994.822503,0,0,0,,False,False,False,False,0,0.0,0,0,32.0,False,cache_miss,False,False,0,0.0,7003c5f9b97764f4643ab42a996a26a1ec255fd545b4b9541c2605b428b6bfe2,True,,,1,0,935.153034,1076.05432,6,2108,4,32
20260726_formal4t4_reuse_intensive_StaticSemantic@rho1.2_rep0,0,StaticSemantic@rho1.2,StaticSemantic,53,reuse_intensive:rep0:req53,reuse_intensive,0,0,2,L0000,2048,2,0;2,True,1789700994.822556,2048,2048,2048,2.8430073261260986,False,False,False,False,2048,40.96,2,2,2080.0,True,cache_reused,False,False,0,0.0,09ea728fbc1425a8a144e0596eb7ccc2f7834fb9324e6c2faf4a7e7ff1bfc2aa,True,,,1,0,77.499062,220.857659,6,2108,4,2080
20260726_formal4t4_reuse_intensive_StaticSemantic@rho1.2_rep0,0,StaticSemantic@rho1.2,StaticSemantic,54,reuse_intensive:rep0:req54,reuse_intensive,0,3,2,L0003,4096,0,0;2,False,1789700994.8225954,4096,4096,4096,3.3242177963256836,False,False,False,False,4096,0.0,2,2,4128.0,False,cache_reused,False,False,0,0.0,2bf6537e16df0783055a3e77b0ba6f7c7b3f95884f3f0f68508a6b2aa4848250,True,,,1,0,118.738507,321.940821,6,4156,4,4128
20260726_formal4t4_reuse_intensive_StaticSemantic@rho1.2_rep0,0,StaticSemantic@rho1.2,StaticSemantic,55,reuse_intensive:rep0:req55,reuse_intensive,0,0,0,L0000,2048,2,0;2,True,1789700994.8226273,2048,2048,2048,2.84307861328125,False,False,False,False,2048,38.96,2,2,2080.0,True,cache_reused,False,False,0,0.0,d098fdcfe944317c6e2dcd292dc925b249ba21d80b5c469284ecf80ad8232c0f,True,,,1,0,126.257931,262.208473,6,2108,4,2080
20260726_formal4t4_reuse_intensive_StaticSemantic@rho1.2_rep0,0,StaticSemantic@rho1.2,StaticSemantic,56,reuse_intensive:rep0:req56,reuse_intensive,0,2,2,L0002,2048,3,0;3,True,1789700995.9001777,2048,2048,2048,6.075549125671387,False,False,False,False,2048,40.96,2,2,2080.0,True,cache_reused,False,False,0,0.0,615eb951952aad49386abce2c27a1bb692bbd3d1edd9b18e05134773fc9d41cd,True,,,1,0,76.223287,223.814627,6,2108,4,2080
20260726_formal4t4_reuse_intensive_StaticSemantic@rho1.2_rep0,0,StaticSemantic@rho1.2,StaticSemantic,57,reuse_intensive:rep0:req57,reuse_intensive,0,0,1,L0000,2048,0,0;2,False,1789700995.9002266,2048,2048,2048,3.920452117919922,False,False,False,False,2048,0.0,2,2,2080.0,False,cache_reused,False,False,0,0.0,9eb2cb5fd57077b9dce0b8dc7e5a7b444138d4bcbe7fe1907a0f3bd08b52e98a,True,,,1,0,76.110974,208.667325,6,2108,4,2080
20260726_formal4t4_reuse_intensive_StaticSemantic@rho1.2_rep0,0,StaticSemantic@rho1.2,StaticSemantic,58,reuse_intensive:rep0:req58,reuse_intensive,0,0,2,L0000,2048,2,0;2,True,1789700995.900262,2048,2048,2048,2.7541167736053467,False,False,False,False,2048,40.96,2,2,2080.0,True,cache_reused,False,False,0,0.0,a97f97fa53c662cf1645a16f5b1cce7700f229e8d382f2deaec1e2e18e48dcbb,True,,,1,0,76.136565,206.029247,6,2108,4,2080
20260726_formal4t4_reuse_intensive_StaticSemantic@rho1.2_rep0,0,StaticSemantic@rho1.2,StaticSemantic,59,reuse_intensive:rep0:req59,reuse_intensive,0,2,0,L0002,2048,3,0;3,True,1789700995.9002917,2048,2048,2048,6.075663089752197,False,False,False,False,2048,38.96,2,2,2080.0,True,cache_reused,False,False,0,0.0,c445af97552e11480153145d3c335e358cae4336e65eac366d2704ffdd4be100,True,,,1,0,126.956558,266.304388,6,2108,4,2080
20260726_formal4t4_reuse_intensive_StaticSemantic@rho1.2_rep0,0,StaticSemantic@rho1.2,StaticSemantic,60,reuse_intensive:rep0:req60,reuse_intensive,1,64,0,L0064,2048,2,,False,1789700996.1696777,0,0,0,,False,False,False,False,0,0.0,0,0,32.0,False,cache_miss,False,False,0,0.0,c10429c88ed4b4a525987bb9e193bdb4df6b048ef9500c444b3b542a52f92aff,True,,,1,0,881.611576,1071.194459,6,2108,4,32
20260726_formal4t4_reuse_intensive_StaticSemantic@rho1.2_rep0,0,StaticSemantic@rho1.2,StaticSemantic,61,reuse_intensive:rep0:req61,reuse_intensive,1,69,0,L0069,2048,1,,False,1789700996.1697147,0,0,0,,False,False,False,False,0,0.0,0,0,32.0,False,cache_miss,False,False,0,0.0,1b5af2b5ae651c32e8665e696421c293d2823cece1ee056c8a31e0a8006b007d,True,,,1,0,963.903172,1103.569058,6,2108,4,32
20260726_formal4t4_reuse_intensive_StaticSemantic@rho1.2_rep0,0,StaticSemantic@rho1.2,StaticSemantic,62,reuse_intensive:rep0:req62,reuse_intensive,1,75,0,L0075,1024,0,,False,1789700996.169739,0,0,0,,False,False,False,False,0,0.0,0,0,32.0,False,cache_miss,False,False,0,0.0,347db9ceced1547706c46585a61d6f9dfabe86f74dffc63ea35fd2ec2b847849,True,,,1,0,354.934434,469.103899,6,1084,4,32
20260726_formal4t4_reuse_intensive_StaticSemantic@rho1.2_rep0,0,StaticSemantic@rho1.2,StaticSemantic,63,reuse_intensive:rep0:req63,reuse_intensive,1,64,1,L0064,2048,3,,False,1789700996.1697605,0,0,0,,False,False,False,False,0,0.0,0,0,32.0,False,cache_miss,False,False,0,0.0,335153426f6c17821c51b564f42c0484f6e8acc3c369a68dd8790dfcc81d7d29,True,,,1,0,842.10299,978.989743,6,2108,4,32
20260726_formal4t4_reuse_intensive_StaticSemantic@rho1.2_rep0,0,StaticSemantic@rho1.2,StaticSemantic,64,reuse_intensive:rep0:req64,reuse_intensive,1,67,0,L0067,1024,2,,False,1789700997.2752006,0,0,0,,False,False,False,False,0,0.0,0,0,32.0,False,cache_miss,False,False,0,0.0,84f2f23e17920f6b2d6b6b28852a88e1e04494b6439884c27e39412082f4a4af,True,,,1,0,567.002475,721.190529,6,1084,4,32
20260726_formal4t4_reuse_intensive_StaticSemantic@rho1.2_rep0,0,StaticSemantic@rho1.2,StaticSemantic,65,reuse_intensive:rep0:req65,reuse_intensive,1,104,0,L0104,2048,3,,False,1789700997.2752373,0,0,0,,False,False,False,False,0,0.0,0,0,16.0,False,cache_miss,False,False,0,0.0,244f806d6b5cd833e6e160b18343ecda3d6952573a3534677884b1990162c82e,True,,,1,0,940.043591,1076.58636,6,2108,4,16
20260726_formal4t4_reuse_intensive_StaticSemantic@rho1.2_rep0,0,StaticSemantic@rho1.2,StaticSemantic,66,reuse_intensive:rep0:req66,reuse_intensive,1,121,0,L0121,1024,0,,False,1789700997.2752633,0,0,0,,False,False,False,False,0,0.0,0,0,16.0,False,cache_miss,False,False,0,0.0,a613555c2dad57898b485ccffa78f4b4032aee95cbf6684bfd5674b4ce26e059,True,,,1,0,358.561594,461.966979,6,1084,4,16
20260726_formal4t4_reuse_intensive_StaticSemantic@rho1.2_rep0,0,StaticSemantic@rho1.2,StaticSemantic,67,reuse_intensive:rep0:req67,reuse_intensive,1,64,2,L0064,2048,1,,False,1789700997.2752852,2048,0,0,35.66376352310181,True,True,False,False,0,0.0,0,0,32.0,False,cache_miss,False,False,0,0.0,1a30c75d7f719df4bc097b0221955b1761334e488cb6b11ff10789dc60b46b1d,True,,,1,0,802.907744,933.246693,6,2108,4,32
20260726_formal4t4_reuse_intensive_StaticSemantic@rho1.2_rep0,0,StaticSemantic@rho1.2,StaticSemantic,68,reuse_intensive:rep0:req68,reuse_intensive,1,64,0,L0064,2048,2,2,False,1789700998.353632,2048,2048,2048,1.079329013824463,False,False,False,False,2048,0.0,1,1,2080.0,False,cache_reused,False,False,0,0.0,3bf1a7851b85fb3335a795e01184363fda7a5d53ca291b5194f271639d835ab0,True,,,1,0,95.917189,282.758417,6,2108,4,2080
20260726_formal4t4_reuse_intensive_StaticSemantic@rho1.2_rep0,0,StaticSemantic@rho1.2,StaticSemantic,69,reuse_intensive:rep0:req69,reuse_intensive,1,70,0,L0070,2048,1,,False,1789700998.353671,0,0,0,,False,False,False,False,0,0.0,0,0,32.0,False,cache_miss,False,False,0,0.0,c3d6505d2c2ffd454681c49b1e917621c6973cb35058abf43b6fbbc8195b5585,True,,,1,0,872.266986,1016.539957,6,2108,4,32
20260726_formal4t4_reuse_intensive_StaticSemantic@rho1.2_rep0,0,StaticSemantic@rho1.2,StaticSemantic,70,reuse_intensive:rep0:req70,reuse_intensive,1,96,0,L0096,4096,3,,False,1789700998.353696,0,0,0,,False,False,False,False,0,0.0,0,0,32.0,False,cache_miss,False,False,0,0.0,5d189bc330bafa09ba8e1768964b20962b5be735a0c7a85cbd47cf1390f18912,True,,,1,0,2442.809672,2653.47264,6,4156,4,32
20260726_formal4t4_reuse_intensive_StaticSemantic@rho1.2_rep0,0,StaticSemantic@rho1.2,StaticSemantic,71,reuse_intensive:rep0:req71,reuse_intensive,1,88,0,L0088,1024,0,,False,1789700998.3537169,0,0,0,,False,False,False,False,0,0.0,0,0,32.0,False,cache_miss,False,False,0,0.0,c93d4b75f370e017ebfad32e1bb05c86dccd0397458c2e649bf06d9c6f0b699d,True,,,1,0,304.035957,410.51896,6,1084,4,32
20260726_formal4t4_reuse_intensive_StaticSemantic@rho1.2_rep0,0,StaticSemantic@rho1.2,StaticSemantic,72,reuse_intensive:rep0:req72,reuse_intensive,1,66,0,L0066,2048,3,,False,1789701001.0098948,0,0,0,,False,False,False,False,0,0.0,0,0,32.0,False,cache_miss,False,False,0,0.0,1af29d96a223d35361eb3e4eb504731a0e20eac8f89c6cdc9aa553061eab476d,True,,,1,0,846.260821,979.892147,6,2108,4,32
20260726_formal4t4_reuse_intensive_StaticSemantic@rho1.2_rep0,0,StaticSemantic@rho1.2,StaticSemantic,73,reuse_intensive:rep0:req73,reuse_intensive,1,64,1,L0064,2048,2,2;3,False,1789701001.0099487,2048,2048,2048,3.7356457710266113,False,False,False,False,2048,0.0,2,2,2080.0,False,cache_reused,False,False,0,0.0,18a2fbd8db52a49b5ae9b5085c079b323fc8849a8e83ecf86208dfede8927fdd,True,,,1,0,166.656989,413.727798,6,2108,4,2080
20260726_formal4t4_reuse_intensive_StaticSemantic@rho1.2_rep0,0,StaticSemantic@rho1.2,StaticSemantic,74,reuse_intensive:rep0:req74,reuse_intensive,1,65,0,L0065,2048,0,,False,1789701001.0099795,0,0,0,,False,False,False,False,0,0.0,0,0,32.0,False,cache_miss,False,False,0,0.0,d9055c41d20e0db8a5991e062ec7bab4a680eba46920b032adfe25f733d0cd2f,True,,,1,0,947.487563,1085.644615,6,2108,4,32
20260726_formal4t4_reuse_intensive_StaticSemantic@rho1.2_rep0,0,StaticSemantic@rho1.2,StaticSemantic,75,reuse_intensive:rep0:req75,reuse_intensive,1,66,1,L0066,2048,1,,False,1789701001.010002,0,0,0,,False,False,False,False,0,0.0,0,0,32.0,False,cache_miss,False,False,0,0.0,9ac26713ba429bd7712477d52420dee5bfefe820f615e792a47be3ce2c31c08c,True,,,1,0,809.857298,941.356176,6,2108,4,32
20260726_formal4t4_reuse_intensive_StaticSemantic@rho1.2_rep0,0,StaticSemantic@rho1.2,StaticSemantic,76,reuse_intensive:rep0:req76,reuse_intensive,1,64,2,L0064,2048,3,2;3,True,1789701002.0983183,2048,2048,2048,4.823364973068237,False,False,False,False,2048,40.96,2,2,2080.0,True,cache_reused,False,False,0,0.0,d1740f81428056d23893a437f57b1a32fcb4522407b08879cd93445aa1d3b05b,True,,,1,0,75.793511,211.36016,6,2108,4,2080
20260726_formal4t4_reuse_intensive_StaticSemantic@rho1.2_rep0,0,StaticSemantic@rho1.2,StaticSemantic,77,reuse_intensive:rep0:req77,reuse_intensive,1,65,1,L0065,2048,2,,False,1789701002.0983582,2048,0,0,40.486836433410645,True,True,False,False,0,0.0,0,0,32.0,False,cache_miss,False,False,0,0.0,065c68ede4fb427496cea229b4404a34b8478a5598bcb46db910157a9eb56870,True,,,1,0,795.211041,926.877331,6,2108,4,32
20260726_formal4t4_reuse_intensive_StaticSemantic@rho1.2_rep0,0,StaticSemantic@rho1.2,StaticSemantic,78,reuse_intensive:rep0:req78,reuse_intensive,1,65,2,L0065,2048,1,,False,1789701002.0983865,2048,0,0,40.48686480522156,True,True,False,False,0,0.0,0,0,32.0,False,cache_miss,False,False,0,0.0,eeefc886c652c92ab6bffee2780d13abee143bf3dca47ad15c68aff0e77ef73d,True,,,1,0,855.210533,995.5053,6,2108,4,32
20260726_formal4t4_reuse_intensive_StaticSemantic@rho1.2_rep0,0,StaticSemantic@rho1.2,StaticSemantic,79,reuse_intensive:rep0:req79,reuse_intensive,1,65,0,L0065,2048,0,,False,1789701002.0984082,2048,0,0,40.486886501312256,True,True,False,False,0,0.0,0,0,2080.0,False,cache_reused,False,False,0,0.0,98d92b38982b309fbd1a022344e0c1904d43e4bd67274ed01cefab1b3404ef43,True,,,1,0,69.14897,210.863021,6,2108,4,2080
20260726_formal4t4_reuse_intensive_StaticSemantic@rho1.2_rep0,0,StaticSemantic@rho1.2,StaticSemantic,80,reuse_intensive:rep0:req80,reuse_intensive,1,74,0,L0074,1024,1,,False,1789701003.096572,0,0,0,,False,False,False,False,0,0.0,0,0,32.0,False,cache_miss,False,False,0,0.0,42a536bc3638f18cef65d183850916c60f9228cde960ff1afdb6ff656a262c13,True,,,1,0,314.818971,562.075506,6,1084,4,32
20260726_formal4t4_reuse_intensive_StaticSemantic@rho1.2_rep0,0,StaticSemantic@rho1.2,StaticSemantic,81,reuse_intensive:rep0:req81,reuse_intensive,1,64,0,L0064,2048,3,2;3,True,1789701003.0966265,2048,2048,2048,5.821673154830933,False,False,False,False,2048,40.96,2,2,2080.0,True,cache_reused,False,False,0,0.0,a57303c63f304b7e82e793a2a69501b8a6200a20aaf5de75a9defe1623c0d2dc,True,,,1,0,76.681667,212.239525,6,2108,4,2080
20260726_formal4t4_reuse_intensive_StaticSemantic@rho1.2_rep0,0,StaticSemantic@rho1.2,StaticSemantic,82,reuse_intensive:rep0:req82,reuse_intensive,1,65,1,L0065,2048,0,0,False,1789701003.0966663,2048,2048,2048,0.9988512992858887,False,False,False,False,2048,0.0,1,1,2080.0,False,cache_reused,False,False,0,0.0,a949ab6393141a039fd664148eddee2dfa727a162a50706ca6893b155256208e,True,,,1,0,70.602199,216.192826,6,2108,4,2080
20260726_formal4t4_reuse_intensive_StaticSemantic@rho1.2_rep0,0,StaticSemantic@rho1.2,StaticSemantic,83,reuse_intensive:rep0:req83,reuse_intensive,1,69,1,L0069,2048,1,1,True,1789701003.0966995,2048,2048,2048,5.82210898399353,False,False,False,False,2048,38.96,1,1,2080.0,True,cache_reused,False,False,0,0.0,33ff57d0ebad6c00b84c36a300f89c8ed3205b368f13090c1905e5a092c761b0,True,,,1,0,435.429807,607.236045,6,2108,4,2080
20260726_formal4t4_reuse_intensive_StaticSemantic@rho1.2_rep0,0,StaticSemantic@rho1.2,StaticSemantic,84,reuse_intensive:rep0:req84,reuse_intensive,1,65,2,L0065,2048,0,0;2,False,1789701003.7069182,2048,2048,2048,0.610593318939209,False,False,False,False,2048,0.0,2,2,2080.0,False,cache_reused,False,False,0,0.0,3be60212a46815f675f8606dc8d8f946f718c2f020a8861fdc85fb9a793f66d1,True,,,1,0,71.04671,214.251585,6,2108,4,2080
20260726_formal4t4_reuse_intensive_StaticSemantic@rho1.2_rep0,0,StaticSemantic@rho1.2,StaticSemantic,85,reuse_intensive:rep0:req85,reuse_intensive,1,106,0,L0106,1024,3,,False,1789701003.7069592,0,0,0,,False,False,False,False,0,0.0,0,0,32.0,False,cache_miss,False,False,0,0.0,2f74af83b34faba0926e8771715315be391fc7e6d6c0c5342c53a641ec3e8e0c,True,,,1,0,365.289237,484.680608,6,1084,4,32
20260726_formal4t4_reuse_intensive_StaticSemantic@rho1.2_rep0,0,StaticSemantic@rho1.2,StaticSemantic,86,reuse_intensive:rep0:req86,reuse_intensive,1,70,1,L0070,2048,1,1,True,1789701003.7069964,2048,2048,2048,2.6978769302368164,False,False,False,False,2048,40.96,1,1,2080.0,True,cache_reused,False,False,0,0.0,ea8176ab535fac24afecb7f45e5b39a60eabfa53c1094dd2b1f90b8dafeac1f3,True,,,1,0,87.316022,246.006295,6,2108,4,2080
20260726_formal4t4_reuse_intensive_StaticSemantic@rho1.2_rep0,0,StaticSemantic@rho1.2,StaticSemantic,87,reuse_intensive:rep0:req87,reuse_intensive,1,70,2,L0070,2048,1,1,True,1789701003.7070284,2048,2048,2048,2.697908878326416,False,False,False,False,2048,38.96,1,1,2080.0,True,cache_reused,False,False,0,0.0,07ab9043bc01ec8cc5d47d51c9a34488f6b2ac6d16aa339ebfa8bbc46b4a1b74,True,,,1,0,142.098534,294.103049,6,2108,4,2080
20260726_formal4t4_reuse_intensive_StaticSemantic@rho1.2_rep0,0,StaticSemantic@rho1.2,StaticSemantic,88,reuse_intensive:rep0:req88,reuse_intensive,1,64,1,L0064,2048,3,2;3,False,1789701004.1936834,2048,2048,2048,0.487468957901001,False,False,False,False,2048,0.0,2,2,2080.0,False,cache_reused,False,False,0,0.0,bbcef94cff792fd0307b4824c26cef93a4b46b9d6acfa7016b6e13d7b6283dcc,True,,,1,0,91.434623,236.584654,6,2108,4,2080
20260726_formal4t4_reuse_intensive_StaticSemantic@rho1.2_rep0,0,StaticSemantic@rho1.2,StaticSemantic,89,reuse_intensive:rep0:req89,reuse_intensive,1,64,2,L0064,2048,2,2;3,True,1789701004.1937332,2048,2048,2048,2.096144914627075,False,False,False,False,2048,40.96,2,2,2080.0,True,cache_reused,False,False,0,0.0,33538375951a9c7c27c07c267887a4d9eaa00b574e2315186d61c9924fbcd4f1,True,,,1,0,108.624986,291.312895,6,2108,4,2080
20260726_formal4t4_reuse_intensive_StaticSemantic@rho1.2_rep0,0,StaticSemantic@rho1.2,StaticSemantic,90,reuse_intensive:rep0:req90,reuse_intensive,1,118,0,L0118,2048,1,,False,1789701004.193761,0,0,0,,False,False,False,False,0,0.0,0,0,16.0,False,cache_miss,False,False,0,0.0,e12b602dbb39a154f90d9d22b308a541c41454808aa6bc7e0ac4206385f1136a,True,,,1,0,955.855775,1095.776172,6,2108,4,16
20260726_formal4t4_reuse_intensive_StaticSemantic@rho1.2_rep0,0,StaticSemantic@rho1.2,StaticSemantic,91,reuse_intensive:rep0:req91,reuse_intensive,1,64,0,L0064,2048,3,2;3,True,1789701004.193794,2048,2048,2048,0.4875795841217041,False,False,False,False,2048,38.96,2,2,2080.0,True,cache_reused,False,False,0,0.0,c1762b7f3904a648a1fbc475408f646561686f817075124b6ff6522e7171966d,True,,,1,0,139.768913,279.295707,6,2108,4,2080
20260726_formal4t4_reuse_intensive_StaticSemantic@rho1.2_rep0,0,StaticSemantic@rho1.2,StaticSemantic,92,reuse_intensive:rep0:req92,reuse_intensive,1,65,0,L0065,2048,2,0;2,False,1789701005.3759644,2048,2048,2048,2.2801318168640137,False,False,False,False,2048,0.0,2,2,2080.0,False,cache_reused,False,False,0,0.0,6ce5c46681495663a1c97a9898608b038e0d804c5805a3bc0daab21eaf12a64c,True,,,1,0,76.433363,210.999853,6,2108,4,2080
20260726_formal4t4_reuse_intensive_StaticSemantic@rho1.2_rep0,0,StaticSemantic@rho1.2,StaticSemantic,93,reuse_intensive:rep0:req93,reuse_intensive,1,109,0,L0109,1024,1,,False,1789701005.3759875,0,0,0,,False,False,False,False,0,0.0,0,0,32.0,False,cache_miss,False,False,0,0.0,0f2f652bfcf40b9728ddf7a6287a0bb4e9034fe13d2c9260b128d63ba1729f15,True,,,1,0,374.262703,491.272655,6,1084,4,32
20260726_formal4t4_reuse_intensive_StaticSemantic@rho1.2_rep0,0,StaticSemantic@rho1.2,StaticSemantic,94,reuse_intensive:rep0:req94,reuse_intensive,1,65,1,L0065,2048,0,0;2,True,1789701005.3760056,2048,2048,2048,1.1832919120788574,False,False,False,False,2048,40.96,2,2,2080.0,True,cache_reused,False,False,0,0.0,43cba548a390d942207599b4c300307f4c5326baef25661aedff65990af66eee,True,,,1,0,78.4095,220.150888,6,2108,4,2080
20260726_formal4t4_reuse_intensive_StaticSemantic@rho1.2_rep0,0,StaticSemantic@rho1.2,StaticSemantic,95,reuse_intensive:rep0:req95,reuse_intensive,1,82,0,L0082,4096,3,,False,1789701005.3760176,0,0,0,,False,False,False,False,0,0.0,0,0,32.0,False,cache_miss,False,False,0,0.0,89b2cc466a610581b632d4c9253fe635e6d5acfc6b1f78505fc1bf96a3971cf1,True,,,1,0,2464.687193,2676.126713,6,4156,4,32
20260726_formal4t4_reuse_intensive_StaticSemantic@rho1.2_rep0,0,StaticSemantic@rho1.2,StaticSemantic,96,reuse_intensive:rep0:req96,reuse_intensive,1,64,1,L0064,2048,3,2;3,True,1789701008.0544758,2048,2048,2048,2.7625584602355957,False,False,False,False,2048,40.96,2,2,2080.0,True,cache_reused,False,False,0,0.0,fc05ee92f45136abb890aee6491e29419f13a008bfacc9ec75331524f54f6068,True,,,1,0,76.405764,212.393515,6,2108,4,2080
20260726_formal4t4_reuse_intensive_StaticSemantic@rho1.2_rep0,0,StaticSemantic@rho1.2,StaticSemantic,97,reuse_intensive:rep0:req97,reuse_intensive,1,65,2,L0065,2048,2,0;2,True,1789701008.0545256,2048,2048,2048,4.958693027496338,False,False,False,False,2048,40.96,2,2,2080.0,True,cache_reused,False,False,0,0.0,eb4c4c09ecd77e1ce7b1d047b35d5829c0d83384467df06b837f64405f9d2a29,True,,,1,0,124.407955,336.164243,6,2108,4,2080
20260726_formal4t4_reuse_intensive_StaticSemantic@rho1.2_rep0,0,StaticSemantic@rho1.2,StaticSemantic,98,reuse_intensive:rep0:req98,reuse_intensive,1,65,0,L0065,2048,0,0;2,False,1789701008.054576,2048,2048,2048,3.8618621826171875,False,False,False,False,2048,0.0,2,2,2080.0,False,cache_reused,False,False,0,0.0,aef7f8b14c12e95a13bc1aa9ba418346d84c254681a8229e7e853401af5e6545,True,,,1,0,121.265226,349.439985,6,2108,4,2080
20260726_formal4t4_reuse_intensive_StaticSemantic@rho1.2_rep0,0,StaticSemantic@rho1.2,StaticSemantic,99,reuse_intensive:rep0:req99,reuse_intensive,1,78,0,L0078,2048,1,,False,1789701008.054602,0,0,0,,False,False,False,False,0,0.0,0,0,32.0,False,cache_miss,False,False,0,0.0,518d637ed452f452aa6fda5f9d8009fa9fd35718fc74a6d15b4307b9e3e83258,True,,,1,0,982.718055,1122.688249,6,2108,4,32
20260726_formal4t4_reuse_intensive_StaticSemantic@rho1.2_rep0,0,StaticSemantic@rho1.2,StaticSemantic,100,reuse_intensive:rep0:req100,reuse_intensive,1,71,0,L0071,2048,3,,False,1789701009.1804197,0,0,0,,False,False,False,False,0,0.0,0,0,32.0,False,cache_miss,False,False,0,0.0,3c80ef946607475dfd7a8c0f281e230aab4b902548274be8a5513662e8022878,True,,,1,0,871.531345,1009.073569,6,2109,4,32
20260726_formal4t4_reuse_intensive_StaticSemantic@rho1.2_rep0,0,StaticSemantic@rho1.2,StaticSemantic,101,reuse_intensive:rep0:req101,reuse_intensive,1,105,0,L0105,4096,1,,False,1789701009.1804574,0,0,0,,False,False,False,False,0,0.0,0,0,32.0,False,cache_miss,False,False,0,0.0,fb958c90ca342febbdf4170a631d01add59d9f55bd65b747765eebfc1e0c9446,True,,,1,0,2451.991693,2662.576589,6,4157,4,32
20260726_formal4t4_reuse_intensive_StaticSemantic@rho1.2_rep0,0,StaticSemantic@rho1.2,StaticSemantic,102,reuse_intensive:rep0:req102,reuse_intensive,1,64,2,L0064,2048,2,2;3,False,1789701009.180497,2048,2048,2048,3.8890180587768555,False,False,False,False,2048,0.0,2,2,2080.0,False,cache_reused,False,False,0,0.0,7dcae9547739c4918926fd76333d97b72ff5ee8d0de11a7d4e88a5c819d3821f,True,,,1,0,146.454632,347.511624,6,2109,4,2080
20260726_formal4t4_reuse_intensive_StaticSemantic@rho1.2_rep0,0,StaticSemantic@rho1.2,StaticSemantic,103,reuse_intensive:rep0:req103,reuse_intensive,1,64,0,L0064,2048,2,2;3,True,1789701009.180535,2048,2048,2048,3.8890562057495117,False,False,False,False,2048,38.96,2,2,2080.0,True,cache_reused,False,False,0,0.0,965995439bed725f6aade7dc8a681c7d003d74d9791062d805c32eeb8c14d809,True,,,1,0,217.607728,407.999672,6,2109,4,2080
20260726_formal4t4_reuse_intensive_StaticSemantic@rho1.2_rep0,0,StaticSemantic@rho1.2,StaticSemantic,104,reuse_intensive:rep0:req104,reuse_intensive,1,76,0,L0076,4096,1,,False,1789701011.8453317,0,0,0,,False,False,False,False,0,0.0,0,0,32.0,False,cache_miss,False,False,0,0.0,b1b36eaa3d1792753f3fbade984dc340cd93c6dee4d48e7ab0ea17294aa005d2,True,,,1,0,2557.893598,2773.590483,6,4157,4,32
20260726_formal4t4_reuse_intensive_StaticSemantic@rho1.2_rep0,0,StaticSemantic@rho1.2,StaticSemantic,105,reuse_intensive:rep0:req105,reuse_intensive,1,64,1,L0064,2048,2,2;3,False,1789701011.845386,2048,2048,2048,6.553907155990601,False,False,False,False,2048,0.0,2,2,2080.0,False,cache_reused,False,False,0,0.0,fca8524adfefc595557f147cbafe3569e542e59293bf7d21c2b89fd15085ac25,True,,,1,0,172.371295,421.167882,6,2109,4,2080
20260726_formal4t4_reuse_intensive_StaticSemantic@rho1.2_rep0,0,StaticSemantic@rho1.2,StaticSemantic,106,reuse_intensive:rep0:req106,reuse_intensive,1,89,0,L0089,2048,0,,False,1789701011.8454156,0,0,0,,False,False,False,False,0,0.0,0,0,32.0,False,cache_miss,False,False,0,0.0,aa4a2a45453a251a07b8687384a41b6314dcf8dc84ff396b9de148f1dcde0c84,True,,,1,0,963.35417,1107.798768,6,2109,4,32
20260726_formal4t4_reuse_intensive_StaticSemantic@rho1.2_rep0,0,StaticSemantic@rho1.2,StaticSemantic,107,reuse_intensive:rep0:req107,reuse_intensive,1,77,0,L0077,1024,3,,False,1789701011.8454394,0,0,0,,False,False,False,False,0,0.0,0,0,32.0,False,cache_miss,False,False,0,0.0,4ef8630d5780506782e3a258aaf096d2e0b5360ec1c839afee257382894be6a9,True,,,1,0,340.952875,445.555208,6,1085,4,32
20260726_formal4t4_reuse_intensive_StaticSemantic@rho1.2_rep0,0,StaticSemantic@rho1.2,StaticSemantic,108,reuse_intensive:rep0:req108,reuse_intensive,1,66,2,L0066,2048,3,1;3,True,1789701014.6204197,2048,2048,2048,12.523132085800171,False,False,False,False,2048,40.96,2,2,2080.0,True,cache_reused,False,False,0,0.0,9e8391539e31a515c67e8054765ceed2a0831960bf3bb245d408e12c6420557c,True,,,1,0,123.005099,313.112129,6,2109,4,2080
20260726_formal4t4_reuse_intensive_StaticSemantic@rho1.2_rep0,0,StaticSemantic@rho1.2,StaticSemantic,109,reuse_intensive:rep0:req109,reuse_intensive,1,72,0,L0072,1024,1,,False,1789701014.6204605,0,0,0,,False,False,False,False,0,0.0,0,0,32.0,False,cache_miss,False,False,0,0.0,2a65131d5e37675b12182295b68b411282a59bf37bed17131d4163e638a98ac9,True,,,1,0,329.029165,527.938652,6,1085,4,32
20260726_formal4t4_reuse_intensive_StaticSemantic@rho1.2_rep0,0,StaticSemantic@rho1.2,StaticSemantic,110,reuse_intensive:rep0:req110,reuse_intensive,1,65,1,L0065,2048,2,0;2,False,1789701014.6204996,2048,2048,2048,5.440774917602539,False,False,False,False,2048,0.0,2,2,2080.0,False,cache_reused,False,False,0,0.0,f1b94d16788681725104b73a1091be808fc1bf396e6cb787db7db529b3938550,True,,,1,0,124.209336,315.949887,6,2109,4,2080
20260726_formal4t4_reuse_intensive_StaticSemantic@rho1.2_rep0,0,StaticSemantic@rho1.2,StaticSemantic,111,reuse_intensive:rep0:req111,reuse_intensive,1,66,0,L0066,2048,1,1;3,True,1789701014.6205363,2048,2048,2048,12.522506713867188,False,False,False,False,2048,38.96,2,2,2080.0,True,cache_reused,False,False,0,0.0,1c731c5c2f2bdaaca70f8e58d628532db0991ce301f02aa0f5d386e10535edcf,True,,,1,0,404.446605,571.340996,6,2109,4,2080
20260726_formal4t4_reuse_intensive_StaticSemantic@rho1.2_rep0,0,StaticSemantic@rho1.2,StaticSemantic,112,reuse_intensive:rep0:req112,reuse_intensive,1,82,1,L0082,4096,3,3,True,1789701015.1948931,4096,4096,4096,7.140838861465454,False,False,False,False,4096,81.92,1,1,4128.0,True,cache_reused,False,False,0,0.0,9e0c7511e496aef4dead7bf026980c86986b45ba9740193a5e961f47c5026135,True,,,1,0,140.374709,490.214854,6,4157,4,4128
20260726_formal4t4_reuse_intensive_StaticSemantic@rho1.2_rep0,0,StaticSemantic@rho1.2,StaticSemantic,113,reuse_intensive:rep0:req113,reuse_intensive,1,64,2,L0064,2048,2,2;3,False,1789701015.1949446,2048,2048,2048,0.5751776695251465,False,False,False,False,2048,0.0,2,2,2080.0,False,cache_reused,False,False,0,0.0,1e45ef63576b787eb1ba9de1d28961a0582892d71d3688b80d264d88383774ad,True,,,1,0,109.480135,292.398564,6,2109,4,2080
20260726_formal4t4_reuse_intensive_StaticSemantic@rho1.2_rep0,0,StaticSemantic@rho1.2,StaticSemantic,114,reuse_intensive:rep0:req114,reuse_intensive,1,113,0,L0113,4096,1,,False,1789701015.194974,0,0,0,,False,False,False,False,0,0.0,0,0,32.0,False,cache_miss,False,False,0,0.0,c675d08bece628aea5f4686a0f59ac9b3b428bb1201ceb7a8bdf1d22f55f3a0b,True,,,1,0,2462.299797,2673.608258,6,4157,4,32
20260726_formal4t4_reuse_intensive_StaticSemantic@rho1.2_rep0,0,StaticSemantic@rho1.2,StaticSemantic,115,reuse_intensive:rep0:req115,reuse_intensive,1,64,0,L0064,2048,3,2;3,True,1789701015.1950088,2048,2048,2048,6.015583753585815,False,False,False,False,2048,38.96,2,2,2080.0,True,cache_reused,False,False,0,0.0,ae89b84ddc975ec6d46c78b021eb9ac82828ae834e731a1adc1b8b367d7820b5,True,,,1,0,282.647876,531.92296,6,2109,4,2080
20260726_formal4t4_reuse_intensive_StaticSemantic@rho1.2_rep0,0,StaticSemantic@rho1.2,StaticSemantic,116,reuse_intensive:rep0:req116,reuse_intensive,1,111,0,L0111,4096,0,,False,1789701017.8717184,0,0,0,,False,False,False,False,0,0.0,0,0,32.0,False,cache_miss,False,False,0,0.0,bdd80f9c8717e98a55c1011ee206f91c69d80e05d52d4de4fdea0e0d099e619f,True,,,1,0,2466.181231,2680.376464,6,4157,4,32
20260726_formal4t4_reuse_intensive_StaticSemantic@rho1.2_rep0,0,StaticSemantic@rho1.2,StaticSemantic,117,reuse_intensive:rep0:req117,reuse_intensive,1,66,1,L0066,2048,3,1;3,False,1789701017.8717735,2048,2048,2048,2.677828788757324,False,False,False,False,2048,0.0,2,2,2080.0,False,cache_reused,False,False,0,0.0,de1ae1a20f6ece63ac8be18d0bc5a852d13540b75c4d7d38abc11bb58fbff045,True,,,1,0,123.773306,317.147058,6,2109,4,2080
20260726_formal4t4_reuse_intensive_StaticSemantic@rho1.2_rep0,0,StaticSemantic@rho1.2,StaticSemantic,118,reuse_intensive:rep0:req118,reuse_intensive,1,64,1,L0064,2048,2,2;3,False,1789701017.8718123,2048,2048,2048,3.2520453929901123,False,False,False,False,2048,0.0,2,2,2080.0,False,cache_reused,False,False,0,0.0,ee800908047c728205d8dc660a822c11b3f5ce1fa10a7e02752c2994ce0fa8f5,True,,,1,0,167.780427,414.142599,6,2109,4,2080
20260726_formal4t4_reuse_intensive_StaticSemantic@rho1.2_rep0,0,StaticSemantic@rho1.2,StaticSemantic,119,reuse_intensive:rep0:req119,reuse_intensive,1,66,2,L0066,2048,1,1;3,False,1789701017.8718443,2048,2048,2048,2.677198886871338,False,False,False,False,2048,0.0,2,2,2080.0,False,cache_reused,False,False,0,0.0,915221d723eab371ed102667c4ab1c30d9d4a24bd66021f289a56a56a5fb6230,True,,,1,0,78.64754,212.624927,6,2109,4,2080
20260726_formal4t4_reuse_intensive_Adaptive@rho1.2_c01024_theta30_rep0,0,Adaptive@rho1.2_c01024_theta30,Adaptive,24,reuse_intensive:rep0:req24,reuse_intensive,0,0,2,L0000,2048,1,0;1,False,1789701057.5762234,2048,2048,2048,0.3731539249420166,False,False,False,False,2048,0.0,2,2,2080.0,False,cache_reused,False,False,0,0.0,7c1587d536a8e0f530162f18e061072e45e5e899f5e370b80c5bca3e94ce563b,True,,,1,0,80.752675,225.037461,6,2108,4,2080
20260726_formal4t4_reuse_intensive_Adaptive@rho1.2_c01024_theta30_rep0,0,Adaptive@rho1.2_c01024_theta30,Adaptive,25,reuse_intensive:rep0:req25,reuse_intensive,0,6,1,L0006,1024,3,0;3,False,1789701057.5762784,1024,1024,1024,2.71799373626709,False,False,False,False,1024,0.0,2,2,1056.0,False,cache_reused,False,False,0,0.0,796c69bbb244338492dfbfca4e84a04081bd2d51f282b05a378ca0184b8a9ad5,True,,,1,0,59.347657,170.693216,6,1084,4,1056
20260726_formal4t4_reuse_intensive_Adaptive@rho1.2_c01024_theta30_rep0,0,Adaptive@rho1.2_c01024_theta30,Adaptive,26,reuse_intensive:rep0:req26,reuse_intensive,0,3,0,L0003,4096,2,0;2,False,1789701057.5763154,4096,4096,4096,24.29171347618103,False,False,False,False,4096,0.0,2,2,4128.0,False,cache_reused,False,False,0,0.0,8b8e78b01a768b747b2f6bf2a3173257141a26ce1b32de169d029f7e07bed279,True,,,1,0,125.609522,343.294868,6,4156,4,4128
20260726_formal4t4_reuse_intensive_Adaptive@rho1.2_c01024_theta30_rep0,0,Adaptive@rho1.2_c01024_theta30,Adaptive,27,reuse_intensive:rep0:req27,reuse_intensive,0,1,0,L0001,2048,0,0;3,False,1789701057.5763466,2048,2048,2048,1.1320362091064453,False,False,False,False,2048,0.0,2,2,2080.0,False,cache_reused,False,False,0,0.0,6271093e974fe4e49537b982b5a170ce2511d1fd4a29e58eb24dcc2b9859286b,True,,,1,0,83.07015,232.905994,6,2108,4,2080
20260726_formal4t4_reuse_intensive_Adaptive@rho1.2_c01024_theta30_rep0,0,Adaptive@rho1.2_c01024_theta30,Adaptive,28,reuse_intensive:rep0:req28,reuse_intensive,0,1,1,L0001,2048,0,0;3,True,1789701057.922632,2048,2048,2048,1.4783215522766113,False,False,False,False,2048,40.96,2,2,2080.0,True,cache_reused,False,False,0,0.0,b7d36f7c2ba4c5c11d9865e05904186432a5d2eafbe230fb44b540bc06e555bb,True,,,1,0,84.867314,314.401905,6,2108,4,2080
20260726_formal4t4_reuse_intensive_Adaptive@rho1.2_c01024_theta30_rep0,0,Adaptive@rho1.2_c01024_theta30,Adaptive,29,reuse_intensive:rep0:req29,reuse_intensive,0,0,0,L0000,2048,1,0;1,True,1789701057.9226913,2048,2048,2048,0.7196218967437744,False,False,False,False,2048,40.96,2,2,2080.0,True,cache_reused,False,False,0,0.0,4665fe59874e9a2cf97f9dc9647f373de6373ad84f36ce5725bc4599f0daae0a,True,,,1,0,79.915258,222.468564,6,2108,4,2080
20260726_formal4t4_reuse_intensive_Adaptive@rho1.2_c01024_theta30_rep0,0,Adaptive@rho1.2_c01024_theta30,Adaptive,30,reuse_intensive:rep0:req30,reuse_intensive,0,0,1,L0000,2048,0,0;1,True,1789701057.922736,2048,2048,2048,29.671244621276855,False,False,False,False,2048,38.96,2,2,2080.0,True,cache_reused,False,False,0,0.0,54ca50dff1f05eb1547f49eac7ae879926858e791c2088461a7c981b4eb533fb,True,,,1,0,161.990347,358.973603,6,2108,4,2080
20260726_formal4t4_reuse_intensive_Adaptive@rho1.2_c01024_theta30_rep0,0,Adaptive@rho1.2_c01024_theta30,Adaptive,31,reuse_intensive:rep0:req31,reuse_intensive,0,29,0,L0029,1024,3,,False,1789701057.9227598,0,0,0,,False,False,False,False,0,0.0,0,0,32.0,False,cache_miss,False,False,0,0.0,fccb5e09a1da934498e5402e644f35b342bc2ccc9669c6d019a80c85a785e783,True,,,1,0,329.421786,442.966505,6,1084,4,32
20260726_formal4t4_reuse_intensive_Adaptive@rho1.2_c01024_theta30_rep0,0,Adaptive@rho1.2_c01024_theta30,Adaptive,32,reuse_intensive:rep0:req32,reuse_intensive,0,30,0,L0030,2048,0,,False,1789701058.3687947,0,0,0,,False,False,False,False,0,0.0,0,0,32.0,False,cache_miss,False,False,0,0.0,7ae31e25d6518d6897bdc2db831f612d922d3f1a4e5342b2662a7ff29398ece1,True,,,1,0,896.797328,1115.290624,6,2108,4,32
20260726_formal4t4_reuse_intensive_Adaptive@rho1.2_c01024_theta30_rep0,0,Adaptive@rho1.2_c01024_theta30,Adaptive,33,reuse_intensive:rep0:req33,reuse_intensive,0,1,2,L0001,2048,3,0;3,True,1789701058.3688571,2048,2048,2048,2.5287325382232666,False,False,False,False,2048,40.96,2,2,2080.0,True,cache_reused,False,False,0,0.0,1d94aad9d8bee5ce8bc29aeaa77031378a6ab6cf4f751836dbac93894453fc46,True,,,1,0,79.18889,222.686902,6,2108,4,2080
20260726_formal4t4_reuse_intensive_Adaptive@rho1.2_c01024_theta30_rep0,0,Adaptive@rho1.2_c01024_theta30,Adaptive,34,reuse_intensive:rep0:req34,reuse_intensive,0,0,2,L0000,2048,1,0;1,True,1789701058.3689137,2048,2048,2048,0.792980432510376,False,False,False,False,2048,40.96,2,2,2080.0,True,cache_reused,False,False,0,0.0,b0d1636173710f95f947fc8ee32df8f448fd2de52180fb6a30191db837e43231,True,,,1,0,79.891362,222.400952,6,2108,4,2080
20260726_formal4t4_reuse_intensive_Adaptive@rho1.2_c01024_theta30_rep0,0,Adaptive@rho1.2_c01024_theta30,Adaptive,35,reuse_intensive:rep0:req35,reuse_intensive,0,13,1,L0013,2048,0,0;3,True,1789701058.3689659,2048,2048,2048,6.1283955574035645,False,False,False,False,2048,38.96,2,2,2080.0,True,cache_reused,False,False,0,0.0,9b77021b730e07e9d67a7038bf753b8937ff8a07ca442dd387cb57dabcfc3596,True,,,1,0,894.796809,1113.211025,6,2108,4,2080
20260726_formal4t4_reuse_intensive_Adaptive@rho1.2_c01024_theta30_rep0,0,Adaptive@rho1.2_c01024_theta30,Adaptive,36,reuse_intensive:rep0:req36,reuse_intensive,0,1,0,L0001,2048,3,0;3,False,1789701059.485696,2048,2048,2048,3.64557147026062,False,False,False,False,2048,0.0,2,2,2080.0,False,cache_reused,False,False,0,0.0,a955ad8839196c61d5b06d298faa944985e8498599c97deee7c7e0f8a8e3c7f5,True,,,1,0,81.000163,226.944519,6,2108,4,2080
20260726_formal4t4_reuse_intensive_Adaptive@rho1.2_c01024_theta30_rep0,0,Adaptive@rho1.2_c01024_theta30,Adaptive,37,reuse_intensive:rep0:req37,reuse_intensive,0,12,0,L0012,4096,0,0;2,False,1789701059.485746,4096,4096,4096,8.33988642692566,False,False,False,False,4096,0.0,2,2,4128.0,False,cache_reused,False,False,0,0.0,e4c9da0917e501ae2b69321f4a7812593c3ea33a39e621a4d34783c2646157d9,True,,,1,0,127.53019,458.02134,6,4156,4,4128
20260726_formal4t4_reuse_intensive_Adaptive@rho1.2_c01024_theta30_rep0,0,Adaptive@rho1.2_c01024_theta30,Adaptive,38,reuse_intensive:rep0:req38,reuse_intensive,0,7,0,L0007,4096,2,0;2,False,1789701059.4857817,4096,4096,4096,17.226227045059204,False,False,False,False,4096,0.0,2,2,4128.0,False,cache_reused,False,False,0,0.0,566a186e28540363242658c09a467302d068439f4f3bcf8c258f06f92643965d,True,,,1,0,125.526216,339.583638,6,4156,4,4128
20260726_formal4t4_reuse_intensive_Adaptive@rho1.2_c01024_theta30_rep0,0,Adaptive@rho1.2_c01024_theta30,Adaptive,39,reuse_intensive:rep0:req39,reuse_intensive,0,1,1,L0001,2048,0,0;3,True,1789701059.4858155,2048,2048,2048,1.9097874164581299,False,False,False,False,2048,38.96,2,2,2080.0,True,cache_reused,False,False,0,0.0,48f6535948fa8a6023e783c055cb16923ea43d74e3237766eb9dc189789f0836,True,,,1,0,238.01906,506.581038,6,2108,4,2080
20260726_formal4t4_reuse_intensive_Adaptive@rho1.2_c01024_theta30_rep0,0,Adaptive@rho1.2_c01024_theta30,Adaptive,40,reuse_intensive:rep0:req40,reuse_intensive,0,1,2,L0001,2048,3,0;3,False,1789701059.9965565,2048,2048,2048,4.1564319133758545,False,False,False,False,2048,0.0,2,2,2080.0,False,cache_reused,False,False,0,0.0,f92be4f26d4b182819fdf69adf460ff0ca7d1a6cd67e94b3356c5c168b2d1a21,True,,,1,0,83.321976,321.093219,6,2108,4,2080
20260726_formal4t4_reuse_intensive_Adaptive@rho1.2_c01024_theta30_rep0,0,Adaptive@rho1.2_c01024_theta30,Adaptive,41,reuse_intensive:rep0:req41,reuse_intensive,0,0,0,L0000,2048,0,0;1,True,1789701059.9966118,2048,2048,2048,2.4205329418182373,False,False,False,False,2048,40.96,2,2,2080.0,True,cache_reused,False,False,0,0.0,3ed71b67a31ff500b096d1eed31f1cba525b1aa2a90f105d2b041c85379793ab,True,,,1,0,82.848709,317.922342,6,2108,4,2080
20260726_formal4t4_reuse_intensive_Adaptive@rho1.2_c01024_theta30_rep0,0,Adaptive@rho1.2_c01024_theta30,Adaptive,42,reuse_intensive:rep0:req42,reuse_intensive,0,1,0,L0001,2048,0,0;3,True,1789701059.9966593,2048,2048,2048,1.6288185119628906,False,False,False,False,2048,38.96,2,2,2080.0,True,cache_reused,False,False,0,0.0,9a700297ef01121f8541a472d534190fdfa53157c72ade1a78c9891f11fac0ae,True,,,1,0,163.14561,366.995963,6,2108,4,2080
20260726_formal4t4_reuse_intensive_Adaptive@rho1.2_c01024_theta30_rep0,0,Adaptive@rho1.2_c01024_theta30,Adaptive,43,reuse_intensive:rep0:req43,reuse_intensive,0,2,1,L0002,2048,3,0;3,True,1789701059.9966893,2048,2048,2048,2.4205663204193115,False,False,False,False,2048,38.96,2,2,2080.0,True,cache_reused,False,False,0,0.0,d8818be3821a7accc77ed6a68ab5fd5bac57fc69e4df691a4b32026650ba4170,True,,,1,0,163.544182,367.000582,6,2108,4,2080
20260726_formal4t4_reuse_intensive_Adaptive@rho1.2_c01024_theta30_rep0,0,Adaptive@rho1.2_c01024_theta30,Adaptive,44,reuse_intensive:rep0:req44,reuse_intensive,0,0,1,L0000,2048,0,0;1,True,1789701060.3668172,2048,2048,2048,2.790738344192505,False,False,False,False,2048,40.96,2,2,2080.0,True,cache_reused,False,False,0,0.0,3646bb1e0c8c51cdf0880534f3921e726e959e856f0ad7b974b9f5d171dbd543,True,,,1,0,81.682132,229.420465,6,2108,4,2080
20260726_formal4t4_reuse_intensive_Adaptive@rho1.2_c01024_theta30_rep0,0,Adaptive@rho1.2_c01024_theta30,Adaptive,45,reuse_intensive:rep0:req45,reuse_intensive,0,0,2,L0000,2048,1,0;1,True,1789701060.3668678,2048,2048,2048,1.9987256526947021,False,False,False,False,2048,40.96,2,2,2080.0,True,cache_reused,False,False,0,0.0,675dc82929732775ebc5001e1845a90078f978bf1c9e22581f0e20da411a9e87,True,,,1,0,121.4851,345.923819,6,2108,4,2080
20260726_formal4t4_reuse_intensive_Adaptive@rho1.2_c01024_theta30_rep0,0,Adaptive@rho1.2_c01024_theta30,Adaptive,46,reuse_intensive:rep0:req46,reuse_intensive,0,0,0,L0000,2048,0,0;1,True,1789701060.3669028,2048,2048,2048,2.7908239364624023,False,False,False,False,2048,38.96,2,2,2080.0,True,cache_reused,False,False,0,0.0,fbba15c2da0ee562289621548f8c709e4facde678fb18e6ac038c925fa7cfd27,True,,,1,0,131.526163,273.836671,6,2108,4,2080
20260726_formal4t4_reuse_intensive_Adaptive@rho1.2_c01024_theta30_rep0,0,Adaptive@rho1.2_c01024_theta30,Adaptive,47,reuse_intensive:rep0:req47,reuse_intensive,0,0,1,L0000,2048,1,0;1,True,1789701060.3669314,2048,2048,2048,1.9987893104553223,False,False,False,False,2048,38.96,2,2,2080.0,True,cache_reused,False,False,0,0.0,6b5fcaf54c7fb5dc92818d57f9b0e28e557e93f6c1d00eb99a2952ea941075d6,True,,,1,0,228.436312,394.124757,6,2108,4,2080
20260726_formal4t4_reuse_intensive_Adaptive@rho1.2_c01024_theta30_rep0,0,Adaptive@rho1.2_c01024_theta30,Adaptive,48,reuse_intensive:rep0:req48,reuse_intensive,0,10,0,L0010,2048,0,0;2,True,1789701060.7642193,2048,2048,2048,13.620195150375366,False,False,False,False,2048,40.96,2,2,2080.0,True,cache_reused,False,False,0,0.0,52fe1af03ab60d71daf4dd857063dfb2c1700dbbcf10d58e61f8866e96e9a2ca,True,,,1,0,78.358591,267.03745,6,2108,4,2080
20260726_formal4t4_reuse_intensive_Adaptive@rho1.2_c01024_theta30_rep0,0,Adaptive@rho1.2_c01024_theta30,Adaptive,49,reuse_intensive:rep0:req49,reuse_intensive,0,3,1,L0003,4096,2,0;2,True,1789701060.7642727,4096,4096,4096,2.842411994934082,False,False,False,False,4096,81.92,2,2,4128.0,True,cache_reused,False,False,0,0.0,0d7831c33060ceaeba7fabc8ed97169d14aa5ac4a0a2cec0dae2f3c86a7ad45c,True,,,1,0,126.834418,349.915532,6,4156,4,4128
20260726_formal4t4_reuse_intensive_Adaptive@rho1.2_c01024_theta30_rep0,0,Adaptive@rho1.2_c01024_theta30,Adaptive,50,reuse_intensive:rep0:req50,reuse_intensive,0,1,1,L0001,2048,3,0;3,False,1789701060.7643108,2048,2048,2048,4.9241862297058105,False,False,False,False,2048,0.0,2,2,2080.0,False,cache_reused,False,False,0,0.0,c7695bcab3fe789cbac3c1283847950dce56995cda4c93ff7d5bf53a034ba687,True,,,1,0,81.709399,229.456073,6,2108,4,2080
20260726_formal4t4_reuse_intensive_Adaptive@rho1.2_c01024_theta30_rep0,0,Adaptive@rho1.2_c01024_theta30,Adaptive,51,reuse_intensive:rep0:req51,reuse_intensive,0,6,2,L0006,1024,0,0;3,True,1789701060.7643423,1024,1024,1024,21.372596502304077,False,False,False,False,1024,18.48,2,2,1056.0,True,cache_reused,False,False,0,0.0,0334800b7be94d699e2352b0360b34bae3a88ea911cd0e4ed526ab143e8f919a,True,,,1,0,141.168283,297.598894,6,1084,4,1056
20260726_formal4t4_reuse_intensive_Adaptive@rho1.2_c01024_theta30_rep0,0,Adaptive@rho1.2_c01024_theta30,Adaptive,52,reuse_intensive:rep0:req52,reuse_intensive,0,58,0,L0058,2048,3,,False,1789701061.1164079,0,0,0,,False,False,False,False,0,0.0,0,0,32.0,False,cache_miss,False,False,0,0.0,7003c5f9b97764f4643ab42a996a26a1ec255fd545b4b9541c2605b428b6bfe2,True,,,1,0,853.180446,990.818025,6,2108,4,32
20260726_formal4t4_reuse_intensive_Adaptive@rho1.2_c01024_theta30_rep0,0,Adaptive@rho1.2_c01024_theta30,Adaptive,53,reuse_intensive:rep0:req53,reuse_intensive,0,0,2,L0000,2048,1,0;1,False,1789701061.116462,2048,2048,2048,2.7483198642730713,False,False,False,False,2048,0.0,2,2,2080.0,False,cache_reused,False,False,0,0.0,09ea728fbc1425a8a144e0596eb7ccc2f7834fb9324e6c2faf4a7e7ff1bfc2aa,True,,,1,0,84.913693,241.312393,6,2108,4,2080
20260726_formal4t4_reuse_intensive_Adaptive@rho1.2_c01024_theta30_rep0,0,Adaptive@rho1.2_c01024_theta30,Adaptive,54,reuse_intensive:rep0:req54,reuse_intensive,0,3,2,L0003,4096,0,0;2,False,1789701061.1165178,4096,4096,4096,27.83208131790161,False,False,False,False,4096,0.0,2,2,4128.0,False,cache_reused,False,False,0,0.0,2bf6537e16df0783055a3e77b0ba6f7c7b3f95884f3f0f68508a6b2aa4848250,True,,,1,0,120.927442,330.706578,6,4156,4,4128
20260726_formal4t4_reuse_intensive_Adaptive@rho1.2_c01024_theta30_rep0,0,Adaptive@rho1.2_c01024_theta30,Adaptive,55,reuse_intensive:rep0:req55,reuse_intensive,0,0,0,L0000,2048,1,0;1,True,1789701061.1165664,2048,2048,2048,2.7484242916107178,False,False,False,False,2048,38.96,2,2,2080.0,True,cache_reused,False,False,0,0.0,d098fdcfe944317c6e2dcd292dc925b249ba21d80b5c469284ecf80ad8232c0f,True,,,1,0,137.768985,287.700881,6,2108,4,2080
20260726_formal4t4_reuse_intensive_Adaptive@rho1.2_c01024_theta30_rep0,0,Adaptive@rho1.2_c01024_theta30,Adaptive,56,reuse_intensive:rep0:req56,reuse_intensive,0,2,2,L0002,2048,3,0;3,True,1789701062.1088383,2048,2048,2048,4.532715320587158,False,False,False,False,2048,40.96,2,2,2080.0,True,cache_reused,False,False,0,0.0,615eb951952aad49386abce2c27a1bb692bbd3d1edd9b18e05134773fc9d41cd,True,,,1,0,80.99022,232.074633,6,2108,4,2080
20260726_formal4t4_reuse_intensive_Adaptive@rho1.2_c01024_theta30_rep0,0,Adaptive@rho1.2_c01024_theta30,Adaptive,57,reuse_intensive:rep0:req57,reuse_intensive,0,0,1,L0000,2048,0,0;1,False,1789701062.1089134,2048,2048,2048,3.740507125854492,False,False,False,False,2048,0.0,2,2,2080.0,False,cache_reused,False,False,0,0.0,9eb2cb5fd57077b9dce0b8dc7e5a7b444138d4bcbe7fe1907a0f3bd08b52e98a,True,,,1,0,93.340141,230.570423,6,2108,4,2080
20260726_formal4t4_reuse_intensive_Adaptive@rho1.2_c01024_theta30_rep0,0,Adaptive@rho1.2_c01024_theta30,Adaptive,58,reuse_intensive:rep0:req58,reuse_intensive,0,0,2,L0000,2048,1,0;1,False,1789701062.1089492,2048,2048,2048,2.623765230178833,False,False,False,False,2048,0.0,2,2,2080.0,False,cache_reused,False,False,0,0.0,a97f97fa53c662cf1645a16f5b1cce7700f229e8d382f2deaec1e2e18e48dcbb,True,,,1,0,95.752301,237.080019,6,2108,4,2080
20260726_formal4t4_reuse_intensive_Adaptive@rho1.2_c01024_theta30_rep0,0,Adaptive@rho1.2_c01024_theta30,Adaptive,59,reuse_intensive:rep0:req59,reuse_intensive,0,2,0,L0002,2048,3,0;3,True,1789701062.1089795,2048,2048,2048,4.532856464385986,False,False,False,False,2048,38.96,2,2,2080.0,True,cache_reused,False,False,0,0.0,c445af97552e11480153145d3c335e358cae4336e65eac366d2704ffdd4be100,True,,,1,0,132.328038,276.210164,6,2108,4,2080
20260726_formal4t4_reuse_intensive_Adaptive@rho1.2_c01024_theta30_rep0,0,Adaptive@rho1.2_c01024_theta30,Adaptive,60,reuse_intensive:rep0:req60,reuse_intensive,1,64,0,L0064,2048,2,,False,1789701062.388289,0,0,0,,False,False,False,False,0,0.0,0,0,32.0,False,cache_miss,False,False,0,0.0,c10429c88ed4b4a525987bb9e193bdb4df6b048ef9500c444b3b542a52f92aff,True,,,1,0,923.796832,1070.832123,6,2108,4,32
20260726_formal4t4_reuse_intensive_Adaptive@rho1.2_c01024_theta30_rep0,0,Adaptive@rho1.2_c01024_theta30,Adaptive,61,reuse_intensive:rep0:req61,reuse_intensive,1,69,0,L0069,2048,1,,False,1789701062.388326,0,0,0,,False,False,False,False,0,0.0,0,0,32.0,False,cache_miss,False,False,0,0.0,1b5af2b5ae651c32e8665e696421c293d2823cece1ee056c8a31e0a8006b007d,True,,,1,0,774.186325,905.064586,6,2108,4,32
20260726_formal4t4_reuse_intensive_Adaptive@rho1.2_c01024_theta30_rep0,0,Adaptive@rho1.2_c01024_theta30,Adaptive,62,reuse_intensive:rep0:req62,reuse_intensive,1,75,0,L0075,1024,0,,False,1789701062.3883512,0,0,0,,False,False,False,False,0,0.0,0,0,32.0,False,cache_miss,False,False,0,0.0,347db9ceced1547706c46585a61d6f9dfabe86f74dffc63ea35fd2ec2b847849,True,,,1,0,381.969525,505.452652,6,1084,4,32
20260726_formal4t4_reuse_intensive_Adaptive@rho1.2_c01024_theta30_rep0,0,Adaptive@rho1.2_c01024_theta30,Adaptive,63,reuse_intensive:rep0:req63,reuse_intensive,1,64,1,L0064,2048,3,,False,1789701062.3883739,0,0,0,,False,False,False,False,0,0.0,0,0,32.0,False,cache_miss,False,False,0,0.0,335153426f6c17821c51b564f42c0484f6e8acc3c369a68dd8790dfcc81d7d29,True,,,1,0,847.303214,982.264657,6,2108,4,32
20260726_formal4t4_reuse_intensive_Adaptive@rho1.2_c01024_theta30_rep0,0,Adaptive@rho1.2_c01024_theta30,Adaptive,64,reuse_intensive:rep0:req64,reuse_intensive,1,67,0,L0067,1024,2,,False,1789701063.4603944,0,0,0,,False,False,False,False,0,0.0,0,0,32.0,False,cache_miss,False,False,0,0.0,84f2f23e17920f6b2d6b6b28852a88e1e04494b6439884c27e39412082f4a4af,True,,,1,0,332.350851,441.095656,6,1084,4,32
20260726_formal4t4_reuse_intensive_Adaptive@rho1.2_c01024_theta30_rep0,0,Adaptive@rho1.2_c01024_theta30,Adaptive,65,reuse_intensive:rep0:req65,reuse_intensive,1,104,0,L0104,2048,3,,False,1789701063.4604323,0,0,0,,False,False,False,False,0,0.0,0,0,16.0,False,cache_miss,False,False,0,0.0,244f806d6b5cd833e6e160b18343ecda3d6952573a3534677884b1990162c82e,True,,,1,0,951.371511,1100.308898,6,2108,4,16
20260726_formal4t4_reuse_intensive_Adaptive@rho1.2_c01024_theta30_rep0,0,Adaptive@rho1.2_c01024_theta30,Adaptive,66,reuse_intensive:rep0:req66,reuse_intensive,1,121,0,L0121,1024,0,,False,1789701063.4604557,0,0,0,,False,False,False,False,0,0.0,0,0,16.0,False,cache_miss,False,False,0,0.0,a613555c2dad57898b485ccffa78f4b4032aee95cbf6684bfd5674b4ce26e059,True,,,1,0,324.044229,426.603235,6,1084,4,16
20260726_formal4t4_reuse_intensive_Adaptive@rho1.2_c01024_theta30_rep0,0,Adaptive@rho1.2_c01024_theta30,Adaptive,67,reuse_intensive:rep0:req67,reuse_intensive,1,64,2,L0064,2048,1,,False,1789701063.460474,2048,0,0,36.554969787597656,True,True,False,False,0,0.0,0,0,32.0,False,cache_miss,False,False,0,0.0,1a30c75d7f719df4bc097b0221955b1761334e488cb6b11ff10789dc60b46b1d,True,,,1,0,820.143037,952.664485,6,2108,4,32
20260726_formal4t4_reuse_intensive_Adaptive@rho1.2_c01024_theta30_rep0,0,Adaptive@rho1.2_c01024_theta30,Adaptive,68,reuse_intensive:rep0:req68,reuse_intensive,1,64,0,L0064,2048,2,2;3,False,1789701064.5625758,2048,2048,2048,1.1030924320220947,False,False,False,False,2048,0.0,2,2,2080.0,False,cache_reused,False,False,0,0.0,3bf1a7851b85fb3335a795e01184363fda7a5d53ca291b5194f271639d835ab0,True,,,1,0,83.341754,233.8834,6,2108,4,2080
20260726_formal4t4_reuse_intensive_Adaptive@rho1.2_c01024_theta30_rep0,0,Adaptive@rho1.2_c01024_theta30,Adaptive,69,reuse_intensive:rep0:req69,reuse_intensive,1,70,0,L0070,2048,1,,False,1789701064.5626163,0,0,0,,False,False,False,False,0,0.0,0,0,32.0,False,cache_miss,False,False,0,0.0,c3d6505d2c2ffd454681c49b1e917621c6973cb35058abf43b6fbbc8195b5585,True,,,1,0,795.736756,928.309019,6,2108,4,32
20260726_formal4t4_reuse_intensive_Adaptive@rho1.2_c01024_theta30_rep0,0,Adaptive@rho1.2_c01024_theta30,Adaptive,70,reuse_intensive:rep0:req70,reuse_intensive,1,96,0,L0096,4096,3,,False,1789701064.5626435,0,0,0,,False,False,False,False,0,0.0,0,0,32.0,False,cache_miss,False,False,0,0.0,5d189bc330bafa09ba8e1768964b20962b5be735a0c7a85cbd47cf1390f18912,True,,,1,0,2428.194236,2629.231495,6,4156,4,32
20260726_formal4t4_reuse_intensive_Adaptive@rho1.2_c01024_theta30_rep0,0,Adaptive@rho1.2_c01024_theta30,Adaptive,71,reuse_intensive:rep0:req71,reuse_intensive,1,88,0,L0088,1024,0,,False,1789701064.5626645,0,0,0,,False,False,False,False,0,0.0,0,0,32.0,False,cache_miss,False,False,0,0.0,c93d4b75f370e017ebfad32e1bb05c86dccd0397458c2e649bf06d9c6f0b699d,True,,,1,0,308.480228,411.086519,6,1084,4,32
20260726_formal4t4_reuse_intensive_Adaptive@rho1.2_c01024_theta30_rep0,0,Adaptive@rho1.2_c01024_theta30,Adaptive,72,reuse_intensive:rep0:req72,reuse_intensive,1,66,0,L0066,2048,3,,False,1789701067.194596,0,0,0,,False,False,False,False,0,0.0,0,0,32.0,False,cache_miss,False,False,0,0.0,1af29d96a223d35361eb3e4eb504731a0e20eac8f89c6cdc9aa553061eab476d,True,,,1,0,800.775531,934.995072,6,2108,4,32
20260726_formal4t4_reuse_intensive_Adaptive@rho1.2_c01024_theta30_rep0,0,Adaptive@rho1.2_c01024_theta30,Adaptive,73,reuse_intensive:rep0:req73,reuse_intensive,1,64,1,L0064,2048,2,2;3,False,1789701067.1946504,2048,2048,2048,3.7351670265197754,False,False,False,False,2048,0.0,2,2,2080.0,False,cache_reused,False,False,0,0.0,18a2fbd8db52a49b5ae9b5085c079b323fc8849a8e83ecf86208dfede8927fdd,True,,,1,0,138.778926,344.910633,6,2108,4,2080
20260726_formal4t4_reuse_intensive_Adaptive@rho1.2_c01024_theta30_rep0,0,Adaptive@rho1.2_c01024_theta30,Adaptive,74,reuse_intensive:rep0:req74,reuse_intensive,1,65,0,L0065,2048,0,,False,1789701067.1946826,0,0,0,,False,False,False,False,0,0.0,0,0,32.0,False,cache_miss,False,False,0,0.0,d9055c41d20e0db8a5991e062ec7bab4a680eba46920b032adfe25f733d0cd2f,True,,,1,0,929.29076,1068.185775,6,2108,4,32
20260726_formal4t4_reuse_intensive_Adaptive@rho1.2_c01024_theta30_rep0,0,Adaptive@rho1.2_c01024_theta30,Adaptive,75,reuse_intensive:rep0:req75,reuse_intensive,1,66,1,L0066,2048,1,,False,1789701067.1947055,0,0,0,,False,False,False,False,0,0.0,0,0,32.0,False,cache_miss,False,False,0,0.0,9ac26713ba429bd7712477d52420dee5bfefe820f615e792a47be3ce2c31c08c,True,,,1,0,917.846997,1049.928026,6,2108,4,32
20260726_formal4t4_reuse_intensive_Adaptive@rho1.2_c01024_theta30_rep0,0,Adaptive@rho1.2_c01024_theta30,Adaptive,76,reuse_intensive:rep0:req76,reuse_intensive,1,64,2,L0064,2048,3,2;3,True,1789701068.2655034,2048,2048,2048,4.805366516113281,False,False,False,False,2048,40.96,2,2,2080.0,True,cache_reused,False,False,0,0.0,d1740f81428056d23893a437f57b1a32fcb4522407b08879cd93445aa1d3b05b,True,,,1,0,74.670229,210.817111,6,2108,4,2080
20260726_formal4t4_reuse_intensive_Adaptive@rho1.2_c01024_theta30_rep0,0,Adaptive@rho1.2_c01024_theta30,Adaptive,77,reuse_intensive:rep0:req77,reuse_intensive,1,65,1,L0065,2048,2,,False,1789701068.2655435,2048,0,0,41.36003923416138,True,True,False,False,0,0.0,0,0,32.0,False,cache_miss,False,False,0,0.0,065c68ede4fb427496cea229b4404a34b8478a5598bcb46db910157a9eb56870,True,,,1,0,841.474068,976.434166,6,2108,4,32
20260726_formal4t4_reuse_intensive_Adaptive@rho1.2_c01024_theta30_rep0,0,Adaptive@rho1.2_c01024_theta30,Adaptive,78,reuse_intensive:rep0:req78,reuse_intensive,1,65,2,L0065,2048,1,,False,1789701068.2655716,2048,0,0,41.36006736755371,True,True,False,False,0,0.0,0,0,32.0,False,cache_miss,False,False,0,0.0,eeefc886c652c92ab6bffee2780d13abee143bf3dca47ad15c68aff0e77ef73d,True,,,1,0,825.492388,961.033835,6,2108,4,32
20260726_formal4t4_reuse_intensive_Adaptive@rho1.2_c01024_theta30_rep0,0,Adaptive@rho1.2_c01024_theta30,Adaptive,79,reuse_intensive:rep0:req79,reuse_intensive,1,65,0,L0065,2048,0,,False,1789701068.2655926,2048,0,0,41.36008834838867,True,True,False,False,0,0.0,0,0,2080.0,False,cache_reused,False,False,0,0.0,98d92b38982b309fbd1a022344e0c1904d43e4bd67274ed01cefab1b3404ef43,True,,,1,0,94.568411,236.722527,6,2108,4,2080
20260726_formal4t4_reuse_intensive_Adaptive@rho1.2_c01024_theta30_rep0,0,Adaptive@rho1.2_c01024_theta30,Adaptive,80,reuse_intensive:rep0:req80,reuse_intensive,1,74,0,L0074,1024,1,,False,1789701069.2434168,0,0,0,,False,False,False,False,0,0.0,0,0,32.0,False,cache_miss,False,False,0,0.0,42a536bc3638f18cef65d183850916c60f9228cde960ff1afdb6ff656a262c13,True,,,1,0,323.680947,515.513325,6,1084,4,32
20260726_formal4t4_reuse_intensive_Adaptive@rho1.2_c01024_theta30_rep0,0,Adaptive@rho1.2_c01024_theta30,Adaptive,81,reuse_intensive:rep0:req81,reuse_intensive,1,64,0,L0064,2048,3,2;3,True,1789701069.243439,2048,2048,2048,5.783302068710327,False,False,False,False,2048,40.96,2,2,2080.0,True,cache_reused,False,False,0,0.0,a57303c63f304b7e82e793a2a69501b8a6200a20aaf5de75a9defe1623c0d2dc,True,,,1,0,83.536783,220.741896,6,2108,4,2080
20260726_formal4t4_reuse_intensive_Adaptive@rho1.2_c01024_theta30_rep0,0,Adaptive@rho1.2_c01024_theta30,Adaptive,82,reuse_intensive:rep0:req82,reuse_intensive,1,65,1,L0065,2048,0,0,False,1789701069.243453,2048,2048,2048,0.9784305095672607,False,False,False,False,2048,0.0,1,1,2080.0,False,cache_reused,False,False,0,0.0,a949ab6393141a039fd664148eddee2dfa727a162a50706ca6893b155256208e,True,,,1,0,80.472073,222.177078,6,2108,4,2080
20260726_formal4t4_reuse_intensive_Adaptive@rho1.2_c01024_theta30_rep0,0,Adaptive@rho1.2_c01024_theta30,Adaptive,83,reuse_intensive:rep0:req83,reuse_intensive,1,69,1,L0069,2048,1,1,True,1789701069.2434654,2048,2048,2048,5.78369140625,False,False,False,False,2048,38.96,1,1,2080.0,True,cache_reused,False,False,0,0.0,33ff57d0ebad6c00b84c36a300f89c8ed3205b368f13090c1905e5a092c761b0,True,,,1,0,395.205596,557.765975,6,2108,4,2080
20260726_formal4t4_reuse_intensive_Adaptive@rho1.2_c01024_theta30_rep0,0,Adaptive@rho1.2_c01024_theta30,Adaptive,84,reuse_intensive:rep0:req84,reuse_intensive,1,65,2,L0065,2048,0,0;2,False,1789701069.8030884,2048,2048,2048,0.559760332107544,False,False,False,False,2048,0.0,2,2,2080.0,False,cache_reused,False,False,0,0.0,3be60212a46815f675f8606dc8d8f946f718c2f020a8861fdc85fb9a793f66d1,True,,,1,0,79.403662,219.426574,6,2108,4,2080
20260726_formal4t4_reuse_intensive_Adaptive@rho1.2_c01024_theta30_rep0,0,Adaptive@rho1.2_c01024_theta30,Adaptive,85,reuse_intensive:rep0:req85,reuse_intensive,1,106,0,L0106,1024,3,,False,1789701069.8031316,0,0,0,,False,False,False,False,0,0.0,0,0,32.0,False,cache_miss,False,False,0,0.0,2f74af83b34faba0926e8771715315be391fc7e6d6c0c5342c53a641ec3e8e0c,True,,,1,0,355.855436,465.003536,6,1084,4,32
20260726_formal4t4_reuse_intensive_Adaptive@rho1.2_c01024_theta30_rep0,0,Adaptive@rho1.2_c01024_theta30,Adaptive,86,reuse_intensive:rep0:req86,reuse_intensive,1,70,1,L0070,2048,1,1,True,1789701069.8031805,2048,2048,2048,2.609387159347534,False,False,False,False,2048,40.96,1,1,2080.0,True,cache_reused,False,False,0,0.0,ea8176ab535fac24afecb7f45e5b39a60eabfa53c1094dd2b1f90b8dafeac1f3,True,,,1,0,79.890721,224.600806,6,2108,4,2080
20260726_formal4t4_reuse_intensive_Adaptive@rho1.2_c01024_theta30_rep0,0,Adaptive@rho1.2_c01024_theta30,Adaptive,87,reuse_intensive:rep0:req87,reuse_intensive,1,70,2,L0070,2048,1,1,True,1789701069.8032131,2048,2048,2048,2.609419822692871,False,False,False,False,2048,38.96,1,1,2080.0,True,cache_reused,False,False,0,0.0,07ab9043bc01ec8cc5d47d51c9a34488f6b2ac6d16aa339ebfa8bbc46b4a1b74,True,,,1,0,130.185396,268.746115,6,2108,4,2080
20260726_formal4t4_reuse_intensive_Adaptive@rho1.2_c01024_theta30_rep0,0,Adaptive@rho1.2_c01024_theta30,Adaptive,88,reuse_intensive:rep0:req88,reuse_intensive,1,64,1,L0064,2048,3,2;3,False,1789701070.2701528,2048,2048,2048,0.46776866912841797,False,False,False,False,2048,0.0,2,2,2080.0,False,cache_reused,False,False,0,0.0,bbcef94cff792fd0307b4824c26cef93a4b46b9d6acfa7016b6e13d7b6283dcc,True,,,1,0,76.523766,224.714909,6,2108,4,2080
20260726_formal4t4_reuse_intensive_Adaptive@rho1.2_c01024_theta30_rep0,0,Adaptive@rho1.2_c01024_theta30,Adaptive,89,reuse_intensive:rep0:req89,reuse_intensive,1,64,2,L0064,2048,2,2;3,True,1789701070.2702177,2048,2048,2048,2.0054268836975098,False,False,False,False,2048,40.96,2,2,2080.0,True,cache_reused,False,False,0,0.0,33538375951a9c7c27c07c267887a4d9eaa00b574e2315186d61c9924fbcd4f1,True,,,1,0,83.35881,234.464295,6,2108,4,2080
20260726_formal4t4_reuse_intensive_Adaptive@rho1.2_c01024_theta30_rep0,0,Adaptive@rho1.2_c01024_theta30,Adaptive,90,reuse_intensive:rep0:req90,reuse_intensive,1,118,0,L0118,2048,1,,False,1789701070.2702453,0,0,0,,False,False,False,False,0,0.0,0,0,16.0,False,cache_miss,False,False,0,0.0,e12b602dbb39a154f90d9d22b308a541c41454808aa6bc7e0ac4206385f1136a,True,,,1,0,877.434945,1012.377668,6,2108,4,16
20260726_formal4t4_reuse_intensive_Adaptive@rho1.2_c01024_theta30_rep0,0,Adaptive@rho1.2_c01024_theta30,Adaptive,91,reuse_intensive:rep0:req91,reuse_intensive,1,64,0,L0064,2048,3,2;3,True,1789701070.270278,2048,2048,2048,0.4678938388824463,False,False,False,False,2048,38.96,2,2,2080.0,True,cache_reused,False,False,0,0.0,c1762b7f3904a648a1fbc475408f646561686f817075124b6ff6522e7171966d,True,,,1,0,127.635493,267.64631,6,2108,4,2080
20260726_formal4t4_reuse_intensive_Adaptive@rho1.2_c01024_theta30_rep0,0,Adaptive@rho1.2_c01024_theta30,Adaptive,92,reuse_intensive:rep0:req92,reuse_intensive,1,65,0,L0065,2048,2,0;2,False,1789701071.3741357,2048,2048,2048,2.130998373031616,False,False,False,False,2048,0.0,2,2,2080.0,False,cache_reused,False,False,0,0.0,6ce5c46681495663a1c97a9898608b038e0d804c5805a3bc0daab21eaf12a64c,True,,,1,0,69.775685,203.12317,6,2108,4,2080
20260726_formal4t4_reuse_intensive_Adaptive@rho1.2_c01024_theta30_rep0,0,Adaptive@rho1.2_c01024_theta30,Adaptive,93,reuse_intensive:rep0:req93,reuse_intensive,1,109,0,L0109,1024,1,,False,1789701071.3742008,0,0,0,,False,False,False,False,0,0.0,0,0,32.0,False,cache_miss,False,False,0,0.0,0f2f652bfcf40b9728ddf7a6287a0bb4e9034fe13d2c9260b128d63ba1729f15,True,,,1,0,363.605378,477.64297,6,1084,4,32
20260726_formal4t4_reuse_intensive_Adaptive@rho1.2_c01024_theta30_rep0,0,Adaptive@rho1.2_c01024_theta30,Adaptive,94,reuse_intensive:rep0:req94,reuse_intensive,1,65,1,L0065,2048,0,0;2,True,1789701071.3742397,2048,2048,2048,1.1050069332122803,False,False,False,False,2048,40.96,2,2,2080.0,True,cache_reused,False,False,0,0.0,43cba548a390d942207599b4c300307f4c5326baef25661aedff65990af66eee,True,,,1,0,70.148602,211.629983,6,2108,4,2080
20260726_formal4t4_reuse_intensive_Adaptive@rho1.2_c01024_theta30_rep0,0,Adaptive@rho1.2_c01024_theta30,Adaptive,95,reuse_intensive:rep0:req95,reuse_intensive,1,82,0,L0082,4096,3,,False,1789701071.3742661,0,0,0,,False,False,False,False,0,0.0,0,0,32.0,False,cache_miss,False,False,0,0.0,89b2cc466a610581b632d4c9253fe635e6d5acfc6b1f78505fc1bf96a3971cf1,True,,,1,0,2398.653299,2602.367034,6,4156,4,32
20260726_formal4t4_reuse_intensive_Adaptive@rho1.2_c01024_theta30_rep0,0,Adaptive@rho1.2_c01024_theta30,Adaptive,96,reuse_intensive:rep0:req96,reuse_intensive,1,64,1,L0064,2048,3,2;3,True,1789701073.9800756,2048,2048,2048,2.6950185298919678,False,False,False,False,2048,40.96,2,2,2080.0,True,cache_reused,False,False,0,0.0,fc05ee92f45136abb890aee6491e29419f13a008bfacc9ec75331524f54f6068,True,,,1,0,77.39378,213.05539,6,2108,4,2080
20260726_formal4t4_reuse_intensive_Adaptive@rho1.2_c01024_theta30_rep0,0,Adaptive@rho1.2_c01024_theta30,Adaptive,97,reuse_intensive:rep0:req97,reuse_intensive,1,65,2,L0065,2048,2,0;2,True,1789701073.980128,2048,2048,2048,4.736990690231323,False,False,False,False,2048,40.96,2,2,2080.0,True,cache_reused,False,False,0,0.0,eb4c4c09ecd77e1ce7b1d047b35d5829c0d83384467df06b837f64405f9d2a29,True,,,1,0,129.149189,345.294476,6,2108,4,2080
20260726_formal4t4_reuse_intensive_Adaptive@rho1.2_c01024_theta30_rep0,0,Adaptive@rho1.2_c01024_theta30,Adaptive,98,reuse_intensive:rep0:req98,reuse_intensive,1,65,0,L0065,2048,0,0;2,False,1789701073.9801788,2048,2048,2048,3.7109460830688477,False,False,False,False,2048,0.0,2,2,2080.0,False,cache_reused,False,False,0,0.0,aef7f8b14c12e95a13bc1aa9ba418346d84c254681a8229e7e853401af5e6545,True,,,1,0,131.981161,340.828801,6,2108,4,2080
20260726_formal4t4_reuse_intensive_Adaptive@rho1.2_c01024_theta30_rep0,0,Adaptive@rho1.2_c01024_theta30,Adaptive,99,reuse_intensive:rep0:req99,reuse_intensive,1,78,0,L0078,2048,1,,False,1789701073.980204,0,0,0,,False,False,False,False,0,0.0,0,0,32.0,False,cache_miss,False,False,0,0.0,518d637ed452f452aa6fda5f9d8009fa9fd35718fc74a6d15b4307b9e3e83258,True,,,1,0,923.768459,1053.93263,6,2108,4,32
20260726_formal4t4_reuse_intensive_Adaptive@rho1.2_c01024_theta30_rep0,0,Adaptive@rho1.2_c01024_theta30,Adaptive,100,reuse_intensive:rep0:req100,reuse_intensive,1,71,0,L0071,2048,3,,False,1789701075.0373738,0,0,0,,False,False,False,False,0,0.0,0,0,32.0,False,cache_miss,False,False,0,0.0,3c80ef946607475dfd7a8c0f281e230aab4b902548274be8a5513662e8022878,True,,,1,0,880.181423,1018.284208,6,2109,4,32
20260726_formal4t4_reuse_intensive_Adaptive@rho1.2_c01024_theta30_rep0,0,Adaptive@rho1.2_c01024_theta30,Adaptive,101,reuse_intensive:rep0:req101,reuse_intensive,1,105,0,L0105,4096,1,,False,1789701075.0374105,0,0,0,,False,False,False,False,0,0.0,0,0,32.0,False,cache_miss,False,False,0,0.0,fb958c90ca342febbdf4170a631d01add59d9f55bd65b747765eebfc1e0c9446,True,,,1,0,3582.998792,3864.211775,6,4157,4,32
20260726_formal4t4_reuse_intensive_Adaptive@rho1.2_c01024_theta30_rep0,0,Adaptive@rho1.2_c01024_theta30,Adaptive,102,reuse_intensive:rep0:req102,reuse_intensive,1,64,2,L0064,2048,2,2;3,False,1789701075.0374522,2048,2048,2048,3.7528762817382812,False,False,False,False,2048,0.0,2,2,2080.0,False,cache_reused,False,False,0,0.0,7dcae9547739c4918926fd76333d97b72ff5ee8d0de11a7d4e88a5c819d3821f,True,,,1,0,88.922267,302.052472,6,2109,4,2080
20260726_formal4t4_reuse_intensive_Adaptive@rho1.2_c01024_theta30_rep0,0,Adaptive@rho1.2_c01024_theta30,Adaptive,103,reuse_intensive:rep0:req103,reuse_intensive,1,64,0,L0064,2048,2,2;3,True,1789701075.03749,2048,2048,2048,3.7529139518737793,False,False,False,False,2048,38.96,2,2,2080.0,True,cache_reused,False,False,0,0.0,965995439bed725f6aade7dc8a681c7d003d74d9791062d805c32eeb8c14d809,True,,,1,0,194.725673,351.451013,6,2109,4,2080
20260726_formal4t4_reuse_intensive_Adaptive@rho1.2_c01024_theta30_rep0,0,Adaptive@rho1.2_c01024_theta30,Adaptive,104,reuse_intensive:rep0:req104,reuse_intensive,1,76,0,L0076,4096,1,,False,1789701078.9039357,0,0,0,,False,False,False,False,0,0.0,0,0,32.0,False,cache_miss,False,False,0,0.0,b1b36eaa3d1792753f3fbade984dc340cd93c6dee4d48e7ab0ea17294aa005d2,True,,,1,0,3187.955428,3436.842839,6,4157,4,32
20260726_formal4t4_reuse_intensive_Adaptive@rho1.2_c01024_theta30_rep0,0,Adaptive@rho1.2_c01024_theta30,Adaptive,105,reuse_intensive:rep0:req105,reuse_intensive,1,64,1,L0064,2048,2,2;3,False,1789701078.9039927,2048,2048,2048,7.6194167137146,False,False,False,False,2048,0.0,2,2,2080.0,False,cache_reused,False,False,0,0.0,fca8524adfefc595557f147cbafe3569e542e59293bf7d21c2b89fd15085ac25,True,,,1,0,140.910439,363.556803,6,2109,4,2080
20260726_formal4t4_reuse_intensive_Adaptive@rho1.2_c01024_theta30_rep0,0,Adaptive@rho1.2_c01024_theta30,Adaptive,106,reuse_intensive:rep0:req106,reuse_intensive,1,89,0,L0089,2048,0,,False,1789701078.904024,0,0,0,,False,False,False,False,0,0.0,0,0,32.0,False,cache_miss,False,False,0,0.0,aa4a2a45453a251a07b8687384a41b6314dcf8dc84ff396b9de148f1dcde0c84,True,,,1,0,979.960518,1127.107725,6,2109,4,32
20260726_formal4t4_reuse_intensive_Adaptive@rho1.2_c01024_theta30_rep0,0,Adaptive@rho1.2_c01024_theta30,Adaptive,107,reuse_intensive:rep0:req107,reuse_intensive,1,77,0,L0077,1024,3,,False,1789701078.9040473,0,0,0,,False,False,False,False,0,0.0,0,0,32.0,False,cache_miss,False,False,0,0.0,4ef8630d5780506782e3a258aaf096d2e0b5360ec1c839afee257382894be6a9,True,,,1,0,447.418086,560.073444,6,1085,4,32
20260726_formal4t4_reuse_intensive_Adaptive@rho1.2_c01024_theta30_rep0,0,Adaptive@rho1.2_c01024_theta30,Adaptive,108,reuse_intensive:rep0:req108,reuse_intensive,1,66,2,L0066,2048,3,1;3,True,1789701082.3423626,2048,2048,2048,14.077871084213257,False,False,False,False,2048,40.96,2,2,2080.0,True,cache_reused,False,False,0,0.0,9e8391539e31a515c67e8054765ceed2a0831960bf3bb245d408e12c6420557c,True,,,1,0,124.582815,317.895807,6,2109,4,2080
20260726_formal4t4_reuse_intensive_Adaptive@rho1.2_c01024_theta30_rep0,0,Adaptive@rho1.2_c01024_theta30,Adaptive,109,reuse_intensive:rep0:req109,reuse_intensive,1,72,0,L0072,1024,1,,False,1789701082.3424041,0,0,0,,False,False,False,False,0,0.0,0,0,32.0,False,cache_miss,False,False,0,0.0,2a65131d5e37675b12182295b68b411282a59bf37bed17131d4163e638a98ac9,True,,,1,0,413.534808,651.720501,6,1085,4,32
20260726_formal4t4_reuse_intensive_Adaptive@rho1.2_c01024_theta30_rep0,0,Adaptive@rho1.2_c01024_theta30,Adaptive,110,reuse_intensive:rep0:req110,reuse_intensive,1,65,1,L0065,2048,2,0;2,False,1789701082.342444,2048,2048,2048,7.30576491355896,False,False,False,False,2048,0.0,2,2,2080.0,False,cache_reused,False,False,0,0.0,f1b94d16788681725104b73a1091be808fc1bf396e6cb787db7db529b3938550,True,,,1,0,129.255023,353.37194,6,2109,4,2080
20260726_formal4t4_reuse_intensive_Adaptive@rho1.2_c01024_theta30_rep0,0,Adaptive@rho1.2_c01024_theta30,Adaptive,111,reuse_intensive:rep0:req111,reuse_intensive,1,66,0,L0066,2048,1,1;3,True,1789701082.34248,2048,2048,2048,14.07723093032837,False,False,False,False,2048,38.96,2,2,2080.0,True,cache_reused,False,False,0,0.0,1c731c5c2f2bdaaca70f8e58d628532db0991ce301f02aa0f5d386e10535edcf,True,,,1,0,521.834507,696.676219,6,2109,4,2080
20260726_formal4t4_reuse_intensive_Adaptive@rho1.2_c01024_theta30_rep0,0,Adaptive@rho1.2_c01024_theta30,Adaptive,112,reuse_intensive:rep0:req112,reuse_intensive,1,82,1,L0082,4096,3,3,True,1789701083.0422084,4096,4096,4096,9.062530279159546,False,False,False,False,4096,81.92,1,1,4128.0,True,cache_reused,False,False,0,0.0,9e0c7511e496aef4dead7bf026980c86986b45ba9740193a5e961f47c5026135,True,,,1,0,125.641059,437.543542,6,4157,4,4128
20260726_formal4t4_reuse_intensive_Adaptive@rho1.2_c01024_theta30_rep0,0,Adaptive@rho1.2_c01024_theta30,Adaptive,113,reuse_intensive:rep0:req113,reuse_intensive,1,64,2,L0064,2048,2,2;3,False,1789701083.0422626,2048,2048,2048,0.7005510330200195,False,False,False,False,2048,0.0,2,2,2080.0,False,cache_reused,False,False,0,0.0,1e45ef63576b787eb1ba9de1d28961a0582892d71d3688b80d264d88383774ad,True,,,1,0,83.886774,235.392375,6,2109,4,2080
20260726_formal4t4_reuse_intensive_Adaptive@rho1.2_c01024_theta30_rep0,0,Adaptive@rho1.2_c01024_theta30,Adaptive,114,reuse_intensive:rep0:req114,reuse_intensive,1,113,0,L0113,4096,1,,False,1789701083.0422935,0,0,0,,False,False,False,False,0,0.0,0,0,32.0,False,cache_miss,False,False,0,0.0,c675d08bece628aea5f4686a0f59ac9b3b428bb1201ceb7a8bdf1d22f55f3a0b,True,,,1,0,2687.245315,2911.764407,6,4157,4,32
20260726_formal4t4_reuse_intensive_Adaptive@rho1.2_c01024_theta30_rep0,0,Adaptive@rho1.2_c01024_theta30,Adaptive,115,reuse_intensive:rep0:req115,reuse_intensive,1,64,0,L0064,2048,3,2;3,True,1789701083.042329,2048,2048,2048,8.005956649780273,False,False,False,False,2048,38.96,2,2,2080.0,True,cache_reused,False,False,0,0.0,ae89b84ddc975ec6d46c78b021eb9ac82828ae834e731a1adc1b8b367d7820b5,True,,,1,0,230.983486,479.040705,6,2109,4,2080
20260726_formal4t4_reuse_intensive_Adaptive@rho1.2_c01024_theta30_rep0,0,Adaptive@rho1.2_c01024_theta30,Adaptive,116,reuse_intensive:rep0:req116,reuse_intensive,1,111,0,L0111,4096,0,,False,1789701085.9572203,0,0,0,,False,False,False,False,0,0.0,0,0,32.0,False,cache_miss,False,False,0,0.0,bdd80f9c8717e98a55c1011ee206f91c69d80e05d52d4de4fdea0e0d099e619f,True,,,1,0,2551.563859,2769.966635,6,4157,4,32
20260726_formal4t4_reuse_intensive_Adaptive@rho1.2_c01024_theta30_rep0,0,Adaptive@rho1.2_c01024_theta30,Adaptive,117,reuse_intensive:rep0:req117,reuse_intensive,1,66,1,L0066,2048,3,1;3,False,1789701085.9572763,2048,2048,2048,2.9160091876983643,False,False,False,False,2048,0.0,2,2,2080.0,False,cache_reused,False,False,0,0.0,de1ae1a20f6ece63ac8be18d0bc5a852d13540b75c4d7d38abc11bb58fbff045,True,,,1,0,123.808818,316.398384,6,2109,4,2080
20260726_formal4t4_reuse_intensive_Adaptive@rho1.2_c01024_theta30_rep0,0,Adaptive@rho1.2_c01024_theta30,Adaptive,118,reuse_intensive:rep0:req118,reuse_intensive,1,64,1,L0064,2048,2,2;3,False,1789701085.9573157,2048,2048,2048,3.6156041622161865,False,False,False,False,2048,0.0,2,2,2080.0,False,cache_reused,False,False,0,0.0,ee800908047c728205d8dc660a822c11b3f5ce1fa10a7e02752c2994ce0fa8f5,True,,,1,0,139.801003,372.497295,6,2109,4,2080
20260726_formal4t4_reuse_intensive_Adaptive@rho1.2_c01024_theta30_rep0,0,Adaptive@rho1.2_c01024_theta30,Adaptive,119,reuse_intensive:rep0:req119,reuse_intensive,1,66,2,L0066,2048,1,1;3,False,1789701085.9573479,2048,2048,2048,2.9153966903686523,False,False,False,False,2048,0.0,2,2,2080.0,False,cache_reused,False,False,0,0.0,915221d723eab371ed102667c4ab1c30d9d4a24bd66021f289a56a56a5fb6230,True,,,1,0,78.05323,212.205684,6,2109,4,2080
