{
  "cell_id": "round-robin_f5_['instance_0', 'instance_1', 'instance_2', 'instance_3', 'instance_4', 'instance_5']_r2_w12_s10_c4",
  "policy": "round-robin",
  "rep": 2,
  "noise_targets": [
    "instance_0",
    "instance_1",
    "instance_2",
    "instance_3",
    "instance_4",
    "instance_5"
  ],
  "noise_rps": 2.0,
  "freq_hz": 5.0,
  "n_workflows": 12,
  "n_steps": 10,
  "concurrent": 4,
  "duration_s": 75.0,
  "n_state_updates": 243,
  "ttft_p50": 95.287716,
  "ttft_p95": 202.203172,
  "ttft_p99": 253.983107,
  "tpot_p50": 52.89672440625,
  "tpot_p95": 65.9244719375,
  "tpot_p99": 67.86742168965517,
  "cache_hit_rate": 0.8496212723131522,
  "cache_hits_delta": 96240.0,
  "cache_queries_delta": 113274.0,
  "load_stdev": 0.5195119814509149,
  "sla_success_rate": 1.0,
  "workflow_completion_p50": 16182.583222,
  "workflow_completion_p95": 17015.898606,
  "workflow_completion_p99": 17047.494357,
  "n_total_steps": 120,
  "n_failed_steps": 0,
  "failure_rate": 0.0,
  "state_size_avg": 343.4053497942387,
  "state_size_p95": 363,
  "state_traffic_Bps": 13736.213991769548,
  "dispatch_decision_p50": 55.164,
  "dispatch_decision_p95": 75.69,
  "dispatch_decision_p99": 84.325,
  "ttft_raw": [
    151.476996,
    78.698535,
    159.906673,
    269.864752,
    161.548978,
    141.276159,
    63.438662,
    167.393008,
    97.105608,
    159.541951,
    65.771679,
    82.870219,
    57.976108,
    102.693181,
    80.861122,
    209.409656,
    136.717748,
    127.046369,
    53.796453,
    101.785193,
    72.428817,
    94.84076,
    83.966777,
    166.842941,
    59.223395,
    168.869865,
    81.703283,
    97.178491,
    69.842799,
    122.981193,
    128.418242,
    202.203172,
    83.728927,
    169.068081,
    64.15788,
    99.40781,
    92.203867,
    118.979879,
    98.671877,
    186.596139,
    99.951832,
    51.590379,
    66.190667,
    81.755952,
    56.205541,
    63.0717,
    83.428771,
    146.965364,
    124.793154,
    45.895056,
    63.358805,
    155.084131,
    99.107819,
    113.917126,
    90.652769,
    62.403995,
    82.812452,
    63.628016,
    66.066644,
    176.053796,
    211.938549,
    57.100509,
    101.127481,
    128.969079,
    57.352213,
    121.765539,
    173.163213,
    93.501771,
    86.261937,
    55.723881,
    125.198303,
    43.23746,
    113.313322,
    62.523025,
    59.560434,
    187.894746,
    101.838291,
    171.026977,
    83.749324,
    153.410988,
    209.466691,
    65.217194,
    54.882992,
    47.545072,
    109.153265,
    84.464663,
    51.953963,
    83.530091,
    56.338245,
    53.722834,
    112.915279,
    100.275439,
    69.148853,
    82.855757,
    96.196156,
    119.437394,
    82.83076,
    115.216539,
    56.811066,
    128.385056,
    49.091364,
    123.243319,
    87.61965,
    95.287716,
    74.365046,
    82.725882,
    83.070816,
    60.939757,
    89.501152,
    101.250755,
    253.983107,
    175.191785,
    59.115172,
    97.405056,
    57.655319,
    188.103617,
    245.696197,
    53.394154,
    96.012999,
    135.117749
  ],
  "decision_raw": [
    87.797,
    63.846,
    68.38000000000001,
    65.67,
    55.221,
    53.135,
    58.897000000000006,
    61.321000000000005,
    62.855,
    56.498,
    60.311,
    59.506,
    42.359,
    23.663999999999998,
    63.446000000000005,
    83.59700000000001,
    67.222,
    55.135,
    51.686,
    52.522999999999996,
    54.236,
    54.287,
    53.183,
    75.69,
    52.44,
    50.848,
    60.117,
    60.241,
    60.571,
    56.193999999999996,
    54.221000000000004,
    57.387,
    52.855999999999995,
    65.599,
    63.407,
    50.506,
    59.323,
    52.706,
    40.660000000000004,
    66.206,
    78.51,
    54.801,
    54.648,
    64.417,
    59.234,
    59.952,
    52.335,
    70.958,
    52.479,
    63.132000000000005,
    45.799,
    50.818,
    61.806,
    84.325,
    82.10600000000001,
    56.286,
    60.833,
    61.687999999999995,
    55.234,
    62.105000000000004,
    56.378,
    54.553,
    55.164,
    55.731,
    78.492,
    52.451,
    47.82,
    57.321999999999996,
    51.381,
    51.515,
    51.172,
    53.585,
    51.862,
    53.532999999999994,
    54.53,
    55.86,
    73.457,
    53.961,
    22.532999999999998,
    61.769,
    29.89,
    32.722,
    22.057,
    28.197000000000003,
    53.888999999999996,
    21.916,
    52.916,
    62.198,
    32.879999999999995,
    37.324,
    36.554,
    33.311,
    62.418,
    54.451,
    27.026,
    52.155,
    61.963,
    55.998000000000005,
    54.339999999999996,
    53.425,
    61.973,
    62.38400000000001,
    62.365,
    61.297999999999995,
    61.894,
    55.555,
    38.247,
    54.211,
    54.048,
    54.966,
    53.492000000000004,
    45.697,
    60.550999999999995,
    54.561,
    53.805,
    62.328,
    56.794,
    53.199,
    59.998,
    53.665
  ]
}