{
  "cell_id": "n256_f10.0_vsketch_r2",
  "n": 256,
  "f_hz": 10.0,
  "view": "sketch",
  "rep": 2,
  "duration_s": 30,
  "n_updates": 300,
  "size_avg": 1132.4033333333334,
  "size_p95": 1143,
  "size_p99": 1149,
  "size_max": 1153,
  "traffic_Bps": 2898952.5333333337,
  "traffic_MBps": 2.8989525333333335,
  "ser_us_p95": 7.034,
  "deser_us_p95": 20.565,
  "merge_us_p95": 41329.592,
  "total_us_p95": 41544.091,
  "dispatch_p50": 387.198,
  "dispatch_p95": 389.722,
  "dispatch_p99": 390.144,
  "dispatch_q_count": 90,
  "actual_elapsed_s": 30.50162959098816,
  "achieved_hz": 9.835540068607886
}