{
  "cell_id": "coarse_agentic_coarse_f50_r2",
  "policy": "coarse",
  "workload": "agentic",
  "view": "coarse",
  "freq_hz": 50,
  "rep": 2,
  "ctx_tokens": 512,
  "tool_delay_ms": 200,
  "n_workflows": 8,
  "n_steps": 8,
  "concurrent": 4,
  "duration_s": 75,
  "n_state_updates": 177,
  "state_size_avg": 337.57485875706215,
  "state_size_p95": 365,
  "state_size_max": 365,
  "state_traffic_Bps": 135029.94350282487,
  "dispatch_decision_p50": 78.815,
  "dispatch_decision_p95": 99.282,
  "dispatch_decision_p99": 116.421,
  "dispatch_decision_p99_mean": 78.547125,
  "ttft_p50": 82.607316,
  "ttft_p95": 273.441245,
  "ttft_p99": 302.999114,
  "request_latency_p95": 0,
  "workflow_completion_p50": 10588.185495,
  "workflow_completion_p95": 14092.92319,
  "workflow_completion_p99": 14092.92319,
  "cache_hits_delta": 4080.0,
  "cache_queries_delta": 8393.0,
  "cache_hit_rate": 0.486119385201954,
  "same_instance_step_ratio": 0.3541666666666667,
  "n_total_requests": 64,
  "n_failed_requests": 0,
  "load_stdev": 0.7286016721756249
}