{
  "cell_id": "round-robin_f5_['instance_0', 'instance_1']_r3_w12_s10_c4",
  "policy": "round-robin",
  "rep": 3,
  "noise_targets": [
    "instance_0",
    "instance_1"
  ],
  "noise_rps": 2.0,
  "freq_hz": 5.0,
  "n_workflows": 12,
  "n_steps": 10,
  "concurrent": 4,
  "duration_s": 75.0,
  "n_state_updates": 238,
  "ttft_p50": 101.780122,
  "ttft_p95": 179.255117,
  "ttft_p99": 217.032426,
  "tpot_p50": 50.5593103125,
  "tpot_p95": 63.728968153846154,
  "tpot_p99": 65.09752653125,
  "cache_hit_rate": 0.8875967101476141,
  "cache_hits_delta": 90976.0,
  "cache_queries_delta": 102497.0,
  "load_stdev": 0.5103157557639644,
  "sla_success_rate": 1.0,
  "workflow_completion_p50": 14504.115073,
  "workflow_completion_p95": 16919.715823,
  "workflow_completion_p99": 18144.58709,
  "n_total_steps": 120,
  "n_failed_steps": 0,
  "failure_rate": 0.0,
  "state_size_avg": 342.7731092436975,
  "state_size_p95": 363,
  "state_traffic_Bps": 13710.9243697479,
  "dispatch_decision_p50": 53.136,
  "dispatch_decision_p95": 76.61200000000001,
  "dispatch_decision_p99": 83.502,
  "ttft_raw": [
    166.914703,
    179.255117,
    75.142331,
    133.686418,
    188.39106,
    112.178893,
    122.864997,
    163.860639,
    133.034559,
    55.458416,
    88.730017,
    73.062752,
    83.467708,
    63.005275,
    51.00664,
    56.28327,
    103.466155,
    102.392823,
    90.100271,
    203.889491,
    107.35882,
    264.111629,
    65.713635,
    167.40625,
    90.728722,
    68.034827,
    143.861058,
    100.050125,
    120.910415,
    89.969405,
    155.778143,
    126.107087,
    134.560857,
    181.667546,
    91.140887,
    97.35012,
    51.069984,
    61.712367,
    128.199112,
    80.930844,
    95.148696,
    217.032426,
    53.003791,
    164.059794,
    95.928951,
    62.830311,
    116.46526,
    64.486349,
    114.468923,
    100.206494,
    110.633416,
    57.686655,
    81.671011,
    86.907285,
    62.26438,
    116.131117,
    65.774339,
    92.824496,
    109.548881,
    161.814995,
    96.792107,
    101.780122,
    157.244138,
    161.702545,
    126.051229,
    54.867844,
    111.958665,
    160.84427,
    61.560489,
    118.228848,
    128.129647,
    98.462579,
    111.273663,
    135.503938,
    55.789398,
    92.110925,
    192.74198,
    56.864516,
    84.914818,
    67.196504,
    52.505278,
    124.561927,
    53.874283,
    162.737735,
    54.01071,
    107.988377,
    50.131157,
    140.285067,
    124.575893,
    58.988507,
    105.775166,
    118.438175,
    46.763391,
    139.173892,
    60.517604,
    99.068629,
    82.951094,
    88.830064,
    55.291051,
    109.220373,
    78.447013,
    65.003935,
    60.613515,
    95.764045,
    127.897864,
    56.257989,
    108.078889,
    69.17389,
    114.48771,
    52.559618,
    121.297998,
    117.756176,
    82.596802,
    119.595326,
    117.535121,
    133.674173,
    165.893362,
    132.397637,
    156.785504,
    94.800608
  ],
  "decision_raw": [
    83.502,
    67.661,
    53.928000000000004,
    65.627,
    63.190999999999995,
    50.897,
    54.580999999999996,
    76.61200000000001,
    65.694,
    50.047,
    50.932,
    42.641,
    60.010999999999996,
    21.418,
    53.575,
    52.981,
    50.785000000000004,
    50.74,
    43.65,
    52.771,
    53.599,
    53.921,
    50.994,
    52.001,
    62.156000000000006,
    48.561,
    49.715,
    82.292,
    51.02,
    50.398,
    47.051,
    51.534,
    48.731,
    54.391999999999996,
    51.345,
    51.047000000000004,
    43.566,
    64.971,
    51.773,
    51.657,
    52.38,
    52.38,
    65.943,
    47.985,
    53.736999999999995,
    51.337,
    52.05,
    54.057,
    44.251,
    52.064,
    52.498,
    52.321000000000005,
    51.745,
    40.366,
    49.33,
    79.843,
    75.14399999999999,
    50.774,
    51.214999999999996,
    52.556000000000004,
    54.291,
    68.075,
    54.083,
    63.581,
    53.168000000000006,
    52.375,
    53.985,
    54.071,
    43.851,
    53.04,
    52.585,
    57.044,
    52.431,
    51.419,
    52.906,
    77.105,
    63.435,
    52.341,
    55.175,
    65.066,
    53.136,
    60.019000000000005,
    50.756,
    51.888000000000005,
    51.916999999999994,
    52.358000000000004,
    52.080999999999996,
    52.20399999999999,
    66.12400000000001,
    57.573,
    51.689,
    52.339999999999996,
    59.552,
    50.596999999999994,
    54.536,
    57.296,
    74.566,
    59.668,
    57.831,
    66.09,
    52.848,
    54.501,
    44.781,
    53.245000000000005,
    58.801,
    55.88,
    56.765,
    61.846000000000004,
    55.805,
    55.89,
    73.432,
    51.863,
    54.165,
    37.523,
    80.14399999999999,
    86.04599999999999,
    55.699999999999996,
    62.434000000000005,
    67.689,
    54.525
  ]
}