{
  "cell_id": "sketch_f5_['instance_0', 'instance_1']_r2_w12_s10_c4",
  "policy": "sketch",
  "rep": 2,
  "noise_targets": [
    "instance_0",
    "instance_1"
  ],
  "noise_rps": 2.0,
  "freq_hz": 5.0,
  "n_workflows": 12,
  "n_steps": 10,
  "concurrent": 4,
  "duration_s": 75.0,
  "n_state_updates": 237,
  "ttft_p50": 81.866025,
  "ttft_p95": 187.676246,
  "ttft_p99": 279.099104,
  "tpot_p50": 51.15295909375,
  "tpot_p95": 65.94378378125,
  "tpot_p99": 70.06066440000001,
  "cache_hit_rate": 0.9498168821860241,
  "cache_hits_delta": 96736.0,
  "cache_queries_delta": 101847.0,
  "load_stdev": 0.7395942188451269,
  "sla_success_rate": 1.0,
  "workflow_completion_p50": 15671.000573,
  "workflow_completion_p95": 16717.489201,
  "workflow_completion_p99": 17698.521743,
  "n_total_steps": 120,
  "n_failed_steps": 0,
  "failure_rate": 0.0,
  "state_size_avg": 357.4372362869198,
  "state_size_p95": 360,
  "state_traffic_Bps": 14297.489451476793,
  "dispatch_decision_p50": 78.86200000000001,
  "dispatch_decision_p95": 115.33,
  "dispatch_decision_p99": 127.931,
  "ttft_raw": [
    56.981849,
    105.417232,
    106.197391,
    105.132777,
    50.754985,
    88.178475,
    86.658201,
    87.291219,
    77.995489,
    279.099104,
    78.517203,
    280.181421,
    45.991593,
    85.156578,
    187.676246,
    196.220468,
    83.516048,
    157.503094,
    44.987441,
    76.965263,
    48.415395,
    78.919665,
    94.424377,
    50.578988,
    94.671837,
    48.680894,
    44.984146,
    83.768593,
    51.198797,
    46.720938,
    84.020741,
    47.126845,
    44.397257,
    82.499649,
    44.229882,
    45.743433,
    76.188854,
    147.134254,
    80.870977,
    84.814446,
    85.895923,
    85.561154,
    81.457563,
    75.471995,
    88.980253,
    45.729709,
    84.468581,
    85.32996,
    85.886963,
    162.65949,
    111.278446,
    84.257737,
    156.741921,
    83.691092,
    75.275724,
    184.385808,
    46.477886,
    75.022243,
    81.866025,
    97.843143,
    135.497957,
    80.461121,
    143.76661,
    47.262822,
    80.199267,
    84.638029,
    140.302031,
    75.570928,
    45.61417,
    76.461161,
    52.258655,
    168.466648,
    48.369048,
    45.29513,
    64.283765,
    80.562325,
    99.814057,
    52.944141,
    161.796291,
    115.535594,
    86.803467,
    81.531274,
    64.750366,
    236.051612,
    80.9768,
    230.493611,
    48.572037,
    78.991161,
    52.096853,
    81.437138,
    47.298527,
    165.807943,
    78.581503,
    46.619291,
    46.609556,
    82.685875,
    73.062295,
    92.22875,
    82.973019,
    58.30398,
    81.556172,
    79.966202,
    60.429117,
    48.723434,
    86.337714,
    108.849994,
    162.762682,
    170.114753,
    94.613932,
    71.792884,
    227.546271,
    86.843867,
    81.137508,
    91.696501,
    86.591316,
    45.38948,
    79.104997,
    82.471507,
    84.191057,
    46.641153
  ],
  "decision_raw": [
    110.21199999999999,
    73.38799999999999,
    77.292,
    71.95100000000001,
    76.536,
    83.978,
    56.885000000000005,
    67.878,
    77.256,
    55.599000000000004,
    78.30199999999999,
    64.731,
    79.847,
    78.006,
    79.36399999999999,
    76.931,
    75.107,
    113.652,
    79.342,
    112.861,
    80.907,
    92.254,
    80.123,
    80.352,
    83.16499999999999,
    78.242,
    81.655,
    80.257,
    78.507,
    81.486,
    88.458,
    127.931,
    122.549,
    81.332,
    94.90299999999999,
    78.86200000000001,
    79.38,
    68.691,
    76.432,
    116.80799999999999,
    78.03699999999999,
    76.917,
    103.386,
    82.34100000000001,
    90.852,
    79.092,
    76.366,
    77.70700000000001,
    80.041,
    78.584,
    90.864,
    79.034,
    79.817,
    65.47699999999999,
    80.417,
    86.84100000000001,
    101.517,
    76.94699999999999,
    79.12100000000001,
    76.417,
    77.46600000000001,
    79.257,
    76.58200000000001,
    76.501,
    79.232,
    79.057,
    77.327,
    76.41799999999999,
    76.695,
    75.366,
    75.096,
    78.161,
    76.238,
    76.091,
    68.15700000000001,
    77.477,
    75.92099999999999,
    79.372,
    80.394,
    78.56400000000001,
    79.727,
    76.576,
    97.032,
    77.206,
    78.732,
    65.978,
    80.531,
    80.298,
    114.852,
    77.278,
    99.476,
    70.441,
    72.352,
    78.27799999999999,
    86.651,
    73.409,
    76.049,
    80.605,
    115.33,
    79.412,
    77.2,
    123.54099999999998,
    90.777,
    74.91499999999999,
    91.893,
    83.271,
    78.22699999999999,
    77.017,
    116.949,
    78.408,
    74.606,
    79.795,
    76.962,
    78.366,
    78.166,
    112.68900000000001,
    79.092,
    80.441,
    134.442,
    77.017
  ]
}