{
  "cell_id": "rich_rich_chatbot_ctx512_s1_w100_c16_td0_f10_r2_notool_nolat",
  "policy": "rich",
  "view": "rich",
  "workload": "chatbot",
  "ctx_tokens": 512,
  "n_steps": 1,
  "n_workflows": 100,
  "concurrent": 16,
  "duration_s": 60,
  "rep": 2,
  "freq_hz": 10,
  "tool_delay_ms": 0,
  "n_state_updates": 143,
  "ttft_p50": 234.432148,
  "ttft_p95": 570.303025,
  "ttft_p99": 573.976038,
  "tpot_p50": 79.52926925,
  "tpot_p95": 178.59478525,
  "workflow_completion_p50": 2449.215427,
  "workflow_completion_p95": 6088.323259,
  "workflow_completion_p99": 6090.369912,
  "cache_hit_rate": 0.7763987792472025,
  "cache_hits_delta": 7632.0,
  "cache_queries_delta": 9830.0,
  "n_total_steps": 0,
  "cross_instance_switches": 0,
  "same_instance_step_ratio": 1.0,
  "n_total_workflows": 100,
  "n_successful_workflows": 100,
  "n_failed_requests": 0,
  "load_stdev": 3.836389059747458,
  "state_size_avg": 5608.852272727273,
  "state_size_p95": 13596,
  "state_size_max": 16709,
  "state_traffic_Bps": 448708.1818181818,
  "dispatch_decision_p50": 72.877,
  "dispatch_decision_p95": 98.758,
  "dispatch_decision_p99": 124.842
}