{
  "cell_id": "rich_f5_['instance_0', 'instance_1', 'instance_2', 'instance_3', 'instance_4', 'instance_5']_r3_w12_s10_c4",
  "policy": "rich",
  "rep": 3,
  "noise_targets": [
    "instance_0",
    "instance_1",
    "instance_2",
    "instance_3",
    "instance_4",
    "instance_5"
  ],
  "noise_rps": 2.0,
  "freq_hz": 5.0,
  "n_workflows": 12,
  "n_steps": 10,
  "concurrent": 4,
  "duration_s": 75.0,
  "n_state_updates": 220,
  "ttft_p50": 83.278235,
  "ttft_p95": 191.440003,
  "ttft_p99": 340.215578,
  "tpot_p50": 48.72332234375,
  "tpot_p95": 68.2122653125,
  "tpot_p99": 72.0700748888889,
  "cache_hit_rate": 0.9029727091151735,
  "cache_hits_delta": 100816.0,
  "cache_queries_delta": 111649.0,
  "load_stdev": 0.7523187589363868,
  "sla_success_rate": 1.0,
  "workflow_completion_p50": 14484.469307,
  "workflow_completion_p95": 15938.527582,
  "workflow_completion_p99": 16666.232151,
  "n_total_steps": 120,
  "n_failed_steps": 0,
  "failure_rate": 0.0,
  "state_size_avg": 1032.5573863636364,
  "state_size_p95": 2016,
  "state_traffic_Bps": 41302.295454545456,
  "dispatch_decision_p50": 84.867,
  "dispatch_decision_p95": 127.966,
  "dispatch_decision_p99": 196.10600000000002,
  "ttft_raw": [
    106.04017,
    104.700126,
    53.265434,
    189.958515,
    105.393463,
    187.798196,
    43.959006,
    61.399678,
    87.749464,
    179.732747,
    78.280663,
    46.343456,
    84.922652,
    47.13616,
    74.747794,
    117.076969,
    88.628951,
    45.863926,
    53.116084,
    144.074999,
    86.166357,
    139.371835,
    55.367618,
    46.395267,
    84.240736,
    46.873555,
    83.968207,
    48.834376,
    78.818206,
    340.215578,
    48.841619,
    92.355276,
    371.176035,
    70.092593,
    50.453933,
    90.14353,
    89.433553,
    50.240914,
    67.149893,
    88.854975,
    79.405202,
    70.858764,
    84.68125,
    103.431853,
    89.458001,
    48.575204,
    44.405841,
    84.511182,
    71.521017,
    81.250831,
    46.843545,
    140.223883,
    78.488993,
    83.248259,
    80.385096,
    138.594446,
    45.931752,
    86.212431,
    144.59718,
    144.697903,
    119.134602,
    79.007851,
    56.903909,
    83.278235,
    84.529398,
    140.391147,
    129.738906,
    207.1586,
    47.811054,
    218.663011,
    173.249998,
    73.881501,
    99.17027,
    45.368324,
    52.029058,
    179.941606,
    77.316777,
    77.928276,
    78.898676,
    58.576355,
    94.820215,
    74.255105,
    176.801266,
    63.753854,
    177.096243,
    48.132307,
    197.185791,
    46.051476,
    88.988289,
    49.773253,
    71.974806,
    78.489683,
    80.241396,
    50.764835,
    71.065345,
    62.616266,
    90.273479,
    111.109201,
    148.930983,
    149.142943,
    164.48729,
    82.164619,
    69.475821,
    84.409355,
    83.746512,
    68.829729,
    155.166329,
    98.920962,
    46.012475,
    157.974554,
    78.184232,
    222.812937,
    191.440003,
    45.677863,
    79.538264,
    112.165278,
    79.613399,
    84.402006,
    152.690611,
    58.360474
  ],
  "decision_raw": [
    68.996,
    63.732000000000006,
    92.202,
    83.562,
    64.871,
    80.464,
    70.204,
    85.104,
    102.79499999999999,
    71.95899999999999,
    84.731,
    84.374,
    85.48700000000001,
    82.515,
    83.545,
    85.555,
    91.875,
    86.191,
    85.88900000000001,
    82.351,
    84.892,
    84.598,
    84.145,
    84.221,
    86.432,
    85.79799999999999,
    83.93700000000001,
    86.902,
    69.572,
    85.152,
    105.498,
    82.975,
    65.562,
    90.751,
    81.411,
    196.10600000000002,
    106.622,
    60.127,
    89.412,
    110.702,
    61.142999999999994,
    61.857,
    88.226,
    84.405,
    84.75200000000001,
    124.876,
    83.155,
    85.498,
    109.899,
    59.74,
    84.82199999999999,
    109.72300000000001,
    85.45100000000001,
    82.39800000000001,
    94.14999999999999,
    82.15700000000001,
    82.27499999999999,
    84.44200000000001,
    124.762,
    82.78999999999999,
    121.362,
    86.96,
    132.817,
    95.55099999999999,
    93.926,
    81.02799999999999,
    85.057,
    71.504,
    82.873,
    81.691,
    121.73299999999999,
    122.032,
    83.953,
    106.81700000000001,
    81.268,
    67.31,
    153.798,
    59.533,
    59.126999999999995,
    87.491,
    85.788,
    84.798,
    69.637,
    84.502,
    51.690000000000005,
    57.964999999999996,
    74.021,
    82.47200000000001,
    100.492,
    85.089,
    84.04100000000001,
    84.807,
    82.587,
    127.966,
    84.867,
    86.836,
    145.509,
    87.961,
    85.613,
    85.595,
    69.973,
    138.292,
    74.46600000000001,
    84.64999999999999,
    85.49499999999999,
    89.24600000000001,
    81.68700000000001,
    84.90100000000001,
    83.588,
    99.082,
    96.67500000000001,
    89.202,
    77.19200000000001,
    84.48700000000001,
    85.532,
    85.52799999999999,
    83.843,
    93.304,
    91.015,
    217.845
  ]
}