{
  "cell_id": "n64_f1_vcoarse_r1",
  "n": 64,
  "f_hz": 1,
  "view": "coarse",
  "rep": 1,
  "duration_s": 20.0,
  "actual_elapsed_s": 20.004984855651855,
  "n_state_updates": 1280,
  "n_dispatch_queries": 3841,
  "n_deadline_missed": 0,
  "size": {
    "avg": 382.20859375,
    "p50": 382,
    "p95": 385,
    "p99": 385,
    "min": 377,
    "max": 387
  },
  "build_us_p95": 16.599,
  "ser_us_p95": 3.212,
  "deser_us_p95": 6.281,
  "merge_us_p95": 1.314,
  "total_us_p95": 30.341,
  "dispatch_latency_us_p50": 85.818,
  "dispatch_latency_us_p95": 96.952,
  "dispatch_latency_us_p99": 107.05
}