{
  "cell_id": "rich_mixed_sketch_f10_r1",
  "policy": "rich",
  "workload": "mixed",
  "view": "sketch",
  "freq_hz": 10,
  "rep": 1,
  "ctx_tokens": 512,
  "tool_delay_ms": 200,
  "n_workflows": 12,
  "n_steps": 8,
  "concurrent": 4,
  "duration_s": 90,
  "n_state_updates": 256,
  "state_size_avg": 357.7489013671875,
  "state_size_p95": 362,
  "state_size_max": 366,
  "state_traffic_Bps": 28619.912109375,
  "dispatch_decision_p50": 55.626,
  "dispatch_decision_p95": 92.005,
  "dispatch_decision_p99": 116.798,
  "dispatch_decision_p99_mean": 60.45132291666667,
  "ttft_p50": 70.282558,
  "ttft_p95": 156.883416,
  "ttft_p99": 187.201423,
  "request_latency_p95": 0,
  "workflow_completion_p50": 11972.115802,
  "workflow_completion_p95": 13197.178192,
  "workflow_completion_p99": 14017.091033,
  "cache_hits_delta": 10752.0,
  "cache_queries_delta": 12692.0,
  "cache_hit_rate": 0.8471478096438702,
  "same_instance_step_ratio": 0.3333333333333333,
  "n_total_requests": 96,
  "n_failed_requests": 0,
  "load_stdev": 0.8002922227474035
}