{
  "cell_id": "n4_f10.0_vcoarse_r1",
  "n": 4,
  "f_hz": 10.0,
  "view": "coarse",
  "rep": 1,
  "duration_s": 30,
  "n_updates": 300,
  "size_avg": 476.19666666666666,
  "size_p95": 479,
  "size_p99": 480,
  "size_max": 481,
  "traffic_Bps": 19047.866666666665,
  "traffic_MBps": 0.019047866666666666,
  "ser_us_p95": 5.468,
  "deser_us_p95": 10.223,
  "merge_us_p95": 86.381,
  "total_us_p95": 121.013,
  "dispatch_p50": 6.063,
  "dispatch_p95": 8.009,
  "dispatch_p99": 22.73,
  "dispatch_q_count": 97,
  "actual_elapsed_s": 30.501155853271484,
  "achieved_hz": 9.83569283220533
}