{
  "cell_id": "n64_f50.0_vcoarse_r1",
  "n": 64,
  "f_hz": 50.0,
  "view": "coarse",
  "rep": 1,
  "duration_s": 30,
  "n_updates": 1500,
  "size_avg": 476.1906666666667,
  "size_p95": 479,
  "size_p99": 480,
  "size_max": 481,
  "traffic_Bps": 1523810.1333333333,
  "traffic_MBps": 1.5238101333333334,
  "ser_us_p95": 4.719,
  "deser_us_p95": 8.811,
  "merge_us_p95": 963.376,
  "total_us_p95": 996.019,
  "dispatch_p50": 85.888,
  "dispatch_p95": 99.387,
  "dispatch_p99": 111.428,
  "dispatch_q_count": 95,
  "actual_elapsed_s": 30.5003080368042,
  "achieved_hz": 49.17983117383522
}