{
  "cell_id": "stress_n64_f10_vsketch_r2",
  "n": 64,
  "f_hz": 10,
  "view": "sketch",
  "rep": 2,
  "duration_s": 60,
  "n_updates": 600,
  "target_f": 10,
  "achieved_f": 9.999997456869137,
  "size_p95": 511,
  "size_avg": 510.5480729166667,
  "target_traffic_MBps": 0.32675076666666664,
  "achieved_traffic_MBps": 0.3267506835696708,
  "ser_us_p95": 3.435,
  "deser_us_p95": 8.093,
  "merge_us_p95": 0.336,
  "total_us_p95": 13.0,
  "missed_deadline_rate": 2.5431308636747474e-07,
  "sustainable": true
}