{
  "cell_id": "coarse_coarse_prefix_locality_ctx1024_s8_w12_c4_td200_f10_r3",
  "policy": "coarse",
  "view": "coarse",
  "workload": "prefix_locality",
  "ctx_tokens": 1024,
  "n_steps": 8,
  "n_workflows": 12,
  "concurrent": 4,
  "duration_s": 120,
  "rep": 3,
  "freq_hz": 10,
  "tool_delay_ms": 200,
  "n_state_updates": 481,
  "ttft_p50": 139.506631,
  "ttft_p95": 264.052728,
  "ttft_p99": 333.467038,
  "tpot_p50": 95.96812570833333,
  "tpot_p95": 139.00877675,
  "workflow_completion_p50": 20600.08094,
  "workflow_completion_p95": 22825.165314,
  "workflow_completion_p99": 23876.783191,
  "cache_hit_rate": 0.9795145952594976,
  "cache_hits_delta": 82816.0,
  "cache_queries_delta": 84548.0,
  "n_total_steps": 84,
  "cross_instance_switches": 84,
  "same_instance_step_ratio": 0.0,
  "n_total_workflows": 12,
  "n_successful_workflows": 12,
  "n_failed_requests": 0,
  "load_stdev": 0.752874579557563,
  "state_size_avg": 348.72302631578947,
  "state_size_p95": 375,
  "state_size_max": 375,
  "state_traffic_Bps": 27897.842105263157,
  "dispatch_decision_p50": 67.726,
  "dispatch_decision_p95": 87.612,
  "dispatch_decision_p99": 104.679
}