{
  "cell_id": "rich_f10_w8_s12_c3",
  "policy": "rich",
  "freq_hz": 10.0,
  "n_workflows": 8,
  "n_steps": 12,
  "concurrent": 3,
  "duration_s": 120.0,
  "n_state_updates": 773,
  "cache_hits_delta": 112976.0,
  "cache_queries_delta": 118741.0,
  "cache_hit_rate": 0.9514489519205667,
  "ttft_p50": 2321.164104,
  "ttft_p95": 2911.028432,
  "ttft_p99": 3078.822251,
  "request_latency_p50": 2321.273922,
  "request_latency_p95": 2911.137674,
  "request_latency_p99": 3078.947439,
  "workflow_completion_p50": 26400.448992,
  "workflow_completion_p95": 27298.178772,
  "workflow_completion_p99": 27298.178772,
  "n_workflows_succeeded": 8,
  "state_size_avg": 1261.6911384217335,
  "state_size_p95": 2124,
  "state_traffic_Bps": 50467.64553686934,
  "dispatch_decision_p50": 61.951,
  "dispatch_decision_p95": 86.891,
  "dispatch_decision_p99": 117.872
}