{
  "cell_id": "round-robin_prefix_locality_none_f10_r2",
  "policy": "round-robin",
  "workload": "prefix_locality",
  "view": "none",
  "freq_hz": 10,
  "rep": 2,
  "ctx_tokens": 1024,
  "tool_delay_ms": 200,
  "n_workflows": 30,
  "n_steps": 8,
  "concurrent": 4,
  "duration_s": 120,
  "n_state_updates": 1177,
  "state_size_avg": 343.3927295918367,
  "state_size_p95": 363,
  "state_size_max": 363,
  "state_traffic_Bps": 27471.418367346938,
  "dispatch_decision_p50": 50.544999999999995,
  "dispatch_decision_p95": 75.23400000000001,
  "dispatch_decision_p99": 95.433,
  "dispatch_decision_p99_mean": 52.41022916666667,
  "ttft_p50": 123.969586,
  "ttft_p95": 255.161138,
  "ttft_p99": 352.745218,
  "request_latency_p95": 0,
  "workflow_completion_p50": 21961.09944,
  "workflow_completion_p95": 23609.114762,
  "workflow_completion_p99": 24072.477549,
  "cache_hits_delta": 208976.0,
  "cache_queries_delta": 216063.0,
  "cache_hit_rate": 0.9671993816618301,
  "same_instance_step_ratio": 0.31666666666666665,
  "n_total_requests": 240,
  "n_failed_requests": 0,
  "load_stdev": 0.5162324615423025
}