{
  "cell_id": "oracle_oracle_prefix_locality_ctx1024_s8_w12_c4_td200_f10_r1",
  "policy": "oracle",
  "view": "oracle",
  "workload": "prefix_locality",
  "ctx_tokens": 1024,
  "n_steps": 8,
  "n_workflows": 12,
  "concurrent": 4,
  "duration_s": 120,
  "rep": 1,
  "freq_hz": 10,
  "tool_delay_ms": 200,
  "n_state_updates": 494,
  "ttft_p50": 146.952314,
  "ttft_p95": 292.721561,
  "ttft_p99": 535.213583,
  "tpot_p50": 98.31157616666667,
  "tpot_p95": 147.599069375,
  "workflow_completion_p50": 22720.553594,
  "workflow_completion_p95": 27076.107043,
  "workflow_completion_p99": 27604.363001,
  "cache_hit_rate": 0.9593438450116666,
  "cache_hits_delta": 81408.0,
  "cache_queries_delta": 84858.0,
  "n_total_steps": 84,
  "cross_instance_switches": 16,
  "same_instance_step_ratio": 0.8095238095238095,
  "n_total_workflows": 12,
  "n_successful_workflows": 12,
  "n_failed_requests": 0,
  "load_stdev": 0.6525264924680994,
  "state_size_avg": 2514.520042694497,
  "state_size_p95": 4522,
  "state_size_max": 5653,
  "state_traffic_Bps": 201161.60341555977,
  "dispatch_decision_p50": 54.655,
  "dispatch_decision_p95": 73.288,
  "dispatch_decision_p99": 88.681
}