{
  "cell_id": "round-robin_f5_['instance_0', 'instance_1', 'instance_2', 'instance_3', 'instance_4', 'instance_5']_r3_w12_s10_c4",
  "policy": "round-robin",
  "rep": 3,
  "noise_targets": [
    "instance_0",
    "instance_1",
    "instance_2",
    "instance_3",
    "instance_4",
    "instance_5"
  ],
  "noise_rps": 2.0,
  "freq_hz": 5.0,
  "n_workflows": 12,
  "n_steps": 10,
  "concurrent": 4,
  "duration_s": 75.0,
  "n_state_updates": 240,
  "ttft_p50": 95.794553,
  "ttft_p95": 204.413211,
  "ttft_p99": 232.87025,
  "tpot_p50": 54.849736285714286,
  "tpot_p95": 64.2531824375,
  "tpot_p99": 66.213816125,
  "cache_hit_rate": 0.8505382036350803,
  "cache_hits_delta": 96400.0,
  "cache_queries_delta": 113340.0,
  "load_stdev": 0.5183846726043954,
  "sla_success_rate": 1.0,
  "workflow_completion_p50": 15554.095012,
  "workflow_completion_p95": 17644.695518,
  "workflow_completion_p99": 17797.861217,
  "n_total_steps": 120,
  "n_failed_steps": 0,
  "failure_rate": 0.0,
  "state_size_avg": 343.4458333333333,
  "state_size_p95": 363,
  "state_traffic_Bps": 13737.833333333332,
  "dispatch_decision_p50": 52.685,
  "dispatch_decision_p95": 68.456,
  "dispatch_decision_p99": 81.39,
  "ttft_raw": [
    74.142203,
    193.252869,
    135.220558,
    213.585874,
    98.523446,
    50.008634,
    123.526999,
    232.87025,
    134.430922,
    100.612199,
    80.176058,
    231.932271,
    77.273515,
    103.470054,
    115.179509,
    191.732165,
    157.502355,
    103.499361,
    63.407618,
    238.037808,
    121.312765,
    114.407772,
    181.18376,
    81.869597,
    85.334689,
    93.780119,
    200.076329,
    83.031914,
    80.705337,
    59.548148,
    74.112994,
    143.745598,
    74.901499,
    120.318064,
    63.924509,
    78.259414,
    101.511264,
    105.65226,
    55.594389,
    47.077918,
    130.471603,
    118.263225,
    199.377922,
    63.602658,
    155.988533,
    143.037635,
    54.29343,
    79.933443,
    46.452688,
    45.636242,
    190.156184,
    71.139316,
    155.559236,
    127.784573,
    56.994621,
    101.624166,
    53.205996,
    83.667757,
    61.963107,
    215.294321,
    75.284201,
    149.816263,
    51.243345,
    80.001885,
    113.283491,
    75.605328,
    91.683147,
    44.841738,
    195.925507,
    52.438799,
    101.017318,
    50.600775,
    134.220278,
    121.003808,
    116.058662,
    217.202215,
    85.258901,
    84.750528,
    53.354403,
    96.100455,
    128.332144,
    81.171395,
    94.493961,
    146.747902,
    95.794553,
    187.490638,
    88.58576,
    96.147963,
    120.592735,
    56.078976,
    85.941072,
    87.946902,
    109.374517,
    49.358045,
    93.282429,
    109.623447,
    70.289739,
    204.413211,
    80.372447,
    98.525386,
    66.596055,
    85.278333,
    123.564238,
    132.178381,
    138.085384,
    98.845833,
    60.448508,
    57.13414,
    56.269814,
    76.32253,
    72.212137,
    109.142298,
    110.280172,
    66.574918,
    73.356581,
    52.978075,
    88.275946,
    45.893645,
    119.958925,
    107.697116
  ],
  "decision_raw": [
    64.39399999999999,
    64.397,
    86.956,
    68.23200000000001,
    58.254000000000005,
    52.605000000000004,
    51.951,
    57.308,
    50.922,
    55.855,
    51.291000000000004,
    52.751,
    60.501000000000005,
    54.815000000000005,
    50.03,
    51.696,
    64.441,
    55.111999999999995,
    51.1,
    51.754,
    72.18199999999999,
    47.53,
    51.547,
    50.726,
    35.806999999999995,
    61.22,
    58.294999999999995,
    60.61,
    54.772,
    74.687,
    46.940999999999995,
    55.717999999999996,
    81.39,
    68.456,
    53.356,
    55.161,
    60.714999999999996,
    60.426,
    52.821,
    52.685,
    57.375,
    50.738,
    20.496000000000002,
    48.237,
    26.977,
    40.574,
    60.266000000000005,
    23.717,
    28.871,
    16.782999999999998,
    22.133,
    62.381,
    36.518,
    49.245,
    66.846,
    29.97,
    26.831,
    25.265,
    65.671,
    51.741,
    41.657,
    60.854,
    34.028,
    34.078,
    20.942999999999998,
    26.795,
    30.333,
    30.821999999999996,
    51.586,
    24.474999999999998,
    34.149,
    53.498000000000005,
    51.190000000000005,
    77.226,
    50.33,
    49.821999999999996,
    50.399,
    52.095,
    50.124,
    50.478,
    51.505,
    50.58,
    50.681,
    50.903999999999996,
    49.251,
    50.404,
    51.187999999999995,
    49.788,
    57.759,
    50.291,
    51.924,
    78.31899999999999,
    59.433,
    60.526,
    65.59100000000001,
    55.831,
    52.957,
    51.958,
    54.268,
    55.408,
    54.839999999999996,
    66.922,
    65.82799999999999,
    56.994,
    62.087,
    57.145,
    54.06,
    53.711,
    25.695,
    53.969,
    53.927,
    59.111,
    53.983999999999995,
    55.398,
    54.134,
    54.083,
    51.817,
    52.040000000000006,
    52.395,
    53.331
  ]
}