{
  "cell_id": "n256_f10.0_vrich_r1",
  "n": 256,
  "f_hz": 10.0,
  "view": "rich",
  "rep": 1,
  "duration_s": 30,
  "n_updates": 88,
  "size_avg": 38837.681818181816,
  "size_p95": 38924,
  "size_p99": 38937,
  "size_max": 38937,
  "traffic_Bps": 99424465.45454545,
  "traffic_MBps": 99.42446545454546,
  "ser_us_p95": 51.765,
  "deser_us_p95": 244.305,
  "merge_us_p95": 340256.855,
  "total_us_p95": 341902.294,
  "dispatch_p50": 395.384,
  "dispatch_p95": 407.535,
  "dispatch_p99": 415.184,
  "dispatch_q_count": 75,
  "actual_elapsed_s": 30.500474214553833,
  "achieved_hz": 2.885201042481145
}