{
  "cell_id": "stress_n256_f10_vcoarse_r2",
  "n": 256,
  "f_hz": 10,
  "view": "coarse",
  "rep": 2,
  "duration_s": 60,
  "n_updates": 600,
  "target_f": 10,
  "achieved_f": 9.99999733765991,
  "size_p95": 377,
  "size_avg": 374.49408854166666,
  "target_traffic_MBps": 0.9587048666666667,
  "achieved_traffic_MBps": 0.9587046114268265,
  "ser_us_p95": 2.143,
  "deser_us_p95": 4.82,
  "merge_us_p95": 0.306,
  "total_us_p95": 7.975,
  "missed_deadline_rate": 2.66234009060895e-07,
  "sustainable": true
}