{
  "cell_id": "coarse_f5_['instance_0', 'instance_1', 'instance_2', 'instance_3', 'instance_4', 'instance_5']_r1_w12_s10_c4",
  "policy": "coarse",
  "rep": 1,
  "noise_targets": [
    "instance_0",
    "instance_1",
    "instance_2",
    "instance_3",
    "instance_4",
    "instance_5"
  ],
  "noise_rps": 2.0,
  "freq_hz": 5.0,
  "n_workflows": 12,
  "n_steps": 10,
  "concurrent": 4,
  "duration_s": 75.0,
  "n_state_updates": 240,
  "ttft_p50": 106.057989,
  "ttft_p95": 237.875368,
  "ttft_p99": 276.623059,
  "tpot_p50": 50.70646270588236,
  "tpot_p95": 71.2051271875,
  "tpot_p99": 75.288519,
  "cache_hit_rate": 0.8803922260237734,
  "cache_hits_delta": 99840.0,
  "cache_queries_delta": 113404.0,
  "load_stdev": 0.8170993815674271,
  "sla_success_rate": 1.0,
  "workflow_completion_p50": 15780.712247,
  "workflow_completion_p95": 16528.502464,
  "workflow_completion_p99": 17370.063659,
  "n_total_steps": 120,
  "n_failed_steps": 0,
  "failure_rate": 0.0,
  "state_size_avg": 338.18854166666665,
  "state_size_p95": 363,
  "state_traffic_Bps": 13527.541666666666,
  "dispatch_decision_p50": 83.861,
  "dispatch_decision_p95": 115.58,
  "dispatch_decision_p99": 132.24800000000002,
  "ttft_raw": [
    56.517843,
    116.400111,
    117.200685,
    118.158902,
    110.564953,
    87.226212,
    90.107813,
    75.716487,
    82.90735,
    123.244724,
    56.114285,
    81.682735,
    276.623059,
    163.826562,
    97.831932,
    64.605905,
    63.862282,
    50.342959,
    55.342648,
    147.534422,
    77.199202,
    46.33092,
    135.064878,
    124.254422,
    142.574513,
    247.684598,
    50.22383,
    111.894517,
    165.717062,
    200.920345,
    65.841262,
    168.897881,
    268.534606,
    299.107264,
    165.635543,
    155.458249,
    172.513106,
    59.844961,
    168.551374,
    66.404816,
    167.247944,
    141.333788,
    72.400545,
    135.936573,
    46.507971,
    47.226045,
    57.499233,
    83.681934,
    181.090145,
    164.121655,
    191.583209,
    147.080076,
    223.667861,
    165.925803,
    87.816102,
    202.365993,
    86.441384,
    252.000487,
    109.883064,
    78.334796,
    59.221609,
    162.661226,
    77.499425,
    183.459968,
    64.708197,
    103.2232,
    218.612372,
    203.077805,
    49.50762,
    84.205482,
    176.488319,
    175.936192,
    47.450278,
    140.555448,
    52.038563,
    141.502654,
    106.057989,
    183.588138,
    82.859581,
    51.526579,
    81.18687,
    144.532511,
    273.228898,
    88.326842,
    47.770103,
    103.267016,
    229.811534,
    56.645358,
    83.881194,
    47.141169,
    64.502569,
    82.04644,
    168.222699,
    89.203001,
    106.621141,
    163.052832,
    130.124559,
    56.928799,
    57.816478,
    47.505629,
    178.622598,
    215.202833,
    53.85522,
    148.860615,
    149.276534,
    50.120676,
    47.281182,
    81.45723,
    237.875368,
    95.440941,
    73.271457,
    112.24854,
    94.043643,
    59.066684,
    165.862672,
    53.377025,
    83.115695,
    106.607667,
    47.11917,
    141.813838
  ],
  "decision_raw": [
    115.58,
    85.036,
    87.96000000000001,
    108.00699999999999,
    83.545,
    84.75,
    81.76,
    82.313,
    79.465,
    95.655,
    82.515,
    98.552,
    73.32900000000001,
    81.75500000000001,
    83.62299999999999,
    79.102,
    81.466,
    93.056,
    81.226,
    91.071,
    91.004,
    89.562,
    111.036,
    85.31400000000001,
    84.629,
    86.545,
    85.81400000000001,
    41.414,
    98.068,
    45.338,
    88.062,
    68.191,
    80.532,
    82.99199999999999,
    82.299,
    93.191,
    91.637,
    84.118,
    67.442,
    83.111,
    81.896,
    125.46200000000002,
    84.398,
    90.657,
    78.741,
    80.46900000000001,
    79.731,
    79.21,
    82.018,
    84.491,
    83.598,
    78.891,
    37.29900000000001,
    80.02499999999999,
    111.592,
    77.666,
    86.37100000000001,
    87.672,
    81.68299999999999,
    88.481,
    88.342,
    86.645,
    83.622,
    92.512,
    94.946,
    99.831,
    132.24800000000002,
    79.882,
    29.488,
    95.48700000000001,
    124.76800000000001,
    65.435,
    81.169,
    66.527,
    183.475,
    96.864,
    84.48100000000001,
    80.882,
    82.391,
    82.932,
    81.007,
    81.68700000000001,
    66.066,
    82.295,
    81.308,
    82.367,
    78.47399999999999,
    91.057,
    81.302,
    85.449,
    76.537,
    83.428,
    93.1,
    93.42099999999999,
    83.348,
    82.896,
    85.425,
    77.74,
    94.54599999999999,
    95.955,
    87.947,
    80.767,
    85.17399999999999,
    70.23599999999999,
    96.517,
    96.638,
    83.437,
    132.234,
    84.69,
    121.426,
    85.635,
    84.071,
    85.938,
    108.218,
    81.437,
    34.219,
    81.852,
    84.084,
    81.571,
    83.861
  ]
}