{
  "cell_id": "stress_n512_f10_vrich_r1",
  "n": 512,
  "f_hz": 10,
  "view": "rich",
  "rep": 1,
  "duration_s": 60,
  "n_updates": 600,
  "target_f": 10,
  "achieved_f": 9.999997655551189,
  "size_p95": 1462,
  "size_avg": 1460.28125,
  "target_traffic_MBps": 7.47664,
  "achieved_traffic_MBps": 7.4766382471400235,
  "ser_us_p95": 4.974,
  "deser_us_p95": 15.924,
  "merge_us_p95": 0.359,
  "total_us_p95": 23.186,
  "missed_deadline_rate": 2.344448810642774e-07,
  "sustainable": true
}