{
  "cell_id": "coarse_coarse_prefix_locality_ctx1024_s16_w12_c4_td200_f10_r2",
  "policy": "coarse",
  "view": "coarse",
  "workload": "prefix_locality",
  "ctx_tokens": 1024,
  "n_steps": 16,
  "n_workflows": 12,
  "concurrent": 4,
  "duration_s": 120,
  "rep": 2,
  "freq_hz": 10,
  "tool_delay_ms": 200,
  "n_state_updates": 1015,
  "ttft_p50": 221.411187,
  "ttft_p95": 504.642315,
  "ttft_p99": 598.322994,
  "tpot_p50": 98.05119245833333,
  "tpot_p95": 149.57026204166667,
  "workflow_completion_p50": 45801.185388,
  "workflow_completion_p95": 47042.585706,
  "workflow_completion_p99": 47477.138897,
  "cache_hit_rate": 0.9128701191459243,
  "cache_hits_delta": 154768.0,
  "cache_queries_delta": 169540.0,
  "n_total_steps": 180,
  "cross_instance_switches": 180,
  "same_instance_step_ratio": 0.0,
  "n_total_workflows": 12,
  "n_successful_workflows": 12,
  "n_failed_requests": 0,
  "load_stdev": 0.9489514312204747,
  "state_size_avg": 348.0002463054187,
  "state_size_p95": 375,
  "state_size_max": 375,
  "state_traffic_Bps": 27840.0197044335,
  "dispatch_decision_p50": 68.042,
  "dispatch_decision_p95": 82.46,
  "dispatch_decision_p99": 104.443
}