{
  "cell_id": "rich_f10_bal_w10_s10_c4",
  "policy": "rich",
  "imbalanced": false,
  "freq_hz": 10.0,
  "n_workflows": 10,
  "n_steps": 10,
  "concurrent": 4,
  "duration_s": 90.0,
  "n_state_updates": 641,
  "ttft_p50": 191.038046,
  "ttft_p95": 608.900721,
  "ttft_p99": 689.959383,
  "tpot_p50": 72.93384672413794,
  "tpot_p95": 97.2015309375,
  "tpot_p99": 106.57540382142858,
  "cache_hit_rate": 0.8970772883800147,
  "load_stdev": 0.9599203852473237,
  "sla_success_rate": 1.0,
  "workflow_completion_p50": 21928.259291,
  "workflow_completion_p95": 31245.642798,
  "workflow_completion_p99": 31245.642798,
  "n_workflows_succeeded": 10,
  "n_total_steps": 100,
  "n_failed_steps": 0,
  "failure_rate": 0.0,
  "state_size_avg": 1377.1240249609984,
  "state_size_p95": 2975,
  "state_traffic_Bps": 55084.960998439936,
  "dispatch_decision_p50": 63.711,
  "dispatch_decision_p95": 90.37100000000001,
  "dispatch_decision_p99": 105.68700000000001
}