{
  "cell_id": "n4_f10.0_vsketch_r1",
  "n": 4,
  "f_hz": 10.0,
  "view": "sketch",
  "rep": 1,
  "duration_s": 30,
  "n_updates": 300,
  "size_avg": 426.51,
  "size_p95": 429,
  "size_p99": 429,
  "size_max": 429,
  "traffic_Bps": 17060.4,
  "traffic_MBps": 0.0170604,
  "ser_us_p95": 5.895,
  "deser_us_p95": 10.99,
  "merge_us_p95": 132.662,
  "total_us_p95": 181.004,
  "dispatch_p50": 6.474,
  "dispatch_p95": 7.083,
  "dispatch_p99": 8.709,
  "dispatch_q_count": 97,
  "actual_elapsed_s": 30.501373291015625,
  "achieved_hz": 9.835622715662016
}