{
  "cell_id": "oracle_oracle_prefix_locality_ctx1024_s16_w12_c4_td200_f10_r1",
  "policy": "oracle",
  "view": "oracle",
  "workload": "prefix_locality",
  "ctx_tokens": 1024,
  "n_steps": 16,
  "n_workflows": 12,
  "concurrent": 4,
  "duration_s": 120,
  "rep": 1,
  "freq_hz": 10,
  "tool_delay_ms": 200,
  "n_state_updates": 1002,
  "ttft_p50": 155.831723,
  "ttft_p95": 312.282613,
  "ttft_p99": 571.675279,
  "tpot_p50": 106.71281466666666,
  "tpot_p95": 153.885196625,
  "workflow_completion_p50": 51562.253368,
  "workflow_completion_p95": 59093.996199,
  "workflow_completion_p99": 60454.469305,
  "cache_hit_rate": 0.9463178409023799,
  "cache_hits_delta": 160240.0,
  "cache_queries_delta": 169330.0,
  "n_total_steps": 180,
  "cross_instance_switches": 17,
  "same_instance_step_ratio": 0.9055555555555556,
  "n_total_workflows": 12,
  "n_successful_workflows": 12,
  "n_failed_requests": 0,
  "load_stdev": 0.6832995919911485,
  "state_size_avg": 2640.992764471058,
  "state_size_p95": 5063,
  "state_size_max": 5425,
  "state_traffic_Bps": 211279.42115768464,
  "dispatch_decision_p50": 54.788,
  "dispatch_decision_p95": 66.777,
  "dispatch_decision_p99": 72.954
}