{
  "cell_id": "coarse_f5_['instance_0', 'instance_1', 'instance_2', 'instance_3', 'instance_4', 'instance_5']_r2_w12_s10_c4",
  "policy": "coarse",
  "rep": 2,
  "noise_targets": [
    "instance_0",
    "instance_1",
    "instance_2",
    "instance_3",
    "instance_4",
    "instance_5"
  ],
  "noise_rps": 2.0,
  "freq_hz": 5.0,
  "n_workflows": 12,
  "n_steps": 10,
  "concurrent": 4,
  "duration_s": 75.0,
  "n_state_updates": 228,
  "ttft_p50": 98.529921,
  "ttft_p95": 228.337008,
  "ttft_p99": 279.96265,
  "tpot_p50": 49.24976859375,
  "tpot_p95": 68.75495859375,
  "tpot_p99": 74.86282753333333,
  "cache_hit_rate": 0.8810376952845063,
  "cache_hits_delta": 98352.0,
  "cache_queries_delta": 111632.0,
  "load_stdev": 0.7699640958675572,
  "sla_success_rate": 1.0,
  "workflow_completion_p50": 14694.942488,
  "workflow_completion_p95": 16369.406631,
  "workflow_completion_p99": 17099.831942,
  "n_total_steps": 120,
  "n_failed_steps": 0,
  "failure_rate": 0.0,
  "state_size_avg": 338.8881578947368,
  "state_size_p95": 363,
  "state_traffic_Bps": 13555.526315789473,
  "dispatch_decision_p50": 82.415,
  "dispatch_decision_p95": 124.652,
  "dispatch_decision_p99": 152.632,
  "ttft_raw": [
    62.182241,
    126.782609,
    127.338225,
    127.021987,
    94.814583,
    51.660264,
    73.008349,
    278.773334,
    279.96265,
    44.123991,
    218.81841,
    218.394807,
    92.819571,
    182.395134,
    73.127812,
    85.639116,
    694.618042,
    84.139104,
    228.241412,
    50.674555,
    43.414671,
    80.151032,
    107.749618,
    230.766284,
    203.912221,
    45.655264,
    205.048316,
    228.337008,
    66.924857,
    80.586023,
    148.725851,
    88.794103,
    134.614008,
    95.116895,
    101.201002,
    88.121328,
    73.075817,
    71.844812,
    98.529921,
    151.981447,
    45.286386,
    78.391448,
    79.969635,
    106.458519,
    189.314921,
    115.296758,
    111.263675,
    84.5536,
    73.880972,
    112.374399,
    55.093752,
    88.325327,
    90.719892,
    120.707228,
    220.906438,
    102.870594,
    108.000046,
    59.843004,
    113.991595,
    163.143617,
    62.02376,
    84.342095,
    48.576533,
    115.793737,
    78.208539,
    51.985345,
    46.299694,
    132.434908,
    142.922494,
    78.097754,
    73.255489,
    53.939484,
    50.200178,
    60.24365,
    124.905411,
    52.620037,
    115.697533,
    106.690318,
    92.194877,
    138.4573,
    90.565131,
    124.613873,
    56.257335,
    90.589085,
    116.236185,
    164.5027,
    85.529146,
    232.915556,
    92.925444,
    57.257528,
    213.50646,
    88.435592,
    116.083744,
    157.77582,
    244.73763,
    65.178894,
    46.512743,
    104.031491,
    80.168418,
    89.126267,
    165.970114,
    155.396164,
    151.118282,
    108.894039,
    180.937785,
    78.093703,
    165.672204,
    139.859423,
    77.252863,
    56.447798,
    84.00082,
    101.944024,
    160.647396,
    154.957957,
    143.081788,
    83.00575,
    117.059701,
    42.27529,
    117.892217,
    48.295535
  ],
  "decision_raw": [
    42.236,
    28.372,
    32.846,
    30.056,
    48.466,
    132.021,
    82.415,
    58.155,
    65.49499999999999,
    81.219,
    77.775,
    64.02,
    90.95100000000001,
    83.502,
    84.684,
    87.775,
    81.53800000000001,
    80.777,
    86.908,
    82.712,
    85.358,
    86.041,
    80.881,
    81.913,
    83.658,
    84.671,
    83.979,
    79.434,
    80.942,
    82.782,
    81.036,
    84.235,
    84.12100000000001,
    81.581,
    82.83500000000001,
    79.43199999999999,
    80.771,
    83.646,
    95.515,
    80.98100000000001,
    86.789,
    37.239,
    80.991,
    83.786,
    123.00500000000001,
    82.291,
    82.621,
    123.69599999999998,
    82.716,
    81.725,
    80.01700000000001,
    91.792,
    126.756,
    82.609,
    102.12,
    102.662,
    79.886,
    84.476,
    150.595,
    78.931,
    124.652,
    165.826,
    81.96300000000001,
    78.552,
    152.632,
    80.703,
    80.69200000000001,
    80.667,
    84.009,
    80.82000000000001,
    71.394,
    82.117,
    82.003,
    90.25200000000001,
    81.884,
    81.98400000000001,
    75.685,
    113.192,
    83.672,
    79.949,
    83.73100000000001,
    106.089,
    80.398,
    65.445,
    84.411,
    81.969,
    79.857,
    74.048,
    81.53999999999999,
    87.778,
    85.565,
    89.241,
    82.25500000000001,
    81.412,
    79.564,
    82.051,
    96.35,
    68.426,
    83.232,
    82.155,
    81.581,
    82.361,
    84.801,
    83.21499999999999,
    82.531,
    79.405,
    69.634,
    83.287,
    85.851,
    131.454,
    105.06200000000001,
    83.475,
    84.318,
    86.321,
    75.182,
    85.14,
    62.898,
    83.04700000000001,
    100.21000000000001,
    81.168
  ]
}