{
  "cell_id": "n16_f50_vcoarse_r1",
  "n": 16,
  "f_hz": 50,
  "view": "coarse",
  "rep": 1,
  "duration_s": 20.0,
  "actual_elapsed_s": 20.02285885810852,
  "n_state_updates": 16000,
  "n_dispatch_queries": 3727,
  "n_deadline_missed": 0,
  "size": {
    "avg": 381.7283125,
    "p50": 382,
    "p95": 384,
    "p99": 385,
    "min": 375,
    "max": 388
  },
  "build_us_p95": 19.543,
  "ser_us_p95": 3.364,
  "deser_us_p95": 7.036,
  "merge_us_p95": 1.091,
  "total_us_p95": 33.091,
  "dispatch_latency_us_p50": 22.472,
  "dispatch_latency_us_p95": 27.451,
  "dispatch_latency_us_p99": 37.194
}