{
  "cell_id": "rich_f5_['instance_0', 'instance_1']_r1_w12_s10_c4",
  "policy": "rich",
  "rep": 1,
  "noise_targets": [
    "instance_0",
    "instance_1"
  ],
  "noise_rps": 2.0,
  "freq_hz": 5.0,
  "n_workflows": 12,
  "n_steps": 10,
  "concurrent": 4,
  "duration_s": 75.0,
  "n_state_updates": 231,
  "ttft_p50": 82.585712,
  "ttft_p95": 191.876958,
  "ttft_p99": 257.337758,
  "tpot_p50": 51.887460125,
  "tpot_p95": 64.99561859375,
  "tpot_p99": 66.44308976666666,
  "cache_hit_rate": 0.9437682522882734,
  "cache_hits_delta": 96304.0,
  "cache_queries_delta": 102042.0,
  "load_stdev": 0.7718898322159573,
  "sla_success_rate": 1.0,
  "workflow_completion_p50": 15024.707982,
  "workflow_completion_p95": 16970.378237,
  "workflow_completion_p99": 17954.839807,
  "n_total_steps": 120,
  "n_failed_steps": 0,
  "failure_rate": 0.0,
  "state_size_avg": 1049.2851731601731,
  "state_size_p95": 2502,
  "state_traffic_Bps": 41971.406926406926,
  "dispatch_decision_p50": 83.831,
  "dispatch_decision_p95": 105.72200000000001,
  "dispatch_decision_p99": 190.31199999999998,
  "ttft_raw": [
    71.683833,
    120.572335,
    119.609321,
    120.265762,
    124.8307,
    156.934634,
    47.137934,
    83.189627,
    156.504547,
    55.544637,
    124.684184,
    59.695048,
    83.486311,
    241.249053,
    293.160404,
    257.337758,
    46.477491,
    108.30264,
    75.167321,
    46.534167,
    109.033872,
    47.661227,
    86.913401,
    143.298365,
    46.427359,
    57.802613,
    64.139468,
    93.644483,
    73.746161,
    45.830158,
    56.033417,
    246.669437,
    223.544187,
    74.845508,
    48.744024,
    155.770484,
    191.876958,
    81.045041,
    195.142048,
    136.977737,
    79.21577,
    47.565195,
    48.108726,
    47.845067,
    54.989047,
    83.004954,
    47.461151,
    65.681018,
    65.284487,
    82.30211,
    158.899129,
    50.502365,
    82.585712,
    50.098246,
    86.644766,
    99.93493,
    45.086214,
    69.971181,
    79.984047,
    80.523627,
    77.082306,
    79.923327,
    152.356952,
    63.136355,
    50.820112,
    86.825234,
    50.918608,
    114.438844,
    83.476274,
    48.929045,
    62.213543,
    96.944664,
    93.594991,
    120.651668,
    87.495752,
    49.090226,
    144.442273,
    87.941587,
    105.734393,
    48.655536,
    168.118568,
    55.327237,
    57.697972,
    83.332448,
    53.991846,
    158.069806,
    80.388312,
    79.460074,
    87.698676,
    104.757786,
    160.313277,
    83.572987,
    47.022569,
    80.601262,
    85.322353,
    71.887916,
    88.923511,
    77.511853,
    56.772011,
    45.025654,
    63.87636,
    165.061956,
    131.919113,
    63.999907,
    142.391984,
    79.216114,
    67.056375,
    95.320685,
    104.347067,
    81.375429,
    96.521729,
    106.531335,
    141.402817,
    46.021133,
    102.885795,
    141.881108,
    57.337155,
    179.628734,
    65.878801,
    86.647367
  ],
  "decision_raw": [
    90.161,
    69.14099999999999,
    62.41,
    64.217,
    82.97300000000001,
    68.44,
    86.201,
    81.583,
    58.983000000000004,
    83.558,
    85.21799999999999,
    80.851,
    83.182,
    80.023,
    76.262,
    88.945,
    83.45500000000001,
    62.845,
    81.346,
    86.60799999999999,
    73.691,
    82.551,
    85.988,
    79.328,
    84.087,
    85.611,
    79.99,
    97.61,
    85.123,
    81.309,
    86.805,
    69.65599999999999,
    55.035,
    87.316,
    84.944,
    87.25500000000001,
    78.866,
    82.798,
    86.74900000000001,
    85.006,
    55.62,
    84.997,
    214.013,
    78.86200000000001,
    81.45200000000001,
    82.70100000000001,
    88.887,
    88.31700000000001,
    85.946,
    69.224,
    85.872,
    102.581,
    60.587,
    84.221,
    34.056,
    82.049,
    82.878,
    83.345,
    83.168,
    86.415,
    81.008,
    85.73400000000001,
    70.946,
    74.318,
    189.442,
    118.508,
    86.057,
    83.04100000000001,
    84.434,
    84.108,
    86.175,
    190.31199999999998,
    68.033,
    79.843,
    85.50099999999999,
    38.815,
    55.2,
    82.51400000000001,
    63.318000000000005,
    81.201,
    84.657,
    85.61999999999999,
    81.127,
    86.157,
    66.902,
    135.692,
    83.091,
    57.423,
    85.497,
    82.811,
    82.60000000000001,
    84.327,
    86.156,
    41.754,
    86.61200000000001,
    86.785,
    96.043,
    86.636,
    84.792,
    83.06599999999999,
    82.56,
    93.27199999999999,
    116.023,
    85.801,
    80.047,
    86.771,
    81.42399999999999,
    84.161,
    83.831,
    99.56299999999999,
    82.82,
    86.84100000000001,
    76.923,
    84.596,
    86.054,
    76.335,
    84.851,
    84.66699999999999,
    86.577,
    105.72200000000001
  ]
}