{
  "cell_id": "coarse_f5_['instance_0', 'instance_1']_r1_w12_s10_c4",
  "policy": "coarse",
  "rep": 1,
  "noise_targets": [
    "instance_0",
    "instance_1"
  ],
  "noise_rps": 2.0,
  "freq_hz": 5.0,
  "n_workflows": 12,
  "n_steps": 10,
  "concurrent": 4,
  "duration_s": 75.0,
  "n_state_updates": 230,
  "ttft_p50": 90.753257,
  "ttft_p95": 188.967291,
  "ttft_p99": 249.983208,
  "tpot_p50": 50.53648790625,
  "tpot_p95": 65.48655146428571,
  "tpot_p99": 68.5062444375,
  "cache_hit_rate": 0.9112659290049373,
  "cache_hits_delta": 93392.0,
  "cache_queries_delta": 102486.0,
  "load_stdev": 0.787718628819207,
  "sla_success_rate": 1.0,
  "workflow_completion_p50": 14984.314305,
  "workflow_completion_p95": 16574.886358,
  "workflow_completion_p99": 17716.566505,
  "n_total_steps": 120,
  "n_failed_steps": 0,
  "failure_rate": 0.0,
  "state_size_avg": 338.75760869565215,
  "state_size_p95": 363,
  "state_traffic_Bps": 13550.304347826086,
  "dispatch_decision_p50": 83.081,
  "dispatch_decision_p95": 124.77699999999999,
  "dispatch_decision_p99": 133.577,
  "ttft_raw": [
    156.77376,
    121.118943,
    157.085795,
    55.700949,
    156.933373,
    84.01113,
    80.601347,
    102.610427,
    49.47378,
    183.154065,
    178.294932,
    175.060216,
    114.931094,
    160.79936,
    76.084203,
    115.830321,
    132.914413,
    189.68246,
    302.024691,
    188.967291,
    93.816219,
    56.63859,
    55.369915,
    58.79831,
    67.031503,
    78.558749,
    59.586013,
    178.980595,
    54.124572,
    49.072829,
    155.422648,
    76.861737,
    101.366807,
    82.58502,
    51.848573,
    102.062354,
    166.230856,
    58.462205,
    86.537379,
    102.360734,
    182.90471,
    64.701719,
    48.259604,
    86.798335,
    52.344883,
    49.495362,
    85.92495,
    54.438478,
    103.199198,
    66.123295,
    83.515411,
    144.112605,
    49.141728,
    109.772485,
    51.079292,
    87.101115,
    90.753257,
    106.367312,
    195.473732,
    128.132519,
    76.107415,
    82.518557,
    65.679855,
    45.991672,
    74.480701,
    89.832222,
    56.958928,
    51.857167,
    84.557169,
    103.921903,
    50.650073,
    70.036903,
    89.331618,
    135.14423,
    56.865901,
    90.150723,
    103.760122,
    65.760188,
    95.854217,
    89.566359,
    137.729634,
    144.165593,
    173.141479,
    249.983208,
    131.216103,
    188.694217,
    153.804352,
    49.389859,
    66.662009,
    82.39686,
    56.283914,
    73.491588,
    80.289082,
    109.984644,
    155.909099,
    53.192506,
    154.27779,
    124.371145,
    102.357163,
    152.598877,
    96.622243,
    153.349088,
    54.490446,
    78.171202,
    93.643817,
    90.499183,
    102.922521,
    113.09682,
    156.070988,
    112.876706,
    54.495664,
    196.336139,
    193.488706,
    87.957243,
    143.657445,
    174.181684,
    140.378578,
    134.691439,
    47.129374,
    82.144325
  ],
  "decision_raw": [
    84.361,
    82.288,
    90.52799999999999,
    114.932,
    86.95700000000001,
    81.61200000000001,
    79.992,
    80.29,
    81.04499999999999,
    80.779,
    83.775,
    66.872,
    83.416,
    43.317,
    40.388,
    84.803,
    88.977,
    91.41799999999999,
    87.39800000000001,
    136.17,
    111.822,
    124.938,
    85.925,
    78.83,
    82.752,
    79.732,
    78.958,
    133.577,
    82.58800000000001,
    96.20599999999999,
    83.632,
    84.43199999999999,
    84.10400000000001,
    131.331,
    84.325,
    73.12,
    83.77799999999999,
    129.80700000000002,
    82.517,
    81.172,
    82.932,
    85.393,
    84.339,
    79.91399999999999,
    84.215,
    83.38000000000001,
    65.73599999999999,
    79.822,
    82.99199999999999,
    77.76100000000001,
    80.352,
    83.346,
    80.21000000000001,
    111.316,
    95.244,
    82.366,
    96.09599999999999,
    81.19200000000001,
    44.611,
    82.521,
    92.40499999999999,
    84.43100000000001,
    82.603,
    114.848,
    126.59400000000001,
    124.04199999999999,
    90.70400000000001,
    124.77699999999999,
    80.58500000000001,
    80.86500000000001,
    83.422,
    82.624,
    84.549,
    70.771,
    78.72099999999999,
    80.646,
    79.44399999999999,
    78.08200000000001,
    81.042,
    80.398,
    107.31200000000001,
    123.06599999999999,
    81.85300000000001,
    69.93799999999999,
    78.458,
    43.202,
    83.59,
    81.724,
    83.169,
    124.37200000000001,
    81.884,
    66.431,
    67.601,
    78.255,
    65.78699999999999,
    98.706,
    63.373000000000005,
    74.70100000000001,
    89.43100000000001,
    64.268,
    78.34,
    84.12100000000001,
    94.191,
    80.52,
    85.06899999999999,
    108.982,
    84.831,
    114.984,
    103.557,
    81.472,
    96.642,
    76.705,
    83.232,
    83.661,
    82.99600000000001,
    81.721,
    87.427,
    81.402,
    83.081,
    95.497
  ]
}