{
  "cell_id": "coarse_coarse_prefix_locality_ctx1024_s4_w12_c4_td200_f10_r3",
  "policy": "coarse",
  "view": "coarse",
  "workload": "prefix_locality",
  "ctx_tokens": 1024,
  "n_steps": 4,
  "n_workflows": 12,
  "concurrent": 4,
  "duration_s": 120,
  "rep": 3,
  "freq_hz": 10,
  "tool_delay_ms": 200,
  "n_state_updates": 246,
  "ttft_p50": 272.51679,
  "ttft_p95": 515.422769,
  "ttft_p99": 646.001337,
  "tpot_p50": 92.04464945833332,
  "tpot_p95": 156.978163875,
  "workflow_completion_p50": 10806.869895,
  "workflow_completion_p95": 12924.841689,
  "workflow_completion_p99": 12925.012444,
  "cache_hit_rate": 0.9255417188496893,
  "cache_hits_delta": 39168.0,
  "cache_queries_delta": 42319.0,
  "n_total_steps": 36,
  "cross_instance_switches": 36,
  "same_instance_step_ratio": 0.0,
  "n_total_workflows": 12,
  "n_successful_workflows": 12,
  "n_failed_requests": 0,
  "load_stdev": 1.033570076584565,
  "state_size_avg": 346.9227642276423,
  "state_size_p95": 375,
  "state_size_max": 375,
  "state_traffic_Bps": 27753.821138211384,
  "dispatch_decision_p50": 66.993,
  "dispatch_decision_p95": 84.679,
  "dispatch_decision_p99": 88.516
}