{
  "cell_id": "rich_rich_prefix_locality_ctx1024_s8_w12_c4_td200_f10_r3",
  "policy": "rich",
  "view": "rich",
  "workload": "prefix_locality",
  "ctx_tokens": 1024,
  "n_steps": 8,
  "n_workflows": 12,
  "concurrent": 4,
  "duration_s": 120,
  "rep": 3,
  "freq_hz": 10,
  "tool_delay_ms": 200,
  "n_state_updates": 520,
  "ttft_p50": 157.115228,
  "ttft_p95": 304.66991,
  "ttft_p99": 530.49336,
  "tpot_p50": 97.43469745833333,
  "tpot_p95": 152.10130475,
  "workflow_completion_p50": 23208.413913,
  "workflow_completion_p95": 23551.310708,
  "workflow_completion_p99": 23551.542586,
  "cache_hit_rate": 0.9758165163538748,
  "cache_hits_delta": 82880.0,
  "cache_queries_delta": 84934.0,
  "n_total_steps": 84,
  "cross_instance_switches": 84,
  "same_instance_step_ratio": 0.0,
  "n_total_workflows": 12,
  "n_successful_workflows": 12,
  "n_failed_requests": 0,
  "load_stdev": 0.9065357668185219,
  "state_size_avg": 2377.4649031811896,
  "state_size_p95": 5219,
  "state_size_max": 8894,
  "state_traffic_Bps": 190197.19225449517,
  "dispatch_decision_p50": 81.538,
  "dispatch_decision_p95": 96.161,
  "dispatch_decision_p99": 110.152
}