{
  "cell_id": "round-robin_f5_none_r2_w12_s10_c4",
  "policy": "round-robin",
  "rep": 2,
  "noise_targets": null,
  "noise_rps": 2.0,
  "freq_hz": 5.0,
  "n_workflows": 12,
  "n_steps": 10,
  "concurrent": 4,
  "duration_s": 75.0,
  "n_state_updates": 227,
  "ttft_p50": 112.113867,
  "ttft_p95": 207.557284,
  "ttft_p99": 257.054434,
  "tpot_p50": 52.78373603125,
  "tpot_p95": 62.751205625,
  "tpot_p99": 64.263520875,
  "cache_hit_rate": 0.8840181137693596,
  "cache_hits_delta": 85504.0,
  "cache_queries_delta": 96722.0,
  "load_stdev": 0.513466713610217,
  "sla_success_rate": 1.0,
  "workflow_completion_p50": 15327.970983,
  "workflow_completion_p95": 17021.043179,
  "workflow_completion_p99": 18252.61587,
  "n_total_steps": 120,
  "n_failed_steps": 0,
  "failure_rate": 0.0,
  "state_size_avg": 342.58810572687224,
  "state_size_p95": 363,
  "state_traffic_Bps": 13703.52422907489,
  "dispatch_decision_p50": 54.234,
  "dispatch_decision_p95": 70.39699999999999,
  "dispatch_decision_p99": 96.626,
  "ttft_raw": [
    204.054458,
    239.401253,
    201.328954,
    210.418852,
    132.983688,
    146.364536,
    113.066608,
    246.223085,
    62.850577,
    67.855988,
    142.090853,
    123.78881,
    170.126704,
    143.345708,
    144.28585,
    58.595441,
    163.927287,
    111.012175,
    73.192743,
    165.197777,
    196.69646,
    257.054434,
    95.518523,
    207.557284,
    109.445742,
    204.717462,
    121.69834,
    65.770408,
    105.391824,
    70.328975,
    121.821139,
    97.139551,
    54.752868,
    185.69408,
    73.7693,
    215.604866,
    60.312505,
    179.84919,
    117.117907,
    146.944119,
    134.794464,
    96.994363,
    133.172796,
    119.409505,
    85.042675,
    116.379016,
    262.561873,
    81.041399,
    80.567409,
    195.27764,
    137.832091,
    72.517461,
    61.371458,
    112.113867,
    94.565851,
    51.893882,
    98.106483,
    52.087178,
    53.487408,
    167.048406,
    136.589604,
    97.75856,
    88.586192,
    162.365381,
    179.944283,
    88.489358,
    153.874639,
    53.874878,
    80.776578,
    58.485131,
    161.886231,
    104.032439,
    68.782752,
    137.340071,
    61.164773,
    67.183868,
    114.582552,
    71.326675,
    147.75913,
    51.814302,
    55.351874,
    154.069915,
    144.876606,
    158.960306,
    105.392047,
    130.446378,
    126.928191,
    54.027902,
    174.722497,
    66.258583,
    75.504289,
    176.307107,
    60.118773,
    127.661053,
    56.728266,
    103.887371,
    65.11272,
    108.461038,
    138.833851,
    153.727134,
    55.777276,
    112.966677,
    59.455215,
    110.457784,
    113.604789,
    72.963881,
    105.83748,
    114.495582,
    76.617902,
    81.864216,
    68.459703,
    102.839922,
    70.012163,
    113.956045,
    52.700985,
    161.254433,
    100.500531,
    119.920185,
    201.44219,
    104.333128
  ],
  "decision_raw": [
    64.984,
    64.93100000000001,
    86.321,
    67.595,
    54.339000000000006,
    53.416,
    52.521,
    45.177,
    54.221000000000004,
    43.596000000000004,
    60.825,
    58.708,
    56.36,
    44.786,
    53.485,
    64.17399999999999,
    54.196,
    60.476,
    52.645999999999994,
    58.216,
    52.215,
    45.561,
    51.824,
    56.032000000000004,
    25.389,
    51.492000000000004,
    49.047,
    61.666000000000004,
    53.946999999999996,
    54.631,
    60.65,
    55.134,
    52.327999999999996,
    96.626,
    52.577,
    51.690999999999995,
    57.534,
    54.830999999999996,
    60.291000000000004,
    52.83,
    62.375,
    56.543,
    57.178,
    61.234,
    55.796,
    61.532000000000004,
    61.587999999999994,
    50.538000000000004,
    55.021,
    54.706,
    42.537000000000006,
    57.345,
    56.195,
    52.664,
    52.104,
    73.951,
    66.31099999999999,
    56.193999999999996,
    23.195,
    53.092,
    54.155,
    21.531000000000002,
    50.961000000000006,
    59.665,
    55.803000000000004,
    56.071,
    53.589,
    54.763,
    24.772,
    50.120999999999995,
    53.407,
    56.915,
    65.34599999999999,
    66.94600000000001,
    54.175999999999995,
    50.921,
    60.442,
    59.870000000000005,
    54.234,
    56.727000000000004,
    51.269,
    51.121,
    53.145,
    36.741,
    76.834,
    43.596000000000004,
    29.095,
    54.823,
    50.946000000000005,
    63.692,
    61.144999999999996,
    52.065,
    51.847,
    60.141,
    53.306,
    69.725,
    50.207,
    80.621,
    52.945,
    53.466,
    55.306999999999995,
    60.47,
    50.481,
    70.39699999999999,
    54.74,
    53.053999999999995,
    53.368,
    53.911,
    51.792,
    65.771,
    98.676,
    53.607,
    62.418,
    60.135,
    51.845000000000006,
    52.938,
    51.736000000000004,
    32.807,
    48.429,
    54.211
  ]
}