{
  "cell_id": "coarse_c32_r3_ok_f5",
  "policy": "coarse",
  "concurrent": 32,
  "rep": 3,
  "fail_mode": false,
  "freq_hz": 5,
  "duration_s": 30,
  "n_dispatch": 221,
  "n_success": 221,
  "n_fail": 0,
  "n_unreachable": 0,
  "success_rate": 1.0,
  "state_collect_avg_us": 97745.914096,
  "state_collect_p95_us": 111167.365,
  "state_collect_max_us": 120800.05,
  "state_collect_n": 125,
  "decision_avg_us": 137.3092895927602,
  "decision_p95_us": 185.553,
  "decision_p99_us": 326.483,
  "ttft_avg_us": 80460.68487782805,
  "ttft_p95_us": 115556.842,
  "same_inst_step_ratio": 0.09677419354838712,
  "load_stdev": 1.7122614804539007,
  "load_max": 5,
  "load_min": 0,
  "load_unreachable": 0
}