{
  "cell_id": "n256_f1_vrich_r1",
  "n": 256,
  "f_hz": 1,
  "view": "rich",
  "rep": 1,
  "duration_s": 20.0,
  "actual_elapsed_s": 20.528059244155884,
  "n_state_updates": 5120,
  "n_dispatch_queries": 2096,
  "n_deadline_missed": 0,
  "size": {
    "avg": 38527.84140625,
    "p50": 38528,
    "p95": 38583,
    "p99": 38607,
    "min": 38418,
    "max": 38645
  },
  "build_us_p95": 2511.413,
  "ser_us_p95": 78.853,
  "deser_us_p95": 381.904,
  "merge_us_p95": 82.564,
  "total_us_p95": 3038.088,
  "dispatch_latency_us_p50": 413.342,
  "dispatch_latency_us_p95": 447.509,
  "dispatch_latency_us_p99": 531.098
}