{
  "cell_id": "rich_agentic_sketch_f10_r1",
  "policy": "rich",
  "workload": "agentic",
  "view": "sketch",
  "freq_hz": 10,
  "rep": 1,
  "ctx_tokens": 1024,
  "tool_delay_ms": 1000,
  "n_workflows": 8,
  "n_steps": 8,
  "concurrent": 4,
  "duration_s": 90,
  "n_state_updates": 259,
  "state_size_avg": 357.3853462837838,
  "state_size_p95": 361,
  "state_size_max": 365,
  "state_traffic_Bps": 28590.827702702703,
  "dispatch_decision_p50": 80.461,
  "dispatch_decision_p95": 96.735,
  "dispatch_decision_p99": 125.829,
  "dispatch_decision_p99_mean": 75.8360625,
  "ttft_p50": 72.138415,
  "ttft_p95": 156.812957,
  "ttft_p99": 182.264423,
  "request_latency_p95": 0,
  "workflow_completion_p50": 16534.979448,
  "workflow_completion_p95": 19008.97154,
  "workflow_completion_p99": 19008.97154,
  "cache_hits_delta": 6080.0,
  "cache_queries_delta": 8485.0,
  "cache_hit_rate": 0.7165586328815556,
  "same_instance_step_ratio": 0.6666666666666666,
  "n_total_requests": 64,
  "n_failed_requests": 0,
  "load_stdev": 0.6931843715596476
}