{
  "cell_id": "n256_f10.0_vcoarse_r2",
  "n": 256,
  "f_hz": 10.0,
  "view": "coarse",
  "rep": 2,
  "duration_s": 30,
  "n_updates": 300,
  "size_avg": 476.18333333333334,
  "size_p95": 479,
  "size_p99": 480,
  "size_max": 480,
  "traffic_Bps": 1219029.3333333333,
  "traffic_MBps": 1.2190293333333333,
  "ser_us_p95": 5.61,
  "deser_us_p95": 9.595,
  "merge_us_p95": 3915.397,
  "total_us_p95": 3949.122,
  "dispatch_p50": 388.083,
  "dispatch_p95": 401.68,
  "dispatch_p99": 423.21,
  "dispatch_q_count": 90,
  "actual_elapsed_s": 30.500701904296875,
  "achieved_hz": 9.835839219088156
}