{
  "cell_id": "n256_f50_vrich_r2",
  "n": 256,
  "f_hz": 50,
  "view": "rich",
  "rep": 2,
  "duration_s": 20.0,
  "actual_elapsed_s": 20.86073112487793,
  "n_state_updates": 12594,
  "n_dispatch_queries": 25,
  "n_deadline_missed": 0,
  "size": {
    "avg": 38529.26893758933,
    "p50": 38530,
    "p95": 38586,
    "p99": 38609,
    "min": 38416,
    "max": 38659
  },
  "build_us_p95": 1368.946,
  "ser_us_p95": 43.293,
  "deser_us_p95": 218.013,
  "merge_us_p95": 59.51,
  "total_us_p95": 1674.809,
  "dispatch_latency_us_p50": 308.969,
  "dispatch_latency_us_p95": 395.185,
  "dispatch_latency_us_p99": 408.708
}