{
  "cell_id": "rich_f5_['instance_0', 'instance_1', 'instance_2', 'instance_3', 'instance_4', 'instance_5']_r1_w12_s10_c4",
  "policy": "rich",
  "rep": 1,
  "noise_targets": [
    "instance_0",
    "instance_1",
    "instance_2",
    "instance_3",
    "instance_4",
    "instance_5"
  ],
  "noise_rps": 2.0,
  "freq_hz": 5.0,
  "n_workflows": 12,
  "n_steps": 10,
  "concurrent": 4,
  "duration_s": 75.0,
  "n_state_updates": 228,
  "ttft_p50": 83.323249,
  "ttft_p95": 223.384612,
  "ttft_p99": 259.489498,
  "tpot_p50": 51.681528178571426,
  "tpot_p95": 67.462584,
  "tpot_p99": 69.30435335714284,
  "cache_hit_rate": 0.9024062146439675,
  "cache_hits_delta": 101296.0,
  "cache_queries_delta": 112251.0,
  "load_stdev": 0.7724914654012873,
  "sla_success_rate": 1.0,
  "workflow_completion_p50": 14923.258254,
  "workflow_completion_p95": 16580.986093,
  "workflow_completion_p99": 17350.503184,
  "n_total_steps": 120,
  "n_failed_steps": 0,
  "failure_rate": 0.0,
  "state_size_avg": 1025.344846491228,
  "state_size_p95": 2455,
  "state_traffic_Bps": 41013.79385964912,
  "dispatch_decision_p50": 86.524,
  "dispatch_decision_p95": 120.864,
  "dispatch_decision_p99": 213.84799999999998,
  "ttft_raw": [
    202.211152,
    201.852821,
    137.115751,
    59.008281,
    201.450032,
    62.473641,
    111.366225,
    94.081315,
    144.839048,
    101.279607,
    115.715962,
    236.542139,
    76.188308,
    188.40236,
    48.973556,
    100.567963,
    44.823956,
    63.114064,
    129.059583,
    247.479317,
    51.884684,
    93.935207,
    64.098992,
    89.01219,
    95.259996,
    211.693656,
    148.349102,
    47.305173,
    224.820533,
    55.907305,
    141.795431,
    78.158437,
    255.668318,
    204.964345,
    42.728309,
    76.839803,
    41.815618,
    77.659596,
    164.899369,
    132.354395,
    69.391307,
    79.016333,
    64.794159,
    123.575964,
    46.423317,
    81.180753,
    160.396682,
    83.357819,
    75.5017,
    84.112785,
    145.773132,
    49.810084,
    223.384612,
    65.001224,
    86.257184,
    71.15305,
    46.288764,
    46.363857,
    87.083477,
    58.100827,
    111.52831,
    95.345235,
    46.419708,
    121.12109,
    46.93409,
    83.323249,
    86.31441,
    44.099298,
    44.576323,
    65.519198,
    80.338379,
    127.410778,
    49.680089,
    75.593467,
    84.553884,
    96.863925,
    69.138995,
    84.975157,
    72.814614,
    55.586456,
    115.956496,
    48.564497,
    101.373154,
    87.909695,
    259.489498,
    290.365996,
    105.793637,
    91.428247,
    45.395145,
    76.860221,
    52.798957,
    89.764919,
    114.503307,
    57.979738,
    72.65555,
    161.052116,
    81.0149,
    44.754304,
    94.874447,
    132.470942,
    46.228962,
    218.98988,
    45.482701,
    76.883062,
    106.296418,
    171.594876,
    98.220367,
    140.982697,
    45.253452,
    46.683823,
    81.183444,
    99.588757,
    46.775708,
    74.95905,
    46.722367,
    75.044424,
    53.491864,
    50.323185,
    47.112297,
    76.975912
  ],
  "decision_raw": [
    70.527,
    66.67699999999999,
    86.41199999999999,
    89.02499999999999,
    64.77799999999999,
    82.89200000000001,
    96.18,
    86.832,
    87.006,
    86.21600000000001,
    84.468,
    77.96600000000001,
    85.276,
    101.17500000000001,
    84.612,
    84.444,
    103.793,
    91.338,
    89.167,
    87.688,
    87.065,
    68.343,
    87.60000000000001,
    87.732,
    96.08,
    92.936,
    135.915,
    85.23599999999999,
    87.781,
    87.25500000000001,
    75.185,
    87.965,
    73.029,
    82.441,
    122.567,
    34.006,
    36.037,
    127.797,
    94.368,
    82.02600000000001,
    56.204,
    48.161,
    58.704,
    298.894,
    86.49600000000001,
    95.864,
    86.252,
    87.632,
    60.518,
    84.584,
    85.297,
    86.68100000000001,
    80.516,
    81.53800000000001,
    86.13199999999999,
    84.75399999999999,
    83.631,
    84.602,
    120.864,
    77.605,
    84.387,
    103.28200000000001,
    86.585,
    139.602,
    97.185,
    88.939,
    85.652,
    85.851,
    97.013,
    90.346,
    87.662,
    84.988,
    82.81200000000001,
    69.671,
    92.757,
    86.524,
    86.301,
    86.116,
    57.357,
    59.721,
    103.815,
    118.027,
    100.684,
    120.60199999999999,
    96.724,
    93.901,
    83.693,
    85.399,
    84.51700000000001,
    94.256,
    90.426,
    67.021,
    213.84799999999998,
    107.506,
    100.131,
    89.792,
    92.712,
    82.943,
    88.771,
    81.728,
    84.101,
    84.802,
    81.321,
    86.97800000000001,
    78.026,
    102.638,
    87.075,
    80.387,
    99.262,
    84.847,
    87.73700000000001,
    85.97,
    98.565,
    87.432,
    90.521,
    83.711,
    85.816,
    99.32199999999999,
    85.22399999999999,
    98.52999999999999
  ]
}