{
  "cell_id": "sketch_chatbot_sketch_f10_r2",
  "policy": "sketch",
  "workload": "chatbot",
  "view": "sketch",
  "freq_hz": 10,
  "rep": 2,
  "ctx_tokens": 512,
  "tool_delay_ms": 0,
  "n_workflows": 600,
  "n_steps": 1,
  "concurrent": 16,
  "duration_s": 75,
  "n_state_updates": 1017,
  "state_size_avg": 368.42354965585054,
  "state_size_p95": 370,
  "state_size_max": 371,
  "state_traffic_Bps": 29473.883972468044,
  "dispatch_decision_p50": 80.645,
  "dispatch_decision_p95": 105.674,
  "dispatch_decision_p99": 123.647,
  "dispatch_decision_p99_mean": 81.52272833333333,
  "ttft_p50": 120.589371,
  "ttft_p95": 288.230759,
  "ttft_p99": 631.236709,
  "request_latency_p95": 0,
  "workflow_completion_p50": 3078.30068,
  "workflow_completion_p95": 9162.814068,
  "workflow_completion_p99": 20006.587509,
  "cache_hits_delta": 138352.0,
  "cache_queries_delta": 144024.0,
  "cache_hit_rate": 0.9606176748319725,
  "same_instance_step_ratio": 0,
  "n_total_requests": 600,
  "n_failed_requests": 0,
  "load_stdev": 1.4740342072035493
}