{
  "cell_id": "rich_prefix_locality_sketch_f10_r1",
  "policy": "rich",
  "workload": "prefix_locality",
  "view": "sketch",
  "freq_hz": 10,
  "rep": 1,
  "ctx_tokens": 1024,
  "tool_delay_ms": 200,
  "n_workflows": 30,
  "n_steps": 8,
  "concurrent": 4,
  "duration_s": 120,
  "n_state_updates": 1108,
  "state_size_avg": 358.5498135322323,
  "state_size_p95": 366,
  "state_size_max": 370,
  "state_traffic_Bps": 28683.985082578583,
  "dispatch_decision_p50": 81.845,
  "dispatch_decision_p95": 98.81099999999999,
  "dispatch_decision_p99": 112.923,
  "dispatch_decision_p99_mean": 77.19350833333333,
  "ttft_p50": 107.145273,
  "ttft_p95": 237.426189,
  "ttft_p99": 323.369044,
  "request_latency_p95": 0,
  "workflow_completion_p50": 19000.704965,
  "workflow_completion_p95": 24212.651117,
  "workflow_completion_p99": 24926.954524,
  "cache_hits_delta": 212576.0,
  "cache_queries_delta": 216459.0,
  "cache_hit_rate": 0.9820612679537465,
  "same_instance_step_ratio": 0.4166666666666667,
  "n_total_requests": 240,
  "n_failed_requests": 0,
  "load_stdev": 0.8991097636325525
}