{
  "cell_id": "sketch_f10_w8_s12_c3",
  "policy": "sketch",
  "freq_hz": 10.0,
  "n_workflows": 8,
  "n_steps": 12,
  "concurrent": 3,
  "duration_s": 120.0,
  "n_state_updates": 846,
  "cache_hits_delta": 113008.0,
  "cache_queries_delta": 118695.0,
  "cache_hit_rate": 0.9520872825308564,
  "ttft_p50": 2410.664006,
  "ttft_p95": 3031.533512,
  "ttft_p99": 3118.948099,
  "request_latency_p50": 2410.771474,
  "request_latency_p95": 3031.6413,
  "request_latency_p99": 3119.038016,
  "workflow_completion_p50": 28125.212835,
  "workflow_completion_p95": 31341.915415,
  "workflow_completion_p99": 31341.915415,
  "n_workflows_succeeded": 8,
  "state_size_avg": 350.7316784869976,
  "state_size_p95": 353,
  "state_traffic_Bps": 14029.267139479905,
  "dispatch_decision_p50": 56.492,
  "dispatch_decision_p95": 84.22,
  "dispatch_decision_p99": 100.888
}