{
  "cell_id": "stress_n256_f10_vcoarse_r1",
  "n": 256,
  "f_hz": 10,
  "view": "coarse",
  "rep": 1,
  "duration_s": 60,
  "n_updates": 600,
  "target_f": 10,
  "achieved_f": 9.999997655551189,
  "size_p95": 377,
  "size_avg": 374.49936848958333,
  "target_traffic_MBps": 0.9587183833333333,
  "achieved_traffic_MBps": 0.9587181585667159,
  "ser_us_p95": 2.157,
  "deser_us_p95": 4.806,
  "merge_us_p95": 0.306,
  "total_us_p95": 7.97,
  "missed_deadline_rate": 2.344448810642774e-07,
  "sustainable": true
}