{
  "cell_id": "sketch_mixed_sketch_f10_r1",
  "policy": "sketch",
  "workload": "mixed",
  "view": "sketch",
  "freq_hz": 10,
  "rep": 1,
  "ctx_tokens": 512,
  "tool_delay_ms": 200,
  "n_workflows": 12,
  "n_steps": 8,
  "concurrent": 4,
  "duration_s": 90,
  "n_state_updates": 269,
  "state_size_avg": 357.7542246520875,
  "state_size_p95": 362,
  "state_size_max": 365,
  "state_traffic_Bps": 28620.337972167,
  "dispatch_decision_p50": 60.933,
  "dispatch_decision_p95": 93.185,
  "dispatch_decision_p99": 116.432,
  "dispatch_decision_p99_mean": 60.38485416666666,
  "ttft_p50": 69.151193,
  "ttft_p95": 139.115104,
  "ttft_p99": 162.366814,
  "request_latency_p95": 0,
  "workflow_completion_p50": 11702.208882,
  "workflow_completion_p95": 14240.901635,
  "workflow_completion_p99": 14474.225937,
  "cache_hits_delta": 11152.0,
  "cache_queries_delta": 12664.0,
  "cache_hit_rate": 0.8806064434617814,
  "same_instance_step_ratio": 0.4305555555555556,
  "n_total_requests": 96,
  "n_failed_requests": 0,
  "load_stdev": 0.7331000149770474
}