{
  "cell_id": "rich_agentic_rich_f50_r2",
  "policy": "rich",
  "workload": "agentic",
  "view": "rich",
  "freq_hz": 50,
  "rep": 2,
  "ctx_tokens": 512,
  "tool_delay_ms": 200,
  "n_workflows": 8,
  "n_steps": 8,
  "concurrent": 4,
  "duration_s": 75,
  "n_state_updates": 194,
  "state_size_avg": 902.2835051546392,
  "state_size_p95": 1998,
  "state_size_max": 2930,
  "state_traffic_Bps": 360913.4020618557,
  "dispatch_decision_p50": 80.56200000000001,
  "dispatch_decision_p95": 123.239,
  "dispatch_decision_p99": 138.166,
  "dispatch_decision_p99_mean": 84.939046875,
  "ttft_p50": 93.765611,
  "ttft_p95": 298.168916,
  "ttft_p99": 380.657549,
  "request_latency_p95": 0,
  "workflow_completion_p50": 12942.827091,
  "workflow_completion_p95": 14990.860661,
  "workflow_completion_p99": 14990.860661,
  "cache_hits_delta": 5088.0,
  "cache_queries_delta": 8651.0,
  "cache_hit_rate": 0.5881400994104727,
  "same_instance_step_ratio": 0.3125,
  "n_total_requests": 64,
  "n_failed_requests": 0,
  "load_stdev": 0.7760281063171731
}