{
  "cell_id": "coarse_c4_r2_ok_f5",
  "policy": "coarse",
  "concurrent": 4,
  "rep": 2,
  "fail_mode": false,
  "freq_hz": 5,
  "duration_s": 30,
  "n_dispatch": 115,
  "n_success": 115,
  "n_fail": 0,
  "n_unreachable": 0,
  "success_rate": 1.0,
  "state_collect_avg_us": 136860.70455737706,
  "state_collect_p95_us": 157738.709,
  "state_collect_max_us": 176813.461,
  "state_collect_n": 122,
  "decision_avg_us": 223.5129652173913,
  "decision_p95_us": 331.054,
  "decision_p99_us": 398.291,
  "ttft_avg_us": 81706.82029565217,
  "ttft_p95_us": 118870.659,
  "same_inst_step_ratio": 0.1717171717171717,
  "load_stdev": 1.7122614804539007,
  "load_max": 5,
  "load_min": 0,
  "load_unreachable": 0
}