{
  "cell_id": "n16_f10_vrich_r1",
  "n": 16,
  "f_hz": 10,
  "view": "rich",
  "rep": 1,
  "duration_s": 20.0,
  "actual_elapsed_s": 20.01469659805298,
  "n_state_updates": 3200,
  "n_dispatch_queries": 3799,
  "n_deadline_missed": 0,
  "size": {
    "avg": 6529.3803125,
    "p50": 6529,
    "p95": 6581,
    "p99": 6602,
    "min": 6414,
    "max": 6628
  },
  "build_us_p95": 431.161,
  "ser_us_p95": 29.743,
  "deser_us_p95": 93.498,
  "merge_us_p95": 16.763,
  "total_us_p95": 570.275,
  "dispatch_latency_us_p50": 21.941,
  "dispatch_latency_us_p95": 41.683,
  "dispatch_latency_us_p99": 46.275
}