{
  "cell_id": "rich_f5_none_r3_w12_s10_c4",
  "policy": "rich",
  "rep": 3,
  "noise_targets": null,
  "noise_rps": 2.0,
  "freq_hz": 5.0,
  "n_workflows": 12,
  "n_steps": 10,
  "concurrent": 4,
  "duration_s": 75.0,
  "n_state_updates": 216,
  "ttft_p50": 86.060164,
  "ttft_p95": 194.043366,
  "ttft_p99": 205.357497,
  "tpot_p50": 43.49260565625,
  "tpot_p95": 60.90982233333334,
  "tpot_p99": 62.1706035,
  "cache_hit_rate": 0.9645706726197859,
  "cache_hits_delta": 93328.0,
  "cache_queries_delta": 96756.0,
  "load_stdev": 0.7648888634447362,
  "sla_success_rate": 1.0,
  "workflow_completion_p50": 13939.981877,
  "workflow_completion_p95": 15710.285125,
  "workflow_completion_p99": 16163.855715,
  "n_total_steps": 120,
  "n_failed_steps": 0,
  "failure_rate": 0.0,
  "state_size_avg": 1031.2337962962963,
  "state_size_p95": 2501,
  "state_traffic_Bps": 41249.351851851854,
  "dispatch_decision_p50": 84.61,
  "dispatch_decision_p95": 115.531,
  "dispatch_decision_p99": 139.094,
  "ttft_raw": [
    121.157924,
    120.300806,
    55.792068,
    120.729177,
    77.676324,
    78.819396,
    115.128727,
    187.471381,
    45.222541,
    45.504664,
    197.884021,
    84.743449,
    232.319839,
    50.58276,
    69.534252,
    86.060164,
    142.518125,
    92.5403,
    194.502333,
    194.043366,
    125.704489,
    93.775597,
    180.634946,
    151.770134,
    151.097436,
    196.43178,
    199.872373,
    119.082337,
    77.556638,
    144.764536,
    205.357497,
    158.097267,
    87.75689,
    48.29165,
    78.030769,
    81.493011,
    47.581608,
    142.385623,
    90.498257,
    78.189265,
    79.04243,
    120.912733,
    103.359372,
    64.8474,
    57.491331,
    178.558574,
    99.501593,
    95.978444,
    105.655173,
    55.899412,
    48.43252,
    118.80389,
    86.229742,
    48.367129,
    89.898924,
    49.771607,
    85.568368,
    46.627108,
    84.804132,
    51.971529,
    77.095575,
    56.3979,
    49.797326,
    48.523189,
    98.168568,
    108.372532,
    57.393127,
    49.212226,
    45.448102,
    80.638581,
    91.632421,
    84.195316,
    86.324294,
    47.749329,
    106.354165,
    94.404274,
    47.181906,
    90.489936,
    133.449228,
    96.224057,
    146.425845,
    55.463826,
    48.132301,
    113.191747,
    48.080103,
    120.640734,
    70.047564,
    89.305672,
    56.092233,
    97.545828,
    63.172072,
    70.363924,
    81.405729,
    95.784587,
    56.843683,
    88.206225,
    69.643549,
    89.07355,
    74.930993,
    57.518637,
    106.934878,
    86.489371,
    173.520095,
    127.390256,
    51.511739,
    98.87584,
    75.531454,
    61.617571,
    56.718038,
    89.257775,
    78.935925,
    97.356495,
    47.528275,
    63.62475,
    68.881444,
    45.851668,
    80.562444,
    55.792271,
    170.201575,
    80.312576
  ],
  "decision_raw": [
    68.865,
    63.846,
    90.337,
    66.744,
    82.226,
    86.301,
    80.943,
    85.14399999999999,
    87.181,
    79.594,
    75.006,
    83.664,
    83.205,
    85.758,
    98.28200000000001,
    118.53,
    117.438,
    98.631,
    84.44,
    99.672,
    80.876,
    82.12,
    81.595,
    78.88600000000001,
    66.26,
    71.03399999999999,
    79.327,
    81.165,
    98.67,
    84.192,
    93.22099999999999,
    88.976,
    46.63,
    86.181,
    78.015,
    57.215,
    90.69999999999999,
    117.775,
    84.385,
    80.91499999999999,
    83.011,
    58.361,
    44.757,
    82.583,
    58.626,
    57.571000000000005,
    158.799,
    51.353,
    83.451,
    79.225,
    83.181,
    85.38499999999999,
    86.706,
    39.384,
    95.115,
    85.135,
    98.60499999999999,
    84.831,
    82.146,
    85.521,
    89.66099999999999,
    115.531,
    95.525,
    91.378,
    88.80199999999999,
    82.446,
    82.917,
    84.97500000000001,
    84.771,
    80.16699999999999,
    104.038,
    82.39200000000001,
    85.319,
    83.761,
    100.352,
    59.192,
    82.602,
    87.981,
    86.652,
    84.637,
    54.215999999999994,
    73.214,
    122.552,
    84.253,
    100.71799999999999,
    54.424,
    83.831,
    86.203,
    85.595,
    83.04100000000001,
    139.094,
    83.292,
    84.086,
    84.712,
    84.572,
    83.122,
    88.256,
    84.309,
    85.919,
    84.61,
    85.48,
    92.13499999999999,
    85.687,
    85.581,
    84.906,
    85.78699999999999,
    86.411,
    40.65,
    85.072,
    83.552,
    83.871,
    86.43400000000001,
    84.51100000000001,
    97.919,
    84.10300000000001,
    92.482,
    87.209,
    83.181,
    85.93599999999999,
    97.39899999999999
  ]
}