{
  "cell_id": "n256_f50_vsketch_r2",
  "n": 256,
  "f_hz": 50,
  "view": "sketch",
  "rep": 2,
  "duration_s": 20.0,
  "actual_elapsed_s": 20.22147488594055,
  "n_state_updates": 138033,
  "n_dispatch_queries": 337,
  "n_deadline_missed": 0,
  "size": {
    "avg": 1106.5508392920533,
    "p50": 1107,
    "p95": 1117,
    "p99": 1121,
    "min": 1076,
    "max": 1133
  },
  "build_us_p95": 130.804,
  "ser_us_p95": 3.184,
  "deser_us_p95": 7.368,
  "merge_us_p95": 1.06,
  "total_us_p95": 142.306,
  "dispatch_latency_us_p50": 174.278,
  "dispatch_latency_us_p95": 179.597,
  "dispatch_latency_us_p99": 182.035
}