{
  "cell_id": "sketch_chatbot_sketch_f50_r1",
  "policy": "sketch",
  "workload": "chatbot",
  "view": "sketch",
  "freq_hz": 50,
  "rep": 1,
  "ctx_tokens": 512,
  "tool_delay_ms": 0,
  "n_workflows": 600,
  "n_steps": 1,
  "concurrent": 16,
  "duration_s": 75,
  "n_state_updates": 923,
  "state_size_avg": 368.74878114842903,
  "state_size_p95": 370,
  "state_size_max": 371,
  "state_traffic_Bps": 147499.51245937162,
  "dispatch_decision_p50": 79.89699999999999,
  "dispatch_decision_p95": 104.83800000000001,
  "dispatch_decision_p99": 121.742,
  "dispatch_decision_p99_mean": 80.01125666666667,
  "ttft_p50": 119.02517,
  "ttft_p95": 272.244764,
  "ttft_p99": 546.083598,
  "request_latency_p95": 0,
  "workflow_completion_p50": 2802.399583,
  "workflow_completion_p95": 8747.009055,
  "workflow_completion_p99": 20022.088728,
  "cache_hits_delta": 137280.0,
  "cache_queries_delta": 142853.0,
  "cache_hit_rate": 0.9609878686481907,
  "same_instance_step_ratio": 0,
  "n_total_requests": 600,
  "n_failed_requests": 0,
  "load_stdev": 1.4140664921836987
}