{
  "cell_id": "stress_n512_f10_vrich_r2",
  "n": 512,
  "f_hz": 10,
  "view": "rich",
  "rep": 2,
  "duration_s": 60,
  "n_updates": 600,
  "target_f": 10,
  "achieved_f": 9.99999701976865,
  "size_p95": 1462,
  "size_avg": 1460.28125,
  "target_traffic_MBps": 7.47664,
  "achieved_traffic_MBps": 7.476637771788307,
  "ser_us_p95": 4.935,
  "deser_us_p95": 16.238,
  "merge_us_p95": 0.365,
  "total_us_p95": 23.552,
  "missed_deadline_rate": 2.9802313505911115e-07,
  "sustainable": true
}