{
  "cell_id": "sketch_f5_none_r3_w12_s10_c4",
  "policy": "sketch",
  "rep": 3,
  "noise_targets": null,
  "noise_rps": 2.0,
  "freq_hz": 5.0,
  "n_workflows": 12,
  "n_steps": 10,
  "concurrent": 4,
  "duration_s": 75.0,
  "n_state_updates": 218,
  "ttft_p50": 79.331157,
  "ttft_p95": 163.842994,
  "ttft_p99": 214.174018,
  "tpot_p50": 47.33318821875,
  "tpot_p95": 63.69272984375,
  "tpot_p99": 66.5811861875,
  "cache_hit_rate": 0.9744378403092397,
  "cache_hits_delta": 93776.0,
  "cache_queries_delta": 96236.0,
  "load_stdev": 0.7141054894279414,
  "sla_success_rate": 1.0,
  "workflow_completion_p50": 14310.171567,
  "workflow_completion_p95": 15012.424903,
  "workflow_completion_p99": 15109.316162,
  "n_total_steps": 120,
  "n_failed_steps": 0,
  "failure_rate": 0.0,
  "state_size_avg": 357.6290137614679,
  "state_size_p95": 360,
  "state_traffic_Bps": 14305.160550458715,
  "dispatch_decision_p50": 78.552,
  "dispatch_decision_p95": 113.696,
  "dispatch_decision_p99": 121.39200000000001,
  "ttft_raw": [
    113.045768,
    78.861074,
    61.173867,
    112.253774,
    113.496186,
    48.890482,
    85.103372,
    46.795886,
    85.671005,
    75.991165,
    118.055607,
    55.205126,
    68.150578,
    90.137331,
    143.446934,
    47.54839,
    53.470068,
    49.430898,
    47.528184,
    82.500271,
    45.655646,
    81.878584,
    46.876589,
    194.601405,
    53.925597,
    123.494052,
    71.345357,
    93.860541,
    59.854134,
    49.891353,
    82.16954,
    77.621179,
    80.4817,
    119.547203,
    80.670106,
    81.264701,
    44.488191,
    50.767709,
    45.841769,
    124.736721,
    77.396283,
    55.964157,
    78.886233,
    46.115228,
    172.253432,
    95.165334,
    79.461069,
    50.644201,
    85.009906,
    74.232289,
    80.147867,
    214.174018,
    51.580906,
    82.42879,
    47.542532,
    79.331157,
    87.357609,
    71.629678,
    163.842994,
    45.143422,
    97.723328,
    52.08658,
    68.780122,
    77.352735,
    54.8593,
    121.467666,
    79.770662,
    82.885483,
    83.747442,
    94.031363,
    109.799135,
    84.931891,
    94.345303,
    161.945515,
    179.999311,
    49.812965,
    76.474132,
    87.523918,
    43.157595,
    93.634817,
    78.885221,
    74.462749,
    87.582829,
    123.530618,
    63.970296,
    74.208862,
    84.872579,
    243.2723,
    178.077079,
    47.564443,
    80.048924,
    56.284078,
    67.98392,
    45.367358,
    80.579146,
    79.648677,
    65.277267,
    94.264214,
    68.86048,
    80.10517,
    47.0197,
    79.978719,
    126.515834,
    46.356234,
    79.188957,
    46.639188,
    93.451233,
    87.620199,
    46.210701,
    76.967736,
    45.705398,
    55.740504,
    89.908788,
    47.375899,
    79.827941,
    45.730484,
    156.28286,
    52.97437,
    55.547882,
    104.031884
  ],
  "decision_raw": [
    74.14699999999999,
    79.737,
    107.86200000000001,
    83.975,
    77.291,
    78.17099999999999,
    60.185,
    78.252,
    68.097,
    80.845,
    74.891,
    78.408,
    79.008,
    96.684,
    80.327,
    78.93700000000001,
    81.244,
    77.548,
    79.226,
    86.84200000000001,
    88.645,
    117.52499999999999,
    76.421,
    119.06800000000001,
    78.63499999999999,
    78.632,
    77.935,
    68.98400000000001,
    83.014,
    80.666,
    73.217,
    82.17099999999999,
    120.167,
    91.197,
    67.567,
    78.281,
    77.474,
    77.84700000000001,
    77.32499999999999,
    121.39200000000001,
    77.927,
    77.49000000000001,
    79.712,
    101.10799999999999,
    79.17999999999999,
    122.087,
    77.631,
    78.89,
    78.64500000000001,
    81.387,
    81.133,
    72.32,
    76.34,
    77.66900000000001,
    77.288,
    74.60499999999999,
    106.833,
    76.05699999999999,
    80.906,
    77.027,
    78.107,
    113.696,
    78.47200000000001,
    77.607,
    82.097,
    78.946,
    78.033,
    80.582,
    78.722,
    74.185,
    90.057,
    76.75,
    77.409,
    90.898,
    72.121,
    77.656,
    69.799,
    82.682,
    99.47699999999999,
    77.762,
    76.68100000000001,
    76.04499999999999,
    81.666,
    74.661,
    79.30799999999999,
    76.217,
    108.997,
    73.286,
    109.922,
    76.39699999999999,
    78.70200000000001,
    77.88000000000001,
    78.482,
    74.148,
    77.76100000000001,
    77.218,
    82.57100000000001,
    79.09,
    114.932,
    77.087,
    80.649,
    79.878,
    77.915,
    98.78,
    80.307,
    79.411,
    78.53500000000001,
    77.903,
    76.495,
    78.736,
    76.965,
    78.552,
    77.186,
    92.276,
    76.541,
    78.17699999999999,
    79.181,
    79.071,
    94.468,
    78.347
  ]
}