{
  "cell_id": "rich_f5_none_r2_w12_s10_c4",
  "policy": "rich",
  "rep": 2,
  "noise_targets": null,
  "noise_rps": 2.0,
  "freq_hz": 5.0,
  "n_workflows": 12,
  "n_steps": 10,
  "concurrent": 4,
  "duration_s": 75.0,
  "n_state_updates": 226,
  "ttft_p50": 84.83913,
  "ttft_p95": 207.826929,
  "ttft_p99": 263.728065,
  "tpot_p50": 44.167794125,
  "tpot_p95": 62.62700765625,
  "tpot_p99": 70.06261428125,
  "cache_hit_rate": 0.9660590692744164,
  "cache_hits_delta": 92960.0,
  "cache_queries_delta": 96226.0,
  "load_stdev": 0.7039865849196802,
  "sla_success_rate": 1.0,
  "workflow_completion_p50": 14247.683404,
  "workflow_completion_p95": 15346.215941,
  "workflow_completion_p99": 15535.821008,
  "n_total_steps": 120,
  "n_failed_steps": 0,
  "failure_rate": 0.0,
  "state_size_avg": 1064.138274336283,
  "state_size_p95": 2499,
  "state_traffic_Bps": 42565.53097345132,
  "dispatch_decision_p50": 84.48100000000001,
  "dispatch_decision_p95": 121.875,
  "dispatch_decision_p99": 124.645,
  "ttft_raw": [
    113.754627,
    114.183366,
    113.125624,
    111.555099,
    62.486476,
    74.246781,
    112.949228,
    117.758009,
    59.682856,
    207.478519,
    49.430687,
    56.203316,
    86.238991,
    50.418266,
    58.830153,
    79.367207,
    60.383564,
    125.461688,
    115.980743,
    56.901113,
    44.894998,
    84.83913,
    204.130334,
    76.573627,
    129.893274,
    89.882454,
    53.313715,
    208.73135,
    95.135824,
    283.275821,
    80.868758,
    46.763896,
    93.766922,
    104.799705,
    74.699055,
    178.055692,
    112.604517,
    82.982031,
    75.387637,
    46.280862,
    128.112397,
    83.844475,
    45.559419,
    49.303032,
    55.689941,
    47.721798,
    181.525632,
    86.176221,
    112.788593,
    191.24901,
    51.72278,
    49.227641,
    85.044958,
    98.284579,
    90.260355,
    143.916998,
    177.242675,
    73.362696,
    79.841161,
    229.791776,
    47.517419,
    84.895435,
    186.484468,
    98.02799,
    63.43163,
    49.863338,
    84.852908,
    53.934751,
    80.451514,
    52.907217,
    138.449968,
    101.717489,
    181.587037,
    84.828985,
    63.023432,
    86.26407,
    57.25476,
    155.524091,
    145.670591,
    82.329353,
    204.586231,
    263.728065,
    207.826929,
    83.406679,
    47.261097,
    216.572979,
    217.449081,
    46.658591,
    99.398008,
    48.71491,
    171.749124,
    72.447791,
    64.717778,
    87.600143,
    173.649739,
    205.899732,
    138.087268,
    113.651445,
    49.613197,
    88.01655,
    133.717027,
    93.724103,
    46.118791,
    45.568579,
    48.471761,
    76.679052,
    148.67827,
    57.819272,
    80.284768,
    46.97196,
    73.541669,
    78.205537,
    180.696682,
    83.784736,
    52.661479,
    84.878901,
    50.131025,
    44.99124,
    44.023899,
    45.908246
  ],
  "decision_raw": [
    65.9,
    69.861,
    64.22699999999999,
    83.334,
    88.892,
    82.265,
    82.072,
    79.11500000000001,
    82.957,
    117.83200000000001,
    96.845,
    82.822,
    91.8,
    80.617,
    96.727,
    84.952,
    84.74600000000001,
    85.107,
    72.862,
    171.143,
    85.047,
    87.31,
    71.042,
    82.807,
    83.781,
    87.351,
    96.387,
    89.819,
    100.60799999999999,
    86.714,
    57.541,
    81.235,
    94.967,
    93.426,
    122.455,
    81.536,
    84.48100000000001,
    83.93700000000001,
    83.131,
    123.046,
    85.535,
    87.367,
    57.522999999999996,
    83.72500000000001,
    83.61500000000001,
    85.886,
    84.982,
    85.659,
    82.981,
    79.53,
    85.976,
    73.693,
    91.67099999999999,
    84.916,
    86.34700000000001,
    80.97099999999999,
    99.17800000000001,
    86.178,
    85.171,
    74.719,
    84.97,
    86.897,
    83.357,
    96.36500000000001,
    77.011,
    85.281,
    84.316,
    60.184,
    85.411,
    83.358,
    94.632,
    81.278,
    76.344,
    84.616,
    92.229,
    83.138,
    82.042,
    82.57700000000001,
    84.565,
    82.227,
    58.827,
    71.13600000000001,
    79.994,
    72.162,
    83.421,
    67.43599999999999,
    84.212,
    82.48599999999999,
    124.28800000000001,
    66.737,
    85.151,
    90.031,
    85.131,
    61.550999999999995,
    79.613,
    81.947,
    106.99199999999999,
    85.06800000000001,
    83.626,
    85.42,
    78.906,
    121.875,
    82.054,
    123.325,
    85.31400000000001,
    81.27300000000001,
    83.422,
    82.115,
    79.46600000000001,
    83.00200000000001,
    98.03699999999999,
    95.182,
    85.084,
    124.645,
    119.588,
    120.133,
    89.202,
    80.39699999999999,
    86.317,
    84.198
  ]
}