{
  "cell_id": "round-robin_chatbot_none_f10_r2",
  "policy": "round-robin",
  "workload": "chatbot",
  "view": "none",
  "freq_hz": 10,
  "rep": 2,
  "ctx_tokens": 512,
  "tool_delay_ms": 0,
  "n_workflows": 600,
  "n_steps": 1,
  "concurrent": 16,
  "duration_s": 75,
  "n_state_updates": 1058,
  "state_size_avg": 359.22920604914935,
  "state_size_p95": 365,
  "state_size_max": 365,
  "state_traffic_Bps": 28738.336483931947,
  "dispatch_decision_p50": 49.971,
  "dispatch_decision_p95": 65.717,
  "dispatch_decision_p99": 80.48100000000001,
  "dispatch_decision_p99_mean": 80.74167333333334,
  "ttft_p50": 121.889085,
  "ttft_p95": 381.66774,
  "ttft_p99": 506.037278,
  "request_latency_p95": 0,
  "workflow_completion_p50": 2759.455669,
  "workflow_completion_p95": 12241.244561,
  "workflow_completion_p99": 15209.12641,
  "cache_hits_delta": 136608.0,
  "cache_queries_delta": 142994.0,
  "cache_hit_rate": 0.9553407835293789,
  "same_instance_step_ratio": 0,
  "n_total_requests": 600,
  "n_failed_requests": 0,
  "load_stdev": 1.5768781878794018
}