{
  "cell_id": "round-robin_f5_['instance_0', 'instance_1']_r2_w12_s10_c4",
  "policy": "round-robin",
  "rep": 2,
  "noise_targets": [
    "instance_0",
    "instance_1"
  ],
  "noise_rps": 2.0,
  "freq_hz": 5.0,
  "n_workflows": 12,
  "n_steps": 10,
  "concurrent": 4,
  "duration_s": 75.0,
  "n_state_updates": 237,
  "ttft_p50": 102.090353,
  "ttft_p95": 206.077802,
  "ttft_p99": 255.384138,
  "tpot_p50": 48.86100153125,
  "tpot_p95": 64.290638875,
  "tpot_p99": 65.0664679375,
  "cache_hit_rate": 0.8753241959454865,
  "cache_hits_delta": 90112.0,
  "cache_queries_delta": 102947.0,
  "load_stdev": 0.5179857419153291,
  "sla_success_rate": 1.0,
  "workflow_completion_p50": 15412.879237,
  "workflow_completion_p95": 16580.309423,
  "workflow_completion_p99": 17222.540607,
  "n_total_steps": 120,
  "n_failed_steps": 0,
  "failure_rate": 0.0,
  "state_size_avg": 343.1065400843882,
  "state_size_p95": 363,
  "state_traffic_Bps": 13724.261603375528,
  "dispatch_decision_p50": 52.667,
  "dispatch_decision_p95": 71.442,
  "dispatch_decision_p99": 83.648,
  "ttft_raw": [
    171.296799,
    159.091928,
    120.616582,
    155.834676,
    93.675372,
    242.802265,
    122.002094,
    290.840243,
    222.182791,
    158.167144,
    57.5004,
    94.873426,
    113.244612,
    120.822548,
    55.284646,
    139.771149,
    127.205655,
    133.522785,
    84.696205,
    69.094971,
    92.707732,
    102.241274,
    80.140827,
    177.559949,
    58.636909,
    61.18747,
    114.119615,
    195.586909,
    102.090353,
    169.322446,
    73.874779,
    174.831033,
    202.105759,
    57.147401,
    53.301143,
    184.541729,
    62.78407,
    186.029222,
    68.896286,
    132.461869,
    80.981611,
    164.418597,
    60.708159,
    167.111785,
    82.541821,
    106.967809,
    53.810507,
    52.542416,
    104.764721,
    55.232089,
    102.18342,
    56.218827,
    102.774325,
    61.504244,
    83.230572,
    74.055041,
    77.169884,
    203.47841,
    65.920124,
    111.119832,
    69.981615,
    57.19905,
    121.701391,
    113.233223,
    106.079794,
    90.476146,
    86.87565,
    153.930795,
    101.409048,
    163.825216,
    84.214173,
    67.456817,
    130.141286,
    112.170911,
    57.145344,
    89.494662,
    207.17511,
    58.217375,
    123.821783,
    50.082047,
    73.577665,
    150.874918,
    136.248383,
    178.541652,
    61.986589,
    85.104054,
    59.211757,
    97.829084,
    56.422757,
    106.516301,
    54.056114,
    175.699176,
    96.932031,
    94.154611,
    89.981736,
    85.529072,
    165.406122,
    116.938622,
    182.831848,
    121.619992,
    179.354007,
    255.384138,
    71.661806,
    152.0837,
    122.417193,
    100.843766,
    63.797494,
    117.625582,
    139.591217,
    54.433988,
    206.077802,
    55.378733,
    60.366264,
    92.330978,
    130.888967,
    78.490338,
    75.663528,
    75.050601,
    229.131368,
    61.470821
  ],
  "decision_raw": [
    83.648,
    69.397,
    65.225,
    77.944,
    50.441,
    40.797000000000004,
    39.235,
    40.585,
    56.571,
    54.663999999999994,
    54.171,
    55.951,
    35.040000000000006,
    53.92,
    55.039,
    54.327999999999996,
    56.891,
    55.2,
    77.862,
    53.715,
    76.071,
    53.879,
    59.244,
    55.461000000000006,
    53.997,
    50.934,
    67.161,
    49.781000000000006,
    54.147999999999996,
    48.286,
    54.202,
    51.891999999999996,
    52.771,
    51.707,
    62.557,
    67.231,
    52.760999999999996,
    58.181,
    64.422,
    54.435,
    56.565,
    53.266,
    55.038,
    52.354,
    47.588,
    52.401,
    50.025000000000006,
    62.902,
    101.372,
    53.366,
    56.322,
    52.623,
    59.112,
    41.37,
    50.71,
    19.788,
    53.348,
    43.257000000000005,
    24.919999999999998,
    74.19099999999999,
    48.118,
    51.868,
    51.555,
    51.851,
    52.065,
    50.775,
    61.592000000000006,
    50.747,
    71.442,
    51.858,
    51.442,
    51.97,
    46.419,
    52.555,
    54.307,
    52.101,
    70.367,
    52.044,
    70.874,
    51.39,
    51.696,
    64.38600000000001,
    52.667,
    54.927,
    51.576,
    50.11,
    51.311,
    52.849999999999994,
    44.842999999999996,
    52.525000000000006,
    49.308,
    53.455999999999996,
    52.756,
    52.243,
    50.819,
    50.055,
    49.641,
    46.501,
    50.496,
    58.836999999999996,
    50.652,
    52.1,
    50.411,
    50.381,
    52.852000000000004,
    61.541,
    51.418,
    52.195,
    67.654,
    62.163999999999994,
    51.971000000000004,
    49.641,
    52.457,
    53.075,
    50.361000000000004,
    54.631,
    59.122,
    55.835,
    46.815,
    52.42
  ]
}