{
  "cell_id": "coarse_chatbot_coarse_f50_r1",
  "policy": "coarse",
  "workload": "chatbot",
  "view": "coarse",
  "freq_hz": 50,
  "rep": 1,
  "ctx_tokens": 512,
  "tool_delay_ms": 0,
  "n_workflows": 600,
  "n_steps": 1,
  "concurrent": 16,
  "duration_s": 75,
  "n_state_updates": 891,
  "state_size_avg": 359.3637766554433,
  "state_size_p95": 365,
  "state_size_max": 365,
  "state_traffic_Bps": 143745.51066217732,
  "dispatch_decision_p50": 81.892,
  "dispatch_decision_p95": 120.69200000000001,
  "dispatch_decision_p99": 138.321,
  "dispatch_decision_p99_mean": 81.40566166666666,
  "ttft_p50": 119.657046,
  "ttft_p95": 289.41247,
  "ttft_p99": 549.540545,
  "request_latency_p95": 0,
  "workflow_completion_p50": 2932.683639,
  "workflow_completion_p95": 7422.870595,
  "workflow_completion_p99": 13036.418935,
  "cache_hits_delta": 135536.0,
  "cache_queries_delta": 141503.0,
  "cache_hit_rate": 0.9578312827289881,
  "same_instance_step_ratio": 0,
  "n_total_requests": 600,
  "n_failed_requests": 0,
  "load_stdev": 1.319346076958554
}