{
  "cell_id": "stress_n64_f50_vrich_r2",
  "n": 64,
  "f_hz": 50,
  "view": "rich",
  "rep": 2,
  "duration_s": 60,
  "n_updates": 3000,
  "target_f": 50,
  "achieved_f": 49.99998092652095,
  "size_p95": 1454,
  "size_avg": 1452.75,
  "target_traffic_MBps": 4.6488,
  "achieved_traffic_MBps": 4.648798226624211,
  "ser_us_p95": 4.974,
  "deser_us_p95": 16.156,
  "merge_us_p95": 0.352,
  "total_us_p95": 25.801,
  "missed_deadline_rate": 3.8146958103446593e-07,
  "sustainable": true
}