{
  "cell_id": "n16_f10_vsketch_r1",
  "n": 16,
  "f_hz": 10,
  "view": "sketch",
  "rep": 1,
  "duration_s": 20.0,
  "actual_elapsed_s": 20.007785320281982,
  "n_state_updates": 3200,
  "n_dispatch_queries": 3873,
  "n_deadline_missed": 0,
  "size": {
    "avg": 432.3903125,
    "p50": 432,
    "p95": 436,
    "p99": 437,
    "min": 424,
    "max": 438
  },
  "build_us_p95": 57.422,
  "ser_us_p95": 5.988,
  "deser_us_p95": 11.746,
  "merge_us_p95": 1.944,
  "total_us_p95": 77.543,
  "dispatch_latency_us_p50": 21.311,
  "dispatch_latency_us_p95": 28.609,
  "dispatch_latency_us_p99": 33.299
}