{
  "cell_id": "coarse_f10_imbal_w10_s10_c4",
  "policy": "coarse",
  "imbalanced": true,
  "freq_hz": 10.0,
  "n_workflows": 10,
  "n_steps": 10,
  "concurrent": 4,
  "duration_s": 90.0,
  "n_state_updates": 638,
  "ttft_p50": 146.878873,
  "ttft_p95": 388.234344,
  "ttft_p99": 432.295527,
  "tpot_p50": 70.965354625,
  "tpot_p95": 93.6747309375,
  "tpot_p99": 98.65211176923077,
  "cache_hit_rate": 0.8826554464703132,
  "load_stdev": 0.7653248075947351,
  "sla_success_rate": 1.0,
  "workflow_completion_p50": 21302.848349,
  "workflow_completion_p95": 24568.937352,
  "workflow_completion_p99": 24568.937352,
  "n_workflows_succeeded": 10,
  "n_total_steps": 100,
  "n_failed_steps": 0,
  "failure_rate": 0.0,
  "state_size_avg": 348.6136363636364,
  "state_size_p95": 365,
  "state_traffic_Bps": 13944.545454545456,
  "dispatch_decision_p50": 56.504,
  "dispatch_decision_p95": 75.601,
  "dispatch_decision_p99": 83.577
}