{
  "cell_id": "stress_n4_f10_vrich_r1",
  "n": 4,
  "f_hz": 10,
  "view": "rich",
  "rep": 1,
  "duration_s": 60,
  "n_updates": 600,
  "target_f": 10,
  "achieved_f": 9.999997377396317,
  "size_p95": 3111,
  "size_avg": 3111,
  "target_traffic_MBps": 0.12444,
  "achieved_traffic_MBps": 0.12443996736431978,
  "ser_us_p95": 12.681,
  "deser_us_p95": 38.586,
  "merge_us_p95": 0.363,
  "total_us_p95": 55.717,
  "missed_deadline_rate": 2.62260368311118e-07,
  "sustainable": true
}