{
  "cell_id": "sketch_chatbot_sketch_f10_r1",
  "policy": "sketch",
  "workload": "chatbot",
  "view": "sketch",
  "freq_hz": 10,
  "rep": 1,
  "ctx_tokens": 512,
  "tool_delay_ms": 0,
  "n_workflows": 600,
  "n_steps": 1,
  "concurrent": 16,
  "duration_s": 75,
  "n_state_updates": 988,
  "state_size_avg": 368.7393724696356,
  "state_size_p95": 370,
  "state_size_max": 371,
  "state_traffic_Bps": 29499.149797570848,
  "dispatch_decision_p50": 79.24600000000001,
  "dispatch_decision_p95": 107.292,
  "dispatch_decision_p99": 121.913,
  "dispatch_decision_p99_mean": 78.65689333333333,
  "ttft_p50": 123.544303,
  "ttft_p95": 310.869081,
  "ttft_p99": 517.009412,
  "request_latency_p95": 0,
  "workflow_completion_p50": 3041.81054,
  "workflow_completion_p95": 8934.997477,
  "workflow_completion_p99": 14711.596727,
  "cache_hits_delta": 135712.0,
  "cache_queries_delta": 141426.0,
  "cache_hit_rate": 0.959597245202438,
  "same_instance_step_ratio": 0,
  "n_total_requests": 600,
  "n_failed_requests": 0,
  "load_stdev": 1.3019862489769924
}