{
  "cell_id": "rich_rich_chatbot_ctx512_s1_w100_c16_td0_f10_r3_nolat",
  "policy": "rich",
  "view": "rich",
  "workload": "chatbot",
  "ctx_tokens": 512,
  "n_steps": 1,
  "n_workflows": 100,
  "concurrent": 16,
  "duration_s": 60,
  "rep": 3,
  "freq_hz": 10,
  "tool_delay_ms": 0,
  "n_state_updates": 128,
  "ttft_p50": 101.208387,
  "ttft_p95": 505.16515,
  "ttft_p99": 506.816951,
  "tpot_p50": 66.81805809375,
  "tpot_p95": 181.1615096875,
  "workflow_completion_p50": 1982.101066,
  "workflow_completion_p95": 6308.254031,
  "workflow_completion_p99": 6310.09505,
  "cache_hit_rate": 0.8493288929256232,
  "cache_hits_delta": 8416.0,
  "cache_queries_delta": 9909.0,
  "n_total_steps": 0,
  "cross_instance_switches": 0,
  "same_instance_step_ratio": 1.0,
  "n_total_workflows": 100,
  "n_successful_workflows": 100,
  "n_failed_requests": 0,
  "load_stdev": 2.9144754276671185,
  "state_size_avg": 8328.4462890625,
  "state_size_p95": 18035,
  "state_size_max": 22664,
  "state_traffic_Bps": 666275.703125,
  "dispatch_decision_p50": 76.983,
  "dispatch_decision_p95": 112.092,
  "dispatch_decision_p99": 125.958
}