{
  "cell_id": "n16_f10_vcoarse_r2",
  "n": 16,
  "f_hz": 10,
  "view": "coarse",
  "rep": 2,
  "duration_s": 20.0,
  "actual_elapsed_s": 20.007500886917114,
  "n_state_updates": 3200,
  "n_dispatch_queries": 3866,
  "n_deadline_missed": 0,
  "size": {
    "avg": 381.6815625,
    "p50": 382,
    "p95": 384,
    "p99": 385,
    "min": 375,
    "max": 386
  },
  "build_us_p95": 21.946,
  "ser_us_p95": 4.627,
  "deser_us_p95": 8.12,
  "merge_us_p95": 1.261,
  "total_us_p95": 37.856,
  "dispatch_latency_us_p50": 21.216,
  "dispatch_latency_us_p95": 26.297,
  "dispatch_latency_us_p99": 32.838
}