{
  "cell_id": "stress_n64_f10_vcoarse_r3",
  "n": 64,
  "f_hz": 10,
  "view": "coarse",
  "rep": 3,
  "duration_s": 60,
  "n_updates": 600,
  "target_f": 10,
  "achieved_f": 9.999997814496837,
  "size_p95": 376,
  "size_avg": 373.76578125,
  "target_traffic_MBps": 0.23921009999999998,
  "achieved_traffic_MBps": 0.23921004772055696,
  "ser_us_p95": 2.207,
  "deser_us_p95": 4.889,
  "merge_us_p95": 0.306,
  "total_us_p95": 8.107,
  "missed_deadline_rate": 2.185503162888125e-07,
  "sustainable": true
}