{
  "cell_id": "coarse_f10_bal_w10_s10_c4",
  "policy": "coarse",
  "imbalanced": false,
  "freq_hz": 10.0,
  "n_workflows": 10,
  "n_steps": 10,
  "concurrent": 4,
  "duration_s": 90.0,
  "n_state_updates": 659,
  "ttft_p50": 188.245517,
  "ttft_p95": 466.131378,
  "ttft_p99": 668.174537,
  "tpot_p50": 70.5390785,
  "tpot_p95": 90.50682534375,
  "tpot_p99": 91.69241153125,
  "cache_hit_rate": 0.8789228789228789,
  "load_stdev": 0.8057812158622661,
  "sla_success_rate": 1.0,
  "workflow_completion_p50": 21842.020449,
  "workflow_completion_p95": 28771.709651,
  "workflow_completion_p99": 28771.709651,
  "n_workflows_succeeded": 10,
  "n_total_steps": 100,
  "n_failed_steps": 0,
  "failure_rate": 0.0,
  "state_size_avg": 347.6062215477997,
  "state_size_p95": 365,
  "state_traffic_Bps": 13904.248861911987,
  "dispatch_decision_p50": 56.902,
  "dispatch_decision_p95": 81.881,
  "dispatch_decision_p99": 102.367
}