{
  "cell_id": "coarse_f5_none_r2_w12_s10_c4",
  "policy": "coarse",
  "rep": 2,
  "noise_targets": null,
  "noise_rps": 2.0,
  "freq_hz": 5.0,
  "n_workflows": 12,
  "n_steps": 10,
  "concurrent": 4,
  "duration_s": 75.0,
  "n_state_updates": 207,
  "ttft_p50": 103.372649,
  "ttft_p95": 199.270826,
  "ttft_p99": 293.010444,
  "tpot_p50": 42.42617983870967,
  "tpot_p95": 59.96391946875,
  "tpot_p99": 71.951967375,
  "cache_hit_rate": 0.9225533327799452,
  "cache_hits_delta": 88912.0,
  "cache_queries_delta": 96376.0,
  "load_stdev": 0.6946780636029183,
  "sla_success_rate": 1.0,
  "workflow_completion_p50": 12543.898935,
  "workflow_completion_p95": 14940.459107,
  "workflow_completion_p99": 15793.918191,
  "n_total_steps": 120,
  "n_failed_steps": 0,
  "failure_rate": 0.0,
  "state_size_avg": 338.993961352657,
  "state_size_p95": 363,
  "state_traffic_Bps": 13559.758454106279,
  "dispatch_decision_p50": 83.01,
  "dispatch_decision_p95": 99.932,
  "dispatch_decision_p99": 124.82199999999999,
  "ttft_raw": [
    106.54279,
    106.174729,
    62.159593,
    107.333303,
    115.006998,
    104.225302,
    114.65945,
    138.689971,
    199.270826,
    86.450944,
    55.746535,
    50.400696,
    187.945999,
    53.713787,
    98.897614,
    239.853582,
    142.280843,
    66.348347,
    175.688318,
    48.69561,
    247.496872,
    322.6459,
    80.383838,
    75.186461,
    67.177889,
    108.554155,
    50.386414,
    110.545531,
    96.286283,
    105.394413,
    85.671785,
    103.882319,
    96.554637,
    195.904938,
    99.528769,
    105.684314,
    75.54549,
    143.09154,
    124.163215,
    224.075153,
    121.619366,
    126.456577,
    93.440473,
    127.447513,
    57.296025,
    69.972038,
    82.864985,
    293.010444,
    102.544991,
    185.341915,
    110.84574,
    91.858576,
    58.03797,
    58.624386,
    153.735439,
    53.927367,
    164.884742,
    187.011434,
    144.304208,
    193.755218,
    120.907991,
    213.750643,
    72.013833,
    143.407821,
    50.758855,
    88.478108,
    105.082742,
    103.372649,
    105.208756,
    80.079512,
    88.358748,
    51.757119,
    72.136445,
    157.311739,
    60.083254,
    88.966312,
    69.309402,
    125.797283,
    99.300346,
    103.202899,
    150.150676,
    92.80585,
    125.234042,
    46.508192,
    108.154991,
    171.947948,
    63.982111,
    46.49721,
    46.167694,
    74.463116,
    87.250235,
    124.300201,
    105.866566,
    104.512169,
    179.627177,
    114.431087,
    181.732184,
    167.665302,
    139.674376,
    111.97217,
    96.669448,
    45.37171,
    175.78513,
    82.314777,
    120.93582,
    149.629795,
    54.035616,
    91.842759,
    61.24968,
    105.137453,
    98.143939,
    82.262045,
    56.071658,
    52.815702,
    51.538894,
    196.285343,
    81.041622,
    87.58151,
    67.08258,
    66.393843
  ],
  "decision_raw": [
    86.93599999999999,
    85.051,
    116.488,
    90.838,
    83.022,
    40.874,
    83.357,
    81.84800000000001,
    36.839,
    82.655,
    116.75099999999999,
    82.826,
    89.151,
    80.996,
    85.122,
    84.347,
    81.964,
    81.146,
    81.562,
    84.836,
    87.047,
    71.434,
    35.548,
    41.407,
    66.70400000000001,
    82.08200000000001,
    88.273,
    93.271,
    80.89500000000001,
    119.513,
    85.173,
    80.612,
    97.216,
    80.319,
    81.316,
    83.14099999999999,
    93.77600000000001,
    99.548,
    81.246,
    66.93599999999999,
    83.46600000000001,
    63.98500000000001,
    177.988,
    83.01,
    96.226,
    82.746,
    72.068,
    82.029,
    81.927,
    86.34700000000001,
    80.327,
    85.161,
    83.616,
    82.26100000000001,
    82.372,
    81.251,
    80.81099999999999,
    70.99300000000001,
    82.559,
    82.805,
    82.531,
    99.908,
    82.627,
    81.166,
    114.423,
    86.05199999999999,
    82.72500000000001,
    80.581,
    89.34500000000001,
    81.456,
    84.42699999999999,
    84.564,
    84.515,
    79.052,
    82.011,
    91.501,
    78.94900000000001,
    86.981,
    124.82199999999999,
    83.69500000000001,
    80.822,
    83.997,
    85.845,
    83.62899999999999,
    82.053,
    84.11699999999999,
    80.486,
    82.557,
    80.93900000000001,
    79.475,
    84.72200000000001,
    92.661,
    82.5,
    85.535,
    92.94800000000001,
    94.72999999999999,
    93.859,
    71.22200000000001,
    84.211,
    87.218,
    82.305,
    93.907,
    84.601,
    81.718,
    76.43599999999999,
    86.94500000000001,
    98.676,
    82.00200000000001,
    81.731,
    82.315,
    83.74,
    85.542,
    94.40899999999999,
    81.462,
    94.958,
    82.801,
    99.932,
    80.952,
    87.118,
    81.822
  ]
}