{
  "cell_id": "sketch_f5_none_r2_w12_s10_c4",
  "policy": "sketch",
  "rep": 2,
  "noise_targets": null,
  "noise_rps": 2.0,
  "freq_hz": 5.0,
  "n_workflows": 12,
  "n_steps": 10,
  "concurrent": 4,
  "duration_s": 75.0,
  "n_state_updates": 230,
  "ttft_p50": 78.93817,
  "ttft_p95": 204.572779,
  "ttft_p99": 258.920659,
  "tpot_p50": 48.158068125,
  "tpot_p95": 66.66332034375,
  "tpot_p99": 76.66384696875,
  "cache_hit_rate": 0.9765630648776508,
  "cache_hits_delta": 94544.0,
  "cache_queries_delta": 96813.0,
  "load_stdev": 0.7000909152354723,
  "sla_success_rate": 1.0,
  "workflow_completion_p50": 14595.745994,
  "workflow_completion_p95": 16497.099093,
  "workflow_completion_p99": 17245.604729,
  "n_total_steps": 120,
  "n_failed_steps": 0,
  "failure_rate": 0.0,
  "state_size_avg": 357.44402173913045,
  "state_size_p95": 360,
  "state_traffic_Bps": 14297.760869565218,
  "dispatch_decision_p50": 78.451,
  "dispatch_decision_p95": 107.965,
  "dispatch_decision_p99": 121.54299999999999,
  "ttft_raw": [
    204.572779,
    205.199168,
    55.142956,
    99.704921,
    203.889844,
    46.318472,
    89.349166,
    75.645231,
    82.309919,
    107.80707,
    81.017147,
    49.265512,
    93.107989,
    91.902116,
    150.991455,
    86.478222,
    47.915117,
    48.084424,
    250.193971,
    46.080755,
    125.339486,
    80.347863,
    51.44483,
    90.501498,
    76.298007,
    71.972544,
    87.230641,
    81.57326,
    62.955501,
    84.635047,
    50.902232,
    63.597862,
    105.065386,
    174.993117,
    52.992918,
    83.745751,
    46.181979,
    56.150153,
    56.342427,
    81.031093,
    44.978908,
    140.591843,
    49.767525,
    85.056485,
    161.533281,
    75.526529,
    118.069775,
    88.002385,
    257.543649,
    258.920659,
    68.812755,
    111.504894,
    53.182427,
    108.074358,
    86.734066,
    53.913024,
    87.063445,
    91.377969,
    66.025001,
    158.770332,
    100.355335,
    176.442735,
    95.913212,
    81.138349,
    70.50183,
    49.824957,
    47.39957,
    80.699485,
    204.509881,
    81.91066,
    71.421603,
    53.277808,
    66.429098,
    52.535597,
    45.349257,
    77.794807,
    78.189936,
    100.225442,
    46.70652,
    75.822551,
    48.150347,
    50.665155,
    135.914332,
    59.599878,
    44.317747,
    82.060524,
    119.041334,
    81.472259,
    77.099356,
    86.779537,
    74.173283,
    74.581629,
    77.531932,
    45.442178,
    45.011712,
    90.757762,
    76.834885,
    126.30359,
    78.742249,
    51.199322,
    61.358466,
    73.405628,
    47.551922,
    212.924594,
    48.149045,
    82.90034,
    274.365714,
    76.703804,
    48.443753,
    52.289101,
    84.22427,
    50.793527,
    81.990682,
    109.437104,
    58.181197,
    44.967868,
    162.690799,
    51.421898,
    78.93817,
    151.608269
  ],
  "decision_raw": [
    74.694,
    79.234,
    121.552,
    70.16000000000001,
    73.562,
    75.14,
    79.046,
    77.071,
    78.276,
    90.743,
    77.961,
    79.646,
    76.84700000000001,
    116.622,
    77.211,
    78.931,
    77.297,
    79.424,
    68.234,
    77.83500000000001,
    88.917,
    88.945,
    78.514,
    77.943,
    76.252,
    80.713,
    80.145,
    89.114,
    80.955,
    78.848,
    101.201,
    79.281,
    78.033,
    85.00699999999999,
    79.033,
    80.45100000000001,
    76.792,
    78.77600000000001,
    74.335,
    78.815,
    78.893,
    79.521,
    56.232,
    75.441,
    77.145,
    78.387,
    74.539,
    85.512,
    108.279,
    111.216,
    75.3,
    75.847,
    76.02799999999999,
    99.982,
    77.42899999999999,
    80.194,
    88.53699999999999,
    79.725,
    78.991,
    101.696,
    76.557,
    87.483,
    80.586,
    76.11200000000001,
    75.41900000000001,
    117.21900000000001,
    77.45100000000001,
    70.467,
    76.322,
    77.565,
    78.134,
    77.57000000000001,
    76.697,
    77.556,
    81.44099999999999,
    82.234,
    77.753,
    73.366,
    77.865,
    89.877,
    78.271,
    98.709,
    77.838,
    78.18599999999999,
    77.375,
    77.908,
    79.815,
    76.32000000000001,
    74.947,
    77.19200000000001,
    77.736,
    80.66199999999999,
    78.299,
    81.111,
    78.14099999999999,
    78.568,
    79.255,
    93.23700000000001,
    79.372,
    77.421,
    90.07900000000001,
    107.965,
    78.471,
    77.427,
    78.366,
    78.04299999999999,
    64.598,
    82.31,
    80.128,
    121.54299999999999,
    73.465,
    96.53399999999999,
    81.02799999999999,
    77.426,
    79.122,
    77.856,
    77.474,
    78.451,
    78.815,
    99.376
  ]
}