{
  "cell_id": "rich_agentic_sketch_f10_r2",
  "policy": "rich",
  "workload": "agentic",
  "view": "sketch",
  "freq_hz": 10,
  "rep": 2,
  "ctx_tokens": 1024,
  "tool_delay_ms": 1000,
  "n_workflows": 8,
  "n_steps": 8,
  "concurrent": 4,
  "duration_s": 90,
  "n_state_updates": 252,
  "state_size_avg": 357.32060390763763,
  "state_size_p95": 361,
  "state_size_max": 365,
  "state_traffic_Bps": 28585.64831261101,
  "dispatch_decision_p50": 80.42,
  "dispatch_decision_p95": 100.69200000000001,
  "dispatch_decision_p99": 111.902,
  "dispatch_decision_p99_mean": 77.9809375,
  "ttft_p50": 64.03048,
  "ttft_p95": 168.984825,
  "ttft_p99": 270.584821,
  "request_latency_p95": 0,
  "workflow_completion_p50": 16815.811467,
  "workflow_completion_p95": 18048.565499,
  "workflow_completion_p99": 18048.565499,
  "cache_hits_delta": 6016.0,
  "cache_queries_delta": 8412.0,
  "cache_hit_rate": 0.715168806466952,
  "same_instance_step_ratio": 0.6875,
  "n_total_requests": 64,
  "n_failed_requests": 0,
  "load_stdev": 0.7249689780405575
}