{
  "cell_id": "coarse_mixed_sketch_f10_r2",
  "policy": "coarse",
  "workload": "mixed",
  "view": "sketch",
  "freq_hz": 10,
  "rep": 2,
  "ctx_tokens": 512,
  "tool_delay_ms": 200,
  "n_workflows": 12,
  "n_steps": 8,
  "concurrent": 4,
  "duration_s": 90,
  "n_state_updates": 260,
  "state_size_avg": 357.7907371483996,
  "state_size_p95": 362,
  "state_size_max": 365,
  "state_traffic_Bps": 28623.25897187197,
  "dispatch_decision_p50": 53.991,
  "dispatch_decision_p95": 69.747,
  "dispatch_decision_p99": 82.781,
  "dispatch_decision_p99_mean": 55.644666666666666,
  "ttft_p50": 64.571771,
  "ttft_p95": 140.015018,
  "ttft_p99": 182.983088,
  "request_latency_p95": 0,
  "workflow_completion_p50": 11362.047204,
  "workflow_completion_p95": 12878.74186,
  "workflow_completion_p99": 13893.520492,
  "cache_hits_delta": 10512.0,
  "cache_queries_delta": 12492.0,
  "cache_hit_rate": 0.8414985590778098,
  "same_instance_step_ratio": 0.3194444444444444,
  "n_total_requests": 96,
  "n_failed_requests": 0,
  "load_stdev": 0.714465916445543
}