{
  "cell_id": "n64_f50_vcoarse_r2",
  "n": 64,
  "f_hz": 50,
  "view": "coarse",
  "rep": 2,
  "duration_s": 20.0,
  "actual_elapsed_s": 20.08532977104187,
  "n_state_updates": 64000,
  "n_dispatch_queries": 3600,
  "n_deadline_missed": 0,
  "size": {
    "avg": 382.2170625,
    "p50": 382,
    "p95": 384,
    "p99": 385,
    "min": 375,
    "max": 389
  },
  "build_us_p95": 16.847,
  "ser_us_p95": 3.034,
  "deser_us_p95": 6.31,
  "merge_us_p95": 1.2,
  "total_us_p95": 30.26,
  "dispatch_latency_us_p50": 92.193,
  "dispatch_latency_us_p95": 102.986,
  "dispatch_latency_us_p99": 109.824
}