{
  "cell_id": "oracle_oracle_prefix_locality_ctx1024_s8_w12_c4_td200_f10_r4",
  "policy": "oracle",
  "view": "oracle",
  "workload": "prefix_locality",
  "ctx_tokens": 1024,
  "n_steps": 8,
  "n_workflows": 12,
  "concurrent": 4,
  "duration_s": 120,
  "rep": 4,
  "freq_hz": 10,
  "tool_delay_ms": 200,
  "n_state_updates": 584,
  "ttft_p50": 158.838921,
  "ttft_p95": 316.650705,
  "ttft_p99": 432.663147,
  "tpot_p50": 120.78506387499999,
  "tpot_p95": 162.28396792857143,
  "workflow_completion_p50": 24416.624524,
  "workflow_completion_p95": 29683.165836,
  "workflow_completion_p99": 31772.399137,
  "cache_hit_rate": 0.9634493633646356,
  "cache_hits_delta": 81872.0,
  "cache_queries_delta": 84978.0,
  "n_total_steps": 84,
  "cross_instance_switches": 3,
  "same_instance_step_ratio": 0.9642857142857143,
  "n_total_workflows": 12,
  "n_successful_workflows": 12,
  "n_failed_requests": 0,
  "load_stdev": 0.6257044095836222,
  "state_size_avg": 2477.152397260274,
  "state_size_p95": 4956,
  "state_size_max": 5089,
  "state_traffic_Bps": 198172.19178082192,
  "dispatch_decision_p50": 56.426,
  "dispatch_decision_p95": 82.328,
  "dispatch_decision_p99": 84.396
}