{
  "cell_id": "rich_rich_prefix_locality_ctx1024_s8_w12_c4_td0_f10_r2",
  "policy": "rich",
  "view": "rich",
  "workload": "prefix_locality",
  "ctx_tokens": 1024,
  "n_steps": 8,
  "n_workflows": 12,
  "concurrent": 4,
  "duration_s": 120,
  "rep": 2,
  "freq_hz": 10,
  "tool_delay_ms": 0,
  "n_state_updates": 453,
  "ttft_p50": 167.724042,
  "ttft_p95": 372.650813,
  "ttft_p99": 437.535274,
  "tpot_p50": 95.918775375,
  "tpot_p95": 146.18733754166666,
  "workflow_completion_p50": 20195.36804,
  "workflow_completion_p95": 21681.229587,
  "workflow_completion_p99": 22264.408036,
  "cache_hit_rate": 0.9823018265649938,
  "cache_hits_delta": 83088.0,
  "cache_queries_delta": 84585.0,
  "n_total_steps": 84,
  "cross_instance_switches": 84,
  "same_instance_step_ratio": 0.0,
  "n_total_workflows": 12,
  "n_successful_workflows": 12,
  "n_failed_requests": 0,
  "load_stdev": 0.995721586493695,
  "state_size_avg": 2364.360375275938,
  "state_size_p95": 4883,
  "state_size_max": 6006,
  "state_traffic_Bps": 189148.83002207504,
  "dispatch_decision_p50": 81.818,
  "dispatch_decision_p95": 122.503,
  "dispatch_decision_p99": 139.916
}