{
  "cell_id": "n64_f10_vrich_r2",
  "n": 64,
  "f_hz": 10,
  "view": "rich",
  "rep": 2,
  "duration_s": 20.0,
  "actual_elapsed_s": 20.05623507499695,
  "n_state_updates": 12800,
  "n_dispatch_queries": 1974,
  "n_deadline_missed": 0,
  "size": {
    "avg": 12685.625390625,
    "p50": 12685,
    "p95": 12739,
    "p99": 12761,
    "min": 12572,
    "max": 12802
  },
  "build_us_p95": 1108.036,
  "ser_us_p95": 44.271,
  "deser_us_p95": 174.153,
  "merge_us_p95": 31.065,
  "total_us_p95": 1355.526,
  "dispatch_latency_us_p50": 69.453,
  "dispatch_latency_us_p95": 119.666,
  "dispatch_latency_us_p99": 124.04
}