{
  "cell_id": "coarse_f5_['instance_0', 'instance_1', 'instance_2', 'instance_3', 'instance_4', 'instance_5']_r3_w12_s10_c4",
  "policy": "coarse",
  "rep": 3,
  "noise_targets": [
    "instance_0",
    "instance_1",
    "instance_2",
    "instance_3",
    "instance_4",
    "instance_5"
  ],
  "noise_rps": 2.0,
  "freq_hz": 5.0,
  "n_workflows": 12,
  "n_steps": 10,
  "concurrent": 4,
  "duration_s": 75.0,
  "n_state_updates": 239,
  "ttft_p50": 87.454226,
  "ttft_p95": 185.514458,
  "ttft_p99": 215.650801,
  "tpot_p50": 44.96942778125,
  "tpot_p95": 68.8322998125,
  "tpot_p99": 73.836387625,
  "cache_hit_rate": 0.879631597591215,
  "cache_hits_delta": 99328.0,
  "cache_queries_delta": 112920.0,
  "load_stdev": 0.7864735557411053,
  "sla_success_rate": 1.0,
  "workflow_completion_p50": 15176.355857,
  "workflow_completion_p95": 16477.162203,
  "workflow_completion_p99": 18170.03181,
  "n_total_steps": 120,
  "n_failed_steps": 0,
  "failure_rate": 0.0,
  "state_size_avg": 338.2771966527197,
  "state_size_p95": 363,
  "state_traffic_Bps": 13531.087866108788,
  "dispatch_decision_p50": 82.136,
  "dispatch_decision_p95": 101.79,
  "dispatch_decision_p99": 119.622,
  "ttft_raw": [
    121.315675,
    59.030078,
    178.651482,
    120.07342,
    120.777626,
    80.935468,
    65.113908,
    78.95292,
    80.875463,
    81.627503,
    47.733866,
    83.549978,
    81.547197,
    155.967619,
    54.177176,
    76.524605,
    82.969884,
    56.769022,
    199.977208,
    171.291694,
    77.129705,
    132.206251,
    102.836902,
    141.267669,
    144.055334,
    60.949493,
    94.519363,
    131.98665,
    214.37245,
    123.776811,
    81.215731,
    80.725746,
    45.981107,
    62.900365,
    85.428091,
    88.574493,
    75.368203,
    48.718811,
    71.681029,
    80.566819,
    56.041768,
    104.236915,
    93.37255,
    116.000544,
    47.457688,
    117.898592,
    128.516799,
    104.465242,
    182.1821,
    57.530223,
    194.736748,
    164.294198,
    127.415139,
    81.630859,
    48.24057,
    132.13344,
    170.93274,
    56.453801,
    76.094249,
    79.650456,
    51.918964,
    57.329411,
    87.454226,
    75.180617,
    88.675374,
    127.345949,
    138.060651,
    80.56031,
    47.042146,
    215.650801,
    187.777781,
    78.840377,
    145.496222,
    64.868458,
    45.676916,
    139.796254,
    86.356503,
    131.622122,
    107.698715,
    181.532417,
    97.72739,
    81.859106,
    83.649863,
    69.20117,
    55.893405,
    71.128445,
    95.572302,
    52.832015,
    74.717291,
    121.868867,
    126.847539,
    123.295618,
    144.378848,
    102.231484,
    46.720668,
    83.654406,
    82.415417,
    175.378929,
    221.493788,
    124.815318,
    102.034823,
    60.552772,
    77.264849,
    108.778447,
    129.301505,
    87.799081,
    81.562774,
    161.37323,
    78.372605,
    75.702954,
    165.674446,
    130.112118,
    185.514458,
    84.83592,
    66.440621,
    130.33121,
    46.593534,
    141.336495,
    160.964343,
    46.985057
  ],
  "decision_raw": [
    90.37700000000001,
    116.505,
    83.86,
    86.604,
    86.899,
    80.245,
    80.33,
    81.771,
    64.12899999999999,
    81.771,
    83.88600000000001,
    130.447,
    96.053,
    62.944,
    80.706,
    83.598,
    92.72500000000001,
    82.951,
    70.59100000000001,
    102.131,
    101.79,
    75.824,
    91.92899999999999,
    82.945,
    84.07,
    82.90599999999999,
    83.347,
    75.357,
    85.47600000000001,
    93.063,
    85.23400000000001,
    81.616,
    85.06,
    79.47,
    81.635,
    81.489,
    115.982,
    82.077,
    77.666,
    83.142,
    87.591,
    82.143,
    81.971,
    90.478,
    82.507,
    81.83500000000001,
    83.08200000000001,
    119.622,
    85.89099999999999,
    79.70100000000001,
    70.11099999999999,
    79.51700000000001,
    32.410000000000004,
    81.878,
    98.101,
    80.824,
    81.92899999999999,
    80.55799999999999,
    82.767,
    82.136,
    81.17099999999999,
    67.875,
    82.752,
    82.45100000000001,
    87.30799999999999,
    79.714,
    84.148,
    83.765,
    82.72,
    87.86999999999999,
    77.801,
    76.19,
    71.641,
    79.667,
    81.661,
    63.86,
    108.718,
    80.47,
    85.101,
    82.537,
    84.43700000000001,
    81.464,
    84.228,
    98.998,
    90.382,
    71.37100000000001,
    80.021,
    82.837,
    84.82700000000001,
    79.577,
    79.729,
    79.988,
    81.075,
    31.380000000000003,
    78.163,
    31.855,
    84.675,
    48.911,
    34.574,
    30.932000000000002,
    30.389,
    82.667,
    80.261,
    85.06700000000001,
    92.615,
    86.613,
    80.766,
    67.467,
    80.261,
    85.74000000000001,
    75.14800000000001,
    79.051,
    76.896,
    82.661,
    81.92899999999999,
    67.139,
    85.351,
    81.405,
    82.679,
    92.922
  ]
}