{
  "cell_id": "n256_f1_vsketch_r1",
  "n": 256,
  "f_hz": 1,
  "view": "sketch",
  "rep": 1,
  "duration_s": 20.0,
  "actual_elapsed_s": 20.05800223350525,
  "n_state_updates": 5120,
  "n_dispatch_queries": 3407,
  "n_deadline_missed": 0,
  "size": {
    "avg": 1106.6052734375,
    "p50": 1107,
    "p95": 1117,
    "p99": 1121,
    "min": 1084,
    "max": 1129
  },
  "build_us_p95": 351.124,
  "ser_us_p95": 9.6,
  "deser_us_p95": 21.017,
  "merge_us_p95": 3.279,
  "total_us_p95": 384.782,
  "dispatch_latency_us_p50": 394.112,
  "dispatch_latency_us_p95": 408.611,
  "dispatch_latency_us_p99": 426.102
}