{
  "cell_id": "rich_chatbot_rich_f1_r2",
  "policy": "rich",
  "workload": "chatbot",
  "view": "rich",
  "freq_hz": 1,
  "rep": 2,
  "ctx_tokens": 512,
  "tool_delay_ms": 0,
  "n_workflows": 600,
  "n_steps": 1,
  "concurrent": 16,
  "duration_s": 75,
  "n_state_updates": 150,
  "state_size_avg": 14734.780833333334,
  "state_size_p95": 31167,
  "state_size_max": 37186,
  "state_traffic_Bps": 117878.24666666667,
  "dispatch_decision_p50": 59.236,
  "dispatch_decision_p95": 74.09,
  "dispatch_decision_p99": 86.666,
  "dispatch_decision_p99_mean": 61.297061666666664,
  "ttft_p50": 117.09928,
  "ttft_p95": 418.084852,
  "ttft_p99": 692.478604,
  "request_latency_p95": 0,
  "workflow_completion_p50": 3050.117105,
  "workflow_completion_p95": 11583.910516,
  "workflow_completion_p99": 15180.152118,
  "cache_hits_delta": 139536.0,
  "cache_queries_delta": 145360.0,
  "cache_hit_rate": 0.9599339570720968,
  "same_instance_step_ratio": 0,
  "n_total_requests": 600,
  "n_failed_requests": 0,
  "load_stdev": 2.2231462679887173
}