{
  "started_at_unix": 1784536121.2939055,
  "finished_at_unix": 1784536164.0803308,
  "duration_s": 42.78642559051514,
  "arguments": {
    "source_jsonl": "/home/byh/B02/supplemental_20260720/sources/agenttrace_mbpp_s200.jsonl",
    "out_dir": "/home/byh/B02/supplemental_20260720/replay_mbpp_s200_admission",
    "seed": 20260716,
    "repetitions": 10,
    "max_requests": 512,
    "warmup": 128,
    "cache_capacity": 128,
    "j": 4,
    "guard_tokens": 512
  },
  "cells": 880,
  "source_sha256": "84df2532cab6e68c7f8fa38f2ad9603aba663a9e493fb7151df2992011845b60"
}