{
  "cell_id": "n128_f1_vsketch_r1",
  "n": 128,
  "f_hz": 1,
  "view": "sketch",
  "rep": 1,
  "duration_s": 20.0,
  "actual_elapsed_s": 20.033024549484253,
  "n_state_updates": 2560,
  "n_dispatch_queries": 3724,
  "n_deadline_missed": 0,
  "size": {
    "avg": 747.2640625,
    "p50": 747,
    "p95": 755,
    "p99": 757,
    "min": 729,
    "max": 760
  },
  "build_us_p95": 193.983,
  "ser_us_p95": 6.518,
  "deser_us_p95": 15.552,
  "merge_us_p95": 2.615,
  "total_us_p95": 218.561,
  "dispatch_latency_us_p50": 183.605,
  "dispatch_latency_us_p95": 212.763,
  "dispatch_latency_us_p99": 230.148
}