{
  "cell_id": "n128_f10_vrich_r1",
  "n": 128,
  "f_hz": 10,
  "view": "rich",
  "rep": 1,
  "duration_s": 20.0,
  "actual_elapsed_s": 20.272672653198242,
  "n_state_updates": 22070,
  "n_dispatch_queries": 148,
  "n_deadline_missed": 0,
  "size": {
    "avg": 21109.22283642954,
    "p50": 21109,
    "p95": 21164,
    "p99": 21185,
    "min": 20989,
    "max": 21226
  },
  "build_us_p95": 754.263,
  "ser_us_p95": 25.587,
  "deser_us_p95": 120.434,
  "merge_us_p95": 27.889,
  "total_us_p95": 917.17,
  "dispatch_latency_us_p50": 123.794,
  "dispatch_latency_us_p95": 132.358,
  "dispatch_latency_us_p99": 139.322
}