{
  "cell_id": "round-robin_f5_['instance_0', 'instance_1']_r1_w12_s10_c4",
  "policy": "round-robin",
  "rep": 1,
  "noise_targets": [
    "instance_0",
    "instance_1"
  ],
  "noise_rps": 2.0,
  "freq_hz": 5.0,
  "n_workflows": 12,
  "n_steps": 10,
  "concurrent": 4,
  "duration_s": 75.0,
  "n_state_updates": 232,
  "ttft_p50": 106.724274,
  "ttft_p95": 224.714351,
  "ttft_p99": 394.434868,
  "tpot_p50": 53.74842315625,
  "tpot_p95": 64.47377995652174,
  "tpot_p99": 101.66207096875,
  "cache_hit_rate": 0.8705496564647096,
  "cache_hits_delta": 89200.0,
  "cache_queries_delta": 102464.0,
  "load_stdev": 0.5162038118944652,
  "sla_success_rate": 1.0,
  "workflow_completion_p50": 15161.240997,
  "workflow_completion_p95": 16114.057664,
  "workflow_completion_p99": 16559.476242,
  "n_total_steps": 120,
  "n_failed_steps": 0,
  "failure_rate": 0.0,
  "state_size_avg": 343.3556034482759,
  "state_size_p95": 363,
  "state_traffic_Bps": 13734.224137931034,
  "dispatch_decision_p50": 54.684,
  "dispatch_decision_p95": 70.69800000000001,
  "dispatch_decision_p99": 87.615,
  "ttft_raw": [
    224.714351,
    122.10862,
    246.18069,
    63.618302,
    165.762582,
    202.224087,
    165.022583,
    62.107963,
    105.037092,
    106.349389,
    185.640434,
    163.782683,
    157.599337,
    197.987424,
    102.245151,
    151.047039,
    140.636713,
    184.945767,
    74.445589,
    224.337271,
    127.029227,
    274.338925,
    67.315341,
    64.46744,
    82.329277,
    171.709449,
    62.693721,
    128.889956,
    58.926869,
    120.186716,
    66.329732,
    47.708022,
    91.573967,
    57.352381,
    107.804251,
    98.66768,
    89.837902,
    111.329007,
    48.241231,
    61.584886,
    86.865606,
    90.937647,
    106.137755,
    134.062385,
    58.515833,
    123.037489,
    86.88615,
    123.656412,
    51.637387,
    118.144784,
    89.359769,
    205.254742,
    54.547199,
    168.324648,
    278.014805,
    64.824142,
    117.564599,
    136.618831,
    57.556432,
    140.851742,
    58.668858,
    190.759779,
    102.179492,
    89.440455,
    120.840761,
    106.724274,
    171.900711,
    128.149581,
    96.514828,
    147.534006,
    78.13538,
    92.38157,
    153.388645,
    93.985261,
    107.38335,
    117.675279,
    61.508726,
    50.790295,
    115.675219,
    84.366614,
    102.374254,
    140.602262,
    53.252171,
    107.67119,
    83.948979,
    61.654605,
    57.466055,
    119.770998,
    107.811495,
    184.418307,
    63.756483,
    88.619853,
    421.432913,
    54.970717,
    60.437657,
    394.434868,
    80.747992,
    77.438912,
    122.87042,
    182.620474,
    165.617583,
    103.611073,
    156.405258,
    55.736403,
    144.895049,
    116.545883,
    108.373815,
    65.378995,
    101.144507,
    118.989231,
    71.968588,
    102.768401,
    105.214505,
    212.999133,
    72.673088,
    159.032723,
    116.586378,
    256.891515,
    98.248277,
    76.915293
  ],
  "decision_raw": [
    65.08,
    58.634,
    65.90100000000001,
    53.931999999999995,
    87.615,
    77.402,
    67.679,
    61.381,
    55.053999999999995,
    51.986,
    62.001999999999995,
    57.202,
    56.993,
    57.184,
    55.501000000000005,
    54.824000000000005,
    55.263000000000005,
    43.432,
    50.327,
    99.515,
    62.803000000000004,
    60.254999999999995,
    54.551,
    55.242,
    37.257,
    55.981,
    52.275,
    54.531,
    57.487,
    50.971,
    52.035,
    52.948,
    55.935,
    54.625,
    60.708000000000006,
    70.69800000000001,
    52.711,
    28.954,
    51.901,
    57.510000000000005,
    52.800999999999995,
    72.694,
    54.648,
    53.314,
    54.684,
    54.879,
    56.236000000000004,
    59.330999999999996,
    35.577999999999996,
    63.541,
    53.702999999999996,
    54.472,
    55.047000000000004,
    54.491,
    70.516,
    66.852,
    55.532000000000004,
    53.664,
    58.931999999999995,
    54.657999999999994,
    53.773,
    54.909,
    62.955,
    58.957,
    59.521,
    80.45700000000001,
    50.531,
    54.580999999999996,
    54.681,
    53.184,
    59.517,
    53.745000000000005,
    54.175000000000004,
    55.138,
    56.121,
    61.846000000000004,
    52.794000000000004,
    58.891000000000005,
    52.784,
    50.300000000000004,
    51.581,
    32.431999999999995,
    60.191,
    54.568000000000005,
    52.457,
    53.894999999999996,
    54.107,
    53.584,
    60.102000000000004,
    54.981,
    51.671,
    65.175,
    61.671,
    56.632000000000005,
    60.108000000000004,
    52.197,
    50.432,
    49.937,
    24.991,
    50.826,
    52.835,
    31.704,
    51.345,
    57.244,
    46.031,
    59.596000000000004,
    53.811,
    49.939,
    51.822,
    51.32,
    77.728,
    51.063,
    39.577,
    52.541,
    55.411,
    62.123000000000005,
    44.015,
    62.61999999999999,
    52.846000000000004,
    54.861999999999995
  ]
}