{
  "cell_id": "rich_agentic_rich_f1_r1",
  "policy": "rich",
  "workload": "agentic",
  "view": "rich",
  "freq_hz": 1,
  "rep": 1,
  "ctx_tokens": 512,
  "tool_delay_ms": 200,
  "n_workflows": 8,
  "n_steps": 8,
  "concurrent": 4,
  "duration_s": 75,
  "n_state_updates": 28,
  "state_size_avg": 905.5714285714286,
  "state_size_p95": 2066,
  "state_size_max": 3204,
  "state_traffic_Bps": 7244.571428571428,
  "dispatch_decision_p50": 78.591,
  "dispatch_decision_p95": 98.895,
  "dispatch_decision_p99": 103.618,
  "dispatch_decision_p99_mean": 73.810328125,
  "ttft_p50": 93.276754,
  "ttft_p95": 263.26932,
  "ttft_p99": 288.622386,
  "request_latency_p95": 0,
  "workflow_completion_p50": 13114.940422,
  "workflow_completion_p95": 14368.505823,
  "workflow_completion_p99": 14368.505823,
  "cache_hits_delta": 4976.0,
  "cache_queries_delta": 8819.0,
  "cache_hit_rate": 0.5642363079714253,
  "same_instance_step_ratio": 0.2916666666666667,
  "n_total_requests": 64,
  "n_failed_requests": 0,
  "load_stdev": 0.9056254792990803
}