{
  "cell_id": "n16_f50_vrich_r2",
  "n": 16,
  "f_hz": 50,
  "view": "rich",
  "rep": 2,
  "duration_s": 20.0,
  "actual_elapsed_s": 20.029186725616455,
  "n_state_updates": 16000,
  "n_dispatch_queries": 3001,
  "n_deadline_missed": 0,
  "size": {
    "avg": 6529.0503125,
    "p50": 6529,
    "p95": 6581,
    "p99": 6601,
    "min": 6410,
    "max": 6635
  },
  "build_us_p95": 420.665,
  "ser_us_p95": 25.796,
  "deser_us_p95": 86.895,
  "merge_us_p95": 16.696,
  "total_us_p95": 547.367,
  "dispatch_latency_us_p50": 24.816,
  "dispatch_latency_us_p95": 47.407,
  "dispatch_latency_us_p99": 53.618
}