{
  "cell_id": "n64_f1_vrich_r1",
  "n": 64,
  "f_hz": 1,
  "view": "rich",
  "rep": 1,
  "duration_s": 20.0,
  "actual_elapsed_s": 20.071537971496582,
  "n_state_updates": 1280,
  "n_dispatch_queries": 3723,
  "n_deadline_missed": 0,
  "size": {
    "avg": 12683.9921875,
    "p50": 12683,
    "p95": 12742,
    "p99": 12759,
    "min": 12587,
    "max": 12776
  },
  "build_us_p95": 1105.851,
  "ser_us_p95": 44.172,
  "deser_us_p95": 179.383,
  "merge_us_p95": 29.186,
  "total_us_p95": 1353.325,
  "dispatch_latency_us_p50": 87.794,
  "dispatch_latency_us_p95": 106.585,
  "dispatch_latency_us_p99": 115.686
}