{
  "cell_id": "n64_f50_vrich_r2",
  "n": 64,
  "f_hz": 50,
  "view": "rich",
  "rep": 2,
  "duration_s": 20.0,
  "actual_elapsed_s": 20.121410608291626,
  "n_state_updates": 39997,
  "n_dispatch_queries": 409,
  "n_deadline_missed": 0,
  "size": {
    "avg": 12685.26774508088,
    "p50": 12685,
    "p95": 12739,
    "p99": 12760,
    "min": 12568,
    "max": 12794
  },
  "build_us_p95": 409.862,
  "ser_us_p95": 16.096,
  "deser_us_p95": 63.468,
  "merge_us_p95": 13.793,
  "total_us_p95": 499.335,
  "dispatch_latency_us_p50": 59.664,
  "dispatch_latency_us_p95": 61.764,
  "dispatch_latency_us_p99": 64.816
}