{
  "cell_id": "n4_f50.0_vcoarse_r1",
  "n": 4,
  "f_hz": 50.0,
  "view": "coarse",
  "rep": 1,
  "duration_s": 30,
  "n_updates": 1500,
  "size_avg": 476.25266666666664,
  "size_p95": 479,
  "size_p99": 480,
  "size_max": 482,
  "traffic_Bps": 95250.53333333333,
  "traffic_MBps": 0.09525053333333333,
  "ser_us_p95": 4.402,
  "deser_us_p95": 8.152,
  "merge_us_p95": 78.482,
  "total_us_p95": 114.128,
  "dispatch_p50": 6.51,
  "dispatch_p95": 7.125,
  "dispatch_p99": 9.066,
  "dispatch_q_count": 97,
  "actual_elapsed_s": 30.502050638198853,
  "achieved_hz": 49.17702149905601
}