{
  "cell_id": "rich_rich_prefix_locality_ctx256_s8_w12_c4_td0_f10_r1",
  "policy": "rich",
  "view": "rich",
  "workload": "prefix_locality",
  "ctx_tokens": 256,
  "n_steps": 8,
  "n_workflows": 12,
  "concurrent": 4,
  "duration_s": 120,
  "rep": 1,
  "freq_hz": 10,
  "tool_delay_ms": 0,
  "n_state_updates": 312,
  "ttft_p50": 132.783988,
  "ttft_p95": 307.053608,
  "ttft_p99": 498.780043,
  "tpot_p50": 66.34770887500001,
  "tpot_p95": 98.254712375,
  "workflow_completion_p50": 14063.42343,
  "workflow_completion_p95": 16288.856765,
  "workflow_completion_p99": 17544.652779,
  "cache_hit_rate": 0.7721327275230621,
  "cache_hits_delta": 22432.0,
  "cache_queries_delta": 29052.0,
  "n_total_steps": 84,
  "cross_instance_switches": 84,
  "same_instance_step_ratio": 0.0,
  "n_total_workflows": 12,
  "n_successful_workflows": 12,
  "n_failed_requests": 0,
  "load_stdev": 0.9400202231984987,
  "state_size_avg": 2271.4266826923076,
  "state_size_p95": 4664,
  "state_size_max": 6048,
  "state_traffic_Bps": 181714.13461538462,
  "dispatch_decision_p50": 80.947,
  "dispatch_decision_p95": 96.169,
  "dispatch_decision_p99": 111.978
}