{
  "cell_id": "coarse_f10_w8_s12_c3",
  "policy": "coarse",
  "freq_hz": 10.0,
  "n_workflows": 8,
  "n_steps": 12,
  "concurrent": 3,
  "duration_s": 120.0,
  "n_state_updates": 752,
  "cache_hits_delta": 113328.0,
  "cache_queries_delta": 118707.0,
  "cache_hit_rate": 0.9546867497283227,
  "ttft_p50": 2289.477728,
  "ttft_p95": 2824.926272,
  "ttft_p99": 3118.450802,
  "request_latency_p50": 2289.666742,
  "request_latency_p95": 2825.034222,
  "request_latency_p99": 3118.553874,
  "workflow_completion_p50": 24988.14301,
  "workflow_completion_p95": 28075.676547,
  "workflow_completion_p99": 28075.676547,
  "n_workflows_succeeded": 8,
  "state_size_avg": 346.4727393617021,
  "state_size_p95": 365,
  "state_traffic_Bps": 13858.909574468085,
  "dispatch_decision_p50": 54.985,
  "dispatch_decision_p95": 84.67800000000001,
  "dispatch_decision_p99": 94.25800000000001
}