{
  "cell_id": "rich_bursty_sketch_f10_r1",
  "policy": "rich",
  "workload": "bursty",
  "view": "sketch",
  "freq_hz": 10,
  "rep": 1,
  "ctx_tokens": 512,
  "tool_delay_ms": 200,
  "n_workflows": 12,
  "n_steps": 8,
  "concurrent": 4,
  "duration_s": 180,
  "n_state_updates": 270,
  "state_size_avg": 357.69814814814816,
  "state_size_p95": 362,
  "state_size_max": 366,
  "state_traffic_Bps": 28615.851851851854,
  "dispatch_decision_p50": 80.821,
  "dispatch_decision_p95": 105.77999999999999,
  "dispatch_decision_p99": 129.54700000000003,
  "dispatch_decision_p99_mean": 80.580625,
  "ttft_p50": 66.310847,
  "ttft_p95": 146.258142,
  "ttft_p99": 179.99003,
  "request_latency_p95": 0,
  "workflow_completion_p50": 11776.612118,
  "workflow_completion_p95": 13647.494778,
  "workflow_completion_p99": 13690.43369,
  "cache_hits_delta": 11408.0,
  "cache_queries_delta": 13039.0,
  "cache_hit_rate": 0.8749137203773295,
  "same_instance_step_ratio": 0.3194444444444444,
  "n_total_requests": 96,
  "n_failed_requests": 0,
  "load_stdev": 0.7960529272203777
}