{
  "cell_id": "n4_f50.0_vcoarse_r2",
  "n": 4,
  "f_hz": 50.0,
  "view": "coarse",
  "rep": 2,
  "duration_s": 30,
  "n_updates": 1500,
  "size_avg": 476.21933333333334,
  "size_p95": 479,
  "size_p99": 480,
  "size_max": 482,
  "traffic_Bps": 95243.86666666667,
  "traffic_MBps": 0.09524386666666666,
  "ser_us_p95": 4.376,
  "deser_us_p95": 8.2,
  "merge_us_p95": 81.93,
  "total_us_p95": 113.238,
  "dispatch_p50": 6.611,
  "dispatch_p95": 7.427,
  "dispatch_p99": 16.573,
  "dispatch_q_count": 97,
  "actual_elapsed_s": 30.50214147567749,
  "achieved_hz": 49.17687504649813
}