{
  "cell_id": "stress_n4_f50_vrich_r2",
  "n": 4,
  "f_hz": 50,
  "view": "rich",
  "rep": 2,
  "duration_s": 60,
  "n_updates": 3000,
  "target_f": 50,
  "achieved_f": 49.999993046125745,
  "size_p95": 3111,
  "size_avg": 3111,
  "target_traffic_MBps": 0.6222,
  "achieved_traffic_MBps": 0.6221999134659888,
  "ser_us_p95": 11.556,
  "deser_us_p95": 36.464,
  "merge_us_p95": 0.343,
  "total_us_p95": 51.311,
  "missed_deadline_rate": 1.3907748508401596e-07,
  "sustainable": true
}