{
  "cell_id": "coarse_coarse_prefix_locality_ctx1024_s8_w12_c4_td0_f10_r2",
  "policy": "coarse",
  "view": "coarse",
  "workload": "prefix_locality",
  "ctx_tokens": 1024,
  "n_steps": 8,
  "n_workflows": 12,
  "concurrent": 4,
  "duration_s": 120,
  "rep": 2,
  "freq_hz": 10,
  "tool_delay_ms": 0,
  "n_state_updates": 455,
  "ttft_p50": 154.398891,
  "ttft_p95": 306.368717,
  "ttft_p99": 315.92843,
  "tpot_p50": 98.14154500000001,
  "tpot_p95": 143.475642875,
  "workflow_completion_p50": 20672.181958,
  "workflow_completion_p95": 22173.359311,
  "workflow_completion_p99": 22572.774624,
  "cache_hit_rate": 0.9754644026912298,
  "cache_hits_delta": 82496.0,
  "cache_queries_delta": 84571.0,
  "n_total_steps": 84,
  "cross_instance_switches": 84,
  "same_instance_step_ratio": 0.0,
  "n_total_workflows": 12,
  "n_successful_workflows": 12,
  "n_failed_requests": 0,
  "load_stdev": 0.8781425317522048,
  "state_size_avg": 349.9258241758242,
  "state_size_p95": 375,
  "state_size_max": 375,
  "state_traffic_Bps": 27994.065934065933,
  "dispatch_decision_p50": 68.382,
  "dispatch_decision_p95": 104.692,
  "dispatch_decision_p99": 107.502
}