{
  "cell_id": "rich_rich_prefix_locality_ctx256_s8_w12_c4_td0_f10_r2",
  "policy": "rich",
  "view": "rich",
  "workload": "prefix_locality",
  "ctx_tokens": 256,
  "n_steps": 8,
  "n_workflows": 12,
  "concurrent": 4,
  "duration_s": 120,
  "rep": 2,
  "freq_hz": 10,
  "tool_delay_ms": 0,
  "n_state_updates": 313,
  "ttft_p50": 135.624659,
  "ttft_p95": 317.545417,
  "ttft_p99": 430.214724,
  "tpot_p50": 67.50270806666667,
  "tpot_p95": 90.61735499999999,
  "workflow_completion_p50": 14614.770632,
  "workflow_completion_p95": 16009.182007,
  "workflow_completion_p99": 16689.218285,
  "cache_hit_rate": 0.7994666479525597,
  "cache_hits_delta": 22784.0,
  "cache_queries_delta": 28499.0,
  "n_total_steps": 84,
  "cross_instance_switches": 84,
  "same_instance_step_ratio": 0.0,
  "n_total_workflows": 12,
  "n_successful_workflows": 12,
  "n_failed_requests": 0,
  "load_stdev": 0.985511319621523,
  "state_size_avg": 2342.8929712460063,
  "state_size_p95": 5423,
  "state_size_max": 6987,
  "state_traffic_Bps": 187431.4376996805,
  "dispatch_decision_p50": 81.682,
  "dispatch_decision_p95": 128.603,
  "dispatch_decision_p99": 132.027
}