{
  "cell_id": "coarse_chatbot_coarse_f1_r1",
  "policy": "coarse",
  "workload": "chatbot",
  "view": "coarse",
  "freq_hz": 1,
  "rep": 1,
  "ctx_tokens": 512,
  "tool_delay_ms": 0,
  "n_workflows": 600,
  "n_steps": 1,
  "concurrent": 16,
  "duration_s": 75,
  "n_state_updates": 146,
  "state_size_avg": 349.1378424657534,
  "state_size_p95": 365,
  "state_size_max": 365,
  "state_traffic_Bps": 2793.1027397260273,
  "dispatch_decision_p50": 81.57000000000001,
  "dispatch_decision_p95": 99.145,
  "dispatch_decision_p99": 109.82000000000001,
  "dispatch_decision_p99_mean": 78.12345166666667,
  "ttft_p50": 110.75575,
  "ttft_p95": 394.351266,
  "ttft_p99": 547.061435,
  "request_latency_p95": 0,
  "workflow_completion_p50": 3002.484306,
  "workflow_completion_p95": 10388.111049,
  "workflow_completion_p99": 15592.017624,
  "cache_hits_delta": 134016.0,
  "cache_queries_delta": 140407.0,
  "cache_hit_rate": 0.954482326379739,
  "same_instance_step_ratio": 0,
  "n_total_requests": 600,
  "n_failed_requests": 0,
  "load_stdev": 2.2080851071335506
}