{
  "cell_id": "rich_chatbot_rich_f50_r1",
  "policy": "rich",
  "workload": "chatbot",
  "view": "rich",
  "freq_hz": 50,
  "rep": 1,
  "ctx_tokens": 512,
  "tool_delay_ms": 0,
  "n_workflows": 600,
  "n_steps": 1,
  "concurrent": 16,
  "duration_s": 75,
  "n_state_updates": 870,
  "state_size_avg": 14605.59238505747,
  "state_size_p95": 31139,
  "state_size_max": 37196,
  "state_traffic_Bps": 5842236.954022989,
  "dispatch_decision_p50": 57.347,
  "dispatch_decision_p95": 79.48700000000001,
  "dispatch_decision_p99": 98.366,
  "dispatch_decision_p99_mean": 53.51672666666666,
  "ttft_p50": 117.505566,
  "ttft_p95": 285.313235,
  "ttft_p99": 499.482318,
  "request_latency_p95": 0,
  "workflow_completion_p50": 2789.67163,
  "workflow_completion_p95": 7777.923998,
  "workflow_completion_p99": 12990.197794,
  "cache_hits_delta": 136608.0,
  "cache_queries_delta": 142382.0,
  "cache_hit_rate": 0.9594471211248613,
  "same_instance_step_ratio": 0,
  "n_total_requests": 600,
  "n_failed_requests": 0,
  "load_stdev": 1.3601712166452948
}