{
  "cell_id": "n64_f50_vcoarse_r1",
  "n": 64,
  "f_hz": 50,
  "view": "coarse",
  "rep": 1,
  "duration_s": 20.0,
  "actual_elapsed_s": 20.07900643348694,
  "n_state_updates": 64000,
  "n_dispatch_queries": 3621,
  "n_deadline_missed": 0,
  "size": {
    "avg": 382.198328125,
    "p50": 382,
    "p95": 384,
    "p99": 385,
    "min": 374,
    "max": 388
  },
  "build_us_p95": 17.103,
  "ser_us_p95": 3.053,
  "deser_us_p95": 6.43,
  "merge_us_p95": 1.184,
  "total_us_p95": 30.941,
  "dispatch_latency_us_p50": 92.026,
  "dispatch_latency_us_p95": 102.137,
  "dispatch_latency_us_p99": 109.677
}