{
  "cell_id": "n256_f50.0_vsketch_r1",
  "n": 256,
  "f_hz": 50.0,
  "view": "sketch",
  "rep": 1,
  "duration_s": 30,
  "n_updates": 1006,
  "size_avg": 1133.1829025844931,
  "size_p95": 1143,
  "size_p99": 1147,
  "size_max": 1150,
  "traffic_Bps": 14504741.153081512,
  "traffic_MBps": 14.504741153081513,
  "ser_us_p95": 4.127,
  "deser_us_p95": 8.836,
  "merge_us_p95": 29848.298,
  "total_us_p95": 29979.189,
  "dispatch_p50": 388.222,
  "dispatch_p95": 403.221,
  "dispatch_p99": 406.318,
  "dispatch_q_count": 87,
  "actual_elapsed_s": 30.502880334854126,
  "achieved_hz": 32.98049197178582
}