{
  "cell_id": "sketch_agentic_sketch_f10_r1",
  "policy": "sketch",
  "workload": "agentic",
  "view": "sketch",
  "freq_hz": 10,
  "rep": 1,
  "ctx_tokens": 512,
  "tool_delay_ms": 200,
  "n_workflows": 8,
  "n_steps": 8,
  "concurrent": 4,
  "duration_s": 75,
  "n_state_updates": 204,
  "state_size_avg": 357.218791500664,
  "state_size_p95": 361,
  "state_size_max": 365,
  "state_traffic_Bps": 28577.503320053118,
  "dispatch_decision_p50": 76.8,
  "dispatch_decision_p95": 119.208,
  "dispatch_decision_p99": 123.707,
  "dispatch_decision_p99_mean": 87.633203125,
  "ttft_p50": 76.564243,
  "ttft_p95": 226.357529,
  "ttft_p99": 247.3838,
  "request_latency_p95": 0,
  "workflow_completion_p50": 13654.328082,
  "workflow_completion_p95": 14897.531477,
  "workflow_completion_p99": 14897.531477,
  "cache_hits_delta": 6368.0,
  "cache_queries_delta": 8682.0,
  "cache_hit_rate": 0.7334715503340244,
  "same_instance_step_ratio": 0.22916666666666666,
  "n_total_requests": 64,
  "n_failed_requests": 0,
  "load_stdev": 0.7856626476033853
}