{
  "cell_id": "n64_f1_vsketch_r2",
  "n": 64,
  "f_hz": 1,
  "view": "sketch",
  "rep": 2,
  "duration_s": 20.0,
  "actual_elapsed_s": 20.013478755950928,
  "n_state_updates": 1280,
  "n_dispatch_queries": 3833,
  "n_deadline_missed": 0,
  "size": {
    "avg": 567.67109375,
    "p50": 568,
    "p95": 573,
    "p99": 574,
    "min": 556,
    "max": 578
  },
  "build_us_p95": 111.816,
  "ser_us_p95": 5.811,
  "deser_us_p95": 12.526,
  "merge_us_p95": 2.26,
  "total_us_p95": 132.196,
  "dispatch_latency_us_p50": 86.285,
  "dispatch_latency_us_p95": 97.556,
  "dispatch_latency_us_p99": 108.221
}