{
  "cell_id": "rich_rich_chatbot_ctx512_s1_w100_c16_td0_f10_r1_notool_nolat",
  "policy": "rich",
  "view": "rich",
  "workload": "chatbot",
  "ctx_tokens": 512,
  "n_steps": 1,
  "n_workflows": 100,
  "concurrent": 16,
  "duration_s": 60,
  "rep": 1,
  "freq_hz": 10,
  "tool_delay_ms": 0,
  "n_state_updates": 121,
  "ttft_p50": 134.271148,
  "ttft_p95": 385.315193,
  "ttft_p99": 399.762583,
  "tpot_p50": 72.01116153125,
  "tpot_p95": 176.49345471875,
  "workflow_completion_p50": 2028.294403,
  "workflow_completion_p95": 5970.292951,
  "workflow_completion_p99": 5970.750559,
  "cache_hit_rate": 0.7623866751001476,
  "cache_hits_delta": 7232.0,
  "cache_queries_delta": 9486.0,
  "n_total_steps": 0,
  "cross_instance_switches": 0,
  "same_instance_step_ratio": 1.0,
  "n_total_workflows": 100,
  "n_successful_workflows": 100,
  "n_failed_requests": 0,
  "load_stdev": 3.039919034918242,
  "state_size_avg": 5903.104338842975,
  "state_size_p95": 15005,
  "state_size_max": 15702,
  "state_traffic_Bps": 472248.347107438,
  "dispatch_decision_p50": 76.095,
  "dispatch_decision_p95": 117.346,
  "dispatch_decision_p99": 125.161
}