{
  "cell_id": "oracle_oracle_prefix_locality_ctx1024_s4_w12_c4_td200_f10_r2",
  "policy": "oracle",
  "view": "oracle",
  "workload": "prefix_locality",
  "ctx_tokens": 1024,
  "n_steps": 4,
  "n_workflows": 12,
  "concurrent": 4,
  "duration_s": 120,
  "rep": 2,
  "freq_hz": 10,
  "tool_delay_ms": 200,
  "n_state_updates": 281,
  "ttft_p50": 202.850974,
  "ttft_p95": 474.157458,
  "ttft_p99": 475.596841,
  "tpot_p50": 98.26611183333334,
  "tpot_p95": 159.69174945833333,
  "workflow_completion_p50": 11379.846203,
  "workflow_completion_p95": 14256.251949,
  "workflow_completion_p99": 15328.447792,
  "cache_hit_rate": 0.938316159361793,
  "cache_hits_delta": 39520.0,
  "cache_queries_delta": 42118.0,
  "n_total_steps": 36,
  "cross_instance_switches": 7,
  "same_instance_step_ratio": 0.8055555555555556,
  "n_total_workflows": 12,
  "n_successful_workflows": 12,
  "n_failed_requests": 0,
  "load_stdev": 0.7095466646401459,
  "state_size_avg": 2246.5951957295374,
  "state_size_p95": 3843,
  "state_size_max": 4401,
  "state_traffic_Bps": 179727.61565836298,
  "dispatch_decision_p50": 54.835,
  "dispatch_decision_p95": 79.235,
  "dispatch_decision_p99": 81.462
}