{
  "cell_id": "stress_n64_f50_vsketch_r2",
  "n": 64,
  "f_hz": 50,
  "view": "sketch",
  "rep": 2,
  "duration_s": 60,
  "n_updates": 3000,
  "target_f": 50,
  "achieved_f": 49.999988476438,
  "size_p95": 511,
  "size_avg": 510.54541666666665,
  "target_traffic_MBps": 1.6337453333333332,
  "achieved_traffic_MBps": 1.6337449568020204,
  "ser_us_p95": 3.42,
  "deser_us_p95": 8.109,
  "merge_us_p95": 0.335,
  "total_us_p95": 12.963,
  "missed_deadline_rate": 2.3047123998143348e-07,
  "sustainable": true
}