{
  "cell_id": "sketch_chatbot_sketch_f1_r2",
  "policy": "sketch",
  "workload": "chatbot",
  "view": "sketch",
  "freq_hz": 1,
  "rep": 2,
  "ctx_tokens": 512,
  "tool_delay_ms": 0,
  "n_workflows": 600,
  "n_steps": 1,
  "concurrent": 16,
  "duration_s": 75,
  "n_state_updates": 151,
  "state_size_avg": 368.2922185430464,
  "state_size_p95": 370,
  "state_size_max": 371,
  "state_traffic_Bps": 2946.337748344371,
  "dispatch_decision_p50": 79.45400000000001,
  "dispatch_decision_p95": 96.051,
  "dispatch_decision_p99": 113.785,
  "dispatch_decision_p99_mean": 77.84634166666666,
  "ttft_p50": 110.315449,
  "ttft_p95": 456.959606,
  "ttft_p99": 638.948593,
  "request_latency_p95": 0,
  "workflow_completion_p50": 2781.34891,
  "workflow_completion_p95": 11069.927306,
  "workflow_completion_p99": 18704.200607,
  "cache_hits_delta": 136400.0,
  "cache_queries_delta": 142236.0,
  "cache_hit_rate": 0.9589695998200174,
  "same_instance_step_ratio": 0,
  "n_total_requests": 600,
  "n_failed_requests": 0,
  "load_stdev": 2.3977946294352135
}