{
  "cell_id": "n256_f1_vsketch_r2",
  "n": 256,
  "f_hz": 1,
  "view": "sketch",
  "rep": 2,
  "duration_s": 20.0,
  "actual_elapsed_s": 20.06773805618286,
  "n_state_updates": 5120,
  "n_dispatch_queries": 3440,
  "n_deadline_missed": 0,
  "size": {
    "avg": 1106.3130859375,
    "p50": 1106,
    "p95": 1117,
    "p99": 1121,
    "min": 1084,
    "max": 1127
  },
  "build_us_p95": 350.455,
  "ser_us_p95": 9.67,
  "deser_us_p95": 21.245,
  "merge_us_p95": 3.24,
  "total_us_p95": 384.511,
  "dispatch_latency_us_p50": 392.41,
  "dispatch_latency_us_p95": 407.157,
  "dispatch_latency_us_p99": 424.905
}