{
  "cell_id": "n64_f10.0_vrich_r2",
  "n": 64,
  "f_hz": 10.0,
  "view": "rich",
  "rep": 2,
  "duration_s": 30,
  "n_updates": 300,
  "size_avg": 12992.753333333334,
  "size_p95": 13093,
  "size_p99": 13139,
  "size_max": 13175,
  "traffic_Bps": 8315362.133333334,
  "traffic_MBps": 8.315362133333334,
  "ser_us_p95": 28.671,
  "deser_us_p95": 113.394,
  "merge_us_p95": 38877.564,
  "total_us_p95": 39724.866,
  "dispatch_p50": 86.717,
  "dispatch_p95": 97.408,
  "dispatch_p99": 107.263,
  "dispatch_q_count": 96,
  "actual_elapsed_s": 30.504465341567993,
  "achieved_hz": 9.834625738914177
}