{
  "cell_id": "rich_rich_chatbot_ctx512_s1_w100_c16_td0_f10_r1_nohist_nolat",
  "policy": "rich",
  "view": "rich",
  "workload": "chatbot",
  "ctx_tokens": 512,
  "n_steps": 1,
  "n_workflows": 100,
  "concurrent": 16,
  "duration_s": 60,
  "rep": 1,
  "freq_hz": 10,
  "tool_delay_ms": 0,
  "n_state_updates": 134,
  "ttft_p50": 228.37442,
  "ttft_p95": 722.136648,
  "ttft_p99": 723.593514,
  "tpot_p50": 64.4907156,
  "tpot_p95": 194.6027273125,
  "workflow_completion_p50": 1965.618509,
  "workflow_completion_p95": 6738.075059,
  "workflow_completion_p99": 6738.405917,
  "cache_hit_rate": 0.3153700985531558,
  "cache_hits_delta": 3008.0,
  "cache_queries_delta": 9538.0,
  "n_total_steps": 0,
  "cross_instance_switches": 0,
  "same_instance_step_ratio": 1.0,
  "n_total_workflows": 100,
  "n_successful_workflows": 100,
  "n_failed_requests": 0,
  "load_stdev": 3.7365157705116783,
  "state_size_avg": 7039.5317164179105,
  "state_size_p95": 17162,
  "state_size_max": 19612,
  "state_traffic_Bps": 563162.5373134329,
  "dispatch_decision_p50": 74.006,
  "dispatch_decision_p95": 89.205,
  "dispatch_decision_p99": 133.653
}