{
  "cell_id": "coarse_agentic_coarse_f10_r1",
  "policy": "coarse",
  "workload": "agentic",
  "view": "coarse",
  "freq_hz": 10,
  "rep": 1,
  "ctx_tokens": 512,
  "tool_delay_ms": 200,
  "n_workflows": 8,
  "n_steps": 8,
  "concurrent": 4,
  "duration_s": 75,
  "n_state_updates": 190,
  "state_size_avg": 337.17763157894734,
  "state_size_p95": 365,
  "state_size_max": 365,
  "state_traffic_Bps": 26974.210526315786,
  "dispatch_decision_p50": 79.397,
  "dispatch_decision_p95": 126.53799999999998,
  "dispatch_decision_p99": 132.375,
  "dispatch_decision_p99_mean": 79.978515625,
  "ttft_p50": 93.969666,
  "ttft_p95": 251.092988,
  "ttft_p99": 305.416563,
  "request_latency_p95": 0,
  "workflow_completion_p50": 13696.495676,
  "workflow_completion_p95": 14450.017206,
  "workflow_completion_p99": 14450.017206,
  "cache_hits_delta": 3472.0,
  "cache_queries_delta": 8537.0,
  "cache_hit_rate": 0.406700245988052,
  "same_instance_step_ratio": 0.3125,
  "n_total_requests": 64,
  "n_failed_requests": 0,
  "load_stdev": 0.7943801308780751
}