{
  "cell_id": "stress_n512_f50_vcoarse_r3",
  "n": 512,
  "f_hz": 50,
  "view": "coarse",
  "rep": 3,
  "duration_s": 60,
  "n_updates": 2996,
  "target_f": 50,
  "achieved_f": 49.92388688863968,
  "size_p95": 377,
  "size_avg": 374.71165329814755,
  "target_traffic_MBps": 9.592618324432578,
  "achieved_traffic_MBps": 9.578015843897285,
  "ser_us_p95": 1.683,
  "deser_us_p95": 3.796,
  "merge_us_p95": 0.235,
  "total_us_p95": 6.291,
  "missed_deadline_rate": 0.0015222622272064168,
  "sustainable": true
}