{
  "cell_id": "n64_f50.0_vrich_r1",
  "n": 64,
  "f_hz": 50.0,
  "view": "rich",
  "rep": 1,
  "duration_s": 30,
  "n_updates": 1182,
  "size_avg": 12997.51184433164,
  "size_p95": 13091,
  "size_p99": 13126,
  "size_max": 13157,
  "traffic_Bps": 41592037.90186125,
  "traffic_MBps": 41.592037901861254,
  "ser_us_p95": 17.709,
  "deser_us_p95": 81.73,
  "merge_us_p95": 25129.015,
  "total_us_p95": 25607.052,
  "dispatch_p50": 86.969,
  "dispatch_p95": 97.406,
  "dispatch_p99": 108.26,
  "dispatch_q_count": 92,
  "actual_elapsed_s": 30.502400398254395,
  "achieved_hz": 38.75104859182309
}