{
  "cell_id": "sketch_agentic_sketch_f10_r2",
  "policy": "sketch",
  "workload": "agentic",
  "view": "sketch",
  "freq_hz": 10,
  "rep": 2,
  "ctx_tokens": 1024,
  "tool_delay_ms": 1000,
  "n_workflows": 8,
  "n_steps": 8,
  "concurrent": 4,
  "duration_s": 90,
  "n_state_updates": 237,
  "state_size_avg": 357.38734567901236,
  "state_size_p95": 361,
  "state_size_max": 363,
  "state_traffic_Bps": 28590.98765432099,
  "dispatch_decision_p50": 76.846,
  "dispatch_decision_p95": 98.428,
  "dispatch_decision_p99": 114.87299999999999,
  "dispatch_decision_p99_mean": 78.590234375,
  "ttft_p50": 76.38792,
  "ttft_p95": 139.746706,
  "ttft_p99": 200.664314,
  "request_latency_p95": 0,
  "workflow_completion_p50": 16190.496728,
  "workflow_completion_p95": 17601.017509,
  "workflow_completion_p99": 17601.017509,
  "cache_hits_delta": 6912.0,
  "cache_queries_delta": 8471.0,
  "cache_hit_rate": 0.8159603352614804,
  "same_instance_step_ratio": 0.75,
  "n_total_requests": 64,
  "n_failed_requests": 0,
  "load_stdev": 0.6961934742532881
}