{
  "cell_id": "sketch_agentic_sketch_f10_r2",
  "policy": "sketch",
  "workload": "agentic",
  "view": "sketch",
  "freq_hz": 10,
  "rep": 2,
  "ctx_tokens": 512,
  "tool_delay_ms": 200,
  "n_workflows": 8,
  "n_steps": 8,
  "concurrent": 4,
  "duration_s": 75,
  "n_state_updates": 179,
  "state_size_avg": 357.37684316353887,
  "state_size_p95": 361,
  "state_size_max": 363,
  "state_traffic_Bps": 28590.14745308311,
  "dispatch_decision_p50": 78.02,
  "dispatch_decision_p95": 116.878,
  "dispatch_decision_p99": 119.08699999999999,
  "dispatch_decision_p99_mean": 84.526375,
  "ttft_p50": 77.359002,
  "ttft_p95": 201.461304,
  "ttft_p99": 260.602173,
  "request_latency_p95": 0,
  "workflow_completion_p50": 11237.947229,
  "workflow_completion_p95": 14891.462031,
  "workflow_completion_p99": 14891.462031,
  "cache_hits_delta": 6496.0,
  "cache_queries_delta": 8507.0,
  "cache_hit_rate": 0.7636064417538497,
  "same_instance_step_ratio": 0.3333333333333333,
  "n_total_requests": 64,
  "n_failed_requests": 0,
  "load_stdev": 0.7349168391191989
}