{
  "cell_id": "coarse_coarse_prefix_locality_ctx1024_s8_w12_c4_td200_f10_r1",
  "policy": "coarse",
  "view": "coarse",
  "workload": "prefix_locality",
  "ctx_tokens": 1024,
  "n_steps": 8,
  "n_workflows": 12,
  "concurrent": 4,
  "duration_s": 120,
  "rep": 1,
  "freq_hz": 10,
  "tool_delay_ms": 200,
  "n_state_updates": 501,
  "ttft_p50": 151.635097,
  "ttft_p95": 317.950051,
  "ttft_p99": 504.865793,
  "tpot_p50": 100.70183770833334,
  "tpot_p95": 149.18633445833333,
  "workflow_completion_p50": 21614.694492,
  "workflow_completion_p95": 24330.402422,
  "workflow_completion_p99": 24869.620706,
  "cache_hit_rate": 0.9752889267421366,
  "cache_hits_delta": 82448.0,
  "cache_queries_delta": 84537.0,
  "n_total_steps": 84,
  "cross_instance_switches": 84,
  "same_instance_step_ratio": 0.0,
  "n_total_workflows": 12,
  "n_successful_workflows": 12,
  "n_failed_requests": 0,
  "load_stdev": 0.7972256284913181,
  "state_size_avg": 348.7540322580645,
  "state_size_p95": 375,
  "state_size_max": 375,
  "state_traffic_Bps": 27900.32258064516,
  "dispatch_decision_p50": 68.118,
  "dispatch_decision_p95": 105.991,
  "dispatch_decision_p99": 114.468
}