{
  "cell_id": "coarse_f5_none_r1_w12_s10_c4",
  "policy": "coarse",
  "rep": 1,
  "noise_targets": null,
  "noise_rps": 2.0,
  "freq_hz": 5.0,
  "n_workflows": 12,
  "n_steps": 10,
  "concurrent": 4,
  "duration_s": 75.0,
  "n_state_updates": 263,
  "ttft_p50": 93.874121,
  "ttft_p95": 1453.094563,
  "ttft_p99": 7007.351422,
  "tpot_p50": 45.24345828125,
  "tpot_p95": 66.8625393125,
  "tpot_p99": 155.3723005,
  "cache_hit_rate": 0.922971670242871,
  "cache_hits_delta": 89040.0,
  "cache_queries_delta": 96471.0,
  "load_stdev": 0.6692404061740637,
  "sla_success_rate": 0.9833333333333333,
  "workflow_completion_p50": 15365.509891,
  "workflow_completion_p95": 21850.539406,
  "workflow_completion_p99": 22841.384917,
  "n_total_steps": 120,
  "n_failed_steps": 0,
  "failure_rate": 0.0,
  "state_size_avg": 337.9268060836502,
  "state_size_p95": 363,
  "state_traffic_Bps": 13517.072243346009,
  "dispatch_decision_p50": 83.632,
  "dispatch_decision_p95": 115.553,
  "dispatch_decision_p99": 156.392,
  "ttft_raw": [
    230.059394,
    231.321791,
    102.323958,
    230.658428,
    58.943853,
    71.470628,
    63.547343,
    60.532495,
    64.775849,
    45.774145,
    56.333135,
    70.346885,
    131.257262,
    128.556425,
    7031.407547,
    7007.351422,
    136.290792,
    209.465279,
    162.310192,
    63.002507,
    78.47823,
    208.775607,
    113.566972,
    55.006564,
    112.46547,
    63.175394,
    117.378346,
    173.631119,
    160.28071,
    63.548402,
    96.113043,
    237.6064,
    125.100168,
    104.375443,
    73.310108,
    81.863089,
    83.156314,
    53.064458,
    64.832761,
    72.531013,
    55.037355,
    106.569092,
    1529.636698,
    63.384061,
    117.59071,
    102.773591,
    168.607604,
    74.273765,
    102.206403,
    81.701896,
    121.339127,
    57.533819,
    69.526365,
    87.976789,
    74.935348,
    1453.094563,
    1510.609669,
    143.653868,
    57.868929,
    148.11149,
    62.919969,
    1491.052895,
    1490.440932,
    56.645357,
    189.8314,
    104.652286,
    105.365129,
    75.017876,
    99.303291,
    84.607903,
    118.30811,
    177.132662,
    79.51651,
    83.626142,
    149.360282,
    51.63907,
    105.860269,
    107.0476,
    227.665572,
    73.6434,
    139.812247,
    122.199493,
    165.015756,
    63.73656,
    103.741265,
    143.032999,
    47.897019,
    93.874121,
    135.703675,
    110.566342,
    137.034648,
    64.702271,
    128.384054,
    73.978986,
    61.160739,
    160.889819,
    206.072655,
    85.255847,
    55.280711,
    91.575747,
    62.085388,
    80.860463,
    114.684044,
    74.812204,
    64.135006,
    44.127396,
    60.350945,
    78.601631,
    77.493021,
    78.391305,
    147.313648,
    110.863502,
    45.009586,
    80.522435,
    72.259883,
    59.829839,
    118.263451,
    56.974958,
    63.193483,
    53.665191
  ],
  "decision_raw": [
    86.059,
    94.033,
    154.262,
    86.061,
    86.95700000000001,
    84.072,
    80.53999999999999,
    82.80600000000001,
    84.336,
    80.822,
    79.632,
    92.073,
    82.736,
    83.837,
    83.045,
    82.57799999999999,
    96.468,
    75.253,
    82.065,
    78.934,
    81.229,
    67.732,
    79.761,
    156.392,
    86.78099999999999,
    201.12099999999998,
    87.41799999999999,
    90.06200000000001,
    47.071,
    86.513,
    82.862,
    77.45100000000001,
    98.183,
    82.123,
    83.762,
    115.553,
    81.255,
    83.418,
    76.357,
    84.128,
    131.166,
    80.027,
    81.691,
    153.513,
    63.675000000000004,
    82.921,
    92.272,
    81.732,
    83.957,
    83.632,
    82.861,
    81.977,
    83.387,
    98.497,
    82.944,
    79.327,
    79.447,
    80.777,
    44.101,
    83.31299999999999,
    96.695,
    87.609,
    67.688,
    97.45,
    84.97500000000001,
    64.355,
    84.33200000000001,
    82.73100000000001,
    95.431,
    85.272,
    84.577,
    85.131,
    83.104,
    84.58699999999999,
    82.624,
    93.057,
    78.515,
    85.87100000000001,
    70.667,
    88.252,
    85.55000000000001,
    93.391,
    92.618,
    101.11800000000001,
    46.232,
    85.878,
    79.43100000000001,
    96.366,
    95.22200000000001,
    82.81700000000001,
    79.687,
    81.077,
    84.323,
    101.537,
    81.3,
    81.561,
    81.342,
    83.987,
    80.98100000000001,
    90.402,
    102.276,
    82.193,
    82.488,
    91.527,
    84.255,
    122.829,
    93.562,
    87.648,
    86.195,
    79.396,
    69.381,
    105.02199999999999,
    87.32499999999999,
    93.348,
    81.955,
    80.295,
    82.534,
    81.91199999999999,
    81.826,
    82.42399999999999
  ]
}