{
  "cell_id": "n256_f10_vsketch_r2",
  "n": 256,
  "f_hz": 10,
  "view": "sketch",
  "rep": 2,
  "duration_s": 20.0,
  "actual_elapsed_s": 20.109315872192383,
  "n_state_updates": 51200,
  "n_dispatch_queries": 2000,
  "n_deadline_missed": 0,
  "size": {
    "avg": 1106.5429296875,
    "p50": 1107,
    "p95": 1117,
    "p99": 1121,
    "min": 1078,
    "max": 1130
  },
  "build_us_p95": 291.301,
  "ser_us_p95": 7.737,
  "deser_us_p95": 17.229,
  "merge_us_p95": 2.315,
  "total_us_p95": 318.802,
  "dispatch_latency_us_p50": 232.834,
  "dispatch_latency_us_p95": 375.058,
  "dispatch_latency_us_p99": 393.844
}