{
  "cell_id": "n256_f50.0_vcoarse_r1",
  "n": 256,
  "f_hz": 50.0,
  "view": "coarse",
  "rep": 1,
  "duration_s": 30,
  "n_updates": 1500,
  "size_avg": 476.2373333333333,
  "size_p95": 479,
  "size_p99": 480,
  "size_max": 481,
  "traffic_Bps": 6095837.866666666,
  "traffic_MBps": 6.095837866666666,
  "ser_us_p95": 4.686,
  "deser_us_p95": 8.945,
  "merge_us_p95": 3900.88,
  "total_us_p95": 3933.585,
  "dispatch_p50": 395.384,
  "dispatch_p95": 408.382,
  "dispatch_p99": 415.878,
  "dispatch_q_count": 90,
  "actual_elapsed_s": 30.50106120109558,
  "achieved_hz": 49.17861677370494
}