{
  "started_at_unix": 1784535673.8365166,
  "finished_at_unix": 1784535716.38167,
  "duration_s": 42.545154094696045,
  "arguments": {
    "source_jsonl": "/home/byh/B02/supplemental_20260715/agenttrace_source_v3/agenttrace_nl2bash_1_7B.jsonl",
    "out_dir": "/home/byh/B02/supplemental_20260720/replay_nl2bash_admission",
    "seed": 20260716,
    "repetitions": 10,
    "max_requests": 512,
    "warmup": 128,
    "cache_capacity": 128,
    "j": 4,
    "guard_tokens": 512
  },
  "cells": 880,
  "source_sha256": "250313ae096b0bb8c1986b6f571b68f4ff7617a12026db20214ad84188d12ae5"
}