{
  "cell_id": "stress_n512_f10_vrich_r3",
  "n": 512,
  "f_hz": 10,
  "view": "rich",
  "rep": 3,
  "duration_s": 60,
  "n_updates": 600,
  "target_f": 10,
  "achieved_f": 9.999997258187092,
  "size_p95": 1462,
  "size_avg": 1460.28125,
  "target_traffic_MBps": 7.47664,
  "achieved_traffic_MBps": 7.476637950045194,
  "ser_us_p95": 4.991,
  "deser_us_p95": 15.971,
  "merge_us_p95": 0.366,
  "total_us_p95": 23.228,
  "missed_deadline_rate": 2.7418129078249365e-07,
  "sustainable": true
}