{
  "cell_id": "stress_n64_f10_vrich_r3",
  "n": 64,
  "f_hz": 10,
  "view": "rich",
  "rep": 3,
  "duration_s": 60,
  "n_updates": 600,
  "target_f": 10,
  "achieved_f": 9.999998331070225,
  "size_p95": 1454,
  "size_avg": 1452.75,
  "target_traffic_MBps": 0.92976,
  "achieved_traffic_MBps": 0.9297598448295853,
  "ser_us_p95": 5.037,
  "deser_us_p95": 16.396,
  "merge_us_p95": 0.352,
  "total_us_p95": 25.509,
  "missed_deadline_rate": 1.6689297743788245e-07,
  "sustainable": true
}