{
  "cell_id": "rich_rich_prefix_locality_ctx1024_s16_w12_c4_td200_f10_r3",
  "policy": "rich",
  "view": "rich",
  "workload": "prefix_locality",
  "ctx_tokens": 1024,
  "n_steps": 16,
  "n_workflows": 12,
  "concurrent": 4,
  "duration_s": 120,
  "rep": 3,
  "freq_hz": 10,
  "tool_delay_ms": 200,
  "n_state_updates": 927,
  "ttft_p50": 176.938142,
  "ttft_p95": 403.770113,
  "ttft_p99": 507.732561,
  "tpot_p50": 97.612767125,
  "tpot_p95": 141.90018835714287,
  "workflow_completion_p50": 42876.065912,
  "workflow_completion_p95": 46998.200936,
  "workflow_completion_p99": 46998.200936,
  "cache_hit_rate": 0.9409226601108798,
  "cache_hits_delta": 150032.0,
  "cache_queries_delta": 159452.0,
  "n_total_steps": 170,
  "cross_instance_switches": 170,
  "same_instance_step_ratio": 0.0,
  "n_total_workflows": 12,
  "n_successful_workflows": 11,
  "n_failed_requests": 1,
  "load_stdev": 0.8804599661558968,
  "state_size_avg": 2557.6564185544767,
  "state_size_p95": 5195,
  "state_size_max": 6245,
  "state_traffic_Bps": 204612.51348435815,
  "dispatch_decision_p50": 81.855,
  "dispatch_decision_p95": 119.54,
  "dispatch_decision_p99": 129.456
}