{
  "cell_id": "n256_f50.0_vrich_r2",
  "n": 256,
  "f_hz": 50.0,
  "view": "rich",
  "rep": 2,
  "duration_s": 30,
  "n_updates": 88,
  "size_avg": 38835.13636363636,
  "size_p95": 38936,
  "size_p99": 38973,
  "size_max": 38973,
  "traffic_Bps": 497089745.45454544,
  "traffic_MBps": 497.08974545454544,
  "ser_us_p95": 52.571,
  "deser_us_p95": 249.135,
  "merge_us_p95": 344852.018,
  "total_us_p95": 346484.425,
  "dispatch_p50": 248.295,
  "dispatch_p95": 415.509,
  "dispatch_p99": 426.405,
  "dispatch_q_count": 29,
  "actual_elapsed_s": 30.501248121261597,
  "achieved_hz": 2.885127836413277
}