{
  "cell_id": "round-robin_chatbot_none_f10_r1",
  "policy": "round-robin",
  "workload": "chatbot",
  "view": "none",
  "freq_hz": 10,
  "rep": 1,
  "ctx_tokens": 512,
  "tool_delay_ms": 0,
  "n_workflows": 600,
  "n_steps": 1,
  "concurrent": 16,
  "duration_s": 75,
  "n_state_updates": 1020,
  "state_size_avg": 360.078431372549,
  "state_size_p95": 365,
  "state_size_max": 365,
  "state_traffic_Bps": 28806.27450980392,
  "dispatch_decision_p50": 49.660999999999994,
  "dispatch_decision_p95": 68.522,
  "dispatch_decision_p99": 79.25200000000001,
  "dispatch_decision_p99_mean": 49.84797,
  "ttft_p50": 131.438481,
  "ttft_p95": 356.513129,
  "ttft_p99": 479.20328,
  "request_latency_p95": 0,
  "workflow_completion_p50": 3063.501795,
  "workflow_completion_p95": 10538.259316,
  "workflow_completion_p99": 12859.08488,
  "cache_hits_delta": 134464.0,
  "cache_queries_delta": 141895.0,
  "cache_hit_rate": 0.9476302900031713,
  "same_instance_step_ratio": 0,
  "n_total_requests": 600,
  "n_failed_requests": 0,
  "load_stdev": 1.2723134035160402
}