{
  "cell_id": "rich_rich_chatbot_ctx512_s1_w100_c16_td0_f10_r2_nohist_nolat",
  "policy": "rich",
  "view": "rich",
  "workload": "chatbot",
  "ctx_tokens": 512,
  "n_steps": 1,
  "n_workflows": 100,
  "concurrent": 16,
  "duration_s": 60,
  "rep": 2,
  "freq_hz": 10,
  "tool_delay_ms": 0,
  "n_state_updates": 117,
  "ttft_p50": 188.840054,
  "ttft_p95": 456.388356,
  "ttft_p99": 514.190449,
  "tpot_p50": 80.40728121875,
  "tpot_p95": 164.12052209375,
  "workflow_completion_p50": 2179.807629,
  "workflow_completion_p95": 5714.16337,
  "workflow_completion_p99": 5716.011256,
  "cache_hit_rate": 0.562390158172232,
  "cache_hits_delta": 5440.0,
  "cache_queries_delta": 9673.0,
  "n_total_steps": 0,
  "cross_instance_switches": 0,
  "same_instance_step_ratio": 1.0,
  "n_total_workflows": 100,
  "n_successful_workflows": 100,
  "n_failed_requests": 0,
  "load_stdev": 2.976484755618354,
  "state_size_avg": 7644.505341880342,
  "state_size_p95": 17943,
  "state_size_max": 21184,
  "state_traffic_Bps": 611560.4273504274,
  "dispatch_decision_p50": 73.761,
  "dispatch_decision_p95": 96.896,
  "dispatch_decision_p99": 101.617
}