{
  "cell_id": "n4_f50.0_vsketch_r2",
  "n": 4,
  "f_hz": 50.0,
  "view": "sketch",
  "rep": 2,
  "duration_s": 30,
  "n_updates": 1500,
  "size_avg": 426.37666666666667,
  "size_p95": 429,
  "size_p99": 429,
  "size_max": 430,
  "traffic_Bps": 85275.33333333333,
  "traffic_MBps": 0.08527533333333333,
  "ser_us_p95": 4.937,
  "deser_us_p95": 9.55,
  "merge_us_p95": 131.9,
  "total_us_p95": 178.084,
  "dispatch_p50": 6.503,
  "dispatch_p95": 7.153,
  "dispatch_p99": 9.394,
  "dispatch_q_count": 97,
  "actual_elapsed_s": 30.501949787139893,
  "achieved_hz": 49.17718409701218
}