{
  "cell_id": "rich_agentic_rich_f50_r1",
  "policy": "rich",
  "workload": "agentic",
  "view": "rich",
  "freq_hz": 50,
  "rep": 1,
  "ctx_tokens": 512,
  "tool_delay_ms": 200,
  "n_workflows": 8,
  "n_steps": 8,
  "concurrent": 4,
  "duration_s": 75,
  "n_state_updates": 199,
  "state_size_avg": 903.8530150753769,
  "state_size_p95": 1974,
  "state_size_max": 2470,
  "state_traffic_Bps": 361541.20603015076,
  "dispatch_decision_p50": 79.576,
  "dispatch_decision_p95": 121.178,
  "dispatch_decision_p99": 127.123,
  "dispatch_decision_p99_mean": 73.6565625,
  "ttft_p50": 84.689413,
  "ttft_p95": 282.431871,
  "ttft_p99": 294.320449,
  "request_latency_p95": 0,
  "workflow_completion_p50": 12230.236742,
  "workflow_completion_p95": 16147.930591,
  "workflow_completion_p99": 16147.930591,
  "cache_hits_delta": 5056.0,
  "cache_queries_delta": 8513.0,
  "cache_hit_rate": 0.5939151885351814,
  "same_instance_step_ratio": 0.4791666666666667,
  "n_total_requests": 64,
  "n_failed_requests": 0,
  "load_stdev": 0.7491681899085981
}