{
  "cell_id": "stress_n512_f50_vrich_r3",
  "n": 512,
  "f_hz": 50,
  "view": "rich",
  "rep": 3,
  "duration_s": 60,
  "n_updates": 2997,
  "target_f": 50,
  "achieved_f": 49.93808569668406,
  "size_p95": 1462,
  "size_avg": 1460.28125,
  "target_traffic_MBps": 37.3832,
  "achieved_traffic_MBps": 37.33690890432559,
  "ser_us_p95": 3.256,
  "deser_us_p95": 10.621,
  "merge_us_p95": 0.248,
  "total_us_p95": 15.667,
  "missed_deadline_rate": 0.0012382860663187056,
  "sustainable": true
}