{
  "cell_id": "n16_f50_vsketch_r2",
  "n": 16,
  "f_hz": 50,
  "view": "sketch",
  "rep": 2,
  "duration_s": 20.0,
  "actual_elapsed_s": 20.024343490600586,
  "n_state_updates": 16000,
  "n_dispatch_queries": 3763,
  "n_deadline_missed": 0,
  "size": {
    "avg": 432.399875,
    "p50": 433,
    "p95": 436,
    "p99": 437,
    "min": 423,
    "max": 438
  },
  "build_us_p95": 51.735,
  "ser_us_p95": 4.614,
  "deser_us_p95": 10.151,
  "merge_us_p95": 1.64,
  "total_us_p95": 69.076,
  "dispatch_latency_us_p50": 23.07,
  "dispatch_latency_us_p95": 29.106,
  "dispatch_latency_us_p99": 35.566
}