{
  "cell_id": "sketch_agentic_sketch_f50_r2",
  "policy": "sketch",
  "workload": "agentic",
  "view": "sketch",
  "freq_hz": 50,
  "rep": 2,
  "ctx_tokens": 512,
  "tool_delay_ms": 200,
  "n_workflows": 8,
  "n_steps": 8,
  "concurrent": 4,
  "duration_s": 75,
  "n_state_updates": 196,
  "state_size_avg": 357.3724489795918,
  "state_size_p95": 361,
  "state_size_max": 363,
  "state_traffic_Bps": 142948.97959183672,
  "dispatch_decision_p50": 78.17099999999999,
  "dispatch_decision_p95": 117.616,
  "dispatch_decision_p99": 138.897,
  "dispatch_decision_p99_mean": 84.294953125,
  "ttft_p50": 78.675534,
  "ttft_p95": 158.074553,
  "ttft_p99": 277.121128,
  "request_latency_p95": 0,
  "workflow_completion_p50": 12823.485281,
  "workflow_completion_p95": 13898.347883,
  "workflow_completion_p99": 13898.347883,
  "cache_hits_delta": 6720.0,
  "cache_queries_delta": 8535.0,
  "cache_hit_rate": 0.7873462214411248,
  "same_instance_step_ratio": 0.16666666666666666,
  "n_total_requests": 64,
  "n_failed_requests": 0,
  "load_stdev": 0.7811114513604653
}