{
  "cell_id": "coarse_c32_r2_ok_f5",
  "policy": "coarse",
  "concurrent": 32,
  "rep": 2,
  "fail_mode": false,
  "freq_hz": 5,
  "duration_s": 30,
  "n_dispatch": 220,
  "n_success": 220,
  "n_fail": 0,
  "n_unreachable": 0,
  "success_rate": 1.0,
  "state_collect_avg_us": 97881.01602459016,
  "state_collect_p95_us": 110763.774,
  "state_collect_max_us": 115222.31,
  "state_collect_n": 122,
  "decision_avg_us": 135.0713409090909,
  "decision_p95_us": 170.791,
  "decision_p99_us": 323.665,
  "ttft_avg_us": 81770.43484545454,
  "ttft_p95_us": 117025.78,
  "same_inst_step_ratio": 0.1630434782608695,
  "load_stdev": 1.7122614804539007,
  "load_max": 5,
  "load_min": 0,
  "load_unreachable": 0
}