{
  "cell_id": "coarse_chatbot_coarse_f1_r2",
  "policy": "coarse",
  "workload": "chatbot",
  "view": "coarse",
  "freq_hz": 1,
  "rep": 2,
  "ctx_tokens": 512,
  "tool_delay_ms": 0,
  "n_workflows": 600,
  "n_steps": 1,
  "concurrent": 16,
  "duration_s": 75,
  "n_state_updates": 141,
  "state_size_avg": 348.8014184397163,
  "state_size_p95": 365,
  "state_size_max": 365,
  "state_traffic_Bps": 2790.4113475177305,
  "dispatch_decision_p50": 82.086,
  "dispatch_decision_p95": 100.031,
  "dispatch_decision_p99": 112.988,
  "dispatch_decision_p99_mean": 76.39776833333333,
  "ttft_p50": 111.857521,
  "ttft_p95": 421.413083,
  "ttft_p99": 685.888525,
  "request_latency_p95": 0,
  "workflow_completion_p50": 2928.310346,
  "workflow_completion_p95": 9786.696513,
  "workflow_completion_p99": 13790.473519,
  "cache_hits_delta": 134496.0,
  "cache_queries_delta": 140861.0,
  "cache_hit_rate": 0.9548136105806433,
  "same_instance_step_ratio": 0,
  "n_total_requests": 600,
  "n_failed_requests": 0,
  "load_stdev": 2.2002763908677463
}