{
  "cell_id": "stress_n4_f50_vsketch_r3",
  "n": 4,
  "f_hz": 50,
  "view": "sketch",
  "rep": 3,
  "duration_s": 60,
  "n_updates": 3000,
  "target_f": 50,
  "achieved_f": 49.999990463258655,
  "size_p95": 390,
  "size_avg": 389.6985833333333,
  "target_traffic_MBps": 0.07793971666666666,
  "achieved_traffic_MBps": 0.0779397018008483,
  "ser_us_p95": 3.126,
  "deser_us_p95": 7.283,
  "merge_us_p95": 0.28,
  "total_us_p95": 11.506,
  "missed_deadline_rate": 1.9073482693254817e-07,
  "sustainable": true
}