{
  "cell_id": "rich_prefix_locality_sketch_f10_r2",
  "policy": "rich",
  "workload": "prefix_locality",
  "view": "sketch",
  "freq_hz": 10,
  "rep": 2,
  "ctx_tokens": 1024,
  "tool_delay_ms": 200,
  "n_workflows": 30,
  "n_steps": 8,
  "concurrent": 4,
  "duration_s": 120,
  "n_state_updates": 1068,
  "state_size_avg": 358.75216843872414,
  "state_size_p95": 366,
  "state_size_max": 369,
  "state_traffic_Bps": 28700.17347509793,
  "dispatch_decision_p50": 82.39200000000001,
  "dispatch_decision_p95": 106.91799999999999,
  "dispatch_decision_p99": 137.80100000000002,
  "dispatch_decision_p99_mean": 81.74703333333333,
  "ttft_p50": 104.859552,
  "ttft_p95": 226.492402,
  "ttft_p99": 281.556591,
  "request_latency_p95": 0,
  "workflow_completion_p50": 18697.699761,
  "workflow_completion_p95": 23263.009227,
  "workflow_completion_p99": 23996.21477,
  "cache_hits_delta": 212816.0,
  "cache_queries_delta": 215884.0,
  "cache_hit_rate": 0.9857886642826703,
  "same_instance_step_ratio": 0.37777777777777777,
  "n_total_requests": 240,
  "n_failed_requests": 0,
  "load_stdev": 0.8850613029177382
}