{
  "cell_id": "rich_f5_['instance_0', 'instance_1', 'instance_2', 'instance_3', 'instance_4', 'instance_5']_r2_w12_s10_c4",
  "policy": "rich",
  "rep": 2,
  "noise_targets": [
    "instance_0",
    "instance_1",
    "instance_2",
    "instance_3",
    "instance_4",
    "instance_5"
  ],
  "noise_rps": 2.0,
  "freq_hz": 5.0,
  "n_workflows": 12,
  "n_steps": 10,
  "concurrent": 4,
  "duration_s": 75.0,
  "n_state_updates": 239,
  "ttft_p50": 82.594123,
  "ttft_p95": 192.754883,
  "ttft_p99": 355.248246,
  "tpot_p50": 50.71754209375,
  "tpot_p95": 66.98771339285715,
  "tpot_p99": 72.8308284375,
  "cache_hit_rate": 0.9040646968655849,
  "cache_hits_delta": 102624.0,
  "cache_queries_delta": 113514.0,
  "load_stdev": 0.7988316814750586,
  "sla_success_rate": 1.0,
  "workflow_completion_p50": 14483.914611,
  "workflow_completion_p95": 17903.727771,
  "workflow_completion_p99": 19921.451423,
  "n_total_steps": 120,
  "n_failed_steps": 0,
  "failure_rate": 0.0,
  "state_size_avg": 1044.0256276150628,
  "state_size_p95": 2506,
  "state_traffic_Bps": 41761.025104602515,
  "dispatch_decision_p50": 84.757,
  "dispatch_decision_p95": 119.772,
  "dispatch_decision_p99": 138.989,
  "ttft_raw": [
    58.152256,
    79.583742,
    192.754883,
    192.352056,
    191.692796,
    87.585169,
    74.704915,
    159.568337,
    86.840773,
    84.052978,
    120.014415,
    163.289772,
    50.157598,
    46.470685,
    91.178207,
    78.154538,
    78.800545,
    151.666324,
    45.33602,
    60.343201,
    88.081909,
    63.518742,
    86.322304,
    74.659546,
    46.769866,
    85.071928,
    104.940822,
    89.33768,
    50.165026,
    69.010492,
    45.129769,
    68.355784,
    48.61994,
    56.535503,
    84.491357,
    101.541975,
    47.257456,
    167.243159,
    85.480696,
    78.775205,
    112.538735,
    95.826726,
    92.386737,
    50.547576,
    54.98123,
    88.443238,
    67.219697,
    88.069125,
    49.975633,
    206.057721,
    170.395701,
    171.266471,
    44.520045,
    122.125847,
    157.697955,
    158.118583,
    85.404075,
    49.125345,
    81.59472,
    82.319654,
    88.346618,
    200.668483,
    50.891303,
    122.39105,
    68.936199,
    76.621652,
    107.402149,
    47.691833,
    77.076699,
    126.425857,
    163.258528,
    82.594123,
    89.704226,
    80.789,
    158.462368,
    77.097828,
    54.912981,
    44.383899,
    161.635419,
    176.653414,
    207.831644,
    50.803847,
    51.671147,
    213.298459,
    386.752177,
    355.248246,
    79.410733,
    44.955958,
    61.849057,
    69.956788,
    66.241264,
    182.099756,
    48.954971,
    90.87265,
    181.43828,
    89.680495,
    52.061114,
    88.602115,
    80.383776,
    45.801112,
    79.761944,
    91.347252,
    41.746583,
    68.908578,
    95.667477,
    90.509356,
    82.77129,
    81.694892,
    84.323534,
    47.411917,
    90.066488,
    49.685428,
    80.667912,
    125.081541,
    45.588836,
    66.263369,
    45.641508,
    80.468509,
    83.381144,
    70.261685
  ],
  "decision_raw": [
    104.202,
    85.856,
    70.952,
    65.357,
    62.843999999999994,
    93.542,
    82.832,
    84.972,
    67.314,
    137.65800000000002,
    86.431,
    98.227,
    85.996,
    87.62899999999999,
    82.552,
    93.77799999999999,
    84.14,
    79.94,
    84.393,
    82.017,
    86.679,
    83.333,
    119.772,
    84.562,
    86.63,
    86.02199999999999,
    87.309,
    85.115,
    85.32100000000001,
    85.7,
    143.416,
    68.80199999999999,
    84.389,
    85.84700000000001,
    87.821,
    86.17099999999999,
    110.611,
    85.152,
    81.277,
    38.875,
    58.526,
    34.331,
    96.015,
    24.451999999999998,
    123.66300000000001,
    83.613,
    58.887,
    83.341,
    84.602,
    84.288,
    69.716,
    84.319,
    83.164,
    80.63600000000001,
    63.48500000000001,
    81.037,
    83.347,
    81.85300000000001,
    108.081,
    90.441,
    85.571,
    66.829,
    90.51,
    84.795,
    84.67200000000001,
    84.702,
    86.393,
    83.342,
    83.631,
    118.42699999999999,
    84.292,
    86.432,
    86.08800000000001,
    75.16799999999999,
    86.966,
    138.989,
    85.992,
    58.277,
    75.31,
    85.233,
    78.137,
    84.565,
    86.627,
    83.985,
    70.351,
    86.86099999999999,
    87.098,
    83.241,
    57.518,
    85.931,
    90.48,
    81.294,
    87.25099999999999,
    84.205,
    65.92,
    89.781,
    81.966,
    85.703,
    86.83099999999999,
    81.81700000000001,
    87.161,
    100.822,
    76.505,
    83.798,
    86.517,
    86.08800000000001,
    84.50500000000001,
    94.87700000000001,
    117.77199999999999,
    89.096,
    71.84700000000001,
    84.757,
    88.305,
    73.791,
    125.511,
    84.718,
    83.77199999999999,
    82.95400000000001,
    121.618,
    85.488
  ]
}