{
  "cell_id": "coarse_coarse_prefix_locality_ctx1024_s8_w12_c4_td200_f10_r2",
  "policy": "coarse",
  "view": "coarse",
  "workload": "prefix_locality",
  "ctx_tokens": 1024,
  "n_steps": 8,
  "n_workflows": 12,
  "concurrent": 4,
  "duration_s": 120,
  "rep": 2,
  "freq_hz": 10,
  "tool_delay_ms": 200,
  "n_state_updates": 492,
  "ttft_p50": 157.314836,
  "ttft_p95": 285.600944,
  "ttft_p99": 323.515093,
  "tpot_p50": 97.43788779166665,
  "tpot_p95": 128.722845125,
  "workflow_completion_p50": 22195.224553,
  "workflow_completion_p95": 23691.086972,
  "workflow_completion_p99": 23832.245283,
  "cache_hit_rate": 0.9760554878265295,
  "cache_hits_delta": 82464.0,
  "cache_queries_delta": 84487.0,
  "n_total_steps": 84,
  "cross_instance_switches": 84,
  "same_instance_step_ratio": 0.0,
  "n_total_workflows": 12,
  "n_successful_workflows": 12,
  "n_failed_requests": 0,
  "load_stdev": 0.9051436111973573,
  "state_size_avg": 348.35701995870613,
  "state_size_p95": 375,
  "state_size_max": 375,
  "state_traffic_Bps": 27868.56159669649,
  "dispatch_decision_p50": 66.632,
  "dispatch_decision_p95": 80.435,
  "dispatch_decision_p99": 106.912
}