{
  "cell_id": "rich_rich_prefix_locality_ctx256_s8_w12_c4_td0_f10_r3",
  "policy": "rich",
  "view": "rich",
  "workload": "prefix_locality",
  "ctx_tokens": 256,
  "n_steps": 8,
  "n_workflows": 12,
  "concurrent": 4,
  "duration_s": 120,
  "rep": 3,
  "freq_hz": 10,
  "tool_delay_ms": 0,
  "n_state_updates": 310,
  "ttft_p50": 111.14235,
  "ttft_p95": 346.723449,
  "ttft_p99": 403.341825,
  "tpot_p50": 61.94092058333334,
  "tpot_p95": 92.81785183333334,
  "workflow_completion_p50": 12726.03817,
  "workflow_completion_p95": 14407.091725,
  "workflow_completion_p99": 16153.139606,
  "cache_hit_rate": 0.8393626335142707,
  "cache_hits_delta": 23968.0,
  "cache_queries_delta": 28555.0,
  "n_total_steps": 84,
  "cross_instance_switches": 84,
  "same_instance_step_ratio": 0.0,
  "n_total_workflows": 12,
  "n_successful_workflows": 12,
  "n_failed_requests": 0,
  "load_stdev": 0.8686926632648582,
  "state_size_avg": 2375.266935483871,
  "state_size_p95": 4735,
  "state_size_max": 5921,
  "state_traffic_Bps": 190021.35483870967,
  "dispatch_decision_p50": 82.365,
  "dispatch_decision_p95": 132.973,
  "dispatch_decision_p99": 158.174
}