{
  "cell_id": "coarse_coarse_prefix_locality_ctx1024_s8_w12_c4_td200_f10_r5",
  "policy": "coarse",
  "view": "coarse",
  "workload": "prefix_locality",
  "ctx_tokens": 1024,
  "n_steps": 8,
  "n_workflows": 12,
  "concurrent": 4,
  "duration_s": 120,
  "rep": 5,
  "freq_hz": 10,
  "tool_delay_ms": 200,
  "n_state_updates": 464,
  "ttft_p50": 188.175929,
  "ttft_p95": 406.778996,
  "ttft_p99": 448.839988,
  "tpot_p50": 91.297617,
  "tpot_p95": 140.04358145833334,
  "workflow_completion_p50": 21627.801872,
  "workflow_completion_p95": 22720.647264,
  "workflow_completion_p99": 23702.519193,
  "cache_hit_rate": 0.9438947019553998,
  "cache_hits_delta": 79744.0,
  "cache_queries_delta": 84484.0,
  "n_total_steps": 84,
  "cross_instance_switches": 84,
  "same_instance_step_ratio": 0.0,
  "n_total_workflows": 12,
  "n_successful_workflows": 12,
  "n_failed_requests": 0,
  "load_stdev": 0.9049284169003512,
  "state_size_avg": 348.4278017241379,
  "state_size_p95": 375,
  "state_size_max": 375,
  "state_traffic_Bps": 27874.224137931033,
  "dispatch_decision_p50": 69.429,
  "dispatch_decision_p95": 110.723,
  "dispatch_decision_p99": 124.75
}