{
  "cell_id": "n256_f50.0_vcoarse_r2",
  "n": 256,
  "f_hz": 50.0,
  "view": "coarse",
  "rep": 2,
  "duration_s": 30,
  "n_updates": 1500,
  "size_avg": 476.2986666666667,
  "size_p95": 479,
  "size_p99": 480,
  "size_max": 482,
  "traffic_Bps": 6096622.933333334,
  "traffic_MBps": 6.096622933333333,
  "ser_us_p95": 4.654,
  "deser_us_p95": 8.87,
  "merge_us_p95": 3916.718,
  "total_us_p95": 3949.248,
  "dispatch_p50": 394.218,
  "dispatch_p95": 406.979,
  "dispatch_p99": 407.717,
  "dispatch_q_count": 90,
  "actual_elapsed_s": 30.500690937042236,
  "achieved_hz": 49.17921377899974
}