{
  "cell_id": "oracle_oracle_prefix_locality_ctx1024_s8_w12_c4_td0_f10_r3",
  "policy": "oracle",
  "view": "oracle",
  "workload": "prefix_locality",
  "ctx_tokens": 1024,
  "n_steps": 8,
  "n_workflows": 12,
  "concurrent": 4,
  "duration_s": 120,
  "rep": 3,
  "freq_hz": 10,
  "tool_delay_ms": 0,
  "n_state_updates": 502,
  "ttft_p50": 157.967623,
  "ttft_p95": 346.988611,
  "ttft_p99": 439.380473,
  "tpot_p50": 97.68977641666667,
  "tpot_p95": 181.82199912500002,
  "workflow_completion_p50": 23928.028349,
  "workflow_completion_p95": 25456.612293,
  "workflow_completion_p99": 26721.284877,
  "cache_hit_rate": 0.9733295636603525,
  "cache_hits_delta": 82624.0,
  "cache_queries_delta": 84888.0,
  "n_total_steps": 84,
  "cross_instance_switches": 27,
  "same_instance_step_ratio": 0.6785714285714286,
  "n_total_workflows": 12,
  "n_successful_workflows": 12,
  "n_failed_requests": 0,
  "load_stdev": 0.7887370869010399,
  "state_size_avg": 2497.047310756972,
  "state_size_p95": 4490,
  "state_size_max": 5035,
  "state_traffic_Bps": 199763.78486055776,
  "dispatch_decision_p50": 54.716,
  "dispatch_decision_p95": 66.874,
  "dispatch_decision_p99": 71.01
}