{
  "cell_id": "stress_n4_f10_vsketch_r3",
  "n": 4,
  "f_hz": 10,
  "view": "sketch",
  "rep": 3,
  "duration_s": 60,
  "n_updates": 600,
  "target_f": 10,
  "achieved_f": 9.999998370806642,
  "size_p95": 390,
  "size_avg": 389.7008333333333,
  "target_traffic_MBps": 0.015588033333333333,
  "achieved_traffic_MBps": 0.015588030793741296,
  "ser_us_p95": 4.2,
  "deser_us_p95": 8.865,
  "merge_us_p95": 0.303,
  "total_us_p95": 14.446,
  "missed_deadline_rate": 1.62919335799927e-07,
  "sustainable": true
}