{
  "cell_id": "coarse_coarse_prefix_locality_ctx256_s8_w12_c4_td0_f10_r2",
  "policy": "coarse",
  "view": "coarse",
  "workload": "prefix_locality",
  "ctx_tokens": 256,
  "n_steps": 8,
  "n_workflows": 12,
  "concurrent": 4,
  "duration_s": 120,
  "rep": 2,
  "freq_hz": 10,
  "tool_delay_ms": 0,
  "n_state_updates": 316,
  "ttft_p50": 184.948959,
  "ttft_p95": 417.43056,
  "ttft_p99": 440.772041,
  "tpot_p50": 66.43832270833333,
  "tpot_p95": 104.02984825,
  "workflow_completion_p50": 14326.790479,
  "workflow_completion_p95": 15979.448428,
  "workflow_completion_p99": 16006.684245,
  "cache_hit_rate": 0.7536475869809203,
  "cache_hits_delta": 21488.0,
  "cache_queries_delta": 28512.0,
  "n_total_steps": 84,
  "cross_instance_switches": 84,
  "same_instance_step_ratio": 0.0,
  "n_total_workflows": 12,
  "n_successful_workflows": 12,
  "n_failed_requests": 0,
  "load_stdev": 1.0804416076860748,
  "state_size_avg": 347.3267405063291,
  "state_size_p95": 375,
  "state_size_max": 377,
  "state_traffic_Bps": 27786.139240506327,
  "dispatch_decision_p50": 68.015,
  "dispatch_decision_p95": 103.845,
  "dispatch_decision_p99": 120.166
}