{
  "cell_id": "coarse_coarse_prefix_locality_ctx1536_s8_w12_c4_td0_f10_r2",
  "policy": "coarse",
  "view": "coarse",
  "workload": "prefix_locality",
  "ctx_tokens": 1536,
  "n_steps": 8,
  "n_workflows": 12,
  "concurrent": 4,
  "duration_s": 120,
  "rep": 2,
  "freq_hz": 10,
  "tool_delay_ms": 0,
  "n_state_updates": 599,
  "ttft_p50": 290.185707,
  "ttft_p95": 556.873373,
  "ttft_p99": 734.616303,
  "tpot_p50": 123.983562875,
  "tpot_p95": 183.61927379166664,
  "workflow_completion_p50": 25200.377323,
  "workflow_completion_p95": 29097.591452,
  "workflow_completion_p99": 29210.549074,
  "cache_hit_rate": 0.94231385799196,
  "cache_hits_delta": 114624.0,
  "cache_queries_delta": 121641.0,
  "n_total_steps": 84,
  "cross_instance_switches": 84,
  "same_instance_step_ratio": 0.0,
  "n_total_workflows": 12,
  "n_successful_workflows": 12,
  "n_failed_requests": 0,
  "load_stdev": 0.7768883082256393,
  "state_size_avg": 350.5279632721202,
  "state_size_p95": 375,
  "state_size_max": 375,
  "state_traffic_Bps": 28042.237061769614,
  "dispatch_decision_p50": 68.168,
  "dispatch_decision_p95": 90.746,
  "dispatch_decision_p99": 126.8
}