{
  "cell_id": "n64_f10.0_vsketch_r1",
  "n": 64,
  "f_hz": 10.0,
  "view": "sketch",
  "rep": 1,
  "duration_s": 30,
  "n_updates": 300,
  "size_avg": 594.49,
  "size_p95": 600,
  "size_p99": 603,
  "size_max": 604,
  "traffic_Bps": 380473.6,
  "traffic_MBps": 0.38047359999999997,
  "ser_us_p95": 8.346,
  "deser_us_p95": 16.339,
  "merge_us_p95": 6723.868,
  "total_us_p95": 6863.504,
  "dispatch_p50": 85.505,
  "dispatch_p95": 96.858,
  "dispatch_p99": 107.534,
  "dispatch_q_count": 96,
  "actual_elapsed_s": 30.5038321018219,
  "achieved_hz": 9.834829899358184
}