{
  "cell_id": "round-robin_agentic_none_f1_r2",
  "policy": "round-robin",
  "workload": "agentic",
  "view": "none",
  "freq_hz": 1,
  "rep": 2,
  "ctx_tokens": 512,
  "tool_delay_ms": 200,
  "n_workflows": 8,
  "n_steps": 8,
  "concurrent": 4,
  "duration_s": 75,
  "n_state_updates": 24,
  "state_size_avg": 342.1770833333333,
  "state_size_p95": 365,
  "state_size_max": 365,
  "state_traffic_Bps": 2737.4166666666665,
  "dispatch_decision_p50": 50.494,
  "dispatch_decision_p95": 75.08500000000001,
  "dispatch_decision_p99": 84.072,
  "dispatch_decision_p99_mean": 52.767875000000004,
  "ttft_p50": 80.502277,
  "ttft_p95": 216.764698,
  "ttft_p99": 234.995165,
  "request_latency_p95": 0,
  "workflow_completion_p50": 11354.630851,
  "workflow_completion_p95": 12022.780251,
  "workflow_completion_p99": 12022.780251,
  "cache_hits_delta": 1520.0,
  "cache_queries_delta": 8139.0,
  "cache_hit_rate": 0.18675512962280377,
  "same_instance_step_ratio": 0.25,
  "n_total_requests": 64,
  "n_failed_requests": 0,
  "load_stdev": 0.5132498010628705
}