{
  "cell_id": "n128_f50_vcoarse_r1",
  "n": 128,
  "f_hz": 50,
  "view": "coarse",
  "rep": 1,
  "duration_s": 20.0,
  "actual_elapsed_s": 20.138449907302856,
  "n_state_updates": 128000,
  "n_dispatch_queries": 2999,
  "n_deadline_missed": 0,
  "size": {
    "avg": 382.498484375,
    "p50": 383,
    "p95": 385,
    "p99": 386,
    "min": 374,
    "max": 389
  },
  "build_us_p95": 16.48,
  "ser_us_p95": 2.547,
  "deser_us_p95": 5.676,
  "merge_us_p95": 1.18,
  "total_us_p95": 28.185,
  "dispatch_latency_us_p50": 200.297,
  "dispatch_latency_us_p95": 213.967,
  "dispatch_latency_us_p99": 219.613
}