{
  "cell_id": "n64_f50.0_vsketch_r2",
  "n": 64,
  "f_hz": 50.0,
  "view": "sketch",
  "rep": 2,
  "duration_s": 30,
  "n_updates": 1500,
  "size_avg": 594.6073333333334,
  "size_p95": 600,
  "size_p99": 602,
  "size_max": 604,
  "traffic_Bps": 1902743.4666666668,
  "traffic_MBps": 1.9027434666666667,
  "ser_us_p95": 6.78,
  "deser_us_p95": 13.68,
  "merge_us_p95": 6697.287,
  "total_us_p95": 6828.563,
  "dispatch_p50": 86.053,
  "dispatch_p95": 97.638,
  "dispatch_p99": 107.946,
  "dispatch_q_count": 96,
  "actual_elapsed_s": 30.504172563552856,
  "achieved_hz": 49.17360065659467
}